timestamp_sec,datetime,event_type,source,param1,param2,param3,param4,notes
6.969341,2026-03-16 16:41:42.709,INFO,SYSTEM,,,,,GUI started successfully
6.975665,2026-03-16 16:41:42.716,ARDUINO_PSI,Arduino,0.000,0.000,0.000,,
6.975963,2026-03-16 16:41:42.716,ARDUINO_PSI,Arduino,0.000,0.000,0.000,,
6.976110,2026-03-16 16:41:42.716,ARDUINO_PSI,Arduino,0.000,0.000,0.000,,
6.976248,2026-03-16 16:41:42.716,ARDUINO_PSI,Arduino,0.000,0.000,0.000,,
6.976381,2026-03-16 16:41:42.717,ARDUINO_PSI,Arduino,0.000,0.000,0.000,,
6.976516,2026-03-16 16:41:42.717,ARDUINO_PSI,Arduino,0.000,0.000,0.000,,
7.001020,2026-03-16 16:41:42.741,ARDUINO_PSI,Arduino,0.000,0.000,0.000,,
7.001374,2026-03-16 16:41:42.741,ARDUINO_PSI,Arduino,0.000,0.000,0.000,,
7.002033,2026-03-16 16:41:42.742,ARDUINO_PSI,Arduino,0.000,0.000,0.000,,
7.002204,2026-03-16 16:41:42.742,ARDUINO_PSI,Arduino,0.000,0.000,0.000,,
7.002371,2026-03-16 16:41:42.742,ARDUINO_PSI,Arduino,0.000,0.000,0.000,,
7.002582,2026-03-16 16:41:42.743,ARDUINO_PSI,Arduino,0.000,0.000,0.000,,
7.002724,2026-03-16 16:41:42.743,ARDUINO_PSI,Arduino,0.000,0.000,0.000,,
7.002841,2026-03-16 16:41:42.743,ARDUINO_PSI,Arduino,0.000,0.000,0.000,,
7.003010,2026-03-16 16:41:42.743,ARDUINO_PSI,Arduino,0.000,0.000,0.000,,
7.003279,2026-03-16 16:41:42.743,ARDUINO_PSI,Arduino,0.000,0.000,0.000,,
7.003453,2026-03-16 16:41:42.744,ARDUINO_PSI,Arduino,0.000,0.000,0.000,,
7.153791,2026-03-16 16:41:42.894,ARDUINO_PSI,Arduino,0.000,0.000,0.000,,
7.155210,2026-03-16 16:41:42.895,ARDUINO_PSI,Arduino,0.000,0.000,0.000,,
7.156196,2026-03-16 16:41:42.896,ARDUINO_PSI,Arduino,0.000,0.000,0.000,,
7.157862,2026-03-16 16:41:42.898,ARDUINO_PSI,Arduino,0.000,0.000,0.000,,
7.159583,2026-03-16 16:41:42.900,ARDUINO_PSI,Arduino,0.000,0.000,0.000,,
7.160528,2026-03-16 16:41:42.901,ARDUINO_PSI,Arduino,0.000,0.000,0.000,,
7.161409,2026-03-16 16:41:42.902,ARDUINO_PSI,Arduino,0.000,0.000,0.000,,
7.162275,2026-03-16 16:41:42.902,ARDUINO_PSI,Arduino,0.000,0.000,0.000,,
7.163196,2026-03-16 16:41:42.903,ARDUINO_PSI,Arduino,0.000,0.000,0.000,,
7.231239,2026-03-16 16:41:42.971,ARDUINO_PSI,Arduino,0.000,0.000,0.000,,
7.331322,2026-03-16 16:41:43.071,ARDUINO_PSI,Arduino,0.000,0.000,0.000,,
7.431041,2026-03-16 16:41:43.171,ARDUINO_PSI,Arduino,0.000,0.000,0.000,,
7.531374,2026-03-16 16:41:43.272,ARDUINO_PSI,Arduino,0.000,0.000,0.000,,
7.631125,2026-03-16 16:41:43.371,ARDUINO_PSI,Arduino,0.000,0.000,0.000,,
7.731438,2026-03-16 16:41:43.472,ARDUINO_PSI,Arduino,0.000,0.000,0.000,,
7.831339,2026-03-16 16:41:43.571,ARDUINO_PSI,Arduino,0.000,0.000,0.000,,
7.931460,2026-03-16 16:41:43.672,ARDUINO_PSI,Arduino,0.000,0.000,0.000,,
8.031039,2026-03-16 16:41:43.771,ARDUINO_PSI,Arduino,0.000,0.000,0.000,,
8.131225,2026-03-16 16:41:43.871,ARDUINO_PSI,Arduino,0.000,0.000,0.000,,
8.232361,2026-03-16 16:41:43.972,ARDUINO_PSI,Arduino,0.000,0.000,0.000,,
8.331507,2026-03-16 16:41:44.072,ARDUINO_PSI,Arduino,0.000,0.000,0.000,,
8.431768,2026-03-16 16:41:44.172,ARDUINO_PSI,Arduino,0.000,0.000,0.000,,
8.532390,2026-03-16 16:41:44.273,ARDUINO_PSI,Arduino,0.000,0.000,0.000,,
8.631504,2026-03-16 16:41:44.372,ARDUINO_PSI,Arduino,0.000,0.000,0.000,,
8.731171,2026-03-16 16:41:44.471,ARDUINO_PSI,Arduino,0.000,0.000,0.000,,
8.831236,2026-03-16 16:41:44.571,ARDUINO_PSI,Arduino,0.000,0.000,0.000,,
8.931293,2026-03-16 16:41:44.671,ARDUINO_PSI,Arduino,0.000,0.000,0.000,,
9.031557,2026-03-16 16:41:44.772,ARDUINO_PSI,Arduino,0.000,0.000,0.000,,
9.131276,2026-03-16 16:41:44.871,ARDUINO_PSI,Arduino,0.000,0.000,0.000,,
9.231457,2026-03-16 16:41:44.972,ARDUINO_PSI,Arduino,0.000,0.000,0.000,,
9.332251,2026-03-16 16:41:45.072,ARDUINO_PSI,Arduino,0.000,0.000,0.000,,
9.430962,2026-03-16 16:41:45.171,ARDUINO_PSI,Arduino,0.000,0.000,0.000,,
9.531402,2026-03-16 16:41:45.272,ARDUINO_PSI,Arduino,0.000,0.000,0.000,,
9.631514,2026-03-16 16:41:45.372,ARDUINO_PSI,Arduino,0.000,0.000,0.000,,
9.731554,2026-03-16 16:41:45.472,ARDUINO_PSI,Arduino,0.000,0.000,0.000,,
9.831528,2026-03-16 16:41:45.572,ARDUINO_PSI,Arduino,0.000,0.000,0.000,,
9.931517,2026-03-16 16:41:45.672,ARDUINO_PSI,Arduino,0.000,0.000,0.000,,
10.031730,2026-03-16 16:41:45.772,ARDUINO_PSI,Arduino,0.000,0.000,0.000,,
10.131448,2026-03-16 16:41:45.872,ARDUINO_PSI,Arduino,0.000,0.000,0.000,,
10.232062,2026-03-16 16:41:45.972,ARDUINO_PSI,Arduino,0.000,0.000,0.000,,
10.331466,2026-03-16 16:41:46.072,ARDUINO_PSI,Arduino,0.000,0.000,0.000,,
10.431145,2026-03-16 16:41:46.171,ARDUINO_PSI,Arduino,0.000,0.000,0.000,,
10.531026,2026-03-16 16:41:46.271,ARDUINO_PSI,Arduino,0.000,0.000,0.000,,
10.630949,2026-03-16 16:41:46.371,ARDUINO_PSI,Arduino,0.000,0.000,0.000,,
10.731647,2026-03-16 16:41:46.472,ARDUINO_PSI,Arduino,0.000,0.000,0.000,,
10.831186,2026-03-16 16:41:46.571,ARDUINO_PSI,Arduino,0.000,0.000,0.000,,
10.931392,2026-03-16 16:41:46.672,ARDUINO_PSI,Arduino,0.000,0.000,0.000,,
11.031588,2026-03-16 16:41:46.772,ARDUINO_PSI,Arduino,0.000,0.000,0.000,,
11.131596,2026-03-16 16:41:46.872,ARDUINO_PSI,Arduino,0.000,0.000,0.000,,
11.231563,2026-03-16 16:41:46.972,ARDUINO_PSI,Arduino,0.000,0.000,0.000,,
11.332110,2026-03-16 16:41:47.072,ARDUINO_PSI,Arduino,0.000,0.000,0.000,,
11.431503,2026-03-16 16:41:47.172,ARDUINO_PSI,Arduino,0.000,0.000,0.000,,
11.531270,2026-03-16 16:41:47.271,ARDUINO_PSI,Arduino,0.000,0.000,0.000,,
11.631973,2026-03-16 16:41:47.372,ARDUINO_PSI,Arduino,0.000,0.000,0.000,,
11.731401,2026-03-16 16:41:47.472,ARDUINO_PSI,Arduino,0.000,0.000,0.000,,
11.830944,2026-03-16 16:41:47.571,ARDUINO_PSI,Arduino,0.000,0.000,0.000,,
11.931504,2026-03-16 16:41:47.672,ARDUINO_PSI,Arduino,0.000,0.000,0.000,,
12.031196,2026-03-16 16:41:47.771,ARDUINO_PSI,Arduino,0.000,0.000,0.000,,
12.131576,2026-03-16 16:41:47.872,ARDUINO_PSI,Arduino,0.000,0.000,0.000,,
12.231450,2026-03-16 16:41:47.972,ARDUINO_PSI,Arduino,0.000,0.000,0.000,,
12.331654,2026-03-16 16:41:48.072,ARDUINO_PSI,Arduino,0.000,0.000,0.000,,
12.431478,2026-03-16 16:41:48.172,ARDUINO_PSI,Arduino,0.000,0.000,0.000,,
12.531473,2026-03-16 16:41:48.272,ARDUINO_PSI,Arduino,0.000,0.000,0.000,,
12.631271,2026-03-16 16:41:48.371,ARDUINO_PSI,Arduino,0.000,0.000,0.000,,
12.731360,2026-03-16 16:41:48.471,ARDUINO_PSI,Arduino,0.000,0.000,0.000,,
12.830972,2026-03-16 16:41:48.571,ARDUINO_PSI,Arduino,0.000,0.000,0.000,,
12.931436,2026-03-16 16:41:48.672,ARDUINO_PSI,Arduino,0.000,0.000,0.000,,
13.031313,2026-03-16 16:41:48.771,ARDUINO_PSI,Arduino,0.000,0.000,0.000,,
13.131418,2026-03-16 16:41:48.872,ARDUINO_PSI,Arduino,0.000,0.000,0.000,,
13.231352,2026-03-16 16:41:48.971,ARDUINO_PSI,Arduino,0.000,0.000,0.000,,
13.331423,2026-03-16 16:41:49.072,ARDUINO_PSI,Arduino,0.000,0.000,0.000,,
13.431580,2026-03-16 16:41:49.172,ARDUINO_PSI,Arduino,0.000,0.000,0.000,,
13.531484,2026-03-16 16:41:49.272,ARDUINO_PSI,Arduino,0.000,0.000,0.000,,
13.631450,2026-03-16 16:41:49.372,ARDUINO_PSI,Arduino,0.000,0.000,0.000,,
13.731488,2026-03-16 16:41:49.472,ARDUINO_PSI,Arduino,0.000,0.000,0.000,,
13.831518,2026-03-16 16:41:49.572,ARDUINO_PSI,Arduino,0.000,0.000,0.000,,
13.931624,2026-03-16 16:41:49.672,ARDUINO_PSI,Arduino,0.000,0.000,0.000,,
14.031278,2026-03-16 16:41:49.771,ARDUINO_PSI,Arduino,0.000,0.000,0.000,,
14.131316,2026-03-16 16:41:49.871,ARDUINO_PSI,Arduino,0.000,0.000,0.000,,
14.232033,2026-03-16 16:41:49.972,ARDUINO_PSI,Arduino,0.000,0.000,0.000,,
14.331300,2026-03-16 16:41:50.071,ARDUINO_PSI,Arduino,0.000,0.000,0.000,,
14.431509,2026-03-16 16:41:50.172,ARDUINO_PSI,Arduino,0.000,0.000,0.000,,
14.531425,2026-03-16 16:41:50.272,ARDUINO_PSI,Arduino,0.000,0.000,0.000,,
14.631570,2026-03-16 16:41:50.372,ARDUINO_PSI,Arduino,0.000,0.000,0.000,,
14.731524,2026-03-16 16:41:50.472,ARDUINO_PSI,Arduino,0.000,0.000,0.000,,
14.831299,2026-03-16 16:41:50.571,ARDUINO_PSI,Arduino,0.000,0.000,0.000,,
14.932102,2026-03-16 16:41:50.672,ARDUINO_PSI,Arduino,0.000,0.000,0.000,,
15.033522,2026-03-16 16:41:50.774,ARDUINO_PSI,Arduino,0.000,0.000,0.000,,
15.131521,2026-03-16 16:41:50.872,ARDUINO_PSI,Arduino,0.000,0.000,0.000,,
15.231193,2026-03-16 16:41:50.971,ARDUINO_PSI,Arduino,0.000,0.000,0.000,,
15.331360,2026-03-16 16:41:51.071,ARDUINO_PSI,Arduino,0.000,0.000,0.000,,
15.431711,2026-03-16 16:41:51.172,ARDUINO_PSI,Arduino,0.000,0.000,0.000,,
15.555591,2026-03-16 16:41:51.296,ARDUINO_PSI,Arduino,0.000,0.000,0.000,,
15.631859,2026-03-16 16:41:51.372,ARDUINO_PSI,Arduino,0.000,0.000,0.000,,
15.731393,2026-03-16 16:41:51.472,ARDUINO_PSI,Arduino,0.000,0.000,0.000,,
15.831525,2026-03-16 16:41:51.572,ARDUINO_PSI,Arduino,0.000,0.000,0.000,,
15.931347,2026-03-16 16:41:51.671,ARDUINO_PSI,Arduino,0.000,0.000,0.000,,
16.031605,2026-03-16 16:41:51.772,ARDUINO_PSI,Arduino,0.000,0.000,0.000,,
16.131595,2026-03-16 16:41:51.872,ARDUINO_PSI,Arduino,0.000,0.000,0.000,,
16.231028,2026-03-16 16:41:51.971,ARDUINO_PSI,Arduino,0.000,0.000,0.000,,
16.331587,2026-03-16 16:41:52.072,ARDUINO_PSI,Arduino,0.000,0.000,0.000,,
16.431643,2026-03-16 16:41:52.172,ARDUINO_PSI,Arduino,0.000,0.000,0.000,,
16.531641,2026-03-16 16:41:52.272,ARDUINO_PSI,Arduino,0.000,0.000,0.000,,
16.631479,2026-03-16 16:41:52.372,ARDUINO_PSI,Arduino,0.000,0.000,0.000,,
16.731422,2026-03-16 16:41:52.472,ARDUINO_PSI,Arduino,0.000,0.000,0.000,,
16.831607,2026-03-16 16:41:52.572,ARDUINO_PSI,Arduino,0.000,0.000,0.000,,
16.931436,2026-03-16 16:41:52.672,ARDUINO_PSI,Arduino,0.000,0.000,0.000,,
17.031411,2026-03-16 16:41:52.772,ARDUINO_PSI,Arduino,0.000,0.000,0.000,,
17.131436,2026-03-16 16:41:52.872,ARDUINO_PSI,Arduino,0.000,0.000,0.000,,
17.231517,2026-03-16 16:41:52.972,ARDUINO_PSI,Arduino,0.000,0.000,0.000,,
17.331471,2026-03-16 16:41:53.072,ARDUINO_PSI,Arduino,0.000,0.000,0.000,,
17.431377,2026-03-16 16:41:53.172,ARDUINO_PSI,Arduino,0.000,0.000,0.000,,
17.530946,2026-03-16 16:41:53.271,ARDUINO_PSI,Arduino,0.000,0.000,0.000,,
17.631512,2026-03-16 16:41:53.372,ARDUINO_PSI,Arduino,0.000,0.000,0.000,,
17.731488,2026-03-16 16:41:53.472,ARDUINO_PSI,Arduino,0.000,0.000,0.000,,
17.830950,2026-03-16 16:41:53.571,ARDUINO_PSI,Arduino,0.000,0.000,0.000,,
17.931522,2026-03-16 16:41:53.672,ARDUINO_PSI,Arduino,0.000,0.000,0.000,,
18.031280,2026-03-16 16:41:53.771,ARDUINO_PSI,Arduino,0.000,0.000,0.000,,
18.131408,2026-03-16 16:41:53.872,ARDUINO_PSI,Arduino,0.000,0.000,0.000,,
18.231349,2026-03-16 16:41:53.971,ARDUINO_PSI,Arduino,0.000,0.000,0.000,,
18.331398,2026-03-16 16:41:54.072,ARDUINO_PSI,Arduino,0.000,0.000,0.000,,
18.431445,2026-03-16 16:41:54.172,ARDUINO_PSI,Arduino,0.000,0.000,0.000,,
18.531659,2026-03-16 16:41:54.272,ARDUINO_PSI,Arduino,0.000,0.000,0.000,,
18.631463,2026-03-16 16:41:54.372,ARDUINO_PSI,Arduino,0.000,0.000,0.000,,
18.731439,2026-03-16 16:41:54.472,ARDUINO_PSI,Arduino,0.000,0.000,0.000,,
18.830982,2026-03-16 16:41:54.571,ARDUINO_PSI,Arduino,0.000,0.000,0.000,,
18.931728,2026-03-16 16:41:54.672,ARDUINO_PSI,Arduino,0.000,0.000,0.000,,
19.031332,2026-03-16 16:41:54.771,ARDUINO_PSI,Arduino,0.000,0.000,0.000,,
19.130934,2026-03-16 16:41:54.871,ARDUINO_PSI,Arduino,0.000,0.000,0.000,,
19.231802,2026-03-16 16:41:54.972,ARDUINO_PSI,Arduino,0.000,0.000,0.000,,
19.331330,2026-03-16 16:41:55.071,ARDUINO_PSI,Arduino,0.000,0.000,0.000,,
19.471405,2026-03-16 16:41:55.212,ARDUINO_PSI,Arduino,0.000,0.000,0.000,,
19.531352,2026-03-16 16:41:55.271,ARDUINO_PSI,Arduino,0.000,0.000,0.000,,
19.631383,2026-03-16 16:41:55.372,ARDUINO_PSI,Arduino,0.000,0.000,0.000,,
19.731260,2026-03-16 16:41:55.471,ARDUINO_PSI,Arduino,0.000,0.000,0.000,,
19.839735,2026-03-16 16:41:55.580,ARDUINO_PSI,Arduino,0.000,0.000,0.000,,
19.931470,2026-03-16 16:41:55.672,ARDUINO_PSI,Arduino,0.000,0.000,0.000,,
20.031410,2026-03-16 16:41:55.772,ARDUINO_PSI,Arduino,0.000,0.000,0.000,,
20.131569,2026-03-16 16:41:55.872,ARDUINO_PSI,Arduino,0.000,0.000,0.000,,
20.231423,2026-03-16 16:41:55.972,ARDUINO_PSI,Arduino,0.000,0.000,0.000,,
20.331396,2026-03-16 16:41:56.072,ARDUINO_PSI,Arduino,0.000,0.000,0.000,,
20.431421,2026-03-16 16:41:56.172,ARDUINO_PSI,Arduino,0.000,0.000,0.000,,
20.531440,2026-03-16 16:41:56.272,ARDUINO_PSI,Arduino,0.000,0.000,0.000,,
20.631813,2026-03-16 16:41:56.372,ARDUINO_PSI,Arduino,0.000,0.000,0.000,,
20.745916,2026-03-16 16:41:56.486,ARDUINO_PSI,Arduino,0.000,0.000,0.000,,
20.831154,2026-03-16 16:41:56.571,ARDUINO_PSI,Arduino,0.000,0.000,0.000,,
20.931593,2026-03-16 16:41:56.672,ARDUINO_PSI,Arduino,0.000,0.000,0.000,,
21.031415,2026-03-16 16:41:56.772,ARDUINO_PSI,Arduino,0.000,0.000,0.000,,
21.131411,2026-03-16 16:41:56.872,ARDUINO_PSI,Arduino,0.000,0.000,0.000,,
21.286953,2026-03-16 16:41:57.027,ARDUINO_PSI,Arduino,0.000,0.000,0.000,,
21.332943,2026-03-16 16:41:57.073,ARDUINO_PSI,Arduino,0.000,0.000,0.000,,
21.431408,2026-03-16 16:41:57.172,ARDUINO_PSI,Arduino,0.000,0.000,0.000,,
21.531440,2026-03-16 16:41:57.272,ARDUINO_PSI,Arduino,0.000,0.000,0.000,,
21.631324,2026-03-16 16:41:57.371,ARDUINO_PSI,Arduino,0.000,0.000,0.000,,
21.731451,2026-03-16 16:41:57.472,ARDUINO_PSI,Arduino,0.000,0.000,0.000,,
21.831254,2026-03-16 16:41:57.571,ARDUINO_PSI,Arduino,0.000,0.000,0.000,,
21.931526,2026-03-16 16:41:57.672,ARDUINO_PSI,Arduino,0.000,0.000,0.000,,
22.031319,2026-03-16 16:41:57.771,ARDUINO_PSI,Arduino,0.000,0.000,0.000,,
22.131018,2026-03-16 16:41:57.871,ARDUINO_PSI,Arduino,0.000,0.000,0.000,,
22.231493,2026-03-16 16:41:57.972,ARDUINO_PSI,Arduino,0.000,0.000,0.000,,
22.331330,2026-03-16 16:41:58.071,ARDUINO_PSI,Arduino,0.000,0.000,0.000,,
22.431412,2026-03-16 16:41:58.172,ARDUINO_PSI,Arduino,0.000,0.000,0.000,,
22.531295,2026-03-16 16:41:58.271,ARDUINO_PSI,Arduino,0.000,0.000,0.000,,
22.631143,2026-03-16 16:41:58.371,ARDUINO_PSI,Arduino,0.000,0.000,0.000,,
22.731413,2026-03-16 16:41:58.472,ARDUINO_PSI,Arduino,0.000,0.000,0.000,,
22.832317,2026-03-16 16:41:58.572,ARDUINO_PSI,Arduino,0.000,0.000,0.000,,
22.931541,2026-03-16 16:41:58.672,ARDUINO_PSI,Arduino,0.000,0.000,0.000,,
23.031353,2026-03-16 16:41:58.771,ARDUINO_PSI,Arduino,0.000,0.000,0.000,,
23.131114,2026-03-16 16:41:58.871,ARDUINO_PSI,Arduino,0.000,0.000,0.000,,
23.261679,2026-03-16 16:41:59.002,ARDUINO_PSI,Arduino,0.000,0.000,0.000,,
23.331172,2026-03-16 16:41:59.071,ARDUINO_PSI,Arduino,0.000,0.000,0.000,,
23.431284,2026-03-16 16:41:59.171,ARDUINO_PSI,Arduino,0.000,0.000,0.000,,
23.531192,2026-03-16 16:41:59.271,ARDUINO_PSI,Arduino,0.000,0.000,0.000,,
23.631182,2026-03-16 16:41:59.371,ARDUINO_PSI,Arduino,0.000,0.000,0.000,,
23.731499,2026-03-16 16:41:59.472,ARDUINO_PSI,Arduino,0.000,0.000,0.000,,
23.831403,2026-03-16 16:41:59.572,ARDUINO_PSI,Arduino,0.000,0.000,0.000,,
23.931972,2026-03-16 16:41:59.672,ARDUINO_PSI,Arduino,0.000,0.000,0.000,,
24.031417,2026-03-16 16:41:59.772,ARDUINO_PSI,Arduino,0.000,0.000,0.000,,
24.130994,2026-03-16 16:41:59.871,ARDUINO_PSI,Arduino,0.000,0.000,0.000,,
24.231420,2026-03-16 16:41:59.972,ARDUINO_PSI,Arduino,0.000,0.000,0.000,,
24.331382,2026-03-16 16:42:00.072,ARDUINO_PSI,Arduino,0.000,0.000,0.000,,
24.432280,2026-03-16 16:42:00.172,ARDUINO_PSI,Arduino,0.000,0.000,0.000,,
24.531318,2026-03-16 16:42:00.271,ARDUINO_PSI,Arduino,0.000,0.000,0.000,,
24.631329,2026-03-16 16:42:00.371,ARDUINO_PSI,Arduino,0.000,0.000,0.000,,
24.731528,2026-03-16 16:42:00.472,ARDUINO_PSI,Arduino,0.000,0.000,0.000,,
24.831181,2026-03-16 16:42:00.571,ARDUINO_PSI,Arduino,0.000,0.000,0.000,,
24.931436,2026-03-16 16:42:00.672,ARDUINO_PSI,Arduino,0.000,0.000,0.000,,
25.031399,2026-03-16 16:42:00.772,ARDUINO_PSI,Arduino,0.000,0.000,0.000,,
25.131418,2026-03-16 16:42:00.872,ARDUINO_PSI,Arduino,0.000,0.000,0.000,,
25.231342,2026-03-16 16:42:00.971,ARDUINO_PSI,Arduino,0.000,0.000,0.000,,
25.331405,2026-03-16 16:42:01.072,ARDUINO_PSI,Arduino,0.000,0.000,0.000,,
25.431534,2026-03-16 16:42:01.172,ARDUINO_PSI,Arduino,0.000,0.000,0.000,,
25.531468,2026-03-16 16:42:01.272,ARDUINO_PSI,Arduino,0.000,0.000,0.000,,
25.631770,2026-03-16 16:42:01.372,ARDUINO_PSI,Arduino,0.000,0.000,0.000,,
25.731167,2026-03-16 16:42:01.471,ARDUINO_PSI,Arduino,0.000,0.000,0.000,,
25.831571,2026-03-16 16:42:01.572,ARDUINO_PSI,Arduino,0.000,0.000,0.000,,
25.931606,2026-03-16 16:42:01.672,ARDUINO_PSI,Arduino,0.000,0.000,0.000,,
26.031413,2026-03-16 16:42:01.772,ARDUINO_PSI,Arduino,0.000,0.000,0.000,,
26.131693,2026-03-16 16:42:01.872,ARDUINO_PSI,Arduino,0.000,0.000,0.000,,
26.231458,2026-03-16 16:42:01.972,ARDUINO_PSI,Arduino,0.000,0.000,0.000,,
26.331637,2026-03-16 16:42:02.072,ARDUINO_PSI,Arduino,0.000,0.000,0.000,,
26.431717,2026-03-16 16:42:02.172,ARDUINO_PSI,Arduino,0.000,0.000,0.000,,
26.531442,2026-03-16 16:42:02.272,ARDUINO_PSI,Arduino,0.000,0.000,0.000,,
26.631649,2026-03-16 16:42:02.372,ARDUINO_PSI,Arduino,0.000,0.000,0.000,,
26.731454,2026-03-16 16:42:02.472,ARDUINO_PSI,Arduino,0.000,0.000,0.000,,
26.831623,2026-03-16 16:42:02.572,ARDUINO_PSI,Arduino,0.000,0.000,0.000,,
26.931444,2026-03-16 16:42:02.672,ARDUINO_PSI,Arduino,0.000,0.000,0.000,,
27.031553,2026-03-16 16:42:02.772,ARDUINO_PSI,Arduino,0.000,0.000,0.000,,
27.131607,2026-03-16 16:42:02.872,ARDUINO_PSI,Arduino,0.000,0.000,0.000,,
27.231124,2026-03-16 16:42:02.971,ARDUINO_PSI,Arduino,0.000,0.000,0.000,,
27.331376,2026-03-16 16:42:03.072,ARDUINO_PSI,Arduino,0.000,0.000,0.000,,
27.431482,2026-03-16 16:42:03.172,ARDUINO_PSI,Arduino,0.000,0.000,0.000,,
27.531322,2026-03-16 16:42:03.271,ARDUINO_PSI,Arduino,0.000,0.000,0.000,,
27.631303,2026-03-16 16:42:03.371,ARDUINO_PSI,Arduino,0.000,0.000,0.000,,
27.731442,2026-03-16 16:42:03.472,ARDUINO_PSI,Arduino,0.000,0.000,0.000,,
27.831360,2026-03-16 16:42:03.571,ARDUINO_PSI,Arduino,0.000,0.000,0.000,,
27.931456,2026-03-16 16:42:03.672,ARDUINO_PSI,Arduino,0.000,0.000,0.000,,
28.030989,2026-03-16 16:42:03.771,ARDUINO_PSI,Arduino,0.000,0.000,0.000,,
28.131525,2026-03-16 16:42:03.872,ARDUINO_PSI,Arduino,0.000,0.000,0.000,,
28.231442,2026-03-16 16:42:03.972,ARDUINO_PSI,Arduino,0.000,0.000,0.000,,
28.331645,2026-03-16 16:42:04.072,ARDUINO_PSI,Arduino,0.000,0.000,0.000,,
28.431454,2026-03-16 16:42:04.172,ARDUINO_PSI,Arduino,0.000,0.000,0.000,,
28.531350,2026-03-16 16:42:04.271,ARDUINO_PSI,Arduino,0.000,0.000,0.000,,
28.631388,2026-03-16 16:42:04.372,ARDUINO_PSI,Arduino,0.000,0.000,0.000,,
28.731387,2026-03-16 16:42:04.472,ARDUINO_PSI,Arduino,0.000,0.000,0.000,,
28.831508,2026-03-16 16:42:04.572,ARDUINO_PSI,Arduino,0.000,0.000,0.000,,
28.931532,2026-03-16 16:42:04.672,ARDUINO_PSI,Arduino,0.000,0.000,0.000,,
29.031575,2026-03-16 16:42:04.772,ARDUINO_PSI,Arduino,0.000,0.000,0.000,,
29.131487,2026-03-16 16:42:04.872,ARDUINO_PSI,Arduino,0.000,0.000,0.000,,
29.231514,2026-03-16 16:42:04.972,ARDUINO_PSI,Arduino,0.000,0.000,0.000,,
29.331492,2026-03-16 16:42:05.072,ARDUINO_PSI,Arduino,0.000,0.000,0.000,,
29.431365,2026-03-16 16:42:05.172,ARDUINO_PSI,Arduino,0.000,0.000,0.000,,
29.531489,2026-03-16 16:42:05.272,ARDUINO_PSI,Arduino,0.000,0.000,0.000,,
29.631417,2026-03-16 16:42:05.372,ARDUINO_PSI,Arduino,0.000,0.000,0.000,,
29.731439,2026-03-16 16:42:05.472,ARDUINO_PSI,Arduino,0.000,0.000,0.000,,
29.830968,2026-03-16 16:42:05.571,ARDUINO_PSI,Arduino,0.000,0.000,0.000,,
29.931492,2026-03-16 16:42:05.672,ARDUINO_PSI,Arduino,0.000,0.000,0.000,,
30.031483,2026-03-16 16:42:05.772,ARDUINO_PSI,Arduino,0.000,0.000,0.000,,
30.131345,2026-03-16 16:42:05.871,ARDUINO_PSI,Arduino,0.000,0.000,0.000,,
30.231462,2026-03-16 16:42:05.972,ARDUINO_PSI,Arduino,0.000,0.000,0.000,,
30.331374,2026-03-16 16:42:06.072,ARDUINO_PSI,Arduino,0.000,0.000,0.000,,
30.431386,2026-03-16 16:42:06.172,ARDUINO_PSI,Arduino,0.000,0.000,0.000,,
30.531551,2026-03-16 16:42:06.272,ARDUINO_PSI,Arduino,0.000,0.000,0.000,,
30.631324,2026-03-16 16:42:06.371,ARDUINO_PSI,Arduino,0.000,0.000,0.000,,
30.731392,2026-03-16 16:42:06.472,ARDUINO_PSI,Arduino,0.000,0.000,0.000,,
30.831618,2026-03-16 16:42:06.572,ARDUINO_PSI,Arduino,0.000,0.000,0.000,,
30.931164,2026-03-16 16:42:06.671,ARDUINO_PSI,Arduino,0.000,0.000,0.000,,
31.031333,2026-03-16 16:42:06.771,ARDUINO_PSI,Arduino,0.000,0.000,0.000,,
31.131438,2026-03-16 16:42:06.872,ARDUINO_PSI,Arduino,0.000,0.000,0.000,,
31.232239,2026-03-16 16:42:06.972,ARDUINO_PSI,Arduino,0.000,0.000,0.000,,
31.331362,2026-03-16 16:42:07.071,ARDUINO_PSI,Arduino,0.000,0.000,0.000,,
31.431374,2026-03-16 16:42:07.172,ARDUINO_PSI,Arduino,0.000,0.000,0.000,,
31.531358,2026-03-16 16:42:07.271,ARDUINO_PSI,Arduino,0.000,0.000,0.000,,
31.631472,2026-03-16 16:42:07.372,ARDUINO_PSI,Arduino,0.000,0.000,0.000,,
31.731379,2026-03-16 16:42:07.472,ARDUINO_PSI,Arduino,0.000,0.000,0.000,,
31.831292,2026-03-16 16:42:07.571,ARDUINO_PSI,Arduino,0.000,0.000,0.000,,
31.931628,2026-03-16 16:42:07.672,ARDUINO_PSI,Arduino,0.000,0.000,0.000,,
32.031421,2026-03-16 16:42:07.772,ARDUINO_PSI,Arduino,0.000,0.000,0.000,,
32.131460,2026-03-16 16:42:07.872,ARDUINO_PSI,Arduino,0.000,0.000,0.000,,
32.231442,2026-03-16 16:42:07.972,ARDUINO_PSI,Arduino,0.000,0.000,0.000,,
32.331366,2026-03-16 16:42:08.072,ARDUINO_PSI,Arduino,0.000,0.000,0.000,,
32.431746,2026-03-16 16:42:08.172,ARDUINO_PSI,Arduino,0.000,0.000,0.000,,
32.531357,2026-03-16 16:42:08.271,ARDUINO_PSI,Arduino,0.000,0.000,0.000,,
32.631431,2026-03-16 16:42:08.372,ARDUINO_PSI,Arduino,0.000,0.000,0.000,,
32.731464,2026-03-16 16:42:08.472,ARDUINO_PSI,Arduino,0.000,0.000,0.000,,
32.831460,2026-03-16 16:42:08.572,ARDUINO_PSI,Arduino,0.000,0.000,0.000,,
32.931272,2026-03-16 16:42:08.671,ARDUINO_PSI,Arduino,0.000,0.000,0.000,,
33.031393,2026-03-16 16:42:08.772,ARDUINO_PSI,Arduino,0.000,0.000,0.000,,
33.131401,2026-03-16 16:42:08.872,ARDUINO_PSI,Arduino,0.000,0.000,0.000,,
33.231217,2026-03-16 16:42:08.971,ARDUINO_PSI,Arduino,0.000,0.000,0.000,,
33.331415,2026-03-16 16:42:09.072,ARDUINO_PSI,Arduino,0.000,0.000,0.000,,
33.431417,2026-03-16 16:42:09.172,ARDUINO_PSI,Arduino,0.000,0.000,0.000,,
33.531358,2026-03-16 16:42:09.271,ARDUINO_PSI,Arduino,0.000,0.000,0.000,,
33.632292,2026-03-16 16:42:09.372,ARDUINO_PSI,Arduino,0.000,0.000,0.000,,
33.731445,2026-03-16 16:42:09.472,ARDUINO_PSI,Arduino,0.000,0.000,0.000,,
33.831096,2026-03-16 16:42:09.571,ARDUINO_PSI,Arduino,0.000,0.000,0.000,,
33.931220,2026-03-16 16:42:09.671,ARDUINO_PSI,Arduino,0.000,0.000,0.000,,
34.031703,2026-03-16 16:42:09.772,ARDUINO_PSI,Arduino,0.000,0.000,0.000,,
34.131405,2026-03-16 16:42:09.872,ARDUINO_PSI,Arduino,0.000,0.000,0.000,,
34.231389,2026-03-16 16:42:09.972,ARDUINO_PSI,Arduino,0.000,0.000,0.000,,
34.331385,2026-03-16 16:42:10.072,ARDUINO_PSI,Arduino,0.000,0.000,0.000,,
34.431322,2026-03-16 16:42:10.171,ARDUINO_PSI,Arduino,0.000,0.000,0.000,,
34.531544,2026-03-16 16:42:10.272,ARDUINO_PSI,Arduino,0.000,0.000,0.000,,
34.631302,2026-03-16 16:42:10.371,ARDUINO_PSI,Arduino,0.000,0.000,0.000,,
34.731391,2026-03-16 16:42:10.472,ARDUINO_PSI,Arduino,0.000,0.000,0.000,,
34.831217,2026-03-16 16:42:10.571,ARDUINO_PSI,Arduino,0.000,0.000,0.000,,
34.931485,2026-03-16 16:42:10.672,ARDUINO_PSI,Arduino,0.000,0.000,0.000,,
35.031575,2026-03-16 16:42:10.772,ARDUINO_PSI,Arduino,0.000,0.000,0.000,,
35.131520,2026-03-16 16:42:10.872,ARDUINO_PSI,Arduino,0.000,0.000,0.000,,
35.231429,2026-03-16 16:42:10.972,ARDUINO_PSI,Arduino,0.000,0.000,0.000,,
35.331377,2026-03-16 16:42:11.072,ARDUINO_PSI,Arduino,0.000,0.000,0.000,,
35.431618,2026-03-16 16:42:11.172,ARDUINO_PSI,Arduino,0.000,0.000,0.000,,
35.531545,2026-03-16 16:42:11.272,ARDUINO_PSI,Arduino,0.000,0.000,0.000,,
35.631423,2026-03-16 16:42:11.372,ARDUINO_PSI,Arduino,0.000,0.000,0.000,,
35.731306,2026-03-16 16:42:11.471,ARDUINO_PSI,Arduino,0.000,0.000,0.000,,
35.831515,2026-03-16 16:42:11.572,ARDUINO_PSI,Arduino,0.000,0.000,0.000,,
35.931653,2026-03-16 16:42:11.672,ARDUINO_PSI,Arduino,0.000,0.000,0.000,,
36.031373,2026-03-16 16:42:11.772,ARDUINO_PSI,Arduino,0.000,0.000,0.000,,
36.131522,2026-03-16 16:42:11.872,ARDUINO_PSI,Arduino,0.000,0.000,0.000,,
36.231276,2026-03-16 16:42:11.971,ARDUINO_PSI,Arduino,0.000,0.000,0.000,,
36.331299,2026-03-16 16:42:12.071,ARDUINO_PSI,Arduino,0.000,0.000,0.000,,
36.431437,2026-03-16 16:42:12.172,ARDUINO_PSI,Arduino,0.000,0.000,0.000,,
36.531404,2026-03-16 16:42:12.272,ARDUINO_PSI,Arduino,0.000,0.000,0.000,,
36.631330,2026-03-16 16:42:12.371,ARDUINO_PSI,Arduino,0.000,0.000,0.000,,
36.731352,2026-03-16 16:42:12.471,ARDUINO_PSI,Arduino,0.000,0.000,0.000,,
36.831513,2026-03-16 16:42:12.572,ARDUINO_PSI,Arduino,0.000,0.000,0.000,,
36.931409,2026-03-16 16:42:12.672,ARDUINO_PSI,Arduino,0.000,0.000,0.000,,
37.031567,2026-03-16 16:42:12.772,ARDUINO_PSI,Arduino,0.000,0.000,0.000,,
37.131438,2026-03-16 16:42:12.872,ARDUINO_PSI,Arduino,0.000,0.000,0.000,,
37.231413,2026-03-16 16:42:12.972,ARDUINO_PSI,Arduino,0.000,0.000,0.000,,
37.331973,2026-03-16 16:42:13.072,ARDUINO_PSI,Arduino,0.000,0.000,0.000,,
37.431617,2026-03-16 16:42:13.172,ARDUINO_PSI,Arduino,0.000,0.000,0.000,,
37.531436,2026-03-16 16:42:13.272,ARDUINO_PSI,Arduino,0.000,0.000,0.000,,
37.631349,2026-03-16 16:42:13.371,ARDUINO_PSI,Arduino,0.000,0.000,0.000,,
37.731489,2026-03-16 16:42:13.472,ARDUINO_PSI,Arduino,0.000,0.000,0.000,,
37.831300,2026-03-16 16:42:13.571,ARDUINO_PSI,Arduino,0.000,0.000,0.000,,
37.931401,2026-03-16 16:42:13.672,ARDUINO_PSI,Arduino,0.000,0.000,0.000,,
38.031835,2026-03-16 16:42:13.772,ARDUINO_PSI,Arduino,0.000,0.000,0.000,,
38.131427,2026-03-16 16:42:13.872,ARDUINO_PSI,Arduino,0.000,0.000,0.000,,
38.231389,2026-03-16 16:42:13.972,ARDUINO_PSI,Arduino,0.000,0.000,0.000,,
38.331362,2026-03-16 16:42:14.071,ARDUINO_PSI,Arduino,0.000,0.000,0.000,,
38.431474,2026-03-16 16:42:14.172,ARDUINO_PSI,Arduino,0.000,0.000,0.000,,
38.531553,2026-03-16 16:42:14.272,ARDUINO_PSI,Arduino,0.000,0.000,0.000,,
38.631546,2026-03-16 16:42:14.372,ARDUINO_PSI,Arduino,0.000,0.000,0.000,,
38.732051,2026-03-16 16:42:14.472,ARDUINO_PSI,Arduino,0.000,0.000,0.000,,
38.831474,2026-03-16 16:42:14.572,ARDUINO_PSI,Arduino,0.000,0.000,0.000,,
38.931658,2026-03-16 16:42:14.672,ARDUINO_PSI,Arduino,0.000,0.000,0.000,,
39.031337,2026-03-16 16:42:14.771,ARDUINO_PSI,Arduino,0.000,0.000,0.000,,
39.131613,2026-03-16 16:42:14.872,ARDUINO_PSI,Arduino,0.000,0.000,0.000,,
39.231414,2026-03-16 16:42:14.972,ARDUINO_PSI,Arduino,0.000,0.000,0.000,,
39.331389,2026-03-16 16:42:15.072,ARDUINO_PSI,Arduino,0.000,0.000,0.000,,
39.432098,2026-03-16 16:42:15.172,ARDUINO_PSI,Arduino,0.000,0.000,0.000,,
39.531504,2026-03-16 16:42:15.272,ARDUINO_PSI,Arduino,0.000,0.000,0.000,,
39.631591,2026-03-16 16:42:15.372,ARDUINO_PSI,Arduino,0.000,0.000,0.000,,
39.731587,2026-03-16 16:42:15.472,ARDUINO_PSI,Arduino,0.000,0.000,0.000,,
39.831050,2026-03-16 16:42:15.571,ARDUINO_PSI,Arduino,0.000,0.000,0.000,,
39.931240,2026-03-16 16:42:15.671,ARDUINO_PSI,Arduino,0.000,0.000,0.000,,
40.031508,2026-03-16 16:42:15.772,ARDUINO_PSI,Arduino,0.000,0.000,0.000,,
40.131539,2026-03-16 16:42:15.872,ARDUINO_PSI,Arduino,0.000,0.000,0.000,,
40.231346,2026-03-16 16:42:15.971,ARDUINO_PSI,Arduino,0.000,0.000,0.000,,
40.331329,2026-03-16 16:42:16.071,ARDUINO_PSI,Arduino,0.000,0.000,0.000,,
40.431501,2026-03-16 16:42:16.172,ARDUINO_PSI,Arduino,0.000,0.000,0.000,,
40.531623,2026-03-16 16:42:16.272,ARDUINO_PSI,Arduino,0.000,0.000,0.000,,
40.631843,2026-03-16 16:42:16.372,ARDUINO_PSI,Arduino,0.000,0.000,0.000,,
40.731483,2026-03-16 16:42:16.472,ARDUINO_PSI,Arduino,0.000,0.000,0.000,,
40.831453,2026-03-16 16:42:16.572,ARDUINO_PSI,Arduino,0.000,0.000,0.000,,
40.931425,2026-03-16 16:42:16.672,ARDUINO_PSI,Arduino,0.000,0.000,0.000,,
41.031595,2026-03-16 16:42:16.772,ARDUINO_PSI,Arduino,0.000,0.000,0.000,,
41.131642,2026-03-16 16:42:16.872,ARDUINO_PSI,Arduino,0.000,0.000,0.000,,
41.231606,2026-03-16 16:42:16.972,ARDUINO_PSI,Arduino,0.000,0.000,0.000,,
41.331724,2026-03-16 16:42:17.072,ARDUINO_PSI,Arduino,0.000,0.000,0.000,,
41.431476,2026-03-16 16:42:17.172,ARDUINO_PSI,Arduino,0.000,0.000,0.000,,
41.531356,2026-03-16 16:42:17.271,ARDUINO_PSI,Arduino,0.000,0.000,0.000,,
41.631467,2026-03-16 16:42:17.372,ARDUINO_PSI,Arduino,0.000,0.000,0.000,,
41.731328,2026-03-16 16:42:17.471,ARDUINO_PSI,Arduino,0.000,0.000,0.000,,
41.831050,2026-03-16 16:42:17.571,ARDUINO_PSI,Arduino,0.000,0.000,0.000,,
41.931234,2026-03-16 16:42:17.671,ARDUINO_PSI,Arduino,0.000,0.000,0.000,,
42.031500,2026-03-16 16:42:17.772,ARDUINO_PSI,Arduino,0.000,0.000,0.000,,
42.131373,2026-03-16 16:42:17.872,ARDUINO_PSI,Arduino,0.000,0.000,0.000,,
42.231379,2026-03-16 16:42:17.972,ARDUINO_PSI,Arduino,0.000,0.000,0.000,,
42.331053,2026-03-16 16:42:18.071,ARDUINO_PSI,Arduino,0.000,0.000,0.000,,
42.431471,2026-03-16 16:42:18.172,ARDUINO_PSI,Arduino,0.000,0.000,0.000,,
42.532013,2026-03-16 16:42:18.272,ARDUINO_PSI,Arduino,0.000,0.000,0.000,,
42.631317,2026-03-16 16:42:18.371,ARDUINO_PSI,Arduino,0.000,0.000,0.000,,
42.731437,2026-03-16 16:42:18.472,ARDUINO_PSI,Arduino,0.000,0.000,0.000,,
42.831179,2026-03-16 16:42:18.571,ARDUINO_PSI,Arduino,0.000,0.000,0.000,,
42.931439,2026-03-16 16:42:18.672,ARDUINO_PSI,Arduino,0.000,0.000,0.000,,
43.031690,2026-03-16 16:42:18.772,ARDUINO_PSI,Arduino,0.000,0.000,0.000,,
43.131590,2026-03-16 16:42:18.872,ARDUINO_PSI,Arduino,0.000,0.000,0.000,,
43.231558,2026-03-16 16:42:18.972,ARDUINO_PSI,Arduino,0.000,0.000,0.000,,
43.331099,2026-03-16 16:42:19.071,ARDUINO_PSI,Arduino,0.000,0.000,0.000,,
43.431495,2026-03-16 16:42:19.172,ARDUINO_PSI,Arduino,0.000,0.000,0.000,,
43.531343,2026-03-16 16:42:19.271,ARDUINO_PSI,Arduino,0.000,0.000,0.000,,
43.631433,2026-03-16 16:42:19.372,ARDUINO_PSI,Arduino,0.000,0.000,0.000,,
43.731942,2026-03-16 16:42:19.472,ARDUINO_PSI,Arduino,0.000,0.000,0.000,,
43.831367,2026-03-16 16:42:19.572,ARDUINO_PSI,Arduino,0.000,0.000,0.000,,
43.932156,2026-03-16 16:42:19.672,ARDUINO_PSI,Arduino,0.000,0.000,0.000,,
44.031397,2026-03-16 16:42:19.772,ARDUINO_PSI,Arduino,0.000,0.000,0.000,,
44.131451,2026-03-16 16:42:19.872,ARDUINO_PSI,Arduino,0.000,0.000,0.000,,
44.231052,2026-03-16 16:42:19.971,ARDUINO_PSI,Arduino,0.000,0.000,0.000,,
44.331394,2026-03-16 16:42:20.072,ARDUINO_PSI,Arduino,0.000,0.000,0.000,,
44.431594,2026-03-16 16:42:20.172,ARDUINO_PSI,Arduino,0.000,0.000,0.000,,
44.531606,2026-03-16 16:42:20.272,ARDUINO_PSI,Arduino,0.000,0.000,0.000,,
44.632920,2026-03-16 16:42:20.373,ARDUINO_PSI,Arduino,0.000,0.000,0.000,,
44.731376,2026-03-16 16:42:20.472,ARDUINO_PSI,Arduino,0.000,0.000,0.000,,
44.831408,2026-03-16 16:42:20.572,ARDUINO_PSI,Arduino,0.000,0.000,0.000,,
44.931462,2026-03-16 16:42:20.672,ARDUINO_PSI,Arduino,0.000,0.000,0.000,,
45.031348,2026-03-16 16:42:20.771,ARDUINO_PSI,Arduino,0.000,0.000,0.000,,
45.132076,2026-03-16 16:42:20.872,ARDUINO_PSI,Arduino,0.000,0.000,0.000,,
45.231483,2026-03-16 16:42:20.972,ARDUINO_PSI,Arduino,0.000,0.000,0.000,,
45.331469,2026-03-16 16:42:21.072,ARDUINO_PSI,Arduino,0.000,0.000,0.000,,
45.431383,2026-03-16 16:42:21.172,ARDUINO_PSI,Arduino,0.000,0.000,0.000,,
45.531400,2026-03-16 16:42:21.272,ARDUINO_PSI,Arduino,0.000,0.000,0.000,,
45.631455,2026-03-16 16:42:21.372,ARDUINO_PSI,Arduino,0.000,0.000,0.000,,
45.731545,2026-03-16 16:42:21.472,ARDUINO_PSI,Arduino,0.000,0.000,0.000,,
45.831339,2026-03-16 16:42:21.571,ARDUINO_PSI,Arduino,0.000,0.000,0.000,,
45.931463,2026-03-16 16:42:21.672,ARDUINO_PSI,Arduino,0.000,0.000,0.000,,
46.031394,2026-03-16 16:42:21.772,ARDUINO_PSI,Arduino,0.000,0.000,0.000,,
46.131645,2026-03-16 16:42:21.872,ARDUINO_PSI,Arduino,0.000,0.000,0.000,,
46.231508,2026-03-16 16:42:21.972,ARDUINO_PSI,Arduino,0.000,0.000,0.000,,
46.331883,2026-03-16 16:42:22.072,ARDUINO_PSI,Arduino,0.000,0.000,0.000,,
46.431439,2026-03-16 16:42:22.172,ARDUINO_PSI,Arduino,0.000,0.000,0.000,,
46.531487,2026-03-16 16:42:22.272,ARDUINO_PSI,Arduino,0.000,0.000,0.000,,
46.631632,2026-03-16 16:42:22.372,ARDUINO_PSI,Arduino,0.000,0.000,0.000,,
46.731424,2026-03-16 16:42:22.472,ARDUINO_PSI,Arduino,0.000,0.000,0.000,,
46.831137,2026-03-16 16:42:22.571,ARDUINO_PSI,Arduino,0.000,0.000,0.000,,
46.931448,2026-03-16 16:42:22.672,ARDUINO_PSI,Arduino,0.000,0.000,0.000,,
47.032068,2026-03-16 16:42:22.772,ARDUINO_PSI,Arduino,0.000,0.000,0.000,,
47.131511,2026-03-16 16:42:22.872,ARDUINO_PSI,Arduino,0.000,0.000,0.000,,
47.231823,2026-03-16 16:42:22.972,ARDUINO_PSI,Arduino,0.000,0.000,0.000,,
47.331014,2026-03-16 16:42:23.071,ARDUINO_PSI,Arduino,0.000,0.000,0.000,,
47.431571,2026-03-16 16:42:23.172,ARDUINO_PSI,Arduino,0.000,0.000,0.000,,
47.531448,2026-03-16 16:42:23.272,ARDUINO_PSI,Arduino,0.000,0.000,0.000,,
47.631375,2026-03-16 16:42:23.372,ARDUINO_PSI,Arduino,0.000,0.000,0.000,,
47.731500,2026-03-16 16:42:23.472,ARDUINO_PSI,Arduino,0.000,0.000,0.000,,
47.831019,2026-03-16 16:42:23.571,ARDUINO_PSI,Arduino,0.000,0.000,0.000,,
47.931351,2026-03-16 16:42:23.671,ARDUINO_PSI,Arduino,0.000,0.000,0.000,,
48.031396,2026-03-16 16:42:23.772,ARDUINO_PSI,Arduino,0.000,0.000,0.000,,
48.131413,2026-03-16 16:42:23.872,ARDUINO_PSI,Arduino,0.000,0.000,0.000,,
48.231342,2026-03-16 16:42:23.971,ARDUINO_PSI,Arduino,0.000,0.000,0.000,,
48.331333,2026-03-16 16:42:24.071,ARDUINO_PSI,Arduino,0.000,0.000,0.000,,
48.431726,2026-03-16 16:42:24.172,ARDUINO_PSI,Arduino,0.000,0.000,0.000,,
48.531381,2026-03-16 16:42:24.272,ARDUINO_PSI,Arduino,0.000,0.000,0.000,,
48.631609,2026-03-16 16:42:24.372,ARDUINO_PSI,Arduino,0.000,0.000,0.000,,
48.731553,2026-03-16 16:42:24.472,ARDUINO_PSI,Arduino,0.000,0.000,0.000,,
48.831450,2026-03-16 16:42:24.572,ARDUINO_PSI,Arduino,0.000,0.000,0.000,,
48.931732,2026-03-16 16:42:24.672,ARDUINO_PSI,Arduino,0.000,0.000,0.000,,
49.031460,2026-03-16 16:42:24.772,ARDUINO_PSI,Arduino,0.000,0.000,0.000,,
49.131520,2026-03-16 16:42:24.872,ARDUINO_PSI,Arduino,0.000,0.000,0.000,,
49.231535,2026-03-16 16:42:24.972,ARDUINO_PSI,Arduino,0.000,0.000,0.000,,
49.331244,2026-03-16 16:42:25.071,ARDUINO_PSI,Arduino,0.000,0.000,0.000,,
49.431699,2026-03-16 16:42:25.172,ARDUINO_PSI,Arduino,0.000,0.000,0.000,,
49.531940,2026-03-16 16:42:25.272,ARDUINO_PSI,Arduino,0.000,0.000,0.000,,
49.631683,2026-03-16 16:42:25.372,ARDUINO_PSI,Arduino,0.000,0.000,0.000,,
49.731506,2026-03-16 16:42:25.472,ARDUINO_PSI,Arduino,0.000,0.000,0.000,,
49.831105,2026-03-16 16:42:25.571,ARDUINO_PSI,Arduino,0.000,0.000,0.000,,
49.931558,2026-03-16 16:42:25.672,ARDUINO_PSI,Arduino,0.000,0.000,0.000,,
50.031371,2026-03-16 16:42:25.772,ARDUINO_PSI,Arduino,0.000,0.000,0.000,,
50.132608,2026-03-16 16:42:25.873,ARDUINO_PSI,Arduino,0.000,0.000,0.000,,
50.231381,2026-03-16 16:42:25.972,ARDUINO_PSI,Arduino,0.000,0.000,0.000,,
50.331511,2026-03-16 16:42:26.072,ARDUINO_PSI,Arduino,0.000,0.000,0.000,,
50.431793,2026-03-16 16:42:26.172,ARDUINO_PSI,Arduino,0.000,0.000,0.000,,
50.531758,2026-03-16 16:42:26.272,ARDUINO_PSI,Arduino,0.000,0.000,0.000,,
50.631614,2026-03-16 16:42:26.372,ARDUINO_PSI,Arduino,0.000,0.000,0.000,,
50.731093,2026-03-16 16:42:26.471,ARDUINO_PSI,Arduino,0.000,0.000,0.000,,
50.831023,2026-03-16 16:42:26.571,ARDUINO_PSI,Arduino,0.000,0.000,0.000,,
50.931495,2026-03-16 16:42:26.672,ARDUINO_PSI,Arduino,0.000,0.000,0.000,,
51.031559,2026-03-16 16:42:26.772,ARDUINO_PSI,Arduino,0.000,0.000,0.000,,
51.131776,2026-03-16 16:42:26.872,ARDUINO_PSI,Arduino,0.000,0.000,0.000,,
51.231594,2026-03-16 16:42:26.972,ARDUINO_PSI,Arduino,0.000,0.000,0.000,,
51.331431,2026-03-16 16:42:27.072,ARDUINO_PSI,Arduino,0.000,0.000,0.000,,
51.431216,2026-03-16 16:42:27.171,ARDUINO_PSI,Arduino,0.000,0.000,0.000,,
51.531435,2026-03-16 16:42:27.272,ARDUINO_PSI,Arduino,0.000,0.000,0.000,,
51.631639,2026-03-16 16:42:27.372,ARDUINO_PSI,Arduino,0.000,0.000,0.000,,
51.731518,2026-03-16 16:42:27.472,ARDUINO_PSI,Arduino,0.000,0.000,0.000,,
51.831637,2026-03-16 16:42:27.572,ARDUINO_PSI,Arduino,0.000,0.000,0.000,,
51.931602,2026-03-16 16:42:27.672,ARDUINO_PSI,Arduino,0.000,0.000,0.000,,
52.031474,2026-03-16 16:42:27.772,ARDUINO_PSI,Arduino,0.000,0.000,0.000,,
52.131557,2026-03-16 16:42:27.872,ARDUINO_PSI,Arduino,0.000,0.000,0.000,,
52.231387,2026-03-16 16:42:27.972,ARDUINO_PSI,Arduino,0.000,0.000,0.000,,
52.331302,2026-03-16 16:42:28.071,ARDUINO_PSI,Arduino,0.000,0.000,0.000,,
52.431466,2026-03-16 16:42:28.172,ARDUINO_PSI,Arduino,0.000,0.000,0.000,,
52.531806,2026-03-16 16:42:28.272,ARDUINO_PSI,Arduino,0.000,0.000,0.000,,
52.632025,2026-03-16 16:42:28.372,ARDUINO_PSI,Arduino,0.000,0.000,0.000,,
52.732247,2026-03-16 16:42:28.472,ARDUINO_PSI,Arduino,0.000,0.000,0.000,,
52.831660,2026-03-16 16:42:28.572,ARDUINO_PSI,Arduino,0.000,0.000,0.000,,
52.932277,2026-03-16 16:42:28.672,ARDUINO_PSI,Arduino,0.000,0.000,0.000,,
53.031656,2026-03-16 16:42:28.772,ARDUINO_PSI,Arduino,0.000,0.000,0.000,,
53.131059,2026-03-16 16:42:28.871,ARDUINO_PSI,Arduino,0.000,0.000,0.000,,
53.231634,2026-03-16 16:42:28.972,ARDUINO_PSI,Arduino,0.000,0.000,0.000,,
53.332760,2026-03-16 16:42:29.073,ARDUINO_PSI,Arduino,0.000,0.000,0.000,,
53.431564,2026-03-16 16:42:29.172,ARDUINO_PSI,Arduino,0.000,0.000,0.000,,
53.531708,2026-03-16 16:42:29.272,ARDUINO_PSI,Arduino,0.000,0.000,0.000,,
53.631580,2026-03-16 16:42:29.372,ARDUINO_PSI,Arduino,0.000,0.000,0.000,,
53.732486,2026-03-16 16:42:29.473,ARDUINO_PSI,Arduino,0.000,0.000,0.000,,
53.831710,2026-03-16 16:42:29.572,ARDUINO_PSI,Arduino,0.000,0.000,0.000,,
53.932265,2026-03-16 16:42:29.672,ARDUINO_PSI,Arduino,0.000,0.000,0.000,,
54.031523,2026-03-16 16:42:29.772,ARDUINO_PSI,Arduino,0.000,0.000,0.000,,
54.132351,2026-03-16 16:42:29.872,ARDUINO_PSI,Arduino,0.000,0.000,0.000,,
54.231531,2026-03-16 16:42:29.972,ARDUINO_PSI,Arduino,0.000,0.000,0.000,,
54.332260,2026-03-16 16:42:30.072,ARDUINO_PSI,Arduino,0.000,0.000,0.000,,
54.431632,2026-03-16 16:42:30.172,ARDUINO_PSI,Arduino,0.000,0.000,0.000,,
54.531719,2026-03-16 16:42:30.272,ARDUINO_PSI,Arduino,0.000,0.000,0.000,,
54.631571,2026-03-16 16:42:30.372,ARDUINO_PSI,Arduino,0.000,0.000,0.000,,
54.731668,2026-03-16 16:42:30.472,ARDUINO_PSI,Arduino,0.000,0.000,0.000,,
54.832578,2026-03-16 16:42:30.573,ARDUINO_PSI,Arduino,0.000,0.000,0.000,,
54.931568,2026-03-16 16:42:30.672,ARDUINO_PSI,Arduino,0.000,0.000,0.000,,
55.031622,2026-03-16 16:42:30.772,ARDUINO_PSI,Arduino,0.000,0.000,0.000,,
55.132774,2026-03-16 16:42:30.873,ARDUINO_PSI,Arduino,0.000,0.000,0.000,,
55.231632,2026-03-16 16:42:30.972,ARDUINO_PSI,Arduino,0.000,0.000,0.000,,
55.331643,2026-03-16 16:42:31.072,ARDUINO_PSI,Arduino,0.000,0.000,0.000,,
55.431755,2026-03-16 16:42:31.172,ARDUINO_PSI,Arduino,0.000,0.000,0.000,,
55.531543,2026-03-16 16:42:31.272,ARDUINO_PSI,Arduino,0.000,0.000,0.000,,
55.631331,2026-03-16 16:42:31.371,ARDUINO_PSI,Arduino,0.000,0.000,0.000,,
55.732080,2026-03-16 16:42:31.472,ARDUINO_PSI,Arduino,0.000,0.000,0.000,,
55.831083,2026-03-16 16:42:31.571,ARDUINO_PSI,Arduino,0.000,0.000,0.000,,
55.931552,2026-03-16 16:42:31.672,ARDUINO_PSI,Arduino,0.000,0.000,0.000,,
56.031636,2026-03-16 16:42:31.772,ARDUINO_PSI,Arduino,0.000,0.000,0.000,,
56.132277,2026-03-16 16:42:31.872,ARDUINO_PSI,Arduino,0.000,0.000,0.000,,
56.232311,2026-03-16 16:42:31.972,ARDUINO_PSI,Arduino,0.000,0.000,0.000,,
56.332300,2026-03-16 16:42:32.072,ARDUINO_PSI,Arduino,0.000,0.000,0.000,,
56.432437,2026-03-16 16:42:32.173,ARDUINO_PSI,Arduino,0.000,0.000,0.000,,
56.531498,2026-03-16 16:42:32.272,ARDUINO_PSI,Arduino,0.000,0.000,0.000,,
56.631712,2026-03-16 16:42:32.372,ARDUINO_PSI,Arduino,0.000,0.000,0.000,,
56.731477,2026-03-16 16:42:32.472,ARDUINO_PSI,Arduino,0.000,0.000,0.000,,
56.831190,2026-03-16 16:42:32.571,ARDUINO_PSI,Arduino,0.000,0.000,0.000,,
56.931549,2026-03-16 16:42:32.672,ARDUINO_PSI,Arduino,0.000,0.000,0.000,,
57.031541,2026-03-16 16:42:32.772,ARDUINO_PSI,Arduino,0.000,0.000,0.000,,
57.132166,2026-03-16 16:42:32.872,ARDUINO_PSI,Arduino,0.000,0.000,0.000,,
57.232714,2026-03-16 16:42:32.973,ARDUINO_PSI,Arduino,0.000,0.000,0.000,,
57.332149,2026-03-16 16:42:33.072,ARDUINO_PSI,Arduino,0.000,0.000,0.000,,
57.432789,2026-03-16 16:42:33.173,ARDUINO_PSI,Arduino,0.000,0.000,0.000,,
57.531716,2026-03-16 16:42:33.272,ARDUINO_PSI,Arduino,0.000,0.000,0.000,,
57.632262,2026-03-16 16:42:33.372,ARDUINO_PSI,Arduino,0.000,0.000,0.000,,
57.732109,2026-03-16 16:42:33.472,ARDUINO_PSI,Arduino,0.000,0.000,0.000,,
57.832651,2026-03-16 16:42:33.573,ARDUINO_PSI,Arduino,0.000,0.000,0.000,,
57.933130,2026-03-16 16:42:33.673,ARDUINO_PSI,Arduino,0.000,0.000,0.000,,
58.032708,2026-03-16 16:42:33.773,ARDUINO_PSI,Arduino,0.000,0.000,0.000,,
58.131711,2026-03-16 16:42:33.872,ARDUINO_PSI,Arduino,0.000,0.000,0.000,,
58.231883,2026-03-16 16:42:33.972,ARDUINO_PSI,Arduino,0.000,0.000,0.000,,
58.331619,2026-03-16 16:42:34.072,ARDUINO_PSI,Arduino,0.000,0.000,0.000,,
58.432307,2026-03-16 16:42:34.172,ARDUINO_PSI,Arduino,0.000,0.000,0.000,,
58.531757,2026-03-16 16:42:34.272,ARDUINO_PSI,Arduino,0.000,0.000,0.000,,
58.631573,2026-03-16 16:42:34.372,ARDUINO_PSI,Arduino,0.000,0.000,0.000,,
58.732764,2026-03-16 16:42:34.473,ARDUINO_PSI,Arduino,0.000,0.000,0.000,,
58.831416,2026-03-16 16:42:34.572,ARDUINO_PSI,Arduino,0.000,0.000,0.000,,
58.932191,2026-03-16 16:42:34.672,ARDUINO_PSI,Arduino,0.000,0.000,0.000,,
59.031130,2026-03-16 16:42:34.771,ARDUINO_PSI,Arduino,0.000,0.000,0.000,,
59.131432,2026-03-16 16:42:34.872,ARDUINO_PSI,Arduino,0.000,0.000,0.000,,
59.232395,2026-03-16 16:42:34.973,ARDUINO_PSI,Arduino,0.000,0.000,0.000,,
59.331135,2026-03-16 16:42:35.071,ARDUINO_PSI,Arduino,0.000,0.000,0.000,,
59.432331,2026-03-16 16:42:35.172,ARDUINO_PSI,Arduino,0.000,0.000,0.000,,
59.531640,2026-03-16 16:42:35.272,ARDUINO_PSI,Arduino,0.000,0.000,0.000,,
59.632302,2026-03-16 16:42:35.372,ARDUINO_PSI,Arduino,0.000,0.000,0.000,,
59.731551,2026-03-16 16:42:35.472,ARDUINO_PSI,Arduino,0.000,0.000,0.000,,
59.831710,2026-03-16 16:42:35.572,ARDUINO_PSI,Arduino,0.000,0.000,0.000,,
59.931616,2026-03-16 16:42:35.672,ARDUINO_PSI,Arduino,0.000,0.000,0.000,,
60.031672,2026-03-16 16:42:35.772,ARDUINO_PSI,Arduino,0.000,0.000,0.000,,
60.132287,2026-03-16 16:42:35.872,ARDUINO_PSI,Arduino,0.000,0.000,0.000,,
60.231606,2026-03-16 16:42:35.972,ARDUINO_PSI,Arduino,0.000,0.000,0.000,,
60.331604,2026-03-16 16:42:36.072,ARDUINO_PSI,Arduino,0.000,0.000,0.000,,
60.431759,2026-03-16 16:42:36.172,ARDUINO_PSI,Arduino,0.000,0.000,0.000,,
60.531641,2026-03-16 16:42:36.272,ARDUINO_PSI,Arduino,0.000,0.000,0.000,,
60.631613,2026-03-16 16:42:36.372,ARDUINO_PSI,Arduino,0.000,0.000,0.000,,
60.731584,2026-03-16 16:42:36.472,ARDUINO_PSI,Arduino,0.000,0.000,0.000,,
60.831621,2026-03-16 16:42:36.572,ARDUINO_PSI,Arduino,0.000,0.000,0.000,,
60.932844,2026-03-16 16:42:36.673,ARDUINO_PSI,Arduino,0.000,0.000,0.000,,
61.032111,2026-03-16 16:42:36.772,ARDUINO_PSI,Arduino,0.000,0.000,0.000,,
61.131659,2026-03-16 16:42:36.872,ARDUINO_PSI,Arduino,0.000,0.000,0.000,,
61.232138,2026-03-16 16:42:36.972,ARDUINO_PSI,Arduino,0.000,0.000,0.000,,
61.331168,2026-03-16 16:42:37.071,ARDUINO_PSI,Arduino,0.000,0.000,0.000,,
61.431647,2026-03-16 16:42:37.172,ARDUINO_PSI,Arduino,0.000,0.000,0.000,,
61.531737,2026-03-16 16:42:37.272,ARDUINO_PSI,Arduino,0.000,0.000,0.000,,
61.631580,2026-03-16 16:42:37.372,ARDUINO_PSI,Arduino,0.000,0.000,0.000,,
61.731640,2026-03-16 16:42:37.472,ARDUINO_PSI,Arduino,0.000,0.000,0.000,,
61.831325,2026-03-16 16:42:37.571,ARDUINO_PSI,Arduino,0.000,0.000,0.000,,
61.933439,2026-03-16 16:42:37.674,ARDUINO_PSI,Arduino,0.000,0.000,0.000,,
62.031846,2026-03-16 16:42:37.772,ARDUINO_PSI,Arduino,0.000,0.000,0.000,,
62.133052,2026-03-16 16:42:37.873,ARDUINO_PSI,Arduino,0.000,0.000,0.000,,
62.231622,2026-03-16 16:42:37.972,ARDUINO_PSI,Arduino,0.000,0.000,0.000,,
62.331575,2026-03-16 16:42:38.072,ARDUINO_PSI,Arduino,0.000,0.000,0.000,,
62.431788,2026-03-16 16:42:38.172,ARDUINO_PSI,Arduino,0.000,0.000,0.000,,
62.531457,2026-03-16 16:42:38.272,ARDUINO_PSI,Arduino,0.000,0.000,0.000,,
62.632432,2026-03-16 16:42:38.373,ARDUINO_PSI,Arduino,0.000,0.000,0.000,,
62.731491,2026-03-16 16:42:38.472,ARDUINO_PSI,Arduino,0.000,0.000,0.000,,
62.832328,2026-03-16 16:42:38.572,ARDUINO_PSI,Arduino,0.000,0.000,0.000,,
62.931601,2026-03-16 16:42:38.672,ARDUINO_PSI,Arduino,0.000,0.000,0.000,,
63.031547,2026-03-16 16:42:38.772,ARDUINO_PSI,Arduino,0.000,0.000,0.000,,
63.132228,2026-03-16 16:42:38.872,ARDUINO_PSI,Arduino,0.000,0.000,0.000,,
63.232256,2026-03-16 16:42:38.972,ARDUINO_PSI,Arduino,0.000,0.000,0.000,,
63.331589,2026-03-16 16:42:39.072,ARDUINO_PSI,Arduino,0.000,0.000,0.000,,
63.431542,2026-03-16 16:42:39.172,ARDUINO_PSI,Arduino,0.000,0.000,0.000,,
63.532121,2026-03-16 16:42:39.272,ARDUINO_PSI,Arduino,0.000,0.000,0.000,,
63.631842,2026-03-16 16:42:39.372,ARDUINO_PSI,Arduino,0.000,0.000,0.000,,
63.731647,2026-03-16 16:42:39.472,ARDUINO_PSI,Arduino,0.000,0.000,0.000,,
63.832545,2026-03-16 16:42:39.573,ARDUINO_PSI,Arduino,0.000,0.000,0.000,,
63.931839,2026-03-16 16:42:39.672,ARDUINO_PSI,Arduino,0.000,0.000,0.000,,
64.031704,2026-03-16 16:42:39.772,ARDUINO_PSI,Arduino,0.000,0.000,0.000,,
64.131673,2026-03-16 16:42:39.872,ARDUINO_PSI,Arduino,0.000,0.000,0.000,,
64.231746,2026-03-16 16:42:39.972,ARDUINO_PSI,Arduino,0.000,0.000,0.000,,
64.331554,2026-03-16 16:42:40.072,ARDUINO_PSI,Arduino,0.000,0.000,0.000,,
64.431523,2026-03-16 16:42:40.172,ARDUINO_PSI,Arduino,0.000,0.000,0.000,,
64.532364,2026-03-16 16:42:40.272,ARDUINO_PSI,Arduino,0.000,0.000,0.000,,
64.631680,2026-03-16 16:42:40.372,ARDUINO_PSI,Arduino,0.000,0.000,0.000,,
64.731651,2026-03-16 16:42:40.472,ARDUINO_PSI,Arduino,0.000,0.000,0.000,,
64.832274,2026-03-16 16:42:40.572,ARDUINO_PSI,Arduino,0.000,0.000,0.000,,
64.931687,2026-03-16 16:42:40.672,ARDUINO_PSI,Arduino,0.000,0.000,0.000,,
65.032443,2026-03-16 16:42:40.773,ARDUINO_PSI,Arduino,0.000,0.000,0.000,,
65.131669,2026-03-16 16:42:40.872,ARDUINO_PSI,Arduino,0.000,0.000,0.000,,
65.232418,2026-03-16 16:42:40.973,ARDUINO_PSI,Arduino,0.000,0.000,0.000,,
65.332435,2026-03-16 16:42:41.073,ARDUINO_PSI,Arduino,0.000,0.000,0.000,,
65.431997,2026-03-16 16:42:41.172,ARDUINO_PSI,Arduino,0.000,0.000,0.000,,
65.532181,2026-03-16 16:42:41.272,ARDUINO_PSI,Arduino,0.000,0.000,0.000,,
65.632573,2026-03-16 16:42:41.373,ARDUINO_PSI,Arduino,0.000,0.000,0.000,,
65.731588,2026-03-16 16:42:41.472,ARDUINO_PSI,Arduino,0.000,0.000,0.000,,
65.831712,2026-03-16 16:42:41.572,ARDUINO_PSI,Arduino,0.000,0.000,0.000,,
65.931703,2026-03-16 16:42:41.672,ARDUINO_PSI,Arduino,0.000,0.000,0.000,,
66.032472,2026-03-16 16:42:41.773,ARDUINO_PSI,Arduino,0.000,0.000,0.000,,
66.131733,2026-03-16 16:42:41.872,ARDUINO_PSI,Arduino,0.000,0.000,0.000,,
66.232264,2026-03-16 16:42:41.972,ARDUINO_PSI,Arduino,0.000,0.000,0.000,,
66.331606,2026-03-16 16:42:42.072,ARDUINO_PSI,Arduino,0.000,0.000,0.000,,
66.431042,2026-03-16 16:42:42.171,ARDUINO_PSI,Arduino,0.000,0.000,0.000,,
66.531497,2026-03-16 16:42:42.272,ARDUINO_PSI,Arduino,0.000,0.000,0.000,,
66.632859,2026-03-16 16:42:42.373,ARDUINO_PSI,Arduino,0.000,0.000,0.000,,
66.731676,2026-03-16 16:42:42.472,ARDUINO_PSI,Arduino,0.000,0.000,0.000,,
66.831696,2026-03-16 16:42:42.572,ARDUINO_PSI,Arduino,0.000,0.000,0.000,,
66.931607,2026-03-16 16:42:42.672,ARDUINO_PSI,Arduino,0.000,0.000,0.000,,
67.031644,2026-03-16 16:42:42.772,ARDUINO_PSI,Arduino,0.000,0.000,0.000,,
67.132394,2026-03-16 16:42:42.873,ARDUINO_PSI,Arduino,0.000,0.000,0.000,,
67.231554,2026-03-16 16:42:42.972,ARDUINO_PSI,Arduino,0.000,0.000,0.000,,
67.331730,2026-03-16 16:42:43.072,ARDUINO_PSI,Arduino,0.000,0.000,0.000,,
67.431673,2026-03-16 16:42:43.172,ARDUINO_PSI,Arduino,0.000,0.000,0.000,,
67.532435,2026-03-16 16:42:43.273,ARDUINO_PSI,Arduino,0.000,0.000,0.000,,
67.631668,2026-03-16 16:42:43.372,ARDUINO_PSI,Arduino,0.000,0.000,0.000,,
67.731608,2026-03-16 16:42:43.472,ARDUINO_PSI,Arduino,0.000,0.000,0.000,,
67.831683,2026-03-16 16:42:43.572,ARDUINO_PSI,Arduino,0.000,0.000,0.000,,
67.931526,2026-03-16 16:42:43.672,ARDUINO_PSI,Arduino,0.000,0.000,0.000,,
68.032271,2026-03-16 16:42:43.772,ARDUINO_PSI,Arduino,0.000,0.000,0.000,,
68.131591,2026-03-16 16:42:43.872,ARDUINO_PSI,Arduino,0.000,0.000,0.000,,
68.231630,2026-03-16 16:42:43.972,ARDUINO_PSI,Arduino,0.000,0.000,0.000,,
68.332127,2026-03-16 16:42:44.072,ARDUINO_PSI,Arduino,0.000,0.000,0.000,,
68.431822,2026-03-16 16:42:44.172,ARDUINO_PSI,Arduino,0.000,0.000,0.000,,
68.532057,2026-03-16 16:42:44.272,ARDUINO_PSI,Arduino,0.000,0.000,0.000,,
68.631796,2026-03-16 16:42:44.372,ARDUINO_PSI,Arduino,0.000,0.000,0.000,,
68.731698,2026-03-16 16:42:44.472,ARDUINO_PSI,Arduino,0.000,0.000,0.000,,
68.832318,2026-03-16 16:42:44.572,ARDUINO_PSI,Arduino,0.000,0.000,0.000,,
68.931599,2026-03-16 16:42:44.672,ARDUINO_PSI,Arduino,0.000,0.000,0.000,,
69.032155,2026-03-16 16:42:44.772,ARDUINO_PSI,Arduino,0.000,0.000,0.000,,
69.132537,2026-03-16 16:42:44.873,ARDUINO_PSI,Arduino,0.000,0.000,0.000,,
69.231616,2026-03-16 16:42:44.972,ARDUINO_PSI,Arduino,0.000,0.000,0.000,,
69.331606,2026-03-16 16:42:45.072,ARDUINO_PSI,Arduino,0.000,0.000,0.000,,
69.431352,2026-03-16 16:42:45.171,ARDUINO_PSI,Arduino,0.000,0.000,0.000,,
69.531654,2026-03-16 16:42:45.272,ARDUINO_PSI,Arduino,0.000,0.000,0.000,,
69.631681,2026-03-16 16:42:45.372,ARDUINO_PSI,Arduino,0.000,0.000,0.000,,
69.732248,2026-03-16 16:42:45.472,ARDUINO_PSI,Arduino,0.000,0.000,0.000,,
69.831590,2026-03-16 16:42:45.572,ARDUINO_PSI,Arduino,0.000,0.000,0.000,,
69.931865,2026-03-16 16:42:45.672,ARDUINO_PSI,Arduino,0.000,0.000,0.000,,
70.031845,2026-03-16 16:42:45.772,ARDUINO_PSI,Arduino,0.000,0.000,0.000,,
70.131806,2026-03-16 16:42:45.872,ARDUINO_PSI,Arduino,0.000,0.000,0.000,,
70.231652,2026-03-16 16:42:45.972,ARDUINO_PSI,Arduino,0.000,0.000,0.000,,
70.331679,2026-03-16 16:42:46.072,ARDUINO_PSI,Arduino,0.000,0.000,0.000,,
70.431673,2026-03-16 16:42:46.172,ARDUINO_PSI,Arduino,0.000,0.000,0.000,,
70.531695,2026-03-16 16:42:46.272,ARDUINO_PSI,Arduino,0.000,0.000,0.000,,
70.631649,2026-03-16 16:42:46.372,ARDUINO_PSI,Arduino,0.000,0.000,0.000,,
70.732633,2026-03-16 16:42:46.473,ARDUINO_PSI,Arduino,0.000,0.000,0.000,,
70.831788,2026-03-16 16:42:46.572,ARDUINO_PSI,Arduino,0.000,0.000,0.000,,
70.931662,2026-03-16 16:42:46.672,ARDUINO_PSI,Arduino,0.000,0.000,0.000,,
71.031889,2026-03-16 16:42:46.772,ARDUINO_PSI,Arduino,0.000,0.000,0.000,,
71.131116,2026-03-16 16:42:46.871,ARDUINO_PSI,Arduino,0.000,0.000,0.000,,
71.231490,2026-03-16 16:42:46.972,ARDUINO_PSI,Arduino,0.000,0.000,0.000,,
71.331610,2026-03-16 16:42:47.072,ARDUINO_PSI,Arduino,0.000,0.000,0.000,,
71.431688,2026-03-16 16:42:47.172,ARDUINO_PSI,Arduino,0.000,0.000,0.000,,
71.531609,2026-03-16 16:42:47.272,ARDUINO_PSI,Arduino,0.000,0.000,0.000,,
71.631753,2026-03-16 16:42:47.372,ARDUINO_PSI,Arduino,0.000,0.000,0.000,,
71.731271,2026-03-16 16:42:47.471,ARDUINO_PSI,Arduino,0.000,0.000,0.000,,
71.832332,2026-03-16 16:42:47.572,ARDUINO_PSI,Arduino,0.000,0.000,0.000,,
71.932072,2026-03-16 16:42:47.672,ARDUINO_PSI,Arduino,0.000,0.000,0.000,,
72.031738,2026-03-16 16:42:47.772,ARDUINO_PSI,Arduino,0.000,0.000,0.000,,
72.131681,2026-03-16 16:42:47.872,ARDUINO_PSI,Arduino,0.000,0.000,0.000,,
72.231708,2026-03-16 16:42:47.972,ARDUINO_PSI,Arduino,0.000,0.000,0.000,,
72.331760,2026-03-16 16:42:48.072,ARDUINO_PSI,Arduino,0.000,0.000,0.000,,
72.431169,2026-03-16 16:42:48.171,ARDUINO_PSI,Arduino,0.000,0.000,0.000,,
72.531439,2026-03-16 16:42:48.272,ARDUINO_PSI,Arduino,0.000,0.000,0.000,,
72.632074,2026-03-16 16:42:48.372,ARDUINO_PSI,Arduino,0.000,0.000,0.000,,
72.731693,2026-03-16 16:42:48.472,ARDUINO_PSI,Arduino,0.000,0.000,0.000,,
72.832488,2026-03-16 16:42:48.573,ARDUINO_PSI,Arduino,0.000,0.000,0.000,,
72.931722,2026-03-16 16:42:48.672,ARDUINO_PSI,Arduino,0.000,0.000,0.000,,
73.031677,2026-03-16 16:42:48.772,ARDUINO_PSI,Arduino,0.000,0.000,0.000,,
73.131659,2026-03-16 16:42:48.872,ARDUINO_PSI,Arduino,0.000,0.000,0.000,,
73.231655,2026-03-16 16:42:48.972,ARDUINO_PSI,Arduino,0.000,0.000,0.000,,
73.331774,2026-03-16 16:42:49.072,ARDUINO_PSI,Arduino,0.000,0.000,0.000,,
73.431659,2026-03-16 16:42:49.172,ARDUINO_PSI,Arduino,0.000,0.000,0.000,,
73.532300,2026-03-16 16:42:49.272,ARDUINO_PSI,Arduino,0.000,0.000,0.000,,
73.631683,2026-03-16 16:42:49.372,ARDUINO_PSI,Arduino,0.000,0.000,0.000,,
73.731656,2026-03-16 16:42:49.472,ARDUINO_PSI,Arduino,0.000,0.000,0.000,,
73.831564,2026-03-16 16:42:49.572,ARDUINO_PSI,Arduino,0.000,0.000,0.000,,
73.931862,2026-03-16 16:42:49.672,ARDUINO_PSI,Arduino,0.000,0.000,0.000,,
74.033165,2026-03-16 16:42:49.773,ARDUINO_PSI,Arduino,0.000,0.000,0.000,,
74.131108,2026-03-16 16:42:49.871,ARDUINO_PSI,Arduino,0.000,0.000,0.000,,
74.231669,2026-03-16 16:42:49.972,ARDUINO_PSI,Arduino,0.000,0.000,0.000,,
74.331646,2026-03-16 16:42:50.072,ARDUINO_PSI,Arduino,0.000,0.000,0.000,,
74.431679,2026-03-16 16:42:50.172,ARDUINO_PSI,Arduino,0.000,0.000,0.000,,
74.532516,2026-03-16 16:42:50.273,ARDUINO_PSI,Arduino,0.000,0.000,0.000,,
74.631606,2026-03-16 16:42:50.372,ARDUINO_PSI,Arduino,0.000,0.000,0.000,,
74.731638,2026-03-16 16:42:50.472,ARDUINO_PSI,Arduino,0.000,0.000,0.000,,
74.831711,2026-03-16 16:42:50.572,ARDUINO_PSI,Arduino,0.000,0.000,0.000,,
74.931226,2026-03-16 16:42:50.671,ARDUINO_PSI,Arduino,0.000,0.000,0.000,,
75.031342,2026-03-16 16:42:50.771,ARDUINO_PSI,Arduino,0.000,0.000,0.000,,
75.131723,2026-03-16 16:42:50.872,ARDUINO_PSI,Arduino,0.000,0.000,0.000,,
75.231476,2026-03-16 16:42:50.972,ARDUINO_PSI,Arduino,0.000,0.000,0.000,,
75.331127,2026-03-16 16:42:51.071,ARDUINO_PSI,Arduino,0.000,0.000,0.000,,
75.433182,2026-03-16 16:42:51.173,ARDUINO_PSI,Arduino,0.000,0.000,0.000,,
75.531626,2026-03-16 16:42:51.272,ARDUINO_PSI,Arduino,0.000,0.000,0.000,,
75.632571,2026-03-16 16:42:51.373,ARDUINO_PSI,Arduino,0.000,0.000,0.000,,
75.731864,2026-03-16 16:42:51.472,ARDUINO_PSI,Arduino,0.000,0.000,0.000,,
75.831583,2026-03-16 16:42:51.572,ARDUINO_PSI,Arduino,0.000,0.000,0.000,,
75.931812,2026-03-16 16:42:51.672,ARDUINO_PSI,Arduino,0.000,0.000,0.000,,
76.031704,2026-03-16 16:42:51.772,ARDUINO_PSI,Arduino,0.000,0.000,0.000,,
76.132084,2026-03-16 16:42:51.872,ARDUINO_PSI,Arduino,0.000,0.000,0.000,,
76.233035,2026-03-16 16:42:51.973,ARDUINO_PSI,Arduino,0.000,0.000,0.000,,
76.332320,2026-03-16 16:42:52.072,ARDUINO_PSI,Arduino,0.000,0.000,0.000,,
76.431688,2026-03-16 16:42:52.172,ARDUINO_PSI,Arduino,0.000,0.000,0.000,,
76.531583,2026-03-16 16:42:52.272,ARDUINO_PSI,Arduino,0.000,0.000,0.000,,
76.631721,2026-03-16 16:42:52.372,ARDUINO_PSI,Arduino,0.000,0.000,0.000,,
76.732395,2026-03-16 16:42:52.473,ARDUINO_PSI,Arduino,0.000,0.000,0.000,,
76.832166,2026-03-16 16:42:52.572,ARDUINO_PSI,Arduino,0.000,0.000,0.000,,
76.932834,2026-03-16 16:42:52.673,ARDUINO_PSI,Arduino,0.000,0.000,0.000,,
77.031708,2026-03-16 16:42:52.772,ARDUINO_PSI,Arduino,0.000,0.000,0.000,,
77.131782,2026-03-16 16:42:52.872,ARDUINO_PSI,Arduino,0.000,0.000,0.000,,
77.231661,2026-03-16 16:42:52.972,ARDUINO_PSI,Arduino,0.000,0.000,0.000,,
77.331744,2026-03-16 16:42:53.072,ARDUINO_PSI,Arduino,0.000,0.000,0.000,,
77.432591,2026-03-16 16:42:53.173,ARDUINO_PSI,Arduino,0.000,0.000,0.000,,
77.531665,2026-03-16 16:42:53.272,ARDUINO_PSI,Arduino,0.000,0.000,0.000,,
77.631621,2026-03-16 16:42:53.372,ARDUINO_PSI,Arduino,0.000,0.000,0.000,,
77.731553,2026-03-16 16:42:53.472,ARDUINO_PSI,Arduino,0.000,0.000,0.000,,
77.831825,2026-03-16 16:42:53.572,ARDUINO_PSI,Arduino,0.000,0.000,0.000,,
77.931542,2026-03-16 16:42:53.672,ARDUINO_PSI,Arduino,0.000,0.000,0.000,,
78.032242,2026-03-16 16:42:53.772,ARDUINO_PSI,Arduino,0.000,0.000,0.000,,
78.131676,2026-03-16 16:42:53.872,ARDUINO_PSI,Arduino,0.000,0.000,0.000,,
78.231624,2026-03-16 16:42:53.972,ARDUINO_PSI,Arduino,0.000,0.000,0.000,,
78.331725,2026-03-16 16:42:54.072,ARDUINO_PSI,Arduino,0.000,0.000,0.000,,
78.432785,2026-03-16 16:42:54.173,ARDUINO_PSI,Arduino,0.000,0.000,0.000,,
78.532574,2026-03-16 16:42:54.273,ARDUINO_PSI,Arduino,0.000,0.000,0.000,,
78.631652,2026-03-16 16:42:54.372,ARDUINO_PSI,Arduino,0.000,0.000,0.000,,
78.731491,2026-03-16 16:42:54.472,ARDUINO_PSI,Arduino,0.000,0.000,0.000,,
78.831725,2026-03-16 16:42:54.572,ARDUINO_PSI,Arduino,0.000,0.000,0.000,,
78.932362,2026-03-16 16:42:54.672,ARDUINO_PSI,Arduino,0.000,0.000,0.000,,
79.032089,2026-03-16 16:42:54.772,ARDUINO_PSI,Arduino,0.000,0.000,0.000,,
79.132276,2026-03-16 16:42:54.872,ARDUINO_PSI,Arduino,0.000,0.000,0.000,,
79.232534,2026-03-16 16:42:54.973,ARDUINO_PSI,Arduino,0.000,0.000,0.000,,
79.331692,2026-03-16 16:42:55.072,ARDUINO_PSI,Arduino,0.000,0.000,0.000,,
79.431703,2026-03-16 16:42:55.172,ARDUINO_PSI,Arduino,0.000,0.000,0.000,,
79.531838,2026-03-16 16:42:55.272,ARDUINO_PSI,Arduino,0.000,0.000,0.000,,
79.631853,2026-03-16 16:42:55.372,ARDUINO_PSI,Arduino,0.000,0.000,0.000,,
79.731838,2026-03-16 16:42:55.472,ARDUINO_PSI,Arduino,0.000,0.000,0.000,,
79.832499,2026-03-16 16:42:55.573,ARDUINO_PSI,Arduino,0.000,0.000,0.000,,
79.931650,2026-03-16 16:42:55.672,ARDUINO_PSI,Arduino,0.000,0.000,0.000,,
80.031735,2026-03-16 16:42:55.772,ARDUINO_PSI,Arduino,0.000,0.000,0.000,,
80.131737,2026-03-16 16:42:55.872,ARDUINO_PSI,Arduino,0.000,0.000,0.000,,
80.231667,2026-03-16 16:42:55.972,ARDUINO_PSI,Arduino,0.000,0.000,0.000,,
80.331701,2026-03-16 16:42:56.072,ARDUINO_PSI,Arduino,0.000,0.000,0.000,,
80.431820,2026-03-16 16:42:56.172,ARDUINO_PSI,Arduino,0.000,0.000,0.000,,
80.531777,2026-03-16 16:42:56.272,ARDUINO_PSI,Arduino,0.000,0.000,0.000,,
80.631700,2026-03-16 16:42:56.372,ARDUINO_PSI,Arduino,0.000,0.000,0.000,,
80.732588,2026-03-16 16:42:56.473,ARDUINO_PSI,Arduino,0.000,0.000,0.000,,
80.831740,2026-03-16 16:42:56.572,ARDUINO_PSI,Arduino,0.000,0.000,0.000,,
80.931749,2026-03-16 16:42:56.672,ARDUINO_PSI,Arduino,0.000,0.000,0.000,,
81.031787,2026-03-16 16:42:56.772,ARDUINO_PSI,Arduino,0.000,0.000,0.000,,
81.131676,2026-03-16 16:42:56.872,ARDUINO_PSI,Arduino,0.000,0.000,0.000,,
81.231677,2026-03-16 16:42:56.972,ARDUINO_PSI,Arduino,0.000,0.000,0.000,,
81.331792,2026-03-16 16:42:57.072,ARDUINO_PSI,Arduino,0.000,0.000,0.000,,
81.432236,2026-03-16 16:42:57.172,ARDUINO_PSI,Arduino,0.000,0.000,0.000,,
81.531663,2026-03-16 16:42:57.272,ARDUINO_PSI,Arduino,0.000,0.000,0.000,,
81.632834,2026-03-16 16:42:57.373,ARDUINO_PSI,Arduino,0.000,0.000,0.000,,
81.732066,2026-03-16 16:42:57.472,ARDUINO_PSI,Arduino,0.000,0.000,0.000,,
81.831376,2026-03-16 16:42:57.572,ARDUINO_PSI,Arduino,0.000,0.000,0.000,,
81.932485,2026-03-16 16:42:57.673,ARDUINO_PSI,Arduino,0.000,0.000,0.000,,
82.031696,2026-03-16 16:42:57.772,ARDUINO_PSI,Arduino,0.000,0.000,0.000,,
82.131624,2026-03-16 16:42:57.872,ARDUINO_PSI,Arduino,0.000,0.000,0.000,,
82.232238,2026-03-16 16:42:57.972,ARDUINO_PSI,Arduino,0.000,0.000,0.000,,
82.331934,2026-03-16 16:42:58.072,ARDUINO_PSI,Arduino,0.000,0.000,0.000,,
82.431774,2026-03-16 16:42:58.172,ARDUINO_PSI,Arduino,0.000,0.000,0.000,,
82.531418,2026-03-16 16:42:58.272,ARDUINO_PSI,Arduino,0.000,0.000,0.000,,
82.631696,2026-03-16 16:42:58.372,ARDUINO_PSI,Arduino,0.000,0.000,0.000,,
82.731686,2026-03-16 16:42:58.472,ARDUINO_PSI,Arduino,0.000,0.000,0.000,,
82.831653,2026-03-16 16:42:58.572,ARDUINO_PSI,Arduino,0.000,0.000,0.000,,
82.931753,2026-03-16 16:42:58.672,ARDUINO_PSI,Arduino,0.000,0.000,0.000,,
83.031558,2026-03-16 16:42:58.772,ARDUINO_PSI,Arduino,0.000,0.000,0.000,,
83.131200,2026-03-16 16:42:58.871,ARDUINO_PSI,Arduino,0.000,0.000,0.000,,
83.231548,2026-03-16 16:42:58.972,ARDUINO_PSI,Arduino,0.000,0.000,0.000,,
83.331461,2026-03-16 16:42:59.072,ARDUINO_PSI,Arduino,0.000,0.000,0.000,,
83.431594,2026-03-16 16:42:59.172,ARDUINO_PSI,Arduino,0.000,0.000,0.000,,
83.531506,2026-03-16 16:42:59.272,ARDUINO_PSI,Arduino,0.000,0.000,0.000,,
83.631660,2026-03-16 16:42:59.372,ARDUINO_PSI,Arduino,0.000,0.000,0.000,,
83.731646,2026-03-16 16:42:59.472,ARDUINO_PSI,Arduino,0.000,0.000,0.000,,
83.832035,2026-03-16 16:42:59.572,ARDUINO_PSI,Arduino,0.000,0.000,0.000,,
83.931617,2026-03-16 16:42:59.672,ARDUINO_PSI,Arduino,0.000,0.000,0.000,,
84.031918,2026-03-16 16:42:59.772,ARDUINO_PSI,Arduino,0.000,0.000,0.000,,
84.131529,2026-03-16 16:42:59.872,ARDUINO_PSI,Arduino,0.000,0.000,0.000,,
84.231591,2026-03-16 16:42:59.972,ARDUINO_PSI,Arduino,0.000,0.000,0.000,,
84.331364,2026-03-16 16:43:00.071,ARDUINO_PSI,Arduino,0.000,0.000,0.000,,
84.431841,2026-03-16 16:43:00.172,ARDUINO_PSI,Arduino,0.000,0.000,0.000,,
84.531544,2026-03-16 16:43:00.272,ARDUINO_PSI,Arduino,0.000,0.000,0.000,,
84.631504,2026-03-16 16:43:00.372,ARDUINO_PSI,Arduino,0.000,0.000,0.000,,
84.732063,2026-03-16 16:43:00.472,ARDUINO_PSI,Arduino,0.000,0.000,0.000,,
84.831582,2026-03-16 16:43:00.572,ARDUINO_PSI,Arduino,0.000,0.000,0.000,,
84.932042,2026-03-16 16:43:00.672,ARDUINO_PSI,Arduino,0.000,0.000,0.000,,
85.031652,2026-03-16 16:43:00.772,ARDUINO_PSI,Arduino,0.000,0.000,0.000,,
85.131747,2026-03-16 16:43:00.872,ARDUINO_PSI,Arduino,0.000,0.000,0.000,,
85.231465,2026-03-16 16:43:00.972,ARDUINO_PSI,Arduino,0.000,0.000,0.000,,
85.331439,2026-03-16 16:43:01.072,ARDUINO_PSI,Arduino,0.000,0.000,0.000,,
85.431680,2026-03-16 16:43:01.172,ARDUINO_PSI,Arduino,0.000,0.000,0.000,,
85.531559,2026-03-16 16:43:01.272,ARDUINO_PSI,Arduino,0.000,0.000,0.000,,
85.631601,2026-03-16 16:43:01.372,ARDUINO_PSI,Arduino,0.000,0.000,0.000,,
85.731484,2026-03-16 16:43:01.472,ARDUINO_PSI,Arduino,0.000,0.000,0.000,,
85.831519,2026-03-16 16:43:01.572,ARDUINO_PSI,Arduino,0.000,0.000,0.000,,
85.931554,2026-03-16 16:43:01.672,ARDUINO_PSI,Arduino,0.000,0.000,0.000,,
86.031524,2026-03-16 16:43:01.772,ARDUINO_PSI,Arduino,0.000,0.000,0.000,,
86.131849,2026-03-16 16:43:01.872,ARDUINO_PSI,Arduino,0.000,0.000,0.000,,
86.231435,2026-03-16 16:43:01.972,ARDUINO_PSI,Arduino,0.000,0.000,0.000,,
86.331528,2026-03-16 16:43:02.072,ARDUINO_PSI,Arduino,0.000,0.000,0.000,,
86.431663,2026-03-16 16:43:02.172,ARDUINO_PSI,Arduino,0.000,0.000,0.000,,
86.531517,2026-03-16 16:43:02.272,ARDUINO_PSI,Arduino,0.000,0.000,0.000,,
86.631660,2026-03-16 16:43:02.372,ARDUINO_PSI,Arduino,0.000,0.000,0.000,,
86.731512,2026-03-16 16:43:02.472,ARDUINO_PSI,Arduino,0.000,0.000,0.000,,
86.831454,2026-03-16 16:43:02.572,ARDUINO_PSI,Arduino,0.000,0.000,0.000,,
86.931173,2026-03-16 16:43:02.671,ARDUINO_PSI,Arduino,0.000,0.000,0.000,,
87.031431,2026-03-16 16:43:02.772,ARDUINO_PSI,Arduino,0.000,0.000,0.000,,
87.131473,2026-03-16 16:43:02.872,ARDUINO_PSI,Arduino,0.000,0.000,0.000,,
87.231664,2026-03-16 16:43:02.972,ARDUINO_PSI,Arduino,0.000,0.000,0.000,,
87.331913,2026-03-16 16:43:03.072,ARDUINO_PSI,Arduino,0.000,0.000,0.000,,
87.431702,2026-03-16 16:43:03.172,ARDUINO_PSI,Arduino,0.000,0.000,0.000,,
87.531617,2026-03-16 16:43:03.272,ARDUINO_PSI,Arduino,0.000,0.000,0.000,,
87.631556,2026-03-16 16:43:03.372,ARDUINO_PSI,Arduino,0.000,0.000,0.000,,
87.731649,2026-03-16 16:43:03.472,ARDUINO_PSI,Arduino,0.000,0.000,0.000,,
87.831630,2026-03-16 16:43:03.572,ARDUINO_PSI,Arduino,0.000,0.000,0.000,,
87.931754,2026-03-16 16:43:03.672,ARDUINO_PSI,Arduino,0.000,0.000,0.000,,
88.031782,2026-03-16 16:43:03.772,ARDUINO_PSI,Arduino,0.000,0.000,0.000,,
88.131579,2026-03-16 16:43:03.872,ARDUINO_PSI,Arduino,0.000,0.000,0.000,,
88.231578,2026-03-16 16:43:03.972,ARDUINO_PSI,Arduino,0.000,0.000,0.000,,
88.331570,2026-03-16 16:43:04.072,ARDUINO_PSI,Arduino,0.000,0.000,0.000,,
88.431714,2026-03-16 16:43:04.172,ARDUINO_PSI,Arduino,0.000,0.000,0.000,,
88.531803,2026-03-16 16:43:04.272,ARDUINO_PSI,Arduino,0.000,0.000,0.000,,
88.631690,2026-03-16 16:43:04.372,ARDUINO_PSI,Arduino,0.000,0.000,0.000,,
88.731523,2026-03-16 16:43:04.472,ARDUINO_PSI,Arduino,0.000,0.000,0.000,,
88.831184,2026-03-16 16:43:04.571,ARDUINO_PSI,Arduino,0.000,0.000,0.000,,
88.931493,2026-03-16 16:43:04.672,ARDUINO_PSI,Arduino,0.000,0.000,0.000,,
89.031637,2026-03-16 16:43:04.772,ARDUINO_PSI,Arduino,0.000,0.000,0.000,,
89.131512,2026-03-16 16:43:04.872,ARDUINO_PSI,Arduino,0.000,0.000,0.000,,
89.231738,2026-03-16 16:43:04.972,ARDUINO_PSI,Arduino,0.000,0.000,0.000,,
89.331466,2026-03-16 16:43:05.072,ARDUINO_PSI,Arduino,0.000,0.000,0.000,,
89.431511,2026-03-16 16:43:05.172,ARDUINO_PSI,Arduino,0.000,0.000,0.000,,
89.531615,2026-03-16 16:43:05.272,ARDUINO_PSI,Arduino,0.000,0.000,0.000,,
89.631497,2026-03-16 16:43:05.372,ARDUINO_PSI,Arduino,0.000,0.000,0.000,,
89.731457,2026-03-16 16:43:05.472,ARDUINO_PSI,Arduino,0.000,0.000,0.000,,
89.831527,2026-03-16 16:43:05.572,ARDUINO_PSI,Arduino,0.000,0.000,0.000,,
89.931535,2026-03-16 16:43:05.672,ARDUINO_PSI,Arduino,0.000,0.000,0.000,,
90.031453,2026-03-16 16:43:05.772,ARDUINO_PSI,Arduino,0.000,0.000,0.000,,
90.131637,2026-03-16 16:43:05.872,ARDUINO_PSI,Arduino,0.000,0.000,0.000,,
90.231640,2026-03-16 16:43:05.972,ARDUINO_PSI,Arduino,0.000,0.000,0.000,,
90.331498,2026-03-16 16:43:06.072,ARDUINO_PSI,Arduino,0.000,0.000,0.000,,
90.431850,2026-03-16 16:43:06.172,ARDUINO_PSI,Arduino,0.000,0.000,0.000,,
90.531568,2026-03-16 16:43:06.272,ARDUINO_PSI,Arduino,0.000,0.000,0.000,,
90.631498,2026-03-16 16:43:06.372,ARDUINO_PSI,Arduino,0.000,0.000,0.000,,
90.731446,2026-03-16 16:43:06.472,ARDUINO_PSI,Arduino,0.000,0.000,0.000,,
90.831498,2026-03-16 16:43:06.572,ARDUINO_PSI,Arduino,0.000,0.000,0.000,,
90.931604,2026-03-16 16:43:06.672,ARDUINO_PSI,Arduino,0.000,0.000,0.000,,
91.031547,2026-03-16 16:43:06.772,ARDUINO_PSI,Arduino,0.000,0.000,0.000,,
91.131799,2026-03-16 16:43:06.872,ARDUINO_PSI,Arduino,0.000,0.000,0.000,,
91.231491,2026-03-16 16:43:06.972,ARDUINO_PSI,Arduino,0.000,0.000,0.000,,
91.331800,2026-03-16 16:43:07.072,ARDUINO_PSI,Arduino,0.000,0.000,0.000,,
91.431697,2026-03-16 16:43:07.172,ARDUINO_PSI,Arduino,0.000,0.000,0.000,,
91.532150,2026-03-16 16:43:07.272,ARDUINO_PSI,Arduino,0.000,0.000,0.000,,
91.631595,2026-03-16 16:43:07.372,ARDUINO_PSI,Arduino,0.000,0.000,0.000,,
91.731436,2026-03-16 16:43:07.472,ARDUINO_PSI,Arduino,0.000,0.000,0.000,,
91.832009,2026-03-16 16:43:07.572,ARDUINO_PSI,Arduino,0.000,0.000,0.000,,
91.931614,2026-03-16 16:43:07.672,ARDUINO_PSI,Arduino,0.000,0.000,0.000,,
92.032174,2026-03-16 16:43:07.772,ARDUINO_PSI,Arduino,0.000,0.000,0.000,,
92.131594,2026-03-16 16:43:07.872,ARDUINO_PSI,Arduino,0.000,0.000,0.000,,
92.231669,2026-03-16 16:43:07.972,ARDUINO_PSI,Arduino,0.000,0.000,0.000,,
92.331450,2026-03-16 16:43:08.072,ARDUINO_PSI,Arduino,0.000,0.000,0.000,,
92.431506,2026-03-16 16:43:08.172,ARDUINO_PSI,Arduino,0.000,0.000,0.000,,
92.531539,2026-03-16 16:43:08.272,ARDUINO_PSI,Arduino,0.000,0.000,0.000,,
92.631523,2026-03-16 16:43:08.372,ARDUINO_PSI,Arduino,0.000,0.000,0.000,,
92.731621,2026-03-16 16:43:08.472,ARDUINO_PSI,Arduino,0.000,0.000,0.000,,
92.831529,2026-03-16 16:43:08.572,ARDUINO_PSI,Arduino,0.000,0.000,0.000,,
92.931682,2026-03-16 16:43:08.672,ARDUINO_PSI,Arduino,0.000,0.000,0.000,,
93.031548,2026-03-16 16:43:08.772,ARDUINO_PSI,Arduino,0.000,0.000,0.000,,
93.131585,2026-03-16 16:43:08.872,ARDUINO_PSI,Arduino,0.000,0.000,0.000,,
93.231281,2026-03-16 16:43:08.971,ARDUINO_PSI,Arduino,0.000,0.000,0.000,,
93.331564,2026-03-16 16:43:09.072,ARDUINO_PSI,Arduino,0.000,0.000,0.000,,
93.431569,2026-03-16 16:43:09.172,ARDUINO_PSI,Arduino,0.000,0.000,0.000,,
93.532241,2026-03-16 16:43:09.272,ARDUINO_PSI,Arduino,0.000,0.000,0.000,,
93.631652,2026-03-16 16:43:09.372,ARDUINO_PSI,Arduino,0.000,0.000,0.000,,
93.731915,2026-03-16 16:43:09.472,ARDUINO_PSI,Arduino,0.000,0.000,0.000,,
93.831571,2026-03-16 16:43:09.572,ARDUINO_PSI,Arduino,0.000,0.000,0.000,,
93.931857,2026-03-16 16:43:09.672,ARDUINO_PSI,Arduino,0.000,0.000,0.000,,
94.031494,2026-03-16 16:43:09.772,ARDUINO_PSI,Arduino,0.000,0.000,0.000,,
94.131540,2026-03-16 16:43:09.872,ARDUINO_PSI,Arduino,0.000,0.000,0.000,,
94.232241,2026-03-16 16:43:09.972,ARDUINO_PSI,Arduino,0.000,0.000,0.000,,
94.331454,2026-03-16 16:43:10.072,ARDUINO_PSI,Arduino,0.000,0.000,0.000,,
94.431500,2026-03-16 16:43:10.172,ARDUINO_PSI,Arduino,0.000,0.000,0.000,,
94.531547,2026-03-16 16:43:10.272,ARDUINO_PSI,Arduino,0.000,0.000,0.000,,
94.631390,2026-03-16 16:43:10.372,ARDUINO_PSI,Arduino,0.000,0.000,0.000,,
94.731845,2026-03-16 16:43:10.472,ARDUINO_PSI,Arduino,0.000,0.000,0.000,,
94.831435,2026-03-16 16:43:10.572,ARDUINO_PSI,Arduino,0.000,0.000,0.000,,
94.931613,2026-03-16 16:43:10.672,ARDUINO_PSI,Arduino,0.000,0.000,0.000,,
95.031673,2026-03-16 16:43:10.772,ARDUINO_PSI,Arduino,0.000,0.000,0.000,,
95.131801,2026-03-16 16:43:10.872,ARDUINO_PSI,Arduino,0.000,0.000,0.000,,
95.231697,2026-03-16 16:43:10.972,ARDUINO_PSI,Arduino,0.000,0.000,0.000,,
95.331665,2026-03-16 16:43:11.072,ARDUINO_PSI,Arduino,0.000,0.000,0.000,,
95.431760,2026-03-16 16:43:11.172,ARDUINO_PSI,Arduino,0.000,0.000,0.000,,
95.531565,2026-03-16 16:43:11.272,ARDUINO_PSI,Arduino,0.000,0.000,0.000,,
95.631511,2026-03-16 16:43:11.372,ARDUINO_PSI,Arduino,0.000,0.000,0.000,,
95.731567,2026-03-16 16:43:11.472,ARDUINO_PSI,Arduino,0.000,0.000,0.000,,
95.831523,2026-03-16 16:43:11.572,ARDUINO_PSI,Arduino,0.000,0.000,0.000,,
95.931758,2026-03-16 16:43:11.672,ARDUINO_PSI,Arduino,0.000,0.000,0.000,,
96.031548,2026-03-16 16:43:11.772,ARDUINO_PSI,Arduino,0.000,0.000,0.000,,
96.131603,2026-03-16 16:43:11.872,ARDUINO_PSI,Arduino,0.000,0.000,0.000,,
96.231653,2026-03-16 16:43:11.972,ARDUINO_PSI,Arduino,0.000,0.000,0.000,,
96.331475,2026-03-16 16:43:12.072,ARDUINO_PSI,Arduino,0.000,0.000,0.000,,
96.431614,2026-03-16 16:43:12.172,ARDUINO_PSI,Arduino,0.000,0.000,0.000,,
96.531578,2026-03-16 16:43:12.272,ARDUINO_PSI,Arduino,0.000,0.000,0.000,,
96.631436,2026-03-16 16:43:12.372,ARDUINO_PSI,Arduino,0.000,0.000,0.000,,
96.731529,2026-03-16 16:43:12.472,ARDUINO_PSI,Arduino,0.000,0.000,0.000,,
96.831778,2026-03-16 16:43:12.572,ARDUINO_PSI,Arduino,0.000,0.000,0.000,,
96.931602,2026-03-16 16:43:12.672,ARDUINO_PSI,Arduino,0.000,0.000,0.000,,
97.031176,2026-03-16 16:43:12.771,ARDUINO_PSI,Arduino,0.000,0.000,0.000,,
97.131608,2026-03-16 16:43:12.872,ARDUINO_PSI,Arduino,0.000,0.000,0.000,,
97.231706,2026-03-16 16:43:12.972,ARDUINO_PSI,Arduino,0.000,0.000,0.000,,
97.331520,2026-03-16 16:43:13.072,ARDUINO_PSI,Arduino,0.000,0.000,0.000,,
97.431198,2026-03-16 16:43:13.171,ARDUINO_PSI,Arduino,0.000,0.000,0.000,,
97.531465,2026-03-16 16:43:13.272,ARDUINO_PSI,Arduino,0.000,0.000,0.000,,
97.631635,2026-03-16 16:43:13.372,ARDUINO_PSI,Arduino,0.000,0.000,0.000,,
97.731556,2026-03-16 16:43:13.472,ARDUINO_PSI,Arduino,0.000,0.000,0.000,,
97.831611,2026-03-16 16:43:13.572,ARDUINO_PSI,Arduino,0.000,0.000,0.000,,
97.931557,2026-03-16 16:43:13.672,ARDUINO_PSI,Arduino,0.000,0.000,0.000,,
98.031699,2026-03-16 16:43:13.772,ARDUINO_PSI,Arduino,0.000,0.000,0.000,,
98.131942,2026-03-16 16:43:13.872,ARDUINO_PSI,Arduino,0.000,0.000,0.000,,
98.231488,2026-03-16 16:43:13.972,ARDUINO_PSI,Arduino,0.000,0.000,0.000,,
98.331570,2026-03-16 16:43:14.072,ARDUINO_PSI,Arduino,0.000,0.000,0.000,,
98.431668,2026-03-16 16:43:14.172,ARDUINO_PSI,Arduino,0.000,0.000,0.000,,
98.532228,2026-03-16 16:43:14.272,ARDUINO_PSI,Arduino,0.000,0.000,0.000,,
98.631764,2026-03-16 16:43:14.372,ARDUINO_PSI,Arduino,0.000,0.000,0.000,,
98.731368,2026-03-16 16:43:14.471,ARDUINO_PSI,Arduino,0.000,0.000,0.000,,
98.831283,2026-03-16 16:43:14.571,ARDUINO_PSI,Arduino,0.000,0.000,0.000,,
98.931709,2026-03-16 16:43:14.672,ARDUINO_PSI,Arduino,0.000,0.000,0.000,,
99.031653,2026-03-16 16:43:14.772,ARDUINO_PSI,Arduino,0.000,0.000,0.000,,
99.132007,2026-03-16 16:43:14.872,ARDUINO_PSI,Arduino,0.000,0.000,0.000,,
99.231692,2026-03-16 16:43:14.972,ARDUINO_PSI,Arduino,0.000,0.000,0.000,,
99.331523,2026-03-16 16:43:15.072,ARDUINO_PSI,Arduino,0.000,0.000,0.000,,
99.431710,2026-03-16 16:43:15.172,ARDUINO_PSI,Arduino,0.000,0.000,0.000,,
99.531827,2026-03-16 16:43:15.272,ARDUINO_PSI,Arduino,0.000,0.000,0.000,,
99.631664,2026-03-16 16:43:15.372,ARDUINO_PSI,Arduino,0.000,0.000,0.000,,
99.731235,2026-03-16 16:43:15.471,ARDUINO_PSI,Arduino,0.000,0.000,0.000,,
99.831494,2026-03-16 16:43:15.572,ARDUINO_PSI,Arduino,0.000,0.000,0.000,,
99.932031,2026-03-16 16:43:15.672,ARDUINO_PSI,Arduino,0.000,0.000,0.000,,
100.031641,2026-03-16 16:43:15.772,ARDUINO_PSI,Arduino,0.000,0.000,0.000,,
100.131728,2026-03-16 16:43:15.872,ARDUINO_PSI,Arduino,0.000,0.000,0.000,,
100.232082,2026-03-16 16:43:15.972,ARDUINO_PSI,Arduino,0.000,0.000,0.000,,
100.331592,2026-03-16 16:43:16.072,ARDUINO_PSI,Arduino,0.000,0.000,0.000,,
100.431603,2026-03-16 16:43:16.172,ARDUINO_PSI,Arduino,0.000,0.000,0.000,,
100.531592,2026-03-16 16:43:16.272,ARDUINO_PSI,Arduino,0.000,0.000,0.000,,
100.631531,2026-03-16 16:43:16.372,ARDUINO_PSI,Arduino,0.000,0.000,0.000,,
100.731547,2026-03-16 16:43:16.472,ARDUINO_PSI,Arduino,0.000,0.000,0.000,,
100.831679,2026-03-16 16:43:16.572,ARDUINO_PSI,Arduino,0.000,0.000,0.000,,
100.931880,2026-03-16 16:43:16.672,ARDUINO_PSI,Arduino,0.000,0.000,0.000,,
101.031509,2026-03-16 16:43:16.772,ARDUINO_PSI,Arduino,0.000,0.000,0.000,,
101.131656,2026-03-16 16:43:16.872,ARDUINO_PSI,Arduino,0.000,0.000,0.000,,
101.231431,2026-03-16 16:43:16.972,ARDUINO_PSI,Arduino,0.000,0.000,0.000,,
101.331753,2026-03-16 16:43:17.072,ARDUINO_PSI,Arduino,0.000,0.000,0.000,,
101.432154,2026-03-16 16:43:17.172,ARDUINO_PSI,Arduino,0.000,0.000,0.000,,
101.531615,2026-03-16 16:43:17.272,ARDUINO_PSI,Arduino,0.000,0.000,0.000,,
101.631691,2026-03-16 16:43:17.372,ARDUINO_PSI,Arduino,0.000,0.000,0.000,,
101.731752,2026-03-16 16:43:17.472,ARDUINO_PSI,Arduino,0.000,0.000,0.000,,
101.831697,2026-03-16 16:43:17.572,ARDUINO_PSI,Arduino,0.000,0.000,0.000,,
101.931919,2026-03-16 16:43:17.672,ARDUINO_PSI,Arduino,0.000,0.000,0.000,,
102.031606,2026-03-16 16:43:17.772,ARDUINO_PSI,Arduino,0.000,0.000,0.000,,
102.131863,2026-03-16 16:43:17.872,ARDUINO_PSI,Arduino,0.000,0.000,0.000,,
102.231593,2026-03-16 16:43:17.972,ARDUINO_PSI,Arduino,0.000,0.000,0.000,,
102.331483,2026-03-16 16:43:18.072,ARDUINO_PSI,Arduino,0.000,0.000,0.000,,
102.431747,2026-03-16 16:43:18.172,ARDUINO_PSI,Arduino,0.000,0.000,0.000,,
102.531616,2026-03-16 16:43:18.272,ARDUINO_PSI,Arduino,0.000,0.000,0.000,,
102.631518,2026-03-16 16:43:18.372,ARDUINO_PSI,Arduino,0.000,0.000,0.000,,
102.731807,2026-03-16 16:43:18.472,ARDUINO_PSI,Arduino,0.000,0.000,0.000,,
102.831183,2026-03-16 16:43:18.571,ARDUINO_PSI,Arduino,0.000,0.000,0.000,,
102.931637,2026-03-16 16:43:18.672,ARDUINO_PSI,Arduino,0.000,0.000,0.000,,
103.031790,2026-03-16 16:43:18.772,ARDUINO_PSI,Arduino,0.000,0.000,0.000,,
103.131715,2026-03-16 16:43:18.872,ARDUINO_PSI,Arduino,0.000,0.000,0.000,,
103.231514,2026-03-16 16:43:18.972,ARDUINO_PSI,Arduino,0.000,0.000,0.000,,
103.331770,2026-03-16 16:43:19.072,ARDUINO_PSI,Arduino,0.000,0.000,0.000,,
103.431611,2026-03-16 16:43:19.172,ARDUINO_PSI,Arduino,0.000,0.000,0.000,,
103.531721,2026-03-16 16:43:19.272,ARDUINO_PSI,Arduino,0.000,0.000,0.000,,
103.631658,2026-03-16 16:43:19.372,ARDUINO_PSI,Arduino,0.000,0.000,0.000,,
103.731528,2026-03-16 16:43:19.472,ARDUINO_PSI,Arduino,0.000,0.000,0.000,,
103.831785,2026-03-16 16:43:19.572,ARDUINO_PSI,Arduino,0.000,0.000,0.000,,
103.931785,2026-03-16 16:43:19.672,ARDUINO_PSI,Arduino,0.000,0.000,0.000,,
104.031514,2026-03-16 16:43:19.772,ARDUINO_PSI,Arduino,0.000,0.000,0.000,,
104.131559,2026-03-16 16:43:19.872,ARDUINO_PSI,Arduino,0.000,0.000,0.000,,
104.231584,2026-03-16 16:43:19.972,ARDUINO_PSI,Arduino,0.000,0.000,0.000,,
104.331572,2026-03-16 16:43:20.072,ARDUINO_PSI,Arduino,0.000,0.000,0.000,,
104.431547,2026-03-16 16:43:20.172,ARDUINO_PSI,Arduino,0.000,0.000,0.000,,
104.531671,2026-03-16 16:43:20.272,ARDUINO_PSI,Arduino,0.000,0.000,0.000,,
104.631692,2026-03-16 16:43:20.372,ARDUINO_PSI,Arduino,0.000,0.000,0.000,,
104.731769,2026-03-16 16:43:20.472,ARDUINO_PSI,Arduino,0.000,0.000,0.000,,
104.831129,2026-03-16 16:43:20.571,ARDUINO_PSI,Arduino,0.000,0.000,0.000,,
104.933026,2026-03-16 16:43:20.673,ARDUINO_PSI,Arduino,0.000,0.000,0.000,,
105.031456,2026-03-16 16:43:20.772,ARDUINO_PSI,Arduino,0.000,0.000,0.000,,
105.131587,2026-03-16 16:43:20.872,ARDUINO_PSI,Arduino,0.000,0.000,0.000,,
105.231515,2026-03-16 16:43:20.972,ARDUINO_PSI,Arduino,0.000,0.000,0.000,,
105.331407,2026-03-16 16:43:21.072,ARDUINO_PSI,Arduino,0.000,0.000,0.000,,
105.431536,2026-03-16 16:43:21.172,ARDUINO_PSI,Arduino,0.000,0.000,0.000,,
105.531712,2026-03-16 16:43:21.272,ARDUINO_PSI,Arduino,0.000,0.000,0.000,,
105.631652,2026-03-16 16:43:21.372,ARDUINO_PSI,Arduino,0.000,0.000,0.000,,
105.731778,2026-03-16 16:43:21.472,ARDUINO_PSI,Arduino,0.000,0.000,0.000,,
105.831706,2026-03-16 16:43:21.572,ARDUINO_PSI,Arduino,0.000,0.000,0.000,,
105.931744,2026-03-16 16:43:21.672,ARDUINO_PSI,Arduino,0.000,0.000,0.000,,
106.031744,2026-03-16 16:43:21.772,ARDUINO_PSI,Arduino,0.000,0.000,0.000,,
106.131586,2026-03-16 16:43:21.872,ARDUINO_PSI,Arduino,0.000,0.000,0.000,,
106.231494,2026-03-16 16:43:21.972,ARDUINO_PSI,Arduino,0.000,0.000,0.000,,
106.332193,2026-03-16 16:43:22.072,ARDUINO_PSI,Arduino,0.000,0.000,0.000,,
106.431733,2026-03-16 16:43:22.172,ARDUINO_PSI,Arduino,0.000,0.000,0.000,,
106.531687,2026-03-16 16:43:22.272,ARDUINO_PSI,Arduino,0.000,0.000,0.000,,
106.631548,2026-03-16 16:43:22.372,ARDUINO_PSI,Arduino,0.000,0.000,0.000,,
106.731613,2026-03-16 16:43:22.472,ARDUINO_PSI,Arduino,0.000,0.000,0.000,,
106.831574,2026-03-16 16:43:22.572,ARDUINO_PSI,Arduino,0.000,0.000,0.000,,
106.931724,2026-03-16 16:43:22.672,ARDUINO_PSI,Arduino,0.000,0.000,0.000,,
107.031892,2026-03-16 16:43:22.772,ARDUINO_PSI,Arduino,0.000,0.000,0.000,,
107.131691,2026-03-16 16:43:22.872,ARDUINO_PSI,Arduino,0.000,0.000,0.000,,
107.231593,2026-03-16 16:43:22.972,ARDUINO_PSI,Arduino,0.000,0.000,0.000,,
107.331536,2026-03-16 16:43:23.072,ARDUINO_PSI,Arduino,0.000,0.000,0.000,,
107.431665,2026-03-16 16:43:23.172,ARDUINO_PSI,Arduino,0.000,0.000,0.000,,
107.531520,2026-03-16 16:43:23.272,ARDUINO_PSI,Arduino,0.000,0.000,0.000,,
107.631614,2026-03-16 16:43:23.372,ARDUINO_PSI,Arduino,0.000,0.000,0.000,,
107.731576,2026-03-16 16:43:23.472,ARDUINO_PSI,Arduino,0.000,0.000,0.000,,
107.831608,2026-03-16 16:43:23.572,ARDUINO_PSI,Arduino,0.000,0.000,0.000,,
107.931524,2026-03-16 16:43:23.672,ARDUINO_PSI,Arduino,0.000,0.000,0.000,,
108.031541,2026-03-16 16:43:23.772,ARDUINO_PSI,Arduino,0.000,0.000,0.000,,
108.131622,2026-03-16 16:43:23.872,ARDUINO_PSI,Arduino,0.000,0.000,0.000,,
108.231901,2026-03-16 16:43:23.972,ARDUINO_PSI,Arduino,0.000,0.000,0.000,,
108.331447,2026-03-16 16:43:24.072,ARDUINO_PSI,Arduino,0.000,0.000,0.000,,
108.431737,2026-03-16 16:43:24.172,ARDUINO_PSI,Arduino,0.000,0.000,0.000,,
108.531586,2026-03-16 16:43:24.272,ARDUINO_PSI,Arduino,0.000,0.000,0.000,,
108.631677,2026-03-16 16:43:24.372,ARDUINO_PSI,Arduino,0.000,0.000,0.000,,
108.731648,2026-03-16 16:43:24.472,ARDUINO_PSI,Arduino,0.000,0.000,0.000,,
108.831574,2026-03-16 16:43:24.572,ARDUINO_PSI,Arduino,0.000,0.000,0.000,,
108.931639,2026-03-16 16:43:24.672,ARDUINO_PSI,Arduino,0.000,0.000,0.000,,
109.031538,2026-03-16 16:43:24.772,ARDUINO_PSI,Arduino,0.000,0.000,0.000,,
109.131757,2026-03-16 16:43:24.872,ARDUINO_PSI,Arduino,0.000,0.000,0.000,,
109.231557,2026-03-16 16:43:24.972,ARDUINO_PSI,Arduino,0.000,0.000,0.000,,
109.331669,2026-03-16 16:43:25.072,ARDUINO_PSI,Arduino,0.000,0.000,0.000,,
109.431919,2026-03-16 16:43:25.172,ARDUINO_PSI,Arduino,0.000,0.000,0.000,,
109.531625,2026-03-16 16:43:25.272,ARDUINO_PSI,Arduino,0.000,0.000,0.000,,
109.631667,2026-03-16 16:43:25.372,ARDUINO_PSI,Arduino,0.000,0.000,0.000,,
109.731767,2026-03-16 16:43:25.472,ARDUINO_PSI,Arduino,0.000,0.000,0.000,,
109.832018,2026-03-16 16:43:25.572,ARDUINO_PSI,Arduino,0.000,0.000,0.000,,
109.931939,2026-03-16 16:43:25.672,ARDUINO_PSI,Arduino,0.000,0.000,0.000,,
110.031763,2026-03-16 16:43:25.772,ARDUINO_PSI,Arduino,0.000,0.000,0.000,,
110.131716,2026-03-16 16:43:25.872,ARDUINO_PSI,Arduino,0.000,0.000,0.000,,
110.231661,2026-03-16 16:43:25.972,ARDUINO_PSI,Arduino,0.000,0.000,0.000,,
110.331783,2026-03-16 16:43:26.072,ARDUINO_PSI,Arduino,0.000,0.000,0.000,,
110.431599,2026-03-16 16:43:26.172,ARDUINO_PSI,Arduino,0.000,0.000,0.000,,
110.531826,2026-03-16 16:43:26.272,ARDUINO_PSI,Arduino,0.000,0.000,0.000,,
110.631610,2026-03-16 16:43:26.372,ARDUINO_PSI,Arduino,0.000,0.000,0.000,,
110.731717,2026-03-16 16:43:26.472,ARDUINO_PSI,Arduino,0.000,0.000,0.000,,
110.831153,2026-03-16 16:43:26.571,ARDUINO_PSI,Arduino,0.000,0.000,0.000,,
110.931442,2026-03-16 16:43:26.672,ARDUINO_PSI,Arduino,0.000,0.000,0.000,,
111.031653,2026-03-16 16:43:26.772,ARDUINO_PSI,Arduino,0.000,0.000,0.000,,
111.131719,2026-03-16 16:43:26.872,ARDUINO_PSI,Arduino,0.000,0.000,0.000,,
111.231908,2026-03-16 16:43:26.972,ARDUINO_PSI,Arduino,0.000,0.000,0.000,,
111.331614,2026-03-16 16:43:27.072,ARDUINO_PSI,Arduino,0.000,0.000,0.000,,
111.431606,2026-03-16 16:43:27.172,ARDUINO_PSI,Arduino,0.000,0.000,0.000,,
111.531634,2026-03-16 16:43:27.272,ARDUINO_PSI,Arduino,0.000,0.000,0.000,,
111.631412,2026-03-16 16:43:27.372,ARDUINO_PSI,Arduino,0.000,0.000,0.000,,
111.731396,2026-03-16 16:43:27.472,ARDUINO_PSI,Arduino,0.000,0.000,0.000,,
111.831662,2026-03-16 16:43:27.572,ARDUINO_PSI,Arduino,0.000,0.000,0.000,,
111.932320,2026-03-16 16:43:27.672,ARDUINO_PSI,Arduino,0.000,0.000,0.000,,
112.031851,2026-03-16 16:43:27.772,ARDUINO_PSI,Arduino,0.000,0.000,0.000,,
112.131671,2026-03-16 16:43:27.872,ARDUINO_PSI,Arduino,0.000,0.000,0.000,,
112.231412,2026-03-16 16:43:27.972,ARDUINO_PSI,Arduino,0.000,0.000,0.000,,
112.332051,2026-03-16 16:43:28.072,ARDUINO_PSI,Arduino,0.000,0.000,0.000,,
112.431654,2026-03-16 16:43:28.172,ARDUINO_PSI,Arduino,0.000,0.000,0.000,,
112.531679,2026-03-16 16:43:28.272,ARDUINO_PSI,Arduino,0.000,0.000,0.000,,
112.631700,2026-03-16 16:43:28.372,ARDUINO_PSI,Arduino,0.000,0.000,0.000,,
112.731697,2026-03-16 16:43:28.472,ARDUINO_PSI,Arduino,0.000,0.000,0.000,,
112.831181,2026-03-16 16:43:28.571,ARDUINO_PSI,Arduino,0.000,0.000,0.000,,
112.931721,2026-03-16 16:43:28.672,ARDUINO_PSI,Arduino,0.000,0.000,0.000,,
113.031879,2026-03-16 16:43:28.772,ARDUINO_PSI,Arduino,0.000,0.000,0.000,,
113.131365,2026-03-16 16:43:28.871,ARDUINO_PSI,Arduino,0.000,0.000,0.000,,
113.231691,2026-03-16 16:43:28.972,ARDUINO_PSI,Arduino,0.000,0.000,0.000,,
113.331829,2026-03-16 16:43:29.072,ARDUINO_PSI,Arduino,0.000,0.000,0.000,,
113.431836,2026-03-16 16:43:29.172,ARDUINO_PSI,Arduino,0.000,0.000,0.000,,
113.532040,2026-03-16 16:43:29.272,ARDUINO_PSI,Arduino,0.000,0.000,0.000,,
113.631633,2026-03-16 16:43:29.372,ARDUINO_PSI,Arduino,0.000,0.000,0.000,,
113.731986,2026-03-16 16:43:29.472,ARDUINO_PSI,Arduino,0.000,0.000,0.000,,
113.831819,2026-03-16 16:43:29.572,ARDUINO_PSI,Arduino,0.000,0.000,0.000,,
113.931939,2026-03-16 16:43:29.672,ARDUINO_PSI,Arduino,0.000,0.000,0.000,,
114.031703,2026-03-16 16:43:29.772,ARDUINO_PSI,Arduino,0.000,0.000,0.000,,
114.131850,2026-03-16 16:43:29.872,ARDUINO_PSI,Arduino,0.000,0.000,0.000,,
114.231936,2026-03-16 16:43:29.972,ARDUINO_PSI,Arduino,0.000,0.000,0.000,,
114.331745,2026-03-16 16:43:30.072,ARDUINO_PSI,Arduino,0.000,0.000,0.000,,
114.431980,2026-03-16 16:43:30.172,ARDUINO_PSI,Arduino,0.000,0.000,0.000,,
114.531683,2026-03-16 16:43:30.272,ARDUINO_PSI,Arduino,0.000,0.000,0.000,,
114.631820,2026-03-16 16:43:30.372,ARDUINO_PSI,Arduino,0.000,0.000,0.000,,
114.731759,2026-03-16 16:43:30.472,ARDUINO_PSI,Arduino,0.000,0.000,0.000,,
114.831823,2026-03-16 16:43:30.572,ARDUINO_PSI,Arduino,0.000,0.000,0.000,,
114.931808,2026-03-16 16:43:30.672,ARDUINO_PSI,Arduino,0.000,0.000,0.000,,
115.031748,2026-03-16 16:43:30.772,ARDUINO_PSI,Arduino,0.000,0.000,0.000,,
115.131880,2026-03-16 16:43:30.872,ARDUINO_PSI,Arduino,0.000,0.000,0.000,,
115.231862,2026-03-16 16:43:30.972,ARDUINO_PSI,Arduino,0.000,0.000,0.000,,
115.331795,2026-03-16 16:43:31.072,ARDUINO_PSI,Arduino,0.000,0.000,0.000,,
115.431769,2026-03-16 16:43:31.172,ARDUINO_PSI,Arduino,0.000,0.000,0.000,,
115.531788,2026-03-16 16:43:31.272,ARDUINO_PSI,Arduino,0.000,0.000,0.000,,
115.631736,2026-03-16 16:43:31.372,ARDUINO_PSI,Arduino,0.000,0.000,0.000,,
115.731261,2026-03-16 16:43:31.471,ARDUINO_PSI,Arduino,0.000,0.000,0.000,,
115.831720,2026-03-16 16:43:31.572,ARDUINO_PSI,Arduino,0.000,0.000,0.000,,
115.931650,2026-03-16 16:43:31.672,ARDUINO_PSI,Arduino,0.000,0.000,0.000,,
116.031802,2026-03-16 16:43:31.772,ARDUINO_PSI,Arduino,0.000,0.000,0.000,,
116.131927,2026-03-16 16:43:31.872,ARDUINO_PSI,Arduino,0.000,0.000,0.000,,
116.231610,2026-03-16 16:43:31.972,ARDUINO_PSI,Arduino,0.000,0.000,0.000,,
116.331638,2026-03-16 16:43:32.072,ARDUINO_PSI,Arduino,0.000,0.000,0.000,,
116.431824,2026-03-16 16:43:32.172,ARDUINO_PSI,Arduino,0.000,0.000,0.000,,
116.531687,2026-03-16 16:43:32.272,ARDUINO_PSI,Arduino,0.000,0.000,0.000,,
116.631898,2026-03-16 16:43:32.372,ARDUINO_PSI,Arduino,0.000,0.000,0.000,,
116.731890,2026-03-16 16:43:32.472,ARDUINO_PSI,Arduino,0.000,0.000,0.000,,
116.831625,2026-03-16 16:43:32.572,ARDUINO_PSI,Arduino,0.000,0.000,0.000,,
116.931772,2026-03-16 16:43:32.672,ARDUINO_PSI,Arduino,0.000,0.000,0.000,,
117.031660,2026-03-16 16:43:32.772,ARDUINO_PSI,Arduino,0.000,0.000,0.000,,
117.131898,2026-03-16 16:43:32.872,ARDUINO_PSI,Arduino,0.000,0.000,0.000,,
117.231803,2026-03-16 16:43:32.972,ARDUINO_PSI,Arduino,0.000,0.000,0.000,,
117.331776,2026-03-16 16:43:33.072,ARDUINO_PSI,Arduino,0.000,0.000,0.000,,
117.431801,2026-03-16 16:43:33.172,ARDUINO_PSI,Arduino,0.000,0.000,0.000,,
117.531833,2026-03-16 16:43:33.272,ARDUINO_PSI,Arduino,0.000,0.000,0.000,,
117.631831,2026-03-16 16:43:33.372,ARDUINO_PSI,Arduino,0.000,0.000,0.000,,
117.731866,2026-03-16 16:43:33.472,ARDUINO_PSI,Arduino,0.000,0.000,0.000,,
117.831756,2026-03-16 16:43:33.572,ARDUINO_PSI,Arduino,0.000,0.000,0.000,,
117.931800,2026-03-16 16:43:33.672,ARDUINO_PSI,Arduino,0.000,0.000,0.000,,
118.031818,2026-03-16 16:43:33.772,ARDUINO_PSI,Arduino,0.000,0.000,0.000,,
118.131772,2026-03-16 16:43:33.872,ARDUINO_PSI,Arduino,0.000,0.000,0.000,,
118.231830,2026-03-16 16:43:33.972,ARDUINO_PSI,Arduino,0.000,0.000,0.000,,
118.331646,2026-03-16 16:43:34.072,ARDUINO_PSI,Arduino,0.000,0.000,0.000,,
118.431381,2026-03-16 16:43:34.172,ARDUINO_PSI,Arduino,0.000,0.000,0.000,,
118.531588,2026-03-16 16:43:34.272,ARDUINO_PSI,Arduino,0.000,0.000,0.000,,
118.631713,2026-03-16 16:43:34.372,ARDUINO_PSI,Arduino,0.000,0.000,0.000,,
118.731716,2026-03-16 16:43:34.472,ARDUINO_PSI,Arduino,0.000,0.000,0.000,,
118.831690,2026-03-16 16:43:34.572,ARDUINO_PSI,Arduino,0.000,0.000,0.000,,
118.931503,2026-03-16 16:43:34.672,ARDUINO_PSI,Arduino,0.000,0.000,0.000,,
119.031724,2026-03-16 16:43:34.772,ARDUINO_PSI,Arduino,0.000,0.000,0.000,,
119.131415,2026-03-16 16:43:34.872,ARDUINO_PSI,Arduino,0.000,0.000,0.000,,
119.231809,2026-03-16 16:43:34.972,ARDUINO_PSI,Arduino,0.000,0.000,0.000,,
119.331731,2026-03-16 16:43:35.072,ARDUINO_PSI,Arduino,0.000,0.000,0.000,,
119.431641,2026-03-16 16:43:35.172,ARDUINO_PSI,Arduino,0.000,0.000,0.000,,
119.531755,2026-03-16 16:43:35.272,ARDUINO_PSI,Arduino,0.000,0.000,0.000,,
119.632031,2026-03-16 16:43:35.372,ARDUINO_PSI,Arduino,0.000,0.000,0.000,,
119.731711,2026-03-16 16:43:35.472,ARDUINO_PSI,Arduino,0.000,0.000,0.000,,
119.831955,2026-03-16 16:43:35.572,ARDUINO_PSI,Arduino,0.000,0.000,0.000,,
119.931622,2026-03-16 16:43:35.672,ARDUINO_PSI,Arduino,0.000,0.000,0.000,,
120.031648,2026-03-16 16:43:35.772,ARDUINO_PSI,Arduino,0.000,0.000,0.000,,
120.132016,2026-03-16 16:43:35.872,ARDUINO_PSI,Arduino,0.000,0.000,0.000,,
120.231777,2026-03-16 16:43:35.972,ARDUINO_PSI,Arduino,0.000,0.000,0.000,,
120.331280,2026-03-16 16:43:36.071,ARDUINO_PSI,Arduino,0.000,0.000,0.000,,
120.431972,2026-03-16 16:43:36.172,ARDUINO_PSI,Arduino,0.000,0.000,0.000,,
120.531769,2026-03-16 16:43:36.272,ARDUINO_PSI,Arduino,0.000,0.000,0.000,,
120.631919,2026-03-16 16:43:36.372,ARDUINO_PSI,Arduino,0.000,0.000,0.000,,
120.731827,2026-03-16 16:43:36.472,ARDUINO_PSI,Arduino,0.000,0.000,0.000,,
120.831902,2026-03-16 16:43:36.572,ARDUINO_PSI,Arduino,0.000,0.000,0.000,,
120.931729,2026-03-16 16:43:36.672,ARDUINO_PSI,Arduino,0.000,0.000,0.000,,
121.031836,2026-03-16 16:43:36.772,ARDUINO_PSI,Arduino,0.000,0.000,0.000,,
121.131947,2026-03-16 16:43:36.872,ARDUINO_PSI,Arduino,0.000,0.000,0.000,,
121.231881,2026-03-16 16:43:36.972,ARDUINO_PSI,Arduino,0.000,0.000,0.000,,
121.331754,2026-03-16 16:43:37.072,ARDUINO_PSI,Arduino,0.000,0.000,0.000,,
121.432055,2026-03-16 16:43:37.172,ARDUINO_PSI,Arduino,0.000,0.000,0.000,,
121.531704,2026-03-16 16:43:37.272,ARDUINO_PSI,Arduino,0.000,0.000,0.000,,
121.631846,2026-03-16 16:43:37.372,ARDUINO_PSI,Arduino,0.000,0.000,0.000,,
121.731789,2026-03-16 16:43:37.472,ARDUINO_PSI,Arduino,0.000,0.000,0.000,,
121.831736,2026-03-16 16:43:37.572,ARDUINO_PSI,Arduino,0.000,0.000,0.000,,
121.931864,2026-03-16 16:43:37.672,ARDUINO_PSI,Arduino,0.000,0.000,0.000,,
122.031558,2026-03-16 16:43:37.772,ARDUINO_PSI,Arduino,0.000,0.000,0.000,,
122.131733,2026-03-16 16:43:37.872,ARDUINO_PSI,Arduino,0.000,0.000,0.000,,
122.231812,2026-03-16 16:43:37.972,ARDUINO_PSI,Arduino,0.000,0.000,0.000,,
122.331795,2026-03-16 16:43:38.072,ARDUINO_PSI,Arduino,0.000,0.000,0.000,,
122.431796,2026-03-16 16:43:38.172,ARDUINO_PSI,Arduino,0.000,0.000,0.000,,
122.531802,2026-03-16 16:43:38.272,ARDUINO_PSI,Arduino,0.000,0.000,0.000,,
122.631624,2026-03-16 16:43:38.372,ARDUINO_PSI,Arduino,0.000,0.000,0.000,,
122.731544,2026-03-16 16:43:38.472,ARDUINO_PSI,Arduino,0.000,0.000,0.000,,
122.831463,2026-03-16 16:43:38.572,ARDUINO_PSI,Arduino,0.000,0.000,0.000,,
122.932178,2026-03-16 16:43:38.672,ARDUINO_PSI,Arduino,0.000,0.000,0.000,,
123.031731,2026-03-16 16:43:38.772,ARDUINO_PSI,Arduino,0.000,0.000,0.000,,
123.131661,2026-03-16 16:43:38.872,ARDUINO_PSI,Arduino,0.000,0.000,0.000,,
123.231838,2026-03-16 16:43:38.972,ARDUINO_PSI,Arduino,0.000,0.000,0.000,,
123.331818,2026-03-16 16:43:39.072,ARDUINO_PSI,Arduino,0.000,0.000,0.000,,
123.431629,2026-03-16 16:43:39.172,ARDUINO_PSI,Arduino,0.000,0.000,0.000,,
123.531702,2026-03-16 16:43:39.272,ARDUINO_PSI,Arduino,0.000,0.000,0.000,,
123.631852,2026-03-16 16:43:39.372,ARDUINO_PSI,Arduino,0.000,0.000,0.000,,
123.731773,2026-03-16 16:43:39.472,ARDUINO_PSI,Arduino,0.000,0.000,0.000,,
123.831634,2026-03-16 16:43:39.572,ARDUINO_PSI,Arduino,0.000,0.000,0.000,,
123.931607,2026-03-16 16:43:39.672,ARDUINO_PSI,Arduino,0.000,0.000,0.000,,
124.031766,2026-03-16 16:43:39.772,ARDUINO_PSI,Arduino,0.000,0.000,0.000,,
124.131631,2026-03-16 16:43:39.872,ARDUINO_PSI,Arduino,0.000,0.000,0.000,,
124.231784,2026-03-16 16:43:39.972,ARDUINO_PSI,Arduino,0.000,0.000,0.000,,
124.331746,2026-03-16 16:43:40.072,ARDUINO_PSI,Arduino,0.000,0.000,0.000,,
124.431567,2026-03-16 16:43:40.172,ARDUINO_PSI,Arduino,0.000,0.000,0.000,,
124.531977,2026-03-16 16:43:40.272,ARDUINO_PSI,Arduino,0.000,0.000,0.000,,
124.632318,2026-03-16 16:43:40.372,ARDUINO_PSI,Arduino,0.000,0.000,0.000,,
124.731880,2026-03-16 16:43:40.472,ARDUINO_PSI,Arduino,0.000,0.000,0.000,,
124.831744,2026-03-16 16:43:40.572,ARDUINO_PSI,Arduino,0.000,0.000,0.000,,
124.931796,2026-03-16 16:43:40.672,ARDUINO_PSI,Arduino,0.000,0.000,0.000,,
125.031737,2026-03-16 16:43:40.772,ARDUINO_PSI,Arduino,0.000,0.000,0.000,,
125.131670,2026-03-16 16:43:40.872,ARDUINO_PSI,Arduino,0.000,0.000,0.000,,
125.231624,2026-03-16 16:43:40.972,ARDUINO_PSI,Arduino,0.000,0.000,0.000,,
125.331831,2026-03-16 16:43:41.072,ARDUINO_PSI,Arduino,0.000,0.000,0.000,,
125.431840,2026-03-16 16:43:41.172,ARDUINO_PSI,Arduino,0.000,0.000,0.000,,
125.531807,2026-03-16 16:43:41.272,ARDUINO_PSI,Arduino,0.000,0.000,0.000,,
125.631768,2026-03-16 16:43:41.372,ARDUINO_PSI,Arduino,0.000,0.000,0.000,,
125.731751,2026-03-16 16:43:41.472,ARDUINO_PSI,Arduino,0.000,0.000,0.000,,
125.832321,2026-03-16 16:43:41.572,ARDUINO_PSI,Arduino,0.000,0.000,0.000,,
125.931694,2026-03-16 16:43:41.672,ARDUINO_PSI,Arduino,0.000,0.000,0.000,,
126.031783,2026-03-16 16:43:41.772,ARDUINO_PSI,Arduino,0.000,0.000,0.000,,
126.131905,2026-03-16 16:43:41.872,ARDUINO_PSI,Arduino,0.000,0.000,0.000,,
126.232049,2026-03-16 16:43:41.972,ARDUINO_PSI,Arduino,0.000,0.000,0.000,,
126.331541,2026-03-16 16:43:42.072,ARDUINO_PSI,Arduino,0.000,0.000,0.000,,
126.431911,2026-03-16 16:43:42.172,ARDUINO_PSI,Arduino,0.000,0.000,0.000,,
126.531966,2026-03-16 16:43:42.272,ARDUINO_PSI,Arduino,0.000,0.000,0.000,,
126.631768,2026-03-16 16:43:42.372,ARDUINO_PSI,Arduino,0.000,0.000,0.000,,
126.732179,2026-03-16 16:43:42.472,ARDUINO_PSI,Arduino,0.000,0.000,0.000,,
126.831712,2026-03-16 16:43:42.572,ARDUINO_PSI,Arduino,0.000,0.000,0.000,,
126.931843,2026-03-16 16:43:42.672,ARDUINO_PSI,Arduino,0.000,0.000,0.000,,
127.031510,2026-03-16 16:43:42.772,ARDUINO_PSI,Arduino,0.000,0.000,0.000,,
127.131805,2026-03-16 16:43:42.872,ARDUINO_PSI,Arduino,0.000,0.000,0.000,,
127.231755,2026-03-16 16:43:42.972,ARDUINO_PSI,Arduino,0.000,0.000,0.000,,
127.331530,2026-03-16 16:43:43.072,ARDUINO_PSI,Arduino,0.000,0.000,0.000,,
127.431946,2026-03-16 16:43:43.172,ARDUINO_PSI,Arduino,0.000,0.000,0.000,,
127.531661,2026-03-16 16:43:43.272,ARDUINO_PSI,Arduino,0.000,0.000,0.000,,
127.631603,2026-03-16 16:43:43.372,ARDUINO_PSI,Arduino,0.000,0.000,0.000,,
127.731820,2026-03-16 16:43:43.472,ARDUINO_PSI,Arduino,0.000,0.000,0.000,,
127.831800,2026-03-16 16:43:43.572,ARDUINO_PSI,Arduino,0.000,0.000,0.000,,
127.931877,2026-03-16 16:43:43.672,ARDUINO_PSI,Arduino,0.000,0.000,0.000,,
128.031862,2026-03-16 16:43:43.772,ARDUINO_PSI,Arduino,0.000,0.000,0.000,,
128.131943,2026-03-16 16:43:43.872,ARDUINO_PSI,Arduino,0.000,0.000,0.000,,
128.231805,2026-03-16 16:43:43.972,ARDUINO_PSI,Arduino,0.000,0.000,0.000,,
128.331769,2026-03-16 16:43:44.072,ARDUINO_PSI,Arduino,0.000,0.000,0.000,,
128.431789,2026-03-16 16:43:44.172,ARDUINO_PSI,Arduino,0.000,0.000,0.000,,
128.531890,2026-03-16 16:43:44.272,ARDUINO_PSI,Arduino,0.000,0.000,0.000,,
128.631831,2026-03-16 16:43:44.372,ARDUINO_PSI,Arduino,0.000,0.000,0.000,,
128.731827,2026-03-16 16:43:44.472,ARDUINO_PSI,Arduino,0.000,0.000,0.000,,
128.831486,2026-03-16 16:43:44.572,ARDUINO_PSI,Arduino,0.000,0.000,0.000,,
128.931646,2026-03-16 16:43:44.672,ARDUINO_PSI,Arduino,0.000,0.000,0.000,,
129.031887,2026-03-16 16:43:44.772,ARDUINO_PSI,Arduino,0.000,0.000,0.000,,
129.131904,2026-03-16 16:43:44.872,ARDUINO_PSI,Arduino,0.000,0.000,0.000,,
129.231776,2026-03-16 16:43:44.972,ARDUINO_PSI,Arduino,0.000,0.000,0.000,,
129.331752,2026-03-16 16:43:45.072,ARDUINO_PSI,Arduino,0.000,0.000,0.000,,
129.431945,2026-03-16 16:43:45.172,ARDUINO_PSI,Arduino,0.000,0.000,0.000,,
129.531935,2026-03-16 16:43:45.272,ARDUINO_PSI,Arduino,0.000,0.000,0.000,,
129.631783,2026-03-16 16:43:45.372,ARDUINO_PSI,Arduino,0.000,0.000,0.000,,
129.731647,2026-03-16 16:43:45.472,ARDUINO_PSI,Arduino,0.000,0.000,0.000,,
129.831282,2026-03-16 16:43:45.571,ARDUINO_PSI,Arduino,0.000,0.000,0.000,,
129.931679,2026-03-16 16:43:45.672,ARDUINO_PSI,Arduino,0.000,0.000,0.000,,
130.031893,2026-03-16 16:43:45.772,ARDUINO_PSI,Arduino,0.000,0.000,0.000,,
130.131809,2026-03-16 16:43:45.872,ARDUINO_PSI,Arduino,0.000,0.000,0.000,,
130.231921,2026-03-16 16:43:45.972,ARDUINO_PSI,Arduino,0.000,0.000,0.000,,
130.331732,2026-03-16 16:43:46.072,ARDUINO_PSI,Arduino,0.000,0.000,0.000,,
130.431902,2026-03-16 16:43:46.172,ARDUINO_PSI,Arduino,0.000,0.000,0.000,,
130.532111,2026-03-16 16:43:46.272,ARDUINO_PSI,Arduino,0.000,0.000,0.000,,
130.631791,2026-03-16 16:43:46.372,ARDUINO_PSI,Arduino,0.000,0.000,0.000,,
130.731967,2026-03-16 16:43:46.472,ARDUINO_PSI,Arduino,0.000,0.000,0.000,,
130.831439,2026-03-16 16:43:46.572,ARDUINO_PSI,Arduino,0.000,0.000,0.000,,
130.931672,2026-03-16 16:43:46.672,ARDUINO_PSI,Arduino,0.000,0.000,0.000,,
131.031873,2026-03-16 16:43:46.772,ARDUINO_PSI,Arduino,0.000,0.000,0.000,,
131.131802,2026-03-16 16:43:46.872,ARDUINO_PSI,Arduino,0.000,0.000,0.000,,
131.231726,2026-03-16 16:43:46.972,ARDUINO_PSI,Arduino,0.000,0.000,0.000,,
131.331914,2026-03-16 16:43:47.072,ARDUINO_PSI,Arduino,0.000,0.000,0.000,,
131.431779,2026-03-16 16:43:47.172,ARDUINO_PSI,Arduino,0.000,0.000,0.000,,
131.531808,2026-03-16 16:43:47.272,ARDUINO_PSI,Arduino,0.000,0.000,0.000,,
131.631339,2026-03-16 16:43:47.371,ARDUINO_PSI,Arduino,0.000,0.000,0.000,,
131.731812,2026-03-16 16:43:47.472,ARDUINO_PSI,Arduino,0.000,0.000,0.000,,
131.831899,2026-03-16 16:43:47.572,ARDUINO_PSI,Arduino,0.000,0.000,0.000,,
131.931959,2026-03-16 16:43:47.672,ARDUINO_PSI,Arduino,0.000,0.000,0.000,,
132.031878,2026-03-16 16:43:47.772,ARDUINO_PSI,Arduino,0.000,0.000,0.000,,
132.131836,2026-03-16 16:43:47.872,ARDUINO_PSI,Arduino,0.000,0.000,0.000,,
132.232161,2026-03-16 16:43:47.972,ARDUINO_PSI,Arduino,0.000,0.000,0.000,,
132.331704,2026-03-16 16:43:48.072,ARDUINO_PSI,Arduino,0.000,0.000,0.000,,
132.431874,2026-03-16 16:43:48.172,ARDUINO_PSI,Arduino,0.000,0.000,0.000,,
132.531763,2026-03-16 16:43:48.272,ARDUINO_PSI,Arduino,0.000,0.000,0.000,,
132.631756,2026-03-16 16:43:48.372,ARDUINO_PSI,Arduino,0.000,0.000,0.000,,
132.731834,2026-03-16 16:43:48.472,ARDUINO_PSI,Arduino,0.000,0.000,0.000,,
132.831452,2026-03-16 16:43:48.572,ARDUINO_PSI,Arduino,0.000,0.000,0.000,,
132.931766,2026-03-16 16:43:48.672,ARDUINO_PSI,Arduino,0.000,0.000,0.000,,
133.031926,2026-03-16 16:43:48.772,ARDUINO_PSI,Arduino,0.000,0.000,0.000,,
133.131833,2026-03-16 16:43:48.872,ARDUINO_PSI,Arduino,0.000,0.000,0.000,,
133.231692,2026-03-16 16:43:48.972,ARDUINO_PSI,Arduino,0.000,0.000,0.000,,
133.331682,2026-03-16 16:43:49.072,ARDUINO_PSI,Arduino,0.000,0.000,0.000,,
133.431776,2026-03-16 16:43:49.172,ARDUINO_PSI,Arduino,0.000,0.000,0.000,,
133.531781,2026-03-16 16:43:49.272,ARDUINO_PSI,Arduino,0.000,0.000,0.000,,
133.631714,2026-03-16 16:43:49.372,ARDUINO_PSI,Arduino,0.000,0.000,0.000,,
133.732132,2026-03-16 16:43:49.472,ARDUINO_PSI,Arduino,0.000,0.000,0.000,,
133.831754,2026-03-16 16:43:49.572,ARDUINO_PSI,Arduino,0.000,0.000,0.000,,
133.931891,2026-03-16 16:43:49.672,ARDUINO_PSI,Arduino,0.000,0.000,0.000,,
134.031706,2026-03-16 16:43:49.772,ARDUINO_PSI,Arduino,0.000,0.000,0.000,,
134.132038,2026-03-16 16:43:49.872,ARDUINO_PSI,Arduino,0.000,0.000,0.000,,
134.231817,2026-03-16 16:43:49.972,ARDUINO_PSI,Arduino,0.000,0.000,0.000,,
134.331735,2026-03-16 16:43:50.072,ARDUINO_PSI,Arduino,0.000,0.000,0.000,,
134.431874,2026-03-16 16:43:50.172,ARDUINO_PSI,Arduino,0.000,0.000,0.000,,
134.532418,2026-03-16 16:43:50.273,ARDUINO_PSI,Arduino,0.000,0.000,0.000,,
134.631812,2026-03-16 16:43:50.372,ARDUINO_PSI,Arduino,0.000,0.000,0.000,,
134.731500,2026-03-16 16:43:50.472,ARDUINO_PSI,Arduino,0.000,0.000,0.000,,
134.832064,2026-03-16 16:43:50.572,ARDUINO_PSI,Arduino,0.000,0.000,0.000,,
134.932444,2026-03-16 16:43:50.673,ARDUINO_PSI,Arduino,0.000,0.000,0.000,,
135.031882,2026-03-16 16:43:50.772,ARDUINO_PSI,Arduino,0.000,0.000,0.000,,
135.131909,2026-03-16 16:43:50.872,ARDUINO_PSI,Arduino,0.000,0.000,0.000,,
135.231939,2026-03-16 16:43:50.972,ARDUINO_PSI,Arduino,0.000,0.000,0.000,,
135.331735,2026-03-16 16:43:51.072,ARDUINO_PSI,Arduino,0.000,0.000,0.000,,
135.431935,2026-03-16 16:43:51.172,ARDUINO_PSI,Arduino,0.000,0.000,0.000,,
135.531865,2026-03-16 16:43:51.272,ARDUINO_PSI,Arduino,0.000,0.000,0.000,,
135.631939,2026-03-16 16:43:51.372,ARDUINO_PSI,Arduino,0.000,0.000,0.000,,
135.731642,2026-03-16 16:43:51.472,ARDUINO_PSI,Arduino,0.000,0.000,0.000,,
135.831851,2026-03-16 16:43:51.572,ARDUINO_PSI,Arduino,0.000,0.000,0.000,,
135.931817,2026-03-16 16:43:51.672,ARDUINO_PSI,Arduino,0.000,0.000,0.000,,
136.031737,2026-03-16 16:43:51.772,ARDUINO_PSI,Arduino,0.000,0.000,0.000,,
136.131925,2026-03-16 16:43:51.872,ARDUINO_PSI,Arduino,0.000,0.000,0.000,,
136.231750,2026-03-16 16:43:51.972,ARDUINO_PSI,Arduino,0.000,0.000,0.000,,
136.331801,2026-03-16 16:43:52.072,ARDUINO_PSI,Arduino,0.000,0.000,0.000,,
136.431936,2026-03-16 16:43:52.172,ARDUINO_PSI,Arduino,0.000,0.000,0.000,,
136.531715,2026-03-16 16:43:52.272,ARDUINO_PSI,Arduino,0.000,0.000,0.000,,
136.631803,2026-03-16 16:43:52.372,ARDUINO_PSI,Arduino,0.000,0.000,0.000,,
136.731772,2026-03-16 16:43:52.472,ARDUINO_PSI,Arduino,0.000,0.000,0.000,,
136.831910,2026-03-16 16:43:52.572,ARDUINO_PSI,Arduino,0.000,0.000,0.000,,
136.931732,2026-03-16 16:43:52.672,ARDUINO_PSI,Arduino,0.000,0.000,0.000,,
137.031603,2026-03-16 16:43:52.772,ARDUINO_PSI,Arduino,0.000,0.000,0.000,,
137.131744,2026-03-16 16:43:52.872,ARDUINO_PSI,Arduino,0.000,0.000,0.000,,
137.231880,2026-03-16 16:43:52.972,ARDUINO_PSI,Arduino,0.000,0.000,0.000,,
137.332454,2026-03-16 16:43:53.073,ARDUINO_PSI,Arduino,0.000,0.000,0.000,,
137.431622,2026-03-16 16:43:53.172,ARDUINO_PSI,Arduino,0.000,0.000,0.000,,
137.532050,2026-03-16 16:43:53.272,ARDUINO_PSI,Arduino,0.000,0.000,0.000,,
137.631721,2026-03-16 16:43:53.372,ARDUINO_PSI,Arduino,0.000,0.000,0.000,,
137.731956,2026-03-16 16:43:53.472,ARDUINO_PSI,Arduino,0.000,0.000,0.000,,
137.831869,2026-03-16 16:43:53.572,ARDUINO_PSI,Arduino,0.000,0.000,0.000,,
137.931895,2026-03-16 16:43:53.672,ARDUINO_PSI,Arduino,0.000,0.000,0.000,,
138.031971,2026-03-16 16:43:53.772,ARDUINO_PSI,Arduino,0.000,0.000,0.000,,
138.131838,2026-03-16 16:43:53.872,ARDUINO_PSI,Arduino,0.000,0.000,0.000,,
138.231591,2026-03-16 16:43:53.972,ARDUINO_PSI,Arduino,0.000,0.000,0.000,,
138.331871,2026-03-16 16:43:54.072,ARDUINO_PSI,Arduino,0.000,0.000,0.000,,
138.431854,2026-03-16 16:43:54.172,ARDUINO_PSI,Arduino,0.000,0.000,0.000,,
138.531676,2026-03-16 16:43:54.272,ARDUINO_PSI,Arduino,0.000,0.000,0.000,,
138.631814,2026-03-16 16:43:54.372,ARDUINO_PSI,Arduino,0.000,0.000,0.000,,
138.731798,2026-03-16 16:43:54.472,ARDUINO_PSI,Arduino,0.000,0.000,0.000,,
138.831992,2026-03-16 16:43:54.572,ARDUINO_PSI,Arduino,0.000,0.000,0.000,,
138.931964,2026-03-16 16:43:54.672,ARDUINO_PSI,Arduino,0.000,0.000,0.000,,
139.031803,2026-03-16 16:43:54.772,ARDUINO_PSI,Arduino,0.000,0.000,0.000,,
139.131835,2026-03-16 16:43:54.872,ARDUINO_PSI,Arduino,0.000,0.000,0.000,,
139.231787,2026-03-16 16:43:54.972,ARDUINO_PSI,Arduino,0.000,0.000,0.000,,
139.331900,2026-03-16 16:43:55.072,ARDUINO_PSI,Arduino,0.000,0.000,0.000,,
139.431832,2026-03-16 16:43:55.172,ARDUINO_PSI,Arduino,0.000,0.000,0.000,,
139.531854,2026-03-16 16:43:55.272,ARDUINO_PSI,Arduino,0.000,0.000,0.000,,
139.631977,2026-03-16 16:43:55.372,ARDUINO_PSI,Arduino,0.000,0.000,0.000,,
139.731719,2026-03-16 16:43:55.472,ARDUINO_PSI,Arduino,0.000,0.000,0.000,,
139.831618,2026-03-16 16:43:55.572,ARDUINO_PSI,Arduino,0.000,0.000,0.000,,
139.931722,2026-03-16 16:43:55.672,ARDUINO_PSI,Arduino,0.000,0.000,0.000,,
140.031688,2026-03-16 16:43:55.772,ARDUINO_PSI,Arduino,0.000,0.000,0.000,,
140.131844,2026-03-16 16:43:55.872,ARDUINO_PSI,Arduino,0.000,0.000,0.000,,
140.231784,2026-03-16 16:43:55.972,ARDUINO_PSI,Arduino,0.000,0.000,0.000,,
140.332071,2026-03-16 16:43:56.072,ARDUINO_PSI,Arduino,0.000,0.000,0.000,,
140.432043,2026-03-16 16:43:56.172,ARDUINO_PSI,Arduino,0.000,0.000,0.000,,
140.531917,2026-03-16 16:43:56.272,ARDUINO_PSI,Arduino,0.000,0.000,0.000,,
140.631811,2026-03-16 16:43:56.372,ARDUINO_PSI,Arduino,0.000,0.000,0.000,,
140.731813,2026-03-16 16:43:56.472,ARDUINO_PSI,Arduino,0.000,0.000,0.000,,
140.831909,2026-03-16 16:43:56.572,ARDUINO_PSI,Arduino,0.000,0.000,0.000,,
140.931858,2026-03-16 16:43:56.672,ARDUINO_PSI,Arduino,0.000,0.000,0.000,,
141.032760,2026-03-16 16:43:56.773,ARDUINO_PSI,Arduino,0.000,0.000,0.000,,
141.131817,2026-03-16 16:43:56.872,ARDUINO_PSI,Arduino,0.000,0.000,0.000,,
141.231850,2026-03-16 16:43:56.972,ARDUINO_PSI,Arduino,0.000,0.000,0.000,,
141.331875,2026-03-16 16:43:57.072,ARDUINO_PSI,Arduino,0.000,0.000,0.000,,
141.431900,2026-03-16 16:43:57.172,ARDUINO_PSI,Arduino,0.000,0.000,0.000,,
141.531943,2026-03-16 16:43:57.272,ARDUINO_PSI,Arduino,0.000,0.000,0.000,,
141.631718,2026-03-16 16:43:57.372,ARDUINO_PSI,Arduino,0.000,0.000,0.000,,
141.731752,2026-03-16 16:43:57.472,ARDUINO_PSI,Arduino,0.000,0.000,0.000,,
141.831478,2026-03-16 16:43:57.572,ARDUINO_PSI,Arduino,0.000,0.000,0.000,,
141.931967,2026-03-16 16:43:57.672,ARDUINO_PSI,Arduino,0.000,0.000,0.000,,
142.031371,2026-03-16 16:43:57.771,ARDUINO_PSI,Arduino,0.000,0.000,0.000,,
142.131723,2026-03-16 16:43:57.872,ARDUINO_PSI,Arduino,0.000,0.000,0.000,,
142.232531,2026-03-16 16:43:57.973,ARDUINO_PSI,Arduino,0.000,0.000,0.000,,
142.331789,2026-03-16 16:43:58.072,ARDUINO_PSI,Arduino,0.000,0.000,0.000,,
142.431975,2026-03-16 16:43:58.172,ARDUINO_PSI,Arduino,0.000,0.000,0.000,,
142.531917,2026-03-16 16:43:58.272,ARDUINO_PSI,Arduino,0.000,0.000,0.000,,
142.631950,2026-03-16 16:43:58.372,ARDUINO_PSI,Arduino,0.000,0.000,0.000,,
142.732179,2026-03-16 16:43:58.472,ARDUINO_PSI,Arduino,0.000,0.000,0.000,,
142.831885,2026-03-16 16:43:58.572,ARDUINO_PSI,Arduino,0.000,0.000,0.000,,
142.931825,2026-03-16 16:43:58.672,ARDUINO_PSI,Arduino,0.000,0.000,0.000,,
143.031862,2026-03-16 16:43:58.772,ARDUINO_PSI,Arduino,0.000,0.000,0.000,,
143.131848,2026-03-16 16:43:58.872,ARDUINO_PSI,Arduino,0.000,0.000,0.000,,
143.231805,2026-03-16 16:43:58.972,ARDUINO_PSI,Arduino,0.000,0.000,0.000,,
143.331840,2026-03-16 16:43:59.072,ARDUINO_PSI,Arduino,0.000,0.000,0.000,,
143.432019,2026-03-16 16:43:59.172,ARDUINO_PSI,Arduino,0.000,0.000,0.000,,
143.531858,2026-03-16 16:43:59.272,ARDUINO_PSI,Arduino,0.000,0.000,0.000,,
143.631913,2026-03-16 16:43:59.372,ARDUINO_PSI,Arduino,0.000,0.000,0.000,,
143.731867,2026-03-16 16:43:59.472,ARDUINO_PSI,Arduino,0.000,0.000,0.000,,
143.831327,2026-03-16 16:43:59.571,ARDUINO_PSI,Arduino,0.000,0.000,0.000,,
143.932287,2026-03-16 16:43:59.672,ARDUINO_PSI,Arduino,0.000,0.000,0.000,,
144.031636,2026-03-16 16:43:59.772,ARDUINO_PSI,Arduino,0.000,0.000,0.000,,
144.131618,2026-03-16 16:43:59.872,ARDUINO_PSI,Arduino,0.000,0.000,0.000,,
144.231827,2026-03-16 16:43:59.972,ARDUINO_PSI,Arduino,0.000,0.000,0.000,,
144.331729,2026-03-16 16:44:00.072,ARDUINO_PSI,Arduino,0.000,0.000,0.000,,
144.432059,2026-03-16 16:44:00.172,ARDUINO_PSI,Arduino,0.000,0.000,0.000,,
144.531631,2026-03-16 16:44:00.272,ARDUINO_PSI,Arduino,0.000,0.000,0.000,,
144.631861,2026-03-16 16:44:00.372,ARDUINO_PSI,Arduino,0.000,0.000,0.000,,
144.731675,2026-03-16 16:44:00.472,ARDUINO_PSI,Arduino,0.000,0.000,0.000,,
144.831962,2026-03-16 16:44:00.572,ARDUINO_PSI,Arduino,0.000,0.000,0.000,,
144.931783,2026-03-16 16:44:00.672,ARDUINO_PSI,Arduino,0.000,0.000,0.000,,
145.031818,2026-03-16 16:44:00.772,ARDUINO_PSI,Arduino,0.000,0.000,0.000,,
145.131573,2026-03-16 16:44:00.872,ARDUINO_PSI,Arduino,0.000,0.000,0.000,,
145.231727,2026-03-16 16:44:00.972,ARDUINO_PSI,Arduino,0.000,0.000,0.000,,
145.331714,2026-03-16 16:44:01.072,ARDUINO_PSI,Arduino,0.000,0.000,0.000,,
145.431618,2026-03-16 16:44:01.172,ARDUINO_PSI,Arduino,0.000,0.000,0.000,,
145.531671,2026-03-16 16:44:01.272,ARDUINO_PSI,Arduino,0.000,0.000,0.000,,
145.631876,2026-03-16 16:44:01.372,ARDUINO_PSI,Arduino,0.000,0.000,0.000,,
145.731581,2026-03-16 16:44:01.472,ARDUINO_PSI,Arduino,0.000,0.000,0.000,,
145.831876,2026-03-16 16:44:01.572,ARDUINO_PSI,Arduino,0.000,0.000,0.000,,
145.931803,2026-03-16 16:44:01.672,ARDUINO_PSI,Arduino,0.000,0.000,0.000,,
146.031983,2026-03-16 16:44:01.772,ARDUINO_PSI,Arduino,0.000,0.000,0.000,,
146.131741,2026-03-16 16:44:01.872,ARDUINO_PSI,Arduino,0.000,0.000,0.000,,
146.231590,2026-03-16 16:44:01.972,ARDUINO_PSI,Arduino,0.000,0.000,0.000,,
146.331760,2026-03-16 16:44:02.072,ARDUINO_PSI,Arduino,0.000,0.000,0.000,,
146.431947,2026-03-16 16:44:02.172,ARDUINO_PSI,Arduino,0.000,0.000,0.000,,
146.531790,2026-03-16 16:44:02.272,ARDUINO_PSI,Arduino,0.000,0.000,0.000,,
146.631602,2026-03-16 16:44:02.372,ARDUINO_PSI,Arduino,0.000,0.000,0.000,,
146.731733,2026-03-16 16:44:02.472,ARDUINO_PSI,Arduino,0.000,0.000,0.000,,
146.831733,2026-03-16 16:44:02.572,ARDUINO_PSI,Arduino,0.000,0.000,0.000,,
146.931700,2026-03-16 16:44:02.672,ARDUINO_PSI,Arduino,0.000,0.000,0.000,,
147.031267,2026-03-16 16:44:02.771,ARDUINO_PSI,Arduino,0.000,0.000,0.000,,
147.131765,2026-03-16 16:44:02.872,ARDUINO_PSI,Arduino,0.000,0.000,0.000,,
147.231661,2026-03-16 16:44:02.972,ARDUINO_PSI,Arduino,0.000,0.000,0.000,,
147.331959,2026-03-16 16:44:03.072,ARDUINO_PSI,Arduino,0.000,0.000,0.000,,
147.431697,2026-03-16 16:44:03.172,ARDUINO_PSI,Arduino,0.000,0.000,0.000,,
147.531831,2026-03-16 16:44:03.272,ARDUINO_PSI,Arduino,0.000,0.000,0.000,,
147.631871,2026-03-16 16:44:03.372,ARDUINO_PSI,Arduino,0.000,0.000,0.000,,
147.731809,2026-03-16 16:44:03.472,ARDUINO_PSI,Arduino,0.000,0.000,0.000,,
147.831531,2026-03-16 16:44:03.572,ARDUINO_PSI,Arduino,0.000,0.000,0.000,,
147.931784,2026-03-16 16:44:03.672,ARDUINO_PSI,Arduino,0.000,0.000,0.000,,
148.031651,2026-03-16 16:44:03.772,ARDUINO_PSI,Arduino,0.000,0.000,0.000,,
148.131781,2026-03-16 16:44:03.872,ARDUINO_PSI,Arduino,0.000,0.000,0.000,,
148.231657,2026-03-16 16:44:03.972,ARDUINO_PSI,Arduino,0.000,0.000,0.000,,
148.331633,2026-03-16 16:44:04.072,ARDUINO_PSI,Arduino,0.000,0.000,0.000,,
148.431716,2026-03-16 16:44:04.172,ARDUINO_PSI,Arduino,0.000,0.000,0.000,,
148.531908,2026-03-16 16:44:04.272,ARDUINO_PSI,Arduino,0.000,0.000,0.000,,
148.631914,2026-03-16 16:44:04.372,ARDUINO_PSI,Arduino,0.000,0.000,0.000,,
148.731842,2026-03-16 16:44:04.472,ARDUINO_PSI,Arduino,0.000,0.000,0.000,,
148.831531,2026-03-16 16:44:04.572,ARDUINO_PSI,Arduino,0.000,0.000,0.000,,
148.932026,2026-03-16 16:44:04.672,ARDUINO_PSI,Arduino,0.000,0.000,0.000,,
149.031682,2026-03-16 16:44:04.772,ARDUINO_PSI,Arduino,0.000,0.000,0.000,,
149.131889,2026-03-16 16:44:04.872,ARDUINO_PSI,Arduino,0.000,0.000,0.000,,
149.231805,2026-03-16 16:44:04.972,ARDUINO_PSI,Arduino,0.000,0.000,0.000,,
149.331903,2026-03-16 16:44:05.072,ARDUINO_PSI,Arduino,0.000,0.000,0.000,,
149.431386,2026-03-16 16:44:05.172,ARDUINO_PSI,Arduino,0.000,0.000,0.000,,
149.531868,2026-03-16 16:44:05.272,ARDUINO_PSI,Arduino,0.000,0.000,0.000,,
149.631803,2026-03-16 16:44:05.372,ARDUINO_PSI,Arduino,0.000,0.000,0.000,,
149.731685,2026-03-16 16:44:05.472,ARDUINO_PSI,Arduino,0.000,0.000,0.000,,
149.831730,2026-03-16 16:44:05.572,ARDUINO_PSI,Arduino,0.000,0.000,0.000,,
149.931923,2026-03-16 16:44:05.672,ARDUINO_PSI,Arduino,0.000,0.000,0.000,,
150.032138,2026-03-16 16:44:05.772,ARDUINO_PSI,Arduino,0.000,0.000,0.000,,
150.131290,2026-03-16 16:44:05.871,ARDUINO_PSI,Arduino,0.000,0.000,0.000,,
150.231970,2026-03-16 16:44:05.972,ARDUINO_PSI,Arduino,0.000,0.000,0.000,,
150.331896,2026-03-16 16:44:06.072,ARDUINO_PSI,Arduino,0.000,0.000,0.000,,
150.431957,2026-03-16 16:44:06.172,ARDUINO_PSI,Arduino,0.000,0.000,0.000,,
150.531829,2026-03-16 16:44:06.272,ARDUINO_PSI,Arduino,0.000,0.000,0.000,,
150.631647,2026-03-16 16:44:06.372,ARDUINO_PSI,Arduino,0.000,0.000,0.000,,
150.732551,2026-03-16 16:44:06.473,ARDUINO_PSI,Arduino,0.000,0.000,0.000,,
150.831531,2026-03-16 16:44:06.572,ARDUINO_PSI,Arduino,0.000,0.000,0.000,,
150.931724,2026-03-16 16:44:06.672,ARDUINO_PSI,Arduino,0.000,0.000,0.000,,
151.031677,2026-03-16 16:44:06.772,ARDUINO_PSI,Arduino,0.000,0.000,0.000,,
151.131800,2026-03-16 16:44:06.872,ARDUINO_PSI,Arduino,0.000,0.000,0.000,,
151.231785,2026-03-16 16:44:06.972,ARDUINO_PSI,Arduino,0.000,0.000,0.000,,
151.331907,2026-03-16 16:44:07.072,ARDUINO_PSI,Arduino,0.000,0.000,0.000,,
151.431832,2026-03-16 16:44:07.172,ARDUINO_PSI,Arduino,0.000,0.000,0.000,,
151.531799,2026-03-16 16:44:07.272,ARDUINO_PSI,Arduino,0.000,0.000,0.000,,
151.631901,2026-03-16 16:44:07.372,ARDUINO_PSI,Arduino,0.000,0.000,0.000,,
151.731785,2026-03-16 16:44:07.472,ARDUINO_PSI,Arduino,0.000,0.000,0.000,,
151.831649,2026-03-16 16:44:07.572,ARDUINO_PSI,Arduino,0.000,0.000,0.000,,
151.932139,2026-03-16 16:44:07.672,ARDUINO_PSI,Arduino,0.000,0.000,0.000,,
152.031939,2026-03-16 16:44:07.772,ARDUINO_PSI,Arduino,0.000,0.000,0.000,,
152.131764,2026-03-16 16:44:07.872,ARDUINO_PSI,Arduino,0.000,0.000,0.000,,
152.231375,2026-03-16 16:44:07.972,ARDUINO_PSI,Arduino,0.000,0.000,0.000,,
152.331955,2026-03-16 16:44:08.072,ARDUINO_PSI,Arduino,0.000,0.000,0.000,,
152.432116,2026-03-16 16:44:08.172,ARDUINO_PSI,Arduino,0.000,0.000,0.000,,
152.531697,2026-03-16 16:44:08.272,ARDUINO_PSI,Arduino,0.000,0.000,0.000,,
152.632194,2026-03-16 16:44:08.372,ARDUINO_PSI,Arduino,0.000,0.000,0.000,,
152.731827,2026-03-16 16:44:08.472,ARDUINO_PSI,Arduino,0.000,0.000,0.000,,
152.831705,2026-03-16 16:44:08.572,ARDUINO_PSI,Arduino,0.000,0.000,0.000,,
152.931816,2026-03-16 16:44:08.672,ARDUINO_PSI,Arduino,0.000,0.000,0.000,,
153.031864,2026-03-16 16:44:08.772,ARDUINO_PSI,Arduino,0.000,0.000,0.000,,
153.131721,2026-03-16 16:44:08.872,ARDUINO_PSI,Arduino,0.000,0.000,0.000,,
153.231394,2026-03-16 16:44:08.972,ARDUINO_PSI,Arduino,0.000,0.000,0.000,,
153.331889,2026-03-16 16:44:09.072,ARDUINO_PSI,Arduino,0.000,0.000,0.000,,
153.431812,2026-03-16 16:44:09.172,ARDUINO_PSI,Arduino,0.000,0.000,0.000,,
153.531770,2026-03-16 16:44:09.272,ARDUINO_PSI,Arduino,0.000,0.000,0.000,,
153.631786,2026-03-16 16:44:09.372,ARDUINO_PSI,Arduino,0.000,0.000,0.000,,
153.731722,2026-03-16 16:44:09.472,ARDUINO_PSI,Arduino,0.000,0.000,0.000,,
153.831929,2026-03-16 16:44:09.572,ARDUINO_PSI,Arduino,0.000,0.000,0.000,,
153.932007,2026-03-16 16:44:09.672,ARDUINO_PSI,Arduino,0.000,0.000,0.000,,
154.032014,2026-03-16 16:44:09.772,ARDUINO_PSI,Arduino,0.000,0.000,0.000,,
154.131828,2026-03-16 16:44:09.872,ARDUINO_PSI,Arduino,0.000,0.000,0.000,,
154.231726,2026-03-16 16:44:09.972,ARDUINO_PSI,Arduino,0.000,0.000,0.000,,
154.331930,2026-03-16 16:44:10.072,ARDUINO_PSI,Arduino,0.000,0.000,0.000,,
154.431348,2026-03-16 16:44:10.171,ARDUINO_PSI,Arduino,0.000,0.000,0.000,,
154.532282,2026-03-16 16:44:10.272,ARDUINO_PSI,Arduino,0.000,0.000,0.000,,
154.631720,2026-03-16 16:44:10.372,ARDUINO_PSI,Arduino,0.000,0.000,0.000,,
154.731905,2026-03-16 16:44:10.472,ARDUINO_PSI,Arduino,0.000,0.000,0.000,,
154.831868,2026-03-16 16:44:10.572,ARDUINO_PSI,Arduino,0.000,0.000,0.000,,
154.931894,2026-03-16 16:44:10.672,ARDUINO_PSI,Arduino,0.000,0.000,0.000,,
155.031686,2026-03-16 16:44:10.772,ARDUINO_PSI,Arduino,0.000,0.000,0.000,,
155.131812,2026-03-16 16:44:10.872,ARDUINO_PSI,Arduino,0.000,0.000,0.000,,
155.231935,2026-03-16 16:44:10.972,ARDUINO_PSI,Arduino,0.000,0.000,0.000,,
155.331686,2026-03-16 16:44:11.072,ARDUINO_PSI,Arduino,0.000,0.000,0.000,,
155.431824,2026-03-16 16:44:11.172,ARDUINO_PSI,Arduino,0.000,0.000,0.000,,
155.531759,2026-03-16 16:44:11.272,ARDUINO_PSI,Arduino,0.000,0.000,0.000,,
155.631810,2026-03-16 16:44:11.372,ARDUINO_PSI,Arduino,0.000,0.000,0.000,,
155.732039,2026-03-16 16:44:11.472,ARDUINO_PSI,Arduino,0.000,0.000,0.000,,
155.831771,2026-03-16 16:44:11.572,ARDUINO_PSI,Arduino,0.000,0.000,0.000,,
155.932273,2026-03-16 16:44:11.672,ARDUINO_PSI,Arduino,0.000,0.000,0.000,,
156.031475,2026-03-16 16:44:11.772,ARDUINO_PSI,Arduino,0.000,0.000,0.000,,
156.131525,2026-03-16 16:44:11.872,ARDUINO_PSI,Arduino,0.000,0.000,0.000,,
156.231722,2026-03-16 16:44:11.972,ARDUINO_PSI,Arduino,0.000,0.000,0.000,,
156.331690,2026-03-16 16:44:12.072,ARDUINO_PSI,Arduino,0.000,0.000,0.000,,
156.431696,2026-03-16 16:44:12.172,ARDUINO_PSI,Arduino,0.000,0.000,0.000,,
156.531837,2026-03-16 16:44:12.272,ARDUINO_PSI,Arduino,0.000,0.000,0.000,,
156.632323,2026-03-16 16:44:12.372,ARDUINO_PSI,Arduino,0.000,0.000,0.000,,
156.731673,2026-03-16 16:44:12.472,ARDUINO_PSI,Arduino,0.000,0.000,0.000,,
156.831815,2026-03-16 16:44:12.572,ARDUINO_PSI,Arduino,0.000,0.000,0.000,,
156.931841,2026-03-16 16:44:12.672,ARDUINO_PSI,Arduino,0.000,0.000,0.000,,
157.031947,2026-03-16 16:44:12.772,ARDUINO_PSI,Arduino,0.000,0.000,0.000,,
157.132008,2026-03-16 16:44:12.872,ARDUINO_PSI,Arduino,0.000,0.000,0.000,,
157.231989,2026-03-16 16:44:12.972,ARDUINO_PSI,Arduino,0.000,0.000,0.000,,
157.331878,2026-03-16 16:44:13.072,ARDUINO_PSI,Arduino,0.000,0.000,0.000,,
157.432104,2026-03-16 16:44:13.172,ARDUINO_PSI,Arduino,0.000,0.000,0.000,,
157.531843,2026-03-16 16:44:13.272,ARDUINO_PSI,Arduino,0.000,0.000,0.000,,
157.631927,2026-03-16 16:44:13.372,ARDUINO_PSI,Arduino,0.000,0.000,0.000,,
157.731670,2026-03-16 16:44:13.472,ARDUINO_PSI,Arduino,0.000,0.000,0.000,,
157.831402,2026-03-16 16:44:13.572,ARDUINO_PSI,Arduino,0.000,0.000,0.000,,
157.931839,2026-03-16 16:44:13.672,ARDUINO_PSI,Arduino,0.000,0.000,0.000,,
158.031962,2026-03-16 16:44:13.772,ARDUINO_PSI,Arduino,0.000,0.000,0.000,,
158.131799,2026-03-16 16:44:13.872,ARDUINO_PSI,Arduino,0.000,0.000,0.000,,
158.231772,2026-03-16 16:44:13.972,ARDUINO_PSI,Arduino,0.000,0.000,0.000,,
158.331733,2026-03-16 16:44:14.072,ARDUINO_PSI,Arduino,0.000,0.000,0.000,,
158.431778,2026-03-16 16:44:14.172,ARDUINO_PSI,Arduino,0.000,0.000,0.000,,
158.531883,2026-03-16 16:44:14.272,ARDUINO_PSI,Arduino,0.000,0.000,0.000,,
158.632161,2026-03-16 16:44:14.372,ARDUINO_PSI,Arduino,0.000,0.000,0.000,,
158.732263,2026-03-16 16:44:14.472,ARDUINO_PSI,Arduino,0.000,0.000,0.000,,
158.831671,2026-03-16 16:44:14.572,ARDUINO_PSI,Arduino,0.000,0.000,0.000,,
158.932040,2026-03-16 16:44:14.672,ARDUINO_PSI,Arduino,0.000,0.000,0.000,,
159.031850,2026-03-16 16:44:14.772,ARDUINO_PSI,Arduino,0.000,0.000,0.000,,
159.131678,2026-03-16 16:44:14.872,ARDUINO_PSI,Arduino,0.000,0.000,0.000,,
159.232412,2026-03-16 16:44:14.973,ARDUINO_PSI,Arduino,0.000,0.000,0.000,,
159.331656,2026-03-16 16:44:15.072,ARDUINO_PSI,Arduino,0.000,0.000,0.000,,
159.432408,2026-03-16 16:44:15.173,ARDUINO_PSI,Arduino,0.000,0.000,0.000,,
159.532007,2026-03-16 16:44:15.272,ARDUINO_PSI,Arduino,0.000,0.000,0.000,,
159.631860,2026-03-16 16:44:15.372,ARDUINO_PSI,Arduino,0.000,0.000,0.000,,
159.731674,2026-03-16 16:44:15.472,ARDUINO_PSI,Arduino,0.000,0.000,0.000,,
159.831293,2026-03-16 16:44:15.571,ARDUINO_PSI,Arduino,0.000,0.000,0.000,,
159.931938,2026-03-16 16:44:15.672,ARDUINO_PSI,Arduino,0.000,0.000,0.000,,
160.031903,2026-03-16 16:44:15.772,ARDUINO_PSI,Arduino,0.000,0.000,0.000,,
160.131829,2026-03-16 16:44:15.872,ARDUINO_PSI,Arduino,0.000,0.000,0.000,,
160.231656,2026-03-16 16:44:15.972,ARDUINO_PSI,Arduino,0.000,0.000,0.000,,
160.331787,2026-03-16 16:44:16.072,ARDUINO_PSI,Arduino,0.000,0.000,0.000,,
160.431930,2026-03-16 16:44:16.172,ARDUINO_PSI,Arduino,0.000,0.000,0.000,,
160.531813,2026-03-16 16:44:16.272,ARDUINO_PSI,Arduino,0.000,0.000,0.000,,
160.632345,2026-03-16 16:44:16.372,ARDUINO_PSI,Arduino,0.000,0.000,0.000,,
160.731844,2026-03-16 16:44:16.472,ARDUINO_PSI,Arduino,0.000,0.000,0.000,,
160.831345,2026-03-16 16:44:16.571,ARDUINO_PSI,Arduino,0.000,0.000,0.000,,
160.931794,2026-03-16 16:44:16.672,ARDUINO_PSI,Arduino,0.000,0.000,0.000,,
161.031888,2026-03-16 16:44:16.772,ARDUINO_PSI,Arduino,0.000,0.000,0.000,,
161.131904,2026-03-16 16:44:16.872,ARDUINO_PSI,Arduino,0.000,0.000,0.000,,
161.231702,2026-03-16 16:44:16.972,ARDUINO_PSI,Arduino,0.000,0.000,0.000,,
161.331880,2026-03-16 16:44:17.072,ARDUINO_PSI,Arduino,0.000,0.000,0.000,,
161.431896,2026-03-16 16:44:17.172,ARDUINO_PSI,Arduino,0.000,0.000,0.000,,
161.531842,2026-03-16 16:44:17.272,ARDUINO_PSI,Arduino,0.000,0.000,0.000,,
161.632061,2026-03-16 16:44:17.372,ARDUINO_PSI,Arduino,0.000,0.000,0.000,,
161.731952,2026-03-16 16:44:17.472,ARDUINO_PSI,Arduino,0.000,0.000,0.000,,
161.831415,2026-03-16 16:44:17.572,ARDUINO_PSI,Arduino,0.000,0.000,0.000,,
161.932024,2026-03-16 16:44:17.672,ARDUINO_PSI,Arduino,0.000,0.000,0.000,,
162.032021,2026-03-16 16:44:17.772,ARDUINO_PSI,Arduino,0.000,0.000,0.000,,
162.131939,2026-03-16 16:44:17.872,ARDUINO_PSI,Arduino,0.000,0.000,0.000,,
162.231914,2026-03-16 16:44:17.972,ARDUINO_PSI,Arduino,0.000,0.000,0.000,,
162.331669,2026-03-16 16:44:18.072,ARDUINO_PSI,Arduino,0.000,0.000,0.000,,
162.432164,2026-03-16 16:44:18.172,ARDUINO_PSI,Arduino,0.000,0.000,0.000,,
162.531906,2026-03-16 16:44:18.272,ARDUINO_PSI,Arduino,0.000,0.000,0.000,,
162.631896,2026-03-16 16:44:18.372,ARDUINO_PSI,Arduino,0.000,0.000,0.000,,
162.732064,2026-03-16 16:44:18.472,ARDUINO_PSI,Arduino,0.000,0.000,0.000,,
162.831784,2026-03-16 16:44:18.572,ARDUINO_PSI,Arduino,0.000,0.000,0.000,,
162.931806,2026-03-16 16:44:18.672,ARDUINO_PSI,Arduino,0.000,0.000,0.000,,
163.031820,2026-03-16 16:44:18.772,ARDUINO_PSI,Arduino,0.000,0.000,0.000,,
163.131826,2026-03-16 16:44:18.872,ARDUINO_PSI,Arduino,0.000,0.000,0.000,,
163.231747,2026-03-16 16:44:18.972,ARDUINO_PSI,Arduino,0.000,0.000,0.000,,
163.331780,2026-03-16 16:44:19.072,ARDUINO_PSI,Arduino,0.000,0.000,0.000,,
163.431700,2026-03-16 16:44:19.172,ARDUINO_PSI,Arduino,0.000,0.000,0.000,,
163.531710,2026-03-16 16:44:19.272,ARDUINO_PSI,Arduino,0.000,0.000,0.000,,
163.632094,2026-03-16 16:44:19.372,ARDUINO_PSI,Arduino,0.000,0.000,0.000,,
163.731685,2026-03-16 16:44:19.472,ARDUINO_PSI,Arduino,0.000,0.000,0.000,,
163.831386,2026-03-16 16:44:19.572,ARDUINO_PSI,Arduino,0.000,0.000,0.000,,
163.931980,2026-03-16 16:44:19.672,ARDUINO_PSI,Arduino,0.000,0.000,0.000,,
164.031907,2026-03-16 16:44:19.772,ARDUINO_PSI,Arduino,0.000,0.000,0.000,,
164.132543,2026-03-16 16:44:19.873,ARDUINO_PSI,Arduino,0.000,0.000,0.000,,
164.231695,2026-03-16 16:44:19.972,ARDUINO_PSI,Arduino,0.000,0.000,0.000,,
164.331779,2026-03-16 16:44:20.072,ARDUINO_PSI,Arduino,0.000,0.000,0.000,,
164.431820,2026-03-16 16:44:20.172,ARDUINO_PSI,Arduino,0.000,0.000,0.000,,
164.531929,2026-03-16 16:44:20.272,ARDUINO_PSI,Arduino,0.000,0.000,0.000,,
164.631763,2026-03-16 16:44:20.372,ARDUINO_PSI,Arduino,0.000,0.000,0.000,,
164.731785,2026-03-16 16:44:20.472,ARDUINO_PSI,Arduino,0.000,0.000,0.000,,
164.831800,2026-03-16 16:44:20.572,ARDUINO_PSI,Arduino,0.000,0.000,0.000,,
164.931794,2026-03-16 16:44:20.672,ARDUINO_PSI,Arduino,0.000,0.000,0.000,,
165.031926,2026-03-16 16:44:20.772,ARDUINO_PSI,Arduino,0.000,0.000,0.000,,
165.131665,2026-03-16 16:44:20.872,ARDUINO_PSI,Arduino,0.000,0.000,0.000,,
165.231941,2026-03-16 16:44:20.972,ARDUINO_PSI,Arduino,0.000,0.000,0.000,,
165.331816,2026-03-16 16:44:21.072,ARDUINO_PSI,Arduino,0.000,0.000,0.000,,
165.431746,2026-03-16 16:44:21.172,ARDUINO_PSI,Arduino,0.000,0.000,0.000,,
165.531817,2026-03-16 16:44:21.272,ARDUINO_PSI,Arduino,0.000,0.000,0.000,,
165.631839,2026-03-16 16:44:21.372,ARDUINO_PSI,Arduino,0.000,0.000,0.000,,
165.731694,2026-03-16 16:44:21.472,ARDUINO_PSI,Arduino,0.000,0.000,0.000,,
165.831854,2026-03-16 16:44:21.572,ARDUINO_PSI,Arduino,0.000,0.000,0.000,,
165.931916,2026-03-16 16:44:21.672,ARDUINO_PSI,Arduino,0.000,0.000,0.000,,
166.031976,2026-03-16 16:44:21.772,ARDUINO_PSI,Arduino,0.000,0.000,0.000,,
166.131799,2026-03-16 16:44:21.872,ARDUINO_PSI,Arduino,0.000,0.000,0.000,,
166.232005,2026-03-16 16:44:21.972,ARDUINO_PSI,Arduino,0.000,0.000,0.000,,
166.331783,2026-03-16 16:44:22.072,ARDUINO_PSI,Arduino,0.000,0.000,0.000,,
166.431840,2026-03-16 16:44:22.172,ARDUINO_PSI,Arduino,0.000,0.000,0.000,,
166.531827,2026-03-16 16:44:22.272,ARDUINO_PSI,Arduino,0.000,0.000,0.000,,
166.631419,2026-03-16 16:44:22.372,ARDUINO_PSI,Arduino,0.000,0.000,0.000,,
166.731646,2026-03-16 16:44:22.472,ARDUINO_PSI,Arduino,0.000,0.000,0.000,,
166.831811,2026-03-16 16:44:22.572,ARDUINO_PSI,Arduino,0.000,0.000,0.000,,
166.932067,2026-03-16 16:44:22.672,ARDUINO_PSI,Arduino,0.000,0.000,0.000,,
167.031815,2026-03-16 16:44:22.772,ARDUINO_PSI,Arduino,0.000,0.000,0.000,,
167.132013,2026-03-16 16:44:22.872,ARDUINO_PSI,Arduino,0.000,0.000,0.000,,
167.231741,2026-03-16 16:44:22.972,ARDUINO_PSI,Arduino,0.000,0.000,0.000,,
167.331842,2026-03-16 16:44:23.072,ARDUINO_PSI,Arduino,0.000,0.000,0.000,,
167.432014,2026-03-16 16:44:23.172,ARDUINO_PSI,Arduino,0.000,0.000,0.000,,
167.531764,2026-03-16 16:44:23.272,ARDUINO_PSI,Arduino,0.000,0.000,0.000,,
167.632081,2026-03-16 16:44:23.372,ARDUINO_PSI,Arduino,0.000,0.000,0.000,,
167.731874,2026-03-16 16:44:23.472,ARDUINO_PSI,Arduino,0.000,0.000,0.000,,
167.831991,2026-03-16 16:44:23.572,ARDUINO_PSI,Arduino,0.000,0.000,0.000,,
167.931812,2026-03-16 16:44:23.672,ARDUINO_PSI,Arduino,0.000,0.000,0.000,,
168.031930,2026-03-16 16:44:23.772,ARDUINO_PSI,Arduino,0.000,0.000,0.000,,
168.131961,2026-03-16 16:44:23.872,ARDUINO_PSI,Arduino,0.000,0.000,0.000,,
168.231975,2026-03-16 16:44:23.972,ARDUINO_PSI,Arduino,0.000,0.000,0.000,,
168.331696,2026-03-16 16:44:24.072,ARDUINO_PSI,Arduino,0.000,0.000,0.000,,
168.431725,2026-03-16 16:44:24.172,ARDUINO_PSI,Arduino,0.000,0.000,0.000,,
168.532025,2026-03-16 16:44:24.272,ARDUINO_PSI,Arduino,0.000,0.000,0.000,,
168.631899,2026-03-16 16:44:24.372,ARDUINO_PSI,Arduino,0.000,0.000,0.000,,
168.731859,2026-03-16 16:44:24.472,ARDUINO_PSI,Arduino,0.000,0.000,0.000,,
168.831890,2026-03-16 16:44:24.572,ARDUINO_PSI,Arduino,0.000,0.000,0.000,,
168.931980,2026-03-16 16:44:24.672,ARDUINO_PSI,Arduino,0.000,0.000,0.000,,
169.032407,2026-03-16 16:44:24.773,ARDUINO_PSI,Arduino,0.000,0.000,0.000,,
169.131850,2026-03-16 16:44:24.872,ARDUINO_PSI,Arduino,0.000,0.000,0.000,,
169.231941,2026-03-16 16:44:24.972,ARDUINO_PSI,Arduino,0.000,0.000,0.000,,
169.331707,2026-03-16 16:44:25.072,ARDUINO_PSI,Arduino,0.000,0.000,0.000,,
169.431923,2026-03-16 16:44:25.172,ARDUINO_PSI,Arduino,0.000,0.000,0.000,,
169.531937,2026-03-16 16:44:25.272,ARDUINO_PSI,Arduino,0.000,0.000,0.000,,
169.631978,2026-03-16 16:44:25.372,ARDUINO_PSI,Arduino,0.000,0.000,0.000,,
169.731759,2026-03-16 16:44:25.472,ARDUINO_PSI,Arduino,0.000,0.000,0.000,,
169.831956,2026-03-16 16:44:25.572,ARDUINO_PSI,Arduino,0.000,0.000,0.000,,
169.931986,2026-03-16 16:44:25.672,ARDUINO_PSI,Arduino,0.000,0.000,0.000,,
170.031815,2026-03-16 16:44:25.772,ARDUINO_PSI,Arduino,0.000,0.000,0.000,,
170.131843,2026-03-16 16:44:25.872,ARDUINO_PSI,Arduino,0.000,0.000,0.000,,
170.232512,2026-03-16 16:44:25.973,ARDUINO_PSI,Arduino,0.000,0.000,0.000,,
170.331904,2026-03-16 16:44:26.072,ARDUINO_PSI,Arduino,0.000,0.000,0.000,,
170.431778,2026-03-16 16:44:26.172,ARDUINO_PSI,Arduino,0.000,0.000,0.000,,
170.531862,2026-03-16 16:44:26.272,ARDUINO_PSI,Arduino,0.000,0.000,0.000,,
170.631851,2026-03-16 16:44:26.372,ARDUINO_PSI,Arduino,0.000,0.000,0.000,,
170.731404,2026-03-16 16:44:26.472,ARDUINO_PSI,Arduino,0.000,0.000,0.000,,
170.831404,2026-03-16 16:44:26.572,ARDUINO_PSI,Arduino,0.000,0.000,0.000,,
170.931832,2026-03-16 16:44:26.672,ARDUINO_PSI,Arduino,0.000,0.000,0.000,,
171.031870,2026-03-16 16:44:26.772,ARDUINO_PSI,Arduino,0.000,0.000,0.000,,
171.131888,2026-03-16 16:44:26.872,ARDUINO_PSI,Arduino,0.000,0.000,0.000,,
171.231730,2026-03-16 16:44:26.972,ARDUINO_PSI,Arduino,0.000,0.000,0.000,,
171.331688,2026-03-16 16:44:27.072,ARDUINO_PSI,Arduino,0.000,0.000,0.000,,
171.432102,2026-03-16 16:44:27.172,ARDUINO_PSI,Arduino,0.000,0.000,0.000,,
171.531699,2026-03-16 16:44:27.272,ARDUINO_PSI,Arduino,0.000,0.000,0.000,,
171.631740,2026-03-16 16:44:27.372,ARDUINO_PSI,Arduino,0.000,0.000,0.000,,
171.731798,2026-03-16 16:44:27.472,ARDUINO_PSI,Arduino,0.000,0.000,0.000,,
171.831363,2026-03-16 16:44:27.571,ARDUINO_PSI,Arduino,0.000,0.000,0.000,,
171.931776,2026-03-16 16:44:27.672,ARDUINO_PSI,Arduino,0.000,0.000,0.000,,
172.031638,2026-03-16 16:44:27.772,ARDUINO_PSI,Arduino,0.000,0.000,0.000,,
172.131865,2026-03-16 16:44:27.872,ARDUINO_PSI,Arduino,0.000,0.000,0.000,,
172.231792,2026-03-16 16:44:27.972,ARDUINO_PSI,Arduino,0.000,0.000,0.000,,
172.331965,2026-03-16 16:44:28.072,ARDUINO_PSI,Arduino,0.000,0.000,0.000,,
172.431916,2026-03-16 16:44:28.172,ARDUINO_PSI,Arduino,0.000,0.000,0.000,,
172.532025,2026-03-16 16:44:28.272,ARDUINO_PSI,Arduino,0.000,0.000,0.000,,
172.631838,2026-03-16 16:44:28.372,ARDUINO_PSI,Arduino,0.000,0.000,0.000,,
172.732746,2026-03-16 16:44:28.473,ARDUINO_PSI,Arduino,0.000,0.000,0.000,,
172.832089,2026-03-16 16:44:28.572,ARDUINO_PSI,Arduino,0.000,0.000,0.000,,
172.933226,2026-03-16 16:44:28.673,ARDUINO_PSI,Arduino,0.000,0.000,0.000,,
173.032032,2026-03-16 16:44:28.772,ARDUINO_PSI,Arduino,0.000,0.000,0.000,,
173.132757,2026-03-16 16:44:28.873,ARDUINO_PSI,Arduino,0.000,0.000,0.000,,
173.232421,2026-03-16 16:44:28.973,ARDUINO_PSI,Arduino,0.000,0.000,0.000,,
173.331823,2026-03-16 16:44:29.072,ARDUINO_PSI,Arduino,0.000,0.000,0.000,,
173.432056,2026-03-16 16:44:29.172,ARDUINO_PSI,Arduino,0.000,0.000,0.000,,
173.532449,2026-03-16 16:44:29.273,ARDUINO_PSI,Arduino,0.000,0.000,0.000,,
173.631795,2026-03-16 16:44:29.372,ARDUINO_PSI,Arduino,0.000,0.000,0.000,,
173.732294,2026-03-16 16:44:29.472,ARDUINO_PSI,Arduino,0.000,0.000,0.000,,
173.832449,2026-03-16 16:44:29.573,ARDUINO_PSI,Arduino,0.000,0.000,0.000,,
173.932933,2026-03-16 16:44:29.673,ARDUINO_PSI,Arduino,0.000,0.000,0.000,,
174.032729,2026-03-16 16:44:29.773,ARDUINO_PSI,Arduino,0.000,0.000,0.000,,
174.132572,2026-03-16 16:44:29.873,ARDUINO_PSI,Arduino,0.000,0.000,0.000,,
174.232494,2026-03-16 16:44:29.973,ARDUINO_PSI,Arduino,0.000,0.000,0.000,,
174.332464,2026-03-16 16:44:30.073,ARDUINO_PSI,Arduino,0.000,0.000,0.000,,
174.432724,2026-03-16 16:44:30.173,ARDUINO_PSI,Arduino,0.000,0.000,0.000,,
174.531932,2026-03-16 16:44:30.272,ARDUINO_PSI,Arduino,0.000,0.000,0.000,,
174.632661,2026-03-16 16:44:30.373,ARDUINO_PSI,Arduino,0.000,0.000,0.000,,
174.731901,2026-03-16 16:44:30.472,ARDUINO_PSI,Arduino,0.000,0.000,0.000,,
174.831875,2026-03-16 16:44:30.572,ARDUINO_PSI,Arduino,0.000,0.000,0.000,,
174.931789,2026-03-16 16:44:30.672,ARDUINO_PSI,Arduino,0.000,0.000,0.000,,
175.032779,2026-03-16 16:44:30.773,ARDUINO_PSI,Arduino,0.000,0.000,0.000,,
175.131962,2026-03-16 16:44:30.872,ARDUINO_PSI,Arduino,0.000,0.000,0.000,,
175.232946,2026-03-16 16:44:30.973,ARDUINO_PSI,Arduino,0.000,0.000,0.000,,
175.331920,2026-03-16 16:44:31.072,ARDUINO_PSI,Arduino,0.000,0.000,0.000,,
175.431938,2026-03-16 16:44:31.172,ARDUINO_PSI,Arduino,0.000,0.000,0.000,,
175.532220,2026-03-16 16:44:31.272,ARDUINO_PSI,Arduino,0.000,0.000,0.000,,
175.631841,2026-03-16 16:44:31.372,ARDUINO_PSI,Arduino,0.000,0.000,0.000,,
175.732047,2026-03-16 16:44:31.472,ARDUINO_PSI,Arduino,0.000,0.000,0.000,,
175.831951,2026-03-16 16:44:31.572,ARDUINO_PSI,Arduino,0.000,0.000,0.000,,
175.933346,2026-03-16 16:44:31.673,ARDUINO_PSI,Arduino,0.000,0.000,0.000,,
176.033217,2026-03-16 16:44:31.773,ARDUINO_PSI,Arduino,0.000,0.000,0.000,,
176.131849,2026-03-16 16:44:31.872,ARDUINO_PSI,Arduino,0.000,0.000,0.000,,
176.232755,2026-03-16 16:44:31.973,ARDUINO_PSI,Arduino,0.000,0.000,0.000,,
176.333046,2026-03-16 16:44:32.073,ARDUINO_PSI,Arduino,0.000,0.000,0.000,,
176.434185,2026-03-16 16:44:32.174,ARDUINO_PSI,Arduino,0.000,0.000,0.000,,
176.531882,2026-03-16 16:44:32.272,ARDUINO_PSI,Arduino,0.000,0.000,0.000,,
176.631930,2026-03-16 16:44:32.372,ARDUINO_PSI,Arduino,0.000,0.000,0.000,,
176.733166,2026-03-16 16:44:32.473,ARDUINO_PSI,Arduino,0.000,0.000,0.000,,
176.831691,2026-03-16 16:44:32.572,ARDUINO_PSI,Arduino,0.000,0.000,0.000,,
176.932694,2026-03-16 16:44:32.673,ARDUINO_PSI,Arduino,0.000,0.000,0.000,,
177.032646,2026-03-16 16:44:32.773,ARDUINO_PSI,Arduino,0.000,0.000,0.000,,
177.131974,2026-03-16 16:44:32.872,ARDUINO_PSI,Arduino,0.000,0.000,0.000,,
177.232961,2026-03-16 16:44:32.973,ARDUINO_PSI,Arduino,0.000,0.000,0.000,,
177.332993,2026-03-16 16:44:33.073,ARDUINO_PSI,Arduino,0.000,0.000,0.000,,
177.432232,2026-03-16 16:44:33.172,ARDUINO_PSI,Arduino,0.000,0.000,0.000,,
177.532096,2026-03-16 16:44:33.272,ARDUINO_PSI,Arduino,0.000,0.000,0.000,,
177.633059,2026-03-16 16:44:33.373,ARDUINO_PSI,Arduino,0.000,0.000,0.000,,
177.732823,2026-03-16 16:44:33.473,ARDUINO_PSI,Arduino,0.000,0.000,0.000,,
177.832901,2026-03-16 16:44:33.573,ARDUINO_PSI,Arduino,0.000,0.000,0.000,,
177.932214,2026-03-16 16:44:33.672,ARDUINO_PSI,Arduino,0.000,0.000,0.000,,
178.032062,2026-03-16 16:44:33.772,ARDUINO_PSI,Arduino,0.000,0.000,0.000,,
178.132346,2026-03-16 16:44:33.872,ARDUINO_PSI,Arduino,0.000,0.000,0.000,,
178.231886,2026-03-16 16:44:33.972,ARDUINO_PSI,Arduino,0.000,0.000,0.000,,
178.332761,2026-03-16 16:44:34.073,ARDUINO_PSI,Arduino,0.000,0.000,0.000,,
178.431968,2026-03-16 16:44:34.172,ARDUINO_PSI,Arduino,0.000,0.000,0.000,,
178.532888,2026-03-16 16:44:34.273,ARDUINO_PSI,Arduino,0.000,0.000,0.000,,
178.632762,2026-03-16 16:44:34.373,ARDUINO_PSI,Arduino,0.000,0.000,0.000,,
178.732629,2026-03-16 16:44:34.473,ARDUINO_PSI,Arduino,0.000,0.000,0.000,,
178.832085,2026-03-16 16:44:34.572,ARDUINO_PSI,Arduino,0.000,0.000,0.000,,
178.932056,2026-03-16 16:44:34.672,ARDUINO_PSI,Arduino,0.000,0.000,0.000,,
179.032515,2026-03-16 16:44:34.773,ARDUINO_PSI,Arduino,0.000,0.000,0.000,,
179.131894,2026-03-16 16:44:34.872,ARDUINO_PSI,Arduino,0.000,0.000,0.000,,
179.233197,2026-03-16 16:44:34.973,ARDUINO_PSI,Arduino,0.000,0.000,0.000,,
179.332330,2026-03-16 16:44:35.072,ARDUINO_PSI,Arduino,0.000,0.000,0.000,,
179.432753,2026-03-16 16:44:35.173,ARDUINO_PSI,Arduino,0.000,0.000,0.000,,
179.532459,2026-03-16 16:44:35.273,ARDUINO_PSI,Arduino,0.000,0.000,0.000,,
179.633119,2026-03-16 16:44:35.373,ARDUINO_PSI,Arduino,0.000,0.000,0.000,,
179.731486,2026-03-16 16:44:35.472,ARDUINO_PSI,Arduino,0.000,0.000,0.000,,
179.831567,2026-03-16 16:44:35.572,ARDUINO_PSI,Arduino,0.000,0.000,0.000,,
179.931783,2026-03-16 16:44:35.672,ARDUINO_PSI,Arduino,0.000,0.000,0.000,,
180.032629,2026-03-16 16:44:35.773,ARDUINO_PSI,Arduino,0.000,0.000,0.000,,
180.131948,2026-03-16 16:44:35.872,ARDUINO_PSI,Arduino,0.000,0.000,0.000,,
180.231973,2026-03-16 16:44:35.972,ARDUINO_PSI,Arduino,0.000,0.000,0.000,,
180.333005,2026-03-16 16:44:36.073,ARDUINO_PSI,Arduino,0.000,0.000,0.000,,
180.432170,2026-03-16 16:44:36.172,ARDUINO_PSI,Arduino,0.000,0.000,0.000,,
180.531965,2026-03-16 16:44:36.272,ARDUINO_PSI,Arduino,0.000,0.000,0.000,,
180.633308,2026-03-16 16:44:36.373,ARDUINO_PSI,Arduino,0.000,0.000,0.000,,
180.732645,2026-03-16 16:44:36.473,ARDUINO_PSI,Arduino,0.000,0.000,0.000,,
180.831999,2026-03-16 16:44:36.572,ARDUINO_PSI,Arduino,0.000,0.000,0.000,,
180.932322,2026-03-16 16:44:36.672,ARDUINO_PSI,Arduino,0.000,0.000,0.000,,
181.032638,2026-03-16 16:44:36.773,ARDUINO_PSI,Arduino,0.000,0.000,0.035,,
181.132857,2026-03-16 16:44:36.873,ARDUINO_PSI,Arduino,0.000,0.000,0.092,,
181.232356,2026-03-16 16:44:36.972,ARDUINO_PSI,Arduino,0.000,0.000,0.147,,
181.331961,2026-03-16 16:44:37.072,ARDUINO_PSI,Arduino,0.000,0.000,0.195,,
181.432823,2026-03-16 16:44:37.173,ARDUINO_PSI,Arduino,0.000,0.000,0.250,,
181.531828,2026-03-16 16:44:37.272,ARDUINO_PSI,Arduino,0.000,0.000,0.298,,
181.631937,2026-03-16 16:44:37.372,ARDUINO_PSI,Arduino,0.000,0.000,0.328,,
181.732095,2026-03-16 16:44:37.472,ARDUINO_PSI,Arduino,0.000,0.000,0.362,,
181.832981,2026-03-16 16:44:37.573,ARDUINO_PSI,Arduino,0.000,0.000,0.394,,
181.931758,2026-03-16 16:44:37.672,ARDUINO_PSI,Arduino,0.000,0.000,0.428,,
182.032016,2026-03-16 16:44:37.772,ARDUINO_PSI,Arduino,0.000,0.000,0.463,,
182.132039,2026-03-16 16:44:37.872,ARDUINO_PSI,Arduino,0.000,0.000,0.483,,
182.232105,2026-03-16 16:44:37.972,ARDUINO_PSI,Arduino,0.000,0.000,0.513,,
182.333077,2026-03-16 16:44:38.073,ARDUINO_PSI,Arduino,0.000,0.000,0.543,,
182.432546,2026-03-16 16:44:38.173,ARDUINO_PSI,Arduino,0.000,0.000,0.447,,
182.532086,2026-03-16 16:44:38.272,ARDUINO_PSI,Arduino,0.000,0.000,0.369,,
182.631600,2026-03-16 16:44:38.372,ARDUINO_PSI,Arduino,0.000,0.000,0.296,,
182.732025,2026-03-16 16:44:38.472,ARDUINO_PSI,Arduino,0.000,0.000,0.241,,
182.833116,2026-03-16 16:44:38.573,ARDUINO_PSI,Arduino,0.000,0.000,0.181,,
182.932183,2026-03-16 16:44:38.672,ARDUINO_PSI,Arduino,0.000,0.000,0.113,,
183.032081,2026-03-16 16:44:38.772,ARDUINO_PSI,Arduino,0.000,0.000,0.060,,
183.132450,2026-03-16 16:44:38.873,ARDUINO_PSI,Arduino,0.000,0.000,0.024,,
183.232839,2026-03-16 16:44:38.973,ARDUINO_PSI,Arduino,0.000,0.000,0.000,,
183.331966,2026-03-16 16:44:39.072,ARDUINO_PSI,Arduino,0.000,0.000,0.000,,
183.433026,2026-03-16 16:44:39.173,ARDUINO_PSI,Arduino,0.000,0.000,0.000,,
183.531958,2026-03-16 16:44:39.272,ARDUINO_PSI,Arduino,0.000,0.000,0.000,,
183.632458,2026-03-16 16:44:39.373,ARDUINO_PSI,Arduino,0.000,0.000,0.000,,
183.732571,2026-03-16 16:44:39.473,ARDUINO_PSI,Arduino,0.000,0.000,0.000,,
183.832053,2026-03-16 16:44:39.572,ARDUINO_PSI,Arduino,0.000,0.000,0.000,,
183.932757,2026-03-16 16:44:39.673,ARDUINO_PSI,Arduino,0.000,0.000,0.000,,
184.031624,2026-03-16 16:44:39.772,ARDUINO_PSI,Arduino,0.000,0.000,0.000,,
184.132717,2026-03-16 16:44:39.873,ARDUINO_PSI,Arduino,0.000,0.000,0.000,,
184.232030,2026-03-16 16:44:39.972,ARDUINO_PSI,Arduino,0.000,0.000,0.000,,
184.331963,2026-03-16 16:44:40.072,ARDUINO_PSI,Arduino,0.000,0.000,0.000,,
184.432492,2026-03-16 16:44:40.173,ARDUINO_PSI,Arduino,0.000,0.000,0.000,,
184.532950,2026-03-16 16:44:40.273,ARDUINO_PSI,Arduino,0.000,0.000,0.000,,
184.631896,2026-03-16 16:44:40.372,ARDUINO_PSI,Arduino,0.000,0.000,0.000,,
184.732844,2026-03-16 16:44:40.473,ARDUINO_PSI,Arduino,0.000,0.000,0.000,,
184.832008,2026-03-16 16:44:40.572,ARDUINO_PSI,Arduino,0.000,0.000,0.000,,
184.933267,2026-03-16 16:44:40.673,ARDUINO_PSI,Arduino,0.000,0.000,0.000,,
185.032510,2026-03-16 16:44:40.773,ARDUINO_PSI,Arduino,0.000,0.000,0.000,,
185.131467,2026-03-16 16:44:40.872,ARDUINO_PSI,Arduino,0.000,0.000,0.000,,
185.232511,2026-03-16 16:44:40.973,ARDUINO_PSI,Arduino,0.000,0.000,0.000,,
185.332886,2026-03-16 16:44:41.073,ARDUINO_PSI,Arduino,0.000,0.000,0.000,,
185.431932,2026-03-16 16:44:41.172,ARDUINO_PSI,Arduino,0.000,0.000,0.000,,
185.532507,2026-03-16 16:44:41.273,ARDUINO_PSI,Arduino,0.000,0.000,0.000,,
185.632700,2026-03-16 16:44:41.373,ARDUINO_PSI,Arduino,0.000,0.000,0.000,,
185.731884,2026-03-16 16:44:41.472,ARDUINO_PSI,Arduino,0.000,0.000,0.000,,
185.832472,2026-03-16 16:44:41.573,ARDUINO_PSI,Arduino,0.000,0.000,0.000,,
185.933143,2026-03-16 16:44:41.673,ARDUINO_PSI,Arduino,0.000,0.000,0.000,,
186.032990,2026-03-16 16:44:41.773,ARDUINO_PSI,Arduino,0.000,0.000,0.000,,
186.132947,2026-03-16 16:44:41.873,ARDUINO_PSI,Arduino,0.000,0.000,0.000,,
186.232052,2026-03-16 16:44:41.972,ARDUINO_PSI,Arduino,0.000,0.000,0.000,,
186.331640,2026-03-16 16:44:42.072,ARDUINO_PSI,Arduino,0.000,0.000,0.000,,
186.432204,2026-03-16 16:44:42.172,ARDUINO_PSI,Arduino,0.000,0.000,0.000,,
186.532851,2026-03-16 16:44:42.273,ARDUINO_PSI,Arduino,0.000,0.000,0.000,,
186.632753,2026-03-16 16:44:42.373,ARDUINO_PSI,Arduino,0.000,0.000,0.000,,
186.732580,2026-03-16 16:44:42.473,ARDUINO_PSI,Arduino,0.000,0.000,0.000,,
186.832056,2026-03-16 16:44:42.572,ARDUINO_PSI,Arduino,0.000,0.000,0.000,,
186.932426,2026-03-16 16:44:42.673,ARDUINO_PSI,Arduino,0.000,0.000,0.000,,
187.032145,2026-03-16 16:44:42.772,ARDUINO_PSI,Arduino,0.000,0.000,0.000,,
187.131898,2026-03-16 16:44:42.872,ARDUINO_PSI,Arduino,0.000,0.000,0.000,,
187.233166,2026-03-16 16:44:42.973,ARDUINO_PSI,Arduino,0.000,0.000,0.000,,
187.332970,2026-03-16 16:44:43.073,ARDUINO_PSI,Arduino,0.000,0.000,0.000,,
187.432004,2026-03-16 16:44:43.172,ARDUINO_PSI,Arduino,0.000,0.000,0.000,,
187.532706,2026-03-16 16:44:43.273,ARDUINO_PSI,Arduino,0.000,0.000,0.000,,
187.632098,2026-03-16 16:44:43.372,ARDUINO_PSI,Arduino,0.000,0.000,0.000,,
187.731343,2026-03-16 16:44:43.471,ARDUINO_PSI,Arduino,0.000,0.000,0.000,,
187.831390,2026-03-16 16:44:43.572,ARDUINO_PSI,Arduino,0.000,0.000,0.000,,
187.931971,2026-03-16 16:44:43.672,ARDUINO_PSI,Arduino,0.000,0.000,0.000,,
188.032584,2026-03-16 16:44:43.773,ARDUINO_PSI,Arduino,0.000,0.000,0.000,,
188.132172,2026-03-16 16:44:43.872,ARDUINO_PSI,Arduino,0.000,0.000,0.000,,
188.232172,2026-03-16 16:44:43.972,ARDUINO_PSI,Arduino,0.000,0.000,0.000,,
188.331971,2026-03-16 16:44:44.072,ARDUINO_PSI,Arduino,0.000,0.000,0.000,,
188.431964,2026-03-16 16:44:44.172,ARDUINO_PSI,Arduino,0.000,0.000,0.000,,
188.532008,2026-03-16 16:44:44.272,ARDUINO_PSI,Arduino,0.000,0.000,0.000,,
188.633197,2026-03-16 16:44:44.373,ARDUINO_PSI,Arduino,0.000,0.000,0.000,,
188.732015,2026-03-16 16:44:44.472,ARDUINO_PSI,Arduino,0.000,0.000,0.000,,
188.833280,2026-03-16 16:44:44.573,ARDUINO_PSI,Arduino,0.000,0.000,0.000,,
188.931931,2026-03-16 16:44:44.672,ARDUINO_PSI,Arduino,0.000,0.000,0.000,,
189.031786,2026-03-16 16:44:44.772,ARDUINO_PSI,Arduino,0.000,0.000,0.000,,
189.132783,2026-03-16 16:44:44.873,ARDUINO_PSI,Arduino,0.000,0.000,0.000,,
189.232586,2026-03-16 16:44:44.973,ARDUINO_PSI,Arduino,0.000,0.000,0.000,,
189.332799,2026-03-16 16:44:45.073,ARDUINO_PSI,Arduino,0.000,0.000,0.000,,
189.432817,2026-03-16 16:44:45.173,ARDUINO_PSI,Arduino,0.000,0.000,0.000,,
189.532555,2026-03-16 16:44:45.273,ARDUINO_PSI,Arduino,0.000,0.000,0.000,,
189.632616,2026-03-16 16:44:45.373,ARDUINO_PSI,Arduino,0.000,0.000,0.000,,
189.733228,2026-03-16 16:44:45.473,ARDUINO_PSI,Arduino,0.000,0.000,0.000,,
189.832185,2026-03-16 16:44:45.572,ARDUINO_PSI,Arduino,0.000,0.000,0.000,,
189.932707,2026-03-16 16:44:45.673,ARDUINO_PSI,Arduino,0.000,0.000,0.000,,
190.032818,2026-03-16 16:44:45.773,ARDUINO_PSI,Arduino,0.000,0.000,0.000,,
190.132596,2026-03-16 16:44:45.873,ARDUINO_PSI,Arduino,0.000,0.000,0.000,,
190.232065,2026-03-16 16:44:45.972,ARDUINO_PSI,Arduino,0.000,0.000,0.000,,
190.331923,2026-03-16 16:44:46.072,ARDUINO_PSI,Arduino,0.000,0.000,0.000,,
190.432960,2026-03-16 16:44:46.173,ARDUINO_PSI,Arduino,0.000,0.000,0.000,,
190.531916,2026-03-16 16:44:46.272,ARDUINO_PSI,Arduino,0.000,0.000,0.000,,
190.632706,2026-03-16 16:44:46.373,ARDUINO_PSI,Arduino,0.000,0.000,0.000,,
190.731993,2026-03-16 16:44:46.472,ARDUINO_PSI,Arduino,0.000,0.000,0.000,,
190.832647,2026-03-16 16:44:46.573,ARDUINO_PSI,Arduino,0.000,0.000,0.000,,
190.931950,2026-03-16 16:44:46.672,ARDUINO_PSI,Arduino,0.000,0.000,0.000,,
191.032759,2026-03-16 16:44:46.773,ARDUINO_PSI,Arduino,0.000,0.000,0.000,,
191.131951,2026-03-16 16:44:46.872,ARDUINO_PSI,Arduino,0.000,0.000,0.000,,
191.231967,2026-03-16 16:44:46.972,ARDUINO_PSI,Arduino,0.000,0.000,0.000,,
191.332724,2026-03-16 16:44:47.073,ARDUINO_PSI,Arduino,0.000,0.000,0.000,,
191.431951,2026-03-16 16:44:47.172,ARDUINO_PSI,Arduino,0.000,0.000,0.000,,
191.532265,2026-03-16 16:44:47.272,ARDUINO_PSI,Arduino,0.000,0.000,0.000,,
191.632003,2026-03-16 16:44:47.372,ARDUINO_PSI,Arduino,0.000,0.000,0.000,,
191.732460,2026-03-16 16:44:47.473,ARDUINO_PSI,Arduino,0.000,0.000,0.000,,
191.832788,2026-03-16 16:44:47.573,ARDUINO_PSI,Arduino,0.000,0.000,0.000,,
191.932196,2026-03-16 16:44:47.672,ARDUINO_PSI,Arduino,0.000,0.000,0.000,,
192.031919,2026-03-16 16:44:47.772,ARDUINO_PSI,Arduino,0.000,0.000,0.000,,
192.132031,2026-03-16 16:44:47.872,ARDUINO_PSI,Arduino,0.000,0.000,0.000,,
192.232711,2026-03-16 16:44:47.973,ARDUINO_PSI,Arduino,0.000,0.000,0.000,,
192.331916,2026-03-16 16:44:48.072,ARDUINO_PSI,Arduino,0.000,0.000,0.000,,
192.432957,2026-03-16 16:44:48.173,ARDUINO_PSI,Arduino,0.000,0.000,0.000,,
192.531900,2026-03-16 16:44:48.272,ARDUINO_PSI,Arduino,0.000,0.000,0.000,,
192.633225,2026-03-16 16:44:48.373,ARDUINO_PSI,Arduino,0.000,0.000,0.000,,
192.731964,2026-03-16 16:44:48.472,ARDUINO_PSI,Arduino,0.000,0.000,0.000,,
192.833384,2026-03-16 16:44:48.574,ARDUINO_PSI,Arduino,0.000,0.000,0.000,,
192.931942,2026-03-16 16:44:48.672,ARDUINO_PSI,Arduino,0.000,0.000,0.000,,
193.032902,2026-03-16 16:44:48.773,ARDUINO_PSI,Arduino,0.000,0.000,0.000,,
193.133091,2026-03-16 16:44:48.873,ARDUINO_PSI,Arduino,0.000,0.000,0.000,,
193.232106,2026-03-16 16:44:48.972,ARDUINO_PSI,Arduino,0.000,0.000,0.000,,
193.331944,2026-03-16 16:44:49.072,ARDUINO_PSI,Arduino,0.000,0.000,0.000,,
193.432314,2026-03-16 16:44:49.172,ARDUINO_PSI,Arduino,0.000,0.000,0.000,,
193.531982,2026-03-16 16:44:49.272,ARDUINO_PSI,Arduino,0.000,0.000,0.000,,
193.632264,2026-03-16 16:44:49.372,ARDUINO_PSI,Arduino,0.000,0.000,0.000,,
193.732389,2026-03-16 16:44:49.473,ARDUINO_PSI,Arduino,0.000,0.000,0.000,,
193.831436,2026-03-16 16:44:49.572,ARDUINO_PSI,Arduino,0.000,0.000,0.000,,
193.931893,2026-03-16 16:44:49.672,ARDUINO_PSI,Arduino,0.000,0.000,0.000,,
194.031903,2026-03-16 16:44:49.772,ARDUINO_PSI,Arduino,0.000,0.000,0.000,,
194.131938,2026-03-16 16:44:49.872,ARDUINO_PSI,Arduino,0.000,0.000,0.000,,
194.232566,2026-03-16 16:44:49.973,ARDUINO_PSI,Arduino,0.000,0.000,0.000,,
194.333052,2026-03-16 16:44:50.073,ARDUINO_PSI,Arduino,0.000,0.000,0.000,,
194.431970,2026-03-16 16:44:50.172,ARDUINO_PSI,Arduino,0.000,0.000,0.000,,
194.532589,2026-03-16 16:44:50.273,ARDUINO_PSI,Arduino,0.000,0.000,0.000,,
194.632160,2026-03-16 16:44:50.372,ARDUINO_PSI,Arduino,0.000,0.000,0.000,,
194.732047,2026-03-16 16:44:50.472,ARDUINO_PSI,Arduino,0.000,0.000,0.000,,
194.832017,2026-03-16 16:44:50.572,ARDUINO_PSI,Arduino,0.000,0.000,0.000,,
194.932836,2026-03-16 16:44:50.673,ARDUINO_PSI,Arduino,0.000,0.000,0.000,,
195.032973,2026-03-16 16:44:50.773,ARDUINO_PSI,Arduino,0.000,0.000,0.000,,
195.132894,2026-03-16 16:44:50.873,ARDUINO_PSI,Arduino,0.000,0.000,0.000,,
195.232696,2026-03-16 16:44:50.973,ARDUINO_PSI,Arduino,0.000,0.000,0.000,,
195.332185,2026-03-16 16:44:51.072,ARDUINO_PSI,Arduino,0.000,0.000,0.000,,
195.432004,2026-03-16 16:44:51.172,ARDUINO_PSI,Arduino,0.000,0.000,0.000,,
195.533015,2026-03-16 16:44:51.273,ARDUINO_PSI,Arduino,0.000,0.000,0.000,,
195.631836,2026-03-16 16:44:51.372,ARDUINO_PSI,Arduino,0.000,0.000,0.000,,
195.732004,2026-03-16 16:44:51.472,ARDUINO_PSI,Arduino,0.000,0.000,0.000,,
195.832879,2026-03-16 16:44:51.573,ARDUINO_PSI,Arduino,0.000,0.000,0.000,,
195.931826,2026-03-16 16:44:51.672,ARDUINO_PSI,Arduino,0.000,0.000,0.000,,
196.032864,2026-03-16 16:44:51.773,ARDUINO_PSI,Arduino,0.000,0.000,0.000,,
196.132020,2026-03-16 16:44:51.872,ARDUINO_PSI,Arduino,0.000,0.000,0.000,,
196.233067,2026-03-16 16:44:51.973,ARDUINO_PSI,Arduino,0.000,0.000,0.000,,
196.331938,2026-03-16 16:44:52.072,ARDUINO_PSI,Arduino,0.000,0.000,0.000,,
196.432065,2026-03-16 16:44:52.172,ARDUINO_PSI,Arduino,0.000,0.000,0.000,,
196.533192,2026-03-16 16:44:52.273,ARDUINO_PSI,Arduino,0.000,0.000,0.000,,
196.631994,2026-03-16 16:44:52.372,ARDUINO_PSI,Arduino,0.000,0.000,0.000,,
196.732644,2026-03-16 16:44:52.473,ARDUINO_PSI,Arduino,0.000,0.000,0.000,,
196.832806,2026-03-16 16:44:52.573,ARDUINO_PSI,Arduino,0.000,0.000,0.000,,
196.932052,2026-03-16 16:44:52.672,ARDUINO_PSI,Arduino,0.000,0.000,0.000,,
197.032434,2026-03-16 16:44:52.773,ARDUINO_PSI,Arduino,0.000,0.000,0.000,,
197.132059,2026-03-16 16:44:52.872,ARDUINO_PSI,Arduino,0.000,0.000,0.000,,
197.232409,2026-03-16 16:44:52.973,ARDUINO_PSI,Arduino,0.000,0.000,0.000,,
197.332091,2026-03-16 16:44:53.072,ARDUINO_PSI,Arduino,0.000,0.000,0.000,,
197.432066,2026-03-16 16:44:53.172,ARDUINO_PSI,Arduino,0.000,0.000,0.000,,
197.531988,2026-03-16 16:44:53.272,ARDUINO_PSI,Arduino,0.000,0.000,0.000,,
197.632638,2026-03-16 16:44:53.373,ARDUINO_PSI,Arduino,0.000,0.000,0.000,,
197.733105,2026-03-16 16:44:53.473,ARDUINO_PSI,Arduino,0.000,0.000,0.000,,
197.832563,2026-03-16 16:44:53.573,ARDUINO_PSI,Arduino,0.000,0.000,0.000,,
197.932789,2026-03-16 16:44:53.673,ARDUINO_PSI,Arduino,0.000,0.000,0.000,,
198.031933,2026-03-16 16:44:53.772,ARDUINO_PSI,Arduino,0.000,0.000,0.000,,
198.132714,2026-03-16 16:44:53.873,ARDUINO_PSI,Arduino,0.000,0.000,0.000,,
198.232545,2026-03-16 16:44:53.973,ARDUINO_PSI,Arduino,0.000,0.000,0.000,,
198.332800,2026-03-16 16:44:54.073,ARDUINO_PSI,Arduino,0.000,0.000,0.000,,
198.433172,2026-03-16 16:44:54.173,ARDUINO_PSI,Arduino,0.000,0.000,0.000,,
198.531774,2026-03-16 16:44:54.272,ARDUINO_PSI,Arduino,0.000,0.000,0.000,,
198.633480,2026-03-16 16:44:54.374,ARDUINO_PSI,Arduino,0.000,0.000,0.000,,
198.732522,2026-03-16 16:44:54.473,ARDUINO_PSI,Arduino,0.000,0.000,0.000,,
198.832513,2026-03-16 16:44:54.573,ARDUINO_PSI,Arduino,0.000,0.000,0.000,,
198.932608,2026-03-16 16:44:54.673,ARDUINO_PSI,Arduino,0.000,0.000,0.000,,
199.032475,2026-03-16 16:44:54.773,ARDUINO_PSI,Arduino,0.000,0.000,0.000,,
199.132321,2026-03-16 16:44:54.872,ARDUINO_PSI,Arduino,0.000,0.000,0.000,,
199.231924,2026-03-16 16:44:54.972,ARDUINO_PSI,Arduino,0.000,0.000,0.000,,
199.331947,2026-03-16 16:44:55.072,ARDUINO_PSI,Arduino,0.000,0.000,0.000,,
199.432107,2026-03-16 16:44:55.172,ARDUINO_PSI,Arduino,0.000,0.000,0.000,,
199.531929,2026-03-16 16:44:55.272,ARDUINO_PSI,Arduino,0.000,0.000,0.000,,
199.632605,2026-03-16 16:44:55.373,ARDUINO_PSI,Arduino,0.000,0.000,0.000,,
199.731973,2026-03-16 16:44:55.472,ARDUINO_PSI,Arduino,0.000,0.000,0.000,,
199.832095,2026-03-16 16:44:55.572,ARDUINO_PSI,Arduino,0.000,0.000,0.000,,
199.932236,2026-03-16 16:44:55.672,ARDUINO_PSI,Arduino,0.000,0.000,0.000,,
200.031936,2026-03-16 16:44:55.772,ARDUINO_PSI,Arduino,0.000,0.000,0.000,,
200.132723,2026-03-16 16:44:55.873,ARDUINO_PSI,Arduino,0.000,0.000,0.000,,
200.232005,2026-03-16 16:44:55.972,ARDUINO_PSI,Arduino,0.000,0.000,0.000,,
200.332676,2026-03-16 16:44:56.073,ARDUINO_PSI,Arduino,0.000,0.000,0.000,,
200.432002,2026-03-16 16:44:56.172,ARDUINO_PSI,Arduino,0.000,0.000,0.000,,
200.533107,2026-03-16 16:44:56.273,ARDUINO_PSI,Arduino,0.000,0.000,0.000,,
200.632739,2026-03-16 16:44:56.373,ARDUINO_PSI,Arduino,0.000,0.000,0.000,,
200.731972,2026-03-16 16:44:56.472,ARDUINO_PSI,Arduino,0.000,0.000,0.000,,
200.831737,2026-03-16 16:44:56.572,ARDUINO_PSI,Arduino,0.000,0.000,0.000,,
200.931967,2026-03-16 16:44:56.672,ARDUINO_PSI,Arduino,0.000,0.000,0.000,,
201.031955,2026-03-16 16:44:56.772,ARDUINO_PSI,Arduino,0.000,0.000,0.000,,
201.132620,2026-03-16 16:44:56.873,ARDUINO_PSI,Arduino,0.000,0.000,0.000,,
201.232239,2026-03-16 16:44:56.972,ARDUINO_PSI,Arduino,0.000,0.000,0.000,,
201.332750,2026-03-16 16:44:57.073,ARDUINO_PSI,Arduino,0.000,0.000,0.000,,
201.432747,2026-03-16 16:44:57.173,ARDUINO_PSI,Arduino,0.000,0.000,0.000,,
201.532481,2026-03-16 16:44:57.273,ARDUINO_PSI,Arduino,0.000,0.000,0.000,,
201.632720,2026-03-16 16:44:57.373,ARDUINO_PSI,Arduino,0.000,0.000,0.000,,
201.732849,2026-03-16 16:44:57.473,ARDUINO_PSI,Arduino,0.000,0.000,0.000,,
201.831624,2026-03-16 16:44:57.572,ARDUINO_PSI,Arduino,0.000,0.000,0.000,,
201.932116,2026-03-16 16:44:57.672,ARDUINO_PSI,Arduino,0.000,0.000,0.000,,
202.032799,2026-03-16 16:44:57.773,ARDUINO_PSI,Arduino,0.000,0.000,0.000,,
202.133179,2026-03-16 16:44:57.873,ARDUINO_PSI,Arduino,0.000,0.000,0.000,,
202.233156,2026-03-16 16:44:57.973,ARDUINO_PSI,Arduino,0.000,0.000,0.000,,
202.331974,2026-03-16 16:44:58.072,ARDUINO_PSI,Arduino,0.000,0.000,0.000,,
202.433096,2026-03-16 16:44:58.173,ARDUINO_PSI,Arduino,0.000,0.000,0.000,,
202.531994,2026-03-16 16:44:58.272,ARDUINO_PSI,Arduino,0.000,0.000,0.000,,
202.631603,2026-03-16 16:44:58.372,ARDUINO_PSI,Arduino,0.000,0.000,0.000,,
202.731862,2026-03-16 16:44:58.472,ARDUINO_PSI,Arduino,0.000,0.000,0.000,,
202.831862,2026-03-16 16:44:58.572,ARDUINO_PSI,Arduino,0.000,0.000,0.000,,
202.931933,2026-03-16 16:44:58.672,ARDUINO_PSI,Arduino,0.000,0.000,0.000,,
203.031866,2026-03-16 16:44:58.772,ARDUINO_PSI,Arduino,0.000,0.000,0.000,,
203.131764,2026-03-16 16:44:58.872,ARDUINO_PSI,Arduino,0.000,0.000,0.000,,
203.231786,2026-03-16 16:44:58.972,ARDUINO_PSI,Arduino,0.000,0.000,0.000,,
203.331840,2026-03-16 16:44:59.072,ARDUINO_PSI,Arduino,0.000,0.000,0.000,,
203.431872,2026-03-16 16:44:59.172,ARDUINO_PSI,Arduino,0.000,0.000,0.000,,
203.531908,2026-03-16 16:44:59.272,ARDUINO_PSI,Arduino,0.000,0.000,0.000,,
203.631827,2026-03-16 16:44:59.372,ARDUINO_PSI,Arduino,0.000,0.000,0.000,,
203.731924,2026-03-16 16:44:59.472,ARDUINO_PSI,Arduino,0.000,0.000,0.000,,
203.832061,2026-03-16 16:44:59.572,ARDUINO_PSI,Arduino,0.000,0.000,0.000,,
203.931875,2026-03-16 16:44:59.672,ARDUINO_PSI,Arduino,0.000,0.000,0.000,,
204.032016,2026-03-16 16:44:59.772,ARDUINO_PSI,Arduino,0.000,0.000,0.000,,
204.131810,2026-03-16 16:44:59.872,ARDUINO_PSI,Arduino,0.000,0.000,0.000,,
204.231865,2026-03-16 16:44:59.972,ARDUINO_PSI,Arduino,0.000,0.000,0.000,,
204.331927,2026-03-16 16:45:00.072,ARDUINO_PSI,Arduino,0.000,0.000,0.000,,
204.431917,2026-03-16 16:45:00.172,ARDUINO_PSI,Arduino,0.000,0.000,0.000,,
204.531934,2026-03-16 16:45:00.272,ARDUINO_PSI,Arduino,0.000,0.000,0.000,,
204.631857,2026-03-16 16:45:00.372,ARDUINO_PSI,Arduino,0.000,0.000,0.000,,
204.732936,2026-03-16 16:45:00.473,ARDUINO_PSI,Arduino,0.000,0.000,0.000,,
204.831818,2026-03-16 16:45:00.572,ARDUINO_PSI,Arduino,0.000,0.000,0.000,,
204.931775,2026-03-16 16:45:00.672,ARDUINO_PSI,Arduino,0.000,0.000,0.000,,
205.031918,2026-03-16 16:45:00.772,ARDUINO_PSI,Arduino,0.000,0.000,0.000,,
205.131847,2026-03-16 16:45:00.872,ARDUINO_PSI,Arduino,0.000,0.000,0.000,,
205.231970,2026-03-16 16:45:00.972,ARDUINO_PSI,Arduino,0.000,0.000,0.000,,
205.331904,2026-03-16 16:45:01.072,ARDUINO_PSI,Arduino,0.000,0.000,0.000,,
205.432544,2026-03-16 16:45:01.173,ARDUINO_PSI,Arduino,0.000,0.000,0.000,,
205.531970,2026-03-16 16:45:01.272,ARDUINO_PSI,Arduino,0.000,0.000,0.000,,
205.631788,2026-03-16 16:45:01.372,ARDUINO_PSI,Arduino,0.000,0.000,0.000,,
205.731940,2026-03-16 16:45:01.472,ARDUINO_PSI,Arduino,0.000,0.000,0.000,,
205.831795,2026-03-16 16:45:01.572,ARDUINO_PSI,Arduino,0.000,0.000,0.000,,
205.931988,2026-03-16 16:45:01.672,ARDUINO_PSI,Arduino,0.000,0.000,0.000,,
206.031978,2026-03-16 16:45:01.772,ARDUINO_PSI,Arduino,0.000,0.000,0.000,,
206.131740,2026-03-16 16:45:01.872,ARDUINO_PSI,Arduino,0.000,0.000,0.000,,
206.231792,2026-03-16 16:45:01.972,ARDUINO_PSI,Arduino,0.000,0.000,0.000,,
206.331991,2026-03-16 16:45:02.072,ARDUINO_PSI,Arduino,0.000,0.000,0.000,,
206.431940,2026-03-16 16:45:02.172,ARDUINO_PSI,Arduino,0.000,0.000,0.000,,
206.532030,2026-03-16 16:45:02.272,ARDUINO_PSI,Arduino,0.000,0.000,0.000,,
206.631855,2026-03-16 16:45:02.372,ARDUINO_PSI,Arduino,0.000,0.000,0.000,,
206.731964,2026-03-16 16:45:02.472,ARDUINO_PSI,Arduino,0.000,0.000,0.000,,
206.831686,2026-03-16 16:45:02.572,ARDUINO_PSI,Arduino,0.000,0.000,0.000,,
206.931739,2026-03-16 16:45:02.672,ARDUINO_PSI,Arduino,0.000,0.000,0.000,,
207.031746,2026-03-16 16:45:02.772,ARDUINO_PSI,Arduino,0.000,0.000,0.000,,
207.131982,2026-03-16 16:45:02.872,ARDUINO_PSI,Arduino,0.000,0.000,0.000,,
207.231942,2026-03-16 16:45:02.972,ARDUINO_PSI,Arduino,0.000,0.000,0.000,,
207.331876,2026-03-16 16:45:03.072,ARDUINO_PSI,Arduino,0.000,0.000,0.000,,
207.431811,2026-03-16 16:45:03.172,ARDUINO_PSI,Arduino,0.000,0.000,0.000,,
207.531849,2026-03-16 16:45:03.272,ARDUINO_PSI,Arduino,0.000,0.000,0.000,,
207.631903,2026-03-16 16:45:03.372,ARDUINO_PSI,Arduino,0.000,0.000,0.000,,
207.731963,2026-03-16 16:45:03.472,ARDUINO_PSI,Arduino,0.000,0.000,0.000,,
207.831874,2026-03-16 16:45:03.572,ARDUINO_PSI,Arduino,0.000,0.000,0.000,,
207.931934,2026-03-16 16:45:03.672,ARDUINO_PSI,Arduino,0.000,0.000,0.000,,
208.031716,2026-03-16 16:45:03.772,ARDUINO_PSI,Arduino,0.000,0.000,0.000,,
208.131869,2026-03-16 16:45:03.872,ARDUINO_PSI,Arduino,0.000,0.000,0.000,,
208.231795,2026-03-16 16:45:03.972,ARDUINO_PSI,Arduino,0.000,0.000,0.000,,
208.331839,2026-03-16 16:45:04.072,ARDUINO_PSI,Arduino,0.000,0.000,0.000,,
208.431813,2026-03-16 16:45:04.172,ARDUINO_PSI,Arduino,0.000,0.000,0.000,,
208.531884,2026-03-16 16:45:04.272,ARDUINO_PSI,Arduino,0.000,0.000,0.000,,
208.631881,2026-03-16 16:45:04.372,ARDUINO_PSI,Arduino,0.000,0.000,0.000,,
208.731820,2026-03-16 16:45:04.472,ARDUINO_PSI,Arduino,0.000,0.000,0.000,,
208.831712,2026-03-16 16:45:04.572,ARDUINO_PSI,Arduino,0.000,0.000,0.000,,
208.931965,2026-03-16 16:45:04.672,ARDUINO_PSI,Arduino,0.000,0.000,0.000,,
209.031957,2026-03-16 16:45:04.772,ARDUINO_PSI,Arduino,0.000,0.000,0.000,,
209.131967,2026-03-16 16:45:04.872,ARDUINO_PSI,Arduino,0.000,0.000,0.000,,
209.231852,2026-03-16 16:45:04.972,ARDUINO_PSI,Arduino,0.000,0.000,0.000,,
209.331809,2026-03-16 16:45:05.072,ARDUINO_PSI,Arduino,0.000,0.000,0.000,,
209.431852,2026-03-16 16:45:05.172,ARDUINO_PSI,Arduino,0.000,0.000,0.000,,
209.531832,2026-03-16 16:45:05.272,ARDUINO_PSI,Arduino,0.000,0.000,0.000,,
209.631990,2026-03-16 16:45:05.372,ARDUINO_PSI,Arduino,0.000,0.000,0.000,,
209.731959,2026-03-16 16:45:05.472,ARDUINO_PSI,Arduino,0.000,0.000,0.000,,
209.832557,2026-03-16 16:45:05.573,ARDUINO_PSI,Arduino,0.000,0.000,0.000,,
209.931952,2026-03-16 16:45:05.672,ARDUINO_PSI,Arduino,0.000,0.000,0.000,,
210.031879,2026-03-16 16:45:05.772,ARDUINO_PSI,Arduino,0.000,0.000,0.000,,
210.131949,2026-03-16 16:45:05.872,ARDUINO_PSI,Arduino,0.000,0.000,0.000,,
210.231909,2026-03-16 16:45:05.972,ARDUINO_PSI,Arduino,0.000,0.000,0.000,,
210.331947,2026-03-16 16:45:06.072,ARDUINO_PSI,Arduino,0.000,0.000,0.000,,
210.431810,2026-03-16 16:45:06.172,ARDUINO_PSI,Arduino,0.000,0.000,0.000,,
210.532323,2026-03-16 16:45:06.272,ARDUINO_PSI,Arduino,0.000,0.000,0.000,,
210.631970,2026-03-16 16:45:06.372,ARDUINO_PSI,Arduino,0.000,0.000,0.000,,
210.731777,2026-03-16 16:45:06.472,ARDUINO_PSI,Arduino,0.000,0.000,0.000,,
210.831813,2026-03-16 16:45:06.572,ARDUINO_PSI,Arduino,0.000,0.000,0.000,,
210.931851,2026-03-16 16:45:06.672,ARDUINO_PSI,Arduino,0.000,0.000,0.000,,
211.033101,2026-03-16 16:45:06.773,ARDUINO_PSI,Arduino,0.000,0.000,0.000,,
211.131960,2026-03-16 16:45:06.872,ARDUINO_PSI,Arduino,0.000,0.000,0.000,,
211.232374,2026-03-16 16:45:06.973,ARDUINO_PSI,Arduino,0.000,0.000,0.000,,
211.331770,2026-03-16 16:45:07.072,ARDUINO_PSI,Arduino,0.000,0.000,0.000,,
211.433063,2026-03-16 16:45:07.173,ARDUINO_PSI,Arduino,0.000,0.000,0.000,,
211.531851,2026-03-16 16:45:07.272,ARDUINO_PSI,Arduino,0.000,0.000,0.000,,
211.632533,2026-03-16 16:45:07.373,ARDUINO_PSI,Arduino,0.000,0.000,0.000,,
211.731893,2026-03-16 16:45:07.472,ARDUINO_PSI,Arduino,0.000,0.000,0.000,,
211.831904,2026-03-16 16:45:07.572,ARDUINO_PSI,Arduino,0.000,0.000,0.000,,
211.931741,2026-03-16 16:45:07.672,ARDUINO_PSI,Arduino,0.000,0.000,0.000,,
212.031968,2026-03-16 16:45:07.772,ARDUINO_PSI,Arduino,0.000,0.000,0.000,,
212.131873,2026-03-16 16:45:07.872,ARDUINO_PSI,Arduino,0.000,0.000,0.000,,
212.231879,2026-03-16 16:45:07.972,ARDUINO_PSI,Arduino,0.000,0.000,0.000,,
212.331982,2026-03-16 16:45:08.072,ARDUINO_PSI,Arduino,0.000,0.000,0.000,,
212.431890,2026-03-16 16:45:08.172,ARDUINO_PSI,Arduino,0.000,0.000,0.000,,
212.532057,2026-03-16 16:45:08.272,ARDUINO_PSI,Arduino,0.000,0.000,0.000,,
212.631842,2026-03-16 16:45:08.372,ARDUINO_PSI,Arduino,0.000,0.000,0.000,,
212.732116,2026-03-16 16:45:08.472,ARDUINO_PSI,Arduino,0.000,0.000,0.000,,
212.832474,2026-03-16 16:45:08.573,ARDUINO_PSI,Arduino,0.000,0.000,0.000,,
212.931883,2026-03-16 16:45:08.672,ARDUINO_PSI,Arduino,0.000,0.000,0.000,,
213.032658,2026-03-16 16:45:08.773,ARDUINO_PSI,Arduino,0.000,0.000,0.000,,
213.132017,2026-03-16 16:45:08.872,ARDUINO_PSI,Arduino,0.000,0.000,0.000,,
213.232020,2026-03-16 16:45:08.972,ARDUINO_PSI,Arduino,0.000,0.000,0.000,,
213.331836,2026-03-16 16:45:09.072,ARDUINO_PSI,Arduino,0.000,0.000,0.000,,
213.432023,2026-03-16 16:45:09.172,ARDUINO_PSI,Arduino,0.000,0.000,0.000,,
213.532307,2026-03-16 16:45:09.272,ARDUINO_PSI,Arduino,0.000,0.000,0.000,,
213.631940,2026-03-16 16:45:09.372,ARDUINO_PSI,Arduino,0.000,0.000,0.000,,
213.731785,2026-03-16 16:45:09.472,ARDUINO_PSI,Arduino,0.000,0.000,0.000,,
213.831845,2026-03-16 16:45:09.572,ARDUINO_PSI,Arduino,0.000,0.000,0.000,,
213.931977,2026-03-16 16:45:09.672,ARDUINO_PSI,Arduino,0.000,0.000,0.000,,
214.032654,2026-03-16 16:45:09.773,ARDUINO_PSI,Arduino,0.000,0.000,0.000,,
214.131491,2026-03-16 16:45:09.872,ARDUINO_PSI,Arduino,0.000,0.000,0.000,,
214.232224,2026-03-16 16:45:09.972,ARDUINO_PSI,Arduino,0.000,0.000,0.000,,
214.331878,2026-03-16 16:45:10.072,ARDUINO_PSI,Arduino,0.000,0.000,0.000,,
214.432013,2026-03-16 16:45:10.172,ARDUINO_PSI,Arduino,0.000,0.000,0.000,,
214.532087,2026-03-16 16:45:10.272,ARDUINO_PSI,Arduino,0.000,0.000,0.000,,
214.631905,2026-03-16 16:45:10.372,ARDUINO_PSI,Arduino,0.000,0.000,0.000,,
214.731766,2026-03-16 16:45:10.472,ARDUINO_PSI,Arduino,0.000,0.000,0.000,,
214.832027,2026-03-16 16:45:10.572,ARDUINO_PSI,Arduino,0.000,0.000,0.000,,
214.931994,2026-03-16 16:45:10.672,ARDUINO_PSI,Arduino,0.000,0.000,0.000,,
215.031709,2026-03-16 16:45:10.772,ARDUINO_PSI,Arduino,0.000,0.000,0.000,,
215.131997,2026-03-16 16:45:10.872,ARDUINO_PSI,Arduino,0.000,0.000,0.000,,
215.231843,2026-03-16 16:45:10.972,ARDUINO_PSI,Arduino,0.000,0.000,0.000,,
215.331966,2026-03-16 16:45:11.072,ARDUINO_PSI,Arduino,0.000,0.000,0.000,,
215.431914,2026-03-16 16:45:11.172,ARDUINO_PSI,Arduino,0.000,0.000,0.000,,
215.532230,2026-03-16 16:45:11.272,ARDUINO_PSI,Arduino,0.000,0.000,0.000,,
215.631812,2026-03-16 16:45:11.372,ARDUINO_PSI,Arduino,0.000,0.000,0.000,,
215.732508,2026-03-16 16:45:11.473,ARDUINO_PSI,Arduino,0.000,0.000,0.000,,
215.831852,2026-03-16 16:45:11.572,ARDUINO_PSI,Arduino,0.000,0.000,0.000,,
215.931913,2026-03-16 16:45:11.672,ARDUINO_PSI,Arduino,0.000,0.000,0.000,,
216.031767,2026-03-16 16:45:11.772,ARDUINO_PSI,Arduino,0.000,0.000,0.000,,
216.131807,2026-03-16 16:45:11.872,ARDUINO_PSI,Arduino,0.000,0.000,0.000,,
216.231930,2026-03-16 16:45:11.972,ARDUINO_PSI,Arduino,0.000,0.000,0.000,,
216.331880,2026-03-16 16:45:12.072,ARDUINO_PSI,Arduino,0.000,0.000,0.000,,
216.432524,2026-03-16 16:45:12.173,ARDUINO_PSI,Arduino,0.000,0.000,0.000,,
216.531487,2026-03-16 16:45:12.272,ARDUINO_PSI,Arduino,0.000,0.000,0.000,,
216.631984,2026-03-16 16:45:12.372,ARDUINO_PSI,Arduino,0.000,0.000,0.000,,
216.731910,2026-03-16 16:45:12.472,ARDUINO_PSI,Arduino,0.000,0.000,0.000,,
216.831993,2026-03-16 16:45:12.572,ARDUINO_PSI,Arduino,0.000,0.000,0.000,,
216.931719,2026-03-16 16:45:12.672,ARDUINO_PSI,Arduino,0.000,0.000,0.000,,
217.031458,2026-03-16 16:45:12.772,ARDUINO_PSI,Arduino,0.000,0.000,0.000,,
217.132041,2026-03-16 16:45:12.872,ARDUINO_PSI,Arduino,0.000,0.000,0.000,,
217.231894,2026-03-16 16:45:12.972,ARDUINO_PSI,Arduino,0.000,0.000,0.000,,
217.331860,2026-03-16 16:45:13.072,ARDUINO_PSI,Arduino,0.000,0.000,0.000,,
217.431815,2026-03-16 16:45:13.172,ARDUINO_PSI,Arduino,0.000,0.000,0.000,,
217.531868,2026-03-16 16:45:13.272,ARDUINO_PSI,Arduino,0.000,0.000,0.000,,
217.632650,2026-03-16 16:45:13.373,ARDUINO_PSI,Arduino,0.000,0.000,0.000,,
217.731996,2026-03-16 16:45:13.472,ARDUINO_PSI,Arduino,0.000,0.000,0.000,,
217.831779,2026-03-16 16:45:13.572,ARDUINO_PSI,Arduino,0.000,0.000,0.000,,
217.931971,2026-03-16 16:45:13.672,ARDUINO_PSI,Arduino,0.000,0.000,0.000,,
218.031956,2026-03-16 16:45:13.772,ARDUINO_PSI,Arduino,0.000,0.000,0.000,,
218.131623,2026-03-16 16:45:13.872,ARDUINO_PSI,Arduino,0.000,0.000,0.000,,
218.231814,2026-03-16 16:45:13.972,ARDUINO_PSI,Arduino,0.000,0.000,0.000,,
218.331800,2026-03-16 16:45:14.072,ARDUINO_PSI,Arduino,0.000,0.000,0.000,,
218.432024,2026-03-16 16:45:14.172,ARDUINO_PSI,Arduino,0.000,0.000,0.000,,
218.531885,2026-03-16 16:45:14.272,ARDUINO_PSI,Arduino,0.000,0.000,0.000,,
218.631867,2026-03-16 16:45:14.372,ARDUINO_PSI,Arduino,0.000,0.000,0.000,,
218.731860,2026-03-16 16:45:14.472,ARDUINO_PSI,Arduino,0.000,0.000,0.000,,
218.832096,2026-03-16 16:45:14.572,ARDUINO_PSI,Arduino,0.000,0.000,0.000,,
218.931932,2026-03-16 16:45:14.672,ARDUINO_PSI,Arduino,0.000,0.000,0.000,,
219.031910,2026-03-16 16:45:14.772,ARDUINO_PSI,Arduino,0.000,0.000,0.000,,
219.131999,2026-03-16 16:45:14.872,ARDUINO_PSI,Arduino,0.000,0.000,0.000,,
219.231902,2026-03-16 16:45:14.972,ARDUINO_PSI,Arduino,0.000,0.000,0.000,,
219.331864,2026-03-16 16:45:15.072,ARDUINO_PSI,Arduino,0.000,0.000,0.000,,
219.431887,2026-03-16 16:45:15.172,ARDUINO_PSI,Arduino,0.000,0.000,0.000,,
219.532056,2026-03-16 16:45:15.272,ARDUINO_PSI,Arduino,0.000,0.000,0.000,,
219.631831,2026-03-16 16:45:15.372,ARDUINO_PSI,Arduino,0.000,0.000,0.000,,
219.731912,2026-03-16 16:45:15.472,ARDUINO_PSI,Arduino,0.000,0.000,0.000,,
219.831507,2026-03-16 16:45:15.572,ARDUINO_PSI,Arduino,0.000,0.000,0.000,,
219.931879,2026-03-16 16:45:15.672,ARDUINO_PSI,Arduino,0.000,0.000,0.000,,
220.031522,2026-03-16 16:45:15.772,ARDUINO_PSI,Arduino,0.000,0.000,0.000,,
220.132021,2026-03-16 16:45:15.872,ARDUINO_PSI,Arduino,0.000,0.000,0.000,,
220.232045,2026-03-16 16:45:15.972,ARDUINO_PSI,Arduino,0.000,0.000,0.000,,
220.331801,2026-03-16 16:45:16.072,ARDUINO_PSI,Arduino,0.000,0.000,0.000,,
220.431986,2026-03-16 16:45:16.172,ARDUINO_PSI,Arduino,0.000,0.000,0.000,,
220.531903,2026-03-16 16:45:16.272,ARDUINO_PSI,Arduino,0.000,0.000,0.000,,
220.632132,2026-03-16 16:45:16.372,ARDUINO_PSI,Arduino,0.000,0.000,0.000,,
220.731911,2026-03-16 16:45:16.472,ARDUINO_PSI,Arduino,0.000,0.000,0.000,,
220.831656,2026-03-16 16:45:16.572,ARDUINO_PSI,Arduino,0.000,0.000,0.000,,
220.932678,2026-03-16 16:45:16.673,ARDUINO_PSI,Arduino,0.000,0.000,0.000,,
221.031923,2026-03-16 16:45:16.772,ARDUINO_PSI,Arduino,0.000,0.000,0.000,,
221.131917,2026-03-16 16:45:16.872,ARDUINO_PSI,Arduino,0.000,0.000,0.000,,
221.231844,2026-03-16 16:45:16.972,ARDUINO_PSI,Arduino,0.000,0.000,0.000,,
221.331754,2026-03-16 16:45:17.072,ARDUINO_PSI,Arduino,0.000,0.000,0.000,,
221.431897,2026-03-16 16:45:17.172,ARDUINO_PSI,Arduino,0.000,0.000,0.000,,
221.531818,2026-03-16 16:45:17.272,ARDUINO_PSI,Arduino,0.000,0.000,0.000,,
221.631937,2026-03-16 16:45:17.372,ARDUINO_PSI,Arduino,0.000,0.000,0.000,,
221.732461,2026-03-16 16:45:17.473,ARDUINO_PSI,Arduino,0.000,0.000,0.000,,
221.832153,2026-03-16 16:45:17.572,ARDUINO_PSI,Arduino,0.000,0.000,0.000,,
221.932056,2026-03-16 16:45:17.672,ARDUINO_PSI,Arduino,0.000,0.000,0.000,,
222.032824,2026-03-16 16:45:17.773,ARDUINO_PSI,Arduino,0.000,0.000,0.000,,
222.131919,2026-03-16 16:45:17.872,ARDUINO_PSI,Arduino,0.000,0.000,0.000,,
222.231991,2026-03-16 16:45:17.972,ARDUINO_PSI,Arduino,0.000,0.000,0.000,,
222.331819,2026-03-16 16:45:18.072,ARDUINO_PSI,Arduino,0.000,0.000,0.000,,
222.432127,2026-03-16 16:45:18.172,ARDUINO_PSI,Arduino,0.000,0.000,0.000,,
222.532064,2026-03-16 16:45:18.272,ARDUINO_PSI,Arduino,0.000,0.000,0.000,,
222.631944,2026-03-16 16:45:18.372,ARDUINO_PSI,Arduino,0.000,0.000,0.000,,
222.732041,2026-03-16 16:45:18.472,ARDUINO_PSI,Arduino,0.000,0.000,0.000,,
222.831853,2026-03-16 16:45:18.572,ARDUINO_PSI,Arduino,0.000,0.000,0.000,,
222.931936,2026-03-16 16:45:18.672,ARDUINO_PSI,Arduino,0.000,0.000,0.000,,
223.031801,2026-03-16 16:45:18.772,ARDUINO_PSI,Arduino,0.000,0.000,0.000,,
223.131951,2026-03-16 16:45:18.872,ARDUINO_PSI,Arduino,0.000,0.000,0.000,,
223.231849,2026-03-16 16:45:18.972,ARDUINO_PSI,Arduino,0.000,0.000,0.000,,
223.331944,2026-03-16 16:45:19.072,ARDUINO_PSI,Arduino,0.000,0.000,0.000,,
223.432071,2026-03-16 16:45:19.172,ARDUINO_PSI,Arduino,0.000,0.000,0.000,,
223.531853,2026-03-16 16:45:19.272,ARDUINO_PSI,Arduino,0.000,0.000,0.000,,
223.631897,2026-03-16 16:45:19.372,ARDUINO_PSI,Arduino,0.000,0.000,0.000,,
223.731800,2026-03-16 16:45:19.472,ARDUINO_PSI,Arduino,0.000,0.000,0.000,,
223.831992,2026-03-16 16:45:19.572,ARDUINO_PSI,Arduino,0.000,0.000,0.000,,
223.932032,2026-03-16 16:45:19.672,ARDUINO_PSI,Arduino,0.000,0.000,0.000,,
224.031784,2026-03-16 16:45:19.772,ARDUINO_PSI,Arduino,0.000,0.000,0.000,,
224.131843,2026-03-16 16:45:19.872,ARDUINO_PSI,Arduino,0.000,0.000,0.000,,
224.231490,2026-03-16 16:45:19.972,ARDUINO_PSI,Arduino,0.000,0.000,0.000,,
224.331910,2026-03-16 16:45:20.072,ARDUINO_PSI,Arduino,0.000,0.000,0.000,,
224.431939,2026-03-16 16:45:20.172,ARDUINO_PSI,Arduino,0.000,0.000,0.000,,
224.531866,2026-03-16 16:45:20.272,ARDUINO_PSI,Arduino,0.000,0.000,0.000,,
224.631960,2026-03-16 16:45:20.372,ARDUINO_PSI,Arduino,0.000,0.000,0.000,,
224.731886,2026-03-16 16:45:20.472,ARDUINO_PSI,Arduino,0.000,0.000,0.000,,
224.831881,2026-03-16 16:45:20.572,ARDUINO_PSI,Arduino,0.000,0.000,0.000,,
224.932008,2026-03-16 16:45:20.672,ARDUINO_PSI,Arduino,0.000,0.000,0.000,,
225.031913,2026-03-16 16:45:20.772,ARDUINO_PSI,Arduino,0.000,0.000,0.000,,
225.132056,2026-03-16 16:45:20.872,ARDUINO_PSI,Arduino,0.000,0.000,0.000,,
225.231929,2026-03-16 16:45:20.972,ARDUINO_PSI,Arduino,0.000,0.000,0.000,,
225.332011,2026-03-16 16:45:21.072,ARDUINO_PSI,Arduino,0.000,0.000,0.000,,
225.432001,2026-03-16 16:45:21.172,ARDUINO_PSI,Arduino,0.000,0.000,0.000,,
225.531912,2026-03-16 16:45:21.272,ARDUINO_PSI,Arduino,0.000,0.000,0.000,,
225.631717,2026-03-16 16:45:21.372,ARDUINO_PSI,Arduino,0.000,0.000,0.000,,
225.731921,2026-03-16 16:45:21.472,ARDUINO_PSI,Arduino,0.000,0.000,0.000,,
225.831922,2026-03-16 16:45:21.572,ARDUINO_PSI,Arduino,0.000,0.000,0.000,,
225.931992,2026-03-16 16:45:21.672,ARDUINO_PSI,Arduino,0.000,0.000,0.000,,
226.032282,2026-03-16 16:45:21.772,ARDUINO_PSI,Arduino,0.000,0.000,0.000,,
226.131807,2026-03-16 16:45:21.872,ARDUINO_PSI,Arduino,0.000,0.000,0.000,,
226.232011,2026-03-16 16:45:21.972,ARDUINO_PSI,Arduino,0.000,0.000,0.000,,
226.331990,2026-03-16 16:45:22.072,ARDUINO_PSI,Arduino,0.000,0.000,0.000,,
226.431969,2026-03-16 16:45:22.172,ARDUINO_PSI,Arduino,0.000,0.000,0.000,,
226.532113,2026-03-16 16:45:22.272,ARDUINO_PSI,Arduino,0.000,0.000,0.000,,
226.631859,2026-03-16 16:45:22.372,ARDUINO_PSI,Arduino,0.000,0.000,0.000,,
226.731979,2026-03-16 16:45:22.472,ARDUINO_PSI,Arduino,0.000,0.000,0.000,,
226.831859,2026-03-16 16:45:22.572,ARDUINO_PSI,Arduino,0.000,0.000,0.000,,
226.932160,2026-03-16 16:45:22.672,ARDUINO_PSI,Arduino,0.000,0.000,0.000,,
227.031943,2026-03-16 16:45:22.772,ARDUINO_PSI,Arduino,0.000,0.000,0.000,,
227.131773,2026-03-16 16:45:22.872,ARDUINO_PSI,Arduino,0.000,0.000,0.000,,
227.232477,2026-03-16 16:45:22.973,ARDUINO_PSI,Arduino,0.000,0.000,0.000,,
227.331840,2026-03-16 16:45:23.072,ARDUINO_PSI,Arduino,0.000,0.000,0.000,,
227.431992,2026-03-16 16:45:23.172,ARDUINO_PSI,Arduino,0.000,0.000,0.000,,
227.531937,2026-03-16 16:45:23.272,ARDUINO_PSI,Arduino,0.000,0.000,0.000,,
227.631971,2026-03-16 16:45:23.372,ARDUINO_PSI,Arduino,0.000,0.000,0.000,,
227.731807,2026-03-16 16:45:23.472,ARDUINO_PSI,Arduino,0.000,0.000,0.000,,
227.831976,2026-03-16 16:45:23.572,ARDUINO_PSI,Arduino,0.000,0.000,0.000,,
227.931879,2026-03-16 16:45:23.672,ARDUINO_PSI,Arduino,0.000,0.000,0.000,,
228.031931,2026-03-16 16:45:23.772,ARDUINO_PSI,Arduino,0.000,0.000,0.000,,
228.131946,2026-03-16 16:45:23.872,ARDUINO_PSI,Arduino,0.000,0.000,0.000,,
228.232043,2026-03-16 16:45:23.972,ARDUINO_PSI,Arduino,0.000,0.000,0.000,,
228.331891,2026-03-16 16:45:24.072,ARDUINO_PSI,Arduino,0.000,0.000,0.000,,
228.432073,2026-03-16 16:45:24.172,ARDUINO_PSI,Arduino,0.000,0.000,0.000,,
228.531857,2026-03-16 16:45:24.272,ARDUINO_PSI,Arduino,0.000,0.000,0.000,,
228.632186,2026-03-16 16:45:24.372,ARDUINO_PSI,Arduino,0.000,0.000,0.000,,
228.731853,2026-03-16 16:45:24.472,ARDUINO_PSI,Arduino,0.000,0.000,0.000,,
228.832529,2026-03-16 16:45:24.573,ARDUINO_PSI,Arduino,0.000,0.000,0.000,,
228.931965,2026-03-16 16:45:24.672,ARDUINO_PSI,Arduino,0.000,0.000,0.000,,
229.031924,2026-03-16 16:45:24.772,ARDUINO_PSI,Arduino,0.000,0.000,0.000,,
229.132077,2026-03-16 16:45:24.872,ARDUINO_PSI,Arduino,0.000,0.000,0.000,,
229.231945,2026-03-16 16:45:24.972,ARDUINO_PSI,Arduino,0.000,0.000,0.000,,
229.331933,2026-03-16 16:45:25.072,ARDUINO_PSI,Arduino,0.000,0.000,0.000,,
229.431864,2026-03-16 16:45:25.172,ARDUINO_PSI,Arduino,0.000,0.000,0.000,,
229.532260,2026-03-16 16:45:25.272,ARDUINO_PSI,Arduino,0.000,0.000,0.000,,
229.631980,2026-03-16 16:45:25.372,ARDUINO_PSI,Arduino,0.000,0.000,0.000,,
229.731910,2026-03-16 16:45:25.472,ARDUINO_PSI,Arduino,0.000,0.000,0.000,,
229.832049,2026-03-16 16:45:25.572,ARDUINO_PSI,Arduino,0.000,0.000,0.000,,
229.932041,2026-03-16 16:45:25.672,ARDUINO_PSI,Arduino,0.000,0.000,0.000,,
230.031987,2026-03-16 16:45:25.772,ARDUINO_PSI,Arduino,0.000,0.000,0.000,,
230.132138,2026-03-16 16:45:25.872,ARDUINO_PSI,Arduino,0.000,0.000,0.000,,
230.231824,2026-03-16 16:45:25.972,ARDUINO_PSI,Arduino,0.000,0.000,0.000,,
230.332159,2026-03-16 16:45:26.072,ARDUINO_PSI,Arduino,0.000,0.000,0.000,,
230.432300,2026-03-16 16:45:26.172,ARDUINO_PSI,Arduino,0.000,0.000,0.000,,
230.531977,2026-03-16 16:45:26.272,ARDUINO_PSI,Arduino,0.000,0.000,0.000,,
230.632008,2026-03-16 16:45:26.372,ARDUINO_PSI,Arduino,0.000,0.000,0.000,,
230.732005,2026-03-16 16:45:26.472,ARDUINO_PSI,Arduino,0.000,0.000,0.000,,
230.831549,2026-03-16 16:45:26.572,ARDUINO_PSI,Arduino,0.000,0.000,0.000,,
230.931469,2026-03-16 16:45:26.672,ARDUINO_PSI,Arduino,0.000,0.000,0.000,,
231.031746,2026-03-16 16:45:26.772,ARDUINO_PSI,Arduino,0.000,0.000,0.000,,
231.131921,2026-03-16 16:45:26.872,ARDUINO_PSI,Arduino,0.000,0.000,0.000,,
231.232036,2026-03-16 16:45:26.972,ARDUINO_PSI,Arduino,0.000,0.000,0.000,,
231.331939,2026-03-16 16:45:27.072,ARDUINO_PSI,Arduino,0.000,0.000,0.000,,
231.432642,2026-03-16 16:45:27.173,ARDUINO_PSI,Arduino,0.000,0.000,0.000,,
231.531924,2026-03-16 16:45:27.272,ARDUINO_PSI,Arduino,0.000,0.000,0.000,,
231.632102,2026-03-16 16:45:27.372,ARDUINO_PSI,Arduino,0.000,0.000,0.000,,
231.731991,2026-03-16 16:45:27.472,ARDUINO_PSI,Arduino,0.000,0.000,0.000,,
231.831842,2026-03-16 16:45:27.572,ARDUINO_PSI,Arduino,0.000,0.000,0.000,,
231.932296,2026-03-16 16:45:27.672,ARDUINO_PSI,Arduino,0.000,0.000,0.000,,
232.032093,2026-03-16 16:45:27.772,ARDUINO_PSI,Arduino,0.000,0.000,0.000,,
232.131488,2026-03-16 16:45:27.872,ARDUINO_PSI,Arduino,0.000,0.000,0.000,,
232.231997,2026-03-16 16:45:27.972,ARDUINO_PSI,Arduino,0.000,0.000,0.000,,
232.331836,2026-03-16 16:45:28.072,ARDUINO_PSI,Arduino,0.000,0.000,0.000,,
232.431952,2026-03-16 16:45:28.172,ARDUINO_PSI,Arduino,0.000,0.000,0.000,,
232.531941,2026-03-16 16:45:28.272,ARDUINO_PSI,Arduino,0.000,0.000,0.000,,
232.632017,2026-03-16 16:45:28.372,ARDUINO_PSI,Arduino,0.000,0.000,0.000,,
232.731754,2026-03-16 16:45:28.472,ARDUINO_PSI,Arduino,0.000,0.000,0.000,,
232.832079,2026-03-16 16:45:28.572,ARDUINO_PSI,Arduino,0.000,0.000,0.000,,
232.932062,2026-03-16 16:45:28.672,ARDUINO_PSI,Arduino,0.000,0.000,0.000,,
233.032126,2026-03-16 16:45:28.772,ARDUINO_PSI,Arduino,0.000,0.000,0.000,,
233.132097,2026-03-16 16:45:28.872,ARDUINO_PSI,Arduino,0.000,0.000,0.000,,
233.232211,2026-03-16 16:45:28.972,ARDUINO_PSI,Arduino,0.000,0.000,0.000,,
233.331885,2026-03-16 16:45:29.072,ARDUINO_PSI,Arduino,0.000,0.000,0.000,,
233.432174,2026-03-16 16:45:29.172,ARDUINO_PSI,Arduino,0.000,0.000,0.000,,
233.531901,2026-03-16 16:45:29.272,ARDUINO_PSI,Arduino,0.000,0.000,0.000,,
233.632013,2026-03-16 16:45:29.372,ARDUINO_PSI,Arduino,0.000,0.000,0.000,,
233.732063,2026-03-16 16:45:29.472,ARDUINO_PSI,Arduino,0.000,0.000,0.000,,
233.832165,2026-03-16 16:45:29.572,ARDUINO_PSI,Arduino,0.000,0.000,0.000,,
233.932254,2026-03-16 16:45:29.672,ARDUINO_PSI,Arduino,0.000,0.000,0.000,,
234.032130,2026-03-16 16:45:29.772,ARDUINO_PSI,Arduino,0.000,0.000,0.000,,
234.132182,2026-03-16 16:45:29.872,ARDUINO_PSI,Arduino,0.000,0.000,0.000,,
234.232213,2026-03-16 16:45:29.972,ARDUINO_PSI,Arduino,0.000,0.000,0.000,,
234.332047,2026-03-16 16:45:30.072,ARDUINO_PSI,Arduino,0.000,0.000,0.000,,
234.432023,2026-03-16 16:45:30.172,ARDUINO_PSI,Arduino,0.000,0.000,0.000,,
234.532061,2026-03-16 16:45:30.272,ARDUINO_PSI,Arduino,0.000,0.000,0.000,,
234.632121,2026-03-16 16:45:30.372,ARDUINO_PSI,Arduino,0.000,0.000,0.000,,
234.731994,2026-03-16 16:45:30.472,ARDUINO_PSI,Arduino,0.000,0.000,0.000,,
234.832010,2026-03-16 16:45:30.572,ARDUINO_PSI,Arduino,0.000,0.000,0.000,,
234.932042,2026-03-16 16:45:30.672,ARDUINO_PSI,Arduino,0.000,0.000,0.000,,
235.032105,2026-03-16 16:45:30.772,ARDUINO_PSI,Arduino,0.000,0.000,0.000,,
235.132568,2026-03-16 16:45:30.873,ARDUINO_PSI,Arduino,0.000,0.000,0.000,,
235.232151,2026-03-16 16:45:30.972,ARDUINO_PSI,Arduino,0.000,0.000,0.000,,
235.332141,2026-03-16 16:45:31.072,ARDUINO_PSI,Arduino,0.000,0.000,0.000,,
235.432040,2026-03-16 16:45:31.172,ARDUINO_PSI,Arduino,0.000,0.000,0.000,,
235.532046,2026-03-16 16:45:31.272,ARDUINO_PSI,Arduino,0.000,0.000,0.000,,
235.632329,2026-03-16 16:45:31.372,ARDUINO_PSI,Arduino,0.000,0.000,0.000,,
235.732028,2026-03-16 16:45:31.472,ARDUINO_PSI,Arduino,0.000,0.000,0.000,,
235.832228,2026-03-16 16:45:31.572,ARDUINO_PSI,Arduino,0.000,0.000,0.000,,
235.932021,2026-03-16 16:45:31.672,ARDUINO_PSI,Arduino,0.000,0.000,0.000,,
236.032245,2026-03-16 16:45:31.772,ARDUINO_PSI,Arduino,0.000,0.000,0.000,,
236.132004,2026-03-16 16:45:31.872,ARDUINO_PSI,Arduino,0.000,0.000,0.000,,
236.232113,2026-03-16 16:45:31.972,ARDUINO_PSI,Arduino,0.000,0.000,0.000,,
236.332118,2026-03-16 16:45:32.072,ARDUINO_PSI,Arduino,0.000,0.000,0.000,,
236.432115,2026-03-16 16:45:32.172,ARDUINO_PSI,Arduino,0.000,0.000,0.000,,
236.532185,2026-03-16 16:45:32.272,ARDUINO_PSI,Arduino,0.000,0.000,0.000,,
236.632059,2026-03-16 16:45:32.372,ARDUINO_PSI,Arduino,0.000,0.000,0.000,,
236.732077,2026-03-16 16:45:32.472,ARDUINO_PSI,Arduino,0.000,0.000,0.000,,
236.832297,2026-03-16 16:45:32.572,ARDUINO_PSI,Arduino,0.000,0.000,0.000,,
236.932104,2026-03-16 16:45:32.672,ARDUINO_PSI,Arduino,0.000,0.000,0.000,,
237.031734,2026-03-16 16:45:32.772,ARDUINO_PSI,Arduino,0.000,0.000,0.000,,
237.132115,2026-03-16 16:45:32.872,ARDUINO_PSI,Arduino,0.000,0.000,0.000,,
237.232614,2026-03-16 16:45:32.973,ARDUINO_PSI,Arduino,0.000,0.000,0.000,,
237.331991,2026-03-16 16:45:33.072,ARDUINO_PSI,Arduino,0.000,0.000,0.000,,
237.432117,2026-03-16 16:45:33.172,ARDUINO_PSI,Arduino,0.000,0.000,0.000,,
237.532134,2026-03-16 16:45:33.272,ARDUINO_PSI,Arduino,0.000,0.000,0.000,,
237.631926,2026-03-16 16:45:33.372,ARDUINO_PSI,Arduino,0.000,0.000,0.000,,
237.732081,2026-03-16 16:45:33.472,ARDUINO_PSI,Arduino,0.000,0.000,0.000,,
237.832309,2026-03-16 16:45:33.572,ARDUINO_PSI,Arduino,0.000,0.000,0.000,,
237.932126,2026-03-16 16:45:33.672,ARDUINO_PSI,Arduino,0.000,0.000,0.000,,
238.032049,2026-03-16 16:45:33.772,ARDUINO_PSI,Arduino,0.000,0.000,0.000,,
238.132164,2026-03-16 16:45:33.872,ARDUINO_PSI,Arduino,0.000,0.000,0.000,,
238.232128,2026-03-16 16:45:33.972,ARDUINO_PSI,Arduino,0.000,0.000,0.000,,
238.332028,2026-03-16 16:45:34.072,ARDUINO_PSI,Arduino,0.000,0.000,0.000,,
238.432046,2026-03-16 16:45:34.172,ARDUINO_PSI,Arduino,0.000,0.000,0.000,,
238.532114,2026-03-16 16:45:34.272,ARDUINO_PSI,Arduino,0.000,0.000,0.000,,
238.632086,2026-03-16 16:45:34.372,ARDUINO_PSI,Arduino,0.000,0.000,0.000,,
238.732143,2026-03-16 16:45:34.472,ARDUINO_PSI,Arduino,0.000,0.000,0.000,,
238.832302,2026-03-16 16:45:34.572,ARDUINO_PSI,Arduino,0.000,0.000,0.000,,
238.932004,2026-03-16 16:45:34.672,ARDUINO_PSI,Arduino,0.000,0.000,0.000,,
239.032120,2026-03-16 16:45:34.772,ARDUINO_PSI,Arduino,0.000,0.000,0.000,,
239.132128,2026-03-16 16:45:34.872,ARDUINO_PSI,Arduino,0.000,0.000,0.000,,
239.231479,2026-03-16 16:45:34.972,ARDUINO_PSI,Arduino,0.000,0.000,0.000,,
239.332132,2026-03-16 16:45:35.072,ARDUINO_PSI,Arduino,0.000,0.000,0.000,,
239.432308,2026-03-16 16:45:35.172,ARDUINO_PSI,Arduino,0.000,0.000,0.000,,
239.532105,2026-03-16 16:45:35.272,ARDUINO_PSI,Arduino,0.000,0.000,0.000,,
239.632161,2026-03-16 16:45:35.372,ARDUINO_PSI,Arduino,0.000,0.000,0.000,,
239.731519,2026-03-16 16:45:35.472,ARDUINO_PSI,Arduino,0.000,0.000,0.000,,
239.832961,2026-03-16 16:45:35.573,ARDUINO_PSI,Arduino,0.000,0.000,0.000,,
239.932090,2026-03-16 16:45:35.672,ARDUINO_PSI,Arduino,0.000,0.000,0.000,,
240.032356,2026-03-16 16:45:35.772,ARDUINO_PSI,Arduino,0.000,0.000,0.000,,
240.132267,2026-03-16 16:45:35.872,ARDUINO_PSI,Arduino,0.000,0.000,0.000,,
240.232059,2026-03-16 16:45:35.972,ARDUINO_PSI,Arduino,0.000,0.000,0.000,,
240.332069,2026-03-16 16:45:36.072,ARDUINO_PSI,Arduino,0.000,0.000,0.000,,
240.432102,2026-03-16 16:45:36.172,ARDUINO_PSI,Arduino,0.000,0.000,0.000,,
240.532240,2026-03-16 16:45:36.272,ARDUINO_PSI,Arduino,0.000,0.000,0.000,,
240.632007,2026-03-16 16:45:36.372,ARDUINO_PSI,Arduino,0.000,0.000,0.000,,
240.732831,2026-03-16 16:45:36.473,ARDUINO_PSI,Arduino,0.000,0.000,0.000,,
240.831986,2026-03-16 16:45:36.572,ARDUINO_PSI,Arduino,0.000,0.000,0.000,,
240.931971,2026-03-16 16:45:36.672,ARDUINO_PSI,Arduino,0.000,0.000,0.000,,
241.031868,2026-03-16 16:45:36.772,ARDUINO_PSI,Arduino,0.000,0.000,0.000,,
241.131880,2026-03-16 16:45:36.872,ARDUINO_PSI,Arduino,0.000,0.000,0.000,,
241.232154,2026-03-16 16:45:36.972,ARDUINO_PSI,Arduino,0.000,0.000,0.000,,
241.332043,2026-03-16 16:45:37.072,ARDUINO_PSI,Arduino,0.000,0.000,0.000,,
241.432138,2026-03-16 16:45:37.172,ARDUINO_PSI,Arduino,0.000,0.000,0.000,,
241.532187,2026-03-16 16:45:37.272,ARDUINO_PSI,Arduino,0.000,0.000,0.000,,
241.632039,2026-03-16 16:45:37.372,ARDUINO_PSI,Arduino,0.000,0.000,0.000,,
241.731861,2026-03-16 16:45:37.472,ARDUINO_PSI,Arduino,0.000,0.000,0.000,,
241.831947,2026-03-16 16:45:37.572,ARDUINO_PSI,Arduino,0.000,0.000,0.000,,
241.931967,2026-03-16 16:45:37.672,ARDUINO_PSI,Arduino,0.000,0.000,0.000,,
242.032095,2026-03-16 16:45:37.772,ARDUINO_PSI,Arduino,0.000,0.000,0.000,,
242.132502,2026-03-16 16:45:37.873,ARDUINO_PSI,Arduino,0.000,0.000,0.000,,
242.231913,2026-03-16 16:45:37.972,ARDUINO_PSI,Arduino,0.000,0.000,0.000,,
242.331861,2026-03-16 16:45:38.072,ARDUINO_PSI,Arduino,0.000,0.000,0.000,,
242.431979,2026-03-16 16:45:38.172,ARDUINO_PSI,Arduino,0.000,0.000,0.000,,
242.531808,2026-03-16 16:45:38.272,ARDUINO_PSI,Arduino,0.000,0.000,0.000,,
242.632112,2026-03-16 16:45:38.372,ARDUINO_PSI,Arduino,0.000,0.000,0.000,,
242.732082,2026-03-16 16:45:38.472,ARDUINO_PSI,Arduino,0.000,0.000,0.000,,
242.832376,2026-03-16 16:45:38.573,ARDUINO_PSI,Arduino,0.000,0.000,0.000,,
242.932218,2026-03-16 16:45:38.672,ARDUINO_PSI,Arduino,0.000,0.000,0.000,,
243.032190,2026-03-16 16:45:38.772,ARDUINO_PSI,Arduino,0.000,0.000,0.000,,
243.131846,2026-03-16 16:45:38.872,ARDUINO_PSI,Arduino,0.000,0.000,0.000,,
243.232158,2026-03-16 16:45:38.972,ARDUINO_PSI,Arduino,0.000,0.000,0.000,,
243.332199,2026-03-16 16:45:39.072,ARDUINO_PSI,Arduino,0.000,0.000,0.000,,
243.432150,2026-03-16 16:45:39.172,ARDUINO_PSI,Arduino,0.000,0.000,0.000,,
243.532121,2026-03-16 16:45:39.272,ARDUINO_PSI,Arduino,0.000,0.000,0.000,,
243.631996,2026-03-16 16:45:39.372,ARDUINO_PSI,Arduino,0.000,0.000,0.000,,
243.732030,2026-03-16 16:45:39.472,ARDUINO_PSI,Arduino,0.000,0.000,0.000,,
243.831924,2026-03-16 16:45:39.572,ARDUINO_PSI,Arduino,0.000,0.000,0.000,,
243.932209,2026-03-16 16:45:39.672,ARDUINO_PSI,Arduino,0.000,0.000,0.000,,
244.032161,2026-03-16 16:45:39.772,ARDUINO_PSI,Arduino,0.000,0.000,0.000,,
244.132040,2026-03-16 16:45:39.872,ARDUINO_PSI,Arduino,0.000,0.000,0.000,,
244.231551,2026-03-16 16:45:39.972,ARDUINO_PSI,Arduino,0.000,0.000,0.000,,
244.331585,2026-03-16 16:45:40.072,ARDUINO_PSI,Arduino,0.000,0.000,0.000,,
244.432010,2026-03-16 16:45:40.172,ARDUINO_PSI,Arduino,0.000,0.000,0.000,,
244.531540,2026-03-16 16:45:40.272,ARDUINO_PSI,Arduino,0.000,0.000,0.000,,
244.631781,2026-03-16 16:45:40.372,ARDUINO_PSI,Arduino,0.000,0.000,0.000,,
244.731753,2026-03-16 16:45:40.472,ARDUINO_PSI,Arduino,0.000,0.000,0.000,,
244.831469,2026-03-16 16:45:40.572,ARDUINO_PSI,Arduino,0.000,0.000,0.000,,
244.931939,2026-03-16 16:45:40.672,ARDUINO_PSI,Arduino,0.000,0.000,0.000,,
245.031678,2026-03-16 16:45:40.772,ARDUINO_PSI,Arduino,0.000,0.000,0.000,,
245.132096,2026-03-16 16:45:40.872,ARDUINO_PSI,Arduino,0.000,0.000,0.000,,
245.232053,2026-03-16 16:45:40.972,ARDUINO_PSI,Arduino,0.000,0.000,0.000,,
245.331551,2026-03-16 16:45:41.072,ARDUINO_PSI,Arduino,0.000,0.000,0.000,,
245.432193,2026-03-16 16:45:41.172,ARDUINO_PSI,Arduino,0.000,0.000,0.000,,
245.531767,2026-03-16 16:45:41.272,ARDUINO_PSI,Arduino,0.000,0.000,0.000,,
245.632137,2026-03-16 16:45:41.372,ARDUINO_PSI,Arduino,0.000,0.000,0.000,,
245.732053,2026-03-16 16:45:41.472,ARDUINO_PSI,Arduino,0.000,0.000,0.000,,
245.831878,2026-03-16 16:45:41.572,ARDUINO_PSI,Arduino,0.000,0.000,0.000,,
245.932401,2026-03-16 16:45:41.673,ARDUINO_PSI,Arduino,0.000,0.000,0.000,,
246.032054,2026-03-16 16:45:41.772,ARDUINO_PSI,Arduino,0.000,0.000,0.000,,
246.132423,2026-03-16 16:45:41.873,ARDUINO_PSI,Arduino,0.000,0.000,0.000,,
246.231806,2026-03-16 16:45:41.972,ARDUINO_PSI,Arduino,0.000,0.000,0.000,,
246.331830,2026-03-16 16:45:42.072,ARDUINO_PSI,Arduino,0.000,0.000,0.000,,
246.432153,2026-03-16 16:45:42.172,ARDUINO_PSI,Arduino,0.000,0.000,0.000,,
246.532220,2026-03-16 16:45:42.272,ARDUINO_PSI,Arduino,0.000,0.000,0.000,,
246.632979,2026-03-16 16:45:42.373,ARDUINO_PSI,Arduino,0.000,0.000,0.000,,
246.732128,2026-03-16 16:45:42.472,ARDUINO_PSI,Arduino,0.000,0.000,0.000,,
246.832117,2026-03-16 16:45:42.572,ARDUINO_PSI,Arduino,0.000,0.000,0.000,,
246.932112,2026-03-16 16:45:42.672,ARDUINO_PSI,Arduino,0.000,0.000,0.000,,
247.032213,2026-03-16 16:45:42.772,ARDUINO_PSI,Arduino,0.000,0.000,0.000,,
247.132073,2026-03-16 16:45:42.872,ARDUINO_PSI,Arduino,0.000,0.000,0.000,,
247.231688,2026-03-16 16:45:42.972,ARDUINO_PSI,Arduino,0.000,0.000,0.000,,
247.332951,2026-03-16 16:45:43.073,ARDUINO_PSI,Arduino,0.000,0.000,0.000,,
247.432307,2026-03-16 16:45:43.172,ARDUINO_PSI,Arduino,0.000,0.000,0.000,,
247.532194,2026-03-16 16:45:43.272,ARDUINO_PSI,Arduino,0.000,0.000,0.000,,
247.632034,2026-03-16 16:45:43.372,ARDUINO_PSI,Arduino,0.000,0.000,0.000,,
247.732082,2026-03-16 16:45:43.472,ARDUINO_PSI,Arduino,0.000,0.000,0.000,,
247.832054,2026-03-16 16:45:43.572,ARDUINO_PSI,Arduino,0.000,0.000,0.000,,
247.932207,2026-03-16 16:45:43.672,ARDUINO_PSI,Arduino,0.000,0.000,0.000,,
248.032558,2026-03-16 16:45:43.773,ARDUINO_PSI,Arduino,0.000,0.000,0.000,,
248.132196,2026-03-16 16:45:43.872,ARDUINO_PSI,Arduino,0.000,0.000,0.000,,
248.232083,2026-03-16 16:45:43.972,ARDUINO_PSI,Arduino,0.000,0.000,0.000,,
248.331894,2026-03-16 16:45:44.072,ARDUINO_PSI,Arduino,0.000,0.000,0.000,,
248.432012,2026-03-16 16:45:44.172,ARDUINO_PSI,Arduino,0.000,0.000,0.000,,
248.532132,2026-03-16 16:45:44.272,ARDUINO_PSI,Arduino,0.000,0.000,0.000,,
248.632186,2026-03-16 16:45:44.372,ARDUINO_PSI,Arduino,0.000,0.000,0.000,,
248.732118,2026-03-16 16:45:44.472,ARDUINO_PSI,Arduino,0.000,0.000,0.000,,
248.832326,2026-03-16 16:45:44.572,ARDUINO_PSI,Arduino,0.000,0.000,0.000,,
248.932271,2026-03-16 16:45:44.672,ARDUINO_PSI,Arduino,0.000,0.000,0.000,,
249.032158,2026-03-16 16:45:44.772,ARDUINO_PSI,Arduino,0.000,0.000,0.000,,
249.132095,2026-03-16 16:45:44.872,ARDUINO_PSI,Arduino,0.000,0.000,0.000,,
249.232112,2026-03-16 16:45:44.972,ARDUINO_PSI,Arduino,0.000,0.000,0.000,,
249.331852,2026-03-16 16:45:45.072,ARDUINO_PSI,Arduino,0.000,0.000,0.000,,
249.432058,2026-03-16 16:45:45.172,ARDUINO_PSI,Arduino,0.000,0.000,0.000,,
249.531965,2026-03-16 16:45:45.272,ARDUINO_PSI,Arduino,0.000,0.000,0.000,,
249.631901,2026-03-16 16:45:45.372,ARDUINO_PSI,Arduino,0.000,0.000,0.000,,
249.732110,2026-03-16 16:45:45.472,ARDUINO_PSI,Arduino,0.000,0.000,0.000,,
249.831684,2026-03-16 16:45:45.572,ARDUINO_PSI,Arduino,0.000,0.000,0.000,,
249.932115,2026-03-16 16:45:45.672,ARDUINO_PSI,Arduino,0.000,0.000,0.000,,
250.031982,2026-03-16 16:45:45.772,ARDUINO_PSI,Arduino,0.000,0.000,0.000,,
250.132771,2026-03-16 16:45:45.873,ARDUINO_PSI,Arduino,0.000,0.000,0.000,,
250.232010,2026-03-16 16:45:45.972,ARDUINO_PSI,Arduino,0.000,0.000,0.000,,
250.332122,2026-03-16 16:45:46.072,ARDUINO_PSI,Arduino,0.000,0.000,0.000,,
250.431826,2026-03-16 16:45:46.172,ARDUINO_PSI,Arduino,0.000,0.000,0.000,,
250.531950,2026-03-16 16:45:46.272,ARDUINO_PSI,Arduino,0.000,0.000,0.000,,
250.632593,2026-03-16 16:45:46.373,ARDUINO_PSI,Arduino,0.000,0.000,0.000,,
250.732090,2026-03-16 16:45:46.472,ARDUINO_PSI,Arduino,0.000,0.000,0.000,,
250.832584,2026-03-16 16:45:46.573,ARDUINO_PSI,Arduino,0.000,0.000,0.000,,
250.932312,2026-03-16 16:45:46.672,ARDUINO_PSI,Arduino,0.000,0.000,0.000,,
251.032246,2026-03-16 16:45:46.772,ARDUINO_PSI,Arduino,0.000,0.000,0.000,,
251.132246,2026-03-16 16:45:46.872,ARDUINO_PSI,Arduino,0.000,0.000,0.000,,
251.232115,2026-03-16 16:45:46.972,ARDUINO_PSI,Arduino,0.000,0.000,0.000,,
251.332003,2026-03-16 16:45:47.072,ARDUINO_PSI,Arduino,0.000,0.000,0.000,,
251.432159,2026-03-16 16:45:47.172,ARDUINO_PSI,Arduino,0.000,0.000,0.000,,
251.532013,2026-03-16 16:45:47.272,ARDUINO_PSI,Arduino,0.000,0.000,0.000,,
251.632003,2026-03-16 16:45:47.372,ARDUINO_PSI,Arduino,0.000,0.000,0.000,,
251.732448,2026-03-16 16:45:47.473,ARDUINO_PSI,Arduino,0.000,0.000,0.000,,
251.832288,2026-03-16 16:45:47.572,ARDUINO_PSI,Arduino,0.000,0.000,0.000,,
251.932205,2026-03-16 16:45:47.672,ARDUINO_PSI,Arduino,0.000,0.000,0.000,,
252.032188,2026-03-16 16:45:47.772,ARDUINO_PSI,Arduino,0.000,0.000,0.000,,
252.132367,2026-03-16 16:45:47.873,ARDUINO_PSI,Arduino,0.000,0.000,0.000,,
252.231814,2026-03-16 16:45:47.972,ARDUINO_PSI,Arduino,0.000,0.000,0.000,,
252.332136,2026-03-16 16:45:48.072,ARDUINO_PSI,Arduino,0.000,0.000,0.000,,
252.432027,2026-03-16 16:45:48.172,ARDUINO_PSI,Arduino,0.000,0.000,0.000,,
252.531901,2026-03-16 16:45:48.272,ARDUINO_PSI,Arduino,0.000,0.000,0.000,,
252.632338,2026-03-16 16:45:48.372,ARDUINO_PSI,Arduino,0.000,0.000,0.000,,
252.732147,2026-03-16 16:45:48.472,ARDUINO_PSI,Arduino,0.000,0.000,0.000,,
252.832114,2026-03-16 16:45:48.572,ARDUINO_PSI,Arduino,0.000,0.000,0.000,,
252.932087,2026-03-16 16:45:48.672,ARDUINO_PSI,Arduino,0.000,0.000,0.000,,
253.032112,2026-03-16 16:45:48.772,ARDUINO_PSI,Arduino,0.000,0.000,0.000,,
253.132047,2026-03-16 16:45:48.872,ARDUINO_PSI,Arduino,0.000,0.000,0.000,,
253.232095,2026-03-16 16:45:48.972,ARDUINO_PSI,Arduino,0.000,0.000,0.000,,
253.332002,2026-03-16 16:45:49.072,ARDUINO_PSI,Arduino,0.000,0.000,0.000,,
253.432289,2026-03-16 16:45:49.172,ARDUINO_PSI,Arduino,0.000,0.000,0.000,,
253.532220,2026-03-16 16:45:49.272,ARDUINO_PSI,Arduino,0.000,0.000,0.000,,
253.632140,2026-03-16 16:45:49.372,ARDUINO_PSI,Arduino,0.000,0.000,0.000,,
253.732161,2026-03-16 16:45:49.472,ARDUINO_PSI,Arduino,0.000,0.000,0.000,,
253.831907,2026-03-16 16:45:49.572,ARDUINO_PSI,Arduino,0.000,0.000,0.000,,
253.932155,2026-03-16 16:45:49.672,ARDUINO_PSI,Arduino,0.000,0.000,0.000,,
254.031939,2026-03-16 16:45:49.772,ARDUINO_PSI,Arduino,0.000,0.000,0.000,,
254.132004,2026-03-16 16:45:49.872,ARDUINO_PSI,Arduino,0.000,0.000,0.000,,
254.232104,2026-03-16 16:45:49.972,ARDUINO_PSI,Arduino,0.000,0.000,0.000,,
254.332063,2026-03-16 16:45:50.072,ARDUINO_PSI,Arduino,0.000,0.000,0.000,,
254.432167,2026-03-16 16:45:50.172,ARDUINO_PSI,Arduino,0.000,0.000,0.000,,
254.532056,2026-03-16 16:45:50.272,ARDUINO_PSI,Arduino,0.000,0.000,0.000,,
254.631938,2026-03-16 16:45:50.372,ARDUINO_PSI,Arduino,0.000,0.000,0.000,,
254.732011,2026-03-16 16:45:50.472,ARDUINO_PSI,Arduino,0.000,0.000,0.000,,
254.832063,2026-03-16 16:45:50.572,ARDUINO_PSI,Arduino,0.000,0.000,0.000,,
254.932779,2026-03-16 16:45:50.673,ARDUINO_PSI,Arduino,0.000,0.000,0.000,,
255.032010,2026-03-16 16:45:50.772,ARDUINO_PSI,Arduino,0.000,0.000,0.000,,
255.131609,2026-03-16 16:45:50.872,ARDUINO_PSI,Arduino,0.000,0.000,0.000,,
255.232105,2026-03-16 16:45:50.972,ARDUINO_PSI,Arduino,0.000,0.000,0.000,,
255.331683,2026-03-16 16:45:51.072,ARDUINO_PSI,Arduino,0.000,0.000,0.000,,
255.432249,2026-03-16 16:45:51.172,ARDUINO_PSI,Arduino,0.000,0.000,0.000,,
255.532337,2026-03-16 16:45:51.272,ARDUINO_PSI,Arduino,0.000,0.000,0.000,,
255.632604,2026-03-16 16:45:51.373,ARDUINO_PSI,Arduino,0.000,0.000,0.000,,
255.732024,2026-03-16 16:45:51.472,ARDUINO_PSI,Arduino,0.000,0.000,0.000,,
255.831805,2026-03-16 16:45:51.572,ARDUINO_PSI,Arduino,0.000,0.000,0.000,,
255.932348,2026-03-16 16:45:51.672,ARDUINO_PSI,Arduino,0.000,0.000,0.000,,
256.032251,2026-03-16 16:45:51.772,ARDUINO_PSI,Arduino,0.000,0.000,0.000,,
256.131854,2026-03-16 16:45:51.872,ARDUINO_PSI,Arduino,0.000,0.000,0.000,,
256.232192,2026-03-16 16:45:51.972,ARDUINO_PSI,Arduino,0.000,0.000,0.000,,
256.332258,2026-03-16 16:45:52.072,ARDUINO_PSI,Arduino,0.000,0.000,0.000,,
256.432078,2026-03-16 16:45:52.172,ARDUINO_PSI,Arduino,0.000,0.000,0.000,,
256.532267,2026-03-16 16:45:52.272,ARDUINO_PSI,Arduino,0.000,0.000,0.000,,
256.631648,2026-03-16 16:45:52.372,ARDUINO_PSI,Arduino,0.000,0.000,0.000,,
256.731996,2026-03-16 16:45:52.472,ARDUINO_PSI,Arduino,0.000,0.000,0.000,,
256.831941,2026-03-16 16:45:52.572,ARDUINO_PSI,Arduino,0.000,0.000,0.000,,
256.932297,2026-03-16 16:45:52.672,ARDUINO_PSI,Arduino,0.000,0.000,0.000,,
257.032316,2026-03-16 16:45:52.772,ARDUINO_PSI,Arduino,0.000,0.000,0.000,,
257.132204,2026-03-16 16:45:52.872,ARDUINO_PSI,Arduino,0.000,0.000,0.000,,
257.232210,2026-03-16 16:45:52.972,ARDUINO_PSI,Arduino,0.000,0.000,0.000,,
257.331957,2026-03-16 16:45:53.072,ARDUINO_PSI,Arduino,0.000,0.000,0.000,,
257.432135,2026-03-16 16:45:53.172,ARDUINO_PSI,Arduino,0.000,0.000,0.000,,
257.532247,2026-03-16 16:45:53.272,ARDUINO_PSI,Arduino,0.000,0.000,0.000,,
257.632258,2026-03-16 16:45:53.372,ARDUINO_PSI,Arduino,0.000,0.000,0.000,,
257.732121,2026-03-16 16:45:53.472,ARDUINO_PSI,Arduino,0.000,0.000,0.000,,
257.831739,2026-03-16 16:45:53.572,ARDUINO_PSI,Arduino,0.000,0.000,0.000,,
257.932245,2026-03-16 16:45:53.672,ARDUINO_PSI,Arduino,0.000,0.000,0.000,,
258.032123,2026-03-16 16:45:53.772,ARDUINO_PSI,Arduino,0.000,0.000,0.000,,
258.132280,2026-03-16 16:45:53.872,ARDUINO_PSI,Arduino,0.000,0.000,0.000,,
258.232224,2026-03-16 16:45:53.972,ARDUINO_PSI,Arduino,0.000,0.000,0.000,,
258.331632,2026-03-16 16:45:54.072,ARDUINO_PSI,Arduino,0.000,0.000,0.000,,
258.432419,2026-03-16 16:45:54.173,ARDUINO_PSI,Arduino,0.000,0.000,0.000,,
258.531882,2026-03-16 16:45:54.272,ARDUINO_PSI,Arduino,0.000,0.000,0.000,,
258.632113,2026-03-16 16:45:54.372,ARDUINO_PSI,Arduino,0.000,0.000,0.000,,
258.731994,2026-03-16 16:45:54.472,ARDUINO_PSI,Arduino,0.000,0.000,0.000,,
258.832310,2026-03-16 16:45:54.572,ARDUINO_PSI,Arduino,0.000,0.000,0.000,,
258.932109,2026-03-16 16:45:54.672,ARDUINO_PSI,Arduino,0.000,0.000,0.000,,
259.032216,2026-03-16 16:45:54.772,ARDUINO_PSI,Arduino,0.000,0.000,0.000,,
259.131925,2026-03-16 16:45:54.872,ARDUINO_PSI,Arduino,0.000,0.000,0.000,,
259.232032,2026-03-16 16:45:54.972,ARDUINO_PSI,Arduino,0.000,0.000,0.000,,
259.333371,2026-03-16 16:45:55.074,ARDUINO_PSI,Arduino,0.000,0.000,0.000,,
259.432196,2026-03-16 16:45:55.172,ARDUINO_PSI,Arduino,0.000,0.000,0.000,,
259.532174,2026-03-16 16:45:55.272,ARDUINO_PSI,Arduino,0.000,0.000,0.000,,
259.631971,2026-03-16 16:45:55.372,ARDUINO_PSI,Arduino,0.000,0.000,0.000,,
259.732047,2026-03-16 16:45:55.472,ARDUINO_PSI,Arduino,0.000,0.000,0.000,,
259.832260,2026-03-16 16:45:55.572,ARDUINO_PSI,Arduino,0.000,0.000,0.000,,
259.932047,2026-03-16 16:45:55.672,ARDUINO_PSI,Arduino,0.000,0.000,0.000,,
260.032140,2026-03-16 16:45:55.772,ARDUINO_PSI,Arduino,0.000,0.000,0.000,,
260.132100,2026-03-16 16:45:55.872,ARDUINO_PSI,Arduino,0.000,0.000,0.000,,
260.232119,2026-03-16 16:45:55.972,ARDUINO_PSI,Arduino,0.000,0.000,0.000,,
260.332009,2026-03-16 16:45:56.072,ARDUINO_PSI,Arduino,0.000,0.000,0.000,,
260.432276,2026-03-16 16:45:56.172,ARDUINO_PSI,Arduino,0.000,0.000,0.000,,
260.532115,2026-03-16 16:45:56.272,ARDUINO_PSI,Arduino,0.000,0.000,0.000,,
260.632341,2026-03-16 16:45:56.372,ARDUINO_PSI,Arduino,0.000,0.000,0.000,,
260.732202,2026-03-16 16:45:56.472,ARDUINO_PSI,Arduino,0.000,0.000,0.000,,
260.832038,2026-03-16 16:45:56.572,ARDUINO_PSI,Arduino,0.000,0.000,0.000,,
260.932214,2026-03-16 16:45:56.672,ARDUINO_PSI,Arduino,0.000,0.000,0.000,,
261.032070,2026-03-16 16:45:56.772,ARDUINO_PSI,Arduino,0.000,0.000,0.000,,
261.132221,2026-03-16 16:45:56.872,ARDUINO_PSI,Arduino,0.000,0.000,0.000,,
261.232881,2026-03-16 16:45:56.973,ARDUINO_PSI,Arduino,0.000,0.000,0.000,,
261.332150,2026-03-16 16:45:57.072,ARDUINO_PSI,Arduino,0.000,0.000,0.000,,
261.432112,2026-03-16 16:45:57.172,ARDUINO_PSI,Arduino,0.000,0.000,0.000,,
261.532035,2026-03-16 16:45:57.272,ARDUINO_PSI,Arduino,0.000,0.000,0.000,,
261.632113,2026-03-16 16:45:57.372,ARDUINO_PSI,Arduino,0.000,0.000,0.000,,
261.732043,2026-03-16 16:45:57.472,ARDUINO_PSI,Arduino,0.000,0.000,0.000,,
261.831661,2026-03-16 16:45:57.572,ARDUINO_PSI,Arduino,0.000,0.000,0.000,,
261.932683,2026-03-16 16:45:57.673,ARDUINO_PSI,Arduino,0.000,0.000,0.000,,
262.032006,2026-03-16 16:45:57.772,ARDUINO_PSI,Arduino,0.000,0.000,0.000,,
262.132198,2026-03-16 16:45:57.872,ARDUINO_PSI,Arduino,0.000,0.000,0.000,,
262.232196,2026-03-16 16:45:57.972,ARDUINO_PSI,Arduino,0.000,0.000,0.000,,
262.332486,2026-03-16 16:45:58.073,ARDUINO_PSI,Arduino,0.000,0.000,0.000,,
262.432111,2026-03-16 16:45:58.172,ARDUINO_PSI,Arduino,0.000,0.000,0.000,,
262.532390,2026-03-16 16:45:58.273,ARDUINO_PSI,Arduino,0.000,0.000,0.000,,
262.632181,2026-03-16 16:45:58.372,ARDUINO_PSI,Arduino,0.000,0.000,0.000,,
262.732307,2026-03-16 16:45:58.472,ARDUINO_PSI,Arduino,0.000,0.000,0.000,,
262.831717,2026-03-16 16:45:58.572,ARDUINO_PSI,Arduino,0.000,0.000,0.000,,
262.932182,2026-03-16 16:45:58.672,ARDUINO_PSI,Arduino,0.000,0.000,0.000,,
263.032296,2026-03-16 16:45:58.772,ARDUINO_PSI,Arduino,0.000,0.000,0.000,,
263.131953,2026-03-16 16:45:58.872,ARDUINO_PSI,Arduino,0.000,0.000,0.000,,
263.232101,2026-03-16 16:45:58.972,ARDUINO_PSI,Arduino,0.000,0.000,0.000,,
263.332204,2026-03-16 16:45:59.072,ARDUINO_PSI,Arduino,0.000,0.000,0.000,,
263.432430,2026-03-16 16:45:59.173,ARDUINO_PSI,Arduino,0.000,0.000,0.000,,
263.532247,2026-03-16 16:45:59.272,ARDUINO_PSI,Arduino,0.000,0.000,0.000,,
263.632239,2026-03-16 16:45:59.372,ARDUINO_PSI,Arduino,0.000,0.000,0.000,,
263.732463,2026-03-16 16:45:59.473,ARDUINO_PSI,Arduino,0.000,0.000,0.000,,
263.831742,2026-03-16 16:45:59.572,ARDUINO_PSI,Arduino,0.000,0.000,0.000,,
263.932258,2026-03-16 16:45:59.672,ARDUINO_PSI,Arduino,0.000,0.000,0.000,,
264.032060,2026-03-16 16:45:59.772,ARDUINO_PSI,Arduino,0.000,0.000,0.000,,
264.131963,2026-03-16 16:45:59.872,ARDUINO_PSI,Arduino,0.000,0.000,0.000,,
264.232982,2026-03-16 16:45:59.973,ARDUINO_PSI,Arduino,0.000,0.000,0.000,,
264.332237,2026-03-16 16:46:00.072,ARDUINO_PSI,Arduino,0.000,0.000,0.000,,
264.432198,2026-03-16 16:46:00.172,ARDUINO_PSI,Arduino,0.000,0.000,0.000,,
264.532091,2026-03-16 16:46:00.272,ARDUINO_PSI,Arduino,0.000,0.000,0.000,,
264.632323,2026-03-16 16:46:00.372,ARDUINO_PSI,Arduino,0.000,0.000,0.000,,
264.732226,2026-03-16 16:46:00.472,ARDUINO_PSI,Arduino,0.000,0.000,0.000,,
264.831731,2026-03-16 16:46:00.572,ARDUINO_PSI,Arduino,0.000,0.000,0.000,,
264.932248,2026-03-16 16:46:00.672,ARDUINO_PSI,Arduino,0.000,0.000,0.000,,
265.032006,2026-03-16 16:46:00.772,ARDUINO_PSI,Arduino,0.000,0.000,0.000,,
265.132550,2026-03-16 16:46:00.873,ARDUINO_PSI,Arduino,0.000,0.000,0.000,,
265.232275,2026-03-16 16:46:00.972,ARDUINO_PSI,Arduino,0.000,0.000,0.000,,
265.332286,2026-03-16 16:46:01.072,ARDUINO_PSI,Arduino,0.000,0.000,0.000,,
265.432223,2026-03-16 16:46:01.172,ARDUINO_PSI,Arduino,0.000,0.000,0.000,,
265.532153,2026-03-16 16:46:01.272,ARDUINO_PSI,Arduino,0.000,0.000,0.000,,
265.632527,2026-03-16 16:46:01.373,ARDUINO_PSI,Arduino,0.000,0.000,0.000,,
265.732219,2026-03-16 16:46:01.472,ARDUINO_PSI,Arduino,0.000,0.000,0.000,,
265.831736,2026-03-16 16:46:01.572,ARDUINO_PSI,Arduino,0.000,0.000,0.000,,
265.931689,2026-03-16 16:46:01.672,ARDUINO_PSI,Arduino,0.000,0.000,0.000,,
266.032207,2026-03-16 16:46:01.772,ARDUINO_PSI,Arduino,0.000,0.000,0.000,,
266.132367,2026-03-16 16:46:01.873,ARDUINO_PSI,Arduino,0.000,0.000,0.000,,
266.232305,2026-03-16 16:46:01.972,ARDUINO_PSI,Arduino,0.000,0.000,0.000,,
266.332258,2026-03-16 16:46:02.072,ARDUINO_PSI,Arduino,0.000,0.000,0.000,,
266.432148,2026-03-16 16:46:02.172,ARDUINO_PSI,Arduino,0.000,0.000,0.000,,
266.532264,2026-03-16 16:46:02.272,ARDUINO_PSI,Arduino,0.000,0.000,0.000,,
266.632219,2026-03-16 16:46:02.372,ARDUINO_PSI,Arduino,0.000,0.000,0.000,,
266.732274,2026-03-16 16:46:02.472,ARDUINO_PSI,Arduino,0.000,0.000,0.000,,
266.832169,2026-03-16 16:46:02.572,ARDUINO_PSI,Arduino,0.000,0.000,0.000,,
266.931646,2026-03-16 16:46:02.672,ARDUINO_PSI,Arduino,0.000,0.000,0.000,,
267.032344,2026-03-16 16:46:02.772,ARDUINO_PSI,Arduino,0.000,0.000,0.000,,
267.132059,2026-03-16 16:46:02.872,ARDUINO_PSI,Arduino,0.000,0.000,0.000,,
267.232164,2026-03-16 16:46:02.972,ARDUINO_PSI,Arduino,0.000,0.000,0.000,,
267.332211,2026-03-16 16:46:03.072,ARDUINO_PSI,Arduino,0.000,0.000,0.000,,
267.432243,2026-03-16 16:46:03.172,ARDUINO_PSI,Arduino,0.000,0.000,0.000,,
267.532301,2026-03-16 16:46:03.272,ARDUINO_PSI,Arduino,0.000,0.000,0.000,,
267.632148,2026-03-16 16:46:03.372,ARDUINO_PSI,Arduino,0.000,0.000,0.000,,
267.732355,2026-03-16 16:46:03.472,ARDUINO_PSI,Arduino,0.000,0.000,0.000,,
267.832315,2026-03-16 16:46:03.572,ARDUINO_PSI,Arduino,0.000,0.000,0.000,,
267.932271,2026-03-16 16:46:03.672,ARDUINO_PSI,Arduino,0.000,0.000,0.000,,
268.032243,2026-03-16 16:46:03.772,ARDUINO_PSI,Arduino,0.000,0.000,0.000,,
268.132286,2026-03-16 16:46:03.872,ARDUINO_PSI,Arduino,0.000,0.000,0.000,,
268.232365,2026-03-16 16:46:03.973,ARDUINO_PSI,Arduino,0.000,0.000,0.000,,
268.332091,2026-03-16 16:46:04.072,ARDUINO_PSI,Arduino,0.000,0.000,0.000,,
268.432163,2026-03-16 16:46:04.172,ARDUINO_PSI,Arduino,0.000,0.000,0.000,,
268.532172,2026-03-16 16:46:04.272,ARDUINO_PSI,Arduino,0.000,0.000,0.000,,
268.632194,2026-03-16 16:46:04.372,ARDUINO_PSI,Arduino,0.000,0.000,0.000,,
268.732161,2026-03-16 16:46:04.472,ARDUINO_PSI,Arduino,0.000,0.000,0.000,,
268.832237,2026-03-16 16:46:04.572,ARDUINO_PSI,Arduino,0.000,0.000,0.000,,
268.932154,2026-03-16 16:46:04.672,ARDUINO_PSI,Arduino,0.000,0.000,0.000,,
269.032088,2026-03-16 16:46:04.772,ARDUINO_PSI,Arduino,0.000,0.000,0.000,,
269.132225,2026-03-16 16:46:04.872,ARDUINO_PSI,Arduino,0.000,0.000,0.000,,
269.232190,2026-03-16 16:46:04.972,ARDUINO_PSI,Arduino,0.000,0.000,0.000,,
269.332033,2026-03-16 16:46:05.072,ARDUINO_PSI,Arduino,0.000,0.000,0.000,,
269.432365,2026-03-16 16:46:05.173,ARDUINO_PSI,Arduino,0.000,0.000,0.000,,
269.531573,2026-03-16 16:46:05.272,ARDUINO_PSI,Arduino,0.000,0.000,0.000,,
269.632673,2026-03-16 16:46:05.373,ARDUINO_PSI,Arduino,0.000,0.000,0.000,,
269.732109,2026-03-16 16:46:05.472,ARDUINO_PSI,Arduino,0.000,0.000,0.000,,
269.832118,2026-03-16 16:46:05.572,ARDUINO_PSI,Arduino,0.000,0.000,0.000,,
269.931973,2026-03-16 16:46:05.672,ARDUINO_PSI,Arduino,0.000,0.000,0.000,,
270.032237,2026-03-16 16:46:05.772,ARDUINO_PSI,Arduino,0.000,0.000,0.000,,
270.132146,2026-03-16 16:46:05.872,ARDUINO_PSI,Arduino,0.000,0.000,0.000,,
270.232171,2026-03-16 16:46:05.972,ARDUINO_PSI,Arduino,0.000,0.000,0.000,,
270.332150,2026-03-16 16:46:06.072,ARDUINO_PSI,Arduino,0.000,0.000,0.000,,
270.431870,2026-03-16 16:46:06.172,ARDUINO_PSI,Arduino,0.000,0.000,0.000,,
270.531990,2026-03-16 16:46:06.272,ARDUINO_PSI,Arduino,0.000,0.000,0.000,,
270.632278,2026-03-16 16:46:06.372,ARDUINO_PSI,Arduino,0.000,0.000,0.000,,
270.732154,2026-03-16 16:46:06.472,ARDUINO_PSI,Arduino,0.000,0.000,0.000,,
270.832170,2026-03-16 16:46:06.572,ARDUINO_PSI,Arduino,0.000,0.000,0.000,,
270.932220,2026-03-16 16:46:06.672,ARDUINO_PSI,Arduino,0.000,0.000,0.000,,
271.032316,2026-03-16 16:46:06.772,ARDUINO_PSI,Arduino,0.000,0.000,0.000,,
271.132213,2026-03-16 16:46:06.872,ARDUINO_PSI,Arduino,0.000,0.000,0.000,,
271.232119,2026-03-16 16:46:06.972,ARDUINO_PSI,Arduino,0.000,0.000,0.000,,
271.332277,2026-03-16 16:46:07.072,ARDUINO_PSI,Arduino,0.000,0.000,0.000,,
271.432296,2026-03-16 16:46:07.172,ARDUINO_PSI,Arduino,0.000,0.000,0.000,,
271.532640,2026-03-16 16:46:07.273,ARDUINO_PSI,Arduino,0.000,0.000,0.000,,
271.632203,2026-03-16 16:46:07.372,ARDUINO_PSI,Arduino,0.000,0.000,0.000,,
271.732646,2026-03-16 16:46:07.473,ARDUINO_PSI,Arduino,0.000,0.000,0.000,,
271.832204,2026-03-16 16:46:07.572,ARDUINO_PSI,Arduino,0.000,0.000,0.000,,
271.933378,2026-03-16 16:46:07.674,ARDUINO_PSI,Arduino,0.000,0.000,0.000,,
272.032005,2026-03-16 16:46:07.772,ARDUINO_PSI,Arduino,0.000,0.000,0.000,,
272.132358,2026-03-16 16:46:07.872,ARDUINO_PSI,Arduino,0.000,0.000,0.000,,
272.232335,2026-03-16 16:46:07.972,ARDUINO_PSI,Arduino,0.000,0.000,0.000,,
272.332213,2026-03-16 16:46:08.072,ARDUINO_PSI,Arduino,0.000,0.000,0.000,,
272.432931,2026-03-16 16:46:08.173,ARDUINO_PSI,Arduino,0.000,0.000,0.000,,
272.532216,2026-03-16 16:46:08.272,ARDUINO_PSI,Arduino,0.000,0.000,0.000,,
272.632246,2026-03-16 16:46:08.372,ARDUINO_PSI,Arduino,0.000,0.000,0.000,,
272.732281,2026-03-16 16:46:08.472,ARDUINO_PSI,Arduino,0.000,0.000,0.000,,
272.832305,2026-03-16 16:46:08.572,ARDUINO_PSI,Arduino,0.000,0.000,0.000,,
272.932147,2026-03-16 16:46:08.672,ARDUINO_PSI,Arduino,0.000,0.000,0.000,,
273.032166,2026-03-16 16:46:08.772,ARDUINO_PSI,Arduino,0.000,0.000,0.000,,
273.132171,2026-03-16 16:46:08.872,ARDUINO_PSI,Arduino,0.000,0.000,0.000,,
273.232215,2026-03-16 16:46:08.972,ARDUINO_PSI,Arduino,0.000,0.000,0.000,,
273.332217,2026-03-16 16:46:09.072,ARDUINO_PSI,Arduino,0.000,0.000,0.000,,
273.432818,2026-03-16 16:46:09.173,ARDUINO_PSI,Arduino,0.000,0.000,0.000,,
273.532085,2026-03-16 16:46:09.272,ARDUINO_PSI,Arduino,0.000,0.000,0.000,,
273.632249,2026-03-16 16:46:09.372,ARDUINO_PSI,Arduino,0.000,0.000,0.000,,
273.732049,2026-03-16 16:46:09.472,ARDUINO_PSI,Arduino,0.000,0.000,0.000,,
273.831627,2026-03-16 16:46:09.572,ARDUINO_PSI,Arduino,0.000,0.000,0.000,,
273.932231,2026-03-16 16:46:09.672,ARDUINO_PSI,Arduino,0.000,0.000,0.000,,
274.032188,2026-03-16 16:46:09.772,ARDUINO_PSI,Arduino,0.000,0.000,0.000,,
274.132230,2026-03-16 16:46:09.872,ARDUINO_PSI,Arduino,0.000,0.000,0.000,,
274.232195,2026-03-16 16:46:09.972,ARDUINO_PSI,Arduino,0.000,0.000,0.000,,
274.332178,2026-03-16 16:46:10.072,ARDUINO_PSI,Arduino,0.000,0.000,0.000,,
274.432030,2026-03-16 16:46:10.172,ARDUINO_PSI,Arduino,0.000,0.000,0.000,,
274.532215,2026-03-16 16:46:10.272,ARDUINO_PSI,Arduino,0.000,0.000,0.000,,
274.632448,2026-03-16 16:46:10.373,ARDUINO_PSI,Arduino,0.000,0.000,0.000,,
274.732179,2026-03-16 16:46:10.472,ARDUINO_PSI,Arduino,0.000,0.000,0.000,,
274.832170,2026-03-16 16:46:10.572,ARDUINO_PSI,Arduino,0.000,0.000,0.000,,
274.932241,2026-03-16 16:46:10.672,ARDUINO_PSI,Arduino,0.000,0.000,0.000,,
275.031943,2026-03-16 16:46:10.772,ARDUINO_PSI,Arduino,0.000,0.000,0.000,,
275.132308,2026-03-16 16:46:10.872,ARDUINO_PSI,Arduino,0.000,0.000,0.000,,
275.232136,2026-03-16 16:46:10.972,ARDUINO_PSI,Arduino,0.000,0.000,0.000,,
275.332282,2026-03-16 16:46:11.072,ARDUINO_PSI,Arduino,0.000,0.000,0.000,,
275.432182,2026-03-16 16:46:11.172,ARDUINO_PSI,Arduino,0.000,0.000,0.000,,
275.531710,2026-03-16 16:46:11.272,ARDUINO_PSI,Arduino,0.000,0.000,0.000,,
275.632495,2026-03-16 16:46:11.373,ARDUINO_PSI,Arduino,0.000,0.000,0.000,,
275.732162,2026-03-16 16:46:11.472,ARDUINO_PSI,Arduino,0.000,0.000,0.000,,
275.831677,2026-03-16 16:46:11.572,ARDUINO_PSI,Arduino,0.000,0.000,0.000,,
275.932208,2026-03-16 16:46:11.672,ARDUINO_PSI,Arduino,0.000,0.000,0.000,,
276.031776,2026-03-16 16:46:11.772,ARDUINO_PSI,Arduino,0.000,0.000,0.000,,
276.132256,2026-03-16 16:46:11.872,ARDUINO_PSI,Arduino,0.000,0.000,0.000,,
276.232207,2026-03-16 16:46:11.972,ARDUINO_PSI,Arduino,0.000,0.000,0.000,,
276.333115,2026-03-16 16:46:12.073,ARDUINO_PSI,Arduino,0.000,0.000,0.000,,
276.432340,2026-03-16 16:46:12.172,ARDUINO_PSI,Arduino,0.000,0.000,0.000,,
276.531710,2026-03-16 16:46:12.272,ARDUINO_PSI,Arduino,0.000,0.000,0.000,,
276.631952,2026-03-16 16:46:12.372,ARDUINO_PSI,Arduino,0.000,0.000,0.000,,
276.732295,2026-03-16 16:46:12.472,ARDUINO_PSI,Arduino,0.000,0.000,0.000,,
276.831864,2026-03-16 16:46:12.572,ARDUINO_PSI,Arduino,0.000,0.000,0.000,,
276.932236,2026-03-16 16:46:12.672,ARDUINO_PSI,Arduino,0.000,0.000,0.000,,
277.032286,2026-03-16 16:46:12.772,ARDUINO_PSI,Arduino,0.000,0.000,0.000,,
277.132139,2026-03-16 16:46:12.872,ARDUINO_PSI,Arduino,0.000,0.000,0.000,,
277.231992,2026-03-16 16:46:12.972,ARDUINO_PSI,Arduino,0.000,0.000,0.000,,
277.332089,2026-03-16 16:46:13.072,ARDUINO_PSI,Arduino,0.000,0.000,0.000,,
277.432095,2026-03-16 16:46:13.172,ARDUINO_PSI,Arduino,0.000,0.000,0.000,,
277.533220,2026-03-16 16:46:13.273,ARDUINO_PSI,Arduino,0.000,0.000,0.000,,
277.632190,2026-03-16 16:46:13.372,ARDUINO_PSI,Arduino,0.000,0.000,0.000,,
277.732097,2026-03-16 16:46:13.472,ARDUINO_PSI,Arduino,0.000,0.000,0.000,,
277.832242,2026-03-16 16:46:13.572,ARDUINO_PSI,Arduino,0.000,0.000,0.000,,
277.932319,2026-03-16 16:46:13.672,ARDUINO_PSI,Arduino,0.000,0.000,0.000,,
278.032189,2026-03-16 16:46:13.772,ARDUINO_PSI,Arduino,0.000,0.000,0.000,,
278.132261,2026-03-16 16:46:13.872,ARDUINO_PSI,Arduino,0.000,0.000,0.000,,
278.232226,2026-03-16 16:46:13.972,ARDUINO_PSI,Arduino,0.000,0.000,0.000,,
278.332219,2026-03-16 16:46:14.072,ARDUINO_PSI,Arduino,0.000,0.000,0.000,,
278.432246,2026-03-16 16:46:14.172,ARDUINO_PSI,Arduino,0.000,0.000,0.000,,
278.532287,2026-03-16 16:46:14.272,ARDUINO_PSI,Arduino,0.000,0.000,0.000,,
278.632015,2026-03-16 16:46:14.372,ARDUINO_PSI,Arduino,0.000,0.000,0.000,,
278.732064,2026-03-16 16:46:14.472,ARDUINO_PSI,Arduino,0.000,0.000,0.000,,
278.832240,2026-03-16 16:46:14.572,ARDUINO_PSI,Arduino,0.000,0.000,0.000,,
278.932317,2026-03-16 16:46:14.672,ARDUINO_PSI,Arduino,0.000,0.000,0.000,,
279.032226,2026-03-16 16:46:14.772,ARDUINO_PSI,Arduino,0.000,0.000,0.000,,
279.132125,2026-03-16 16:46:14.872,ARDUINO_PSI,Arduino,0.000,0.000,0.000,,
279.232313,2026-03-16 16:46:14.972,ARDUINO_PSI,Arduino,0.000,0.000,0.000,,
279.332179,2026-03-16 16:46:15.072,ARDUINO_PSI,Arduino,0.000,0.000,0.000,,
279.432173,2026-03-16 16:46:15.172,ARDUINO_PSI,Arduino,0.000,0.000,0.000,,
279.532390,2026-03-16 16:46:15.273,ARDUINO_PSI,Arduino,0.000,0.000,0.000,,
279.632149,2026-03-16 16:46:15.372,ARDUINO_PSI,Arduino,0.000,0.000,0.000,,
279.732144,2026-03-16 16:46:15.472,ARDUINO_PSI,Arduino,0.000,0.000,0.000,,
279.831917,2026-03-16 16:46:15.572,ARDUINO_PSI,Arduino,0.000,0.000,0.000,,
279.932232,2026-03-16 16:46:15.672,ARDUINO_PSI,Arduino,0.000,0.000,0.000,,
280.032071,2026-03-16 16:46:15.772,ARDUINO_PSI,Arduino,0.000,0.000,0.000,,
280.132293,2026-03-16 16:46:15.872,ARDUINO_PSI,Arduino,0.000,0.000,0.000,,
280.232892,2026-03-16 16:46:15.973,ARDUINO_PSI,Arduino,0.000,0.000,0.000,,
280.332232,2026-03-16 16:46:16.072,ARDUINO_PSI,Arduino,0.000,0.000,0.000,,
280.432307,2026-03-16 16:46:16.172,ARDUINO_PSI,Arduino,0.000,0.000,0.000,,
280.532280,2026-03-16 16:46:16.272,ARDUINO_PSI,Arduino,0.000,0.000,0.000,,
280.632205,2026-03-16 16:46:16.372,ARDUINO_PSI,Arduino,0.000,0.000,0.000,,
280.732144,2026-03-16 16:46:16.472,ARDUINO_PSI,Arduino,0.000,0.000,0.000,,
280.832360,2026-03-16 16:46:16.572,ARDUINO_PSI,Arduino,0.000,0.000,0.000,,
280.932202,2026-03-16 16:46:16.672,ARDUINO_PSI,Arduino,0.000,0.000,0.000,,
281.032127,2026-03-16 16:46:16.772,ARDUINO_PSI,Arduino,0.000,0.000,0.000,,
281.131673,2026-03-16 16:46:16.872,ARDUINO_PSI,Arduino,0.000,0.000,0.000,,
281.232138,2026-03-16 16:46:16.972,ARDUINO_PSI,Arduino,0.000,0.000,0.000,,
281.331841,2026-03-16 16:46:17.072,ARDUINO_PSI,Arduino,0.000,0.000,0.000,,
281.432177,2026-03-16 16:46:17.172,ARDUINO_PSI,Arduino,0.000,0.000,0.000,,
281.532245,2026-03-16 16:46:17.272,ARDUINO_PSI,Arduino,0.000,0.000,0.000,,
281.631771,2026-03-16 16:46:17.372,ARDUINO_PSI,Arduino,0.000,0.000,0.000,,
281.732220,2026-03-16 16:46:17.472,ARDUINO_PSI,Arduino,0.000,0.000,0.000,,
281.831746,2026-03-16 16:46:17.572,ARDUINO_PSI,Arduino,0.000,0.000,0.000,,
281.932425,2026-03-16 16:46:17.673,ARDUINO_PSI,Arduino,0.000,0.000,0.000,,
282.032267,2026-03-16 16:46:17.772,ARDUINO_PSI,Arduino,0.000,0.000,0.000,,
282.131846,2026-03-16 16:46:17.872,ARDUINO_PSI,Arduino,0.000,0.000,0.000,,
282.232361,2026-03-16 16:46:17.972,ARDUINO_PSI,Arduino,0.000,0.000,0.000,,
282.332165,2026-03-16 16:46:18.072,ARDUINO_PSI,Arduino,0.000,0.000,0.000,,
282.432240,2026-03-16 16:46:18.172,ARDUINO_PSI,Arduino,0.000,0.000,0.000,,
282.532284,2026-03-16 16:46:18.272,ARDUINO_PSI,Arduino,0.000,0.000,0.000,,
282.632301,2026-03-16 16:46:18.372,ARDUINO_PSI,Arduino,0.000,0.000,0.000,,
282.732636,2026-03-16 16:46:18.473,ARDUINO_PSI,Arduino,0.000,0.000,0.000,,
282.832206,2026-03-16 16:46:18.572,ARDUINO_PSI,Arduino,0.000,0.000,0.000,,
282.931909,2026-03-16 16:46:18.672,ARDUINO_PSI,Arduino,0.000,0.000,0.000,,
283.032192,2026-03-16 16:46:18.772,ARDUINO_PSI,Arduino,0.000,0.000,0.000,,
283.132167,2026-03-16 16:46:18.872,ARDUINO_PSI,Arduino,0.000,0.000,0.000,,
283.232212,2026-03-16 16:46:18.972,ARDUINO_PSI,Arduino,0.000,0.000,0.000,,
283.332245,2026-03-16 16:46:19.072,ARDUINO_PSI,Arduino,0.000,0.000,0.000,,
283.432324,2026-03-16 16:46:19.172,ARDUINO_PSI,Arduino,0.000,0.000,0.000,,
283.531720,2026-03-16 16:46:19.272,ARDUINO_PSI,Arduino,0.000,0.000,0.000,,
283.632154,2026-03-16 16:46:19.372,ARDUINO_PSI,Arduino,0.000,0.000,0.000,,
283.732052,2026-03-16 16:46:19.472,ARDUINO_PSI,Arduino,0.000,0.000,0.000,,
283.832088,2026-03-16 16:46:19.572,ARDUINO_PSI,Arduino,0.000,0.000,0.000,,
283.931937,2026-03-16 16:46:19.672,ARDUINO_PSI,Arduino,0.000,0.000,0.000,,
284.032479,2026-03-16 16:46:19.773,ARDUINO_PSI,Arduino,0.000,0.000,0.000,,
284.132065,2026-03-16 16:46:19.872,ARDUINO_PSI,Arduino,0.000,0.000,0.000,,
284.232058,2026-03-16 16:46:19.972,ARDUINO_PSI,Arduino,0.000,0.000,0.000,,
284.332259,2026-03-16 16:46:20.072,ARDUINO_PSI,Arduino,0.000,0.000,0.000,,
284.431987,2026-03-16 16:46:20.172,ARDUINO_PSI,Arduino,0.000,0.000,0.000,,
284.532368,2026-03-16 16:46:20.273,ARDUINO_PSI,Arduino,0.000,0.000,0.000,,
284.632229,2026-03-16 16:46:20.372,ARDUINO_PSI,Arduino,0.000,0.000,0.000,,
284.732213,2026-03-16 16:46:20.472,ARDUINO_PSI,Arduino,0.000,0.000,0.000,,
284.832082,2026-03-16 16:46:20.572,ARDUINO_PSI,Arduino,0.000,0.000,0.000,,
284.932300,2026-03-16 16:46:20.672,ARDUINO_PSI,Arduino,0.000,0.000,0.000,,
285.032361,2026-03-16 16:46:20.772,ARDUINO_PSI,Arduino,0.000,0.000,0.000,,
285.132092,2026-03-16 16:46:20.872,ARDUINO_PSI,Arduino,0.000,0.000,0.000,,
285.232200,2026-03-16 16:46:20.972,ARDUINO_PSI,Arduino,0.000,0.000,0.000,,
285.332160,2026-03-16 16:46:21.072,ARDUINO_PSI,Arduino,0.000,0.000,0.000,,
285.432207,2026-03-16 16:46:21.172,ARDUINO_PSI,Arduino,0.000,0.000,0.000,,
285.532199,2026-03-16 16:46:21.272,ARDUINO_PSI,Arduino,0.000,0.000,0.000,,
285.632285,2026-03-16 16:46:21.372,ARDUINO_PSI,Arduino,0.000,0.000,0.000,,
285.732291,2026-03-16 16:46:21.472,ARDUINO_PSI,Arduino,0.000,0.000,0.000,,
285.832250,2026-03-16 16:46:21.572,ARDUINO_PSI,Arduino,0.000,0.000,0.000,,
285.932120,2026-03-16 16:46:21.672,ARDUINO_PSI,Arduino,0.000,0.000,0.000,,
286.031896,2026-03-16 16:46:21.772,ARDUINO_PSI,Arduino,0.000,0.000,0.000,,
286.132285,2026-03-16 16:46:21.872,ARDUINO_PSI,Arduino,0.000,0.000,0.000,,
286.231687,2026-03-16 16:46:21.972,ARDUINO_PSI,Arduino,0.000,0.000,0.000,,
286.332235,2026-03-16 16:46:22.072,ARDUINO_PSI,Arduino,0.000,0.000,0.000,,
286.431828,2026-03-16 16:46:22.172,ARDUINO_PSI,Arduino,0.000,0.000,0.000,,
286.532325,2026-03-16 16:46:22.272,ARDUINO_PSI,Arduino,0.000,0.000,0.000,,
286.632303,2026-03-16 16:46:22.372,ARDUINO_PSI,Arduino,0.000,0.000,0.000,,
286.732261,2026-03-16 16:46:22.472,ARDUINO_PSI,Arduino,0.000,0.000,0.000,,
286.832367,2026-03-16 16:46:22.573,ARDUINO_PSI,Arduino,0.000,0.000,0.000,,
286.932191,2026-03-16 16:46:22.672,ARDUINO_PSI,Arduino,0.000,0.000,0.000,,
287.032220,2026-03-16 16:46:22.772,ARDUINO_PSI,Arduino,0.000,0.000,0.000,,
287.132317,2026-03-16 16:46:22.872,ARDUINO_PSI,Arduino,0.000,0.000,0.000,,
287.232161,2026-03-16 16:46:22.972,ARDUINO_PSI,Arduino,0.000,0.000,0.000,,
287.332954,2026-03-16 16:46:23.073,ARDUINO_PSI,Arduino,0.000,0.000,0.000,,
287.432223,2026-03-16 16:46:23.172,ARDUINO_PSI,Arduino,0.000,0.000,0.000,,
287.532233,2026-03-16 16:46:23.272,ARDUINO_PSI,Arduino,0.000,0.000,0.000,,
287.632448,2026-03-16 16:46:23.373,ARDUINO_PSI,Arduino,0.000,0.000,0.000,,
287.732048,2026-03-16 16:46:23.472,ARDUINO_PSI,Arduino,0.000,0.000,0.000,,
287.832415,2026-03-16 16:46:23.573,ARDUINO_PSI,Arduino,0.000,0.000,0.000,,
287.932232,2026-03-16 16:46:23.672,ARDUINO_PSI,Arduino,0.000,0.000,0.000,,
288.032347,2026-03-16 16:46:23.772,ARDUINO_PSI,Arduino,0.000,0.000,0.000,,
288.132282,2026-03-16 16:46:23.872,ARDUINO_PSI,Arduino,0.000,0.000,0.000,,
288.232211,2026-03-16 16:46:23.972,ARDUINO_PSI,Arduino,0.000,0.000,0.000,,
288.332148,2026-03-16 16:46:24.072,ARDUINO_PSI,Arduino,0.000,0.000,0.000,,
288.432297,2026-03-16 16:46:24.172,ARDUINO_PSI,Arduino,0.000,0.000,0.000,,
288.532233,2026-03-16 16:46:24.272,ARDUINO_PSI,Arduino,0.000,0.000,0.000,,
288.632131,2026-03-16 16:46:24.372,ARDUINO_PSI,Arduino,0.000,0.000,0.000,,
288.732373,2026-03-16 16:46:24.473,ARDUINO_PSI,Arduino,0.000,0.000,0.000,,
288.832429,2026-03-16 16:46:24.573,ARDUINO_PSI,Arduino,0.000,0.000,0.000,,
288.932340,2026-03-16 16:46:24.672,ARDUINO_PSI,Arduino,0.000,0.000,0.000,,
289.032220,2026-03-16 16:46:24.772,ARDUINO_PSI,Arduino,0.000,0.000,0.000,,
289.132986,2026-03-16 16:46:24.873,ARDUINO_PSI,Arduino,0.000,0.000,0.000,,
289.232150,2026-03-16 16:46:24.972,ARDUINO_PSI,Arduino,0.000,0.000,0.000,,
289.332334,2026-03-16 16:46:25.072,ARDUINO_PSI,Arduino,0.000,0.000,0.000,,
289.432773,2026-03-16 16:46:25.173,ARDUINO_PSI,Arduino,0.000,0.000,0.000,,
289.532216,2026-03-16 16:46:25.272,ARDUINO_PSI,Arduino,0.000,0.000,0.000,,
289.632392,2026-03-16 16:46:25.373,ARDUINO_PSI,Arduino,0.000,0.000,0.000,,
289.732232,2026-03-16 16:46:25.472,ARDUINO_PSI,Arduino,0.000,0.000,0.000,,
289.832228,2026-03-16 16:46:25.572,ARDUINO_PSI,Arduino,0.000,0.000,0.000,,
289.932332,2026-03-16 16:46:25.672,ARDUINO_PSI,Arduino,0.000,0.000,0.000,,
290.032180,2026-03-16 16:46:25.772,ARDUINO_PSI,Arduino,0.000,0.000,0.000,,
290.132332,2026-03-16 16:46:25.872,ARDUINO_PSI,Arduino,0.000,0.000,0.000,,
290.232249,2026-03-16 16:46:25.972,ARDUINO_PSI,Arduino,0.000,0.000,0.000,,
290.332168,2026-03-16 16:46:26.072,ARDUINO_PSI,Arduino,0.000,0.000,0.000,,
290.432263,2026-03-16 16:46:26.172,ARDUINO_PSI,Arduino,0.000,0.000,0.000,,
290.532225,2026-03-16 16:46:26.272,ARDUINO_PSI,Arduino,0.000,0.000,0.000,,
290.632306,2026-03-16 16:46:26.372,ARDUINO_PSI,Arduino,0.000,0.000,0.000,,
290.732293,2026-03-16 16:46:26.472,ARDUINO_PSI,Arduino,0.000,0.000,0.000,,
290.832593,2026-03-16 16:46:26.573,ARDUINO_PSI,Arduino,0.000,0.000,0.000,,
290.932309,2026-03-16 16:46:26.672,ARDUINO_PSI,Arduino,0.000,0.000,0.000,,
291.032366,2026-03-16 16:46:26.773,ARDUINO_PSI,Arduino,0.000,0.000,0.000,,
291.132124,2026-03-16 16:46:26.872,ARDUINO_PSI,Arduino,0.000,0.000,0.000,,
291.232329,2026-03-16 16:46:26.972,ARDUINO_PSI,Arduino,0.000,0.000,0.000,,
291.332296,2026-03-16 16:46:27.072,ARDUINO_PSI,Arduino,0.000,0.000,0.000,,
291.432356,2026-03-16 16:46:27.172,ARDUINO_PSI,Arduino,0.000,0.000,0.000,,
291.531729,2026-03-16 16:46:27.272,ARDUINO_PSI,Arduino,0.000,0.000,0.000,,
291.632259,2026-03-16 16:46:27.372,ARDUINO_PSI,Arduino,0.000,0.000,0.000,,
291.732415,2026-03-16 16:46:27.473,ARDUINO_PSI,Arduino,0.000,0.000,0.000,,
291.832385,2026-03-16 16:46:27.573,ARDUINO_PSI,Arduino,0.000,0.000,0.000,,
291.932430,2026-03-16 16:46:27.673,ARDUINO_PSI,Arduino,0.000,0.000,0.000,,
292.032647,2026-03-16 16:46:27.773,ARDUINO_PSI,Arduino,0.000,0.000,0.000,,
292.132166,2026-03-16 16:46:27.872,ARDUINO_PSI,Arduino,0.000,0.000,0.000,,
292.232357,2026-03-16 16:46:27.972,ARDUINO_PSI,Arduino,0.000,0.000,0.000,,
292.332131,2026-03-16 16:46:28.072,ARDUINO_PSI,Arduino,0.000,0.000,0.000,,
292.432402,2026-03-16 16:46:28.173,ARDUINO_PSI,Arduino,0.000,0.000,0.000,,
292.532198,2026-03-16 16:46:28.272,ARDUINO_PSI,Arduino,0.000,0.000,0.000,,
292.632125,2026-03-16 16:46:28.372,ARDUINO_PSI,Arduino,0.000,0.000,0.000,,
292.733408,2026-03-16 16:46:28.474,ARDUINO_PSI,Arduino,0.000,0.000,0.000,,
292.833109,2026-03-16 16:46:28.573,ARDUINO_PSI,Arduino,0.000,0.000,0.000,,
292.933585,2026-03-16 16:46:28.674,ARDUINO_PSI,Arduino,0.000,0.000,0.000,,
293.033263,2026-03-16 16:46:28.773,ARDUINO_PSI,Arduino,0.000,0.000,0.000,,
293.132887,2026-03-16 16:46:28.873,ARDUINO_PSI,Arduino,0.000,0.000,0.000,,
293.232377,2026-03-16 16:46:28.973,ARDUINO_PSI,Arduino,0.000,0.000,0.000,,
293.332260,2026-03-16 16:46:29.072,ARDUINO_PSI,Arduino,0.000,0.000,0.000,,
293.432213,2026-03-16 16:46:29.172,ARDUINO_PSI,Arduino,0.000,0.000,0.000,,
293.532247,2026-03-16 16:46:29.272,ARDUINO_PSI,Arduino,0.000,0.000,0.000,,
293.633359,2026-03-16 16:46:29.373,ARDUINO_PSI,Arduino,0.000,0.000,0.000,,
293.732058,2026-03-16 16:46:29.472,ARDUINO_PSI,Arduino,0.000,0.000,0.000,,
293.832307,2026-03-16 16:46:29.572,ARDUINO_PSI,Arduino,0.000,0.000,0.000,,
293.933202,2026-03-16 16:46:29.673,ARDUINO_PSI,Arduino,0.000,0.000,0.000,,
294.031788,2026-03-16 16:46:29.772,ARDUINO_PSI,Arduino,0.000,0.000,0.000,,
294.131934,2026-03-16 16:46:29.872,ARDUINO_PSI,Arduino,0.000,0.000,0.000,,
294.233622,2026-03-16 16:46:29.974,ARDUINO_PSI,Arduino,0.000,0.000,0.000,,
294.332374,2026-03-16 16:46:30.073,ARDUINO_PSI,Arduino,0.000,0.000,0.000,,
294.432974,2026-03-16 16:46:30.173,ARDUINO_PSI,Arduino,0.000,0.000,0.000,,
294.533044,2026-03-16 16:46:30.273,ARDUINO_PSI,Arduino,0.000,0.000,0.000,,
294.632273,2026-03-16 16:46:30.372,ARDUINO_PSI,Arduino,0.000,0.000,0.000,,
294.732285,2026-03-16 16:46:30.472,ARDUINO_PSI,Arduino,0.000,0.000,0.000,,
294.832244,2026-03-16 16:46:30.572,ARDUINO_PSI,Arduino,0.000,0.000,0.000,,
294.932296,2026-03-16 16:46:30.672,ARDUINO_PSI,Arduino,0.000,0.000,0.000,,
295.032847,2026-03-16 16:46:30.773,ARDUINO_PSI,Arduino,0.000,0.000,0.000,,
295.132972,2026-03-16 16:46:30.873,ARDUINO_PSI,Arduino,0.000,0.000,0.000,,
295.232436,2026-03-16 16:46:30.973,ARDUINO_PSI,Arduino,0.000,0.000,0.000,,
295.333166,2026-03-16 16:46:31.073,ARDUINO_PSI,Arduino,0.000,0.000,0.000,,
295.432319,2026-03-16 16:46:31.172,ARDUINO_PSI,Arduino,0.000,0.000,0.000,,
295.532284,2026-03-16 16:46:31.272,ARDUINO_PSI,Arduino,0.000,0.000,0.000,,
295.633315,2026-03-16 16:46:31.373,ARDUINO_PSI,Arduino,0.000,0.000,0.000,,
295.733108,2026-03-16 16:46:31.473,ARDUINO_PSI,Arduino,0.000,0.000,0.000,,
295.832083,2026-03-16 16:46:31.572,ARDUINO_PSI,Arduino,0.000,0.000,0.000,,
295.932433,2026-03-16 16:46:31.673,ARDUINO_PSI,Arduino,0.000,0.000,0.000,,
296.032835,2026-03-16 16:46:31.773,ARDUINO_PSI,Arduino,0.000,0.000,0.000,,
296.132006,2026-03-16 16:46:31.872,ARDUINO_PSI,Arduino,0.000,0.000,0.000,,
296.232423,2026-03-16 16:46:31.973,ARDUINO_PSI,Arduino,0.000,0.000,0.000,,
296.332255,2026-03-16 16:46:32.072,ARDUINO_PSI,Arduino,0.000,0.000,0.000,,
296.432244,2026-03-16 16:46:32.172,ARDUINO_PSI,Arduino,0.000,0.000,0.000,,
296.532862,2026-03-16 16:46:32.273,ARDUINO_PSI,Arduino,0.000,0.000,0.000,,
296.632288,2026-03-16 16:46:32.372,ARDUINO_PSI,Arduino,0.000,0.000,0.000,,
296.732444,2026-03-16 16:46:32.473,ARDUINO_PSI,Arduino,0.000,0.000,0.000,,
296.832331,2026-03-16 16:46:32.572,ARDUINO_PSI,Arduino,0.000,0.000,0.000,,
296.932532,2026-03-16 16:46:32.673,ARDUINO_PSI,Arduino,0.000,0.000,0.000,,
297.032793,2026-03-16 16:46:32.773,ARDUINO_PSI,Arduino,0.000,0.000,0.000,,
297.132781,2026-03-16 16:46:32.873,ARDUINO_PSI,Arduino,0.000,0.000,0.000,,
297.232472,2026-03-16 16:46:32.973,ARDUINO_PSI,Arduino,0.000,0.000,0.000,,
297.331728,2026-03-16 16:46:33.072,ARDUINO_PSI,Arduino,0.000,0.000,0.000,,
297.433308,2026-03-16 16:46:33.173,ARDUINO_PSI,Arduino,0.000,0.000,0.000,,
297.532829,2026-03-16 16:46:33.273,ARDUINO_PSI,Arduino,0.000,0.000,0.000,,
297.633278,2026-03-16 16:46:33.373,ARDUINO_PSI,Arduino,0.000,0.000,0.000,,
297.733453,2026-03-16 16:46:33.474,ARDUINO_PSI,Arduino,0.000,0.000,0.000,,
297.832968,2026-03-16 16:46:33.573,ARDUINO_PSI,Arduino,0.000,0.000,0.000,,
297.933456,2026-03-16 16:46:33.674,ARDUINO_PSI,Arduino,0.000,0.000,0.000,,
298.032478,2026-03-16 16:46:33.773,ARDUINO_PSI,Arduino,0.000,0.000,0.000,,
298.133310,2026-03-16 16:46:33.873,ARDUINO_PSI,Arduino,0.000,0.000,0.000,,
298.232278,2026-03-16 16:46:33.972,ARDUINO_PSI,Arduino,0.000,0.000,0.000,,
298.333135,2026-03-16 16:46:34.073,ARDUINO_PSI,Arduino,0.000,0.000,0.000,,
298.433381,2026-03-16 16:46:34.174,ARDUINO_PSI,Arduino,0.000,0.000,0.000,,
298.533136,2026-03-16 16:46:34.273,ARDUINO_PSI,Arduino,0.000,0.000,0.000,,
298.633563,2026-03-16 16:46:34.374,ARDUINO_PSI,Arduino,0.000,0.000,0.000,,
298.733087,2026-03-16 16:46:34.473,ARDUINO_PSI,Arduino,0.000,0.000,0.000,,
298.833187,2026-03-16 16:46:34.573,ARDUINO_PSI,Arduino,0.000,0.000,0.000,,
298.933533,2026-03-16 16:46:34.674,ARDUINO_PSI,Arduino,0.000,0.000,0.000,,
299.032932,2026-03-16 16:46:34.773,ARDUINO_PSI,Arduino,0.000,0.000,0.000,,
299.132209,2026-03-16 16:46:34.872,ARDUINO_PSI,Arduino,0.000,0.000,0.000,,
299.233361,2026-03-16 16:46:34.973,ARDUINO_PSI,Arduino,0.000,0.000,0.000,,
299.331697,2026-03-16 16:46:35.072,ARDUINO_PSI,Arduino,0.000,0.000,0.000,,
299.431853,2026-03-16 16:46:35.172,ARDUINO_PSI,Arduino,0.000,0.000,0.000,,
299.532881,2026-03-16 16:46:35.273,ARDUINO_PSI,Arduino,0.000,0.000,0.000,,
299.632300,2026-03-16 16:46:35.372,ARDUINO_PSI,Arduino,0.000,0.000,0.000,,
299.732949,2026-03-16 16:46:35.473,ARDUINO_PSI,Arduino,0.000,0.000,0.000,,
299.833018,2026-03-16 16:46:35.573,ARDUINO_PSI,Arduino,0.000,0.000,0.000,,
299.933462,2026-03-16 16:46:35.674,ARDUINO_PSI,Arduino,0.000,0.000,0.000,,
300.032161,2026-03-16 16:46:35.772,ARDUINO_PSI,Arduino,0.000,0.000,0.000,,
300.132344,2026-03-16 16:46:35.872,ARDUINO_PSI,Arduino,0.000,0.000,0.000,,
300.232405,2026-03-16 16:46:35.973,ARDUINO_PSI,Arduino,0.000,0.000,0.000,,
300.332323,2026-03-16 16:46:36.072,ARDUINO_PSI,Arduino,0.000,0.000,0.000,,
300.433445,2026-03-16 16:46:36.174,ARDUINO_PSI,Arduino,0.000,0.000,0.000,,
300.532861,2026-03-16 16:46:36.273,ARDUINO_PSI,Arduino,0.000,0.000,0.000,,
300.632459,2026-03-16 16:46:36.373,ARDUINO_PSI,Arduino,0.000,0.000,0.000,,
300.733083,2026-03-16 16:46:36.473,ARDUINO_PSI,Arduino,0.000,0.000,0.000,,
300.832580,2026-03-16 16:46:36.573,ARDUINO_PSI,Arduino,0.000,0.000,0.000,,
300.933036,2026-03-16 16:46:36.673,ARDUINO_PSI,Arduino,0.000,0.000,0.000,,
301.032378,2026-03-16 16:46:36.773,ARDUINO_PSI,Arduino,0.000,0.000,0.000,,
301.132750,2026-03-16 16:46:36.873,ARDUINO_PSI,Arduino,0.000,0.000,0.000,,
301.232827,2026-03-16 16:46:36.973,ARDUINO_PSI,Arduino,0.000,0.000,0.000,,
301.332139,2026-03-16 16:46:37.072,ARDUINO_PSI,Arduino,0.000,0.000,0.000,,
301.432813,2026-03-16 16:46:37.173,ARDUINO_PSI,Arduino,0.000,0.000,0.000,,
301.533465,2026-03-16 16:46:37.274,ARDUINO_PSI,Arduino,0.000,0.000,0.000,,
301.632427,2026-03-16 16:46:37.373,ARDUINO_PSI,Arduino,0.000,0.000,0.000,,
301.732377,2026-03-16 16:46:37.473,ARDUINO_PSI,Arduino,0.000,0.000,0.000,,
301.832144,2026-03-16 16:46:37.572,ARDUINO_PSI,Arduino,0.000,0.000,0.000,,
301.933165,2026-03-16 16:46:37.673,ARDUINO_PSI,Arduino,0.000,0.000,0.000,,
302.032232,2026-03-16 16:46:37.772,ARDUINO_PSI,Arduino,0.000,0.000,0.000,,
302.133245,2026-03-16 16:46:37.873,ARDUINO_PSI,Arduino,0.000,0.000,0.000,,
302.232386,2026-03-16 16:46:37.973,ARDUINO_PSI,Arduino,0.000,0.000,0.000,,
302.333128,2026-03-16 16:46:38.073,ARDUINO_PSI,Arduino,0.000,0.000,0.000,,
302.432078,2026-03-16 16:46:38.172,ARDUINO_PSI,Arduino,0.000,0.000,0.000,,
302.533535,2026-03-16 16:46:38.274,ARDUINO_PSI,Arduino,0.000,0.000,0.000,,
302.634137,2026-03-16 16:46:38.374,ARDUINO_PSI,Arduino,0.000,0.000,0.000,,
302.732277,2026-03-16 16:46:38.472,ARDUINO_PSI,Arduino,0.000,0.000,0.000,,
302.832096,2026-03-16 16:46:38.572,ARDUINO_PSI,Arduino,0.000,0.000,0.000,,
302.933135,2026-03-16 16:46:38.673,ARDUINO_PSI,Arduino,0.000,0.000,0.000,,
303.033093,2026-03-16 16:46:38.773,ARDUINO_PSI,Arduino,0.000,0.000,0.000,,
303.132327,2026-03-16 16:46:38.872,ARDUINO_PSI,Arduino,0.000,0.000,0.000,,
303.233338,2026-03-16 16:46:38.973,ARDUINO_PSI,Arduino,0.000,0.000,0.000,,
303.333570,2026-03-16 16:46:39.074,ARDUINO_PSI,Arduino,0.000,0.000,0.000,,
303.432328,2026-03-16 16:46:39.172,ARDUINO_PSI,Arduino,0.000,0.000,0.000,,
303.532804,2026-03-16 16:46:39.273,ARDUINO_PSI,Arduino,0.000,0.000,0.000,,
303.632674,2026-03-16 16:46:39.373,ARDUINO_PSI,Arduino,0.000,0.000,0.000,,
303.732990,2026-03-16 16:46:39.473,ARDUINO_PSI,Arduino,0.000,0.000,0.000,,
303.832600,2026-03-16 16:46:39.573,ARDUINO_PSI,Arduino,0.000,0.000,0.000,,
303.933472,2026-03-16 16:46:39.674,ARDUINO_PSI,Arduino,0.000,0.000,0.000,,
304.032500,2026-03-16 16:46:39.773,ARDUINO_PSI,Arduino,0.000,0.000,0.000,,
304.132183,2026-03-16 16:46:39.872,ARDUINO_PSI,Arduino,0.000,0.000,0.000,,
304.231902,2026-03-16 16:46:39.972,ARDUINO_PSI,Arduino,0.000,0.000,0.000,,
304.332310,2026-03-16 16:46:40.072,ARDUINO_PSI,Arduino,0.000,0.000,0.000,,
304.432846,2026-03-16 16:46:40.173,ARDUINO_PSI,Arduino,0.000,0.000,0.000,,
304.532501,2026-03-16 16:46:40.273,ARDUINO_PSI,Arduino,0.000,0.000,0.000,,
304.632284,2026-03-16 16:46:40.372,ARDUINO_PSI,Arduino,0.000,0.000,0.000,,
304.733160,2026-03-16 16:46:40.473,ARDUINO_PSI,Arduino,0.000,0.000,0.000,,
304.833562,2026-03-16 16:46:40.574,ARDUINO_PSI,Arduino,0.000,0.000,0.000,,
304.933393,2026-03-16 16:46:40.674,ARDUINO_PSI,Arduino,0.000,0.000,0.000,,
305.033214,2026-03-16 16:46:40.773,ARDUINO_PSI,Arduino,0.000,0.000,0.000,,
305.132307,2026-03-16 16:46:40.872,ARDUINO_PSI,Arduino,0.000,0.000,0.000,,
305.232994,2026-03-16 16:46:40.973,ARDUINO_PSI,Arduino,0.000,0.000,0.000,,
305.332579,2026-03-16 16:46:41.073,ARDUINO_PSI,Arduino,0.000,0.000,0.000,,
305.432545,2026-03-16 16:46:41.173,ARDUINO_PSI,Arduino,0.000,0.000,0.000,,
305.532246,2026-03-16 16:46:41.272,ARDUINO_PSI,Arduino,0.000,0.000,0.000,,
305.632323,2026-03-16 16:46:41.372,ARDUINO_PSI,Arduino,0.000,0.000,0.000,,
305.733150,2026-03-16 16:46:41.473,ARDUINO_PSI,Arduino,0.000,0.000,0.000,,
305.833245,2026-03-16 16:46:41.573,ARDUINO_PSI,Arduino,0.000,0.000,0.000,,
305.932430,2026-03-16 16:46:41.673,ARDUINO_PSI,Arduino,0.000,0.000,0.000,,
306.033050,2026-03-16 16:46:41.773,ARDUINO_PSI,Arduino,0.000,0.000,0.000,,
306.132247,2026-03-16 16:46:41.872,ARDUINO_PSI,Arduino,0.000,0.000,0.000,,
306.233228,2026-03-16 16:46:41.973,ARDUINO_PSI,Arduino,0.000,0.000,0.000,,
306.333170,2026-03-16 16:46:42.073,ARDUINO_PSI,Arduino,0.000,0.000,0.000,,
306.432449,2026-03-16 16:46:42.173,ARDUINO_PSI,Arduino,0.000,0.000,0.000,,
306.533334,2026-03-16 16:46:42.273,ARDUINO_PSI,Arduino,0.000,0.000,0.000,,
306.632888,2026-03-16 16:46:42.373,ARDUINO_PSI,Arduino,0.000,0.000,0.000,,
306.732398,2026-03-16 16:46:42.473,ARDUINO_PSI,Arduino,0.000,0.000,0.000,,
306.832358,2026-03-16 16:46:42.572,ARDUINO_PSI,Arduino,0.000,0.000,0.000,,
306.933060,2026-03-16 16:46:42.673,ARDUINO_PSI,Arduino,0.000,0.000,0.000,,
307.032322,2026-03-16 16:46:42.772,ARDUINO_PSI,Arduino,0.000,0.000,0.000,,
307.132373,2026-03-16 16:46:42.873,ARDUINO_PSI,Arduino,0.000,0.000,0.000,,
307.232927,2026-03-16 16:46:42.973,ARDUINO_PSI,Arduino,0.000,0.000,0.000,,
307.333216,2026-03-16 16:46:43.073,ARDUINO_PSI,Arduino,0.000,0.000,0.000,,
307.432948,2026-03-16 16:46:43.173,ARDUINO_PSI,Arduino,0.000,0.000,0.000,,
307.533473,2026-03-16 16:46:43.274,ARDUINO_PSI,Arduino,0.000,0.000,0.000,,
307.632962,2026-03-16 16:46:43.373,ARDUINO_PSI,Arduino,0.000,0.000,0.000,,
307.732814,2026-03-16 16:46:43.473,ARDUINO_PSI,Arduino,0.000,0.000,0.000,,
307.832481,2026-03-16 16:46:43.573,ARDUINO_PSI,Arduino,0.000,0.000,0.000,,
307.932877,2026-03-16 16:46:43.673,ARDUINO_PSI,Arduino,0.000,0.000,0.000,,
308.033416,2026-03-16 16:46:43.774,ARDUINO_PSI,Arduino,0.000,0.000,0.000,,
308.132861,2026-03-16 16:46:43.873,ARDUINO_PSI,Arduino,0.000,0.000,0.000,,
308.232307,2026-03-16 16:46:43.972,ARDUINO_PSI,Arduino,0.000,0.000,0.000,,
308.332162,2026-03-16 16:46:44.072,ARDUINO_PSI,Arduino,0.000,0.000,0.000,,
308.433483,2026-03-16 16:46:44.174,ARDUINO_PSI,Arduino,0.000,0.000,0.000,,
308.533610,2026-03-16 16:46:44.274,ARDUINO_PSI,Arduino,0.000,0.000,0.000,,
308.633398,2026-03-16 16:46:44.374,ARDUINO_PSI,Arduino,0.000,0.000,0.000,,
308.733087,2026-03-16 16:46:44.473,ARDUINO_PSI,Arduino,0.000,0.000,0.000,,
308.832436,2026-03-16 16:46:44.573,ARDUINO_PSI,Arduino,0.000,0.000,0.000,,
308.933402,2026-03-16 16:46:44.674,ARDUINO_PSI,Arduino,0.000,0.000,0.000,,
309.032393,2026-03-16 16:46:44.773,ARDUINO_PSI,Arduino,0.000,0.000,0.000,,
309.132288,2026-03-16 16:46:44.872,ARDUINO_PSI,Arduino,0.000,0.000,0.000,,
309.233383,2026-03-16 16:46:44.974,ARDUINO_PSI,Arduino,0.000,0.000,0.000,,
309.332303,2026-03-16 16:46:45.072,ARDUINO_PSI,Arduino,0.000,0.000,0.000,,
309.432598,2026-03-16 16:46:45.173,ARDUINO_PSI,Arduino,0.000,0.000,0.000,,
309.532724,2026-03-16 16:46:45.273,ARDUINO_PSI,Arduino,0.000,0.000,0.000,,
309.633018,2026-03-16 16:46:45.373,ARDUINO_PSI,Arduino,0.000,0.000,0.000,,
309.732315,2026-03-16 16:46:45.472,ARDUINO_PSI,Arduino,0.000,0.000,0.000,,
309.833142,2026-03-16 16:46:45.573,ARDUINO_PSI,Arduino,0.000,0.000,0.000,,
309.933664,2026-03-16 16:46:45.674,ARDUINO_PSI,Arduino,0.000,0.000,0.000,,
310.032313,2026-03-16 16:46:45.772,ARDUINO_PSI,Arduino,0.000,0.000,0.000,,
310.133123,2026-03-16 16:46:45.873,ARDUINO_PSI,Arduino,0.000,0.000,0.000,,
310.233212,2026-03-16 16:46:45.973,ARDUINO_PSI,Arduino,0.000,0.000,0.000,,
310.332557,2026-03-16 16:46:46.073,ARDUINO_PSI,Arduino,0.000,0.000,0.000,,
310.432294,2026-03-16 16:46:46.172,ARDUINO_PSI,Arduino,0.000,0.000,0.000,,
310.533324,2026-03-16 16:46:46.273,ARDUINO_PSI,Arduino,0.000,0.000,0.000,,
310.633471,2026-03-16 16:46:46.374,ARDUINO_PSI,Arduino,0.000,0.000,0.000,,
310.733295,2026-03-16 16:46:46.473,ARDUINO_PSI,Arduino,0.000,0.000,0.000,,
310.832571,2026-03-16 16:46:46.573,ARDUINO_PSI,Arduino,0.000,0.000,0.000,,
310.932236,2026-03-16 16:46:46.672,ARDUINO_PSI,Arduino,0.000,0.000,0.000,,
311.032242,2026-03-16 16:46:46.772,ARDUINO_PSI,Arduino,0.000,0.000,0.000,,
311.132472,2026-03-16 16:46:46.873,ARDUINO_PSI,Arduino,0.000,0.000,0.000,,
311.232426,2026-03-16 16:46:46.973,ARDUINO_PSI,Arduino,0.000,0.000,0.000,,
311.332146,2026-03-16 16:46:47.072,ARDUINO_PSI,Arduino,0.000,0.000,0.000,,
311.432269,2026-03-16 16:46:47.172,ARDUINO_PSI,Arduino,0.000,0.000,0.000,,
311.532353,2026-03-16 16:46:47.272,ARDUINO_PSI,Arduino,0.000,0.000,0.000,,
311.632155,2026-03-16 16:46:47.372,ARDUINO_PSI,Arduino,0.000,0.000,0.000,,
311.733603,2026-03-16 16:46:47.474,ARDUINO_PSI,Arduino,0.000,0.000,0.000,,
311.832957,2026-03-16 16:46:47.573,ARDUINO_PSI,Arduino,0.000,0.000,0.000,,
311.933325,2026-03-16 16:46:47.673,ARDUINO_PSI,Arduino,0.000,0.000,0.000,,
312.033417,2026-03-16 16:46:47.774,ARDUINO_PSI,Arduino,0.000,0.000,0.000,,
312.132164,2026-03-16 16:46:47.872,ARDUINO_PSI,Arduino,0.000,0.000,0.000,,
312.233568,2026-03-16 16:46:47.974,ARDUINO_PSI,Arduino,0.000,0.000,0.000,,
312.332268,2026-03-16 16:46:48.072,ARDUINO_PSI,Arduino,0.000,0.000,0.000,,
312.433445,2026-03-16 16:46:48.174,ARDUINO_PSI,Arduino,0.000,0.000,0.000,,
312.532306,2026-03-16 16:46:48.272,ARDUINO_PSI,Arduino,0.000,0.000,0.000,,
312.632261,2026-03-16 16:46:48.372,ARDUINO_PSI,Arduino,0.000,0.000,0.000,,
312.733479,2026-03-16 16:46:48.474,ARDUINO_PSI,Arduino,0.000,0.000,0.000,,
312.832875,2026-03-16 16:46:48.573,ARDUINO_PSI,Arduino,0.000,0.000,0.000,,
312.933620,2026-03-16 16:46:48.674,ARDUINO_PSI,Arduino,0.000,0.000,0.000,,
313.032236,2026-03-16 16:46:48.772,ARDUINO_PSI,Arduino,0.000,0.000,0.000,,
313.132729,2026-03-16 16:46:48.873,ARDUINO_PSI,Arduino,0.000,0.000,0.000,,
313.232425,2026-03-16 16:46:48.973,ARDUINO_PSI,Arduino,0.000,0.000,0.000,,
313.333019,2026-03-16 16:46:49.073,ARDUINO_PSI,Arduino,0.000,0.000,0.000,,
313.433392,2026-03-16 16:46:49.174,ARDUINO_PSI,Arduino,0.000,0.000,0.000,,
313.532357,2026-03-16 16:46:49.272,ARDUINO_PSI,Arduino,0.000,0.000,0.000,,
313.632336,2026-03-16 16:46:49.372,ARDUINO_PSI,Arduino,0.000,0.000,0.000,,
313.733053,2026-03-16 16:46:49.473,ARDUINO_PSI,Arduino,0.000,0.000,0.000,,
313.833152,2026-03-16 16:46:49.573,ARDUINO_PSI,Arduino,0.000,0.000,0.000,,
313.932372,2026-03-16 16:46:49.673,ARDUINO_PSI,Arduino,0.000,0.000,0.000,,
314.032538,2026-03-16 16:46:49.773,ARDUINO_PSI,Arduino,0.000,0.000,0.000,,
314.133459,2026-03-16 16:46:49.874,ARDUINO_PSI,Arduino,0.000,0.000,0.000,,
314.233095,2026-03-16 16:46:49.973,ARDUINO_PSI,Arduino,0.000,0.000,0.000,,
314.332440,2026-03-16 16:46:50.073,ARDUINO_PSI,Arduino,0.000,0.000,0.000,,
314.432485,2026-03-16 16:46:50.173,ARDUINO_PSI,Arduino,0.000,0.000,0.000,,
314.533451,2026-03-16 16:46:50.274,ARDUINO_PSI,Arduino,0.000,0.000,0.000,,
314.632470,2026-03-16 16:46:50.373,ARDUINO_PSI,Arduino,0.000,0.000,0.000,,
314.732424,2026-03-16 16:46:50.473,ARDUINO_PSI,Arduino,0.000,0.000,0.000,,
314.832906,2026-03-16 16:46:50.573,ARDUINO_PSI,Arduino,0.000,0.000,0.000,,
314.932581,2026-03-16 16:46:50.673,ARDUINO_PSI,Arduino,0.000,0.000,0.000,,
315.032260,2026-03-16 16:46:50.772,ARDUINO_PSI,Arduino,0.000,0.000,0.000,,
315.132472,2026-03-16 16:46:50.873,ARDUINO_PSI,Arduino,0.000,0.000,0.000,,
315.232401,2026-03-16 16:46:50.973,ARDUINO_PSI,Arduino,0.000,0.000,0.000,,
315.332266,2026-03-16 16:46:51.072,ARDUINO_PSI,Arduino,0.000,0.000,0.000,,
315.433296,2026-03-16 16:46:51.173,ARDUINO_PSI,Arduino,0.000,0.000,0.000,,
315.532671,2026-03-16 16:46:51.273,ARDUINO_PSI,Arduino,0.000,0.000,0.000,,
315.633091,2026-03-16 16:46:51.373,ARDUINO_PSI,Arduino,0.000,0.000,0.000,,
315.733167,2026-03-16 16:46:51.473,ARDUINO_PSI,Arduino,0.000,0.000,0.000,,
315.832805,2026-03-16 16:46:51.573,ARDUINO_PSI,Arduino,0.000,0.000,0.000,,
315.932267,2026-03-16 16:46:51.672,ARDUINO_PSI,Arduino,0.000,0.000,0.000,,
316.033501,2026-03-16 16:46:51.774,ARDUINO_PSI,Arduino,0.000,0.000,0.000,,
316.132686,2026-03-16 16:46:51.873,ARDUINO_PSI,Arduino,0.000,0.000,0.000,,
316.233208,2026-03-16 16:46:51.973,ARDUINO_PSI,Arduino,0.000,0.000,0.000,,
316.332396,2026-03-16 16:46:52.073,ARDUINO_PSI,Arduino,0.000,0.000,0.000,,
316.432272,2026-03-16 16:46:52.172,ARDUINO_PSI,Arduino,0.000,0.000,0.000,,
316.532370,2026-03-16 16:46:52.273,ARDUINO_PSI,Arduino,0.000,0.000,0.000,,
316.632365,2026-03-16 16:46:52.373,ARDUINO_PSI,Arduino,0.000,0.000,0.000,,
316.733233,2026-03-16 16:46:52.473,ARDUINO_PSI,Arduino,0.000,0.000,0.000,,
316.833901,2026-03-16 16:46:52.574,ARDUINO_PSI,Arduino,0.000,0.000,0.000,,
316.933170,2026-03-16 16:46:52.673,ARDUINO_PSI,Arduino,0.000,0.000,0.000,,
317.032396,2026-03-16 16:46:52.773,ARDUINO_PSI,Arduino,0.000,0.000,0.000,,
317.132819,2026-03-16 16:46:52.873,ARDUINO_PSI,Arduino,0.000,0.000,0.000,,
317.233537,2026-03-16 16:46:52.974,ARDUINO_PSI,Arduino,0.000,0.000,0.000,,
317.333018,2026-03-16 16:46:53.073,ARDUINO_PSI,Arduino,0.000,0.000,0.000,,
317.433304,2026-03-16 16:46:53.173,ARDUINO_PSI,Arduino,0.000,0.000,0.000,,
317.532698,2026-03-16 16:46:53.273,ARDUINO_PSI,Arduino,0.000,0.000,0.000,,
317.632574,2026-03-16 16:46:53.373,ARDUINO_PSI,Arduino,0.000,0.000,0.000,,
317.732345,2026-03-16 16:46:53.472,ARDUINO_PSI,Arduino,0.000,0.000,0.000,,
317.832331,2026-03-16 16:46:53.572,ARDUINO_PSI,Arduino,0.000,0.000,0.000,,
317.932925,2026-03-16 16:46:53.673,ARDUINO_PSI,Arduino,0.000,0.000,0.000,,
318.033006,2026-03-16 16:46:53.773,ARDUINO_PSI,Arduino,0.000,0.000,0.000,,
318.132248,2026-03-16 16:46:53.872,ARDUINO_PSI,Arduino,0.000,0.000,0.000,,
318.232690,2026-03-16 16:46:53.973,ARDUINO_PSI,Arduino,0.000,0.000,0.000,,
318.333310,2026-03-16 16:46:54.073,ARDUINO_PSI,Arduino,0.000,0.000,0.000,,
318.432958,2026-03-16 16:46:54.173,ARDUINO_PSI,Arduino,0.000,0.000,0.000,,
318.533378,2026-03-16 16:46:54.274,ARDUINO_PSI,Arduino,0.000,0.000,0.000,,
318.632430,2026-03-16 16:46:54.373,ARDUINO_PSI,Arduino,0.000,0.000,0.000,,
318.732195,2026-03-16 16:46:54.472,ARDUINO_PSI,Arduino,0.000,0.000,0.000,,
318.833676,2026-03-16 16:46:54.574,ARDUINO_PSI,Arduino,0.000,0.000,0.000,,
318.933500,2026-03-16 16:46:54.674,ARDUINO_PSI,Arduino,0.000,0.000,0.000,,
319.033500,2026-03-16 16:46:54.774,ARDUINO_PSI,Arduino,0.000,0.000,0.000,,
319.132822,2026-03-16 16:46:54.873,ARDUINO_PSI,Arduino,0.000,0.000,0.000,,
319.232248,2026-03-16 16:46:54.972,ARDUINO_PSI,Arduino,0.000,0.000,0.000,,
319.333212,2026-03-16 16:46:55.073,ARDUINO_PSI,Arduino,0.000,0.000,0.000,,
319.432149,2026-03-16 16:46:55.172,ARDUINO_PSI,Arduino,0.000,0.000,0.000,,
319.533134,2026-03-16 16:46:55.273,ARDUINO_PSI,Arduino,0.000,0.000,0.000,,
319.632917,2026-03-16 16:46:55.373,ARDUINO_PSI,Arduino,0.000,0.000,0.000,,
319.731928,2026-03-16 16:46:55.472,ARDUINO_PSI,Arduino,0.000,0.000,0.000,,
319.832585,2026-03-16 16:46:55.573,ARDUINO_PSI,Arduino,0.000,0.000,0.000,,
319.933226,2026-03-16 16:46:55.673,ARDUINO_PSI,Arduino,0.000,0.000,0.000,,
320.031948,2026-03-16 16:46:55.772,ARDUINO_PSI,Arduino,0.000,0.000,0.000,,
320.131753,2026-03-16 16:46:55.872,ARDUINO_PSI,Arduino,0.000,0.000,0.000,,
320.232813,2026-03-16 16:46:55.973,ARDUINO_PSI,Arduino,0.000,0.000,0.000,,
320.332940,2026-03-16 16:46:56.073,ARDUINO_PSI,Arduino,0.000,0.000,0.000,,
320.431805,2026-03-16 16:46:56.172,ARDUINO_PSI,Arduino,0.000,0.000,0.000,,
320.531721,2026-03-16 16:46:56.272,ARDUINO_PSI,Arduino,0.000,0.000,0.000,,
320.633122,2026-03-16 16:46:56.373,ARDUINO_PSI,Arduino,0.000,0.000,0.000,,
320.731895,2026-03-16 16:46:56.472,ARDUINO_PSI,Arduino,0.000,0.000,0.000,,
321.134302,2026-03-16 16:46:56.874,ARDUINO_PSI,Arduino,0.000,0.000,0.000,,
321.143181,2026-03-16 16:46:56.883,ARDUINO_PSI,Arduino,0.000,0.000,0.000,,
321.147616,2026-03-16 16:46:56.888,ARDUINO_PSI,Arduino,0.000,0.000,0.000,,
321.153833,2026-03-16 16:46:56.894,ARDUINO_PSI,Arduino,0.000,0.000,0.000,,
321.231877,2026-03-16 16:46:56.972,ARDUINO_PSI,Arduino,0.000,0.000,0.000,,
321.332148,2026-03-16 16:46:57.072,ARDUINO_PSI,Arduino,0.000,0.000,0.000,,
321.432952,2026-03-16 16:46:57.173,ARDUINO_PSI,Arduino,0.000,0.000,0.000,,
321.531711,2026-03-16 16:46:57.272,ARDUINO_PSI,Arduino,0.000,0.000,0.000,,
321.631837,2026-03-16 16:46:57.372,ARDUINO_PSI,Arduino,0.000,0.000,0.000,,
321.732331,2026-03-16 16:46:57.472,ARDUINO_PSI,Arduino,0.000,0.000,0.000,,
321.832162,2026-03-16 16:46:57.572,ARDUINO_PSI,Arduino,0.000,0.000,0.000,,
321.932369,2026-03-16 16:46:57.673,ARDUINO_PSI,Arduino,0.000,0.000,0.000,,
322.032561,2026-03-16 16:46:57.773,ARDUINO_PSI,Arduino,0.000,0.000,0.000,,
322.132209,2026-03-16 16:46:57.872,ARDUINO_PSI,Arduino,0.000,0.000,0.000,,
322.233009,2026-03-16 16:46:57.973,ARDUINO_PSI,Arduino,0.000,0.000,0.000,,
322.332259,2026-03-16 16:46:58.072,ARDUINO_PSI,Arduino,0.000,0.000,0.000,,
322.432809,2026-03-16 16:46:58.173,ARDUINO_PSI,Arduino,0.000,0.000,0.000,,
322.532272,2026-03-16 16:46:58.272,ARDUINO_PSI,Arduino,0.000,0.000,0.000,,
322.632633,2026-03-16 16:46:58.373,ARDUINO_PSI,Arduino,0.000,0.000,0.000,,
322.731936,2026-03-16 16:46:58.472,ARDUINO_PSI,Arduino,0.000,0.000,0.000,,
322.832270,2026-03-16 16:46:58.572,ARDUINO_PSI,Arduino,0.000,0.000,0.000,,
322.932286,2026-03-16 16:46:58.672,ARDUINO_PSI,Arduino,0.000,0.000,0.000,,
323.032364,2026-03-16 16:46:58.772,ARDUINO_PSI,Arduino,0.000,0.000,0.000,,
323.131821,2026-03-16 16:46:58.872,ARDUINO_PSI,Arduino,0.000,0.000,0.000,,
323.232526,2026-03-16 16:46:58.973,ARDUINO_PSI,Arduino,0.000,0.000,0.000,,
323.332303,2026-03-16 16:46:59.072,ARDUINO_PSI,Arduino,0.000,0.000,0.000,,
323.433405,2026-03-16 16:46:59.174,ARDUINO_PSI,Arduino,0.000,0.000,0.000,,
323.532209,2026-03-16 16:46:59.272,ARDUINO_PSI,Arduino,0.000,0.000,0.000,,
323.632360,2026-03-16 16:46:59.372,ARDUINO_PSI,Arduino,0.000,0.000,0.000,,
323.732224,2026-03-16 16:46:59.472,ARDUINO_PSI,Arduino,0.000,0.000,0.000,,
323.832175,2026-03-16 16:46:59.572,ARDUINO_PSI,Arduino,0.000,0.000,0.000,,
323.932585,2026-03-16 16:46:59.673,ARDUINO_PSI,Arduino,0.000,0.000,0.000,,
324.032379,2026-03-16 16:46:59.773,ARDUINO_PSI,Arduino,0.000,0.000,0.000,,
324.132374,2026-03-16 16:46:59.873,ARDUINO_PSI,Arduino,0.000,0.000,0.000,,
324.232322,2026-03-16 16:46:59.972,ARDUINO_PSI,Arduino,0.000,0.000,0.000,,
324.332283,2026-03-16 16:47:00.072,ARDUINO_PSI,Arduino,0.000,0.000,0.000,,
324.432203,2026-03-16 16:47:00.172,ARDUINO_PSI,Arduino,0.000,0.000,0.000,,
324.531793,2026-03-16 16:47:00.272,ARDUINO_PSI,Arduino,0.000,0.000,0.000,,
324.632219,2026-03-16 16:47:00.372,ARDUINO_PSI,Arduino,0.000,0.000,0.000,,
324.732295,2026-03-16 16:47:00.472,ARDUINO_PSI,Arduino,0.000,0.000,0.000,,
324.832090,2026-03-16 16:47:00.572,ARDUINO_PSI,Arduino,0.000,0.000,0.000,,
324.931723,2026-03-16 16:47:00.672,ARDUINO_PSI,Arduino,0.000,0.000,0.000,,
325.031776,2026-03-16 16:47:00.772,ARDUINO_PSI,Arduino,0.000,0.000,0.000,,
325.131795,2026-03-16 16:47:00.872,ARDUINO_PSI,Arduino,0.000,0.000,0.000,,
325.232234,2026-03-16 16:47:00.972,ARDUINO_PSI,Arduino,0.000,0.000,0.000,,
325.332456,2026-03-16 16:47:01.073,ARDUINO_PSI,Arduino,0.000,0.000,0.000,,
325.432300,2026-03-16 16:47:01.172,ARDUINO_PSI,Arduino,0.000,0.000,0.000,,
325.532295,2026-03-16 16:47:01.272,ARDUINO_PSI,Arduino,0.000,0.000,0.000,,
325.632324,2026-03-16 16:47:01.372,ARDUINO_PSI,Arduino,0.000,0.000,0.000,,
325.732281,2026-03-16 16:47:01.472,ARDUINO_PSI,Arduino,0.000,0.000,0.000,,
325.832205,2026-03-16 16:47:01.572,ARDUINO_PSI,Arduino,0.000,0.000,0.000,,
325.932648,2026-03-16 16:47:01.673,ARDUINO_PSI,Arduino,0.000,0.000,0.000,,
326.031740,2026-03-16 16:47:01.772,ARDUINO_PSI,Arduino,0.000,0.000,0.000,,
326.132635,2026-03-16 16:47:01.873,ARDUINO_PSI,Arduino,0.000,0.000,0.000,,
326.232329,2026-03-16 16:47:01.972,ARDUINO_PSI,Arduino,0.000,0.000,0.000,,
326.332203,2026-03-16 16:47:02.072,ARDUINO_PSI,Arduino,0.000,0.000,0.000,,
326.432450,2026-03-16 16:47:02.173,ARDUINO_PSI,Arduino,0.000,0.000,0.000,,
326.532920,2026-03-16 16:47:02.273,ARDUINO_PSI,Arduino,0.000,0.000,0.000,,
326.632305,2026-03-16 16:47:02.372,ARDUINO_PSI,Arduino,0.000,0.000,0.000,,
326.732310,2026-03-16 16:47:02.472,ARDUINO_PSI,Arduino,0.000,0.000,0.000,,
326.831686,2026-03-16 16:47:02.572,ARDUINO_PSI,Arduino,0.000,0.000,0.000,,
326.932190,2026-03-16 16:47:02.672,ARDUINO_PSI,Arduino,0.000,0.000,0.000,,
327.031767,2026-03-16 16:47:02.772,ARDUINO_PSI,Arduino,0.000,0.000,0.000,,
327.131726,2026-03-16 16:47:02.872,ARDUINO_PSI,Arduino,0.000,0.000,0.000,,
327.232459,2026-03-16 16:47:02.973,ARDUINO_PSI,Arduino,0.000,0.000,0.000,,
327.332187,2026-03-16 16:47:03.072,ARDUINO_PSI,Arduino,0.000,0.000,0.000,,
327.432242,2026-03-16 16:47:03.172,ARDUINO_PSI,Arduino,0.000,0.000,0.000,,
327.532317,2026-03-16 16:47:03.272,ARDUINO_PSI,Arduino,0.000,0.000,0.000,,
327.632075,2026-03-16 16:47:03.372,ARDUINO_PSI,Arduino,0.000,0.000,0.000,,
327.732287,2026-03-16 16:47:03.472,ARDUINO_PSI,Arduino,0.000,0.000,0.000,,
327.832225,2026-03-16 16:47:03.572,ARDUINO_PSI,Arduino,0.000,0.000,0.000,,
327.932442,2026-03-16 16:47:03.673,ARDUINO_PSI,Arduino,0.000,0.000,0.000,,
328.032154,2026-03-16 16:47:03.772,ARDUINO_PSI,Arduino,0.000,0.000,0.000,,
328.131831,2026-03-16 16:47:03.872,ARDUINO_PSI,Arduino,0.000,0.000,0.000,,
328.231718,2026-03-16 16:47:03.972,ARDUINO_PSI,Arduino,0.000,0.000,0.000,,
328.331772,2026-03-16 16:47:04.072,ARDUINO_PSI,Arduino,0.000,0.000,0.000,,
328.431706,2026-03-16 16:47:04.172,ARDUINO_PSI,Arduino,0.000,0.000,0.000,,
328.531746,2026-03-16 16:47:04.272,ARDUINO_PSI,Arduino,0.000,0.000,0.000,,
328.631798,2026-03-16 16:47:04.372,ARDUINO_PSI,Arduino,0.000,0.000,0.000,,
328.731702,2026-03-16 16:47:04.472,ARDUINO_PSI,Arduino,0.000,0.000,0.000,,
328.831795,2026-03-16 16:47:04.572,ARDUINO_PSI,Arduino,0.000,0.000,0.000,,
328.931727,2026-03-16 16:47:04.672,ARDUINO_PSI,Arduino,0.000,0.000,0.000,,
329.031713,2026-03-16 16:47:04.772,ARDUINO_PSI,Arduino,0.000,0.000,0.000,,
329.131730,2026-03-16 16:47:04.872,ARDUINO_PSI,Arduino,0.000,0.000,0.000,,
329.231950,2026-03-16 16:47:04.972,ARDUINO_PSI,Arduino,0.000,0.000,0.000,,
329.331876,2026-03-16 16:47:05.072,ARDUINO_PSI,Arduino,0.000,0.000,0.000,,
329.431709,2026-03-16 16:47:05.172,ARDUINO_PSI,Arduino,0.000,0.000,0.000,,
329.531874,2026-03-16 16:47:05.272,ARDUINO_PSI,Arduino,0.000,0.000,0.000,,
329.631808,2026-03-16 16:47:05.372,ARDUINO_PSI,Arduino,0.000,0.000,0.000,,
329.732079,2026-03-16 16:47:05.472,ARDUINO_PSI,Arduino,0.000,0.000,0.000,,
329.831729,2026-03-16 16:47:05.572,ARDUINO_PSI,Arduino,0.000,0.000,0.000,,
329.931750,2026-03-16 16:47:05.672,ARDUINO_PSI,Arduino,0.000,0.000,0.000,,
330.032282,2026-03-16 16:47:05.772,ARDUINO_PSI,Arduino,0.000,0.000,0.000,,
330.131819,2026-03-16 16:47:05.872,ARDUINO_PSI,Arduino,0.000,0.000,0.000,,
330.231998,2026-03-16 16:47:05.972,ARDUINO_PSI,Arduino,0.000,0.000,0.000,,
330.331735,2026-03-16 16:47:06.072,ARDUINO_PSI,Arduino,0.000,0.000,0.000,,
330.432286,2026-03-16 16:47:06.172,ARDUINO_PSI,Arduino,0.000,0.000,0.000,,
330.532089,2026-03-16 16:47:06.272,ARDUINO_PSI,Arduino,0.000,0.000,0.000,,
330.631727,2026-03-16 16:47:06.372,ARDUINO_PSI,Arduino,0.000,0.000,0.000,,
330.732333,2026-03-16 16:47:06.472,ARDUINO_PSI,Arduino,0.000,0.000,0.000,,
330.831721,2026-03-16 16:47:06.572,ARDUINO_PSI,Arduino,0.000,0.000,0.000,,
330.931707,2026-03-16 16:47:06.672,ARDUINO_PSI,Arduino,0.000,0.000,0.000,,
331.031806,2026-03-16 16:47:06.772,ARDUINO_PSI,Arduino,0.000,0.000,0.000,,
331.131707,2026-03-16 16:47:06.872,ARDUINO_PSI,Arduino,0.000,0.000,0.000,,
331.231890,2026-03-16 16:47:06.972,ARDUINO_PSI,Arduino,0.000,0.000,0.000,,
331.331742,2026-03-16 16:47:07.072,ARDUINO_PSI,Arduino,0.000,0.000,0.000,,
331.431836,2026-03-16 16:47:07.172,ARDUINO_PSI,Arduino,0.000,0.000,0.000,,
331.531779,2026-03-16 16:47:07.272,ARDUINO_PSI,Arduino,0.000,0.000,0.000,,
331.631751,2026-03-16 16:47:07.372,ARDUINO_PSI,Arduino,0.000,0.000,0.000,,
331.731765,2026-03-16 16:47:07.472,ARDUINO_PSI,Arduino,0.000,0.000,0.000,,
331.831746,2026-03-16 16:47:07.572,ARDUINO_PSI,Arduino,0.000,0.000,0.000,,
331.931771,2026-03-16 16:47:07.672,ARDUINO_PSI,Arduino,0.000,0.000,0.000,,
332.031824,2026-03-16 16:47:07.772,ARDUINO_PSI,Arduino,0.000,0.000,0.000,,
332.132068,2026-03-16 16:47:07.872,ARDUINO_PSI,Arduino,0.000,0.000,0.000,,
332.231747,2026-03-16 16:47:07.972,ARDUINO_PSI,Arduino,0.000,0.000,0.000,,
332.331780,2026-03-16 16:47:08.072,ARDUINO_PSI,Arduino,0.000,0.000,0.000,,
332.431987,2026-03-16 16:47:08.172,ARDUINO_PSI,Arduino,0.000,0.000,0.000,,
332.531749,2026-03-16 16:47:08.272,ARDUINO_PSI,Arduino,0.000,0.000,0.000,,
332.632182,2026-03-16 16:47:08.372,ARDUINO_PSI,Arduino,0.000,0.000,0.000,,
332.731903,2026-03-16 16:47:08.472,ARDUINO_PSI,Arduino,0.000,0.000,0.000,,
332.831748,2026-03-16 16:47:08.572,ARDUINO_PSI,Arduino,0.000,0.000,0.000,,
332.931749,2026-03-16 16:47:08.672,ARDUINO_PSI,Arduino,0.000,0.000,0.000,,
333.031752,2026-03-16 16:47:08.772,ARDUINO_PSI,Arduino,0.000,0.000,0.000,,
333.131703,2026-03-16 16:47:08.872,ARDUINO_PSI,Arduino,0.000,0.000,0.000,,
333.231858,2026-03-16 16:47:08.972,ARDUINO_PSI,Arduino,0.000,0.000,0.000,,
333.331747,2026-03-16 16:47:09.072,ARDUINO_PSI,Arduino,0.000,0.000,0.000,,
333.431937,2026-03-16 16:47:09.172,ARDUINO_PSI,Arduino,0.000,0.000,0.000,,
333.531982,2026-03-16 16:47:09.272,ARDUINO_PSI,Arduino,0.000,0.000,0.000,,
333.632068,2026-03-16 16:47:09.372,ARDUINO_PSI,Arduino,0.000,0.000,0.000,,
333.732200,2026-03-16 16:47:09.472,ARDUINO_PSI,Arduino,0.000,0.000,0.000,,
333.831788,2026-03-16 16:47:09.572,ARDUINO_PSI,Arduino,0.000,0.000,0.000,,
333.932417,2026-03-16 16:47:09.673,ARDUINO_PSI,Arduino,0.000,0.000,0.000,,
334.032363,2026-03-16 16:47:09.772,ARDUINO_PSI,Arduino,0.000,0.000,0.000,,
334.132335,2026-03-16 16:47:09.872,ARDUINO_PSI,Arduino,0.000,0.000,0.000,,
334.232354,2026-03-16 16:47:09.972,ARDUINO_PSI,Arduino,0.000,0.000,0.000,,
334.332335,2026-03-16 16:47:10.072,ARDUINO_PSI,Arduino,0.000,0.000,0.000,,
334.432288,2026-03-16 16:47:10.172,ARDUINO_PSI,Arduino,0.000,0.000,0.000,,
334.531771,2026-03-16 16:47:10.272,ARDUINO_PSI,Arduino,0.000,0.000,0.000,,
334.632037,2026-03-16 16:47:10.372,ARDUINO_PSI,Arduino,0.000,0.000,0.000,,
334.731800,2026-03-16 16:47:10.472,ARDUINO_PSI,Arduino,0.000,0.000,0.000,,
334.831752,2026-03-16 16:47:10.572,ARDUINO_PSI,Arduino,0.000,0.000,0.000,,
334.931969,2026-03-16 16:47:10.672,ARDUINO_PSI,Arduino,0.000,0.000,0.000,,
335.032277,2026-03-16 16:47:10.772,ARDUINO_PSI,Arduino,0.000,0.000,0.000,,
335.132173,2026-03-16 16:47:10.872,ARDUINO_PSI,Arduino,0.000,0.000,0.000,,
335.232184,2026-03-16 16:47:10.972,ARDUINO_PSI,Arduino,0.000,0.000,0.000,,
335.331745,2026-03-16 16:47:11.072,ARDUINO_PSI,Arduino,0.000,0.000,0.000,,
335.432040,2026-03-16 16:47:11.172,ARDUINO_PSI,Arduino,0.000,0.000,0.000,,
335.532170,2026-03-16 16:47:11.272,ARDUINO_PSI,Arduino,0.000,0.000,0.000,,
335.633065,2026-03-16 16:47:11.373,ARDUINO_PSI,Arduino,0.000,0.000,0.000,,
335.732226,2026-03-16 16:47:11.472,ARDUINO_PSI,Arduino,0.000,0.000,0.000,,
335.832253,2026-03-16 16:47:11.572,ARDUINO_PSI,Arduino,0.000,0.000,0.000,,
335.932145,2026-03-16 16:47:11.672,ARDUINO_PSI,Arduino,0.000,0.000,0.000,,
336.031733,2026-03-16 16:47:11.772,ARDUINO_PSI,Arduino,0.000,0.000,0.000,,
336.132397,2026-03-16 16:47:11.873,ARDUINO_PSI,Arduino,0.000,0.000,0.000,,
336.232444,2026-03-16 16:47:11.973,ARDUINO_PSI,Arduino,0.000,0.000,0.000,,
336.332248,2026-03-16 16:47:12.072,ARDUINO_PSI,Arduino,0.000,0.000,0.000,,
336.432189,2026-03-16 16:47:12.172,ARDUINO_PSI,Arduino,0.000,0.000,0.000,,
336.532309,2026-03-16 16:47:12.272,ARDUINO_PSI,Arduino,0.000,0.000,0.000,,
336.632161,2026-03-16 16:47:12.372,ARDUINO_PSI,Arduino,0.000,0.000,0.000,,
336.732088,2026-03-16 16:47:12.472,ARDUINO_PSI,Arduino,0.000,0.000,0.000,,
336.832419,2026-03-16 16:47:12.573,ARDUINO_PSI,Arduino,0.000,0.000,0.000,,
336.932500,2026-03-16 16:47:12.673,ARDUINO_PSI,Arduino,0.000,0.000,0.000,,
337.032358,2026-03-16 16:47:12.772,ARDUINO_PSI,Arduino,0.000,0.000,0.000,,
337.132357,2026-03-16 16:47:12.872,ARDUINO_PSI,Arduino,0.000,0.000,0.000,,
337.232270,2026-03-16 16:47:12.972,ARDUINO_PSI,Arduino,0.000,0.000,0.000,,
337.332242,2026-03-16 16:47:13.072,ARDUINO_PSI,Arduino,0.000,0.000,0.000,,
337.432120,2026-03-16 16:47:13.172,ARDUINO_PSI,Arduino,0.000,0.000,0.000,,
337.532331,2026-03-16 16:47:13.272,ARDUINO_PSI,Arduino,0.000,0.000,0.000,,
337.632276,2026-03-16 16:47:13.372,ARDUINO_PSI,Arduino,0.000,0.000,0.000,,
337.732236,2026-03-16 16:47:13.472,ARDUINO_PSI,Arduino,0.000,0.000,0.000,,
337.832144,2026-03-16 16:47:13.572,ARDUINO_PSI,Arduino,0.000,0.000,0.000,,
337.932419,2026-03-16 16:47:13.673,ARDUINO_PSI,Arduino,0.000,0.000,0.000,,
338.031822,2026-03-16 16:47:13.772,ARDUINO_PSI,Arduino,0.000,0.000,0.000,,
338.132271,2026-03-16 16:47:13.872,ARDUINO_PSI,Arduino,0.000,0.000,0.000,,
338.232323,2026-03-16 16:47:13.972,ARDUINO_PSI,Arduino,0.000,0.000,0.000,,
338.332140,2026-03-16 16:47:14.072,ARDUINO_PSI,Arduino,0.000,0.000,0.000,,
338.432314,2026-03-16 16:47:14.172,ARDUINO_PSI,Arduino,0.000,0.000,0.000,,
338.531825,2026-03-16 16:47:14.272,ARDUINO_PSI,Arduino,0.000,0.000,0.000,,
338.631881,2026-03-16 16:47:14.372,ARDUINO_PSI,Arduino,0.000,0.000,0.000,,
338.731912,2026-03-16 16:47:14.472,ARDUINO_PSI,Arduino,0.000,0.000,0.000,,
338.831796,2026-03-16 16:47:14.572,ARDUINO_PSI,Arduino,0.000,0.000,0.000,,
338.931870,2026-03-16 16:47:14.672,ARDUINO_PSI,Arduino,0.000,0.000,0.000,,
339.031828,2026-03-16 16:47:14.772,ARDUINO_PSI,Arduino,0.000,0.000,0.000,,
339.131979,2026-03-16 16:47:14.872,ARDUINO_PSI,Arduino,0.000,0.000,0.000,,
339.231887,2026-03-16 16:47:14.972,ARDUINO_PSI,Arduino,0.000,0.000,0.000,,
339.331786,2026-03-16 16:47:15.072,ARDUINO_PSI,Arduino,0.000,0.000,0.000,,
339.431808,2026-03-16 16:47:15.172,ARDUINO_PSI,Arduino,0.000,0.000,0.000,,
339.531781,2026-03-16 16:47:15.272,ARDUINO_PSI,Arduino,0.000,0.000,0.000,,
339.631842,2026-03-16 16:47:15.372,ARDUINO_PSI,Arduino,0.000,0.000,0.000,,
339.731705,2026-03-16 16:47:15.472,ARDUINO_PSI,Arduino,0.000,0.000,0.000,,
339.831881,2026-03-16 16:47:15.572,ARDUINO_PSI,Arduino,0.000,0.000,0.000,,
339.931808,2026-03-16 16:47:15.672,ARDUINO_PSI,Arduino,0.000,0.000,0.000,,
340.031740,2026-03-16 16:47:15.772,ARDUINO_PSI,Arduino,0.000,0.000,0.000,,
340.131991,2026-03-16 16:47:15.872,ARDUINO_PSI,Arduino,0.000,0.000,0.000,,
340.231790,2026-03-16 16:47:15.972,ARDUINO_PSI,Arduino,0.000,0.000,0.000,,
340.331787,2026-03-16 16:47:16.072,ARDUINO_PSI,Arduino,0.000,0.000,0.000,,
340.431877,2026-03-16 16:47:16.172,ARDUINO_PSI,Arduino,0.000,0.000,0.000,,
340.531769,2026-03-16 16:47:16.272,ARDUINO_PSI,Arduino,0.000,0.000,0.000,,
340.632009,2026-03-16 16:47:16.372,ARDUINO_PSI,Arduino,0.000,0.000,0.000,,
340.731766,2026-03-16 16:47:16.472,ARDUINO_PSI,Arduino,0.000,0.000,0.000,,
340.831830,2026-03-16 16:47:16.572,ARDUINO_PSI,Arduino,0.000,0.000,0.000,,
340.931784,2026-03-16 16:47:16.672,ARDUINO_PSI,Arduino,0.000,0.000,0.000,,
341.031746,2026-03-16 16:47:16.772,ARDUINO_PSI,Arduino,0.000,0.000,0.000,,
341.131718,2026-03-16 16:47:16.872,ARDUINO_PSI,Arduino,0.000,0.000,0.000,,
341.231862,2026-03-16 16:47:16.972,ARDUINO_PSI,Arduino,0.000,0.000,0.000,,
341.331842,2026-03-16 16:47:17.072,ARDUINO_PSI,Arduino,0.000,0.000,0.000,,
341.431733,2026-03-16 16:47:17.172,ARDUINO_PSI,Arduino,0.000,0.000,0.000,,
341.532098,2026-03-16 16:47:17.272,ARDUINO_PSI,Arduino,0.000,0.000,0.000,,
341.631900,2026-03-16 16:47:17.372,ARDUINO_PSI,Arduino,0.000,0.000,0.000,,
341.731781,2026-03-16 16:47:17.472,ARDUINO_PSI,Arduino,0.000,0.000,0.000,,
341.831830,2026-03-16 16:47:17.572,ARDUINO_PSI,Arduino,0.000,0.000,0.000,,
341.931798,2026-03-16 16:47:17.672,ARDUINO_PSI,Arduino,0.000,0.000,0.000,,
342.031849,2026-03-16 16:47:17.772,ARDUINO_PSI,Arduino,0.000,0.000,0.000,,
342.131888,2026-03-16 16:47:17.872,ARDUINO_PSI,Arduino,0.000,0.000,0.000,,
342.231806,2026-03-16 16:47:17.972,ARDUINO_PSI,Arduino,0.000,0.000,0.000,,
342.331740,2026-03-16 16:47:18.072,ARDUINO_PSI,Arduino,0.000,0.000,0.000,,
342.432108,2026-03-16 16:47:18.172,ARDUINO_PSI,Arduino,0.000,0.000,0.000,,
342.531760,2026-03-16 16:47:18.272,ARDUINO_PSI,Arduino,0.000,0.000,0.000,,
342.631926,2026-03-16 16:47:18.372,ARDUINO_PSI,Arduino,0.000,0.000,0.000,,
342.731807,2026-03-16 16:47:18.472,ARDUINO_PSI,Arduino,0.000,0.000,0.000,,
342.831830,2026-03-16 16:47:18.572,ARDUINO_PSI,Arduino,0.000,0.000,0.000,,
342.932057,2026-03-16 16:47:18.672,ARDUINO_PSI,Arduino,0.000,0.000,0.000,,
343.031828,2026-03-16 16:47:18.772,ARDUINO_PSI,Arduino,0.000,0.000,0.000,,
343.131925,2026-03-16 16:47:18.872,ARDUINO_PSI,Arduino,0.000,0.000,0.000,,
343.231754,2026-03-16 16:47:18.972,ARDUINO_PSI,Arduino,0.000,0.000,0.000,,
343.331783,2026-03-16 16:47:19.072,ARDUINO_PSI,Arduino,0.000,0.000,0.000,,
343.431843,2026-03-16 16:47:19.172,ARDUINO_PSI,Arduino,0.000,0.000,0.000,,
343.531734,2026-03-16 16:47:19.272,ARDUINO_PSI,Arduino,0.000,0.000,0.000,,
343.631835,2026-03-16 16:47:19.372,ARDUINO_PSI,Arduino,0.000,0.000,0.000,,
343.731873,2026-03-16 16:47:19.472,ARDUINO_PSI,Arduino,0.000,0.000,0.000,,
343.831819,2026-03-16 16:47:19.572,ARDUINO_PSI,Arduino,0.000,0.000,0.000,,
343.931794,2026-03-16 16:47:19.672,ARDUINO_PSI,Arduino,0.000,0.000,0.000,,
344.031773,2026-03-16 16:47:19.772,ARDUINO_PSI,Arduino,0.000,0.000,0.000,,
344.131909,2026-03-16 16:47:19.872,ARDUINO_PSI,Arduino,0.000,0.000,0.000,,
344.231784,2026-03-16 16:47:19.972,ARDUINO_PSI,Arduino,0.000,0.000,0.000,,
344.331777,2026-03-16 16:47:20.072,ARDUINO_PSI,Arduino,0.000,0.000,0.000,,
344.431892,2026-03-16 16:47:20.172,ARDUINO_PSI,Arduino,0.000,0.000,0.000,,
344.531815,2026-03-16 16:47:20.272,ARDUINO_PSI,Arduino,0.000,0.000,0.000,,
344.632053,2026-03-16 16:47:20.372,ARDUINO_PSI,Arduino,0.000,0.000,0.000,,
344.731770,2026-03-16 16:47:20.472,ARDUINO_PSI,Arduino,0.000,0.000,0.000,,
344.831794,2026-03-16 16:47:20.572,ARDUINO_PSI,Arduino,0.000,0.000,0.000,,
344.931775,2026-03-16 16:47:20.672,ARDUINO_PSI,Arduino,0.000,0.000,0.000,,
345.031772,2026-03-16 16:47:20.772,ARDUINO_PSI,Arduino,0.000,0.000,0.000,,
345.131917,2026-03-16 16:47:20.872,ARDUINO_PSI,Arduino,0.000,0.000,0.000,,
345.232377,2026-03-16 16:47:20.973,ARDUINO_PSI,Arduino,0.000,0.000,0.000,,
345.331877,2026-03-16 16:47:21.072,ARDUINO_PSI,Arduino,0.000,0.000,0.000,,
345.432008,2026-03-16 16:47:21.172,ARDUINO_PSI,Arduino,0.000,0.000,0.000,,
345.531772,2026-03-16 16:47:21.272,ARDUINO_PSI,Arduino,0.000,0.000,0.000,,
345.631898,2026-03-16 16:47:21.372,ARDUINO_PSI,Arduino,0.000,0.000,0.000,,
345.731839,2026-03-16 16:47:21.472,ARDUINO_PSI,Arduino,0.000,0.000,0.000,,
345.831772,2026-03-16 16:47:21.572,ARDUINO_PSI,Arduino,0.000,0.000,0.000,,
345.931889,2026-03-16 16:47:21.672,ARDUINO_PSI,Arduino,0.000,0.000,0.000,,
346.031917,2026-03-16 16:47:21.772,ARDUINO_PSI,Arduino,0.000,0.000,0.000,,
346.131950,2026-03-16 16:47:21.872,ARDUINO_PSI,Arduino,0.000,0.000,0.000,,
346.231777,2026-03-16 16:47:21.972,ARDUINO_PSI,Arduino,0.000,0.000,0.000,,
346.331777,2026-03-16 16:47:22.072,ARDUINO_PSI,Arduino,0.000,0.000,0.000,,
346.432207,2026-03-16 16:47:22.172,ARDUINO_PSI,Arduino,0.000,0.000,0.000,,
346.531906,2026-03-16 16:47:22.272,ARDUINO_PSI,Arduino,0.000,0.000,0.000,,
346.631838,2026-03-16 16:47:22.372,ARDUINO_PSI,Arduino,0.000,0.000,0.000,,
346.731767,2026-03-16 16:47:22.472,ARDUINO_PSI,Arduino,0.000,0.000,0.000,,
346.831778,2026-03-16 16:47:22.572,ARDUINO_PSI,Arduino,0.000,0.000,0.000,,
346.931877,2026-03-16 16:47:22.672,ARDUINO_PSI,Arduino,0.000,0.000,0.000,,
347.031824,2026-03-16 16:47:22.772,ARDUINO_PSI,Arduino,0.000,0.000,0.000,,
347.131787,2026-03-16 16:47:22.872,ARDUINO_PSI,Arduino,0.000,0.000,0.000,,
347.231790,2026-03-16 16:47:22.972,ARDUINO_PSI,Arduino,0.000,0.000,0.000,,
347.331826,2026-03-16 16:47:23.072,ARDUINO_PSI,Arduino,0.000,0.000,0.000,,
347.432167,2026-03-16 16:47:23.172,ARDUINO_PSI,Arduino,0.000,0.000,0.000,,
347.531776,2026-03-16 16:47:23.272,ARDUINO_PSI,Arduino,0.000,0.000,0.000,,
347.632018,2026-03-16 16:47:23.372,ARDUINO_PSI,Arduino,0.000,0.000,0.000,,
347.731814,2026-03-16 16:47:23.472,ARDUINO_PSI,Arduino,0.000,0.000,0.000,,
347.831789,2026-03-16 16:47:23.572,ARDUINO_PSI,Arduino,0.000,0.000,0.000,,
347.932094,2026-03-16 16:47:23.672,ARDUINO_PSI,Arduino,0.000,0.000,0.000,,
348.031779,2026-03-16 16:47:23.772,ARDUINO_PSI,Arduino,0.000,0.000,0.000,,
348.131768,2026-03-16 16:47:23.872,ARDUINO_PSI,Arduino,0.000,0.000,0.000,,
348.231766,2026-03-16 16:47:23.972,ARDUINO_PSI,Arduino,0.000,0.000,0.000,,
348.331781,2026-03-16 16:47:24.072,ARDUINO_PSI,Arduino,0.000,0.000,0.000,,
348.431900,2026-03-16 16:47:24.172,ARDUINO_PSI,Arduino,0.000,0.000,0.000,,
348.531772,2026-03-16 16:47:24.272,ARDUINO_PSI,Arduino,0.000,0.000,0.000,,
348.631796,2026-03-16 16:47:24.372,ARDUINO_PSI,Arduino,0.000,0.000,0.000,,
348.731780,2026-03-16 16:47:24.472,ARDUINO_PSI,Arduino,0.000,0.000,0.000,,
348.831834,2026-03-16 16:47:24.572,ARDUINO_PSI,Arduino,0.000,0.000,0.000,,
348.931945,2026-03-16 16:47:24.672,ARDUINO_PSI,Arduino,0.000,0.000,0.000,,
349.031777,2026-03-16 16:47:24.772,ARDUINO_PSI,Arduino,0.000,0.000,0.000,,
349.131878,2026-03-16 16:47:24.872,ARDUINO_PSI,Arduino,0.000,0.000,0.000,,
349.231775,2026-03-16 16:47:24.972,ARDUINO_PSI,Arduino,0.000,0.000,0.000,,
349.331869,2026-03-16 16:47:25.072,ARDUINO_PSI,Arduino,0.000,0.000,0.000,,
349.432628,2026-03-16 16:47:25.173,ARDUINO_PSI,Arduino,0.000,0.000,0.000,,
349.531806,2026-03-16 16:47:25.272,ARDUINO_PSI,Arduino,0.000,0.000,0.000,,
349.631908,2026-03-16 16:47:25.372,ARDUINO_PSI,Arduino,0.000,0.000,0.000,,
349.731956,2026-03-16 16:47:25.472,ARDUINO_PSI,Arduino,0.000,0.000,0.000,,
349.831784,2026-03-16 16:47:25.572,ARDUINO_PSI,Arduino,0.000,0.000,0.000,,
349.931765,2026-03-16 16:47:25.672,ARDUINO_PSI,Arduino,0.000,0.000,0.000,,
350.031768,2026-03-16 16:47:25.772,ARDUINO_PSI,Arduino,0.000,0.000,0.000,,
350.132072,2026-03-16 16:47:25.872,ARDUINO_PSI,Arduino,0.000,0.000,0.000,,
350.231861,2026-03-16 16:47:25.972,ARDUINO_PSI,Arduino,0.000,0.000,0.000,,
350.331772,2026-03-16 16:47:26.072,ARDUINO_PSI,Arduino,0.000,0.000,0.000,,
350.431766,2026-03-16 16:47:26.172,ARDUINO_PSI,Arduino,0.000,0.000,0.000,,
350.531783,2026-03-16 16:47:26.272,ARDUINO_PSI,Arduino,0.000,0.000,0.000,,
350.631962,2026-03-16 16:47:26.372,ARDUINO_PSI,Arduino,0.000,0.000,0.000,,
350.731766,2026-03-16 16:47:26.472,ARDUINO_PSI,Arduino,0.000,0.000,0.000,,
350.831852,2026-03-16 16:47:26.572,ARDUINO_PSI,Arduino,0.000,0.000,0.000,,
350.931814,2026-03-16 16:47:26.672,ARDUINO_PSI,Arduino,0.000,0.000,0.000,,
351.031858,2026-03-16 16:47:26.772,ARDUINO_PSI,Arduino,0.000,0.000,0.000,,
351.131822,2026-03-16 16:47:26.872,ARDUINO_PSI,Arduino,0.000,0.000,0.000,,
351.231767,2026-03-16 16:47:26.972,ARDUINO_PSI,Arduino,0.000,0.000,0.000,,
351.332171,2026-03-16 16:47:27.072,ARDUINO_PSI,Arduino,0.000,0.000,0.000,,
351.431901,2026-03-16 16:47:27.172,ARDUINO_PSI,Arduino,0.000,0.000,0.000,,
351.531801,2026-03-16 16:47:27.272,ARDUINO_PSI,Arduino,0.000,0.000,0.000,,
351.631824,2026-03-16 16:47:27.372,ARDUINO_PSI,Arduino,0.000,0.000,0.000,,
351.732265,2026-03-16 16:47:27.472,ARDUINO_PSI,Arduino,0.000,0.000,0.000,,
351.831905,2026-03-16 16:47:27.572,ARDUINO_PSI,Arduino,0.000,0.000,0.000,,
351.931953,2026-03-16 16:47:27.672,ARDUINO_PSI,Arduino,0.000,0.000,0.000,,
352.031998,2026-03-16 16:47:27.772,ARDUINO_PSI,Arduino,0.000,0.000,0.000,,
352.131766,2026-03-16 16:47:27.872,ARDUINO_PSI,Arduino,0.000,0.000,0.000,,
352.231784,2026-03-16 16:47:27.972,ARDUINO_PSI,Arduino,0.000,0.000,0.000,,
352.332010,2026-03-16 16:47:28.072,ARDUINO_PSI,Arduino,0.000,0.000,0.000,,
352.431788,2026-03-16 16:47:28.172,ARDUINO_PSI,Arduino,0.000,0.000,0.000,,
352.531851,2026-03-16 16:47:28.272,ARDUINO_PSI,Arduino,0.000,0.000,0.000,,
352.631786,2026-03-16 16:47:28.372,ARDUINO_PSI,Arduino,0.000,0.000,0.000,,
352.731960,2026-03-16 16:47:28.472,ARDUINO_PSI,Arduino,0.000,0.000,0.000,,
352.831808,2026-03-16 16:47:28.572,ARDUINO_PSI,Arduino,0.000,0.000,0.000,,
352.931829,2026-03-16 16:47:28.672,ARDUINO_PSI,Arduino,0.000,0.000,0.000,,
353.031811,2026-03-16 16:47:28.772,ARDUINO_PSI,Arduino,0.000,0.000,0.000,,
353.131825,2026-03-16 16:47:28.872,ARDUINO_PSI,Arduino,0.000,0.000,0.000,,
353.231858,2026-03-16 16:47:28.972,ARDUINO_PSI,Arduino,0.000,0.000,0.000,,
353.331823,2026-03-16 16:47:29.072,ARDUINO_PSI,Arduino,0.000,0.000,0.000,,
353.431872,2026-03-16 16:47:29.172,ARDUINO_PSI,Arduino,0.000,0.000,0.000,,
353.531759,2026-03-16 16:47:29.272,ARDUINO_PSI,Arduino,0.000,0.000,0.000,,
353.631790,2026-03-16 16:47:29.372,ARDUINO_PSI,Arduino,0.000,0.000,0.000,,
353.731969,2026-03-16 16:47:29.472,ARDUINO_PSI,Arduino,0.000,0.000,0.000,,
353.831821,2026-03-16 16:47:29.572,ARDUINO_PSI,Arduino,0.000,0.000,0.000,,
353.932064,2026-03-16 16:47:29.672,ARDUINO_PSI,Arduino,0.000,0.000,0.000,,
354.032216,2026-03-16 16:47:29.772,ARDUINO_PSI,Arduino,0.000,0.000,0.000,,
354.131962,2026-03-16 16:47:29.872,ARDUINO_PSI,Arduino,0.000,0.000,0.000,,
354.231804,2026-03-16 16:47:29.972,ARDUINO_PSI,Arduino,0.000,0.000,0.000,,
354.331808,2026-03-16 16:47:30.072,ARDUINO_PSI,Arduino,0.000,0.000,0.000,,
354.431860,2026-03-16 16:47:30.172,ARDUINO_PSI,Arduino,0.000,0.000,0.000,,
354.531959,2026-03-16 16:47:30.272,ARDUINO_PSI,Arduino,0.000,0.000,0.000,,
354.631882,2026-03-16 16:47:30.372,ARDUINO_PSI,Arduino,0.000,0.000,0.000,,
354.731798,2026-03-16 16:47:30.472,ARDUINO_PSI,Arduino,0.000,0.000,0.000,,
354.831852,2026-03-16 16:47:30.572,ARDUINO_PSI,Arduino,0.000,0.000,0.000,,
354.932010,2026-03-16 16:47:30.672,ARDUINO_PSI,Arduino,0.000,0.000,0.000,,
355.031862,2026-03-16 16:47:30.772,ARDUINO_PSI,Arduino,0.000,0.000,0.000,,
355.132014,2026-03-16 16:47:30.872,ARDUINO_PSI,Arduino,0.000,0.000,0.000,,
355.231806,2026-03-16 16:47:30.972,ARDUINO_PSI,Arduino,0.000,0.000,0.000,,
355.331801,2026-03-16 16:47:31.072,ARDUINO_PSI,Arduino,0.000,0.000,0.000,,
355.431877,2026-03-16 16:47:31.172,ARDUINO_PSI,Arduino,0.000,0.000,0.000,,
355.531894,2026-03-16 16:47:31.272,ARDUINO_PSI,Arduino,0.000,0.000,0.000,,
355.632247,2026-03-16 16:47:31.372,ARDUINO_PSI,Arduino,0.000,0.000,0.000,,
355.731887,2026-03-16 16:47:31.472,ARDUINO_PSI,Arduino,0.000,0.000,0.000,,
355.831761,2026-03-16 16:47:31.572,ARDUINO_PSI,Arduino,0.000,0.000,0.000,,
355.932076,2026-03-16 16:47:31.672,ARDUINO_PSI,Arduino,0.000,0.000,0.000,,
356.032158,2026-03-16 16:47:31.772,ARDUINO_PSI,Arduino,0.000,0.000,0.000,,
356.131978,2026-03-16 16:47:31.872,ARDUINO_PSI,Arduino,0.000,0.000,0.000,,
356.231998,2026-03-16 16:47:31.972,ARDUINO_PSI,Arduino,0.000,0.000,0.000,,
356.331804,2026-03-16 16:47:32.072,ARDUINO_PSI,Arduino,0.000,0.000,0.000,,
356.431814,2026-03-16 16:47:32.172,ARDUINO_PSI,Arduino,0.000,0.000,0.000,,
356.531966,2026-03-16 16:47:32.272,ARDUINO_PSI,Arduino,0.000,0.000,0.000,,
356.631832,2026-03-16 16:47:32.372,ARDUINO_PSI,Arduino,0.000,0.000,0.000,,
356.732023,2026-03-16 16:47:32.472,ARDUINO_PSI,Arduino,0.000,0.000,0.000,,
356.831819,2026-03-16 16:47:32.572,ARDUINO_PSI,Arduino,0.000,0.000,0.000,,
356.932075,2026-03-16 16:47:32.672,ARDUINO_PSI,Arduino,0.000,0.000,0.000,,
357.031803,2026-03-16 16:47:32.772,ARDUINO_PSI,Arduino,0.000,0.000,0.000,,
357.131988,2026-03-16 16:47:32.872,ARDUINO_PSI,Arduino,0.000,0.000,0.000,,
357.232410,2026-03-16 16:47:32.973,ARDUINO_PSI,Arduino,0.000,0.000,0.000,,
357.331832,2026-03-16 16:47:33.072,ARDUINO_PSI,Arduino,0.000,0.000,0.000,,
357.432119,2026-03-16 16:47:33.172,ARDUINO_PSI,Arduino,0.000,0.000,0.000,,
357.531860,2026-03-16 16:47:33.272,ARDUINO_PSI,Arduino,0.000,0.000,0.000,,
357.631768,2026-03-16 16:47:33.372,ARDUINO_PSI,Arduino,0.000,0.000,0.000,,
357.731949,2026-03-16 16:47:33.472,ARDUINO_PSI,Arduino,0.000,0.000,0.000,,
357.831838,2026-03-16 16:47:33.572,ARDUINO_PSI,Arduino,0.000,0.000,0.000,,
357.931818,2026-03-16 16:47:33.672,ARDUINO_PSI,Arduino,0.000,0.000,0.000,,
358.031834,2026-03-16 16:47:33.772,ARDUINO_PSI,Arduino,0.000,0.000,0.000,,
358.132148,2026-03-16 16:47:33.872,ARDUINO_PSI,Arduino,0.000,0.000,0.000,,
358.231860,2026-03-16 16:47:33.972,ARDUINO_PSI,Arduino,0.000,0.000,0.000,,
358.331830,2026-03-16 16:47:34.072,ARDUINO_PSI,Arduino,0.000,0.000,0.000,,
358.432059,2026-03-16 16:47:34.172,ARDUINO_PSI,Arduino,0.000,0.000,0.000,,
358.531836,2026-03-16 16:47:34.272,ARDUINO_PSI,Arduino,0.000,0.000,0.000,,
358.631800,2026-03-16 16:47:34.372,ARDUINO_PSI,Arduino,0.000,0.000,0.000,,
358.731817,2026-03-16 16:47:34.472,ARDUINO_PSI,Arduino,0.000,0.000,0.000,,
358.831809,2026-03-16 16:47:34.572,ARDUINO_PSI,Arduino,0.000,0.000,0.000,,
358.931825,2026-03-16 16:47:34.672,ARDUINO_PSI,Arduino,0.000,0.000,0.000,,
359.031793,2026-03-16 16:47:34.772,ARDUINO_PSI,Arduino,0.000,0.000,0.000,,
359.132010,2026-03-16 16:47:34.872,ARDUINO_PSI,Arduino,0.000,0.000,0.000,,
359.231795,2026-03-16 16:47:34.972,ARDUINO_PSI,Arduino,0.000,0.000,0.000,,
359.331801,2026-03-16 16:47:35.072,ARDUINO_PSI,Arduino,0.000,0.000,0.000,,
359.432160,2026-03-16 16:47:35.172,ARDUINO_PSI,Arduino,0.000,0.000,0.000,,
359.531794,2026-03-16 16:47:35.272,ARDUINO_PSI,Arduino,0.000,0.000,0.000,,
359.632188,2026-03-16 16:47:35.372,ARDUINO_PSI,Arduino,0.000,0.000,0.000,,
359.731848,2026-03-16 16:47:35.472,ARDUINO_PSI,Arduino,0.000,0.000,0.000,,
359.831797,2026-03-16 16:47:35.572,ARDUINO_PSI,Arduino,0.000,0.000,0.000,,
359.932108,2026-03-16 16:47:35.672,ARDUINO_PSI,Arduino,0.000,0.000,0.000,,
360.031834,2026-03-16 16:47:35.772,ARDUINO_PSI,Arduino,0.000,0.000,0.000,,
360.131939,2026-03-16 16:47:35.872,ARDUINO_PSI,Arduino,0.000,0.000,0.000,,
360.232389,2026-03-16 16:47:35.973,ARDUINO_PSI,Arduino,0.000,0.000,0.000,,
360.331795,2026-03-16 16:47:36.072,ARDUINO_PSI,Arduino,0.000,0.000,0.000,,
360.432065,2026-03-16 16:47:36.172,ARDUINO_PSI,Arduino,0.000,0.000,0.000,,
360.531846,2026-03-16 16:47:36.272,ARDUINO_PSI,Arduino,0.000,0.000,0.000,,
360.631983,2026-03-16 16:47:36.372,ARDUINO_PSI,Arduino,0.000,0.000,0.000,,
360.732112,2026-03-16 16:47:36.472,ARDUINO_PSI,Arduino,0.000,0.000,0.000,,
360.831886,2026-03-16 16:47:36.572,ARDUINO_PSI,Arduino,0.000,0.000,0.000,,
360.931826,2026-03-16 16:47:36.672,ARDUINO_PSI,Arduino,0.000,0.000,0.000,,
361.031859,2026-03-16 16:47:36.772,ARDUINO_PSI,Arduino,0.000,0.000,0.000,,
361.131928,2026-03-16 16:47:36.872,ARDUINO_PSI,Arduino,0.000,0.000,0.000,,
361.231842,2026-03-16 16:47:36.972,ARDUINO_PSI,Arduino,0.000,0.000,0.000,,
361.331804,2026-03-16 16:47:37.072,ARDUINO_PSI,Arduino,0.000,0.000,0.000,,
361.431870,2026-03-16 16:47:37.172,ARDUINO_PSI,Arduino,0.000,0.000,0.000,,
361.531890,2026-03-16 16:47:37.272,ARDUINO_PSI,Arduino,0.000,0.000,0.000,,
361.632112,2026-03-16 16:47:37.372,ARDUINO_PSI,Arduino,0.000,0.000,0.000,,
361.732409,2026-03-16 16:47:37.473,ARDUINO_PSI,Arduino,0.000,0.000,0.000,,
361.831816,2026-03-16 16:47:37.572,ARDUINO_PSI,Arduino,0.000,0.000,0.000,,
361.931845,2026-03-16 16:47:37.672,ARDUINO_PSI,Arduino,0.000,0.000,0.000,,
362.031897,2026-03-16 16:47:37.772,ARDUINO_PSI,Arduino,0.000,0.000,0.000,,
362.131945,2026-03-16 16:47:37.872,ARDUINO_PSI,Arduino,0.000,0.000,0.000,,
362.231800,2026-03-16 16:47:37.972,ARDUINO_PSI,Arduino,0.000,0.000,0.000,,
362.331808,2026-03-16 16:47:38.072,ARDUINO_PSI,Arduino,0.000,0.000,0.000,,
362.432444,2026-03-16 16:47:38.173,ARDUINO_PSI,Arduino,0.000,0.000,0.000,,
362.531794,2026-03-16 16:47:38.272,ARDUINO_PSI,Arduino,0.000,0.000,0.000,,
362.632031,2026-03-16 16:47:38.372,ARDUINO_PSI,Arduino,0.000,0.000,0.000,,
362.731804,2026-03-16 16:47:38.472,ARDUINO_PSI,Arduino,0.000,0.000,0.000,,
362.831883,2026-03-16 16:47:38.572,ARDUINO_PSI,Arduino,0.000,0.000,0.000,,
362.931815,2026-03-16 16:47:38.672,ARDUINO_PSI,Arduino,0.000,0.000,0.000,,
363.031876,2026-03-16 16:47:38.772,ARDUINO_PSI,Arduino,0.000,0.000,0.000,,
363.131788,2026-03-16 16:47:38.872,ARDUINO_PSI,Arduino,0.000,0.000,0.000,,
363.231814,2026-03-16 16:47:38.972,ARDUINO_PSI,Arduino,0.000,0.000,0.000,,
363.331944,2026-03-16 16:47:39.072,ARDUINO_PSI,Arduino,0.000,0.000,0.000,,
363.431849,2026-03-16 16:47:39.172,ARDUINO_PSI,Arduino,0.000,0.000,0.000,,
363.531849,2026-03-16 16:47:39.272,ARDUINO_PSI,Arduino,0.000,0.000,0.000,,
363.631906,2026-03-16 16:47:39.372,ARDUINO_PSI,Arduino,0.000,0.000,0.000,,
363.731901,2026-03-16 16:47:39.472,ARDUINO_PSI,Arduino,0.000,0.000,0.000,,
363.831845,2026-03-16 16:47:39.572,ARDUINO_PSI,Arduino,0.000,0.000,0.000,,
363.931868,2026-03-16 16:47:39.672,ARDUINO_PSI,Arduino,0.000,0.000,0.000,,
364.031794,2026-03-16 16:47:39.772,ARDUINO_PSI,Arduino,0.000,0.000,0.000,,
364.131835,2026-03-16 16:47:39.872,ARDUINO_PSI,Arduino,0.000,0.000,0.000,,
364.231882,2026-03-16 16:47:39.972,ARDUINO_PSI,Arduino,0.000,0.000,0.000,,
364.331818,2026-03-16 16:47:40.072,ARDUINO_PSI,Arduino,0.000,0.000,0.000,,
364.431978,2026-03-16 16:47:40.172,ARDUINO_PSI,Arduino,0.000,0.000,0.000,,
364.531865,2026-03-16 16:47:40.272,ARDUINO_PSI,Arduino,0.000,0.000,0.000,,
364.631805,2026-03-16 16:47:40.372,ARDUINO_PSI,Arduino,0.000,0.000,0.000,,
364.731883,2026-03-16 16:47:40.472,ARDUINO_PSI,Arduino,0.000,0.000,0.000,,
364.831942,2026-03-16 16:47:40.572,ARDUINO_PSI,Arduino,0.000,0.000,0.000,,
364.931882,2026-03-16 16:47:40.672,ARDUINO_PSI,Arduino,0.000,0.000,0.000,,
365.032518,2026-03-16 16:47:40.773,ARDUINO_PSI,Arduino,0.000,0.000,0.000,,
365.132013,2026-03-16 16:47:40.872,ARDUINO_PSI,Arduino,0.000,0.000,0.000,,
365.231883,2026-03-16 16:47:40.972,ARDUINO_PSI,Arduino,0.000,0.000,0.000,,
365.331786,2026-03-16 16:47:41.072,ARDUINO_PSI,Arduino,0.000,0.000,0.000,,
365.431917,2026-03-16 16:47:41.172,ARDUINO_PSI,Arduino,0.000,0.000,0.000,,
365.531839,2026-03-16 16:47:41.272,ARDUINO_PSI,Arduino,0.000,0.000,0.000,,
365.631896,2026-03-16 16:47:41.372,ARDUINO_PSI,Arduino,0.000,0.000,0.000,,
365.731849,2026-03-16 16:47:41.472,ARDUINO_PSI,Arduino,0.000,0.000,0.000,,
365.831934,2026-03-16 16:47:41.572,ARDUINO_PSI,Arduino,0.000,0.000,0.000,,
365.931873,2026-03-16 16:47:41.672,ARDUINO_PSI,Arduino,0.000,0.000,0.000,,
366.031845,2026-03-16 16:47:41.772,ARDUINO_PSI,Arduino,0.000,0.000,0.000,,
366.131791,2026-03-16 16:47:41.872,ARDUINO_PSI,Arduino,0.000,0.000,0.000,,
366.231965,2026-03-16 16:47:41.972,ARDUINO_PSI,Arduino,0.000,0.000,0.000,,
366.331790,2026-03-16 16:47:42.072,ARDUINO_PSI,Arduino,0.000,0.000,0.000,,
366.431901,2026-03-16 16:47:42.172,ARDUINO_PSI,Arduino,0.000,0.000,0.000,,
366.531837,2026-03-16 16:47:42.272,ARDUINO_PSI,Arduino,0.000,0.000,0.000,,
366.631835,2026-03-16 16:47:42.372,ARDUINO_PSI,Arduino,0.000,0.000,0.000,,
366.732102,2026-03-16 16:47:42.472,ARDUINO_PSI,Arduino,0.000,0.000,0.000,,
366.831880,2026-03-16 16:47:42.572,ARDUINO_PSI,Arduino,0.000,0.000,0.000,,
366.932118,2026-03-16 16:47:42.672,ARDUINO_PSI,Arduino,0.000,0.000,0.000,,
367.031849,2026-03-16 16:47:42.772,ARDUINO_PSI,Arduino,0.000,0.000,0.000,,
367.131888,2026-03-16 16:47:42.872,ARDUINO_PSI,Arduino,0.000,0.000,0.000,,
367.231969,2026-03-16 16:47:42.972,ARDUINO_PSI,Arduino,0.000,0.000,0.000,,
367.331823,2026-03-16 16:47:43.072,ARDUINO_PSI,Arduino,0.000,0.000,0.000,,
367.432034,2026-03-16 16:47:43.172,ARDUINO_PSI,Arduino,0.000,0.000,0.000,,
367.531865,2026-03-16 16:47:43.272,ARDUINO_PSI,Arduino,0.000,0.000,0.000,,
367.631909,2026-03-16 16:47:43.372,ARDUINO_PSI,Arduino,0.000,0.000,0.000,,
367.731933,2026-03-16 16:47:43.472,ARDUINO_PSI,Arduino,0.000,0.000,0.000,,
367.831824,2026-03-16 16:47:43.572,ARDUINO_PSI,Arduino,0.000,0.000,0.000,,
367.931858,2026-03-16 16:47:43.672,ARDUINO_PSI,Arduino,0.000,0.000,0.000,,
368.031838,2026-03-16 16:47:43.772,ARDUINO_PSI,Arduino,0.000,0.000,0.000,,
368.132028,2026-03-16 16:47:43.872,ARDUINO_PSI,Arduino,0.000,0.000,0.000,,
368.231775,2026-03-16 16:47:43.972,ARDUINO_PSI,Arduino,0.000,0.000,0.000,,
368.332054,2026-03-16 16:47:44.072,ARDUINO_PSI,Arduino,0.000,0.000,0.000,,
368.432310,2026-03-16 16:47:44.172,ARDUINO_PSI,Arduino,0.000,0.000,0.000,,
368.531874,2026-03-16 16:47:44.272,ARDUINO_PSI,Arduino,0.000,0.000,0.000,,
368.632045,2026-03-16 16:47:44.372,ARDUINO_PSI,Arduino,0.000,0.000,0.000,,
368.731772,2026-03-16 16:47:44.472,ARDUINO_PSI,Arduino,0.000,0.000,0.000,,
368.831811,2026-03-16 16:47:44.572,ARDUINO_PSI,Arduino,0.000,0.000,0.000,,
368.931829,2026-03-16 16:47:44.672,ARDUINO_PSI,Arduino,0.000,0.000,0.000,,
369.031834,2026-03-16 16:47:44.772,ARDUINO_PSI,Arduino,0.000,0.000,0.000,,
369.132489,2026-03-16 16:47:44.873,ARDUINO_PSI,Arduino,0.000,0.000,0.000,,
369.231947,2026-03-16 16:47:44.972,ARDUINO_PSI,Arduino,0.000,0.000,0.000,,
369.331801,2026-03-16 16:47:45.072,ARDUINO_PSI,Arduino,0.000,0.000,0.000,,
369.431977,2026-03-16 16:47:45.172,ARDUINO_PSI,Arduino,0.000,0.000,0.000,,
369.531890,2026-03-16 16:47:45.272,ARDUINO_PSI,Arduino,0.000,0.000,0.000,,
369.632222,2026-03-16 16:47:45.372,ARDUINO_PSI,Arduino,0.000,0.000,0.000,,
369.731781,2026-03-16 16:47:45.472,ARDUINO_PSI,Arduino,0.000,0.000,0.000,,
369.831833,2026-03-16 16:47:45.572,ARDUINO_PSI,Arduino,0.000,0.000,0.000,,
369.931871,2026-03-16 16:47:45.672,ARDUINO_PSI,Arduino,0.000,0.000,0.000,,
370.031878,2026-03-16 16:47:45.772,ARDUINO_PSI,Arduino,0.000,0.000,0.000,,
370.131770,2026-03-16 16:47:45.872,ARDUINO_PSI,Arduino,0.000,0.000,0.000,,
370.231833,2026-03-16 16:47:45.972,ARDUINO_PSI,Arduino,0.000,0.000,0.000,,
370.331835,2026-03-16 16:47:46.072,ARDUINO_PSI,Arduino,0.000,0.000,0.000,,
370.431889,2026-03-16 16:47:46.172,ARDUINO_PSI,Arduino,0.000,0.000,0.000,,
370.531874,2026-03-16 16:47:46.272,ARDUINO_PSI,Arduino,0.000,0.000,0.000,,
370.631808,2026-03-16 16:47:46.372,ARDUINO_PSI,Arduino,0.000,0.000,0.000,,
370.731806,2026-03-16 16:47:46.472,ARDUINO_PSI,Arduino,0.000,0.000,0.000,,
370.831871,2026-03-16 16:47:46.572,ARDUINO_PSI,Arduino,0.000,0.000,0.000,,
370.931826,2026-03-16 16:47:46.672,ARDUINO_PSI,Arduino,0.000,0.000,0.000,,
371.031838,2026-03-16 16:47:46.772,ARDUINO_PSI,Arduino,0.000,0.000,0.000,,
371.131832,2026-03-16 16:47:46.872,ARDUINO_PSI,Arduino,0.000,0.000,0.000,,
371.231827,2026-03-16 16:47:46.972,ARDUINO_PSI,Arduino,0.000,0.000,0.000,,
371.331817,2026-03-16 16:47:47.072,ARDUINO_PSI,Arduino,0.000,0.000,0.000,,
371.431909,2026-03-16 16:47:47.172,ARDUINO_PSI,Arduino,0.000,0.000,0.000,,
371.531872,2026-03-16 16:47:47.272,ARDUINO_PSI,Arduino,0.000,0.000,0.000,,
371.631858,2026-03-16 16:47:47.372,ARDUINO_PSI,Arduino,0.000,0.000,0.000,,
371.731871,2026-03-16 16:47:47.472,ARDUINO_PSI,Arduino,0.000,0.000,0.000,,
371.831920,2026-03-16 16:47:47.572,ARDUINO_PSI,Arduino,0.000,0.000,0.000,,
371.932148,2026-03-16 16:47:47.672,ARDUINO_PSI,Arduino,0.000,0.000,0.000,,
372.031882,2026-03-16 16:47:47.772,ARDUINO_PSI,Arduino,0.000,0.000,0.000,,
372.132085,2026-03-16 16:47:47.872,ARDUINO_PSI,Arduino,0.000,0.000,0.000,,
372.232045,2026-03-16 16:47:47.972,ARDUINO_PSI,Arduino,0.000,0.000,0.000,,
372.331880,2026-03-16 16:47:48.072,ARDUINO_PSI,Arduino,0.000,0.000,0.000,,
372.432022,2026-03-16 16:47:48.172,ARDUINO_PSI,Arduino,0.000,0.000,0.000,,
372.531902,2026-03-16 16:47:48.272,ARDUINO_PSI,Arduino,0.000,0.000,0.000,,
372.631889,2026-03-16 16:47:48.372,ARDUINO_PSI,Arduino,0.000,0.000,0.000,,
372.731902,2026-03-16 16:47:48.472,ARDUINO_PSI,Arduino,0.000,0.000,0.000,,
372.831869,2026-03-16 16:47:48.572,ARDUINO_PSI,Arduino,0.000,0.000,0.000,,
372.931938,2026-03-16 16:47:48.672,ARDUINO_PSI,Arduino,0.000,0.000,0.000,,
373.032006,2026-03-16 16:47:48.772,ARDUINO_PSI,Arduino,0.000,0.000,0.000,,
373.132070,2026-03-16 16:47:48.872,ARDUINO_PSI,Arduino,0.000,0.000,0.000,,
373.232199,2026-03-16 16:47:48.972,ARDUINO_PSI,Arduino,0.000,0.000,0.000,,
373.331865,2026-03-16 16:47:49.072,ARDUINO_PSI,Arduino,0.000,0.000,0.000,,
373.431949,2026-03-16 16:47:49.172,ARDUINO_PSI,Arduino,0.000,0.000,0.000,,
373.531905,2026-03-16 16:47:49.272,ARDUINO_PSI,Arduino,0.000,0.000,0.000,,
373.631952,2026-03-16 16:47:49.372,ARDUINO_PSI,Arduino,0.000,0.000,0.000,,
373.732482,2026-03-16 16:47:49.473,ARDUINO_PSI,Arduino,0.000,0.000,0.000,,
373.831825,2026-03-16 16:47:49.572,ARDUINO_PSI,Arduino,0.000,0.000,0.000,,
373.932033,2026-03-16 16:47:49.672,ARDUINO_PSI,Arduino,0.000,0.000,0.000,,
374.031903,2026-03-16 16:47:49.772,ARDUINO_PSI,Arduino,0.000,0.000,0.000,,
374.131902,2026-03-16 16:47:49.872,ARDUINO_PSI,Arduino,0.000,0.000,0.000,,
374.231869,2026-03-16 16:47:49.972,ARDUINO_PSI,Arduino,0.000,0.000,0.000,,
374.331872,2026-03-16 16:47:50.072,ARDUINO_PSI,Arduino,0.000,0.000,0.000,,
374.431946,2026-03-16 16:47:50.172,ARDUINO_PSI,Arduino,0.000,0.000,0.000,,
374.531867,2026-03-16 16:47:50.272,ARDUINO_PSI,Arduino,0.000,0.000,0.000,,
374.631920,2026-03-16 16:47:50.372,ARDUINO_PSI,Arduino,0.000,0.000,0.000,,
374.731840,2026-03-16 16:47:50.472,ARDUINO_PSI,Arduino,0.000,0.000,0.000,,
374.831909,2026-03-16 16:47:50.572,ARDUINO_PSI,Arduino,0.000,0.000,0.000,,
374.932222,2026-03-16 16:47:50.672,ARDUINO_PSI,Arduino,0.000,0.000,0.000,,
375.031919,2026-03-16 16:47:50.772,ARDUINO_PSI,Arduino,0.000,0.000,0.000,,
375.131994,2026-03-16 16:47:50.872,ARDUINO_PSI,Arduino,0.000,0.000,0.000,,
375.231910,2026-03-16 16:47:50.972,ARDUINO_PSI,Arduino,0.000,0.000,0.000,,
375.331810,2026-03-16 16:47:51.072,ARDUINO_PSI,Arduino,0.000,0.000,0.000,,
375.431858,2026-03-16 16:47:51.172,ARDUINO_PSI,Arduino,0.000,0.000,0.000,,
375.531953,2026-03-16 16:47:51.272,ARDUINO_PSI,Arduino,0.000,0.000,0.000,,
375.632126,2026-03-16 16:47:51.372,ARDUINO_PSI,Arduino,0.000,0.000,0.000,,
375.731830,2026-03-16 16:47:51.472,ARDUINO_PSI,Arduino,0.000,0.000,0.000,,
375.831899,2026-03-16 16:47:51.572,ARDUINO_PSI,Arduino,0.000,0.000,0.000,,
375.931864,2026-03-16 16:47:51.672,ARDUINO_PSI,Arduino,0.000,0.000,0.000,,
376.031872,2026-03-16 16:47:51.772,ARDUINO_PSI,Arduino,0.000,0.000,0.000,,
376.132497,2026-03-16 16:47:51.873,ARDUINO_PSI,Arduino,0.000,0.000,0.000,,
376.231866,2026-03-16 16:47:51.972,ARDUINO_PSI,Arduino,0.000,0.000,0.000,,
376.331838,2026-03-16 16:47:52.072,ARDUINO_PSI,Arduino,0.000,0.000,0.000,,
376.431863,2026-03-16 16:47:52.172,ARDUINO_PSI,Arduino,0.000,0.000,0.000,,
376.531866,2026-03-16 16:47:52.272,ARDUINO_PSI,Arduino,0.000,0.000,0.000,,
376.631818,2026-03-16 16:47:52.372,ARDUINO_PSI,Arduino,0.000,0.000,0.000,,
376.732123,2026-03-16 16:47:52.472,ARDUINO_PSI,Arduino,0.000,0.000,0.000,,
376.832030,2026-03-16 16:47:52.572,ARDUINO_PSI,Arduino,0.000,0.000,0.000,,
376.931823,2026-03-16 16:47:52.672,ARDUINO_PSI,Arduino,0.000,0.000,0.000,,
377.031990,2026-03-16 16:47:52.772,ARDUINO_PSI,Arduino,0.000,0.000,0.000,,
377.131855,2026-03-16 16:47:52.872,ARDUINO_PSI,Arduino,0.000,0.000,0.000,,
377.231807,2026-03-16 16:47:52.972,ARDUINO_PSI,Arduino,0.000,0.000,0.000,,
377.331872,2026-03-16 16:47:53.072,ARDUINO_PSI,Arduino,0.000,0.000,0.000,,
377.431813,2026-03-16 16:47:53.172,ARDUINO_PSI,Arduino,0.000,0.000,0.000,,
377.531863,2026-03-16 16:47:53.272,ARDUINO_PSI,Arduino,0.000,0.000,0.000,,
377.631989,2026-03-16 16:47:53.372,ARDUINO_PSI,Arduino,0.000,0.000,0.000,,
377.731812,2026-03-16 16:47:53.472,ARDUINO_PSI,Arduino,0.000,0.000,0.000,,
377.831842,2026-03-16 16:47:53.572,ARDUINO_PSI,Arduino,0.000,0.000,0.000,,
377.932068,2026-03-16 16:47:53.672,ARDUINO_PSI,Arduino,0.000,0.000,0.000,,
378.031936,2026-03-16 16:47:53.772,ARDUINO_PSI,Arduino,0.000,0.000,0.000,,
378.131873,2026-03-16 16:47:53.872,ARDUINO_PSI,Arduino,0.000,0.000,0.000,,
378.231931,2026-03-16 16:47:53.972,ARDUINO_PSI,Arduino,0.000,0.000,0.000,,
378.331851,2026-03-16 16:47:54.072,ARDUINO_PSI,Arduino,0.000,0.000,0.000,,
378.431900,2026-03-16 16:47:54.172,ARDUINO_PSI,Arduino,0.000,0.000,0.000,,
378.532377,2026-03-16 16:47:54.273,ARDUINO_PSI,Arduino,0.000,0.000,0.000,,
378.632101,2026-03-16 16:47:54.372,ARDUINO_PSI,Arduino,0.000,0.000,0.000,,
378.731925,2026-03-16 16:47:54.472,ARDUINO_PSI,Arduino,0.000,0.000,0.000,,
378.831850,2026-03-16 16:47:54.572,ARDUINO_PSI,Arduino,0.000,0.000,0.000,,
378.932080,2026-03-16 16:47:54.672,ARDUINO_PSI,Arduino,0.000,0.000,0.000,,
379.031868,2026-03-16 16:47:54.772,ARDUINO_PSI,Arduino,0.000,0.000,0.000,,
379.132009,2026-03-16 16:47:54.872,ARDUINO_PSI,Arduino,0.000,0.000,0.000,,
379.231839,2026-03-16 16:47:54.972,ARDUINO_PSI,Arduino,0.000,0.000,0.000,,
379.331841,2026-03-16 16:47:55.072,ARDUINO_PSI,Arduino,0.000,0.000,0.000,,
379.431837,2026-03-16 16:47:55.172,ARDUINO_PSI,Arduino,0.000,0.000,0.000,,
379.531851,2026-03-16 16:47:55.272,ARDUINO_PSI,Arduino,0.000,0.000,0.000,,
379.632040,2026-03-16 16:47:55.372,ARDUINO_PSI,Arduino,0.000,0.000,0.000,,
379.732098,2026-03-16 16:47:55.472,ARDUINO_PSI,Arduino,0.000,0.000,0.000,,
379.831805,2026-03-16 16:47:55.572,ARDUINO_PSI,Arduino,0.000,0.000,0.000,,
379.931867,2026-03-16 16:47:55.672,ARDUINO_PSI,Arduino,0.000,0.000,0.000,,
380.031876,2026-03-16 16:47:55.772,ARDUINO_PSI,Arduino,0.000,0.000,0.000,,
380.132074,2026-03-16 16:47:55.872,ARDUINO_PSI,Arduino,0.000,0.000,0.000,,
380.232830,2026-03-16 16:47:55.973,ARDUINO_PSI,Arduino,0.000,0.000,0.000,,
380.331886,2026-03-16 16:47:56.072,ARDUINO_PSI,Arduino,0.000,0.000,0.000,,
380.432104,2026-03-16 16:47:56.172,ARDUINO_PSI,Arduino,0.000,0.000,0.000,,
380.531918,2026-03-16 16:47:56.272,ARDUINO_PSI,Arduino,0.000,0.000,0.000,,
380.631993,2026-03-16 16:47:56.372,ARDUINO_PSI,Arduino,0.000,0.000,0.000,,
380.732006,2026-03-16 16:47:56.472,ARDUINO_PSI,Arduino,0.000,0.000,0.000,,
380.831974,2026-03-16 16:47:56.572,ARDUINO_PSI,Arduino,0.000,0.000,0.000,,
380.932143,2026-03-16 16:47:56.672,ARDUINO_PSI,Arduino,0.000,0.000,0.000,,
381.031859,2026-03-16 16:47:56.772,ARDUINO_PSI,Arduino,0.000,0.000,0.000,,
381.131969,2026-03-16 16:47:56.872,ARDUINO_PSI,Arduino,0.000,0.000,0.000,,
381.231855,2026-03-16 16:47:56.972,ARDUINO_PSI,Arduino,0.000,0.000,0.000,,
381.331854,2026-03-16 16:47:57.072,ARDUINO_PSI,Arduino,0.000,0.000,0.000,,
381.432270,2026-03-16 16:47:57.172,ARDUINO_PSI,Arduino,0.000,0.000,0.000,,
381.531946,2026-03-16 16:47:57.272,ARDUINO_PSI,Arduino,0.000,0.000,0.000,,
381.631904,2026-03-16 16:47:57.372,ARDUINO_PSI,Arduino,0.000,0.000,0.000,,
381.731813,2026-03-16 16:47:57.472,ARDUINO_PSI,Arduino,0.000,0.000,0.000,,
381.831847,2026-03-16 16:47:57.572,ARDUINO_PSI,Arduino,0.000,0.000,0.000,,
381.931848,2026-03-16 16:47:57.672,ARDUINO_PSI,Arduino,0.000,0.000,0.000,,
382.031853,2026-03-16 16:47:57.772,ARDUINO_PSI,Arduino,0.000,0.000,0.000,,
382.132119,2026-03-16 16:47:57.872,ARDUINO_PSI,Arduino,0.000,0.000,0.000,,
382.231919,2026-03-16 16:47:57.972,ARDUINO_PSI,Arduino,0.000,0.000,0.000,,
382.331885,2026-03-16 16:47:58.072,ARDUINO_PSI,Arduino,0.000,0.000,0.000,,
382.431850,2026-03-16 16:47:58.172,ARDUINO_PSI,Arduino,0.000,0.000,0.000,,
382.531901,2026-03-16 16:47:58.272,ARDUINO_PSI,Arduino,0.000,0.000,0.000,,
382.632108,2026-03-16 16:47:58.372,ARDUINO_PSI,Arduino,0.000,0.000,0.000,,
382.732025,2026-03-16 16:47:58.472,ARDUINO_PSI,Arduino,0.000,0.000,0.000,,
382.831802,2026-03-16 16:47:58.572,ARDUINO_PSI,Arduino,0.000,0.000,0.000,,
382.931889,2026-03-16 16:47:58.672,ARDUINO_PSI,Arduino,0.000,0.000,0.000,,
383.031940,2026-03-16 16:47:58.772,ARDUINO_PSI,Arduino,0.000,0.000,0.000,,
383.132037,2026-03-16 16:47:58.872,ARDUINO_PSI,Arduino,0.000,0.000,0.000,,
383.231800,2026-03-16 16:47:58.972,ARDUINO_PSI,Arduino,0.000,0.000,0.000,,
383.331856,2026-03-16 16:47:59.072,ARDUINO_PSI,Arduino,0.000,0.000,0.000,,
383.431904,2026-03-16 16:47:59.172,ARDUINO_PSI,Arduino,0.000,0.000,0.000,,
383.531899,2026-03-16 16:47:59.272,ARDUINO_PSI,Arduino,0.000,0.000,0.000,,
383.631957,2026-03-16 16:47:59.372,ARDUINO_PSI,Arduino,0.000,0.000,0.000,,
383.731799,2026-03-16 16:47:59.472,ARDUINO_PSI,Arduino,0.000,0.000,0.000,,
383.831964,2026-03-16 16:47:59.572,ARDUINO_PSI,Arduino,0.000,0.000,0.000,,
383.932064,2026-03-16 16:47:59.672,ARDUINO_PSI,Arduino,0.000,0.000,0.000,,
384.031848,2026-03-16 16:47:59.772,ARDUINO_PSI,Arduino,0.000,0.000,0.000,,
384.132160,2026-03-16 16:47:59.872,ARDUINO_PSI,Arduino,0.000,0.000,0.000,,
384.231905,2026-03-16 16:47:59.972,ARDUINO_PSI,Arduino,0.000,0.000,0.000,,
384.331910,2026-03-16 16:48:00.072,ARDUINO_PSI,Arduino,0.000,0.000,0.000,,
384.432117,2026-03-16 16:48:00.172,ARDUINO_PSI,Arduino,0.000,0.000,0.000,,
384.531950,2026-03-16 16:48:00.272,ARDUINO_PSI,Arduino,0.000,0.000,0.000,,
384.632147,2026-03-16 16:48:00.372,ARDUINO_PSI,Arduino,0.000,0.000,0.000,,
384.732118,2026-03-16 16:48:00.472,ARDUINO_PSI,Arduino,0.000,0.000,0.000,,
384.831900,2026-03-16 16:48:00.572,ARDUINO_PSI,Arduino,0.000,0.000,0.000,,
384.932181,2026-03-16 16:48:00.672,ARDUINO_PSI,Arduino,0.000,0.000,0.000,,
385.031978,2026-03-16 16:48:00.772,ARDUINO_PSI,Arduino,0.000,0.000,0.000,,
385.132065,2026-03-16 16:48:00.872,ARDUINO_PSI,Arduino,0.000,0.000,0.000,,
385.232077,2026-03-16 16:48:00.972,ARDUINO_PSI,Arduino,0.000,0.000,0.000,,
385.331937,2026-03-16 16:48:01.072,ARDUINO_PSI,Arduino,0.000,0.000,0.000,,
385.431984,2026-03-16 16:48:01.172,ARDUINO_PSI,Arduino,0.000,0.000,0.000,,
385.531889,2026-03-16 16:48:01.272,ARDUINO_PSI,Arduino,0.000,0.000,0.000,,
385.631942,2026-03-16 16:48:01.372,ARDUINO_PSI,Arduino,0.000,0.000,0.000,,
385.731876,2026-03-16 16:48:01.472,ARDUINO_PSI,Arduino,0.000,0.000,0.000,,
385.831837,2026-03-16 16:48:01.572,ARDUINO_PSI,Arduino,0.000,0.000,0.000,,
385.932162,2026-03-16 16:48:01.672,ARDUINO_PSI,Arduino,0.000,0.000,0.000,,
386.031905,2026-03-16 16:48:01.772,ARDUINO_PSI,Arduino,0.000,0.000,0.000,,
386.131866,2026-03-16 16:48:01.872,ARDUINO_PSI,Arduino,0.000,0.000,0.000,,
386.231910,2026-03-16 16:48:01.972,ARDUINO_PSI,Arduino,0.000,0.000,0.000,,
386.331889,2026-03-16 16:48:02.072,ARDUINO_PSI,Arduino,0.000,0.000,0.000,,
386.431961,2026-03-16 16:48:02.172,ARDUINO_PSI,Arduino,0.000,0.000,0.000,,
386.531892,2026-03-16 16:48:02.272,ARDUINO_PSI,Arduino,0.000,0.000,0.000,,
386.631913,2026-03-16 16:48:02.372,ARDUINO_PSI,Arduino,0.000,0.000,0.000,,
386.731889,2026-03-16 16:48:02.472,ARDUINO_PSI,Arduino,0.000,0.000,0.000,,
386.831896,2026-03-16 16:48:02.572,ARDUINO_PSI,Arduino,0.000,0.000,0.000,,
386.932250,2026-03-16 16:48:02.672,ARDUINO_PSI,Arduino,0.000,0.000,0.000,,
387.031850,2026-03-16 16:48:02.772,ARDUINO_PSI,Arduino,0.000,0.000,0.000,,
387.131880,2026-03-16 16:48:02.872,ARDUINO_PSI,Arduino,0.000,0.000,0.000,,
387.231846,2026-03-16 16:48:02.972,ARDUINO_PSI,Arduino,0.000,0.000,0.000,,
387.331858,2026-03-16 16:48:03.072,ARDUINO_PSI,Arduino,0.000,0.000,0.000,,
387.431917,2026-03-16 16:48:03.172,ARDUINO_PSI,Arduino,0.000,0.000,0.000,,
387.531944,2026-03-16 16:48:03.272,ARDUINO_PSI,Arduino,0.000,0.000,0.000,,
387.632037,2026-03-16 16:48:03.372,ARDUINO_PSI,Arduino,0.000,0.000,0.000,,
387.731884,2026-03-16 16:48:03.472,ARDUINO_PSI,Arduino,0.000,0.000,0.000,,
387.831885,2026-03-16 16:48:03.572,ARDUINO_PSI,Arduino,0.000,0.000,0.000,,
387.931952,2026-03-16 16:48:03.672,ARDUINO_PSI,Arduino,0.000,0.000,0.000,,
388.031888,2026-03-16 16:48:03.772,ARDUINO_PSI,Arduino,0.000,0.000,0.000,,
388.131909,2026-03-16 16:48:03.872,ARDUINO_PSI,Arduino,0.000,0.000,0.000,,
388.231846,2026-03-16 16:48:03.972,ARDUINO_PSI,Arduino,0.000,0.000,0.000,,
388.331921,2026-03-16 16:48:04.072,ARDUINO_PSI,Arduino,0.000,0.000,0.000,,
388.431892,2026-03-16 16:48:04.172,ARDUINO_PSI,Arduino,0.000,0.000,0.000,,
388.531898,2026-03-16 16:48:04.272,ARDUINO_PSI,Arduino,0.000,0.000,0.000,,
388.631880,2026-03-16 16:48:04.372,ARDUINO_PSI,Arduino,0.000,0.000,0.000,,
388.731937,2026-03-16 16:48:04.472,ARDUINO_PSI,Arduino,0.000,0.000,0.000,,
388.831847,2026-03-16 16:48:04.572,ARDUINO_PSI,Arduino,0.000,0.000,0.000,,
388.931964,2026-03-16 16:48:04.672,ARDUINO_PSI,Arduino,0.000,0.000,0.000,,
389.032282,2026-03-16 16:48:04.772,ARDUINO_PSI,Arduino,0.000,0.000,0.000,,
389.131835,2026-03-16 16:48:04.872,ARDUINO_PSI,Arduino,0.000,0.000,0.000,,
389.232056,2026-03-16 16:48:04.972,ARDUINO_PSI,Arduino,0.000,0.000,0.000,,
389.331938,2026-03-16 16:48:05.072,ARDUINO_PSI,Arduino,0.000,0.000,0.000,,
389.432020,2026-03-16 16:48:05.172,ARDUINO_PSI,Arduino,0.000,0.000,0.000,,
389.531944,2026-03-16 16:48:05.272,ARDUINO_PSI,Arduino,0.000,0.000,0.000,,
389.632035,2026-03-16 16:48:05.372,ARDUINO_PSI,Arduino,0.000,0.000,0.000,,
389.732028,2026-03-16 16:48:05.472,ARDUINO_PSI,Arduino,0.000,0.000,0.000,,
389.831883,2026-03-16 16:48:05.572,ARDUINO_PSI,Arduino,0.000,0.000,0.000,,
389.931953,2026-03-16 16:48:05.672,ARDUINO_PSI,Arduino,0.000,0.000,0.000,,
390.032039,2026-03-16 16:48:05.772,ARDUINO_PSI,Arduino,0.000,0.000,0.000,,
390.132100,2026-03-16 16:48:05.872,ARDUINO_PSI,Arduino,0.000,0.000,0.000,,
390.232147,2026-03-16 16:48:05.972,ARDUINO_PSI,Arduino,0.000,0.000,0.000,,
390.331888,2026-03-16 16:48:06.072,ARDUINO_PSI,Arduino,0.000,0.000,0.000,,
390.432055,2026-03-16 16:48:06.172,ARDUINO_PSI,Arduino,0.000,0.000,0.000,,
390.531915,2026-03-16 16:48:06.272,ARDUINO_PSI,Arduino,0.000,0.000,0.000,,
390.631944,2026-03-16 16:48:06.372,ARDUINO_PSI,Arduino,0.000,0.000,0.000,,
390.731977,2026-03-16 16:48:06.472,ARDUINO_PSI,Arduino,0.000,0.000,0.000,,
390.831883,2026-03-16 16:48:06.572,ARDUINO_PSI,Arduino,0.000,0.000,0.000,,
390.932103,2026-03-16 16:48:06.672,ARDUINO_PSI,Arduino,0.000,0.000,0.000,,
391.032028,2026-03-16 16:48:06.772,ARDUINO_PSI,Arduino,0.000,0.000,0.000,,
391.131878,2026-03-16 16:48:06.872,ARDUINO_PSI,Arduino,0.000,0.000,0.000,,
391.231908,2026-03-16 16:48:06.972,ARDUINO_PSI,Arduino,0.000,0.000,0.000,,
391.331884,2026-03-16 16:48:07.072,ARDUINO_PSI,Arduino,0.000,0.000,0.000,,
391.431886,2026-03-16 16:48:07.172,ARDUINO_PSI,Arduino,0.000,0.000,0.000,,
391.531936,2026-03-16 16:48:07.272,ARDUINO_PSI,Arduino,0.000,0.000,0.000,,
391.631952,2026-03-16 16:48:07.372,ARDUINO_PSI,Arduino,0.000,0.000,0.000,,
391.731833,2026-03-16 16:48:07.472,ARDUINO_PSI,Arduino,0.000,0.000,0.000,,
391.831997,2026-03-16 16:48:07.572,ARDUINO_PSI,Arduino,0.000,0.000,0.000,,
391.932156,2026-03-16 16:48:07.672,ARDUINO_PSI,Arduino,0.000,0.000,0.000,,
392.031940,2026-03-16 16:48:07.772,ARDUINO_PSI,Arduino,0.000,0.000,0.000,,
392.131891,2026-03-16 16:48:07.872,ARDUINO_PSI,Arduino,0.000,0.000,0.000,,
392.231827,2026-03-16 16:48:07.972,ARDUINO_PSI,Arduino,0.000,0.000,0.000,,
392.331894,2026-03-16 16:48:08.072,ARDUINO_PSI,Arduino,0.000,0.000,0.000,,
392.431910,2026-03-16 16:48:08.172,ARDUINO_PSI,Arduino,0.000,0.000,0.000,,
392.532042,2026-03-16 16:48:08.272,ARDUINO_PSI,Arduino,0.000,0.000,0.000,,
392.631931,2026-03-16 16:48:08.372,ARDUINO_PSI,Arduino,0.000,0.000,0.000,,
392.732094,2026-03-16 16:48:08.472,ARDUINO_PSI,Arduino,0.000,0.000,0.000,,
392.831886,2026-03-16 16:48:08.572,ARDUINO_PSI,Arduino,0.000,0.000,0.000,,
392.932063,2026-03-16 16:48:08.672,ARDUINO_PSI,Arduino,0.000,0.000,0.000,,
393.032237,2026-03-16 16:48:08.772,ARDUINO_PSI,Arduino,0.000,0.000,0.000,,
393.132250,2026-03-16 16:48:08.872,ARDUINO_PSI,Arduino,0.000,0.000,0.000,,
393.232134,2026-03-16 16:48:08.972,ARDUINO_PSI,Arduino,0.000,0.000,0.000,,
393.331881,2026-03-16 16:48:09.072,ARDUINO_PSI,Arduino,0.000,0.000,0.000,,
393.431925,2026-03-16 16:48:09.172,ARDUINO_PSI,Arduino,0.000,0.000,0.000,,
393.531886,2026-03-16 16:48:09.272,ARDUINO_PSI,Arduino,0.000,0.000,0.000,,
393.631872,2026-03-16 16:48:09.372,ARDUINO_PSI,Arduino,0.000,0.000,0.000,,
393.732160,2026-03-16 16:48:09.472,ARDUINO_PSI,Arduino,0.000,0.000,0.000,,
393.831929,2026-03-16 16:48:09.572,ARDUINO_PSI,Arduino,0.000,0.000,0.000,,
393.931909,2026-03-16 16:48:09.672,ARDUINO_PSI,Arduino,0.000,0.000,0.000,,
394.031867,2026-03-16 16:48:09.772,ARDUINO_PSI,Arduino,0.000,0.000,0.000,,
394.132028,2026-03-16 16:48:09.872,ARDUINO_PSI,Arduino,0.000,0.000,0.000,,
394.232030,2026-03-16 16:48:09.972,ARDUINO_PSI,Arduino,0.000,0.000,0.000,,
394.331897,2026-03-16 16:48:10.072,ARDUINO_PSI,Arduino,0.000,0.000,0.000,,
394.432035,2026-03-16 16:48:10.172,ARDUINO_PSI,Arduino,0.000,0.000,0.000,,
394.531891,2026-03-16 16:48:10.272,ARDUINO_PSI,Arduino,0.000,0.000,0.000,,
394.631958,2026-03-16 16:48:10.372,ARDUINO_PSI,Arduino,0.000,0.000,0.000,,
394.731992,2026-03-16 16:48:10.472,ARDUINO_PSI,Arduino,0.000,0.000,0.000,,
394.832385,2026-03-16 16:48:10.573,ARDUINO_PSI,Arduino,0.000,0.000,0.000,,
394.931979,2026-03-16 16:48:10.672,ARDUINO_PSI,Arduino,0.000,0.000,0.000,,
395.031942,2026-03-16 16:48:10.772,ARDUINO_PSI,Arduino,0.000,0.000,0.000,,
395.131965,2026-03-16 16:48:10.872,ARDUINO_PSI,Arduino,0.000,0.000,0.000,,
395.232061,2026-03-16 16:48:10.972,ARDUINO_PSI,Arduino,0.000,0.000,0.000,,
395.331881,2026-03-16 16:48:11.072,ARDUINO_PSI,Arduino,0.000,0.000,0.000,,
395.431985,2026-03-16 16:48:11.172,ARDUINO_PSI,Arduino,0.000,0.000,0.000,,
395.531960,2026-03-16 16:48:11.272,ARDUINO_PSI,Arduino,0.000,0.000,0.000,,
395.631900,2026-03-16 16:48:11.372,ARDUINO_PSI,Arduino,0.000,0.000,0.000,,
395.731982,2026-03-16 16:48:11.472,ARDUINO_PSI,Arduino,0.000,0.000,0.000,,
395.831887,2026-03-16 16:48:11.572,ARDUINO_PSI,Arduino,0.000,0.000,0.000,,
395.932039,2026-03-16 16:48:11.672,ARDUINO_PSI,Arduino,0.000,0.000,0.000,,
396.031933,2026-03-16 16:48:11.772,ARDUINO_PSI,Arduino,0.000,0.000,0.000,,
396.131873,2026-03-16 16:48:11.872,ARDUINO_PSI,Arduino,0.000,0.000,0.000,,
396.231893,2026-03-16 16:48:11.972,ARDUINO_PSI,Arduino,0.000,0.000,0.000,,
396.331904,2026-03-16 16:48:12.072,ARDUINO_PSI,Arduino,0.000,0.000,0.000,,
396.432048,2026-03-16 16:48:12.172,ARDUINO_PSI,Arduino,0.000,0.000,0.000,,
396.531966,2026-03-16 16:48:12.272,ARDUINO_PSI,Arduino,0.000,0.000,0.000,,
396.632020,2026-03-16 16:48:12.372,ARDUINO_PSI,Arduino,0.000,0.000,0.000,,
396.732017,2026-03-16 16:48:12.472,ARDUINO_PSI,Arduino,0.000,0.000,0.000,,
396.831892,2026-03-16 16:48:12.572,ARDUINO_PSI,Arduino,0.000,0.000,0.000,,
396.932207,2026-03-16 16:48:12.672,ARDUINO_PSI,Arduino,0.000,0.000,0.000,,
397.031875,2026-03-16 16:48:12.772,ARDUINO_PSI,Arduino,0.000,0.000,0.000,,
397.131938,2026-03-16 16:48:12.872,ARDUINO_PSI,Arduino,0.000,0.000,0.000,,
397.231865,2026-03-16 16:48:12.972,ARDUINO_PSI,Arduino,0.000,0.000,0.000,,
397.331928,2026-03-16 16:48:13.072,ARDUINO_PSI,Arduino,0.000,0.000,0.000,,
397.431926,2026-03-16 16:48:13.172,ARDUINO_PSI,Arduino,0.000,0.000,0.000,,
397.531920,2026-03-16 16:48:13.272,ARDUINO_PSI,Arduino,0.000,0.000,0.000,,
397.631969,2026-03-16 16:48:13.372,ARDUINO_PSI,Arduino,0.000,0.000,0.000,,
397.731968,2026-03-16 16:48:13.472,ARDUINO_PSI,Arduino,0.000,0.000,0.000,,
397.831881,2026-03-16 16:48:13.572,ARDUINO_PSI,Arduino,0.000,0.000,0.000,,
397.931920,2026-03-16 16:48:13.672,ARDUINO_PSI,Arduino,0.000,0.000,0.000,,
398.031898,2026-03-16 16:48:13.772,ARDUINO_PSI,Arduino,0.000,0.000,0.000,,
398.132062,2026-03-16 16:48:13.872,ARDUINO_PSI,Arduino,0.000,0.000,0.000,,
398.232023,2026-03-16 16:48:13.972,ARDUINO_PSI,Arduino,0.000,0.000,0.000,,
398.331911,2026-03-16 16:48:14.072,ARDUINO_PSI,Arduino,0.000,0.000,0.000,,
398.431926,2026-03-16 16:48:14.172,ARDUINO_PSI,Arduino,0.000,0.000,0.000,,
398.531914,2026-03-16 16:48:14.272,ARDUINO_PSI,Arduino,0.000,0.000,0.000,,
398.632365,2026-03-16 16:48:14.373,ARDUINO_PSI,Arduino,0.000,0.000,0.000,,
398.731915,2026-03-16 16:48:14.472,ARDUINO_PSI,Arduino,0.000,0.000,0.000,,
398.831880,2026-03-16 16:48:14.572,ARDUINO_PSI,Arduino,0.000,0.000,0.000,,
398.931900,2026-03-16 16:48:14.672,ARDUINO_PSI,Arduino,0.000,0.000,0.000,,
399.031921,2026-03-16 16:48:14.772,ARDUINO_PSI,Arduino,0.000,0.000,0.000,,
399.131866,2026-03-16 16:48:14.872,ARDUINO_PSI,Arduino,0.000,0.000,0.000,,
399.231926,2026-03-16 16:48:14.972,ARDUINO_PSI,Arduino,0.000,0.000,0.000,,
399.332039,2026-03-16 16:48:15.072,ARDUINO_PSI,Arduino,0.000,0.000,0.000,,
399.431977,2026-03-16 16:48:15.172,ARDUINO_PSI,Arduino,0.000,0.000,0.000,,
399.532423,2026-03-16 16:48:15.273,ARDUINO_PSI,Arduino,0.000,0.000,0.000,,
399.632114,2026-03-16 16:48:15.372,ARDUINO_PSI,Arduino,0.000,0.000,0.000,,
399.731902,2026-03-16 16:48:15.472,ARDUINO_PSI,Arduino,0.000,0.000,0.000,,
399.831996,2026-03-16 16:48:15.572,ARDUINO_PSI,Arduino,0.000,0.000,0.000,,
399.931915,2026-03-16 16:48:15.672,ARDUINO_PSI,Arduino,0.000,0.000,0.000,,
400.032042,2026-03-16 16:48:15.772,ARDUINO_PSI,Arduino,0.000,0.000,0.000,,
400.132239,2026-03-16 16:48:15.872,ARDUINO_PSI,Arduino,0.000,0.000,0.000,,
400.231991,2026-03-16 16:48:15.972,ARDUINO_PSI,Arduino,0.000,0.000,0.000,,
400.331864,2026-03-16 16:48:16.072,ARDUINO_PSI,Arduino,0.000,0.000,0.000,,
400.432117,2026-03-16 16:48:16.172,ARDUINO_PSI,Arduino,0.000,0.000,0.000,,
400.531965,2026-03-16 16:48:16.272,ARDUINO_PSI,Arduino,0.000,0.000,0.000,,
400.632034,2026-03-16 16:48:16.372,ARDUINO_PSI,Arduino,0.000,0.000,0.000,,
400.731913,2026-03-16 16:48:16.472,ARDUINO_PSI,Arduino,0.000,0.000,0.000,,
400.831909,2026-03-16 16:48:16.572,ARDUINO_PSI,Arduino,0.000,0.000,0.000,,
400.932327,2026-03-16 16:48:16.672,ARDUINO_PSI,Arduino,0.000,0.000,0.000,,
401.032031,2026-03-16 16:48:16.772,ARDUINO_PSI,Arduino,0.000,0.000,0.000,,
401.131944,2026-03-16 16:48:16.872,ARDUINO_PSI,Arduino,0.000,0.000,0.000,,
401.231878,2026-03-16 16:48:16.972,ARDUINO_PSI,Arduino,0.000,0.000,0.000,,
401.331988,2026-03-16 16:48:17.072,ARDUINO_PSI,Arduino,0.000,0.000,0.000,,
401.432538,2026-03-16 16:48:17.173,ARDUINO_PSI,Arduino,0.000,0.000,0.000,,
401.532006,2026-03-16 16:48:17.272,ARDUINO_PSI,Arduino,0.000,0.000,0.000,,
401.632164,2026-03-16 16:48:17.372,ARDUINO_PSI,Arduino,0.000,0.000,0.000,,
401.731914,2026-03-16 16:48:17.472,ARDUINO_PSI,Arduino,0.000,0.000,0.000,,
401.831912,2026-03-16 16:48:17.572,ARDUINO_PSI,Arduino,0.000,0.000,0.000,,
401.932020,2026-03-16 16:48:17.672,ARDUINO_PSI,Arduino,0.000,0.000,0.000,,
402.031963,2026-03-16 16:48:17.772,ARDUINO_PSI,Arduino,0.000,0.000,0.000,,
402.132486,2026-03-16 16:48:17.873,ARDUINO_PSI,Arduino,0.000,0.000,0.000,,
402.231910,2026-03-16 16:48:17.972,ARDUINO_PSI,Arduino,0.000,0.000,0.000,,
402.331916,2026-03-16 16:48:18.072,ARDUINO_PSI,Arduino,0.000,0.000,0.000,,
402.431913,2026-03-16 16:48:18.172,ARDUINO_PSI,Arduino,0.000,0.000,0.000,,
402.531904,2026-03-16 16:48:18.272,ARDUINO_PSI,Arduino,0.000,0.000,0.000,,
402.631904,2026-03-16 16:48:18.372,ARDUINO_PSI,Arduino,0.000,0.000,0.000,,
402.731970,2026-03-16 16:48:18.472,ARDUINO_PSI,Arduino,0.000,0.000,0.000,,
402.831910,2026-03-16 16:48:18.572,ARDUINO_PSI,Arduino,0.000,0.000,0.000,,
402.931941,2026-03-16 16:48:18.672,ARDUINO_PSI,Arduino,0.000,0.000,0.000,,
403.031995,2026-03-16 16:48:18.772,ARDUINO_PSI,Arduino,0.000,0.000,0.000,,
403.132023,2026-03-16 16:48:18.872,ARDUINO_PSI,Arduino,0.000,0.000,0.000,,
403.232137,2026-03-16 16:48:18.972,ARDUINO_PSI,Arduino,0.000,0.000,0.000,,
403.331905,2026-03-16 16:48:19.072,ARDUINO_PSI,Arduino,0.000,0.000,0.000,,
403.432098,2026-03-16 16:48:19.172,ARDUINO_PSI,Arduino,0.000,0.000,0.000,,
403.531960,2026-03-16 16:48:19.272,ARDUINO_PSI,Arduino,0.000,0.000,0.000,,
403.631902,2026-03-16 16:48:19.372,ARDUINO_PSI,Arduino,0.000,0.000,0.000,,
403.731957,2026-03-16 16:48:19.472,ARDUINO_PSI,Arduino,0.000,0.000,0.000,,
403.831908,2026-03-16 16:48:19.572,ARDUINO_PSI,Arduino,0.000,0.000,0.000,,
403.932125,2026-03-16 16:48:19.672,ARDUINO_PSI,Arduino,0.000,0.000,0.000,,
404.031907,2026-03-16 16:48:19.772,ARDUINO_PSI,Arduino,0.000,0.000,0.000,,
404.132124,2026-03-16 16:48:19.872,ARDUINO_PSI,Arduino,0.000,0.000,0.000,,
404.231967,2026-03-16 16:48:19.972,ARDUINO_PSI,Arduino,0.000,0.000,0.000,,
404.331908,2026-03-16 16:48:20.072,ARDUINO_PSI,Arduino,0.000,0.000,0.000,,
404.432200,2026-03-16 16:48:20.172,ARDUINO_PSI,Arduino,0.000,0.000,0.000,,
404.531908,2026-03-16 16:48:20.272,ARDUINO_PSI,Arduino,0.000,0.000,0.000,,
404.632144,2026-03-16 16:48:20.372,ARDUINO_PSI,Arduino,0.000,0.000,0.000,,
404.731884,2026-03-16 16:48:20.472,ARDUINO_PSI,Arduino,0.000,0.000,0.000,,
404.831955,2026-03-16 16:48:20.572,ARDUINO_PSI,Arduino,0.000,0.000,0.000,,
404.931985,2026-03-16 16:48:20.672,ARDUINO_PSI,Arduino,0.000,0.000,0.000,,
405.031995,2026-03-16 16:48:20.772,ARDUINO_PSI,Arduino,0.000,0.000,0.000,,
405.132128,2026-03-16 16:48:20.872,ARDUINO_PSI,Arduino,0.000,0.000,0.000,,
405.231970,2026-03-16 16:48:20.972,ARDUINO_PSI,Arduino,0.000,0.000,0.000,,
405.331953,2026-03-16 16:48:21.072,ARDUINO_PSI,Arduino,0.000,0.000,0.000,,
405.431978,2026-03-16 16:48:21.172,ARDUINO_PSI,Arduino,0.000,0.000,0.000,,
405.531959,2026-03-16 16:48:21.272,ARDUINO_PSI,Arduino,0.000,0.000,0.000,,
405.632253,2026-03-16 16:48:21.372,ARDUINO_PSI,Arduino,0.000,0.000,0.000,,
405.732041,2026-03-16 16:48:21.472,ARDUINO_PSI,Arduino,0.000,0.000,0.000,,
405.832011,2026-03-16 16:48:21.572,ARDUINO_PSI,Arduino,0.000,0.000,0.000,,
405.932256,2026-03-16 16:48:21.672,ARDUINO_PSI,Arduino,0.000,0.000,0.000,,
406.031918,2026-03-16 16:48:21.772,ARDUINO_PSI,Arduino,0.000,0.000,0.000,,
406.132428,2026-03-16 16:48:21.873,ARDUINO_PSI,Arduino,0.000,0.000,0.000,,
406.231916,2026-03-16 16:48:21.972,ARDUINO_PSI,Arduino,0.000,0.000,0.000,,
406.331955,2026-03-16 16:48:22.072,ARDUINO_PSI,Arduino,0.000,0.000,0.000,,
406.432033,2026-03-16 16:48:22.172,ARDUINO_PSI,Arduino,0.000,0.000,0.000,,
406.531950,2026-03-16 16:48:22.272,ARDUINO_PSI,Arduino,0.000,0.000,0.000,,
406.632007,2026-03-16 16:48:22.372,ARDUINO_PSI,Arduino,0.000,0.000,0.000,,
406.731897,2026-03-16 16:48:22.472,ARDUINO_PSI,Arduino,0.000,0.000,0.000,,
406.832175,2026-03-16 16:48:22.572,ARDUINO_PSI,Arduino,0.000,0.000,0.000,,
406.931982,2026-03-16 16:48:22.672,ARDUINO_PSI,Arduino,0.000,0.000,0.000,,
407.032257,2026-03-16 16:48:22.772,ARDUINO_PSI,Arduino,0.000,0.000,0.000,,
407.132168,2026-03-16 16:48:22.872,ARDUINO_PSI,Arduino,0.000,0.000,0.000,,
407.231980,2026-03-16 16:48:22.972,ARDUINO_PSI,Arduino,0.000,0.000,0.000,,
407.331943,2026-03-16 16:48:23.072,ARDUINO_PSI,Arduino,0.000,0.000,0.000,,
407.431952,2026-03-16 16:48:23.172,ARDUINO_PSI,Arduino,0.000,0.000,0.000,,
407.532038,2026-03-16 16:48:23.272,ARDUINO_PSI,Arduino,0.000,0.000,0.000,,
407.631940,2026-03-16 16:48:23.372,ARDUINO_PSI,Arduino,0.000,0.000,0.000,,
407.731971,2026-03-16 16:48:23.472,ARDUINO_PSI,Arduino,0.000,0.000,0.000,,
407.832008,2026-03-16 16:48:23.572,ARDUINO_PSI,Arduino,0.000,0.000,0.000,,
407.932123,2026-03-16 16:48:23.672,ARDUINO_PSI,Arduino,0.000,0.000,0.000,,
408.032041,2026-03-16 16:48:23.772,ARDUINO_PSI,Arduino,0.000,0.000,0.000,,
408.131917,2026-03-16 16:48:23.872,ARDUINO_PSI,Arduino,0.000,0.000,0.000,,
408.232045,2026-03-16 16:48:23.972,ARDUINO_PSI,Arduino,0.000,0.000,0.000,,
408.332020,2026-03-16 16:48:24.072,ARDUINO_PSI,Arduino,0.000,0.000,0.000,,
408.432146,2026-03-16 16:48:24.172,ARDUINO_PSI,Arduino,0.000,0.000,0.000,,
408.532038,2026-03-16 16:48:24.272,ARDUINO_PSI,Arduino,0.000,0.000,0.000,,
408.631899,2026-03-16 16:48:24.372,ARDUINO_PSI,Arduino,0.000,0.000,0.000,,
408.731947,2026-03-16 16:48:24.472,ARDUINO_PSI,Arduino,0.000,0.000,0.000,,
408.832084,2026-03-16 16:48:24.572,ARDUINO_PSI,Arduino,0.000,0.000,0.000,,
408.931965,2026-03-16 16:48:24.672,ARDUINO_PSI,Arduino,0.000,0.000,0.000,,
409.032119,2026-03-16 16:48:24.772,ARDUINO_PSI,Arduino,0.000,0.000,0.000,,
409.132038,2026-03-16 16:48:24.872,ARDUINO_PSI,Arduino,0.000,0.000,0.000,,
409.232007,2026-03-16 16:48:24.972,ARDUINO_PSI,Arduino,0.000,0.000,0.000,,
409.331902,2026-03-16 16:48:25.072,ARDUINO_PSI,Arduino,0.000,0.000,0.000,,
409.432184,2026-03-16 16:48:25.172,ARDUINO_PSI,Arduino,0.000,0.000,0.000,,
409.532109,2026-03-16 16:48:25.272,ARDUINO_PSI,Arduino,0.000,0.000,0.000,,
409.631965,2026-03-16 16:48:25.372,ARDUINO_PSI,Arduino,0.000,0.000,0.000,,
409.732019,2026-03-16 16:48:25.472,ARDUINO_PSI,Arduino,0.000,0.000,0.000,,
409.831946,2026-03-16 16:48:25.572,ARDUINO_PSI,Arduino,0.000,0.000,0.000,,
409.932057,2026-03-16 16:48:25.672,ARDUINO_PSI,Arduino,0.000,0.000,0.000,,
410.032002,2026-03-16 16:48:25.772,ARDUINO_PSI,Arduino,0.000,0.000,0.000,,
410.132154,2026-03-16 16:48:25.872,ARDUINO_PSI,Arduino,0.000,0.000,0.000,,
410.232032,2026-03-16 16:48:25.972,ARDUINO_PSI,Arduino,0.000,0.000,0.000,,
410.331991,2026-03-16 16:48:26.072,ARDUINO_PSI,Arduino,0.000,0.000,0.000,,
410.432007,2026-03-16 16:48:26.172,ARDUINO_PSI,Arduino,0.000,0.000,0.000,,
410.531948,2026-03-16 16:48:26.272,ARDUINO_PSI,Arduino,0.000,0.000,0.000,,
410.631970,2026-03-16 16:48:26.372,ARDUINO_PSI,Arduino,0.000,0.000,0.000,,
410.731945,2026-03-16 16:48:26.472,ARDUINO_PSI,Arduino,0.000,0.000,0.000,,
410.831949,2026-03-16 16:48:26.572,ARDUINO_PSI,Arduino,0.000,0.000,0.000,,
410.931928,2026-03-16 16:48:26.672,ARDUINO_PSI,Arduino,0.000,0.000,0.000,,
411.031921,2026-03-16 16:48:26.772,ARDUINO_PSI,Arduino,0.000,0.000,0.000,,
411.132137,2026-03-16 16:48:26.872,ARDUINO_PSI,Arduino,0.000,0.000,0.000,,
411.232976,2026-03-16 16:48:26.973,ARDUINO_PSI,Arduino,0.000,0.000,0.000,,
411.332228,2026-03-16 16:48:27.072,ARDUINO_PSI,Arduino,0.000,0.000,0.000,,
411.431958,2026-03-16 16:48:27.172,ARDUINO_PSI,Arduino,0.000,0.000,0.000,,
411.531931,2026-03-16 16:48:27.272,ARDUINO_PSI,Arduino,0.000,0.000,0.000,,
411.631983,2026-03-16 16:48:27.372,ARDUINO_PSI,Arduino,0.000,0.000,0.000,,
411.731974,2026-03-16 16:48:27.472,ARDUINO_PSI,Arduino,0.000,0.000,0.000,,
411.831944,2026-03-16 16:48:27.572,ARDUINO_PSI,Arduino,0.000,0.000,0.000,,
411.931969,2026-03-16 16:48:27.672,ARDUINO_PSI,Arduino,0.000,0.000,0.000,,
412.031940,2026-03-16 16:48:27.772,ARDUINO_PSI,Arduino,0.000,0.000,0.000,,
412.132139,2026-03-16 16:48:27.872,ARDUINO_PSI,Arduino,0.000,0.000,0.000,,
412.232386,2026-03-16 16:48:27.973,ARDUINO_PSI,Arduino,0.000,0.000,0.000,,
412.331935,2026-03-16 16:48:28.072,ARDUINO_PSI,Arduino,0.000,0.000,0.000,,
412.432568,2026-03-16 16:48:28.173,ARDUINO_PSI,Arduino,0.000,0.000,0.000,,
412.531947,2026-03-16 16:48:28.272,ARDUINO_PSI,Arduino,0.000,0.000,0.000,,
412.632044,2026-03-16 16:48:28.372,ARDUINO_PSI,Arduino,0.000,0.000,0.000,,
412.732372,2026-03-16 16:48:28.473,ARDUINO_PSI,Arduino,0.000,0.000,0.000,,
412.832472,2026-03-16 16:48:28.573,ARDUINO_PSI,Arduino,0.000,0.000,0.000,,
412.932468,2026-03-16 16:48:28.673,ARDUINO_PSI,Arduino,0.000,0.000,0.000,,
413.032000,2026-03-16 16:48:28.772,ARDUINO_PSI,Arduino,0.000,0.000,0.000,,
413.132383,2026-03-16 16:48:28.873,ARDUINO_PSI,Arduino,0.000,0.000,0.000,,
413.232416,2026-03-16 16:48:28.973,ARDUINO_PSI,Arduino,0.000,0.000,0.000,,
413.332381,2026-03-16 16:48:29.073,ARDUINO_PSI,Arduino,0.000,0.000,0.000,,
413.432431,2026-03-16 16:48:29.173,ARDUINO_PSI,Arduino,0.000,0.000,0.000,,
413.532462,2026-03-16 16:48:29.273,ARDUINO_PSI,Arduino,0.000,0.000,0.000,,
413.632265,2026-03-16 16:48:29.372,ARDUINO_PSI,Arduino,0.000,0.000,0.000,,
413.732541,2026-03-16 16:48:29.473,ARDUINO_PSI,Arduino,0.000,0.000,0.000,,
413.832385,2026-03-16 16:48:29.573,ARDUINO_PSI,Arduino,0.000,0.000,0.000,,
413.932387,2026-03-16 16:48:29.673,ARDUINO_PSI,Arduino,0.000,0.000,0.000,,
414.032792,2026-03-16 16:48:29.773,ARDUINO_PSI,Arduino,0.000,0.000,0.000,,
414.132496,2026-03-16 16:48:29.873,ARDUINO_PSI,Arduino,0.000,0.000,0.000,,
414.232418,2026-03-16 16:48:29.973,ARDUINO_PSI,Arduino,0.000,0.000,0.000,,
414.332436,2026-03-16 16:48:30.073,ARDUINO_PSI,Arduino,0.000,0.000,0.000,,
414.432529,2026-03-16 16:48:30.173,ARDUINO_PSI,Arduino,0.000,0.000,0.000,,
414.532901,2026-03-16 16:48:30.273,ARDUINO_PSI,Arduino,0.000,0.000,0.000,,
414.633216,2026-03-16 16:48:30.373,ARDUINO_PSI,Arduino,0.000,0.000,0.000,,
414.732608,2026-03-16 16:48:30.473,ARDUINO_PSI,Arduino,0.000,0.000,0.000,,
414.832687,2026-03-16 16:48:30.573,ARDUINO_PSI,Arduino,0.000,0.000,0.000,,
414.932463,2026-03-16 16:48:30.673,ARDUINO_PSI,Arduino,0.000,0.000,0.000,,
415.032440,2026-03-16 16:48:30.773,ARDUINO_PSI,Arduino,0.000,0.000,0.000,,
415.133626,2026-03-16 16:48:30.874,ARDUINO_PSI,Arduino,0.000,0.000,0.000,,
415.232724,2026-03-16 16:48:30.973,ARDUINO_PSI,Arduino,0.000,0.000,0.000,,
415.332387,2026-03-16 16:48:31.073,ARDUINO_PSI,Arduino,0.000,0.000,0.000,,
415.432545,2026-03-16 16:48:31.173,ARDUINO_PSI,Arduino,0.000,0.000,0.000,,
415.532433,2026-03-16 16:48:31.273,ARDUINO_PSI,Arduino,0.000,0.000,0.000,,
415.632012,2026-03-16 16:48:31.372,ARDUINO_PSI,Arduino,0.000,0.000,0.000,,
415.731966,2026-03-16 16:48:31.472,ARDUINO_PSI,Arduino,0.000,0.000,0.000,,
415.831936,2026-03-16 16:48:31.572,ARDUINO_PSI,Arduino,0.000,0.000,0.000,,
415.932066,2026-03-16 16:48:31.672,ARDUINO_PSI,Arduino,0.000,0.000,0.000,,
416.032026,2026-03-16 16:48:31.772,ARDUINO_PSI,Arduino,0.000,0.000,0.000,,
416.132038,2026-03-16 16:48:31.872,ARDUINO_PSI,Arduino,0.000,0.000,0.000,,
416.232010,2026-03-16 16:48:31.972,ARDUINO_PSI,Arduino,0.000,0.000,0.000,,
416.331973,2026-03-16 16:48:32.072,ARDUINO_PSI,Arduino,0.000,0.000,0.000,,
416.431940,2026-03-16 16:48:32.172,ARDUINO_PSI,Arduino,0.000,0.000,0.000,,
416.532030,2026-03-16 16:48:32.272,ARDUINO_PSI,Arduino,0.000,0.000,0.000,,
416.631953,2026-03-16 16:48:32.372,ARDUINO_PSI,Arduino,0.000,0.000,0.000,,
416.732076,2026-03-16 16:48:32.472,ARDUINO_PSI,Arduino,0.000,0.000,0.000,,
416.831928,2026-03-16 16:48:32.572,ARDUINO_PSI,Arduino,0.000,0.000,0.000,,
416.932120,2026-03-16 16:48:32.672,ARDUINO_PSI,Arduino,0.000,0.000,0.000,,
417.031933,2026-03-16 16:48:32.772,ARDUINO_PSI,Arduino,0.000,0.000,0.000,,
417.132122,2026-03-16 16:48:32.872,ARDUINO_PSI,Arduino,0.000,0.000,0.000,,
417.232435,2026-03-16 16:48:32.973,ARDUINO_PSI,Arduino,0.000,0.000,0.000,,
417.331925,2026-03-16 16:48:33.072,ARDUINO_PSI,Arduino,0.000,0.000,0.000,,
417.432167,2026-03-16 16:48:33.172,ARDUINO_PSI,Arduino,0.000,0.000,0.000,,
417.531998,2026-03-16 16:48:33.272,ARDUINO_PSI,Arduino,0.000,0.000,0.000,,
417.632039,2026-03-16 16:48:33.372,ARDUINO_PSI,Arduino,0.000,0.000,0.000,,
417.732092,2026-03-16 16:48:33.472,ARDUINO_PSI,Arduino,0.000,0.000,0.000,,
417.831938,2026-03-16 16:48:33.572,ARDUINO_PSI,Arduino,0.000,0.000,0.000,,
417.932203,2026-03-16 16:48:33.672,ARDUINO_PSI,Arduino,0.000,0.000,0.000,,
418.032091,2026-03-16 16:48:33.772,ARDUINO_PSI,Arduino,0.000,0.000,0.000,,
418.132138,2026-03-16 16:48:33.872,ARDUINO_PSI,Arduino,0.000,0.000,0.000,,
418.232270,2026-03-16 16:48:33.972,ARDUINO_PSI,Arduino,0.000,0.000,0.000,,
418.332044,2026-03-16 16:48:34.072,ARDUINO_PSI,Arduino,0.000,0.000,0.000,,
418.432099,2026-03-16 16:48:34.172,ARDUINO_PSI,Arduino,0.000,0.000,0.000,,
418.532077,2026-03-16 16:48:34.272,ARDUINO_PSI,Arduino,0.000,0.000,0.000,,
418.632237,2026-03-16 16:48:34.372,ARDUINO_PSI,Arduino,0.000,0.000,0.000,,
418.731950,2026-03-16 16:48:34.472,ARDUINO_PSI,Arduino,0.000,0.000,0.000,,
418.832058,2026-03-16 16:48:34.572,ARDUINO_PSI,Arduino,0.000,0.000,0.000,,
418.932103,2026-03-16 16:48:34.672,ARDUINO_PSI,Arduino,0.000,0.000,0.000,,
419.032350,2026-03-16 16:48:34.772,ARDUINO_PSI,Arduino,0.000,0.000,0.000,,
419.132165,2026-03-16 16:48:34.872,ARDUINO_PSI,Arduino,0.000,0.000,0.000,,
419.232031,2026-03-16 16:48:34.972,ARDUINO_PSI,Arduino,0.000,0.000,0.000,,
419.331983,2026-03-16 16:48:35.072,ARDUINO_PSI,Arduino,0.000,0.000,0.000,,
419.432033,2026-03-16 16:48:35.172,ARDUINO_PSI,Arduino,0.000,0.000,0.000,,
419.532595,2026-03-16 16:48:35.273,ARDUINO_PSI,Arduino,0.000,0.000,0.000,,
419.632054,2026-03-16 16:48:35.372,ARDUINO_PSI,Arduino,0.000,0.000,0.000,,
419.732040,2026-03-16 16:48:35.472,ARDUINO_PSI,Arduino,0.000,0.000,0.000,,
419.831956,2026-03-16 16:48:35.572,ARDUINO_PSI,Arduino,0.000,0.000,0.000,,
419.932264,2026-03-16 16:48:35.672,ARDUINO_PSI,Arduino,0.000,0.000,0.000,,
420.032341,2026-03-16 16:48:35.772,ARDUINO_PSI,Arduino,0.000,0.000,0.000,,
420.132051,2026-03-16 16:48:35.872,ARDUINO_PSI,Arduino,0.000,0.000,0.000,,
420.231980,2026-03-16 16:48:35.972,ARDUINO_PSI,Arduino,0.000,0.000,0.000,,
420.332025,2026-03-16 16:48:36.072,ARDUINO_PSI,Arduino,0.000,0.000,0.000,,
420.432178,2026-03-16 16:48:36.172,ARDUINO_PSI,Arduino,0.000,0.000,0.000,,
420.532106,2026-03-16 16:48:36.272,ARDUINO_PSI,Arduino,0.000,0.000,0.000,,
420.632801,2026-03-16 16:48:36.373,ARDUINO_PSI,Arduino,0.000,0.000,0.000,,
420.732712,2026-03-16 16:48:36.473,ARDUINO_PSI,Arduino,0.000,0.000,0.000,,
420.832573,2026-03-16 16:48:36.573,ARDUINO_PSI,Arduino,0.000,0.000,0.000,,
420.932560,2026-03-16 16:48:36.673,ARDUINO_PSI,Arduino,0.000,0.000,0.000,,
421.032078,2026-03-16 16:48:36.772,ARDUINO_PSI,Arduino,0.000,0.000,0.000,,
421.132099,2026-03-16 16:48:36.872,ARDUINO_PSI,Arduino,0.000,0.000,0.000,,
421.232423,2026-03-16 16:48:36.973,ARDUINO_PSI,Arduino,0.000,0.000,0.000,,
421.332644,2026-03-16 16:48:37.073,ARDUINO_PSI,Arduino,0.000,0.000,0.000,,
421.432575,2026-03-16 16:48:37.173,ARDUINO_PSI,Arduino,0.000,0.000,0.000,,
421.532516,2026-03-16 16:48:37.273,ARDUINO_PSI,Arduino,0.000,0.000,0.000,,
421.632146,2026-03-16 16:48:37.372,ARDUINO_PSI,Arduino,0.000,0.000,0.000,,
421.731974,2026-03-16 16:48:37.472,ARDUINO_PSI,Arduino,0.000,0.000,0.000,,
421.831975,2026-03-16 16:48:37.572,ARDUINO_PSI,Arduino,0.000,0.000,0.000,,
421.932680,2026-03-16 16:48:37.673,ARDUINO_PSI,Arduino,0.000,0.000,0.000,,
422.032023,2026-03-16 16:48:37.772,ARDUINO_PSI,Arduino,0.000,0.000,0.000,,
422.132141,2026-03-16 16:48:37.872,ARDUINO_PSI,Arduino,0.000,0.000,0.000,,
422.232030,2026-03-16 16:48:37.972,ARDUINO_PSI,Arduino,0.000,0.000,0.000,,
422.331975,2026-03-16 16:48:38.072,ARDUINO_PSI,Arduino,0.000,0.000,0.000,,
422.432416,2026-03-16 16:48:38.173,ARDUINO_PSI,Arduino,0.000,0.000,0.000,,
422.532024,2026-03-16 16:48:38.272,ARDUINO_PSI,Arduino,0.000,0.000,0.000,,
422.632166,2026-03-16 16:48:38.372,ARDUINO_PSI,Arduino,0.000,0.000,0.000,,
422.731968,2026-03-16 16:48:38.472,ARDUINO_PSI,Arduino,0.000,0.000,0.000,,
422.831979,2026-03-16 16:48:38.572,ARDUINO_PSI,Arduino,0.000,0.000,0.000,,
422.932071,2026-03-16 16:48:38.672,ARDUINO_PSI,Arduino,0.000,0.000,0.000,,
423.032055,2026-03-16 16:48:38.772,ARDUINO_PSI,Arduino,0.000,0.000,0.000,,
423.132116,2026-03-16 16:48:38.872,ARDUINO_PSI,Arduino,0.000,0.000,0.000,,
423.231922,2026-03-16 16:48:38.972,ARDUINO_PSI,Arduino,0.000,0.000,0.000,,
423.331978,2026-03-16 16:48:39.072,ARDUINO_PSI,Arduino,0.000,0.000,0.000,,
423.431973,2026-03-16 16:48:39.172,ARDUINO_PSI,Arduino,0.000,0.000,0.000,,
423.532077,2026-03-16 16:48:39.272,ARDUINO_PSI,Arduino,0.000,0.000,0.000,,
423.632438,2026-03-16 16:48:39.373,ARDUINO_PSI,Arduino,0.000,0.000,0.000,,
423.731966,2026-03-16 16:48:39.472,ARDUINO_PSI,Arduino,0.000,0.000,0.000,,
423.831974,2026-03-16 16:48:39.572,ARDUINO_PSI,Arduino,0.000,0.000,0.000,,
423.931975,2026-03-16 16:48:39.672,ARDUINO_PSI,Arduino,0.000,0.000,0.000,,
424.031980,2026-03-16 16:48:39.772,ARDUINO_PSI,Arduino,0.000,0.000,0.000,,
424.132012,2026-03-16 16:48:39.872,ARDUINO_PSI,Arduino,0.000,0.000,0.000,,
424.231967,2026-03-16 16:48:39.972,ARDUINO_PSI,Arduino,0.000,0.000,0.000,,
424.331975,2026-03-16 16:48:40.072,ARDUINO_PSI,Arduino,0.000,0.000,0.000,,
424.432047,2026-03-16 16:48:40.172,ARDUINO_PSI,Arduino,0.000,0.000,0.000,,
424.532035,2026-03-16 16:48:40.272,ARDUINO_PSI,Arduino,0.000,0.000,0.000,,
424.632000,2026-03-16 16:48:40.372,ARDUINO_PSI,Arduino,0.000,0.000,0.000,,
424.731984,2026-03-16 16:48:40.472,ARDUINO_PSI,Arduino,0.000,0.000,0.000,,
424.831918,2026-03-16 16:48:40.572,ARDUINO_PSI,Arduino,0.000,0.000,0.000,,
424.932020,2026-03-16 16:48:40.672,ARDUINO_PSI,Arduino,0.000,0.000,0.000,,
425.032026,2026-03-16 16:48:40.772,ARDUINO_PSI,Arduino,0.000,0.000,0.000,,
425.132364,2026-03-16 16:48:40.872,ARDUINO_PSI,Arduino,0.000,0.000,0.000,,
425.232012,2026-03-16 16:48:40.972,ARDUINO_PSI,Arduino,0.000,0.000,0.000,,
425.332246,2026-03-16 16:48:41.072,ARDUINO_PSI,Arduino,0.000,0.000,0.000,,
425.432218,2026-03-16 16:48:41.172,ARDUINO_PSI,Arduino,0.000,0.000,0.000,,
425.532231,2026-03-16 16:48:41.272,ARDUINO_PSI,Arduino,0.000,0.000,0.000,,
425.631978,2026-03-16 16:48:41.372,ARDUINO_PSI,Arduino,0.000,0.000,0.000,,
425.732241,2026-03-16 16:48:41.472,ARDUINO_PSI,Arduino,0.000,0.000,0.000,,
425.831982,2026-03-16 16:48:41.572,ARDUINO_PSI,Arduino,0.000,0.000,0.000,,
425.931988,2026-03-16 16:48:41.672,ARDUINO_PSI,Arduino,0.000,0.000,0.000,,
426.032013,2026-03-16 16:48:41.772,ARDUINO_PSI,Arduino,0.000,0.000,0.000,,
426.132227,2026-03-16 16:48:41.872,ARDUINO_PSI,Arduino,0.000,0.000,0.000,,
426.231994,2026-03-16 16:48:41.972,ARDUINO_PSI,Arduino,0.000,0.000,0.000,,
426.331986,2026-03-16 16:48:42.072,ARDUINO_PSI,Arduino,0.000,0.000,0.000,,
426.432046,2026-03-16 16:48:42.172,ARDUINO_PSI,Arduino,0.000,0.000,0.000,,
426.532008,2026-03-16 16:48:42.272,ARDUINO_PSI,Arduino,0.000,0.000,0.000,,
426.632324,2026-03-16 16:48:42.372,ARDUINO_PSI,Arduino,0.000,0.000,0.000,,
426.732097,2026-03-16 16:48:42.472,ARDUINO_PSI,Arduino,0.000,0.000,0.000,,
426.831964,2026-03-16 16:48:42.572,ARDUINO_PSI,Arduino,0.000,0.000,0.000,,
426.932296,2026-03-16 16:48:42.672,ARDUINO_PSI,Arduino,0.000,0.000,0.000,,
427.032059,2026-03-16 16:48:42.772,ARDUINO_PSI,Arduino,0.000,0.000,0.000,,
427.132235,2026-03-16 16:48:42.872,ARDUINO_PSI,Arduino,0.000,0.000,0.000,,
427.232014,2026-03-16 16:48:42.972,ARDUINO_PSI,Arduino,0.000,0.000,0.000,,
427.331973,2026-03-16 16:48:43.072,ARDUINO_PSI,Arduino,0.000,0.000,0.000,,
427.432085,2026-03-16 16:48:43.172,ARDUINO_PSI,Arduino,0.000,0.000,0.000,,
427.532091,2026-03-16 16:48:43.272,ARDUINO_PSI,Arduino,0.000,0.000,0.000,,
427.631963,2026-03-16 16:48:43.372,ARDUINO_PSI,Arduino,0.000,0.000,0.000,,
427.732241,2026-03-16 16:48:43.472,ARDUINO_PSI,Arduino,0.000,0.000,0.000,,
427.832048,2026-03-16 16:48:43.572,ARDUINO_PSI,Arduino,0.000,0.000,0.000,,
427.932094,2026-03-16 16:48:43.672,ARDUINO_PSI,Arduino,0.000,0.000,0.000,,
428.032196,2026-03-16 16:48:43.772,ARDUINO_PSI,Arduino,0.000,0.000,0.000,,
428.132023,2026-03-16 16:48:43.872,ARDUINO_PSI,Arduino,0.000,0.000,0.000,,
428.232084,2026-03-16 16:48:43.972,ARDUINO_PSI,Arduino,0.000,0.000,0.000,,
428.331960,2026-03-16 16:48:44.072,ARDUINO_PSI,Arduino,0.000,0.000,0.000,,
428.432279,2026-03-16 16:48:44.172,ARDUINO_PSI,Arduino,0.000,0.000,0.000,,
428.532477,2026-03-16 16:48:44.273,ARDUINO_PSI,Arduino,0.000,0.000,0.000,,
428.632002,2026-03-16 16:48:44.372,ARDUINO_PSI,Arduino,0.000,0.000,0.000,,
428.732141,2026-03-16 16:48:44.472,ARDUINO_PSI,Arduino,0.000,0.000,0.000,,
428.832010,2026-03-16 16:48:44.572,ARDUINO_PSI,Arduino,0.000,0.000,0.000,,
428.932031,2026-03-16 16:48:44.672,ARDUINO_PSI,Arduino,0.000,0.000,0.000,,
429.032014,2026-03-16 16:48:44.772,ARDUINO_PSI,Arduino,0.000,0.000,0.000,,
429.132356,2026-03-16 16:48:44.872,ARDUINO_PSI,Arduino,0.000,0.000,0.000,,
429.232134,2026-03-16 16:48:44.972,ARDUINO_PSI,Arduino,0.000,0.000,0.000,,
429.332041,2026-03-16 16:48:45.072,ARDUINO_PSI,Arduino,0.000,0.000,0.000,,
429.432037,2026-03-16 16:48:45.172,ARDUINO_PSI,Arduino,0.000,0.000,0.000,,
429.532011,2026-03-16 16:48:45.272,ARDUINO_PSI,Arduino,0.000,0.000,0.000,,
429.632113,2026-03-16 16:48:45.372,ARDUINO_PSI,Arduino,0.000,0.000,0.000,,
429.732061,2026-03-16 16:48:45.472,ARDUINO_PSI,Arduino,0.000,0.000,0.000,,
429.832016,2026-03-16 16:48:45.572,ARDUINO_PSI,Arduino,0.000,0.000,0.000,,
429.932220,2026-03-16 16:48:45.672,ARDUINO_PSI,Arduino,0.000,0.000,0.000,,
430.032098,2026-03-16 16:48:45.772,ARDUINO_PSI,Arduino,0.000,0.000,0.000,,
430.132141,2026-03-16 16:48:45.872,ARDUINO_PSI,Arduino,0.000,0.000,0.000,,
430.232069,2026-03-16 16:48:45.972,ARDUINO_PSI,Arduino,0.000,0.000,0.000,,
430.332068,2026-03-16 16:48:46.072,ARDUINO_PSI,Arduino,0.000,0.000,0.000,,
430.432056,2026-03-16 16:48:46.172,ARDUINO_PSI,Arduino,0.000,0.000,0.000,,
430.532002,2026-03-16 16:48:46.272,ARDUINO_PSI,Arduino,0.000,0.000,0.000,,
430.632199,2026-03-16 16:48:46.372,ARDUINO_PSI,Arduino,0.000,0.000,0.000,,
430.732075,2026-03-16 16:48:46.472,ARDUINO_PSI,Arduino,0.000,0.000,0.000,,
430.832002,2026-03-16 16:48:46.572,ARDUINO_PSI,Arduino,0.000,0.000,0.000,,
430.932326,2026-03-16 16:48:46.672,ARDUINO_PSI,Arduino,0.000,0.000,0.000,,
431.032004,2026-03-16 16:48:46.772,ARDUINO_PSI,Arduino,0.000,0.000,0.000,,
431.132067,2026-03-16 16:48:46.872,ARDUINO_PSI,Arduino,0.000,0.000,0.000,,
431.232847,2026-03-16 16:48:46.973,ARDUINO_PSI,Arduino,0.000,0.000,0.000,,
431.332040,2026-03-16 16:48:47.072,ARDUINO_PSI,Arduino,0.000,0.000,0.000,,
431.432177,2026-03-16 16:48:47.172,ARDUINO_PSI,Arduino,0.000,0.000,0.000,,
431.532088,2026-03-16 16:48:47.272,ARDUINO_PSI,Arduino,0.000,0.000,0.000,,
431.632232,2026-03-16 16:48:47.372,ARDUINO_PSI,Arduino,0.000,0.000,0.000,,
431.732002,2026-03-16 16:48:47.472,ARDUINO_PSI,Arduino,0.000,0.000,0.000,,
431.832043,2026-03-16 16:48:47.572,ARDUINO_PSI,Arduino,0.000,0.000,0.000,,
431.932031,2026-03-16 16:48:47.672,ARDUINO_PSI,Arduino,0.000,0.000,0.000,,
432.032102,2026-03-16 16:48:47.772,ARDUINO_PSI,Arduino,0.000,0.000,0.000,,
432.132277,2026-03-16 16:48:47.872,ARDUINO_PSI,Arduino,0.000,0.000,0.000,,
432.231953,2026-03-16 16:48:47.972,ARDUINO_PSI,Arduino,0.000,0.000,0.000,,
432.332013,2026-03-16 16:48:48.072,ARDUINO_PSI,Arduino,0.000,0.000,0.000,,
432.432285,2026-03-16 16:48:48.172,ARDUINO_PSI,Arduino,0.000,0.000,0.000,,
432.532014,2026-03-16 16:48:48.272,ARDUINO_PSI,Arduino,0.000,0.000,0.000,,
432.631986,2026-03-16 16:48:48.372,ARDUINO_PSI,Arduino,0.000,0.000,0.000,,
432.732050,2026-03-16 16:48:48.472,ARDUINO_PSI,Arduino,0.000,0.000,0.000,,
432.832054,2026-03-16 16:48:48.572,ARDUINO_PSI,Arduino,0.000,0.000,0.000,,
432.932116,2026-03-16 16:48:48.672,ARDUINO_PSI,Arduino,0.000,0.000,0.000,,
433.032001,2026-03-16 16:48:48.772,ARDUINO_PSI,Arduino,0.000,0.000,0.000,,
433.131996,2026-03-16 16:48:48.872,ARDUINO_PSI,Arduino,0.000,0.000,0.000,,
433.232048,2026-03-16 16:48:48.972,ARDUINO_PSI,Arduino,0.000,0.000,0.000,,
433.332156,2026-03-16 16:48:49.072,ARDUINO_PSI,Arduino,0.000,0.000,0.000,,
433.432010,2026-03-16 16:48:49.172,ARDUINO_PSI,Arduino,0.000,0.000,0.000,,
433.532060,2026-03-16 16:48:49.272,ARDUINO_PSI,Arduino,0.000,0.000,0.000,,
433.632597,2026-03-16 16:48:49.373,ARDUINO_PSI,Arduino,0.000,0.000,0.000,,
433.732024,2026-03-16 16:48:49.472,ARDUINO_PSI,Arduino,0.000,0.000,0.000,,
433.831999,2026-03-16 16:48:49.572,ARDUINO_PSI,Arduino,0.000,0.000,0.000,,
433.932062,2026-03-16 16:48:49.672,ARDUINO_PSI,Arduino,0.000,0.000,0.000,,
434.032000,2026-03-16 16:48:49.772,ARDUINO_PSI,Arduino,0.000,0.000,0.000,,
434.132029,2026-03-16 16:48:49.872,ARDUINO_PSI,Arduino,0.000,0.000,0.000,,
434.232139,2026-03-16 16:48:49.972,ARDUINO_PSI,Arduino,0.000,0.000,0.000,,
434.332369,2026-03-16 16:48:50.072,ARDUINO_PSI,Arduino,0.000,0.000,0.000,,
434.431998,2026-03-16 16:48:50.172,ARDUINO_PSI,Arduino,0.000,0.000,0.000,,
434.532114,2026-03-16 16:48:50.272,ARDUINO_PSI,Arduino,0.000,0.000,0.000,,
434.632076,2026-03-16 16:48:50.372,ARDUINO_PSI,Arduino,0.000,0.000,0.000,,
434.732033,2026-03-16 16:48:50.472,ARDUINO_PSI,Arduino,0.000,0.000,0.000,,
434.831997,2026-03-16 16:48:50.572,ARDUINO_PSI,Arduino,0.000,0.000,0.000,,
434.932052,2026-03-16 16:48:50.672,ARDUINO_PSI,Arduino,0.000,0.000,0.000,,
435.032127,2026-03-16 16:48:50.772,ARDUINO_PSI,Arduino,0.000,0.000,0.000,,
435.132268,2026-03-16 16:48:50.872,ARDUINO_PSI,Arduino,0.000,0.000,0.000,,
435.232123,2026-03-16 16:48:50.972,ARDUINO_PSI,Arduino,0.000,0.000,0.000,,
435.331994,2026-03-16 16:48:51.072,ARDUINO_PSI,Arduino,0.000,0.000,0.000,,
435.432119,2026-03-16 16:48:51.172,ARDUINO_PSI,Arduino,0.000,0.000,0.000,,
435.532095,2026-03-16 16:48:51.272,ARDUINO_PSI,Arduino,0.000,0.000,0.000,,
435.632135,2026-03-16 16:48:51.372,ARDUINO_PSI,Arduino,0.000,0.000,0.000,,
435.732187,2026-03-16 16:48:51.472,ARDUINO_PSI,Arduino,0.000,0.000,0.000,,
435.831998,2026-03-16 16:48:51.572,ARDUINO_PSI,Arduino,0.000,0.000,0.000,,
435.932084,2026-03-16 16:48:51.672,ARDUINO_PSI,Arduino,0.000,0.000,0.000,,
436.032088,2026-03-16 16:48:51.772,ARDUINO_PSI,Arduino,0.000,0.000,0.000,,
436.132126,2026-03-16 16:48:51.872,ARDUINO_PSI,Arduino,0.000,0.000,0.000,,
436.232108,2026-03-16 16:48:51.972,ARDUINO_PSI,Arduino,0.000,0.000,0.000,,
436.332004,2026-03-16 16:48:52.072,ARDUINO_PSI,Arduino,0.000,0.000,0.000,,
436.432290,2026-03-16 16:48:52.172,ARDUINO_PSI,Arduino,0.000,0.000,0.000,,
436.532040,2026-03-16 16:48:52.272,ARDUINO_PSI,Arduino,0.000,0.000,0.000,,
436.632116,2026-03-16 16:48:52.372,ARDUINO_PSI,Arduino,0.000,0.000,0.000,,
436.732212,2026-03-16 16:48:52.472,ARDUINO_PSI,Arduino,0.000,0.000,0.000,,
436.831994,2026-03-16 16:48:52.572,ARDUINO_PSI,Arduino,0.000,0.000,0.000,,
436.932134,2026-03-16 16:48:52.672,ARDUINO_PSI,Arduino,0.000,0.000,0.000,,
437.032099,2026-03-16 16:48:52.772,ARDUINO_PSI,Arduino,0.000,0.000,0.000,,
437.132022,2026-03-16 16:48:52.872,ARDUINO_PSI,Arduino,0.000,0.000,0.000,,
437.232591,2026-03-16 16:48:52.973,ARDUINO_PSI,Arduino,0.000,0.000,0.000,,
437.331996,2026-03-16 16:48:53.072,ARDUINO_PSI,Arduino,0.000,0.000,0.000,,
437.431987,2026-03-16 16:48:53.172,ARDUINO_PSI,Arduino,0.000,0.000,0.000,,
437.532043,2026-03-16 16:48:53.272,ARDUINO_PSI,Arduino,0.000,0.000,0.000,,
437.632065,2026-03-16 16:48:53.372,ARDUINO_PSI,Arduino,0.000,0.000,0.000,,
437.731989,2026-03-16 16:48:53.472,ARDUINO_PSI,Arduino,0.000,0.000,0.000,,
437.832042,2026-03-16 16:48:53.572,ARDUINO_PSI,Arduino,0.000,0.000,0.000,,
437.931998,2026-03-16 16:48:53.672,ARDUINO_PSI,Arduino,0.000,0.000,0.000,,
438.032038,2026-03-16 16:48:53.772,ARDUINO_PSI,Arduino,0.000,0.000,0.000,,
438.132041,2026-03-16 16:48:53.872,ARDUINO_PSI,Arduino,0.000,0.000,0.000,,
438.232334,2026-03-16 16:48:53.972,ARDUINO_PSI,Arduino,0.000,0.000,0.000,,
438.332098,2026-03-16 16:48:54.072,ARDUINO_PSI,Arduino,0.000,0.000,0.000,,
438.432008,2026-03-16 16:48:54.172,ARDUINO_PSI,Arduino,0.000,0.000,0.000,,
438.532072,2026-03-16 16:48:54.272,ARDUINO_PSI,Arduino,0.000,0.000,0.000,,
438.632444,2026-03-16 16:48:54.373,ARDUINO_PSI,Arduino,0.000,0.000,0.000,,
438.732028,2026-03-16 16:48:54.472,ARDUINO_PSI,Arduino,0.000,0.000,0.000,,
438.832287,2026-03-16 16:48:54.572,ARDUINO_PSI,Arduino,0.000,0.000,0.000,,
438.932035,2026-03-16 16:48:54.672,ARDUINO_PSI,Arduino,0.000,0.000,0.000,,
439.032038,2026-03-16 16:48:54.772,ARDUINO_PSI,Arduino,0.000,0.000,0.000,,
439.132054,2026-03-16 16:48:54.872,ARDUINO_PSI,Arduino,0.000,0.000,0.000,,
439.232021,2026-03-16 16:48:54.972,ARDUINO_PSI,Arduino,0.000,0.000,0.000,,
439.331994,2026-03-16 16:48:55.072,ARDUINO_PSI,Arduino,0.000,0.000,0.000,,
439.432073,2026-03-16 16:48:55.172,ARDUINO_PSI,Arduino,0.000,0.000,0.000,,
439.532060,2026-03-16 16:48:55.272,ARDUINO_PSI,Arduino,0.000,0.000,0.000,,
439.632259,2026-03-16 16:48:55.372,ARDUINO_PSI,Arduino,0.000,0.000,0.000,,
439.732039,2026-03-16 16:48:55.472,ARDUINO_PSI,Arduino,0.000,0.000,0.000,,
439.832049,2026-03-16 16:48:55.572,ARDUINO_PSI,Arduino,0.000,0.000,0.000,,
439.932015,2026-03-16 16:48:55.672,ARDUINO_PSI,Arduino,0.000,0.000,0.000,,
440.032071,2026-03-16 16:48:55.772,ARDUINO_PSI,Arduino,0.000,0.000,0.000,,
440.132330,2026-03-16 16:48:55.872,ARDUINO_PSI,Arduino,0.000,0.000,0.000,,
440.232045,2026-03-16 16:48:55.972,ARDUINO_PSI,Arduino,0.000,0.000,0.000,,
440.332067,2026-03-16 16:48:56.072,ARDUINO_PSI,Arduino,0.000,0.000,0.000,,
440.432189,2026-03-16 16:48:56.172,ARDUINO_PSI,Arduino,0.000,0.000,0.000,,
440.532327,2026-03-16 16:48:56.272,ARDUINO_PSI,Arduino,0.000,0.000,0.000,,
440.632352,2026-03-16 16:48:56.372,ARDUINO_PSI,Arduino,0.000,0.000,0.000,,
440.732286,2026-03-16 16:48:56.472,ARDUINO_PSI,Arduino,0.000,0.000,0.000,,
440.832035,2026-03-16 16:48:56.572,ARDUINO_PSI,Arduino,0.000,0.000,0.000,,
440.932125,2026-03-16 16:48:56.672,ARDUINO_PSI,Arduino,0.000,0.000,0.000,,
441.032128,2026-03-16 16:48:56.772,ARDUINO_PSI,Arduino,0.000,0.000,0.000,,
441.132148,2026-03-16 16:48:56.872,ARDUINO_PSI,Arduino,0.000,0.000,0.000,,
441.232282,2026-03-16 16:48:56.972,ARDUINO_PSI,Arduino,0.000,0.000,0.000,,
441.332041,2026-03-16 16:48:57.072,ARDUINO_PSI,Arduino,0.000,0.000,0.000,,
441.432269,2026-03-16 16:48:57.172,ARDUINO_PSI,Arduino,0.000,0.000,0.000,,
441.532347,2026-03-16 16:48:57.272,ARDUINO_PSI,Arduino,0.000,0.000,0.000,,
441.632109,2026-03-16 16:48:57.372,ARDUINO_PSI,Arduino,0.000,0.000,0.000,,
441.732133,2026-03-16 16:48:57.472,ARDUINO_PSI,Arduino,0.000,0.000,0.000,,
441.832065,2026-03-16 16:48:57.572,ARDUINO_PSI,Arduino,0.000,0.000,0.000,,
441.932123,2026-03-16 16:48:57.672,ARDUINO_PSI,Arduino,0.000,0.000,0.000,,
442.032172,2026-03-16 16:48:57.772,ARDUINO_PSI,Arduino,0.000,0.000,0.000,,
442.132222,2026-03-16 16:48:57.872,ARDUINO_PSI,Arduino,0.000,0.000,0.000,,
442.232052,2026-03-16 16:48:57.972,ARDUINO_PSI,Arduino,0.000,0.000,0.000,,
442.332031,2026-03-16 16:48:58.072,ARDUINO_PSI,Arduino,0.000,0.000,0.000,,
442.432266,2026-03-16 16:48:58.172,ARDUINO_PSI,Arduino,0.000,0.000,0.000,,
442.532027,2026-03-16 16:48:58.272,ARDUINO_PSI,Arduino,0.000,0.000,0.000,,
442.632294,2026-03-16 16:48:58.372,ARDUINO_PSI,Arduino,0.000,0.000,0.000,,
442.732263,2026-03-16 16:48:58.472,ARDUINO_PSI,Arduino,0.000,0.000,0.000,,
442.832033,2026-03-16 16:48:58.572,ARDUINO_PSI,Arduino,0.000,0.000,0.000,,
442.932041,2026-03-16 16:48:58.672,ARDUINO_PSI,Arduino,0.000,0.000,0.000,,
443.032116,2026-03-16 16:48:58.772,ARDUINO_PSI,Arduino,0.000,0.000,0.000,,
443.132134,2026-03-16 16:48:58.872,ARDUINO_PSI,Arduino,0.000,0.000,0.000,,
443.232117,2026-03-16 16:48:58.972,ARDUINO_PSI,Arduino,0.000,0.000,0.000,,
443.332057,2026-03-16 16:48:59.072,ARDUINO_PSI,Arduino,0.000,0.000,0.000,,
443.432064,2026-03-16 16:48:59.172,ARDUINO_PSI,Arduino,0.000,0.000,0.000,,
443.532053,2026-03-16 16:48:59.272,ARDUINO_PSI,Arduino,0.000,0.000,0.000,,
443.632095,2026-03-16 16:48:59.372,ARDUINO_PSI,Arduino,0.000,0.000,0.000,,
443.732319,2026-03-16 16:48:59.472,ARDUINO_PSI,Arduino,0.000,0.000,0.000,,
443.832034,2026-03-16 16:48:59.572,ARDUINO_PSI,Arduino,0.000,0.000,0.000,,
443.932365,2026-03-16 16:48:59.672,ARDUINO_PSI,Arduino,0.000,0.000,0.000,,
444.032035,2026-03-16 16:48:59.772,ARDUINO_PSI,Arduino,0.000,0.000,0.000,,
444.132092,2026-03-16 16:48:59.872,ARDUINO_PSI,Arduino,0.000,0.000,0.000,,
444.232026,2026-03-16 16:48:59.972,ARDUINO_PSI,Arduino,0.000,0.000,0.000,,
444.332035,2026-03-16 16:49:00.072,ARDUINO_PSI,Arduino,0.000,0.000,0.000,,
444.432026,2026-03-16 16:49:00.172,ARDUINO_PSI,Arduino,0.000,0.000,0.000,,
444.532030,2026-03-16 16:49:00.272,ARDUINO_PSI,Arduino,0.000,0.000,0.000,,
444.632072,2026-03-16 16:49:00.372,ARDUINO_PSI,Arduino,0.000,0.000,0.000,,
444.732020,2026-03-16 16:49:00.472,ARDUINO_PSI,Arduino,0.000,0.000,0.000,,
444.832036,2026-03-16 16:49:00.572,ARDUINO_PSI,Arduino,0.000,0.000,0.000,,
444.932024,2026-03-16 16:49:00.672,ARDUINO_PSI,Arduino,0.000,0.000,0.000,,
445.032142,2026-03-16 16:49:00.772,ARDUINO_PSI,Arduino,0.000,0.000,0.000,,
445.132026,2026-03-16 16:49:00.872,ARDUINO_PSI,Arduino,0.000,0.000,0.000,,
445.232027,2026-03-16 16:49:00.972,ARDUINO_PSI,Arduino,0.000,0.000,0.000,,
445.332098,2026-03-16 16:49:01.072,ARDUINO_PSI,Arduino,0.000,0.000,0.000,,
445.432020,2026-03-16 16:49:01.172,ARDUINO_PSI,Arduino,0.000,0.000,0.000,,
445.532062,2026-03-16 16:49:01.272,ARDUINO_PSI,Arduino,0.000,0.000,0.000,,
445.632047,2026-03-16 16:49:01.372,ARDUINO_PSI,Arduino,0.000,0.000,0.000,,
445.732388,2026-03-16 16:49:01.473,ARDUINO_PSI,Arduino,0.000,0.000,0.000,,
445.832026,2026-03-16 16:49:01.572,ARDUINO_PSI,Arduino,0.000,0.000,0.000,,
445.932101,2026-03-16 16:49:01.672,ARDUINO_PSI,Arduino,0.000,0.000,0.000,,
446.032180,2026-03-16 16:49:01.772,ARDUINO_PSI,Arduino,0.000,0.000,0.000,,
446.132169,2026-03-16 16:49:01.872,ARDUINO_PSI,Arduino,0.000,0.000,0.000,,
446.232127,2026-03-16 16:49:01.972,ARDUINO_PSI,Arduino,0.000,0.000,0.000,,
446.332024,2026-03-16 16:49:02.072,ARDUINO_PSI,Arduino,0.000,0.000,0.000,,
446.432100,2026-03-16 16:49:02.172,ARDUINO_PSI,Arduino,0.000,0.000,0.000,,
446.532025,2026-03-16 16:49:02.272,ARDUINO_PSI,Arduino,0.000,0.000,0.000,,
446.632038,2026-03-16 16:49:02.372,ARDUINO_PSI,Arduino,0.000,0.000,0.000,,
446.732466,2026-03-16 16:49:02.473,ARDUINO_PSI,Arduino,0.000,0.000,0.000,,
446.832024,2026-03-16 16:49:02.572,ARDUINO_PSI,Arduino,0.000,0.000,0.000,,
446.932106,2026-03-16 16:49:02.672,ARDUINO_PSI,Arduino,0.000,0.000,0.000,,
447.032049,2026-03-16 16:49:02.772,ARDUINO_PSI,Arduino,0.000,0.000,0.000,,
447.132042,2026-03-16 16:49:02.872,ARDUINO_PSI,Arduino,0.000,0.000,0.000,,
447.232011,2026-03-16 16:49:02.972,ARDUINO_PSI,Arduino,0.000,0.000,0.000,,
447.332012,2026-03-16 16:49:03.072,ARDUINO_PSI,Arduino,0.000,0.000,0.000,,
447.432163,2026-03-16 16:49:03.172,ARDUINO_PSI,Arduino,0.000,0.000,0.000,,
447.532077,2026-03-16 16:49:03.272,ARDUINO_PSI,Arduino,0.000,0.000,0.000,,
447.632061,2026-03-16 16:49:03.372,ARDUINO_PSI,Arduino,0.000,0.000,0.000,,
447.732018,2026-03-16 16:49:03.472,ARDUINO_PSI,Arduino,0.000,0.000,0.000,,
447.832120,2026-03-16 16:49:03.572,ARDUINO_PSI,Arduino,0.000,0.000,0.000,,
447.932228,2026-03-16 16:49:03.672,ARDUINO_PSI,Arduino,0.000,0.000,0.000,,
448.032072,2026-03-16 16:49:03.772,ARDUINO_PSI,Arduino,0.000,0.000,0.000,,
448.132248,2026-03-16 16:49:03.872,ARDUINO_PSI,Arduino,0.000,0.000,0.000,,
448.232043,2026-03-16 16:49:03.972,ARDUINO_PSI,Arduino,0.000,0.000,0.000,,
448.332033,2026-03-16 16:49:04.072,ARDUINO_PSI,Arduino,0.000,0.000,0.000,,
448.432059,2026-03-16 16:49:04.172,ARDUINO_PSI,Arduino,0.000,0.000,0.000,,
448.532063,2026-03-16 16:49:04.272,ARDUINO_PSI,Arduino,0.000,0.000,0.000,,
448.632260,2026-03-16 16:49:04.372,ARDUINO_PSI,Arduino,0.000,0.000,0.000,,
448.732059,2026-03-16 16:49:04.472,ARDUINO_PSI,Arduino,0.000,0.000,0.000,,
448.832111,2026-03-16 16:49:04.572,ARDUINO_PSI,Arduino,0.000,0.000,0.000,,
448.932069,2026-03-16 16:49:04.672,ARDUINO_PSI,Arduino,0.000,0.000,0.000,,
449.032070,2026-03-16 16:49:04.772,ARDUINO_PSI,Arduino,0.000,0.000,0.000,,
449.132089,2026-03-16 16:49:04.872,ARDUINO_PSI,Arduino,0.000,0.000,0.000,,
449.232128,2026-03-16 16:49:04.972,ARDUINO_PSI,Arduino,0.000,0.000,0.000,,
449.332213,2026-03-16 16:49:05.072,ARDUINO_PSI,Arduino,0.000,0.000,0.000,,
449.432186,2026-03-16 16:49:05.172,ARDUINO_PSI,Arduino,0.000,0.000,0.000,,
449.532288,2026-03-16 16:49:05.272,ARDUINO_PSI,Arduino,0.000,0.000,0.000,,
449.632027,2026-03-16 16:49:05.372,ARDUINO_PSI,Arduino,0.000,0.000,0.000,,
449.732155,2026-03-16 16:49:05.472,ARDUINO_PSI,Arduino,0.000,0.000,0.000,,
449.832239,2026-03-16 16:49:05.572,ARDUINO_PSI,Arduino,0.000,0.000,0.000,,
449.932162,2026-03-16 16:49:05.672,ARDUINO_PSI,Arduino,0.000,0.000,0.000,,
450.032499,2026-03-16 16:49:05.773,ARDUINO_PSI,Arduino,0.000,0.000,0.000,,
450.132120,2026-03-16 16:49:05.872,ARDUINO_PSI,Arduino,0.000,0.000,0.000,,
450.232160,2026-03-16 16:49:05.972,ARDUINO_PSI,Arduino,0.000,0.000,0.000,,
450.332146,2026-03-16 16:49:06.072,ARDUINO_PSI,Arduino,0.000,0.000,0.000,,
450.432463,2026-03-16 16:49:06.173,ARDUINO_PSI,Arduino,0.000,0.000,0.000,,
450.532065,2026-03-16 16:49:06.272,ARDUINO_PSI,Arduino,0.000,0.000,0.000,,
450.632132,2026-03-16 16:49:06.372,ARDUINO_PSI,Arduino,0.000,0.000,0.000,,
450.732118,2026-03-16 16:49:06.472,ARDUINO_PSI,Arduino,0.000,0.000,0.000,,
450.832068,2026-03-16 16:49:06.572,ARDUINO_PSI,Arduino,0.000,0.000,0.000,,
450.932076,2026-03-16 16:49:06.672,ARDUINO_PSI,Arduino,0.000,0.000,0.000,,
451.032079,2026-03-16 16:49:06.772,ARDUINO_PSI,Arduino,0.000,0.000,0.000,,
451.132179,2026-03-16 16:49:06.872,ARDUINO_PSI,Arduino,0.000,0.000,0.000,,
451.232065,2026-03-16 16:49:06.972,ARDUINO_PSI,Arduino,0.000,0.000,0.000,,
451.332065,2026-03-16 16:49:07.072,ARDUINO_PSI,Arduino,0.000,0.000,0.000,,
451.432256,2026-03-16 16:49:07.172,ARDUINO_PSI,Arduino,0.000,0.000,0.000,,
451.532103,2026-03-16 16:49:07.272,ARDUINO_PSI,Arduino,0.000,0.000,0.000,,
451.632064,2026-03-16 16:49:07.372,ARDUINO_PSI,Arduino,0.000,0.000,0.000,,
451.732056,2026-03-16 16:49:07.472,ARDUINO_PSI,Arduino,0.000,0.000,0.000,,
451.832104,2026-03-16 16:49:07.572,ARDUINO_PSI,Arduino,0.000,0.000,0.000,,
451.932072,2026-03-16 16:49:07.672,ARDUINO_PSI,Arduino,0.000,0.000,0.000,,
452.032065,2026-03-16 16:49:07.772,ARDUINO_PSI,Arduino,0.000,0.000,0.000,,
452.132146,2026-03-16 16:49:07.872,ARDUINO_PSI,Arduino,0.000,0.000,0.000,,
452.232104,2026-03-16 16:49:07.972,ARDUINO_PSI,Arduino,0.000,0.000,0.000,,
452.332070,2026-03-16 16:49:08.072,ARDUINO_PSI,Arduino,0.000,0.000,0.000,,
452.432406,2026-03-16 16:49:08.173,ARDUINO_PSI,Arduino,0.000,0.000,0.000,,
452.532149,2026-03-16 16:49:08.272,ARDUINO_PSI,Arduino,0.000,0.000,0.000,,
452.632094,2026-03-16 16:49:08.372,ARDUINO_PSI,Arduino,0.000,0.000,0.000,,
452.732030,2026-03-16 16:49:08.472,ARDUINO_PSI,Arduino,0.000,0.000,0.000,,
452.832098,2026-03-16 16:49:08.572,ARDUINO_PSI,Arduino,0.000,0.000,0.000,,
452.932064,2026-03-16 16:49:08.672,ARDUINO_PSI,Arduino,0.000,0.000,0.000,,
453.032111,2026-03-16 16:49:08.772,ARDUINO_PSI,Arduino,0.000,0.000,0.000,,
453.132135,2026-03-16 16:49:08.872,ARDUINO_PSI,Arduino,0.000,0.000,0.000,,
453.232069,2026-03-16 16:49:08.972,ARDUINO_PSI,Arduino,0.000,0.000,0.000,,
453.332059,2026-03-16 16:49:09.072,ARDUINO_PSI,Arduino,0.000,0.000,0.000,,
453.432130,2026-03-16 16:49:09.172,ARDUINO_PSI,Arduino,0.000,0.000,0.000,,
453.532127,2026-03-16 16:49:09.272,ARDUINO_PSI,Arduino,0.000,0.000,0.000,,
453.632063,2026-03-16 16:49:09.372,ARDUINO_PSI,Arduino,0.000,0.000,0.000,,
453.732270,2026-03-16 16:49:09.472,ARDUINO_PSI,Arduino,0.000,0.000,0.000,,
453.832259,2026-03-16 16:49:09.572,ARDUINO_PSI,Arduino,0.000,0.000,0.000,,
453.932116,2026-03-16 16:49:09.672,ARDUINO_PSI,Arduino,0.000,0.000,0.000,,
454.032102,2026-03-16 16:49:09.772,ARDUINO_PSI,Arduino,0.000,0.000,0.000,,
454.132102,2026-03-16 16:49:09.872,ARDUINO_PSI,Arduino,0.000,0.000,0.000,,
454.232097,2026-03-16 16:49:09.972,ARDUINO_PSI,Arduino,0.000,0.000,0.000,,
454.332112,2026-03-16 16:49:10.072,ARDUINO_PSI,Arduino,0.000,0.000,0.000,,
454.432117,2026-03-16 16:49:10.172,ARDUINO_PSI,Arduino,0.000,0.000,0.000,,
454.532243,2026-03-16 16:49:10.272,ARDUINO_PSI,Arduino,0.000,0.000,0.000,,
454.632164,2026-03-16 16:49:10.372,ARDUINO_PSI,Arduino,0.000,0.000,0.000,,
454.732054,2026-03-16 16:49:10.472,ARDUINO_PSI,Arduino,0.000,0.000,0.000,,
454.832100,2026-03-16 16:49:10.572,ARDUINO_PSI,Arduino,0.000,0.000,0.000,,
454.932208,2026-03-16 16:49:10.672,ARDUINO_PSI,Arduino,0.000,0.000,0.000,,
455.032152,2026-03-16 16:49:10.772,ARDUINO_PSI,Arduino,0.000,0.000,0.000,,
455.132074,2026-03-16 16:49:10.872,ARDUINO_PSI,Arduino,0.000,0.000,0.000,,
455.232274,2026-03-16 16:49:10.972,ARDUINO_PSI,Arduino,0.000,0.000,0.000,,
455.332112,2026-03-16 16:49:11.072,ARDUINO_PSI,Arduino,0.000,0.000,0.000,,
455.432174,2026-03-16 16:49:11.172,ARDUINO_PSI,Arduino,0.000,0.000,0.000,,
455.532155,2026-03-16 16:49:11.272,ARDUINO_PSI,Arduino,0.000,0.000,0.000,,
455.632127,2026-03-16 16:49:11.372,ARDUINO_PSI,Arduino,0.000,0.000,0.000,,
455.732320,2026-03-16 16:49:11.472,ARDUINO_PSI,Arduino,0.000,0.000,0.000,,
455.832086,2026-03-16 16:49:11.572,ARDUINO_PSI,Arduino,0.000,0.000,0.000,,
455.932138,2026-03-16 16:49:11.672,ARDUINO_PSI,Arduino,0.000,0.000,0.000,,
456.032114,2026-03-16 16:49:11.772,ARDUINO_PSI,Arduino,0.000,0.000,0.000,,
456.132238,2026-03-16 16:49:11.872,ARDUINO_PSI,Arduino,0.000,0.000,0.000,,
456.232153,2026-03-16 16:49:11.972,ARDUINO_PSI,Arduino,0.000,0.000,0.000,,
456.332498,2026-03-16 16:49:12.073,ARDUINO_PSI,Arduino,0.000,0.000,0.000,,
456.432175,2026-03-16 16:49:12.172,ARDUINO_PSI,Arduino,0.000,0.000,0.000,,
456.532084,2026-03-16 16:49:12.272,ARDUINO_PSI,Arduino,0.000,0.000,0.000,,
456.632086,2026-03-16 16:49:12.372,ARDUINO_PSI,Arduino,0.000,0.000,0.000,,
456.732261,2026-03-16 16:49:12.472,ARDUINO_PSI,Arduino,0.000,0.000,0.000,,
456.832050,2026-03-16 16:49:12.572,ARDUINO_PSI,Arduino,0.000,0.000,0.000,,
456.932118,2026-03-16 16:49:12.672,ARDUINO_PSI,Arduino,0.000,0.000,0.000,,
457.032131,2026-03-16 16:49:12.772,ARDUINO_PSI,Arduino,0.000,0.000,0.000,,
457.132354,2026-03-16 16:49:12.872,ARDUINO_PSI,Arduino,0.000,0.000,0.000,,
457.232055,2026-03-16 16:49:12.972,ARDUINO_PSI,Arduino,0.000,0.000,0.000,,
457.332048,2026-03-16 16:49:13.072,ARDUINO_PSI,Arduino,0.000,0.000,0.000,,
457.432149,2026-03-16 16:49:13.172,ARDUINO_PSI,Arduino,0.000,0.000,0.000,,
457.532102,2026-03-16 16:49:13.272,ARDUINO_PSI,Arduino,0.000,0.000,0.000,,
457.632105,2026-03-16 16:49:13.372,ARDUINO_PSI,Arduino,0.000,0.000,0.000,,
457.732206,2026-03-16 16:49:13.472,ARDUINO_PSI,Arduino,0.000,0.000,0.000,,
457.832049,2026-03-16 16:49:13.572,ARDUINO_PSI,Arduino,0.000,0.000,0.000,,
457.932143,2026-03-16 16:49:13.672,ARDUINO_PSI,Arduino,0.000,0.000,0.000,,
458.032055,2026-03-16 16:49:13.772,ARDUINO_PSI,Arduino,0.000,0.000,0.000,,
458.132079,2026-03-16 16:49:13.872,ARDUINO_PSI,Arduino,0.000,0.000,0.000,,
458.232101,2026-03-16 16:49:13.972,ARDUINO_PSI,Arduino,0.000,0.000,0.000,,
458.332098,2026-03-16 16:49:14.072,ARDUINO_PSI,Arduino,0.000,0.000,0.000,,
458.432070,2026-03-16 16:49:14.172,ARDUINO_PSI,Arduino,0.000,0.000,0.000,,
458.532093,2026-03-16 16:49:14.272,ARDUINO_PSI,Arduino,0.000,0.000,0.000,,
458.632144,2026-03-16 16:49:14.372,ARDUINO_PSI,Arduino,0.000,0.000,0.000,,
458.732258,2026-03-16 16:49:14.472,ARDUINO_PSI,Arduino,0.000,0.000,0.000,,
458.832112,2026-03-16 16:49:14.572,ARDUINO_PSI,Arduino,0.000,0.000,0.000,,
458.932057,2026-03-16 16:49:14.672,ARDUINO_PSI,Arduino,0.000,0.000,0.000,,
459.032095,2026-03-16 16:49:14.772,ARDUINO_PSI,Arduino,0.000,0.000,0.000,,
459.132097,2026-03-16 16:49:14.872,ARDUINO_PSI,Arduino,0.000,0.000,0.000,,
459.232160,2026-03-16 16:49:14.972,ARDUINO_PSI,Arduino,0.000,0.000,0.000,,
459.332049,2026-03-16 16:49:15.072,ARDUINO_PSI,Arduino,0.000,0.000,0.000,,
459.432122,2026-03-16 16:49:15.172,ARDUINO_PSI,Arduino,0.000,0.000,0.000,,
459.532099,2026-03-16 16:49:15.272,ARDUINO_PSI,Arduino,0.000,0.000,0.000,,
459.632071,2026-03-16 16:49:15.372,ARDUINO_PSI,Arduino,0.000,0.000,0.000,,
459.732270,2026-03-16 16:49:15.472,ARDUINO_PSI,Arduino,0.000,0.000,0.000,,
459.832050,2026-03-16 16:49:15.572,ARDUINO_PSI,Arduino,0.000,0.000,0.000,,
459.932270,2026-03-16 16:49:15.672,ARDUINO_PSI,Arduino,0.000,0.000,0.000,,
460.032101,2026-03-16 16:49:15.772,ARDUINO_PSI,Arduino,0.000,0.000,0.000,,
460.132314,2026-03-16 16:49:15.872,ARDUINO_PSI,Arduino,0.000,0.000,0.000,,
460.232303,2026-03-16 16:49:15.972,ARDUINO_PSI,Arduino,0.000,0.000,0.000,,
460.332103,2026-03-16 16:49:16.072,ARDUINO_PSI,Arduino,0.000,0.000,0.000,,
460.432508,2026-03-16 16:49:16.173,ARDUINO_PSI,Arduino,0.000,0.000,0.000,,
460.532097,2026-03-16 16:49:16.272,ARDUINO_PSI,Arduino,0.000,0.000,0.000,,
460.632261,2026-03-16 16:49:16.372,ARDUINO_PSI,Arduino,0.000,0.000,0.000,,
460.732566,2026-03-16 16:49:16.473,ARDUINO_PSI,Arduino,0.000,0.000,0.000,,
460.832040,2026-03-16 16:49:16.572,ARDUINO_PSI,Arduino,0.000,0.000,0.000,,
460.932463,2026-03-16 16:49:16.673,ARDUINO_PSI,Arduino,0.000,0.000,0.000,,
461.032154,2026-03-16 16:49:16.772,ARDUINO_PSI,Arduino,0.000,0.000,0.000,,
461.132147,2026-03-16 16:49:16.872,ARDUINO_PSI,Arduino,0.000,0.000,0.000,,
461.232052,2026-03-16 16:49:16.972,ARDUINO_PSI,Arduino,0.000,0.000,0.000,,
461.332044,2026-03-16 16:49:17.072,ARDUINO_PSI,Arduino,0.000,0.000,0.000,,
461.432094,2026-03-16 16:49:17.172,ARDUINO_PSI,Arduino,0.000,0.000,0.000,,
461.532099,2026-03-16 16:49:17.272,ARDUINO_PSI,Arduino,0.000,0.000,0.000,,
461.632155,2026-03-16 16:49:17.372,ARDUINO_PSI,Arduino,0.000,0.000,0.000,,
461.732089,2026-03-16 16:49:17.472,ARDUINO_PSI,Arduino,0.000,0.000,0.000,,
461.832472,2026-03-16 16:49:17.573,ARDUINO_PSI,Arduino,0.000,0.000,0.000,,
461.932091,2026-03-16 16:49:17.672,ARDUINO_PSI,Arduino,0.000,0.000,0.000,,
462.032098,2026-03-16 16:49:17.772,ARDUINO_PSI,Arduino,0.000,0.000,0.000,,
462.132190,2026-03-16 16:49:17.872,ARDUINO_PSI,Arduino,0.000,0.000,0.000,,
462.232296,2026-03-16 16:49:17.972,ARDUINO_PSI,Arduino,0.000,0.000,0.000,,
462.332682,2026-03-16 16:49:18.073,ARDUINO_PSI,Arduino,0.000,0.000,0.000,,
462.432039,2026-03-16 16:49:18.172,ARDUINO_PSI,Arduino,0.000,0.000,0.000,,
462.532145,2026-03-16 16:49:18.272,ARDUINO_PSI,Arduino,0.000,0.000,0.000,,
462.632493,2026-03-16 16:49:18.373,ARDUINO_PSI,Arduino,0.000,0.000,0.000,,
462.732096,2026-03-16 16:49:18.472,ARDUINO_PSI,Arduino,0.000,0.000,0.000,,
462.832098,2026-03-16 16:49:18.572,ARDUINO_PSI,Arduino,0.000,0.000,0.000,,
462.932146,2026-03-16 16:49:18.672,ARDUINO_PSI,Arduino,0.000,0.000,0.000,,
463.032109,2026-03-16 16:49:18.772,ARDUINO_PSI,Arduino,0.000,0.000,0.000,,
463.132088,2026-03-16 16:49:18.872,ARDUINO_PSI,Arduino,0.000,0.000,0.000,,
463.232043,2026-03-16 16:49:18.972,ARDUINO_PSI,Arduino,0.000,0.000,0.000,,
463.332102,2026-03-16 16:49:19.072,ARDUINO_PSI,Arduino,0.000,0.000,0.000,,
463.432101,2026-03-16 16:49:19.172,ARDUINO_PSI,Arduino,0.000,0.000,0.000,,
463.532176,2026-03-16 16:49:19.272,ARDUINO_PSI,Arduino,0.000,0.000,0.000,,
463.632528,2026-03-16 16:49:19.373,ARDUINO_PSI,Arduino,0.000,0.000,0.000,,
463.732122,2026-03-16 16:49:19.472,ARDUINO_PSI,Arduino,0.000,0.000,0.000,,
463.832328,2026-03-16 16:49:19.572,ARDUINO_PSI,Arduino,0.000,0.000,0.000,,
463.932283,2026-03-16 16:49:19.672,ARDUINO_PSI,Arduino,0.000,0.000,0.000,,
464.032489,2026-03-16 16:49:19.773,ARDUINO_PSI,Arduino,0.000,0.000,0.000,,
464.132719,2026-03-16 16:49:19.873,ARDUINO_PSI,Arduino,0.000,0.000,0.000,,
464.232302,2026-03-16 16:49:19.972,ARDUINO_PSI,Arduino,0.000,0.000,0.000,,
464.332089,2026-03-16 16:49:20.072,ARDUINO_PSI,Arduino,0.000,0.000,0.000,,
464.432153,2026-03-16 16:49:20.172,ARDUINO_PSI,Arduino,0.000,0.000,0.000,,
464.532192,2026-03-16 16:49:20.272,ARDUINO_PSI,Arduino,0.000,0.000,0.000,,
464.632125,2026-03-16 16:49:20.372,ARDUINO_PSI,Arduino,0.000,0.000,0.000,,
464.732124,2026-03-16 16:49:20.472,ARDUINO_PSI,Arduino,0.000,0.000,0.000,,
464.832044,2026-03-16 16:49:20.572,ARDUINO_PSI,Arduino,0.000,0.000,0.000,,
464.932163,2026-03-16 16:49:20.672,ARDUINO_PSI,Arduino,0.000,0.000,0.000,,
465.032180,2026-03-16 16:49:20.772,ARDUINO_PSI,Arduino,0.000,0.000,0.000,,
465.132266,2026-03-16 16:49:20.872,ARDUINO_PSI,Arduino,0.000,0.000,0.000,,
465.232256,2026-03-16 16:49:20.972,ARDUINO_PSI,Arduino,0.000,0.000,0.000,,
465.332122,2026-03-16 16:49:21.072,ARDUINO_PSI,Arduino,0.000,0.000,0.000,,
465.432112,2026-03-16 16:49:21.172,ARDUINO_PSI,Arduino,0.000,0.000,0.000,,
465.532739,2026-03-16 16:49:21.273,ARDUINO_PSI,Arduino,0.000,0.000,0.000,,
465.632095,2026-03-16 16:49:21.372,ARDUINO_PSI,Arduino,0.000,0.000,0.000,,
465.732203,2026-03-16 16:49:21.472,ARDUINO_PSI,Arduino,0.000,0.000,0.000,,
465.832149,2026-03-16 16:49:21.572,ARDUINO_PSI,Arduino,0.000,0.000,0.000,,
465.932130,2026-03-16 16:49:21.672,ARDUINO_PSI,Arduino,0.000,0.000,0.000,,
466.032092,2026-03-16 16:49:21.772,ARDUINO_PSI,Arduino,0.000,0.000,0.000,,
466.132133,2026-03-16 16:49:21.872,ARDUINO_PSI,Arduino,0.000,0.000,0.000,,
466.232144,2026-03-16 16:49:21.972,ARDUINO_PSI,Arduino,0.000,0.000,0.000,,
466.332099,2026-03-16 16:49:22.072,ARDUINO_PSI,Arduino,0.000,0.000,0.000,,
466.432253,2026-03-16 16:49:22.172,ARDUINO_PSI,Arduino,0.000,0.000,0.000,,
466.532153,2026-03-16 16:49:22.272,ARDUINO_PSI,Arduino,0.000,0.000,0.000,,
466.632199,2026-03-16 16:49:22.372,ARDUINO_PSI,Arduino,0.000,0.000,0.000,,
466.732218,2026-03-16 16:49:22.472,ARDUINO_PSI,Arduino,0.000,0.000,0.000,,
466.832082,2026-03-16 16:49:22.572,ARDUINO_PSI,Arduino,0.000,0.000,0.000,,
466.932670,2026-03-16 16:49:22.673,ARDUINO_PSI,Arduino,0.000,0.000,0.000,,
467.032079,2026-03-16 16:49:22.772,ARDUINO_PSI,Arduino,0.000,0.000,0.000,,
467.132139,2026-03-16 16:49:22.872,ARDUINO_PSI,Arduino,0.000,0.000,0.000,,
467.232111,2026-03-16 16:49:22.972,ARDUINO_PSI,Arduino,0.000,0.000,0.000,,
467.332132,2026-03-16 16:49:23.072,ARDUINO_PSI,Arduino,0.000,0.000,0.000,,
467.432135,2026-03-16 16:49:23.172,ARDUINO_PSI,Arduino,0.000,0.000,0.000,,
467.532088,2026-03-16 16:49:23.272,ARDUINO_PSI,Arduino,0.000,0.000,0.000,,
467.632105,2026-03-16 16:49:23.372,ARDUINO_PSI,Arduino,0.000,0.000,0.000,,
467.732081,2026-03-16 16:49:23.472,ARDUINO_PSI,Arduino,0.000,0.000,0.000,,
467.832086,2026-03-16 16:49:23.572,ARDUINO_PSI,Arduino,0.000,0.000,0.000,,
467.932081,2026-03-16 16:49:23.672,ARDUINO_PSI,Arduino,0.000,0.000,0.000,,
468.032089,2026-03-16 16:49:23.772,ARDUINO_PSI,Arduino,0.000,0.000,0.000,,
468.132337,2026-03-16 16:49:23.872,ARDUINO_PSI,Arduino,0.000,0.000,0.000,,
468.232084,2026-03-16 16:49:23.972,ARDUINO_PSI,Arduino,0.000,0.000,0.000,,
468.332655,2026-03-16 16:49:24.073,ARDUINO_PSI,Arduino,0.000,0.000,0.000,,
468.432215,2026-03-16 16:49:24.172,ARDUINO_PSI,Arduino,0.000,0.000,0.000,,
468.532364,2026-03-16 16:49:24.272,ARDUINO_PSI,Arduino,0.000,0.000,0.000,,
468.632220,2026-03-16 16:49:24.372,ARDUINO_PSI,Arduino,0.000,0.000,0.000,,
468.732196,2026-03-16 16:49:24.472,ARDUINO_PSI,Arduino,0.000,0.000,0.000,,
468.832145,2026-03-16 16:49:24.572,ARDUINO_PSI,Arduino,0.000,0.000,0.000,,
468.932100,2026-03-16 16:49:24.672,ARDUINO_PSI,Arduino,0.000,0.000,0.000,,
469.032164,2026-03-16 16:49:24.772,ARDUINO_PSI,Arduino,0.000,0.000,0.000,,
469.132104,2026-03-16 16:49:24.872,ARDUINO_PSI,Arduino,0.000,0.000,0.000,,
469.232185,2026-03-16 16:49:24.972,ARDUINO_PSI,Arduino,0.000,0.000,0.000,,
469.332232,2026-03-16 16:49:25.072,ARDUINO_PSI,Arduino,0.000,0.000,0.000,,
469.432162,2026-03-16 16:49:25.172,ARDUINO_PSI,Arduino,0.000,0.000,0.000,,
469.532297,2026-03-16 16:49:25.272,ARDUINO_PSI,Arduino,0.000,0.000,0.000,,
469.632327,2026-03-16 16:49:25.372,ARDUINO_PSI,Arduino,0.000,0.000,0.000,,
469.732144,2026-03-16 16:49:25.472,ARDUINO_PSI,Arduino,0.000,0.000,0.000,,
469.832148,2026-03-16 16:49:25.572,ARDUINO_PSI,Arduino,0.000,0.000,0.000,,
469.932290,2026-03-16 16:49:25.672,ARDUINO_PSI,Arduino,0.000,0.000,0.000,,
470.032223,2026-03-16 16:49:25.772,ARDUINO_PSI,Arduino,0.000,0.000,0.000,,
470.132146,2026-03-16 16:49:25.872,ARDUINO_PSI,Arduino,0.000,0.000,0.000,,
470.232112,2026-03-16 16:49:25.972,ARDUINO_PSI,Arduino,0.000,0.000,0.000,,
470.332126,2026-03-16 16:49:26.072,ARDUINO_PSI,Arduino,0.000,0.000,0.000,,
470.432152,2026-03-16 16:49:26.172,ARDUINO_PSI,Arduino,0.000,0.000,0.000,,
470.532131,2026-03-16 16:49:26.272,ARDUINO_PSI,Arduino,0.000,0.000,0.000,,
470.632255,2026-03-16 16:49:26.372,ARDUINO_PSI,Arduino,0.000,0.000,0.000,,
470.732190,2026-03-16 16:49:26.472,ARDUINO_PSI,Arduino,0.000,0.000,0.000,,
470.832113,2026-03-16 16:49:26.572,ARDUINO_PSI,Arduino,0.000,0.000,0.000,,
470.932290,2026-03-16 16:49:26.672,ARDUINO_PSI,Arduino,0.000,0.000,0.000,,
471.032078,2026-03-16 16:49:26.772,ARDUINO_PSI,Arduino,0.000,0.000,0.000,,
471.132161,2026-03-16 16:49:26.872,ARDUINO_PSI,Arduino,0.000,0.000,0.000,,
471.233423,2026-03-16 16:49:26.974,ARDUINO_PSI,Arduino,0.000,0.000,0.000,,
471.332130,2026-03-16 16:49:27.072,ARDUINO_PSI,Arduino,0.000,0.000,0.000,,
471.432174,2026-03-16 16:49:27.172,ARDUINO_PSI,Arduino,0.000,0.000,0.000,,
471.532074,2026-03-16 16:49:27.272,ARDUINO_PSI,Arduino,0.000,0.000,0.000,,
471.632224,2026-03-16 16:49:27.372,ARDUINO_PSI,Arduino,0.000,0.000,0.000,,
471.732123,2026-03-16 16:49:27.472,ARDUINO_PSI,Arduino,0.000,0.000,0.000,,
471.832138,2026-03-16 16:49:27.572,ARDUINO_PSI,Arduino,0.000,0.000,0.000,,
471.932157,2026-03-16 16:49:27.672,ARDUINO_PSI,Arduino,0.000,0.000,0.000,,
472.032116,2026-03-16 16:49:27.772,ARDUINO_PSI,Arduino,0.000,0.000,0.000,,
472.132270,2026-03-16 16:49:27.872,ARDUINO_PSI,Arduino,0.000,0.000,0.000,,
472.232079,2026-03-16 16:49:27.972,ARDUINO_PSI,Arduino,0.000,0.000,0.000,,
472.332160,2026-03-16 16:49:28.072,ARDUINO_PSI,Arduino,0.000,0.000,0.000,,
472.432111,2026-03-16 16:49:28.172,ARDUINO_PSI,Arduino,0.000,0.000,0.000,,
472.532193,2026-03-16 16:49:28.272,ARDUINO_PSI,Arduino,0.000,0.000,0.000,,
472.632184,2026-03-16 16:49:28.372,ARDUINO_PSI,Arduino,0.000,0.000,0.000,,
472.732205,2026-03-16 16:49:28.472,ARDUINO_PSI,Arduino,0.000,0.000,0.000,,
472.832364,2026-03-16 16:49:28.572,ARDUINO_PSI,Arduino,0.000,0.000,0.000,,
472.932170,2026-03-16 16:49:28.672,ARDUINO_PSI,Arduino,0.000,0.000,0.000,,
473.032250,2026-03-16 16:49:28.772,ARDUINO_PSI,Arduino,0.000,0.000,0.000,,
473.132255,2026-03-16 16:49:28.872,ARDUINO_PSI,Arduino,0.000,0.000,0.000,,
473.232189,2026-03-16 16:49:28.972,ARDUINO_PSI,Arduino,0.000,0.000,0.000,,
473.332290,2026-03-16 16:49:29.072,ARDUINO_PSI,Arduino,0.000,0.000,0.000,,
473.432169,2026-03-16 16:49:29.172,ARDUINO_PSI,Arduino,0.000,0.000,0.000,,
473.532809,2026-03-16 16:49:29.273,ARDUINO_PSI,Arduino,0.000,0.000,0.000,,
473.632213,2026-03-16 16:49:29.372,ARDUINO_PSI,Arduino,0.000,0.000,0.000,,
473.732190,2026-03-16 16:49:29.472,ARDUINO_PSI,Arduino,0.000,0.000,0.000,,
473.832162,2026-03-16 16:49:29.572,ARDUINO_PSI,Arduino,0.000,0.000,0.000,,
473.932206,2026-03-16 16:49:29.672,ARDUINO_PSI,Arduino,0.000,0.000,0.000,,
474.032162,2026-03-16 16:49:29.772,ARDUINO_PSI,Arduino,0.000,0.000,0.000,,
474.132222,2026-03-16 16:49:29.872,ARDUINO_PSI,Arduino,0.000,0.000,0.000,,
474.232640,2026-03-16 16:49:29.973,ARDUINO_PSI,Arduino,0.000,0.000,0.000,,
474.332123,2026-03-16 16:49:30.072,ARDUINO_PSI,Arduino,0.000,0.000,0.000,,
474.432212,2026-03-16 16:49:30.172,ARDUINO_PSI,Arduino,0.000,0.000,0.000,,
474.532103,2026-03-16 16:49:30.272,ARDUINO_PSI,Arduino,0.000,0.000,0.000,,
474.632131,2026-03-16 16:49:30.372,ARDUINO_PSI,Arduino,0.000,0.000,0.000,,
474.732399,2026-03-16 16:49:30.473,ARDUINO_PSI,Arduino,0.000,0.000,0.000,,
474.832132,2026-03-16 16:49:30.572,ARDUINO_PSI,Arduino,0.000,0.000,0.000,,
474.932285,2026-03-16 16:49:30.672,ARDUINO_PSI,Arduino,0.000,0.000,0.000,,
475.032143,2026-03-16 16:49:30.772,ARDUINO_PSI,Arduino,0.000,0.000,0.000,,
475.132201,2026-03-16 16:49:30.872,ARDUINO_PSI,Arduino,0.000,0.000,0.000,,
475.232493,2026-03-16 16:49:30.973,ARDUINO_PSI,Arduino,0.000,0.000,0.000,,
475.332116,2026-03-16 16:49:31.072,ARDUINO_PSI,Arduino,0.000,0.000,0.000,,
475.432352,2026-03-16 16:49:31.172,ARDUINO_PSI,Arduino,0.000,0.000,0.000,,
475.532151,2026-03-16 16:49:31.272,ARDUINO_PSI,Arduino,0.000,0.000,0.000,,
475.632509,2026-03-16 16:49:31.373,ARDUINO_PSI,Arduino,0.000,0.000,0.000,,
475.732113,2026-03-16 16:49:31.472,ARDUINO_PSI,Arduino,0.000,0.000,0.000,,
475.832116,2026-03-16 16:49:31.572,ARDUINO_PSI,Arduino,0.000,0.000,0.000,,
475.932169,2026-03-16 16:49:31.672,ARDUINO_PSI,Arduino,0.000,0.000,0.000,,
476.032117,2026-03-16 16:49:31.772,ARDUINO_PSI,Arduino,0.000,0.000,0.000,,
476.132171,2026-03-16 16:49:31.872,ARDUINO_PSI,Arduino,0.000,0.000,0.000,,
476.232117,2026-03-16 16:49:31.972,ARDUINO_PSI,Arduino,0.000,0.000,0.000,,
476.332168,2026-03-16 16:49:32.072,ARDUINO_PSI,Arduino,0.000,0.000,0.000,,
476.432169,2026-03-16 16:49:32.172,ARDUINO_PSI,Arduino,0.000,0.000,0.000,,
476.532315,2026-03-16 16:49:32.272,ARDUINO_PSI,Arduino,0.000,0.000,0.000,,
476.632166,2026-03-16 16:49:32.372,ARDUINO_PSI,Arduino,0.000,0.000,0.000,,
476.732134,2026-03-16 16:49:32.472,ARDUINO_PSI,Arduino,0.000,0.000,0.000,,
476.832164,2026-03-16 16:49:32.572,ARDUINO_PSI,Arduino,0.000,0.000,0.000,,
476.932123,2026-03-16 16:49:32.672,ARDUINO_PSI,Arduino,0.000,0.000,0.000,,
477.032170,2026-03-16 16:49:32.772,ARDUINO_PSI,Arduino,0.000,0.000,0.000,,
477.132282,2026-03-16 16:49:32.872,ARDUINO_PSI,Arduino,0.000,0.000,0.000,,
477.232129,2026-03-16 16:49:32.972,ARDUINO_PSI,Arduino,0.000,0.000,0.000,,
477.332201,2026-03-16 16:49:33.072,ARDUINO_PSI,Arduino,0.000,0.000,0.000,,
477.432140,2026-03-16 16:49:33.172,ARDUINO_PSI,Arduino,0.000,0.000,0.000,,
477.532649,2026-03-16 16:49:33.273,ARDUINO_PSI,Arduino,0.000,0.000,0.000,,
477.632109,2026-03-16 16:49:33.372,ARDUINO_PSI,Arduino,0.000,0.000,0.000,,
477.732198,2026-03-16 16:49:33.472,ARDUINO_PSI,Arduino,0.000,0.000,0.000,,
477.832167,2026-03-16 16:49:33.572,ARDUINO_PSI,Arduino,0.000,0.000,0.000,,
477.932180,2026-03-16 16:49:33.672,ARDUINO_PSI,Arduino,0.000,0.000,0.000,,
478.032455,2026-03-16 16:49:33.773,ARDUINO_PSI,Arduino,0.000,0.000,0.000,,
478.132161,2026-03-16 16:49:33.872,ARDUINO_PSI,Arduino,0.000,0.000,0.000,,
478.232156,2026-03-16 16:49:33.972,ARDUINO_PSI,Arduino,0.000,0.000,0.000,,
478.332183,2026-03-16 16:49:34.072,ARDUINO_PSI,Arduino,0.000,0.000,0.000,,
478.432126,2026-03-16 16:49:34.172,ARDUINO_PSI,Arduino,0.000,0.000,0.000,,
478.532156,2026-03-16 16:49:34.272,ARDUINO_PSI,Arduino,0.000,0.000,0.000,,
478.632189,2026-03-16 16:49:34.372,ARDUINO_PSI,Arduino,0.000,0.000,0.000,,
478.732460,2026-03-16 16:49:34.473,ARDUINO_PSI,Arduino,0.000,0.000,0.000,,
478.832160,2026-03-16 16:49:34.572,ARDUINO_PSI,Arduino,0.000,0.000,0.000,,
478.932169,2026-03-16 16:49:34.672,ARDUINO_PSI,Arduino,0.000,0.000,0.000,,
479.032158,2026-03-16 16:49:34.772,ARDUINO_PSI,Arduino,0.000,0.000,0.000,,
479.132197,2026-03-16 16:49:34.872,ARDUINO_PSI,Arduino,0.000,0.000,0.000,,
479.232495,2026-03-16 16:49:34.973,ARDUINO_PSI,Arduino,0.000,0.000,0.000,,
479.332111,2026-03-16 16:49:35.072,ARDUINO_PSI,Arduino,0.000,0.000,0.000,,
479.432166,2026-03-16 16:49:35.172,ARDUINO_PSI,Arduino,0.000,0.000,0.000,,
479.532153,2026-03-16 16:49:35.272,ARDUINO_PSI,Arduino,0.000,0.000,0.000,,
479.632248,2026-03-16 16:49:35.372,ARDUINO_PSI,Arduino,0.000,0.000,0.000,,
479.732207,2026-03-16 16:49:35.472,ARDUINO_PSI,Arduino,0.000,0.000,0.000,,
479.832112,2026-03-16 16:49:35.572,ARDUINO_PSI,Arduino,0.000,0.000,0.000,,
479.932180,2026-03-16 16:49:35.672,ARDUINO_PSI,Arduino,0.000,0.000,0.000,,
480.032608,2026-03-16 16:49:35.773,ARDUINO_PSI,Arduino,0.000,0.000,0.000,,
480.132272,2026-03-16 16:49:35.872,ARDUINO_PSI,Arduino,0.000,0.000,0.000,,
480.232468,2026-03-16 16:49:35.973,ARDUINO_PSI,Arduino,0.000,0.000,0.000,,
480.332201,2026-03-16 16:49:36.072,ARDUINO_PSI,Arduino,0.000,0.000,0.000,,
480.432238,2026-03-16 16:49:36.172,ARDUINO_PSI,Arduino,0.000,0.000,0.000,,
480.532160,2026-03-16 16:49:36.272,ARDUINO_PSI,Arduino,0.000,0.000,0.000,,
480.632157,2026-03-16 16:49:36.372,ARDUINO_PSI,Arduino,0.000,0.000,0.000,,
480.732114,2026-03-16 16:49:36.472,ARDUINO_PSI,Arduino,0.000,0.000,0.000,,
480.832262,2026-03-16 16:49:36.572,ARDUINO_PSI,Arduino,0.000,0.000,0.000,,
480.932138,2026-03-16 16:49:36.672,ARDUINO_PSI,Arduino,0.000,0.000,0.000,,
481.032155,2026-03-16 16:49:36.772,ARDUINO_PSI,Arduino,0.000,0.000,0.000,,
481.132161,2026-03-16 16:49:36.872,ARDUINO_PSI,Arduino,0.000,0.000,0.000,,
481.232108,2026-03-16 16:49:36.972,ARDUINO_PSI,Arduino,0.000,0.000,0.000,,
481.332112,2026-03-16 16:49:37.072,ARDUINO_PSI,Arduino,0.000,0.000,0.000,,
481.432302,2026-03-16 16:49:37.172,ARDUINO_PSI,Arduino,0.000,0.000,0.000,,
481.532154,2026-03-16 16:49:37.272,ARDUINO_PSI,Arduino,0.000,0.000,0.000,,
481.633045,2026-03-16 16:49:37.373,ARDUINO_PSI,Arduino,0.000,0.000,0.000,,
481.732160,2026-03-16 16:49:37.472,ARDUINO_PSI,Arduino,0.000,0.000,0.000,,
481.832153,2026-03-16 16:49:37.572,ARDUINO_PSI,Arduino,0.000,0.000,0.000,,
481.932111,2026-03-16 16:49:37.672,ARDUINO_PSI,Arduino,0.000,0.000,0.000,,
482.032153,2026-03-16 16:49:37.772,ARDUINO_PSI,Arduino,0.000,0.000,0.000,,
482.132156,2026-03-16 16:49:37.872,ARDUINO_PSI,Arduino,0.000,0.000,0.000,,
482.232206,2026-03-16 16:49:37.972,ARDUINO_PSI,Arduino,0.000,0.000,0.000,,
482.332203,2026-03-16 16:49:38.072,ARDUINO_PSI,Arduino,0.000,0.000,0.000,,
482.432149,2026-03-16 16:49:38.172,ARDUINO_PSI,Arduino,0.000,0.000,0.000,,
482.532109,2026-03-16 16:49:38.272,ARDUINO_PSI,Arduino,0.000,0.000,0.000,,
482.632104,2026-03-16 16:49:38.372,ARDUINO_PSI,Arduino,0.000,0.000,0.000,,
482.732380,2026-03-16 16:49:38.473,ARDUINO_PSI,Arduino,0.000,0.000,0.000,,
482.832106,2026-03-16 16:49:38.572,ARDUINO_PSI,Arduino,0.000,0.000,0.000,,
482.932152,2026-03-16 16:49:38.672,ARDUINO_PSI,Arduino,0.000,0.000,0.000,,
483.032333,2026-03-16 16:49:38.772,ARDUINO_PSI,Arduino,0.000,0.000,0.000,,
483.132136,2026-03-16 16:49:38.872,ARDUINO_PSI,Arduino,0.000,0.000,0.000,,
483.232243,2026-03-16 16:49:38.972,ARDUINO_PSI,Arduino,0.000,0.000,0.000,,
483.332110,2026-03-16 16:49:39.072,ARDUINO_PSI,Arduino,0.000,0.000,0.000,,
483.432302,2026-03-16 16:49:39.172,ARDUINO_PSI,Arduino,0.000,0.000,0.000,,
483.532491,2026-03-16 16:49:39.273,ARDUINO_PSI,Arduino,0.000,0.000,0.000,,
483.632122,2026-03-16 16:49:39.372,ARDUINO_PSI,Arduino,0.000,0.000,0.000,,
483.732203,2026-03-16 16:49:39.472,ARDUINO_PSI,Arduino,0.000,0.000,0.000,,
483.832151,2026-03-16 16:49:39.572,ARDUINO_PSI,Arduino,0.000,0.000,0.000,,
483.932103,2026-03-16 16:49:39.672,ARDUINO_PSI,Arduino,0.000,0.000,0.000,,
484.032101,2026-03-16 16:49:39.772,ARDUINO_PSI,Arduino,0.000,0.000,0.000,,
484.132189,2026-03-16 16:49:39.872,ARDUINO_PSI,Arduino,0.000,0.000,0.000,,
484.232651,2026-03-16 16:49:39.973,ARDUINO_PSI,Arduino,0.000,0.000,0.000,,
484.332150,2026-03-16 16:49:40.072,ARDUINO_PSI,Arduino,0.000,0.000,0.000,,
484.432195,2026-03-16 16:49:40.172,ARDUINO_PSI,Arduino,0.000,0.000,0.000,,
484.532154,2026-03-16 16:49:40.272,ARDUINO_PSI,Arduino,0.000,0.000,0.000,,
484.632201,2026-03-16 16:49:40.372,ARDUINO_PSI,Arduino,0.000,0.000,0.000,,
484.732145,2026-03-16 16:49:40.472,ARDUINO_PSI,Arduino,0.000,0.000,0.000,,
484.832159,2026-03-16 16:49:40.572,ARDUINO_PSI,Arduino,0.000,0.000,0.000,,
484.932095,2026-03-16 16:49:40.672,ARDUINO_PSI,Arduino,0.000,0.000,0.000,,
485.032147,2026-03-16 16:49:40.772,ARDUINO_PSI,Arduino,0.000,0.000,0.000,,
485.132434,2026-03-16 16:49:40.873,ARDUINO_PSI,Arduino,0.000,0.000,0.000,,
485.232150,2026-03-16 16:49:40.972,ARDUINO_PSI,Arduino,0.000,0.000,0.000,,
485.332155,2026-03-16 16:49:41.072,ARDUINO_PSI,Arduino,0.000,0.000,0.000,,
485.432100,2026-03-16 16:49:41.172,ARDUINO_PSI,Arduino,0.000,0.000,0.000,,
485.532156,2026-03-16 16:49:41.272,ARDUINO_PSI,Arduino,0.000,0.000,0.000,,
485.632172,2026-03-16 16:49:41.372,ARDUINO_PSI,Arduino,0.000,0.000,0.000,,
485.732146,2026-03-16 16:49:41.472,ARDUINO_PSI,Arduino,0.000,0.000,0.000,,
485.832110,2026-03-16 16:49:41.572,ARDUINO_PSI,Arduino,0.000,0.000,0.000,,
485.932108,2026-03-16 16:49:41.672,ARDUINO_PSI,Arduino,0.000,0.000,0.000,,
486.032191,2026-03-16 16:49:41.772,ARDUINO_PSI,Arduino,0.000,0.000,0.000,,
486.132101,2026-03-16 16:49:41.872,ARDUINO_PSI,Arduino,0.000,0.000,0.000,,
486.232099,2026-03-16 16:49:41.972,ARDUINO_PSI,Arduino,0.000,0.000,0.000,,
486.332190,2026-03-16 16:49:42.072,ARDUINO_PSI,Arduino,0.000,0.000,0.000,,
486.432271,2026-03-16 16:49:42.172,ARDUINO_PSI,Arduino,0.000,0.000,0.000,,
486.532230,2026-03-16 16:49:42.272,ARDUINO_PSI,Arduino,0.000,0.000,0.000,,
486.632202,2026-03-16 16:49:42.372,ARDUINO_PSI,Arduino,0.000,0.000,0.000,,
486.732319,2026-03-16 16:49:42.472,ARDUINO_PSI,Arduino,0.000,0.000,0.000,,
486.832178,2026-03-16 16:49:42.572,ARDUINO_PSI,Arduino,0.000,0.000,0.000,,
486.932216,2026-03-16 16:49:42.672,ARDUINO_PSI,Arduino,0.000,0.000,0.000,,
487.032408,2026-03-16 16:49:42.773,ARDUINO_PSI,Arduino,0.000,0.000,0.000,,
487.132269,2026-03-16 16:49:42.872,ARDUINO_PSI,Arduino,0.000,0.000,0.000,,
487.232320,2026-03-16 16:49:42.972,ARDUINO_PSI,Arduino,0.000,0.000,0.000,,
487.332093,2026-03-16 16:49:43.072,ARDUINO_PSI,Arduino,0.000,0.000,0.000,,
487.432203,2026-03-16 16:49:43.172,ARDUINO_PSI,Arduino,0.000,0.000,0.000,,
487.532144,2026-03-16 16:49:43.272,ARDUINO_PSI,Arduino,0.000,0.000,0.000,,
487.632141,2026-03-16 16:49:43.372,ARDUINO_PSI,Arduino,0.000,0.000,0.000,,
487.732314,2026-03-16 16:49:43.472,ARDUINO_PSI,Arduino,0.000,0.000,0.000,,
487.832229,2026-03-16 16:49:43.572,ARDUINO_PSI,Arduino,0.000,0.000,0.000,,
487.932203,2026-03-16 16:49:43.672,ARDUINO_PSI,Arduino,0.000,0.000,0.000,,
488.032195,2026-03-16 16:49:43.772,ARDUINO_PSI,Arduino,0.000,0.000,0.000,,
488.132291,2026-03-16 16:49:43.872,ARDUINO_PSI,Arduino,0.000,0.000,0.000,,
488.232477,2026-03-16 16:49:43.973,ARDUINO_PSI,Arduino,0.000,0.000,0.000,,
488.332150,2026-03-16 16:49:44.072,ARDUINO_PSI,Arduino,0.000,0.000,0.000,,
488.432411,2026-03-16 16:49:44.173,ARDUINO_PSI,Arduino,0.000,0.000,0.000,,
488.532149,2026-03-16 16:49:44.272,ARDUINO_PSI,Arduino,0.000,0.000,0.000,,
488.632367,2026-03-16 16:49:44.372,ARDUINO_PSI,Arduino,0.000,0.000,0.000,,
488.732142,2026-03-16 16:49:44.472,ARDUINO_PSI,Arduino,0.000,0.000,0.000,,
488.832154,2026-03-16 16:49:44.572,ARDUINO_PSI,Arduino,0.000,0.000,0.000,,
488.932169,2026-03-16 16:49:44.672,ARDUINO_PSI,Arduino,0.000,0.000,0.000,,
489.032137,2026-03-16 16:49:44.772,ARDUINO_PSI,Arduino,0.000,0.000,0.000,,
489.132209,2026-03-16 16:49:44.872,ARDUINO_PSI,Arduino,0.000,0.000,0.000,,
489.232396,2026-03-16 16:49:44.973,ARDUINO_PSI,Arduino,0.000,0.000,0.000,,
489.332134,2026-03-16 16:49:45.072,ARDUINO_PSI,Arduino,0.000,0.000,0.000,,
489.432172,2026-03-16 16:49:45.172,ARDUINO_PSI,Arduino,0.000,0.000,0.000,,
489.532337,2026-03-16 16:49:45.272,ARDUINO_PSI,Arduino,0.000,0.000,0.000,,
489.632107,2026-03-16 16:49:45.372,ARDUINO_PSI,Arduino,0.000,0.000,0.000,,
489.732392,2026-03-16 16:49:45.473,ARDUINO_PSI,Arduino,0.000,0.000,0.000,,
489.832139,2026-03-16 16:49:45.572,ARDUINO_PSI,Arduino,0.000,0.000,0.000,,
489.932168,2026-03-16 16:49:45.672,ARDUINO_PSI,Arduino,0.000,0.000,0.000,,
490.032240,2026-03-16 16:49:45.772,ARDUINO_PSI,Arduino,0.000,0.000,0.000,,
490.132220,2026-03-16 16:49:45.872,ARDUINO_PSI,Arduino,0.000,0.000,0.000,,
490.232143,2026-03-16 16:49:45.972,ARDUINO_PSI,Arduino,0.000,0.000,0.000,,
490.332134,2026-03-16 16:49:46.072,ARDUINO_PSI,Arduino,0.000,0.000,0.000,,
490.432263,2026-03-16 16:49:46.172,ARDUINO_PSI,Arduino,0.000,0.000,0.000,,
490.532136,2026-03-16 16:49:46.272,ARDUINO_PSI,Arduino,0.000,0.000,0.000,,
490.632305,2026-03-16 16:49:46.372,ARDUINO_PSI,Arduino,0.000,0.000,0.000,,
490.732525,2026-03-16 16:49:46.473,ARDUINO_PSI,Arduino,0.000,0.000,0.000,,
490.832134,2026-03-16 16:49:46.572,ARDUINO_PSI,Arduino,0.000,0.000,0.000,,
490.932353,2026-03-16 16:49:46.672,ARDUINO_PSI,Arduino,0.000,0.000,0.000,,
491.032249,2026-03-16 16:49:46.772,ARDUINO_PSI,Arduino,0.000,0.000,0.000,,
491.132245,2026-03-16 16:49:46.872,ARDUINO_PSI,Arduino,0.000,0.000,0.000,,
491.232498,2026-03-16 16:49:46.973,ARDUINO_PSI,Arduino,0.000,0.000,0.000,,
491.332129,2026-03-16 16:49:47.072,ARDUINO_PSI,Arduino,0.000,0.000,0.000,,
491.432186,2026-03-16 16:49:47.172,ARDUINO_PSI,Arduino,0.000,0.000,0.000,,
491.532182,2026-03-16 16:49:47.272,ARDUINO_PSI,Arduino,0.000,0.000,0.000,,
491.632185,2026-03-16 16:49:47.372,ARDUINO_PSI,Arduino,0.000,0.000,0.000,,
491.732205,2026-03-16 16:49:47.472,ARDUINO_PSI,Arduino,0.000,0.000,0.000,,
491.832221,2026-03-16 16:49:47.572,ARDUINO_PSI,Arduino,0.000,0.000,0.000,,
491.932433,2026-03-16 16:49:47.673,ARDUINO_PSI,Arduino,0.000,0.000,0.000,,
492.032179,2026-03-16 16:49:47.772,ARDUINO_PSI,Arduino,0.000,0.000,0.000,,
492.132287,2026-03-16 16:49:47.872,ARDUINO_PSI,Arduino,0.000,0.000,0.000,,
492.232168,2026-03-16 16:49:47.972,ARDUINO_PSI,Arduino,0.000,0.000,0.000,,
492.332406,2026-03-16 16:49:48.073,ARDUINO_PSI,Arduino,0.000,0.000,0.000,,
492.432182,2026-03-16 16:49:48.172,ARDUINO_PSI,Arduino,0.000,0.000,0.000,,
492.532237,2026-03-16 16:49:48.272,ARDUINO_PSI,Arduino,0.000,0.000,0.000,,
492.632468,2026-03-16 16:49:48.373,ARDUINO_PSI,Arduino,0.000,0.000,0.000,,
492.732190,2026-03-16 16:49:48.472,ARDUINO_PSI,Arduino,0.000,0.000,0.000,,
492.832265,2026-03-16 16:49:48.572,ARDUINO_PSI,Arduino,0.000,0.000,0.000,,
492.932340,2026-03-16 16:49:48.672,ARDUINO_PSI,Arduino,0.000,0.000,0.000,,
493.032187,2026-03-16 16:49:48.772,ARDUINO_PSI,Arduino,0.000,0.000,0.000,,
493.132204,2026-03-16 16:49:48.872,ARDUINO_PSI,Arduino,0.000,0.000,0.000,,
493.232157,2026-03-16 16:49:48.972,ARDUINO_PSI,Arduino,0.000,0.000,0.000,,
493.332174,2026-03-16 16:49:49.072,ARDUINO_PSI,Arduino,0.000,0.000,0.000,,
493.432228,2026-03-16 16:49:49.172,ARDUINO_PSI,Arduino,0.000,0.000,0.000,,
493.532212,2026-03-16 16:49:49.272,ARDUINO_PSI,Arduino,0.000,0.000,0.000,,
493.632584,2026-03-16 16:49:49.373,ARDUINO_PSI,Arduino,0.000,0.000,0.000,,
493.732181,2026-03-16 16:49:49.472,ARDUINO_PSI,Arduino,0.000,0.000,0.000,,
493.832167,2026-03-16 16:49:49.572,ARDUINO_PSI,Arduino,0.000,0.000,0.000,,
493.932180,2026-03-16 16:49:49.672,ARDUINO_PSI,Arduino,0.000,0.000,0.000,,
494.032369,2026-03-16 16:49:49.772,ARDUINO_PSI,Arduino,0.000,0.000,0.000,,
494.132320,2026-03-16 16:49:49.872,ARDUINO_PSI,Arduino,0.000,0.000,0.000,,
494.232241,2026-03-16 16:49:49.972,ARDUINO_PSI,Arduino,0.000,0.000,0.000,,
494.332169,2026-03-16 16:49:50.072,ARDUINO_PSI,Arduino,0.000,0.000,0.000,,
494.432204,2026-03-16 16:49:50.172,ARDUINO_PSI,Arduino,0.000,0.000,0.000,,
494.532232,2026-03-16 16:49:50.272,ARDUINO_PSI,Arduino,0.000,0.000,0.000,,
494.632198,2026-03-16 16:49:50.372,ARDUINO_PSI,Arduino,0.000,0.000,0.000,,
494.732170,2026-03-16 16:49:50.472,ARDUINO_PSI,Arduino,0.000,0.000,0.000,,
494.832133,2026-03-16 16:49:50.572,ARDUINO_PSI,Arduino,0.000,0.000,0.000,,
494.932194,2026-03-16 16:49:50.672,ARDUINO_PSI,Arduino,0.000,0.000,0.000,,
495.032267,2026-03-16 16:49:50.772,ARDUINO_PSI,Arduino,0.000,0.000,0.000,,
495.132365,2026-03-16 16:49:50.872,ARDUINO_PSI,Arduino,0.000,0.000,0.000,,
495.232197,2026-03-16 16:49:50.972,ARDUINO_PSI,Arduino,0.000,0.000,0.000,,
495.332181,2026-03-16 16:49:51.072,ARDUINO_PSI,Arduino,0.000,0.000,0.000,,
495.432200,2026-03-16 16:49:51.172,ARDUINO_PSI,Arduino,0.000,0.000,0.000,,
495.532180,2026-03-16 16:49:51.272,ARDUINO_PSI,Arduino,0.000,0.000,0.000,,
495.632222,2026-03-16 16:49:51.372,ARDUINO_PSI,Arduino,0.000,0.000,0.000,,
495.732119,2026-03-16 16:49:51.472,ARDUINO_PSI,Arduino,0.000,0.000,0.000,,
495.833068,2026-03-16 16:49:51.573,ARDUINO_PSI,Arduino,0.000,0.000,0.000,,
495.932212,2026-03-16 16:49:51.672,ARDUINO_PSI,Arduino,0.000,0.000,0.000,,
496.032365,2026-03-16 16:49:51.772,ARDUINO_PSI,Arduino,0.000,0.000,0.000,,
496.132326,2026-03-16 16:49:51.872,ARDUINO_PSI,Arduino,0.000,0.000,0.000,,
496.232194,2026-03-16 16:49:51.972,ARDUINO_PSI,Arduino,0.000,0.000,0.000,,
496.332173,2026-03-16 16:49:52.072,ARDUINO_PSI,Arduino,0.000,0.000,0.000,,
496.432422,2026-03-16 16:49:52.173,ARDUINO_PSI,Arduino,0.000,0.000,0.000,,
496.532204,2026-03-16 16:49:52.272,ARDUINO_PSI,Arduino,0.000,0.000,0.000,,
496.632320,2026-03-16 16:49:52.372,ARDUINO_PSI,Arduino,0.000,0.000,0.000,,
496.732519,2026-03-16 16:49:52.473,ARDUINO_PSI,Arduino,0.000,0.000,0.000,,
496.833314,2026-03-16 16:49:52.573,ARDUINO_PSI,Arduino,0.000,0.000,0.000,,
496.932176,2026-03-16 16:49:52.672,ARDUINO_PSI,Arduino,0.000,0.000,0.000,,
497.032253,2026-03-16 16:49:52.772,ARDUINO_PSI,Arduino,0.000,0.000,0.000,,
497.132168,2026-03-16 16:49:52.872,ARDUINO_PSI,Arduino,0.000,0.000,0.000,,
497.232226,2026-03-16 16:49:52.972,ARDUINO_PSI,Arduino,0.000,0.000,0.000,,
497.332629,2026-03-16 16:49:53.073,ARDUINO_PSI,Arduino,0.000,0.000,0.000,,
497.432183,2026-03-16 16:49:53.172,ARDUINO_PSI,Arduino,0.000,0.000,0.000,,
497.532179,2026-03-16 16:49:53.272,ARDUINO_PSI,Arduino,0.000,0.000,0.000,,
497.632587,2026-03-16 16:49:53.373,ARDUINO_PSI,Arduino,0.000,0.000,0.000,,
497.732187,2026-03-16 16:49:53.472,ARDUINO_PSI,Arduino,0.000,0.000,0.000,,
497.832262,2026-03-16 16:49:53.572,ARDUINO_PSI,Arduino,0.000,0.000,0.000,,
497.932235,2026-03-16 16:49:53.672,ARDUINO_PSI,Arduino,0.000,0.000,0.000,,
498.032371,2026-03-16 16:49:53.772,ARDUINO_PSI,Arduino,0.000,0.000,0.000,,
498.132240,2026-03-16 16:49:53.872,ARDUINO_PSI,Arduino,0.000,0.000,0.000,,
498.232172,2026-03-16 16:49:53.972,ARDUINO_PSI,Arduino,0.000,0.000,0.000,,
498.332236,2026-03-16 16:49:54.072,ARDUINO_PSI,Arduino,0.000,0.000,0.000,,
498.432227,2026-03-16 16:49:54.172,ARDUINO_PSI,Arduino,0.000,0.000,0.000,,
498.532266,2026-03-16 16:49:54.272,ARDUINO_PSI,Arduino,0.000,0.000,0.000,,
498.632197,2026-03-16 16:49:54.372,ARDUINO_PSI,Arduino,0.000,0.000,0.000,,
498.732173,2026-03-16 16:49:54.472,ARDUINO_PSI,Arduino,0.000,0.000,0.000,,
498.832199,2026-03-16 16:49:54.572,ARDUINO_PSI,Arduino,0.000,0.000,0.000,,
498.932216,2026-03-16 16:49:54.672,ARDUINO_PSI,Arduino,0.000,0.000,0.000,,
499.032382,2026-03-16 16:49:54.773,ARDUINO_PSI,Arduino,0.000,0.000,0.000,,
499.132214,2026-03-16 16:49:54.872,ARDUINO_PSI,Arduino,0.000,0.000,0.000,,
499.232175,2026-03-16 16:49:54.972,ARDUINO_PSI,Arduino,0.000,0.000,0.000,,
499.332261,2026-03-16 16:49:55.072,ARDUINO_PSI,Arduino,0.000,0.000,0.000,,
499.432213,2026-03-16 16:49:55.172,ARDUINO_PSI,Arduino,0.000,0.000,0.000,,
499.532202,2026-03-16 16:49:55.272,ARDUINO_PSI,Arduino,0.000,0.000,0.000,,
499.632195,2026-03-16 16:49:55.372,ARDUINO_PSI,Arduino,0.000,0.000,0.000,,
499.732188,2026-03-16 16:49:55.472,ARDUINO_PSI,Arduino,0.000,0.000,0.000,,
499.832862,2026-03-16 16:49:55.573,ARDUINO_PSI,Arduino,0.000,0.000,0.000,,
499.932317,2026-03-16 16:49:55.672,ARDUINO_PSI,Arduino,0.000,0.000,0.000,,
500.032241,2026-03-16 16:49:55.772,ARDUINO_PSI,Arduino,0.000,0.000,0.000,,
500.132429,2026-03-16 16:49:55.873,ARDUINO_PSI,Arduino,0.000,0.000,0.000,,
500.232174,2026-03-16 16:49:55.972,ARDUINO_PSI,Arduino,0.000,0.000,0.000,,
500.332198,2026-03-16 16:49:56.072,ARDUINO_PSI,Arduino,0.000,0.000,0.000,,
500.432320,2026-03-16 16:49:56.172,ARDUINO_PSI,Arduino,0.000,0.000,0.000,,
500.532911,2026-03-16 16:49:56.273,ARDUINO_PSI,Arduino,0.000,0.000,0.000,,
500.632274,2026-03-16 16:49:56.372,ARDUINO_PSI,Arduino,0.000,0.000,0.000,,
500.732271,2026-03-16 16:49:56.472,ARDUINO_PSI,Arduino,0.000,0.000,0.000,,
500.832251,2026-03-16 16:49:56.572,ARDUINO_PSI,Arduino,0.000,0.000,0.000,,
500.932493,2026-03-16 16:49:56.673,ARDUINO_PSI,Arduino,0.000,0.000,0.000,,
501.032333,2026-03-16 16:49:56.772,ARDUINO_PSI,Arduino,0.000,0.000,0.000,,
501.132533,2026-03-16 16:49:56.873,ARDUINO_PSI,Arduino,0.000,0.000,0.000,,
501.232483,2026-03-16 16:49:56.973,ARDUINO_PSI,Arduino,0.000,0.000,0.000,,
501.332261,2026-03-16 16:49:57.072,ARDUINO_PSI,Arduino,0.000,0.000,0.000,,
501.432670,2026-03-16 16:49:57.173,ARDUINO_PSI,Arduino,0.000,0.000,0.000,,
501.532263,2026-03-16 16:49:57.272,ARDUINO_PSI,Arduino,0.000,0.000,0.000,,
501.632371,2026-03-16 16:49:57.373,ARDUINO_PSI,Arduino,0.000,0.000,0.000,,
501.732187,2026-03-16 16:49:57.472,ARDUINO_PSI,Arduino,0.000,0.000,0.000,,
501.832211,2026-03-16 16:49:57.572,ARDUINO_PSI,Arduino,0.000,0.000,0.000,,
501.932783,2026-03-16 16:49:57.673,ARDUINO_PSI,Arduino,0.000,0.000,0.000,,
502.032249,2026-03-16 16:49:57.772,ARDUINO_PSI,Arduino,0.000,0.000,0.000,,
502.132442,2026-03-16 16:49:57.873,ARDUINO_PSI,Arduino,0.000,0.000,0.000,,
502.232384,2026-03-16 16:49:57.973,ARDUINO_PSI,Arduino,0.000,0.000,0.000,,
502.332204,2026-03-16 16:49:58.072,ARDUINO_PSI,Arduino,0.000,0.000,0.000,,
502.432295,2026-03-16 16:49:58.172,ARDUINO_PSI,Arduino,0.000,0.000,0.000,,
502.532521,2026-03-16 16:49:58.273,ARDUINO_PSI,Arduino,0.000,0.000,0.000,,
502.632266,2026-03-16 16:49:58.372,ARDUINO_PSI,Arduino,0.000,0.000,0.000,,
502.732304,2026-03-16 16:49:58.472,ARDUINO_PSI,Arduino,0.000,0.000,0.000,,
502.832160,2026-03-16 16:49:58.572,ARDUINO_PSI,Arduino,0.000,0.000,0.000,,
502.932251,2026-03-16 16:49:58.672,ARDUINO_PSI,Arduino,0.000,0.000,0.000,,
503.032283,2026-03-16 16:49:58.772,ARDUINO_PSI,Arduino,0.000,0.000,0.000,,
503.132208,2026-03-16 16:49:58.872,ARDUINO_PSI,Arduino,0.000,0.000,0.000,,
503.232252,2026-03-16 16:49:58.972,ARDUINO_PSI,Arduino,0.000,0.000,0.000,,
503.332254,2026-03-16 16:49:59.072,ARDUINO_PSI,Arduino,0.000,0.000,0.000,,
503.432467,2026-03-16 16:49:59.173,ARDUINO_PSI,Arduino,0.000,0.000,0.000,,
503.532927,2026-03-16 16:49:59.273,ARDUINO_PSI,Arduino,0.000,0.000,0.000,,
503.632975,2026-03-16 16:49:59.373,ARDUINO_PSI,Arduino,0.000,0.000,0.000,,
503.733646,2026-03-16 16:49:59.474,ARDUINO_PSI,Arduino,0.000,0.000,0.000,,
504.663093,2026-03-16 16:50:00.403,ARDUINO_PSI,Arduino,0.000,0.000,0.000,,
504.676924,2026-03-16 16:50:00.417,ARDUINO_PSI,Arduino,0.000,0.000,0.000,,
504.678000,2026-03-16 16:50:00.418,ARDUINO_PSI,Arduino,0.000,0.000,0.000,,
504.679015,2026-03-16 16:50:00.419,ARDUINO_PSI,Arduino,0.000,0.000,0.000,,
504.680914,2026-03-16 16:50:00.421,ARDUINO_PSI,Arduino,0.000,0.000,0.000,,
504.682215,2026-03-16 16:50:00.422,ARDUINO_PSI,Arduino,0.000,0.000,0.000,,
504.683276,2026-03-16 16:50:00.423,ARDUINO_PSI,Arduino,0.000,0.000,0.000,,
504.684377,2026-03-16 16:50:00.425,ARDUINO_PSI,Arduino,0.000,0.000,0.000,,
504.685942,2026-03-16 16:50:00.426,ARDUINO_PSI,Arduino,0.000,0.000,0.000,,
504.732498,2026-03-16 16:50:00.473,ARDUINO_PSI,Arduino,0.000,0.000,0.000,,
504.832170,2026-03-16 16:50:00.572,ARDUINO_PSI,Arduino,0.000,0.000,0.000,,
504.932228,2026-03-16 16:50:00.672,ARDUINO_PSI,Arduino,0.000,0.000,0.000,,
505.032209,2026-03-16 16:50:00.772,ARDUINO_PSI,Arduino,0.000,0.000,0.000,,
505.132274,2026-03-16 16:50:00.872,ARDUINO_PSI,Arduino,0.000,0.000,0.000,,
505.232559,2026-03-16 16:50:00.973,ARDUINO_PSI,Arduino,0.000,0.000,0.000,,
505.332414,2026-03-16 16:50:01.073,ARDUINO_PSI,Arduino,0.000,0.000,0.000,,
505.432539,2026-03-16 16:50:01.173,ARDUINO_PSI,Arduino,0.000,0.000,0.000,,
505.533433,2026-03-16 16:50:01.274,ARDUINO_PSI,Arduino,0.000,0.000,0.000,,
505.632245,2026-03-16 16:50:01.372,ARDUINO_PSI,Arduino,0.000,0.000,0.000,,
505.732619,2026-03-16 16:50:01.473,ARDUINO_PSI,Arduino,0.000,0.000,0.000,,
505.832277,2026-03-16 16:50:01.572,ARDUINO_PSI,Arduino,0.000,0.000,0.000,,
505.932238,2026-03-16 16:50:01.672,ARDUINO_PSI,Arduino,0.000,0.000,0.000,,
506.032318,2026-03-16 16:50:01.772,ARDUINO_PSI,Arduino,0.000,0.000,0.000,,
506.132540,2026-03-16 16:50:01.873,ARDUINO_PSI,Arduino,0.000,0.000,0.000,,
506.232158,2026-03-16 16:50:01.972,ARDUINO_PSI,Arduino,0.000,0.000,0.000,,
506.332215,2026-03-16 16:50:02.072,ARDUINO_PSI,Arduino,0.000,0.000,0.000,,
506.432334,2026-03-16 16:50:02.172,ARDUINO_PSI,Arduino,0.000,0.000,0.000,,
506.532272,2026-03-16 16:50:02.272,ARDUINO_PSI,Arduino,0.000,0.000,0.000,,
506.632492,2026-03-16 16:50:02.373,ARDUINO_PSI,Arduino,0.000,0.000,0.000,,
506.732231,2026-03-16 16:50:02.472,ARDUINO_PSI,Arduino,0.000,0.000,0.000,,
506.832281,2026-03-16 16:50:02.572,ARDUINO_PSI,Arduino,0.000,0.000,0.000,,
506.932375,2026-03-16 16:50:02.673,ARDUINO_PSI,Arduino,0.000,0.000,0.000,,
507.032250,2026-03-16 16:50:02.772,ARDUINO_PSI,Arduino,0.000,0.000,0.000,,
507.132251,2026-03-16 16:50:02.872,ARDUINO_PSI,Arduino,0.000,0.000,0.000,,
507.232153,2026-03-16 16:50:02.972,ARDUINO_PSI,Arduino,0.000,0.000,0.000,,
507.332207,2026-03-16 16:50:03.072,ARDUINO_PSI,Arduino,0.000,0.000,0.000,,
507.432285,2026-03-16 16:50:03.172,ARDUINO_PSI,Arduino,0.000,0.000,0.000,,
507.532323,2026-03-16 16:50:03.272,ARDUINO_PSI,Arduino,0.000,0.000,0.000,,
507.632496,2026-03-16 16:50:03.373,ARDUINO_PSI,Arduino,0.000,0.000,0.000,,
507.732330,2026-03-16 16:50:03.472,ARDUINO_PSI,Arduino,0.000,0.000,0.000,,
507.832706,2026-03-16 16:50:03.573,ARDUINO_PSI,Arduino,0.000,0.000,0.000,,
507.932767,2026-03-16 16:50:03.673,ARDUINO_PSI,Arduino,0.000,0.000,0.000,,
508.032535,2026-03-16 16:50:03.773,ARDUINO_PSI,Arduino,0.000,0.000,0.000,,
508.132392,2026-03-16 16:50:03.873,ARDUINO_PSI,Arduino,0.000,0.000,0.000,,
508.232459,2026-03-16 16:50:03.973,ARDUINO_PSI,Arduino,0.000,0.000,0.000,,
508.332325,2026-03-16 16:50:04.072,ARDUINO_PSI,Arduino,0.000,0.000,0.000,,
508.432914,2026-03-16 16:50:04.173,ARDUINO_PSI,Arduino,0.000,0.000,0.000,,
508.532425,2026-03-16 16:50:04.273,ARDUINO_PSI,Arduino,0.000,0.000,0.000,,
508.632412,2026-03-16 16:50:04.373,ARDUINO_PSI,Arduino,0.000,0.000,0.000,,
508.732481,2026-03-16 16:50:04.473,ARDUINO_PSI,Arduino,0.000,0.000,0.000,,
508.832494,2026-03-16 16:50:04.573,ARDUINO_PSI,Arduino,0.000,0.000,0.000,,
508.932858,2026-03-16 16:50:04.673,ARDUINO_PSI,Arduino,0.000,0.000,0.000,,
509.032771,2026-03-16 16:50:04.773,ARDUINO_PSI,Arduino,0.000,0.000,0.000,,
509.132958,2026-03-16 16:50:04.873,ARDUINO_PSI,Arduino,0.000,0.000,0.000,,
509.232621,2026-03-16 16:50:04.973,ARDUINO_PSI,Arduino,0.000,0.000,0.000,,
509.332189,2026-03-16 16:50:05.072,ARDUINO_PSI,Arduino,0.000,0.000,0.000,,
509.432288,2026-03-16 16:50:05.172,ARDUINO_PSI,Arduino,0.000,0.000,0.000,,
509.532212,2026-03-16 16:50:05.272,ARDUINO_PSI,Arduino,0.000,0.000,0.000,,
509.632467,2026-03-16 16:50:05.373,ARDUINO_PSI,Arduino,0.000,0.000,0.000,,
509.732491,2026-03-16 16:50:05.473,ARDUINO_PSI,Arduino,0.000,0.000,0.000,,
509.832427,2026-03-16 16:50:05.573,ARDUINO_PSI,Arduino,0.000,0.000,0.000,,
509.932722,2026-03-16 16:50:05.673,ARDUINO_PSI,Arduino,0.000,0.000,0.000,,
510.032769,2026-03-16 16:50:05.773,ARDUINO_PSI,Arduino,0.000,0.000,0.000,,
510.132780,2026-03-16 16:50:05.873,ARDUINO_PSI,Arduino,0.000,0.000,0.000,,
510.232720,2026-03-16 16:50:05.973,ARDUINO_PSI,Arduino,0.000,0.000,0.000,,
510.332286,2026-03-16 16:50:06.072,ARDUINO_PSI,Arduino,0.000,0.000,0.000,,
510.432784,2026-03-16 16:50:06.173,ARDUINO_PSI,Arduino,0.000,0.000,0.000,,
510.532762,2026-03-16 16:50:06.273,ARDUINO_PSI,Arduino,0.000,0.000,0.000,,
510.632914,2026-03-16 16:50:06.373,ARDUINO_PSI,Arduino,0.000,0.000,0.000,,
510.732624,2026-03-16 16:50:06.473,ARDUINO_PSI,Arduino,0.000,0.000,0.000,,
510.832244,2026-03-16 16:50:06.572,ARDUINO_PSI,Arduino,0.000,0.000,0.000,,
510.932957,2026-03-16 16:50:06.673,ARDUINO_PSI,Arduino,0.000,0.000,0.000,,
511.032820,2026-03-16 16:50:06.773,ARDUINO_PSI,Arduino,0.000,0.000,0.000,,
511.132808,2026-03-16 16:50:06.873,ARDUINO_PSI,Arduino,0.000,0.000,0.000,,
511.232783,2026-03-16 16:50:06.973,ARDUINO_PSI,Arduino,0.000,0.000,0.000,,
511.332846,2026-03-16 16:50:07.073,ARDUINO_PSI,Arduino,0.000,0.000,0.000,,
511.432657,2026-03-16 16:50:07.173,ARDUINO_PSI,Arduino,0.000,0.000,0.000,,
511.532812,2026-03-16 16:50:07.273,ARDUINO_PSI,Arduino,0.000,0.000,0.000,,
511.632577,2026-03-16 16:50:07.373,ARDUINO_PSI,Arduino,0.000,0.000,0.000,,
511.732900,2026-03-16 16:50:07.473,ARDUINO_PSI,Arduino,0.000,0.000,0.000,,
511.832391,2026-03-16 16:50:07.573,ARDUINO_PSI,Arduino,0.000,0.000,0.000,,
511.932715,2026-03-16 16:50:07.673,ARDUINO_PSI,Arduino,0.000,0.000,0.000,,
512.032865,2026-03-16 16:50:07.773,ARDUINO_PSI,Arduino,0.000,0.000,0.000,,
512.132827,2026-03-16 16:50:07.873,ARDUINO_PSI,Arduino,0.000,0.000,0.000,,
512.232767,2026-03-16 16:50:07.973,ARDUINO_PSI,Arduino,0.000,0.000,0.000,,
512.332772,2026-03-16 16:50:08.073,ARDUINO_PSI,Arduino,0.000,0.000,0.000,,
512.432864,2026-03-16 16:50:08.173,ARDUINO_PSI,Arduino,0.000,0.000,0.000,,
512.532757,2026-03-16 16:50:08.273,ARDUINO_PSI,Arduino,0.000,0.000,0.000,,
512.632650,2026-03-16 16:50:08.373,ARDUINO_PSI,Arduino,0.000,0.000,0.000,,
512.732831,2026-03-16 16:50:08.473,ARDUINO_PSI,Arduino,0.000,0.000,0.000,,
512.832347,2026-03-16 16:50:08.572,ARDUINO_PSI,Arduino,0.000,0.000,0.000,,
512.932886,2026-03-16 16:50:08.673,ARDUINO_PSI,Arduino,0.000,0.000,0.000,,
513.032860,2026-03-16 16:50:08.773,ARDUINO_PSI,Arduino,0.000,0.000,0.000,,
513.132909,2026-03-16 16:50:08.873,ARDUINO_PSI,Arduino,0.000,0.000,0.000,,
513.232761,2026-03-16 16:50:08.973,ARDUINO_PSI,Arduino,0.000,0.000,0.000,,
513.332568,2026-03-16 16:50:09.073,ARDUINO_PSI,Arduino,0.000,0.000,0.000,,
513.433077,2026-03-16 16:50:09.173,ARDUINO_PSI,Arduino,0.000,0.000,0.000,,
513.532761,2026-03-16 16:50:09.273,ARDUINO_PSI,Arduino,0.000,0.000,0.000,,
513.632954,2026-03-16 16:50:09.373,ARDUINO_PSI,Arduino,0.000,0.000,0.000,,
513.732513,2026-03-16 16:50:09.473,ARDUINO_PSI,Arduino,0.000,0.000,0.000,,
513.832732,2026-03-16 16:50:09.573,ARDUINO_PSI,Arduino,0.000,0.000,0.000,,
513.932926,2026-03-16 16:50:09.673,ARDUINO_PSI,Arduino,0.000,0.000,0.000,,
514.032183,2026-03-16 16:50:09.772,ARDUINO_PSI,Arduino,0.000,0.000,0.000,,
514.132738,2026-03-16 16:50:09.873,ARDUINO_PSI,Arduino,0.000,0.000,0.000,,
514.232724,2026-03-16 16:50:09.973,ARDUINO_PSI,Arduino,0.000,0.000,0.000,,
514.332218,2026-03-16 16:50:10.072,ARDUINO_PSI,Arduino,0.000,0.000,0.000,,
514.432717,2026-03-16 16:50:10.173,ARDUINO_PSI,Arduino,0.000,0.000,0.000,,
514.532829,2026-03-16 16:50:10.273,ARDUINO_PSI,Arduino,0.000,0.000,0.000,,
514.632712,2026-03-16 16:50:10.373,ARDUINO_PSI,Arduino,0.000,0.000,0.000,,
514.732746,2026-03-16 16:50:10.473,ARDUINO_PSI,Arduino,0.000,0.000,0.000,,
514.832477,2026-03-16 16:50:10.573,ARDUINO_PSI,Arduino,0.000,0.000,0.000,,
514.932199,2026-03-16 16:50:10.672,ARDUINO_PSI,Arduino,0.000,0.000,0.000,,
515.032277,2026-03-16 16:50:10.772,ARDUINO_PSI,Arduino,0.000,0.000,0.000,,
515.132938,2026-03-16 16:50:10.873,ARDUINO_PSI,Arduino,0.000,0.000,0.000,,
515.232741,2026-03-16 16:50:10.973,ARDUINO_PSI,Arduino,0.000,0.000,0.000,,
515.332673,2026-03-16 16:50:11.073,ARDUINO_PSI,Arduino,0.000,0.000,0.000,,
515.432594,2026-03-16 16:50:11.173,ARDUINO_PSI,Arduino,0.000,0.000,0.000,,
515.532587,2026-03-16 16:50:11.273,ARDUINO_PSI,Arduino,0.000,0.000,0.000,,
515.632765,2026-03-16 16:50:11.373,ARDUINO_PSI,Arduino,0.000,0.000,0.000,,
515.732867,2026-03-16 16:50:11.473,ARDUINO_PSI,Arduino,0.000,0.000,0.000,,
515.832296,2026-03-16 16:50:11.572,ARDUINO_PSI,Arduino,0.000,0.000,0.000,,
515.932822,2026-03-16 16:50:11.673,ARDUINO_PSI,Arduino,0.000,0.000,0.000,,
516.032767,2026-03-16 16:50:11.773,ARDUINO_PSI,Arduino,0.000,0.000,0.000,,
516.132746,2026-03-16 16:50:11.873,ARDUINO_PSI,Arduino,0.000,0.000,0.000,,
516.232233,2026-03-16 16:50:11.972,ARDUINO_PSI,Arduino,0.000,0.000,0.000,,
516.332200,2026-03-16 16:50:12.072,ARDUINO_PSI,Arduino,0.000,0.000,0.000,,
516.432741,2026-03-16 16:50:12.173,ARDUINO_PSI,Arduino,0.000,0.000,0.000,,
516.532774,2026-03-16 16:50:12.273,ARDUINO_PSI,Arduino,0.000,0.000,0.000,,
516.632776,2026-03-16 16:50:12.373,ARDUINO_PSI,Arduino,0.000,0.000,0.000,,
516.732544,2026-03-16 16:50:12.473,ARDUINO_PSI,Arduino,0.000,0.000,0.000,,
516.832497,2026-03-16 16:50:12.573,ARDUINO_PSI,Arduino,0.000,0.000,0.000,,
516.932909,2026-03-16 16:50:12.673,ARDUINO_PSI,Arduino,0.000,0.000,0.000,,
517.032750,2026-03-16 16:50:12.773,ARDUINO_PSI,Arduino,0.000,0.000,0.000,,
517.132702,2026-03-16 16:50:12.873,ARDUINO_PSI,Arduino,0.000,0.000,0.000,,
517.232368,2026-03-16 16:50:12.972,ARDUINO_PSI,Arduino,0.000,0.000,0.000,,
517.332621,2026-03-16 16:50:13.073,ARDUINO_PSI,Arduino,0.000,0.000,0.000,,
517.432566,2026-03-16 16:50:13.173,ARDUINO_PSI,Arduino,0.000,0.000,0.000,,
517.533516,2026-03-16 16:50:13.274,ARDUINO_PSI,Arduino,0.000,0.000,0.000,,
517.632741,2026-03-16 16:50:13.373,ARDUINO_PSI,Arduino,0.000,0.000,0.000,,
517.732806,2026-03-16 16:50:13.473,ARDUINO_PSI,Arduino,0.000,0.000,0.000,,
517.832325,2026-03-16 16:50:13.572,ARDUINO_PSI,Arduino,0.000,0.000,0.000,,
517.932819,2026-03-16 16:50:13.673,ARDUINO_PSI,Arduino,0.000,0.000,0.000,,
518.032725,2026-03-16 16:50:13.773,ARDUINO_PSI,Arduino,0.000,0.000,0.000,,
518.132937,2026-03-16 16:50:13.873,ARDUINO_PSI,Arduino,0.000,0.000,0.000,,
518.232768,2026-03-16 16:50:13.973,ARDUINO_PSI,Arduino,0.000,0.000,0.000,,
518.332415,2026-03-16 16:50:14.073,ARDUINO_PSI,Arduino,0.000,0.000,0.000,,
518.432839,2026-03-16 16:50:14.173,ARDUINO_PSI,Arduino,0.000,0.000,0.000,,
518.532698,2026-03-16 16:50:14.273,ARDUINO_PSI,Arduino,0.000,0.000,0.000,,
518.632740,2026-03-16 16:50:14.373,ARDUINO_PSI,Arduino,0.000,0.000,0.000,,
518.732705,2026-03-16 16:50:14.473,ARDUINO_PSI,Arduino,0.000,0.000,0.000,,
518.832505,2026-03-16 16:50:14.573,ARDUINO_PSI,Arduino,0.000,0.000,0.000,,
518.932427,2026-03-16 16:50:14.673,ARDUINO_PSI,Arduino,0.000,0.000,0.000,,
519.032791,2026-03-16 16:50:14.773,ARDUINO_PSI,Arduino,0.000,0.000,0.000,,
519.132905,2026-03-16 16:50:14.873,ARDUINO_PSI,Arduino,0.000,0.000,0.000,,
519.232800,2026-03-16 16:50:14.973,ARDUINO_PSI,Arduino,0.000,0.000,0.000,,
519.333449,2026-03-16 16:50:15.074,ARDUINO_PSI,Arduino,0.000,0.000,0.000,,
519.432829,2026-03-16 16:50:15.173,ARDUINO_PSI,Arduino,0.000,0.000,0.000,,
519.532900,2026-03-16 16:50:15.273,ARDUINO_PSI,Arduino,0.000,0.000,0.000,,
519.632968,2026-03-16 16:50:15.373,ARDUINO_PSI,Arduino,0.000,0.000,0.000,,
519.732900,2026-03-16 16:50:15.473,ARDUINO_PSI,Arduino,0.000,0.000,0.000,,
519.833509,2026-03-16 16:50:15.574,ARDUINO_PSI,Arduino,0.000,0.000,0.000,,
519.933520,2026-03-16 16:50:15.674,ARDUINO_PSI,Arduino,0.000,0.000,0.000,,
520.032905,2026-03-16 16:50:15.773,ARDUINO_PSI,Arduino,0.000,0.000,0.000,,
520.132708,2026-03-16 16:50:15.873,ARDUINO_PSI,Arduino,0.000,0.000,0.000,,
520.232864,2026-03-16 16:50:15.973,ARDUINO_PSI,Arduino,0.000,0.000,0.000,,
520.332543,2026-03-16 16:50:16.073,ARDUINO_PSI,Arduino,0.000,0.000,0.000,,
520.432941,2026-03-16 16:50:16.173,ARDUINO_PSI,Arduino,0.000,0.000,0.000,,
520.532661,2026-03-16 16:50:16.273,ARDUINO_PSI,Arduino,0.000,0.000,0.000,,
520.632793,2026-03-16 16:50:16.373,ARDUINO_PSI,Arduino,0.000,0.000,0.000,,
520.732790,2026-03-16 16:50:16.473,ARDUINO_PSI,Arduino,0.000,0.000,0.000,,
520.832950,2026-03-16 16:50:16.573,ARDUINO_PSI,Arduino,0.000,0.000,0.000,,
520.932510,2026-03-16 16:50:16.673,ARDUINO_PSI,Arduino,0.000,0.000,0.000,,
521.032784,2026-03-16 16:50:16.773,ARDUINO_PSI,Arduino,0.000,0.000,0.000,,
521.132824,2026-03-16 16:50:16.873,ARDUINO_PSI,Arduino,0.000,0.000,0.000,,
521.232722,2026-03-16 16:50:16.973,ARDUINO_PSI,Arduino,0.000,0.000,0.000,,
521.332550,2026-03-16 16:50:17.073,ARDUINO_PSI,Arduino,0.000,0.000,0.000,,
521.432779,2026-03-16 16:50:17.173,ARDUINO_PSI,Arduino,0.000,0.000,0.000,,
521.532818,2026-03-16 16:50:17.273,ARDUINO_PSI,Arduino,0.000,0.000,0.000,,
521.633113,2026-03-16 16:50:17.373,ARDUINO_PSI,Arduino,0.000,0.000,0.000,,
521.732816,2026-03-16 16:50:17.473,ARDUINO_PSI,Arduino,0.000,0.000,0.000,,
521.832974,2026-03-16 16:50:17.573,ARDUINO_PSI,Arduino,0.000,0.000,0.000,,
521.932766,2026-03-16 16:50:17.673,ARDUINO_PSI,Arduino,0.000,0.000,0.000,,
522.032849,2026-03-16 16:50:17.773,ARDUINO_PSI,Arduino,0.000,0.000,0.000,,
522.132763,2026-03-16 16:50:17.873,ARDUINO_PSI,Arduino,0.000,0.000,0.000,,
522.232699,2026-03-16 16:50:17.973,ARDUINO_PSI,Arduino,0.000,0.000,0.000,,
522.333676,2026-03-16 16:50:18.074,ARDUINO_PSI,Arduino,0.000,0.000,0.000,,
522.432780,2026-03-16 16:50:18.173,ARDUINO_PSI,Arduino,0.000,0.000,0.000,,
522.532915,2026-03-16 16:50:18.273,ARDUINO_PSI,Arduino,0.000,0.000,0.000,,
522.632779,2026-03-16 16:50:18.373,ARDUINO_PSI,Arduino,0.000,0.000,0.000,,
522.732718,2026-03-16 16:50:18.473,ARDUINO_PSI,Arduino,0.000,0.000,0.000,,
522.833217,2026-03-16 16:50:18.573,ARDUINO_PSI,Arduino,0.000,0.000,0.000,,
522.932958,2026-03-16 16:50:18.673,ARDUINO_PSI,Arduino,0.000,0.000,0.000,,
523.033017,2026-03-16 16:50:18.773,ARDUINO_PSI,Arduino,0.000,0.000,0.000,,
523.132854,2026-03-16 16:50:18.873,ARDUINO_PSI,Arduino,0.000,0.000,0.000,,
523.232981,2026-03-16 16:50:18.973,ARDUINO_PSI,Arduino,0.000,0.000,0.000,,
523.332796,2026-03-16 16:50:19.073,ARDUINO_PSI,Arduino,0.000,0.000,0.000,,
523.432841,2026-03-16 16:50:19.173,ARDUINO_PSI,Arduino,0.000,0.000,0.000,,
523.533162,2026-03-16 16:50:19.273,ARDUINO_PSI,Arduino,0.000,0.000,0.000,,
523.632565,2026-03-16 16:50:19.373,ARDUINO_PSI,Arduino,0.000,0.000,0.000,,
523.732782,2026-03-16 16:50:19.473,ARDUINO_PSI,Arduino,0.000,0.000,0.000,,
523.832957,2026-03-16 16:50:19.573,ARDUINO_PSI,Arduino,0.000,0.000,0.000,,
523.932839,2026-03-16 16:50:19.673,ARDUINO_PSI,Arduino,0.000,0.000,0.000,,
524.033494,2026-03-16 16:50:19.774,ARDUINO_PSI,Arduino,0.000,0.000,0.000,,
524.132941,2026-03-16 16:50:19.873,ARDUINO_PSI,Arduino,0.000,0.000,0.000,,
524.232831,2026-03-16 16:50:19.973,ARDUINO_PSI,Arduino,0.000,0.000,0.000,,
524.333371,2026-03-16 16:50:20.074,ARDUINO_PSI,Arduino,0.000,0.000,0.000,,
524.432843,2026-03-16 16:50:20.173,ARDUINO_PSI,Arduino,0.000,0.000,0.000,,
524.532760,2026-03-16 16:50:20.273,ARDUINO_PSI,Arduino,0.000,0.000,0.000,,
524.632846,2026-03-16 16:50:20.373,ARDUINO_PSI,Arduino,0.000,0.000,0.000,,
524.732737,2026-03-16 16:50:20.473,ARDUINO_PSI,Arduino,0.000,0.000,0.000,,
524.832914,2026-03-16 16:50:20.573,ARDUINO_PSI,Arduino,0.000,0.000,0.000,,
524.932346,2026-03-16 16:50:20.672,ARDUINO_PSI,Arduino,0.000,0.000,0.000,,
525.032633,2026-03-16 16:50:20.773,ARDUINO_PSI,Arduino,0.000,0.000,0.000,,
525.132865,2026-03-16 16:50:20.873,ARDUINO_PSI,Arduino,0.000,0.000,0.000,,
525.232850,2026-03-16 16:50:20.973,ARDUINO_PSI,Arduino,0.000,0.000,0.000,,
525.333371,2026-03-16 16:50:21.074,ARDUINO_PSI,Arduino,0.000,0.000,0.000,,
525.432831,2026-03-16 16:50:21.173,ARDUINO_PSI,Arduino,0.000,0.000,0.000,,
525.532785,2026-03-16 16:50:21.273,ARDUINO_PSI,Arduino,0.000,0.000,0.000,,
525.632783,2026-03-16 16:50:21.373,ARDUINO_PSI,Arduino,0.000,0.000,0.000,,
525.732719,2026-03-16 16:50:21.473,ARDUINO_PSI,Arduino,0.000,0.000,0.000,,
525.832895,2026-03-16 16:50:21.573,ARDUINO_PSI,Arduino,0.000,0.000,0.000,,
525.932916,2026-03-16 16:50:21.673,ARDUINO_PSI,Arduino,0.000,0.000,0.000,,
526.032566,2026-03-16 16:50:21.773,ARDUINO_PSI,Arduino,0.000,0.000,0.000,,
526.132827,2026-03-16 16:50:21.873,ARDUINO_PSI,Arduino,0.000,0.000,0.000,,
526.233457,2026-03-16 16:50:21.974,ARDUINO_PSI,Arduino,0.000,0.000,0.000,,
526.332578,2026-03-16 16:50:22.073,ARDUINO_PSI,Arduino,0.000,0.000,0.000,,
526.433021,2026-03-16 16:50:22.173,ARDUINO_PSI,Arduino,0.000,0.000,0.000,,
526.532905,2026-03-16 16:50:22.273,ARDUINO_PSI,Arduino,0.000,0.000,0.000,,
526.632536,2026-03-16 16:50:22.373,ARDUINO_PSI,Arduino,0.000,0.000,0.000,,
526.732862,2026-03-16 16:50:22.473,ARDUINO_PSI,Arduino,0.000,0.000,0.000,,
526.832437,2026-03-16 16:50:22.573,ARDUINO_PSI,Arduino,0.000,0.000,0.000,,
526.932897,2026-03-16 16:50:22.673,ARDUINO_PSI,Arduino,0.000,0.000,0.000,,
527.032859,2026-03-16 16:50:22.773,ARDUINO_PSI,Arduino,0.000,0.000,0.000,,
527.132928,2026-03-16 16:50:22.873,ARDUINO_PSI,Arduino,0.000,0.000,0.000,,
527.232694,2026-03-16 16:50:22.973,ARDUINO_PSI,Arduino,0.000,0.000,0.000,,
527.332814,2026-03-16 16:50:23.073,ARDUINO_PSI,Arduino,0.000,0.000,0.000,,
527.432851,2026-03-16 16:50:23.173,ARDUINO_PSI,Arduino,0.000,0.000,0.000,,
527.532749,2026-03-16 16:50:23.273,ARDUINO_PSI,Arduino,0.000,0.000,0.000,,
527.632807,2026-03-16 16:50:23.373,ARDUINO_PSI,Arduino,0.000,0.000,0.000,,
527.732819,2026-03-16 16:50:23.473,ARDUINO_PSI,Arduino,0.000,0.000,0.000,,
527.833084,2026-03-16 16:50:23.573,ARDUINO_PSI,Arduino,0.000,0.000,0.000,,
527.933594,2026-03-16 16:50:23.674,ARDUINO_PSI,Arduino,0.000,0.000,0.000,,
528.032819,2026-03-16 16:50:23.773,ARDUINO_PSI,Arduino,0.000,0.000,0.000,,
528.132917,2026-03-16 16:50:23.873,ARDUINO_PSI,Arduino,0.000,0.000,0.000,,
528.232595,2026-03-16 16:50:23.973,ARDUINO_PSI,Arduino,0.000,0.000,0.000,,
528.332565,2026-03-16 16:50:24.073,ARDUINO_PSI,Arduino,0.000,0.000,0.000,,
528.432851,2026-03-16 16:50:24.173,ARDUINO_PSI,Arduino,0.000,0.000,0.000,,
528.532853,2026-03-16 16:50:24.273,ARDUINO_PSI,Arduino,0.000,0.000,0.000,,
528.632725,2026-03-16 16:50:24.373,ARDUINO_PSI,Arduino,0.000,0.000,0.000,,
528.732771,2026-03-16 16:50:24.473,ARDUINO_PSI,Arduino,0.000,0.000,0.000,,
528.833046,2026-03-16 16:50:24.573,ARDUINO_PSI,Arduino,0.000,0.000,0.000,,
528.932731,2026-03-16 16:50:24.673,ARDUINO_PSI,Arduino,0.000,0.000,0.000,,
529.032870,2026-03-16 16:50:24.773,ARDUINO_PSI,Arduino,0.000,0.000,0.000,,
529.132653,2026-03-16 16:50:24.873,ARDUINO_PSI,Arduino,0.000,0.000,0.000,,
529.232760,2026-03-16 16:50:24.973,ARDUINO_PSI,Arduino,0.000,0.000,0.000,,
529.332878,2026-03-16 16:50:25.073,ARDUINO_PSI,Arduino,0.000,0.000,0.000,,
529.432924,2026-03-16 16:50:25.173,ARDUINO_PSI,Arduino,0.000,0.000,0.000,,
529.532992,2026-03-16 16:50:25.273,ARDUINO_PSI,Arduino,0.000,0.000,0.000,,
529.632647,2026-03-16 16:50:25.373,ARDUINO_PSI,Arduino,0.000,0.000,0.000,,
529.734645,2026-03-16 16:50:25.475,ARDUINO_PSI,Arduino,0.000,0.000,0.000,,
529.833109,2026-03-16 16:50:25.573,ARDUINO_PSI,Arduino,0.000,0.000,0.000,,
529.932973,2026-03-16 16:50:25.673,ARDUINO_PSI,Arduino,0.000,0.000,0.000,,
530.032824,2026-03-16 16:50:25.773,ARDUINO_PSI,Arduino,0.000,0.000,0.000,,
530.132511,2026-03-16 16:50:25.873,ARDUINO_PSI,Arduino,0.000,0.000,0.000,,
530.233811,2026-03-16 16:50:25.974,ARDUINO_PSI,Arduino,0.000,0.000,0.000,,
530.332831,2026-03-16 16:50:26.073,ARDUINO_PSI,Arduino,0.000,0.000,0.000,,
530.432807,2026-03-16 16:50:26.173,ARDUINO_PSI,Arduino,0.000,0.000,0.000,,
530.532776,2026-03-16 16:50:26.273,ARDUINO_PSI,Arduino,0.000,0.000,0.000,,
530.632841,2026-03-16 16:50:26.373,ARDUINO_PSI,Arduino,0.000,0.000,0.000,,
530.732800,2026-03-16 16:50:26.473,ARDUINO_PSI,Arduino,0.000,0.000,0.000,,
530.832860,2026-03-16 16:50:26.573,ARDUINO_PSI,Arduino,0.000,0.000,0.000,,
530.932313,2026-03-16 16:50:26.672,ARDUINO_PSI,Arduino,0.000,0.000,0.000,,
531.033391,2026-03-16 16:50:26.774,ARDUINO_PSI,Arduino,0.000,0.000,0.000,,
531.133110,2026-03-16 16:50:26.873,ARDUINO_PSI,Arduino,0.000,0.000,0.000,,
531.232811,2026-03-16 16:50:26.973,ARDUINO_PSI,Arduino,0.000,0.000,0.000,,
531.333021,2026-03-16 16:50:27.073,ARDUINO_PSI,Arduino,0.000,0.000,0.000,,
531.432830,2026-03-16 16:50:27.173,ARDUINO_PSI,Arduino,0.000,0.000,0.000,,
531.532881,2026-03-16 16:50:27.273,ARDUINO_PSI,Arduino,0.000,0.000,0.000,,
531.632775,2026-03-16 16:50:27.373,ARDUINO_PSI,Arduino,0.000,0.000,0.000,,
531.732845,2026-03-16 16:50:27.473,ARDUINO_PSI,Arduino,0.000,0.000,0.000,,
531.832359,2026-03-16 16:50:27.572,ARDUINO_PSI,Arduino,0.000,0.000,0.000,,
531.932996,2026-03-16 16:50:27.673,ARDUINO_PSI,Arduino,0.000,0.000,0.000,,
532.032773,2026-03-16 16:50:27.773,ARDUINO_PSI,Arduino,0.000,0.000,0.000,,
532.132835,2026-03-16 16:50:27.873,ARDUINO_PSI,Arduino,0.000,0.000,0.000,,
532.233343,2026-03-16 16:50:27.973,ARDUINO_PSI,Arduino,0.000,0.000,0.000,,
532.332802,2026-03-16 16:50:28.073,ARDUINO_PSI,Arduino,0.000,0.000,0.000,,
532.432846,2026-03-16 16:50:28.173,ARDUINO_PSI,Arduino,0.000,0.000,0.000,,
532.532699,2026-03-16 16:50:28.273,ARDUINO_PSI,Arduino,0.000,0.000,0.000,,
532.632698,2026-03-16 16:50:28.373,ARDUINO_PSI,Arduino,0.000,0.000,0.000,,
532.733903,2026-03-16 16:50:28.474,ARDUINO_PSI,Arduino,0.000,0.000,0.000,,
532.832308,2026-03-16 16:50:28.572,ARDUINO_PSI,Arduino,0.000,0.000,0.000,,
532.932896,2026-03-16 16:50:28.673,ARDUINO_PSI,Arduino,0.000,0.000,0.000,,
533.033761,2026-03-16 16:50:28.774,ARDUINO_PSI,Arduino,0.000,0.000,0.000,,
533.133048,2026-03-16 16:50:28.873,ARDUINO_PSI,Arduino,0.000,0.000,0.000,,
533.232927,2026-03-16 16:50:28.973,ARDUINO_PSI,Arduino,0.000,0.000,0.000,,
533.334077,2026-03-16 16:50:29.074,ARDUINO_PSI,Arduino,0.000,0.000,0.000,,
533.432840,2026-03-16 16:50:29.173,ARDUINO_PSI,Arduino,0.000,0.000,0.000,,
533.533554,2026-03-16 16:50:29.274,ARDUINO_PSI,Arduino,0.000,0.000,0.000,,
533.634248,2026-03-16 16:50:29.374,ARDUINO_PSI,Arduino,0.000,0.000,0.000,,
533.733968,2026-03-16 16:50:29.474,ARDUINO_PSI,Arduino,0.000,0.000,0.000,,
533.833011,2026-03-16 16:50:29.573,ARDUINO_PSI,Arduino,0.000,0.000,0.000,,
533.932898,2026-03-16 16:50:29.673,ARDUINO_PSI,Arduino,0.000,0.000,0.000,,
534.032754,2026-03-16 16:50:29.773,ARDUINO_PSI,Arduino,0.000,0.000,0.000,,
534.133961,2026-03-16 16:50:29.874,ARDUINO_PSI,Arduino,0.000,0.000,0.000,,
534.232754,2026-03-16 16:50:29.973,ARDUINO_PSI,Arduino,0.000,0.000,0.000,,
534.333317,2026-03-16 16:50:30.073,ARDUINO_PSI,Arduino,0.000,0.000,0.000,,
534.432646,2026-03-16 16:50:30.173,ARDUINO_PSI,Arduino,0.000,0.000,0.000,,
534.533782,2026-03-16 16:50:30.274,ARDUINO_PSI,Arduino,0.000,0.000,0.000,,
534.634309,2026-03-16 16:50:30.374,ARDUINO_PSI,Arduino,0.000,0.000,0.000,,
534.732788,2026-03-16 16:50:30.473,ARDUINO_PSI,Arduino,0.000,0.000,0.000,,
534.832761,2026-03-16 16:50:30.573,ARDUINO_PSI,Arduino,0.000,0.000,0.000,,
534.934018,2026-03-16 16:50:30.674,ARDUINO_PSI,Arduino,0.000,0.000,0.000,,
535.032944,2026-03-16 16:50:30.773,ARDUINO_PSI,Arduino,0.000,0.000,0.000,,
535.133813,2026-03-16 16:50:30.874,ARDUINO_PSI,Arduino,0.000,0.000,0.000,,
535.233127,2026-03-16 16:50:30.973,ARDUINO_PSI,Arduino,0.000,0.000,0.000,,
535.332914,2026-03-16 16:50:31.073,ARDUINO_PSI,Arduino,0.000,0.000,0.000,,
535.433672,2026-03-16 16:50:31.174,ARDUINO_PSI,Arduino,0.000,0.000,0.000,,
535.532772,2026-03-16 16:50:31.273,ARDUINO_PSI,Arduino,0.000,0.000,0.000,,
535.633200,2026-03-16 16:50:31.373,ARDUINO_PSI,Arduino,0.000,0.000,0.000,,
535.733722,2026-03-16 16:50:31.474,ARDUINO_PSI,Arduino,0.000,0.000,0.000,,
535.833702,2026-03-16 16:50:31.574,ARDUINO_PSI,Arduino,0.000,0.000,0.000,,
535.933082,2026-03-16 16:50:31.673,ARDUINO_PSI,Arduino,0.000,0.000,0.000,,
536.033992,2026-03-16 16:50:31.774,ARDUINO_PSI,Arduino,0.000,0.000,0.000,,
536.132853,2026-03-16 16:50:31.873,ARDUINO_PSI,Arduino,0.000,0.000,0.000,,
536.232924,2026-03-16 16:50:31.973,ARDUINO_PSI,Arduino,0.000,0.000,0.000,,
536.332394,2026-03-16 16:50:32.073,ARDUINO_PSI,Arduino,0.000,0.000,0.000,,
536.432862,2026-03-16 16:50:32.173,ARDUINO_PSI,Arduino,0.000,0.000,0.000,,
536.533657,2026-03-16 16:50:32.274,ARDUINO_PSI,Arduino,0.000,0.000,0.000,,
536.633654,2026-03-16 16:50:32.374,ARDUINO_PSI,Arduino,0.000,0.000,0.000,,
536.733688,2026-03-16 16:50:32.474,ARDUINO_PSI,Arduino,0.000,0.000,0.000,,
536.834033,2026-03-16 16:50:32.574,ARDUINO_PSI,Arduino,0.000,0.000,0.000,,
536.933795,2026-03-16 16:50:32.674,ARDUINO_PSI,Arduino,0.000,0.000,0.000,,
537.033781,2026-03-16 16:50:32.774,ARDUINO_PSI,Arduino,0.000,0.000,0.000,,
537.132863,2026-03-16 16:50:32.873,ARDUINO_PSI,Arduino,0.000,0.000,0.000,,
537.233101,2026-03-16 16:50:32.973,ARDUINO_PSI,Arduino,0.000,0.000,0.000,,
537.332715,2026-03-16 16:50:33.073,ARDUINO_PSI,Arduino,0.000,0.000,0.000,,
537.433041,2026-03-16 16:50:33.173,ARDUINO_PSI,Arduino,0.000,0.000,0.000,,
537.532895,2026-03-16 16:50:33.273,ARDUINO_PSI,Arduino,0.000,0.000,0.000,,
537.633999,2026-03-16 16:50:33.374,ARDUINO_PSI,Arduino,0.000,0.000,0.000,,
537.732681,2026-03-16 16:50:33.473,ARDUINO_PSI,Arduino,0.000,0.000,0.000,,
537.832849,2026-03-16 16:50:33.573,ARDUINO_PSI,Arduino,0.000,0.000,0.000,,
537.932919,2026-03-16 16:50:33.673,ARDUINO_PSI,Arduino,0.000,0.000,0.000,,
538.033522,2026-03-16 16:50:33.774,ARDUINO_PSI,Arduino,0.000,0.000,0.000,,
538.133587,2026-03-16 16:50:33.874,ARDUINO_PSI,Arduino,0.000,0.000,0.000,,
538.232775,2026-03-16 16:50:33.973,ARDUINO_PSI,Arduino,0.000,0.000,0.000,,
538.333643,2026-03-16 16:50:34.074,ARDUINO_PSI,Arduino,0.000,0.000,0.000,,
538.433702,2026-03-16 16:50:34.174,ARDUINO_PSI,Arduino,0.000,0.000,0.000,,
538.533005,2026-03-16 16:50:34.273,ARDUINO_PSI,Arduino,0.000,0.000,0.000,,
538.633781,2026-03-16 16:50:34.374,ARDUINO_PSI,Arduino,0.000,0.000,0.000,,
538.732914,2026-03-16 16:50:34.473,ARDUINO_PSI,Arduino,0.000,0.000,0.000,,
538.833079,2026-03-16 16:50:34.573,ARDUINO_PSI,Arduino,0.000,0.000,0.000,,
538.933021,2026-03-16 16:50:34.673,ARDUINO_PSI,Arduino,0.000,0.000,0.000,,
539.032833,2026-03-16 16:50:34.773,ARDUINO_PSI,Arduino,0.000,0.000,0.000,,
539.132853,2026-03-16 16:50:34.873,ARDUINO_PSI,Arduino,0.000,0.000,0.000,,
539.233569,2026-03-16 16:50:34.974,ARDUINO_PSI,Arduino,0.000,0.000,0.000,,
539.332870,2026-03-16 16:50:35.073,ARDUINO_PSI,Arduino,0.000,0.000,0.000,,
539.433383,2026-03-16 16:50:35.174,ARDUINO_PSI,Arduino,0.000,0.000,0.000,,
539.532334,2026-03-16 16:50:35.272,ARDUINO_PSI,Arduino,0.000,0.000,0.000,,
539.632628,2026-03-16 16:50:35.373,ARDUINO_PSI,Arduino,0.000,0.000,0.000,,
539.734362,2026-03-16 16:50:35.474,ARDUINO_PSI,Arduino,0.000,0.000,0.000,,
539.832960,2026-03-16 16:50:35.573,ARDUINO_PSI,Arduino,0.000,0.000,0.000,,
539.933841,2026-03-16 16:50:35.674,ARDUINO_PSI,Arduino,0.000,0.000,0.000,,
540.034184,2026-03-16 16:50:35.774,ARDUINO_PSI,Arduino,0.000,0.000,0.000,,
540.132884,2026-03-16 16:50:35.873,ARDUINO_PSI,Arduino,0.000,0.000,0.000,,
540.234173,2026-03-16 16:50:35.974,ARDUINO_PSI,Arduino,0.000,0.000,0.000,,
540.333849,2026-03-16 16:50:36.074,ARDUINO_PSI,Arduino,0.000,0.000,0.000,,
540.433997,2026-03-16 16:50:36.174,ARDUINO_PSI,Arduino,0.000,0.000,0.000,,
540.532831,2026-03-16 16:50:36.273,ARDUINO_PSI,Arduino,0.000,0.000,0.000,,
540.634039,2026-03-16 16:50:36.374,ARDUINO_PSI,Arduino,0.000,0.000,0.000,,
540.734444,2026-03-16 16:50:36.475,ARDUINO_PSI,Arduino,0.000,0.000,0.000,,
540.833952,2026-03-16 16:50:36.574,ARDUINO_PSI,Arduino,0.000,0.000,0.000,,
540.932815,2026-03-16 16:50:36.673,ARDUINO_PSI,Arduino,0.000,0.000,0.000,,
541.032925,2026-03-16 16:50:36.773,ARDUINO_PSI,Arduino,0.000,0.000,0.000,,
541.133699,2026-03-16 16:50:36.874,ARDUINO_PSI,Arduino,0.000,0.000,0.000,,
541.233881,2026-03-16 16:50:36.974,ARDUINO_PSI,Arduino,0.000,0.000,0.000,,
541.333406,2026-03-16 16:50:37.074,ARDUINO_PSI,Arduino,0.000,0.000,0.000,,
541.432905,2026-03-16 16:50:37.173,ARDUINO_PSI,Arduino,0.000,0.000,0.000,,
541.533992,2026-03-16 16:50:37.274,ARDUINO_PSI,Arduino,0.000,0.000,0.000,,
541.632927,2026-03-16 16:50:37.373,ARDUINO_PSI,Arduino,0.000,0.000,0.000,,
541.733740,2026-03-16 16:50:37.474,ARDUINO_PSI,Arduino,0.000,0.000,0.000,,
541.834138,2026-03-16 16:50:37.574,ARDUINO_PSI,Arduino,0.000,0.000,0.000,,
541.933025,2026-03-16 16:50:37.673,ARDUINO_PSI,Arduino,0.000,0.000,0.000,,
542.033320,2026-03-16 16:50:37.773,ARDUINO_PSI,Arduino,0.000,0.000,0.000,,
542.132954,2026-03-16 16:50:37.873,ARDUINO_PSI,Arduino,0.000,0.000,0.000,,
542.232770,2026-03-16 16:50:37.973,ARDUINO_PSI,Arduino,0.000,0.000,0.000,,
542.333881,2026-03-16 16:50:38.074,ARDUINO_PSI,Arduino,0.000,0.000,0.000,,
542.433706,2026-03-16 16:50:38.174,ARDUINO_PSI,Arduino,0.000,0.000,0.000,,
542.532834,2026-03-16 16:50:38.273,ARDUINO_PSI,Arduino,0.000,0.000,0.000,,
542.633168,2026-03-16 16:50:38.373,ARDUINO_PSI,Arduino,0.000,0.000,0.000,,
542.733474,2026-03-16 16:50:38.474,ARDUINO_PSI,Arduino,0.000,0.000,0.000,,
542.834014,2026-03-16 16:50:38.574,ARDUINO_PSI,Arduino,0.000,0.000,0.000,,
542.933160,2026-03-16 16:50:38.673,ARDUINO_PSI,Arduino,0.000,0.000,0.000,,
543.034365,2026-03-16 16:50:38.775,ARDUINO_PSI,Arduino,0.000,0.000,0.000,,
543.133970,2026-03-16 16:50:38.874,ARDUINO_PSI,Arduino,0.000,0.000,0.000,,
543.232932,2026-03-16 16:50:38.973,ARDUINO_PSI,Arduino,0.000,0.000,0.000,,
543.333626,2026-03-16 16:50:39.074,ARDUINO_PSI,Arduino,0.000,0.000,0.000,,
543.434101,2026-03-16 16:50:39.174,ARDUINO_PSI,Arduino,0.000,0.000,0.000,,
543.533573,2026-03-16 16:50:39.274,ARDUINO_PSI,Arduino,0.000,0.000,0.000,,
543.632891,2026-03-16 16:50:39.373,ARDUINO_PSI,Arduino,0.000,0.000,0.000,,
543.732971,2026-03-16 16:50:39.473,ARDUINO_PSI,Arduino,0.000,0.000,0.000,,
543.833476,2026-03-16 16:50:39.574,ARDUINO_PSI,Arduino,0.000,0.000,0.000,,
543.932888,2026-03-16 16:50:39.673,ARDUINO_PSI,Arduino,0.000,0.000,0.000,,
544.033610,2026-03-16 16:50:39.774,ARDUINO_PSI,Arduino,0.000,0.000,0.000,,
544.132972,2026-03-16 16:50:39.873,ARDUINO_PSI,Arduino,0.000,0.000,0.000,,
544.233870,2026-03-16 16:50:39.974,ARDUINO_PSI,Arduino,0.000,0.000,0.000,,
544.333689,2026-03-16 16:50:40.074,ARDUINO_PSI,Arduino,0.000,0.000,0.000,,
544.432890,2026-03-16 16:50:40.173,ARDUINO_PSI,Arduino,0.000,0.000,0.000,,
544.532886,2026-03-16 16:50:40.273,ARDUINO_PSI,Arduino,0.000,0.000,0.000,,
544.633561,2026-03-16 16:50:40.374,ARDUINO_PSI,Arduino,0.000,0.000,0.000,,
544.733735,2026-03-16 16:50:40.474,ARDUINO_PSI,Arduino,0.000,0.000,0.000,,
544.833002,2026-03-16 16:50:40.573,ARDUINO_PSI,Arduino,0.000,0.000,0.000,,
544.932802,2026-03-16 16:50:40.673,ARDUINO_PSI,Arduino,0.000,0.000,0.000,,
545.033868,2026-03-16 16:50:40.774,ARDUINO_PSI,Arduino,0.000,0.000,0.000,,
545.132868,2026-03-16 16:50:40.873,ARDUINO_PSI,Arduino,0.000,0.000,0.000,,
545.234038,2026-03-16 16:50:40.974,ARDUINO_PSI,Arduino,0.000,0.000,0.000,,
545.332883,2026-03-16 16:50:41.073,ARDUINO_PSI,Arduino,0.000,0.000,0.000,,
545.433022,2026-03-16 16:50:41.173,ARDUINO_PSI,Arduino,0.000,0.000,0.000,,
545.532899,2026-03-16 16:50:41.273,ARDUINO_PSI,Arduino,0.000,0.000,0.000,,
545.633007,2026-03-16 16:50:41.373,ARDUINO_PSI,Arduino,0.000,0.000,0.000,,
545.733866,2026-03-16 16:50:41.474,ARDUINO_PSI,Arduino,0.000,0.000,0.000,,
545.832412,2026-03-16 16:50:41.573,ARDUINO_PSI,Arduino,0.000,0.000,0.000,,
545.932947,2026-03-16 16:50:41.673,ARDUINO_PSI,Arduino,0.000,0.000,0.000,,
546.032873,2026-03-16 16:50:41.773,ARDUINO_PSI,Arduino,0.000,0.000,0.000,,
546.132795,2026-03-16 16:50:41.873,ARDUINO_PSI,Arduino,0.000,0.000,0.000,,
546.232873,2026-03-16 16:50:41.973,ARDUINO_PSI,Arduino,0.000,0.000,0.000,,
546.333804,2026-03-16 16:50:42.074,ARDUINO_PSI,Arduino,0.000,0.000,0.000,,
546.433387,2026-03-16 16:50:42.174,ARDUINO_PSI,Arduino,0.000,0.000,0.000,,
546.533867,2026-03-16 16:50:42.274,ARDUINO_PSI,Arduino,0.000,0.000,0.000,,
546.634132,2026-03-16 16:50:42.374,ARDUINO_PSI,Arduino,0.000,0.000,0.000,,
546.733721,2026-03-16 16:50:42.474,ARDUINO_PSI,Arduino,0.000,0.000,0.000,,
546.833755,2026-03-16 16:50:42.574,ARDUINO_PSI,Arduino,0.000,0.000,0.000,,
546.933676,2026-03-16 16:50:42.674,ARDUINO_PSI,Arduino,0.000,0.000,0.000,,
547.032784,2026-03-16 16:50:42.773,ARDUINO_PSI,Arduino,0.000,0.000,0.000,,
547.132913,2026-03-16 16:50:42.873,ARDUINO_PSI,Arduino,0.000,0.000,0.000,,
547.233483,2026-03-16 16:50:42.974,ARDUINO_PSI,Arduino,0.000,0.000,0.000,,
547.333932,2026-03-16 16:50:43.074,ARDUINO_PSI,Arduino,0.000,0.000,0.000,,
547.432910,2026-03-16 16:50:43.173,ARDUINO_PSI,Arduino,0.000,0.000,0.000,,
547.532980,2026-03-16 16:50:43.273,ARDUINO_PSI,Arduino,0.000,0.000,0.000,,
547.633305,2026-03-16 16:50:43.373,ARDUINO_PSI,Arduino,0.000,0.000,0.000,,
547.733636,2026-03-16 16:50:43.474,ARDUINO_PSI,Arduino,0.000,0.000,0.000,,
547.832901,2026-03-16 16:50:43.573,ARDUINO_PSI,Arduino,0.000,0.000,0.000,,
547.932949,2026-03-16 16:50:43.673,ARDUINO_PSI,Arduino,0.000,0.000,0.000,,
548.032835,2026-03-16 16:50:43.773,ARDUINO_PSI,Arduino,0.000,0.000,0.000,,
548.133906,2026-03-16 16:50:43.874,ARDUINO_PSI,Arduino,0.000,0.000,0.000,,
548.233941,2026-03-16 16:50:43.974,ARDUINO_PSI,Arduino,0.000,0.000,0.000,,
548.333503,2026-03-16 16:50:44.074,ARDUINO_PSI,Arduino,0.000,0.000,0.000,,
548.433830,2026-03-16 16:50:44.174,ARDUINO_PSI,Arduino,0.000,0.000,0.000,,
548.533797,2026-03-16 16:50:44.274,ARDUINO_PSI,Arduino,0.000,0.000,0.000,,
548.633004,2026-03-16 16:50:44.373,ARDUINO_PSI,Arduino,0.000,0.000,0.000,,
548.732808,2026-03-16 16:50:44.473,ARDUINO_PSI,Arduino,0.000,0.000,0.000,,
548.833222,2026-03-16 16:50:44.573,ARDUINO_PSI,Arduino,0.000,0.000,0.000,,
548.933872,2026-03-16 16:50:44.674,ARDUINO_PSI,Arduino,0.000,0.000,0.000,,
549.034100,2026-03-16 16:50:44.774,ARDUINO_PSI,Arduino,0.000,0.000,0.000,,
549.133731,2026-03-16 16:50:44.874,ARDUINO_PSI,Arduino,0.000,0.000,0.000,,
549.232716,2026-03-16 16:50:44.973,ARDUINO_PSI,Arduino,0.000,0.000,0.000,,
549.334989,2026-03-16 16:50:45.075,ARDUINO_PSI,Arduino,0.000,0.000,0.000,,
549.433301,2026-03-16 16:50:45.173,ARDUINO_PSI,Arduino,0.000,0.000,0.000,,
549.532781,2026-03-16 16:50:45.273,ARDUINO_PSI,Arduino,0.000,0.000,0.000,,
549.633243,2026-03-16 16:50:45.373,ARDUINO_PSI,Arduino,0.000,0.000,0.000,,
549.733002,2026-03-16 16:50:45.473,ARDUINO_PSI,Arduino,0.000,0.000,0.000,,
549.833114,2026-03-16 16:50:45.573,ARDUINO_PSI,Arduino,0.000,0.000,0.000,,
549.933770,2026-03-16 16:50:45.674,ARDUINO_PSI,Arduino,0.000,0.000,0.000,,
550.033865,2026-03-16 16:50:45.774,ARDUINO_PSI,Arduino,0.000,0.000,0.000,,
550.132863,2026-03-16 16:50:45.873,ARDUINO_PSI,Arduino,0.000,0.000,0.000,,
550.232953,2026-03-16 16:50:45.973,ARDUINO_PSI,Arduino,0.000,0.000,0.000,,
550.333657,2026-03-16 16:50:46.074,ARDUINO_PSI,Arduino,0.000,0.000,0.000,,
550.433835,2026-03-16 16:50:46.174,ARDUINO_PSI,Arduino,0.000,0.000,0.000,,
550.533847,2026-03-16 16:50:46.274,ARDUINO_PSI,Arduino,0.000,0.000,0.000,,
550.632849,2026-03-16 16:50:46.373,ARDUINO_PSI,Arduino,0.000,0.000,0.000,,
550.733522,2026-03-16 16:50:46.474,ARDUINO_PSI,Arduino,0.000,0.000,0.000,,
550.833802,2026-03-16 16:50:46.574,ARDUINO_PSI,Arduino,0.000,0.000,0.000,,
550.932847,2026-03-16 16:50:46.673,ARDUINO_PSI,Arduino,0.000,0.000,0.000,,
551.033553,2026-03-16 16:50:46.774,ARDUINO_PSI,Arduino,0.000,0.000,0.000,,
551.133010,2026-03-16 16:50:46.873,ARDUINO_PSI,Arduino,0.000,0.000,0.000,,
551.233976,2026-03-16 16:50:46.974,ARDUINO_PSI,Arduino,0.000,0.000,0.000,,
551.332955,2026-03-16 16:50:47.073,ARDUINO_PSI,Arduino,0.000,0.000,0.000,,
551.433696,2026-03-16 16:50:47.174,ARDUINO_PSI,Arduino,0.000,0.000,0.000,,
551.532927,2026-03-16 16:50:47.273,ARDUINO_PSI,Arduino,0.000,0.000,0.000,,
551.633730,2026-03-16 16:50:47.374,ARDUINO_PSI,Arduino,0.000,0.000,0.000,,
551.732944,2026-03-16 16:50:47.473,ARDUINO_PSI,Arduino,0.000,0.000,0.000,,
551.834247,2026-03-16 16:50:47.574,ARDUINO_PSI,Arduino,0.000,0.000,0.000,,
551.932922,2026-03-16 16:50:47.673,ARDUINO_PSI,Arduino,0.000,0.000,0.000,,
552.032979,2026-03-16 16:50:47.773,ARDUINO_PSI,Arduino,0.000,0.000,0.000,,
552.132836,2026-03-16 16:50:47.873,ARDUINO_PSI,Arduino,0.000,0.000,0.000,,
552.232937,2026-03-16 16:50:47.973,ARDUINO_PSI,Arduino,0.000,0.000,0.000,,
552.333223,2026-03-16 16:50:48.073,ARDUINO_PSI,Arduino,0.000,0.000,0.000,,
552.433487,2026-03-16 16:50:48.174,ARDUINO_PSI,Arduino,0.000,0.000,0.000,,
552.532898,2026-03-16 16:50:48.273,ARDUINO_PSI,Arduino,0.000,0.000,0.000,,
552.633475,2026-03-16 16:50:48.374,ARDUINO_PSI,Arduino,0.000,0.000,0.000,,
552.733472,2026-03-16 16:50:48.474,ARDUINO_PSI,Arduino,0.000,0.000,0.000,,
552.832840,2026-03-16 16:50:48.573,ARDUINO_PSI,Arduino,0.000,0.000,0.000,,
552.932997,2026-03-16 16:50:48.673,ARDUINO_PSI,Arduino,0.000,0.000,0.000,,
553.033296,2026-03-16 16:50:48.773,ARDUINO_PSI,Arduino,0.000,0.000,0.000,,
553.133052,2026-03-16 16:50:48.873,ARDUINO_PSI,Arduino,0.000,0.000,0.000,,
553.232869,2026-03-16 16:50:48.973,ARDUINO_PSI,Arduino,0.000,0.000,0.000,,
553.332984,2026-03-16 16:50:49.073,ARDUINO_PSI,Arduino,0.000,0.000,0.000,,
553.434191,2026-03-16 16:50:49.174,ARDUINO_PSI,Arduino,0.000,0.000,0.000,,
553.532867,2026-03-16 16:50:49.273,ARDUINO_PSI,Arduino,0.000,0.000,0.000,,
553.634121,2026-03-16 16:50:49.374,ARDUINO_PSI,Arduino,0.000,0.000,0.000,,
553.733457,2026-03-16 16:50:49.474,ARDUINO_PSI,Arduino,0.000,0.000,0.000,,
553.833244,2026-03-16 16:50:49.573,ARDUINO_PSI,Arduino,0.000,0.000,0.000,,
553.933869,2026-03-16 16:50:49.674,ARDUINO_PSI,Arduino,0.000,0.000,0.000,,
554.034117,2026-03-16 16:50:49.774,ARDUINO_PSI,Arduino,0.000,0.000,0.000,,
554.133167,2026-03-16 16:50:49.873,ARDUINO_PSI,Arduino,0.000,0.000,0.000,,
554.234638,2026-03-16 16:50:49.975,ARDUINO_PSI,Arduino,0.000,0.000,0.000,,
554.333801,2026-03-16 16:50:50.074,ARDUINO_PSI,Arduino,0.000,0.000,0.000,,
554.433974,2026-03-16 16:50:50.174,ARDUINO_PSI,Arduino,0.000,0.000,0.000,,
554.533371,2026-03-16 16:50:50.274,ARDUINO_PSI,Arduino,0.000,0.000,0.000,,
554.634214,2026-03-16 16:50:50.374,ARDUINO_PSI,Arduino,0.000,0.000,0.000,,
554.734234,2026-03-16 16:50:50.474,ARDUINO_PSI,Arduino,0.000,0.000,0.000,,
554.832546,2026-03-16 16:50:50.573,ARDUINO_PSI,Arduino,0.000,0.000,0.000,,
554.934405,2026-03-16 16:50:50.675,ARDUINO_PSI,Arduino,0.000,0.000,0.000,,
555.033078,2026-03-16 16:50:50.773,ARDUINO_PSI,Arduino,0.000,0.000,0.000,,
555.133843,2026-03-16 16:50:50.874,ARDUINO_PSI,Arduino,0.000,0.000,0.000,,
555.233936,2026-03-16 16:50:50.974,ARDUINO_PSI,Arduino,0.000,0.000,0.000,,
555.333721,2026-03-16 16:50:51.074,ARDUINO_PSI,Arduino,0.000,0.000,0.000,,
555.433830,2026-03-16 16:50:51.174,ARDUINO_PSI,Arduino,0.000,0.000,0.000,,
555.532932,2026-03-16 16:50:51.273,ARDUINO_PSI,Arduino,0.000,0.000,0.000,,
555.632413,2026-03-16 16:50:51.373,ARDUINO_PSI,Arduino,0.000,0.000,0.000,,
555.733735,2026-03-16 16:50:51.474,ARDUINO_PSI,Arduino,0.000,0.000,0.000,,
555.833522,2026-03-16 16:50:51.574,ARDUINO_PSI,Arduino,0.000,0.000,0.000,,
555.932971,2026-03-16 16:50:51.673,ARDUINO_PSI,Arduino,0.000,0.000,0.000,,
556.033896,2026-03-16 16:50:51.774,ARDUINO_PSI,Arduino,0.000,0.000,0.000,,
556.133269,2026-03-16 16:50:51.873,ARDUINO_PSI,Arduino,0.000,0.000,0.000,,
556.233783,2026-03-16 16:50:51.974,ARDUINO_PSI,Arduino,0.000,0.000,0.000,,
556.332781,2026-03-16 16:50:52.073,ARDUINO_PSI,Arduino,0.000,0.000,0.000,,
556.432992,2026-03-16 16:50:52.173,ARDUINO_PSI,Arduino,0.000,0.000,0.000,,
556.532967,2026-03-16 16:50:52.273,ARDUINO_PSI,Arduino,0.000,0.000,0.000,,
556.633214,2026-03-16 16:50:52.373,ARDUINO_PSI,Arduino,0.000,0.000,0.000,,
556.734009,2026-03-16 16:50:52.474,ARDUINO_PSI,Arduino,0.000,0.000,0.000,,
556.833955,2026-03-16 16:50:52.574,ARDUINO_PSI,Arduino,0.000,0.000,0.000,,
556.933822,2026-03-16 16:50:52.674,ARDUINO_PSI,Arduino,0.000,0.000,0.000,,
557.034061,2026-03-16 16:50:52.774,ARDUINO_PSI,Arduino,0.000,0.000,0.000,,
557.132918,2026-03-16 16:50:52.873,ARDUINO_PSI,Arduino,0.000,0.000,0.000,,
557.233046,2026-03-16 16:50:52.973,ARDUINO_PSI,Arduino,0.000,0.000,0.000,,
557.333833,2026-03-16 16:50:53.074,ARDUINO_PSI,Arduino,0.000,0.000,0.000,,
557.433954,2026-03-16 16:50:53.174,ARDUINO_PSI,Arduino,0.000,0.000,0.000,,
557.533087,2026-03-16 16:50:53.273,ARDUINO_PSI,Arduino,0.000,0.000,0.000,,
557.633960,2026-03-16 16:50:53.374,ARDUINO_PSI,Arduino,0.000,0.000,0.000,,
557.732816,2026-03-16 16:50:53.473,ARDUINO_PSI,Arduino,0.000,0.000,0.000,,
557.833890,2026-03-16 16:50:53.574,ARDUINO_PSI,Arduino,0.000,0.000,0.000,,
557.932956,2026-03-16 16:50:53.673,ARDUINO_PSI,Arduino,0.000,0.000,0.000,,
558.032975,2026-03-16 16:50:53.773,ARDUINO_PSI,Arduino,0.000,0.000,0.000,,
558.134094,2026-03-16 16:50:53.874,ARDUINO_PSI,Arduino,0.000,0.000,0.000,,
558.232995,2026-03-16 16:50:53.973,ARDUINO_PSI,Arduino,0.000,0.000,0.000,,
558.332867,2026-03-16 16:50:54.073,ARDUINO_PSI,Arduino,0.000,0.000,0.000,,
558.433100,2026-03-16 16:50:54.173,ARDUINO_PSI,Arduino,0.000,0.000,0.000,,
558.533706,2026-03-16 16:50:54.274,ARDUINO_PSI,Arduino,0.000,0.000,0.000,,
558.633986,2026-03-16 16:50:54.374,ARDUINO_PSI,Arduino,0.000,0.000,0.000,,
558.733609,2026-03-16 16:50:54.474,ARDUINO_PSI,Arduino,0.000,0.000,0.000,,
558.833845,2026-03-16 16:50:54.574,ARDUINO_PSI,Arduino,0.000,0.000,0.000,,
558.933048,2026-03-16 16:50:54.673,ARDUINO_PSI,Arduino,0.000,0.000,0.000,,
559.033041,2026-03-16 16:50:54.773,ARDUINO_PSI,Arduino,0.000,0.000,0.000,,
559.133942,2026-03-16 16:50:54.874,ARDUINO_PSI,Arduino,0.000,0.000,0.000,,
559.232914,2026-03-16 16:50:54.973,ARDUINO_PSI,Arduino,0.000,0.000,0.000,,
559.332916,2026-03-16 16:50:55.073,ARDUINO_PSI,Arduino,0.000,0.000,0.000,,
559.432993,2026-03-16 16:50:55.173,ARDUINO_PSI,Arduino,0.000,0.000,0.000,,
559.533094,2026-03-16 16:50:55.273,ARDUINO_PSI,Arduino,0.000,0.000,0.000,,
559.634144,2026-03-16 16:50:55.374,ARDUINO_PSI,Arduino,0.000,0.000,0.000,,
559.732871,2026-03-16 16:50:55.473,ARDUINO_PSI,Arduino,0.000,0.000,0.000,,
559.832961,2026-03-16 16:50:55.573,ARDUINO_PSI,Arduino,0.000,0.000,0.000,,
559.933856,2026-03-16 16:50:55.674,ARDUINO_PSI,Arduino,0.000,0.000,0.000,,
560.034173,2026-03-16 16:50:55.774,ARDUINO_PSI,Arduino,0.000,0.000,0.000,,
560.133959,2026-03-16 16:50:55.874,ARDUINO_PSI,Arduino,0.000,0.000,0.000,,
560.233771,2026-03-16 16:50:55.974,ARDUINO_PSI,Arduino,0.000,0.000,0.000,,
560.333936,2026-03-16 16:50:56.074,ARDUINO_PSI,Arduino,0.000,0.000,0.000,,
560.434203,2026-03-16 16:50:56.174,ARDUINO_PSI,Arduino,0.000,0.000,0.000,,
560.533071,2026-03-16 16:50:56.273,ARDUINO_PSI,Arduino,0.000,0.000,0.000,,
560.632907,2026-03-16 16:50:56.373,ARDUINO_PSI,Arduino,0.000,0.000,0.000,,
560.732656,2026-03-16 16:50:56.473,ARDUINO_PSI,Arduino,0.000,0.000,0.000,,
560.833723,2026-03-16 16:50:56.574,ARDUINO_PSI,Arduino,0.000,0.000,0.000,,
560.933840,2026-03-16 16:50:56.674,ARDUINO_PSI,Arduino,0.000,0.000,0.000,,
561.033079,2026-03-16 16:50:56.773,ARDUINO_PSI,Arduino,0.000,0.000,0.000,,
561.133447,2026-03-16 16:50:56.874,ARDUINO_PSI,Arduino,0.000,0.000,0.000,,
561.233044,2026-03-16 16:50:56.973,ARDUINO_PSI,Arduino,0.000,0.000,0.000,,
561.332949,2026-03-16 16:50:57.073,ARDUINO_PSI,Arduino,0.000,0.000,0.000,,
561.432987,2026-03-16 16:50:57.173,ARDUINO_PSI,Arduino,0.000,0.000,0.000,,
561.532900,2026-03-16 16:50:57.273,ARDUINO_PSI,Arduino,0.000,0.000,0.000,,
561.633791,2026-03-16 16:50:57.374,ARDUINO_PSI,Arduino,0.000,0.000,0.000,,
561.733229,2026-03-16 16:50:57.473,ARDUINO_PSI,Arduino,0.000,0.000,0.000,,
561.833098,2026-03-16 16:50:57.573,ARDUINO_PSI,Arduino,0.000,0.000,0.000,,
561.932950,2026-03-16 16:50:57.673,ARDUINO_PSI,Arduino,0.000,0.000,0.000,,
562.032921,2026-03-16 16:50:57.773,ARDUINO_PSI,Arduino,0.000,0.000,0.000,,
562.133611,2026-03-16 16:50:57.874,ARDUINO_PSI,Arduino,0.000,0.000,0.000,,
562.233957,2026-03-16 16:50:57.974,ARDUINO_PSI,Arduino,0.000,0.000,0.000,,
562.334027,2026-03-16 16:50:58.074,ARDUINO_PSI,Arduino,0.000,0.000,0.000,,
562.432970,2026-03-16 16:50:58.173,ARDUINO_PSI,Arduino,0.000,0.000,0.000,,
562.532919,2026-03-16 16:50:58.273,ARDUINO_PSI,Arduino,0.000,0.000,0.000,,
562.633262,2026-03-16 16:50:58.373,ARDUINO_PSI,Arduino,0.000,0.000,0.000,,
562.732833,2026-03-16 16:50:58.473,ARDUINO_PSI,Arduino,0.000,0.000,0.000,,
562.832988,2026-03-16 16:50:58.573,ARDUINO_PSI,Arduino,0.000,0.000,0.000,,
562.932828,2026-03-16 16:50:58.673,ARDUINO_PSI,Arduino,0.000,0.000,0.000,,
563.032564,2026-03-16 16:50:58.773,ARDUINO_PSI,Arduino,0.000,0.000,0.000,,
563.133312,2026-03-16 16:50:58.873,ARDUINO_PSI,Arduino,0.000,0.000,0.000,,
563.232918,2026-03-16 16:50:58.973,ARDUINO_PSI,Arduino,0.000,0.000,0.000,,
563.332936,2026-03-16 16:50:59.073,ARDUINO_PSI,Arduino,0.000,0.000,0.000,,
563.432901,2026-03-16 16:50:59.173,ARDUINO_PSI,Arduino,0.000,0.000,0.000,,
563.532998,2026-03-16 16:50:59.273,ARDUINO_PSI,Arduino,0.000,0.000,0.000,,
563.632921,2026-03-16 16:50:59.373,ARDUINO_PSI,Arduino,0.000,0.000,0.000,,
563.733007,2026-03-16 16:50:59.473,ARDUINO_PSI,Arduino,0.000,0.000,0.000,,
563.832883,2026-03-16 16:50:59.573,ARDUINO_PSI,Arduino,0.000,0.000,0.000,,
563.932809,2026-03-16 16:50:59.673,ARDUINO_PSI,Arduino,0.000,0.000,0.000,,
564.032826,2026-03-16 16:50:59.773,ARDUINO_PSI,Arduino,0.000,0.000,0.000,,
564.132925,2026-03-16 16:50:59.873,ARDUINO_PSI,Arduino,0.000,0.000,0.000,,
564.233364,2026-03-16 16:50:59.973,ARDUINO_PSI,Arduino,0.000,0.000,0.000,,
564.333134,2026-03-16 16:51:00.073,ARDUINO_PSI,Arduino,0.000,0.000,0.000,,
564.432944,2026-03-16 16:51:00.173,ARDUINO_PSI,Arduino,0.000,0.000,0.000,,
564.532880,2026-03-16 16:51:00.273,ARDUINO_PSI,Arduino,0.000,0.000,0.000,,
564.632877,2026-03-16 16:51:00.373,ARDUINO_PSI,Arduino,0.000,0.000,0.000,,
564.732884,2026-03-16 16:51:00.473,ARDUINO_PSI,Arduino,0.000,0.000,0.000,,
564.833014,2026-03-16 16:51:00.573,ARDUINO_PSI,Arduino,0.000,0.000,0.000,,
564.933382,2026-03-16 16:51:00.674,ARDUINO_PSI,Arduino,0.000,0.000,0.000,,
565.032912,2026-03-16 16:51:00.773,ARDUINO_PSI,Arduino,0.000,0.000,0.000,,
565.132968,2026-03-16 16:51:00.873,ARDUINO_PSI,Arduino,0.000,0.000,0.000,,
565.233016,2026-03-16 16:51:00.973,ARDUINO_PSI,Arduino,0.000,0.000,0.000,,
565.332890,2026-03-16 16:51:01.073,ARDUINO_PSI,Arduino,0.000,0.000,0.000,,
565.432877,2026-03-16 16:51:01.173,ARDUINO_PSI,Arduino,0.000,0.000,0.000,,
565.532533,2026-03-16 16:51:01.273,ARDUINO_PSI,Arduino,0.000,0.000,0.000,,
565.632950,2026-03-16 16:51:01.373,ARDUINO_PSI,Arduino,0.000,0.000,0.000,,
565.733020,2026-03-16 16:51:01.473,ARDUINO_PSI,Arduino,0.000,0.000,0.000,,
565.833285,2026-03-16 16:51:01.573,ARDUINO_PSI,Arduino,0.000,0.000,0.000,,
565.932867,2026-03-16 16:51:01.673,ARDUINO_PSI,Arduino,0.000,0.000,0.000,,
566.032401,2026-03-16 16:51:01.773,ARDUINO_PSI,Arduino,0.000,0.000,0.000,,
566.132641,2026-03-16 16:51:01.873,ARDUINO_PSI,Arduino,0.000,0.000,0.000,,
566.232709,2026-03-16 16:51:01.973,ARDUINO_PSI,Arduino,0.000,0.000,0.000,,
566.333582,2026-03-16 16:51:02.074,ARDUINO_PSI,Arduino,0.000,0.000,0.000,,
566.432998,2026-03-16 16:51:02.173,ARDUINO_PSI,Arduino,0.000,0.000,0.000,,
566.532818,2026-03-16 16:51:02.273,ARDUINO_PSI,Arduino,0.000,0.000,0.000,,
566.632970,2026-03-16 16:51:02.373,ARDUINO_PSI,Arduino,0.000,0.000,0.000,,
566.733096,2026-03-16 16:51:02.473,ARDUINO_PSI,Arduino,0.000,0.000,0.000,,
566.832465,2026-03-16 16:51:02.573,ARDUINO_PSI,Arduino,0.000,0.000,0.000,,
566.932943,2026-03-16 16:51:02.673,ARDUINO_PSI,Arduino,0.000,0.000,0.000,,
567.033011,2026-03-16 16:51:02.773,ARDUINO_PSI,Arduino,0.000,0.000,0.000,,
567.132386,2026-03-16 16:51:02.873,ARDUINO_PSI,Arduino,0.000,0.000,0.000,,
567.232417,2026-03-16 16:51:02.973,ARDUINO_PSI,Arduino,0.000,0.000,0.000,,
567.332417,2026-03-16 16:51:03.073,ARDUINO_PSI,Arduino,0.000,0.000,0.000,,
567.432936,2026-03-16 16:51:03.173,ARDUINO_PSI,Arduino,0.000,0.000,0.000,,
567.533060,2026-03-16 16:51:03.273,ARDUINO_PSI,Arduino,0.000,0.000,0.000,,
567.632975,2026-03-16 16:51:03.373,ARDUINO_PSI,Arduino,0.000,0.000,0.000,,
567.733626,2026-03-16 16:51:03.474,ARDUINO_PSI,Arduino,0.000,0.000,0.000,,
567.833186,2026-03-16 16:51:03.573,ARDUINO_PSI,Arduino,0.000,0.000,0.000,,
567.932750,2026-03-16 16:51:03.673,ARDUINO_PSI,Arduino,0.000,0.000,0.000,,
568.033244,2026-03-16 16:51:03.773,ARDUINO_PSI,Arduino,0.000,0.000,0.000,,
568.132976,2026-03-16 16:51:03.873,ARDUINO_PSI,Arduino,0.000,0.000,0.000,,
568.232978,2026-03-16 16:51:03.973,ARDUINO_PSI,Arduino,0.000,0.000,0.000,,
568.332878,2026-03-16 16:51:04.073,ARDUINO_PSI,Arduino,0.000,0.000,0.000,,
568.433016,2026-03-16 16:51:04.173,ARDUINO_PSI,Arduino,0.000,0.000,0.000,,
568.532989,2026-03-16 16:51:04.273,ARDUINO_PSI,Arduino,0.000,0.000,0.000,,
568.632748,2026-03-16 16:51:04.373,ARDUINO_PSI,Arduino,0.000,0.000,0.000,,
568.733000,2026-03-16 16:51:04.473,ARDUINO_PSI,Arduino,0.000,0.000,0.000,,
568.833073,2026-03-16 16:51:04.573,ARDUINO_PSI,Arduino,0.000,0.000,0.000,,
568.932998,2026-03-16 16:51:04.673,ARDUINO_PSI,Arduino,0.000,0.000,0.000,,
569.032790,2026-03-16 16:51:04.773,ARDUINO_PSI,Arduino,0.000,0.000,0.000,,
569.132770,2026-03-16 16:51:04.873,ARDUINO_PSI,Arduino,0.000,0.000,0.000,,
569.233024,2026-03-16 16:51:04.973,ARDUINO_PSI,Arduino,0.000,0.000,0.000,,
569.332999,2026-03-16 16:51:05.073,ARDUINO_PSI,Arduino,0.000,0.000,0.000,,
569.432669,2026-03-16 16:51:05.173,ARDUINO_PSI,Arduino,0.000,0.000,0.000,,
569.532759,2026-03-16 16:51:05.273,ARDUINO_PSI,Arduino,0.000,0.000,0.000,,
569.632405,2026-03-16 16:51:05.373,ARDUINO_PSI,Arduino,0.000,0.000,0.000,,
569.733070,2026-03-16 16:51:05.473,ARDUINO_PSI,Arduino,0.000,0.000,0.000,,
569.832992,2026-03-16 16:51:05.573,ARDUINO_PSI,Arduino,0.000,0.000,0.000,,
569.932946,2026-03-16 16:51:05.673,ARDUINO_PSI,Arduino,0.000,0.000,0.000,,
570.033025,2026-03-16 16:51:05.773,ARDUINO_PSI,Arduino,0.000,0.000,0.000,,
570.132734,2026-03-16 16:51:05.873,ARDUINO_PSI,Arduino,0.000,0.000,0.000,,
570.232735,2026-03-16 16:51:05.973,ARDUINO_PSI,Arduino,0.000,0.000,0.000,,
570.333074,2026-03-16 16:51:06.073,ARDUINO_PSI,Arduino,0.000,0.000,0.000,,
570.432961,2026-03-16 16:51:06.173,ARDUINO_PSI,Arduino,0.000,0.000,0.000,,
570.532831,2026-03-16 16:51:06.273,ARDUINO_PSI,Arduino,0.000,0.000,0.000,,
570.633709,2026-03-16 16:51:06.374,ARDUINO_PSI,Arduino,0.000,0.000,0.000,,
570.732876,2026-03-16 16:51:06.473,ARDUINO_PSI,Arduino,0.000,0.000,0.000,,
570.832993,2026-03-16 16:51:06.573,ARDUINO_PSI,Arduino,0.000,0.000,0.000,,
570.932881,2026-03-16 16:51:06.673,ARDUINO_PSI,Arduino,0.000,0.000,0.000,,
571.032904,2026-03-16 16:51:06.773,ARDUINO_PSI,Arduino,0.000,0.000,0.000,,
571.132575,2026-03-16 16:51:06.873,ARDUINO_PSI,Arduino,0.000,0.000,0.000,,
571.232645,2026-03-16 16:51:06.973,ARDUINO_PSI,Arduino,0.000,0.000,0.000,,
571.333021,2026-03-16 16:51:07.073,ARDUINO_PSI,Arduino,0.000,0.000,0.000,,
571.432967,2026-03-16 16:51:07.173,ARDUINO_PSI,Arduino,0.000,0.000,0.000,,
571.532923,2026-03-16 16:51:07.273,ARDUINO_PSI,Arduino,0.000,0.000,0.000,,
571.632813,2026-03-16 16:51:07.373,ARDUINO_PSI,Arduino,0.000,0.000,0.000,,
571.732711,2026-03-16 16:51:07.473,ARDUINO_PSI,Arduino,0.000,0.000,0.000,,
571.833071,2026-03-16 16:51:07.573,ARDUINO_PSI,Arduino,0.000,0.000,0.000,,
571.933130,2026-03-16 16:51:07.673,ARDUINO_PSI,Arduino,0.000,0.000,0.000,,
572.032942,2026-03-16 16:51:07.773,ARDUINO_PSI,Arduino,0.000,0.000,0.000,,
572.132686,2026-03-16 16:51:07.873,ARDUINO_PSI,Arduino,0.000,0.000,0.000,,
572.232941,2026-03-16 16:51:07.973,ARDUINO_PSI,Arduino,0.000,0.000,0.000,,
572.332854,2026-03-16 16:51:08.073,ARDUINO_PSI,Arduino,0.000,0.000,0.000,,
572.432902,2026-03-16 16:51:08.173,ARDUINO_PSI,Arduino,0.000,0.000,0.000,,
572.532929,2026-03-16 16:51:08.273,ARDUINO_PSI,Arduino,0.000,0.000,0.000,,
572.632927,2026-03-16 16:51:08.373,ARDUINO_PSI,Arduino,0.000,0.000,0.000,,
572.733456,2026-03-16 16:51:08.474,ARDUINO_PSI,Arduino,0.000,0.000,0.000,,
572.832989,2026-03-16 16:51:08.573,ARDUINO_PSI,Arduino,0.000,0.000,0.000,,
572.932844,2026-03-16 16:51:08.673,ARDUINO_PSI,Arduino,0.000,0.000,0.000,,
573.032963,2026-03-16 16:51:08.773,ARDUINO_PSI,Arduino,0.000,0.000,0.000,,
573.132806,2026-03-16 16:51:08.873,ARDUINO_PSI,Arduino,0.000,0.000,0.000,,
573.232941,2026-03-16 16:51:08.973,ARDUINO_PSI,Arduino,0.000,0.000,0.000,,
573.333002,2026-03-16 16:51:09.073,ARDUINO_PSI,Arduino,0.000,0.000,0.000,,
573.433005,2026-03-16 16:51:09.173,ARDUINO_PSI,Arduino,0.000,0.000,0.000,,
573.532908,2026-03-16 16:51:09.273,ARDUINO_PSI,Arduino,0.000,0.000,0.000,,
573.633124,2026-03-16 16:51:09.373,ARDUINO_PSI,Arduino,0.000,0.000,0.000,,
573.732817,2026-03-16 16:51:09.473,ARDUINO_PSI,Arduino,0.000,0.000,0.000,,
573.833037,2026-03-16 16:51:09.573,ARDUINO_PSI,Arduino,0.000,0.000,0.000,,
573.932954,2026-03-16 16:51:09.673,ARDUINO_PSI,Arduino,0.000,0.000,0.000,,
574.032938,2026-03-16 16:51:09.773,ARDUINO_PSI,Arduino,0.000,0.000,0.000,,
574.132820,2026-03-16 16:51:09.873,ARDUINO_PSI,Arduino,0.000,0.000,0.000,,
574.232931,2026-03-16 16:51:09.973,ARDUINO_PSI,Arduino,0.000,0.000,0.000,,
574.333463,2026-03-16 16:51:10.074,ARDUINO_PSI,Arduino,0.000,0.000,0.000,,
574.432866,2026-03-16 16:51:10.173,ARDUINO_PSI,Arduino,0.000,0.000,0.000,,
574.533030,2026-03-16 16:51:10.273,ARDUINO_PSI,Arduino,0.000,0.000,0.000,,
574.632848,2026-03-16 16:51:10.373,ARDUINO_PSI,Arduino,0.000,0.000,0.000,,
574.732885,2026-03-16 16:51:10.473,ARDUINO_PSI,Arduino,0.000,0.000,0.000,,
574.832485,2026-03-16 16:51:10.573,ARDUINO_PSI,Arduino,0.000,0.000,0.000,,
574.932986,2026-03-16 16:51:10.673,ARDUINO_PSI,Arduino,0.000,0.000,0.000,,
575.032919,2026-03-16 16:51:10.773,ARDUINO_PSI,Arduino,0.000,0.000,0.000,,
575.132899,2026-03-16 16:51:10.873,ARDUINO_PSI,Arduino,0.000,0.000,0.000,,
575.232529,2026-03-16 16:51:10.973,ARDUINO_PSI,Arduino,0.000,0.000,0.000,,
575.332886,2026-03-16 16:51:11.073,ARDUINO_PSI,Arduino,0.000,0.000,0.000,,
575.433067,2026-03-16 16:51:11.173,ARDUINO_PSI,Arduino,0.000,0.000,0.000,,
575.532839,2026-03-16 16:51:11.273,ARDUINO_PSI,Arduino,0.000,0.000,0.000,,
575.632879,2026-03-16 16:51:11.373,ARDUINO_PSI,Arduino,0.000,0.000,0.000,,
575.732916,2026-03-16 16:51:11.473,ARDUINO_PSI,Arduino,0.000,0.000,0.000,,
575.832950,2026-03-16 16:51:11.573,ARDUINO_PSI,Arduino,0.000,0.000,0.000,,
575.932929,2026-03-16 16:51:11.673,ARDUINO_PSI,Arduino,0.000,0.000,0.000,,
576.032883,2026-03-16 16:51:11.773,ARDUINO_PSI,Arduino,0.000,0.000,0.000,,
576.133007,2026-03-16 16:51:11.873,ARDUINO_PSI,Arduino,0.000,0.000,0.000,,
576.232995,2026-03-16 16:51:11.973,ARDUINO_PSI,Arduino,0.000,0.000,0.000,,
576.333001,2026-03-16 16:51:12.073,ARDUINO_PSI,Arduino,0.000,0.000,0.000,,
576.433029,2026-03-16 16:51:12.173,ARDUINO_PSI,Arduino,0.000,0.000,0.000,,
576.532931,2026-03-16 16:51:12.273,ARDUINO_PSI,Arduino,0.000,0.000,0.000,,
576.633008,2026-03-16 16:51:12.373,ARDUINO_PSI,Arduino,0.000,0.000,0.000,,
576.732633,2026-03-16 16:51:12.473,ARDUINO_PSI,Arduino,0.000,0.000,0.000,,
576.833114,2026-03-16 16:51:12.573,ARDUINO_PSI,Arduino,0.000,0.000,0.000,,
576.932918,2026-03-16 16:51:12.673,ARDUINO_PSI,Arduino,0.000,0.000,0.000,,
577.032926,2026-03-16 16:51:12.773,ARDUINO_PSI,Arduino,0.000,0.000,0.000,,
577.133676,2026-03-16 16:51:12.874,ARDUINO_PSI,Arduino,0.000,0.000,0.000,,
577.232973,2026-03-16 16:51:12.973,ARDUINO_PSI,Arduino,0.000,0.000,0.000,,
577.333001,2026-03-16 16:51:13.073,ARDUINO_PSI,Arduino,0.000,0.000,0.000,,
577.432407,2026-03-16 16:51:13.173,ARDUINO_PSI,Arduino,0.000,0.000,0.000,,
577.533047,2026-03-16 16:51:13.273,ARDUINO_PSI,Arduino,0.000,0.000,0.000,,
577.633162,2026-03-16 16:51:13.373,ARDUINO_PSI,Arduino,0.000,0.000,0.000,,
577.732861,2026-03-16 16:51:13.473,ARDUINO_PSI,Arduino,0.000,0.000,0.000,,
577.833096,2026-03-16 16:51:13.573,ARDUINO_PSI,Arduino,0.000,0.000,0.000,,
577.933037,2026-03-16 16:51:13.673,ARDUINO_PSI,Arduino,0.000,0.000,0.000,,
578.032870,2026-03-16 16:51:13.773,ARDUINO_PSI,Arduino,0.000,0.000,0.000,,
578.132909,2026-03-16 16:51:13.873,ARDUINO_PSI,Arduino,0.000,0.000,0.000,,
578.232864,2026-03-16 16:51:13.973,ARDUINO_PSI,Arduino,0.000,0.000,0.000,,
578.332912,2026-03-16 16:51:14.073,ARDUINO_PSI,Arduino,0.000,0.000,0.000,,
578.432939,2026-03-16 16:51:14.173,ARDUINO_PSI,Arduino,0.000,0.000,0.000,,
578.533443,2026-03-16 16:51:14.274,ARDUINO_PSI,Arduino,0.000,0.000,0.000,,
578.632951,2026-03-16 16:51:14.373,ARDUINO_PSI,Arduino,0.000,0.000,0.000,,
578.732989,2026-03-16 16:51:14.473,ARDUINO_PSI,Arduino,0.000,0.000,0.000,,
578.833136,2026-03-16 16:51:14.573,ARDUINO_PSI,Arduino,0.000,0.000,0.000,,
578.932868,2026-03-16 16:51:14.673,ARDUINO_PSI,Arduino,0.000,0.000,0.000,,
579.032973,2026-03-16 16:51:14.773,ARDUINO_PSI,Arduino,0.000,0.000,0.000,,
579.133027,2026-03-16 16:51:14.873,ARDUINO_PSI,Arduino,0.000,0.000,0.000,,
579.232935,2026-03-16 16:51:14.973,ARDUINO_PSI,Arduino,0.000,0.000,0.000,,
579.332932,2026-03-16 16:51:15.073,ARDUINO_PSI,Arduino,0.000,0.000,0.000,,
579.432669,2026-03-16 16:51:15.173,ARDUINO_PSI,Arduino,0.000,0.000,0.000,,
579.532821,2026-03-16 16:51:15.273,ARDUINO_PSI,Arduino,0.000,0.000,0.000,,
579.632929,2026-03-16 16:51:15.373,ARDUINO_PSI,Arduino,0.000,0.000,0.000,,
579.732928,2026-03-16 16:51:15.473,ARDUINO_PSI,Arduino,0.000,0.000,0.000,,
579.832370,2026-03-16 16:51:15.572,ARDUINO_PSI,Arduino,0.000,0.000,0.000,,
579.932952,2026-03-16 16:51:15.673,ARDUINO_PSI,Arduino,0.000,0.000,0.000,,
580.032846,2026-03-16 16:51:15.773,ARDUINO_PSI,Arduino,0.000,0.000,0.000,,
580.132920,2026-03-16 16:51:15.873,ARDUINO_PSI,Arduino,0.000,0.000,0.000,,
580.232878,2026-03-16 16:51:15.973,ARDUINO_PSI,Arduino,0.000,0.000,0.000,,
580.332994,2026-03-16 16:51:16.073,ARDUINO_PSI,Arduino,0.000,0.000,0.000,,
580.432805,2026-03-16 16:51:16.173,ARDUINO_PSI,Arduino,0.000,0.000,0.000,,
580.532423,2026-03-16 16:51:16.273,ARDUINO_PSI,Arduino,0.000,0.000,0.000,,
580.633284,2026-03-16 16:51:16.373,ARDUINO_PSI,Arduino,0.000,0.000,0.000,,
580.732978,2026-03-16 16:51:16.473,ARDUINO_PSI,Arduino,0.000,0.000,0.000,,
580.833366,2026-03-16 16:51:16.574,ARDUINO_PSI,Arduino,0.000,0.000,0.000,,
580.932950,2026-03-16 16:51:16.673,ARDUINO_PSI,Arduino,0.000,0.000,0.000,,
581.032883,2026-03-16 16:51:16.773,ARDUINO_PSI,Arduino,0.000,0.000,0.000,,
581.132490,2026-03-16 16:51:16.873,ARDUINO_PSI,Arduino,0.000,0.000,0.000,,
581.233004,2026-03-16 16:51:16.973,ARDUINO_PSI,Arduino,0.000,0.000,0.000,,
581.332997,2026-03-16 16:51:17.073,ARDUINO_PSI,Arduino,0.000,0.000,0.000,,
581.433010,2026-03-16 16:51:17.173,ARDUINO_PSI,Arduino,0.000,0.000,0.000,,
581.532912,2026-03-16 16:51:17.273,ARDUINO_PSI,Arduino,0.000,0.000,0.000,,
581.633027,2026-03-16 16:51:17.373,ARDUINO_PSI,Arduino,0.000,0.000,0.000,,
581.732942,2026-03-16 16:51:17.473,ARDUINO_PSI,Arduino,0.000,0.000,0.000,,
581.832890,2026-03-16 16:51:17.573,ARDUINO_PSI,Arduino,0.000,0.000,0.000,,
581.932911,2026-03-16 16:51:17.673,ARDUINO_PSI,Arduino,0.000,0.000,0.000,,
582.033073,2026-03-16 16:51:17.773,ARDUINO_PSI,Arduino,0.000,0.000,0.000,,
582.132995,2026-03-16 16:51:17.873,ARDUINO_PSI,Arduino,0.000,0.000,0.000,,
582.232792,2026-03-16 16:51:17.973,ARDUINO_PSI,Arduino,0.000,0.000,0.000,,
582.333142,2026-03-16 16:51:18.073,ARDUINO_PSI,Arduino,0.000,0.000,0.000,,
582.433555,2026-03-16 16:51:18.174,ARDUINO_PSI,Arduino,0.000,0.000,0.000,,
582.532955,2026-03-16 16:51:18.273,ARDUINO_PSI,Arduino,0.000,0.000,0.000,,
582.633164,2026-03-16 16:51:18.373,ARDUINO_PSI,Arduino,0.000,0.000,0.000,,
582.732908,2026-03-16 16:51:18.473,ARDUINO_PSI,Arduino,0.000,0.000,0.000,,
582.832447,2026-03-16 16:51:18.573,ARDUINO_PSI,Arduino,0.000,0.000,0.000,,
582.932990,2026-03-16 16:51:18.673,ARDUINO_PSI,Arduino,0.000,0.000,0.000,,
583.033051,2026-03-16 16:51:18.773,ARDUINO_PSI,Arduino,0.000,0.000,0.000,,
583.132804,2026-03-16 16:51:18.873,ARDUINO_PSI,Arduino,0.000,0.000,0.000,,
583.232812,2026-03-16 16:51:18.973,ARDUINO_PSI,Arduino,0.000,0.000,0.000,,
583.332762,2026-03-16 16:51:19.073,ARDUINO_PSI,Arduino,0.000,0.000,0.000,,
583.432817,2026-03-16 16:51:19.173,ARDUINO_PSI,Arduino,0.000,0.000,0.000,,
583.532775,2026-03-16 16:51:19.273,ARDUINO_PSI,Arduino,0.000,0.000,0.000,,
583.632939,2026-03-16 16:51:19.373,ARDUINO_PSI,Arduino,0.000,0.000,0.000,,
583.732728,2026-03-16 16:51:19.473,ARDUINO_PSI,Arduino,0.000,0.000,0.000,,
583.832731,2026-03-16 16:51:19.573,ARDUINO_PSI,Arduino,0.000,0.000,0.000,,
583.932731,2026-03-16 16:51:19.673,ARDUINO_PSI,Arduino,0.000,0.000,0.000,,
584.032607,2026-03-16 16:51:19.773,ARDUINO_PSI,Arduino,0.000,0.000,0.000,,
584.132782,2026-03-16 16:51:19.873,ARDUINO_PSI,Arduino,0.000,0.000,0.000,,
584.232828,2026-03-16 16:51:19.973,ARDUINO_PSI,Arduino,0.000,0.000,0.000,,
584.332952,2026-03-16 16:51:20.073,ARDUINO_PSI,Arduino,0.000,0.000,0.000,,
584.432717,2026-03-16 16:51:20.173,ARDUINO_PSI,Arduino,0.000,0.000,0.000,,
584.532723,2026-03-16 16:51:20.273,ARDUINO_PSI,Arduino,0.000,0.000,0.000,,
584.632897,2026-03-16 16:51:20.373,ARDUINO_PSI,Arduino,0.000,0.000,0.000,,
584.732664,2026-03-16 16:51:20.473,ARDUINO_PSI,Arduino,0.000,0.000,0.000,,
584.833444,2026-03-16 16:51:20.574,ARDUINO_PSI,Arduino,0.000,0.000,0.000,,
584.932799,2026-03-16 16:51:20.673,ARDUINO_PSI,Arduino,0.000,0.000,0.000,,
585.032793,2026-03-16 16:51:20.773,ARDUINO_PSI,Arduino,0.000,0.000,0.000,,
585.133696,2026-03-16 16:51:20.874,ARDUINO_PSI,Arduino,0.000,0.000,0.000,,
585.232838,2026-03-16 16:51:20.973,ARDUINO_PSI,Arduino,0.000,0.000,0.000,,
585.332881,2026-03-16 16:51:21.073,ARDUINO_PSI,Arduino,0.000,0.000,0.000,,
585.432703,2026-03-16 16:51:21.173,ARDUINO_PSI,Arduino,0.000,0.000,0.000,,
585.532790,2026-03-16 16:51:21.273,ARDUINO_PSI,Arduino,0.000,0.000,0.000,,
585.632599,2026-03-16 16:51:21.373,ARDUINO_PSI,Arduino,0.000,0.000,0.000,,
585.732944,2026-03-16 16:51:21.473,ARDUINO_PSI,Arduino,0.000,0.000,0.000,,
585.832722,2026-03-16 16:51:21.573,ARDUINO_PSI,Arduino,0.000,0.000,0.000,,
585.932751,2026-03-16 16:51:21.673,ARDUINO_PSI,Arduino,0.000,0.000,0.000,,
586.032615,2026-03-16 16:51:21.773,ARDUINO_PSI,Arduino,0.000,0.000,0.000,,
586.132777,2026-03-16 16:51:21.873,ARDUINO_PSI,Arduino,0.000,0.000,0.000,,
586.232660,2026-03-16 16:51:21.973,ARDUINO_PSI,Arduino,0.000,0.000,0.000,,
586.332764,2026-03-16 16:51:22.073,ARDUINO_PSI,Arduino,0.000,0.000,0.000,,
586.432673,2026-03-16 16:51:22.173,ARDUINO_PSI,Arduino,0.000,0.000,0.000,,
586.532815,2026-03-16 16:51:22.273,ARDUINO_PSI,Arduino,0.000,0.000,0.000,,
586.633398,2026-03-16 16:51:22.374,ARDUINO_PSI,Arduino,0.000,0.000,0.000,,
586.732709,2026-03-16 16:51:22.473,ARDUINO_PSI,Arduino,0.000,0.000,0.000,,
586.833300,2026-03-16 16:51:22.573,ARDUINO_PSI,Arduino,0.000,0.000,0.000,,
586.932869,2026-03-16 16:51:22.673,ARDUINO_PSI,Arduino,0.000,0.000,0.000,,
587.033058,2026-03-16 16:51:22.773,ARDUINO_PSI,Arduino,0.000,0.000,0.000,,
587.132781,2026-03-16 16:51:22.873,ARDUINO_PSI,Arduino,0.000,0.000,0.000,,
587.232756,2026-03-16 16:51:22.973,ARDUINO_PSI,Arduino,0.000,0.000,0.000,,
587.332953,2026-03-16 16:51:23.073,ARDUINO_PSI,Arduino,0.000,0.000,0.000,,
587.432692,2026-03-16 16:51:23.173,ARDUINO_PSI,Arduino,0.000,0.000,0.000,,
587.532807,2026-03-16 16:51:23.273,ARDUINO_PSI,Arduino,0.000,0.000,0.000,,
587.632987,2026-03-16 16:51:23.373,ARDUINO_PSI,Arduino,0.000,0.000,0.000,,
587.732941,2026-03-16 16:51:23.473,ARDUINO_PSI,Arduino,0.000,0.000,0.000,,
587.832767,2026-03-16 16:51:23.573,ARDUINO_PSI,Arduino,0.000,0.000,0.000,,
587.932732,2026-03-16 16:51:23.673,ARDUINO_PSI,Arduino,0.000,0.000,0.000,,
588.032990,2026-03-16 16:51:23.773,ARDUINO_PSI,Arduino,0.000,0.000,0.000,,
588.132797,2026-03-16 16:51:23.873,ARDUINO_PSI,Arduino,0.000,0.000,0.000,,
588.232787,2026-03-16 16:51:23.973,ARDUINO_PSI,Arduino,0.000,0.000,0.000,,
588.332608,2026-03-16 16:51:24.073,ARDUINO_PSI,Arduino,0.000,0.000,0.000,,
588.432715,2026-03-16 16:51:24.173,ARDUINO_PSI,Arduino,0.000,0.000,0.000,,
588.532740,2026-03-16 16:51:24.273,ARDUINO_PSI,Arduino,0.000,0.000,0.000,,
588.632734,2026-03-16 16:51:24.373,ARDUINO_PSI,Arduino,0.000,0.000,0.000,,
588.732635,2026-03-16 16:51:24.473,ARDUINO_PSI,Arduino,0.000,0.000,0.000,,
588.832848,2026-03-16 16:51:24.573,ARDUINO_PSI,Arduino,0.000,0.000,0.000,,
588.932884,2026-03-16 16:51:24.673,ARDUINO_PSI,Arduino,0.000,0.000,0.000,,
589.032786,2026-03-16 16:51:24.773,ARDUINO_PSI,Arduino,0.000,0.000,0.000,,
589.133184,2026-03-16 16:51:24.873,ARDUINO_PSI,Arduino,0.000,0.000,0.000,,
589.232679,2026-03-16 16:51:24.973,ARDUINO_PSI,Arduino,0.000,0.000,0.000,,
589.332833,2026-03-16 16:51:25.073,ARDUINO_PSI,Arduino,0.000,0.000,0.000,,
589.432827,2026-03-16 16:51:25.173,ARDUINO_PSI,Arduino,0.000,0.000,0.000,,
589.532779,2026-03-16 16:51:25.273,ARDUINO_PSI,Arduino,0.000,0.000,0.000,,
589.632743,2026-03-16 16:51:25.373,ARDUINO_PSI,Arduino,0.000,0.000,0.000,,
589.732816,2026-03-16 16:51:25.473,ARDUINO_PSI,Arduino,0.000,0.000,0.000,,
589.832485,2026-03-16 16:51:25.573,ARDUINO_PSI,Arduino,0.000,0.000,0.000,,
589.932859,2026-03-16 16:51:25.673,ARDUINO_PSI,Arduino,0.000,0.000,0.000,,
590.032867,2026-03-16 16:51:25.773,ARDUINO_PSI,Arduino,0.000,0.000,0.000,,
590.132710,2026-03-16 16:51:25.873,ARDUINO_PSI,Arduino,0.000,0.000,0.000,,
590.232725,2026-03-16 16:51:25.973,ARDUINO_PSI,Arduino,0.000,0.000,0.000,,
590.332594,2026-03-16 16:51:26.073,ARDUINO_PSI,Arduino,0.000,0.000,0.000,,
590.432920,2026-03-16 16:51:26.173,ARDUINO_PSI,Arduino,0.000,0.000,0.000,,
590.532846,2026-03-16 16:51:26.273,ARDUINO_PSI,Arduino,0.000,0.000,0.000,,
590.632528,2026-03-16 16:51:26.373,ARDUINO_PSI,Arduino,0.000,0.000,0.000,,
590.740189,2026-03-16 16:51:26.480,ARDUINO_PSI,Arduino,0.000,0.000,0.000,,
590.832918,2026-03-16 16:51:26.573,ARDUINO_PSI,Arduino,0.000,0.000,0.000,,
590.932552,2026-03-16 16:51:26.673,ARDUINO_PSI,Arduino,0.000,0.000,0.000,,
591.032509,2026-03-16 16:51:26.773,ARDUINO_PSI,Arduino,0.000,0.000,0.000,,
591.132666,2026-03-16 16:51:26.873,ARDUINO_PSI,Arduino,0.000,0.000,0.000,,
591.232501,2026-03-16 16:51:26.973,ARDUINO_PSI,Arduino,0.000,0.000,0.000,,
591.332772,2026-03-16 16:51:27.073,ARDUINO_PSI,Arduino,0.000,0.000,0.000,,
591.433321,2026-03-16 16:51:27.173,ARDUINO_PSI,Arduino,0.000,0.000,0.000,,
591.532855,2026-03-16 16:51:27.273,ARDUINO_PSI,Arduino,0.000,0.000,0.000,,
591.632836,2026-03-16 16:51:27.373,ARDUINO_PSI,Arduino,0.000,0.000,0.000,,
591.732693,2026-03-16 16:51:27.473,ARDUINO_PSI,Arduino,0.000,0.000,0.000,,
591.832438,2026-03-16 16:51:27.573,ARDUINO_PSI,Arduino,0.000,0.000,0.000,,
591.932971,2026-03-16 16:51:27.673,ARDUINO_PSI,Arduino,0.000,0.000,0.000,,
592.032736,2026-03-16 16:51:27.773,ARDUINO_PSI,Arduino,0.000,0.000,0.000,,
592.133142,2026-03-16 16:51:27.873,ARDUINO_PSI,Arduino,0.000,0.000,0.000,,
592.233766,2026-03-16 16:51:27.974,ARDUINO_PSI,Arduino,0.000,0.000,0.000,,
592.332847,2026-03-16 16:51:28.073,ARDUINO_PSI,Arduino,0.000,0.000,0.000,,
592.432671,2026-03-16 16:51:28.173,ARDUINO_PSI,Arduino,0.000,0.000,0.000,,
592.532822,2026-03-16 16:51:28.273,ARDUINO_PSI,Arduino,0.000,0.000,0.000,,
592.632979,2026-03-16 16:51:28.373,ARDUINO_PSI,Arduino,0.000,0.000,0.000,,
592.732687,2026-03-16 16:51:28.473,ARDUINO_PSI,Arduino,0.000,0.000,0.000,,
592.832495,2026-03-16 16:51:28.573,ARDUINO_PSI,Arduino,0.000,0.000,0.000,,
592.933096,2026-03-16 16:51:28.673,ARDUINO_PSI,Arduino,0.000,0.000,0.000,,
593.032882,2026-03-16 16:51:28.773,ARDUINO_PSI,Arduino,0.000,0.000,0.000,,
593.132590,2026-03-16 16:51:28.873,ARDUINO_PSI,Arduino,0.000,0.000,0.000,,
593.232957,2026-03-16 16:51:28.973,ARDUINO_PSI,Arduino,0.000,0.000,0.000,,
593.332878,2026-03-16 16:51:29.073,ARDUINO_PSI,Arduino,0.000,0.000,0.000,,
593.433082,2026-03-16 16:51:29.173,ARDUINO_PSI,Arduino,0.000,0.000,0.000,,
593.532874,2026-03-16 16:51:29.273,ARDUINO_PSI,Arduino,0.000,0.000,0.000,,
593.632510,2026-03-16 16:51:29.373,ARDUINO_PSI,Arduino,0.000,0.000,0.000,,
593.732796,2026-03-16 16:51:29.473,ARDUINO_PSI,Arduino,0.000,0.000,0.000,,
593.832918,2026-03-16 16:51:29.573,ARDUINO_PSI,Arduino,0.000,0.000,0.000,,
593.933116,2026-03-16 16:51:29.673,ARDUINO_PSI,Arduino,0.000,0.000,0.000,,
594.033045,2026-03-16 16:51:29.773,ARDUINO_PSI,Arduino,0.000,0.000,0.000,,
594.132927,2026-03-16 16:51:29.873,ARDUINO_PSI,Arduino,0.000,0.000,0.000,,
594.232883,2026-03-16 16:51:29.973,ARDUINO_PSI,Arduino,0.000,0.000,0.000,,
594.333000,2026-03-16 16:51:30.073,ARDUINO_PSI,Arduino,0.000,0.000,0.000,,
594.433414,2026-03-16 16:51:30.174,ARDUINO_PSI,Arduino,0.000,0.000,0.000,,
594.532958,2026-03-16 16:51:30.273,ARDUINO_PSI,Arduino,0.000,0.000,0.000,,
594.632973,2026-03-16 16:51:30.373,ARDUINO_PSI,Arduino,0.000,0.000,0.000,,
594.732829,2026-03-16 16:51:30.473,ARDUINO_PSI,Arduino,0.000,0.000,0.000,,
594.833010,2026-03-16 16:51:30.573,ARDUINO_PSI,Arduino,0.000,0.000,0.000,,
594.933165,2026-03-16 16:51:30.673,ARDUINO_PSI,Arduino,0.000,0.000,0.000,,
595.033066,2026-03-16 16:51:30.773,ARDUINO_PSI,Arduino,0.000,0.000,0.000,,
595.132926,2026-03-16 16:51:30.873,ARDUINO_PSI,Arduino,0.000,0.000,0.000,,
595.232752,2026-03-16 16:51:30.973,ARDUINO_PSI,Arduino,0.000,0.000,0.000,,
595.332848,2026-03-16 16:51:31.073,ARDUINO_PSI,Arduino,0.000,0.000,0.000,,
595.432778,2026-03-16 16:51:31.173,ARDUINO_PSI,Arduino,0.000,0.000,0.000,,
595.533156,2026-03-16 16:51:31.273,ARDUINO_PSI,Arduino,0.000,0.000,0.000,,
595.633059,2026-03-16 16:51:31.373,ARDUINO_PSI,Arduino,0.000,0.000,0.000,,
595.733046,2026-03-16 16:51:31.473,ARDUINO_PSI,Arduino,0.000,0.000,0.000,,
595.833272,2026-03-16 16:51:31.573,ARDUINO_PSI,Arduino,0.000,0.000,0.000,,
595.933058,2026-03-16 16:51:31.673,ARDUINO_PSI,Arduino,0.000,0.000,0.000,,
596.033397,2026-03-16 16:51:31.774,ARDUINO_PSI,Arduino,0.000,0.000,0.000,,
596.133035,2026-03-16 16:51:31.873,ARDUINO_PSI,Arduino,0.000,0.000,0.000,,
596.233082,2026-03-16 16:51:31.973,ARDUINO_PSI,Arduino,0.000,0.000,0.000,,
596.332960,2026-03-16 16:51:32.073,ARDUINO_PSI,Arduino,0.000,0.000,0.000,,
596.433238,2026-03-16 16:51:32.173,ARDUINO_PSI,Arduino,0.000,0.000,0.000,,
596.533015,2026-03-16 16:51:32.273,ARDUINO_PSI,Arduino,0.000,0.000,0.000,,
596.632942,2026-03-16 16:51:32.373,ARDUINO_PSI,Arduino,0.000,0.000,0.000,,
596.733027,2026-03-16 16:51:32.473,ARDUINO_PSI,Arduino,0.000,0.000,0.000,,
596.833235,2026-03-16 16:51:32.573,ARDUINO_PSI,Arduino,0.000,0.000,0.000,,
596.932985,2026-03-16 16:51:32.673,ARDUINO_PSI,Arduino,0.000,0.000,0.000,,
597.032940,2026-03-16 16:51:32.773,ARDUINO_PSI,Arduino,0.000,0.000,0.000,,
597.133128,2026-03-16 16:51:32.873,ARDUINO_PSI,Arduino,0.000,0.000,0.000,,
597.232948,2026-03-16 16:51:32.973,ARDUINO_PSI,Arduino,0.000,0.000,0.000,,
597.332939,2026-03-16 16:51:33.073,ARDUINO_PSI,Arduino,0.000,0.000,0.000,,
597.432794,2026-03-16 16:51:33.173,ARDUINO_PSI,Arduino,0.000,0.000,0.000,,
597.533026,2026-03-16 16:51:33.273,ARDUINO_PSI,Arduino,0.000,0.000,0.000,,
597.633103,2026-03-16 16:51:33.373,ARDUINO_PSI,Arduino,0.000,0.000,0.000,,
597.732934,2026-03-16 16:51:33.473,ARDUINO_PSI,Arduino,0.000,0.000,0.000,,
597.833168,2026-03-16 16:51:33.573,ARDUINO_PSI,Arduino,0.000,0.000,0.000,,
597.933536,2026-03-16 16:51:33.674,ARDUINO_PSI,Arduino,0.000,0.000,0.000,,
598.032988,2026-03-16 16:51:33.773,ARDUINO_PSI,Arduino,0.000,0.000,0.000,,
598.132840,2026-03-16 16:51:33.873,ARDUINO_PSI,Arduino,0.000,0.000,0.000,,
598.232564,2026-03-16 16:51:33.973,ARDUINO_PSI,Arduino,0.000,0.000,0.000,,
598.333099,2026-03-16 16:51:34.073,ARDUINO_PSI,Arduino,0.000,0.000,0.000,,
598.432784,2026-03-16 16:51:34.173,ARDUINO_PSI,Arduino,0.000,0.000,0.000,,
598.533081,2026-03-16 16:51:34.273,ARDUINO_PSI,Arduino,0.000,0.000,0.000,,
598.633002,2026-03-16 16:51:34.373,ARDUINO_PSI,Arduino,0.000,0.000,0.000,,
598.733104,2026-03-16 16:51:34.473,ARDUINO_PSI,Arduino,0.000,0.000,0.000,,
598.833054,2026-03-16 16:51:34.573,ARDUINO_PSI,Arduino,0.000,0.000,0.000,,
598.932943,2026-03-16 16:51:34.673,ARDUINO_PSI,Arduino,0.000,0.000,0.000,,
599.032753,2026-03-16 16:51:34.773,ARDUINO_PSI,Arduino,0.000,0.000,0.000,,
599.132902,2026-03-16 16:51:34.873,ARDUINO_PSI,Arduino,0.000,0.000,0.000,,
599.232966,2026-03-16 16:51:34.973,ARDUINO_PSI,Arduino,0.000,0.000,0.000,,
599.332985,2026-03-16 16:51:35.073,ARDUINO_PSI,Arduino,0.000,0.000,0.000,,
599.433020,2026-03-16 16:51:35.173,ARDUINO_PSI,Arduino,0.000,0.000,0.000,,
599.532936,2026-03-16 16:51:35.273,ARDUINO_PSI,Arduino,0.000,0.000,0.000,,
599.632586,2026-03-16 16:51:35.373,ARDUINO_PSI,Arduino,0.000,0.000,0.000,,
599.732537,2026-03-16 16:51:35.473,ARDUINO_PSI,Arduino,0.000,0.000,0.000,,
599.832793,2026-03-16 16:51:35.573,ARDUINO_PSI,Arduino,0.000,0.000,0.000,,
599.933147,2026-03-16 16:51:35.673,ARDUINO_PSI,Arduino,0.000,0.000,0.000,,
600.033128,2026-03-16 16:51:35.773,ARDUINO_PSI,Arduino,0.000,0.000,0.000,,
600.132629,2026-03-16 16:51:35.873,ARDUINO_PSI,Arduino,0.000,0.000,0.000,,
600.233073,2026-03-16 16:51:35.973,ARDUINO_PSI,Arduino,0.000,0.000,0.000,,
600.332996,2026-03-16 16:51:36.073,ARDUINO_PSI,Arduino,0.000,0.000,0.000,,
600.433026,2026-03-16 16:51:36.173,ARDUINO_PSI,Arduino,0.000,0.000,0.000,,
600.532949,2026-03-16 16:51:36.273,ARDUINO_PSI,Arduino,0.000,0.000,0.000,,
600.632972,2026-03-16 16:51:36.373,ARDUINO_PSI,Arduino,0.000,0.000,0.000,,
600.733027,2026-03-16 16:51:36.473,ARDUINO_PSI,Arduino,0.000,0.000,0.000,,
600.833168,2026-03-16 16:51:36.573,ARDUINO_PSI,Arduino,0.000,0.000,0.000,,
600.934157,2026-03-16 16:51:36.674,ARDUINO_PSI,Arduino,0.000,0.000,0.000,,
601.033019,2026-03-16 16:51:36.773,ARDUINO_PSI,Arduino,0.000,0.000,0.000,,
601.132947,2026-03-16 16:51:36.873,ARDUINO_PSI,Arduino,0.000,0.000,0.000,,
601.233013,2026-03-16 16:51:36.973,ARDUINO_PSI,Arduino,0.000,0.000,0.000,,
601.332924,2026-03-16 16:51:37.073,ARDUINO_PSI,Arduino,0.000,0.000,0.000,,
601.433095,2026-03-16 16:51:37.173,ARDUINO_PSI,Arduino,0.000,0.000,0.000,,
601.533082,2026-03-16 16:51:37.273,ARDUINO_PSI,Arduino,0.000,0.000,0.000,,
601.633112,2026-03-16 16:51:37.373,ARDUINO_PSI,Arduino,0.000,0.000,0.000,,
601.733007,2026-03-16 16:51:37.473,ARDUINO_PSI,Arduino,0.000,0.000,0.000,,
601.833432,2026-03-16 16:51:37.574,ARDUINO_PSI,Arduino,0.000,0.000,0.000,,
601.933023,2026-03-16 16:51:37.673,ARDUINO_PSI,Arduino,0.000,0.000,0.000,,
602.033047,2026-03-16 16:51:37.773,ARDUINO_PSI,Arduino,0.000,0.000,0.000,,
602.133035,2026-03-16 16:51:37.873,ARDUINO_PSI,Arduino,0.000,0.000,0.000,,
602.233187,2026-03-16 16:51:37.973,ARDUINO_PSI,Arduino,0.000,0.000,0.000,,
602.332669,2026-03-16 16:51:38.073,ARDUINO_PSI,Arduino,0.000,0.000,0.000,,
602.433087,2026-03-16 16:51:38.173,ARDUINO_PSI,Arduino,0.000,0.000,0.000,,
602.533076,2026-03-16 16:51:38.273,ARDUINO_PSI,Arduino,0.000,0.000,0.000,,
602.633034,2026-03-16 16:51:38.373,ARDUINO_PSI,Arduino,0.000,0.000,0.000,,
602.733167,2026-03-16 16:51:38.473,ARDUINO_PSI,Arduino,0.000,0.000,0.000,,
602.832955,2026-03-16 16:51:38.573,ARDUINO_PSI,Arduino,0.000,0.000,0.000,,
602.933071,2026-03-16 16:51:38.673,ARDUINO_PSI,Arduino,0.000,0.000,0.000,,
603.033061,2026-03-16 16:51:38.773,ARDUINO_PSI,Arduino,0.000,0.000,0.000,,
603.132739,2026-03-16 16:51:38.873,ARDUINO_PSI,Arduino,0.000,0.000,0.000,,
603.232602,2026-03-16 16:51:38.973,ARDUINO_PSI,Arduino,0.000,0.000,0.000,,
603.333101,2026-03-16 16:51:39.073,ARDUINO_PSI,Arduino,0.000,0.000,0.000,,
603.433145,2026-03-16 16:51:39.173,ARDUINO_PSI,Arduino,0.000,0.000,0.000,,
603.532991,2026-03-16 16:51:39.273,ARDUINO_PSI,Arduino,0.000,0.000,0.000,,
603.633229,2026-03-16 16:51:39.373,ARDUINO_PSI,Arduino,0.000,0.000,0.000,,
603.733135,2026-03-16 16:51:39.473,ARDUINO_PSI,Arduino,0.000,0.000,0.000,,
603.833153,2026-03-16 16:51:39.573,ARDUINO_PSI,Arduino,0.000,0.000,0.000,,
603.933078,2026-03-16 16:51:39.673,ARDUINO_PSI,Arduino,0.000,0.000,0.000,,
604.033015,2026-03-16 16:51:39.773,ARDUINO_PSI,Arduino,0.000,0.000,0.000,,
604.133032,2026-03-16 16:51:39.873,ARDUINO_PSI,Arduino,0.000,0.000,0.000,,
604.233174,2026-03-16 16:51:39.973,ARDUINO_PSI,Arduino,0.000,0.000,0.000,,
604.333086,2026-03-16 16:51:40.073,ARDUINO_PSI,Arduino,0.000,0.000,0.000,,
604.433117,2026-03-16 16:51:40.173,ARDUINO_PSI,Arduino,0.000,0.000,0.000,,
604.533055,2026-03-16 16:51:40.273,ARDUINO_PSI,Arduino,0.000,0.000,0.000,,
604.634045,2026-03-16 16:51:40.374,ARDUINO_PSI,Arduino,0.000,0.000,0.000,,
604.733012,2026-03-16 16:51:40.473,ARDUINO_PSI,Arduino,0.000,0.000,0.000,,
604.833281,2026-03-16 16:51:40.573,ARDUINO_PSI,Arduino,0.000,0.000,0.000,,
604.933000,2026-03-16 16:51:40.673,ARDUINO_PSI,Arduino,0.000,0.000,0.000,,
605.033066,2026-03-16 16:51:40.773,ARDUINO_PSI,Arduino,0.000,0.000,0.000,,
605.132966,2026-03-16 16:51:40.873,ARDUINO_PSI,Arduino,0.000,0.000,0.000,,
605.233058,2026-03-16 16:51:40.973,ARDUINO_PSI,Arduino,0.000,0.000,0.000,,
605.333234,2026-03-16 16:51:41.073,ARDUINO_PSI,Arduino,0.000,0.000,0.000,,
605.433198,2026-03-16 16:51:41.173,ARDUINO_PSI,Arduino,0.000,0.000,0.000,,
605.533101,2026-03-16 16:51:41.273,ARDUINO_PSI,Arduino,0.000,0.000,0.000,,
605.633115,2026-03-16 16:51:41.373,ARDUINO_PSI,Arduino,0.000,0.000,0.000,,
605.733281,2026-03-16 16:51:41.473,ARDUINO_PSI,Arduino,0.000,0.000,0.000,,
605.833250,2026-03-16 16:51:41.573,ARDUINO_PSI,Arduino,0.000,0.000,0.000,,
605.932861,2026-03-16 16:51:41.673,ARDUINO_PSI,Arduino,0.000,0.000,0.000,,
606.033156,2026-03-16 16:51:41.773,ARDUINO_PSI,Arduino,0.000,0.000,0.000,,
606.132942,2026-03-16 16:51:41.873,ARDUINO_PSI,Arduino,0.000,0.000,0.000,,
606.233093,2026-03-16 16:51:41.973,ARDUINO_PSI,Arduino,0.000,0.000,0.000,,
606.332801,2026-03-16 16:51:42.073,ARDUINO_PSI,Arduino,0.000,0.000,0.000,,
606.433062,2026-03-16 16:51:42.173,ARDUINO_PSI,Arduino,0.000,0.000,0.000,,
606.533064,2026-03-16 16:51:42.273,ARDUINO_PSI,Arduino,0.000,0.000,0.000,,
606.633082,2026-03-16 16:51:42.373,ARDUINO_PSI,Arduino,0.000,0.000,0.000,,
606.732893,2026-03-16 16:51:42.473,ARDUINO_PSI,Arduino,0.000,0.000,0.000,,
606.833145,2026-03-16 16:51:42.573,ARDUINO_PSI,Arduino,0.000,0.000,0.000,,
606.933175,2026-03-16 16:51:42.673,ARDUINO_PSI,Arduino,0.000,0.000,0.000,,
607.032803,2026-03-16 16:51:42.773,ARDUINO_PSI,Arduino,0.000,0.000,0.000,,
607.133011,2026-03-16 16:51:42.873,ARDUINO_PSI,Arduino,0.000,0.000,0.000,,
607.233084,2026-03-16 16:51:42.973,ARDUINO_PSI,Arduino,0.000,0.000,0.000,,
607.333127,2026-03-16 16:51:43.073,ARDUINO_PSI,Arduino,0.000,0.000,0.000,,
607.433066,2026-03-16 16:51:43.173,ARDUINO_PSI,Arduino,0.000,0.000,0.000,,
607.533092,2026-03-16 16:51:43.273,ARDUINO_PSI,Arduino,0.000,0.000,0.000,,
607.633050,2026-03-16 16:51:43.373,ARDUINO_PSI,Arduino,0.000,0.000,0.000,,
607.733013,2026-03-16 16:51:43.473,ARDUINO_PSI,Arduino,0.000,0.000,0.000,,
607.833133,2026-03-16 16:51:43.573,ARDUINO_PSI,Arduino,0.000,0.000,0.000,,
607.933075,2026-03-16 16:51:43.673,ARDUINO_PSI,Arduino,0.000,0.000,0.000,,
608.032941,2026-03-16 16:51:43.773,ARDUINO_PSI,Arduino,0.000,0.000,0.000,,
608.132907,2026-03-16 16:51:43.873,ARDUINO_PSI,Arduino,0.000,0.000,0.000,,
608.232941,2026-03-16 16:51:43.973,ARDUINO_PSI,Arduino,0.000,0.000,0.000,,
608.333013,2026-03-16 16:51:44.073,ARDUINO_PSI,Arduino,0.000,0.000,0.000,,
608.433189,2026-03-16 16:51:44.173,ARDUINO_PSI,Arduino,0.000,0.000,0.000,,
608.532949,2026-03-16 16:51:44.273,ARDUINO_PSI,Arduino,0.000,0.000,0.000,,
608.632858,2026-03-16 16:51:44.373,ARDUINO_PSI,Arduino,0.000,0.000,0.000,,
608.733048,2026-03-16 16:51:44.473,ARDUINO_PSI,Arduino,0.000,0.000,0.000,,
608.832944,2026-03-16 16:51:44.573,ARDUINO_PSI,Arduino,0.000,0.000,0.000,,
608.932978,2026-03-16 16:51:44.673,ARDUINO_PSI,Arduino,0.000,0.000,0.000,,
609.033072,2026-03-16 16:51:44.773,ARDUINO_PSI,Arduino,0.000,0.000,0.000,,
609.133008,2026-03-16 16:51:44.873,ARDUINO_PSI,Arduino,0.000,0.000,0.000,,
609.233058,2026-03-16 16:51:44.973,ARDUINO_PSI,Arduino,0.000,0.000,0.000,,
609.332519,2026-03-16 16:51:45.073,ARDUINO_PSI,Arduino,0.000,0.000,0.000,,
609.432491,2026-03-16 16:51:45.173,ARDUINO_PSI,Arduino,0.000,0.000,0.000,,
609.533012,2026-03-16 16:51:45.273,ARDUINO_PSI,Arduino,0.000,0.000,0.000,,
609.633430,2026-03-16 16:51:45.374,ARDUINO_PSI,Arduino,0.000,0.000,0.000,,
609.733093,2026-03-16 16:51:45.473,ARDUINO_PSI,Arduino,0.000,0.000,0.000,,
609.833006,2026-03-16 16:51:45.573,ARDUINO_PSI,Arduino,0.000,0.000,0.000,,
609.933171,2026-03-16 16:51:45.673,ARDUINO_PSI,Arduino,0.000,0.000,0.000,,
610.033063,2026-03-16 16:51:45.773,ARDUINO_PSI,Arduino,0.000,0.000,0.000,,
610.133077,2026-03-16 16:51:45.873,ARDUINO_PSI,Arduino,0.000,0.000,0.000,,
610.233101,2026-03-16 16:51:45.973,ARDUINO_PSI,Arduino,0.000,0.000,0.000,,
610.333038,2026-03-16 16:51:46.073,ARDUINO_PSI,Arduino,0.000,0.000,0.000,,
610.432603,2026-03-16 16:51:46.173,ARDUINO_PSI,Arduino,0.000,0.000,0.000,,
610.533066,2026-03-16 16:51:46.273,ARDUINO_PSI,Arduino,0.000,0.000,0.000,,
610.633177,2026-03-16 16:51:46.373,ARDUINO_PSI,Arduino,0.000,0.000,0.000,,
610.733807,2026-03-16 16:51:46.474,ARDUINO_PSI,Arduino,0.000,0.000,0.000,,
610.833159,2026-03-16 16:51:46.573,ARDUINO_PSI,Arduino,0.000,0.000,0.000,,
610.933230,2026-03-16 16:51:46.673,ARDUINO_PSI,Arduino,0.000,0.000,0.000,,
611.033028,2026-03-16 16:51:46.773,ARDUINO_PSI,Arduino,0.000,0.000,0.000,,
611.133123,2026-03-16 16:51:46.873,ARDUINO_PSI,Arduino,0.000,0.000,0.000,,
611.233301,2026-03-16 16:51:46.973,ARDUINO_PSI,Arduino,0.000,0.000,0.000,,
611.333069,2026-03-16 16:51:47.073,ARDUINO_PSI,Arduino,0.000,0.000,0.000,,
611.433030,2026-03-16 16:51:47.173,ARDUINO_PSI,Arduino,0.000,0.000,0.000,,
611.533026,2026-03-16 16:51:47.273,ARDUINO_PSI,Arduino,0.000,0.000,0.000,,
611.633141,2026-03-16 16:51:47.373,ARDUINO_PSI,Arduino,0.000,0.000,0.000,,
611.732549,2026-03-16 16:51:47.473,ARDUINO_PSI,Arduino,0.000,0.000,0.000,,
611.833168,2026-03-16 16:51:47.573,ARDUINO_PSI,Arduino,0.000,0.000,0.000,,
611.933523,2026-03-16 16:51:47.674,ARDUINO_PSI,Arduino,0.000,0.000,0.000,,
612.033137,2026-03-16 16:51:47.773,ARDUINO_PSI,Arduino,0.000,0.000,0.000,,
612.133116,2026-03-16 16:51:47.873,ARDUINO_PSI,Arduino,0.000,0.000,0.000,,
612.233002,2026-03-16 16:51:47.973,ARDUINO_PSI,Arduino,0.000,0.000,0.000,,
612.333093,2026-03-16 16:51:48.073,ARDUINO_PSI,Arduino,0.000,0.000,0.000,,
612.432907,2026-03-16 16:51:48.173,ARDUINO_PSI,Arduino,0.000,0.000,0.000,,
612.533067,2026-03-16 16:51:48.273,ARDUINO_PSI,Arduino,0.000,0.000,0.000,,
612.633133,2026-03-16 16:51:48.373,ARDUINO_PSI,Arduino,0.000,0.000,0.000,,
612.732957,2026-03-16 16:51:48.473,ARDUINO_PSI,Arduino,0.000,0.000,0.000,,
612.832888,2026-03-16 16:51:48.573,ARDUINO_PSI,Arduino,0.000,0.000,0.000,,
612.933194,2026-03-16 16:51:48.673,ARDUINO_PSI,Arduino,0.000,0.000,0.000,,
613.033099,2026-03-16 16:51:48.773,ARDUINO_PSI,Arduino,0.000,0.000,0.000,,
613.133249,2026-03-16 16:51:48.873,ARDUINO_PSI,Arduino,0.000,0.000,0.000,,
613.233142,2026-03-16 16:51:48.973,ARDUINO_PSI,Arduino,0.000,0.000,0.000,,
613.333080,2026-03-16 16:51:49.073,ARDUINO_PSI,Arduino,0.000,0.000,0.000,,
613.433125,2026-03-16 16:51:49.173,ARDUINO_PSI,Arduino,0.000,0.000,0.000,,
613.533095,2026-03-16 16:51:49.273,ARDUINO_PSI,Arduino,0.000,0.000,0.000,,
613.633130,2026-03-16 16:51:49.373,ARDUINO_PSI,Arduino,0.000,0.000,0.000,,
613.732840,2026-03-16 16:51:49.473,ARDUINO_PSI,Arduino,0.000,0.000,0.000,,
613.832910,2026-03-16 16:51:49.573,ARDUINO_PSI,Arduino,0.000,0.000,0.000,,
613.933074,2026-03-16 16:51:49.673,ARDUINO_PSI,Arduino,0.000,0.000,0.000,,
614.033065,2026-03-16 16:51:49.773,ARDUINO_PSI,Arduino,0.000,0.000,0.000,,
614.133031,2026-03-16 16:51:49.873,ARDUINO_PSI,Arduino,0.000,0.000,0.000,,
614.232946,2026-03-16 16:51:49.973,ARDUINO_PSI,Arduino,0.000,0.000,0.000,,
614.333069,2026-03-16 16:51:50.073,ARDUINO_PSI,Arduino,0.000,0.000,0.000,,
614.433200,2026-03-16 16:51:50.173,ARDUINO_PSI,Arduino,0.000,0.000,0.000,,
614.533137,2026-03-16 16:51:50.273,ARDUINO_PSI,Arduino,0.000,0.000,0.000,,
614.632960,2026-03-16 16:51:50.373,ARDUINO_PSI,Arduino,0.000,0.000,0.000,,
614.733064,2026-03-16 16:51:50.473,ARDUINO_PSI,Arduino,0.000,0.000,0.000,,
614.833351,2026-03-16 16:51:50.573,ARDUINO_PSI,Arduino,0.000,0.000,0.000,,
614.933108,2026-03-16 16:51:50.673,ARDUINO_PSI,Arduino,0.000,0.000,0.000,,
615.033218,2026-03-16 16:51:50.773,ARDUINO_PSI,Arduino,0.000,0.000,0.000,,
615.132961,2026-03-16 16:51:50.873,ARDUINO_PSI,Arduino,0.000,0.000,0.000,,
615.233042,2026-03-16 16:51:50.973,ARDUINO_PSI,Arduino,0.000,0.000,0.000,,
615.333194,2026-03-16 16:51:51.073,ARDUINO_PSI,Arduino,0.000,0.000,0.000,,
615.433338,2026-03-16 16:51:51.173,ARDUINO_PSI,Arduino,0.000,0.000,0.000,,
615.533297,2026-03-16 16:51:51.273,ARDUINO_PSI,Arduino,0.000,0.000,0.000,,
615.633078,2026-03-16 16:51:51.373,ARDUINO_PSI,Arduino,0.000,0.000,0.000,,
615.733399,2026-03-16 16:51:51.474,ARDUINO_PSI,Arduino,0.000,0.000,0.000,,
615.833141,2026-03-16 16:51:51.573,ARDUINO_PSI,Arduino,0.000,0.000,0.000,,
615.933132,2026-03-16 16:51:51.673,ARDUINO_PSI,Arduino,0.000,0.000,0.000,,
616.033041,2026-03-16 16:51:51.773,ARDUINO_PSI,Arduino,0.000,0.000,0.000,,
616.133001,2026-03-16 16:51:51.873,ARDUINO_PSI,Arduino,0.000,0.000,0.000,,
616.232971,2026-03-16 16:51:51.973,ARDUINO_PSI,Arduino,0.000,0.000,0.000,,
616.333145,2026-03-16 16:51:52.073,ARDUINO_PSI,Arduino,0.000,0.000,0.000,,
616.433647,2026-03-16 16:51:52.174,ARDUINO_PSI,Arduino,0.000,0.000,0.000,,
616.533090,2026-03-16 16:51:52.273,ARDUINO_PSI,Arduino,0.000,0.000,0.000,,
616.633093,2026-03-16 16:51:52.373,ARDUINO_PSI,Arduino,0.000,0.000,0.000,,
616.733107,2026-03-16 16:51:52.473,ARDUINO_PSI,Arduino,0.000,0.000,0.000,,
616.833212,2026-03-16 16:51:52.573,ARDUINO_PSI,Arduino,0.000,0.000,0.000,,
616.932972,2026-03-16 16:51:52.673,ARDUINO_PSI,Arduino,0.000,0.000,0.000,,
617.033048,2026-03-16 16:51:52.773,ARDUINO_PSI,Arduino,0.000,0.000,0.000,,
617.133540,2026-03-16 16:51:52.874,ARDUINO_PSI,Arduino,0.000,0.000,0.000,,
617.232923,2026-03-16 16:51:52.973,ARDUINO_PSI,Arduino,0.000,0.000,0.000,,
617.333079,2026-03-16 16:51:53.073,ARDUINO_PSI,Arduino,0.000,0.000,0.000,,
617.433141,2026-03-16 16:51:53.173,ARDUINO_PSI,Arduino,0.000,0.000,0.000,,
617.533037,2026-03-16 16:51:53.273,ARDUINO_PSI,Arduino,0.000,0.000,0.000,,
617.633103,2026-03-16 16:51:53.373,ARDUINO_PSI,Arduino,0.000,0.000,0.000,,
617.733050,2026-03-16 16:51:53.473,ARDUINO_PSI,Arduino,0.000,0.000,0.000,,
617.833248,2026-03-16 16:51:53.573,ARDUINO_PSI,Arduino,0.000,0.000,0.000,,
617.933233,2026-03-16 16:51:53.673,ARDUINO_PSI,Arduino,0.000,0.000,0.000,,
618.033171,2026-03-16 16:51:53.773,ARDUINO_PSI,Arduino,0.000,0.000,0.000,,
618.133125,2026-03-16 16:51:53.873,ARDUINO_PSI,Arduino,0.000,0.000,0.000,,
618.233168,2026-03-16 16:51:53.973,ARDUINO_PSI,Arduino,0.000,0.000,0.000,,
618.333041,2026-03-16 16:51:54.073,ARDUINO_PSI,Arduino,0.000,0.000,0.000,,
618.433194,2026-03-16 16:51:54.173,ARDUINO_PSI,Arduino,0.000,0.000,0.000,,
618.533039,2026-03-16 16:51:54.273,ARDUINO_PSI,Arduino,0.000,0.000,0.000,,
618.633751,2026-03-16 16:51:54.374,ARDUINO_PSI,Arduino,0.000,0.000,0.000,,
618.733627,2026-03-16 16:51:54.474,ARDUINO_PSI,Arduino,0.000,0.000,0.000,,
618.833231,2026-03-16 16:51:54.573,ARDUINO_PSI,Arduino,0.000,0.000,0.000,,
618.933040,2026-03-16 16:51:54.673,ARDUINO_PSI,Arduino,0.000,0.000,0.000,,
619.033118,2026-03-16 16:51:54.773,ARDUINO_PSI,Arduino,0.000,0.000,0.000,,
619.133126,2026-03-16 16:51:54.873,ARDUINO_PSI,Arduino,0.000,0.000,0.000,,
619.233121,2026-03-16 16:51:54.973,ARDUINO_PSI,Arduino,0.000,0.000,0.000,,
619.333161,2026-03-16 16:51:55.073,ARDUINO_PSI,Arduino,0.000,0.000,0.000,,
619.433150,2026-03-16 16:51:55.173,ARDUINO_PSI,Arduino,0.000,0.000,0.000,,
619.532808,2026-03-16 16:51:55.273,ARDUINO_PSI,Arduino,0.000,0.000,0.000,,
619.633004,2026-03-16 16:51:55.373,ARDUINO_PSI,Arduino,0.000,0.000,0.000,,
619.733196,2026-03-16 16:51:55.473,ARDUINO_PSI,Arduino,0.000,0.000,0.000,,
619.833252,2026-03-16 16:51:55.573,ARDUINO_PSI,Arduino,0.000,0.000,0.000,,
619.933342,2026-03-16 16:51:55.673,ARDUINO_PSI,Arduino,0.000,0.000,0.000,,
620.032632,2026-03-16 16:51:55.773,ARDUINO_PSI,Arduino,0.000,0.000,0.000,,
620.133201,2026-03-16 16:51:55.873,ARDUINO_PSI,Arduino,0.000,0.000,0.000,,
620.232917,2026-03-16 16:51:55.973,ARDUINO_PSI,Arduino,0.000,0.000,0.000,,
620.333042,2026-03-16 16:51:56.073,ARDUINO_PSI,Arduino,0.000,0.000,0.000,,
620.433786,2026-03-16 16:51:56.174,ARDUINO_PSI,Arduino,0.000,0.000,0.000,,
620.532571,2026-03-16 16:51:56.273,ARDUINO_PSI,Arduino,0.000,0.000,0.000,,
620.633025,2026-03-16 16:51:56.373,ARDUINO_PSI,Arduino,0.000,0.000,0.000,,
620.733024,2026-03-16 16:51:56.473,ARDUINO_PSI,Arduino,0.000,0.000,0.000,,
620.833405,2026-03-16 16:51:56.574,ARDUINO_PSI,Arduino,0.000,0.000,0.000,,
620.932814,2026-03-16 16:51:56.673,ARDUINO_PSI,Arduino,0.000,0.000,0.000,,
621.033011,2026-03-16 16:51:56.773,ARDUINO_PSI,Arduino,0.000,0.000,0.000,,
621.132848,2026-03-16 16:51:56.873,ARDUINO_PSI,Arduino,0.000,0.000,0.000,,
621.233111,2026-03-16 16:51:56.973,ARDUINO_PSI,Arduino,0.000,0.000,0.000,,
621.333232,2026-03-16 16:51:57.073,ARDUINO_PSI,Arduino,0.000,0.000,0.000,,
621.433058,2026-03-16 16:51:57.173,ARDUINO_PSI,Arduino,0.000,0.000,0.000,,
621.533114,2026-03-16 16:51:57.273,ARDUINO_PSI,Arduino,0.000,0.000,0.000,,
621.633159,2026-03-16 16:51:57.373,ARDUINO_PSI,Arduino,0.000,0.000,0.000,,
621.733042,2026-03-16 16:51:57.473,ARDUINO_PSI,Arduino,0.000,0.000,0.000,,
621.833123,2026-03-16 16:51:57.573,ARDUINO_PSI,Arduino,0.000,0.000,0.000,,
621.933037,2026-03-16 16:51:57.673,ARDUINO_PSI,Arduino,0.000,0.000,0.000,,
622.032986,2026-03-16 16:51:57.773,ARDUINO_PSI,Arduino,0.000,0.000,0.000,,
622.132650,2026-03-16 16:51:57.873,ARDUINO_PSI,Arduino,0.000,0.000,0.000,,
622.233178,2026-03-16 16:51:57.973,ARDUINO_PSI,Arduino,0.000,0.000,0.000,,
622.333103,2026-03-16 16:51:58.073,ARDUINO_PSI,Arduino,0.000,0.000,0.000,,
622.433095,2026-03-16 16:51:58.173,ARDUINO_PSI,Arduino,0.000,0.000,0.000,,
622.532844,2026-03-16 16:51:58.273,ARDUINO_PSI,Arduino,0.000,0.000,0.000,,
622.633085,2026-03-16 16:51:58.373,ARDUINO_PSI,Arduino,0.000,0.000,0.000,,
622.732807,2026-03-16 16:51:58.473,ARDUINO_PSI,Arduino,0.000,0.000,0.000,,
622.832523,2026-03-16 16:51:58.573,ARDUINO_PSI,Arduino,0.000,0.000,0.000,,
622.932865,2026-03-16 16:51:58.673,ARDUINO_PSI,Arduino,0.000,0.000,0.000,,
623.032777,2026-03-16 16:51:58.773,ARDUINO_PSI,Arduino,0.000,0.000,0.000,,
623.133518,2026-03-16 16:51:58.874,ARDUINO_PSI,Arduino,0.000,0.000,0.000,,
623.232782,2026-03-16 16:51:58.973,ARDUINO_PSI,Arduino,0.000,0.000,0.000,,
623.333090,2026-03-16 16:51:59.073,ARDUINO_PSI,Arduino,0.000,0.000,0.000,,
623.432806,2026-03-16 16:51:59.173,ARDUINO_PSI,Arduino,0.000,0.000,0.000,,
623.532634,2026-03-16 16:51:59.273,ARDUINO_PSI,Arduino,0.000,0.000,0.000,,
623.633107,2026-03-16 16:51:59.373,ARDUINO_PSI,Arduino,0.000,0.000,0.000,,
623.732812,2026-03-16 16:51:59.473,ARDUINO_PSI,Arduino,0.000,0.000,0.000,,
623.833720,2026-03-16 16:51:59.574,ARDUINO_PSI,Arduino,0.000,0.000,0.000,,
623.932664,2026-03-16 16:51:59.673,ARDUINO_PSI,Arduino,0.000,0.000,0.000,,
624.032918,2026-03-16 16:51:59.773,ARDUINO_PSI,Arduino,0.000,0.000,0.000,,
624.133012,2026-03-16 16:51:59.873,ARDUINO_PSI,Arduino,0.000,0.000,0.000,,
624.232781,2026-03-16 16:51:59.973,ARDUINO_PSI,Arduino,0.000,0.000,0.000,,
624.333308,2026-03-16 16:52:00.073,ARDUINO_PSI,Arduino,0.000,0.000,0.000,,
624.433021,2026-03-16 16:52:00.173,ARDUINO_PSI,Arduino,0.000,0.000,0.000,,
624.532821,2026-03-16 16:52:00.273,ARDUINO_PSI,Arduino,0.000,0.000,0.000,,
624.632866,2026-03-16 16:52:00.373,ARDUINO_PSI,Arduino,0.000,0.000,0.000,,
624.733125,2026-03-16 16:52:00.473,ARDUINO_PSI,Arduino,0.000,0.000,0.000,,
624.832935,2026-03-16 16:52:00.573,ARDUINO_PSI,Arduino,0.000,0.000,0.000,,
624.933056,2026-03-16 16:52:00.673,ARDUINO_PSI,Arduino,0.000,0.000,0.000,,
625.032931,2026-03-16 16:52:00.773,ARDUINO_PSI,Arduino,0.000,0.000,0.000,,
625.133009,2026-03-16 16:52:00.873,ARDUINO_PSI,Arduino,0.000,0.000,0.000,,
625.232821,2026-03-16 16:52:00.973,ARDUINO_PSI,Arduino,0.000,0.000,0.000,,
625.332897,2026-03-16 16:52:01.073,ARDUINO_PSI,Arduino,0.000,0.000,0.000,,
625.433063,2026-03-16 16:52:01.173,ARDUINO_PSI,Arduino,0.000,0.000,0.000,,
625.532848,2026-03-16 16:52:01.273,ARDUINO_PSI,Arduino,0.000,0.000,0.000,,
625.633153,2026-03-16 16:52:01.373,ARDUINO_PSI,Arduino,0.000,0.000,0.000,,
625.733363,2026-03-16 16:52:01.474,ARDUINO_PSI,Arduino,0.000,0.000,0.000,,
625.833084,2026-03-16 16:52:01.573,ARDUINO_PSI,Arduino,0.000,0.000,0.000,,
625.933156,2026-03-16 16:52:01.673,ARDUINO_PSI,Arduino,0.000,0.000,0.000,,
626.032907,2026-03-16 16:52:01.773,ARDUINO_PSI,Arduino,0.000,0.000,0.000,,
626.132872,2026-03-16 16:52:01.873,ARDUINO_PSI,Arduino,0.000,0.000,0.000,,
626.233016,2026-03-16 16:52:01.973,ARDUINO_PSI,Arduino,0.000,0.000,0.000,,
626.333090,2026-03-16 16:52:02.073,ARDUINO_PSI,Arduino,0.000,0.000,0.000,,
626.433235,2026-03-16 16:52:02.173,ARDUINO_PSI,Arduino,0.000,0.000,0.000,,
626.532584,2026-03-16 16:52:02.273,ARDUINO_PSI,Arduino,0.000,0.000,0.000,,
626.633141,2026-03-16 16:52:02.373,ARDUINO_PSI,Arduino,0.000,0.000,0.000,,
626.733055,2026-03-16 16:52:02.473,ARDUINO_PSI,Arduino,0.000,0.000,0.000,,
626.832978,2026-03-16 16:52:02.573,ARDUINO_PSI,Arduino,0.000,0.000,0.000,,
626.932810,2026-03-16 16:52:02.673,ARDUINO_PSI,Arduino,0.000,0.000,0.000,,
627.033150,2026-03-16 16:52:02.773,ARDUINO_PSI,Arduino,0.000,0.000,0.000,,
627.133156,2026-03-16 16:52:02.873,ARDUINO_PSI,Arduino,0.000,0.000,0.000,,
627.233101,2026-03-16 16:52:02.973,ARDUINO_PSI,Arduino,0.000,0.000,0.000,,
627.333098,2026-03-16 16:52:03.073,ARDUINO_PSI,Arduino,0.000,0.000,0.000,,
627.432863,2026-03-16 16:52:03.173,ARDUINO_PSI,Arduino,0.000,0.000,0.000,,
627.533057,2026-03-16 16:52:03.273,ARDUINO_PSI,Arduino,0.000,0.000,0.000,,
627.633064,2026-03-16 16:52:03.373,ARDUINO_PSI,Arduino,0.000,0.000,0.000,,
627.733029,2026-03-16 16:52:03.473,ARDUINO_PSI,Arduino,0.000,0.000,0.000,,
627.833041,2026-03-16 16:52:03.573,ARDUINO_PSI,Arduino,0.000,0.000,0.000,,
627.932863,2026-03-16 16:52:03.673,ARDUINO_PSI,Arduino,0.000,0.000,0.000,,
628.032909,2026-03-16 16:52:03.773,ARDUINO_PSI,Arduino,0.000,0.000,0.000,,
628.133170,2026-03-16 16:52:03.873,ARDUINO_PSI,Arduino,0.000,0.000,0.000,,
628.233023,2026-03-16 16:52:03.973,ARDUINO_PSI,Arduino,0.000,0.000,0.000,,
628.332751,2026-03-16 16:52:04.073,ARDUINO_PSI,Arduino,0.000,0.000,0.000,,
628.432751,2026-03-16 16:52:04.173,ARDUINO_PSI,Arduino,0.000,0.000,0.000,,
628.533046,2026-03-16 16:52:04.273,ARDUINO_PSI,Arduino,0.000,0.000,0.000,,
628.632936,2026-03-16 16:52:04.373,ARDUINO_PSI,Arduino,0.000,0.000,0.000,,
628.733023,2026-03-16 16:52:04.473,ARDUINO_PSI,Arduino,0.000,0.000,0.000,,
628.833142,2026-03-16 16:52:04.573,ARDUINO_PSI,Arduino,0.000,0.000,0.000,,
628.932585,2026-03-16 16:52:04.673,ARDUINO_PSI,Arduino,0.000,0.000,0.000,,
629.032962,2026-03-16 16:52:04.773,ARDUINO_PSI,Arduino,0.000,0.000,0.000,,
629.132816,2026-03-16 16:52:04.873,ARDUINO_PSI,Arduino,0.000,0.000,0.000,,
629.233219,2026-03-16 16:52:04.973,ARDUINO_PSI,Arduino,0.000,0.000,0.000,,
629.333138,2026-03-16 16:52:05.073,ARDUINO_PSI,Arduino,0.000,0.000,0.000,,
629.432811,2026-03-16 16:52:05.173,ARDUINO_PSI,Arduino,0.000,0.000,0.000,,
629.533094,2026-03-16 16:52:05.273,ARDUINO_PSI,Arduino,0.000,0.000,0.000,,
629.633098,2026-03-16 16:52:05.373,ARDUINO_PSI,Arduino,0.000,0.000,0.000,,
629.733296,2026-03-16 16:52:05.473,ARDUINO_PSI,Arduino,0.000,0.000,0.000,,
629.832887,2026-03-16 16:52:05.573,ARDUINO_PSI,Arduino,0.000,0.000,0.000,,
629.932970,2026-03-16 16:52:05.673,ARDUINO_PSI,Arduino,0.000,0.000,0.000,,
630.033189,2026-03-16 16:52:05.773,ARDUINO_PSI,Arduino,0.000,0.000,0.000,,
630.133085,2026-03-16 16:52:05.873,ARDUINO_PSI,Arduino,0.000,0.000,0.000,,
630.233040,2026-03-16 16:52:05.973,ARDUINO_PSI,Arduino,0.000,0.000,0.000,,
630.332864,2026-03-16 16:52:06.073,ARDUINO_PSI,Arduino,0.000,0.000,0.000,,
630.433016,2026-03-16 16:52:06.173,ARDUINO_PSI,Arduino,0.000,0.000,0.000,,
630.533096,2026-03-16 16:52:06.273,ARDUINO_PSI,Arduino,0.000,0.000,0.000,,
630.633621,2026-03-16 16:52:06.374,ARDUINO_PSI,Arduino,0.000,0.000,0.000,,
630.733490,2026-03-16 16:52:06.474,ARDUINO_PSI,Arduino,0.000,0.000,0.000,,
630.833189,2026-03-16 16:52:06.573,ARDUINO_PSI,Arduino,0.000,0.000,0.000,,
630.933232,2026-03-16 16:52:06.673,ARDUINO_PSI,Arduino,0.000,0.000,0.000,,
631.032649,2026-03-16 16:52:06.773,ARDUINO_PSI,Arduino,0.000,0.000,0.000,,
631.133464,2026-03-16 16:52:06.874,ARDUINO_PSI,Arduino,0.000,0.000,0.000,,
631.232907,2026-03-16 16:52:06.973,ARDUINO_PSI,Arduino,0.000,0.000,0.000,,
631.332770,2026-03-16 16:52:07.073,ARDUINO_PSI,Arduino,0.000,0.000,0.000,,
631.432736,2026-03-16 16:52:07.173,ARDUINO_PSI,Arduino,0.000,0.000,0.000,,
631.532890,2026-03-16 16:52:07.273,ARDUINO_PSI,Arduino,0.000,0.000,0.000,,
631.633144,2026-03-16 16:52:07.373,ARDUINO_PSI,Arduino,0.000,0.000,0.000,,
631.733139,2026-03-16 16:52:07.473,ARDUINO_PSI,Arduino,0.000,0.000,0.000,,
631.833291,2026-03-16 16:52:07.573,ARDUINO_PSI,Arduino,0.000,0.000,0.000,,
631.933139,2026-03-16 16:52:07.673,ARDUINO_PSI,Arduino,0.000,0.000,0.000,,
632.033095,2026-03-16 16:52:07.773,ARDUINO_PSI,Arduino,0.000,0.000,0.000,,
632.133122,2026-03-16 16:52:07.873,ARDUINO_PSI,Arduino,0.000,0.000,0.000,,
632.233076,2026-03-16 16:52:07.973,ARDUINO_PSI,Arduino,0.000,0.000,0.000,,
632.332579,2026-03-16 16:52:08.073,ARDUINO_PSI,Arduino,0.000,0.000,0.000,,
632.433094,2026-03-16 16:52:08.173,ARDUINO_PSI,Arduino,0.000,0.000,0.000,,
632.532943,2026-03-16 16:52:08.273,ARDUINO_PSI,Arduino,0.000,0.000,0.000,,
632.633127,2026-03-16 16:52:08.373,ARDUINO_PSI,Arduino,0.000,0.000,0.000,,
632.732876,2026-03-16 16:52:08.473,ARDUINO_PSI,Arduino,0.000,0.000,0.000,,
632.832880,2026-03-16 16:52:08.573,ARDUINO_PSI,Arduino,0.000,0.000,0.000,,
632.932545,2026-03-16 16:52:08.673,ARDUINO_PSI,Arduino,0.000,0.000,0.000,,
633.032962,2026-03-16 16:52:08.773,ARDUINO_PSI,Arduino,0.000,0.000,0.000,,
633.132913,2026-03-16 16:52:08.873,ARDUINO_PSI,Arduino,0.000,0.000,0.000,,
633.232835,2026-03-16 16:52:08.973,ARDUINO_PSI,Arduino,0.000,0.000,0.000,,
633.332932,2026-03-16 16:52:09.073,ARDUINO_PSI,Arduino,0.000,0.000,0.000,,
633.432950,2026-03-16 16:52:09.173,ARDUINO_PSI,Arduino,0.000,0.000,0.000,,
633.532821,2026-03-16 16:52:09.273,ARDUINO_PSI,Arduino,0.000,0.000,0.000,,
633.632918,2026-03-16 16:52:09.373,ARDUINO_PSI,Arduino,0.000,0.000,0.000,,
633.732766,2026-03-16 16:52:09.473,ARDUINO_PSI,Arduino,0.000,0.000,0.000,,
633.833401,2026-03-16 16:52:09.574,ARDUINO_PSI,Arduino,0.000,0.000,0.000,,
633.933251,2026-03-16 16:52:09.673,ARDUINO_PSI,Arduino,0.000,0.000,0.000,,
634.033088,2026-03-16 16:52:09.773,ARDUINO_PSI,Arduino,0.000,0.000,0.000,,
634.133642,2026-03-16 16:52:09.874,ARDUINO_PSI,Arduino,0.000,0.000,0.000,,
634.233131,2026-03-16 16:52:09.973,ARDUINO_PSI,Arduino,0.000,0.000,0.000,,
634.333146,2026-03-16 16:52:10.073,ARDUINO_PSI,Arduino,0.000,0.000,0.000,,
634.433182,2026-03-16 16:52:10.173,ARDUINO_PSI,Arduino,0.000,0.000,0.000,,
634.533623,2026-03-16 16:52:10.274,ARDUINO_PSI,Arduino,0.000,0.000,0.000,,
634.632849,2026-03-16 16:52:10.373,ARDUINO_PSI,Arduino,0.000,0.000,0.000,,
634.733146,2026-03-16 16:52:10.473,ARDUINO_PSI,Arduino,0.000,0.000,0.000,,
634.833314,2026-03-16 16:52:10.573,ARDUINO_PSI,Arduino,0.000,0.000,0.000,,
634.933282,2026-03-16 16:52:10.673,ARDUINO_PSI,Arduino,0.000,0.000,0.000,,
635.032808,2026-03-16 16:52:10.773,ARDUINO_PSI,Arduino,0.000,0.000,0.000,,
635.132934,2026-03-16 16:52:10.873,ARDUINO_PSI,Arduino,0.000,0.000,0.000,,
635.233810,2026-03-16 16:52:10.974,ARDUINO_PSI,Arduino,0.000,0.000,0.000,,
635.333137,2026-03-16 16:52:11.073,ARDUINO_PSI,Arduino,0.000,0.000,0.000,,
635.433265,2026-03-16 16:52:11.173,ARDUINO_PSI,Arduino,0.000,0.000,0.000,,
635.532851,2026-03-16 16:52:11.273,ARDUINO_PSI,Arduino,0.000,0.000,0.000,,
635.633122,2026-03-16 16:52:11.373,ARDUINO_PSI,Arduino,0.000,0.000,0.000,,
635.733254,2026-03-16 16:52:11.473,ARDUINO_PSI,Arduino,0.000,0.000,0.000,,
635.832950,2026-03-16 16:52:11.573,ARDUINO_PSI,Arduino,0.000,0.000,0.000,,
635.933355,2026-03-16 16:52:11.673,ARDUINO_PSI,Arduino,0.000,0.000,0.000,,
636.032889,2026-03-16 16:52:11.773,ARDUINO_PSI,Arduino,0.000,0.000,0.000,,
636.132768,2026-03-16 16:52:11.873,ARDUINO_PSI,Arduino,0.000,0.000,0.000,,
636.233055,2026-03-16 16:52:11.973,ARDUINO_PSI,Arduino,0.000,0.000,0.000,,
636.333117,2026-03-16 16:52:12.073,ARDUINO_PSI,Arduino,0.000,0.000,0.000,,
636.433105,2026-03-16 16:52:12.173,ARDUINO_PSI,Arduino,0.000,0.000,0.000,,
636.533064,2026-03-16 16:52:12.273,ARDUINO_PSI,Arduino,0.000,0.000,0.000,,
636.632925,2026-03-16 16:52:12.373,ARDUINO_PSI,Arduino,0.000,0.000,0.000,,
636.733012,2026-03-16 16:52:12.473,ARDUINO_PSI,Arduino,0.000,0.000,0.000,,
636.833300,2026-03-16 16:52:12.573,ARDUINO_PSI,Arduino,0.000,0.000,0.000,,
636.933056,2026-03-16 16:52:12.673,ARDUINO_PSI,Arduino,0.000,0.000,0.000,,
637.032867,2026-03-16 16:52:12.773,ARDUINO_PSI,Arduino,0.000,0.000,0.000,,
637.133428,2026-03-16 16:52:12.874,ARDUINO_PSI,Arduino,0.000,0.000,0.000,,
637.233015,2026-03-16 16:52:12.973,ARDUINO_PSI,Arduino,0.000,0.000,0.000,,
637.333070,2026-03-16 16:52:13.073,ARDUINO_PSI,Arduino,0.000,0.000,0.000,,
637.433040,2026-03-16 16:52:13.173,ARDUINO_PSI,Arduino,0.000,0.000,0.000,,
637.533134,2026-03-16 16:52:13.273,ARDUINO_PSI,Arduino,0.000,0.000,0.000,,
637.633622,2026-03-16 16:52:13.374,ARDUINO_PSI,Arduino,0.000,0.000,0.000,,
637.733019,2026-03-16 16:52:13.473,ARDUINO_PSI,Arduino,0.000,0.000,0.000,,
637.833144,2026-03-16 16:52:13.573,ARDUINO_PSI,Arduino,0.000,0.000,0.000,,
637.932928,2026-03-16 16:52:13.673,ARDUINO_PSI,Arduino,0.000,0.000,0.000,,
638.032982,2026-03-16 16:52:13.773,ARDUINO_PSI,Arduino,0.000,0.000,0.000,,
638.133210,2026-03-16 16:52:13.873,ARDUINO_PSI,Arduino,0.000,0.000,0.000,,
638.232923,2026-03-16 16:52:13.973,ARDUINO_PSI,Arduino,0.000,0.000,0.000,,
638.333227,2026-03-16 16:52:14.073,ARDUINO_PSI,Arduino,0.000,0.000,0.000,,
638.433101,2026-03-16 16:52:14.173,ARDUINO_PSI,Arduino,0.000,0.000,0.000,,
638.532909,2026-03-16 16:52:14.273,ARDUINO_PSI,Arduino,0.000,0.000,0.000,,
638.632840,2026-03-16 16:52:14.373,ARDUINO_PSI,Arduino,0.000,0.000,0.000,,
638.733199,2026-03-16 16:52:14.473,ARDUINO_PSI,Arduino,0.000,0.000,0.000,,
638.833202,2026-03-16 16:52:14.573,ARDUINO_PSI,Arduino,0.000,0.000,0.000,,
638.932949,2026-03-16 16:52:14.673,ARDUINO_PSI,Arduino,0.000,0.000,0.000,,
639.033334,2026-03-16 16:52:14.773,ARDUINO_PSI,Arduino,0.000,0.000,0.000,,
639.132979,2026-03-16 16:52:14.873,ARDUINO_PSI,Arduino,0.000,0.000,0.000,,
639.233153,2026-03-16 16:52:14.973,ARDUINO_PSI,Arduino,0.000,0.000,0.000,,
639.333165,2026-03-16 16:52:15.073,ARDUINO_PSI,Arduino,0.000,0.000,0.000,,
639.433071,2026-03-16 16:52:15.173,ARDUINO_PSI,Arduino,0.000,0.000,0.000,,
639.533148,2026-03-16 16:52:15.273,ARDUINO_PSI,Arduino,0.000,0.000,0.000,,
639.632883,2026-03-16 16:52:15.373,ARDUINO_PSI,Arduino,0.000,0.000,0.000,,
639.732884,2026-03-16 16:52:15.473,ARDUINO_PSI,Arduino,0.000,0.000,0.000,,
639.833287,2026-03-16 16:52:15.573,ARDUINO_PSI,Arduino,0.000,0.000,0.000,,
639.933186,2026-03-16 16:52:15.673,ARDUINO_PSI,Arduino,0.000,0.000,0.000,,
640.033650,2026-03-16 16:52:15.774,ARDUINO_PSI,Arduino,0.000,0.000,0.000,,
640.133108,2026-03-16 16:52:15.873,ARDUINO_PSI,Arduino,0.000,0.000,0.000,,
640.233240,2026-03-16 16:52:15.973,ARDUINO_PSI,Arduino,0.000,0.000,0.000,,
640.333098,2026-03-16 16:52:16.073,ARDUINO_PSI,Arduino,0.000,0.000,0.000,,
640.433203,2026-03-16 16:52:16.173,ARDUINO_PSI,Arduino,0.000,0.000,0.000,,
640.533187,2026-03-16 16:52:16.273,ARDUINO_PSI,Arduino,0.000,0.000,0.000,,
640.632942,2026-03-16 16:52:16.373,ARDUINO_PSI,Arduino,0.000,0.000,0.000,,
640.733096,2026-03-16 16:52:16.473,ARDUINO_PSI,Arduino,0.000,0.000,0.000,,
640.833221,2026-03-16 16:52:16.573,ARDUINO_PSI,Arduino,0.000,0.000,0.000,,
640.933077,2026-03-16 16:52:16.673,ARDUINO_PSI,Arduino,0.000,0.000,0.000,,
641.033037,2026-03-16 16:52:16.773,ARDUINO_PSI,Arduino,0.000,0.000,0.000,,
641.133112,2026-03-16 16:52:16.873,ARDUINO_PSI,Arduino,0.000,0.000,0.000,,
641.232808,2026-03-16 16:52:16.973,ARDUINO_PSI,Arduino,0.000,0.000,0.000,,
641.333001,2026-03-16 16:52:17.073,ARDUINO_PSI,Arduino,0.000,0.000,0.000,,
641.433084,2026-03-16 16:52:17.173,ARDUINO_PSI,Arduino,0.000,0.000,0.000,,
641.533131,2026-03-16 16:52:17.273,ARDUINO_PSI,Arduino,0.000,0.000,0.000,,
641.633350,2026-03-16 16:52:17.373,ARDUINO_PSI,Arduino,0.000,0.000,0.000,,
641.732849,2026-03-16 16:52:17.473,ARDUINO_PSI,Arduino,0.000,0.000,0.000,,
641.833021,2026-03-16 16:52:17.573,ARDUINO_PSI,Arduino,0.000,0.000,0.000,,
641.933062,2026-03-16 16:52:17.673,ARDUINO_PSI,Arduino,0.000,0.000,0.000,,
642.033273,2026-03-16 16:52:17.773,ARDUINO_PSI,Arduino,0.000,0.000,0.000,,
642.132847,2026-03-16 16:52:17.873,ARDUINO_PSI,Arduino,0.000,0.000,0.000,,
642.232862,2026-03-16 16:52:17.973,ARDUINO_PSI,Arduino,0.000,0.000,0.000,,
642.333107,2026-03-16 16:52:18.073,ARDUINO_PSI,Arduino,0.000,0.000,0.000,,
642.433212,2026-03-16 16:52:18.173,ARDUINO_PSI,Arduino,0.000,0.000,0.000,,
642.533628,2026-03-16 16:52:18.274,ARDUINO_PSI,Arduino,0.000,0.000,0.000,,
642.633232,2026-03-16 16:52:18.373,ARDUINO_PSI,Arduino,0.000,0.000,0.000,,
642.733172,2026-03-16 16:52:18.473,ARDUINO_PSI,Arduino,0.000,0.000,0.000,,
642.833299,2026-03-16 16:52:18.573,ARDUINO_PSI,Arduino,0.000,0.000,0.000,,
642.933076,2026-03-16 16:52:18.673,ARDUINO_PSI,Arduino,0.000,0.000,0.000,,
643.032669,2026-03-16 16:52:18.773,ARDUINO_PSI,Arduino,0.000,0.000,0.000,,
643.132868,2026-03-16 16:52:18.873,ARDUINO_PSI,Arduino,0.000,0.000,0.000,,
643.232973,2026-03-16 16:52:18.973,ARDUINO_PSI,Arduino,0.000,0.000,0.000,,
643.332953,2026-03-16 16:52:19.073,ARDUINO_PSI,Arduino,0.000,0.000,0.000,,
643.432948,2026-03-16 16:52:19.173,ARDUINO_PSI,Arduino,0.000,0.000,0.000,,
643.532978,2026-03-16 16:52:19.273,ARDUINO_PSI,Arduino,0.000,0.000,0.000,,
643.632930,2026-03-16 16:52:19.373,ARDUINO_PSI,Arduino,0.000,0.000,0.000,,
643.732819,2026-03-16 16:52:19.473,ARDUINO_PSI,Arduino,0.000,0.000,0.000,,
643.832943,2026-03-16 16:52:19.573,ARDUINO_PSI,Arduino,0.000,0.000,0.000,,
643.933163,2026-03-16 16:52:19.673,ARDUINO_PSI,Arduino,0.000,0.000,0.000,,
644.033182,2026-03-16 16:52:19.773,ARDUINO_PSI,Arduino,0.000,0.000,0.000,,
644.132899,2026-03-16 16:52:19.873,ARDUINO_PSI,Arduino,0.000,0.000,0.000,,
644.233260,2026-03-16 16:52:19.973,ARDUINO_PSI,Arduino,0.000,0.000,0.000,,
644.332890,2026-03-16 16:52:20.073,ARDUINO_PSI,Arduino,0.000,0.000,0.000,,
644.432639,2026-03-16 16:52:20.173,ARDUINO_PSI,Arduino,0.000,0.000,0.000,,
644.533098,2026-03-16 16:52:20.273,ARDUINO_PSI,Arduino,0.000,0.000,0.000,,
644.632977,2026-03-16 16:52:20.373,ARDUINO_PSI,Arduino,0.000,0.000,0.000,,
644.732957,2026-03-16 16:52:20.473,ARDUINO_PSI,Arduino,0.000,0.000,0.000,,
644.833272,2026-03-16 16:52:20.573,ARDUINO_PSI,Arduino,0.000,0.000,0.000,,
644.933086,2026-03-16 16:52:20.673,ARDUINO_PSI,Arduino,0.000,0.000,0.000,,
645.033115,2026-03-16 16:52:20.773,ARDUINO_PSI,Arduino,0.000,0.000,0.000,,
645.132671,2026-03-16 16:52:20.873,ARDUINO_PSI,Arduino,0.000,0.000,0.000,,
645.233118,2026-03-16 16:52:20.973,ARDUINO_PSI,Arduino,0.000,0.000,0.000,,
645.332882,2026-03-16 16:52:21.073,ARDUINO_PSI,Arduino,0.000,0.000,0.000,,
645.432872,2026-03-16 16:52:21.173,ARDUINO_PSI,Arduino,0.000,0.000,0.000,,
645.533279,2026-03-16 16:52:21.273,ARDUINO_PSI,Arduino,0.000,0.000,0.000,,
645.633319,2026-03-16 16:52:21.373,ARDUINO_PSI,Arduino,0.000,0.000,0.000,,
645.732786,2026-03-16 16:52:21.473,ARDUINO_PSI,Arduino,0.000,0.000,0.000,,
645.832942,2026-03-16 16:52:21.573,ARDUINO_PSI,Arduino,0.000,0.000,0.000,,
645.933250,2026-03-16 16:52:21.673,ARDUINO_PSI,Arduino,0.000,0.000,0.000,,
646.033196,2026-03-16 16:52:21.773,ARDUINO_PSI,Arduino,0.000,0.000,0.000,,
646.133161,2026-03-16 16:52:21.873,ARDUINO_PSI,Arduino,0.000,0.000,0.000,,
646.233044,2026-03-16 16:52:21.973,ARDUINO_PSI,Arduino,0.000,0.000,0.000,,
646.332950,2026-03-16 16:52:22.073,ARDUINO_PSI,Arduino,0.000,0.000,0.000,,
646.433135,2026-03-16 16:52:22.173,ARDUINO_PSI,Arduino,0.000,0.000,0.000,,
646.533208,2026-03-16 16:52:22.273,ARDUINO_PSI,Arduino,0.000,0.000,0.000,,
646.633141,2026-03-16 16:52:22.373,ARDUINO_PSI,Arduino,0.000,0.000,0.000,,
646.733000,2026-03-16 16:52:22.473,ARDUINO_PSI,Arduino,0.000,0.000,0.000,,
646.833054,2026-03-16 16:52:22.573,ARDUINO_PSI,Arduino,0.000,0.000,0.000,,
646.933415,2026-03-16 16:52:22.674,ARDUINO_PSI,Arduino,0.000,0.000,0.000,,
647.033154,2026-03-16 16:52:22.773,ARDUINO_PSI,Arduino,0.000,0.000,0.000,,
647.133228,2026-03-16 16:52:22.873,ARDUINO_PSI,Arduino,0.000,0.000,0.000,,
647.232856,2026-03-16 16:52:22.973,ARDUINO_PSI,Arduino,0.000,0.000,0.000,,
647.333155,2026-03-16 16:52:23.073,ARDUINO_PSI,Arduino,0.000,0.000,0.000,,
647.433247,2026-03-16 16:52:23.173,ARDUINO_PSI,Arduino,0.000,0.000,0.000,,
647.533067,2026-03-16 16:52:23.273,ARDUINO_PSI,Arduino,0.000,0.000,0.000,,
647.633034,2026-03-16 16:52:23.373,ARDUINO_PSI,Arduino,0.000,0.000,0.000,,
647.732723,2026-03-16 16:52:23.473,ARDUINO_PSI,Arduino,0.000,0.000,0.000,,
647.833367,2026-03-16 16:52:23.574,ARDUINO_PSI,Arduino,0.000,0.000,0.000,,
647.933095,2026-03-16 16:52:23.673,ARDUINO_PSI,Arduino,0.000,0.000,0.000,,
648.032898,2026-03-16 16:52:23.773,ARDUINO_PSI,Arduino,0.000,0.000,0.000,,
648.132893,2026-03-16 16:52:23.873,ARDUINO_PSI,Arduino,0.000,0.000,0.000,,
648.232811,2026-03-16 16:52:23.973,ARDUINO_PSI,Arduino,0.000,0.000,0.000,,
648.332927,2026-03-16 16:52:24.073,ARDUINO_PSI,Arduino,0.000,0.000,0.000,,
648.433127,2026-03-16 16:52:24.173,ARDUINO_PSI,Arduino,0.000,0.000,0.000,,
648.532985,2026-03-16 16:52:24.273,ARDUINO_PSI,Arduino,0.000,0.000,0.000,,
648.633160,2026-03-16 16:52:24.373,ARDUINO_PSI,Arduino,0.000,0.000,0.000,,
648.732856,2026-03-16 16:52:24.473,ARDUINO_PSI,Arduino,0.000,0.000,0.000,,
648.832975,2026-03-16 16:52:24.573,ARDUINO_PSI,Arduino,0.000,0.000,0.000,,
648.933515,2026-03-16 16:52:24.674,ARDUINO_PSI,Arduino,0.000,0.000,0.000,,
649.032931,2026-03-16 16:52:24.773,ARDUINO_PSI,Arduino,0.000,0.000,0.000,,
649.133205,2026-03-16 16:52:24.873,ARDUINO_PSI,Arduino,0.000,0.000,0.000,,
649.233215,2026-03-16 16:52:24.973,ARDUINO_PSI,Arduino,0.000,0.000,0.000,,
649.332946,2026-03-16 16:52:25.073,ARDUINO_PSI,Arduino,0.000,0.000,0.000,,
649.432845,2026-03-16 16:52:25.173,ARDUINO_PSI,Arduino,0.000,0.000,0.000,,
649.533215,2026-03-16 16:52:25.273,ARDUINO_PSI,Arduino,0.000,0.000,0.000,,
649.633089,2026-03-16 16:52:25.373,ARDUINO_PSI,Arduino,0.000,0.000,0.000,,
649.733137,2026-03-16 16:52:25.473,ARDUINO_PSI,Arduino,0.000,0.000,0.000,,
649.832831,2026-03-16 16:52:25.573,ARDUINO_PSI,Arduino,0.000,0.000,0.000,,
649.934023,2026-03-16 16:52:25.674,ARDUINO_PSI,Arduino,0.000,0.000,0.000,,
650.032829,2026-03-16 16:52:25.773,ARDUINO_PSI,Arduino,0.000,0.000,0.000,,
650.132829,2026-03-16 16:52:25.873,ARDUINO_PSI,Arduino,0.000,0.000,0.000,,
650.232799,2026-03-16 16:52:25.973,ARDUINO_PSI,Arduino,0.000,0.000,0.000,,
650.332877,2026-03-16 16:52:26.073,ARDUINO_PSI,Arduino,0.000,0.000,0.000,,
650.433108,2026-03-16 16:52:26.173,ARDUINO_PSI,Arduino,0.000,0.000,0.000,,
650.532949,2026-03-16 16:52:26.273,ARDUINO_PSI,Arduino,0.000,0.000,0.000,,
650.632878,2026-03-16 16:52:26.373,ARDUINO_PSI,Arduino,0.000,0.000,0.000,,
650.733292,2026-03-16 16:52:26.473,ARDUINO_PSI,Arduino,0.000,0.000,0.000,,
650.833124,2026-03-16 16:52:26.573,ARDUINO_PSI,Arduino,0.000,0.000,0.000,,
650.934523,2026-03-16 16:52:26.675,ARDUINO_PSI,Arduino,0.000,0.000,0.000,,
651.032950,2026-03-16 16:52:26.773,ARDUINO_PSI,Arduino,0.000,0.000,0.000,,
651.132927,2026-03-16 16:52:26.873,ARDUINO_PSI,Arduino,0.000,0.000,0.000,,
651.233079,2026-03-16 16:52:26.973,ARDUINO_PSI,Arduino,0.000,0.000,0.000,,
651.332869,2026-03-16 16:52:27.073,ARDUINO_PSI,Arduino,0.000,0.000,0.000,,
651.433298,2026-03-16 16:52:27.173,ARDUINO_PSI,Arduino,0.000,0.000,0.000,,
651.532949,2026-03-16 16:52:27.273,ARDUINO_PSI,Arduino,0.000,0.000,0.000,,
651.633208,2026-03-16 16:52:27.373,ARDUINO_PSI,Arduino,0.000,0.000,0.000,,
651.732815,2026-03-16 16:52:27.473,ARDUINO_PSI,Arduino,0.000,0.000,0.000,,
651.833026,2026-03-16 16:52:27.573,ARDUINO_PSI,Arduino,0.000,0.000,0.000,,
651.933134,2026-03-16 16:52:27.673,ARDUINO_PSI,Arduino,0.000,0.000,0.000,,
652.032908,2026-03-16 16:52:27.773,ARDUINO_PSI,Arduino,0.000,0.000,0.000,,
652.132756,2026-03-16 16:52:27.873,ARDUINO_PSI,Arduino,0.000,0.000,0.000,,
652.233142,2026-03-16 16:52:27.973,ARDUINO_PSI,Arduino,0.000,0.000,0.000,,
652.333072,2026-03-16 16:52:28.073,ARDUINO_PSI,Arduino,0.000,0.000,0.000,,
652.432916,2026-03-16 16:52:28.173,ARDUINO_PSI,Arduino,0.000,0.000,0.000,,
652.533101,2026-03-16 16:52:28.273,ARDUINO_PSI,Arduino,0.000,0.000,0.000,,
652.633215,2026-03-16 16:52:28.373,ARDUINO_PSI,Arduino,0.000,0.000,0.000,,
652.733599,2026-03-16 16:52:28.474,ARDUINO_PSI,Arduino,0.000,0.000,0.000,,
652.833297,2026-03-16 16:52:28.573,ARDUINO_PSI,Arduino,0.000,0.000,0.000,,
652.933691,2026-03-16 16:52:28.674,ARDUINO_PSI,Arduino,0.000,0.000,0.000,,
653.034085,2026-03-16 16:52:28.774,ARDUINO_PSI,Arduino,0.000,0.000,0.000,,
653.132922,2026-03-16 16:52:28.873,ARDUINO_PSI,Arduino,0.000,0.000,0.000,,
653.234014,2026-03-16 16:52:28.974,ARDUINO_PSI,Arduino,0.000,0.000,0.000,,
653.333234,2026-03-16 16:52:29.073,ARDUINO_PSI,Arduino,0.000,0.000,0.000,,
653.433722,2026-03-16 16:52:29.174,ARDUINO_PSI,Arduino,0.000,0.000,0.000,,
653.534175,2026-03-16 16:52:29.274,ARDUINO_PSI,Arduino,0.000,0.000,0.000,,
653.634359,2026-03-16 16:52:29.374,ARDUINO_PSI,Arduino,0.000,0.000,0.000,,
653.733404,2026-03-16 16:52:29.474,ARDUINO_PSI,Arduino,0.000,0.000,0.000,,
653.834596,2026-03-16 16:52:29.575,ARDUINO_PSI,Arduino,0.000,0.000,0.000,,
653.933155,2026-03-16 16:52:29.673,ARDUINO_PSI,Arduino,0.000,0.000,0.000,,
654.033712,2026-03-16 16:52:29.774,ARDUINO_PSI,Arduino,0.000,0.000,0.000,,
654.133633,2026-03-16 16:52:29.874,ARDUINO_PSI,Arduino,0.000,0.000,0.000,,
654.234103,2026-03-16 16:52:29.974,ARDUINO_PSI,Arduino,0.000,0.000,0.000,,
654.333204,2026-03-16 16:52:30.073,ARDUINO_PSI,Arduino,0.000,0.000,0.000,,
654.433219,2026-03-16 16:52:30.173,ARDUINO_PSI,Arduino,0.000,0.000,0.000,,
654.532693,2026-03-16 16:52:30.273,ARDUINO_PSI,Arduino,0.000,0.000,0.000,,
654.634240,2026-03-16 16:52:30.374,ARDUINO_PSI,Arduino,0.000,0.000,0.000,,
654.734329,2026-03-16 16:52:30.474,ARDUINO_PSI,Arduino,0.000,0.000,0.000,,
654.834052,2026-03-16 16:52:30.574,ARDUINO_PSI,Arduino,0.000,0.000,0.000,,
654.933896,2026-03-16 16:52:30.674,ARDUINO_PSI,Arduino,0.000,0.000,0.000,,
655.033839,2026-03-16 16:52:30.774,ARDUINO_PSI,Arduino,0.000,0.000,0.000,,
655.133978,2026-03-16 16:52:30.874,ARDUINO_PSI,Arduino,0.000,0.000,0.000,,
655.233159,2026-03-16 16:52:30.973,ARDUINO_PSI,Arduino,0.000,0.000,0.000,,
655.333829,2026-03-16 16:52:31.074,ARDUINO_PSI,Arduino,0.000,0.000,0.000,,
655.434173,2026-03-16 16:52:31.174,ARDUINO_PSI,Arduino,0.000,0.000,0.000,,
655.533982,2026-03-16 16:52:31.274,ARDUINO_PSI,Arduino,0.000,0.000,0.000,,
655.633644,2026-03-16 16:52:31.374,ARDUINO_PSI,Arduino,0.000,0.000,0.000,,
655.734088,2026-03-16 16:52:31.474,ARDUINO_PSI,Arduino,0.000,0.000,0.000,,
655.835656,2026-03-16 16:52:31.576,ARDUINO_PSI,Arduino,0.000,0.000,0.000,,
655.933905,2026-03-16 16:52:31.674,ARDUINO_PSI,Arduino,0.000,0.000,0.000,,
656.033131,2026-03-16 16:52:31.773,ARDUINO_PSI,Arduino,0.000,0.000,0.000,,
656.133900,2026-03-16 16:52:31.874,ARDUINO_PSI,Arduino,0.000,0.000,0.000,,
656.233224,2026-03-16 16:52:31.973,ARDUINO_PSI,Arduino,0.000,0.000,0.000,,
656.333333,2026-03-16 16:52:32.073,ARDUINO_PSI,Arduino,0.000,0.000,0.000,,
656.433478,2026-03-16 16:52:32.174,ARDUINO_PSI,Arduino,0.000,0.000,0.000,,
656.534216,2026-03-16 16:52:32.274,ARDUINO_PSI,Arduino,0.000,0.000,0.000,,
656.634300,2026-03-16 16:52:32.374,ARDUINO_PSI,Arduino,0.000,0.000,0.000,,
656.733901,2026-03-16 16:52:32.474,ARDUINO_PSI,Arduino,0.000,0.000,0.000,,
656.833204,2026-03-16 16:52:32.573,ARDUINO_PSI,Arduino,0.000,0.000,0.000,,
656.933192,2026-03-16 16:52:32.673,ARDUINO_PSI,Arduino,0.000,0.000,0.000,,
657.034030,2026-03-16 16:52:32.774,ARDUINO_PSI,Arduino,0.000,0.000,0.000,,
657.134076,2026-03-16 16:52:32.874,ARDUINO_PSI,Arduino,0.000,0.000,0.000,,
657.235137,2026-03-16 16:52:32.975,ARDUINO_PSI,Arduino,0.000,0.000,0.000,,
657.334145,2026-03-16 16:52:33.074,ARDUINO_PSI,Arduino,0.000,0.000,0.000,,
657.433598,2026-03-16 16:52:33.174,ARDUINO_PSI,Arduino,0.000,0.000,0.000,,
657.533025,2026-03-16 16:52:33.273,ARDUINO_PSI,Arduino,0.000,0.000,0.000,,
657.632968,2026-03-16 16:52:33.373,ARDUINO_PSI,Arduino,0.000,0.000,0.000,,
657.734029,2026-03-16 16:52:33.474,ARDUINO_PSI,Arduino,0.000,0.000,0.000,,
657.834045,2026-03-16 16:52:33.574,ARDUINO_PSI,Arduino,0.000,0.000,0.000,,
657.933382,2026-03-16 16:52:33.674,ARDUINO_PSI,Arduino,0.000,0.000,0.000,,
658.033004,2026-03-16 16:52:33.773,ARDUINO_PSI,Arduino,0.000,0.000,0.000,,
658.133255,2026-03-16 16:52:33.873,ARDUINO_PSI,Arduino,0.000,0.000,0.000,,
658.234085,2026-03-16 16:52:33.974,ARDUINO_PSI,Arduino,0.000,0.000,0.000,,
658.333281,2026-03-16 16:52:34.073,ARDUINO_PSI,Arduino,0.000,0.000,0.000,,
658.433426,2026-03-16 16:52:34.174,ARDUINO_PSI,Arduino,0.000,0.000,0.000,,
658.533162,2026-03-16 16:52:34.273,ARDUINO_PSI,Arduino,0.000,0.000,0.000,,
658.634468,2026-03-16 16:52:34.375,ARDUINO_PSI,Arduino,0.000,0.000,0.000,,
658.733248,2026-03-16 16:52:34.473,ARDUINO_PSI,Arduino,0.000,0.000,0.000,,
658.833311,2026-03-16 16:52:34.573,ARDUINO_PSI,Arduino,0.000,0.000,0.000,,
658.933167,2026-03-16 16:52:34.673,ARDUINO_PSI,Arduino,0.000,0.000,0.000,,
659.033443,2026-03-16 16:52:34.774,ARDUINO_PSI,Arduino,0.000,0.000,0.000,,
659.133201,2026-03-16 16:52:34.873,ARDUINO_PSI,Arduino,0.000,0.000,0.000,,
659.233228,2026-03-16 16:52:34.973,ARDUINO_PSI,Arduino,0.000,0.000,0.000,,
659.333378,2026-03-16 16:52:35.074,ARDUINO_PSI,Arduino,0.000,0.000,0.000,,
659.433321,2026-03-16 16:52:35.173,ARDUINO_PSI,Arduino,0.000,0.000,0.000,,
659.534212,2026-03-16 16:52:35.274,ARDUINO_PSI,Arduino,0.000,0.000,0.000,,
659.633267,2026-03-16 16:52:35.373,ARDUINO_PSI,Arduino,0.000,0.000,0.000,,
659.733853,2026-03-16 16:52:35.474,ARDUINO_PSI,Arduino,0.000,0.000,0.000,,
659.833234,2026-03-16 16:52:35.573,ARDUINO_PSI,Arduino,0.000,0.000,0.000,,
659.933253,2026-03-16 16:52:35.673,ARDUINO_PSI,Arduino,0.000,0.000,0.000,,
660.034250,2026-03-16 16:52:35.774,ARDUINO_PSI,Arduino,0.000,0.000,0.000,,
660.133933,2026-03-16 16:52:35.874,ARDUINO_PSI,Arduino,0.000,0.000,0.000,,
660.233486,2026-03-16 16:52:35.974,ARDUINO_PSI,Arduino,0.000,0.000,0.000,,
660.333333,2026-03-16 16:52:36.073,ARDUINO_PSI,Arduino,0.000,0.000,0.000,,
660.434275,2026-03-16 16:52:36.174,ARDUINO_PSI,Arduino,0.000,0.000,0.000,,
660.533171,2026-03-16 16:52:36.273,ARDUINO_PSI,Arduino,0.000,0.000,0.000,,
660.634360,2026-03-16 16:52:36.374,ARDUINO_PSI,Arduino,0.000,0.000,0.000,,
660.734083,2026-03-16 16:52:36.474,ARDUINO_PSI,Arduino,0.000,0.000,0.000,,
660.833079,2026-03-16 16:52:36.573,ARDUINO_PSI,Arduino,0.000,0.000,0.000,,
660.933841,2026-03-16 16:52:36.674,ARDUINO_PSI,Arduino,0.000,0.000,0.000,,
661.034016,2026-03-16 16:52:36.774,ARDUINO_PSI,Arduino,0.000,0.000,0.000,,
661.133228,2026-03-16 16:52:36.873,ARDUINO_PSI,Arduino,0.000,0.000,0.000,,
661.233855,2026-03-16 16:52:36.974,ARDUINO_PSI,Arduino,0.000,0.000,0.000,,
661.333219,2026-03-16 16:52:37.073,ARDUINO_PSI,Arduino,0.000,0.000,0.000,,
661.433221,2026-03-16 16:52:37.173,ARDUINO_PSI,Arduino,0.000,0.000,0.000,,
661.533893,2026-03-16 16:52:37.274,ARDUINO_PSI,Arduino,0.000,0.000,0.000,,
661.634035,2026-03-16 16:52:37.374,ARDUINO_PSI,Arduino,0.000,0.000,0.000,,
661.733309,2026-03-16 16:52:37.473,ARDUINO_PSI,Arduino,0.000,0.000,0.000,,
661.833828,2026-03-16 16:52:37.574,ARDUINO_PSI,Arduino,0.000,0.000,0.000,,
661.933198,2026-03-16 16:52:37.673,ARDUINO_PSI,Arduino,0.000,0.000,0.000,,
662.033958,2026-03-16 16:52:37.774,ARDUINO_PSI,Arduino,0.000,0.000,0.000,,
662.133055,2026-03-16 16:52:37.873,ARDUINO_PSI,Arduino,0.000,0.000,0.000,,
662.234047,2026-03-16 16:52:37.974,ARDUINO_PSI,Arduino,0.000,0.000,0.000,,
662.333210,2026-03-16 16:52:38.073,ARDUINO_PSI,Arduino,0.000,0.000,0.000,,
662.434124,2026-03-16 16:52:38.174,ARDUINO_PSI,Arduino,0.000,0.000,0.000,,
662.533273,2026-03-16 16:52:38.273,ARDUINO_PSI,Arduino,0.000,0.000,0.000,,
662.634198,2026-03-16 16:52:38.374,ARDUINO_PSI,Arduino,0.000,0.000,0.000,,
662.733309,2026-03-16 16:52:38.473,ARDUINO_PSI,Arduino,0.000,0.000,0.000,,
662.833283,2026-03-16 16:52:38.573,ARDUINO_PSI,Arduino,0.000,0.000,0.000,,
662.933808,2026-03-16 16:52:38.674,ARDUINO_PSI,Arduino,0.000,0.000,0.000,,
663.033193,2026-03-16 16:52:38.773,ARDUINO_PSI,Arduino,0.000,0.000,0.000,,
663.134095,2026-03-16 16:52:38.874,ARDUINO_PSI,Arduino,0.000,0.000,0.000,,
663.233885,2026-03-16 16:52:38.974,ARDUINO_PSI,Arduino,0.000,0.000,0.000,,
663.333213,2026-03-16 16:52:39.073,ARDUINO_PSI,Arduino,0.000,0.000,0.000,,
663.433030,2026-03-16 16:52:39.173,ARDUINO_PSI,Arduino,0.000,0.000,0.000,,
663.533092,2026-03-16 16:52:39.273,ARDUINO_PSI,Arduino,0.000,0.000,0.000,,
663.634789,2026-03-16 16:52:39.375,ARDUINO_PSI,Arduino,0.000,0.000,0.000,,
663.733113,2026-03-16 16:52:39.473,ARDUINO_PSI,Arduino,0.000,0.000,0.000,,
663.833070,2026-03-16 16:52:39.573,ARDUINO_PSI,Arduino,0.000,0.000,0.000,,
663.933323,2026-03-16 16:52:39.673,ARDUINO_PSI,Arduino,0.000,0.000,0.000,,
664.033848,2026-03-16 16:52:39.774,ARDUINO_PSI,Arduino,0.000,0.000,0.000,,
664.133631,2026-03-16 16:52:39.874,ARDUINO_PSI,Arduino,0.000,0.000,0.000,,
664.234335,2026-03-16 16:52:39.974,ARDUINO_PSI,Arduino,0.000,0.000,0.000,,
664.333237,2026-03-16 16:52:40.073,ARDUINO_PSI,Arduino,0.000,0.000,0.000,,
664.433637,2026-03-16 16:52:40.174,ARDUINO_PSI,Arduino,0.000,0.000,0.000,,
664.534393,2026-03-16 16:52:40.275,ARDUINO_PSI,Arduino,0.000,0.000,0.000,,
664.633401,2026-03-16 16:52:40.374,ARDUINO_PSI,Arduino,0.000,0.000,0.000,,
664.733697,2026-03-16 16:52:40.474,ARDUINO_PSI,Arduino,0.000,0.000,0.000,,
664.833444,2026-03-16 16:52:40.574,ARDUINO_PSI,Arduino,0.000,0.000,0.000,,
664.933239,2026-03-16 16:52:40.673,ARDUINO_PSI,Arduino,0.000,0.000,0.000,,
665.034391,2026-03-16 16:52:40.775,ARDUINO_PSI,Arduino,0.000,0.000,0.000,,
665.133902,2026-03-16 16:52:40.874,ARDUINO_PSI,Arduino,0.000,0.000,0.000,,
665.234060,2026-03-16 16:52:40.974,ARDUINO_PSI,Arduino,0.000,0.000,0.000,,
665.334399,2026-03-16 16:52:41.075,ARDUINO_PSI,Arduino,0.000,0.000,0.000,,
665.433118,2026-03-16 16:52:41.173,ARDUINO_PSI,Arduino,0.000,0.000,0.000,,
665.533261,2026-03-16 16:52:41.273,ARDUINO_PSI,Arduino,0.000,0.000,0.000,,
665.633750,2026-03-16 16:52:41.374,ARDUINO_PSI,Arduino,0.000,0.000,0.000,,
665.733948,2026-03-16 16:52:41.474,ARDUINO_PSI,Arduino,0.000,0.000,0.000,,
665.834477,2026-03-16 16:52:41.575,ARDUINO_PSI,Arduino,0.000,0.000,0.000,,
665.933251,2026-03-16 16:52:41.673,ARDUINO_PSI,Arduino,0.000,0.000,0.000,,
666.033284,2026-03-16 16:52:41.773,ARDUINO_PSI,Arduino,0.000,0.000,0.000,,
666.133152,2026-03-16 16:52:41.873,ARDUINO_PSI,Arduino,0.000,0.000,0.000,,
666.233337,2026-03-16 16:52:41.973,ARDUINO_PSI,Arduino,0.000,0.000,0.000,,
666.334178,2026-03-16 16:52:42.074,ARDUINO_PSI,Arduino,0.000,0.000,0.000,,
666.433415,2026-03-16 16:52:42.174,ARDUINO_PSI,Arduino,0.000,0.000,0.000,,
666.533770,2026-03-16 16:52:42.274,ARDUINO_PSI,Arduino,0.000,0.000,0.000,,
666.633215,2026-03-16 16:52:42.373,ARDUINO_PSI,Arduino,0.000,0.000,0.000,,
666.733235,2026-03-16 16:52:42.473,ARDUINO_PSI,Arduino,0.000,0.000,0.000,,
666.833419,2026-03-16 16:52:42.574,ARDUINO_PSI,Arduino,0.000,0.000,0.000,,
666.933196,2026-03-16 16:52:42.673,ARDUINO_PSI,Arduino,0.000,0.000,0.000,,
667.034300,2026-03-16 16:52:42.774,ARDUINO_PSI,Arduino,0.000,0.000,0.000,,
667.133190,2026-03-16 16:52:42.873,ARDUINO_PSI,Arduino,0.000,0.000,0.000,,
667.233095,2026-03-16 16:52:42.973,ARDUINO_PSI,Arduino,0.000,0.000,0.000,,
667.333319,2026-03-16 16:52:43.073,ARDUINO_PSI,Arduino,0.000,0.000,0.000,,
667.434341,2026-03-16 16:52:43.174,ARDUINO_PSI,Arduino,0.000,0.000,0.000,,
667.534119,2026-03-16 16:52:43.274,ARDUINO_PSI,Arduino,0.000,0.000,0.000,,
667.634199,2026-03-16 16:52:43.374,ARDUINO_PSI,Arduino,0.000,0.000,0.000,,
667.734081,2026-03-16 16:52:43.474,ARDUINO_PSI,Arduino,0.000,0.000,0.000,,
667.832734,2026-03-16 16:52:43.573,ARDUINO_PSI,Arduino,0.000,0.000,0.000,,
667.933995,2026-03-16 16:52:43.674,ARDUINO_PSI,Arduino,0.000,0.000,0.000,,
668.033137,2026-03-16 16:52:43.773,ARDUINO_PSI,Arduino,0.000,0.000,0.000,,
668.133212,2026-03-16 16:52:43.873,ARDUINO_PSI,Arduino,0.000,0.000,0.000,,
668.234547,2026-03-16 16:52:43.975,ARDUINO_PSI,Arduino,0.000,0.000,0.000,,
668.334411,2026-03-16 16:52:44.075,ARDUINO_PSI,Arduino,0.000,0.000,0.000,,
668.433626,2026-03-16 16:52:44.174,ARDUINO_PSI,Arduino,0.000,0.000,0.000,,
668.534061,2026-03-16 16:52:44.274,ARDUINO_PSI,Arduino,0.000,0.000,0.000,,
668.634210,2026-03-16 16:52:44.374,ARDUINO_PSI,Arduino,0.000,0.000,0.000,,
668.734214,2026-03-16 16:52:44.474,ARDUINO_PSI,Arduino,0.000,0.000,0.000,,
668.833360,2026-03-16 16:52:44.573,ARDUINO_PSI,Arduino,0.000,0.000,0.000,,
668.933041,2026-03-16 16:52:44.673,ARDUINO_PSI,Arduino,0.000,0.000,0.000,,
669.033174,2026-03-16 16:52:44.773,ARDUINO_PSI,Arduino,0.000,0.000,0.000,,
669.133146,2026-03-16 16:52:44.873,ARDUINO_PSI,Arduino,0.000,0.000,0.000,,
669.233158,2026-03-16 16:52:44.973,ARDUINO_PSI,Arduino,0.000,0.000,0.000,,
669.334319,2026-03-16 16:52:45.074,ARDUINO_PSI,Arduino,0.000,0.000,0.000,,
669.433213,2026-03-16 16:52:45.173,ARDUINO_PSI,Arduino,0.000,0.000,0.000,,
669.533240,2026-03-16 16:52:45.273,ARDUINO_PSI,Arduino,0.000,0.000,0.000,,
669.633170,2026-03-16 16:52:45.373,ARDUINO_PSI,Arduino,0.000,0.000,0.000,,
669.733215,2026-03-16 16:52:45.473,ARDUINO_PSI,Arduino,0.000,0.000,0.000,,
669.834590,2026-03-16 16:52:45.575,ARDUINO_PSI,Arduino,0.000,0.000,0.000,,
669.934306,2026-03-16 16:52:45.674,ARDUINO_PSI,Arduino,0.000,0.000,0.000,,
670.033183,2026-03-16 16:52:45.773,ARDUINO_PSI,Arduino,0.000,0.000,0.000,,
670.134009,2026-03-16 16:52:45.874,ARDUINO_PSI,Arduino,0.000,0.000,0.000,,
670.233059,2026-03-16 16:52:45.973,ARDUINO_PSI,Arduino,0.000,0.000,0.000,,
670.333156,2026-03-16 16:52:46.073,ARDUINO_PSI,Arduino,0.000,0.000,0.000,,
670.434338,2026-03-16 16:52:46.174,ARDUINO_PSI,Arduino,0.000,0.000,0.000,,
670.533245,2026-03-16 16:52:46.273,ARDUINO_PSI,Arduino,0.000,0.000,0.000,,
670.633246,2026-03-16 16:52:46.373,ARDUINO_PSI,Arduino,0.000,0.000,0.000,,
670.733457,2026-03-16 16:52:46.474,ARDUINO_PSI,Arduino,0.000,0.000,0.000,,
670.834890,2026-03-16 16:52:46.575,ARDUINO_PSI,Arduino,0.000,0.000,0.000,,
670.932788,2026-03-16 16:52:46.673,ARDUINO_PSI,Arduino,0.000,0.000,0.000,,
671.032701,2026-03-16 16:52:46.773,ARDUINO_PSI,Arduino,0.000,0.000,0.000,,
671.132726,2026-03-16 16:52:46.873,ARDUINO_PSI,Arduino,0.000,0.000,0.000,,
671.233910,2026-03-16 16:52:46.974,ARDUINO_PSI,Arduino,0.000,0.000,0.000,,
671.333309,2026-03-16 16:52:47.073,ARDUINO_PSI,Arduino,0.000,0.000,0.000,,
671.434307,2026-03-16 16:52:47.174,ARDUINO_PSI,Arduino,0.000,0.000,0.000,,
671.533220,2026-03-16 16:52:47.273,ARDUINO_PSI,Arduino,0.000,0.000,0.000,,
671.633281,2026-03-16 16:52:47.373,ARDUINO_PSI,Arduino,0.000,0.000,0.000,,
671.734124,2026-03-16 16:52:47.474,ARDUINO_PSI,Arduino,0.000,0.000,0.000,,
671.833190,2026-03-16 16:52:47.573,ARDUINO_PSI,Arduino,0.000,0.000,0.000,,
671.934403,2026-03-16 16:52:47.675,ARDUINO_PSI,Arduino,0.000,0.000,0.000,,
672.033793,2026-03-16 16:52:47.774,ARDUINO_PSI,Arduino,0.000,0.000,0.000,,
672.134004,2026-03-16 16:52:47.874,ARDUINO_PSI,Arduino,0.000,0.000,0.000,,
672.234024,2026-03-16 16:52:47.974,ARDUINO_PSI,Arduino,0.000,0.000,0.000,,
672.333590,2026-03-16 16:52:48.074,ARDUINO_PSI,Arduino,0.000,0.000,0.000,,
672.433481,2026-03-16 16:52:48.174,ARDUINO_PSI,Arduino,0.000,0.000,0.000,,
672.534004,2026-03-16 16:52:48.274,ARDUINO_PSI,Arduino,0.000,0.000,0.000,,
672.633469,2026-03-16 16:52:48.374,ARDUINO_PSI,Arduino,0.000,0.000,0.000,,
672.734014,2026-03-16 16:52:48.474,ARDUINO_PSI,Arduino,0.000,0.000,0.000,,
672.833300,2026-03-16 16:52:48.573,ARDUINO_PSI,Arduino,0.000,0.000,0.000,,
672.934127,2026-03-16 16:52:48.674,ARDUINO_PSI,Arduino,0.000,0.000,0.000,,
673.033231,2026-03-16 16:52:48.773,ARDUINO_PSI,Arduino,0.000,0.000,0.000,,
673.134361,2026-03-16 16:52:48.874,ARDUINO_PSI,Arduino,0.000,0.000,0.000,,
673.233353,2026-03-16 16:52:48.973,ARDUINO_PSI,Arduino,0.000,0.000,0.000,,
673.334511,2026-03-16 16:52:49.075,ARDUINO_PSI,Arduino,0.000,0.000,0.000,,
673.434179,2026-03-16 16:52:49.174,ARDUINO_PSI,Arduino,0.000,0.000,0.000,,
673.533281,2026-03-16 16:52:49.273,ARDUINO_PSI,Arduino,0.000,0.000,0.000,,
673.633257,2026-03-16 16:52:49.373,ARDUINO_PSI,Arduino,0.000,0.000,0.000,,
673.733189,2026-03-16 16:52:49.473,ARDUINO_PSI,Arduino,0.000,0.000,0.000,,
673.833376,2026-03-16 16:52:49.574,ARDUINO_PSI,Arduino,0.000,0.000,0.000,,
673.933196,2026-03-16 16:52:49.673,ARDUINO_PSI,Arduino,0.000,0.000,0.000,,
674.034233,2026-03-16 16:52:49.774,ARDUINO_PSI,Arduino,0.000,0.000,0.000,,
674.133851,2026-03-16 16:52:49.874,ARDUINO_PSI,Arduino,0.000,0.000,0.000,,
674.233146,2026-03-16 16:52:49.973,ARDUINO_PSI,Arduino,0.000,0.000,0.000,,
674.334198,2026-03-16 16:52:50.074,ARDUINO_PSI,Arduino,0.000,0.000,0.000,,
674.433646,2026-03-16 16:52:50.174,ARDUINO_PSI,Arduino,0.000,0.000,0.000,,
674.533178,2026-03-16 16:52:50.273,ARDUINO_PSI,Arduino,0.000,0.000,0.000,,
674.633128,2026-03-16 16:52:50.373,ARDUINO_PSI,Arduino,0.000,0.000,0.000,,
674.733258,2026-03-16 16:52:50.473,ARDUINO_PSI,Arduino,0.000,0.000,0.000,,
674.833236,2026-03-16 16:52:50.573,ARDUINO_PSI,Arduino,0.000,0.000,0.000,,
674.932761,2026-03-16 16:52:50.673,ARDUINO_PSI,Arduino,0.000,0.000,0.000,,
675.032764,2026-03-16 16:52:50.773,ARDUINO_PSI,Arduino,0.000,0.000,0.000,,
675.132790,2026-03-16 16:52:50.873,ARDUINO_PSI,Arduino,0.000,0.000,0.000,,
675.232783,2026-03-16 16:52:50.973,ARDUINO_PSI,Arduino,0.000,0.000,0.000,,
675.332765,2026-03-16 16:52:51.073,ARDUINO_PSI,Arduino,0.000,0.000,0.000,,
675.433598,2026-03-16 16:52:51.174,ARDUINO_PSI,Arduino,0.000,0.000,0.000,,
675.533192,2026-03-16 16:52:51.273,ARDUINO_PSI,Arduino,0.000,0.000,0.000,,
675.634152,2026-03-16 16:52:51.374,ARDUINO_PSI,Arduino,0.000,0.000,0.000,,
675.734072,2026-03-16 16:52:51.474,ARDUINO_PSI,Arduino,0.000,0.000,0.000,,
675.833369,2026-03-16 16:52:51.574,ARDUINO_PSI,Arduino,0.000,0.000,0.000,,
675.933189,2026-03-16 16:52:51.673,ARDUINO_PSI,Arduino,0.000,0.000,0.000,,
676.033210,2026-03-16 16:52:51.773,ARDUINO_PSI,Arduino,0.000,0.000,0.000,,
676.133236,2026-03-16 16:52:51.873,ARDUINO_PSI,Arduino,0.000,0.000,0.000,,
676.233236,2026-03-16 16:52:51.973,ARDUINO_PSI,Arduino,0.000,0.000,0.000,,
676.334082,2026-03-16 16:52:52.074,ARDUINO_PSI,Arduino,0.000,0.000,0.000,,
676.434351,2026-03-16 16:52:52.174,ARDUINO_PSI,Arduino,0.000,0.000,0.000,,
676.534216,2026-03-16 16:52:52.274,ARDUINO_PSI,Arduino,0.000,0.000,0.000,,
676.634437,2026-03-16 16:52:52.375,ARDUINO_PSI,Arduino,0.000,0.000,0.000,,
676.733198,2026-03-16 16:52:52.473,ARDUINO_PSI,Arduino,0.000,0.000,0.000,,
676.833294,2026-03-16 16:52:52.573,ARDUINO_PSI,Arduino,0.000,0.000,0.000,,
676.933242,2026-03-16 16:52:52.673,ARDUINO_PSI,Arduino,0.000,0.000,0.000,,
677.033303,2026-03-16 16:52:52.773,ARDUINO_PSI,Arduino,0.000,0.000,0.000,,
677.133254,2026-03-16 16:52:52.873,ARDUINO_PSI,Arduino,0.000,0.000,0.000,,
677.233133,2026-03-16 16:52:52.973,ARDUINO_PSI,Arduino,0.000,0.000,0.000,,
677.333342,2026-03-16 16:52:53.073,ARDUINO_PSI,Arduino,0.000,0.000,0.000,,
677.434093,2026-03-16 16:52:53.174,ARDUINO_PSI,Arduino,0.000,0.000,0.000,,
677.532801,2026-03-16 16:52:53.273,ARDUINO_PSI,Arduino,0.000,0.000,0.000,,
677.633915,2026-03-16 16:52:53.374,ARDUINO_PSI,Arduino,0.000,0.000,0.000,,
677.733142,2026-03-16 16:52:53.473,ARDUINO_PSI,Arduino,0.000,0.000,0.000,,
677.832810,2026-03-16 16:52:53.573,ARDUINO_PSI,Arduino,0.000,0.000,0.000,,
677.934090,2026-03-16 16:52:53.674,ARDUINO_PSI,Arduino,0.000,0.000,0.000,,
678.033157,2026-03-16 16:52:53.773,ARDUINO_PSI,Arduino,0.000,0.000,0.000,,
678.134198,2026-03-16 16:52:53.874,ARDUINO_PSI,Arduino,0.000,0.000,0.000,,
678.233963,2026-03-16 16:52:53.974,ARDUINO_PSI,Arduino,0.000,0.000,0.000,,
678.334185,2026-03-16 16:52:54.074,ARDUINO_PSI,Arduino,0.000,0.000,0.000,,
678.434205,2026-03-16 16:52:54.174,ARDUINO_PSI,Arduino,0.000,0.000,0.000,,
678.533236,2026-03-16 16:52:54.273,ARDUINO_PSI,Arduino,0.000,0.000,0.000,,
678.633270,2026-03-16 16:52:54.373,ARDUINO_PSI,Arduino,0.000,0.000,0.000,,
678.733212,2026-03-16 16:52:54.473,ARDUINO_PSI,Arduino,0.000,0.000,0.000,,
678.833387,2026-03-16 16:52:54.574,ARDUINO_PSI,Arduino,0.000,0.000,0.000,,
678.934096,2026-03-16 16:52:54.674,ARDUINO_PSI,Arduino,0.000,0.000,0.000,,
679.033276,2026-03-16 16:52:54.773,ARDUINO_PSI,Arduino,0.000,0.000,0.000,,
679.134118,2026-03-16 16:52:54.874,ARDUINO_PSI,Arduino,0.000,0.000,0.000,,
679.233397,2026-03-16 16:52:54.974,ARDUINO_PSI,Arduino,0.000,0.000,0.000,,
679.333318,2026-03-16 16:52:55.073,ARDUINO_PSI,Arduino,0.000,0.000,0.000,,
679.433689,2026-03-16 16:52:55.174,ARDUINO_PSI,Arduino,0.000,0.000,0.000,,
679.533244,2026-03-16 16:52:55.273,ARDUINO_PSI,Arduino,0.000,0.000,0.000,,
679.633206,2026-03-16 16:52:55.373,ARDUINO_PSI,Arduino,0.000,0.000,0.000,,
679.733121,2026-03-16 16:52:55.473,ARDUINO_PSI,Arduino,0.000,0.000,0.000,,
679.833450,2026-03-16 16:52:55.574,ARDUINO_PSI,Arduino,0.000,0.000,0.000,,
679.934152,2026-03-16 16:52:55.674,ARDUINO_PSI,Arduino,0.000,0.000,0.000,,
680.033516,2026-03-16 16:52:55.774,ARDUINO_PSI,Arduino,0.000,0.000,0.000,,
680.133195,2026-03-16 16:52:55.873,ARDUINO_PSI,Arduino,0.000,0.000,0.000,,
680.234216,2026-03-16 16:52:55.974,ARDUINO_PSI,Arduino,0.000,0.000,0.000,,
680.334022,2026-03-16 16:52:56.074,ARDUINO_PSI,Arduino,0.000,0.000,0.000,,
680.434018,2026-03-16 16:52:56.174,ARDUINO_PSI,Arduino,0.000,0.000,0.000,,
680.533258,2026-03-16 16:52:56.273,ARDUINO_PSI,Arduino,0.000,0.000,0.000,,
680.634018,2026-03-16 16:52:56.374,ARDUINO_PSI,Arduino,0.000,0.000,0.000,,
680.734102,2026-03-16 16:52:56.474,ARDUINO_PSI,Arduino,0.000,0.000,0.000,,
680.833774,2026-03-16 16:52:56.574,ARDUINO_PSI,Arduino,0.000,0.000,0.000,,
680.934734,2026-03-16 16:52:56.675,ARDUINO_PSI,Arduino,0.000,0.000,0.000,,
681.033989,2026-03-16 16:52:56.774,ARDUINO_PSI,Arduino,0.000,0.000,0.000,,
681.134355,2026-03-16 16:52:56.874,ARDUINO_PSI,Arduino,0.000,0.000,0.000,,
681.234305,2026-03-16 16:52:56.974,ARDUINO_PSI,Arduino,0.000,0.000,0.000,,
681.333121,2026-03-16 16:52:57.073,ARDUINO_PSI,Arduino,0.000,0.000,0.000,,
681.433203,2026-03-16 16:52:57.173,ARDUINO_PSI,Arduino,0.000,0.000,0.000,,
681.533854,2026-03-16 16:52:57.274,ARDUINO_PSI,Arduino,0.000,0.000,0.000,,
681.634203,2026-03-16 16:52:57.374,ARDUINO_PSI,Arduino,0.000,0.000,0.000,,
681.733140,2026-03-16 16:52:57.473,ARDUINO_PSI,Arduino,0.000,0.000,0.000,,
681.834525,2026-03-16 16:52:57.575,ARDUINO_PSI,Arduino,0.000,0.000,0.000,,
681.933491,2026-03-16 16:52:57.674,ARDUINO_PSI,Arduino,0.000,0.000,0.000,,
682.033130,2026-03-16 16:52:57.773,ARDUINO_PSI,Arduino,0.000,0.000,0.000,,
682.133165,2026-03-16 16:52:57.873,ARDUINO_PSI,Arduino,0.000,0.000,0.000,,
682.234085,2026-03-16 16:52:57.974,ARDUINO_PSI,Arduino,0.000,0.000,0.000,,
682.333089,2026-03-16 16:52:58.073,ARDUINO_PSI,Arduino,0.000,0.000,0.000,,
682.434054,2026-03-16 16:52:58.174,ARDUINO_PSI,Arduino,0.000,0.000,0.000,,
682.533357,2026-03-16 16:52:58.273,ARDUINO_PSI,Arduino,0.000,0.000,0.000,,
682.633999,2026-03-16 16:52:58.374,ARDUINO_PSI,Arduino,0.000,0.000,0.000,,
682.733165,2026-03-16 16:52:58.473,ARDUINO_PSI,Arduino,0.000,0.000,0.000,,
682.833618,2026-03-16 16:52:58.574,ARDUINO_PSI,Arduino,0.000,0.000,0.000,,
682.933028,2026-03-16 16:52:58.673,ARDUINO_PSI,Arduino,0.000,0.000,0.000,,
683.032880,2026-03-16 16:52:58.773,ARDUINO_PSI,Arduino,0.000,0.000,0.000,,
683.132723,2026-03-16 16:52:58.873,ARDUINO_PSI,Arduino,0.000,0.000,0.000,,
683.232804,2026-03-16 16:52:58.973,ARDUINO_PSI,Arduino,0.000,0.000,0.000,,
683.332698,2026-03-16 16:52:59.073,ARDUINO_PSI,Arduino,0.000,0.000,0.000,,
683.433172,2026-03-16 16:52:59.173,ARDUINO_PSI,Arduino,0.000,0.000,0.000,,
683.532995,2026-03-16 16:52:59.273,ARDUINO_PSI,Arduino,0.000,0.000,0.000,,
683.633146,2026-03-16 16:52:59.373,ARDUINO_PSI,Arduino,0.000,0.000,0.000,,
683.732858,2026-03-16 16:52:59.473,ARDUINO_PSI,Arduino,0.000,0.000,0.000,,
683.832857,2026-03-16 16:52:59.573,ARDUINO_PSI,Arduino,0.000,0.000,0.000,,
683.932983,2026-03-16 16:52:59.673,ARDUINO_PSI,Arduino,0.000,0.000,0.000,,
684.033727,2026-03-16 16:52:59.774,ARDUINO_PSI,Arduino,0.000,0.000,0.000,,
684.132991,2026-03-16 16:52:59.873,ARDUINO_PSI,Arduino,0.000,0.000,0.000,,
684.233098,2026-03-16 16:52:59.973,ARDUINO_PSI,Arduino,0.000,0.000,0.000,,
684.333013,2026-03-16 16:53:00.073,ARDUINO_PSI,Arduino,0.000,0.000,0.000,,
684.433087,2026-03-16 16:53:00.173,ARDUINO_PSI,Arduino,0.000,0.000,0.000,,
684.532749,2026-03-16 16:53:00.273,ARDUINO_PSI,Arduino,0.000,0.000,0.000,,
684.633007,2026-03-16 16:53:00.373,ARDUINO_PSI,Arduino,0.000,0.000,0.000,,
684.733126,2026-03-16 16:53:00.473,ARDUINO_PSI,Arduino,0.000,0.000,0.000,,
684.832899,2026-03-16 16:53:00.573,ARDUINO_PSI,Arduino,0.000,0.000,0.000,,
684.933072,2026-03-16 16:53:00.673,ARDUINO_PSI,Arduino,0.000,0.000,0.000,,
685.032882,2026-03-16 16:53:00.773,ARDUINO_PSI,Arduino,0.000,0.000,0.000,,
685.132922,2026-03-16 16:53:00.873,ARDUINO_PSI,Arduino,0.000,0.000,0.000,,
685.233160,2026-03-16 16:53:00.973,ARDUINO_PSI,Arduino,0.000,0.000,0.000,,
685.332952,2026-03-16 16:53:01.073,ARDUINO_PSI,Arduino,0.000,0.000,0.000,,
685.433033,2026-03-16 16:53:01.173,ARDUINO_PSI,Arduino,0.000,0.000,0.000,,
685.532975,2026-03-16 16:53:01.273,ARDUINO_PSI,Arduino,0.000,0.000,0.000,,
685.633039,2026-03-16 16:53:01.373,ARDUINO_PSI,Arduino,0.000,0.000,0.000,,
685.733142,2026-03-16 16:53:01.473,ARDUINO_PSI,Arduino,0.000,0.000,0.000,,
685.833136,2026-03-16 16:53:01.573,ARDUINO_PSI,Arduino,0.000,0.000,0.000,,
685.933012,2026-03-16 16:53:01.673,ARDUINO_PSI,Arduino,0.000,0.000,0.000,,
686.032795,2026-03-16 16:53:01.773,ARDUINO_PSI,Arduino,0.000,0.000,0.000,,
686.133088,2026-03-16 16:53:01.873,ARDUINO_PSI,Arduino,0.000,0.000,0.000,,
686.232885,2026-03-16 16:53:01.973,ARDUINO_PSI,Arduino,0.000,0.000,0.000,,
686.333066,2026-03-16 16:53:02.073,ARDUINO_PSI,Arduino,0.000,0.000,0.000,,
686.432998,2026-03-16 16:53:02.173,ARDUINO_PSI,Arduino,0.000,0.000,0.000,,
686.532844,2026-03-16 16:53:02.273,ARDUINO_PSI,Arduino,0.000,0.000,0.000,,
686.633497,2026-03-16 16:53:02.374,ARDUINO_PSI,Arduino,0.000,0.000,0.000,,
686.733108,2026-03-16 16:53:02.473,ARDUINO_PSI,Arduino,0.000,0.000,0.000,,
686.833090,2026-03-16 16:53:02.573,ARDUINO_PSI,Arduino,0.000,0.000,0.000,,
686.933046,2026-03-16 16:53:02.673,ARDUINO_PSI,Arduino,0.000,0.000,0.000,,
687.033010,2026-03-16 16:53:02.773,ARDUINO_PSI,Arduino,0.000,0.000,0.000,,
687.133446,2026-03-16 16:53:02.874,ARDUINO_PSI,Arduino,0.000,0.000,0.000,,
687.233014,2026-03-16 16:53:02.973,ARDUINO_PSI,Arduino,0.000,0.000,0.000,,
687.333013,2026-03-16 16:53:03.073,ARDUINO_PSI,Arduino,0.000,0.000,0.000,,
687.432971,2026-03-16 16:53:03.173,ARDUINO_PSI,Arduino,0.000,0.000,0.000,,
687.532991,2026-03-16 16:53:03.273,ARDUINO_PSI,Arduino,0.000,0.000,0.000,,
687.633003,2026-03-16 16:53:03.373,ARDUINO_PSI,Arduino,0.000,0.000,0.000,,
687.732885,2026-03-16 16:53:03.473,ARDUINO_PSI,Arduino,0.000,0.000,0.000,,
687.833032,2026-03-16 16:53:03.573,ARDUINO_PSI,Arduino,0.000,0.000,0.000,,
687.932954,2026-03-16 16:53:03.673,ARDUINO_PSI,Arduino,0.000,0.000,0.000,,
688.032982,2026-03-16 16:53:03.773,ARDUINO_PSI,Arduino,0.000,0.000,0.000,,
688.133732,2026-03-16 16:53:03.874,ARDUINO_PSI,Arduino,0.000,0.000,0.000,,
688.232989,2026-03-16 16:53:03.973,ARDUINO_PSI,Arduino,0.000,0.000,0.000,,
688.333016,2026-03-16 16:53:04.073,ARDUINO_PSI,Arduino,0.000,0.000,0.000,,
688.432962,2026-03-16 16:53:04.173,ARDUINO_PSI,Arduino,0.000,0.000,0.000,,
688.533139,2026-03-16 16:53:04.273,ARDUINO_PSI,Arduino,0.000,0.000,0.000,,
688.632970,2026-03-16 16:53:04.373,ARDUINO_PSI,Arduino,0.000,0.000,0.000,,
688.733079,2026-03-16 16:53:04.473,ARDUINO_PSI,Arduino,0.000,0.000,0.000,,
688.833369,2026-03-16 16:53:04.574,ARDUINO_PSI,Arduino,0.000,0.000,0.000,,
688.933027,2026-03-16 16:53:04.673,ARDUINO_PSI,Arduino,0.000,0.000,0.000,,
689.032989,2026-03-16 16:53:04.773,ARDUINO_PSI,Arduino,0.000,0.000,0.000,,
689.132986,2026-03-16 16:53:04.873,ARDUINO_PSI,Arduino,0.000,0.000,0.000,,
689.232961,2026-03-16 16:53:04.973,ARDUINO_PSI,Arduino,0.000,0.000,0.000,,
689.332835,2026-03-16 16:53:05.073,ARDUINO_PSI,Arduino,0.000,0.000,0.000,,
689.433316,2026-03-16 16:53:05.173,ARDUINO_PSI,Arduino,0.000,0.000,0.000,,
689.533135,2026-03-16 16:53:05.273,ARDUINO_PSI,Arduino,0.000,0.000,0.000,,
689.632951,2026-03-16 16:53:05.373,ARDUINO_PSI,Arduino,0.000,0.000,0.000,,
689.733063,2026-03-16 16:53:05.473,ARDUINO_PSI,Arduino,0.000,0.000,0.000,,
689.833344,2026-03-16 16:53:05.573,ARDUINO_PSI,Arduino,0.000,0.000,0.000,,
689.933002,2026-03-16 16:53:05.673,ARDUINO_PSI,Arduino,0.000,0.000,0.000,,
690.033065,2026-03-16 16:53:05.773,ARDUINO_PSI,Arduino,0.000,0.000,0.000,,
690.133135,2026-03-16 16:53:05.873,ARDUINO_PSI,Arduino,0.000,0.000,0.000,,
690.232908,2026-03-16 16:53:05.973,ARDUINO_PSI,Arduino,0.000,0.000,0.000,,
690.333055,2026-03-16 16:53:06.073,ARDUINO_PSI,Arduino,0.000,0.000,0.000,,
690.433022,2026-03-16 16:53:06.173,ARDUINO_PSI,Arduino,0.000,0.000,0.000,,
690.533086,2026-03-16 16:53:06.273,ARDUINO_PSI,Arduino,0.000,0.000,0.000,,
690.633062,2026-03-16 16:53:06.373,ARDUINO_PSI,Arduino,0.000,0.000,0.000,,
690.734282,2026-03-16 16:53:06.474,ARDUINO_PSI,Arduino,0.000,0.000,0.000,,
690.833110,2026-03-16 16:53:06.573,ARDUINO_PSI,Arduino,0.000,0.000,0.000,,
690.933324,2026-03-16 16:53:06.673,ARDUINO_PSI,Arduino,0.000,0.000,0.000,,
691.032938,2026-03-16 16:53:06.773,ARDUINO_PSI,Arduino,0.000,0.000,0.000,,
691.133711,2026-03-16 16:53:06.874,ARDUINO_PSI,Arduino,0.000,0.000,0.000,,
691.233079,2026-03-16 16:53:06.973,ARDUINO_PSI,Arduino,0.000,0.000,0.000,,
691.332983,2026-03-16 16:53:07.073,ARDUINO_PSI,Arduino,0.000,0.000,0.000,,
691.433000,2026-03-16 16:53:07.173,ARDUINO_PSI,Arduino,0.000,0.000,0.000,,
691.533121,2026-03-16 16:53:07.273,ARDUINO_PSI,Arduino,0.000,0.000,0.000,,
691.633693,2026-03-16 16:53:07.374,ARDUINO_PSI,Arduino,0.000,0.000,0.000,,
691.732907,2026-03-16 16:53:07.473,ARDUINO_PSI,Arduino,0.000,0.000,0.000,,
691.833664,2026-03-16 16:53:07.574,ARDUINO_PSI,Arduino,0.000,0.000,0.000,,
691.933059,2026-03-16 16:53:07.673,ARDUINO_PSI,Arduino,0.000,0.000,0.000,,
692.032995,2026-03-16 16:53:07.773,ARDUINO_PSI,Arduino,0.000,0.000,0.000,,
692.133092,2026-03-16 16:53:07.873,ARDUINO_PSI,Arduino,0.000,0.000,0.000,,
692.233015,2026-03-16 16:53:07.973,ARDUINO_PSI,Arduino,0.000,0.000,0.000,,
692.333100,2026-03-16 16:53:08.073,ARDUINO_PSI,Arduino,0.000,0.000,0.000,,
692.433435,2026-03-16 16:53:08.174,ARDUINO_PSI,Arduino,0.000,0.000,0.000,,
692.532971,2026-03-16 16:53:08.273,ARDUINO_PSI,Arduino,0.000,0.000,0.000,,
692.633024,2026-03-16 16:53:08.373,ARDUINO_PSI,Arduino,0.000,0.000,0.000,,
692.733318,2026-03-16 16:53:08.473,ARDUINO_PSI,Arduino,0.000,0.000,0.000,,
692.833089,2026-03-16 16:53:08.573,ARDUINO_PSI,Arduino,0.000,0.000,0.000,,
692.933112,2026-03-16 16:53:08.673,ARDUINO_PSI,Arduino,0.000,0.000,0.000,,
693.033128,2026-03-16 16:53:08.773,ARDUINO_PSI,Arduino,0.000,0.000,0.000,,
693.133099,2026-03-16 16:53:08.873,ARDUINO_PSI,Arduino,0.000,0.000,0.000,,
693.233057,2026-03-16 16:53:08.973,ARDUINO_PSI,Arduino,0.000,0.000,0.000,,
693.332903,2026-03-16 16:53:09.073,ARDUINO_PSI,Arduino,0.000,0.000,0.000,,
693.433010,2026-03-16 16:53:09.173,ARDUINO_PSI,Arduino,0.000,0.000,0.000,,
693.533029,2026-03-16 16:53:09.273,ARDUINO_PSI,Arduino,0.000,0.000,0.000,,
693.632994,2026-03-16 16:53:09.373,ARDUINO_PSI,Arduino,0.000,0.000,0.000,,
693.733054,2026-03-16 16:53:09.473,ARDUINO_PSI,Arduino,0.000,0.000,0.000,,
693.833181,2026-03-16 16:53:09.573,ARDUINO_PSI,Arduino,0.000,0.000,0.000,,
693.933166,2026-03-16 16:53:09.673,ARDUINO_PSI,Arduino,0.000,0.000,0.000,,
694.033208,2026-03-16 16:53:09.773,ARDUINO_PSI,Arduino,0.000,0.000,0.000,,
694.132833,2026-03-16 16:53:09.873,ARDUINO_PSI,Arduino,0.000,0.000,0.000,,
694.233165,2026-03-16 16:53:09.973,ARDUINO_PSI,Arduino,0.000,0.000,0.000,,
694.333011,2026-03-16 16:53:10.073,ARDUINO_PSI,Arduino,0.000,0.000,0.000,,
694.432990,2026-03-16 16:53:10.173,ARDUINO_PSI,Arduino,0.000,0.000,0.000,,
694.533007,2026-03-16 16:53:10.273,ARDUINO_PSI,Arduino,0.000,0.000,0.000,,
694.632767,2026-03-16 16:53:10.373,ARDUINO_PSI,Arduino,0.000,0.000,0.000,,
694.733084,2026-03-16 16:53:10.473,ARDUINO_PSI,Arduino,0.000,0.000,0.000,,
694.833096,2026-03-16 16:53:10.573,ARDUINO_PSI,Arduino,0.000,0.000,0.000,,
694.932992,2026-03-16 16:53:10.673,ARDUINO_PSI,Arduino,0.000,0.000,0.000,,
695.033105,2026-03-16 16:53:10.773,ARDUINO_PSI,Arduino,0.000,0.000,0.000,,
695.133171,2026-03-16 16:53:10.873,ARDUINO_PSI,Arduino,0.000,0.000,0.000,,
695.232990,2026-03-16 16:53:10.973,ARDUINO_PSI,Arduino,0.000,0.000,0.000,,
695.333085,2026-03-16 16:53:11.073,ARDUINO_PSI,Arduino,0.000,0.000,0.000,,
695.433132,2026-03-16 16:53:11.173,ARDUINO_PSI,Arduino,0.000,0.000,0.000,,
695.533095,2026-03-16 16:53:11.273,ARDUINO_PSI,Arduino,0.000,0.000,0.000,,
695.633099,2026-03-16 16:53:11.373,ARDUINO_PSI,Arduino,0.000,0.000,0.000,,
695.733011,2026-03-16 16:53:11.473,ARDUINO_PSI,Arduino,0.000,0.000,0.000,,
695.833390,2026-03-16 16:53:11.574,ARDUINO_PSI,Arduino,0.000,0.000,0.000,,
695.933013,2026-03-16 16:53:11.673,ARDUINO_PSI,Arduino,0.000,0.000,0.000,,
696.033627,2026-03-16 16:53:11.774,ARDUINO_PSI,Arduino,0.000,0.000,0.000,,
696.132966,2026-03-16 16:53:11.873,ARDUINO_PSI,Arduino,0.000,0.000,0.000,,
696.233091,2026-03-16 16:53:11.973,ARDUINO_PSI,Arduino,0.000,0.000,0.000,,
696.333141,2026-03-16 16:53:12.073,ARDUINO_PSI,Arduino,0.000,0.000,0.000,,
696.433206,2026-03-16 16:53:12.173,ARDUINO_PSI,Arduino,0.000,0.000,0.000,,
696.533106,2026-03-16 16:53:12.273,ARDUINO_PSI,Arduino,0.000,0.000,0.000,,
696.633080,2026-03-16 16:53:12.373,ARDUINO_PSI,Arduino,0.000,0.000,0.000,,
696.733045,2026-03-16 16:53:12.473,ARDUINO_PSI,Arduino,0.000,0.000,0.000,,
696.833192,2026-03-16 16:53:12.573,ARDUINO_PSI,Arduino,0.000,0.000,0.000,,
696.933040,2026-03-16 16:53:12.673,ARDUINO_PSI,Arduino,0.000,0.000,0.000,,
697.033015,2026-03-16 16:53:12.773,ARDUINO_PSI,Arduino,0.000,0.000,0.000,,
697.133205,2026-03-16 16:53:12.873,ARDUINO_PSI,Arduino,0.000,0.000,0.000,,
697.233020,2026-03-16 16:53:12.973,ARDUINO_PSI,Arduino,0.000,0.000,0.000,,
697.333009,2026-03-16 16:53:13.073,ARDUINO_PSI,Arduino,0.000,0.000,0.000,,
697.433335,2026-03-16 16:53:13.173,ARDUINO_PSI,Arduino,0.000,0.000,0.000,,
697.533164,2026-03-16 16:53:13.273,ARDUINO_PSI,Arduino,0.000,0.000,0.000,,
697.633074,2026-03-16 16:53:13.373,ARDUINO_PSI,Arduino,0.000,0.000,0.000,,
697.732999,2026-03-16 16:53:13.473,ARDUINO_PSI,Arduino,0.000,0.000,0.000,,
697.833194,2026-03-16 16:53:13.573,ARDUINO_PSI,Arduino,0.000,0.000,0.000,,
697.932934,2026-03-16 16:53:13.673,ARDUINO_PSI,Arduino,0.000,0.000,0.000,,
698.032902,2026-03-16 16:53:13.773,ARDUINO_PSI,Arduino,0.000,0.000,0.000,,
698.133292,2026-03-16 16:53:13.873,ARDUINO_PSI,Arduino,0.000,0.000,0.000,,
698.232983,2026-03-16 16:53:13.973,ARDUINO_PSI,Arduino,0.000,0.000,0.000,,
698.333078,2026-03-16 16:53:14.073,ARDUINO_PSI,Arduino,0.000,0.000,0.000,,
698.433058,2026-03-16 16:53:14.173,ARDUINO_PSI,Arduino,0.000,0.000,0.000,,
698.533095,2026-03-16 16:53:14.273,ARDUINO_PSI,Arduino,0.000,0.000,0.000,,
698.633161,2026-03-16 16:53:14.373,ARDUINO_PSI,Arduino,0.000,0.000,0.000,,
698.733030,2026-03-16 16:53:14.473,ARDUINO_PSI,Arduino,0.000,0.000,0.000,,
698.833173,2026-03-16 16:53:14.573,ARDUINO_PSI,Arduino,0.000,0.000,0.000,,
698.932972,2026-03-16 16:53:14.673,ARDUINO_PSI,Arduino,0.000,0.000,0.000,,
699.033127,2026-03-16 16:53:14.773,ARDUINO_PSI,Arduino,0.000,0.000,0.000,,
699.133147,2026-03-16 16:53:14.873,ARDUINO_PSI,Arduino,0.000,0.000,0.000,,
699.232997,2026-03-16 16:53:14.973,ARDUINO_PSI,Arduino,0.000,0.000,0.000,,
699.333049,2026-03-16 16:53:15.073,ARDUINO_PSI,Arduino,0.000,0.000,0.000,,
699.433104,2026-03-16 16:53:15.173,ARDUINO_PSI,Arduino,0.000,0.000,0.000,,
699.533019,2026-03-16 16:53:15.273,ARDUINO_PSI,Arduino,0.000,0.000,0.000,,
699.633108,2026-03-16 16:53:15.373,ARDUINO_PSI,Arduino,0.000,0.000,0.000,,
699.734204,2026-03-16 16:53:15.474,ARDUINO_PSI,Arduino,0.000,0.000,0.000,,
699.832896,2026-03-16 16:53:15.573,ARDUINO_PSI,Arduino,0.000,0.000,0.000,,
699.932891,2026-03-16 16:53:15.673,ARDUINO_PSI,Arduino,0.000,0.000,0.000,,
700.033102,2026-03-16 16:53:15.773,ARDUINO_PSI,Arduino,0.000,0.000,0.000,,
700.132992,2026-03-16 16:53:15.873,ARDUINO_PSI,Arduino,0.000,0.000,0.000,,
700.233072,2026-03-16 16:53:15.973,ARDUINO_PSI,Arduino,0.000,0.000,0.000,,
700.333217,2026-03-16 16:53:16.073,ARDUINO_PSI,Arduino,0.000,0.000,0.000,,
700.433182,2026-03-16 16:53:16.173,ARDUINO_PSI,Arduino,0.000,0.000,0.000,,
700.533045,2026-03-16 16:53:16.273,ARDUINO_PSI,Arduino,0.000,0.000,0.000,,
700.633157,2026-03-16 16:53:16.373,ARDUINO_PSI,Arduino,0.000,0.000,0.000,,
700.733077,2026-03-16 16:53:16.473,ARDUINO_PSI,Arduino,0.000,0.000,0.000,,
700.833278,2026-03-16 16:53:16.573,ARDUINO_PSI,Arduino,0.000,0.000,0.000,,
700.933067,2026-03-16 16:53:16.673,ARDUINO_PSI,Arduino,0.000,0.000,0.000,,
701.033102,2026-03-16 16:53:16.773,ARDUINO_PSI,Arduino,0.000,0.000,0.000,,
701.133089,2026-03-16 16:53:16.873,ARDUINO_PSI,Arduino,0.000,0.000,0.000,,
701.232945,2026-03-16 16:53:16.973,ARDUINO_PSI,Arduino,0.000,0.000,0.000,,
701.332977,2026-03-16 16:53:17.073,ARDUINO_PSI,Arduino,0.000,0.000,0.000,,
701.433220,2026-03-16 16:53:17.173,ARDUINO_PSI,Arduino,0.000,0.000,0.000,,
701.533383,2026-03-16 16:53:17.274,ARDUINO_PSI,Arduino,0.000,0.000,0.000,,
701.633055,2026-03-16 16:53:17.373,ARDUINO_PSI,Arduino,0.000,0.000,0.000,,
701.733391,2026-03-16 16:53:17.474,ARDUINO_PSI,Arduino,0.000,0.000,0.000,,
701.833013,2026-03-16 16:53:17.573,ARDUINO_PSI,Arduino,0.000,0.000,0.000,,
701.933171,2026-03-16 16:53:17.673,ARDUINO_PSI,Arduino,0.000,0.000,0.000,,
702.032795,2026-03-16 16:53:17.773,ARDUINO_PSI,Arduino,0.000,0.000,0.000,,
702.133175,2026-03-16 16:53:17.873,ARDUINO_PSI,Arduino,0.000,0.000,0.000,,
702.233012,2026-03-16 16:53:17.973,ARDUINO_PSI,Arduino,0.000,0.000,0.000,,
702.333309,2026-03-16 16:53:18.073,ARDUINO_PSI,Arduino,0.000,0.000,0.000,,
702.433160,2026-03-16 16:53:18.173,ARDUINO_PSI,Arduino,0.000,0.000,0.000,,
702.533100,2026-03-16 16:53:18.273,ARDUINO_PSI,Arduino,0.000,0.000,0.000,,
702.632987,2026-03-16 16:53:18.373,ARDUINO_PSI,Arduino,0.000,0.000,0.000,,
702.732969,2026-03-16 16:53:18.473,ARDUINO_PSI,Arduino,0.000,0.000,0.000,,
702.832999,2026-03-16 16:53:18.573,ARDUINO_PSI,Arduino,0.000,0.000,0.000,,
702.933182,2026-03-16 16:53:18.673,ARDUINO_PSI,Arduino,0.000,0.000,0.000,,
703.033178,2026-03-16 16:53:18.773,ARDUINO_PSI,Arduino,0.000,0.000,0.000,,
703.133192,2026-03-16 16:53:18.873,ARDUINO_PSI,Arduino,0.000,0.000,0.000,,
703.233072,2026-03-16 16:53:18.973,ARDUINO_PSI,Arduino,0.000,0.000,0.000,,
703.333408,2026-03-16 16:53:19.074,ARDUINO_PSI,Arduino,0.000,0.000,0.000,,
703.433162,2026-03-16 16:53:19.173,ARDUINO_PSI,Arduino,0.000,0.000,0.000,,
703.533056,2026-03-16 16:53:19.273,ARDUINO_PSI,Arduino,0.000,0.000,0.000,,
703.633022,2026-03-16 16:53:19.373,ARDUINO_PSI,Arduino,0.000,0.000,0.000,,
703.733071,2026-03-16 16:53:19.473,ARDUINO_PSI,Arduino,0.000,0.000,0.000,,
703.833044,2026-03-16 16:53:19.573,ARDUINO_PSI,Arduino,0.000,0.000,0.000,,
703.933131,2026-03-16 16:53:19.673,ARDUINO_PSI,Arduino,0.000,0.000,0.000,,
704.033289,2026-03-16 16:53:19.773,ARDUINO_PSI,Arduino,0.000,0.000,0.000,,
704.133027,2026-03-16 16:53:19.873,ARDUINO_PSI,Arduino,0.000,0.000,0.000,,
704.233028,2026-03-16 16:53:19.973,ARDUINO_PSI,Arduino,0.000,0.000,0.000,,
704.333037,2026-03-16 16:53:20.073,ARDUINO_PSI,Arduino,0.000,0.000,0.000,,
704.433185,2026-03-16 16:53:20.173,ARDUINO_PSI,Arduino,0.000,0.000,0.000,,
704.532933,2026-03-16 16:53:20.273,ARDUINO_PSI,Arduino,0.000,0.000,0.000,,
704.632938,2026-03-16 16:53:20.373,ARDUINO_PSI,Arduino,0.000,0.000,0.000,,
704.733205,2026-03-16 16:53:20.473,ARDUINO_PSI,Arduino,0.000,0.000,0.000,,
704.833098,2026-03-16 16:53:20.573,ARDUINO_PSI,Arduino,0.000,0.000,0.000,,
704.932948,2026-03-16 16:53:20.673,ARDUINO_PSI,Arduino,0.000,0.000,0.000,,
705.032985,2026-03-16 16:53:20.773,ARDUINO_PSI,Arduino,0.000,0.000,0.000,,
705.133025,2026-03-16 16:53:20.873,ARDUINO_PSI,Arduino,0.000,0.000,0.000,,
705.232989,2026-03-16 16:53:20.973,ARDUINO_PSI,Arduino,0.000,0.000,0.000,,
705.333217,2026-03-16 16:53:21.073,ARDUINO_PSI,Arduino,0.000,0.000,0.000,,
705.433099,2026-03-16 16:53:21.173,ARDUINO_PSI,Arduino,0.000,0.000,0.000,,
705.532940,2026-03-16 16:53:21.273,ARDUINO_PSI,Arduino,0.000,0.000,0.000,,
705.633119,2026-03-16 16:53:21.373,ARDUINO_PSI,Arduino,0.000,0.000,0.000,,
705.732952,2026-03-16 16:53:21.473,ARDUINO_PSI,Arduino,0.000,0.000,0.000,,
705.833200,2026-03-16 16:53:21.573,ARDUINO_PSI,Arduino,0.000,0.000,0.000,,
705.933081,2026-03-16 16:53:21.673,ARDUINO_PSI,Arduino,0.000,0.000,0.000,,
706.034245,2026-03-16 16:53:21.774,ARDUINO_PSI,Arduino,0.000,0.000,0.000,,
706.133109,2026-03-16 16:53:21.873,ARDUINO_PSI,Arduino,0.000,0.000,0.000,,
706.232966,2026-03-16 16:53:21.973,ARDUINO_PSI,Arduino,0.000,0.000,0.000,,
706.333005,2026-03-16 16:53:22.073,ARDUINO_PSI,Arduino,0.000,0.000,0.000,,
706.433010,2026-03-16 16:53:22.173,ARDUINO_PSI,Arduino,0.000,0.000,0.000,,
706.533144,2026-03-16 16:53:22.273,ARDUINO_PSI,Arduino,0.000,0.000,0.000,,
706.633350,2026-03-16 16:53:22.373,ARDUINO_PSI,Arduino,0.000,0.000,0.000,,
706.733128,2026-03-16 16:53:22.473,ARDUINO_PSI,Arduino,0.000,0.000,0.000,,
706.833013,2026-03-16 16:53:22.573,ARDUINO_PSI,Arduino,0.000,0.000,0.000,,
706.933104,2026-03-16 16:53:22.673,ARDUINO_PSI,Arduino,0.000,0.000,0.000,,
707.033247,2026-03-16 16:53:22.773,ARDUINO_PSI,Arduino,0.000,0.000,0.000,,
707.133088,2026-03-16 16:53:22.873,ARDUINO_PSI,Arduino,0.000,0.000,0.000,,
707.233206,2026-03-16 16:53:22.973,ARDUINO_PSI,Arduino,0.000,0.000,0.000,,
707.333199,2026-03-16 16:53:23.073,ARDUINO_PSI,Arduino,0.000,0.000,0.000,,
707.433213,2026-03-16 16:53:23.173,ARDUINO_PSI,Arduino,0.000,0.000,0.000,,
707.532980,2026-03-16 16:53:23.273,ARDUINO_PSI,Arduino,0.000,0.000,0.000,,
707.632996,2026-03-16 16:53:23.373,ARDUINO_PSI,Arduino,0.000,0.000,0.000,,
707.732993,2026-03-16 16:53:23.473,ARDUINO_PSI,Arduino,0.000,0.000,0.000,,
707.833030,2026-03-16 16:53:23.573,ARDUINO_PSI,Arduino,0.000,0.000,0.000,,
707.933088,2026-03-16 16:53:23.673,ARDUINO_PSI,Arduino,0.000,0.000,0.000,,
708.033078,2026-03-16 16:53:23.773,ARDUINO_PSI,Arduino,0.000,0.000,0.000,,
708.133368,2026-03-16 16:53:23.874,ARDUINO_PSI,Arduino,0.000,0.000,0.000,,
708.233047,2026-03-16 16:53:23.973,ARDUINO_PSI,Arduino,0.000,0.000,0.000,,
708.333029,2026-03-16 16:53:24.073,ARDUINO_PSI,Arduino,0.000,0.000,0.000,,
708.432969,2026-03-16 16:53:24.173,ARDUINO_PSI,Arduino,0.000,0.000,0.000,,
708.532999,2026-03-16 16:53:24.273,ARDUINO_PSI,Arduino,0.000,0.000,0.000,,
708.633109,2026-03-16 16:53:24.373,ARDUINO_PSI,Arduino,0.000,0.000,0.000,,
708.733112,2026-03-16 16:53:24.473,ARDUINO_PSI,Arduino,0.000,0.000,0.000,,
708.833163,2026-03-16 16:53:24.573,ARDUINO_PSI,Arduino,0.000,0.000,0.000,,
708.933146,2026-03-16 16:53:24.673,ARDUINO_PSI,Arduino,0.000,0.000,0.000,,
709.033090,2026-03-16 16:53:24.773,ARDUINO_PSI,Arduino,0.000,0.000,0.000,,
709.133039,2026-03-16 16:53:24.873,ARDUINO_PSI,Arduino,0.000,0.000,0.000,,
709.233255,2026-03-16 16:53:24.973,ARDUINO_PSI,Arduino,0.000,0.000,0.000,,
709.333017,2026-03-16 16:53:25.073,ARDUINO_PSI,Arduino,0.000,0.000,0.000,,
709.433023,2026-03-16 16:53:25.173,ARDUINO_PSI,Arduino,0.000,0.000,0.000,,
709.532838,2026-03-16 16:53:25.273,ARDUINO_PSI,Arduino,0.000,0.000,0.000,,
709.633030,2026-03-16 16:53:25.373,ARDUINO_PSI,Arduino,0.000,0.000,0.000,,
709.733293,2026-03-16 16:53:25.473,ARDUINO_PSI,Arduino,0.000,0.000,0.000,,
709.832823,2026-03-16 16:53:25.573,ARDUINO_PSI,Arduino,0.000,0.000,0.000,,
709.933128,2026-03-16 16:53:25.673,ARDUINO_PSI,Arduino,0.000,0.000,0.000,,
710.033096,2026-03-16 16:53:25.773,ARDUINO_PSI,Arduino,0.000,0.000,0.000,,
710.133228,2026-03-16 16:53:25.873,ARDUINO_PSI,Arduino,0.000,0.000,0.000,,
710.232973,2026-03-16 16:53:25.973,ARDUINO_PSI,Arduino,0.000,0.000,0.000,,
710.332890,2026-03-16 16:53:26.073,ARDUINO_PSI,Arduino,0.000,0.000,0.000,,
710.433168,2026-03-16 16:53:26.173,ARDUINO_PSI,Arduino,0.000,0.000,0.000,,
710.533102,2026-03-16 16:53:26.273,ARDUINO_PSI,Arduino,0.000,0.000,0.000,,
710.633219,2026-03-16 16:53:26.373,ARDUINO_PSI,Arduino,0.000,0.000,0.000,,
710.733077,2026-03-16 16:53:26.473,ARDUINO_PSI,Arduino,0.000,0.000,0.000,,
710.833289,2026-03-16 16:53:26.573,ARDUINO_PSI,Arduino,0.000,0.000,0.000,,
710.934368,2026-03-16 16:53:26.675,ARDUINO_PSI,Arduino,0.000,0.000,0.000,,
711.033037,2026-03-16 16:53:26.773,ARDUINO_PSI,Arduino,0.000,0.000,0.000,,
711.132842,2026-03-16 16:53:26.873,ARDUINO_PSI,Arduino,0.000,0.000,0.000,,
711.233099,2026-03-16 16:53:26.973,ARDUINO_PSI,Arduino,0.000,0.000,0.000,,
711.333170,2026-03-16 16:53:27.073,ARDUINO_PSI,Arduino,0.000,0.000,0.000,,
711.433045,2026-03-16 16:53:27.173,ARDUINO_PSI,Arduino,0.000,0.000,0.000,,
711.533175,2026-03-16 16:53:27.273,ARDUINO_PSI,Arduino,0.000,0.000,0.000,,
711.632931,2026-03-16 16:53:27.373,ARDUINO_PSI,Arduino,0.000,0.000,0.000,,
711.732899,2026-03-16 16:53:27.473,ARDUINO_PSI,Arduino,0.000,0.000,0.000,,
711.832926,2026-03-16 16:53:27.573,ARDUINO_PSI,Arduino,0.000,0.000,0.000,,
711.933251,2026-03-16 16:53:27.673,ARDUINO_PSI,Arduino,0.000,0.000,0.000,,
712.033811,2026-03-16 16:53:27.774,ARDUINO_PSI,Arduino,0.000,0.000,0.000,,
712.133035,2026-03-16 16:53:27.873,ARDUINO_PSI,Arduino,0.000,0.000,0.000,,
712.233106,2026-03-16 16:53:27.973,ARDUINO_PSI,Arduino,0.000,0.000,0.000,,
712.333205,2026-03-16 16:53:28.073,ARDUINO_PSI,Arduino,0.000,0.000,0.000,,
712.433242,2026-03-16 16:53:28.173,ARDUINO_PSI,Arduino,0.000,0.000,0.000,,
712.533601,2026-03-16 16:53:28.274,ARDUINO_PSI,Arduino,0.000,0.000,0.000,,
712.633107,2026-03-16 16:53:28.373,ARDUINO_PSI,Arduino,0.000,0.000,0.000,,
712.733069,2026-03-16 16:53:28.473,ARDUINO_PSI,Arduino,0.000,0.000,0.000,,
712.833094,2026-03-16 16:53:28.573,ARDUINO_PSI,Arduino,0.000,0.000,0.000,,
712.933438,2026-03-16 16:53:28.674,ARDUINO_PSI,Arduino,0.000,0.000,0.000,,
713.033235,2026-03-16 16:53:28.773,ARDUINO_PSI,Arduino,0.000,0.000,0.000,,
713.133276,2026-03-16 16:53:28.873,ARDUINO_PSI,Arduino,0.000,0.000,0.000,,
713.234051,2026-03-16 16:53:28.974,ARDUINO_PSI,Arduino,0.000,0.000,0.000,,
713.332907,2026-03-16 16:53:29.073,ARDUINO_PSI,Arduino,0.000,0.000,0.000,,
713.433423,2026-03-16 16:53:29.174,ARDUINO_PSI,Arduino,0.000,0.000,0.000,,
713.533298,2026-03-16 16:53:29.273,ARDUINO_PSI,Arduino,0.000,0.000,0.000,,
713.633362,2026-03-16 16:53:29.373,ARDUINO_PSI,Arduino,0.000,0.000,0.000,,
713.733655,2026-03-16 16:53:29.474,ARDUINO_PSI,Arduino,0.000,0.000,0.000,,
713.833490,2026-03-16 16:53:29.574,ARDUINO_PSI,Arduino,0.000,0.000,0.000,,
713.933302,2026-03-16 16:53:29.673,ARDUINO_PSI,Arduino,0.000,0.000,0.000,,
714.032797,2026-03-16 16:53:29.773,ARDUINO_PSI,Arduino,0.000,0.000,0.000,,
714.133306,2026-03-16 16:53:29.873,ARDUINO_PSI,Arduino,0.000,0.000,0.000,,
714.233323,2026-03-16 16:53:29.973,ARDUINO_PSI,Arduino,0.000,0.000,0.000,,
714.333303,2026-03-16 16:53:30.073,ARDUINO_PSI,Arduino,0.000,0.000,0.000,,
714.432914,2026-03-16 16:53:30.173,ARDUINO_PSI,Arduino,0.000,0.000,0.000,,
714.533353,2026-03-16 16:53:30.273,ARDUINO_PSI,Arduino,0.000,0.000,0.000,,
714.633405,2026-03-16 16:53:30.374,ARDUINO_PSI,Arduino,0.000,0.000,0.000,,
714.733192,2026-03-16 16:53:30.473,ARDUINO_PSI,Arduino,0.000,0.000,0.000,,
714.833429,2026-03-16 16:53:30.574,ARDUINO_PSI,Arduino,0.000,0.000,0.000,,
714.933419,2026-03-16 16:53:30.674,ARDUINO_PSI,Arduino,0.000,0.000,0.000,,
715.033197,2026-03-16 16:53:30.773,ARDUINO_PSI,Arduino,0.000,0.000,0.000,,
715.134137,2026-03-16 16:53:30.874,ARDUINO_PSI,Arduino,0.000,0.000,0.000,,
715.233461,2026-03-16 16:53:30.974,ARDUINO_PSI,Arduino,0.000,0.000,0.000,,
715.333333,2026-03-16 16:53:31.073,ARDUINO_PSI,Arduino,0.000,0.000,0.000,,
715.433189,2026-03-16 16:53:31.173,ARDUINO_PSI,Arduino,0.000,0.000,0.000,,
715.533317,2026-03-16 16:53:31.273,ARDUINO_PSI,Arduino,0.000,0.000,0.000,,
715.633197,2026-03-16 16:53:31.373,ARDUINO_PSI,Arduino,0.000,0.000,0.000,,
715.733265,2026-03-16 16:53:31.473,ARDUINO_PSI,Arduino,0.000,0.000,0.000,,
715.833713,2026-03-16 16:53:31.574,ARDUINO_PSI,Arduino,0.000,0.000,0.000,,
715.933401,2026-03-16 16:53:31.674,ARDUINO_PSI,Arduino,0.000,0.000,0.000,,
716.033327,2026-03-16 16:53:31.773,ARDUINO_PSI,Arduino,0.000,0.000,0.000,,
716.133306,2026-03-16 16:53:31.873,ARDUINO_PSI,Arduino,0.000,0.000,0.000,,
716.233106,2026-03-16 16:53:31.973,ARDUINO_PSI,Arduino,0.000,0.000,0.000,,
716.333277,2026-03-16 16:53:32.073,ARDUINO_PSI,Arduino,0.000,0.000,0.000,,
716.433410,2026-03-16 16:53:32.174,ARDUINO_PSI,Arduino,0.000,0.000,0.000,,
716.533418,2026-03-16 16:53:32.274,ARDUINO_PSI,Arduino,0.000,0.000,0.000,,
716.633064,2026-03-16 16:53:32.373,ARDUINO_PSI,Arduino,0.000,0.000,0.000,,
716.733266,2026-03-16 16:53:32.473,ARDUINO_PSI,Arduino,0.000,0.000,0.000,,
716.833379,2026-03-16 16:53:32.574,ARDUINO_PSI,Arduino,0.000,0.000,0.000,,
716.933334,2026-03-16 16:53:32.673,ARDUINO_PSI,Arduino,0.000,0.000,0.000,,
717.033351,2026-03-16 16:53:32.773,ARDUINO_PSI,Arduino,0.000,0.000,0.000,,
717.133328,2026-03-16 16:53:32.873,ARDUINO_PSI,Arduino,0.000,0.000,0.000,,
717.233370,2026-03-16 16:53:32.974,ARDUINO_PSI,Arduino,0.000,0.000,0.000,,
717.333415,2026-03-16 16:53:33.074,ARDUINO_PSI,Arduino,0.000,0.000,0.000,,
717.433294,2026-03-16 16:53:33.173,ARDUINO_PSI,Arduino,0.000,0.000,0.000,,
717.533136,2026-03-16 16:53:33.273,ARDUINO_PSI,Arduino,0.000,0.000,0.000,,
717.633486,2026-03-16 16:53:33.374,ARDUINO_PSI,Arduino,0.000,0.000,0.000,,
717.733614,2026-03-16 16:53:33.474,ARDUINO_PSI,Arduino,0.000,0.000,0.000,,
717.833451,2026-03-16 16:53:33.574,ARDUINO_PSI,Arduino,0.000,0.000,0.000,,
717.933261,2026-03-16 16:53:33.673,ARDUINO_PSI,Arduino,0.000,0.000,0.000,,
718.033259,2026-03-16 16:53:33.773,ARDUINO_PSI,Arduino,0.000,0.000,0.000,,
718.133331,2026-03-16 16:53:33.873,ARDUINO_PSI,Arduino,0.000,0.000,0.000,,
718.233508,2026-03-16 16:53:33.974,ARDUINO_PSI,Arduino,0.000,0.000,0.000,,
718.333393,2026-03-16 16:53:34.074,ARDUINO_PSI,Arduino,0.000,0.000,0.000,,
718.433248,2026-03-16 16:53:34.173,ARDUINO_PSI,Arduino,0.000,0.000,0.000,,
718.533395,2026-03-16 16:53:34.274,ARDUINO_PSI,Arduino,0.000,0.000,0.000,,
718.633368,2026-03-16 16:53:34.374,ARDUINO_PSI,Arduino,0.000,0.000,0.000,,
718.733259,2026-03-16 16:53:34.473,ARDUINO_PSI,Arduino,0.000,0.000,0.000,,
718.833434,2026-03-16 16:53:34.574,ARDUINO_PSI,Arduino,0.000,0.000,0.000,,
718.933220,2026-03-16 16:53:34.673,ARDUINO_PSI,Arduino,0.000,0.000,0.000,,
719.033333,2026-03-16 16:53:34.773,ARDUINO_PSI,Arduino,0.000,0.000,0.000,,
719.133496,2026-03-16 16:53:34.874,ARDUINO_PSI,Arduino,0.000,0.000,0.000,,
719.233186,2026-03-16 16:53:34.973,ARDUINO_PSI,Arduino,0.000,0.000,0.000,,
719.333212,2026-03-16 16:53:35.073,ARDUINO_PSI,Arduino,0.000,0.000,0.000,,
719.433398,2026-03-16 16:53:35.174,ARDUINO_PSI,Arduino,0.000,0.000,0.000,,
719.533324,2026-03-16 16:53:35.273,ARDUINO_PSI,Arduino,0.000,0.000,0.000,,
719.633412,2026-03-16 16:53:35.374,ARDUINO_PSI,Arduino,0.000,0.000,0.000,,
719.733235,2026-03-16 16:53:35.473,ARDUINO_PSI,Arduino,0.000,0.000,0.000,,
719.833368,2026-03-16 16:53:35.574,ARDUINO_PSI,Arduino,0.000,0.000,0.000,,
719.933300,2026-03-16 16:53:35.673,ARDUINO_PSI,Arduino,0.000,0.000,0.000,,
720.032786,2026-03-16 16:53:35.773,ARDUINO_PSI,Arduino,0.000,0.000,0.000,,
720.132848,2026-03-16 16:53:35.873,ARDUINO_PSI,Arduino,0.000,0.000,0.000,,
720.233253,2026-03-16 16:53:35.973,ARDUINO_PSI,Arduino,0.000,0.000,0.000,,
720.333415,2026-03-16 16:53:36.074,ARDUINO_PSI,Arduino,0.000,0.000,0.000,,
720.434038,2026-03-16 16:53:36.174,ARDUINO_PSI,Arduino,0.000,0.000,0.000,,
720.533377,2026-03-16 16:53:36.274,ARDUINO_PSI,Arduino,0.000,0.000,0.000,,
720.633455,2026-03-16 16:53:36.374,ARDUINO_PSI,Arduino,0.000,0.000,0.000,,
720.733194,2026-03-16 16:53:36.473,ARDUINO_PSI,Arduino,0.000,0.000,0.000,,
720.833397,2026-03-16 16:53:36.574,ARDUINO_PSI,Arduino,0.000,0.000,0.000,,
720.933264,2026-03-16 16:53:36.673,ARDUINO_PSI,Arduino,0.000,0.000,0.000,,
721.033420,2026-03-16 16:53:36.774,ARDUINO_PSI,Arduino,0.000,0.000,0.000,,
721.133198,2026-03-16 16:53:36.873,ARDUINO_PSI,Arduino,0.000,0.000,0.000,,
721.233469,2026-03-16 16:53:36.974,ARDUINO_PSI,Arduino,0.000,0.000,0.000,,
721.333290,2026-03-16 16:53:37.073,ARDUINO_PSI,Arduino,0.000,0.000,0.000,,
721.433292,2026-03-16 16:53:37.173,ARDUINO_PSI,Arduino,0.000,0.000,0.000,,
721.533186,2026-03-16 16:53:37.273,ARDUINO_PSI,Arduino,0.000,0.000,0.000,,
721.633384,2026-03-16 16:53:37.374,ARDUINO_PSI,Arduino,0.000,0.000,0.000,,
721.733379,2026-03-16 16:53:37.474,ARDUINO_PSI,Arduino,0.000,0.000,0.000,,
721.833192,2026-03-16 16:53:37.573,ARDUINO_PSI,Arduino,0.000,0.000,0.000,,
721.932831,2026-03-16 16:53:37.673,ARDUINO_PSI,Arduino,0.000,0.000,0.000,,
722.033407,2026-03-16 16:53:37.774,ARDUINO_PSI,Arduino,0.000,0.000,0.000,,
722.133280,2026-03-16 16:53:37.873,ARDUINO_PSI,Arduino,0.000,0.000,0.000,,
722.234041,2026-03-16 16:53:37.974,ARDUINO_PSI,Arduino,0.000,0.000,0.000,,
722.333308,2026-03-16 16:53:38.073,ARDUINO_PSI,Arduino,0.000,0.000,0.000,,
722.433844,2026-03-16 16:53:38.174,ARDUINO_PSI,Arduino,0.000,0.000,0.000,,
722.533339,2026-03-16 16:53:38.273,ARDUINO_PSI,Arduino,0.000,0.000,0.000,,
722.633379,2026-03-16 16:53:38.374,ARDUINO_PSI,Arduino,0.000,0.000,0.000,,
722.733431,2026-03-16 16:53:38.474,ARDUINO_PSI,Arduino,0.000,0.000,0.000,,
722.833310,2026-03-16 16:53:38.573,ARDUINO_PSI,Arduino,0.000,0.000,0.000,,
722.933403,2026-03-16 16:53:38.674,ARDUINO_PSI,Arduino,0.000,0.000,0.000,,
723.033204,2026-03-16 16:53:38.773,ARDUINO_PSI,Arduino,0.000,0.000,0.000,,
723.133308,2026-03-16 16:53:38.873,ARDUINO_PSI,Arduino,0.000,0.000,0.000,,
723.233486,2026-03-16 16:53:38.974,ARDUINO_PSI,Arduino,0.000,0.000,0.000,,
723.333386,2026-03-16 16:53:39.074,ARDUINO_PSI,Arduino,0.000,0.000,0.000,,
723.433284,2026-03-16 16:53:39.173,ARDUINO_PSI,Arduino,0.000,0.000,0.000,,
723.533336,2026-03-16 16:53:39.273,ARDUINO_PSI,Arduino,0.000,0.000,0.000,,
723.634151,2026-03-16 16:53:39.374,ARDUINO_PSI,Arduino,0.000,0.000,0.000,,
723.733255,2026-03-16 16:53:39.473,ARDUINO_PSI,Arduino,0.000,0.000,0.000,,
723.833510,2026-03-16 16:53:39.574,ARDUINO_PSI,Arduino,0.000,0.000,0.000,,
723.933404,2026-03-16 16:53:39.674,ARDUINO_PSI,Arduino,0.000,0.000,0.000,,
724.033395,2026-03-16 16:53:39.774,ARDUINO_PSI,Arduino,0.000,0.000,0.000,,
724.134085,2026-03-16 16:53:39.874,ARDUINO_PSI,Arduino,0.000,0.000,0.000,,
724.233325,2026-03-16 16:53:39.973,ARDUINO_PSI,Arduino,0.000,0.000,0.000,,
724.333355,2026-03-16 16:53:40.073,ARDUINO_PSI,Arduino,0.000,0.000,0.000,,
724.432876,2026-03-16 16:53:40.173,ARDUINO_PSI,Arduino,0.000,0.000,0.000,,
724.533093,2026-03-16 16:53:40.273,ARDUINO_PSI,Arduino,0.000,0.000,0.000,,
724.632835,2026-03-16 16:53:40.373,ARDUINO_PSI,Arduino,0.000,0.000,0.000,,
724.733353,2026-03-16 16:53:40.473,ARDUINO_PSI,Arduino,0.000,0.000,0.000,,
724.833679,2026-03-16 16:53:40.574,ARDUINO_PSI,Arduino,0.000,0.000,0.000,,
724.933366,2026-03-16 16:53:40.674,ARDUINO_PSI,Arduino,0.000,0.000,0.000,,
725.033726,2026-03-16 16:53:40.774,ARDUINO_PSI,Arduino,0.000,0.000,0.000,,
725.133469,2026-03-16 16:53:40.874,ARDUINO_PSI,Arduino,0.000,0.000,0.000,,
725.233496,2026-03-16 16:53:40.974,ARDUINO_PSI,Arduino,0.000,0.000,0.000,,
725.333146,2026-03-16 16:53:41.073,ARDUINO_PSI,Arduino,0.000,0.000,0.000,,
725.433309,2026-03-16 16:53:41.173,ARDUINO_PSI,Arduino,0.000,0.000,0.000,,
725.533300,2026-03-16 16:53:41.273,ARDUINO_PSI,Arduino,0.000,0.000,0.000,,
725.633515,2026-03-16 16:53:41.374,ARDUINO_PSI,Arduino,0.000,0.000,0.000,,
725.733283,2026-03-16 16:53:41.473,ARDUINO_PSI,Arduino,0.000,0.000,0.000,,
725.833476,2026-03-16 16:53:41.574,ARDUINO_PSI,Arduino,0.000,0.000,0.000,,
725.933385,2026-03-16 16:53:41.674,ARDUINO_PSI,Arduino,0.000,0.000,0.000,,
726.033318,2026-03-16 16:53:41.773,ARDUINO_PSI,Arduino,0.000,0.000,0.000,,
726.133240,2026-03-16 16:53:41.873,ARDUINO_PSI,Arduino,0.000,0.000,0.000,,
726.233340,2026-03-16 16:53:41.973,ARDUINO_PSI,Arduino,0.000,0.000,0.000,,
726.333340,2026-03-16 16:53:42.073,ARDUINO_PSI,Arduino,0.000,0.000,0.000,,
726.433280,2026-03-16 16:53:42.173,ARDUINO_PSI,Arduino,0.000,0.000,0.000,,
726.533244,2026-03-16 16:53:42.273,ARDUINO_PSI,Arduino,0.000,0.000,0.000,,
726.633404,2026-03-16 16:53:42.374,ARDUINO_PSI,Arduino,0.000,0.000,0.000,,
726.733257,2026-03-16 16:53:42.473,ARDUINO_PSI,Arduino,0.000,0.000,0.000,,
726.833446,2026-03-16 16:53:42.574,ARDUINO_PSI,Arduino,0.000,0.000,0.000,,
726.933388,2026-03-16 16:53:42.674,ARDUINO_PSI,Arduino,0.000,0.000,0.000,,
727.033059,2026-03-16 16:53:42.773,ARDUINO_PSI,Arduino,0.000,0.000,0.000,,
727.133392,2026-03-16 16:53:42.874,ARDUINO_PSI,Arduino,0.000,0.000,0.000,,
727.233375,2026-03-16 16:53:42.974,ARDUINO_PSI,Arduino,0.000,0.000,0.000,,
727.333481,2026-03-16 16:53:43.074,ARDUINO_PSI,Arduino,0.000,0.000,0.000,,
727.433219,2026-03-16 16:53:43.173,ARDUINO_PSI,Arduino,0.000,0.000,0.000,,
727.533295,2026-03-16 16:53:43.273,ARDUINO_PSI,Arduino,0.000,0.000,0.000,,
727.633404,2026-03-16 16:53:43.374,ARDUINO_PSI,Arduino,0.000,0.000,0.000,,
727.733242,2026-03-16 16:53:43.473,ARDUINO_PSI,Arduino,0.000,0.000,0.000,,
727.833564,2026-03-16 16:53:43.574,ARDUINO_PSI,Arduino,0.000,0.000,0.000,,
727.933354,2026-03-16 16:53:43.673,ARDUINO_PSI,Arduino,0.000,0.000,0.000,,
728.033369,2026-03-16 16:53:43.774,ARDUINO_PSI,Arduino,0.000,0.000,0.000,,
728.133861,2026-03-16 16:53:43.874,ARDUINO_PSI,Arduino,0.000,0.000,0.000,,
728.233283,2026-03-16 16:53:43.973,ARDUINO_PSI,Arduino,0.000,0.000,0.000,,
728.333306,2026-03-16 16:53:44.073,ARDUINO_PSI,Arduino,0.000,0.000,0.000,,
728.433130,2026-03-16 16:53:44.173,ARDUINO_PSI,Arduino,0.000,0.000,0.000,,
728.533374,2026-03-16 16:53:44.274,ARDUINO_PSI,Arduino,0.000,0.000,0.000,,
728.633759,2026-03-16 16:53:44.374,ARDUINO_PSI,Arduino,0.000,0.000,0.000,,
728.733196,2026-03-16 16:53:44.473,ARDUINO_PSI,Arduino,0.000,0.000,0.000,,
728.833580,2026-03-16 16:53:44.574,ARDUINO_PSI,Arduino,0.000,0.000,0.000,,
728.933454,2026-03-16 16:53:44.674,ARDUINO_PSI,Arduino,0.000,0.000,0.000,,
729.033255,2026-03-16 16:53:44.773,ARDUINO_PSI,Arduino,0.000,0.000,0.000,,
729.133450,2026-03-16 16:53:44.874,ARDUINO_PSI,Arduino,0.000,0.000,0.000,,
729.233369,2026-03-16 16:53:44.974,ARDUINO_PSI,Arduino,0.000,0.000,0.000,,
729.333362,2026-03-16 16:53:45.073,ARDUINO_PSI,Arduino,0.000,0.000,0.000,,
729.433315,2026-03-16 16:53:45.173,ARDUINO_PSI,Arduino,0.000,0.000,0.000,,
729.533361,2026-03-16 16:53:45.273,ARDUINO_PSI,Arduino,0.000,0.000,0.000,,
729.633444,2026-03-16 16:53:45.374,ARDUINO_PSI,Arduino,0.000,0.000,0.000,,
729.733332,2026-03-16 16:53:45.473,ARDUINO_PSI,Arduino,0.000,0.000,0.000,,
729.833406,2026-03-16 16:53:45.574,ARDUINO_PSI,Arduino,0.000,0.000,0.000,,
729.932977,2026-03-16 16:53:45.673,ARDUINO_PSI,Arduino,0.000,0.000,0.000,,
730.033073,2026-03-16 16:53:45.773,ARDUINO_PSI,Arduino,0.000,0.000,0.000,,
730.133365,2026-03-16 16:53:45.874,ARDUINO_PSI,Arduino,0.000,0.000,0.000,,
730.233526,2026-03-16 16:53:45.974,ARDUINO_PSI,Arduino,0.000,0.000,0.000,,
730.333442,2026-03-16 16:53:46.074,ARDUINO_PSI,Arduino,0.000,0.000,0.000,,
730.433115,2026-03-16 16:53:46.173,ARDUINO_PSI,Arduino,0.000,0.000,0.000,,
730.533363,2026-03-16 16:53:46.273,ARDUINO_PSI,Arduino,0.000,0.000,0.000,,
730.633410,2026-03-16 16:53:46.374,ARDUINO_PSI,Arduino,0.000,0.000,0.000,,
730.733379,2026-03-16 16:53:46.474,ARDUINO_PSI,Arduino,0.000,0.000,0.000,,
730.833500,2026-03-16 16:53:46.574,ARDUINO_PSI,Arduino,0.000,0.000,0.000,,
730.933284,2026-03-16 16:53:46.673,ARDUINO_PSI,Arduino,0.000,0.000,0.000,,
731.032851,2026-03-16 16:53:46.773,ARDUINO_PSI,Arduino,0.000,0.000,0.000,,
731.133225,2026-03-16 16:53:46.873,ARDUINO_PSI,Arduino,0.000,0.000,0.000,,
731.233397,2026-03-16 16:53:46.974,ARDUINO_PSI,Arduino,0.000,0.000,0.000,,
731.333376,2026-03-16 16:53:47.074,ARDUINO_PSI,Arduino,0.000,0.000,0.000,,
731.433245,2026-03-16 16:53:47.173,ARDUINO_PSI,Arduino,0.000,0.000,0.000,,
731.533367,2026-03-16 16:53:47.274,ARDUINO_PSI,Arduino,0.000,0.000,0.000,,
731.633432,2026-03-16 16:53:47.374,ARDUINO_PSI,Arduino,0.000,0.000,0.000,,
731.733315,2026-03-16 16:53:47.473,ARDUINO_PSI,Arduino,0.000,0.000,0.000,,
731.833492,2026-03-16 16:53:47.574,ARDUINO_PSI,Arduino,0.000,0.000,0.000,,
731.933303,2026-03-16 16:53:47.673,ARDUINO_PSI,Arduino,0.000,0.000,0.000,,
732.033426,2026-03-16 16:53:47.774,ARDUINO_PSI,Arduino,0.000,0.000,0.000,,
732.132815,2026-03-16 16:53:47.873,ARDUINO_PSI,Arduino,0.000,0.000,0.000,,
732.233195,2026-03-16 16:53:47.973,ARDUINO_PSI,Arduino,0.000,0.000,0.000,,
732.333449,2026-03-16 16:53:48.074,ARDUINO_PSI,Arduino,0.000,0.000,0.000,,
732.433427,2026-03-16 16:53:48.174,ARDUINO_PSI,Arduino,0.000,0.000,0.000,,
732.533441,2026-03-16 16:53:48.274,ARDUINO_PSI,Arduino,0.000,0.000,0.000,,
732.633067,2026-03-16 16:53:48.373,ARDUINO_PSI,Arduino,0.000,0.000,0.000,,
732.734076,2026-03-16 16:53:48.474,ARDUINO_PSI,Arduino,0.000,0.000,0.000,,
732.833321,2026-03-16 16:53:48.573,ARDUINO_PSI,Arduino,0.000,0.000,0.000,,
732.933460,2026-03-16 16:53:48.674,ARDUINO_PSI,Arduino,0.000,0.000,0.000,,
733.033264,2026-03-16 16:53:48.773,ARDUINO_PSI,Arduino,0.000,0.000,0.000,,
733.133386,2026-03-16 16:53:48.874,ARDUINO_PSI,Arduino,0.000,0.000,0.000,,
733.233333,2026-03-16 16:53:48.973,ARDUINO_PSI,Arduino,0.000,0.000,0.000,,
733.333419,2026-03-16 16:53:49.074,ARDUINO_PSI,Arduino,0.000,0.000,0.000,,
733.433203,2026-03-16 16:53:49.173,ARDUINO_PSI,Arduino,0.000,0.000,0.000,,
733.533527,2026-03-16 16:53:49.274,ARDUINO_PSI,Arduino,0.000,0.000,0.000,,
733.633443,2026-03-16 16:53:49.374,ARDUINO_PSI,Arduino,0.000,0.000,0.000,,
733.733138,2026-03-16 16:53:49.473,ARDUINO_PSI,Arduino,0.000,0.000,0.000,,
733.833416,2026-03-16 16:53:49.574,ARDUINO_PSI,Arduino,0.000,0.000,0.000,,
733.934275,2026-03-16 16:53:49.674,ARDUINO_PSI,Arduino,0.000,0.000,0.000,,
734.033245,2026-03-16 16:53:49.773,ARDUINO_PSI,Arduino,0.000,0.000,0.000,,
734.133247,2026-03-16 16:53:49.873,ARDUINO_PSI,Arduino,0.000,0.000,0.000,,
734.233112,2026-03-16 16:53:49.973,ARDUINO_PSI,Arduino,0.000,0.000,0.000,,
734.333372,2026-03-16 16:53:50.074,ARDUINO_PSI,Arduino,0.000,0.000,0.000,,
734.433349,2026-03-16 16:53:50.173,ARDUINO_PSI,Arduino,0.000,0.000,0.000,,
734.533242,2026-03-16 16:53:50.273,ARDUINO_PSI,Arduino,0.000,0.000,0.000,,
734.633258,2026-03-16 16:53:50.373,ARDUINO_PSI,Arduino,0.000,0.000,0.000,,
734.733340,2026-03-16 16:53:50.473,ARDUINO_PSI,Arduino,0.000,0.000,0.000,,
734.832809,2026-03-16 16:53:50.573,ARDUINO_PSI,Arduino,0.000,0.000,0.000,,
734.933200,2026-03-16 16:53:50.673,ARDUINO_PSI,Arduino,0.000,0.000,0.000,,
735.033426,2026-03-16 16:53:50.774,ARDUINO_PSI,Arduino,0.000,0.000,0.000,,
735.134091,2026-03-16 16:53:50.874,ARDUINO_PSI,Arduino,0.000,0.000,0.000,,
735.233275,2026-03-16 16:53:50.973,ARDUINO_PSI,Arduino,0.000,0.000,0.000,,
735.333455,2026-03-16 16:53:51.074,ARDUINO_PSI,Arduino,0.000,0.000,0.000,,
735.433285,2026-03-16 16:53:51.173,ARDUINO_PSI,Arduino,0.000,0.000,0.000,,
735.533238,2026-03-16 16:53:51.273,ARDUINO_PSI,Arduino,0.000,0.000,0.000,,
735.633613,2026-03-16 16:53:51.374,ARDUINO_PSI,Arduino,0.000,0.000,0.000,,
735.733274,2026-03-16 16:53:51.473,ARDUINO_PSI,Arduino,0.000,0.000,0.000,,
735.833962,2026-03-16 16:53:51.574,ARDUINO_PSI,Arduino,0.000,0.000,0.000,,
735.933271,2026-03-16 16:53:51.673,ARDUINO_PSI,Arduino,0.000,0.000,0.000,,
736.033365,2026-03-16 16:53:51.774,ARDUINO_PSI,Arduino,0.000,0.000,0.000,,
736.133395,2026-03-16 16:53:51.874,ARDUINO_PSI,Arduino,0.000,0.000,0.000,,
736.233479,2026-03-16 16:53:51.974,ARDUINO_PSI,Arduino,0.000,0.000,0.000,,
736.333481,2026-03-16 16:53:52.074,ARDUINO_PSI,Arduino,0.000,0.000,0.000,,
736.433373,2026-03-16 16:53:52.174,ARDUINO_PSI,Arduino,0.000,0.000,0.000,,
736.533378,2026-03-16 16:53:52.274,ARDUINO_PSI,Arduino,0.000,0.000,0.000,,
736.633303,2026-03-16 16:53:52.373,ARDUINO_PSI,Arduino,0.000,0.000,0.000,,
736.733418,2026-03-16 16:53:52.474,ARDUINO_PSI,Arduino,0.000,0.000,0.000,,
736.833593,2026-03-16 16:53:52.574,ARDUINO_PSI,Arduino,0.000,0.000,0.000,,
736.933190,2026-03-16 16:53:52.673,ARDUINO_PSI,Arduino,0.000,0.000,0.000,,
737.033740,2026-03-16 16:53:52.774,ARDUINO_PSI,Arduino,0.000,0.000,0.000,,
737.133440,2026-03-16 16:53:52.874,ARDUINO_PSI,Arduino,0.000,0.000,0.000,,
737.233767,2026-03-16 16:53:52.974,ARDUINO_PSI,Arduino,0.000,0.000,0.000,,
737.333472,2026-03-16 16:53:53.074,ARDUINO_PSI,Arduino,0.000,0.000,0.000,,
737.433470,2026-03-16 16:53:53.174,ARDUINO_PSI,Arduino,0.000,0.000,0.000,,
737.533179,2026-03-16 16:53:53.273,ARDUINO_PSI,Arduino,0.000,0.000,0.000,,
737.633323,2026-03-16 16:53:53.373,ARDUINO_PSI,Arduino,0.000,0.000,0.000,,
737.733361,2026-03-16 16:53:53.473,ARDUINO_PSI,Arduino,0.000,0.000,0.000,,
737.833506,2026-03-16 16:53:53.574,ARDUINO_PSI,Arduino,0.000,0.000,0.000,,
737.933512,2026-03-16 16:53:53.674,ARDUINO_PSI,Arduino,0.000,0.000,0.000,,
738.033327,2026-03-16 16:53:53.773,ARDUINO_PSI,Arduino,0.000,0.000,0.000,,
738.133426,2026-03-16 16:53:53.874,ARDUINO_PSI,Arduino,0.000,0.000,0.000,,
738.233164,2026-03-16 16:53:53.973,ARDUINO_PSI,Arduino,0.000,0.000,0.000,,
738.333487,2026-03-16 16:53:54.074,ARDUINO_PSI,Arduino,0.000,0.000,0.000,,
738.434054,2026-03-16 16:53:54.174,ARDUINO_PSI,Arduino,0.000,0.000,0.000,,
738.533358,2026-03-16 16:53:54.273,ARDUINO_PSI,Arduino,0.000,0.000,0.000,,
738.633438,2026-03-16 16:53:54.374,ARDUINO_PSI,Arduino,0.000,0.000,0.000,,
738.733413,2026-03-16 16:53:54.474,ARDUINO_PSI,Arduino,0.000,0.000,0.000,,
738.833411,2026-03-16 16:53:54.574,ARDUINO_PSI,Arduino,0.000,0.000,0.000,,
738.933345,2026-03-16 16:53:54.673,ARDUINO_PSI,Arduino,0.000,0.000,0.000,,
739.033279,2026-03-16 16:53:54.773,ARDUINO_PSI,Arduino,0.000,0.000,0.000,,
739.133434,2026-03-16 16:53:54.874,ARDUINO_PSI,Arduino,0.000,0.000,0.000,,
739.233333,2026-03-16 16:53:54.973,ARDUINO_PSI,Arduino,0.000,0.000,0.000,,
739.333313,2026-03-16 16:53:55.073,ARDUINO_PSI,Arduino,0.000,0.000,0.000,,
739.433844,2026-03-16 16:53:55.174,ARDUINO_PSI,Arduino,0.000,0.000,0.000,,
739.533380,2026-03-16 16:53:55.274,ARDUINO_PSI,Arduino,0.000,0.000,0.000,,
739.633427,2026-03-16 16:53:55.374,ARDUINO_PSI,Arduino,0.000,0.000,0.000,,
739.733318,2026-03-16 16:53:55.473,ARDUINO_PSI,Arduino,0.000,0.000,0.000,,
739.833521,2026-03-16 16:53:55.574,ARDUINO_PSI,Arduino,0.000,0.000,0.000,,
739.933893,2026-03-16 16:53:55.674,ARDUINO_PSI,Arduino,0.000,0.000,0.000,,
740.033456,2026-03-16 16:53:55.774,ARDUINO_PSI,Arduino,0.000,0.000,0.000,,
740.133447,2026-03-16 16:53:55.874,ARDUINO_PSI,Arduino,0.000,0.000,0.000,,
740.233339,2026-03-16 16:53:55.973,ARDUINO_PSI,Arduino,0.000,0.000,0.000,,
740.333407,2026-03-16 16:53:56.074,ARDUINO_PSI,Arduino,0.000,0.000,0.000,,
740.432834,2026-03-16 16:53:56.173,ARDUINO_PSI,Arduino,0.000,0.000,0.000,,
740.533082,2026-03-16 16:53:56.273,ARDUINO_PSI,Arduino,0.000,0.000,0.000,,
740.633846,2026-03-16 16:53:56.374,ARDUINO_PSI,Arduino,0.000,0.000,0.000,,
740.733380,2026-03-16 16:53:56.474,ARDUINO_PSI,Arduino,0.000,0.000,0.000,,
740.833599,2026-03-16 16:53:56.574,ARDUINO_PSI,Arduino,0.000,0.000,0.000,,
740.933358,2026-03-16 16:53:56.673,ARDUINO_PSI,Arduino,0.000,0.000,0.000,,
741.033305,2026-03-16 16:53:56.773,ARDUINO_PSI,Arduino,0.000,0.000,0.000,,
741.133236,2026-03-16 16:53:56.873,ARDUINO_PSI,Arduino,0.000,0.000,0.000,,
741.233360,2026-03-16 16:53:56.973,ARDUINO_PSI,Arduino,0.000,0.000,0.000,,
741.333776,2026-03-16 16:53:57.074,ARDUINO_PSI,Arduino,0.000,0.000,0.000,,
741.433345,2026-03-16 16:53:57.173,ARDUINO_PSI,Arduino,0.000,0.000,0.000,,
741.533405,2026-03-16 16:53:57.274,ARDUINO_PSI,Arduino,0.000,0.000,0.000,,
741.633338,2026-03-16 16:53:57.373,ARDUINO_PSI,Arduino,0.000,0.000,0.000,,
741.733404,2026-03-16 16:53:57.474,ARDUINO_PSI,Arduino,0.000,0.000,0.000,,
741.832931,2026-03-16 16:53:57.573,ARDUINO_PSI,Arduino,0.000,0.000,0.000,,
741.933400,2026-03-16 16:53:57.674,ARDUINO_PSI,Arduino,0.000,0.000,0.000,,
742.033410,2026-03-16 16:53:57.774,ARDUINO_PSI,Arduino,0.000,0.000,0.000,,
742.132847,2026-03-16 16:53:57.873,ARDUINO_PSI,Arduino,0.000,0.000,0.000,,
742.233268,2026-03-16 16:53:57.973,ARDUINO_PSI,Arduino,0.000,0.000,0.000,,
742.334083,2026-03-16 16:53:58.074,ARDUINO_PSI,Arduino,0.000,0.000,0.000,,
742.433356,2026-03-16 16:53:58.173,ARDUINO_PSI,Arduino,0.000,0.000,0.000,,
742.533521,2026-03-16 16:53:58.274,ARDUINO_PSI,Arduino,0.000,0.000,0.000,,
742.633076,2026-03-16 16:53:58.373,ARDUINO_PSI,Arduino,0.000,0.000,0.000,,
742.733059,2026-03-16 16:53:58.473,ARDUINO_PSI,Arduino,0.000,0.000,0.000,,
742.832936,2026-03-16 16:53:58.573,ARDUINO_PSI,Arduino,0.000,0.000,0.000,,
742.933093,2026-03-16 16:53:58.673,ARDUINO_PSI,Arduino,0.000,0.000,0.000,,
743.033505,2026-03-16 16:53:58.774,ARDUINO_PSI,Arduino,0.000,0.000,0.000,,
743.133355,2026-03-16 16:53:58.873,ARDUINO_PSI,Arduino,0.000,0.000,0.000,,
743.233099,2026-03-16 16:53:58.973,ARDUINO_PSI,Arduino,0.000,0.000,0.000,,
743.333246,2026-03-16 16:53:59.073,ARDUINO_PSI,Arduino,0.000,0.000,0.000,,
743.433162,2026-03-16 16:53:59.173,ARDUINO_PSI,Arduino,0.000,0.000,0.000,,
743.533165,2026-03-16 16:53:59.273,ARDUINO_PSI,Arduino,0.000,0.000,0.000,,
743.633287,2026-03-16 16:53:59.373,ARDUINO_PSI,Arduino,0.000,0.000,0.000,,
743.733097,2026-03-16 16:53:59.473,ARDUINO_PSI,Arduino,0.000,0.000,0.000,,
743.833240,2026-03-16 16:53:59.573,ARDUINO_PSI,Arduino,0.000,0.000,0.000,,
743.933328,2026-03-16 16:53:59.673,ARDUINO_PSI,Arduino,0.000,0.000,0.000,,
744.033152,2026-03-16 16:53:59.773,ARDUINO_PSI,Arduino,0.000,0.000,0.000,,
744.133379,2026-03-16 16:53:59.874,ARDUINO_PSI,Arduino,0.000,0.000,0.000,,
744.233504,2026-03-16 16:53:59.974,ARDUINO_PSI,Arduino,0.000,0.000,0.000,,
744.333375,2026-03-16 16:54:00.074,ARDUINO_PSI,Arduino,0.000,0.000,0.000,,
744.433205,2026-03-16 16:54:00.173,ARDUINO_PSI,Arduino,0.000,0.000,0.000,,
744.533327,2026-03-16 16:54:00.273,ARDUINO_PSI,Arduino,0.000,0.000,0.000,,
744.633189,2026-03-16 16:54:00.373,ARDUINO_PSI,Arduino,0.000,0.000,0.000,,
744.733196,2026-03-16 16:54:00.473,ARDUINO_PSI,Arduino,0.000,0.000,0.000,,
744.833330,2026-03-16 16:54:00.573,ARDUINO_PSI,Arduino,0.000,0.000,0.000,,
744.933284,2026-03-16 16:54:00.673,ARDUINO_PSI,Arduino,0.000,0.000,0.000,,
745.033033,2026-03-16 16:54:00.773,ARDUINO_PSI,Arduino,0.000,0.000,0.000,,
745.132947,2026-03-16 16:54:00.873,ARDUINO_PSI,Arduino,0.000,0.000,0.000,,
745.233253,2026-03-16 16:54:00.973,ARDUINO_PSI,Arduino,0.000,0.000,0.000,,
745.333191,2026-03-16 16:54:01.073,ARDUINO_PSI,Arduino,0.000,0.000,0.000,,
745.433170,2026-03-16 16:54:01.173,ARDUINO_PSI,Arduino,0.000,0.000,0.000,,
745.533182,2026-03-16 16:54:01.273,ARDUINO_PSI,Arduino,0.000,0.000,0.000,,
745.633237,2026-03-16 16:54:01.373,ARDUINO_PSI,Arduino,0.000,0.000,0.000,,
745.733221,2026-03-16 16:54:01.473,ARDUINO_PSI,Arduino,0.000,0.000,0.000,,
745.834125,2026-03-16 16:54:01.574,ARDUINO_PSI,Arduino,0.000,0.000,0.000,,
745.933081,2026-03-16 16:54:01.673,ARDUINO_PSI,Arduino,0.000,0.000,0.000,,
746.033135,2026-03-16 16:54:01.773,ARDUINO_PSI,Arduino,0.000,0.000,0.000,,
746.133201,2026-03-16 16:54:01.873,ARDUINO_PSI,Arduino,0.000,0.000,0.000,,
746.232986,2026-03-16 16:54:01.973,ARDUINO_PSI,Arduino,0.000,0.000,0.000,,
746.333252,2026-03-16 16:54:02.073,ARDUINO_PSI,Arduino,0.000,0.000,0.000,,
746.433164,2026-03-16 16:54:02.173,ARDUINO_PSI,Arduino,0.000,0.000,0.000,,
746.533128,2026-03-16 16:54:02.273,ARDUINO_PSI,Arduino,0.000,0.000,0.000,,
746.633124,2026-03-16 16:54:02.373,ARDUINO_PSI,Arduino,0.000,0.000,0.000,,
746.733337,2026-03-16 16:54:02.473,ARDUINO_PSI,Arduino,0.000,0.000,0.000,,
746.833491,2026-03-16 16:54:02.574,ARDUINO_PSI,Arduino,0.000,0.000,0.000,,
746.933114,2026-03-16 16:54:02.673,ARDUINO_PSI,Arduino,0.000,0.000,0.000,,
747.033231,2026-03-16 16:54:02.773,ARDUINO_PSI,Arduino,0.000,0.000,0.000,,
747.133119,2026-03-16 16:54:02.873,ARDUINO_PSI,Arduino,0.000,0.000,0.000,,
747.233240,2026-03-16 16:54:02.973,ARDUINO_PSI,Arduino,0.000,0.000,0.000,,
747.333428,2026-03-16 16:54:03.074,ARDUINO_PSI,Arduino,0.000,0.000,0.000,,
747.433271,2026-03-16 16:54:03.173,ARDUINO_PSI,Arduino,0.000,0.000,0.000,,
747.533114,2026-03-16 16:54:03.273,ARDUINO_PSI,Arduino,0.000,0.000,0.000,,
747.633274,2026-03-16 16:54:03.373,ARDUINO_PSI,Arduino,0.000,0.000,0.000,,
747.733402,2026-03-16 16:54:03.474,ARDUINO_PSI,Arduino,0.000,0.000,0.000,,
747.833272,2026-03-16 16:54:03.573,ARDUINO_PSI,Arduino,0.000,0.000,0.000,,
747.933105,2026-03-16 16:54:03.673,ARDUINO_PSI,Arduino,0.000,0.000,0.000,,
748.033121,2026-03-16 16:54:03.773,ARDUINO_PSI,Arduino,0.000,0.000,0.000,,
748.133332,2026-03-16 16:54:03.873,ARDUINO_PSI,Arduino,0.000,0.000,0.000,,
748.233145,2026-03-16 16:54:03.973,ARDUINO_PSI,Arduino,0.000,0.000,0.000,,
748.333156,2026-03-16 16:54:04.073,ARDUINO_PSI,Arduino,0.000,0.000,0.000,,
748.433113,2026-03-16 16:54:04.173,ARDUINO_PSI,Arduino,0.000,0.000,0.000,,
748.533154,2026-03-16 16:54:04.273,ARDUINO_PSI,Arduino,0.000,0.000,0.000,,
748.633206,2026-03-16 16:54:04.373,ARDUINO_PSI,Arduino,0.000,0.000,0.000,,
748.733043,2026-03-16 16:54:04.473,ARDUINO_PSI,Arduino,0.000,0.000,0.000,,
748.833101,2026-03-16 16:54:04.573,ARDUINO_PSI,Arduino,0.000,0.000,0.000,,
748.933161,2026-03-16 16:54:04.673,ARDUINO_PSI,Arduino,0.000,0.000,0.000,,
749.033100,2026-03-16 16:54:04.773,ARDUINO_PSI,Arduino,0.000,0.000,0.000,,
749.133580,2026-03-16 16:54:04.874,ARDUINO_PSI,Arduino,0.000,0.000,0.000,,
749.233063,2026-03-16 16:54:04.973,ARDUINO_PSI,Arduino,0.000,0.000,0.000,,
749.333194,2026-03-16 16:54:05.073,ARDUINO_PSI,Arduino,0.000,0.000,0.000,,
749.433180,2026-03-16 16:54:05.173,ARDUINO_PSI,Arduino,0.000,0.000,0.000,,
749.533139,2026-03-16 16:54:05.273,ARDUINO_PSI,Arduino,0.000,0.000,0.000,,
749.633021,2026-03-16 16:54:05.373,ARDUINO_PSI,Arduino,0.000,0.000,0.000,,
749.733060,2026-03-16 16:54:05.473,ARDUINO_PSI,Arduino,0.000,0.000,0.000,,
749.833553,2026-03-16 16:54:05.574,ARDUINO_PSI,Arduino,0.000,0.000,0.000,,
749.933147,2026-03-16 16:54:05.673,ARDUINO_PSI,Arduino,0.000,0.000,0.000,,
750.033194,2026-03-16 16:54:05.773,ARDUINO_PSI,Arduino,0.000,0.000,0.000,,
750.133111,2026-03-16 16:54:05.873,ARDUINO_PSI,Arduino,0.000,0.000,0.000,,
750.233384,2026-03-16 16:54:05.974,ARDUINO_PSI,Arduino,0.000,0.000,0.000,,
750.333179,2026-03-16 16:54:06.073,ARDUINO_PSI,Arduino,0.000,0.000,0.000,,
750.433155,2026-03-16 16:54:06.173,ARDUINO_PSI,Arduino,0.000,0.000,0.000,,
750.533331,2026-03-16 16:54:06.273,ARDUINO_PSI,Arduino,0.000,0.000,0.000,,
750.633570,2026-03-16 16:54:06.374,ARDUINO_PSI,Arduino,0.000,0.000,0.000,,
750.733218,2026-03-16 16:54:06.473,ARDUINO_PSI,Arduino,0.000,0.000,0.000,,
750.833347,2026-03-16 16:54:06.573,ARDUINO_PSI,Arduino,0.000,0.000,0.000,,
750.933280,2026-03-16 16:54:06.673,ARDUINO_PSI,Arduino,0.000,0.000,0.000,,
751.033127,2026-03-16 16:54:06.773,ARDUINO_PSI,Arduino,0.000,0.000,0.000,,
751.133148,2026-03-16 16:54:06.873,ARDUINO_PSI,Arduino,0.000,0.000,0.000,,
751.233403,2026-03-16 16:54:06.974,ARDUINO_PSI,Arduino,0.000,0.000,0.000,,
751.333292,2026-03-16 16:54:07.073,ARDUINO_PSI,Arduino,0.000,0.000,0.000,,
751.433331,2026-03-16 16:54:07.173,ARDUINO_PSI,Arduino,0.000,0.000,0.000,,
751.533750,2026-03-16 16:54:07.274,ARDUINO_PSI,Arduino,0.000,0.000,0.000,,
751.633175,2026-03-16 16:54:07.373,ARDUINO_PSI,Arduino,0.000,0.000,0.000,,
751.733272,2026-03-16 16:54:07.473,ARDUINO_PSI,Arduino,0.000,0.000,0.000,,
751.833403,2026-03-16 16:54:07.574,ARDUINO_PSI,Arduino,0.000,0.000,0.000,,
751.933128,2026-03-16 16:54:07.673,ARDUINO_PSI,Arduino,0.000,0.000,0.000,,
752.033272,2026-03-16 16:54:07.773,ARDUINO_PSI,Arduino,0.000,0.000,0.000,,
752.133405,2026-03-16 16:54:07.874,ARDUINO_PSI,Arduino,0.000,0.000,0.000,,
752.233196,2026-03-16 16:54:07.973,ARDUINO_PSI,Arduino,0.000,0.000,0.000,,
752.333205,2026-03-16 16:54:08.073,ARDUINO_PSI,Arduino,0.000,0.000,0.000,,
752.433344,2026-03-16 16:54:08.173,ARDUINO_PSI,Arduino,0.000,0.000,0.000,,
752.533132,2026-03-16 16:54:08.273,ARDUINO_PSI,Arduino,0.000,0.000,0.000,,
752.633224,2026-03-16 16:54:08.373,ARDUINO_PSI,Arduino,0.000,0.000,0.000,,
752.733132,2026-03-16 16:54:08.473,ARDUINO_PSI,Arduino,0.000,0.000,0.000,,
752.833190,2026-03-16 16:54:08.573,ARDUINO_PSI,Arduino,0.000,0.000,0.000,,
752.933292,2026-03-16 16:54:08.673,ARDUINO_PSI,Arduino,0.000,0.000,0.000,,
753.033222,2026-03-16 16:54:08.773,ARDUINO_PSI,Arduino,0.000,0.000,0.000,,
753.133232,2026-03-16 16:54:08.873,ARDUINO_PSI,Arduino,0.000,0.000,0.000,,
753.233422,2026-03-16 16:54:08.974,ARDUINO_PSI,Arduino,0.000,0.000,0.000,,
753.333297,2026-03-16 16:54:09.073,ARDUINO_PSI,Arduino,0.000,0.000,0.000,,
753.433044,2026-03-16 16:54:09.173,ARDUINO_PSI,Arduino,0.000,0.000,0.000,,
753.533008,2026-03-16 16:54:09.273,ARDUINO_PSI,Arduino,0.000,0.000,0.000,,
753.633508,2026-03-16 16:54:09.374,ARDUINO_PSI,Arduino,0.000,0.000,0.000,,
753.733164,2026-03-16 16:54:09.473,ARDUINO_PSI,Arduino,0.000,0.000,0.000,,
753.833407,2026-03-16 16:54:09.574,ARDUINO_PSI,Arduino,0.000,0.000,0.000,,
753.933413,2026-03-16 16:54:09.674,ARDUINO_PSI,Arduino,0.000,0.000,0.000,,
754.033110,2026-03-16 16:54:09.773,ARDUINO_PSI,Arduino,0.000,0.000,0.000,,
754.133094,2026-03-16 16:54:09.873,ARDUINO_PSI,Arduino,0.000,0.000,0.000,,
754.233133,2026-03-16 16:54:09.973,ARDUINO_PSI,Arduino,0.000,0.000,0.000,,
754.333333,2026-03-16 16:54:10.073,ARDUINO_PSI,Arduino,0.000,0.000,0.000,,
754.433205,2026-03-16 16:54:10.173,ARDUINO_PSI,Arduino,0.000,0.000,0.000,,
754.533400,2026-03-16 16:54:10.274,ARDUINO_PSI,Arduino,0.000,0.000,0.000,,
754.633988,2026-03-16 16:54:10.374,ARDUINO_PSI,Arduino,0.000,0.000,0.000,,
754.733117,2026-03-16 16:54:10.473,ARDUINO_PSI,Arduino,0.000,0.000,0.000,,
754.833143,2026-03-16 16:54:10.573,ARDUINO_PSI,Arduino,0.000,0.000,0.000,,
754.933110,2026-03-16 16:54:10.673,ARDUINO_PSI,Arduino,0.000,0.000,0.000,,
755.033188,2026-03-16 16:54:10.773,ARDUINO_PSI,Arduino,0.000,0.000,0.000,,
755.133076,2026-03-16 16:54:10.873,ARDUINO_PSI,Arduino,0.000,0.000,0.000,,
755.233118,2026-03-16 16:54:10.973,ARDUINO_PSI,Arduino,0.000,0.000,0.000,,
755.333043,2026-03-16 16:54:11.073,ARDUINO_PSI,Arduino,0.000,0.000,0.000,,
755.433460,2026-03-16 16:54:11.174,ARDUINO_PSI,Arduino,0.000,0.000,0.000,,
755.533637,2026-03-16 16:54:11.274,ARDUINO_PSI,Arduino,0.000,0.000,0.000,,
755.633179,2026-03-16 16:54:11.373,ARDUINO_PSI,Arduino,0.000,0.000,0.000,,
755.733167,2026-03-16 16:54:11.473,ARDUINO_PSI,Arduino,0.000,0.000,0.000,,
755.833261,2026-03-16 16:54:11.573,ARDUINO_PSI,Arduino,0.000,0.000,0.000,,
755.933290,2026-03-16 16:54:11.673,ARDUINO_PSI,Arduino,0.000,0.000,0.000,,
756.033181,2026-03-16 16:54:11.773,ARDUINO_PSI,Arduino,0.000,0.000,0.000,,
756.133109,2026-03-16 16:54:11.873,ARDUINO_PSI,Arduino,0.000,0.000,0.000,,
756.232937,2026-03-16 16:54:11.973,ARDUINO_PSI,Arduino,0.000,0.000,0.000,,
756.333024,2026-03-16 16:54:12.073,ARDUINO_PSI,Arduino,0.000,0.000,0.000,,
756.433185,2026-03-16 16:54:12.173,ARDUINO_PSI,Arduino,0.000,0.000,0.000,,
756.533129,2026-03-16 16:54:12.273,ARDUINO_PSI,Arduino,0.000,0.000,0.000,,
756.633192,2026-03-16 16:54:12.373,ARDUINO_PSI,Arduino,0.000,0.000,0.000,,
756.733188,2026-03-16 16:54:12.473,ARDUINO_PSI,Arduino,0.000,0.000,0.000,,
756.832867,2026-03-16 16:54:12.573,ARDUINO_PSI,Arduino,0.000,0.000,0.000,,
756.933129,2026-03-16 16:54:12.673,ARDUINO_PSI,Arduino,0.000,0.000,0.000,,
757.033090,2026-03-16 16:54:12.773,ARDUINO_PSI,Arduino,0.000,0.000,0.000,,
757.133199,2026-03-16 16:54:12.873,ARDUINO_PSI,Arduino,0.000,0.000,0.000,,
757.233161,2026-03-16 16:54:12.973,ARDUINO_PSI,Arduino,0.000,0.000,0.000,,
757.333122,2026-03-16 16:54:13.073,ARDUINO_PSI,Arduino,0.000,0.000,0.000,,
757.433970,2026-03-16 16:54:13.174,ARDUINO_PSI,Arduino,0.000,0.000,0.000,,
757.533126,2026-03-16 16:54:13.273,ARDUINO_PSI,Arduino,0.000,0.000,0.000,,
757.633221,2026-03-16 16:54:13.373,ARDUINO_PSI,Arduino,0.000,0.000,0.000,,
757.733233,2026-03-16 16:54:13.473,ARDUINO_PSI,Arduino,0.000,0.000,0.000,,
757.833153,2026-03-16 16:54:13.573,ARDUINO_PSI,Arduino,0.000,0.000,0.000,,
757.933122,2026-03-16 16:54:13.673,ARDUINO_PSI,Arduino,0.000,0.000,0.000,,
758.033144,2026-03-16 16:54:13.773,ARDUINO_PSI,Arduino,0.000,0.000,0.000,,
758.133238,2026-03-16 16:54:13.873,ARDUINO_PSI,Arduino,0.000,0.000,0.000,,
758.233128,2026-03-16 16:54:13.973,ARDUINO_PSI,Arduino,0.000,0.000,0.000,,
758.333201,2026-03-16 16:54:14.073,ARDUINO_PSI,Arduino,0.000,0.000,0.000,,
758.433271,2026-03-16 16:54:14.173,ARDUINO_PSI,Arduino,0.000,0.000,0.000,,
758.533057,2026-03-16 16:54:14.273,ARDUINO_PSI,Arduino,0.000,0.000,0.000,,
758.633205,2026-03-16 16:54:14.373,ARDUINO_PSI,Arduino,0.000,0.000,0.000,,
758.733379,2026-03-16 16:54:14.474,ARDUINO_PSI,Arduino,0.000,0.000,0.000,,
758.833393,2026-03-16 16:54:14.574,ARDUINO_PSI,Arduino,0.000,0.000,0.000,,
758.933449,2026-03-16 16:54:14.674,ARDUINO_PSI,Arduino,0.000,0.000,0.000,,
759.033246,2026-03-16 16:54:14.773,ARDUINO_PSI,Arduino,0.000,0.000,0.000,,
759.132871,2026-03-16 16:54:14.873,ARDUINO_PSI,Arduino,0.000,0.000,0.000,,
759.233081,2026-03-16 16:54:14.973,ARDUINO_PSI,Arduino,0.000,0.000,0.000,,
759.333509,2026-03-16 16:54:15.074,ARDUINO_PSI,Arduino,0.000,0.000,0.000,,
759.433268,2026-03-16 16:54:15.173,ARDUINO_PSI,Arduino,0.000,0.000,0.000,,
759.533155,2026-03-16 16:54:15.273,ARDUINO_PSI,Arduino,0.000,0.000,0.000,,
759.632895,2026-03-16 16:54:15.373,ARDUINO_PSI,Arduino,0.000,0.000,0.000,,
759.733114,2026-03-16 16:54:15.473,ARDUINO_PSI,Arduino,0.000,0.000,0.000,,
759.833414,2026-03-16 16:54:15.574,ARDUINO_PSI,Arduino,0.000,0.000,0.000,,
759.933061,2026-03-16 16:54:15.673,ARDUINO_PSI,Arduino,0.000,0.000,0.000,,
760.033123,2026-03-16 16:54:15.773,ARDUINO_PSI,Arduino,0.000,0.000,0.000,,
760.133143,2026-03-16 16:54:15.873,ARDUINO_PSI,Arduino,0.000,0.000,0.000,,
760.233013,2026-03-16 16:54:15.973,ARDUINO_PSI,Arduino,0.000,0.000,0.000,,
760.333173,2026-03-16 16:54:16.073,ARDUINO_PSI,Arduino,0.000,0.000,0.000,,
760.433105,2026-03-16 16:54:16.173,ARDUINO_PSI,Arduino,0.000,0.000,0.000,,
760.533227,2026-03-16 16:54:16.273,ARDUINO_PSI,Arduino,0.000,0.000,0.000,,
760.633178,2026-03-16 16:54:16.373,ARDUINO_PSI,Arduino,0.000,0.000,0.000,,
760.733106,2026-03-16 16:54:16.473,ARDUINO_PSI,Arduino,0.000,0.000,0.000,,
760.833316,2026-03-16 16:54:16.573,ARDUINO_PSI,Arduino,0.000,0.000,0.000,,
760.933064,2026-03-16 16:54:16.673,ARDUINO_PSI,Arduino,0.000,0.000,0.000,,
761.033096,2026-03-16 16:54:16.773,ARDUINO_PSI,Arduino,0.000,0.000,0.000,,
761.133045,2026-03-16 16:54:16.873,ARDUINO_PSI,Arduino,0.000,0.000,0.000,,
761.233291,2026-03-16 16:54:16.973,ARDUINO_PSI,Arduino,0.000,0.000,0.000,,
761.333435,2026-03-16 16:54:17.074,ARDUINO_PSI,Arduino,0.000,0.000,0.000,,
761.433197,2026-03-16 16:54:17.173,ARDUINO_PSI,Arduino,0.000,0.000,0.000,,
761.533226,2026-03-16 16:54:17.273,ARDUINO_PSI,Arduino,0.000,0.000,0.000,,
761.632919,2026-03-16 16:54:17.373,ARDUINO_PSI,Arduino,0.000,0.000,0.000,,
761.733189,2026-03-16 16:54:17.473,ARDUINO_PSI,Arduino,0.000,0.000,0.000,,
761.833266,2026-03-16 16:54:17.573,ARDUINO_PSI,Arduino,0.000,0.000,0.000,,
761.933407,2026-03-16 16:54:17.674,ARDUINO_PSI,Arduino,0.000,0.000,0.000,,
762.033438,2026-03-16 16:54:17.774,ARDUINO_PSI,Arduino,0.000,0.000,0.000,,
762.133449,2026-03-16 16:54:17.874,ARDUINO_PSI,Arduino,0.000,0.000,0.000,,
762.233069,2026-03-16 16:54:17.973,ARDUINO_PSI,Arduino,0.000,0.000,0.000,,
762.333180,2026-03-16 16:54:18.073,ARDUINO_PSI,Arduino,0.000,0.000,0.000,,
762.433319,2026-03-16 16:54:18.173,ARDUINO_PSI,Arduino,0.000,0.000,0.000,,
762.533309,2026-03-16 16:54:18.273,ARDUINO_PSI,Arduino,0.000,0.000,0.000,,
762.633281,2026-03-16 16:54:18.373,ARDUINO_PSI,Arduino,0.000,0.000,0.000,,
762.733178,2026-03-16 16:54:18.473,ARDUINO_PSI,Arduino,0.000,0.000,0.000,,
762.833398,2026-03-16 16:54:18.574,ARDUINO_PSI,Arduino,0.000,0.000,0.000,,
762.933165,2026-03-16 16:54:18.673,ARDUINO_PSI,Arduino,0.000,0.000,0.000,,
763.033110,2026-03-16 16:54:18.773,ARDUINO_PSI,Arduino,0.000,0.000,0.000,,
763.133165,2026-03-16 16:54:18.873,ARDUINO_PSI,Arduino,0.000,0.000,0.000,,
763.233163,2026-03-16 16:54:18.973,ARDUINO_PSI,Arduino,0.000,0.000,0.000,,
763.333546,2026-03-16 16:54:19.074,ARDUINO_PSI,Arduino,0.000,0.000,0.000,,
763.433227,2026-03-16 16:54:19.173,ARDUINO_PSI,Arduino,0.000,0.000,0.000,,
763.533554,2026-03-16 16:54:19.274,ARDUINO_PSI,Arduino,0.000,0.000,0.000,,
763.633425,2026-03-16 16:54:19.374,ARDUINO_PSI,Arduino,0.000,0.000,0.000,,
763.733138,2026-03-16 16:54:19.473,ARDUINO_PSI,Arduino,0.000,0.000,0.000,,
763.833381,2026-03-16 16:54:19.574,ARDUINO_PSI,Arduino,0.000,0.000,0.000,,
763.933207,2026-03-16 16:54:19.673,ARDUINO_PSI,Arduino,0.000,0.000,0.000,,
764.033141,2026-03-16 16:54:19.773,ARDUINO_PSI,Arduino,0.000,0.000,0.000,,
764.133386,2026-03-16 16:54:19.874,ARDUINO_PSI,Arduino,0.000,0.000,0.000,,
764.233234,2026-03-16 16:54:19.973,ARDUINO_PSI,Arduino,0.000,0.000,0.000,,
764.333487,2026-03-16 16:54:20.074,ARDUINO_PSI,Arduino,0.000,0.000,0.000,,
764.433410,2026-03-16 16:54:20.174,ARDUINO_PSI,Arduino,0.000,0.000,0.000,,
764.533181,2026-03-16 16:54:20.273,ARDUINO_PSI,Arduino,0.000,0.000,0.000,,
764.633312,2026-03-16 16:54:20.373,ARDUINO_PSI,Arduino,0.000,0.000,0.000,,
764.733239,2026-03-16 16:54:20.473,ARDUINO_PSI,Arduino,0.000,0.000,0.000,,
764.833480,2026-03-16 16:54:20.574,ARDUINO_PSI,Arduino,0.000,0.000,0.000,,
764.933105,2026-03-16 16:54:20.673,ARDUINO_PSI,Arduino,0.000,0.000,0.000,,
765.033555,2026-03-16 16:54:20.774,ARDUINO_PSI,Arduino,0.000,0.000,0.000,,
765.133333,2026-03-16 16:54:20.873,ARDUINO_PSI,Arduino,0.000,0.000,0.000,,
765.233257,2026-03-16 16:54:20.973,ARDUINO_PSI,Arduino,0.000,0.000,0.000,,
765.333165,2026-03-16 16:54:21.073,ARDUINO_PSI,Arduino,0.000,0.000,0.000,,
765.433274,2026-03-16 16:54:21.173,ARDUINO_PSI,Arduino,0.000,0.000,0.000,,
765.533308,2026-03-16 16:54:21.273,ARDUINO_PSI,Arduino,0.000,0.000,0.000,,
765.633208,2026-03-16 16:54:21.373,ARDUINO_PSI,Arduino,0.000,0.000,0.000,,
765.733280,2026-03-16 16:54:21.473,ARDUINO_PSI,Arduino,0.000,0.000,0.000,,
765.833198,2026-03-16 16:54:21.573,ARDUINO_PSI,Arduino,0.000,0.000,0.000,,
765.933311,2026-03-16 16:54:21.673,ARDUINO_PSI,Arduino,0.000,0.000,0.000,,
766.033229,2026-03-16 16:54:21.773,ARDUINO_PSI,Arduino,0.000,0.000,0.000,,
766.133461,2026-03-16 16:54:21.874,ARDUINO_PSI,Arduino,0.000,0.000,0.000,,
766.233312,2026-03-16 16:54:21.973,ARDUINO_PSI,Arduino,0.000,0.000,0.000,,
766.333168,2026-03-16 16:54:22.073,ARDUINO_PSI,Arduino,0.000,0.000,0.000,,
766.433280,2026-03-16 16:54:22.173,ARDUINO_PSI,Arduino,0.000,0.000,0.000,,
766.533243,2026-03-16 16:54:22.273,ARDUINO_PSI,Arduino,0.000,0.000,0.000,,
766.633233,2026-03-16 16:54:22.373,ARDUINO_PSI,Arduino,0.000,0.000,0.000,,
766.733064,2026-03-16 16:54:22.473,ARDUINO_PSI,Arduino,0.000,0.000,0.000,,
766.833343,2026-03-16 16:54:22.573,ARDUINO_PSI,Arduino,0.000,0.000,0.000,,
766.933174,2026-03-16 16:54:22.673,ARDUINO_PSI,Arduino,0.000,0.000,0.000,,
767.033224,2026-03-16 16:54:22.773,ARDUINO_PSI,Arduino,0.000,0.000,0.000,,
767.133342,2026-03-16 16:54:22.873,ARDUINO_PSI,Arduino,0.000,0.000,0.000,,
767.233208,2026-03-16 16:54:22.973,ARDUINO_PSI,Arduino,0.000,0.000,0.000,,
767.333228,2026-03-16 16:54:23.073,ARDUINO_PSI,Arduino,0.000,0.000,0.000,,
767.433210,2026-03-16 16:54:23.173,ARDUINO_PSI,Arduino,0.000,0.000,0.000,,
767.533253,2026-03-16 16:54:23.273,ARDUINO_PSI,Arduino,0.000,0.000,0.000,,
767.633412,2026-03-16 16:54:23.374,ARDUINO_PSI,Arduino,0.000,0.000,0.000,,
767.733057,2026-03-16 16:54:23.473,ARDUINO_PSI,Arduino,0.000,0.000,0.000,,
767.833240,2026-03-16 16:54:23.573,ARDUINO_PSI,Arduino,0.000,0.000,0.000,,
767.933233,2026-03-16 16:54:23.673,ARDUINO_PSI,Arduino,0.000,0.000,0.000,,
768.033339,2026-03-16 16:54:23.773,ARDUINO_PSI,Arduino,0.000,0.000,0.000,,
768.133097,2026-03-16 16:54:23.873,ARDUINO_PSI,Arduino,0.000,0.000,0.000,,
768.233176,2026-03-16 16:54:23.973,ARDUINO_PSI,Arduino,0.000,0.000,0.000,,
768.333335,2026-03-16 16:54:24.073,ARDUINO_PSI,Arduino,0.000,0.000,0.000,,
768.433309,2026-03-16 16:54:24.173,ARDUINO_PSI,Arduino,0.000,0.000,0.000,,
768.533409,2026-03-16 16:54:24.274,ARDUINO_PSI,Arduino,0.000,0.000,0.000,,
768.633288,2026-03-16 16:54:24.373,ARDUINO_PSI,Arduino,0.000,0.000,0.000,,
768.733260,2026-03-16 16:54:24.473,ARDUINO_PSI,Arduino,0.000,0.000,0.000,,
768.833200,2026-03-16 16:54:24.573,ARDUINO_PSI,Arduino,0.000,0.000,0.000,,
768.933300,2026-03-16 16:54:24.673,ARDUINO_PSI,Arduino,0.000,0.000,0.000,,
769.033137,2026-03-16 16:54:24.773,ARDUINO_PSI,Arduino,0.000,0.000,0.000,,
769.133274,2026-03-16 16:54:24.873,ARDUINO_PSI,Arduino,0.000,0.000,0.000,,
769.233228,2026-03-16 16:54:24.973,ARDUINO_PSI,Arduino,0.000,0.000,0.000,,
769.333303,2026-03-16 16:54:25.073,ARDUINO_PSI,Arduino,0.000,0.000,0.000,,
769.433197,2026-03-16 16:54:25.173,ARDUINO_PSI,Arduino,0.000,0.000,0.000,,
769.533581,2026-03-16 16:54:25.274,ARDUINO_PSI,Arduino,0.000,0.000,0.000,,
769.633506,2026-03-16 16:54:25.374,ARDUINO_PSI,Arduino,0.000,0.000,0.000,,
769.733443,2026-03-16 16:54:25.474,ARDUINO_PSI,Arduino,0.000,0.000,0.000,,
769.833316,2026-03-16 16:54:25.573,ARDUINO_PSI,Arduino,0.000,0.000,0.000,,
769.933212,2026-03-16 16:54:25.673,ARDUINO_PSI,Arduino,0.000,0.000,0.000,,
770.033109,2026-03-16 16:54:25.773,ARDUINO_PSI,Arduino,0.000,0.000,0.000,,
770.133498,2026-03-16 16:54:25.874,ARDUINO_PSI,Arduino,0.000,0.000,0.000,,
770.233224,2026-03-16 16:54:25.973,ARDUINO_PSI,Arduino,0.000,0.000,0.000,,
770.333160,2026-03-16 16:54:26.073,ARDUINO_PSI,Arduino,0.000,0.000,0.000,,
770.433578,2026-03-16 16:54:26.174,ARDUINO_PSI,Arduino,0.000,0.000,0.000,,
770.533142,2026-03-16 16:54:26.273,ARDUINO_PSI,Arduino,0.000,0.000,0.000,,
770.633145,2026-03-16 16:54:26.373,ARDUINO_PSI,Arduino,0.000,0.000,0.000,,
770.733178,2026-03-16 16:54:26.473,ARDUINO_PSI,Arduino,0.000,0.000,0.000,,
770.833138,2026-03-16 16:54:26.573,ARDUINO_PSI,Arduino,0.000,0.000,0.000,,
770.933417,2026-03-16 16:54:26.674,ARDUINO_PSI,Arduino,0.000,0.000,0.000,,
771.033354,2026-03-16 16:54:26.773,ARDUINO_PSI,Arduino,0.000,0.000,0.000,,
771.133168,2026-03-16 16:54:26.873,ARDUINO_PSI,Arduino,0.000,0.000,0.000,,
771.233157,2026-03-16 16:54:26.973,ARDUINO_PSI,Arduino,0.000,0.000,0.000,,
771.333157,2026-03-16 16:54:27.073,ARDUINO_PSI,Arduino,0.000,0.000,0.000,,
771.433186,2026-03-16 16:54:27.173,ARDUINO_PSI,Arduino,0.000,0.000,0.000,,
771.533214,2026-03-16 16:54:27.273,ARDUINO_PSI,Arduino,0.000,0.000,0.000,,
771.633540,2026-03-16 16:54:27.374,ARDUINO_PSI,Arduino,0.000,0.000,0.000,,
771.733126,2026-03-16 16:54:27.473,ARDUINO_PSI,Arduino,0.000,0.000,0.000,,
771.833810,2026-03-16 16:54:27.574,ARDUINO_PSI,Arduino,0.000,0.000,0.000,,
771.933334,2026-03-16 16:54:27.673,ARDUINO_PSI,Arduino,0.000,0.000,0.000,,
772.033234,2026-03-16 16:54:27.773,ARDUINO_PSI,Arduino,0.000,0.000,0.000,,
772.133174,2026-03-16 16:54:27.873,ARDUINO_PSI,Arduino,0.000,0.000,0.000,,
772.233195,2026-03-16 16:54:27.973,ARDUINO_PSI,Arduino,0.000,0.000,0.000,,
772.333354,2026-03-16 16:54:28.073,ARDUINO_PSI,Arduino,0.000,0.000,0.000,,
772.433205,2026-03-16 16:54:28.173,ARDUINO_PSI,Arduino,0.000,0.000,0.000,,
772.533405,2026-03-16 16:54:28.274,ARDUINO_PSI,Arduino,0.000,0.000,0.000,,
772.633370,2026-03-16 16:54:28.374,ARDUINO_PSI,Arduino,0.000,0.000,0.000,,
772.734325,2026-03-16 16:54:28.474,ARDUINO_PSI,Arduino,0.000,0.000,0.000,,
772.833641,2026-03-16 16:54:28.574,ARDUINO_PSI,Arduino,0.000,0.000,0.000,,
772.933537,2026-03-16 16:54:28.674,ARDUINO_PSI,Arduino,0.000,0.000,0.000,,
773.034551,2026-03-16 16:54:28.775,ARDUINO_PSI,Arduino,0.000,0.000,0.000,,
773.134297,2026-03-16 16:54:28.874,ARDUINO_PSI,Arduino,0.000,0.000,0.000,,
773.234122,2026-03-16 16:54:28.974,ARDUINO_PSI,Arduino,0.000,0.000,0.000,,
773.333480,2026-03-16 16:54:29.074,ARDUINO_PSI,Arduino,0.000,0.000,0.000,,
773.433501,2026-03-16 16:54:29.174,ARDUINO_PSI,Arduino,0.000,0.000,0.000,,
773.533414,2026-03-16 16:54:29.274,ARDUINO_PSI,Arduino,0.000,0.000,0.000,,
773.633472,2026-03-16 16:54:29.374,ARDUINO_PSI,Arduino,0.000,0.000,0.000,,
773.733600,2026-03-16 16:54:29.474,ARDUINO_PSI,Arduino,0.000,0.000,0.000,,
773.834271,2026-03-16 16:54:29.574,ARDUINO_PSI,Arduino,0.000,0.000,0.000,,
773.933433,2026-03-16 16:54:29.674,ARDUINO_PSI,Arduino,0.000,0.000,0.000,,
774.033537,2026-03-16 16:54:29.774,ARDUINO_PSI,Arduino,0.000,0.000,0.000,,
774.133501,2026-03-16 16:54:29.874,ARDUINO_PSI,Arduino,0.000,0.000,0.000,,
774.234174,2026-03-16 16:54:29.974,ARDUINO_PSI,Arduino,0.000,0.000,0.000,,
774.334232,2026-03-16 16:54:30.074,ARDUINO_PSI,Arduino,0.000,0.000,0.000,,
774.433825,2026-03-16 16:54:30.174,ARDUINO_PSI,Arduino,0.000,0.000,0.000,,
774.534166,2026-03-16 16:54:30.274,ARDUINO_PSI,Arduino,0.000,0.000,0.000,,
774.633405,2026-03-16 16:54:30.374,ARDUINO_PSI,Arduino,0.000,0.000,0.000,,
774.733439,2026-03-16 16:54:30.474,ARDUINO_PSI,Arduino,0.000,0.000,0.000,,
774.833247,2026-03-16 16:54:30.573,ARDUINO_PSI,Arduino,0.000,0.000,0.000,,
774.933475,2026-03-16 16:54:30.674,ARDUINO_PSI,Arduino,0.000,0.000,0.000,,
775.033502,2026-03-16 16:54:30.774,ARDUINO_PSI,Arduino,0.000,0.000,0.000,,
775.134499,2026-03-16 16:54:30.875,ARDUINO_PSI,Arduino,0.000,0.000,0.000,,
775.233538,2026-03-16 16:54:30.974,ARDUINO_PSI,Arduino,0.000,0.000,0.000,,
775.333470,2026-03-16 16:54:31.074,ARDUINO_PSI,Arduino,0.000,0.000,0.000,,
775.432909,2026-03-16 16:54:31.173,ARDUINO_PSI,Arduino,0.000,0.000,0.000,,
775.532922,2026-03-16 16:54:31.273,ARDUINO_PSI,Arduino,0.000,0.000,0.000,,
775.634423,2026-03-16 16:54:31.375,ARDUINO_PSI,Arduino,0.000,0.000,0.000,,
775.733440,2026-03-16 16:54:31.474,ARDUINO_PSI,Arduino,0.000,0.000,0.000,,
775.833437,2026-03-16 16:54:31.574,ARDUINO_PSI,Arduino,0.000,0.000,0.000,,
775.933455,2026-03-16 16:54:31.674,ARDUINO_PSI,Arduino,0.000,0.000,0.000,,
776.033453,2026-03-16 16:54:31.774,ARDUINO_PSI,Arduino,0.000,0.000,0.000,,
776.134354,2026-03-16 16:54:31.874,ARDUINO_PSI,Arduino,0.000,0.000,0.000,,
776.234156,2026-03-16 16:54:31.974,ARDUINO_PSI,Arduino,0.000,0.000,0.000,,
776.333223,2026-03-16 16:54:32.073,ARDUINO_PSI,Arduino,0.000,0.000,0.000,,
776.433567,2026-03-16 16:54:32.174,ARDUINO_PSI,Arduino,0.000,0.000,0.000,,
776.533472,2026-03-16 16:54:32.274,ARDUINO_PSI,Arduino,0.000,0.000,0.000,,
776.633404,2026-03-16 16:54:32.374,ARDUINO_PSI,Arduino,0.000,0.000,0.000,,
776.734480,2026-03-16 16:54:32.475,ARDUINO_PSI,Arduino,0.000,0.000,0.000,,
776.833563,2026-03-16 16:54:32.574,ARDUINO_PSI,Arduino,0.000,0.000,0.000,,
776.933527,2026-03-16 16:54:32.674,ARDUINO_PSI,Arduino,0.000,0.000,0.000,,
777.033626,2026-03-16 16:54:32.774,ARDUINO_PSI,Arduino,0.000,0.000,0.000,,
777.133566,2026-03-16 16:54:32.874,ARDUINO_PSI,Arduino,0.000,0.000,0.000,,
777.233529,2026-03-16 16:54:32.974,ARDUINO_PSI,Arduino,0.000,0.000,0.000,,
777.333429,2026-03-16 16:54:33.074,ARDUINO_PSI,Arduino,0.000,0.000,0.000,,
777.434304,2026-03-16 16:54:33.174,ARDUINO_PSI,Arduino,0.000,0.000,0.000,,
777.534132,2026-03-16 16:54:33.274,ARDUINO_PSI,Arduino,0.000,0.000,0.000,,
777.634420,2026-03-16 16:54:33.375,ARDUINO_PSI,Arduino,0.000,0.000,0.000,,
777.733510,2026-03-16 16:54:33.474,ARDUINO_PSI,Arduino,0.000,0.000,0.000,,
777.833511,2026-03-16 16:54:33.574,ARDUINO_PSI,Arduino,0.000,0.000,0.000,,
777.933435,2026-03-16 16:54:33.674,ARDUINO_PSI,Arduino,0.000,0.000,0.000,,
778.033387,2026-03-16 16:54:33.774,ARDUINO_PSI,Arduino,0.000,0.000,0.000,,
778.133513,2026-03-16 16:54:33.874,ARDUINO_PSI,Arduino,0.000,0.000,0.000,,
778.233909,2026-03-16 16:54:33.974,ARDUINO_PSI,Arduino,0.000,0.000,0.000,,
778.334084,2026-03-16 16:54:34.074,ARDUINO_PSI,Arduino,0.000,0.000,0.000,,
778.433546,2026-03-16 16:54:34.174,ARDUINO_PSI,Arduino,0.000,0.000,0.000,,
778.534413,2026-03-16 16:54:34.275,ARDUINO_PSI,Arduino,0.000,0.000,0.000,,
778.633954,2026-03-16 16:54:34.374,ARDUINO_PSI,Arduino,0.000,0.000,0.000,,
778.733347,2026-03-16 16:54:34.473,ARDUINO_PSI,Arduino,0.000,0.000,0.000,,
778.833948,2026-03-16 16:54:34.574,ARDUINO_PSI,Arduino,0.000,0.000,0.000,,
778.934627,2026-03-16 16:54:34.675,ARDUINO_PSI,Arduino,0.000,0.000,0.000,,
779.033522,2026-03-16 16:54:34.774,ARDUINO_PSI,Arduino,0.000,0.000,0.000,,
779.133411,2026-03-16 16:54:34.874,ARDUINO_PSI,Arduino,0.000,0.000,0.000,,
779.233438,2026-03-16 16:54:34.974,ARDUINO_PSI,Arduino,0.000,0.000,0.000,,
779.334289,2026-03-16 16:54:35.074,ARDUINO_PSI,Arduino,0.000,0.000,0.000,,
779.433437,2026-03-16 16:54:35.174,ARDUINO_PSI,Arduino,0.000,0.000,0.000,,
779.533414,2026-03-16 16:54:35.274,ARDUINO_PSI,Arduino,0.000,0.000,0.000,,
779.633416,2026-03-16 16:54:35.374,ARDUINO_PSI,Arduino,0.000,0.000,0.000,,
779.733631,2026-03-16 16:54:35.474,ARDUINO_PSI,Arduino,0.000,0.000,0.000,,
779.833247,2026-03-16 16:54:35.573,ARDUINO_PSI,Arduino,0.000,0.000,0.000,,
779.933219,2026-03-16 16:54:35.673,ARDUINO_PSI,Arduino,0.000,0.000,0.000,,
780.033368,2026-03-16 16:54:35.773,ARDUINO_PSI,Arduino,0.000,0.000,0.000,,
780.133151,2026-03-16 16:54:35.873,ARDUINO_PSI,Arduino,0.000,0.000,0.000,,
780.233113,2026-03-16 16:54:35.973,ARDUINO_PSI,Arduino,0.000,0.000,0.000,,
780.333646,2026-03-16 16:54:36.074,ARDUINO_PSI,Arduino,0.000,0.000,0.000,,
780.433937,2026-03-16 16:54:36.174,ARDUINO_PSI,Arduino,0.000,0.000,0.000,,
780.533562,2026-03-16 16:54:36.274,ARDUINO_PSI,Arduino,0.000,0.000,0.000,,
780.633495,2026-03-16 16:54:36.374,ARDUINO_PSI,Arduino,0.000,0.000,0.000,,
780.733954,2026-03-16 16:54:36.474,ARDUINO_PSI,Arduino,0.000,0.000,0.000,,
780.833475,2026-03-16 16:54:36.574,ARDUINO_PSI,Arduino,0.000,0.000,0.000,,
780.933538,2026-03-16 16:54:36.674,ARDUINO_PSI,Arduino,0.000,0.000,0.000,,
781.034111,2026-03-16 16:54:36.774,ARDUINO_PSI,Arduino,0.000,0.000,0.000,,
781.133560,2026-03-16 16:54:36.874,ARDUINO_PSI,Arduino,0.000,0.000,0.000,,
781.233508,2026-03-16 16:54:36.974,ARDUINO_PSI,Arduino,0.000,0.000,0.000,,
781.333966,2026-03-16 16:54:37.074,ARDUINO_PSI,Arduino,0.000,0.000,0.000,,
781.433328,2026-03-16 16:54:37.173,ARDUINO_PSI,Arduino,0.000,0.000,0.000,,
781.534707,2026-03-16 16:54:37.275,ARDUINO_PSI,Arduino,0.000,0.000,0.000,,
781.633476,2026-03-16 16:54:37.374,ARDUINO_PSI,Arduino,0.000,0.000,0.000,,
781.733434,2026-03-16 16:54:37.474,ARDUINO_PSI,Arduino,0.000,0.000,0.000,,
781.833757,2026-03-16 16:54:37.574,ARDUINO_PSI,Arduino,0.000,0.000,0.000,,
781.934096,2026-03-16 16:54:37.674,ARDUINO_PSI,Arduino,0.000,0.000,0.000,,
782.033499,2026-03-16 16:54:37.774,ARDUINO_PSI,Arduino,0.000,0.000,0.000,,
782.133528,2026-03-16 16:54:37.874,ARDUINO_PSI,Arduino,0.000,0.000,0.000,,
782.233420,2026-03-16 16:54:37.974,ARDUINO_PSI,Arduino,0.000,0.000,0.000,,
782.333597,2026-03-16 16:54:38.074,ARDUINO_PSI,Arduino,0.000,0.000,0.000,,
782.433297,2026-03-16 16:54:38.173,ARDUINO_PSI,Arduino,0.000,0.000,0.000,,
782.534692,2026-03-16 16:54:38.275,ARDUINO_PSI,Arduino,0.000,0.000,0.000,,
782.633425,2026-03-16 16:54:38.374,ARDUINO_PSI,Arduino,0.000,0.000,0.000,,
782.735166,2026-03-16 16:54:38.475,ARDUINO_PSI,Arduino,0.000,0.000,0.000,,
782.834272,2026-03-16 16:54:38.574,ARDUINO_PSI,Arduino,0.000,0.000,0.000,,
782.933399,2026-03-16 16:54:38.674,ARDUINO_PSI,Arduino,0.000,0.000,0.000,,
783.033564,2026-03-16 16:54:38.774,ARDUINO_PSI,Arduino,0.000,0.000,0.000,,
783.133438,2026-03-16 16:54:38.874,ARDUINO_PSI,Arduino,0.000,0.000,0.000,,
783.233640,2026-03-16 16:54:38.974,ARDUINO_PSI,Arduino,0.000,0.000,0.000,,
783.333704,2026-03-16 16:54:39.074,ARDUINO_PSI,Arduino,0.000,0.000,0.000,,
783.433493,2026-03-16 16:54:39.174,ARDUINO_PSI,Arduino,0.000,0.000,0.000,,
783.533432,2026-03-16 16:54:39.274,ARDUINO_PSI,Arduino,0.000,0.000,0.000,,
783.634355,2026-03-16 16:54:39.374,ARDUINO_PSI,Arduino,0.000,0.000,0.000,,
783.733527,2026-03-16 16:54:39.474,ARDUINO_PSI,Arduino,0.000,0.000,0.000,,
783.833046,2026-03-16 16:54:39.573,ARDUINO_PSI,Arduino,0.000,0.000,0.000,,
783.934094,2026-03-16 16:54:39.674,ARDUINO_PSI,Arduino,0.000,0.000,0.000,,
784.033484,2026-03-16 16:54:39.774,ARDUINO_PSI,Arduino,0.000,0.000,0.000,,
784.133731,2026-03-16 16:54:39.874,ARDUINO_PSI,Arduino,0.000,0.000,0.000,,
784.233538,2026-03-16 16:54:39.974,ARDUINO_PSI,Arduino,0.000,0.000,0.000,,
784.333572,2026-03-16 16:54:40.074,ARDUINO_PSI,Arduino,0.000,0.000,0.000,,
784.433450,2026-03-16 16:54:40.174,ARDUINO_PSI,Arduino,0.000,0.000,0.000,,
784.533581,2026-03-16 16:54:40.274,ARDUINO_PSI,Arduino,0.000,0.000,0.000,,
784.634439,2026-03-16 16:54:40.375,ARDUINO_PSI,Arduino,0.000,0.000,0.000,,
784.733453,2026-03-16 16:54:40.474,ARDUINO_PSI,Arduino,0.000,0.000,0.000,,
784.834729,2026-03-16 16:54:40.575,ARDUINO_PSI,Arduino,0.000,0.000,0.000,,
784.934226,2026-03-16 16:54:40.674,ARDUINO_PSI,Arduino,0.000,0.000,0.000,,
785.033680,2026-03-16 16:54:40.774,ARDUINO_PSI,Arduino,0.000,0.000,0.000,,
785.133390,2026-03-16 16:54:40.874,ARDUINO_PSI,Arduino,0.000,0.000,0.000,,
785.234200,2026-03-16 16:54:40.974,ARDUINO_PSI,Arduino,0.000,0.000,0.000,,
785.333468,2026-03-16 16:54:41.074,ARDUINO_PSI,Arduino,0.000,0.000,0.000,,
785.433520,2026-03-16 16:54:41.174,ARDUINO_PSI,Arduino,0.000,0.000,0.000,,
785.533451,2026-03-16 16:54:41.274,ARDUINO_PSI,Arduino,0.000,0.000,0.000,,
785.633519,2026-03-16 16:54:41.374,ARDUINO_PSI,Arduino,0.000,0.000,0.000,,
785.733550,2026-03-16 16:54:41.474,ARDUINO_PSI,Arduino,0.000,0.000,0.000,,
785.833312,2026-03-16 16:54:41.573,ARDUINO_PSI,Arduino,0.000,0.000,0.000,,
785.933698,2026-03-16 16:54:41.674,ARDUINO_PSI,Arduino,0.000,0.000,0.000,,
786.033449,2026-03-16 16:54:41.774,ARDUINO_PSI,Arduino,0.000,0.000,0.000,,
786.133451,2026-03-16 16:54:41.874,ARDUINO_PSI,Arduino,0.000,0.000,0.000,,
786.234201,2026-03-16 16:54:41.974,ARDUINO_PSI,Arduino,0.000,0.000,0.000,,
786.333592,2026-03-16 16:54:42.074,ARDUINO_PSI,Arduino,0.000,0.000,0.000,,
786.433470,2026-03-16 16:54:42.174,ARDUINO_PSI,Arduino,0.000,0.000,0.000,,
786.533420,2026-03-16 16:54:42.274,ARDUINO_PSI,Arduino,0.000,0.000,0.000,,
786.633540,2026-03-16 16:54:42.374,ARDUINO_PSI,Arduino,0.000,0.000,0.000,,
786.733480,2026-03-16 16:54:42.474,ARDUINO_PSI,Arduino,0.000,0.000,0.000,,
786.833535,2026-03-16 16:54:42.574,ARDUINO_PSI,Arduino,0.000,0.000,0.000,,
786.934602,2026-03-16 16:54:42.675,ARDUINO_PSI,Arduino,0.000,0.000,0.000,,
787.033433,2026-03-16 16:54:42.774,ARDUINO_PSI,Arduino,0.000,0.000,0.000,,
787.133556,2026-03-16 16:54:42.874,ARDUINO_PSI,Arduino,0.000,0.000,0.000,,
787.234777,2026-03-16 16:54:42.975,ARDUINO_PSI,Arduino,0.000,0.000,0.000,,
787.333133,2026-03-16 16:54:43.073,ARDUINO_PSI,Arduino,0.000,0.000,0.000,,
787.433982,2026-03-16 16:54:43.174,ARDUINO_PSI,Arduino,0.000,0.000,0.000,,
787.533572,2026-03-16 16:54:43.274,ARDUINO_PSI,Arduino,0.000,0.000,0.000,,
787.633472,2026-03-16 16:54:43.374,ARDUINO_PSI,Arduino,0.000,0.000,0.000,,
787.733477,2026-03-16 16:54:43.474,ARDUINO_PSI,Arduino,0.000,0.000,0.000,,
787.833680,2026-03-16 16:54:43.574,ARDUINO_PSI,Arduino,0.000,0.000,0.000,,
787.933532,2026-03-16 16:54:43.674,ARDUINO_PSI,Arduino,0.000,0.000,0.000,,
788.034244,2026-03-16 16:54:43.774,ARDUINO_PSI,Arduino,0.000,0.000,0.000,,
788.133483,2026-03-16 16:54:43.874,ARDUINO_PSI,Arduino,0.000,0.000,0.000,,
788.233482,2026-03-16 16:54:43.974,ARDUINO_PSI,Arduino,0.000,0.000,0.000,,
788.333462,2026-03-16 16:54:44.074,ARDUINO_PSI,Arduino,0.000,0.000,0.000,,
788.433372,2026-03-16 16:54:44.174,ARDUINO_PSI,Arduino,0.000,0.000,0.000,,
788.533445,2026-03-16 16:54:44.274,ARDUINO_PSI,Arduino,0.000,0.000,0.000,,
788.633420,2026-03-16 16:54:44.374,ARDUINO_PSI,Arduino,0.000,0.000,0.000,,
788.733526,2026-03-16 16:54:44.474,ARDUINO_PSI,Arduino,0.000,0.000,0.000,,
788.833715,2026-03-16 16:54:44.574,ARDUINO_PSI,Arduino,0.000,0.000,0.000,,
788.934336,2026-03-16 16:54:44.674,ARDUINO_PSI,Arduino,0.000,0.000,0.000,,
789.034304,2026-03-16 16:54:44.774,ARDUINO_PSI,Arduino,0.000,0.000,0.000,,
789.133791,2026-03-16 16:54:44.874,ARDUINO_PSI,Arduino,0.000,0.000,0.000,,
789.234016,2026-03-16 16:54:44.974,ARDUINO_PSI,Arduino,0.000,0.000,0.000,,
789.334146,2026-03-16 16:54:45.074,ARDUINO_PSI,Arduino,0.000,0.000,0.000,,
789.433744,2026-03-16 16:54:45.174,ARDUINO_PSI,Arduino,0.000,0.000,0.000,,
789.533585,2026-03-16 16:54:45.274,ARDUINO_PSI,Arduino,0.000,0.000,0.000,,
789.633395,2026-03-16 16:54:45.374,ARDUINO_PSI,Arduino,0.000,0.000,0.000,,
789.733869,2026-03-16 16:54:45.474,ARDUINO_PSI,Arduino,0.000,0.000,0.000,,
789.833636,2026-03-16 16:54:45.574,ARDUINO_PSI,Arduino,0.000,0.000,0.000,,
789.933639,2026-03-16 16:54:45.674,ARDUINO_PSI,Arduino,0.000,0.000,0.000,,
790.033470,2026-03-16 16:54:45.774,ARDUINO_PSI,Arduino,0.000,0.000,0.000,,
790.133569,2026-03-16 16:54:45.874,ARDUINO_PSI,Arduino,0.000,0.000,0.000,,
790.233455,2026-03-16 16:54:45.974,ARDUINO_PSI,Arduino,0.000,0.000,0.000,,
790.333509,2026-03-16 16:54:46.074,ARDUINO_PSI,Arduino,0.000,0.000,0.000,,
790.434007,2026-03-16 16:54:46.174,ARDUINO_PSI,Arduino,0.000,0.000,0.000,,
790.533722,2026-03-16 16:54:46.274,ARDUINO_PSI,Arduino,0.000,0.000,0.000,,
790.633265,2026-03-16 16:54:46.373,ARDUINO_PSI,Arduino,0.000,0.000,0.000,,
790.734208,2026-03-16 16:54:46.474,ARDUINO_PSI,Arduino,0.000,0.000,0.000,,
790.833819,2026-03-16 16:54:46.574,ARDUINO_PSI,Arduino,0.000,0.000,0.000,,
790.933085,2026-03-16 16:54:46.673,ARDUINO_PSI,Arduino,0.000,0.000,0.000,,
791.032931,2026-03-16 16:54:46.773,ARDUINO_PSI,Arduino,0.000,0.000,0.000,,
791.133460,2026-03-16 16:54:46.874,ARDUINO_PSI,Arduino,0.000,0.000,0.000,,
791.234451,2026-03-16 16:54:46.975,ARDUINO_PSI,Arduino,0.000,0.000,0.000,,
791.333657,2026-03-16 16:54:47.074,ARDUINO_PSI,Arduino,0.000,0.000,0.000,,
791.433611,2026-03-16 16:54:47.174,ARDUINO_PSI,Arduino,0.000,0.000,0.000,,
791.533287,2026-03-16 16:54:47.273,ARDUINO_PSI,Arduino,0.000,0.000,0.000,,
791.633499,2026-03-16 16:54:47.374,ARDUINO_PSI,Arduino,0.000,0.000,0.000,,
791.733506,2026-03-16 16:54:47.474,ARDUINO_PSI,Arduino,0.000,0.000,0.000,,
791.834332,2026-03-16 16:54:47.574,ARDUINO_PSI,Arduino,0.000,0.000,0.000,,
791.934067,2026-03-16 16:54:47.674,ARDUINO_PSI,Arduino,0.000,0.000,0.000,,
792.033679,2026-03-16 16:54:47.774,ARDUINO_PSI,Arduino,0.000,0.000,0.000,,
792.134262,2026-03-16 16:54:47.874,ARDUINO_PSI,Arduino,0.000,0.000,0.000,,
792.234443,2026-03-16 16:54:47.975,ARDUINO_PSI,Arduino,0.000,0.000,0.000,,
792.333435,2026-03-16 16:54:48.074,ARDUINO_PSI,Arduino,0.000,0.000,0.000,,
792.434302,2026-03-16 16:54:48.174,ARDUINO_PSI,Arduino,0.000,0.000,0.000,,
792.533649,2026-03-16 16:54:48.274,ARDUINO_PSI,Arduino,0.000,0.000,0.000,,
792.633685,2026-03-16 16:54:48.374,ARDUINO_PSI,Arduino,0.000,0.000,0.000,,
792.733424,2026-03-16 16:54:48.474,ARDUINO_PSI,Arduino,0.000,0.000,0.000,,
792.833628,2026-03-16 16:54:48.574,ARDUINO_PSI,Arduino,0.000,0.000,0.000,,
792.933560,2026-03-16 16:54:48.674,ARDUINO_PSI,Arduino,0.000,0.000,0.000,,
793.033452,2026-03-16 16:54:48.774,ARDUINO_PSI,Arduino,0.000,0.000,0.000,,
793.133524,2026-03-16 16:54:48.874,ARDUINO_PSI,Arduino,0.000,0.000,0.000,,
793.233538,2026-03-16 16:54:48.974,ARDUINO_PSI,Arduino,0.000,0.000,0.000,,
793.334325,2026-03-16 16:54:49.074,ARDUINO_PSI,Arduino,0.000,0.000,0.000,,
793.433638,2026-03-16 16:54:49.174,ARDUINO_PSI,Arduino,0.000,0.000,0.000,,
793.534883,2026-03-16 16:54:49.275,ARDUINO_PSI,Arduino,0.000,0.000,0.000,,
793.633585,2026-03-16 16:54:49.374,ARDUINO_PSI,Arduino,0.000,0.000,0.000,,
793.733440,2026-03-16 16:54:49.474,ARDUINO_PSI,Arduino,0.000,0.000,0.000,,
793.833257,2026-03-16 16:54:49.573,ARDUINO_PSI,Arduino,0.000,0.000,0.000,,
793.934062,2026-03-16 16:54:49.674,ARDUINO_PSI,Arduino,0.000,0.000,0.000,,
794.033427,2026-03-16 16:54:49.774,ARDUINO_PSI,Arduino,0.000,0.000,0.000,,
794.134040,2026-03-16 16:54:49.874,ARDUINO_PSI,Arduino,0.000,0.000,0.000,,
794.233509,2026-03-16 16:54:49.974,ARDUINO_PSI,Arduino,0.000,0.000,0.000,,
794.333480,2026-03-16 16:54:50.074,ARDUINO_PSI,Arduino,0.000,0.000,0.000,,
794.433607,2026-03-16 16:54:50.174,ARDUINO_PSI,Arduino,0.000,0.000,0.000,,
794.533431,2026-03-16 16:54:50.274,ARDUINO_PSI,Arduino,0.000,0.000,0.000,,
794.633608,2026-03-16 16:54:50.374,ARDUINO_PSI,Arduino,0.000,0.000,0.000,,
794.733515,2026-03-16 16:54:50.474,ARDUINO_PSI,Arduino,0.000,0.000,0.000,,
794.834584,2026-03-16 16:54:50.575,ARDUINO_PSI,Arduino,0.000,0.000,0.000,,
794.934202,2026-03-16 16:54:50.674,ARDUINO_PSI,Arduino,0.000,0.000,0.000,,
795.033154,2026-03-16 16:54:50.773,ARDUINO_PSI,Arduino,0.000,0.000,0.000,,
795.133733,2026-03-16 16:54:50.874,ARDUINO_PSI,Arduino,0.000,0.000,0.000,,
795.233502,2026-03-16 16:54:50.974,ARDUINO_PSI,Arduino,0.000,0.000,0.000,,
795.333559,2026-03-16 16:54:51.074,ARDUINO_PSI,Arduino,0.000,0.000,0.000,,
795.433720,2026-03-16 16:54:51.174,ARDUINO_PSI,Arduino,0.000,0.000,0.000,,
795.533550,2026-03-16 16:54:51.274,ARDUINO_PSI,Arduino,0.000,0.000,0.000,,
795.634197,2026-03-16 16:54:51.374,ARDUINO_PSI,Arduino,0.000,0.000,0.000,,
795.733505,2026-03-16 16:54:51.474,ARDUINO_PSI,Arduino,0.000,0.000,0.000,,
795.834050,2026-03-16 16:54:51.574,ARDUINO_PSI,Arduino,0.000,0.000,0.000,,
795.933885,2026-03-16 16:54:51.674,ARDUINO_PSI,Arduino,0.000,0.000,0.000,,
796.034036,2026-03-16 16:54:51.774,ARDUINO_PSI,Arduino,0.000,0.000,0.000,,
796.133598,2026-03-16 16:54:51.874,ARDUINO_PSI,Arduino,0.000,0.000,0.000,,
796.233520,2026-03-16 16:54:51.974,ARDUINO_PSI,Arduino,0.000,0.000,0.000,,
796.333542,2026-03-16 16:54:52.074,ARDUINO_PSI,Arduino,0.000,0.000,0.000,,
796.433707,2026-03-16 16:54:52.174,ARDUINO_PSI,Arduino,0.000,0.000,0.000,,
796.533527,2026-03-16 16:54:52.274,ARDUINO_PSI,Arduino,0.000,0.000,0.000,,
796.633795,2026-03-16 16:54:52.374,ARDUINO_PSI,Arduino,0.000,0.000,0.000,,
796.733364,2026-03-16 16:54:52.473,ARDUINO_PSI,Arduino,0.000,0.000,0.000,,
796.833674,2026-03-16 16:54:52.574,ARDUINO_PSI,Arduino,0.000,0.000,0.000,,
796.934082,2026-03-16 16:54:52.674,ARDUINO_PSI,Arduino,0.000,0.000,0.000,,
797.034084,2026-03-16 16:54:52.774,ARDUINO_PSI,Arduino,0.000,0.000,0.000,,
797.134248,2026-03-16 16:54:52.874,ARDUINO_PSI,Arduino,0.000,0.000,0.000,,
797.233440,2026-03-16 16:54:52.974,ARDUINO_PSI,Arduino,0.000,0.000,0.000,,
797.333522,2026-03-16 16:54:53.074,ARDUINO_PSI,Arduino,0.000,0.000,0.000,,
797.434163,2026-03-16 16:54:53.174,ARDUINO_PSI,Arduino,0.000,0.000,0.000,,
797.533523,2026-03-16 16:54:53.274,ARDUINO_PSI,Arduino,0.000,0.000,0.000,,
797.634129,2026-03-16 16:54:53.374,ARDUINO_PSI,Arduino,0.000,0.000,0.000,,
797.733506,2026-03-16 16:54:53.474,ARDUINO_PSI,Arduino,0.000,0.000,0.000,,
797.833630,2026-03-16 16:54:53.574,ARDUINO_PSI,Arduino,0.000,0.000,0.000,,
797.934551,2026-03-16 16:54:53.675,ARDUINO_PSI,Arduino,0.000,0.000,0.000,,
798.033526,2026-03-16 16:54:53.774,ARDUINO_PSI,Arduino,0.000,0.000,0.000,,
798.134061,2026-03-16 16:54:53.874,ARDUINO_PSI,Arduino,0.000,0.000,0.000,,
798.233515,2026-03-16 16:54:53.974,ARDUINO_PSI,Arduino,0.000,0.000,0.000,,
798.333542,2026-03-16 16:54:54.074,ARDUINO_PSI,Arduino,0.000,0.000,0.000,,
798.433559,2026-03-16 16:54:54.174,ARDUINO_PSI,Arduino,0.000,0.000,0.000,,
798.533511,2026-03-16 16:54:54.274,ARDUINO_PSI,Arduino,0.000,0.000,0.000,,
798.633536,2026-03-16 16:54:54.374,ARDUINO_PSI,Arduino,0.000,0.000,0.000,,
798.734437,2026-03-16 16:54:54.475,ARDUINO_PSI,Arduino,0.000,0.000,0.000,,
798.833725,2026-03-16 16:54:54.574,ARDUINO_PSI,Arduino,0.000,0.000,0.000,,
798.933663,2026-03-16 16:54:54.674,ARDUINO_PSI,Arduino,0.000,0.000,0.000,,
799.032971,2026-03-16 16:54:54.773,ARDUINO_PSI,Arduino,0.000,0.000,0.000,,
799.134486,2026-03-16 16:54:54.875,ARDUINO_PSI,Arduino,0.000,0.000,0.000,,
799.233624,2026-03-16 16:54:54.974,ARDUINO_PSI,Arduino,0.000,0.000,0.000,,
799.333551,2026-03-16 16:54:55.074,ARDUINO_PSI,Arduino,0.000,0.000,0.000,,
799.433683,2026-03-16 16:54:55.174,ARDUINO_PSI,Arduino,0.000,0.000,0.000,,
799.534312,2026-03-16 16:54:55.274,ARDUINO_PSI,Arduino,0.000,0.000,0.000,,
799.634520,2026-03-16 16:54:55.375,ARDUINO_PSI,Arduino,0.000,0.000,0.000,,
799.733421,2026-03-16 16:54:55.474,ARDUINO_PSI,Arduino,0.000,0.000,0.000,,
799.833684,2026-03-16 16:54:55.574,ARDUINO_PSI,Arduino,0.000,0.000,0.000,,
799.933678,2026-03-16 16:54:55.674,ARDUINO_PSI,Arduino,0.000,0.000,0.000,,
800.034220,2026-03-16 16:54:55.774,ARDUINO_PSI,Arduino,0.000,0.000,0.000,,
800.133527,2026-03-16 16:54:55.874,ARDUINO_PSI,Arduino,0.000,0.000,0.000,,
800.233525,2026-03-16 16:54:55.974,ARDUINO_PSI,Arduino,0.000,0.000,0.000,,
800.333113,2026-03-16 16:54:56.073,ARDUINO_PSI,Arduino,0.000,0.000,0.000,,
800.433606,2026-03-16 16:54:56.174,ARDUINO_PSI,Arduino,0.000,0.000,0.000,,
800.534526,2026-03-16 16:54:56.275,ARDUINO_PSI,Arduino,0.000,0.000,0.000,,
800.634676,2026-03-16 16:54:56.375,ARDUINO_PSI,Arduino,0.000,0.000,0.000,,
800.733527,2026-03-16 16:54:56.474,ARDUINO_PSI,Arduino,0.000,0.000,0.000,,
800.833754,2026-03-16 16:54:56.574,ARDUINO_PSI,Arduino,0.000,0.000,0.000,,
800.933685,2026-03-16 16:54:56.674,ARDUINO_PSI,Arduino,0.000,0.000,0.000,,
801.033497,2026-03-16 16:54:56.774,ARDUINO_PSI,Arduino,0.000,0.000,0.000,,
801.133560,2026-03-16 16:54:56.874,ARDUINO_PSI,Arduino,0.000,0.000,0.000,,
801.233670,2026-03-16 16:54:56.974,ARDUINO_PSI,Arduino,0.000,0.000,0.000,,
801.333388,2026-03-16 16:54:57.074,ARDUINO_PSI,Arduino,0.000,0.000,0.000,,
801.433598,2026-03-16 16:54:57.174,ARDUINO_PSI,Arduino,0.000,0.000,0.000,,
801.533324,2026-03-16 16:54:57.273,ARDUINO_PSI,Arduino,0.000,0.000,0.000,,
801.633563,2026-03-16 16:54:57.374,ARDUINO_PSI,Arduino,0.000,0.000,0.000,,
801.733968,2026-03-16 16:54:57.474,ARDUINO_PSI,Arduino,0.000,0.000,0.000,,
801.834290,2026-03-16 16:54:57.574,ARDUINO_PSI,Arduino,0.000,0.000,0.000,,
801.934057,2026-03-16 16:54:57.674,ARDUINO_PSI,Arduino,0.000,0.000,0.000,,
802.033080,2026-03-16 16:54:57.773,ARDUINO_PSI,Arduino,0.000,0.000,0.000,,
802.134098,2026-03-16 16:54:57.874,ARDUINO_PSI,Arduino,0.000,0.000,0.000,,
802.233508,2026-03-16 16:54:57.974,ARDUINO_PSI,Arduino,0.000,0.000,0.000,,
802.334347,2026-03-16 16:54:58.074,ARDUINO_PSI,Arduino,0.000,0.000,0.000,,
802.433651,2026-03-16 16:54:58.174,ARDUINO_PSI,Arduino,0.000,0.000,0.000,,
802.534202,2026-03-16 16:54:58.274,ARDUINO_PSI,Arduino,0.000,0.000,0.000,,
802.634260,2026-03-16 16:54:58.374,ARDUINO_PSI,Arduino,0.000,0.000,0.000,,
802.733539,2026-03-16 16:54:58.474,ARDUINO_PSI,Arduino,0.000,0.000,0.000,,
802.833366,2026-03-16 16:54:58.574,ARDUINO_PSI,Arduino,0.000,0.000,0.000,,
802.933516,2026-03-16 16:54:58.674,ARDUINO_PSI,Arduino,0.000,0.000,0.000,,
803.033210,2026-03-16 16:54:58.773,ARDUINO_PSI,Arduino,0.000,0.000,0.000,,
803.133447,2026-03-16 16:54:58.874,ARDUINO_PSI,Arduino,0.000,0.000,0.000,,
803.234010,2026-03-16 16:54:58.974,ARDUINO_PSI,Arduino,0.000,0.000,0.000,,
803.333457,2026-03-16 16:54:59.074,ARDUINO_PSI,Arduino,0.000,0.000,0.000,,
803.433516,2026-03-16 16:54:59.174,ARDUINO_PSI,Arduino,0.000,0.000,0.000,,
803.533277,2026-03-16 16:54:59.273,ARDUINO_PSI,Arduino,0.000,0.000,0.000,,
803.633410,2026-03-16 16:54:59.374,ARDUINO_PSI,Arduino,0.000,0.000,0.000,,
803.733349,2026-03-16 16:54:59.473,ARDUINO_PSI,Arduino,0.000,0.000,0.000,,
803.833684,2026-03-16 16:54:59.574,ARDUINO_PSI,Arduino,0.000,0.000,0.000,,
803.933357,2026-03-16 16:54:59.673,ARDUINO_PSI,Arduino,0.000,0.000,0.000,,
804.032980,2026-03-16 16:54:59.773,ARDUINO_PSI,Arduino,0.000,0.000,0.000,,
804.134099,2026-03-16 16:54:59.874,ARDUINO_PSI,Arduino,0.000,0.000,0.000,,
804.233311,2026-03-16 16:54:59.973,ARDUINO_PSI,Arduino,0.000,0.000,0.000,,
804.333475,2026-03-16 16:55:00.074,ARDUINO_PSI,Arduino,0.000,0.000,0.000,,
804.433390,2026-03-16 16:55:00.174,ARDUINO_PSI,Arduino,0.000,0.000,0.000,,
804.533284,2026-03-16 16:55:00.273,ARDUINO_PSI,Arduino,0.000,0.000,0.000,,
804.633197,2026-03-16 16:55:00.373,ARDUINO_PSI,Arduino,0.000,0.000,0.000,,
804.733523,2026-03-16 16:55:00.474,ARDUINO_PSI,Arduino,0.000,0.000,0.000,,
804.833797,2026-03-16 16:55:00.574,ARDUINO_PSI,Arduino,0.000,0.000,0.000,,
804.933435,2026-03-16 16:55:00.674,ARDUINO_PSI,Arduino,0.000,0.000,0.000,,
805.033329,2026-03-16 16:55:00.773,ARDUINO_PSI,Arduino,0.000,0.000,0.000,,
805.133628,2026-03-16 16:55:00.874,ARDUINO_PSI,Arduino,0.000,0.000,0.000,,
805.233473,2026-03-16 16:55:00.974,ARDUINO_PSI,Arduino,0.000,0.000,0.000,,
805.333294,2026-03-16 16:55:01.073,ARDUINO_PSI,Arduino,0.000,0.000,0.000,,
805.433351,2026-03-16 16:55:01.173,ARDUINO_PSI,Arduino,0.000,0.000,0.000,,
805.533288,2026-03-16 16:55:01.273,ARDUINO_PSI,Arduino,0.000,0.000,0.000,,
805.634209,2026-03-16 16:55:01.374,ARDUINO_PSI,Arduino,0.000,0.000,0.000,,
805.733413,2026-03-16 16:55:01.474,ARDUINO_PSI,Arduino,0.000,0.000,0.000,,
805.833392,2026-03-16 16:55:01.574,ARDUINO_PSI,Arduino,0.000,0.000,0.000,,
805.933377,2026-03-16 16:55:01.674,ARDUINO_PSI,Arduino,0.000,0.000,0.000,,
806.033303,2026-03-16 16:55:01.773,ARDUINO_PSI,Arduino,0.000,0.000,0.000,,
806.133309,2026-03-16 16:55:01.873,ARDUINO_PSI,Arduino,0.000,0.000,0.000,,
806.233597,2026-03-16 16:55:01.974,ARDUINO_PSI,Arduino,0.000,0.000,0.000,,
806.333811,2026-03-16 16:55:02.074,ARDUINO_PSI,Arduino,0.000,0.000,0.000,,
806.433361,2026-03-16 16:55:02.173,ARDUINO_PSI,Arduino,0.000,0.000,0.000,,
806.533364,2026-03-16 16:55:02.273,ARDUINO_PSI,Arduino,0.000,0.000,0.000,,
806.633338,2026-03-16 16:55:02.373,ARDUINO_PSI,Arduino,0.000,0.000,0.000,,
806.733328,2026-03-16 16:55:02.473,ARDUINO_PSI,Arduino,0.000,0.000,0.000,,
806.833253,2026-03-16 16:55:02.573,ARDUINO_PSI,Arduino,0.000,0.000,0.000,,
806.933136,2026-03-16 16:55:02.673,ARDUINO_PSI,Arduino,0.000,0.000,0.000,,
807.033432,2026-03-16 16:55:02.774,ARDUINO_PSI,Arduino,0.000,0.000,0.000,,
807.133270,2026-03-16 16:55:02.873,ARDUINO_PSI,Arduino,0.000,0.000,0.000,,
807.233391,2026-03-16 16:55:02.974,ARDUINO_PSI,Arduino,0.000,0.000,0.000,,
807.333469,2026-03-16 16:55:03.074,ARDUINO_PSI,Arduino,0.000,0.000,0.000,,
807.433323,2026-03-16 16:55:03.173,ARDUINO_PSI,Arduino,0.000,0.000,0.000,,
807.533489,2026-03-16 16:55:03.274,ARDUINO_PSI,Arduino,0.000,0.000,0.000,,
807.633453,2026-03-16 16:55:03.374,ARDUINO_PSI,Arduino,0.000,0.000,0.000,,
807.733360,2026-03-16 16:55:03.473,ARDUINO_PSI,Arduino,0.000,0.000,0.000,,
807.833462,2026-03-16 16:55:03.574,ARDUINO_PSI,Arduino,0.000,0.000,0.000,,
807.933411,2026-03-16 16:55:03.674,ARDUINO_PSI,Arduino,0.000,0.000,0.000,,
808.034260,2026-03-16 16:55:03.774,ARDUINO_PSI,Arduino,0.000,0.000,0.000,,
808.133426,2026-03-16 16:55:03.874,ARDUINO_PSI,Arduino,0.000,0.000,0.000,,
808.233391,2026-03-16 16:55:03.974,ARDUINO_PSI,Arduino,0.000,0.000,0.000,,
808.333329,2026-03-16 16:55:04.073,ARDUINO_PSI,Arduino,0.000,0.000,0.000,,
808.433292,2026-03-16 16:55:04.173,ARDUINO_PSI,Arduino,0.000,0.000,0.000,,
808.533375,2026-03-16 16:55:04.274,ARDUINO_PSI,Arduino,0.000,0.000,0.000,,
808.633402,2026-03-16 16:55:04.374,ARDUINO_PSI,Arduino,0.000,0.000,0.000,,
808.733438,2026-03-16 16:55:04.474,ARDUINO_PSI,Arduino,0.000,0.000,0.000,,
808.833517,2026-03-16 16:55:04.574,ARDUINO_PSI,Arduino,0.000,0.000,0.000,,
808.933361,2026-03-16 16:55:04.673,ARDUINO_PSI,Arduino,0.000,0.000,0.000,,
809.033287,2026-03-16 16:55:04.773,ARDUINO_PSI,Arduino,0.000,0.000,0.000,,
809.133327,2026-03-16 16:55:04.873,ARDUINO_PSI,Arduino,0.000,0.000,0.000,,
809.233398,2026-03-16 16:55:04.974,ARDUINO_PSI,Arduino,0.000,0.000,0.000,,
809.333338,2026-03-16 16:55:05.073,ARDUINO_PSI,Arduino,0.000,0.000,0.000,,
809.433859,2026-03-16 16:55:05.174,ARDUINO_PSI,Arduino,0.000,0.000,0.000,,
809.533334,2026-03-16 16:55:05.273,ARDUINO_PSI,Arduino,0.000,0.000,0.000,,
809.633353,2026-03-16 16:55:05.373,ARDUINO_PSI,Arduino,0.000,0.000,0.000,,
809.733391,2026-03-16 16:55:05.474,ARDUINO_PSI,Arduino,0.000,0.000,0.000,,
809.833468,2026-03-16 16:55:05.574,ARDUINO_PSI,Arduino,0.000,0.000,0.000,,
809.933347,2026-03-16 16:55:05.673,ARDUINO_PSI,Arduino,0.000,0.000,0.000,,
810.033325,2026-03-16 16:55:05.773,ARDUINO_PSI,Arduino,0.000,0.000,0.000,,
810.133335,2026-03-16 16:55:05.873,ARDUINO_PSI,Arduino,0.000,0.000,0.000,,
810.233281,2026-03-16 16:55:05.973,ARDUINO_PSI,Arduino,0.000,0.000,0.000,,
810.333549,2026-03-16 16:55:06.074,ARDUINO_PSI,Arduino,0.000,0.000,0.000,,
810.433309,2026-03-16 16:55:06.173,ARDUINO_PSI,Arduino,0.000,0.000,0.000,,
810.533411,2026-03-16 16:55:06.274,ARDUINO_PSI,Arduino,0.000,0.000,0.000,,
810.633359,2026-03-16 16:55:06.373,ARDUINO_PSI,Arduino,0.000,0.000,0.000,,
810.733616,2026-03-16 16:55:06.474,ARDUINO_PSI,Arduino,0.000,0.000,0.000,,
810.833127,2026-03-16 16:55:06.573,ARDUINO_PSI,Arduino,0.000,0.000,0.000,,
810.933505,2026-03-16 16:55:06.674,ARDUINO_PSI,Arduino,0.000,0.000,0.000,,
811.033539,2026-03-16 16:55:06.774,ARDUINO_PSI,Arduino,0.000,0.000,0.000,,
811.133317,2026-03-16 16:55:06.873,ARDUINO_PSI,Arduino,0.000,0.000,0.000,,
811.233291,2026-03-16 16:55:06.973,ARDUINO_PSI,Arduino,0.000,0.000,0.000,,
811.333321,2026-03-16 16:55:07.073,ARDUINO_PSI,Arduino,0.000,0.000,0.000,,
811.433430,2026-03-16 16:55:07.174,ARDUINO_PSI,Arduino,0.000,0.000,0.000,,
811.533590,2026-03-16 16:55:07.274,ARDUINO_PSI,Arduino,0.000,0.000,0.000,,
811.633579,2026-03-16 16:55:07.374,ARDUINO_PSI,Arduino,0.000,0.000,0.000,,
811.733355,2026-03-16 16:55:07.473,ARDUINO_PSI,Arduino,0.000,0.000,0.000,,
811.833638,2026-03-16 16:55:07.574,ARDUINO_PSI,Arduino,0.000,0.000,0.000,,
811.933341,2026-03-16 16:55:07.673,ARDUINO_PSI,Arduino,0.000,0.000,0.000,,
812.033393,2026-03-16 16:55:07.774,ARDUINO_PSI,Arduino,0.000,0.000,0.000,,
812.133300,2026-03-16 16:55:07.873,ARDUINO_PSI,Arduino,0.000,0.000,0.000,,
812.233221,2026-03-16 16:55:07.973,ARDUINO_PSI,Arduino,0.000,0.000,0.000,,
812.333267,2026-03-16 16:55:08.073,ARDUINO_PSI,Arduino,0.000,0.000,0.000,,
812.433363,2026-03-16 16:55:08.174,ARDUINO_PSI,Arduino,0.000,0.000,0.000,,
812.533249,2026-03-16 16:55:08.273,ARDUINO_PSI,Arduino,0.000,0.000,0.000,,
812.633451,2026-03-16 16:55:08.374,ARDUINO_PSI,Arduino,0.000,0.000,0.000,,
812.733349,2026-03-16 16:55:08.473,ARDUINO_PSI,Arduino,0.000,0.000,0.000,,
812.833429,2026-03-16 16:55:08.574,ARDUINO_PSI,Arduino,0.000,0.000,0.000,,
812.933321,2026-03-16 16:55:08.673,ARDUINO_PSI,Arduino,0.000,0.000,0.000,,
813.033211,2026-03-16 16:55:08.773,ARDUINO_PSI,Arduino,0.000,0.000,0.000,,
813.133319,2026-03-16 16:55:08.873,ARDUINO_PSI,Arduino,0.000,0.000,0.000,,
813.233252,2026-03-16 16:55:08.973,ARDUINO_PSI,Arduino,0.000,0.000,0.000,,
813.333326,2026-03-16 16:55:09.073,ARDUINO_PSI,Arduino,0.000,0.000,0.000,,
813.433429,2026-03-16 16:55:09.174,ARDUINO_PSI,Arduino,0.000,0.000,0.000,,
813.533261,2026-03-16 16:55:09.273,ARDUINO_PSI,Arduino,0.000,0.000,0.000,,
813.633399,2026-03-16 16:55:09.374,ARDUINO_PSI,Arduino,0.000,0.000,0.000,,
813.733251,2026-03-16 16:55:09.473,ARDUINO_PSI,Arduino,0.000,0.000,0.000,,
813.833574,2026-03-16 16:55:09.574,ARDUINO_PSI,Arduino,0.000,0.000,0.000,,
813.933939,2026-03-16 16:55:09.674,ARDUINO_PSI,Arduino,0.000,0.000,0.000,,
814.033358,2026-03-16 16:55:09.773,ARDUINO_PSI,Arduino,0.000,0.000,0.000,,
814.133331,2026-03-16 16:55:09.873,ARDUINO_PSI,Arduino,0.000,0.000,0.000,,
814.233446,2026-03-16 16:55:09.974,ARDUINO_PSI,Arduino,0.000,0.000,0.000,,
814.333354,2026-03-16 16:55:10.073,ARDUINO_PSI,Arduino,0.000,0.000,0.000,,
814.433599,2026-03-16 16:55:10.174,ARDUINO_PSI,Arduino,0.000,0.000,0.000,,
814.533352,2026-03-16 16:55:10.273,ARDUINO_PSI,Arduino,0.000,0.000,0.000,,
814.633267,2026-03-16 16:55:10.373,ARDUINO_PSI,Arduino,0.000,0.000,0.000,,
814.733274,2026-03-16 16:55:10.473,ARDUINO_PSI,Arduino,0.000,0.000,0.000,,
814.833497,2026-03-16 16:55:10.574,ARDUINO_PSI,Arduino,0.000,0.000,0.000,,
814.933268,2026-03-16 16:55:10.673,ARDUINO_PSI,Arduino,0.000,0.000,0.000,,
815.033244,2026-03-16 16:55:10.773,ARDUINO_PSI,Arduino,0.000,0.000,0.000,,
815.134095,2026-03-16 16:55:10.874,ARDUINO_PSI,Arduino,0.000,0.000,0.000,,
815.233243,2026-03-16 16:55:10.973,ARDUINO_PSI,Arduino,0.000,0.000,0.000,,
815.333296,2026-03-16 16:55:11.073,ARDUINO_PSI,Arduino,0.000,0.000,0.000,,
815.433407,2026-03-16 16:55:11.174,ARDUINO_PSI,Arduino,0.000,0.000,0.000,,
815.533322,2026-03-16 16:55:11.273,ARDUINO_PSI,Arduino,0.000,0.000,0.000,,
815.633154,2026-03-16 16:55:11.373,ARDUINO_PSI,Arduino,0.000,0.000,0.000,,
815.733341,2026-03-16 16:55:11.473,ARDUINO_PSI,Arduino,0.000,0.000,0.000,,
815.833210,2026-03-16 16:55:11.573,ARDUINO_PSI,Arduino,0.000,0.000,0.000,,
815.933359,2026-03-16 16:55:11.673,ARDUINO_PSI,Arduino,0.000,0.000,0.000,,
816.033447,2026-03-16 16:55:11.774,ARDUINO_PSI,Arduino,0.000,0.000,0.000,,
816.133424,2026-03-16 16:55:11.874,ARDUINO_PSI,Arduino,0.000,0.000,0.000,,
816.233283,2026-03-16 16:55:11.973,ARDUINO_PSI,Arduino,0.000,0.000,0.000,,
816.333369,2026-03-16 16:55:12.074,ARDUINO_PSI,Arduino,0.000,0.000,0.000,,
816.433348,2026-03-16 16:55:12.173,ARDUINO_PSI,Arduino,0.000,0.000,0.000,,
816.533354,2026-03-16 16:55:12.273,ARDUINO_PSI,Arduino,0.000,0.000,0.000,,
816.633378,2026-03-16 16:55:12.374,ARDUINO_PSI,Arduino,0.000,0.000,0.000,,
816.733464,2026-03-16 16:55:12.474,ARDUINO_PSI,Arduino,0.000,0.000,0.000,,
816.833330,2026-03-16 16:55:12.573,ARDUINO_PSI,Arduino,0.000,0.000,0.000,,
816.933414,2026-03-16 16:55:12.674,ARDUINO_PSI,Arduino,0.000,0.000,0.000,,
817.033721,2026-03-16 16:55:12.774,ARDUINO_PSI,Arduino,0.000,0.000,0.000,,
817.133219,2026-03-16 16:55:12.873,ARDUINO_PSI,Arduino,0.000,0.000,0.000,,
817.233435,2026-03-16 16:55:12.974,ARDUINO_PSI,Arduino,0.000,0.000,0.000,,
817.333338,2026-03-16 16:55:13.073,ARDUINO_PSI,Arduino,0.000,0.000,0.000,,
817.433536,2026-03-16 16:55:13.174,ARDUINO_PSI,Arduino,0.000,0.000,0.000,,
817.533424,2026-03-16 16:55:13.274,ARDUINO_PSI,Arduino,0.000,0.000,0.000,,
817.633324,2026-03-16 16:55:13.373,ARDUINO_PSI,Arduino,0.000,0.000,0.000,,
817.733350,2026-03-16 16:55:13.473,ARDUINO_PSI,Arduino,0.000,0.000,0.000,,
817.833697,2026-03-16 16:55:13.574,ARDUINO_PSI,Arduino,0.000,0.000,0.000,,
817.933620,2026-03-16 16:55:13.674,ARDUINO_PSI,Arduino,0.000,0.000,0.000,,
818.033309,2026-03-16 16:55:13.773,ARDUINO_PSI,Arduino,0.000,0.000,0.000,,
818.133378,2026-03-16 16:55:13.874,ARDUINO_PSI,Arduino,0.000,0.000,0.000,,
818.233520,2026-03-16 16:55:13.974,ARDUINO_PSI,Arduino,0.000,0.000,0.000,,
818.333921,2026-03-16 16:55:14.074,ARDUINO_PSI,Arduino,0.000,0.000,0.000,,
818.433686,2026-03-16 16:55:14.174,ARDUINO_PSI,Arduino,0.000,0.000,0.000,,
818.533334,2026-03-16 16:55:14.273,ARDUINO_PSI,Arduino,0.000,0.000,0.000,,
818.633744,2026-03-16 16:55:14.374,ARDUINO_PSI,Arduino,0.000,0.000,0.000,,
818.733265,2026-03-16 16:55:14.473,ARDUINO_PSI,Arduino,0.000,0.000,0.000,,
818.834006,2026-03-16 16:55:14.574,ARDUINO_PSI,Arduino,0.000,0.000,0.000,,
818.933247,2026-03-16 16:55:14.673,ARDUINO_PSI,Arduino,0.000,0.000,0.000,,
819.033567,2026-03-16 16:55:14.774,ARDUINO_PSI,Arduino,0.000,0.000,0.000,,
819.133604,2026-03-16 16:55:14.874,ARDUINO_PSI,Arduino,0.000,0.000,0.000,,
819.233390,2026-03-16 16:55:14.974,ARDUINO_PSI,Arduino,0.000,0.000,0.000,,
819.333520,2026-03-16 16:55:15.074,ARDUINO_PSI,Arduino,0.000,0.000,0.000,,
819.433323,2026-03-16 16:55:15.173,ARDUINO_PSI,Arduino,0.000,0.000,0.000,,
819.533863,2026-03-16 16:55:15.274,ARDUINO_PSI,Arduino,0.000,0.000,0.000,,
819.633525,2026-03-16 16:55:15.374,ARDUINO_PSI,Arduino,0.000,0.000,0.000,,
819.733334,2026-03-16 16:55:15.473,ARDUINO_PSI,Arduino,0.000,0.000,0.000,,
819.833935,2026-03-16 16:55:15.574,ARDUINO_PSI,Arduino,0.000,0.000,0.000,,
819.933089,2026-03-16 16:55:15.673,ARDUINO_PSI,Arduino,0.000,0.000,0.000,,
820.033883,2026-03-16 16:55:15.774,ARDUINO_PSI,Arduino,0.000,0.000,0.000,,
820.133424,2026-03-16 16:55:15.874,ARDUINO_PSI,Arduino,0.000,0.000,0.000,,
820.233675,2026-03-16 16:55:15.974,ARDUINO_PSI,Arduino,0.000,0.000,0.000,,
820.333570,2026-03-16 16:55:16.074,ARDUINO_PSI,Arduino,0.000,0.000,0.000,,
820.433551,2026-03-16 16:55:16.174,ARDUINO_PSI,Arduino,0.000,0.000,0.000,,
820.533580,2026-03-16 16:55:16.274,ARDUINO_PSI,Arduino,0.000,0.000,0.000,,
820.633439,2026-03-16 16:55:16.374,ARDUINO_PSI,Arduino,0.000,0.000,0.000,,
820.733573,2026-03-16 16:55:16.474,ARDUINO_PSI,Arduino,0.000,0.000,0.000,,
820.833609,2026-03-16 16:55:16.574,ARDUINO_PSI,Arduino,0.000,0.000,0.000,,
820.933620,2026-03-16 16:55:16.674,ARDUINO_PSI,Arduino,0.000,0.000,0.000,,
821.033123,2026-03-16 16:55:16.773,ARDUINO_PSI,Arduino,0.000,0.000,0.000,,
821.133488,2026-03-16 16:55:16.874,ARDUINO_PSI,Arduino,0.000,0.000,0.000,,
821.234302,2026-03-16 16:55:16.974,ARDUINO_PSI,Arduino,0.000,0.000,0.000,,
821.333717,2026-03-16 16:55:17.074,ARDUINO_PSI,Arduino,0.000,0.000,0.000,,
821.433770,2026-03-16 16:55:17.174,ARDUINO_PSI,Arduino,0.000,0.000,0.000,,
821.533598,2026-03-16 16:55:17.274,ARDUINO_PSI,Arduino,0.000,0.000,0.000,,
821.633738,2026-03-16 16:55:17.374,ARDUINO_PSI,Arduino,0.000,0.000,0.000,,
821.733521,2026-03-16 16:55:17.474,ARDUINO_PSI,Arduino,0.000,0.000,0.000,,
821.833610,2026-03-16 16:55:17.574,ARDUINO_PSI,Arduino,0.000,0.000,0.000,,
821.934079,2026-03-16 16:55:17.674,ARDUINO_PSI,Arduino,0.000,0.000,0.000,,
822.033579,2026-03-16 16:55:17.774,ARDUINO_PSI,Arduino,0.000,0.000,0.000,,
822.133625,2026-03-16 16:55:17.874,ARDUINO_PSI,Arduino,0.000,0.000,0.000,,
822.233494,2026-03-16 16:55:17.974,ARDUINO_PSI,Arduino,0.000,0.000,0.000,,
822.333692,2026-03-16 16:55:18.074,ARDUINO_PSI,Arduino,0.000,0.000,0.000,,
822.433499,2026-03-16 16:55:18.174,ARDUINO_PSI,Arduino,0.000,0.000,0.000,,
822.533384,2026-03-16 16:55:18.274,ARDUINO_PSI,Arduino,0.000,0.000,0.000,,
822.633695,2026-03-16 16:55:18.374,ARDUINO_PSI,Arduino,0.000,0.000,0.000,,
822.733478,2026-03-16 16:55:18.474,ARDUINO_PSI,Arduino,0.000,0.000,0.000,,
822.833776,2026-03-16 16:55:18.574,ARDUINO_PSI,Arduino,0.000,0.000,0.000,,
822.933504,2026-03-16 16:55:18.674,ARDUINO_PSI,Arduino,0.000,0.000,0.000,,
823.033513,2026-03-16 16:55:18.774,ARDUINO_PSI,Arduino,0.000,0.000,0.000,,
823.133436,2026-03-16 16:55:18.874,ARDUINO_PSI,Arduino,0.000,0.000,0.000,,
823.233562,2026-03-16 16:55:18.974,ARDUINO_PSI,Arduino,0.000,0.000,0.000,,
823.333610,2026-03-16 16:55:19.074,ARDUINO_PSI,Arduino,0.000,0.000,0.000,,
823.433615,2026-03-16 16:55:19.174,ARDUINO_PSI,Arduino,0.000,0.000,0.000,,
823.533631,2026-03-16 16:55:19.274,ARDUINO_PSI,Arduino,0.000,0.000,0.000,,
823.633651,2026-03-16 16:55:19.374,ARDUINO_PSI,Arduino,0.000,0.000,0.000,,
823.733575,2026-03-16 16:55:19.474,ARDUINO_PSI,Arduino,0.000,0.000,0.000,,
823.833621,2026-03-16 16:55:19.574,ARDUINO_PSI,Arduino,0.000,0.000,0.000,,
823.933584,2026-03-16 16:55:19.674,ARDUINO_PSI,Arduino,0.000,0.000,0.000,,
824.033835,2026-03-16 16:55:19.774,ARDUINO_PSI,Arduino,0.000,0.000,0.000,,
824.133523,2026-03-16 16:55:19.874,ARDUINO_PSI,Arduino,0.000,0.000,0.000,,
824.233728,2026-03-16 16:55:19.974,ARDUINO_PSI,Arduino,0.000,0.000,0.000,,
824.333759,2026-03-16 16:55:20.074,ARDUINO_PSI,Arduino,0.000,0.000,0.000,,
824.433487,2026-03-16 16:55:20.174,ARDUINO_PSI,Arduino,0.000,0.000,0.000,,
824.533585,2026-03-16 16:55:20.274,ARDUINO_PSI,Arduino,0.000,0.000,0.000,,
824.633561,2026-03-16 16:55:20.374,ARDUINO_PSI,Arduino,0.000,0.000,0.000,,
824.733806,2026-03-16 16:55:20.474,ARDUINO_PSI,Arduino,0.000,0.000,0.000,,
824.833729,2026-03-16 16:55:20.574,ARDUINO_PSI,Arduino,0.000,0.000,0.000,,
824.933620,2026-03-16 16:55:20.674,ARDUINO_PSI,Arduino,0.000,0.000,0.000,,
825.033990,2026-03-16 16:55:20.774,ARDUINO_PSI,Arduino,0.000,0.000,0.000,,
825.133659,2026-03-16 16:55:20.874,ARDUINO_PSI,Arduino,0.000,0.000,0.000,,
825.233572,2026-03-16 16:55:20.974,ARDUINO_PSI,Arduino,0.000,0.000,0.000,,
825.333686,2026-03-16 16:55:21.074,ARDUINO_PSI,Arduino,0.000,0.000,0.000,,
825.433671,2026-03-16 16:55:21.174,ARDUINO_PSI,Arduino,0.000,0.000,0.000,,
825.533561,2026-03-16 16:55:21.274,ARDUINO_PSI,Arduino,0.000,0.000,0.000,,
825.633859,2026-03-16 16:55:21.374,ARDUINO_PSI,Arduino,0.000,0.000,0.000,,
825.733485,2026-03-16 16:55:21.474,ARDUINO_PSI,Arduino,0.000,0.000,0.000,,
825.833681,2026-03-16 16:55:21.574,ARDUINO_PSI,Arduino,0.000,0.000,0.000,,
825.933743,2026-03-16 16:55:21.674,ARDUINO_PSI,Arduino,0.000,0.000,0.000,,
826.033621,2026-03-16 16:55:21.774,ARDUINO_PSI,Arduino,0.000,0.000,0.000,,
826.133602,2026-03-16 16:55:21.874,ARDUINO_PSI,Arduino,0.000,0.000,0.000,,
826.234017,2026-03-16 16:55:21.974,ARDUINO_PSI,Arduino,0.000,0.000,0.000,,
826.333481,2026-03-16 16:55:22.074,ARDUINO_PSI,Arduino,0.000,0.000,0.000,,
826.433706,2026-03-16 16:55:22.174,ARDUINO_PSI,Arduino,0.000,0.000,0.000,,
826.533361,2026-03-16 16:55:22.273,ARDUINO_PSI,Arduino,0.000,0.000,0.000,,
826.633734,2026-03-16 16:55:22.374,ARDUINO_PSI,Arduino,0.000,0.000,0.000,,
826.733595,2026-03-16 16:55:22.474,ARDUINO_PSI,Arduino,0.000,0.000,0.000,,
826.833826,2026-03-16 16:55:22.574,ARDUINO_PSI,Arduino,0.000,0.000,0.000,,
826.934299,2026-03-16 16:55:22.674,ARDUINO_PSI,Arduino,0.000,0.000,0.000,,
827.033569,2026-03-16 16:55:22.774,ARDUINO_PSI,Arduino,0.000,0.000,0.000,,
827.133576,2026-03-16 16:55:22.874,ARDUINO_PSI,Arduino,0.000,0.000,0.000,,
827.233443,2026-03-16 16:55:22.974,ARDUINO_PSI,Arduino,0.000,0.000,0.000,,
827.333618,2026-03-16 16:55:23.074,ARDUINO_PSI,Arduino,0.000,0.000,0.000,,
827.433658,2026-03-16 16:55:23.174,ARDUINO_PSI,Arduino,0.000,0.000,0.000,,
827.534499,2026-03-16 16:55:23.275,ARDUINO_PSI,Arduino,0.000,0.000,0.000,,
827.633667,2026-03-16 16:55:23.374,ARDUINO_PSI,Arduino,0.000,0.000,0.000,,
827.733613,2026-03-16 16:55:23.474,ARDUINO_PSI,Arduino,0.000,0.000,0.000,,
827.833801,2026-03-16 16:55:23.574,ARDUINO_PSI,Arduino,0.000,0.000,0.000,,
827.933297,2026-03-16 16:55:23.673,ARDUINO_PSI,Arduino,0.000,0.000,0.000,,
828.033502,2026-03-16 16:55:23.774,ARDUINO_PSI,Arduino,0.000,0.000,0.000,,
828.133574,2026-03-16 16:55:23.874,ARDUINO_PSI,Arduino,0.000,0.000,0.000,,
828.233416,2026-03-16 16:55:23.974,ARDUINO_PSI,Arduino,0.000,0.000,0.000,,
828.333584,2026-03-16 16:55:24.074,ARDUINO_PSI,Arduino,0.000,0.000,0.000,,
828.433671,2026-03-16 16:55:24.174,ARDUINO_PSI,Arduino,0.000,0.000,0.000,,
828.533342,2026-03-16 16:55:24.273,ARDUINO_PSI,Arduino,0.000,0.000,0.000,,
828.633477,2026-03-16 16:55:24.374,ARDUINO_PSI,Arduino,0.000,0.000,0.000,,
828.733918,2026-03-16 16:55:24.474,ARDUINO_PSI,Arduino,0.000,0.000,0.000,,
828.833889,2026-03-16 16:55:24.574,ARDUINO_PSI,Arduino,0.000,0.000,0.000,,
828.933622,2026-03-16 16:55:24.674,ARDUINO_PSI,Arduino,0.000,0.000,0.000,,
829.033918,2026-03-16 16:55:24.774,ARDUINO_PSI,Arduino,0.000,0.000,0.000,,
829.133670,2026-03-16 16:55:24.874,ARDUINO_PSI,Arduino,0.000,0.000,0.000,,
829.233727,2026-03-16 16:55:24.974,ARDUINO_PSI,Arduino,0.000,0.000,0.000,,
829.333556,2026-03-16 16:55:25.074,ARDUINO_PSI,Arduino,0.000,0.000,0.000,,
829.433642,2026-03-16 16:55:25.174,ARDUINO_PSI,Arduino,0.000,0.000,0.000,,
829.533588,2026-03-16 16:55:25.274,ARDUINO_PSI,Arduino,0.000,0.000,0.000,,
829.633421,2026-03-16 16:55:25.374,ARDUINO_PSI,Arduino,0.000,0.000,0.000,,
829.733649,2026-03-16 16:55:25.474,ARDUINO_PSI,Arduino,0.000,0.000,0.000,,
829.833766,2026-03-16 16:55:25.574,ARDUINO_PSI,Arduino,0.000,0.000,0.000,,
829.933774,2026-03-16 16:55:25.674,ARDUINO_PSI,Arduino,0.000,0.000,0.000,,
830.033903,2026-03-16 16:55:25.774,ARDUINO_PSI,Arduino,0.000,0.000,0.000,,
830.133628,2026-03-16 16:55:25.874,ARDUINO_PSI,Arduino,0.000,0.000,0.000,,
830.233574,2026-03-16 16:55:25.974,ARDUINO_PSI,Arduino,0.000,0.000,0.000,,
830.333328,2026-03-16 16:55:26.073,ARDUINO_PSI,Arduino,0.000,0.000,0.000,,
830.433514,2026-03-16 16:55:26.174,ARDUINO_PSI,Arduino,0.000,0.000,0.000,,
830.533691,2026-03-16 16:55:26.274,ARDUINO_PSI,Arduino,0.000,0.000,0.000,,
830.633683,2026-03-16 16:55:26.374,ARDUINO_PSI,Arduino,0.000,0.000,0.000,,
830.733658,2026-03-16 16:55:26.474,ARDUINO_PSI,Arduino,0.000,0.000,0.000,,
830.833701,2026-03-16 16:55:26.574,ARDUINO_PSI,Arduino,0.000,0.000,0.000,,
830.933437,2026-03-16 16:55:26.674,ARDUINO_PSI,Arduino,0.000,0.000,0.000,,
831.033654,2026-03-16 16:55:26.774,ARDUINO_PSI,Arduino,0.000,0.000,0.000,,
831.133636,2026-03-16 16:55:26.874,ARDUINO_PSI,Arduino,0.000,0.000,0.000,,
831.233640,2026-03-16 16:55:26.974,ARDUINO_PSI,Arduino,0.000,0.000,0.000,,
831.333744,2026-03-16 16:55:27.074,ARDUINO_PSI,Arduino,0.000,0.000,0.000,,
831.433660,2026-03-16 16:55:27.174,ARDUINO_PSI,Arduino,0.000,0.000,0.000,,
831.533479,2026-03-16 16:55:27.274,ARDUINO_PSI,Arduino,0.000,0.000,0.000,,
831.633595,2026-03-16 16:55:27.374,ARDUINO_PSI,Arduino,0.000,0.000,0.000,,
831.733457,2026-03-16 16:55:27.474,ARDUINO_PSI,Arduino,0.000,0.000,0.000,,
831.833586,2026-03-16 16:55:27.574,ARDUINO_PSI,Arduino,0.000,0.000,0.000,,
831.933659,2026-03-16 16:55:27.674,ARDUINO_PSI,Arduino,0.000,0.000,0.000,,
832.033580,2026-03-16 16:55:27.774,ARDUINO_PSI,Arduino,0.000,0.000,0.000,,
832.133666,2026-03-16 16:55:27.874,ARDUINO_PSI,Arduino,0.000,0.000,0.000,,
832.234405,2026-03-16 16:55:27.975,ARDUINO_PSI,Arduino,0.000,0.000,0.000,,
832.333113,2026-03-16 16:55:28.073,ARDUINO_PSI,Arduino,0.000,0.000,0.000,,
832.433329,2026-03-16 16:55:28.173,ARDUINO_PSI,Arduino,0.000,0.000,0.000,,
832.533243,2026-03-16 16:55:28.273,ARDUINO_PSI,Arduino,0.000,0.000,0.000,,
832.633747,2026-03-16 16:55:28.374,ARDUINO_PSI,Arduino,0.000,0.000,0.000,,
832.733563,2026-03-16 16:55:28.474,ARDUINO_PSI,Arduino,0.000,0.000,0.000,,
832.833903,2026-03-16 16:55:28.574,ARDUINO_PSI,Arduino,0.000,0.000,0.000,,
832.933685,2026-03-16 16:55:28.674,ARDUINO_PSI,Arduino,0.000,0.000,0.000,,
833.033329,2026-03-16 16:55:28.773,ARDUINO_PSI,Arduino,0.000,0.000,0.000,,
833.133559,2026-03-16 16:55:28.874,ARDUINO_PSI,Arduino,0.000,0.000,0.000,,
833.233354,2026-03-16 16:55:28.973,ARDUINO_PSI,Arduino,0.000,0.000,0.000,,
833.333409,2026-03-16 16:55:29.074,ARDUINO_PSI,Arduino,0.000,0.000,0.000,,
833.433482,2026-03-16 16:55:29.174,ARDUINO_PSI,Arduino,0.000,0.000,0.000,,
833.533568,2026-03-16 16:55:29.274,ARDUINO_PSI,Arduino,0.000,0.000,0.000,,
833.634540,2026-03-16 16:55:29.375,ARDUINO_PSI,Arduino,0.000,0.000,0.000,,
833.733581,2026-03-16 16:55:29.474,ARDUINO_PSI,Arduino,0.000,0.000,0.000,,
833.833851,2026-03-16 16:55:29.574,ARDUINO_PSI,Arduino,0.000,0.000,0.000,,
833.933609,2026-03-16 16:55:29.674,ARDUINO_PSI,Arduino,0.000,0.000,0.000,,
834.033348,2026-03-16 16:55:29.773,ARDUINO_PSI,Arduino,0.000,0.000,0.000,,
834.133618,2026-03-16 16:55:29.874,ARDUINO_PSI,Arduino,0.000,0.000,0.000,,
834.233446,2026-03-16 16:55:29.974,ARDUINO_PSI,Arduino,0.000,0.000,0.000,,
834.333664,2026-03-16 16:55:30.074,ARDUINO_PSI,Arduino,0.000,0.000,0.000,,
834.433573,2026-03-16 16:55:30.174,ARDUINO_PSI,Arduino,0.000,0.000,0.000,,
834.533619,2026-03-16 16:55:30.274,ARDUINO_PSI,Arduino,0.000,0.000,0.000,,
834.633549,2026-03-16 16:55:30.374,ARDUINO_PSI,Arduino,0.000,0.000,0.000,,
834.733729,2026-03-16 16:55:30.474,ARDUINO_PSI,Arduino,0.000,0.000,0.000,,
834.833708,2026-03-16 16:55:30.574,ARDUINO_PSI,Arduino,0.000,0.000,0.000,,
834.933709,2026-03-16 16:55:30.674,ARDUINO_PSI,Arduino,0.000,0.000,0.000,,
835.033579,2026-03-16 16:55:30.774,ARDUINO_PSI,Arduino,0.000,0.000,0.000,,
835.133398,2026-03-16 16:55:30.874,ARDUINO_PSI,Arduino,0.000,0.000,0.000,,
835.233589,2026-03-16 16:55:30.974,ARDUINO_PSI,Arduino,0.000,0.000,0.000,,
835.333761,2026-03-16 16:55:31.074,ARDUINO_PSI,Arduino,0.000,0.000,0.000,,
835.433425,2026-03-16 16:55:31.174,ARDUINO_PSI,Arduino,0.000,0.000,0.000,,
835.533752,2026-03-16 16:55:31.274,ARDUINO_PSI,Arduino,0.000,0.000,0.000,,
835.633765,2026-03-16 16:55:31.374,ARDUINO_PSI,Arduino,0.000,0.000,0.000,,
835.733721,2026-03-16 16:55:31.474,ARDUINO_PSI,Arduino,0.000,0.000,0.000,,
835.833675,2026-03-16 16:55:31.574,ARDUINO_PSI,Arduino,0.000,0.000,0.000,,
835.933580,2026-03-16 16:55:31.674,ARDUINO_PSI,Arduino,0.000,0.000,0.000,,
836.033935,2026-03-16 16:55:31.774,ARDUINO_PSI,Arduino,0.000,0.000,0.000,,
836.133764,2026-03-16 16:55:31.874,ARDUINO_PSI,Arduino,0.000,0.000,0.000,,
836.233401,2026-03-16 16:55:31.974,ARDUINO_PSI,Arduino,0.000,0.000,0.000,,
836.333215,2026-03-16 16:55:32.073,ARDUINO_PSI,Arduino,0.000,0.000,0.000,,
836.433383,2026-03-16 16:55:32.174,ARDUINO_PSI,Arduino,0.000,0.000,0.000,,
836.533707,2026-03-16 16:55:32.274,ARDUINO_PSI,Arduino,0.000,0.000,0.000,,
836.633204,2026-03-16 16:55:32.373,ARDUINO_PSI,Arduino,0.000,0.000,0.000,,
836.733149,2026-03-16 16:55:32.473,ARDUINO_PSI,Arduino,0.000,0.000,0.000,,
836.834370,2026-03-16 16:55:32.575,ARDUINO_PSI,Arduino,0.000,0.000,0.000,,
836.933484,2026-03-16 16:55:32.674,ARDUINO_PSI,Arduino,0.000,0.000,0.000,,
837.033276,2026-03-16 16:55:32.773,ARDUINO_PSI,Arduino,0.000,0.000,0.000,,
837.133429,2026-03-16 16:55:32.874,ARDUINO_PSI,Arduino,0.000,0.000,0.000,,
837.234006,2026-03-16 16:55:32.974,ARDUINO_PSI,Arduino,0.000,0.000,0.000,,
837.333637,2026-03-16 16:55:33.074,ARDUINO_PSI,Arduino,0.000,0.000,0.000,,
837.434216,2026-03-16 16:55:33.174,ARDUINO_PSI,Arduino,0.000,0.000,0.000,,
837.533387,2026-03-16 16:55:33.274,ARDUINO_PSI,Arduino,0.000,0.000,0.000,,
837.633759,2026-03-16 16:55:33.374,ARDUINO_PSI,Arduino,0.000,0.000,0.000,,
837.733661,2026-03-16 16:55:33.474,ARDUINO_PSI,Arduino,0.000,0.000,0.000,,
837.833622,2026-03-16 16:55:33.574,ARDUINO_PSI,Arduino,0.000,0.000,0.000,,
837.934230,2026-03-16 16:55:33.674,ARDUINO_PSI,Arduino,0.000,0.000,0.000,,
838.033326,2026-03-16 16:55:33.773,ARDUINO_PSI,Arduino,0.000,0.000,0.000,,
838.133595,2026-03-16 16:55:33.874,ARDUINO_PSI,Arduino,0.000,0.000,0.000,,
838.233586,2026-03-16 16:55:33.974,ARDUINO_PSI,Arduino,0.000,0.000,0.000,,
838.333287,2026-03-16 16:55:34.073,ARDUINO_PSI,Arduino,0.000,0.000,0.000,,
838.433624,2026-03-16 16:55:34.174,ARDUINO_PSI,Arduino,0.000,0.000,0.000,,
838.533522,2026-03-16 16:55:34.274,ARDUINO_PSI,Arduino,0.000,0.000,0.000,,
838.633718,2026-03-16 16:55:34.374,ARDUINO_PSI,Arduino,0.000,0.000,0.000,,
838.733554,2026-03-16 16:55:34.474,ARDUINO_PSI,Arduino,0.000,0.000,0.000,,
838.833320,2026-03-16 16:55:34.573,ARDUINO_PSI,Arduino,0.000,0.000,0.000,,
838.933581,2026-03-16 16:55:34.674,ARDUINO_PSI,Arduino,0.000,0.000,0.000,,
839.033539,2026-03-16 16:55:34.774,ARDUINO_PSI,Arduino,0.000,0.000,0.000,,
839.133610,2026-03-16 16:55:34.874,ARDUINO_PSI,Arduino,0.000,0.000,0.000,,
839.233622,2026-03-16 16:55:34.974,ARDUINO_PSI,Arduino,0.000,0.000,0.000,,
839.333315,2026-03-16 16:55:35.073,ARDUINO_PSI,Arduino,0.000,0.000,0.000,,
839.433421,2026-03-16 16:55:35.174,ARDUINO_PSI,Arduino,0.000,0.000,0.000,,
839.533428,2026-03-16 16:55:35.274,ARDUINO_PSI,Arduino,0.000,0.000,0.000,,
839.633613,2026-03-16 16:55:35.374,ARDUINO_PSI,Arduino,0.000,0.000,0.000,,
839.733704,2026-03-16 16:55:35.474,ARDUINO_PSI,Arduino,0.000,0.000,0.000,,
839.833764,2026-03-16 16:55:35.574,ARDUINO_PSI,Arduino,0.000,0.000,0.000,,
839.933688,2026-03-16 16:55:35.674,ARDUINO_PSI,Arduino,0.000,0.000,0.000,,
840.034165,2026-03-16 16:55:35.774,ARDUINO_PSI,Arduino,0.000,0.000,0.000,,
840.133226,2026-03-16 16:55:35.873,ARDUINO_PSI,Arduino,0.000,0.000,0.000,,
840.233559,2026-03-16 16:55:35.974,ARDUINO_PSI,Arduino,0.000,0.000,0.000,,
840.333538,2026-03-16 16:55:36.074,ARDUINO_PSI,Arduino,0.000,0.000,0.000,,
840.433420,2026-03-16 16:55:36.174,ARDUINO_PSI,Arduino,0.000,0.000,0.000,,
840.533586,2026-03-16 16:55:36.274,ARDUINO_PSI,Arduino,0.000,0.000,0.000,,
840.633670,2026-03-16 16:55:36.374,ARDUINO_PSI,Arduino,0.000,0.000,0.000,,
840.733654,2026-03-16 16:55:36.474,ARDUINO_PSI,Arduino,0.000,0.000,0.000,,
840.833697,2026-03-16 16:55:36.574,ARDUINO_PSI,Arduino,0.000,0.000,0.000,,
840.933612,2026-03-16 16:55:36.674,ARDUINO_PSI,Arduino,0.000,0.000,0.000,,
841.033551,2026-03-16 16:55:36.774,ARDUINO_PSI,Arduino,0.000,0.000,0.000,,
841.134161,2026-03-16 16:55:36.874,ARDUINO_PSI,Arduino,0.000,0.000,0.000,,
841.233151,2026-03-16 16:55:36.973,ARDUINO_PSI,Arduino,0.000,0.000,0.000,,
841.333688,2026-03-16 16:55:37.074,ARDUINO_PSI,Arduino,0.000,0.000,0.000,,
841.433146,2026-03-16 16:55:37.173,ARDUINO_PSI,Arduino,0.000,0.000,0.000,,
841.533091,2026-03-16 16:55:37.273,ARDUINO_PSI,Arduino,0.000,0.000,0.000,,
841.633427,2026-03-16 16:55:37.374,ARDUINO_PSI,Arduino,0.000,0.000,0.000,,
841.733587,2026-03-16 16:55:37.474,ARDUINO_PSI,Arduino,0.000,0.000,0.000,,
841.833479,2026-03-16 16:55:37.574,ARDUINO_PSI,Arduino,0.000,0.000,0.000,,
841.933450,2026-03-16 16:55:37.674,ARDUINO_PSI,Arduino,0.000,0.000,0.000,,
842.033674,2026-03-16 16:55:37.774,ARDUINO_PSI,Arduino,0.000,0.000,0.000,,
842.133728,2026-03-16 16:55:37.874,ARDUINO_PSI,Arduino,0.000,0.000,0.000,,
842.233613,2026-03-16 16:55:37.974,ARDUINO_PSI,Arduino,0.000,0.000,0.000,,
842.334925,2026-03-16 16:55:38.075,ARDUINO_PSI,Arduino,0.000,0.000,0.000,,
842.433406,2026-03-16 16:55:38.174,ARDUINO_PSI,Arduino,0.000,0.000,0.000,,
842.533375,2026-03-16 16:55:38.274,ARDUINO_PSI,Arduino,0.000,0.000,0.000,,
842.633177,2026-03-16 16:55:38.373,ARDUINO_PSI,Arduino,0.000,0.000,0.000,,
842.733473,2026-03-16 16:55:38.474,ARDUINO_PSI,Arduino,0.000,0.000,0.000,,
842.833409,2026-03-16 16:55:38.574,ARDUINO_PSI,Arduino,0.000,0.000,0.000,,
842.933637,2026-03-16 16:55:38.674,ARDUINO_PSI,Arduino,0.000,0.000,0.000,,
843.033537,2026-03-16 16:55:38.774,ARDUINO_PSI,Arduino,0.000,0.000,0.000,,
843.133627,2026-03-16 16:55:38.874,ARDUINO_PSI,Arduino,0.000,0.000,0.000,,
843.233588,2026-03-16 16:55:38.974,ARDUINO_PSI,Arduino,0.000,0.000,0.000,,
843.333294,2026-03-16 16:55:39.073,ARDUINO_PSI,Arduino,0.000,0.000,0.000,,
843.433307,2026-03-16 16:55:39.173,ARDUINO_PSI,Arduino,0.000,0.000,0.000,,
843.533987,2026-03-16 16:55:39.274,ARDUINO_PSI,Arduino,0.000,0.000,0.000,,
843.633660,2026-03-16 16:55:39.374,ARDUINO_PSI,Arduino,0.000,0.000,0.000,,
843.733711,2026-03-16 16:55:39.474,ARDUINO_PSI,Arduino,0.000,0.000,0.000,,
843.833706,2026-03-16 16:55:39.574,ARDUINO_PSI,Arduino,0.000,0.000,0.000,,
843.933781,2026-03-16 16:55:39.674,ARDUINO_PSI,Arduino,0.000,0.000,0.000,,
844.033565,2026-03-16 16:55:39.774,ARDUINO_PSI,Arduino,0.000,0.000,0.000,,
844.133664,2026-03-16 16:55:39.874,ARDUINO_PSI,Arduino,0.000,0.000,0.000,,
844.233734,2026-03-16 16:55:39.974,ARDUINO_PSI,Arduino,0.000,0.000,0.000,,
844.333543,2026-03-16 16:55:40.074,ARDUINO_PSI,Arduino,0.000,0.000,0.000,,
844.433568,2026-03-16 16:55:40.174,ARDUINO_PSI,Arduino,0.000,0.000,0.000,,
844.533480,2026-03-16 16:55:40.274,ARDUINO_PSI,Arduino,0.000,0.000,0.000,,
844.633622,2026-03-16 16:55:40.374,ARDUINO_PSI,Arduino,0.000,0.000,0.000,,
844.733810,2026-03-16 16:55:40.474,ARDUINO_PSI,Arduino,0.000,0.000,0.000,,
844.833771,2026-03-16 16:55:40.574,ARDUINO_PSI,Arduino,0.000,0.000,0.000,,
844.933775,2026-03-16 16:55:40.674,ARDUINO_PSI,Arduino,0.000,0.000,0.000,,
845.033712,2026-03-16 16:55:40.774,ARDUINO_PSI,Arduino,0.000,0.000,0.000,,
845.133648,2026-03-16 16:55:40.874,ARDUINO_PSI,Arduino,0.000,0.000,0.000,,
845.233577,2026-03-16 16:55:40.974,ARDUINO_PSI,Arduino,0.000,0.000,0.000,,
845.333655,2026-03-16 16:55:41.074,ARDUINO_PSI,Arduino,0.000,0.000,0.000,,
845.433722,2026-03-16 16:55:41.174,ARDUINO_PSI,Arduino,0.000,0.000,0.000,,
845.533659,2026-03-16 16:55:41.274,ARDUINO_PSI,Arduino,0.000,0.000,0.000,,
845.633731,2026-03-16 16:55:41.374,ARDUINO_PSI,Arduino,0.000,0.000,0.000,,
845.733661,2026-03-16 16:55:41.474,ARDUINO_PSI,Arduino,0.000,0.000,0.000,,
845.833605,2026-03-16 16:55:41.574,ARDUINO_PSI,Arduino,0.000,0.000,0.000,,
845.933639,2026-03-16 16:55:41.674,ARDUINO_PSI,Arduino,0.000,0.000,0.000,,
846.033678,2026-03-16 16:55:41.774,ARDUINO_PSI,Arduino,0.000,0.000,0.000,,
846.133758,2026-03-16 16:55:41.874,ARDUINO_PSI,Arduino,0.000,0.000,0.000,,
846.233647,2026-03-16 16:55:41.974,ARDUINO_PSI,Arduino,0.000,0.000,0.000,,
846.333795,2026-03-16 16:55:42.074,ARDUINO_PSI,Arduino,0.000,0.000,0.000,,
846.433711,2026-03-16 16:55:42.174,ARDUINO_PSI,Arduino,0.000,0.000,0.000,,
846.533734,2026-03-16 16:55:42.274,ARDUINO_PSI,Arduino,0.000,0.000,0.000,,
846.633793,2026-03-16 16:55:42.374,ARDUINO_PSI,Arduino,0.000,0.000,0.000,,
846.733542,2026-03-16 16:55:42.474,ARDUINO_PSI,Arduino,0.000,0.000,0.000,,
846.833464,2026-03-16 16:55:42.574,ARDUINO_PSI,Arduino,0.000,0.000,0.000,,
846.933815,2026-03-16 16:55:42.674,ARDUINO_PSI,Arduino,0.000,0.000,0.000,,
847.033772,2026-03-16 16:55:42.774,ARDUINO_PSI,Arduino,0.000,0.000,0.000,,
847.133397,2026-03-16 16:55:42.874,ARDUINO_PSI,Arduino,0.000,0.000,0.000,,
847.233229,2026-03-16 16:55:42.973,ARDUINO_PSI,Arduino,0.000,0.000,0.000,,
847.334116,2026-03-16 16:55:43.074,ARDUINO_PSI,Arduino,0.000,0.000,0.000,,
847.433570,2026-03-16 16:55:43.174,ARDUINO_PSI,Arduino,0.000,0.000,0.000,,
847.533781,2026-03-16 16:55:43.274,ARDUINO_PSI,Arduino,0.000,0.000,0.000,,
847.633324,2026-03-16 16:55:43.373,ARDUINO_PSI,Arduino,0.000,0.000,0.000,,
847.733589,2026-03-16 16:55:43.474,ARDUINO_PSI,Arduino,0.000,0.000,0.000,,
847.833462,2026-03-16 16:55:43.574,ARDUINO_PSI,Arduino,0.000,0.000,0.000,,
847.933459,2026-03-16 16:55:43.674,ARDUINO_PSI,Arduino,0.000,0.000,0.000,,
848.033657,2026-03-16 16:55:43.774,ARDUINO_PSI,Arduino,0.000,0.000,0.000,,
848.133427,2026-03-16 16:55:43.874,ARDUINO_PSI,Arduino,0.000,0.000,0.000,,
848.233634,2026-03-16 16:55:43.974,ARDUINO_PSI,Arduino,0.000,0.000,0.000,,
848.334471,2026-03-16 16:55:44.075,ARDUINO_PSI,Arduino,0.000,0.000,0.000,,
848.433800,2026-03-16 16:55:44.174,ARDUINO_PSI,Arduino,0.000,0.000,0.000,,
848.534114,2026-03-16 16:55:44.274,ARDUINO_PSI,Arduino,0.000,0.000,0.000,,
848.633620,2026-03-16 16:55:44.374,ARDUINO_PSI,Arduino,0.000,0.000,0.000,,
848.733803,2026-03-16 16:55:44.474,ARDUINO_PSI,Arduino,0.000,0.000,0.000,,
848.833353,2026-03-16 16:55:44.573,ARDUINO_PSI,Arduino,0.000,0.000,0.000,,
848.933742,2026-03-16 16:55:44.674,ARDUINO_PSI,Arduino,0.000,0.000,0.000,,
849.033677,2026-03-16 16:55:44.774,ARDUINO_PSI,Arduino,0.000,0.000,0.000,,
849.133648,2026-03-16 16:55:44.874,ARDUINO_PSI,Arduino,0.000,0.000,0.000,,
849.233671,2026-03-16 16:55:44.974,ARDUINO_PSI,Arduino,0.000,0.000,0.000,,
849.333588,2026-03-16 16:55:45.074,ARDUINO_PSI,Arduino,0.000,0.000,0.000,,
849.433248,2026-03-16 16:55:45.173,ARDUINO_PSI,Arduino,0.000,0.000,0.000,,
849.533629,2026-03-16 16:55:45.274,ARDUINO_PSI,Arduino,0.000,0.000,0.000,,
849.633673,2026-03-16 16:55:45.374,ARDUINO_PSI,Arduino,0.000,0.000,0.000,,
849.733363,2026-03-16 16:55:45.473,ARDUINO_PSI,Arduino,0.000,0.000,0.000,,
849.833249,2026-03-16 16:55:45.573,ARDUINO_PSI,Arduino,0.000,0.000,0.000,,
849.933763,2026-03-16 16:55:45.674,ARDUINO_PSI,Arduino,0.000,0.000,0.000,,
850.033611,2026-03-16 16:55:45.774,ARDUINO_PSI,Arduino,0.000,0.000,0.000,,
850.133573,2026-03-16 16:55:45.874,ARDUINO_PSI,Arduino,0.000,0.000,0.000,,
850.234152,2026-03-16 16:55:45.974,ARDUINO_PSI,Arduino,0.000,0.000,0.000,,
850.333708,2026-03-16 16:55:46.074,ARDUINO_PSI,Arduino,0.000,0.000,0.000,,
850.433483,2026-03-16 16:55:46.174,ARDUINO_PSI,Arduino,0.000,0.000,0.000,,
850.533526,2026-03-16 16:55:46.274,ARDUINO_PSI,Arduino,0.000,0.000,0.000,,
850.633449,2026-03-16 16:55:46.374,ARDUINO_PSI,Arduino,0.000,0.000,0.000,,
850.733746,2026-03-16 16:55:46.474,ARDUINO_PSI,Arduino,0.000,0.000,0.000,,
850.833220,2026-03-16 16:55:46.573,ARDUINO_PSI,Arduino,0.000,0.000,0.000,,
850.933491,2026-03-16 16:55:46.674,ARDUINO_PSI,Arduino,0.000,0.000,0.000,,
851.034094,2026-03-16 16:55:46.774,ARDUINO_PSI,Arduino,0.000,0.000,0.000,,
851.133588,2026-03-16 16:55:46.874,ARDUINO_PSI,Arduino,0.000,0.000,0.000,,
851.233603,2026-03-16 16:55:46.974,ARDUINO_PSI,Arduino,0.000,0.000,0.000,,
851.333376,2026-03-16 16:55:47.074,ARDUINO_PSI,Arduino,0.000,0.000,0.000,,
851.433115,2026-03-16 16:55:47.173,ARDUINO_PSI,Arduino,0.000,0.000,0.000,,
851.534179,2026-03-16 16:55:47.274,ARDUINO_PSI,Arduino,0.000,0.000,0.000,,
851.634262,2026-03-16 16:55:47.374,ARDUINO_PSI,Arduino,0.000,0.000,0.000,,
851.733371,2026-03-16 16:55:47.474,ARDUINO_PSI,Arduino,0.000,0.000,0.000,,
851.833308,2026-03-16 16:55:47.573,ARDUINO_PSI,Arduino,0.000,0.000,0.000,,
851.933723,2026-03-16 16:55:47.674,ARDUINO_PSI,Arduino,0.000,0.000,0.000,,
852.033616,2026-03-16 16:55:47.774,ARDUINO_PSI,Arduino,0.000,0.000,0.000,,
852.133580,2026-03-16 16:55:47.874,ARDUINO_PSI,Arduino,0.000,0.000,0.000,,
852.233616,2026-03-16 16:55:47.974,ARDUINO_PSI,Arduino,0.000,0.000,0.000,,
852.333316,2026-03-16 16:55:48.073,ARDUINO_PSI,Arduino,0.000,0.000,0.000,,
852.433526,2026-03-16 16:55:48.174,ARDUINO_PSI,Arduino,0.000,0.000,0.000,,
852.533625,2026-03-16 16:55:48.274,ARDUINO_PSI,Arduino,0.000,0.000,0.000,,
852.633682,2026-03-16 16:55:48.374,ARDUINO_PSI,Arduino,0.000,0.000,0.000,,
852.734037,2026-03-16 16:55:48.474,ARDUINO_PSI,Arduino,0.000,0.000,0.000,,
852.833167,2026-03-16 16:55:48.573,ARDUINO_PSI,Arduino,0.000,0.000,0.000,,
852.933722,2026-03-16 16:55:48.674,ARDUINO_PSI,Arduino,0.000,0.000,0.000,,
853.033761,2026-03-16 16:55:48.774,ARDUINO_PSI,Arduino,0.000,0.000,0.000,,
853.133645,2026-03-16 16:55:48.874,ARDUINO_PSI,Arduino,0.000,0.000,0.000,,
853.233599,2026-03-16 16:55:48.974,ARDUINO_PSI,Arduino,0.000,0.000,0.000,,
853.333666,2026-03-16 16:55:49.074,ARDUINO_PSI,Arduino,0.000,0.000,0.000,,
853.433640,2026-03-16 16:55:49.174,ARDUINO_PSI,Arduino,0.000,0.000,0.000,,
853.533691,2026-03-16 16:55:49.274,ARDUINO_PSI,Arduino,0.000,0.000,0.000,,
853.633644,2026-03-16 16:55:49.374,ARDUINO_PSI,Arduino,0.000,0.000,0.000,,
853.733446,2026-03-16 16:55:49.474,ARDUINO_PSI,Arduino,0.000,0.000,0.000,,
853.833529,2026-03-16 16:55:49.574,ARDUINO_PSI,Arduino,0.000,0.000,0.000,,
853.933680,2026-03-16 16:55:49.674,ARDUINO_PSI,Arduino,0.000,0.000,0.000,,
854.033801,2026-03-16 16:55:49.774,ARDUINO_PSI,Arduino,0.000,0.000,0.000,,
854.133916,2026-03-16 16:55:49.874,ARDUINO_PSI,Arduino,0.000,0.000,0.000,,
854.233350,2026-03-16 16:55:49.973,ARDUINO_PSI,Arduino,0.000,0.000,0.000,,
854.333746,2026-03-16 16:55:50.074,ARDUINO_PSI,Arduino,0.000,0.000,0.000,,
854.434567,2026-03-16 16:55:50.175,ARDUINO_PSI,Arduino,0.000,0.000,0.000,,
854.533742,2026-03-16 16:55:50.274,ARDUINO_PSI,Arduino,0.000,0.000,0.000,,
854.634418,2026-03-16 16:55:50.375,ARDUINO_PSI,Arduino,0.000,0.000,0.000,,
854.733729,2026-03-16 16:55:50.474,ARDUINO_PSI,Arduino,0.000,0.000,0.000,,
854.833738,2026-03-16 16:55:50.574,ARDUINO_PSI,Arduino,0.000,0.000,0.000,,
854.933797,2026-03-16 16:55:50.674,ARDUINO_PSI,Arduino,0.000,0.000,0.000,,
855.033682,2026-03-16 16:55:50.774,ARDUINO_PSI,Arduino,0.000,0.000,0.000,,
855.133697,2026-03-16 16:55:50.874,ARDUINO_PSI,Arduino,0.000,0.000,0.000,,
855.233612,2026-03-16 16:55:50.974,ARDUINO_PSI,Arduino,0.000,0.000,0.000,,
855.333644,2026-03-16 16:55:51.074,ARDUINO_PSI,Arduino,0.000,0.000,0.000,,
855.433716,2026-03-16 16:55:51.174,ARDUINO_PSI,Arduino,0.000,0.000,0.000,,
855.533626,2026-03-16 16:55:51.274,ARDUINO_PSI,Arduino,0.000,0.000,0.000,,
855.633798,2026-03-16 16:55:51.374,ARDUINO_PSI,Arduino,0.000,0.000,0.000,,
855.733464,2026-03-16 16:55:51.474,ARDUINO_PSI,Arduino,0.000,0.000,0.000,,
855.833530,2026-03-16 16:55:51.574,ARDUINO_PSI,Arduino,0.000,0.000,0.000,,
855.933420,2026-03-16 16:55:51.674,ARDUINO_PSI,Arduino,0.000,0.000,0.000,,
856.033712,2026-03-16 16:55:51.774,ARDUINO_PSI,Arduino,0.000,0.000,0.000,,
856.133552,2026-03-16 16:55:51.874,ARDUINO_PSI,Arduino,0.000,0.000,0.000,,
856.233561,2026-03-16 16:55:51.974,ARDUINO_PSI,Arduino,0.000,0.000,0.000,,
856.333496,2026-03-16 16:55:52.074,ARDUINO_PSI,Arduino,0.000,0.000,0.000,,
856.433599,2026-03-16 16:55:52.174,ARDUINO_PSI,Arduino,0.000,0.000,0.000,,
856.533593,2026-03-16 16:55:52.274,ARDUINO_PSI,Arduino,0.000,0.000,0.000,,
856.633773,2026-03-16 16:55:52.374,ARDUINO_PSI,Arduino,0.000,0.000,0.000,,
856.733621,2026-03-16 16:55:52.474,ARDUINO_PSI,Arduino,0.000,0.000,0.000,,
856.833715,2026-03-16 16:55:52.574,ARDUINO_PSI,Arduino,0.000,0.000,0.000,,
856.933673,2026-03-16 16:55:52.674,ARDUINO_PSI,Arduino,0.000,0.000,0.000,,
857.033245,2026-03-16 16:55:52.773,ARDUINO_PSI,Arduino,0.000,0.000,0.000,,
857.133468,2026-03-16 16:55:52.874,ARDUINO_PSI,Arduino,0.000,0.000,0.000,,
857.233637,2026-03-16 16:55:52.974,ARDUINO_PSI,Arduino,0.000,0.000,0.000,,
857.333625,2026-03-16 16:55:53.074,ARDUINO_PSI,Arduino,0.000,0.000,0.000,,
857.433993,2026-03-16 16:55:53.174,ARDUINO_PSI,Arduino,0.000,0.000,0.000,,
857.533686,2026-03-16 16:55:53.274,ARDUINO_PSI,Arduino,0.000,0.000,0.000,,
857.633641,2026-03-16 16:55:53.374,ARDUINO_PSI,Arduino,0.000,0.000,0.000,,
857.733865,2026-03-16 16:55:53.474,ARDUINO_PSI,Arduino,0.000,0.000,0.000,,
857.833636,2026-03-16 16:55:53.574,ARDUINO_PSI,Arduino,0.000,0.000,0.000,,
857.933858,2026-03-16 16:55:53.674,ARDUINO_PSI,Arduino,0.000,0.000,0.000,,
858.033728,2026-03-16 16:55:53.774,ARDUINO_PSI,Arduino,0.000,0.000,0.000,,
858.133743,2026-03-16 16:55:53.874,ARDUINO_PSI,Arduino,0.000,0.000,0.000,,
858.233646,2026-03-16 16:55:53.974,ARDUINO_PSI,Arduino,0.000,0.000,0.000,,
858.333573,2026-03-16 16:55:54.074,ARDUINO_PSI,Arduino,0.000,0.000,0.000,,
858.433718,2026-03-16 16:55:54.174,ARDUINO_PSI,Arduino,0.000,0.000,0.000,,
858.533778,2026-03-16 16:55:54.274,ARDUINO_PSI,Arduino,0.000,0.000,0.000,,
858.633617,2026-03-16 16:55:54.374,ARDUINO_PSI,Arduino,0.000,0.000,0.000,,
858.733767,2026-03-16 16:55:54.474,ARDUINO_PSI,Arduino,0.000,0.000,0.000,,
858.833608,2026-03-16 16:55:54.574,ARDUINO_PSI,Arduino,0.000,0.000,0.000,,
858.933578,2026-03-16 16:55:54.674,ARDUINO_PSI,Arduino,0.000,0.000,0.000,,
859.033682,2026-03-16 16:55:54.774,ARDUINO_PSI,Arduino,0.000,0.000,0.000,,
859.134701,2026-03-16 16:55:54.875,ARDUINO_PSI,Arduino,0.000,0.000,0.000,,
859.233641,2026-03-16 16:55:54.974,ARDUINO_PSI,Arduino,0.000,0.000,0.000,,
859.333474,2026-03-16 16:55:55.074,ARDUINO_PSI,Arduino,0.000,0.000,0.000,,
859.433575,2026-03-16 16:55:55.174,ARDUINO_PSI,Arduino,0.000,0.000,0.000,,
859.533710,2026-03-16 16:55:55.274,ARDUINO_PSI,Arduino,0.000,0.000,0.000,,
859.633765,2026-03-16 16:55:55.374,ARDUINO_PSI,Arduino,0.000,0.000,0.000,,
859.733643,2026-03-16 16:55:55.474,ARDUINO_PSI,Arduino,0.000,0.000,0.000,,
859.833658,2026-03-16 16:55:55.574,ARDUINO_PSI,Arduino,0.000,0.000,0.000,,
859.933390,2026-03-16 16:55:55.674,ARDUINO_PSI,Arduino,0.000,0.000,0.000,,
860.033702,2026-03-16 16:55:55.774,ARDUINO_PSI,Arduino,0.000,0.000,0.000,,
860.133738,2026-03-16 16:55:55.874,ARDUINO_PSI,Arduino,0.000,0.000,0.000,,
860.233668,2026-03-16 16:55:55.974,ARDUINO_PSI,Arduino,0.000,0.000,0.000,,
860.333736,2026-03-16 16:55:56.074,ARDUINO_PSI,Arduino,0.000,0.000,0.000,,
860.433709,2026-03-16 16:55:56.174,ARDUINO_PSI,Arduino,0.000,0.000,0.000,,
860.533181,2026-03-16 16:55:56.273,ARDUINO_PSI,Arduino,0.000,0.000,0.000,,
860.633715,2026-03-16 16:55:56.374,ARDUINO_PSI,Arduino,0.000,0.000,0.000,,
860.733713,2026-03-16 16:55:56.474,ARDUINO_PSI,Arduino,0.000,0.000,0.000,,
860.833841,2026-03-16 16:55:56.574,ARDUINO_PSI,Arduino,0.000,0.000,0.000,,
860.933671,2026-03-16 16:55:56.674,ARDUINO_PSI,Arduino,0.000,0.000,0.000,,
861.033492,2026-03-16 16:55:56.774,ARDUINO_PSI,Arduino,0.000,0.000,0.000,,
861.133422,2026-03-16 16:55:56.874,ARDUINO_PSI,Arduino,0.000,0.000,0.000,,
861.233140,2026-03-16 16:55:56.973,ARDUINO_PSI,Arduino,0.000,0.000,0.000,,
861.333762,2026-03-16 16:55:57.074,ARDUINO_PSI,Arduino,0.000,0.000,0.000,,
861.434653,2026-03-16 16:55:57.175,ARDUINO_PSI,Arduino,0.000,0.000,0.000,,
861.533532,2026-03-16 16:55:57.274,ARDUINO_PSI,Arduino,0.000,0.000,0.000,,
861.634503,2026-03-16 16:55:57.375,ARDUINO_PSI,Arduino,0.000,0.000,0.000,,
861.733347,2026-03-16 16:55:57.473,ARDUINO_PSI,Arduino,0.000,0.000,0.000,,
861.833550,2026-03-16 16:55:57.574,ARDUINO_PSI,Arduino,0.000,0.000,0.000,,
861.933520,2026-03-16 16:55:57.674,ARDUINO_PSI,Arduino,0.000,0.000,0.000,,
862.033608,2026-03-16 16:55:57.774,ARDUINO_PSI,Arduino,0.000,0.000,0.000,,
862.133838,2026-03-16 16:55:57.874,ARDUINO_PSI,Arduino,0.000,0.000,0.000,,
862.233669,2026-03-16 16:55:57.974,ARDUINO_PSI,Arduino,0.000,0.000,0.000,,
862.333604,2026-03-16 16:55:58.074,ARDUINO_PSI,Arduino,0.000,0.000,0.000,,
862.433400,2026-03-16 16:55:58.174,ARDUINO_PSI,Arduino,0.000,0.000,0.000,,
862.533465,2026-03-16 16:55:58.274,ARDUINO_PSI,Arduino,0.000,0.000,0.000,,
862.633652,2026-03-16 16:55:58.374,ARDUINO_PSI,Arduino,0.000,0.000,0.000,,
862.733784,2026-03-16 16:55:58.474,ARDUINO_PSI,Arduino,0.000,0.000,0.000,,
862.833274,2026-03-16 16:55:58.573,ARDUINO_PSI,Arduino,0.000,0.000,0.000,,
862.933706,2026-03-16 16:55:58.674,ARDUINO_PSI,Arduino,0.000,0.000,0.000,,
863.034222,2026-03-16 16:55:58.774,ARDUINO_PSI,Arduino,0.000,0.000,0.000,,
863.133655,2026-03-16 16:55:58.874,ARDUINO_PSI,Arduino,0.000,0.000,0.000,,
863.233583,2026-03-16 16:55:58.974,ARDUINO_PSI,Arduino,0.000,0.000,0.000,,
863.333694,2026-03-16 16:55:59.074,ARDUINO_PSI,Arduino,0.000,0.000,0.000,,
863.433722,2026-03-16 16:55:59.174,ARDUINO_PSI,Arduino,0.000,0.000,0.000,,
863.533441,2026-03-16 16:55:59.274,ARDUINO_PSI,Arduino,0.000,0.000,0.000,,
863.633816,2026-03-16 16:55:59.374,ARDUINO_PSI,Arduino,0.000,0.000,0.000,,
863.733815,2026-03-16 16:55:59.474,ARDUINO_PSI,Arduino,0.000,0.000,0.000,,
863.833662,2026-03-16 16:55:59.574,ARDUINO_PSI,Arduino,0.000,0.000,0.000,,
863.933757,2026-03-16 16:55:59.674,ARDUINO_PSI,Arduino,0.000,0.000,0.000,,
864.033690,2026-03-16 16:55:59.774,ARDUINO_PSI,Arduino,0.000,0.000,0.000,,
864.133832,2026-03-16 16:55:59.874,ARDUINO_PSI,Arduino,0.000,0.000,0.000,,
864.233861,2026-03-16 16:55:59.974,ARDUINO_PSI,Arduino,0.000,0.000,0.000,,
864.333724,2026-03-16 16:56:00.074,ARDUINO_PSI,Arduino,0.000,0.000,0.000,,
864.433702,2026-03-16 16:56:00.174,ARDUINO_PSI,Arduino,0.000,0.000,0.000,,
864.533672,2026-03-16 16:56:00.274,ARDUINO_PSI,Arduino,0.000,0.000,0.000,,
864.633855,2026-03-16 16:56:00.374,ARDUINO_PSI,Arduino,0.000,0.000,0.000,,
864.733489,2026-03-16 16:56:00.474,ARDUINO_PSI,Arduino,0.000,0.000,0.000,,
864.833710,2026-03-16 16:56:00.574,ARDUINO_PSI,Arduino,0.000,0.000,0.000,,
864.933768,2026-03-16 16:56:00.674,ARDUINO_PSI,Arduino,0.000,0.000,0.000,,
865.033727,2026-03-16 16:56:00.774,ARDUINO_PSI,Arduino,0.000,0.000,0.000,,
865.133595,2026-03-16 16:56:00.874,ARDUINO_PSI,Arduino,0.000,0.000,0.000,,
865.233724,2026-03-16 16:56:00.974,ARDUINO_PSI,Arduino,0.000,0.000,0.000,,
865.333581,2026-03-16 16:56:01.074,ARDUINO_PSI,Arduino,0.000,0.000,0.000,,
865.433621,2026-03-16 16:56:01.174,ARDUINO_PSI,Arduino,0.000,0.000,0.000,,
865.533718,2026-03-16 16:56:01.274,ARDUINO_PSI,Arduino,0.000,0.000,0.000,,
865.633688,2026-03-16 16:56:01.374,ARDUINO_PSI,Arduino,0.000,0.000,0.000,,
865.733732,2026-03-16 16:56:01.474,ARDUINO_PSI,Arduino,0.000,0.000,0.000,,
865.833653,2026-03-16 16:56:01.574,ARDUINO_PSI,Arduino,0.000,0.000,0.000,,
865.933629,2026-03-16 16:56:01.674,ARDUINO_PSI,Arduino,0.000,0.000,0.000,,
866.033770,2026-03-16 16:56:01.774,ARDUINO_PSI,Arduino,0.000,0.000,0.000,,
866.133691,2026-03-16 16:56:01.874,ARDUINO_PSI,Arduino,0.000,0.000,0.000,,
866.233761,2026-03-16 16:56:01.974,ARDUINO_PSI,Arduino,0.000,0.000,0.000,,
866.333653,2026-03-16 16:56:02.074,ARDUINO_PSI,Arduino,0.000,0.000,0.000,,
866.433692,2026-03-16 16:56:02.174,ARDUINO_PSI,Arduino,0.000,0.000,0.000,,
866.533611,2026-03-16 16:56:02.274,ARDUINO_PSI,Arduino,0.000,0.000,0.000,,
866.633461,2026-03-16 16:56:02.374,ARDUINO_PSI,Arduino,0.000,0.000,0.000,,
866.733699,2026-03-16 16:56:02.474,ARDUINO_PSI,Arduino,0.000,0.000,0.000,,
866.833365,2026-03-16 16:56:02.574,ARDUINO_PSI,Arduino,0.000,0.000,0.000,,
866.933687,2026-03-16 16:56:02.674,ARDUINO_PSI,Arduino,0.000,0.000,0.000,,
867.033730,2026-03-16 16:56:02.774,ARDUINO_PSI,Arduino,0.000,0.000,0.000,,
867.133696,2026-03-16 16:56:02.874,ARDUINO_PSI,Arduino,0.000,0.000,0.000,,
867.233647,2026-03-16 16:56:02.974,ARDUINO_PSI,Arduino,0.000,0.000,0.000,,
867.333708,2026-03-16 16:56:03.074,ARDUINO_PSI,Arduino,0.000,0.000,0.000,,
867.433744,2026-03-16 16:56:03.174,ARDUINO_PSI,Arduino,0.000,0.000,0.000,,
867.533676,2026-03-16 16:56:03.274,ARDUINO_PSI,Arduino,0.000,0.000,0.000,,
867.633310,2026-03-16 16:56:03.373,ARDUINO_PSI,Arduino,0.000,0.000,0.000,,
867.733689,2026-03-16 16:56:03.474,ARDUINO_PSI,Arduino,0.000,0.000,0.000,,
867.833297,2026-03-16 16:56:03.573,ARDUINO_PSI,Arduino,0.000,0.000,0.000,,
867.933951,2026-03-16 16:56:03.674,ARDUINO_PSI,Arduino,0.000,0.000,0.000,,
868.033682,2026-03-16 16:56:03.774,ARDUINO_PSI,Arduino,0.000,0.000,0.000,,
868.133718,2026-03-16 16:56:03.874,ARDUINO_PSI,Arduino,0.000,0.000,0.000,,
868.234328,2026-03-16 16:56:03.974,ARDUINO_PSI,Arduino,0.000,0.000,0.000,,
868.333710,2026-03-16 16:56:04.074,ARDUINO_PSI,Arduino,0.000,0.000,0.000,,
868.433754,2026-03-16 16:56:04.174,ARDUINO_PSI,Arduino,0.000,0.000,0.000,,
868.533745,2026-03-16 16:56:04.274,ARDUINO_PSI,Arduino,0.000,0.000,0.000,,
868.633678,2026-03-16 16:56:04.374,ARDUINO_PSI,Arduino,0.000,0.000,0.000,,
868.733996,2026-03-16 16:56:04.474,ARDUINO_PSI,Arduino,0.000,0.000,0.000,,
868.833842,2026-03-16 16:56:04.574,ARDUINO_PSI,Arduino,0.000,0.000,0.000,,
868.933701,2026-03-16 16:56:04.674,ARDUINO_PSI,Arduino,0.000,0.000,0.000,,
869.033632,2026-03-16 16:56:04.774,ARDUINO_PSI,Arduino,0.000,0.000,0.000,,
869.133651,2026-03-16 16:56:04.874,ARDUINO_PSI,Arduino,0.000,0.000,0.000,,
869.233696,2026-03-16 16:56:04.974,ARDUINO_PSI,Arduino,0.000,0.000,0.000,,
869.333635,2026-03-16 16:56:05.074,ARDUINO_PSI,Arduino,0.000,0.000,0.000,,
869.433877,2026-03-16 16:56:05.174,ARDUINO_PSI,Arduino,0.000,0.000,0.000,,
869.533711,2026-03-16 16:56:05.274,ARDUINO_PSI,Arduino,0.000,0.000,0.000,,
869.633774,2026-03-16 16:56:05.374,ARDUINO_PSI,Arduino,0.000,0.000,0.000,,
869.733742,2026-03-16 16:56:05.474,ARDUINO_PSI,Arduino,0.000,0.000,0.000,,
869.833220,2026-03-16 16:56:05.573,ARDUINO_PSI,Arduino,0.000,0.000,0.000,,
869.933642,2026-03-16 16:56:05.674,ARDUINO_PSI,Arduino,0.000,0.000,0.000,,
870.033716,2026-03-16 16:56:05.774,ARDUINO_PSI,Arduino,0.000,0.000,0.000,,
870.134503,2026-03-16 16:56:05.875,ARDUINO_PSI,Arduino,0.000,0.000,0.000,,
870.233685,2026-03-16 16:56:05.974,ARDUINO_PSI,Arduino,0.000,0.000,0.000,,
870.333736,2026-03-16 16:56:06.074,ARDUINO_PSI,Arduino,0.000,0.000,0.000,,
870.433797,2026-03-16 16:56:06.174,ARDUINO_PSI,Arduino,0.000,0.000,0.000,,
870.533706,2026-03-16 16:56:06.274,ARDUINO_PSI,Arduino,0.000,0.000,0.000,,
870.633560,2026-03-16 16:56:06.374,ARDUINO_PSI,Arduino,0.000,0.000,0.000,,
870.733803,2026-03-16 16:56:06.474,ARDUINO_PSI,Arduino,0.000,0.000,0.000,,
870.833877,2026-03-16 16:56:06.574,ARDUINO_PSI,Arduino,0.000,0.000,0.000,,
870.933777,2026-03-16 16:56:06.674,ARDUINO_PSI,Arduino,0.000,0.000,0.000,,
871.033904,2026-03-16 16:56:06.774,ARDUINO_PSI,Arduino,0.000,0.000,0.000,,
871.133573,2026-03-16 16:56:06.874,ARDUINO_PSI,Arduino,0.000,0.000,0.000,,
871.233921,2026-03-16 16:56:06.974,ARDUINO_PSI,Arduino,0.000,0.000,0.000,,
871.333775,2026-03-16 16:56:07.074,ARDUINO_PSI,Arduino,0.000,0.000,0.000,,
871.433702,2026-03-16 16:56:07.174,ARDUINO_PSI,Arduino,0.000,0.000,0.000,,
871.533650,2026-03-16 16:56:07.274,ARDUINO_PSI,Arduino,0.000,0.000,0.000,,
871.633755,2026-03-16 16:56:07.374,ARDUINO_PSI,Arduino,0.000,0.000,0.000,,
871.733903,2026-03-16 16:56:07.474,ARDUINO_PSI,Arduino,0.000,0.000,0.000,,
871.833933,2026-03-16 16:56:07.574,ARDUINO_PSI,Arduino,0.000,0.000,0.000,,
871.934137,2026-03-16 16:56:07.674,ARDUINO_PSI,Arduino,0.000,0.000,0.000,,
872.033737,2026-03-16 16:56:07.774,ARDUINO_PSI,Arduino,0.000,0.000,0.000,,
872.134284,2026-03-16 16:56:07.874,ARDUINO_PSI,Arduino,0.000,0.000,0.000,,
872.233719,2026-03-16 16:56:07.974,ARDUINO_PSI,Arduino,0.000,0.000,0.000,,
872.334158,2026-03-16 16:56:08.074,ARDUINO_PSI,Arduino,0.000,0.000,0.000,,
872.433736,2026-03-16 16:56:08.174,ARDUINO_PSI,Arduino,0.000,0.000,0.000,,
872.533588,2026-03-16 16:56:08.274,ARDUINO_PSI,Arduino,0.000,0.000,0.000,,
872.633644,2026-03-16 16:56:08.374,ARDUINO_PSI,Arduino,0.000,0.000,0.000,,
872.733910,2026-03-16 16:56:08.474,ARDUINO_PSI,Arduino,0.000,0.000,0.000,,
872.833696,2026-03-16 16:56:08.574,ARDUINO_PSI,Arduino,0.000,0.000,0.000,,
872.933898,2026-03-16 16:56:08.674,ARDUINO_PSI,Arduino,0.000,0.000,0.000,,
873.033705,2026-03-16 16:56:08.774,ARDUINO_PSI,Arduino,0.000,0.000,0.000,,
873.133589,2026-03-16 16:56:08.874,ARDUINO_PSI,Arduino,0.000,0.000,0.000,,
873.233737,2026-03-16 16:56:08.974,ARDUINO_PSI,Arduino,0.000,0.000,0.000,,
873.333783,2026-03-16 16:56:09.074,ARDUINO_PSI,Arduino,0.000,0.000,0.000,,
873.433526,2026-03-16 16:56:09.174,ARDUINO_PSI,Arduino,0.000,0.000,0.000,,
873.533813,2026-03-16 16:56:09.274,ARDUINO_PSI,Arduino,0.000,0.000,0.000,,
873.633613,2026-03-16 16:56:09.374,ARDUINO_PSI,Arduino,0.000,0.000,0.000,,
873.733733,2026-03-16 16:56:09.474,ARDUINO_PSI,Arduino,0.000,0.000,0.000,,
873.833842,2026-03-16 16:56:09.574,ARDUINO_PSI,Arduino,0.000,0.000,0.000,,
873.933743,2026-03-16 16:56:09.674,ARDUINO_PSI,Arduino,0.000,0.000,0.000,,
874.033706,2026-03-16 16:56:09.774,ARDUINO_PSI,Arduino,0.000,0.000,0.000,,
874.133744,2026-03-16 16:56:09.874,ARDUINO_PSI,Arduino,0.000,0.000,0.000,,
874.233784,2026-03-16 16:56:09.974,ARDUINO_PSI,Arduino,0.000,0.000,0.000,,
874.333828,2026-03-16 16:56:10.074,ARDUINO_PSI,Arduino,0.000,0.000,0.000,,
874.433636,2026-03-16 16:56:10.174,ARDUINO_PSI,Arduino,0.000,0.000,0.000,,
874.533459,2026-03-16 16:56:10.274,ARDUINO_PSI,Arduino,0.000,0.000,0.000,,
874.633948,2026-03-16 16:56:10.374,ARDUINO_PSI,Arduino,0.000,0.000,0.000,,
874.733806,2026-03-16 16:56:10.474,ARDUINO_PSI,Arduino,0.000,0.000,0.000,,
874.833856,2026-03-16 16:56:10.574,ARDUINO_PSI,Arduino,0.000,0.000,0.000,,
874.933582,2026-03-16 16:56:10.674,ARDUINO_PSI,Arduino,0.000,0.000,0.000,,
875.033739,2026-03-16 16:56:10.774,ARDUINO_PSI,Arduino,0.000,0.000,0.000,,
875.134360,2026-03-16 16:56:10.874,ARDUINO_PSI,Arduino,0.000,0.000,0.000,,
875.233711,2026-03-16 16:56:10.974,ARDUINO_PSI,Arduino,0.000,0.000,0.000,,
875.333721,2026-03-16 16:56:11.074,ARDUINO_PSI,Arduino,0.000,0.000,0.000,,
875.433566,2026-03-16 16:56:11.174,ARDUINO_PSI,Arduino,0.000,0.000,0.000,,
875.533679,2026-03-16 16:56:11.274,ARDUINO_PSI,Arduino,0.000,0.000,0.000,,
875.633832,2026-03-16 16:56:11.374,ARDUINO_PSI,Arduino,0.000,0.000,0.000,,
875.733566,2026-03-16 16:56:11.474,ARDUINO_PSI,Arduino,0.000,0.000,0.000,,
875.833728,2026-03-16 16:56:11.574,ARDUINO_PSI,Arduino,0.000,0.000,0.000,,
875.933167,2026-03-16 16:56:11.673,ARDUINO_PSI,Arduino,0.000,0.000,0.000,,
876.033668,2026-03-16 16:56:11.774,ARDUINO_PSI,Arduino,0.000,0.000,0.000,,
876.133553,2026-03-16 16:56:11.874,ARDUINO_PSI,Arduino,0.000,0.000,0.000,,
876.233619,2026-03-16 16:56:11.974,ARDUINO_PSI,Arduino,0.000,0.000,0.000,,
876.333888,2026-03-16 16:56:12.074,ARDUINO_PSI,Arduino,0.000,0.000,0.000,,
876.433675,2026-03-16 16:56:12.174,ARDUINO_PSI,Arduino,0.000,0.000,0.000,,
876.533715,2026-03-16 16:56:12.274,ARDUINO_PSI,Arduino,0.000,0.000,0.000,,
876.633853,2026-03-16 16:56:12.374,ARDUINO_PSI,Arduino,0.000,0.000,0.000,,
876.733675,2026-03-16 16:56:12.474,ARDUINO_PSI,Arduino,0.000,0.000,0.000,,
876.833315,2026-03-16 16:56:12.573,ARDUINO_PSI,Arduino,0.000,0.000,0.000,,
876.933895,2026-03-16 16:56:12.674,ARDUINO_PSI,Arduino,0.000,0.000,0.000,,
877.033716,2026-03-16 16:56:12.774,ARDUINO_PSI,Arduino,0.000,0.000,0.000,,
877.133721,2026-03-16 16:56:12.874,ARDUINO_PSI,Arduino,0.000,0.000,0.000,,
877.233768,2026-03-16 16:56:12.974,ARDUINO_PSI,Arduino,0.000,0.000,0.000,,
877.333748,2026-03-16 16:56:13.074,ARDUINO_PSI,Arduino,0.000,0.000,0.000,,
877.433815,2026-03-16 16:56:13.174,ARDUINO_PSI,Arduino,0.000,0.000,0.000,,
877.533836,2026-03-16 16:56:13.274,ARDUINO_PSI,Arduino,0.000,0.000,0.000,,
877.633767,2026-03-16 16:56:13.374,ARDUINO_PSI,Arduino,0.000,0.000,0.000,,
877.733603,2026-03-16 16:56:13.474,ARDUINO_PSI,Arduino,0.000,0.000,0.000,,
877.833953,2026-03-16 16:56:13.574,ARDUINO_PSI,Arduino,0.000,0.000,0.000,,
877.933239,2026-03-16 16:56:13.673,ARDUINO_PSI,Arduino,0.000,0.000,0.000,,
878.033724,2026-03-16 16:56:13.774,ARDUINO_PSI,Arduino,0.000,0.000,0.000,,
878.133639,2026-03-16 16:56:13.874,ARDUINO_PSI,Arduino,0.000,0.000,0.000,,
878.233637,2026-03-16 16:56:13.974,ARDUINO_PSI,Arduino,0.000,0.000,0.000,,
878.333730,2026-03-16 16:56:14.074,ARDUINO_PSI,Arduino,0.000,0.000,0.000,,
878.433712,2026-03-16 16:56:14.174,ARDUINO_PSI,Arduino,0.000,0.000,0.000,,
878.533473,2026-03-16 16:56:14.274,ARDUINO_PSI,Arduino,0.000,0.000,0.000,,
878.634020,2026-03-16 16:56:14.374,ARDUINO_PSI,Arduino,0.000,0.000,0.000,,
878.733714,2026-03-16 16:56:14.474,ARDUINO_PSI,Arduino,0.000,0.000,0.000,,
878.833308,2026-03-16 16:56:14.573,ARDUINO_PSI,Arduino,0.000,0.000,0.000,,
878.933746,2026-03-16 16:56:14.674,ARDUINO_PSI,Arduino,0.000,0.000,0.000,,
879.033603,2026-03-16 16:56:14.774,ARDUINO_PSI,Arduino,0.000,0.000,0.000,,
879.133452,2026-03-16 16:56:14.874,ARDUINO_PSI,Arduino,0.000,0.000,0.000,,
879.233764,2026-03-16 16:56:14.974,ARDUINO_PSI,Arduino,0.000,0.000,0.000,,
879.333952,2026-03-16 16:56:15.074,ARDUINO_PSI,Arduino,0.000,0.000,0.000,,
879.433595,2026-03-16 16:56:15.174,ARDUINO_PSI,Arduino,0.000,0.000,0.000,,
879.533650,2026-03-16 16:56:15.274,ARDUINO_PSI,Arduino,0.000,0.000,0.000,,
879.633976,2026-03-16 16:56:15.374,ARDUINO_PSI,Arduino,0.000,0.000,0.000,,
879.733194,2026-03-16 16:56:15.473,ARDUINO_PSI,Arduino,0.000,0.000,0.000,,
879.834044,2026-03-16 16:56:15.574,ARDUINO_PSI,Arduino,0.000,0.000,0.000,,
879.933691,2026-03-16 16:56:15.674,ARDUINO_PSI,Arduino,0.000,0.000,0.000,,
880.033569,2026-03-16 16:56:15.774,ARDUINO_PSI,Arduino,0.000,0.000,0.000,,
880.133708,2026-03-16 16:56:15.874,ARDUINO_PSI,Arduino,0.000,0.000,0.000,,
880.233828,2026-03-16 16:56:15.974,ARDUINO_PSI,Arduino,0.000,0.000,0.000,,
880.333788,2026-03-16 16:56:16.074,ARDUINO_PSI,Arduino,0.000,0.000,0.000,,
880.433848,2026-03-16 16:56:16.174,ARDUINO_PSI,Arduino,0.000,0.000,0.000,,
880.533760,2026-03-16 16:56:16.274,ARDUINO_PSI,Arduino,0.000,0.000,0.000,,
880.633677,2026-03-16 16:56:16.374,ARDUINO_PSI,Arduino,0.000,0.000,0.000,,
880.733706,2026-03-16 16:56:16.474,ARDUINO_PSI,Arduino,0.000,0.000,0.000,,
880.834041,2026-03-16 16:56:16.574,ARDUINO_PSI,Arduino,0.000,0.000,0.000,,
880.933716,2026-03-16 16:56:16.674,ARDUINO_PSI,Arduino,0.000,0.000,0.000,,
881.033729,2026-03-16 16:56:16.774,ARDUINO_PSI,Arduino,0.000,0.000,0.000,,
881.133714,2026-03-16 16:56:16.874,ARDUINO_PSI,Arduino,0.000,0.000,0.000,,
881.234088,2026-03-16 16:56:16.974,ARDUINO_PSI,Arduino,0.000,0.000,0.000,,
881.333288,2026-03-16 16:56:17.073,ARDUINO_PSI,Arduino,0.000,0.000,0.000,,
881.433794,2026-03-16 16:56:17.174,ARDUINO_PSI,Arduino,0.000,0.000,0.000,,
881.533661,2026-03-16 16:56:17.274,ARDUINO_PSI,Arduino,0.000,0.000,0.000,,
881.633703,2026-03-16 16:56:17.374,ARDUINO_PSI,Arduino,0.000,0.000,0.000,,
881.733364,2026-03-16 16:56:17.473,ARDUINO_PSI,Arduino,0.000,0.000,0.000,,
881.833420,2026-03-16 16:56:17.574,ARDUINO_PSI,Arduino,0.000,0.000,0.000,,
881.933807,2026-03-16 16:56:17.674,ARDUINO_PSI,Arduino,0.000,0.000,0.000,,
882.033857,2026-03-16 16:56:17.774,ARDUINO_PSI,Arduino,0.000,0.000,0.000,,
882.133911,2026-03-16 16:56:17.874,ARDUINO_PSI,Arduino,0.000,0.000,0.000,,
882.233540,2026-03-16 16:56:17.974,ARDUINO_PSI,Arduino,0.000,0.000,0.000,,
882.333882,2026-03-16 16:56:18.074,ARDUINO_PSI,Arduino,0.000,0.000,0.000,,
882.434015,2026-03-16 16:56:18.174,ARDUINO_PSI,Arduino,0.000,0.000,0.000,,
882.533644,2026-03-16 16:56:18.274,ARDUINO_PSI,Arduino,0.000,0.000,0.000,,
882.633771,2026-03-16 16:56:18.374,ARDUINO_PSI,Arduino,0.000,0.000,0.000,,
882.733644,2026-03-16 16:56:18.474,ARDUINO_PSI,Arduino,0.000,0.000,0.000,,
882.833879,2026-03-16 16:56:18.574,ARDUINO_PSI,Arduino,0.000,0.000,0.000,,
882.934232,2026-03-16 16:56:18.674,ARDUINO_PSI,Arduino,0.000,0.000,0.000,,
883.033748,2026-03-16 16:56:18.774,ARDUINO_PSI,Arduino,0.000,0.000,0.000,,
883.133853,2026-03-16 16:56:18.874,ARDUINO_PSI,Arduino,0.000,0.000,0.000,,
883.233396,2026-03-16 16:56:18.974,ARDUINO_PSI,Arduino,0.000,0.000,0.000,,
883.333780,2026-03-16 16:56:19.074,ARDUINO_PSI,Arduino,0.000,0.000,0.000,,
883.433706,2026-03-16 16:56:19.174,ARDUINO_PSI,Arduino,0.000,0.000,0.000,,
883.533772,2026-03-16 16:56:19.274,ARDUINO_PSI,Arduino,0.000,0.000,0.000,,
883.633944,2026-03-16 16:56:19.374,ARDUINO_PSI,Arduino,0.000,0.000,0.000,,
883.733681,2026-03-16 16:56:19.474,ARDUINO_PSI,Arduino,0.000,0.000,0.000,,
883.833315,2026-03-16 16:56:19.573,ARDUINO_PSI,Arduino,0.000,0.000,0.000,,
883.933589,2026-03-16 16:56:19.674,ARDUINO_PSI,Arduino,0.000,0.000,0.000,,
884.033779,2026-03-16 16:56:19.774,ARDUINO_PSI,Arduino,0.000,0.000,0.000,,
884.133720,2026-03-16 16:56:19.874,ARDUINO_PSI,Arduino,0.000,0.000,0.000,,
884.233777,2026-03-16 16:56:19.974,ARDUINO_PSI,Arduino,0.000,0.000,0.000,,
884.333839,2026-03-16 16:56:20.074,ARDUINO_PSI,Arduino,0.000,0.000,0.000,,
884.433825,2026-03-16 16:56:20.174,ARDUINO_PSI,Arduino,0.000,0.000,0.000,,
884.533711,2026-03-16 16:56:20.274,ARDUINO_PSI,Arduino,0.000,0.000,0.000,,
884.633815,2026-03-16 16:56:20.374,ARDUINO_PSI,Arduino,0.000,0.000,0.000,,
884.733393,2026-03-16 16:56:20.474,ARDUINO_PSI,Arduino,0.000,0.000,0.000,,
884.834233,2026-03-16 16:56:20.574,ARDUINO_PSI,Arduino,0.000,0.000,0.000,,
884.933622,2026-03-16 16:56:20.674,ARDUINO_PSI,Arduino,0.000,0.000,0.000,,
885.033651,2026-03-16 16:56:20.774,ARDUINO_PSI,Arduino,0.000,0.000,0.000,,
885.133726,2026-03-16 16:56:20.874,ARDUINO_PSI,Arduino,0.000,0.000,0.000,,
885.233852,2026-03-16 16:56:20.974,ARDUINO_PSI,Arduino,0.000,0.000,0.000,,
885.333974,2026-03-16 16:56:21.074,ARDUINO_PSI,Arduino,0.000,0.000,0.000,,
885.433765,2026-03-16 16:56:21.174,ARDUINO_PSI,Arduino,0.000,0.000,0.000,,
885.533727,2026-03-16 16:56:21.274,ARDUINO_PSI,Arduino,0.000,0.000,0.000,,
885.633658,2026-03-16 16:56:21.374,ARDUINO_PSI,Arduino,0.000,0.000,0.000,,
885.733733,2026-03-16 16:56:21.474,ARDUINO_PSI,Arduino,0.000,0.000,0.000,,
885.833916,2026-03-16 16:56:21.574,ARDUINO_PSI,Arduino,0.000,0.000,0.000,,
885.933771,2026-03-16 16:56:21.674,ARDUINO_PSI,Arduino,0.000,0.000,0.000,,
886.033485,2026-03-16 16:56:21.774,ARDUINO_PSI,Arduino,0.000,0.000,0.000,,
886.133811,2026-03-16 16:56:21.874,ARDUINO_PSI,Arduino,0.000,0.000,0.000,,
886.233895,2026-03-16 16:56:21.974,ARDUINO_PSI,Arduino,0.000,0.000,0.000,,
886.333722,2026-03-16 16:56:22.074,ARDUINO_PSI,Arduino,0.000,0.000,0.000,,
886.433505,2026-03-16 16:56:22.174,ARDUINO_PSI,Arduino,0.000,0.000,0.000,,
886.533790,2026-03-16 16:56:22.274,ARDUINO_PSI,Arduino,0.000,0.000,0.000,,
886.633622,2026-03-16 16:56:22.374,ARDUINO_PSI,Arduino,0.000,0.000,0.000,,
886.733673,2026-03-16 16:56:22.474,ARDUINO_PSI,Arduino,0.000,0.000,0.000,,
886.833793,2026-03-16 16:56:22.574,ARDUINO_PSI,Arduino,0.000,0.000,0.000,,
886.933846,2026-03-16 16:56:22.674,ARDUINO_PSI,Arduino,0.000,0.000,0.000,,
887.034426,2026-03-16 16:56:22.775,ARDUINO_PSI,Arduino,0.000,0.000,0.000,,
887.133823,2026-03-16 16:56:22.874,ARDUINO_PSI,Arduino,0.000,0.000,0.000,,
887.233725,2026-03-16 16:56:22.974,ARDUINO_PSI,Arduino,0.000,0.000,0.000,,
887.333802,2026-03-16 16:56:23.074,ARDUINO_PSI,Arduino,0.000,0.000,0.000,,
887.433990,2026-03-16 16:56:23.174,ARDUINO_PSI,Arduino,0.000,0.000,0.000,,
887.533690,2026-03-16 16:56:23.274,ARDUINO_PSI,Arduino,0.000,0.000,0.000,,
887.634634,2026-03-16 16:56:23.375,ARDUINO_PSI,Arduino,0.000,0.000,0.000,,
887.733899,2026-03-16 16:56:23.474,ARDUINO_PSI,Arduino,0.000,0.000,0.000,,
887.833914,2026-03-16 16:56:23.574,ARDUINO_PSI,Arduino,0.000,0.000,0.000,,
887.933877,2026-03-16 16:56:23.674,ARDUINO_PSI,Arduino,0.000,0.000,0.000,,
888.033824,2026-03-16 16:56:23.774,ARDUINO_PSI,Arduino,0.000,0.000,0.000,,
888.133766,2026-03-16 16:56:23.874,ARDUINO_PSI,Arduino,0.000,0.000,0.000,,
888.234067,2026-03-16 16:56:23.974,ARDUINO_PSI,Arduino,0.000,0.000,0.000,,
888.333827,2026-03-16 16:56:24.074,ARDUINO_PSI,Arduino,0.000,0.000,0.000,,
888.433742,2026-03-16 16:56:24.174,ARDUINO_PSI,Arduino,0.000,0.000,0.000,,
888.533775,2026-03-16 16:56:24.274,ARDUINO_PSI,Arduino,0.000,0.000,0.000,,
888.633890,2026-03-16 16:56:24.374,ARDUINO_PSI,Arduino,0.000,0.000,0.000,,
888.733694,2026-03-16 16:56:24.474,ARDUINO_PSI,Arduino,0.000,0.000,0.000,,
888.833500,2026-03-16 16:56:24.574,ARDUINO_PSI,Arduino,0.000,0.000,0.000,,
888.933941,2026-03-16 16:56:24.674,ARDUINO_PSI,Arduino,0.000,0.000,0.000,,
889.033786,2026-03-16 16:56:24.774,ARDUINO_PSI,Arduino,0.000,0.000,0.000,,
889.133881,2026-03-16 16:56:24.874,ARDUINO_PSI,Arduino,0.000,0.000,0.000,,
889.233729,2026-03-16 16:56:24.974,ARDUINO_PSI,Arduino,0.000,0.000,0.000,,
889.333768,2026-03-16 16:56:25.074,ARDUINO_PSI,Arduino,0.000,0.000,0.000,,
889.433513,2026-03-16 16:56:25.174,ARDUINO_PSI,Arduino,0.000,0.000,0.000,,
889.533676,2026-03-16 16:56:25.274,ARDUINO_PSI,Arduino,0.000,0.000,0.000,,
889.635115,2026-03-16 16:56:25.375,ARDUINO_PSI,Arduino,0.000,0.000,0.000,,
889.733709,2026-03-16 16:56:25.474,ARDUINO_PSI,Arduino,0.000,0.000,0.000,,
889.833960,2026-03-16 16:56:25.574,ARDUINO_PSI,Arduino,0.000,0.000,0.000,,
889.933542,2026-03-16 16:56:25.674,ARDUINO_PSI,Arduino,0.000,0.000,0.000,,
890.033784,2026-03-16 16:56:25.774,ARDUINO_PSI,Arduino,0.000,0.000,0.000,,
890.133493,2026-03-16 16:56:25.874,ARDUINO_PSI,Arduino,0.000,0.000,0.000,,
890.233688,2026-03-16 16:56:25.974,ARDUINO_PSI,Arduino,0.000,0.000,0.000,,
890.334530,2026-03-16 16:56:26.075,ARDUINO_PSI,Arduino,0.000,0.000,0.000,,
890.433784,2026-03-16 16:56:26.174,ARDUINO_PSI,Arduino,0.000,0.000,0.000,,
890.533826,2026-03-16 16:56:26.274,ARDUINO_PSI,Arduino,0.000,0.000,0.000,,
890.633430,2026-03-16 16:56:26.374,ARDUINO_PSI,Arduino,0.000,0.000,0.000,,
890.733936,2026-03-16 16:56:26.474,ARDUINO_PSI,Arduino,0.000,0.000,0.000,,
890.833937,2026-03-16 16:56:26.574,ARDUINO_PSI,Arduino,0.000,0.000,0.000,,
890.933866,2026-03-16 16:56:26.674,ARDUINO_PSI,Arduino,0.000,0.000,0.000,,
891.033733,2026-03-16 16:56:26.774,ARDUINO_PSI,Arduino,0.000,0.000,0.000,,
891.133741,2026-03-16 16:56:26.874,ARDUINO_PSI,Arduino,0.000,0.000,0.000,,
891.234264,2026-03-16 16:56:26.974,ARDUINO_PSI,Arduino,0.000,0.000,0.000,,
891.333556,2026-03-16 16:56:27.074,ARDUINO_PSI,Arduino,0.000,0.000,0.000,,
891.433817,2026-03-16 16:56:27.174,ARDUINO_PSI,Arduino,0.000,0.000,0.000,,
891.534004,2026-03-16 16:56:27.274,ARDUINO_PSI,Arduino,0.000,0.000,0.000,,
891.634546,2026-03-16 16:56:27.375,ARDUINO_PSI,Arduino,0.000,0.000,0.000,,
891.733562,2026-03-16 16:56:27.474,ARDUINO_PSI,Arduino,0.000,0.000,0.000,,
891.833754,2026-03-16 16:56:27.574,ARDUINO_PSI,Arduino,0.000,0.000,0.000,,
891.933262,2026-03-16 16:56:27.673,ARDUINO_PSI,Arduino,0.000,0.000,0.000,,
892.033840,2026-03-16 16:56:27.774,ARDUINO_PSI,Arduino,0.000,0.000,0.000,,
892.134243,2026-03-16 16:56:27.874,ARDUINO_PSI,Arduino,0.000,0.000,0.000,,
892.233805,2026-03-16 16:56:27.974,ARDUINO_PSI,Arduino,0.000,0.000,0.000,,
892.333262,2026-03-16 16:56:28.073,ARDUINO_PSI,Arduino,0.000,0.000,0.000,,
892.433704,2026-03-16 16:56:28.174,ARDUINO_PSI,Arduino,0.000,0.000,0.000,,
892.533696,2026-03-16 16:56:28.274,ARDUINO_PSI,Arduino,0.000,0.000,0.000,,
892.633574,2026-03-16 16:56:28.374,ARDUINO_PSI,Arduino,0.000,0.000,0.000,,
892.734549,2026-03-16 16:56:28.475,ARDUINO_PSI,Arduino,0.000,0.000,0.000,,
892.835283,2026-03-16 16:56:28.575,ARDUINO_PSI,Arduino,0.000,0.000,0.000,,
892.934479,2026-03-16 16:56:28.675,ARDUINO_PSI,Arduino,0.000,0.000,0.000,,
893.033727,2026-03-16 16:56:28.774,ARDUINO_PSI,Arduino,0.000,0.000,0.000,,
893.134592,2026-03-16 16:56:28.875,ARDUINO_PSI,Arduino,0.000,0.000,0.000,,
893.233592,2026-03-16 16:56:28.974,ARDUINO_PSI,Arduino,0.000,0.000,0.000,,
893.334609,2026-03-16 16:56:29.075,ARDUINO_PSI,Arduino,0.000,0.000,0.000,,
893.433995,2026-03-16 16:56:29.174,ARDUINO_PSI,Arduino,0.000,0.000,0.000,,
893.534272,2026-03-16 16:56:29.274,ARDUINO_PSI,Arduino,0.000,0.000,0.000,,
893.633553,2026-03-16 16:56:29.374,ARDUINO_PSI,Arduino,0.000,0.000,0.000,,
893.734311,2026-03-16 16:56:29.474,ARDUINO_PSI,Arduino,0.000,0.000,0.000,,
893.833370,2026-03-16 16:56:29.574,ARDUINO_PSI,Arduino,0.000,0.000,0.000,,
893.934368,2026-03-16 16:56:29.675,ARDUINO_PSI,Arduino,0.000,0.000,0.000,,
894.033611,2026-03-16 16:56:29.774,ARDUINO_PSI,Arduino,0.000,0.000,0.000,,
894.133707,2026-03-16 16:56:29.874,ARDUINO_PSI,Arduino,0.000,0.000,0.000,,
894.235314,2026-03-16 16:56:29.975,ARDUINO_PSI,Arduino,0.000,0.000,0.000,,
894.334961,2026-03-16 16:56:30.075,ARDUINO_PSI,Arduino,0.000,0.000,0.000,,
894.433597,2026-03-16 16:56:30.174,ARDUINO_PSI,Arduino,0.000,0.000,0.000,,
894.534460,2026-03-16 16:56:30.275,ARDUINO_PSI,Arduino,0.000,0.000,0.000,,
894.634722,2026-03-16 16:56:30.375,ARDUINO_PSI,Arduino,0.000,0.000,0.000,,
894.734416,2026-03-16 16:56:30.475,ARDUINO_PSI,Arduino,0.000,0.000,0.000,,
894.835128,2026-03-16 16:56:30.575,ARDUINO_PSI,Arduino,0.000,0.000,0.000,,
894.933928,2026-03-16 16:56:30.674,ARDUINO_PSI,Arduino,0.000,0.000,0.000,,
895.033719,2026-03-16 16:56:30.774,ARDUINO_PSI,Arduino,0.000,0.000,0.000,,
895.133689,2026-03-16 16:56:30.874,ARDUINO_PSI,Arduino,0.000,0.000,0.000,,
895.234372,2026-03-16 16:56:30.975,ARDUINO_PSI,Arduino,0.000,0.000,0.000,,
895.334958,2026-03-16 16:56:31.075,ARDUINO_PSI,Arduino,0.000,0.000,0.000,,
895.434540,2026-03-16 16:56:31.175,ARDUINO_PSI,Arduino,0.000,0.000,0.000,,
895.534582,2026-03-16 16:56:31.275,ARDUINO_PSI,Arduino,0.000,0.000,0.000,,
895.633762,2026-03-16 16:56:31.374,ARDUINO_PSI,Arduino,0.000,0.000,0.000,,
895.734623,2026-03-16 16:56:31.475,ARDUINO_PSI,Arduino,0.000,0.000,0.000,,
895.834297,2026-03-16 16:56:31.574,ARDUINO_PSI,Arduino,0.000,0.000,0.000,,
895.933938,2026-03-16 16:56:31.674,ARDUINO_PSI,Arduino,0.000,0.000,0.000,,
896.033579,2026-03-16 16:56:31.774,ARDUINO_PSI,Arduino,0.000,0.000,0.000,,
896.134536,2026-03-16 16:56:31.875,ARDUINO_PSI,Arduino,0.000,0.000,0.000,,
896.233809,2026-03-16 16:56:31.974,ARDUINO_PSI,Arduino,0.000,0.000,0.000,,
896.334874,2026-03-16 16:56:32.075,ARDUINO_PSI,Arduino,0.000,0.000,0.000,,
896.434551,2026-03-16 16:56:32.175,ARDUINO_PSI,Arduino,0.000,0.000,0.000,,
896.534490,2026-03-16 16:56:32.275,ARDUINO_PSI,Arduino,0.000,0.000,0.000,,
896.634516,2026-03-16 16:56:32.375,ARDUINO_PSI,Arduino,0.000,0.000,0.000,,
896.734515,2026-03-16 16:56:32.475,ARDUINO_PSI,Arduino,0.000,0.000,0.000,,
896.834588,2026-03-16 16:56:32.575,ARDUINO_PSI,Arduino,0.000,0.000,0.000,,
896.934477,2026-03-16 16:56:32.675,ARDUINO_PSI,Arduino,0.000,0.000,0.000,,
897.033809,2026-03-16 16:56:32.774,ARDUINO_PSI,Arduino,0.000,0.000,0.000,,
897.134119,2026-03-16 16:56:32.874,ARDUINO_PSI,Arduino,0.000,0.000,0.000,,
897.234505,2026-03-16 16:56:32.975,ARDUINO_PSI,Arduino,0.000,0.000,0.000,,
897.334409,2026-03-16 16:56:33.075,ARDUINO_PSI,Arduino,0.000,0.000,0.000,,
897.434385,2026-03-16 16:56:33.175,ARDUINO_PSI,Arduino,0.000,0.000,0.000,,
897.533568,2026-03-16 16:56:33.274,ARDUINO_PSI,Arduino,0.000,0.000,0.000,,
897.634307,2026-03-16 16:56:33.374,ARDUINO_PSI,Arduino,0.000,0.000,0.000,,
897.733750,2026-03-16 16:56:33.474,ARDUINO_PSI,Arduino,0.000,0.000,0.000,,
897.833919,2026-03-16 16:56:33.574,ARDUINO_PSI,Arduino,0.000,0.000,0.000,,
897.933702,2026-03-16 16:56:33.674,ARDUINO_PSI,Arduino,0.000,0.000,0.000,,
898.034653,2026-03-16 16:56:33.775,ARDUINO_PSI,Arduino,0.000,0.000,0.000,,
898.133777,2026-03-16 16:56:33.874,ARDUINO_PSI,Arduino,0.000,0.000,0.000,,
898.234832,2026-03-16 16:56:33.975,ARDUINO_PSI,Arduino,0.000,0.000,0.000,,
898.334111,2026-03-16 16:56:34.074,ARDUINO_PSI,Arduino,0.000,0.000,0.000,,
898.434523,2026-03-16 16:56:34.175,ARDUINO_PSI,Arduino,0.000,0.000,0.000,,
898.534094,2026-03-16 16:56:34.274,ARDUINO_PSI,Arduino,0.000,0.000,0.000,,
898.634713,2026-03-16 16:56:34.375,ARDUINO_PSI,Arduino,0.000,0.000,0.000,,
898.734959,2026-03-16 16:56:34.475,ARDUINO_PSI,Arduino,0.000,0.000,0.000,,
898.833814,2026-03-16 16:56:34.574,ARDUINO_PSI,Arduino,0.000,0.000,0.000,,
898.933924,2026-03-16 16:56:34.674,ARDUINO_PSI,Arduino,0.000,0.000,0.000,,
899.033791,2026-03-16 16:56:34.774,ARDUINO_PSI,Arduino,0.000,0.000,0.000,,
899.134692,2026-03-16 16:56:34.875,ARDUINO_PSI,Arduino,0.000,0.000,0.000,,
899.233789,2026-03-16 16:56:34.974,ARDUINO_PSI,Arduino,0.000,0.000,0.000,,
899.333798,2026-03-16 16:56:35.074,ARDUINO_PSI,Arduino,0.000,0.000,0.000,,
899.433734,2026-03-16 16:56:35.174,ARDUINO_PSI,Arduino,0.000,0.000,0.000,,
899.534532,2026-03-16 16:56:35.275,ARDUINO_PSI,Arduino,0.000,0.000,0.000,,
899.633933,2026-03-16 16:56:35.374,ARDUINO_PSI,Arduino,0.000,0.000,0.000,,
899.734493,2026-03-16 16:56:35.475,ARDUINO_PSI,Arduino,0.000,0.000,0.000,,
899.833948,2026-03-16 16:56:35.574,ARDUINO_PSI,Arduino,0.000,0.000,0.000,,
899.934616,2026-03-16 16:56:35.675,ARDUINO_PSI,Arduino,0.000,0.000,0.000,,
900.033758,2026-03-16 16:56:35.774,ARDUINO_PSI,Arduino,0.000,0.000,0.000,,
900.133571,2026-03-16 16:56:35.874,ARDUINO_PSI,Arduino,0.000,0.000,0.000,,
900.233564,2026-03-16 16:56:35.974,ARDUINO_PSI,Arduino,0.000,0.000,0.000,,
900.333866,2026-03-16 16:56:36.074,ARDUINO_PSI,Arduino,0.000,0.000,0.000,,
900.433753,2026-03-16 16:56:36.174,ARDUINO_PSI,Arduino,0.000,0.000,0.000,,
900.534219,2026-03-16 16:56:36.274,ARDUINO_PSI,Arduino,0.000,0.000,0.000,,
900.633750,2026-03-16 16:56:36.374,ARDUINO_PSI,Arduino,0.000,0.000,0.000,,
900.733719,2026-03-16 16:56:36.474,ARDUINO_PSI,Arduino,0.000,0.000,0.000,,
900.834524,2026-03-16 16:56:36.575,ARDUINO_PSI,Arduino,0.000,0.000,0.000,,
900.934754,2026-03-16 16:56:36.675,ARDUINO_PSI,Arduino,0.000,0.000,0.000,,
901.034548,2026-03-16 16:56:36.775,ARDUINO_PSI,Arduino,0.000,0.000,0.000,,
901.133725,2026-03-16 16:56:36.874,ARDUINO_PSI,Arduino,0.000,0.000,0.000,,
901.233836,2026-03-16 16:56:36.974,ARDUINO_PSI,Arduino,0.000,0.000,0.000,,
901.334208,2026-03-16 16:56:37.074,ARDUINO_PSI,Arduino,0.000,0.000,0.000,,
901.434995,2026-03-16 16:56:37.175,ARDUINO_PSI,Arduino,0.000,0.000,0.000,,
901.534318,2026-03-16 16:56:37.274,ARDUINO_PSI,Arduino,0.000,0.000,0.000,,
901.634953,2026-03-16 16:56:37.375,ARDUINO_PSI,Arduino,0.000,0.000,0.000,,
901.734211,2026-03-16 16:56:37.474,ARDUINO_PSI,Arduino,0.000,0.000,0.000,,
901.834700,2026-03-16 16:56:37.575,ARDUINO_PSI,Arduino,0.000,0.000,0.000,,
901.933818,2026-03-16 16:56:37.674,ARDUINO_PSI,Arduino,0.000,0.000,0.000,,
902.033681,2026-03-16 16:56:37.774,ARDUINO_PSI,Arduino,0.000,0.000,0.000,,
902.134524,2026-03-16 16:56:37.875,ARDUINO_PSI,Arduino,0.000,0.000,0.000,,
902.234596,2026-03-16 16:56:37.975,ARDUINO_PSI,Arduino,0.000,0.000,0.000,,
902.333802,2026-03-16 16:56:38.074,ARDUINO_PSI,Arduino,0.000,0.000,0.000,,
902.433891,2026-03-16 16:56:38.174,ARDUINO_PSI,Arduino,0.000,0.000,0.000,,
902.534170,2026-03-16 16:56:38.274,ARDUINO_PSI,Arduino,0.000,0.000,0.000,,
902.634008,2026-03-16 16:56:38.374,ARDUINO_PSI,Arduino,0.000,0.000,0.000,,
902.734545,2026-03-16 16:56:38.475,ARDUINO_PSI,Arduino,0.000,0.000,0.000,,
902.834866,2026-03-16 16:56:38.575,ARDUINO_PSI,Arduino,0.000,0.000,0.000,,
902.933858,2026-03-16 16:56:38.674,ARDUINO_PSI,Arduino,0.000,0.000,0.000,,
903.033858,2026-03-16 16:56:38.774,ARDUINO_PSI,Arduino,0.000,0.000,0.000,,
903.133930,2026-03-16 16:56:38.874,ARDUINO_PSI,Arduino,0.000,0.000,0.000,,
903.233604,2026-03-16 16:56:38.974,ARDUINO_PSI,Arduino,0.000,0.000,0.000,,
903.334911,2026-03-16 16:56:39.075,ARDUINO_PSI,Arduino,0.000,0.000,0.000,,
903.433941,2026-03-16 16:56:39.174,ARDUINO_PSI,Arduino,0.000,0.000,0.000,,
903.534570,2026-03-16 16:56:39.275,ARDUINO_PSI,Arduino,0.000,0.000,0.000,,
903.633453,2026-03-16 16:56:39.374,ARDUINO_PSI,Arduino,0.000,0.000,0.000,,
903.733769,2026-03-16 16:56:39.474,ARDUINO_PSI,Arduino,0.000,0.000,0.000,,
903.834452,2026-03-16 16:56:39.575,ARDUINO_PSI,Arduino,0.000,0.000,0.000,,
903.934136,2026-03-16 16:56:39.674,ARDUINO_PSI,Arduino,0.000,0.000,0.000,,
904.034343,2026-03-16 16:56:39.774,ARDUINO_PSI,Arduino,0.000,0.000,0.000,,
904.135021,2026-03-16 16:56:39.875,ARDUINO_PSI,Arduino,0.000,0.000,0.000,,
904.234619,2026-03-16 16:56:39.975,ARDUINO_PSI,Arduino,0.000,0.000,0.000,,
904.333705,2026-03-16 16:56:40.074,ARDUINO_PSI,Arduino,0.000,0.000,0.000,,
904.434326,2026-03-16 16:56:40.174,ARDUINO_PSI,Arduino,0.000,0.000,0.000,,
904.534680,2026-03-16 16:56:40.275,ARDUINO_PSI,Arduino,0.000,0.000,0.000,,
904.634586,2026-03-16 16:56:40.375,ARDUINO_PSI,Arduino,0.000,0.000,0.000,,
904.733383,2026-03-16 16:56:40.474,ARDUINO_PSI,Arduino,0.000,0.000,0.000,,
904.834063,2026-03-16 16:56:40.574,ARDUINO_PSI,Arduino,0.000,0.000,0.000,,
904.934021,2026-03-16 16:56:40.674,ARDUINO_PSI,Arduino,0.000,0.000,0.000,,
905.034416,2026-03-16 16:56:40.775,ARDUINO_PSI,Arduino,0.000,0.000,0.000,,
905.133716,2026-03-16 16:56:40.874,ARDUINO_PSI,Arduino,0.000,0.000,0.000,,
905.233811,2026-03-16 16:56:40.974,ARDUINO_PSI,Arduino,0.000,0.000,0.000,,
905.334653,2026-03-16 16:56:41.075,ARDUINO_PSI,Arduino,0.000,0.000,0.000,,
905.433878,2026-03-16 16:56:41.174,ARDUINO_PSI,Arduino,0.000,0.000,0.000,,
905.533795,2026-03-16 16:56:41.274,ARDUINO_PSI,Arduino,0.000,0.000,0.000,,
905.634403,2026-03-16 16:56:41.375,ARDUINO_PSI,Arduino,0.000,0.000,0.000,,
905.735044,2026-03-16 16:56:41.475,ARDUINO_PSI,Arduino,0.000,0.000,0.000,,
905.834578,2026-03-16 16:56:41.575,ARDUINO_PSI,Arduino,0.000,0.000,0.000,,
905.934164,2026-03-16 16:56:41.674,ARDUINO_PSI,Arduino,0.000,0.000,0.000,,
906.034441,2026-03-16 16:56:41.775,ARDUINO_PSI,Arduino,0.000,0.000,0.000,,
906.134607,2026-03-16 16:56:41.875,ARDUINO_PSI,Arduino,0.000,0.000,0.000,,
906.234403,2026-03-16 16:56:41.975,ARDUINO_PSI,Arduino,0.000,0.000,0.000,,
906.333859,2026-03-16 16:56:42.074,ARDUINO_PSI,Arduino,0.000,0.000,0.000,,
906.433895,2026-03-16 16:56:42.174,ARDUINO_PSI,Arduino,0.000,0.000,0.000,,
906.533768,2026-03-16 16:56:42.274,ARDUINO_PSI,Arduino,0.000,0.000,0.000,,
906.634038,2026-03-16 16:56:42.374,ARDUINO_PSI,Arduino,0.000,0.000,0.000,,
906.733736,2026-03-16 16:56:42.474,ARDUINO_PSI,Arduino,0.000,0.000,0.000,,
906.834690,2026-03-16 16:56:42.575,ARDUINO_PSI,Arduino,0.000,0.000,0.000,,
906.934173,2026-03-16 16:56:42.674,ARDUINO_PSI,Arduino,0.000,0.000,0.000,,
907.034581,2026-03-16 16:56:42.775,ARDUINO_PSI,Arduino,0.000,0.000,0.000,,
907.133450,2026-03-16 16:56:42.874,ARDUINO_PSI,Arduino,0.000,0.000,0.000,,
907.233783,2026-03-16 16:56:42.974,ARDUINO_PSI,Arduino,0.000,0.000,0.000,,
907.334154,2026-03-16 16:56:43.074,ARDUINO_PSI,Arduino,0.000,0.000,0.000,,
907.434886,2026-03-16 16:56:43.175,ARDUINO_PSI,Arduino,0.000,0.000,0.000,,
907.534410,2026-03-16 16:56:43.275,ARDUINO_PSI,Arduino,0.000,0.000,0.000,,
907.634486,2026-03-16 16:56:43.375,ARDUINO_PSI,Arduino,0.000,0.000,0.000,,
907.734750,2026-03-16 16:56:43.475,ARDUINO_PSI,Arduino,0.000,0.000,0.000,,
907.834251,2026-03-16 16:56:43.574,ARDUINO_PSI,Arduino,0.000,0.000,0.000,,
907.934774,2026-03-16 16:56:43.675,ARDUINO_PSI,Arduino,0.000,0.000,0.000,,
908.034440,2026-03-16 16:56:43.775,ARDUINO_PSI,Arduino,0.000,0.000,0.000,,
908.135029,2026-03-16 16:56:43.875,ARDUINO_PSI,Arduino,0.000,0.000,0.000,,
908.233822,2026-03-16 16:56:43.974,ARDUINO_PSI,Arduino,0.000,0.000,0.000,,
908.334542,2026-03-16 16:56:44.075,ARDUINO_PSI,Arduino,0.000,0.000,0.000,,
908.433891,2026-03-16 16:56:44.174,ARDUINO_PSI,Arduino,0.000,0.000,0.000,,
908.534429,2026-03-16 16:56:44.275,ARDUINO_PSI,Arduino,0.000,0.000,0.000,,
908.634652,2026-03-16 16:56:44.375,ARDUINO_PSI,Arduino,0.000,0.000,0.000,,
908.734005,2026-03-16 16:56:44.474,ARDUINO_PSI,Arduino,0.000,0.000,0.000,,
908.834442,2026-03-16 16:56:44.575,ARDUINO_PSI,Arduino,0.000,0.000,0.000,,
908.933905,2026-03-16 16:56:44.674,ARDUINO_PSI,Arduino,0.000,0.000,0.000,,
909.034699,2026-03-16 16:56:44.775,ARDUINO_PSI,Arduino,0.000,0.000,0.000,,
909.134894,2026-03-16 16:56:44.875,ARDUINO_PSI,Arduino,0.000,0.000,0.000,,
909.234979,2026-03-16 16:56:44.975,ARDUINO_PSI,Arduino,0.000,0.000,0.000,,
909.334286,2026-03-16 16:56:45.074,ARDUINO_PSI,Arduino,0.000,0.000,0.000,,
909.433711,2026-03-16 16:56:45.174,ARDUINO_PSI,Arduino,0.000,0.000,0.000,,
909.534299,2026-03-16 16:56:45.274,ARDUINO_PSI,Arduino,0.000,0.000,0.000,,
909.634548,2026-03-16 16:56:45.375,ARDUINO_PSI,Arduino,0.000,0.000,0.000,,
909.733793,2026-03-16 16:56:45.474,ARDUINO_PSI,Arduino,0.000,0.000,0.000,,
909.834635,2026-03-16 16:56:45.575,ARDUINO_PSI,Arduino,0.000,0.000,0.000,,
909.934294,2026-03-16 16:56:45.674,ARDUINO_PSI,Arduino,0.000,0.000,0.000,,
910.034344,2026-03-16 16:56:45.774,ARDUINO_PSI,Arduino,0.000,0.000,0.000,,
910.133840,2026-03-16 16:56:45.874,ARDUINO_PSI,Arduino,0.000,0.000,0.000,,
910.233855,2026-03-16 16:56:45.974,ARDUINO_PSI,Arduino,0.000,0.000,0.000,,
910.334595,2026-03-16 16:56:46.075,ARDUINO_PSI,Arduino,0.000,0.000,0.000,,
910.434545,2026-03-16 16:56:46.175,ARDUINO_PSI,Arduino,0.000,0.000,0.000,,
910.534336,2026-03-16 16:56:46.274,ARDUINO_PSI,Arduino,0.000,0.000,0.000,,
910.634004,2026-03-16 16:56:46.374,ARDUINO_PSI,Arduino,0.000,0.000,0.000,,
910.734510,2026-03-16 16:56:46.475,ARDUINO_PSI,Arduino,0.000,0.000,0.000,,
910.833903,2026-03-16 16:56:46.574,ARDUINO_PSI,Arduino,0.000,0.000,0.000,,
910.933762,2026-03-16 16:56:46.674,ARDUINO_PSI,Arduino,0.000,0.000,0.000,,
911.033856,2026-03-16 16:56:46.774,ARDUINO_PSI,Arduino,0.000,0.000,0.000,,
911.134212,2026-03-16 16:56:46.874,ARDUINO_PSI,Arduino,0.000,0.000,0.000,,
911.234418,2026-03-16 16:56:46.975,ARDUINO_PSI,Arduino,0.000,0.000,0.000,,
911.334486,2026-03-16 16:56:47.075,ARDUINO_PSI,Arduino,0.000,0.000,0.000,,
911.435064,2026-03-16 16:56:47.175,ARDUINO_PSI,Arduino,0.000,0.000,0.000,,
911.533797,2026-03-16 16:56:47.274,ARDUINO_PSI,Arduino,0.000,0.000,0.000,,
911.633847,2026-03-16 16:56:47.374,ARDUINO_PSI,Arduino,0.000,0.000,0.000,,
911.733840,2026-03-16 16:56:47.474,ARDUINO_PSI,Arduino,0.000,0.000,0.000,,
911.833934,2026-03-16 16:56:47.574,ARDUINO_PSI,Arduino,0.000,0.000,0.000,,
911.933893,2026-03-16 16:56:47.674,ARDUINO_PSI,Arduino,0.000,0.000,0.000,,
912.033934,2026-03-16 16:56:47.774,ARDUINO_PSI,Arduino,0.000,0.000,0.000,,
912.133493,2026-03-16 16:56:47.874,ARDUINO_PSI,Arduino,0.000,0.000,0.000,,
912.233866,2026-03-16 16:56:47.974,ARDUINO_PSI,Arduino,0.000,0.000,0.000,,
912.333872,2026-03-16 16:56:48.074,ARDUINO_PSI,Arduino,0.000,0.000,0.000,,
912.434531,2026-03-16 16:56:48.175,ARDUINO_PSI,Arduino,0.000,0.000,0.000,,
912.533766,2026-03-16 16:56:48.274,ARDUINO_PSI,Arduino,0.000,0.000,0.000,,
912.634527,2026-03-16 16:56:48.375,ARDUINO_PSI,Arduino,0.000,0.000,0.000,,
912.734633,2026-03-16 16:56:48.475,ARDUINO_PSI,Arduino,0.000,0.000,0.000,,
912.834106,2026-03-16 16:56:48.574,ARDUINO_PSI,Arduino,0.000,0.000,0.000,,
912.934735,2026-03-16 16:56:48.675,ARDUINO_PSI,Arduino,0.000,0.000,0.000,,
913.033379,2026-03-16 16:56:48.774,ARDUINO_PSI,Arduino,0.000,0.000,0.000,,
913.134398,2026-03-16 16:56:48.875,ARDUINO_PSI,Arduino,0.000,0.000,0.000,,
913.234874,2026-03-16 16:56:48.975,ARDUINO_PSI,Arduino,0.000,0.000,0.000,,
913.333783,2026-03-16 16:56:49.074,ARDUINO_PSI,Arduino,0.000,0.000,0.000,,
913.433859,2026-03-16 16:56:49.174,ARDUINO_PSI,Arduino,0.000,0.000,0.000,,
913.533903,2026-03-16 16:56:49.274,ARDUINO_PSI,Arduino,0.000,0.000,0.000,,
913.634119,2026-03-16 16:56:49.374,ARDUINO_PSI,Arduino,0.000,0.000,0.000,,
913.733773,2026-03-16 16:56:49.474,ARDUINO_PSI,Arduino,0.000,0.000,0.000,,
913.834693,2026-03-16 16:56:49.575,ARDUINO_PSI,Arduino,0.000,0.000,0.000,,
913.934147,2026-03-16 16:56:49.674,ARDUINO_PSI,Arduino,0.000,0.000,0.000,,
914.033795,2026-03-16 16:56:49.774,ARDUINO_PSI,Arduino,0.000,0.000,0.000,,
914.135358,2026-03-16 16:56:49.875,ARDUINO_PSI,Arduino,0.000,0.000,0.000,,
914.233785,2026-03-16 16:56:49.974,ARDUINO_PSI,Arduino,0.000,0.000,0.000,,
914.333897,2026-03-16 16:56:50.074,ARDUINO_PSI,Arduino,0.000,0.000,0.000,,
914.433781,2026-03-16 16:56:50.174,ARDUINO_PSI,Arduino,0.000,0.000,0.000,,
914.534642,2026-03-16 16:56:50.275,ARDUINO_PSI,Arduino,0.000,0.000,0.000,,
914.635129,2026-03-16 16:56:50.375,ARDUINO_PSI,Arduino,0.000,0.000,0.000,,
914.734418,2026-03-16 16:56:50.475,ARDUINO_PSI,Arduino,0.000,0.000,0.000,,
914.834596,2026-03-16 16:56:50.575,ARDUINO_PSI,Arduino,0.000,0.000,0.000,,
914.934854,2026-03-16 16:56:50.675,ARDUINO_PSI,Arduino,0.000,0.000,0.000,,
915.033889,2026-03-16 16:56:50.774,ARDUINO_PSI,Arduino,0.000,0.000,0.000,,
915.133961,2026-03-16 16:56:50.874,ARDUINO_PSI,Arduino,0.000,0.000,0.000,,
915.233756,2026-03-16 16:56:50.974,ARDUINO_PSI,Arduino,0.000,0.000,0.000,,
915.334627,2026-03-16 16:56:51.075,ARDUINO_PSI,Arduino,0.000,0.000,0.000,,
915.434884,2026-03-16 16:56:51.175,ARDUINO_PSI,Arduino,0.000,0.000,0.000,,
915.534599,2026-03-16 16:56:51.275,ARDUINO_PSI,Arduino,0.000,0.000,0.000,,
915.634247,2026-03-16 16:56:51.374,ARDUINO_PSI,Arduino,0.000,0.000,0.000,,
915.733853,2026-03-16 16:56:51.474,ARDUINO_PSI,Arduino,0.000,0.000,0.000,,
915.834712,2026-03-16 16:56:51.575,ARDUINO_PSI,Arduino,0.000,0.000,0.000,,
915.934707,2026-03-16 16:56:51.675,ARDUINO_PSI,Arduino,0.000,0.000,0.000,,
916.034701,2026-03-16 16:56:51.775,ARDUINO_PSI,Arduino,0.000,0.000,0.000,,
916.134619,2026-03-16 16:56:51.875,ARDUINO_PSI,Arduino,0.000,0.000,0.000,,
916.234553,2026-03-16 16:56:51.975,ARDUINO_PSI,Arduino,0.000,0.000,0.000,,
916.334204,2026-03-16 16:56:52.074,ARDUINO_PSI,Arduino,0.000,0.000,0.000,,
916.433891,2026-03-16 16:56:52.174,ARDUINO_PSI,Arduino,0.000,0.000,0.000,,
916.533875,2026-03-16 16:56:52.274,ARDUINO_PSI,Arduino,0.000,0.000,0.000,,
916.633906,2026-03-16 16:56:52.374,ARDUINO_PSI,Arduino,0.000,0.000,0.000,,
916.733760,2026-03-16 16:56:52.474,ARDUINO_PSI,Arduino,0.000,0.000,0.000,,
916.834739,2026-03-16 16:56:52.575,ARDUINO_PSI,Arduino,0.000,0.000,0.000,,
916.934647,2026-03-16 16:56:52.675,ARDUINO_PSI,Arduino,0.000,0.000,0.000,,
917.034387,2026-03-16 16:56:52.775,ARDUINO_PSI,Arduino,0.000,0.000,0.000,,
917.135135,2026-03-16 16:56:52.875,ARDUINO_PSI,Arduino,0.000,0.000,0.000,,
917.233659,2026-03-16 16:56:52.974,ARDUINO_PSI,Arduino,0.000,0.000,0.000,,
917.333953,2026-03-16 16:56:53.074,ARDUINO_PSI,Arduino,0.000,0.000,0.000,,
917.433954,2026-03-16 16:56:53.174,ARDUINO_PSI,Arduino,0.000,0.000,0.000,,
917.534309,2026-03-16 16:56:53.274,ARDUINO_PSI,Arduino,0.000,0.000,0.000,,
917.634805,2026-03-16 16:56:53.375,ARDUINO_PSI,Arduino,0.000,0.000,0.000,,
917.733808,2026-03-16 16:56:53.474,ARDUINO_PSI,Arduino,0.000,0.000,0.000,,
917.834205,2026-03-16 16:56:53.574,ARDUINO_PSI,Arduino,0.000,0.000,0.000,,
917.933904,2026-03-16 16:56:53.674,ARDUINO_PSI,Arduino,0.000,0.000,0.000,,
918.034189,2026-03-16 16:56:53.774,ARDUINO_PSI,Arduino,0.000,0.000,0.000,,
918.134622,2026-03-16 16:56:53.875,ARDUINO_PSI,Arduino,0.000,0.000,0.000,,
918.234147,2026-03-16 16:56:53.974,ARDUINO_PSI,Arduino,0.000,0.000,0.000,,
918.335373,2026-03-16 16:56:54.076,ARDUINO_PSI,Arduino,0.000,0.000,0.000,,
918.433799,2026-03-16 16:56:54.174,ARDUINO_PSI,Arduino,0.000,0.000,0.000,,
918.533790,2026-03-16 16:56:54.274,ARDUINO_PSI,Arduino,0.000,0.000,0.000,,
918.634007,2026-03-16 16:56:54.374,ARDUINO_PSI,Arduino,0.000,0.000,0.000,,
918.734641,2026-03-16 16:56:54.475,ARDUINO_PSI,Arduino,0.000,0.000,0.000,,
918.834163,2026-03-16 16:56:54.574,ARDUINO_PSI,Arduino,0.000,0.000,0.000,,
918.933873,2026-03-16 16:56:54.674,ARDUINO_PSI,Arduino,0.000,0.000,0.000,,
919.033881,2026-03-16 16:56:54.774,ARDUINO_PSI,Arduino,0.000,0.000,0.000,,
919.133542,2026-03-16 16:56:54.874,ARDUINO_PSI,Arduino,0.000,0.000,0.000,,
919.233736,2026-03-16 16:56:54.974,ARDUINO_PSI,Arduino,0.000,0.000,0.000,,
919.333941,2026-03-16 16:56:55.074,ARDUINO_PSI,Arduino,0.000,0.000,0.000,,
919.433892,2026-03-16 16:56:55.174,ARDUINO_PSI,Arduino,0.000,0.000,0.000,,
919.534636,2026-03-16 16:56:55.275,ARDUINO_PSI,Arduino,0.000,0.000,0.000,,
919.633817,2026-03-16 16:56:55.374,ARDUINO_PSI,Arduino,0.000,0.000,0.000,,
919.733826,2026-03-16 16:56:55.474,ARDUINO_PSI,Arduino,0.000,0.000,0.000,,
919.835150,2026-03-16 16:56:55.575,ARDUINO_PSI,Arduino,0.000,0.000,0.000,,
919.934328,2026-03-16 16:56:55.674,ARDUINO_PSI,Arduino,0.000,0.000,0.000,,
920.035191,2026-03-16 16:56:55.775,ARDUINO_PSI,Arduino,0.000,0.000,0.000,,
920.134041,2026-03-16 16:56:55.874,ARDUINO_PSI,Arduino,0.000,0.000,0.000,,
920.234412,2026-03-16 16:56:55.975,ARDUINO_PSI,Arduino,0.000,0.000,0.000,,
920.333893,2026-03-16 16:56:56.074,ARDUINO_PSI,Arduino,0.000,0.000,0.000,,
920.434620,2026-03-16 16:56:56.175,ARDUINO_PSI,Arduino,0.000,0.000,0.000,,
920.534008,2026-03-16 16:56:56.274,ARDUINO_PSI,Arduino,0.000,0.000,0.000,,
920.633926,2026-03-16 16:56:56.374,ARDUINO_PSI,Arduino,0.000,0.000,0.000,,
920.734860,2026-03-16 16:56:56.475,ARDUINO_PSI,Arduino,0.000,0.000,0.000,,
920.834624,2026-03-16 16:56:56.575,ARDUINO_PSI,Arduino,0.000,0.000,0.000,,
920.933896,2026-03-16 16:56:56.674,ARDUINO_PSI,Arduino,0.000,0.000,0.000,,
921.035019,2026-03-16 16:56:56.775,ARDUINO_PSI,Arduino,0.000,0.000,0.000,,
921.134090,2026-03-16 16:56:56.874,ARDUINO_PSI,Arduino,0.000,0.000,0.000,,
921.233815,2026-03-16 16:56:56.974,ARDUINO_PSI,Arduino,0.000,0.000,0.000,,
921.334029,2026-03-16 16:56:57.074,ARDUINO_PSI,Arduino,0.000,0.000,0.000,,
921.433363,2026-03-16 16:56:57.173,ARDUINO_PSI,Arduino,0.000,0.000,0.000,,
921.533832,2026-03-16 16:56:57.274,ARDUINO_PSI,Arduino,0.000,0.000,0.000,,
921.634932,2026-03-16 16:56:57.375,ARDUINO_PSI,Arduino,0.000,0.000,0.000,,
921.733741,2026-03-16 16:56:57.474,ARDUINO_PSI,Arduino,0.000,0.000,0.000,,
921.834907,2026-03-16 16:56:57.575,ARDUINO_PSI,Arduino,0.000,0.000,0.000,,
921.933809,2026-03-16 16:56:57.674,ARDUINO_PSI,Arduino,0.000,0.000,0.000,,
922.034555,2026-03-16 16:56:57.775,ARDUINO_PSI,Arduino,0.000,0.000,0.000,,
922.134386,2026-03-16 16:56:57.875,ARDUINO_PSI,Arduino,0.000,0.000,0.000,,
922.234488,2026-03-16 16:56:57.975,ARDUINO_PSI,Arduino,0.000,0.000,0.000,,
922.334140,2026-03-16 16:56:58.074,ARDUINO_PSI,Arduino,0.000,0.000,0.000,,
922.433646,2026-03-16 16:56:58.174,ARDUINO_PSI,Arduino,0.000,0.000,0.000,,
922.533864,2026-03-16 16:56:58.274,ARDUINO_PSI,Arduino,0.000,0.000,0.000,,
922.634415,2026-03-16 16:56:58.375,ARDUINO_PSI,Arduino,0.000,0.000,0.000,,
922.733884,2026-03-16 16:56:58.474,ARDUINO_PSI,Arduino,0.000,0.000,0.000,,
922.833726,2026-03-16 16:56:58.574,ARDUINO_PSI,Arduino,0.000,0.000,0.000,,
922.933722,2026-03-16 16:56:58.674,ARDUINO_PSI,Arduino,0.000,0.000,0.000,,
923.033763,2026-03-16 16:56:58.774,ARDUINO_PSI,Arduino,0.000,0.000,0.000,,
923.133759,2026-03-16 16:56:58.874,ARDUINO_PSI,Arduino,0.000,0.000,0.000,,
923.233831,2026-03-16 16:56:58.974,ARDUINO_PSI,Arduino,0.000,0.000,0.000,,
923.333437,2026-03-16 16:56:59.074,ARDUINO_PSI,Arduino,0.000,0.000,0.000,,
923.433608,2026-03-16 16:56:59.174,ARDUINO_PSI,Arduino,0.000,0.000,0.000,,
923.533659,2026-03-16 16:56:59.274,ARDUINO_PSI,Arduino,0.000,0.000,0.000,,
923.633839,2026-03-16 16:56:59.374,ARDUINO_PSI,Arduino,0.000,0.000,0.000,,
923.733412,2026-03-16 16:56:59.474,ARDUINO_PSI,Arduino,0.000,0.000,0.000,,
923.833637,2026-03-16 16:56:59.574,ARDUINO_PSI,Arduino,0.000,0.000,0.000,,
923.933682,2026-03-16 16:56:59.674,ARDUINO_PSI,Arduino,0.000,0.000,0.000,,
924.033966,2026-03-16 16:56:59.774,ARDUINO_PSI,Arduino,0.000,0.000,0.000,,
924.133917,2026-03-16 16:56:59.874,ARDUINO_PSI,Arduino,0.000,0.000,0.000,,
924.233868,2026-03-16 16:56:59.974,ARDUINO_PSI,Arduino,0.000,0.000,0.000,,
924.334090,2026-03-16 16:57:00.074,ARDUINO_PSI,Arduino,0.000,0.000,0.000,,
924.433360,2026-03-16 16:57:00.173,ARDUINO_PSI,Arduino,0.000,0.000,0.000,,
924.533861,2026-03-16 16:57:00.274,ARDUINO_PSI,Arduino,0.000,0.000,0.000,,
924.633774,2026-03-16 16:57:00.374,ARDUINO_PSI,Arduino,0.000,0.000,0.000,,
924.733830,2026-03-16 16:57:00.474,ARDUINO_PSI,Arduino,0.000,0.000,0.000,,
924.833908,2026-03-16 16:57:00.574,ARDUINO_PSI,Arduino,0.000,0.000,0.000,,
924.933972,2026-03-16 16:57:00.674,ARDUINO_PSI,Arduino,0.000,0.000,0.000,,
925.033870,2026-03-16 16:57:00.774,ARDUINO_PSI,Arduino,0.000,0.000,0.000,,
925.133734,2026-03-16 16:57:00.874,ARDUINO_PSI,Arduino,0.000,0.000,0.000,,
925.233884,2026-03-16 16:57:00.974,ARDUINO_PSI,Arduino,0.000,0.000,0.000,,
925.333895,2026-03-16 16:57:01.074,ARDUINO_PSI,Arduino,0.000,0.000,0.000,,
925.433922,2026-03-16 16:57:01.174,ARDUINO_PSI,Arduino,0.000,0.000,0.000,,
925.533608,2026-03-16 16:57:01.274,ARDUINO_PSI,Arduino,0.000,0.000,0.000,,
925.633657,2026-03-16 16:57:01.374,ARDUINO_PSI,Arduino,0.000,0.000,0.000,,
925.733960,2026-03-16 16:57:01.474,ARDUINO_PSI,Arduino,0.000,0.000,0.000,,
925.833975,2026-03-16 16:57:01.574,ARDUINO_PSI,Arduino,0.000,0.000,0.000,,
925.933955,2026-03-16 16:57:01.674,ARDUINO_PSI,Arduino,0.000,0.000,0.000,,
926.033789,2026-03-16 16:57:01.774,ARDUINO_PSI,Arduino,0.000,0.000,0.000,,
926.133817,2026-03-16 16:57:01.874,ARDUINO_PSI,Arduino,0.000,0.000,0.000,,
926.233566,2026-03-16 16:57:01.974,ARDUINO_PSI,Arduino,0.000,0.000,0.000,,
926.333863,2026-03-16 16:57:02.074,ARDUINO_PSI,Arduino,0.000,0.000,0.000,,
926.434135,2026-03-16 16:57:02.174,ARDUINO_PSI,Arduino,0.000,0.000,0.000,,
926.533791,2026-03-16 16:57:02.274,ARDUINO_PSI,Arduino,0.000,0.000,0.000,,
926.633789,2026-03-16 16:57:02.374,ARDUINO_PSI,Arduino,0.000,0.000,0.000,,
926.733755,2026-03-16 16:57:02.474,ARDUINO_PSI,Arduino,0.000,0.000,0.000,,
926.833948,2026-03-16 16:57:02.574,ARDUINO_PSI,Arduino,0.000,0.000,0.000,,
926.933867,2026-03-16 16:57:02.674,ARDUINO_PSI,Arduino,0.000,0.000,0.000,,
927.033883,2026-03-16 16:57:02.774,ARDUINO_PSI,Arduino,0.000,0.000,0.000,,
927.133893,2026-03-16 16:57:02.874,ARDUINO_PSI,Arduino,0.000,0.000,0.000,,
927.233829,2026-03-16 16:57:02.974,ARDUINO_PSI,Arduino,0.000,0.000,0.000,,
927.334388,2026-03-16 16:57:03.075,ARDUINO_PSI,Arduino,0.000,0.000,0.000,,
927.433902,2026-03-16 16:57:03.174,ARDUINO_PSI,Arduino,0.000,0.000,0.000,,
927.533783,2026-03-16 16:57:03.274,ARDUINO_PSI,Arduino,0.000,0.000,0.000,,
927.633548,2026-03-16 16:57:03.374,ARDUINO_PSI,Arduino,0.000,0.000,0.000,,
927.733819,2026-03-16 16:57:03.474,ARDUINO_PSI,Arduino,0.000,0.000,0.000,,
927.833786,2026-03-16 16:57:03.574,ARDUINO_PSI,Arduino,0.000,0.000,0.000,,
927.933828,2026-03-16 16:57:03.674,ARDUINO_PSI,Arduino,0.000,0.000,0.000,,
928.034033,2026-03-16 16:57:03.774,ARDUINO_PSI,Arduino,0.000,0.000,0.000,,
928.133512,2026-03-16 16:57:03.874,ARDUINO_PSI,Arduino,0.000,0.000,0.000,,
928.233808,2026-03-16 16:57:03.974,ARDUINO_PSI,Arduino,0.000,0.000,0.000,,
928.333855,2026-03-16 16:57:04.074,ARDUINO_PSI,Arduino,0.000,0.000,0.000,,
928.433707,2026-03-16 16:57:04.174,ARDUINO_PSI,Arduino,0.000,0.000,0.000,,
928.534616,2026-03-16 16:57:04.275,ARDUINO_PSI,Arduino,0.000,0.000,0.000,,
928.633873,2026-03-16 16:57:04.374,ARDUINO_PSI,Arduino,0.000,0.000,0.000,,
928.733978,2026-03-16 16:57:04.474,ARDUINO_PSI,Arduino,0.000,0.000,0.000,,
928.834172,2026-03-16 16:57:04.574,ARDUINO_PSI,Arduino,0.000,0.000,0.000,,
928.933961,2026-03-16 16:57:04.674,ARDUINO_PSI,Arduino,0.000,0.000,0.000,,
929.033556,2026-03-16 16:57:04.774,ARDUINO_PSI,Arduino,0.000,0.000,0.000,,
929.133880,2026-03-16 16:57:04.874,ARDUINO_PSI,Arduino,0.000,0.000,0.000,,
929.233780,2026-03-16 16:57:04.974,ARDUINO_PSI,Arduino,0.000,0.000,0.000,,
929.333544,2026-03-16 16:57:05.074,ARDUINO_PSI,Arduino,0.000,0.000,0.000,,
929.434533,2026-03-16 16:57:05.175,ARDUINO_PSI,Arduino,0.000,0.000,0.000,,
929.533437,2026-03-16 16:57:05.274,ARDUINO_PSI,Arduino,0.000,0.000,0.000,,
929.633768,2026-03-16 16:57:05.374,ARDUINO_PSI,Arduino,0.000,0.000,0.000,,
929.733962,2026-03-16 16:57:05.474,ARDUINO_PSI,Arduino,0.000,0.000,0.000,,
929.833752,2026-03-16 16:57:05.574,ARDUINO_PSI,Arduino,0.000,0.000,0.000,,
929.933671,2026-03-16 16:57:05.674,ARDUINO_PSI,Arduino,0.000,0.000,0.000,,
930.033852,2026-03-16 16:57:05.774,ARDUINO_PSI,Arduino,0.000,0.000,0.000,,
930.134274,2026-03-16 16:57:05.874,ARDUINO_PSI,Arduino,0.000,0.000,0.000,,
930.233823,2026-03-16 16:57:05.974,ARDUINO_PSI,Arduino,0.000,0.000,0.000,,
930.333822,2026-03-16 16:57:06.074,ARDUINO_PSI,Arduino,0.000,0.000,0.000,,
930.433751,2026-03-16 16:57:06.174,ARDUINO_PSI,Arduino,0.000,0.000,0.000,,
930.533785,2026-03-16 16:57:06.274,ARDUINO_PSI,Arduino,0.000,0.000,0.000,,
930.633817,2026-03-16 16:57:06.374,ARDUINO_PSI,Arduino,0.000,0.000,0.000,,
930.733876,2026-03-16 16:57:06.474,ARDUINO_PSI,Arduino,0.000,0.000,0.000,,
930.833740,2026-03-16 16:57:06.574,ARDUINO_PSI,Arduino,0.000,0.000,0.000,,
930.933600,2026-03-16 16:57:06.674,ARDUINO_PSI,Arduino,0.000,0.000,0.000,,
931.033872,2026-03-16 16:57:06.774,ARDUINO_PSI,Arduino,0.000,0.000,0.000,,
931.133802,2026-03-16 16:57:06.874,ARDUINO_PSI,Arduino,0.000,0.000,0.000,,
931.233880,2026-03-16 16:57:06.974,ARDUINO_PSI,Arduino,0.000,0.000,0.000,,
931.333762,2026-03-16 16:57:07.074,ARDUINO_PSI,Arduino,0.000,0.000,0.000,,
931.433786,2026-03-16 16:57:07.174,ARDUINO_PSI,Arduino,0.000,0.000,0.000,,
931.534001,2026-03-16 16:57:07.274,ARDUINO_PSI,Arduino,0.000,0.000,0.000,,
931.633630,2026-03-16 16:57:07.374,ARDUINO_PSI,Arduino,0.000,0.000,0.000,,
931.733941,2026-03-16 16:57:07.474,ARDUINO_PSI,Arduino,0.000,0.000,0.000,,
931.834236,2026-03-16 16:57:07.574,ARDUINO_PSI,Arduino,0.000,0.000,0.000,,
931.933855,2026-03-16 16:57:07.674,ARDUINO_PSI,Arduino,0.000,0.000,0.000,,
932.033855,2026-03-16 16:57:07.774,ARDUINO_PSI,Arduino,0.000,0.000,0.000,,
932.133897,2026-03-16 16:57:07.874,ARDUINO_PSI,Arduino,0.000,0.000,0.000,,
932.233974,2026-03-16 16:57:07.974,ARDUINO_PSI,Arduino,0.000,0.000,0.000,,
932.333919,2026-03-16 16:57:08.074,ARDUINO_PSI,Arduino,0.000,0.000,0.000,,
932.434427,2026-03-16 16:57:08.175,ARDUINO_PSI,Arduino,0.000,0.000,0.000,,
932.534564,2026-03-16 16:57:08.275,ARDUINO_PSI,Arduino,0.000,0.000,0.000,,
932.633843,2026-03-16 16:57:08.374,ARDUINO_PSI,Arduino,0.000,0.000,0.000,,
932.733643,2026-03-16 16:57:08.474,ARDUINO_PSI,Arduino,0.000,0.000,0.000,,
932.833848,2026-03-16 16:57:08.574,ARDUINO_PSI,Arduino,0.000,0.000,0.000,,
932.933625,2026-03-16 16:57:08.674,ARDUINO_PSI,Arduino,0.000,0.000,0.000,,
933.033697,2026-03-16 16:57:08.774,ARDUINO_PSI,Arduino,0.000,0.000,0.000,,
933.133847,2026-03-16 16:57:08.874,ARDUINO_PSI,Arduino,0.000,0.000,0.000,,
933.233730,2026-03-16 16:57:08.974,ARDUINO_PSI,Arduino,0.000,0.000,0.000,,
933.334317,2026-03-16 16:57:09.074,ARDUINO_PSI,Arduino,0.000,0.000,0.000,,
933.433820,2026-03-16 16:57:09.174,ARDUINO_PSI,Arduino,0.000,0.000,0.000,,
933.533822,2026-03-16 16:57:09.274,ARDUINO_PSI,Arduino,0.000,0.000,0.000,,
933.633661,2026-03-16 16:57:09.374,ARDUINO_PSI,Arduino,0.000,0.000,0.000,,
933.733874,2026-03-16 16:57:09.474,ARDUINO_PSI,Arduino,0.000,0.000,0.000,,
933.834051,2026-03-16 16:57:09.574,ARDUINO_PSI,Arduino,0.000,0.000,0.000,,
933.933514,2026-03-16 16:57:09.674,ARDUINO_PSI,Arduino,0.000,0.000,0.000,,
934.034101,2026-03-16 16:57:09.774,ARDUINO_PSI,Arduino,0.000,0.000,0.000,,
934.133804,2026-03-16 16:57:09.874,ARDUINO_PSI,Arduino,0.000,0.000,0.000,,
934.233939,2026-03-16 16:57:09.974,ARDUINO_PSI,Arduino,0.000,0.000,0.000,,
934.333923,2026-03-16 16:57:10.074,ARDUINO_PSI,Arduino,0.000,0.000,0.000,,
934.433856,2026-03-16 16:57:10.174,ARDUINO_PSI,Arduino,0.000,0.000,0.000,,
934.533532,2026-03-16 16:57:10.274,ARDUINO_PSI,Arduino,0.000,0.000,0.000,,
934.633826,2026-03-16 16:57:10.374,ARDUINO_PSI,Arduino,0.000,0.000,0.000,,
934.733849,2026-03-16 16:57:10.474,ARDUINO_PSI,Arduino,0.000,0.000,0.000,,
934.833847,2026-03-16 16:57:10.574,ARDUINO_PSI,Arduino,0.000,0.000,0.000,,
934.933763,2026-03-16 16:57:10.674,ARDUINO_PSI,Arduino,0.000,0.000,0.000,,
935.033860,2026-03-16 16:57:10.774,ARDUINO_PSI,Arduino,0.000,0.000,0.000,,
935.133747,2026-03-16 16:57:10.874,ARDUINO_PSI,Arduino,0.000,0.000,0.000,,
935.233855,2026-03-16 16:57:10.974,ARDUINO_PSI,Arduino,0.000,0.000,0.000,,
935.333868,2026-03-16 16:57:11.074,ARDUINO_PSI,Arduino,0.000,0.000,0.000,,
935.433834,2026-03-16 16:57:11.174,ARDUINO_PSI,Arduino,0.000,0.000,0.000,,
935.533917,2026-03-16 16:57:11.274,ARDUINO_PSI,Arduino,0.000,0.000,0.000,,
935.633842,2026-03-16 16:57:11.374,ARDUINO_PSI,Arduino,0.000,0.000,0.000,,
935.733690,2026-03-16 16:57:11.474,ARDUINO_PSI,Arduino,0.000,0.000,0.000,,
935.833989,2026-03-16 16:57:11.574,ARDUINO_PSI,Arduino,0.000,0.000,0.000,,
935.933777,2026-03-16 16:57:11.674,ARDUINO_PSI,Arduino,0.000,0.000,0.000,,
936.033936,2026-03-16 16:57:11.774,ARDUINO_PSI,Arduino,0.000,0.000,0.000,,
936.133830,2026-03-16 16:57:11.874,ARDUINO_PSI,Arduino,0.000,0.000,0.000,,
936.233712,2026-03-16 16:57:11.974,ARDUINO_PSI,Arduino,0.000,0.000,0.000,,
936.333901,2026-03-16 16:57:12.074,ARDUINO_PSI,Arduino,0.000,0.000,0.000,,
936.433641,2026-03-16 16:57:12.174,ARDUINO_PSI,Arduino,0.000,0.000,0.000,,
936.533977,2026-03-16 16:57:12.274,ARDUINO_PSI,Arduino,0.000,0.000,0.000,,
936.633996,2026-03-16 16:57:12.374,ARDUINO_PSI,Arduino,0.000,0.000,0.000,,
936.733945,2026-03-16 16:57:12.474,ARDUINO_PSI,Arduino,0.000,0.000,0.000,,
936.834439,2026-03-16 16:57:12.575,ARDUINO_PSI,Arduino,0.000,0.000,0.000,,
936.933923,2026-03-16 16:57:12.674,ARDUINO_PSI,Arduino,0.000,0.000,0.000,,
937.033909,2026-03-16 16:57:12.774,ARDUINO_PSI,Arduino,0.000,0.000,0.000,,
937.133841,2026-03-16 16:57:12.874,ARDUINO_PSI,Arduino,0.000,0.000,0.000,,
937.233661,2026-03-16 16:57:12.974,ARDUINO_PSI,Arduino,0.000,0.000,0.000,,
937.333925,2026-03-16 16:57:13.074,ARDUINO_PSI,Arduino,0.000,0.000,0.000,,
937.434027,2026-03-16 16:57:13.174,ARDUINO_PSI,Arduino,0.000,0.000,0.000,,
937.533927,2026-03-16 16:57:13.274,ARDUINO_PSI,Arduino,0.000,0.000,0.000,,
937.634033,2026-03-16 16:57:13.374,ARDUINO_PSI,Arduino,0.000,0.000,0.000,,
937.733913,2026-03-16 16:57:13.474,ARDUINO_PSI,Arduino,0.000,0.000,0.000,,
937.834054,2026-03-16 16:57:13.574,ARDUINO_PSI,Arduino,0.000,0.000,0.000,,
937.933879,2026-03-16 16:57:13.674,ARDUINO_PSI,Arduino,0.000,0.000,0.000,,
938.033838,2026-03-16 16:57:13.774,ARDUINO_PSI,Arduino,0.000,0.000,0.000,,
938.133912,2026-03-16 16:57:13.874,ARDUINO_PSI,Arduino,0.000,0.000,0.000,,
938.234764,2026-03-16 16:57:13.975,ARDUINO_PSI,Arduino,0.000,0.000,0.000,,
938.333963,2026-03-16 16:57:14.074,ARDUINO_PSI,Arduino,0.000,0.000,0.000,,
938.434010,2026-03-16 16:57:14.174,ARDUINO_PSI,Arduino,0.000,0.000,0.000,,
938.534577,2026-03-16 16:57:14.275,ARDUINO_PSI,Arduino,0.000,0.000,0.000,,
938.633843,2026-03-16 16:57:14.374,ARDUINO_PSI,Arduino,0.000,0.000,0.000,,
938.733855,2026-03-16 16:57:14.474,ARDUINO_PSI,Arduino,0.000,0.000,0.000,,
938.833825,2026-03-16 16:57:14.574,ARDUINO_PSI,Arduino,0.000,0.000,0.000,,
938.933896,2026-03-16 16:57:14.674,ARDUINO_PSI,Arduino,0.000,0.000,0.000,,
939.034517,2026-03-16 16:57:14.775,ARDUINO_PSI,Arduino,0.000,0.000,0.000,,
939.133980,2026-03-16 16:57:14.874,ARDUINO_PSI,Arduino,0.000,0.000,0.000,,
939.233605,2026-03-16 16:57:14.974,ARDUINO_PSI,Arduino,0.000,0.000,0.000,,
939.333825,2026-03-16 16:57:15.074,ARDUINO_PSI,Arduino,0.000,0.000,0.000,,
939.433970,2026-03-16 16:57:15.174,ARDUINO_PSI,Arduino,0.000,0.000,0.000,,
939.533929,2026-03-16 16:57:15.274,ARDUINO_PSI,Arduino,0.000,0.000,0.000,,
939.633958,2026-03-16 16:57:15.374,ARDUINO_PSI,Arduino,0.000,0.000,0.000,,
939.733917,2026-03-16 16:57:15.474,ARDUINO_PSI,Arduino,0.000,0.000,0.000,,
939.833452,2026-03-16 16:57:15.574,ARDUINO_PSI,Arduino,0.000,0.000,0.000,,
939.934104,2026-03-16 16:57:15.674,ARDUINO_PSI,Arduino,0.000,0.000,0.000,,
940.034044,2026-03-16 16:57:15.774,ARDUINO_PSI,Arduino,0.000,0.000,0.000,,
940.133955,2026-03-16 16:57:15.874,ARDUINO_PSI,Arduino,0.000,0.000,0.000,,
940.234396,2026-03-16 16:57:15.975,ARDUINO_PSI,Arduino,0.000,0.000,0.000,,
940.333957,2026-03-16 16:57:16.074,ARDUINO_PSI,Arduino,0.000,0.000,0.000,,
940.433614,2026-03-16 16:57:16.174,ARDUINO_PSI,Arduino,0.000,0.000,0.000,,
940.533976,2026-03-16 16:57:16.274,ARDUINO_PSI,Arduino,0.000,0.000,0.000,,
940.633900,2026-03-16 16:57:16.374,ARDUINO_PSI,Arduino,0.000,0.000,0.000,,
940.734454,2026-03-16 16:57:16.475,ARDUINO_PSI,Arduino,0.000,0.000,0.000,,
940.833924,2026-03-16 16:57:16.574,ARDUINO_PSI,Arduino,0.000,0.000,0.000,,
940.934662,2026-03-16 16:57:16.675,ARDUINO_PSI,Arduino,0.000,0.000,0.000,,
941.033956,2026-03-16 16:57:16.774,ARDUINO_PSI,Arduino,0.000,0.000,0.000,,
941.133918,2026-03-16 16:57:16.874,ARDUINO_PSI,Arduino,0.000,0.000,0.000,,
941.233758,2026-03-16 16:57:16.974,ARDUINO_PSI,Arduino,0.000,0.000,0.000,,
941.333944,2026-03-16 16:57:17.074,ARDUINO_PSI,Arduino,0.000,0.000,0.000,,
941.434078,2026-03-16 16:57:17.174,ARDUINO_PSI,Arduino,0.000,0.000,0.000,,
941.533984,2026-03-16 16:57:17.274,ARDUINO_PSI,Arduino,0.000,0.000,0.000,,
941.633892,2026-03-16 16:57:17.374,ARDUINO_PSI,Arduino,0.000,0.000,0.000,,
941.733794,2026-03-16 16:57:17.474,ARDUINO_PSI,Arduino,0.000,0.000,0.000,,
941.834115,2026-03-16 16:57:17.574,ARDUINO_PSI,Arduino,0.000,0.000,0.000,,
941.933478,2026-03-16 16:57:17.674,ARDUINO_PSI,Arduino,0.000,0.000,0.000,,
942.033912,2026-03-16 16:57:17.774,ARDUINO_PSI,Arduino,0.000,0.000,0.000,,
942.133933,2026-03-16 16:57:17.874,ARDUINO_PSI,Arduino,0.000,0.000,0.000,,
942.234003,2026-03-16 16:57:17.974,ARDUINO_PSI,Arduino,0.000,0.000,0.000,,
942.333899,2026-03-16 16:57:18.074,ARDUINO_PSI,Arduino,0.000,0.000,0.000,,
942.433906,2026-03-16 16:57:18.174,ARDUINO_PSI,Arduino,0.000,0.000,0.000,,
942.533908,2026-03-16 16:57:18.274,ARDUINO_PSI,Arduino,0.000,0.000,0.000,,
942.634040,2026-03-16 16:57:18.374,ARDUINO_PSI,Arduino,0.000,0.000,0.000,,
942.734074,2026-03-16 16:57:18.474,ARDUINO_PSI,Arduino,0.000,0.000,0.000,,
942.833764,2026-03-16 16:57:18.574,ARDUINO_PSI,Arduino,0.000,0.000,0.000,,
942.933777,2026-03-16 16:57:18.674,ARDUINO_PSI,Arduino,0.000,0.000,0.000,,
943.033642,2026-03-16 16:57:18.774,ARDUINO_PSI,Arduino,0.000,0.000,0.000,,
943.133958,2026-03-16 16:57:18.874,ARDUINO_PSI,Arduino,0.000,0.000,0.000,,
943.233931,2026-03-16 16:57:18.974,ARDUINO_PSI,Arduino,0.000,0.000,0.000,,
943.334793,2026-03-16 16:57:19.075,ARDUINO_PSI,Arduino,0.000,0.000,0.000,,
943.433811,2026-03-16 16:57:19.174,ARDUINO_PSI,Arduino,0.000,0.000,0.000,,
943.533942,2026-03-16 16:57:19.274,ARDUINO_PSI,Arduino,0.000,0.000,0.000,,
943.633732,2026-03-16 16:57:19.374,ARDUINO_PSI,Arduino,0.000,0.000,0.000,,
943.733927,2026-03-16 16:57:19.474,ARDUINO_PSI,Arduino,0.000,0.000,0.000,,
943.834082,2026-03-16 16:57:19.574,ARDUINO_PSI,Arduino,0.000,0.000,0.000,,
943.933902,2026-03-16 16:57:19.674,ARDUINO_PSI,Arduino,0.000,0.000,0.000,,
944.033942,2026-03-16 16:57:19.774,ARDUINO_PSI,Arduino,0.000,0.000,0.000,,
944.133935,2026-03-16 16:57:19.874,ARDUINO_PSI,Arduino,0.000,0.000,0.000,,
944.234449,2026-03-16 16:57:19.975,ARDUINO_PSI,Arduino,0.000,0.000,0.000,,
944.333903,2026-03-16 16:57:20.074,ARDUINO_PSI,Arduino,0.000,0.000,0.000,,
944.434101,2026-03-16 16:57:20.174,ARDUINO_PSI,Arduino,0.000,0.000,0.000,,
944.534961,2026-03-16 16:57:20.275,ARDUINO_PSI,Arduino,0.000,0.000,0.000,,
944.633949,2026-03-16 16:57:20.374,ARDUINO_PSI,Arduino,0.000,0.000,0.000,,
944.734052,2026-03-16 16:57:20.474,ARDUINO_PSI,Arduino,0.000,0.000,0.000,,
944.834010,2026-03-16 16:57:20.574,ARDUINO_PSI,Arduino,0.000,0.000,0.000,,
944.934098,2026-03-16 16:57:20.674,ARDUINO_PSI,Arduino,0.000,0.000,0.000,,
945.034026,2026-03-16 16:57:20.774,ARDUINO_PSI,Arduino,0.000,0.000,0.000,,
945.133649,2026-03-16 16:57:20.874,ARDUINO_PSI,Arduino,0.000,0.000,0.000,,
945.233855,2026-03-16 16:57:20.974,ARDUINO_PSI,Arduino,0.000,0.000,0.000,,
945.334075,2026-03-16 16:57:21.074,ARDUINO_PSI,Arduino,0.000,0.000,0.000,,
945.433835,2026-03-16 16:57:21.174,ARDUINO_PSI,Arduino,0.000,0.000,0.000,,
945.533867,2026-03-16 16:57:21.274,ARDUINO_PSI,Arduino,0.000,0.000,0.000,,
945.633727,2026-03-16 16:57:21.374,ARDUINO_PSI,Arduino,0.000,0.000,0.000,,
945.733845,2026-03-16 16:57:21.474,ARDUINO_PSI,Arduino,0.000,0.000,0.000,,
945.834078,2026-03-16 16:57:21.574,ARDUINO_PSI,Arduino,0.000,0.000,0.000,,
945.933929,2026-03-16 16:57:21.674,ARDUINO_PSI,Arduino,0.000,0.000,0.000,,
946.034001,2026-03-16 16:57:21.774,ARDUINO_PSI,Arduino,0.000,0.000,0.000,,
946.133893,2026-03-16 16:57:21.874,ARDUINO_PSI,Arduino,0.000,0.000,0.000,,
946.233831,2026-03-16 16:57:21.974,ARDUINO_PSI,Arduino,0.000,0.000,0.000,,
946.333797,2026-03-16 16:57:22.074,ARDUINO_PSI,Arduino,0.000,0.000,0.000,,
946.433956,2026-03-16 16:57:22.174,ARDUINO_PSI,Arduino,0.000,0.000,0.000,,
946.533836,2026-03-16 16:57:22.274,ARDUINO_PSI,Arduino,0.000,0.000,0.000,,
946.633902,2026-03-16 16:57:22.374,ARDUINO_PSI,Arduino,0.000,0.000,0.000,,
946.733877,2026-03-16 16:57:22.474,ARDUINO_PSI,Arduino,0.000,0.000,0.000,,
946.834083,2026-03-16 16:57:22.574,ARDUINO_PSI,Arduino,0.000,0.000,0.000,,
946.933908,2026-03-16 16:57:22.674,ARDUINO_PSI,Arduino,0.000,0.000,0.000,,
947.034651,2026-03-16 16:57:22.775,ARDUINO_PSI,Arduino,0.000,0.000,0.000,,
947.133969,2026-03-16 16:57:22.874,ARDUINO_PSI,Arduino,0.000,0.000,0.000,,
947.234075,2026-03-16 16:57:22.974,ARDUINO_PSI,Arduino,0.000,0.000,0.000,,
947.333617,2026-03-16 16:57:23.074,ARDUINO_PSI,Arduino,0.000,0.000,0.000,,
947.433995,2026-03-16 16:57:23.174,ARDUINO_PSI,Arduino,0.000,0.000,0.000,,
947.534065,2026-03-16 16:57:23.274,ARDUINO_PSI,Arduino,0.000,0.000,0.000,,
947.633874,2026-03-16 16:57:23.374,ARDUINO_PSI,Arduino,0.000,0.000,0.000,,
947.733825,2026-03-16 16:57:23.474,ARDUINO_PSI,Arduino,0.000,0.000,0.000,,
947.833965,2026-03-16 16:57:23.574,ARDUINO_PSI,Arduino,0.000,0.000,0.000,,
947.933976,2026-03-16 16:57:23.674,ARDUINO_PSI,Arduino,0.000,0.000,0.000,,
948.033887,2026-03-16 16:57:23.774,ARDUINO_PSI,Arduino,0.000,0.000,0.000,,
948.133964,2026-03-16 16:57:23.874,ARDUINO_PSI,Arduino,0.000,0.000,0.000,,
948.233686,2026-03-16 16:57:23.974,ARDUINO_PSI,Arduino,0.000,0.000,0.000,,
948.333952,2026-03-16 16:57:24.074,ARDUINO_PSI,Arduino,0.000,0.000,0.000,,
948.434107,2026-03-16 16:57:24.174,ARDUINO_PSI,Arduino,0.000,0.000,0.000,,
948.533855,2026-03-16 16:57:24.274,ARDUINO_PSI,Arduino,0.000,0.000,0.000,,
948.633965,2026-03-16 16:57:24.374,ARDUINO_PSI,Arduino,0.000,0.000,0.000,,
948.733668,2026-03-16 16:57:24.474,ARDUINO_PSI,Arduino,0.000,0.000,0.000,,
948.834236,2026-03-16 16:57:24.574,ARDUINO_PSI,Arduino,0.000,0.000,0.000,,
948.933805,2026-03-16 16:57:24.674,ARDUINO_PSI,Arduino,0.000,0.000,0.000,,
949.033958,2026-03-16 16:57:24.774,ARDUINO_PSI,Arduino,0.000,0.000,0.000,,
949.133812,2026-03-16 16:57:24.874,ARDUINO_PSI,Arduino,0.000,0.000,0.000,,
949.233797,2026-03-16 16:57:24.974,ARDUINO_PSI,Arduino,0.000,0.000,0.000,,
949.333828,2026-03-16 16:57:25.074,ARDUINO_PSI,Arduino,0.000,0.000,0.000,,
949.433873,2026-03-16 16:57:25.174,ARDUINO_PSI,Arduino,0.000,0.000,0.000,,
949.533959,2026-03-16 16:57:25.274,ARDUINO_PSI,Arduino,0.000,0.000,0.000,,
949.633783,2026-03-16 16:57:25.374,ARDUINO_PSI,Arduino,0.000,0.000,0.000,,
949.733857,2026-03-16 16:57:25.474,ARDUINO_PSI,Arduino,0.000,0.000,0.000,,
949.834202,2026-03-16 16:57:25.574,ARDUINO_PSI,Arduino,0.000,0.000,0.000,,
949.933892,2026-03-16 16:57:25.674,ARDUINO_PSI,Arduino,0.000,0.000,0.000,,
950.033828,2026-03-16 16:57:25.774,ARDUINO_PSI,Arduino,0.000,0.000,0.000,,
950.133678,2026-03-16 16:57:25.874,ARDUINO_PSI,Arduino,0.000,0.000,0.000,,
950.233340,2026-03-16 16:57:25.973,ARDUINO_PSI,Arduino,0.000,0.000,0.000,,
950.333856,2026-03-16 16:57:26.074,ARDUINO_PSI,Arduino,0.000,0.000,0.000,,
950.434103,2026-03-16 16:57:26.174,ARDUINO_PSI,Arduino,0.000,0.000,0.000,,
950.534472,2026-03-16 16:57:26.275,ARDUINO_PSI,Arduino,0.000,0.000,0.000,,
950.633807,2026-03-16 16:57:26.374,ARDUINO_PSI,Arduino,0.000,0.000,0.000,,
950.733979,2026-03-16 16:57:26.474,ARDUINO_PSI,Arduino,0.000,0.000,0.000,,
950.834040,2026-03-16 16:57:26.574,ARDUINO_PSI,Arduino,0.000,0.000,0.000,,
950.933926,2026-03-16 16:57:26.674,ARDUINO_PSI,Arduino,0.000,0.000,0.000,,
951.033991,2026-03-16 16:57:26.774,ARDUINO_PSI,Arduino,0.000,0.000,0.000,,
951.133941,2026-03-16 16:57:26.874,ARDUINO_PSI,Arduino,0.000,0.000,0.000,,
951.233899,2026-03-16 16:57:26.974,ARDUINO_PSI,Arduino,0.000,0.000,0.000,,
951.333967,2026-03-16 16:57:27.074,ARDUINO_PSI,Arduino,0.000,0.000,0.000,,
951.433641,2026-03-16 16:57:27.174,ARDUINO_PSI,Arduino,0.000,0.000,0.000,,
951.533601,2026-03-16 16:57:27.274,ARDUINO_PSI,Arduino,0.000,0.000,0.000,,
951.633833,2026-03-16 16:57:27.374,ARDUINO_PSI,Arduino,0.000,0.000,0.000,,
951.733964,2026-03-16 16:57:27.474,ARDUINO_PSI,Arduino,0.000,0.000,0.000,,
951.834054,2026-03-16 16:57:27.574,ARDUINO_PSI,Arduino,0.000,0.000,0.000,,
951.934046,2026-03-16 16:57:27.674,ARDUINO_PSI,Arduino,0.000,0.000,0.000,,
952.033842,2026-03-16 16:57:27.774,ARDUINO_PSI,Arduino,0.000,0.000,0.000,,
952.133836,2026-03-16 16:57:27.874,ARDUINO_PSI,Arduino,0.000,0.000,0.000,,
952.233424,2026-03-16 16:57:27.974,ARDUINO_PSI,Arduino,0.000,0.000,0.000,,
952.333956,2026-03-16 16:57:28.074,ARDUINO_PSI,Arduino,0.000,0.000,0.000,,
952.434453,2026-03-16 16:57:28.175,ARDUINO_PSI,Arduino,0.000,0.000,0.000,,
952.533967,2026-03-16 16:57:28.274,ARDUINO_PSI,Arduino,0.000,0.000,0.000,,
952.633984,2026-03-16 16:57:28.374,ARDUINO_PSI,Arduino,0.000,0.000,0.000,,
952.733328,2026-03-16 16:57:28.473,ARDUINO_PSI,Arduino,0.000,0.000,0.000,,
952.833879,2026-03-16 16:57:28.574,ARDUINO_PSI,Arduino,0.000,0.000,0.000,,
952.933940,2026-03-16 16:57:28.674,ARDUINO_PSI,Arduino,0.000,0.000,0.000,,
953.033992,2026-03-16 16:57:28.774,ARDUINO_PSI,Arduino,0.000,0.000,0.000,,
953.134566,2026-03-16 16:57:28.875,ARDUINO_PSI,Arduino,0.000,0.000,0.000,,
953.233615,2026-03-16 16:57:28.974,ARDUINO_PSI,Arduino,0.000,0.000,0.000,,
953.333801,2026-03-16 16:57:29.074,ARDUINO_PSI,Arduino,0.000,0.000,0.000,,
953.434077,2026-03-16 16:57:29.174,ARDUINO_PSI,Arduino,0.000,0.000,0.000,,
953.533736,2026-03-16 16:57:29.274,ARDUINO_PSI,Arduino,0.000,0.000,0.000,,
953.633675,2026-03-16 16:57:29.374,ARDUINO_PSI,Arduino,0.000,0.000,0.000,,
953.733667,2026-03-16 16:57:29.474,ARDUINO_PSI,Arduino,0.000,0.000,0.000,,
953.834083,2026-03-16 16:57:29.574,ARDUINO_PSI,Arduino,0.000,0.000,0.000,,
953.934038,2026-03-16 16:57:29.674,ARDUINO_PSI,Arduino,0.000,0.000,0.000,,
954.034040,2026-03-16 16:57:29.774,ARDUINO_PSI,Arduino,0.000,0.000,0.000,,
954.133817,2026-03-16 16:57:29.874,ARDUINO_PSI,Arduino,0.000,0.000,0.000,,
954.233731,2026-03-16 16:57:29.974,ARDUINO_PSI,Arduino,0.000,0.000,0.000,,
954.333925,2026-03-16 16:57:30.074,ARDUINO_PSI,Arduino,0.000,0.000,0.000,,
954.434004,2026-03-16 16:57:30.174,ARDUINO_PSI,Arduino,0.000,0.000,0.000,,
954.534521,2026-03-16 16:57:30.275,ARDUINO_PSI,Arduino,0.000,0.000,0.000,,
954.634009,2026-03-16 16:57:30.374,ARDUINO_PSI,Arduino,0.000,0.000,0.000,,
954.734016,2026-03-16 16:57:30.474,ARDUINO_PSI,Arduino,0.000,0.000,0.000,,
954.834187,2026-03-16 16:57:30.574,ARDUINO_PSI,Arduino,0.000,0.000,0.000,,
954.933706,2026-03-16 16:57:30.674,ARDUINO_PSI,Arduino,0.000,0.000,0.000,,
955.033934,2026-03-16 16:57:30.774,ARDUINO_PSI,Arduino,0.000,0.000,0.000,,
955.133929,2026-03-16 16:57:30.874,ARDUINO_PSI,Arduino,0.000,0.000,0.000,,
955.234374,2026-03-16 16:57:30.975,ARDUINO_PSI,Arduino,0.000,0.000,0.000,,
955.334007,2026-03-16 16:57:31.074,ARDUINO_PSI,Arduino,0.000,0.000,0.000,,
955.433954,2026-03-16 16:57:31.174,ARDUINO_PSI,Arduino,0.000,0.000,0.000,,
955.533931,2026-03-16 16:57:31.274,ARDUINO_PSI,Arduino,0.000,0.000,0.000,,
955.634942,2026-03-16 16:57:31.375,ARDUINO_PSI,Arduino,0.000,0.000,0.000,,
955.733607,2026-03-16 16:57:31.474,ARDUINO_PSI,Arduino,0.000,0.000,0.000,,
955.833874,2026-03-16 16:57:31.574,ARDUINO_PSI,Arduino,0.000,0.000,0.000,,
955.933618,2026-03-16 16:57:31.674,ARDUINO_PSI,Arduino,0.000,0.000,0.000,,
956.033598,2026-03-16 16:57:31.774,ARDUINO_PSI,Arduino,0.000,0.000,0.000,,
956.133747,2026-03-16 16:57:31.874,ARDUINO_PSI,Arduino,0.000,0.000,0.000,,
956.233948,2026-03-16 16:57:31.974,ARDUINO_PSI,Arduino,0.000,0.000,0.000,,
956.334000,2026-03-16 16:57:32.074,ARDUINO_PSI,Arduino,0.000,0.000,0.000,,
956.433391,2026-03-16 16:57:32.174,ARDUINO_PSI,Arduino,0.000,0.000,0.000,,
956.533778,2026-03-16 16:57:32.274,ARDUINO_PSI,Arduino,0.000,0.000,0.000,,
956.633743,2026-03-16 16:57:32.374,ARDUINO_PSI,Arduino,0.000,0.000,0.000,,
956.733906,2026-03-16 16:57:32.474,ARDUINO_PSI,Arduino,0.000,0.000,0.000,,
956.835671,2026-03-16 16:57:32.576,ARDUINO_PSI,Arduino,0.000,0.000,0.000,,
956.933875,2026-03-16 16:57:32.674,ARDUINO_PSI,Arduino,0.000,0.000,0.000,,
957.033674,2026-03-16 16:57:32.774,ARDUINO_PSI,Arduino,0.000,0.000,0.000,,
957.133859,2026-03-16 16:57:32.874,ARDUINO_PSI,Arduino,0.000,0.000,0.000,,
957.233358,2026-03-16 16:57:32.973,ARDUINO_PSI,Arduino,0.000,0.000,0.000,,
957.333888,2026-03-16 16:57:33.074,ARDUINO_PSI,Arduino,0.000,0.000,0.000,,
957.433714,2026-03-16 16:57:33.174,ARDUINO_PSI,Arduino,0.000,0.000,0.000,,
957.534499,2026-03-16 16:57:33.275,ARDUINO_PSI,Arduino,0.000,0.000,0.000,,
957.634014,2026-03-16 16:57:33.374,ARDUINO_PSI,Arduino,0.000,0.000,0.000,,
957.734199,2026-03-16 16:57:33.474,ARDUINO_PSI,Arduino,0.000,0.000,0.000,,
957.834044,2026-03-16 16:57:33.574,ARDUINO_PSI,Arduino,0.000,0.000,0.000,,
957.933722,2026-03-16 16:57:33.674,ARDUINO_PSI,Arduino,0.000,0.000,0.000,,
958.033742,2026-03-16 16:57:33.774,ARDUINO_PSI,Arduino,0.000,0.000,0.000,,
958.133731,2026-03-16 16:57:33.874,ARDUINO_PSI,Arduino,0.000,0.000,0.000,,
958.234141,2026-03-16 16:57:33.974,ARDUINO_PSI,Arduino,0.000,0.000,0.000,,
958.333903,2026-03-16 16:57:34.074,ARDUINO_PSI,Arduino,0.000,0.000,0.000,,
958.433955,2026-03-16 16:57:34.174,ARDUINO_PSI,Arduino,0.000,0.000,0.000,,
958.534416,2026-03-16 16:57:34.275,ARDUINO_PSI,Arduino,0.000,0.000,0.000,,
958.633644,2026-03-16 16:57:34.374,ARDUINO_PSI,Arduino,0.000,0.000,0.000,,
958.733927,2026-03-16 16:57:34.474,ARDUINO_PSI,Arduino,0.000,0.000,0.000,,
958.834092,2026-03-16 16:57:34.574,ARDUINO_PSI,Arduino,0.000,0.000,0.000,,
958.934438,2026-03-16 16:57:34.675,ARDUINO_PSI,Arduino,0.000,0.000,0.000,,
959.033914,2026-03-16 16:57:34.774,ARDUINO_PSI,Arduino,0.000,0.000,0.000,,
959.134920,2026-03-16 16:57:34.875,ARDUINO_PSI,Arduino,0.000,0.000,0.000,,
959.233676,2026-03-16 16:57:34.974,ARDUINO_PSI,Arduino,0.000,0.000,0.000,,
959.333710,2026-03-16 16:57:35.074,ARDUINO_PSI,Arduino,0.000,0.000,0.000,,
959.433952,2026-03-16 16:57:35.174,ARDUINO_PSI,Arduino,0.000,0.000,0.000,,
959.533621,2026-03-16 16:57:35.274,ARDUINO_PSI,Arduino,0.000,0.000,0.000,,
959.633895,2026-03-16 16:57:35.374,ARDUINO_PSI,Arduino,0.000,0.000,0.000,,
959.733809,2026-03-16 16:57:35.474,ARDUINO_PSI,Arduino,0.000,0.000,0.000,,
959.833952,2026-03-16 16:57:35.574,ARDUINO_PSI,Arduino,0.000,0.000,0.000,,
959.933370,2026-03-16 16:57:35.673,ARDUINO_PSI,Arduino,0.000,0.000,0.000,,
960.033927,2026-03-16 16:57:35.774,ARDUINO_PSI,Arduino,0.000,0.000,0.000,,
960.134613,2026-03-16 16:57:35.875,ARDUINO_PSI,Arduino,0.000,0.000,0.000,,
960.233939,2026-03-16 16:57:35.974,ARDUINO_PSI,Arduino,0.000,0.000,0.000,,
960.333455,2026-03-16 16:57:36.074,ARDUINO_PSI,Arduino,0.000,0.000,0.000,,
960.433609,2026-03-16 16:57:36.174,ARDUINO_PSI,Arduino,0.000,0.000,0.000,,
960.533693,2026-03-16 16:57:36.274,ARDUINO_PSI,Arduino,0.000,0.000,0.000,,
960.633881,2026-03-16 16:57:36.374,ARDUINO_PSI,Arduino,0.000,0.000,0.000,,
960.733928,2026-03-16 16:57:36.474,ARDUINO_PSI,Arduino,0.000,0.000,0.000,,
960.834528,2026-03-16 16:57:36.575,ARDUINO_PSI,Arduino,0.000,0.000,0.000,,
960.933776,2026-03-16 16:57:36.674,ARDUINO_PSI,Arduino,0.000,0.000,0.000,,
961.033552,2026-03-16 16:57:36.774,ARDUINO_PSI,Arduino,0.000,0.000,0.000,,
961.133783,2026-03-16 16:57:36.874,ARDUINO_PSI,Arduino,0.000,0.000,0.000,,
961.233743,2026-03-16 16:57:36.974,ARDUINO_PSI,Arduino,0.000,0.000,0.000,,
961.333899,2026-03-16 16:57:37.074,ARDUINO_PSI,Arduino,0.000,0.000,0.000,,
961.433847,2026-03-16 16:57:37.174,ARDUINO_PSI,Arduino,0.000,0.000,0.000,,
961.534207,2026-03-16 16:57:37.274,ARDUINO_PSI,Arduino,0.000,0.000,0.000,,
961.633679,2026-03-16 16:57:37.374,ARDUINO_PSI,Arduino,0.000,0.000,0.000,,
961.733865,2026-03-16 16:57:37.474,ARDUINO_PSI,Arduino,0.000,0.000,0.000,,
961.833637,2026-03-16 16:57:37.574,ARDUINO_PSI,Arduino,0.000,0.000,0.000,,
961.934159,2026-03-16 16:57:37.674,ARDUINO_PSI,Arduino,0.000,0.000,0.000,,
962.033969,2026-03-16 16:57:37.774,ARDUINO_PSI,Arduino,0.000,0.000,0.000,,
962.134003,2026-03-16 16:57:37.874,ARDUINO_PSI,Arduino,0.000,0.000,0.000,,
962.233654,2026-03-16 16:57:37.974,ARDUINO_PSI,Arduino,0.000,0.000,0.000,,
962.334015,2026-03-16 16:57:38.074,ARDUINO_PSI,Arduino,0.000,0.000,0.000,,
962.434011,2026-03-16 16:57:38.174,ARDUINO_PSI,Arduino,0.000,0.000,0.000,,
962.533769,2026-03-16 16:57:38.274,ARDUINO_PSI,Arduino,0.000,0.000,0.000,,
962.633957,2026-03-16 16:57:38.374,ARDUINO_PSI,Arduino,0.000,0.000,0.000,,
962.733874,2026-03-16 16:57:38.474,ARDUINO_PSI,Arduino,0.000,0.000,0.000,,
962.834001,2026-03-16 16:57:38.574,ARDUINO_PSI,Arduino,0.000,0.000,0.000,,
962.934204,2026-03-16 16:57:38.674,ARDUINO_PSI,Arduino,0.000,0.000,0.000,,
963.034030,2026-03-16 16:57:38.774,ARDUINO_PSI,Arduino,0.000,0.000,0.000,,
963.133842,2026-03-16 16:57:38.874,ARDUINO_PSI,Arduino,0.000,0.000,0.000,,
963.233948,2026-03-16 16:57:38.974,ARDUINO_PSI,Arduino,0.000,0.000,0.000,,
963.334100,2026-03-16 16:57:39.074,ARDUINO_PSI,Arduino,0.000,0.000,0.000,,
963.433917,2026-03-16 16:57:39.174,ARDUINO_PSI,Arduino,0.000,0.000,0.000,,
963.533851,2026-03-16 16:57:39.274,ARDUINO_PSI,Arduino,0.000,0.000,0.000,,
963.633771,2026-03-16 16:57:39.374,ARDUINO_PSI,Arduino,0.000,0.000,0.000,,
963.734211,2026-03-16 16:57:39.474,ARDUINO_PSI,Arduino,0.000,0.000,0.000,,
963.833901,2026-03-16 16:57:39.574,ARDUINO_PSI,Arduino,0.000,0.000,0.000,,
963.934055,2026-03-16 16:57:39.674,ARDUINO_PSI,Arduino,0.000,0.000,0.000,,
964.034002,2026-03-16 16:57:39.774,ARDUINO_PSI,Arduino,0.000,0.000,0.000,,
964.133477,2026-03-16 16:57:39.874,ARDUINO_PSI,Arduino,0.000,0.000,0.000,,
964.233710,2026-03-16 16:57:39.974,ARDUINO_PSI,Arduino,0.000,0.000,0.000,,
964.333702,2026-03-16 16:57:40.074,ARDUINO_PSI,Arduino,0.000,0.000,0.000,,
964.433764,2026-03-16 16:57:40.174,ARDUINO_PSI,Arduino,0.000,0.000,0.000,,
964.534354,2026-03-16 16:57:40.274,ARDUINO_PSI,Arduino,0.000,0.000,0.000,,
964.634003,2026-03-16 16:57:40.374,ARDUINO_PSI,Arduino,0.000,0.000,0.000,,
964.734066,2026-03-16 16:57:40.474,ARDUINO_PSI,Arduino,0.000,0.000,0.000,,
964.834255,2026-03-16 16:57:40.574,ARDUINO_PSI,Arduino,0.000,0.000,0.000,,
964.934022,2026-03-16 16:57:40.674,ARDUINO_PSI,Arduino,0.000,0.000,0.000,,
965.034012,2026-03-16 16:57:40.774,ARDUINO_PSI,Arduino,0.000,0.000,0.000,,
965.133963,2026-03-16 16:57:40.874,ARDUINO_PSI,Arduino,0.000,0.000,0.000,,
965.233980,2026-03-16 16:57:40.974,ARDUINO_PSI,Arduino,0.000,0.000,0.000,,
965.334032,2026-03-16 16:57:41.074,ARDUINO_PSI,Arduino,0.000,0.000,0.000,,
965.433788,2026-03-16 16:57:41.174,ARDUINO_PSI,Arduino,0.000,0.000,0.000,,
965.534028,2026-03-16 16:57:41.274,ARDUINO_PSI,Arduino,0.000,0.000,0.000,,
965.633995,2026-03-16 16:57:41.374,ARDUINO_PSI,Arduino,0.000,0.000,0.000,,
965.734140,2026-03-16 16:57:41.474,ARDUINO_PSI,Arduino,0.000,0.000,0.000,,
965.833971,2026-03-16 16:57:41.574,ARDUINO_PSI,Arduino,0.000,0.000,0.000,,
965.934012,2026-03-16 16:57:41.674,ARDUINO_PSI,Arduino,0.000,0.000,0.000,,
966.033784,2026-03-16 16:57:41.774,ARDUINO_PSI,Arduino,0.000,0.000,0.000,,
966.133849,2026-03-16 16:57:41.874,ARDUINO_PSI,Arduino,0.000,0.000,0.000,,
966.233585,2026-03-16 16:57:41.974,ARDUINO_PSI,Arduino,0.000,0.000,0.000,,
966.334046,2026-03-16 16:57:42.074,ARDUINO_PSI,Arduino,0.000,0.000,0.000,,
966.433678,2026-03-16 16:57:42.174,ARDUINO_PSI,Arduino,0.000,0.000,0.000,,
966.533909,2026-03-16 16:57:42.274,ARDUINO_PSI,Arduino,0.000,0.000,0.000,,
966.635258,2026-03-16 16:57:42.375,ARDUINO_PSI,Arduino,0.000,0.000,0.000,,
966.733777,2026-03-16 16:57:42.474,ARDUINO_PSI,Arduino,0.000,0.000,0.000,,
966.834158,2026-03-16 16:57:42.574,ARDUINO_PSI,Arduino,0.000,0.000,0.000,,
966.934034,2026-03-16 16:57:42.674,ARDUINO_PSI,Arduino,0.000,0.000,0.000,,
967.033740,2026-03-16 16:57:42.774,ARDUINO_PSI,Arduino,0.000,0.000,0.000,,
967.133677,2026-03-16 16:57:42.874,ARDUINO_PSI,Arduino,0.000,0.000,0.000,,
967.234050,2026-03-16 16:57:42.974,ARDUINO_PSI,Arduino,0.000,0.000,0.000,,
967.334040,2026-03-16 16:57:43.074,ARDUINO_PSI,Arduino,0.000,0.000,0.000,,
967.433857,2026-03-16 16:57:43.174,ARDUINO_PSI,Arduino,0.000,0.000,0.000,,
967.533974,2026-03-16 16:57:43.274,ARDUINO_PSI,Arduino,0.000,0.000,0.000,,
967.634058,2026-03-16 16:57:43.374,ARDUINO_PSI,Arduino,0.000,0.000,0.000,,
967.733942,2026-03-16 16:57:43.474,ARDUINO_PSI,Arduino,0.000,0.000,0.000,,
967.834001,2026-03-16 16:57:43.574,ARDUINO_PSI,Arduino,0.000,0.000,0.000,,
967.934643,2026-03-16 16:57:43.675,ARDUINO_PSI,Arduino,0.000,0.000,0.000,,
968.033961,2026-03-16 16:57:43.774,ARDUINO_PSI,Arduino,0.000,0.000,0.000,,
968.133990,2026-03-16 16:57:43.874,ARDUINO_PSI,Arduino,0.000,0.000,0.000,,
968.233921,2026-03-16 16:57:43.974,ARDUINO_PSI,Arduino,0.000,0.000,0.000,,
968.335018,2026-03-16 16:57:44.075,ARDUINO_PSI,Arduino,0.000,0.000,0.000,,
968.434055,2026-03-16 16:57:44.174,ARDUINO_PSI,Arduino,0.000,0.000,0.000,,
968.534013,2026-03-16 16:57:44.274,ARDUINO_PSI,Arduino,0.000,0.000,0.000,,
968.633936,2026-03-16 16:57:44.374,ARDUINO_PSI,Arduino,0.000,0.000,0.000,,
968.734077,2026-03-16 16:57:44.474,ARDUINO_PSI,Arduino,0.000,0.000,0.000,,
968.834080,2026-03-16 16:57:44.574,ARDUINO_PSI,Arduino,0.000,0.000,0.000,,
968.933853,2026-03-16 16:57:44.674,ARDUINO_PSI,Arduino,0.000,0.000,0.000,,
969.034087,2026-03-16 16:57:44.774,ARDUINO_PSI,Arduino,0.000,0.000,0.000,,
969.133655,2026-03-16 16:57:44.874,ARDUINO_PSI,Arduino,0.000,0.000,0.000,,
969.233638,2026-03-16 16:57:44.974,ARDUINO_PSI,Arduino,0.000,0.000,0.000,,
969.334326,2026-03-16 16:57:45.074,ARDUINO_PSI,Arduino,0.000,0.000,0.000,,
969.433657,2026-03-16 16:57:45.174,ARDUINO_PSI,Arduino,0.000,0.000,0.000,,
969.533733,2026-03-16 16:57:45.274,ARDUINO_PSI,Arduino,0.000,0.000,0.000,,
969.633737,2026-03-16 16:57:45.374,ARDUINO_PSI,Arduino,0.000,0.000,0.000,,
969.734017,2026-03-16 16:57:45.474,ARDUINO_PSI,Arduino,0.000,0.000,0.000,,
969.834119,2026-03-16 16:57:45.574,ARDUINO_PSI,Arduino,0.000,0.000,0.000,,
969.933997,2026-03-16 16:57:45.674,ARDUINO_PSI,Arduino,0.000,0.000,0.000,,
970.033954,2026-03-16 16:57:45.774,ARDUINO_PSI,Arduino,0.000,0.000,0.000,,
970.133996,2026-03-16 16:57:45.874,ARDUINO_PSI,Arduino,0.000,0.000,0.000,,
970.233751,2026-03-16 16:57:45.974,ARDUINO_PSI,Arduino,0.000,0.000,0.000,,
970.334066,2026-03-16 16:57:46.074,ARDUINO_PSI,Arduino,0.000,0.000,0.000,,
970.433953,2026-03-16 16:57:46.174,ARDUINO_PSI,Arduino,0.000,0.000,0.000,,
970.534379,2026-03-16 16:57:46.275,ARDUINO_PSI,Arduino,0.000,0.000,0.000,,
970.634114,2026-03-16 16:57:46.374,ARDUINO_PSI,Arduino,0.000,0.000,0.000,,
970.733499,2026-03-16 16:57:46.474,ARDUINO_PSI,Arduino,0.000,0.000,0.000,,
970.833488,2026-03-16 16:57:46.574,ARDUINO_PSI,Arduino,0.000,0.000,0.000,,
970.934044,2026-03-16 16:57:46.674,ARDUINO_PSI,Arduino,0.000,0.000,0.000,,
971.033852,2026-03-16 16:57:46.774,ARDUINO_PSI,Arduino,0.000,0.000,0.000,,
971.134023,2026-03-16 16:57:46.874,ARDUINO_PSI,Arduino,0.000,0.000,0.000,,
971.234006,2026-03-16 16:57:46.974,ARDUINO_PSI,Arduino,0.000,0.000,0.000,,
971.333976,2026-03-16 16:57:47.074,ARDUINO_PSI,Arduino,0.000,0.000,0.000,,
971.433938,2026-03-16 16:57:47.174,ARDUINO_PSI,Arduino,0.000,0.000,0.000,,
971.533998,2026-03-16 16:57:47.274,ARDUINO_PSI,Arduino,0.000,0.000,0.000,,
971.633959,2026-03-16 16:57:47.374,ARDUINO_PSI,Arduino,0.000,0.000,0.000,,
971.734505,2026-03-16 16:57:47.475,ARDUINO_PSI,Arduino,0.000,0.000,0.000,,
971.834060,2026-03-16 16:57:47.574,ARDUINO_PSI,Arduino,0.000,0.000,0.000,,
971.934044,2026-03-16 16:57:47.674,ARDUINO_PSI,Arduino,0.000,0.000,0.000,,
972.033625,2026-03-16 16:57:47.774,ARDUINO_PSI,Arduino,0.000,0.000,0.000,,
972.133976,2026-03-16 16:57:47.874,ARDUINO_PSI,Arduino,0.000,0.000,0.000,,
972.234037,2026-03-16 16:57:47.974,ARDUINO_PSI,Arduino,0.000,0.000,0.000,,
972.334165,2026-03-16 16:57:48.074,ARDUINO_PSI,Arduino,0.000,0.000,0.000,,
972.433941,2026-03-16 16:57:48.174,ARDUINO_PSI,Arduino,0.000,0.000,0.000,,
972.534013,2026-03-16 16:57:48.274,ARDUINO_PSI,Arduino,0.000,0.000,0.000,,
972.634049,2026-03-16 16:57:48.374,ARDUINO_PSI,Arduino,0.000,0.000,0.000,,
972.733480,2026-03-16 16:57:48.474,ARDUINO_PSI,Arduino,0.000,0.000,0.000,,
972.833523,2026-03-16 16:57:48.574,ARDUINO_PSI,Arduino,0.000,0.000,0.000,,
972.933673,2026-03-16 16:57:48.674,ARDUINO_PSI,Arduino,0.000,0.000,0.000,,
973.033850,2026-03-16 16:57:48.774,ARDUINO_PSI,Arduino,0.000,0.000,0.000,,
973.133974,2026-03-16 16:57:48.874,ARDUINO_PSI,Arduino,0.000,0.000,0.000,,
973.233985,2026-03-16 16:57:48.974,ARDUINO_PSI,Arduino,0.000,0.000,0.000,,
973.333961,2026-03-16 16:57:49.074,ARDUINO_PSI,Arduino,0.000,0.000,0.000,,
973.434170,2026-03-16 16:57:49.174,ARDUINO_PSI,Arduino,0.000,0.000,0.000,,
973.533683,2026-03-16 16:57:49.274,ARDUINO_PSI,Arduino,0.000,0.000,0.000,,
973.633711,2026-03-16 16:57:49.374,ARDUINO_PSI,Arduino,0.000,0.000,0.000,,
973.734049,2026-03-16 16:57:49.474,ARDUINO_PSI,Arduino,0.000,0.000,0.000,,
973.834182,2026-03-16 16:57:49.574,ARDUINO_PSI,Arduino,0.000,0.000,0.000,,
973.933867,2026-03-16 16:57:49.674,ARDUINO_PSI,Arduino,0.000,0.000,0.000,,
974.033610,2026-03-16 16:57:49.774,ARDUINO_PSI,Arduino,0.000,0.000,0.000,,
974.133919,2026-03-16 16:57:49.874,ARDUINO_PSI,Arduino,0.000,0.000,0.000,,
974.233967,2026-03-16 16:57:49.974,ARDUINO_PSI,Arduino,0.000,0.000,0.000,,
974.334112,2026-03-16 16:57:50.074,ARDUINO_PSI,Arduino,0.000,0.000,0.000,,
974.433991,2026-03-16 16:57:50.174,ARDUINO_PSI,Arduino,0.000,0.000,0.000,,
974.533663,2026-03-16 16:57:50.274,ARDUINO_PSI,Arduino,0.000,0.000,0.000,,
974.634029,2026-03-16 16:57:50.374,ARDUINO_PSI,Arduino,0.000,0.000,0.000,,
974.733815,2026-03-16 16:57:50.474,ARDUINO_PSI,Arduino,0.000,0.000,0.000,,
974.834319,2026-03-16 16:57:50.574,ARDUINO_PSI,Arduino,0.000,0.000,0.000,,
974.934025,2026-03-16 16:57:50.674,ARDUINO_PSI,Arduino,0.000,0.000,0.000,,
975.033924,2026-03-16 16:57:50.774,ARDUINO_PSI,Arduino,0.000,0.000,0.000,,
975.133795,2026-03-16 16:57:50.874,ARDUINO_PSI,Arduino,0.000,0.000,0.000,,
975.233828,2026-03-16 16:57:50.974,ARDUINO_PSI,Arduino,0.000,0.000,0.000,,
975.334041,2026-03-16 16:57:51.074,ARDUINO_PSI,Arduino,0.000,0.000,0.000,,
975.434024,2026-03-16 16:57:51.174,ARDUINO_PSI,Arduino,0.000,0.000,0.000,,
975.534095,2026-03-16 16:57:51.274,ARDUINO_PSI,Arduino,0.000,0.000,0.000,,
975.634260,2026-03-16 16:57:51.374,ARDUINO_PSI,Arduino,0.000,0.000,0.000,,
975.733785,2026-03-16 16:57:51.474,ARDUINO_PSI,Arduino,0.000,0.000,0.000,,
975.834145,2026-03-16 16:57:51.574,ARDUINO_PSI,Arduino,0.000,0.000,0.000,,
975.934112,2026-03-16 16:57:51.674,ARDUINO_PSI,Arduino,0.000,0.000,0.000,,
976.034390,2026-03-16 16:57:51.775,ARDUINO_PSI,Arduino,0.000,0.000,0.000,,
976.134014,2026-03-16 16:57:51.874,ARDUINO_PSI,Arduino,0.000,0.000,0.000,,
976.233785,2026-03-16 16:57:51.974,ARDUINO_PSI,Arduino,0.000,0.000,0.000,,
976.333821,2026-03-16 16:57:52.074,ARDUINO_PSI,Arduino,0.000,0.000,0.000,,
976.433756,2026-03-16 16:57:52.174,ARDUINO_PSI,Arduino,0.000,0.000,0.000,,
976.534009,2026-03-16 16:57:52.274,ARDUINO_PSI,Arduino,0.000,0.000,0.000,,
976.633845,2026-03-16 16:57:52.374,ARDUINO_PSI,Arduino,0.000,0.000,0.000,,
976.733676,2026-03-16 16:57:52.474,ARDUINO_PSI,Arduino,0.000,0.000,0.000,,
976.834070,2026-03-16 16:57:52.574,ARDUINO_PSI,Arduino,0.000,0.000,0.000,,
976.933959,2026-03-16 16:57:52.674,ARDUINO_PSI,Arduino,0.000,0.000,0.000,,
977.033950,2026-03-16 16:57:52.774,ARDUINO_PSI,Arduino,0.000,0.000,0.000,,
977.134000,2026-03-16 16:57:52.874,ARDUINO_PSI,Arduino,0.000,0.000,0.000,,
977.233976,2026-03-16 16:57:52.974,ARDUINO_PSI,Arduino,0.000,0.000,0.000,,
977.333871,2026-03-16 16:57:53.074,ARDUINO_PSI,Arduino,0.000,0.000,0.000,,
977.433728,2026-03-16 16:57:53.174,ARDUINO_PSI,Arduino,0.000,0.000,0.000,,
977.533709,2026-03-16 16:57:53.274,ARDUINO_PSI,Arduino,0.000,0.000,0.000,,
977.633963,2026-03-16 16:57:53.374,ARDUINO_PSI,Arduino,0.000,0.000,0.000,,
977.734029,2026-03-16 16:57:53.474,ARDUINO_PSI,Arduino,0.000,0.000,0.000,,
977.833978,2026-03-16 16:57:53.574,ARDUINO_PSI,Arduino,0.000,0.000,0.000,,
977.934076,2026-03-16 16:57:53.674,ARDUINO_PSI,Arduino,0.000,0.000,0.000,,
978.034019,2026-03-16 16:57:53.774,ARDUINO_PSI,Arduino,0.000,0.000,0.000,,
978.133660,2026-03-16 16:57:53.874,ARDUINO_PSI,Arduino,0.000,0.000,0.000,,
978.234006,2026-03-16 16:57:53.974,ARDUINO_PSI,Arduino,0.000,0.000,0.000,,
978.334031,2026-03-16 16:57:54.074,ARDUINO_PSI,Arduino,0.000,0.000,0.000,,
978.433779,2026-03-16 16:57:54.174,ARDUINO_PSI,Arduino,0.000,0.000,0.000,,
978.533931,2026-03-16 16:57:54.274,ARDUINO_PSI,Arduino,0.000,0.000,0.000,,
978.633718,2026-03-16 16:57:54.374,ARDUINO_PSI,Arduino,0.000,0.000,0.000,,
978.733645,2026-03-16 16:57:54.474,ARDUINO_PSI,Arduino,0.000,0.000,0.000,,
978.833912,2026-03-16 16:57:54.574,ARDUINO_PSI,Arduino,0.000,0.000,0.000,,
978.933867,2026-03-16 16:57:54.674,ARDUINO_PSI,Arduino,0.000,0.000,0.000,,
979.033683,2026-03-16 16:57:54.774,ARDUINO_PSI,Arduino,0.000,0.000,0.000,,
979.134174,2026-03-16 16:57:54.874,ARDUINO_PSI,Arduino,0.000,0.000,0.000,,
979.233729,2026-03-16 16:57:54.974,ARDUINO_PSI,Arduino,0.000,0.000,0.000,,
979.333429,2026-03-16 16:57:55.074,ARDUINO_PSI,Arduino,0.000,0.000,0.000,,
979.433464,2026-03-16 16:57:55.174,ARDUINO_PSI,Arduino,0.000,0.000,0.000,,
979.533914,2026-03-16 16:57:55.274,ARDUINO_PSI,Arduino,0.000,0.000,0.000,,
979.634370,2026-03-16 16:57:55.375,ARDUINO_PSI,Arduino,0.000,0.000,0.000,,
979.734011,2026-03-16 16:57:55.474,ARDUINO_PSI,Arduino,0.000,0.000,0.000,,
979.834113,2026-03-16 16:57:55.574,ARDUINO_PSI,Arduino,0.000,0.000,0.000,,
979.933993,2026-03-16 16:57:55.674,ARDUINO_PSI,Arduino,0.000,0.000,0.000,,
980.034100,2026-03-16 16:57:55.774,ARDUINO_PSI,Arduino,0.000,0.000,0.000,,
980.134059,2026-03-16 16:57:55.874,ARDUINO_PSI,Arduino,0.000,0.000,0.000,,
980.234015,2026-03-16 16:57:55.974,ARDUINO_PSI,Arduino,0.000,0.000,0.000,,
980.334449,2026-03-16 16:57:56.075,ARDUINO_PSI,Arduino,0.000,0.000,0.000,,
980.434039,2026-03-16 16:57:56.174,ARDUINO_PSI,Arduino,0.000,0.000,0.000,,
980.533944,2026-03-16 16:57:56.274,ARDUINO_PSI,Arduino,0.000,0.000,0.000,,
980.633999,2026-03-16 16:57:56.374,ARDUINO_PSI,Arduino,0.000,0.000,0.000,,
980.734161,2026-03-16 16:57:56.474,ARDUINO_PSI,Arduino,0.000,0.000,0.000,,
980.834190,2026-03-16 16:57:56.574,ARDUINO_PSI,Arduino,0.000,0.000,0.000,,
980.934006,2026-03-16 16:57:56.674,ARDUINO_PSI,Arduino,0.000,0.000,0.000,,
981.033911,2026-03-16 16:57:56.774,ARDUINO_PSI,Arduino,0.000,0.000,0.000,,
981.134174,2026-03-16 16:57:56.874,ARDUINO_PSI,Arduino,0.000,0.000,0.000,,
981.234367,2026-03-16 16:57:56.975,ARDUINO_PSI,Arduino,0.000,0.000,0.000,,
981.333799,2026-03-16 16:57:57.074,ARDUINO_PSI,Arduino,0.000,0.000,0.000,,
981.434111,2026-03-16 16:57:57.174,ARDUINO_PSI,Arduino,0.000,0.000,0.000,,
981.534004,2026-03-16 16:57:57.274,ARDUINO_PSI,Arduino,0.000,0.000,0.000,,
981.634067,2026-03-16 16:57:57.374,ARDUINO_PSI,Arduino,0.000,0.000,0.000,,
981.733641,2026-03-16 16:57:57.474,ARDUINO_PSI,Arduino,0.000,0.000,0.000,,
981.834066,2026-03-16 16:57:57.574,ARDUINO_PSI,Arduino,0.000,0.000,0.000,,
981.934327,2026-03-16 16:57:57.674,ARDUINO_PSI,Arduino,0.000,0.000,0.000,,
982.033709,2026-03-16 16:57:57.774,ARDUINO_PSI,Arduino,0.000,0.000,0.000,,
982.133768,2026-03-16 16:57:57.874,ARDUINO_PSI,Arduino,0.000,0.000,0.000,,
982.233954,2026-03-16 16:57:57.974,ARDUINO_PSI,Arduino,0.000,0.000,0.000,,
982.333948,2026-03-16 16:57:58.074,ARDUINO_PSI,Arduino,0.000,0.000,0.000,,
982.433959,2026-03-16 16:57:58.174,ARDUINO_PSI,Arduino,0.000,0.000,0.000,,
982.533887,2026-03-16 16:57:58.274,ARDUINO_PSI,Arduino,0.000,0.000,0.000,,
982.634824,2026-03-16 16:57:58.375,ARDUINO_PSI,Arduino,0.000,0.000,0.000,,
982.733972,2026-03-16 16:57:58.474,ARDUINO_PSI,Arduino,0.000,0.000,0.000,,
982.834304,2026-03-16 16:57:58.574,ARDUINO_PSI,Arduino,0.000,0.000,0.000,,
982.933922,2026-03-16 16:57:58.674,ARDUINO_PSI,Arduino,0.000,0.000,0.000,,
983.033993,2026-03-16 16:57:58.774,ARDUINO_PSI,Arduino,0.000,0.000,0.000,,
983.134430,2026-03-16 16:57:58.875,ARDUINO_PSI,Arduino,0.000,0.000,0.000,,
983.233751,2026-03-16 16:57:58.974,ARDUINO_PSI,Arduino,0.000,0.000,0.000,,
983.334130,2026-03-16 16:57:59.074,ARDUINO_PSI,Arduino,0.000,0.000,0.000,,
983.433776,2026-03-16 16:57:59.174,ARDUINO_PSI,Arduino,0.000,0.000,0.000,,
983.533968,2026-03-16 16:57:59.274,ARDUINO_PSI,Arduino,0.000,0.000,0.000,,
983.633671,2026-03-16 16:57:59.374,ARDUINO_PSI,Arduino,0.000,0.000,0.000,,
983.733968,2026-03-16 16:57:59.474,ARDUINO_PSI,Arduino,0.000,0.000,0.000,,
983.834177,2026-03-16 16:57:59.574,ARDUINO_PSI,Arduino,0.000,0.000,0.000,,
983.934014,2026-03-16 16:57:59.674,ARDUINO_PSI,Arduino,0.000,0.000,0.000,,
984.033936,2026-03-16 16:57:59.774,ARDUINO_PSI,Arduino,0.000,0.000,0.000,,
984.133764,2026-03-16 16:57:59.874,ARDUINO_PSI,Arduino,0.000,0.000,0.000,,
984.234134,2026-03-16 16:57:59.974,ARDUINO_PSI,Arduino,0.000,0.000,0.000,,
984.333890,2026-03-16 16:58:00.074,ARDUINO_PSI,Arduino,0.000,0.000,0.000,,
984.433999,2026-03-16 16:58:00.174,ARDUINO_PSI,Arduino,0.000,0.000,0.000,,
984.534067,2026-03-16 16:58:00.274,ARDUINO_PSI,Arduino,0.000,0.000,0.000,,
984.634040,2026-03-16 16:58:00.374,ARDUINO_PSI,Arduino,0.000,0.000,0.000,,
984.733654,2026-03-16 16:58:00.474,ARDUINO_PSI,Arduino,0.000,0.000,0.000,,
984.834290,2026-03-16 16:58:00.574,ARDUINO_PSI,Arduino,0.000,0.000,0.000,,
984.934061,2026-03-16 16:58:00.674,ARDUINO_PSI,Arduino,0.000,0.000,0.000,,
985.033913,2026-03-16 16:58:00.774,ARDUINO_PSI,Arduino,0.000,0.000,0.000,,
985.133943,2026-03-16 16:58:00.874,ARDUINO_PSI,Arduino,0.000,0.000,0.000,,
985.233817,2026-03-16 16:58:00.974,ARDUINO_PSI,Arduino,0.000,0.000,0.000,,
985.333692,2026-03-16 16:58:01.074,ARDUINO_PSI,Arduino,0.000,0.000,0.000,,
985.434038,2026-03-16 16:58:01.174,ARDUINO_PSI,Arduino,0.000,0.000,0.000,,
985.534124,2026-03-16 16:58:01.274,ARDUINO_PSI,Arduino,0.000,0.000,0.000,,
985.633976,2026-03-16 16:58:01.374,ARDUINO_PSI,Arduino,0.000,0.000,0.000,,
985.733527,2026-03-16 16:58:01.474,ARDUINO_PSI,Arduino,0.000,0.000,0.000,,
985.834127,2026-03-16 16:58:01.574,ARDUINO_PSI,Arduino,0.000,0.000,0.000,,
985.933901,2026-03-16 16:58:01.674,ARDUINO_PSI,Arduino,0.000,0.000,0.000,,
986.033820,2026-03-16 16:58:01.774,ARDUINO_PSI,Arduino,0.000,0.000,0.000,,
986.133932,2026-03-16 16:58:01.874,ARDUINO_PSI,Arduino,0.000,0.000,0.000,,
986.233811,2026-03-16 16:58:01.974,ARDUINO_PSI,Arduino,0.000,0.000,0.000,,
986.333951,2026-03-16 16:58:02.074,ARDUINO_PSI,Arduino,0.000,0.000,0.000,,
986.434394,2026-03-16 16:58:02.175,ARDUINO_PSI,Arduino,0.000,0.000,0.000,,
986.534028,2026-03-16 16:58:02.274,ARDUINO_PSI,Arduino,0.000,0.000,0.000,,
986.633981,2026-03-16 16:58:02.374,ARDUINO_PSI,Arduino,0.000,0.000,0.000,,
986.733958,2026-03-16 16:58:02.474,ARDUINO_PSI,Arduino,0.000,0.000,0.000,,
986.833772,2026-03-16 16:58:02.574,ARDUINO_PSI,Arduino,0.000,0.000,0.000,,
986.933979,2026-03-16 16:58:02.674,ARDUINO_PSI,Arduino,0.000,0.000,0.000,,
987.033977,2026-03-16 16:58:02.774,ARDUINO_PSI,Arduino,0.000,0.000,0.000,,
987.134054,2026-03-16 16:58:02.874,ARDUINO_PSI,Arduino,0.000,0.000,0.000,,
987.233479,2026-03-16 16:58:02.974,ARDUINO_PSI,Arduino,0.000,0.000,0.000,,
987.334218,2026-03-16 16:58:03.074,ARDUINO_PSI,Arduino,0.000,0.000,0.000,,
987.434178,2026-03-16 16:58:03.174,ARDUINO_PSI,Arduino,0.000,0.000,0.000,,
987.533975,2026-03-16 16:58:03.274,ARDUINO_PSI,Arduino,0.000,0.000,0.000,,
987.634609,2026-03-16 16:58:03.375,ARDUINO_PSI,Arduino,0.000,0.000,0.000,,
987.733699,2026-03-16 16:58:03.474,ARDUINO_PSI,Arduino,0.000,0.000,0.000,,
987.833898,2026-03-16 16:58:03.574,ARDUINO_PSI,Arduino,0.000,0.000,0.000,,
987.934141,2026-03-16 16:58:03.674,ARDUINO_PSI,Arduino,0.000,0.000,0.000,,
988.034035,2026-03-16 16:58:03.774,ARDUINO_PSI,Arduino,0.000,0.000,0.000,,
988.134016,2026-03-16 16:58:03.874,ARDUINO_PSI,Arduino,0.000,0.000,0.000,,
988.234058,2026-03-16 16:58:03.974,ARDUINO_PSI,Arduino,0.000,0.000,0.000,,
988.334062,2026-03-16 16:58:04.074,ARDUINO_PSI,Arduino,0.000,0.000,0.000,,
988.433986,2026-03-16 16:58:04.174,ARDUINO_PSI,Arduino,0.000,0.000,0.000,,
988.534083,2026-03-16 16:58:04.274,ARDUINO_PSI,Arduino,0.000,0.000,0.000,,
988.634103,2026-03-16 16:58:04.374,ARDUINO_PSI,Arduino,0.000,0.000,0.000,,
988.733994,2026-03-16 16:58:04.474,ARDUINO_PSI,Arduino,0.000,0.000,0.000,,
988.834570,2026-03-16 16:58:04.575,ARDUINO_PSI,Arduino,0.000,0.000,0.000,,
988.933489,2026-03-16 16:58:04.674,ARDUINO_PSI,Arduino,0.000,0.000,0.000,,
989.033907,2026-03-16 16:58:04.774,ARDUINO_PSI,Arduino,0.000,0.000,0.000,,
989.134419,2026-03-16 16:58:04.875,ARDUINO_PSI,Arduino,0.000,0.000,0.000,,
989.233806,2026-03-16 16:58:04.974,ARDUINO_PSI,Arduino,0.000,0.000,0.000,,
989.334156,2026-03-16 16:58:05.074,ARDUINO_PSI,Arduino,0.000,0.000,0.000,,
989.433994,2026-03-16 16:58:05.174,ARDUINO_PSI,Arduino,0.000,0.000,0.000,,
989.533918,2026-03-16 16:58:05.274,ARDUINO_PSI,Arduino,0.000,0.000,0.000,,
989.633729,2026-03-16 16:58:05.374,ARDUINO_PSI,Arduino,0.000,0.000,0.000,,
989.733991,2026-03-16 16:58:05.474,ARDUINO_PSI,Arduino,0.000,0.000,0.000,,
989.833970,2026-03-16 16:58:05.574,ARDUINO_PSI,Arduino,0.000,0.000,0.000,,
989.934005,2026-03-16 16:58:05.674,ARDUINO_PSI,Arduino,0.000,0.000,0.000,,
990.034124,2026-03-16 16:58:05.774,ARDUINO_PSI,Arduino,0.000,0.000,0.000,,
990.133970,2026-03-16 16:58:05.874,ARDUINO_PSI,Arduino,0.000,0.000,0.000,,
990.233876,2026-03-16 16:58:05.974,ARDUINO_PSI,Arduino,0.000,0.000,0.000,,
990.334102,2026-03-16 16:58:06.074,ARDUINO_PSI,Arduino,0.000,0.000,0.000,,
990.433879,2026-03-16 16:58:06.174,ARDUINO_PSI,Arduino,0.000,0.000,0.000,,
990.534072,2026-03-16 16:58:06.274,ARDUINO_PSI,Arduino,0.000,0.000,0.000,,
990.634194,2026-03-16 16:58:06.374,ARDUINO_PSI,Arduino,0.000,0.000,0.000,,
990.733887,2026-03-16 16:58:06.474,ARDUINO_PSI,Arduino,0.000,0.000,0.000,,
990.833836,2026-03-16 16:58:06.574,ARDUINO_PSI,Arduino,0.000,0.000,0.000,,
990.934228,2026-03-16 16:58:06.674,ARDUINO_PSI,Arduino,0.000,0.000,0.000,,
991.034031,2026-03-16 16:58:06.774,ARDUINO_PSI,Arduino,0.000,0.000,0.000,,
991.133982,2026-03-16 16:58:06.874,ARDUINO_PSI,Arduino,0.000,0.000,0.000,,
991.234005,2026-03-16 16:58:06.974,ARDUINO_PSI,Arduino,0.000,0.000,0.000,,
991.334071,2026-03-16 16:58:07.074,ARDUINO_PSI,Arduino,0.000,0.000,0.000,,
991.433951,2026-03-16 16:58:07.174,ARDUINO_PSI,Arduino,0.000,0.000,0.000,,
991.534036,2026-03-16 16:58:07.274,ARDUINO_PSI,Arduino,0.000,0.000,0.000,,
991.634048,2026-03-16 16:58:07.374,ARDUINO_PSI,Arduino,0.000,0.000,0.000,,
991.733974,2026-03-16 16:58:07.474,ARDUINO_PSI,Arduino,0.000,0.000,0.000,,
991.833525,2026-03-16 16:58:07.574,ARDUINO_PSI,Arduino,0.000,0.000,0.000,,
991.934070,2026-03-16 16:58:07.674,ARDUINO_PSI,Arduino,0.000,0.000,0.000,,
992.033795,2026-03-16 16:58:07.774,ARDUINO_PSI,Arduino,0.000,0.000,0.000,,
992.134230,2026-03-16 16:58:07.874,ARDUINO_PSI,Arduino,0.000,0.000,0.000,,
992.233860,2026-03-16 16:58:07.974,ARDUINO_PSI,Arduino,0.000,0.000,0.000,,
992.333953,2026-03-16 16:58:08.074,ARDUINO_PSI,Arduino,0.000,0.000,0.000,,
992.433854,2026-03-16 16:58:08.174,ARDUINO_PSI,Arduino,0.000,0.000,0.000,,
992.533974,2026-03-16 16:58:08.274,ARDUINO_PSI,Arduino,0.000,0.000,0.000,,
992.634284,2026-03-16 16:58:08.374,ARDUINO_PSI,Arduino,0.000,0.000,0.000,,
992.733653,2026-03-16 16:58:08.474,ARDUINO_PSI,Arduino,0.000,0.000,0.000,,
992.834613,2026-03-16 16:58:08.575,ARDUINO_PSI,Arduino,0.000,0.000,0.000,,
992.934375,2026-03-16 16:58:08.675,ARDUINO_PSI,Arduino,0.000,0.000,0.000,,
993.033902,2026-03-16 16:58:08.774,ARDUINO_PSI,Arduino,0.000,0.000,0.000,,
993.134061,2026-03-16 16:58:08.874,ARDUINO_PSI,Arduino,0.000,0.000,0.000,,
993.234011,2026-03-16 16:58:08.974,ARDUINO_PSI,Arduino,0.000,0.000,0.000,,
993.334484,2026-03-16 16:58:09.075,ARDUINO_PSI,Arduino,0.000,0.000,0.000,,
993.434097,2026-03-16 16:58:09.174,ARDUINO_PSI,Arduino,0.000,0.000,0.000,,
993.534573,2026-03-16 16:58:09.275,ARDUINO_PSI,Arduino,0.000,0.000,0.000,,
993.634065,2026-03-16 16:58:09.374,ARDUINO_PSI,Arduino,0.000,0.000,0.000,,
993.734129,2026-03-16 16:58:09.474,ARDUINO_PSI,Arduino,0.000,0.000,0.000,,
993.834153,2026-03-16 16:58:09.574,ARDUINO_PSI,Arduino,0.000,0.000,0.000,,
993.934124,2026-03-16 16:58:09.674,ARDUINO_PSI,Arduino,0.000,0.000,0.000,,
994.033902,2026-03-16 16:58:09.774,ARDUINO_PSI,Arduino,0.000,0.000,0.000,,
994.134088,2026-03-16 16:58:09.874,ARDUINO_PSI,Arduino,0.000,0.000,0.000,,
994.234064,2026-03-16 16:58:09.974,ARDUINO_PSI,Arduino,0.000,0.000,0.000,,
994.334737,2026-03-16 16:58:10.075,ARDUINO_PSI,Arduino,0.000,0.000,0.000,,
994.433697,2026-03-16 16:58:10.174,ARDUINO_PSI,Arduino,0.000,0.000,0.000,,
994.534217,2026-03-16 16:58:10.274,ARDUINO_PSI,Arduino,0.000,0.000,0.000,,
994.634052,2026-03-16 16:58:10.374,ARDUINO_PSI,Arduino,0.000,0.000,0.000,,
994.733878,2026-03-16 16:58:10.474,ARDUINO_PSI,Arduino,0.000,0.000,0.000,,
994.834224,2026-03-16 16:58:10.574,ARDUINO_PSI,Arduino,0.000,0.000,0.000,,
994.934045,2026-03-16 16:58:10.674,ARDUINO_PSI,Arduino,0.000,0.000,0.000,,
995.034019,2026-03-16 16:58:10.774,ARDUINO_PSI,Arduino,0.000,0.000,0.000,,
995.133954,2026-03-16 16:58:10.874,ARDUINO_PSI,Arduino,0.000,0.000,0.000,,
995.234025,2026-03-16 16:58:10.974,ARDUINO_PSI,Arduino,0.000,0.000,0.000,,
995.333974,2026-03-16 16:58:11.074,ARDUINO_PSI,Arduino,0.000,0.000,0.000,,
995.434323,2026-03-16 16:58:11.174,ARDUINO_PSI,Arduino,0.000,0.000,0.000,,
995.534071,2026-03-16 16:58:11.274,ARDUINO_PSI,Arduino,0.000,0.000,0.000,,
995.634119,2026-03-16 16:58:11.374,ARDUINO_PSI,Arduino,0.000,0.000,0.000,,
995.733922,2026-03-16 16:58:11.474,ARDUINO_PSI,Arduino,0.000,0.000,0.000,,
995.834721,2026-03-16 16:58:11.575,ARDUINO_PSI,Arduino,0.000,0.000,0.000,,
995.934052,2026-03-16 16:58:11.674,ARDUINO_PSI,Arduino,0.000,0.000,0.000,,
996.033858,2026-03-16 16:58:11.774,ARDUINO_PSI,Arduino,0.000,0.000,0.000,,
996.135277,2026-03-16 16:58:11.875,ARDUINO_PSI,Arduino,0.000,0.000,0.000,,
996.234048,2026-03-16 16:58:11.974,ARDUINO_PSI,Arduino,0.000,0.000,0.000,,
996.334100,2026-03-16 16:58:12.074,ARDUINO_PSI,Arduino,0.000,0.000,0.000,,
996.434001,2026-03-16 16:58:12.174,ARDUINO_PSI,Arduino,0.000,0.000,0.000,,
996.533996,2026-03-16 16:58:12.274,ARDUINO_PSI,Arduino,0.000,0.000,0.000,,
996.634321,2026-03-16 16:58:12.374,ARDUINO_PSI,Arduino,0.000,0.000,0.000,,
996.733974,2026-03-16 16:58:12.474,ARDUINO_PSI,Arduino,0.000,0.000,0.000,,
996.834113,2026-03-16 16:58:12.574,ARDUINO_PSI,Arduino,0.000,0.000,0.000,,
996.934167,2026-03-16 16:58:12.674,ARDUINO_PSI,Arduino,0.000,0.000,0.000,,
997.033893,2026-03-16 16:58:12.774,ARDUINO_PSI,Arduino,0.000,0.000,0.000,,
997.134035,2026-03-16 16:58:12.874,ARDUINO_PSI,Arduino,0.000,0.000,0.000,,
997.234049,2026-03-16 16:58:12.974,ARDUINO_PSI,Arduino,0.000,0.000,0.000,,
997.334050,2026-03-16 16:58:13.074,ARDUINO_PSI,Arduino,0.000,0.000,0.000,,
997.434095,2026-03-16 16:58:13.174,ARDUINO_PSI,Arduino,0.000,0.000,0.000,,
997.533551,2026-03-16 16:58:13.274,ARDUINO_PSI,Arduino,0.000,0.000,0.000,,
997.633796,2026-03-16 16:58:13.374,ARDUINO_PSI,Arduino,0.000,0.000,0.000,,
997.733883,2026-03-16 16:58:13.474,ARDUINO_PSI,Arduino,0.000,0.000,0.000,,
997.833951,2026-03-16 16:58:13.574,ARDUINO_PSI,Arduino,0.000,0.000,0.000,,
997.934090,2026-03-16 16:58:13.674,ARDUINO_PSI,Arduino,0.000,0.000,0.000,,
998.033751,2026-03-16 16:58:13.774,ARDUINO_PSI,Arduino,0.000,0.000,0.000,,
998.134092,2026-03-16 16:58:13.874,ARDUINO_PSI,Arduino,0.000,0.000,0.000,,
998.234034,2026-03-16 16:58:13.974,ARDUINO_PSI,Arduino,0.000,0.000,0.000,,
998.334026,2026-03-16 16:58:14.074,ARDUINO_PSI,Arduino,0.000,0.000,0.000,,
998.434297,2026-03-16 16:58:14.174,ARDUINO_PSI,Arduino,0.000,0.000,0.000,,
998.533778,2026-03-16 16:58:14.274,ARDUINO_PSI,Arduino,0.000,0.000,0.000,,
998.633984,2026-03-16 16:58:14.374,ARDUINO_PSI,Arduino,0.000,0.000,0.000,,
998.734025,2026-03-16 16:58:14.474,ARDUINO_PSI,Arduino,0.000,0.000,0.000,,
998.834219,2026-03-16 16:58:14.574,ARDUINO_PSI,Arduino,0.000,0.000,0.000,,
998.933895,2026-03-16 16:58:14.674,ARDUINO_PSI,Arduino,0.000,0.000,0.000,,
999.034036,2026-03-16 16:58:14.774,ARDUINO_PSI,Arduino,0.000,0.000,0.000,,
999.134062,2026-03-16 16:58:14.874,ARDUINO_PSI,Arduino,0.000,0.000,0.000,,
999.234025,2026-03-16 16:58:14.974,ARDUINO_PSI,Arduino,0.000,0.000,0.000,,
999.334044,2026-03-16 16:58:15.074,ARDUINO_PSI,Arduino,0.000,0.000,0.000,,
999.434010,2026-03-16 16:58:15.174,ARDUINO_PSI,Arduino,0.000,0.000,0.000,,
999.534039,2026-03-16 16:58:15.274,ARDUINO_PSI,Arduino,0.000,0.000,0.000,,
999.634384,2026-03-16 16:58:15.375,ARDUINO_PSI,Arduino,0.000,0.000,0.000,,
999.734068,2026-03-16 16:58:15.474,ARDUINO_PSI,Arduino,0.000,0.000,0.000,,
999.834172,2026-03-16 16:58:15.574,ARDUINO_PSI,Arduino,0.000,0.000,0.000,,
999.934068,2026-03-16 16:58:15.674,ARDUINO_PSI,Arduino,0.000,0.000,0.000,,
1000.034026,2026-03-16 16:58:15.774,ARDUINO_PSI,Arduino,0.000,0.000,0.000,,
1000.133836,2026-03-16 16:58:15.874,ARDUINO_PSI,Arduino,0.000,0.000,0.000,,
1000.234080,2026-03-16 16:58:15.974,ARDUINO_PSI,Arduino,0.000,0.000,0.000,,
1000.334182,2026-03-16 16:58:16.074,ARDUINO_PSI,Arduino,0.000,0.000,0.000,,
1000.434169,2026-03-16 16:58:16.174,ARDUINO_PSI,Arduino,0.000,0.000,0.000,,
1000.535060,2026-03-16 16:58:16.275,ARDUINO_PSI,Arduino,0.000,0.000,0.000,,
1000.634092,2026-03-16 16:58:16.374,ARDUINO_PSI,Arduino,0.000,0.000,0.000,,
1000.734235,2026-03-16 16:58:16.474,ARDUINO_PSI,Arduino,0.000,0.000,0.000,,
1000.834196,2026-03-16 16:58:16.574,ARDUINO_PSI,Arduino,0.000,0.000,0.000,,
1000.934212,2026-03-16 16:58:16.674,ARDUINO_PSI,Arduino,0.000,0.000,0.000,,
1001.033967,2026-03-16 16:58:16.774,ARDUINO_PSI,Arduino,0.000,0.000,0.000,,
1001.134080,2026-03-16 16:58:16.874,ARDUINO_PSI,Arduino,0.000,0.000,0.000,,
1001.234330,2026-03-16 16:58:16.974,ARDUINO_PSI,Arduino,0.000,0.000,0.000,,
1001.334125,2026-03-16 16:58:17.074,ARDUINO_PSI,Arduino,0.000,0.000,0.000,,
1001.434160,2026-03-16 16:58:17.174,ARDUINO_PSI,Arduino,0.000,0.000,0.000,,
1001.534025,2026-03-16 16:58:17.274,ARDUINO_PSI,Arduino,0.000,0.000,0.000,,
1001.634187,2026-03-16 16:58:17.374,ARDUINO_PSI,Arduino,0.000,0.000,0.000,,
1001.733995,2026-03-16 16:58:17.474,ARDUINO_PSI,Arduino,0.000,0.000,0.000,,
1001.833511,2026-03-16 16:58:17.574,ARDUINO_PSI,Arduino,0.000,0.000,0.000,,
1001.934072,2026-03-16 16:58:17.674,ARDUINO_PSI,Arduino,0.000,0.000,0.000,,
1002.033767,2026-03-16 16:58:17.774,ARDUINO_PSI,Arduino,0.000,0.000,0.000,,
1002.134130,2026-03-16 16:58:17.874,ARDUINO_PSI,Arduino,0.000,0.000,0.000,,
1002.234505,2026-03-16 16:58:17.975,ARDUINO_PSI,Arduino,0.000,0.000,0.000,,
1002.334072,2026-03-16 16:58:18.074,ARDUINO_PSI,Arduino,0.000,0.000,0.000,,
1002.434020,2026-03-16 16:58:18.174,ARDUINO_PSI,Arduino,0.000,0.000,0.000,,
1002.534033,2026-03-16 16:58:18.274,ARDUINO_PSI,Arduino,0.000,0.000,0.000,,
1002.634252,2026-03-16 16:58:18.374,ARDUINO_PSI,Arduino,0.000,0.000,0.000,,
1002.734027,2026-03-16 16:58:18.474,ARDUINO_PSI,Arduino,0.000,0.000,0.000,,
1002.834125,2026-03-16 16:58:18.574,ARDUINO_PSI,Arduino,0.000,0.000,0.000,,
1002.933837,2026-03-16 16:58:18.674,ARDUINO_PSI,Arduino,0.000,0.000,0.000,,
1003.034115,2026-03-16 16:58:18.774,ARDUINO_PSI,Arduino,0.000,0.000,0.000,,
1003.134055,2026-03-16 16:58:18.874,ARDUINO_PSI,Arduino,0.000,0.000,0.000,,
1003.234085,2026-03-16 16:58:18.974,ARDUINO_PSI,Arduino,0.000,0.000,0.000,,
1003.334129,2026-03-16 16:58:19.074,ARDUINO_PSI,Arduino,0.000,0.000,0.000,,
1003.433879,2026-03-16 16:58:19.174,ARDUINO_PSI,Arduino,0.000,0.000,0.000,,
1003.534052,2026-03-16 16:58:19.274,ARDUINO_PSI,Arduino,0.000,0.000,0.000,,
1003.633821,2026-03-16 16:58:19.374,ARDUINO_PSI,Arduino,0.000,0.000,0.000,,
1003.733746,2026-03-16 16:58:19.474,ARDUINO_PSI,Arduino,0.000,0.000,0.000,,
1003.834226,2026-03-16 16:58:19.574,ARDUINO_PSI,Arduino,0.000,0.000,0.000,,
1003.934048,2026-03-16 16:58:19.674,ARDUINO_PSI,Arduino,0.000,0.000,0.000,,
1004.034055,2026-03-16 16:58:19.774,ARDUINO_PSI,Arduino,0.000,0.000,0.000,,
1004.134159,2026-03-16 16:58:19.874,ARDUINO_PSI,Arduino,0.000,0.000,0.000,,
1004.234118,2026-03-16 16:58:19.974,ARDUINO_PSI,Arduino,0.000,0.000,0.000,,
1004.334175,2026-03-16 16:58:20.074,ARDUINO_PSI,Arduino,0.000,0.000,0.000,,
1004.434198,2026-03-16 16:58:20.174,ARDUINO_PSI,Arduino,0.000,0.000,0.000,,
1004.536938,2026-03-16 16:58:20.277,ARDUINO_PSI,Arduino,0.000,0.000,0.000,,
1004.634135,2026-03-16 16:58:20.374,ARDUINO_PSI,Arduino,0.000,0.000,0.000,,
1004.734292,2026-03-16 16:58:20.474,ARDUINO_PSI,Arduino,0.000,0.000,0.000,,
1004.834268,2026-03-16 16:58:20.574,ARDUINO_PSI,Arduino,0.000,0.000,0.000,,
1004.934151,2026-03-16 16:58:20.674,ARDUINO_PSI,Arduino,0.000,0.000,0.000,,
1005.033974,2026-03-16 16:58:20.774,ARDUINO_PSI,Arduino,0.000,0.000,0.000,,
1005.134012,2026-03-16 16:58:20.874,ARDUINO_PSI,Arduino,0.000,0.000,0.000,,
1005.234081,2026-03-16 16:58:20.974,ARDUINO_PSI,Arduino,0.000,0.000,0.000,,
1005.334146,2026-03-16 16:58:21.074,ARDUINO_PSI,Arduino,0.000,0.000,0.000,,
1005.433918,2026-03-16 16:58:21.174,ARDUINO_PSI,Arduino,0.000,0.000,0.000,,
1005.534051,2026-03-16 16:58:21.274,ARDUINO_PSI,Arduino,0.000,0.000,0.000,,
1005.634581,2026-03-16 16:58:21.375,ARDUINO_PSI,Arduino,0.000,0.000,0.000,,
1005.733771,2026-03-16 16:58:21.474,ARDUINO_PSI,Arduino,0.000,0.000,0.000,,
1005.834897,2026-03-16 16:58:21.575,ARDUINO_PSI,Arduino,0.000,0.000,0.000,,
1005.934528,2026-03-16 16:58:21.675,ARDUINO_PSI,Arduino,0.000,0.000,0.000,,
1006.034007,2026-03-16 16:58:21.774,ARDUINO_PSI,Arduino,0.000,0.000,0.000,,
1006.134067,2026-03-16 16:58:21.874,ARDUINO_PSI,Arduino,0.000,0.000,0.000,,
1006.234134,2026-03-16 16:58:21.974,ARDUINO_PSI,Arduino,0.000,0.000,0.000,,
1006.334624,2026-03-16 16:58:22.075,ARDUINO_PSI,Arduino,0.000,0.000,0.000,,
1006.434114,2026-03-16 16:58:22.174,ARDUINO_PSI,Arduino,0.000,0.000,0.000,,
1006.534174,2026-03-16 16:58:22.274,ARDUINO_PSI,Arduino,0.000,0.000,0.000,,
1006.633995,2026-03-16 16:58:22.374,ARDUINO_PSI,Arduino,0.000,0.000,0.000,,
1006.734299,2026-03-16 16:58:22.474,ARDUINO_PSI,Arduino,0.000,0.000,0.000,,
1006.834371,2026-03-16 16:58:22.575,ARDUINO_PSI,Arduino,0.000,0.000,0.000,,
1006.934071,2026-03-16 16:58:22.674,ARDUINO_PSI,Arduino,0.000,0.000,0.000,,
1007.033945,2026-03-16 16:58:22.774,ARDUINO_PSI,Arduino,0.000,0.000,0.000,,
1007.134056,2026-03-16 16:58:22.874,ARDUINO_PSI,Arduino,0.000,0.000,0.000,,
1007.234558,2026-03-16 16:58:22.975,ARDUINO_PSI,Arduino,0.000,0.000,0.000,,
1007.333957,2026-03-16 16:58:23.074,ARDUINO_PSI,Arduino,0.000,0.000,0.000,,
1007.434458,2026-03-16 16:58:23.175,ARDUINO_PSI,Arduino,0.000,0.000,0.000,,
1007.534198,2026-03-16 16:58:23.274,ARDUINO_PSI,Arduino,0.000,0.000,0.000,,
1007.634017,2026-03-16 16:58:23.374,ARDUINO_PSI,Arduino,0.000,0.000,0.000,,
1007.734147,2026-03-16 16:58:23.474,ARDUINO_PSI,Arduino,0.000,0.000,0.000,,
1007.834294,2026-03-16 16:58:23.574,ARDUINO_PSI,Arduino,0.000,0.000,0.000,,
1007.933740,2026-03-16 16:58:23.674,ARDUINO_PSI,Arduino,0.000,0.000,0.000,,
1008.034087,2026-03-16 16:58:23.774,ARDUINO_PSI,Arduino,0.000,0.000,0.000,,
1008.133941,2026-03-16 16:58:23.874,ARDUINO_PSI,Arduino,0.000,0.000,0.000,,
1008.233597,2026-03-16 16:58:23.974,ARDUINO_PSI,Arduino,0.000,0.000,0.000,,
1008.334152,2026-03-16 16:58:24.074,ARDUINO_PSI,Arduino,0.000,0.000,0.000,,
1008.434013,2026-03-16 16:58:24.174,ARDUINO_PSI,Arduino,0.000,0.000,0.000,,
1008.534368,2026-03-16 16:58:24.275,ARDUINO_PSI,Arduino,0.000,0.000,0.000,,
1008.634071,2026-03-16 16:58:24.374,ARDUINO_PSI,Arduino,0.000,0.000,0.000,,
1008.734000,2026-03-16 16:58:24.474,ARDUINO_PSI,Arduino,0.000,0.000,0.000,,
1008.833584,2026-03-16 16:58:24.574,ARDUINO_PSI,Arduino,0.000,0.000,0.000,,
1008.934132,2026-03-16 16:58:24.674,ARDUINO_PSI,Arduino,0.000,0.000,0.000,,
1009.034051,2026-03-16 16:58:24.774,ARDUINO_PSI,Arduino,0.000,0.000,0.000,,
1009.133989,2026-03-16 16:58:24.874,ARDUINO_PSI,Arduino,0.000,0.000,0.000,,
1009.234179,2026-03-16 16:58:24.974,ARDUINO_PSI,Arduino,0.000,0.000,0.000,,
1009.334107,2026-03-16 16:58:25.074,ARDUINO_PSI,Arduino,0.000,0.000,0.000,,
1009.434128,2026-03-16 16:58:25.174,ARDUINO_PSI,Arduino,0.000,0.000,0.000,,
1009.534076,2026-03-16 16:58:25.274,ARDUINO_PSI,Arduino,0.000,0.000,0.000,,
1009.634047,2026-03-16 16:58:25.374,ARDUINO_PSI,Arduino,0.000,0.000,0.000,,
1009.734020,2026-03-16 16:58:25.474,ARDUINO_PSI,Arduino,0.000,0.000,0.000,,
1009.833849,2026-03-16 16:58:25.574,ARDUINO_PSI,Arduino,0.000,0.000,0.000,,
1009.933723,2026-03-16 16:58:25.674,ARDUINO_PSI,Arduino,0.000,0.000,0.000,,
1010.033641,2026-03-16 16:58:25.774,ARDUINO_PSI,Arduino,0.000,0.000,0.000,,
1010.133973,2026-03-16 16:58:25.874,ARDUINO_PSI,Arduino,0.000,0.000,0.000,,
1010.234327,2026-03-16 16:58:25.974,ARDUINO_PSI,Arduino,0.000,0.000,0.000,,
1010.334147,2026-03-16 16:58:26.074,ARDUINO_PSI,Arduino,0.000,0.000,0.000,,
1010.433709,2026-03-16 16:58:26.174,ARDUINO_PSI,Arduino,0.000,0.000,0.000,,
1010.534021,2026-03-16 16:58:26.274,ARDUINO_PSI,Arduino,0.000,0.000,0.000,,
1010.634182,2026-03-16 16:58:26.374,ARDUINO_PSI,Arduino,0.000,0.000,0.000,,
1010.821232,2026-03-16 16:58:26.561,ARDUINO_PSI,Arduino,0.000,0.000,0.000,,
