timestamp_sec,datetime,event_type,source,param1,param2,param3,param4,notes
6.829602,2026-03-10 17:57:23.753,INFO,SYSTEM,,,,,GUI started successfully
6.835842,2026-03-10 17:57:23.759,ARDUINO_PSI,Arduino,0.000,0.000,12.922,,
6.836121,2026-03-10 17:57:23.759,ARDUINO_PSI,Arduino,0.000,0.000,12.911,,
6.836385,2026-03-10 17:57:23.760,ARDUINO_PSI,Arduino,0.000,0.000,12.913,,
6.836586,2026-03-10 17:57:23.760,ARDUINO_PSI,Arduino,0.000,0.000,12.904,,
6.836910,2026-03-10 17:57:23.760,ARDUINO_PSI,Arduino,0.000,0.000,12.906,,
6.837233,2026-03-10 17:57:23.761,ARDUINO_PSI,Arduino,0.000,0.000,12.915,,
6.838477,2026-03-10 17:57:23.762,ARDUINO_PSI,Arduino,0.000,0.000,12.920,,
6.838620,2026-03-10 17:57:23.762,ARDUINO_PSI,Arduino,0.000,0.000,12.925,,
6.838735,2026-03-10 17:57:23.762,ARDUINO_PSI,Arduino,0.000,0.000,12.920,,
6.858696,2026-03-10 17:57:23.782,ARDUINO_PSI,Arduino,0.000,0.000,12.915,,
6.859663,2026-03-10 17:57:23.783,ARDUINO_PSI,Arduino,0.000,0.000,12.911,,
6.859861,2026-03-10 17:57:23.783,ARDUINO_PSI,Arduino,0.000,0.000,12.902,,
6.860077,2026-03-10 17:57:23.783,ARDUINO_PSI,Arduino,0.000,0.000,12.895,,
6.860312,2026-03-10 17:57:23.784,ARDUINO_PSI,Arduino,0.000,0.000,12.881,,
6.860453,2026-03-10 17:57:23.784,ARDUINO_PSI,Arduino,0.000,0.000,12.870,,
6.860640,2026-03-10 17:57:23.784,ARDUINO_PSI,Arduino,0.000,0.000,12.867,,
6.860758,2026-03-10 17:57:23.784,ARDUINO_PSI,Arduino,0.000,0.000,12.879,,
6.860880,2026-03-10 17:57:23.784,ARDUINO_PSI,Arduino,0.000,0.000,12.879,,
6.976265,2026-03-10 17:57:23.900,ARDUINO_PSI,Arduino,0.000,0.000,12.872,,
6.977461,2026-03-10 17:57:23.901,ARDUINO_PSI,Arduino,0.000,0.000,12.872,,
6.978736,2026-03-10 17:57:23.902,ARDUINO_PSI,Arduino,0.000,0.000,12.881,,
6.979776,2026-03-10 17:57:23.903,ARDUINO_PSI,Arduino,0.000,0.000,12.881,,
6.981358,2026-03-10 17:57:23.905,ARDUINO_PSI,Arduino,0.000,0.000,12.877,,
6.982441,2026-03-10 17:57:23.906,ARDUINO_PSI,Arduino,0.000,0.000,12.872,,
6.983366,2026-03-10 17:57:23.907,ARDUINO_PSI,Arduino,0.000,0.000,12.863,,
6.984251,2026-03-10 17:57:23.908,ARDUINO_PSI,Arduino,0.000,0.000,12.861,,
6.985129,2026-03-10 17:57:23.909,ARDUINO_PSI,Arduino,0.000,0.000,12.865,,
6.986218,2026-03-10 17:57:23.910,ARDUINO_PSI,Arduino,0.000,0.000,12.870,,
6.987115,2026-03-10 17:57:23.910,ARDUINO_PSI,Arduino,0.000,0.000,12.877,,
7.066648,2026-03-10 17:57:23.990,ARDUINO_PSI,Arduino,0.000,0.000,12.881,,
7.167389,2026-03-10 17:57:24.091,ARDUINO_PSI,Arduino,0.000,0.000,12.893,,
7.262201,2026-03-10 17:57:24.186,WJ_VOLTAGE,WJ2,0.196,0.000,0,0,"HV=OFF, Fault=NO"
7.264586,2026-03-10 17:57:24.188,WJ_VOLTAGE,WJ1,0.293,0.000,0,0,"HV=OFF, Fault=NO"
7.266748,2026-03-10 17:57:24.190,ARDUINO_PSI,Arduino,0.000,0.000,12.888,,
7.366521,2026-03-10 17:57:24.290,ARDUINO_PSI,Arduino,0.000,0.000,12.895,,
7.466970,2026-03-10 17:57:24.390,ARDUINO_PSI,Arduino,0.000,0.000,12.913,,
7.566969,2026-03-10 17:57:24.490,ARDUINO_PSI,Arduino,0.000,0.000,12.909,,
7.666871,2026-03-10 17:57:24.590,ARDUINO_PSI,Arduino,0.000,0.000,12.904,,
7.766397,2026-03-10 17:57:24.690,ARDUINO_PSI,Arduino,0.000,0.000,12.897,,
7.788819,2026-03-10 17:57:24.712,WJ_VOLTAGE,WJ2,0.196,0.000,0,0,"HV=OFF, Fault=NO"
7.789861,2026-03-10 17:57:24.713,WJ_VOLTAGE,WJ1,0.196,0.000,0,0,"HV=OFF, Fault=NO"
7.867230,2026-03-10 17:57:24.791,ARDUINO_PSI,Arduino,0.000,0.000,12.902,,
7.967192,2026-03-10 17:57:24.891,ARDUINO_PSI,Arduino,0.000,0.000,12.906,,
8.067632,2026-03-10 17:57:24.991,ARDUINO_PSI,Arduino,0.000,0.000,12.906,,
8.167094,2026-03-10 17:57:25.090,ARDUINO_PSI,Arduino,0.000,0.000,12.897,,
8.266289,2026-03-10 17:57:25.190,ARDUINO_PSI,Arduino,0.000,0.000,12.899,,
8.319544,2026-03-10 17:57:25.243,WJ_VOLTAGE,WJ1,0.196,0.000,0,0,"HV=OFF, Fault=NO"
8.320534,2026-03-10 17:57:25.244,WJ_VOLTAGE,WJ2,0.196,0.000,0,0,"HV=OFF, Fault=NO"
8.366321,2026-03-10 17:57:25.290,ARDUINO_PSI,Arduino,0.000,0.000,12.909,,
8.466239,2026-03-10 17:57:25.390,ARDUINO_PSI,Arduino,0.000,0.000,12.904,,
8.566971,2026-03-10 17:57:25.490,ARDUINO_PSI,Arduino,0.000,0.000,12.911,,
8.667026,2026-03-10 17:57:25.590,ARDUINO_PSI,Arduino,0.000,0.000,12.909,,
8.766930,2026-03-10 17:57:25.690,ARDUINO_PSI,Arduino,0.000,0.000,12.906,,
8.846700,2026-03-10 17:57:25.770,WJ_VOLTAGE,WJ2,0.098,0.000,0,0,"HV=OFF, Fault=NO"
8.850602,2026-03-10 17:57:25.774,WJ_VOLTAGE,WJ1,0.196,0.000,0,0,"HV=OFF, Fault=NO"
8.866258,2026-03-10 17:57:25.790,ARDUINO_PSI,Arduino,0.000,0.000,12.915,,
8.967185,2026-03-10 17:57:25.891,ARDUINO_PSI,Arduino,0.000,0.000,12.902,,
9.066793,2026-03-10 17:57:25.990,ARDUINO_PSI,Arduino,0.000,0.000,12.909,,
9.167001,2026-03-10 17:57:26.090,ARDUINO_PSI,Arduino,0.000,0.000,12.913,,
9.266879,2026-03-10 17:57:26.190,ARDUINO_PSI,Arduino,0.000,0.000,12.909,,
9.366759,2026-03-10 17:57:26.290,ARDUINO_PSI,Arduino,0.000,0.000,12.902,,
9.376842,2026-03-10 17:57:26.300,WJ_VOLTAGE,WJ2,0.098,0.000,0,0,"HV=OFF, Fault=NO"
9.377852,2026-03-10 17:57:26.301,WJ_VOLTAGE,WJ1,0.196,0.000,0,0,"HV=OFF, Fault=NO"
9.466929,2026-03-10 17:57:26.390,ARDUINO_PSI,Arduino,0.000,0.000,12.895,,
9.567034,2026-03-10 17:57:26.490,ARDUINO_PSI,Arduino,0.000,0.000,12.906,,
9.667054,2026-03-10 17:57:26.590,ARDUINO_PSI,Arduino,0.000,0.000,12.911,,
9.766957,2026-03-10 17:57:26.690,ARDUINO_PSI,Arduino,0.000,0.000,12.915,,
9.867350,2026-03-10 17:57:26.791,ARDUINO_PSI,Arduino,0.000,0.000,12.911,,
9.911643,2026-03-10 17:57:26.835,WJ_VOLTAGE,WJ1,0.196,0.000,0,0,"HV=OFF, Fault=NO"
9.914346,2026-03-10 17:57:26.838,WJ_VOLTAGE,WJ2,0.098,0.000,0,0,"HV=OFF, Fault=NO"
9.966923,2026-03-10 17:57:26.890,ARDUINO_PSI,Arduino,0.000,0.000,12.913,,
10.066586,2026-03-10 17:57:26.990,ARDUINO_PSI,Arduino,0.000,0.000,12.918,,
10.166936,2026-03-10 17:57:27.090,ARDUINO_PSI,Arduino,0.000,0.000,12.918,,
10.267004,2026-03-10 17:57:27.190,ARDUINO_PSI,Arduino,0.000,0.000,12.915,,
10.367001,2026-03-10 17:57:27.290,ARDUINO_PSI,Arduino,0.000,0.000,12.909,,
10.439223,2026-03-10 17:57:27.363,WJ_VOLTAGE,WJ1,0.098,0.000,0,0,"HV=OFF, Fault=NO"
10.440257,2026-03-10 17:57:27.364,WJ_VOLTAGE,WJ2,0.098,0.000,0,0,"HV=OFF, Fault=NO"
10.466996,2026-03-10 17:57:27.390,ARDUINO_PSI,Arduino,0.000,0.000,12.922,,
10.566963,2026-03-10 17:57:27.490,ARDUINO_PSI,Arduino,0.000,0.000,12.922,,
10.667135,2026-03-10 17:57:27.591,ARDUINO_PSI,Arduino,0.000,0.000,12.920,,
10.766644,2026-03-10 17:57:27.690,ARDUINO_PSI,Arduino,0.000,0.000,12.918,,
10.866989,2026-03-10 17:57:27.790,ARDUINO_PSI,Arduino,0.000,0.000,12.899,,
10.966858,2026-03-10 17:57:27.890,ARDUINO_PSI,Arduino,0.000,0.000,12.911,,
10.969474,2026-03-10 17:57:27.893,WJ_VOLTAGE,WJ2,0.098,0.000,0,0,"HV=OFF, Fault=NO"
10.970468,2026-03-10 17:57:27.894,WJ_VOLTAGE,WJ1,0.098,0.000,0,0,"HV=OFF, Fault=NO"
11.066915,2026-03-10 17:57:27.990,ARDUINO_PSI,Arduino,0.000,0.000,12.904,,
11.167018,2026-03-10 17:57:28.090,ARDUINO_PSI,Arduino,0.000,0.000,12.899,,
11.266167,2026-03-10 17:57:28.190,ARDUINO_PSI,Arduino,0.000,0.000,12.909,,
11.367481,2026-03-10 17:57:28.291,ARDUINO_PSI,Arduino,0.000,0.000,12.909,,
11.466665,2026-03-10 17:57:28.390,ARDUINO_PSI,Arduino,0.000,0.000,12.902,,
11.497761,2026-03-10 17:57:28.421,WJ_VOLTAGE,WJ1,0.098,0.000,0,0,"HV=OFF, Fault=NO"
11.498754,2026-03-10 17:57:28.422,WJ_VOLTAGE,WJ2,0.098,0.000,0,0,"HV=OFF, Fault=NO"
11.566937,2026-03-10 17:57:28.490,ARDUINO_PSI,Arduino,0.000,0.000,12.895,,
11.667964,2026-03-10 17:57:28.591,ARDUINO_PSI,Arduino,0.000,0.000,12.899,,
11.766851,2026-03-10 17:57:28.690,ARDUINO_PSI,Arduino,0.000,0.000,12.897,,
11.867412,2026-03-10 17:57:28.791,ARDUINO_PSI,Arduino,0.000,0.000,12.890,,
11.967394,2026-03-10 17:57:28.891,ARDUINO_PSI,Arduino,0.000,0.000,12.881,,
12.031256,2026-03-10 17:57:28.955,WJ_VOLTAGE,WJ1,0.098,0.000,0,0,"HV=OFF, Fault=NO"
12.034572,2026-03-10 17:57:28.958,WJ_VOLTAGE,WJ2,0.098,0.000,0,0,"HV=OFF, Fault=NO"
12.066925,2026-03-10 17:57:28.990,ARDUINO_PSI,Arduino,0.000,0.000,12.879,,
12.166996,2026-03-10 17:57:29.090,ARDUINO_PSI,Arduino,0.000,0.000,12.870,,
12.267140,2026-03-10 17:57:29.191,ARDUINO_PSI,Arduino,0.000,0.000,12.872,,
12.366894,2026-03-10 17:57:29.290,ARDUINO_PSI,Arduino,0.000,0.000,12.874,,
12.467035,2026-03-10 17:57:29.390,ARDUINO_PSI,Arduino,0.000,0.000,12.865,,
12.557952,2026-03-10 17:57:29.481,WJ_VOLTAGE,WJ1,0.098,0.000,0,0,"HV=OFF, Fault=NO"
12.560836,2026-03-10 17:57:29.484,WJ_VOLTAGE,WJ2,0.000,0.000,0,0,"HV=OFF, Fault=NO"
12.566403,2026-03-10 17:57:29.490,ARDUINO_PSI,Arduino,0.000,0.000,12.856,,
12.667499,2026-03-10 17:57:29.591,ARDUINO_PSI,Arduino,0.000,0.000,12.851,,
12.766325,2026-03-10 17:57:29.690,ARDUINO_PSI,Arduino,0.000,0.000,12.849,,
12.866999,2026-03-10 17:57:29.790,ARDUINO_PSI,Arduino,0.000,0.000,12.851,,
12.966916,2026-03-10 17:57:29.890,ARDUINO_PSI,Arduino,0.000,0.000,12.851,,
13.067063,2026-03-10 17:57:29.990,ARDUINO_PSI,Arduino,0.000,0.000,12.845,,
13.075153,2026-03-10 17:57:29.999,WJ_VOLTAGE,WJ1,0.098,0.000,0,0,"HV=OFF, Fault=NO"
13.092395,2026-03-10 17:57:30.016,WJ_VOLTAGE,WJ2,0.098,0.000,0,0,"HV=OFF, Fault=NO"
13.166969,2026-03-10 17:57:30.090,ARDUINO_PSI,Arduino,0.000,0.000,12.847,,
13.267084,2026-03-10 17:57:30.190,ARDUINO_PSI,Arduino,0.000,0.000,12.847,,
13.366985,2026-03-10 17:57:30.291,ARDUINO_PSI,Arduino,0.000,0.000,12.856,,
13.467014,2026-03-10 17:57:30.390,ARDUINO_PSI,Arduino,0.000,0.000,12.870,,
13.566957,2026-03-10 17:57:30.490,ARDUINO_PSI,Arduino,0.000,0.000,12.870,,
13.601123,2026-03-10 17:57:30.525,WJ_VOLTAGE,WJ1,0.098,0.000,0,0,"HV=OFF, Fault=NO"
13.616695,2026-03-10 17:57:30.540,WJ_VOLTAGE,WJ2,0.000,0.000,0,0,"HV=OFF, Fault=NO"
13.667201,2026-03-10 17:57:30.591,ARDUINO_PSI,Arduino,0.000,0.000,12.867,,
13.767381,2026-03-10 17:57:30.691,ARDUINO_PSI,Arduino,0.000,0.000,12.867,,
13.867060,2026-03-10 17:57:30.790,ARDUINO_PSI,Arduino,0.000,0.000,12.874,,
13.967121,2026-03-10 17:57:30.891,ARDUINO_PSI,Arduino,0.000,0.000,12.890,,
14.067443,2026-03-10 17:57:30.991,ARDUINO_PSI,Arduino,0.000,0.000,12.895,,
14.131704,2026-03-10 17:57:31.055,WJ_VOLTAGE,WJ1,0.098,0.000,0,0,"HV=OFF, Fault=NO"
14.146441,2026-03-10 17:57:31.070,WJ_VOLTAGE,WJ2,0.000,0.000,0,0,"HV=OFF, Fault=NO"
14.167063,2026-03-10 17:57:31.090,ARDUINO_PSI,Arduino,0.000,0.000,12.895,,
14.267023,2026-03-10 17:57:31.190,ARDUINO_PSI,Arduino,0.000,0.000,12.899,,
14.366744,2026-03-10 17:57:31.290,ARDUINO_PSI,Arduino,0.000,0.000,12.897,,
14.467012,2026-03-10 17:57:31.390,ARDUINO_PSI,Arduino,0.000,0.000,12.913,,
14.567280,2026-03-10 17:57:31.491,ARDUINO_PSI,Arduino,0.000,0.000,12.922,,
14.661286,2026-03-10 17:57:31.585,WJ_VOLTAGE,WJ1,0.000,0.000,0,0,"HV=OFF, Fault=NO"
14.667024,2026-03-10 17:57:31.590,ARDUINO_PSI,Arduino,0.000,0.000,12.922,,
14.676223,2026-03-10 17:57:31.600,WJ_VOLTAGE,WJ2,0.000,0.000,0,0,"HV=OFF, Fault=NO"
14.767270,2026-03-10 17:57:31.691,ARDUINO_PSI,Arduino,0.000,0.000,12.931,,
14.867106,2026-03-10 17:57:31.790,ARDUINO_PSI,Arduino,0.000,0.000,12.934,,
14.967475,2026-03-10 17:57:31.891,ARDUINO_PSI,Arduino,0.000,0.000,12.941,,
15.067103,2026-03-10 17:57:31.990,ARDUINO_PSI,Arduino,0.000,0.000,12.947,,
15.166755,2026-03-10 17:57:32.090,ARDUINO_PSI,Arduino,0.000,0.000,12.947,,
15.191838,2026-03-10 17:57:32.115,WJ_VOLTAGE,WJ1,0.000,0.000,0,0,"HV=OFF, Fault=NO"
15.203972,2026-03-10 17:57:32.127,WJ_VOLTAGE,WJ2,0.000,0.000,0,0,"HV=OFF, Fault=NO"
15.267411,2026-03-10 17:57:32.191,ARDUINO_PSI,Arduino,0.000,0.000,12.952,,
15.366671,2026-03-10 17:57:32.290,ARDUINO_PSI,Arduino,0.000,0.000,12.938,,
15.467988,2026-03-10 17:57:32.391,ARDUINO_PSI,Arduino,0.000,0.000,12.929,,
15.580772,2026-03-10 17:57:32.504,ARDUINO_PSI,Arduino,0.000,0.000,12.929,,
15.666937,2026-03-10 17:57:32.590,ARDUINO_PSI,Arduino,0.000,0.000,12.929,,
15.719796,2026-03-10 17:57:32.643,WJ_VOLTAGE,WJ1,0.000,0.000,0,0,"HV=OFF, Fault=NO"
15.735844,2026-03-10 17:57:32.659,WJ_VOLTAGE,WJ2,0.000,0.000,0,0,"HV=OFF, Fault=NO"
15.767299,2026-03-10 17:57:32.691,ARDUINO_PSI,Arduino,0.000,0.000,12.927,,
15.867040,2026-03-10 17:57:32.790,ARDUINO_PSI,Arduino,0.000,0.000,12.918,,
16.001635,2026-03-10 17:57:32.925,ARDUINO_PSI,Arduino,0.000,0.000,12.904,,
16.066812,2026-03-10 17:57:32.990,ARDUINO_PSI,Arduino,0.000,0.000,12.899,,
16.167002,2026-03-10 17:57:33.090,ARDUINO_PSI,Arduino,0.000,0.000,12.902,,
16.250136,2026-03-10 17:57:33.174,WJ_VOLTAGE,WJ1,0.000,0.000,0,0,"HV=OFF, Fault=NO"
16.266431,2026-03-10 17:57:33.190,WJ_VOLTAGE,WJ2,0.000,0.000,0,0,"HV=OFF, Fault=NO"
16.272873,2026-03-10 17:57:33.196,ARDUINO_PSI,Arduino,0.000,0.000,12.902,,
16.367128,2026-03-10 17:57:33.291,ARDUINO_PSI,Arduino,0.000,0.000,12.888,,
16.466968,2026-03-10 17:57:33.390,ARDUINO_PSI,Arduino,0.000,0.000,12.877,,
16.566991,2026-03-10 17:57:33.490,ARDUINO_PSI,Arduino,0.000,0.000,12.877,,
16.667198,2026-03-10 17:57:33.591,ARDUINO_PSI,Arduino,0.000,0.000,12.881,,
16.767010,2026-03-10 17:57:33.690,ARDUINO_PSI,Arduino,0.000,0.000,12.881,,
16.778183,2026-03-10 17:57:33.702,WJ_VOLTAGE,WJ1,0.000,0.000,0,0,"HV=OFF, Fault=NO"
16.793547,2026-03-10 17:57:33.717,WJ_VOLTAGE,WJ2,0.000,0.000,0,0,"HV=OFF, Fault=NO"
16.867142,2026-03-10 17:57:33.791,ARDUINO_PSI,Arduino,0.000,0.000,12.886,,
16.967060,2026-03-10 17:57:33.890,ARDUINO_PSI,Arduino,0.000,0.000,12.881,,
17.066848,2026-03-10 17:57:33.990,ARDUINO_PSI,Arduino,0.000,0.000,12.888,,
17.167299,2026-03-10 17:57:34.091,ARDUINO_PSI,Arduino,0.000,0.000,12.888,,
17.267023,2026-03-10 17:57:34.190,ARDUINO_PSI,Arduino,0.000,0.000,12.886,,
17.307675,2026-03-10 17:57:34.231,WJ_VOLTAGE,WJ1,0.000,0.000,0,0,"HV=OFF, Fault=NO"
17.323632,2026-03-10 17:57:34.247,WJ_VOLTAGE,WJ2,0.000,0.000,0,0,"HV=OFF, Fault=NO"
17.366980,2026-03-10 17:57:34.290,ARDUINO_PSI,Arduino,0.000,0.000,12.893,,
17.466791,2026-03-10 17:57:34.390,ARDUINO_PSI,Arduino,0.000,0.000,12.897,,
17.566886,2026-03-10 17:57:34.490,ARDUINO_PSI,Arduino,0.000,0.000,12.899,,
17.666389,2026-03-10 17:57:34.590,ARDUINO_PSI,Arduino,0.000,0.000,12.897,,
17.766325,2026-03-10 17:57:34.690,ARDUINO_PSI,Arduino,0.000,0.000,12.893,,
17.838630,2026-03-10 17:57:34.762,WJ_VOLTAGE,WJ1,0.000,0.000,0,0,"HV=OFF, Fault=NO"
17.853983,2026-03-10 17:57:34.777,WJ_VOLTAGE,WJ2,0.000,0.000,0,0,"HV=OFF, Fault=NO"
17.866247,2026-03-10 17:57:34.790,ARDUINO_PSI,Arduino,0.000,0.000,12.904,,
17.966450,2026-03-10 17:57:34.890,ARDUINO_PSI,Arduino,0.000,0.000,12.911,,
18.066574,2026-03-10 17:57:34.990,ARDUINO_PSI,Arduino,0.000,0.000,12.906,,
18.167001,2026-03-10 17:57:35.090,ARDUINO_PSI,Arduino,0.000,0.000,12.906,,
18.267391,2026-03-10 17:57:35.191,ARDUINO_PSI,Arduino,0.000,0.000,12.915,,
18.356692,2026-03-10 17:57:35.280,WJ_VOLTAGE,WJ1,0.000,0.000,0,0,"HV=OFF, Fault=NO"
18.366276,2026-03-10 17:57:35.290,ARDUINO_PSI,Arduino,0.000,0.000,12.920,,
18.371392,2026-03-10 17:57:35.295,WJ_VOLTAGE,WJ2,0.000,0.000,0,0,"HV=OFF, Fault=NO"
18.466938,2026-03-10 17:57:35.390,ARDUINO_PSI,Arduino,0.000,0.000,12.913,,
18.566895,2026-03-10 17:57:35.490,ARDUINO_PSI,Arduino,0.000,0.000,12.915,,
18.667751,2026-03-10 17:57:35.591,ARDUINO_PSI,Arduino,0.000,0.000,12.904,,
18.766596,2026-03-10 17:57:35.690,ARDUINO_PSI,Arduino,0.000,0.000,12.899,,
18.866866,2026-03-10 17:57:35.790,ARDUINO_PSI,Arduino,0.000,0.000,12.899,,
18.884965,2026-03-10 17:57:35.808,WJ_VOLTAGE,WJ1,0.000,0.000,0,0,"HV=OFF, Fault=NO"
18.903089,2026-03-10 17:57:35.826,WJ_VOLTAGE,WJ2,0.000,0.000,0,0,"HV=OFF, Fault=NO"
18.966352,2026-03-10 17:57:35.890,ARDUINO_PSI,Arduino,0.000,0.000,12.899,,
19.067341,2026-03-10 17:57:35.991,ARDUINO_PSI,Arduino,0.000,0.000,12.895,,
19.166765,2026-03-10 17:57:36.090,ARDUINO_PSI,Arduino,0.000,0.000,12.893,,
19.267047,2026-03-10 17:57:36.190,ARDUINO_PSI,Arduino,0.000,0.000,12.893,,
19.367103,2026-03-10 17:57:36.290,ARDUINO_PSI,Arduino,0.000,0.000,12.890,,
19.413949,2026-03-10 17:57:36.337,WJ_VOLTAGE,WJ1,0.000,0.000,0,0,"HV=OFF, Fault=NO"
19.428877,2026-03-10 17:57:36.352,WJ_VOLTAGE,WJ2,0.000,0.000,0,0,"HV=OFF, Fault=NO"
19.467026,2026-03-10 17:57:36.390,ARDUINO_PSI,Arduino,0.000,0.000,12.888,,
19.566891,2026-03-10 17:57:36.490,ARDUINO_PSI,Arduino,0.000,0.000,12.881,,
19.667010,2026-03-10 17:57:36.590,ARDUINO_PSI,Arduino,0.000,0.000,12.874,,
19.767308,2026-03-10 17:57:36.691,ARDUINO_PSI,Arduino,0.000,0.000,12.877,,
19.867437,2026-03-10 17:57:36.791,ARDUINO_PSI,Arduino,0.000,0.000,12.877,,
19.945594,2026-03-10 17:57:36.869,WJ_VOLTAGE,WJ1,0.000,0.000,0,0,"HV=OFF, Fault=NO"
19.961091,2026-03-10 17:57:36.884,WJ_VOLTAGE,WJ2,0.000,0.000,0,0,"HV=OFF, Fault=NO"
19.966630,2026-03-10 17:57:36.890,ARDUINO_PSI,Arduino,0.000,0.000,12.877,,
20.066414,2026-03-10 17:57:36.990,ARDUINO_PSI,Arduino,0.000,0.000,12.881,,
20.166870,2026-03-10 17:57:37.090,ARDUINO_PSI,Arduino,0.000,0.000,12.870,,
20.267021,2026-03-10 17:57:37.190,ARDUINO_PSI,Arduino,0.000,0.000,12.856,,
20.366955,2026-03-10 17:57:37.290,ARDUINO_PSI,Arduino,0.000,0.000,12.863,,
20.467128,2026-03-10 17:57:37.391,ARDUINO_PSI,Arduino,0.000,0.000,12.865,,
20.474999,2026-03-10 17:57:37.398,WJ_VOLTAGE,WJ1,0.000,0.000,0,0,"HV=OFF, Fault=NO"
20.490493,2026-03-10 17:57:37.414,WJ_VOLTAGE,WJ2,0.000,0.000,0,0,"HV=OFF, Fault=NO"
20.566963,2026-03-10 17:57:37.490,ARDUINO_PSI,Arduino,0.000,0.000,12.861,,
20.666981,2026-03-10 17:57:37.590,ARDUINO_PSI,Arduino,0.000,0.000,12.861,,
20.767193,2026-03-10 17:57:37.691,ARDUINO_PSI,Arduino,0.000,0.000,12.863,,
20.866945,2026-03-10 17:57:37.790,ARDUINO_PSI,Arduino,0.000,0.000,12.861,,
20.966972,2026-03-10 17:57:37.890,ARDUINO_PSI,Arduino,0.000,0.000,12.847,,
21.005676,2026-03-10 17:57:37.929,WJ_VOLTAGE,WJ1,0.000,0.000,0,0,"HV=OFF, Fault=NO"
21.021483,2026-03-10 17:57:37.945,WJ_VOLTAGE,WJ2,0.000,0.000,0,0,"HV=OFF, Fault=NO"
21.067312,2026-03-10 17:57:37.991,ARDUINO_PSI,Arduino,0.000,0.000,12.838,,
21.167062,2026-03-10 17:57:38.090,ARDUINO_PSI,Arduino,0.000,0.000,12.851,,
21.266915,2026-03-10 17:57:38.190,ARDUINO_PSI,Arduino,0.000,0.000,12.854,,
21.366850,2026-03-10 17:57:38.290,ARDUINO_PSI,Arduino,0.000,0.000,12.849,,
21.467003,2026-03-10 17:57:38.390,ARDUINO_PSI,Arduino,0.000,0.000,12.851,,
21.533270,2026-03-10 17:57:38.457,WJ_VOLTAGE,WJ1,0.000,0.000,0,0,"HV=OFF, Fault=NO"
21.549202,2026-03-10 17:57:38.473,WJ_VOLTAGE,WJ2,0.000,0.000,0,0,"HV=OFF, Fault=NO"
21.567698,2026-03-10 17:57:38.491,ARDUINO_PSI,Arduino,0.000,0.000,12.854,,
21.666655,2026-03-10 17:57:38.590,ARDUINO_PSI,Arduino,0.000,0.000,12.858,,
21.766653,2026-03-10 17:57:38.690,ARDUINO_PSI,Arduino,0.000,0.000,12.854,,
21.866830,2026-03-10 17:57:38.790,ARDUINO_PSI,Arduino,0.000,0.000,12.865,,
21.968998,2026-03-10 17:57:38.892,ARDUINO_PSI,Arduino,0.000,0.000,12.867,,
22.064170,2026-03-10 17:57:38.988,WJ_VOLTAGE,WJ1,0.000,0.000,0,0,"HV=OFF, Fault=NO"
22.066209,2026-03-10 17:57:38.990,ARDUINO_PSI,Arduino,0.000,0.000,12.872,,
22.079302,2026-03-10 17:57:39.003,WJ_VOLTAGE,WJ2,0.000,0.000,0,0,"HV=OFF, Fault=NO"
22.167222,2026-03-10 17:57:39.091,ARDUINO_PSI,Arduino,0.000,0.000,12.881,,
22.267501,2026-03-10 17:57:39.191,ARDUINO_PSI,Arduino,0.000,0.000,12.879,,
22.367050,2026-03-10 17:57:39.290,ARDUINO_PSI,Arduino,0.000,0.000,12.879,,
22.466890,2026-03-10 17:57:39.390,ARDUINO_PSI,Arduino,0.000,0.000,12.886,,
22.566257,2026-03-10 17:57:39.490,ARDUINO_PSI,Arduino,0.000,0.000,12.881,,
22.593024,2026-03-10 17:57:39.516,WJ_VOLTAGE,WJ1,0.000,0.000,0,0,"HV=OFF, Fault=NO"
22.610170,2026-03-10 17:57:39.534,WJ_VOLTAGE,WJ2,0.000,0.000,0,0,"HV=OFF, Fault=NO"
22.666948,2026-03-10 17:57:39.590,ARDUINO_PSI,Arduino,0.000,0.000,12.881,,
22.874464,2026-03-10 17:57:39.798,WJ_COMMAND,WJ1,HV_ON,,,,HV_ON 
22.967272,2026-03-10 17:57:39.891,WJ_COMMAND,WJ2,HV_ON,,,,HV_ON 
22.968693,2026-03-10 17:57:39.892,ARDUINO_PSI,Arduino,0.000,0.000,12.881,,
22.973294,2026-03-10 17:57:39.897,WJ_VOLTAGE,WJ1,0.000,0.000,0,0,"HV=OFF, Fault=NO"
22.974604,2026-03-10 17:57:39.898,ARDUINO_PSI,Arduino,0.000,0.000,12.872,,
22.976849,2026-03-10 17:57:39.900,WJ_VOLTAGE,WJ2,0.000,0.000,0,0,"HV=OFF, Fault=NO"
22.977227,2026-03-10 17:57:39.901,ARDUINO_PSI,Arduino,0.000,0.000,12.883,,
23.066941,2026-03-10 17:57:39.990,ARDUINO_PSI,Arduino,0.000,0.000,12.888,,
23.167020,2026-03-10 17:57:40.090,ARDUINO_PSI,Arduino,0.000,0.000,12.879,,
23.267586,2026-03-10 17:57:40.191,ARDUINO_PSI,Arduino,0.000,0.000,12.870,,
23.367141,2026-03-10 17:57:40.291,ARDUINO_PSI,Arduino,0.000,0.000,12.881,,
23.466299,2026-03-10 17:57:40.390,ARDUINO_PSI,Arduino,0.000,0.000,12.877,,
23.567024,2026-03-10 17:57:40.490,ARDUINO_PSI,Arduino,0.000,0.000,12.879,,
23.666910,2026-03-10 17:57:40.590,ARDUINO_PSI,Arduino,0.000,0.000,12.874,,
23.766372,2026-03-10 17:57:40.690,ARDUINO_PSI,Arduino,0.000,0.000,12.881,,
23.867070,2026-03-10 17:57:40.790,ARDUINO_PSI,Arduino,0.000,0.000,12.867,,
23.967388,2026-03-10 17:57:40.891,ARDUINO_PSI,Arduino,0.000,0.000,12.861,,
24.060353,2026-03-10 17:57:40.984,WJ_VOLTAGE,WJ1,0.000,0.000,0,0,"HV=OFF, Fault=NO"
24.066921,2026-03-10 17:57:40.990,ARDUINO_PSI,Arduino,0.000,0.000,12.854,,
24.155499,2026-03-10 17:57:41.079,WJ_VOLTAGE,WJ2,0.000,0.000,0,0,"HV=OFF, Fault=NO"
24.166680,2026-03-10 17:57:41.090,ARDUINO_PSI,Arduino,0.000,0.000,12.861,,
24.267373,2026-03-10 17:57:41.191,ARDUINO_PSI,Arduino,0.000,0.000,12.865,,
24.366658,2026-03-10 17:57:41.290,ARDUINO_PSI,Arduino,0.000,0.000,12.870,,
24.466899,2026-03-10 17:57:41.390,ARDUINO_PSI,Arduino,0.000,0.000,12.865,,
24.566994,2026-03-10 17:57:41.490,ARDUINO_PSI,Arduino,0.000,0.000,12.870,,
24.589557,2026-03-10 17:57:41.513,WJ_VOLTAGE,WJ1,0.000,0.000,0,0,"HV=OFF, Fault=NO"
24.667077,2026-03-10 17:57:41.590,ARDUINO_PSI,Arduino,0.000,0.000,12.867,,
24.684428,2026-03-10 17:57:41.608,WJ_VOLTAGE,WJ2,0.000,0.006,0,0,"HV=OFF, Fault=NO"
24.767084,2026-03-10 17:57:41.690,ARDUINO_PSI,Arduino,0.000,0.000,12.867,,
24.866987,2026-03-10 17:57:41.790,ARDUINO_PSI,Arduino,0.000,0.000,12.872,,
24.968575,2026-03-10 17:57:41.892,ARDUINO_PSI,Arduino,0.000,0.000,12.872,,
25.067338,2026-03-10 17:57:41.991,ARDUINO_PSI,Arduino,0.000,0.000,12.870,,
25.120612,2026-03-10 17:57:42.044,WJ_VOLTAGE,WJ1,0.000,0.000,0,0,"HV=OFF, Fault=NO"
25.166971,2026-03-10 17:57:42.090,ARDUINO_PSI,Arduino,0.000,0.000,12.867,,
25.211615,2026-03-10 17:57:42.135,WJ_VOLTAGE,WJ2,0.000,0.000,0,0,"HV=OFF, Fault=NO"
25.266991,2026-03-10 17:57:42.190,ARDUINO_PSI,Arduino,0.000,0.000,12.867,,
25.367219,2026-03-10 17:57:42.291,ARDUINO_PSI,Arduino,0.000,0.000,12.874,,
25.467235,2026-03-10 17:57:42.391,ARDUINO_PSI,Arduino,0.000,0.000,12.865,,
25.567127,2026-03-10 17:57:42.491,ARDUINO_PSI,Arduino,0.000,0.000,12.865,,
25.649564,2026-03-10 17:57:42.573,WJ_VOLTAGE,WJ1,0.000,0.000,0,0,"HV=OFF, Fault=NO"
25.667154,2026-03-10 17:57:42.591,ARDUINO_PSI,Arduino,0.000,0.000,12.870,,
25.742439,2026-03-10 17:57:42.666,WJ_VOLTAGE,WJ2,0.000,0.000,0,0,"HV=OFF, Fault=NO"
25.766626,2026-03-10 17:57:42.690,ARDUINO_PSI,Arduino,0.000,0.000,12.858,,
25.867069,2026-03-10 17:57:42.790,ARDUINO_PSI,Arduino,0.000,0.000,12.851,,
25.967411,2026-03-10 17:57:42.891,ARDUINO_PSI,Arduino,0.000,0.000,12.858,,
26.067158,2026-03-10 17:57:42.991,ARDUINO_PSI,Arduino,0.000,0.000,12.861,,
26.167000,2026-03-10 17:57:43.090,ARDUINO_PSI,Arduino,0.000,0.000,12.854,,
26.176686,2026-03-10 17:57:43.100,WJ_VOLTAGE,WJ1,0.000,0.000,0,0,"HV=OFF, Fault=NO"
26.267011,2026-03-10 17:57:43.190,ARDUINO_PSI,Arduino,0.000,0.000,12.847,,
26.272103,2026-03-10 17:57:43.195,WJ_VOLTAGE,WJ2,0.000,0.000,0,0,"HV=OFF, Fault=NO"
26.366835,2026-03-10 17:57:43.290,ARDUINO_PSI,Arduino,0.000,0.000,12.845,,
26.466249,2026-03-10 17:57:43.390,ARDUINO_PSI,Arduino,0.000,0.000,12.842,,
26.567241,2026-03-10 17:57:43.491,ARDUINO_PSI,Arduino,0.000,0.000,12.842,,
26.667181,2026-03-10 17:57:43.591,ARDUINO_PSI,Arduino,0.000,0.000,12.845,,
26.709000,2026-03-10 17:57:43.632,WJ_VOLTAGE,WJ1,0.000,0.000,0,0,"HV=OFF, Fault=NO"
26.767023,2026-03-10 17:57:43.690,ARDUINO_PSI,Arduino,0.000,0.000,12.847,,
26.802584,2026-03-10 17:57:43.726,WJ_VOLTAGE,WJ2,0.000,0.000,0,0,"HV=OFF, Fault=NO"
26.866928,2026-03-10 17:57:43.790,ARDUINO_PSI,Arduino,0.000,0.000,12.854,,
26.966565,2026-03-10 17:57:43.890,ARDUINO_PSI,Arduino,0.000,0.000,12.861,,
27.066940,2026-03-10 17:57:43.990,ARDUINO_PSI,Arduino,0.000,0.000,12.858,,
27.167235,2026-03-10 17:57:44.091,ARDUINO_PSI,Arduino,0.000,0.000,12.863,,
27.238727,2026-03-10 17:57:44.162,WJ_VOLTAGE,WJ1,0.000,0.000,0,0,"HV=OFF, Fault=NO"
27.266965,2026-03-10 17:57:44.190,ARDUINO_PSI,Arduino,0.000,0.000,12.861,,
27.332576,2026-03-10 17:57:44.256,WJ_VOLTAGE,WJ2,0.000,0.000,0,0,"HV=OFF, Fault=NO"
27.367058,2026-03-10 17:57:44.290,ARDUINO_PSI,Arduino,0.000,0.000,12.849,,
27.467058,2026-03-10 17:57:44.390,ARDUINO_PSI,Arduino,0.000,0.000,12.863,,
27.567515,2026-03-10 17:57:44.491,ARDUINO_PSI,Arduino,0.000,0.000,12.861,,
27.667052,2026-03-10 17:57:44.590,ARDUINO_PSI,Arduino,0.000,0.000,12.874,,
27.767144,2026-03-10 17:57:44.691,ARDUINO_PSI,Arduino,0.000,0.000,12.890,,
27.768839,2026-03-10 17:57:44.692,WJ_VOLTAGE,WJ1,0.000,0.000,0,0,"HV=OFF, Fault=NO"
27.865152,2026-03-10 17:57:44.789,WJ_VOLTAGE,WJ2,0.000,0.000,0,0,"HV=OFF, Fault=NO"
27.870418,2026-03-10 17:57:44.794,ARDUINO_PSI,Arduino,0.000,0.000,12.897,,
27.967186,2026-03-10 17:57:44.891,ARDUINO_PSI,Arduino,0.000,0.000,12.897,,
28.066989,2026-03-10 17:57:44.990,ARDUINO_PSI,Arduino,0.000,0.000,12.904,,
28.167032,2026-03-10 17:57:45.090,ARDUINO_PSI,Arduino,0.000,0.000,12.904,,
28.267714,2026-03-10 17:57:45.191,ARDUINO_PSI,Arduino,0.000,0.000,12.909,,
28.300324,2026-03-10 17:57:45.224,WJ_VOLTAGE,WJ1,0.000,0.000,0,0,"HV=OFF, Fault=NO"
28.366986,2026-03-10 17:57:45.290,ARDUINO_PSI,Arduino,0.000,0.000,12.906,,
28.393749,2026-03-10 17:57:45.317,WJ_VOLTAGE,WJ2,0.000,0.000,0,0,"HV=OFF, Fault=NO"
28.466983,2026-03-10 17:57:45.390,ARDUINO_PSI,Arduino,0.000,0.000,12.906,,
28.566232,2026-03-10 17:57:45.490,ARDUINO_PSI,Arduino,0.000,0.000,12.904,,
28.666941,2026-03-10 17:57:45.590,ARDUINO_PSI,Arduino,0.000,0.000,12.904,,
28.767184,2026-03-10 17:57:45.691,ARDUINO_PSI,Arduino,0.000,0.000,12.906,,
28.830269,2026-03-10 17:57:45.754,WJ_VOLTAGE,WJ1,0.000,0.000,0,0,"HV=OFF, Fault=NO"
28.867025,2026-03-10 17:57:45.790,ARDUINO_PSI,Arduino,0.000,0.000,12.902,,
28.923759,2026-03-10 17:57:45.847,WJ_VOLTAGE,WJ2,0.000,0.000,0,0,"HV=OFF, Fault=NO"
28.967102,2026-03-10 17:57:45.890,ARDUINO_PSI,Arduino,0.000,0.000,12.893,,
29.067088,2026-03-10 17:57:45.990,ARDUINO_PSI,Arduino,0.000,0.000,12.899,,
29.166431,2026-03-10 17:57:46.090,ARDUINO_PSI,Arduino,0.000,0.000,12.893,,
29.267009,2026-03-10 17:57:46.190,ARDUINO_PSI,Arduino,0.000,0.000,12.899,,
29.359031,2026-03-10 17:57:46.282,WJ_VOLTAGE,WJ1,0.000,0.000,0,0,"HV=OFF, Fault=NO"
29.366907,2026-03-10 17:57:46.290,ARDUINO_PSI,Arduino,0.000,0.000,12.918,,
29.452496,2026-03-10 17:57:46.376,WJ_VOLTAGE,WJ2,0.000,0.000,0,0,"HV=OFF, Fault=NO"
29.468392,2026-03-10 17:57:46.392,ARDUINO_PSI,Arduino,0.000,0.000,12.915,,
29.566947,2026-03-10 17:57:46.490,ARDUINO_PSI,Arduino,0.000,0.000,12.918,,
29.667170,2026-03-10 17:57:46.591,ARDUINO_PSI,Arduino,0.000,0.000,12.899,,
29.767016,2026-03-10 17:57:46.690,ARDUINO_PSI,Arduino,0.000,0.000,12.893,,
29.867129,2026-03-10 17:57:46.791,ARDUINO_PSI,Arduino,0.000,0.000,12.883,,
29.889052,2026-03-10 17:57:46.812,WJ_VOLTAGE,WJ1,0.000,0.000,0,0,"HV=OFF, Fault=NO"
29.967382,2026-03-10 17:57:46.891,ARDUINO_PSI,Arduino,0.000,0.000,12.879,,
29.983383,2026-03-10 17:57:46.907,WJ_VOLTAGE,WJ2,0.000,0.000,0,0,"HV=OFF, Fault=NO"
30.066980,2026-03-10 17:57:46.990,ARDUINO_PSI,Arduino,0.000,0.000,12.877,,
30.166353,2026-03-10 17:57:47.090,ARDUINO_PSI,Arduino,0.000,0.000,12.870,,
30.266924,2026-03-10 17:57:47.190,ARDUINO_PSI,Arduino,0.000,0.000,12.870,,
30.512277,2026-03-10 17:57:47.436,WJ_COMMAND,WJ1,HV_ON,,,,HV_ON 
30.591575,2026-03-10 17:57:47.515,WJ_COMMAND,WJ2,HV_ON,,,,HV_ON 
30.592956,2026-03-10 17:57:47.516,ARDUINO_PSI,Arduino,0.000,0.000,12.870,,
30.597589,2026-03-10 17:57:47.521,WJ_VOLTAGE,WJ1,0.000,0.000,0,0,"HV=OFF, Fault=NO"
30.598870,2026-03-10 17:57:47.522,ARDUINO_PSI,Arduino,0.000,0.000,12.877,,
30.600238,2026-03-10 17:57:47.524,WJ_VOLTAGE,WJ2,0.000,0.000,0,0,"HV=OFF, Fault=NO"
30.600631,2026-03-10 17:57:47.524,ARDUINO_PSI,Arduino,0.000,0.000,12.881,,
30.666357,2026-03-10 17:57:47.590,ARDUINO_PSI,Arduino,0.000,0.000,12.879,,
30.766819,2026-03-10 17:57:47.690,ARDUINO_PSI,Arduino,0.000,0.000,12.883,,
30.867043,2026-03-10 17:57:47.790,ARDUINO_PSI,Arduino,0.000,0.000,12.886,,
30.967220,2026-03-10 17:57:47.891,ARDUINO_PSI,Arduino,0.000,0.000,12.893,,
31.047390,2026-03-10 17:57:47.971,WJ_VOLTAGE,WJ2,0.000,0.000,0,0,"HV=OFF, Fault=NO"
31.066785,2026-03-10 17:57:47.990,ARDUINO_PSI,Arduino,0.000,0.000,12.879,,
31.167672,2026-03-10 17:57:48.091,ARDUINO_PSI,Arduino,0.000,0.000,12.883,,
31.266827,2026-03-10 17:57:48.190,ARDUINO_PSI,Arduino,0.000,0.000,12.874,,
31.366548,2026-03-10 17:57:48.290,ARDUINO_PSI,Arduino,0.000,0.000,12.856,,
31.467236,2026-03-10 17:57:48.391,ARDUINO_PSI,Arduino,0.000,0.000,12.847,,
31.482088,2026-03-10 17:57:48.405,WJ_VOLTAGE,WJ1,0.000,0.000,0,0,"HV=OFF, Fault=NO"
31.566962,2026-03-10 17:57:48.490,ARDUINO_PSI,Arduino,0.000,0.000,12.819,,
31.575199,2026-03-10 17:57:48.499,WJ_VOLTAGE,WJ2,0.000,0.000,0,0,"HV=OFF, Fault=NO"
31.667094,2026-03-10 17:57:48.590,ARDUINO_PSI,Arduino,0.000,0.000,12.828,,
31.766833,2026-03-10 17:57:48.690,ARDUINO_PSI,Arduino,0.000,0.000,12.826,,
31.866844,2026-03-10 17:57:48.790,ARDUINO_PSI,Arduino,0.000,0.000,12.838,,
32.038170,2026-03-10 17:57:48.962,WJ_COMMAND,WJ1,SET_PROGRAM,5.0kV_2.0mA,,,SET_PROGRAM 5.0kV_2.0mA
32.130345,2026-03-10 17:57:49.054,WJ_COMMAND,WJ2,SET_PROGRAM,5.0kV_2.0mA,,,SET_PROGRAM 5.0kV_2.0mA
32.133404,2026-03-10 17:57:49.057,WJ_VOLTAGE,WJ1,0.000,0.000,0,0,"HV=OFF, Fault=NO"
32.134873,2026-03-10 17:57:49.058,ARDUINO_PSI,Arduino,0.000,0.000,12.842,,
32.139503,2026-03-10 17:57:49.063,WJ_VOLTAGE,WJ2,0.000,0.000,0,0,"HV=OFF, Fault=NO"
32.140455,2026-03-10 17:57:49.064,ARDUINO_PSI,Arduino,0.000,0.000,12.840,,
32.166884,2026-03-10 17:57:49.090,ARDUINO_PSI,Arduino,0.000,0.000,12.842,,
32.266469,2026-03-10 17:57:49.190,ARDUINO_PSI,Arduino,0.000,0.000,12.840,,
32.367150,2026-03-10 17:57:49.291,ARDUINO_PSI,Arduino,0.000,0.000,12.845,,
32.466723,2026-03-10 17:57:49.390,ARDUINO_PSI,Arduino,0.000,0.000,12.833,,
32.491417,2026-03-10 17:57:49.415,WJ_VOLTAGE,WJ1,0.000,0.211,0,0,"HV=OFF, Fault=NO"
32.566708,2026-03-10 17:57:49.490,ARDUINO_PSI,Arduino,0.000,0.000,12.831,,
32.584687,2026-03-10 17:57:49.508,WJ_VOLTAGE,WJ2,0.196,0.956,0,0,"HV=OFF, Fault=NO"
32.667204,2026-03-10 17:57:49.591,ARDUINO_PSI,Arduino,0.000,0.000,12.828,,
32.914144,2026-03-10 17:57:49.838,WJ_COMMAND,WJ1,HV_ON,,,,HV_ON 
33.008182,2026-03-10 17:57:49.932,WJ_COMMAND,WJ2,HV_ON,,,,HV_ON 
33.008943,2026-03-10 17:57:49.932,ARDUINO_PSI,Arduino,0.000,0.000,12.822,,
33.010406,2026-03-10 17:57:49.934,WJ_VOLTAGE,WJ1,1.955,2.000,0,0,"HV=OFF, Fault=NO"
33.010843,2026-03-10 17:57:49.934,ARDUINO_PSI,Arduino,0.000,0.000,12.824,,
33.012340,2026-03-10 17:57:49.936,WJ_VOLTAGE,WJ2,2.053,2.000,0,0,"HV=OFF, Fault=NO"
33.012710,2026-03-10 17:57:49.936,ARDUINO_PSI,Arduino,0.000,0.000,12.822,,
33.067016,2026-03-10 17:57:49.990,ARDUINO_PSI,Arduino,0.000,0.000,12.838,,
33.167154,2026-03-10 17:57:50.091,ARDUINO_PSI,Arduino,0.000,0.000,12.840,,
33.266917,2026-03-10 17:57:50.190,ARDUINO_PSI,Arduino,0.000,0.000,12.851,,
33.368981,2026-03-10 17:57:50.292,WJ_VOLTAGE,WJ1,2.737,2.000,0,0,"HV=OFF, Fault=NO"
33.370805,2026-03-10 17:57:50.294,ARDUINO_PSI,Arduino,0.000,0.000,12.858,,
33.461126,2026-03-10 17:57:50.385,WJ_VOLTAGE,WJ2,3.030,2.000,0,0,"HV=OFF, Fault=NO"
33.466323,2026-03-10 17:57:50.390,ARDUINO_PSI,Arduino,0.000,0.000,12.867,,
33.567039,2026-03-10 17:57:50.490,ARDUINO_PSI,Arduino,0.000,0.000,12.893,,
33.667699,2026-03-10 17:57:50.591,ARDUINO_PSI,Arduino,0.000,0.000,12.886,,
33.766678,2026-03-10 17:57:50.690,ARDUINO_PSI,Arduino,0.000,0.000,12.886,,
33.866646,2026-03-10 17:57:50.790,ARDUINO_PSI,Arduino,0.000,0.000,12.890,,
33.898067,2026-03-10 17:57:50.821,WJ_VOLTAGE,WJ1,4.008,2.000,0,0,"HV=OFF, Fault=NO"
33.966903,2026-03-10 17:57:50.890,ARDUINO_PSI,Arduino,0.000,0.000,12.888,,
33.990655,2026-03-10 17:57:50.914,WJ_VOLTAGE,WJ2,4.399,2.000,0,0,"HV=OFF, Fault=NO"
34.067796,2026-03-10 17:57:50.991,ARDUINO_PSI,Arduino,0.000,0.000,12.899,,
34.166904,2026-03-10 17:57:51.090,ARDUINO_PSI,Arduino,0.000,0.000,12.902,,
34.266880,2026-03-10 17:57:51.190,ARDUINO_PSI,Arduino,0.000,0.000,12.909,,
34.367560,2026-03-10 17:57:51.291,ARDUINO_PSI,Arduino,0.000,0.000,12.913,,
34.426507,2026-03-10 17:57:51.350,WJ_VOLTAGE,WJ1,4.985,1.109,0,0,"HV=OFF, Fault=NO"
34.466970,2026-03-10 17:57:51.390,ARDUINO_PSI,Arduino,0.000,0.000,12.925,,
34.519884,2026-03-10 17:57:51.443,WJ_VOLTAGE,WJ2,4.985,0.686,0,0,"HV=OFF, Fault=NO"
34.566677,2026-03-10 17:57:51.490,ARDUINO_PSI,Arduino,0.000,0.000,12.938,,
34.667864,2026-03-10 17:57:51.591,ARDUINO_PSI,Arduino,0.000,0.000,12.943,,
34.767354,2026-03-10 17:57:51.691,ARDUINO_PSI,Arduino,0.000,0.000,12.947,,
34.866968,2026-03-10 17:57:51.790,ARDUINO_PSI,Arduino,0.000,0.000,12.957,,
34.943376,2026-03-10 17:57:51.867,WJ_VOLTAGE,WJ1,4.985,0.299,0,0,"HV=OFF, Fault=NO"
34.966455,2026-03-10 17:57:51.890,ARDUINO_PSI,Arduino,0.000,0.000,12.950,,
35.053642,2026-03-10 17:57:51.977,WJ_VOLTAGE,WJ2,4.985,0.188,0,0,"HV=OFF, Fault=NO"
35.067027,2026-03-10 17:57:51.990,ARDUINO_PSI,Arduino,0.000,0.000,12.943,,
35.166319,2026-03-10 17:57:52.090,ARDUINO_PSI,Arduino,0.000,0.000,12.945,,
35.266876,2026-03-10 17:57:52.190,ARDUINO_PSI,Arduino,0.000,0.000,12.941,,
35.367042,2026-03-10 17:57:52.290,ARDUINO_PSI,Arduino,0.000,0.000,12.934,,
35.469070,2026-03-10 17:57:52.392,ARDUINO_PSI,Arduino,0.000,0.000,12.927,,
35.471658,2026-03-10 17:57:52.395,WJ_VOLTAGE,WJ1,4.985,0.088,0,0,"HV=OFF, Fault=NO"
35.567005,2026-03-10 17:57:52.490,ARDUINO_PSI,Arduino,0.000,0.000,12.934,,
35.581548,2026-03-10 17:57:52.505,WJ_VOLTAGE,WJ2,4.985,0.053,0,0,"HV=OFF, Fault=NO"
35.667118,2026-03-10 17:57:52.591,ARDUINO_PSI,Arduino,0.000,0.000,12.950,,
35.767032,2026-03-10 17:57:52.690,ARDUINO_PSI,Arduino,0.000,0.000,12.952,,
35.866268,2026-03-10 17:57:52.790,ARDUINO_PSI,Arduino,0.000,0.000,12.941,,
35.966586,2026-03-10 17:57:52.890,ARDUINO_PSI,Arduino,0.000,0.000,12.943,,
36.003809,2026-03-10 17:57:52.927,WJ_VOLTAGE,WJ1,4.985,0.035,0,0,"HV=OFF, Fault=NO"
36.067304,2026-03-10 17:57:52.991,ARDUINO_PSI,Arduino,0.000,0.000,12.931,,
36.114402,2026-03-10 17:57:53.038,WJ_VOLTAGE,WJ2,4.985,0.029,0,0,"HV=OFF, Fault=NO"
36.167103,2026-03-10 17:57:53.090,ARDUINO_PSI,Arduino,0.000,0.000,12.938,,
36.267753,2026-03-10 17:57:53.191,ARDUINO_PSI,Arduino,0.000,0.000,12.934,,
36.366925,2026-03-10 17:57:53.290,ARDUINO_PSI,Arduino,0.000,0.000,12.931,,
36.468152,2026-03-10 17:57:53.392,ARDUINO_PSI,Arduino,0.000,0.000,12.922,,
36.531052,2026-03-10 17:57:53.454,WJ_VOLTAGE,WJ1,4.985,0.018,0,0,"HV=OFF, Fault=NO"
36.567369,2026-03-10 17:57:53.491,ARDUINO_PSI,Arduino,0.000,0.000,12.922,,
36.640786,2026-03-10 17:57:53.564,WJ_VOLTAGE,WJ2,4.985,0.018,0,0,"HV=OFF, Fault=NO"
36.666407,2026-03-10 17:57:53.590,ARDUINO_PSI,Arduino,0.000,0.000,12.913,,
36.766444,2026-03-10 17:57:53.690,ARDUINO_PSI,Arduino,0.000,0.000,12.918,,
36.867018,2026-03-10 17:57:53.790,ARDUINO_PSI,Arduino,0.000,0.000,12.909,,
36.967232,2026-03-10 17:57:53.891,ARDUINO_PSI,Arduino,0.000,0.000,12.918,,
37.062004,2026-03-10 17:57:53.985,WJ_VOLTAGE,WJ1,4.985,0.012,0,0,"HV=OFF, Fault=NO"
37.066439,2026-03-10 17:57:53.990,ARDUINO_PSI,Arduino,0.000,0.000,12.915,,
37.166905,2026-03-10 17:57:54.090,ARDUINO_PSI,Arduino,0.000,0.000,12.918,,
37.171910,2026-03-10 17:57:54.095,WJ_VOLTAGE,WJ2,4.985,0.012,0,0,"HV=OFF, Fault=NO"
37.266936,2026-03-10 17:57:54.190,ARDUINO_PSI,Arduino,0.000,0.000,12.925,,
37.367034,2026-03-10 17:57:54.290,ARDUINO_PSI,Arduino,0.000,0.000,12.927,,
37.466752,2026-03-10 17:57:54.390,ARDUINO_PSI,Arduino,0.000,0.000,12.936,,
37.567018,2026-03-10 17:57:54.490,ARDUINO_PSI,Arduino,0.000,0.000,12.941,,
37.591633,2026-03-10 17:57:54.515,WJ_VOLTAGE,WJ1,4.985,0.012,0,0,"HV=OFF, Fault=NO"
37.667976,2026-03-10 17:57:54.591,ARDUINO_PSI,Arduino,0.000,0.000,12.920,,
37.696605,2026-03-10 17:57:54.620,WJ_VOLTAGE,WJ2,4.985,0.012,0,0,"HV=OFF, Fault=NO"
37.766810,2026-03-10 17:57:54.690,ARDUINO_PSI,Arduino,0.000,0.000,12.922,,
37.867238,2026-03-10 17:57:54.791,ARDUINO_PSI,Arduino,0.000,0.000,12.920,,
37.967397,2026-03-10 17:57:54.891,ARDUINO_PSI,Arduino,0.000,0.000,12.927,,
38.067689,2026-03-10 17:57:54.991,ARDUINO_PSI,Arduino,0.000,0.000,12.931,,
38.118640,2026-03-10 17:57:55.042,WJ_VOLTAGE,WJ1,4.985,0.012,0,0,"HV=OFF, Fault=NO"
38.166971,2026-03-10 17:57:55.090,ARDUINO_PSI,Arduino,0.000,0.000,12.925,,
38.227642,2026-03-10 17:57:55.151,WJ_VOLTAGE,WJ2,4.985,0.012,0,0,"HV=OFF, Fault=NO"
38.266865,2026-03-10 17:57:55.190,ARDUINO_PSI,Arduino,0.000,0.000,12.927,,
38.367587,2026-03-10 17:57:55.291,ARDUINO_PSI,Arduino,0.000,0.000,12.915,,
38.467332,2026-03-10 17:57:55.391,ARDUINO_PSI,Arduino,0.000,0.000,12.922,,
38.566826,2026-03-10 17:57:55.490,ARDUINO_PSI,Arduino,0.000,0.000,12.904,,
38.651878,2026-03-10 17:57:55.575,WJ_VOLTAGE,WJ1,4.985,0.012,0,0,"HV=OFF, Fault=NO"
38.667210,2026-03-10 17:57:55.591,ARDUINO_PSI,Arduino,0.000,0.000,12.902,,
38.759100,2026-03-10 17:57:55.682,WJ_VOLTAGE,WJ2,4.985,0.006,0,0,"HV=OFF, Fault=NO"
38.766778,2026-03-10 17:57:55.690,ARDUINO_PSI,Arduino,0.000,0.000,12.893,,
38.868119,2026-03-10 17:57:55.792,ARDUINO_PSI,Arduino,0.000,0.000,12.879,,
38.967515,2026-03-10 17:57:55.891,ARDUINO_PSI,Arduino,0.000,0.000,12.865,,
39.067241,2026-03-10 17:57:55.991,ARDUINO_PSI,Arduino,0.000,0.000,12.867,,
39.166203,2026-03-10 17:57:56.090,ARDUINO_PSI,Arduino,0.000,0.000,12.861,,
39.179536,2026-03-10 17:57:56.103,WJ_VOLTAGE,WJ1,4.985,0.012,0,0,"HV=OFF, Fault=NO"
39.267132,2026-03-10 17:57:56.191,ARDUINO_PSI,Arduino,0.000,0.000,12.858,,
39.288545,2026-03-10 17:57:56.212,WJ_VOLTAGE,WJ2,4.985,0.006,0,0,"HV=OFF, Fault=NO"
39.367596,2026-03-10 17:57:56.291,ARDUINO_PSI,Arduino,0.000,0.000,12.865,,
39.467085,2026-03-10 17:57:56.390,ARDUINO_PSI,Arduino,0.000,0.000,12.863,,
39.567128,2026-03-10 17:57:56.491,ARDUINO_PSI,Arduino,0.000,0.000,12.849,,
39.667303,2026-03-10 17:57:56.591,ARDUINO_PSI,Arduino,0.000,0.000,12.847,,
39.709787,2026-03-10 17:57:56.633,WJ_VOLTAGE,WJ1,4.985,0.006,0,0,"HV=OFF, Fault=NO"
39.767133,2026-03-10 17:57:56.691,ARDUINO_PSI,Arduino,0.000,0.000,12.854,,
39.819291,2026-03-10 17:57:56.743,WJ_VOLTAGE,WJ2,4.985,0.006,0,0,"HV=OFF, Fault=NO"
39.866916,2026-03-10 17:57:56.790,ARDUINO_PSI,Arduino,0.000,0.000,12.861,,
39.966962,2026-03-10 17:57:56.890,ARDUINO_PSI,Arduino,0.000,0.000,12.851,,
40.068094,2026-03-10 17:57:56.991,ARDUINO_PSI,Arduino,0.000,0.000,12.858,,
40.168146,2026-03-10 17:57:57.092,ARDUINO_PSI,Arduino,0.000,0.000,12.851,,
40.238792,2026-03-10 17:57:57.162,WJ_VOLTAGE,WJ1,4.985,0.006,0,0,"HV=OFF, Fault=NO"
40.266923,2026-03-10 17:57:57.190,ARDUINO_PSI,Arduino,0.000,0.000,12.838,,
40.351966,2026-03-10 17:57:57.275,WJ_VOLTAGE,WJ2,4.985,0.006,0,0,"HV=OFF, Fault=NO"
40.367140,2026-03-10 17:57:57.291,ARDUINO_PSI,Arduino,0.000,0.000,12.840,,
40.467622,2026-03-10 17:57:57.391,ARDUINO_PSI,Arduino,0.000,0.000,12.838,,
40.566969,2026-03-10 17:57:57.490,ARDUINO_PSI,Arduino,0.000,0.000,12.840,,
40.667132,2026-03-10 17:57:57.591,ARDUINO_PSI,Arduino,0.000,0.000,12.847,,
40.766706,2026-03-10 17:57:57.690,ARDUINO_PSI,Arduino,0.000,0.000,12.849,,
40.782414,2026-03-10 17:57:57.706,WJ_VOLTAGE,WJ1,4.985,0.006,0,0,"HV=OFF, Fault=NO"
40.867021,2026-03-10 17:57:57.790,ARDUINO_PSI,Arduino,0.000,0.000,12.856,,
40.875875,2026-03-10 17:57:57.799,WJ_VOLTAGE,WJ2,4.985,0.006,0,0,"HV=OFF, Fault=NO"
40.968129,2026-03-10 17:57:57.892,ARDUINO_PSI,Arduino,0.000,0.000,12.858,,
41.066747,2026-03-10 17:57:57.990,ARDUINO_PSI,Arduino,0.000,0.000,12.863,,
41.166712,2026-03-10 17:57:58.090,ARDUINO_PSI,Arduino,0.000,0.000,12.861,,
41.266231,2026-03-10 17:57:58.190,ARDUINO_PSI,Arduino,0.000,0.000,12.856,,
41.311235,2026-03-10 17:57:58.235,WJ_VOLTAGE,WJ1,4.985,0.006,0,0,"HV=OFF, Fault=NO"
41.366972,2026-03-10 17:57:58.290,ARDUINO_PSI,Arduino,0.000,0.000,12.861,,
41.422030,2026-03-10 17:57:58.345,WJ_VOLTAGE,WJ2,4.985,0.006,0,0,"HV=OFF, Fault=NO"
41.466953,2026-03-10 17:57:58.390,ARDUINO_PSI,Arduino,0.000,0.000,12.856,,
41.567054,2026-03-10 17:57:58.490,ARDUINO_PSI,Arduino,0.000,0.000,12.870,,
41.667985,2026-03-10 17:57:58.591,ARDUINO_PSI,Arduino,0.000,0.000,12.886,,
41.767116,2026-03-10 17:57:58.691,ARDUINO_PSI,Arduino,0.000,0.000,12.874,,
41.840137,2026-03-10 17:57:58.764,WJ_VOLTAGE,WJ1,4.985,0.006,0,0,"HV=OFF, Fault=NO"
41.866977,2026-03-10 17:57:58.790,ARDUINO_PSI,Arduino,0.000,0.000,12.874,,
41.948916,2026-03-10 17:57:58.872,WJ_VOLTAGE,WJ2,4.985,0.006,0,0,"HV=OFF, Fault=NO"
41.966780,2026-03-10 17:57:58.890,ARDUINO_PSI,Arduino,0.000,0.000,12.872,,
42.067164,2026-03-10 17:57:58.991,ARDUINO_PSI,Arduino,0.000,0.000,12.867,,
42.167280,2026-03-10 17:57:59.091,ARDUINO_PSI,Arduino,0.000,0.000,12.874,,
42.266996,2026-03-10 17:57:59.190,ARDUINO_PSI,Arduino,0.000,0.000,12.886,,
42.366370,2026-03-10 17:57:59.290,ARDUINO_PSI,Arduino,0.000,0.000,12.888,,
42.368928,2026-03-10 17:57:59.292,WJ_VOLTAGE,WJ1,4.985,0.006,0,0,"HV=OFF, Fault=NO"
42.467153,2026-03-10 17:57:59.391,ARDUINO_PSI,Arduino,0.000,0.000,12.895,,
42.475448,2026-03-10 17:57:59.399,WJ_VOLTAGE,WJ2,4.985,0.006,0,0,"HV=OFF, Fault=NO"
42.568309,2026-03-10 17:57:59.492,ARDUINO_PSI,Arduino,0.000,0.000,12.902,,
42.666347,2026-03-10 17:57:59.590,ARDUINO_PSI,Arduino,0.000,0.000,12.906,,
42.766500,2026-03-10 17:57:59.690,ARDUINO_PSI,Arduino,0.000,0.000,12.902,,
42.866244,2026-03-10 17:57:59.790,ARDUINO_PSI,Arduino,0.000,0.000,12.904,,
42.894759,2026-03-10 17:57:59.818,WJ_VOLTAGE,WJ1,4.985,0.006,0,0,"HV=OFF, Fault=NO"
42.966299,2026-03-10 17:57:59.890,ARDUINO_PSI,Arduino,0.000,0.000,12.906,,
43.005306,2026-03-10 17:57:59.929,WJ_VOLTAGE,WJ2,4.985,0.006,0,0,"HV=OFF, Fault=NO"
43.067146,2026-03-10 17:57:59.991,ARDUINO_PSI,Arduino,0.000,0.000,12.904,,
43.167227,2026-03-10 17:58:00.091,ARDUINO_PSI,Arduino,0.000,0.000,12.904,,
43.267217,2026-03-10 17:58:00.191,ARDUINO_PSI,Arduino,0.000,0.000,12.899,,
43.366903,2026-03-10 17:58:00.290,ARDUINO_PSI,Arduino,0.000,0.000,12.888,,
43.426943,2026-03-10 17:58:00.350,WJ_VOLTAGE,WJ1,4.985,0.006,0,0,"HV=OFF, Fault=NO"
43.467406,2026-03-10 17:58:00.391,ARDUINO_PSI,Arduino,0.000,0.000,12.893,,
43.535962,2026-03-10 17:58:00.459,WJ_VOLTAGE,WJ2,4.985,0.006,0,0,"HV=OFF, Fault=NO"
43.566872,2026-03-10 17:58:00.490,ARDUINO_PSI,Arduino,0.000,0.000,12.886,,
43.666944,2026-03-10 17:58:00.590,ARDUINO_PSI,Arduino,0.000,0.000,12.881,,
43.767731,2026-03-10 17:58:00.691,ARDUINO_PSI,Arduino,0.000,0.000,12.881,,
43.866648,2026-03-10 17:58:00.790,ARDUINO_PSI,Arduino,0.000,0.000,12.881,,
43.957253,2026-03-10 17:58:00.881,WJ_VOLTAGE,WJ1,4.985,0.006,0,0,"HV=OFF, Fault=NO"
43.966783,2026-03-10 17:58:00.890,ARDUINO_PSI,Arduino,0.000,0.000,12.888,,
44.066302,2026-03-10 17:58:00.990,WJ_VOLTAGE,WJ2,4.985,0.006,0,0,"HV=OFF, Fault=NO"
44.069957,2026-03-10 17:58:00.993,ARDUINO_PSI,Arduino,0.000,0.000,12.879,,
44.167080,2026-03-10 17:58:01.090,ARDUINO_PSI,Arduino,0.000,0.000,12.886,,
44.268023,2026-03-10 17:58:01.191,ARDUINO_PSI,Arduino,0.000,0.000,12.883,,
44.367988,2026-03-10 17:58:01.291,ARDUINO_PSI,Arduino,0.000,0.000,12.879,,
44.467617,2026-03-10 17:58:01.391,ARDUINO_PSI,Arduino,0.000,0.000,12.881,,
44.485315,2026-03-10 17:58:01.409,WJ_VOLTAGE,WJ1,4.985,0.006,0,0,"HV=OFF, Fault=NO"
44.566238,2026-03-10 17:58:01.490,ARDUINO_PSI,Arduino,0.000,0.000,12.872,,
44.593372,2026-03-10 17:58:01.517,WJ_VOLTAGE,WJ2,4.985,0.000,0,0,"HV=OFF, Fault=NO"
44.667476,2026-03-10 17:58:01.591,ARDUINO_PSI,Arduino,0.000,0.000,12.872,,
44.766533,2026-03-10 17:58:01.690,ARDUINO_PSI,Arduino,0.000,0.000,12.877,,
44.866931,2026-03-10 17:58:01.790,ARDUINO_PSI,Arduino,0.000,0.000,12.881,,
44.967027,2026-03-10 17:58:01.890,ARDUINO_PSI,Arduino,0.000,0.000,12.877,,
45.017356,2026-03-10 17:58:01.941,WJ_VOLTAGE,WJ1,4.985,0.006,0,0,"HV=OFF, Fault=NO"
45.066946,2026-03-10 17:58:01.990,ARDUINO_PSI,Arduino,0.000,0.000,12.872,,
45.123456,2026-03-10 17:58:02.047,WJ_VOLTAGE,WJ2,4.985,0.006,0,0,"HV=OFF, Fault=NO"
45.167005,2026-03-10 17:58:02.090,ARDUINO_PSI,Arduino,0.000,0.000,12.877,,
45.267101,2026-03-10 17:58:02.190,ARDUINO_PSI,Arduino,0.000,0.000,12.872,,
45.366166,2026-03-10 17:58:02.290,ARDUINO_PSI,Arduino,0.000,0.000,12.870,,
45.467365,2026-03-10 17:58:02.391,ARDUINO_PSI,Arduino,0.000,0.000,12.870,,
45.544072,2026-03-10 17:58:02.467,WJ_VOLTAGE,WJ1,4.985,0.006,0,0,"HV=OFF, Fault=NO"
45.566884,2026-03-10 17:58:02.490,ARDUINO_PSI,Arduino,0.000,0.000,12.874,,
45.653122,2026-03-10 17:58:02.576,WJ_VOLTAGE,WJ2,4.985,0.006,0,0,"HV=OFF, Fault=NO"
45.666894,2026-03-10 17:58:02.590,ARDUINO_PSI,Arduino,0.000,0.000,12.877,,
45.767044,2026-03-10 17:58:02.690,ARDUINO_PSI,Arduino,0.000,0.000,12.872,,
45.866988,2026-03-10 17:58:02.790,ARDUINO_PSI,Arduino,0.000,0.000,12.879,,
45.967171,2026-03-10 17:58:02.891,ARDUINO_PSI,Arduino,0.000,0.000,12.883,,
46.066931,2026-03-10 17:58:02.990,ARDUINO_PSI,Arduino,0.000,0.000,12.883,,
46.076613,2026-03-10 17:58:03.000,WJ_VOLTAGE,WJ1,4.985,0.006,0,0,"HV=OFF, Fault=NO"
46.292841,2026-03-10 17:58:03.216,WJ_COMMAND,WJ1,HV_OFF,,,,HV_OFF 
46.385725,2026-03-10 17:58:03.309,WJ_COMMAND,WJ2,HV_OFF,,,,HV_OFF 
46.387286,2026-03-10 17:58:03.311,ARDUINO_PSI,Arduino,0.000,0.000,12.872,,
46.391795,2026-03-10 17:58:03.315,WJ_VOLTAGE,WJ2,4.985,0.000,0,0,"HV=OFF, Fault=NO"
46.393781,2026-03-10 17:58:03.317,WJ_VOLTAGE,WJ1,4.985,0.006,0,0,"HV=OFF, Fault=NO"
46.394114,2026-03-10 17:58:03.317,ARDUINO_PSI,Arduino,0.000,0.000,12.867,,
46.395061,2026-03-10 17:58:03.318,ARDUINO_PSI,Arduino,0.000,0.000,12.870,,
46.467103,2026-03-10 17:58:03.390,ARDUINO_PSI,Arduino,0.000,0.000,12.867,,
46.566216,2026-03-10 17:58:03.490,ARDUINO_PSI,Arduino,0.000,0.000,12.874,,
46.667163,2026-03-10 17:58:03.591,ARDUINO_PSI,Arduino,0.000,0.000,12.877,,
46.747676,2026-03-10 17:58:03.671,WJ_VOLTAGE,WJ1,4.985,0.000,0,0,"HV=OFF, Fault=NO"
46.766248,2026-03-10 17:58:03.690,ARDUINO_PSI,Arduino,0.000,0.000,12.879,,
46.840607,2026-03-10 17:58:03.764,WJ_VOLTAGE,WJ2,4.985,0.000,0,0,"HV=OFF, Fault=NO"
46.866562,2026-03-10 17:58:03.790,ARDUINO_PSI,Arduino,0.000,0.000,12.877,,
46.967076,2026-03-10 17:58:03.890,ARDUINO_PSI,Arduino,0.000,0.000,12.883,,
47.067165,2026-03-10 17:58:03.991,ARDUINO_PSI,Arduino,0.000,0.000,12.890,,
47.167513,2026-03-10 17:58:04.091,ARDUINO_PSI,Arduino,0.000,0.000,12.893,,
47.266806,2026-03-10 17:58:04.190,ARDUINO_PSI,Arduino,0.000,0.000,12.890,,
47.276625,2026-03-10 17:58:04.200,WJ_VOLTAGE,WJ1,4.106,0.000,0,0,"HV=OFF, Fault=NO"
47.366935,2026-03-10 17:58:04.290,ARDUINO_PSI,Arduino,0.000,0.000,12.897,,
47.373817,2026-03-10 17:58:04.297,WJ_VOLTAGE,WJ2,4.008,0.000,0,0,"HV=OFF, Fault=NO"
47.467029,2026-03-10 17:58:04.390,ARDUINO_PSI,Arduino,0.000,0.000,12.888,,
47.566953,2026-03-10 17:58:04.490,ARDUINO_PSI,Arduino,0.000,0.000,12.888,,
47.666997,2026-03-10 17:58:04.590,ARDUINO_PSI,Arduino,0.000,0.000,12.895,,
47.766888,2026-03-10 17:58:04.690,ARDUINO_PSI,Arduino,0.000,0.000,12.899,,
47.805840,2026-03-10 17:58:04.729,WJ_VOLTAGE,WJ1,3.617,0.000,0,0,"HV=OFF, Fault=NO"
47.867783,2026-03-10 17:58:04.791,ARDUINO_PSI,Arduino,0.000,0.000,12.904,,
47.898733,2026-03-10 17:58:04.822,WJ_VOLTAGE,WJ2,3.519,0.000,0,0,"HV=OFF, Fault=NO"
47.967305,2026-03-10 17:58:04.891,ARDUINO_PSI,Arduino,0.000,0.000,12.895,,
48.067558,2026-03-10 17:58:04.991,ARDUINO_PSI,Arduino,0.000,0.000,12.895,,
48.167042,2026-03-10 17:58:05.090,ARDUINO_PSI,Arduino,0.000,0.000,12.902,,
48.267178,2026-03-10 17:58:05.191,ARDUINO_PSI,Arduino,0.000,0.000,12.902,,
48.335582,2026-03-10 17:58:05.259,WJ_VOLTAGE,WJ1,3.226,0.000,0,0,"HV=OFF, Fault=NO"
48.366751,2026-03-10 17:58:05.290,ARDUINO_PSI,Arduino,0.000,0.000,12.904,,
48.428309,2026-03-10 17:58:05.352,WJ_VOLTAGE,WJ2,3.128,0.000,0,0,"HV=OFF, Fault=NO"
48.466315,2026-03-10 17:58:05.390,ARDUINO_PSI,Arduino,0.000,0.000,12.909,,
48.568232,2026-03-10 17:58:05.492,ARDUINO_PSI,Arduino,0.000,0.000,12.911,,
48.667110,2026-03-10 17:58:05.590,ARDUINO_PSI,Arduino,0.000,0.000,12.906,,
48.767030,2026-03-10 17:58:05.690,ARDUINO_PSI,Arduino,0.000,0.000,12.893,,
48.860465,2026-03-10 17:58:05.784,WJ_VOLTAGE,WJ1,2.933,0.000,0,0,"HV=OFF, Fault=NO"
48.866825,2026-03-10 17:58:05.790,ARDUINO_PSI,Arduino,0.000,0.000,12.888,,
48.956140,2026-03-10 17:58:05.880,WJ_VOLTAGE,WJ2,2.835,0.000,0,0,"HV=OFF, Fault=NO"
48.966917,2026-03-10 17:58:05.890,ARDUINO_PSI,Arduino,0.000,0.000,12.881,,
49.066485,2026-03-10 17:58:05.990,ARDUINO_PSI,Arduino,0.000,0.000,12.879,,
49.167399,2026-03-10 17:58:06.091,ARDUINO_PSI,Arduino,0.000,0.000,12.872,,
49.267184,2026-03-10 17:58:06.191,ARDUINO_PSI,Arduino,0.000,0.000,12.874,,
49.367073,2026-03-10 17:58:06.290,ARDUINO_PSI,Arduino,0.000,0.000,12.877,,
49.391839,2026-03-10 17:58:06.315,WJ_VOLTAGE,WJ1,2.639,0.000,0,0,"HV=OFF, Fault=NO"
49.466804,2026-03-10 17:58:06.390,ARDUINO_PSI,Arduino,0.000,0.000,12.874,,
49.484388,2026-03-10 17:58:06.408,WJ_VOLTAGE,WJ2,2.444,0.000,0,0,"HV=OFF, Fault=NO"
49.567872,2026-03-10 17:58:06.491,ARDUINO_PSI,Arduino,0.000,0.000,12.881,,
49.667034,2026-03-10 17:58:06.590,ARDUINO_PSI,Arduino,0.000,0.000,12.881,,
49.766642,2026-03-10 17:58:06.690,ARDUINO_PSI,Arduino,0.000,0.000,12.881,,
49.866923,2026-03-10 17:58:06.790,ARDUINO_PSI,Arduino,0.000,0.000,12.870,,
49.921615,2026-03-10 17:58:06.845,WJ_VOLTAGE,WJ1,2.346,0.000,0,0,"HV=OFF, Fault=NO"
49.967820,2026-03-10 17:58:06.891,ARDUINO_PSI,Arduino,0.000,0.000,12.879,,
50.013770,2026-03-10 17:58:06.937,WJ_VOLTAGE,WJ2,2.151,0.000,0,0,"HV=OFF, Fault=NO"
50.066896,2026-03-10 17:58:06.990,ARDUINO_PSI,Arduino,0.000,0.000,12.879,,
50.166897,2026-03-10 17:58:07.090,ARDUINO_PSI,Arduino,0.000,0.000,12.879,,
50.266715,2026-03-10 17:58:07.190,ARDUINO_PSI,Arduino,0.000,0.000,12.883,,
50.367283,2026-03-10 17:58:07.291,ARDUINO_PSI,Arduino,0.000,0.000,12.877,,
50.451973,2026-03-10 17:58:07.375,WJ_VOLTAGE,WJ1,2.053,0.000,0,0,"HV=OFF, Fault=NO"
50.468231,2026-03-10 17:58:07.392,ARDUINO_PSI,Arduino,0.000,0.000,12.865,,
50.543091,2026-03-10 17:58:07.466,WJ_VOLTAGE,WJ2,1.857,0.000,0,0,"HV=OFF, Fault=NO"
50.567035,2026-03-10 17:58:07.490,ARDUINO_PSI,Arduino,0.000,0.000,12.865,,
50.667217,2026-03-10 17:58:07.591,ARDUINO_PSI,Arduino,0.000,0.000,12.870,,
50.766971,2026-03-10 17:58:07.690,ARDUINO_PSI,Arduino,0.000,0.000,12.872,,
50.867064,2026-03-10 17:58:07.790,ARDUINO_PSI,Arduino,0.000,0.000,12.867,,
50.967133,2026-03-10 17:58:07.891,ARDUINO_PSI,Arduino,0.000,0.000,12.879,,
50.977154,2026-03-10 17:58:07.901,WJ_VOLTAGE,WJ1,1.857,0.000,0,0,"HV=OFF, Fault=NO"
51.066720,2026-03-10 17:58:07.990,ARDUINO_PSI,Arduino,0.000,0.000,12.883,,
51.073103,2026-03-10 17:58:07.996,WJ_VOLTAGE,WJ2,1.662,0.000,0,0,"HV=OFF, Fault=NO"
51.166774,2026-03-10 17:58:08.090,ARDUINO_PSI,Arduino,0.000,0.000,12.888,,
51.267459,2026-03-10 17:58:08.191,ARDUINO_PSI,Arduino,0.000,0.000,12.890,,
51.367101,2026-03-10 17:58:08.290,ARDUINO_PSI,Arduino,0.000,0.000,12.886,,
51.466636,2026-03-10 17:58:08.390,ARDUINO_PSI,Arduino,0.000,0.000,12.893,,
51.509574,2026-03-10 17:58:08.433,WJ_VOLTAGE,WJ1,1.662,0.000,0,0,"HV=OFF, Fault=NO"
51.566736,2026-03-10 17:58:08.490,ARDUINO_PSI,Arduino,0.000,0.000,12.886,,
51.602627,2026-03-10 17:58:08.526,WJ_VOLTAGE,WJ2,1.564,0.000,0,0,"HV=OFF, Fault=NO"
51.667079,2026-03-10 17:58:08.590,ARDUINO_PSI,Arduino,0.000,0.000,12.881,,
51.766260,2026-03-10 17:58:08.690,ARDUINO_PSI,Arduino,0.000,0.000,12.886,,
51.867235,2026-03-10 17:58:08.791,ARDUINO_PSI,Arduino,0.000,0.000,12.895,,
51.966854,2026-03-10 17:58:08.890,ARDUINO_PSI,Arduino,0.000,0.000,12.893,,
52.040680,2026-03-10 17:58:08.964,WJ_VOLTAGE,WJ1,1.466,0.000,0,0,"HV=OFF, Fault=NO"
52.067457,2026-03-10 17:58:08.991,ARDUINO_PSI,Arduino,0.000,0.000,12.897,,
52.133526,2026-03-10 17:58:09.057,WJ_VOLTAGE,WJ2,1.369,0.000,0,0,"HV=OFF, Fault=NO"
52.167350,2026-03-10 17:58:09.091,ARDUINO_PSI,Arduino,0.000,0.000,12.906,,
52.266958,2026-03-10 17:58:09.190,ARDUINO_PSI,Arduino,0.000,0.000,12.915,,
52.367186,2026-03-10 17:58:09.291,ARDUINO_PSI,Arduino,0.000,0.000,12.927,,
52.469315,2026-03-10 17:58:09.393,ARDUINO_PSI,Arduino,0.000,0.000,12.931,,
52.566918,2026-03-10 17:58:09.490,ARDUINO_PSI,Arduino,0.000,0.000,12.934,,
52.571266,2026-03-10 17:58:09.495,WJ_VOLTAGE,WJ1,1.369,0.000,0,0,"HV=OFF, Fault=NO"
52.664449,2026-03-10 17:58:09.588,WJ_VOLTAGE,WJ2,1.173,0.000,0,0,"HV=OFF, Fault=NO"
52.670894,2026-03-10 17:58:09.594,ARDUINO_PSI,Arduino,0.000,0.000,12.934,,
52.766976,2026-03-10 17:58:09.690,ARDUINO_PSI,Arduino,0.000,0.000,12.943,,
52.867020,2026-03-10 17:58:09.790,ARDUINO_PSI,Arduino,0.000,0.000,12.954,,
52.966893,2026-03-10 17:58:09.890,ARDUINO_PSI,Arduino,0.000,0.000,12.943,,
53.067179,2026-03-10 17:58:09.991,ARDUINO_PSI,Arduino,0.000,0.000,12.938,,
53.098391,2026-03-10 17:58:10.022,WJ_VOLTAGE,WJ1,1.173,0.000,0,0,"HV=OFF, Fault=NO"
53.166414,2026-03-10 17:58:10.090,ARDUINO_PSI,Arduino,0.000,0.000,12.938,,
53.190305,2026-03-10 17:58:10.114,WJ_VOLTAGE,WJ2,1.075,0.000,0,0,"HV=OFF, Fault=NO"
53.267639,2026-03-10 17:58:10.191,ARDUINO_PSI,Arduino,0.000,0.000,12.934,,
53.366284,2026-03-10 17:58:10.290,ARDUINO_PSI,Arduino,0.000,0.000,12.938,,
53.466984,2026-03-10 17:58:10.390,ARDUINO_PSI,Arduino,0.000,0.000,12.931,,
53.566674,2026-03-10 17:58:10.490,ARDUINO_PSI,Arduino,0.000,0.000,12.931,,
53.630066,2026-03-10 17:58:10.553,WJ_VOLTAGE,WJ1,1.075,0.000,0,0,"HV=OFF, Fault=NO"
53.666943,2026-03-10 17:58:10.590,ARDUINO_PSI,Arduino,0.000,0.000,12.929,,
53.723863,2026-03-10 17:58:10.647,WJ_VOLTAGE,WJ2,0.880,0.000,0,0,"HV=OFF, Fault=NO"
53.766977,2026-03-10 17:58:10.690,ARDUINO_PSI,Arduino,0.000,0.000,12.920,,
53.866331,2026-03-10 17:58:10.790,ARDUINO_PSI,Arduino,0.000,0.000,12.922,,
53.967712,2026-03-10 17:58:10.891,ARDUINO_PSI,Arduino,0.000,0.000,12.918,,
54.066304,2026-03-10 17:58:10.990,ARDUINO_PSI,Arduino,0.000,0.000,12.911,,
54.161514,2026-03-10 17:58:11.085,WJ_VOLTAGE,WJ1,0.978,0.000,0,0,"HV=OFF, Fault=NO"
54.167959,2026-03-10 17:58:11.091,ARDUINO_PSI,Arduino,0.000,0.000,12.911,,
54.254090,2026-03-10 17:58:11.177,WJ_VOLTAGE,WJ2,0.782,0.000,0,0,"HV=OFF, Fault=NO"
54.266604,2026-03-10 17:58:11.190,ARDUINO_PSI,Arduino,0.000,0.000,12.897,,
54.367493,2026-03-10 17:58:11.291,ARDUINO_PSI,Arduino,0.000,0.000,12.893,,
54.467592,2026-03-10 17:58:11.391,ARDUINO_PSI,Arduino,0.000,0.000,12.879,,
54.566865,2026-03-10 17:58:11.490,ARDUINO_PSI,Arduino,0.000,0.000,12.870,,
54.666906,2026-03-10 17:58:11.590,ARDUINO_PSI,Arduino,0.000,0.000,12.877,,
54.690723,2026-03-10 17:58:11.614,WJ_VOLTAGE,WJ1,0.880,0.000,0,0,"HV=OFF, Fault=NO"
54.767030,2026-03-10 17:58:11.690,ARDUINO_PSI,Arduino,0.000,0.000,12.874,,
54.786625,2026-03-10 17:58:11.710,WJ_VOLTAGE,WJ2,0.684,0.000,0,0,"HV=OFF, Fault=NO"
54.867065,2026-03-10 17:58:11.790,ARDUINO_PSI,Arduino,0.000,0.000,12.872,,
54.966317,2026-03-10 17:58:11.890,ARDUINO_PSI,Arduino,0.000,0.000,12.877,,
55.067201,2026-03-10 17:58:11.991,ARDUINO_PSI,Arduino,0.000,0.000,12.870,,
55.166998,2026-03-10 17:58:12.090,ARDUINO_PSI,Arduino,0.000,0.000,12.867,,
55.223459,2026-03-10 17:58:12.147,WJ_VOLTAGE,WJ1,0.782,0.000,0,0,"HV=OFF, Fault=NO"
55.266276,2026-03-10 17:58:12.190,ARDUINO_PSI,Arduino,0.000,0.000,12.872,,
55.317816,2026-03-10 17:58:12.241,WJ_VOLTAGE,WJ2,0.684,0.000,0,0,"HV=OFF, Fault=NO"
55.367296,2026-03-10 17:58:12.291,ARDUINO_PSI,Arduino,0.000,0.000,12.867,,
55.467204,2026-03-10 17:58:12.391,ARDUINO_PSI,Arduino,0.000,0.000,12.870,,
55.567128,2026-03-10 17:58:12.491,ARDUINO_PSI,Arduino,0.000,0.000,12.867,,
55.666991,2026-03-10 17:58:12.590,ARDUINO_PSI,Arduino,0.000,0.000,12.867,,
55.752099,2026-03-10 17:58:12.675,WJ_VOLTAGE,WJ1,0.684,0.000,0,0,"HV=OFF, Fault=NO"
55.766504,2026-03-10 17:58:12.690,ARDUINO_PSI,Arduino,0.000,0.000,12.874,,
55.845462,2026-03-10 17:58:12.769,WJ_VOLTAGE,WJ2,0.587,0.000,0,0,"HV=OFF, Fault=NO"
55.866361,2026-03-10 17:58:12.790,ARDUINO_PSI,Arduino,0.000,0.000,12.870,,
55.966678,2026-03-10 17:58:12.890,ARDUINO_PSI,Arduino,0.000,0.000,12.886,,
56.066851,2026-03-10 17:58:12.990,ARDUINO_PSI,Arduino,0.000,0.000,12.879,,
56.166181,2026-03-10 17:58:13.090,ARDUINO_PSI,Arduino,0.000,0.000,12.877,,
56.266426,2026-03-10 17:58:13.190,ARDUINO_PSI,Arduino,0.000,0.000,12.881,,
56.269368,2026-03-10 17:58:13.193,WJ_VOLTAGE,WJ1,0.587,0.000,0,0,"HV=OFF, Fault=NO"
56.364922,2026-03-10 17:58:13.288,WJ_VOLTAGE,WJ2,0.489,0.000,0,0,"HV=OFF, Fault=NO"
56.367750,2026-03-10 17:58:13.291,ARDUINO_PSI,Arduino,0.000,0.000,12.881,,
56.467031,2026-03-10 17:58:13.390,ARDUINO_PSI,Arduino,0.000,0.000,12.895,,
56.566992,2026-03-10 17:58:13.490,ARDUINO_PSI,Arduino,0.000,0.000,12.893,,
56.667113,2026-03-10 17:58:13.590,ARDUINO_PSI,Arduino,0.000,0.000,12.877,,
56.767045,2026-03-10 17:58:13.690,ARDUINO_PSI,Arduino,0.000,0.000,12.870,,
56.802648,2026-03-10 17:58:13.726,WJ_VOLTAGE,WJ1,0.587,0.000,0,0,"HV=OFF, Fault=NO"
56.867001,2026-03-10 17:58:13.790,ARDUINO_PSI,Arduino,0.000,0.000,12.888,,
56.896036,2026-03-10 17:58:13.819,WJ_VOLTAGE,WJ2,0.489,0.000,0,0,"HV=OFF, Fault=NO"
56.967270,2026-03-10 17:58:13.891,ARDUINO_PSI,Arduino,0.000,0.000,12.893,,
57.067200,2026-03-10 17:58:13.991,ARDUINO_PSI,Arduino,0.000,0.000,12.888,,
57.166997,2026-03-10 17:58:14.090,ARDUINO_PSI,Arduino,0.000,0.000,12.893,,
57.266502,2026-03-10 17:58:14.190,ARDUINO_PSI,Arduino,0.000,0.000,12.888,,
57.332122,2026-03-10 17:58:14.256,WJ_VOLTAGE,WJ1,0.489,0.000,0,0,"HV=OFF, Fault=NO"
57.366716,2026-03-10 17:58:14.290,ARDUINO_PSI,Arduino,0.000,0.000,12.886,,
57.423812,2026-03-10 17:58:14.347,WJ_VOLTAGE,WJ2,0.391,0.000,0,0,"HV=OFF, Fault=NO"
57.467653,2026-03-10 17:58:14.391,ARDUINO_PSI,Arduino,0.000,0.000,12.879,,
57.567071,2026-03-10 17:58:14.490,ARDUINO_PSI,Arduino,0.000,0.000,12.879,,
57.666787,2026-03-10 17:58:14.590,ARDUINO_PSI,Arduino,0.000,0.000,12.870,,
57.767052,2026-03-10 17:58:14.690,ARDUINO_PSI,Arduino,0.000,0.000,12.867,,
57.863315,2026-03-10 17:58:14.787,WJ_VOLTAGE,WJ1,0.391,0.000,0,0,"HV=OFF, Fault=NO"
57.872231,2026-03-10 17:58:14.796,ARDUINO_PSI,Arduino,0.000,0.000,12.865,,
57.957799,2026-03-10 17:58:14.881,WJ_VOLTAGE,WJ2,0.391,0.000,0,0,"HV=OFF, Fault=NO"
57.967069,2026-03-10 17:58:14.890,ARDUINO_PSI,Arduino,0.000,0.000,12.851,,
58.067805,2026-03-10 17:58:14.991,ARDUINO_PSI,Arduino,0.000,0.000,12.854,,
58.166316,2026-03-10 17:58:15.090,ARDUINO_PSI,Arduino,0.000,0.000,12.847,,
58.267128,2026-03-10 17:58:15.191,ARDUINO_PSI,Arduino,0.000,0.000,12.847,,
58.367442,2026-03-10 17:58:15.291,ARDUINO_PSI,Arduino,0.000,0.000,12.851,,
58.392182,2026-03-10 17:58:15.316,WJ_VOLTAGE,WJ1,0.391,0.000,0,0,"HV=OFF, Fault=NO"
58.466753,2026-03-10 17:58:15.390,ARDUINO_PSI,Arduino,0.000,0.000,12.845,,
58.485012,2026-03-10 17:58:15.408,WJ_VOLTAGE,WJ2,0.293,0.000,0,0,"HV=OFF, Fault=NO"
58.566785,2026-03-10 17:58:15.490,ARDUINO_PSI,Arduino,0.000,0.000,12.854,,
58.666352,2026-03-10 17:58:15.590,ARDUINO_PSI,Arduino,0.000,0.000,12.863,,
58.766762,2026-03-10 17:58:15.690,ARDUINO_PSI,Arduino,0.000,0.000,12.883,,
58.866935,2026-03-10 17:58:15.790,ARDUINO_PSI,Arduino,0.000,0.000,12.863,,
58.910551,2026-03-10 17:58:15.834,WJ_VOLTAGE,WJ1,0.391,0.000,0,0,"HV=OFF, Fault=NO"
58.967155,2026-03-10 17:58:15.891,ARDUINO_PSI,Arduino,0.000,0.000,12.840,,
59.018793,2026-03-10 17:58:15.942,WJ_VOLTAGE,WJ2,0.293,0.000,0,0,"HV=OFF, Fault=NO"
59.066420,2026-03-10 17:58:15.990,ARDUINO_PSI,Arduino,0.000,0.000,12.856,,
59.167555,2026-03-10 17:58:16.091,ARDUINO_PSI,Arduino,0.000,0.000,12.854,,
59.267757,2026-03-10 17:58:16.191,ARDUINO_PSI,Arduino,0.000,0.000,12.863,,
59.367641,2026-03-10 17:58:16.291,ARDUINO_PSI,Arduino,0.000,0.000,12.863,,
59.436216,2026-03-10 17:58:16.360,WJ_VOLTAGE,WJ1,0.293,0.000,0,0,"HV=OFF, Fault=NO"
59.467354,2026-03-10 17:58:16.391,ARDUINO_PSI,Arduino,0.000,0.000,12.874,,
59.545663,2026-03-10 17:58:16.469,WJ_VOLTAGE,WJ2,0.196,0.000,0,0,"HV=OFF, Fault=NO"
59.567355,2026-03-10 17:58:16.491,ARDUINO_PSI,Arduino,0.000,0.000,12.870,,
59.667340,2026-03-10 17:58:16.591,ARDUINO_PSI,Arduino,0.000,0.000,12.890,,
59.766371,2026-03-10 17:58:16.690,ARDUINO_PSI,Arduino,0.000,0.000,12.888,,
59.866486,2026-03-10 17:58:16.790,ARDUINO_PSI,Arduino,0.000,0.000,12.888,,
59.953609,2026-03-10 17:58:16.877,WJ_VOLTAGE,WJ1,0.293,0.000,0,0,"HV=OFF, Fault=NO"
59.966289,2026-03-10 17:58:16.890,ARDUINO_PSI,Arduino,0.000,0.000,12.895,,
60.067871,2026-03-10 17:58:16.991,ARDUINO_PSI,Arduino,0.000,0.000,12.913,,
60.077133,2026-03-10 17:58:17.001,WJ_VOLTAGE,WJ2,0.196,0.000,0,0,"HV=OFF, Fault=NO"
60.166802,2026-03-10 17:58:17.090,ARDUINO_PSI,Arduino,0.000,0.000,12.913,,
60.266991,2026-03-10 17:58:17.190,ARDUINO_PSI,Arduino,0.000,0.000,12.918,,
60.366752,2026-03-10 17:58:17.290,ARDUINO_PSI,Arduino,0.000,0.000,12.911,,
60.466910,2026-03-10 17:58:17.390,ARDUINO_PSI,Arduino,0.000,0.000,12.909,,
60.478741,2026-03-10 17:58:17.402,WJ_VOLTAGE,WJ1,0.293,0.000,0,0,"HV=OFF, Fault=NO"
60.566863,2026-03-10 17:58:17.490,ARDUINO_PSI,Arduino,0.000,0.000,12.904,,
60.604995,2026-03-10 17:58:17.528,WJ_VOLTAGE,WJ2,0.196,0.000,0,0,"HV=OFF, Fault=NO"
60.667837,2026-03-10 17:58:17.591,ARDUINO_PSI,Arduino,0.000,0.000,12.906,,
60.767306,2026-03-10 17:58:17.691,ARDUINO_PSI,Arduino,0.000,0.000,12.890,,
60.868901,2026-03-10 17:58:17.792,ARDUINO_PSI,Arduino,0.000,0.000,12.888,,
60.969762,2026-03-10 17:58:17.893,ARDUINO_PSI,Arduino,0.000,0.000,12.902,,
61.010103,2026-03-10 17:58:17.933,WJ_VOLTAGE,WJ1,0.196,0.000,0,0,"HV=OFF, Fault=NO"
61.066872,2026-03-10 17:58:17.990,ARDUINO_PSI,Arduino,0.000,0.000,12.886,,
61.136967,2026-03-10 17:58:18.060,WJ_VOLTAGE,WJ2,0.196,0.000,0,0,"HV=OFF, Fault=NO"
61.168157,2026-03-10 17:58:18.092,ARDUINO_PSI,Arduino,0.000,0.000,12.883,,
61.266909,2026-03-10 17:58:18.190,ARDUINO_PSI,Arduino,0.000,0.000,12.893,,
61.367051,2026-03-10 17:58:18.290,ARDUINO_PSI,Arduino,0.000,0.000,12.895,,
61.466958,2026-03-10 17:58:18.390,ARDUINO_PSI,Arduino,0.000,0.000,12.890,,
61.541022,2026-03-10 17:58:18.464,WJ_VOLTAGE,WJ1,0.196,0.000,0,0,"HV=OFF, Fault=NO"
61.566828,2026-03-10 17:58:18.490,ARDUINO_PSI,Arduino,0.000,0.000,12.888,,
61.668269,2026-03-10 17:58:18.592,WJ_VOLTAGE,WJ2,0.098,0.000,0,0,"HV=OFF, Fault=NO"
61.668847,2026-03-10 17:58:18.592,ARDUINO_PSI,Arduino,0.000,0.000,12.870,,
61.767018,2026-03-10 17:58:18.690,ARDUINO_PSI,Arduino,0.000,0.000,12.865,,
61.867273,2026-03-10 17:58:18.791,ARDUINO_PSI,Arduino,0.000,0.000,12.861,,
61.969454,2026-03-10 17:58:18.893,ARDUINO_PSI,Arduino,0.000,0.000,12.851,,
62.068439,2026-03-10 17:58:18.992,ARDUINO_PSI,Arduino,0.000,0.000,12.842,,
62.072430,2026-03-10 17:58:18.996,WJ_VOLTAGE,WJ1,0.196,0.000,0,0,"HV=OFF, Fault=NO"
62.168204,2026-03-10 17:58:19.092,ARDUINO_PSI,Arduino,0.000,0.000,12.840,,
62.191710,2026-03-10 17:58:19.115,WJ_VOLTAGE,WJ2,0.098,0.000,0,0,"HV=OFF, Fault=NO"
62.266349,2026-03-10 17:58:19.190,ARDUINO_PSI,Arduino,0.000,0.000,12.838,,
62.367967,2026-03-10 17:58:19.291,ARDUINO_PSI,Arduino,0.000,0.000,12.847,,
62.466857,2026-03-10 17:58:19.390,ARDUINO_PSI,Arduino,0.000,0.000,12.845,,
62.566892,2026-03-10 17:58:19.490,ARDUINO_PSI,Arduino,0.000,0.000,12.840,,
62.594112,2026-03-10 17:58:19.517,WJ_VOLTAGE,WJ1,0.196,0.000,0,0,"HV=OFF, Fault=NO"
62.668327,2026-03-10 17:58:19.592,ARDUINO_PSI,Arduino,0.000,0.000,12.835,,
62.718959,2026-03-10 17:58:19.642,WJ_VOLTAGE,WJ2,0.098,0.000,0,0,"HV=OFF, Fault=NO"
62.766619,2026-03-10 17:58:19.690,ARDUINO_PSI,Arduino,0.000,0.000,12.838,,
62.866309,2026-03-10 17:58:19.790,ARDUINO_PSI,Arduino,0.000,0.000,12.840,,
62.966279,2026-03-10 17:58:19.890,ARDUINO_PSI,Arduino,0.000,0.000,12.831,,
63.067165,2026-03-10 17:58:19.991,ARDUINO_PSI,Arduino,0.000,0.000,12.842,,
63.127927,2026-03-10 17:58:20.051,WJ_VOLTAGE,WJ1,0.196,0.000,0,0,"HV=OFF, Fault=NO"
63.167438,2026-03-10 17:58:20.091,ARDUINO_PSI,Arduino,0.000,0.000,12.842,,
63.252177,2026-03-10 17:58:20.176,WJ_VOLTAGE,WJ2,0.098,0.000,0,0,"HV=OFF, Fault=NO"
63.267262,2026-03-10 17:58:20.191,ARDUINO_PSI,Arduino,0.000,0.000,12.845,,
63.465619,2026-03-10 17:58:20.389,WJ_COMMAND,WJ1,HV_ON,,,,HV_ON 
63.557999,2026-03-10 17:58:20.481,WJ_COMMAND,WJ2,HV_ON,,,,HV_ON 
63.559853,2026-03-10 17:58:20.483,ARDUINO_PSI,Arduino,0.000,0.000,12.792,,
63.564562,2026-03-10 17:58:20.488,WJ_VOLTAGE,WJ1,0.098,0.000,0,0,"HV=OFF, Fault=NO"
63.565843,2026-03-10 17:58:20.489,ARDUINO_PSI,Arduino,0.000,0.000,12.776,,
63.567196,2026-03-10 17:58:20.491,WJ_VOLTAGE,WJ2,0.098,0.000,0,0,"HV=OFF, Fault=NO"
63.570127,2026-03-10 17:58:20.494,ARDUINO_PSI,Arduino,0.000,0.000,12.774,,
63.668152,2026-03-10 17:58:20.592,ARDUINO_PSI,Arduino,0.000,0.000,12.780,,
63.767598,2026-03-10 17:58:20.691,ARDUINO_PSI,Arduino,0.000,0.000,12.794,,
63.868613,2026-03-10 17:58:20.792,ARDUINO_PSI,Arduino,0.000,0.000,12.796,,
63.966824,2026-03-10 17:58:20.890,ARDUINO_PSI,Arduino,0.000,0.000,12.792,,
64.067584,2026-03-10 17:58:20.991,ARDUINO_PSI,Arduino,0.000,0.000,12.794,,
64.169122,2026-03-10 17:58:21.093,ARDUINO_PSI,Arduino,0.000,0.000,12.794,,
64.266651,2026-03-10 17:58:21.190,ARDUINO_PSI,Arduino,0.000,0.000,12.799,,
64.367693,2026-03-10 17:58:21.291,ARDUINO_PSI,Arduino,0.000,0.000,12.785,,
64.467297,2026-03-10 17:58:21.391,ARDUINO_PSI,Arduino,0.000,0.000,12.792,,
64.568466,2026-03-10 17:58:21.492,ARDUINO_PSI,Arduino,0.000,0.000,12.806,,
64.656347,2026-03-10 17:58:21.580,WJ_VOLTAGE,WJ1,4.888,0.000,0,0,"HV=OFF, Fault=NO"
64.667945,2026-03-10 17:58:21.591,ARDUINO_PSI,Arduino,0.000,0.000,12.794,,
64.749633,2026-03-10 17:58:21.673,WJ_VOLTAGE,WJ2,4.888,0.000,0,0,"HV=OFF, Fault=NO"
64.766669,2026-03-10 17:58:21.690,ARDUINO_PSI,Arduino,0.000,0.000,12.794,,
64.866702,2026-03-10 17:58:21.790,ARDUINO_PSI,Arduino,0.000,0.000,12.803,,
64.967156,2026-03-10 17:58:21.891,ARDUINO_PSI,Arduino,0.000,0.000,12.812,,
65.067519,2026-03-10 17:58:21.991,ARDUINO_PSI,Arduino,0.000,0.000,12.815,,
65.167465,2026-03-10 17:58:22.091,ARDUINO_PSI,Arduino,0.000,0.000,12.815,,
65.186517,2026-03-10 17:58:22.110,WJ_VOLTAGE,WJ1,4.888,0.000,0,0,"HV=OFF, Fault=NO"
65.266222,2026-03-10 17:58:22.190,ARDUINO_PSI,Arduino,0.000,0.000,12.803,,
65.276855,2026-03-10 17:58:22.200,WJ_VOLTAGE,WJ2,4.888,0.000,0,0,"HV=OFF, Fault=NO"
65.366933,2026-03-10 17:58:22.290,ARDUINO_PSI,Arduino,0.000,0.000,12.863,,
65.467371,2026-03-10 17:58:22.391,ARDUINO_PSI,Arduino,0.000,0.000,12.881,,
65.567033,2026-03-10 17:58:22.490,ARDUINO_PSI,Arduino,0.000,0.000,12.895,,
65.668276,2026-03-10 17:58:22.592,ARDUINO_PSI,Arduino,0.000,0.000,12.899,,
65.716515,2026-03-10 17:58:22.640,WJ_VOLTAGE,WJ1,4.888,0.000,0,0,"HV=OFF, Fault=NO"
65.766921,2026-03-10 17:58:22.690,ARDUINO_PSI,Arduino,0.000,0.000,12.886,,
65.809134,2026-03-10 17:58:22.733,WJ_VOLTAGE,WJ2,4.888,0.000,0,0,"HV=OFF, Fault=NO"
65.867644,2026-03-10 17:58:22.791,ARDUINO_PSI,Arduino,0.000,0.000,12.883,,
65.966963,2026-03-10 17:58:22.890,ARDUINO_PSI,Arduino,0.000,0.000,12.895,,
66.068163,2026-03-10 17:58:22.992,ARDUINO_PSI,Arduino,0.000,0.000,12.888,,
66.166317,2026-03-10 17:58:23.090,ARDUINO_PSI,Arduino,0.000,0.000,12.879,,
66.236470,2026-03-10 17:58:23.160,WJ_VOLTAGE,WJ1,4.888,0.000,0,0,"HV=OFF, Fault=NO"
66.266938,2026-03-10 17:58:23.190,ARDUINO_PSI,Arduino,0.000,0.000,12.867,,
66.341798,2026-03-10 17:58:23.265,WJ_VOLTAGE,WJ2,4.888,0.000,0,0,"HV=OFF, Fault=NO"
66.366427,2026-03-10 17:58:23.290,ARDUINO_PSI,Arduino,0.000,0.000,12.879,,
66.468759,2026-03-10 17:58:23.392,ARDUINO_PSI,Arduino,0.000,0.000,12.881,,
66.567064,2026-03-10 17:58:23.490,ARDUINO_PSI,Arduino,0.000,0.000,12.863,,
66.666940,2026-03-10 17:58:23.590,ARDUINO_PSI,Arduino,0.000,0.000,12.867,,
66.763033,2026-03-10 17:58:23.686,WJ_VOLTAGE,WJ1,4.888,0.000,0,0,"HV=OFF, Fault=NO"
66.771082,2026-03-10 17:58:23.694,ARDUINO_PSI,Arduino,0.000,0.000,12.874,,
66.866967,2026-03-10 17:58:23.790,ARDUINO_PSI,Arduino,0.000,0.000,12.879,,
66.872547,2026-03-10 17:58:23.796,WJ_VOLTAGE,WJ2,4.888,0.000,0,0,"HV=OFF, Fault=NO"
66.966653,2026-03-10 17:58:23.890,ARDUINO_PSI,Arduino,0.000,0.000,12.867,,
67.066776,2026-03-10 17:58:23.990,ARDUINO_PSI,Arduino,0.000,0.000,12.863,,
67.168303,2026-03-10 17:58:24.092,ARDUINO_PSI,Arduino,0.000,0.000,12.870,,
67.267527,2026-03-10 17:58:24.191,ARDUINO_PSI,Arduino,0.000,0.000,12.870,,
67.293657,2026-03-10 17:58:24.217,WJ_VOLTAGE,WJ1,4.888,0.000,0,0,"HV=OFF, Fault=NO"
67.368012,2026-03-10 17:58:24.291,ARDUINO_PSI,Arduino,0.000,0.000,12.867,,
67.404122,2026-03-10 17:58:24.328,WJ_VOLTAGE,WJ2,4.888,0.000,0,0,"HV=OFF, Fault=NO"
67.467595,2026-03-10 17:58:24.391,ARDUINO_PSI,Arduino,0.000,0.000,12.858,,
67.566986,2026-03-10 17:58:24.490,ARDUINO_PSI,Arduino,0.000,0.000,12.851,,
67.668101,2026-03-10 17:58:24.591,ARDUINO_PSI,Arduino,0.000,0.000,12.845,,
67.767861,2026-03-10 17:58:24.691,ARDUINO_PSI,Arduino,0.000,0.000,12.856,,
67.822854,2026-03-10 17:58:24.746,WJ_VOLTAGE,WJ1,4.888,0.000,0,0,"HV=OFF, Fault=NO"
67.867003,2026-03-10 17:58:24.790,ARDUINO_PSI,Arduino,0.000,0.000,12.856,,
67.931547,2026-03-10 17:58:24.855,WJ_VOLTAGE,WJ2,4.888,0.000,0,0,"HV=OFF, Fault=NO"
67.966940,2026-03-10 17:58:24.890,ARDUINO_PSI,Arduino,0.000,0.000,12.863,,
68.067651,2026-03-10 17:58:24.991,ARDUINO_PSI,Arduino,0.000,0.000,12.874,,
68.166923,2026-03-10 17:58:25.090,ARDUINO_PSI,Arduino,0.000,0.000,12.888,,
68.267963,2026-03-10 17:58:25.191,ARDUINO_PSI,Arduino,0.000,0.000,12.897,,
68.354043,2026-03-10 17:58:25.277,WJ_VOLTAGE,WJ1,4.888,0.000,0,0,"HV=OFF, Fault=NO"
68.368969,2026-03-10 17:58:25.292,ARDUINO_PSI,Arduino,0.000,0.000,12.890,,
68.461497,2026-03-10 17:58:25.385,WJ_VOLTAGE,WJ2,4.888,0.000,0,0,"HV=OFF, Fault=NO"
68.476090,2026-03-10 17:58:25.399,ARDUINO_PSI,Arduino,0.000,0.000,12.902,,
68.567910,2026-03-10 17:58:25.491,ARDUINO_PSI,Arduino,0.000,0.000,12.904,,
68.667538,2026-03-10 17:58:25.591,ARDUINO_PSI,Arduino,0.000,0.000,12.909,,
68.767107,2026-03-10 17:58:25.690,ARDUINO_PSI,Arduino,0.000,0.000,12.899,,
68.866241,2026-03-10 17:58:25.790,ARDUINO_PSI,Arduino,0.000,0.000,12.895,,
68.879739,2026-03-10 17:58:25.803,WJ_VOLTAGE,WJ1,4.888,0.000,0,0,"HV=OFF, Fault=NO"
68.967222,2026-03-10 17:58:25.891,ARDUINO_PSI,Arduino,0.000,0.000,12.913,,
68.988776,2026-03-10 17:58:25.912,WJ_VOLTAGE,WJ2,4.888,0.000,0,0,"HV=OFF, Fault=NO"
69.067680,2026-03-10 17:58:25.991,ARDUINO_PSI,Arduino,0.000,0.000,12.913,,
69.167934,2026-03-10 17:58:26.091,ARDUINO_PSI,Arduino,0.000,0.000,12.899,,
69.267706,2026-03-10 17:58:26.191,ARDUINO_PSI,Arduino,0.000,0.000,12.902,,
69.368094,2026-03-10 17:58:26.291,ARDUINO_PSI,Arduino,0.000,0.000,12.897,,
69.408455,2026-03-10 17:58:26.332,WJ_VOLTAGE,WJ1,4.888,0.000,0,0,"HV=OFF, Fault=NO"
69.467445,2026-03-10 17:58:26.391,ARDUINO_PSI,Arduino,0.000,0.000,12.895,,
69.515385,2026-03-10 17:58:26.439,WJ_VOLTAGE,WJ2,4.888,0.000,0,0,"HV=OFF, Fault=NO"
69.567313,2026-03-10 17:58:26.491,ARDUINO_PSI,Arduino,0.000,0.000,12.902,,
69.667983,2026-03-10 17:58:26.591,ARDUINO_PSI,Arduino,0.000,0.000,12.906,,
69.767218,2026-03-10 17:58:26.691,ARDUINO_PSI,Arduino,0.000,0.000,12.899,,
69.867035,2026-03-10 17:58:26.790,ARDUINO_PSI,Arduino,0.000,0.000,12.893,,
69.937259,2026-03-10 17:58:26.861,WJ_VOLTAGE,WJ1,4.888,0.000,0,0,"HV=OFF, Fault=NO"
69.966212,2026-03-10 17:58:26.890,ARDUINO_PSI,Arduino,0.000,0.000,12.879,,
70.045825,2026-03-10 17:58:26.969,WJ_VOLTAGE,WJ2,4.888,0.000,0,0,"HV=OFF, Fault=NO"
70.066941,2026-03-10 17:58:26.990,ARDUINO_PSI,Arduino,0.000,0.000,12.872,,
70.168519,2026-03-10 17:58:27.092,ARDUINO_PSI,Arduino,0.000,0.000,12.865,,
70.267925,2026-03-10 17:58:27.191,ARDUINO_PSI,Arduino,0.000,0.000,12.856,,
70.367132,2026-03-10 17:58:27.291,ARDUINO_PSI,Arduino,0.000,0.000,12.845,,
70.464502,2026-03-10 17:58:27.388,WJ_VOLTAGE,WJ1,4.888,0.000,0,0,"HV=OFF, Fault=NO"
70.475181,2026-03-10 17:58:27.399,ARDUINO_PSI,Arduino,0.000,0.000,12.824,,
70.567249,2026-03-10 17:58:27.491,ARDUINO_PSI,Arduino,0.000,0.000,12.824,,
70.573168,2026-03-10 17:58:27.497,WJ_VOLTAGE,WJ2,4.888,0.000,0,0,"HV=OFF, Fault=NO"
70.666782,2026-03-10 17:58:27.590,ARDUINO_PSI,Arduino,0.000,0.000,12.826,,
70.767704,2026-03-10 17:58:27.691,ARDUINO_PSI,Arduino,0.000,0.000,12.824,,
70.866976,2026-03-10 17:58:27.790,ARDUINO_PSI,Arduino,0.000,0.000,12.826,,
70.967366,2026-03-10 17:58:27.891,ARDUINO_PSI,Arduino,0.000,0.000,12.819,,
70.995039,2026-03-10 17:58:27.918,WJ_VOLTAGE,WJ1,4.888,0.000,0,0,"HV=OFF, Fault=NO"
71.068140,2026-03-10 17:58:27.992,ARDUINO_PSI,Arduino,0.000,0.000,12.826,,
71.103235,2026-03-10 17:58:28.027,WJ_VOLTAGE,WJ2,4.888,0.000,0,0,"HV=OFF, Fault=NO"
71.166943,2026-03-10 17:58:28.090,ARDUINO_PSI,Arduino,0.000,0.000,12.842,,
71.267048,2026-03-10 17:58:28.190,ARDUINO_PSI,Arduino,0.000,0.000,12.833,,
71.368146,2026-03-10 17:58:28.292,ARDUINO_PSI,Arduino,0.000,0.000,12.828,,
71.466947,2026-03-10 17:58:28.390,ARDUINO_PSI,Arduino,0.000,0.000,12.842,,
71.521514,2026-03-10 17:58:28.445,WJ_VOLTAGE,WJ1,4.888,0.000,0,0,"HV=OFF, Fault=NO"
71.567751,2026-03-10 17:58:28.491,ARDUINO_PSI,Arduino,0.000,0.000,12.840,,
71.631680,2026-03-10 17:58:28.555,WJ_VOLTAGE,WJ2,4.888,0.000,0,0,"HV=OFF, Fault=NO"
71.667021,2026-03-10 17:58:28.590,ARDUINO_PSI,Arduino,0.000,0.000,12.851,,
71.767230,2026-03-10 17:58:28.691,ARDUINO_PSI,Arduino,0.000,0.000,12.856,,
71.867084,2026-03-10 17:58:28.790,ARDUINO_PSI,Arduino,0.000,0.000,12.867,,
71.967049,2026-03-10 17:58:28.890,ARDUINO_PSI,Arduino,0.000,0.000,12.870,,
72.052081,2026-03-10 17:58:28.975,WJ_VOLTAGE,WJ1,4.888,0.000,0,0,"HV=OFF, Fault=NO"
72.066668,2026-03-10 17:58:28.990,ARDUINO_PSI,Arduino,0.000,0.000,12.879,,
72.158562,2026-03-10 17:58:29.082,WJ_VOLTAGE,WJ2,4.888,0.000,0,0,"HV=OFF, Fault=NO"
72.170589,2026-03-10 17:58:29.094,ARDUINO_PSI,Arduino,0.000,0.000,12.881,,
72.267179,2026-03-10 17:58:29.191,ARDUINO_PSI,Arduino,0.000,0.000,12.883,,
72.367453,2026-03-10 17:58:29.291,ARDUINO_PSI,Arduino,0.000,0.000,12.890,,
72.468310,2026-03-10 17:58:29.392,ARDUINO_PSI,Arduino,0.000,0.000,12.904,,
72.566937,2026-03-10 17:58:29.490,ARDUINO_PSI,Arduino,0.000,0.000,12.906,,
72.581461,2026-03-10 17:58:29.505,WJ_VOLTAGE,WJ1,4.790,0.000,0,0,"HV=OFF, Fault=NO"
73.139869,2026-03-10 17:58:30.063,WJ_COMMAND,WJ1,HV_OFF,,,,HV_OFF 
73.233498,2026-03-10 17:58:30.157,WJ_COMMAND,WJ2,HV_OFF,,,,HV_OFF 
73.235070,2026-03-10 17:58:30.158,ARDUINO_PSI,Arduino,0.000,0.000,12.902,,
73.239712,2026-03-10 17:58:30.163,WJ_VOLTAGE,WJ2,4.888,0.000,0,0,"HV=OFF, Fault=NO"
73.240975,2026-03-10 17:58:30.164,ARDUINO_PSI,Arduino,0.000,0.000,12.906,,
73.241990,2026-03-10 17:58:30.165,ARDUINO_PSI,Arduino,0.000,0.000,12.906,,
73.242846,2026-03-10 17:58:30.166,ARDUINO_PSI,Arduino,0.000,0.000,12.897,,
73.243725,2026-03-10 17:58:30.167,ARDUINO_PSI,Arduino,0.000,0.000,12.895,,
73.244991,2026-03-10 17:58:30.168,WJ_VOLTAGE,WJ2,4.497,0.000,0,0,"HV=OFF, Fault=NO"
73.245561,2026-03-10 17:58:30.169,ARDUINO_PSI,Arduino,0.000,0.000,12.895,,
73.266456,2026-03-10 17:58:30.190,ARDUINO_PSI,Arduino,0.000,0.000,12.902,,
73.366828,2026-03-10 17:58:30.290,ARDUINO_PSI,Arduino,0.000,0.000,12.904,,
73.467190,2026-03-10 17:58:30.391,ARDUINO_PSI,Arduino,0.000,0.000,12.893,,
73.566943,2026-03-10 17:58:30.490,ARDUINO_PSI,Arduino,0.000,0.000,12.890,,
73.667650,2026-03-10 17:58:30.591,ARDUINO_PSI,Arduino,0.000,0.000,12.874,,
73.672564,2026-03-10 17:58:30.596,WJ_VOLTAGE,WJ1,3.910,0.000,0,0,"HV=OFF, Fault=NO"
73.686566,2026-03-10 17:58:30.610,WJ_VOLTAGE,WJ2,3.812,0.000,0,0,"HV=OFF, Fault=NO"
73.767008,2026-03-10 17:58:30.690,ARDUINO_PSI,Arduino,0.000,0.000,12.874,,
73.866938,2026-03-10 17:58:30.790,ARDUINO_PSI,Arduino,0.000,0.000,12.861,,
73.967784,2026-03-10 17:58:30.891,ARDUINO_PSI,Arduino,0.000,0.000,12.870,,
74.067121,2026-03-10 17:58:30.991,ARDUINO_PSI,Arduino,0.000,0.000,12.847,,
74.166987,2026-03-10 17:58:31.090,ARDUINO_PSI,Arduino,0.000,0.000,12.838,,
74.203341,2026-03-10 17:58:31.127,WJ_VOLTAGE,WJ1,3.421,0.000,0,0,"HV=OFF, Fault=NO"
74.218022,2026-03-10 17:58:31.141,WJ_VOLTAGE,WJ2,3.421,0.000,0,0,"HV=OFF, Fault=NO"
74.267019,2026-03-10 17:58:31.190,ARDUINO_PSI,Arduino,0.000,0.000,12.847,,
74.367380,2026-03-10 17:58:31.291,ARDUINO_PSI,Arduino,0.000,0.000,12.849,,
74.466596,2026-03-10 17:58:31.390,ARDUINO_PSI,Arduino,0.000,0.000,12.840,,
74.567337,2026-03-10 17:58:31.491,ARDUINO_PSI,Arduino,0.000,0.000,12.847,,
74.667739,2026-03-10 17:58:31.591,ARDUINO_PSI,Arduino,0.000,0.000,12.856,,
74.733993,2026-03-10 17:58:31.657,WJ_VOLTAGE,WJ1,3.030,0.000,0,0,"HV=OFF, Fault=NO"
74.748792,2026-03-10 17:58:31.672,WJ_VOLTAGE,WJ2,2.933,0.000,0,0,"HV=OFF, Fault=NO"
74.766702,2026-03-10 17:58:31.690,ARDUINO_PSI,Arduino,0.000,0.000,12.856,,
74.868842,2026-03-10 17:58:31.792,ARDUINO_PSI,Arduino,0.000,0.000,12.851,,
74.967873,2026-03-10 17:58:31.891,ARDUINO_PSI,Arduino,0.000,0.000,12.854,,
75.067864,2026-03-10 17:58:31.991,ARDUINO_PSI,Arduino,0.000,0.000,12.849,,
75.167819,2026-03-10 17:58:32.091,ARDUINO_PSI,Arduino,0.000,0.000,12.842,,
75.268146,2026-03-10 17:58:32.192,WJ_VOLTAGE,WJ1,2.737,0.000,0,0,"HV=OFF, Fault=NO"
75.279978,2026-03-10 17:58:32.203,ARDUINO_PSI,Arduino,0.000,0.000,12.854,,
75.283824,2026-03-10 17:58:32.207,WJ_VOLTAGE,WJ2,2.542,0.000,0,0,"HV=OFF, Fault=NO"
75.366313,2026-03-10 17:58:32.290,ARDUINO_PSI,Arduino,0.000,0.000,12.854,,
75.467538,2026-03-10 17:58:32.391,ARDUINO_PSI,Arduino,0.000,0.000,12.858,,
75.567187,2026-03-10 17:58:32.491,ARDUINO_PSI,Arduino,0.000,0.000,12.858,,
75.667377,2026-03-10 17:58:32.591,ARDUINO_PSI,Arduino,0.000,0.000,12.863,,
75.767340,2026-03-10 17:58:32.691,ARDUINO_PSI,Arduino,0.000,0.000,12.858,,
75.797655,2026-03-10 17:58:32.721,WJ_VOLTAGE,WJ1,2.346,0.000,0,0,"HV=OFF, Fault=NO"
75.812891,2026-03-10 17:58:32.736,WJ_VOLTAGE,WJ2,2.248,0.000,0,0,"HV=OFF, Fault=NO"
75.867251,2026-03-10 17:58:32.791,ARDUINO_PSI,Arduino,0.000,0.000,12.863,,
75.967318,2026-03-10 17:58:32.891,ARDUINO_PSI,Arduino,0.000,0.000,12.858,,
76.068439,2026-03-10 17:58:32.992,ARDUINO_PSI,Arduino,0.000,0.000,12.874,,
76.167286,2026-03-10 17:58:33.091,ARDUINO_PSI,Arduino,0.000,0.000,12.881,,
76.268130,2026-03-10 17:58:33.192,ARDUINO_PSI,Arduino,0.000,0.000,12.883,,
76.329030,2026-03-10 17:58:33.252,WJ_VOLTAGE,WJ1,2.151,0.000,0,0,"HV=OFF, Fault=NO"
76.342741,2026-03-10 17:58:33.266,WJ_VOLTAGE,WJ2,1.955,0.000,0,0,"HV=OFF, Fault=NO"
76.366847,2026-03-10 17:58:33.290,ARDUINO_PSI,Arduino,0.000,0.000,12.890,,
76.467478,2026-03-10 17:58:33.391,ARDUINO_PSI,Arduino,0.000,0.000,12.893,,
76.567822,2026-03-10 17:58:33.491,ARDUINO_PSI,Arduino,0.000,0.000,12.883,,
76.667302,2026-03-10 17:58:33.591,ARDUINO_PSI,Arduino,0.000,0.000,12.879,,
76.767157,2026-03-10 17:58:33.691,ARDUINO_PSI,Arduino,0.000,0.000,12.870,,
76.859633,2026-03-10 17:58:33.783,WJ_VOLTAGE,WJ1,1.857,0.000,0,0,"HV=OFF, Fault=NO"
76.870677,2026-03-10 17:58:33.794,ARDUINO_PSI,Arduino,0.000,0.000,12.874,,
76.873875,2026-03-10 17:58:33.797,WJ_VOLTAGE,WJ2,1.760,0.000,0,0,"HV=OFF, Fault=NO"
76.968079,2026-03-10 17:58:33.891,ARDUINO_PSI,Arduino,0.000,0.000,12.881,,
77.068292,2026-03-10 17:58:33.992,ARDUINO_PSI,Arduino,0.000,0.000,12.893,,
77.166794,2026-03-10 17:58:34.090,ARDUINO_PSI,Arduino,0.000,0.000,12.888,,
77.268034,2026-03-10 17:58:34.191,ARDUINO_PSI,Arduino,0.000,0.000,12.877,,
77.366939,2026-03-10 17:58:34.290,ARDUINO_PSI,Arduino,0.000,0.000,12.877,,
77.390836,2026-03-10 17:58:34.314,WJ_VOLTAGE,WJ1,1.662,0.000,0,0,"HV=OFF, Fault=NO"
77.405228,2026-03-10 17:58:34.329,WJ_VOLTAGE,WJ2,1.564,0.000,0,0,"HV=OFF, Fault=NO"
77.467385,2026-03-10 17:58:34.391,ARDUINO_PSI,Arduino,0.000,0.000,12.872,,
77.567058,2026-03-10 17:58:34.490,ARDUINO_PSI,Arduino,0.000,0.000,12.877,,
77.666560,2026-03-10 17:58:34.590,ARDUINO_PSI,Arduino,0.000,0.000,12.872,,
77.766748,2026-03-10 17:58:34.690,ARDUINO_PSI,Arduino,0.000,0.000,12.867,,
77.867271,2026-03-10 17:58:34.791,ARDUINO_PSI,Arduino,0.000,0.000,12.874,,
77.921262,2026-03-10 17:58:34.845,WJ_VOLTAGE,WJ1,1.466,0.000,0,0,"HV=OFF, Fault=NO"
77.935145,2026-03-10 17:58:34.859,WJ_VOLTAGE,WJ2,1.369,0.000,0,0,"HV=OFF, Fault=NO"
77.966468,2026-03-10 17:58:34.890,ARDUINO_PSI,Arduino,0.000,0.000,12.872,,
78.067350,2026-03-10 17:58:34.991,ARDUINO_PSI,Arduino,0.000,0.000,12.870,,
78.167642,2026-03-10 17:58:35.091,ARDUINO_PSI,Arduino,0.000,0.000,12.867,,
78.267667,2026-03-10 17:58:35.191,ARDUINO_PSI,Arduino,0.000,0.000,12.858,,
78.368330,2026-03-10 17:58:35.292,ARDUINO_PSI,Arduino,0.000,0.000,12.861,,
78.447208,2026-03-10 17:58:35.371,WJ_VOLTAGE,WJ1,1.369,0.000,0,0,"HV=OFF, Fault=NO"
78.462478,2026-03-10 17:58:35.386,WJ_VOLTAGE,WJ2,1.173,0.000,0,0,"HV=OFF, Fault=NO"
78.468227,2026-03-10 17:58:35.392,ARDUINO_PSI,Arduino,0.000,0.000,12.858,,
78.567965,2026-03-10 17:58:35.491,ARDUINO_PSI,Arduino,0.000,0.000,12.867,,
78.667575,2026-03-10 17:58:35.591,ARDUINO_PSI,Arduino,0.000,0.000,12.870,,
78.766375,2026-03-10 17:58:35.690,ARDUINO_PSI,Arduino,0.000,0.000,12.867,,
78.867872,2026-03-10 17:58:35.791,ARDUINO_PSI,Arduino,0.000,0.000,12.870,,
78.967956,2026-03-10 17:58:35.891,ARDUINO_PSI,Arduino,0.000,0.000,12.872,,
78.978707,2026-03-10 17:58:35.902,WJ_VOLTAGE,WJ1,1.173,0.000,0,0,"HV=OFF, Fault=NO"
78.994037,2026-03-10 17:58:35.917,WJ_VOLTAGE,WJ2,1.075,0.000,0,0,"HV=OFF, Fault=NO"
79.066988,2026-03-10 17:58:35.990,ARDUINO_PSI,Arduino,0.000,0.000,12.867,,
79.167593,2026-03-10 17:58:36.091,ARDUINO_PSI,Arduino,0.000,0.000,12.872,,
79.267524,2026-03-10 17:58:36.191,ARDUINO_PSI,Arduino,0.000,0.000,12.877,,
79.367929,2026-03-10 17:58:36.291,ARDUINO_PSI,Arduino,0.000,0.000,12.877,,
79.467766,2026-03-10 17:58:36.391,ARDUINO_PSI,Arduino,0.000,0.000,12.874,,
79.509855,2026-03-10 17:58:36.433,WJ_VOLTAGE,WJ1,1.075,0.000,0,0,"HV=OFF, Fault=NO"
79.524687,2026-03-10 17:58:36.448,WJ_VOLTAGE,WJ2,0.978,0.000,0,0,"HV=OFF, Fault=NO"
79.566600,2026-03-10 17:58:36.490,ARDUINO_PSI,Arduino,0.000,0.000,12.877,,
79.666957,2026-03-10 17:58:36.590,ARDUINO_PSI,Arduino,0.000,0.000,12.886,,
79.767120,2026-03-10 17:58:36.691,ARDUINO_PSI,Arduino,0.000,0.000,12.890,,
79.868004,2026-03-10 17:58:36.791,ARDUINO_PSI,Arduino,0.000,0.000,12.883,,
79.967970,2026-03-10 17:58:36.891,ARDUINO_PSI,Arduino,0.000,0.000,12.886,,
80.039876,2026-03-10 17:58:36.963,WJ_VOLTAGE,WJ1,0.978,0.000,0,0,"HV=OFF, Fault=NO"
80.054666,2026-03-10 17:58:36.978,WJ_VOLTAGE,WJ2,0.782,0.000,0,0,"HV=OFF, Fault=NO"
80.066838,2026-03-10 17:58:36.990,ARDUINO_PSI,Arduino,0.000,0.000,12.883,,
80.167043,2026-03-10 17:58:37.090,ARDUINO_PSI,Arduino,0.000,0.000,12.897,,
80.267281,2026-03-10 17:58:37.191,ARDUINO_PSI,Arduino,0.000,0.000,12.897,,
80.367776,2026-03-10 17:58:37.291,ARDUINO_PSI,Arduino,0.000,0.000,12.893,,
80.467533,2026-03-10 17:58:37.391,ARDUINO_PSI,Arduino,0.000,0.000,12.897,,
80.567685,2026-03-10 17:58:37.491,ARDUINO_PSI,Arduino,0.000,0.000,12.890,,
80.573532,2026-03-10 17:58:37.497,WJ_VOLTAGE,WJ1,0.880,0.000,0,0,"HV=OFF, Fault=NO"
80.585092,2026-03-10 17:58:37.508,WJ_VOLTAGE,WJ2,0.684,0.000,0,0,"HV=OFF, Fault=NO"
80.667937,2026-03-10 17:58:37.591,ARDUINO_PSI,Arduino,0.000,0.000,12.890,,
80.768135,2026-03-10 17:58:37.692,ARDUINO_PSI,Arduino,0.000,0.000,12.899,,
80.868448,2026-03-10 17:58:37.792,ARDUINO_PSI,Arduino,0.000,0.000,12.895,,
80.967426,2026-03-10 17:58:37.891,ARDUINO_PSI,Arduino,0.000,0.000,12.888,,
81.067133,2026-03-10 17:58:37.991,ARDUINO_PSI,Arduino,0.000,0.000,12.879,,
81.097738,2026-03-10 17:58:38.021,WJ_VOLTAGE,WJ1,0.782,0.000,0,0,"HV=OFF, Fault=NO"
81.112937,2026-03-10 17:58:38.036,WJ_VOLTAGE,WJ2,0.684,0.000,0,0,"HV=OFF, Fault=NO"
81.167004,2026-03-10 17:58:38.090,ARDUINO_PSI,Arduino,0.000,0.000,12.879,,
81.267717,2026-03-10 17:58:38.191,ARDUINO_PSI,Arduino,0.000,0.000,12.879,,
81.366275,2026-03-10 17:58:38.290,ARDUINO_PSI,Arduino,0.000,0.000,12.883,,
81.467547,2026-03-10 17:58:38.391,ARDUINO_PSI,Arduino,0.000,0.000,12.888,,
81.567352,2026-03-10 17:58:38.491,ARDUINO_PSI,Arduino,0.000,0.000,12.881,,
81.626046,2026-03-10 17:58:38.549,WJ_VOLTAGE,WJ1,0.684,0.000,0,0,"HV=OFF, Fault=NO"
81.639292,2026-03-10 17:58:38.563,WJ_VOLTAGE,WJ2,0.587,0.000,0,0,"HV=OFF, Fault=NO"
81.666791,2026-03-10 17:58:38.590,ARDUINO_PSI,Arduino,0.000,0.000,12.867,,
81.766376,2026-03-10 17:58:38.690,ARDUINO_PSI,Arduino,0.000,0.000,12.867,,
81.867108,2026-03-10 17:58:38.790,ARDUINO_PSI,Arduino,0.000,0.000,12.877,,
81.967174,2026-03-10 17:58:38.891,ARDUINO_PSI,Arduino,0.000,0.000,12.879,,
82.067558,2026-03-10 17:58:38.991,ARDUINO_PSI,Arduino,0.000,0.000,12.886,,
82.154406,2026-03-10 17:58:39.078,WJ_VOLTAGE,WJ1,0.587,0.000,0,0,"HV=OFF, Fault=NO"
82.168005,2026-03-10 17:58:39.091,ARDUINO_PSI,Arduino,0.000,0.000,12.881,,
82.170468,2026-03-10 17:58:39.094,WJ_VOLTAGE,WJ2,0.489,0.000,0,0,"HV=OFF, Fault=NO"
82.266601,2026-03-10 17:58:39.190,ARDUINO_PSI,Arduino,0.000,0.000,12.879,,
82.367694,2026-03-10 17:58:39.291,ARDUINO_PSI,Arduino,0.000,0.000,12.870,,
82.468049,2026-03-10 17:58:39.391,ARDUINO_PSI,Arduino,0.000,0.000,12.865,,
82.566939,2026-03-10 17:58:39.490,ARDUINO_PSI,Arduino,0.000,0.000,12.867,,
82.667846,2026-03-10 17:58:39.591,ARDUINO_PSI,Arduino,0.000,0.000,12.867,,
82.685722,2026-03-10 17:58:39.609,WJ_VOLTAGE,WJ1,0.587,0.000,0,0,"HV=OFF, Fault=NO"
82.699369,2026-03-10 17:58:39.623,WJ_VOLTAGE,WJ2,0.489,0.000,0,0,"HV=OFF, Fault=NO"
82.767108,2026-03-10 17:58:39.690,ARDUINO_PSI,Arduino,0.000,0.000,12.877,,
82.867733,2026-03-10 17:58:39.791,ARDUINO_PSI,Arduino,0.000,0.000,12.877,,
82.967691,2026-03-10 17:58:39.891,ARDUINO_PSI,Arduino,0.000,0.000,12.867,,
83.067024,2026-03-10 17:58:39.990,ARDUINO_PSI,Arduino,0.000,0.000,12.863,,
83.168232,2026-03-10 17:58:40.092,ARDUINO_PSI,Arduino,0.000,0.000,12.863,,
83.219319,2026-03-10 17:58:40.143,WJ_VOLTAGE,WJ1,0.489,0.000,0,0,"HV=OFF, Fault=NO"
83.231827,2026-03-10 17:58:40.155,WJ_VOLTAGE,WJ2,0.391,0.000,0,0,"HV=OFF, Fault=NO"
83.267219,2026-03-10 17:58:40.191,ARDUINO_PSI,Arduino,0.000,0.000,12.858,,
83.367169,2026-03-10 17:58:40.291,ARDUINO_PSI,Arduino,0.000,0.000,12.854,,
83.467292,2026-03-10 17:58:40.391,ARDUINO_PSI,Arduino,0.000,0.000,12.851,,
83.568106,2026-03-10 17:58:40.491,ARDUINO_PSI,Arduino,0.000,0.000,12.851,,
83.667960,2026-03-10 17:58:40.591,ARDUINO_PSI,Arduino,0.000,0.000,12.858,,
83.744635,2026-03-10 17:58:40.668,WJ_VOLTAGE,WJ1,0.489,0.000,0,0,"HV=OFF, Fault=NO"
83.759697,2026-03-10 17:58:40.683,WJ_VOLTAGE,WJ2,0.391,0.000,0,0,"HV=OFF, Fault=NO"
83.767435,2026-03-10 17:58:40.691,ARDUINO_PSI,Arduino,0.000,0.000,12.842,,
83.868352,2026-03-10 17:58:40.792,ARDUINO_PSI,Arduino,0.000,0.000,12.828,,
83.966887,2026-03-10 17:58:40.890,ARDUINO_PSI,Arduino,0.000,0.000,12.828,,
84.066391,2026-03-10 17:58:40.990,ARDUINO_PSI,Arduino,0.000,0.000,12.824,,
84.167114,2026-03-10 17:58:41.090,ARDUINO_PSI,Arduino,0.000,0.000,12.815,,
84.266901,2026-03-10 17:58:41.190,ARDUINO_PSI,Arduino,0.000,0.000,12.812,,
84.274254,2026-03-10 17:58:41.198,WJ_VOLTAGE,WJ1,0.391,0.000,0,0,"HV=OFF, Fault=NO"
84.288145,2026-03-10 17:58:41.212,WJ_VOLTAGE,WJ2,0.293,0.000,0,0,"HV=OFF, Fault=NO"
84.367605,2026-03-10 17:58:41.291,ARDUINO_PSI,Arduino,0.000,0.000,12.812,,
84.466791,2026-03-10 17:58:41.390,ARDUINO_PSI,Arduino,0.000,0.000,12.808,,
84.568478,2026-03-10 17:58:41.492,ARDUINO_PSI,Arduino,0.000,0.000,12.803,,
84.667054,2026-03-10 17:58:41.590,ARDUINO_PSI,Arduino,0.000,0.000,12.801,,
84.768256,2026-03-10 17:58:41.692,ARDUINO_PSI,Arduino,0.000,0.000,12.796,,
84.802444,2026-03-10 17:58:41.726,WJ_VOLTAGE,WJ1,0.391,0.000,0,0,"HV=OFF, Fault=NO"
84.817540,2026-03-10 17:58:41.741,WJ_VOLTAGE,WJ2,0.293,0.000,0,0,"HV=OFF, Fault=NO"
84.866442,2026-03-10 17:58:41.790,ARDUINO_PSI,Arduino,0.000,0.000,12.799,,
84.967795,2026-03-10 17:58:41.891,ARDUINO_PSI,Arduino,0.000,0.000,12.817,,
85.067212,2026-03-10 17:58:41.991,ARDUINO_PSI,Arduino,0.000,0.000,12.817,,
85.167296,2026-03-10 17:58:42.091,ARDUINO_PSI,Arduino,0.000,0.000,12.819,,
85.268286,2026-03-10 17:58:42.192,ARDUINO_PSI,Arduino,0.000,0.000,12.831,,
85.323076,2026-03-10 17:58:42.246,WJ_VOLTAGE,WJ1,0.293,0.000,0,0,"HV=OFF, Fault=NO"
85.338147,2026-03-10 17:58:42.262,WJ_VOLTAGE,WJ2,0.196,0.000,0,0,"HV=OFF, Fault=NO"
85.366452,2026-03-10 17:58:42.290,ARDUINO_PSI,Arduino,0.000,0.000,12.826,,
85.466848,2026-03-10 17:58:42.390,ARDUINO_PSI,Arduino,0.000,0.000,12.826,,
85.566914,2026-03-10 17:58:42.490,ARDUINO_PSI,Arduino,0.000,0.000,12.822,,
85.668124,2026-03-10 17:58:42.592,ARDUINO_PSI,Arduino,0.000,0.000,12.833,,
85.768229,2026-03-10 17:58:42.692,ARDUINO_PSI,Arduino,0.000,0.000,12.842,,
85.853358,2026-03-10 17:58:42.777,WJ_VOLTAGE,WJ1,0.293,0.000,0,0,"HV=OFF, Fault=NO"
85.866915,2026-03-10 17:58:42.790,WJ_VOLTAGE,WJ2,0.196,0.000,0,0,"HV=OFF, Fault=NO"
85.872565,2026-03-10 17:58:42.796,ARDUINO_PSI,Arduino,0.000,0.000,12.847,,
85.967341,2026-03-10 17:58:42.891,ARDUINO_PSI,Arduino,0.000,0.000,12.835,,
86.067007,2026-03-10 17:58:42.990,ARDUINO_PSI,Arduino,0.000,0.000,12.840,,
86.167188,2026-03-10 17:58:43.091,ARDUINO_PSI,Arduino,0.000,0.000,12.840,,
86.267071,2026-03-10 17:58:43.190,ARDUINO_PSI,Arduino,0.000,0.000,12.842,,
86.367039,2026-03-10 17:58:43.290,ARDUINO_PSI,Arduino,0.000,0.000,12.849,,
86.382662,2026-03-10 17:58:43.306,WJ_VOLTAGE,WJ1,0.293,0.000,0,0,"HV=OFF, Fault=NO"
86.397396,2026-03-10 17:58:43.321,WJ_VOLTAGE,WJ2,0.196,0.000,0,0,"HV=OFF, Fault=NO"
86.467441,2026-03-10 17:58:43.391,ARDUINO_PSI,Arduino,0.000,0.000,12.854,,
86.567769,2026-03-10 17:58:43.491,ARDUINO_PSI,Arduino,0.000,0.000,12.865,,
86.666885,2026-03-10 17:58:43.590,ARDUINO_PSI,Arduino,0.000,0.000,12.874,,
86.767188,2026-03-10 17:58:43.691,ARDUINO_PSI,Arduino,0.000,0.000,12.865,,
86.868035,2026-03-10 17:58:43.791,ARDUINO_PSI,Arduino,0.000,0.000,12.870,,
86.912568,2026-03-10 17:58:43.836,WJ_VOLTAGE,WJ1,0.293,0.000,0,0,"HV=OFF, Fault=NO"
86.926629,2026-03-10 17:58:43.850,WJ_VOLTAGE,WJ2,0.196,0.000,0,0,"HV=OFF, Fault=NO"
86.967391,2026-03-10 17:58:43.891,ARDUINO_PSI,Arduino,0.000,0.000,12.858,,
87.067680,2026-03-10 17:58:43.991,ARDUINO_PSI,Arduino,0.000,0.000,12.865,,
87.168117,2026-03-10 17:58:44.092,ARDUINO_PSI,Arduino,0.000,0.000,12.858,,
87.266858,2026-03-10 17:58:44.190,ARDUINO_PSI,Arduino,0.000,0.000,12.858,,
87.367436,2026-03-10 17:58:44.291,ARDUINO_PSI,Arduino,0.000,0.000,12.861,,
87.442710,2026-03-10 17:58:44.366,WJ_VOLTAGE,WJ1,0.196,0.000,0,0,"HV=OFF, Fault=NO"
87.457334,2026-03-10 17:58:44.381,WJ_VOLTAGE,WJ2,0.196,0.000,0,0,"HV=OFF, Fault=NO"
87.466141,2026-03-10 17:58:44.390,ARDUINO_PSI,Arduino,0.000,0.000,12.856,,
87.567457,2026-03-10 17:58:44.491,ARDUINO_PSI,Arduino,0.000,0.000,12.858,,
87.667544,2026-03-10 17:58:44.591,ARDUINO_PSI,Arduino,0.000,0.000,12.845,,
87.766570,2026-03-10 17:58:44.690,ARDUINO_PSI,Arduino,0.000,0.000,12.847,,
87.867102,2026-03-10 17:58:44.790,ARDUINO_PSI,Arduino,0.000,0.000,12.849,,
87.967036,2026-03-10 17:58:44.890,ARDUINO_PSI,Arduino,0.000,0.000,12.863,,
87.969634,2026-03-10 17:58:44.893,WJ_VOLTAGE,WJ1,0.196,0.000,0,0,"HV=OFF, Fault=NO"
87.984756,2026-03-10 17:58:44.908,WJ_VOLTAGE,WJ2,0.196,0.000,0,0,"HV=OFF, Fault=NO"
88.067569,2026-03-10 17:58:44.991,ARDUINO_PSI,Arduino,0.000,0.000,12.865,,
88.167962,2026-03-10 17:58:45.091,ARDUINO_PSI,Arduino,0.000,0.000,12.863,,
88.266658,2026-03-10 17:58:45.190,ARDUINO_PSI,Arduino,0.000,0.000,12.861,,
88.367910,2026-03-10 17:58:45.291,ARDUINO_PSI,Arduino,0.000,0.000,12.863,,
88.467221,2026-03-10 17:58:45.391,ARDUINO_PSI,Arduino,0.000,0.000,12.872,,
88.499941,2026-03-10 17:58:45.423,WJ_VOLTAGE,WJ1,0.196,0.000,0,0,"HV=OFF, Fault=NO"
88.513994,2026-03-10 17:58:45.437,WJ_VOLTAGE,WJ2,0.196,0.000,0,0,"HV=OFF, Fault=NO"
88.568721,2026-03-10 17:58:45.492,ARDUINO_PSI,Arduino,0.000,0.000,12.858,,
88.668003,2026-03-10 17:58:45.591,ARDUINO_PSI,Arduino,0.000,0.000,12.845,,
88.768152,2026-03-10 17:58:45.692,ARDUINO_PSI,Arduino,0.000,0.000,12.842,,
88.867163,2026-03-10 17:58:45.791,ARDUINO_PSI,Arduino,0.000,0.000,12.833,,
88.968173,2026-03-10 17:58:45.892,ARDUINO_PSI,Arduino,0.000,0.000,12.838,,
89.027994,2026-03-10 17:58:45.951,WJ_VOLTAGE,WJ1,0.196,0.000,0,0,"HV=OFF, Fault=NO"
89.042776,2026-03-10 17:58:45.966,WJ_VOLTAGE,WJ2,0.196,0.000,0,0,"HV=OFF, Fault=NO"
89.066974,2026-03-10 17:58:45.990,ARDUINO_PSI,Arduino,0.000,0.000,12.838,,
89.167071,2026-03-10 17:58:46.090,ARDUINO_PSI,Arduino,0.000,0.000,12.838,,
89.267141,2026-03-10 17:58:46.191,ARDUINO_PSI,Arduino,0.000,0.000,12.828,,
89.368066,2026-03-10 17:58:46.291,ARDUINO_PSI,Arduino,0.000,0.000,12.838,,
89.468477,2026-03-10 17:58:46.392,ARDUINO_PSI,Arduino,0.000,0.000,12.842,,
89.556129,2026-03-10 17:58:46.480,WJ_VOLTAGE,WJ1,0.196,0.000,0,0,"HV=OFF, Fault=NO"
89.570789,2026-03-10 17:58:46.494,WJ_VOLTAGE,WJ2,0.196,0.000,0,0,"HV=OFF, Fault=NO"
89.571462,2026-03-10 17:58:46.495,ARDUINO_PSI,Arduino,0.000,0.000,12.851,,
89.668107,2026-03-10 17:58:46.591,ARDUINO_PSI,Arduino,0.000,0.000,12.858,,
89.766772,2026-03-10 17:58:46.690,ARDUINO_PSI,Arduino,0.000,0.000,12.858,,
89.867758,2026-03-10 17:58:46.791,ARDUINO_PSI,Arduino,0.000,0.000,12.870,,
89.967225,2026-03-10 17:58:46.891,ARDUINO_PSI,Arduino,0.000,0.000,12.863,,
90.066914,2026-03-10 17:58:46.990,ARDUINO_PSI,Arduino,0.000,0.000,12.861,,
90.085389,2026-03-10 17:58:47.009,WJ_VOLTAGE,WJ1,0.196,0.000,0,0,"HV=OFF, Fault=NO"
90.099018,2026-03-10 17:58:47.022,WJ_VOLTAGE,WJ2,0.196,0.000,0,0,"HV=OFF, Fault=NO"
90.167141,2026-03-10 17:58:47.091,ARDUINO_PSI,Arduino,0.000,0.000,12.872,,
90.268152,2026-03-10 17:58:47.192,ARDUINO_PSI,Arduino,0.000,0.000,12.881,,
90.366759,2026-03-10 17:58:47.290,ARDUINO_PSI,Arduino,0.000,0.000,12.886,,
90.466887,2026-03-10 17:58:47.390,ARDUINO_PSI,Arduino,0.000,0.000,12.877,,
90.568215,2026-03-10 17:58:47.492,ARDUINO_PSI,Arduino,0.000,0.000,12.881,,
90.611344,2026-03-10 17:58:47.535,WJ_VOLTAGE,WJ1,0.196,0.000,0,0,"HV=OFF, Fault=NO"
90.625997,2026-03-10 17:58:47.549,WJ_VOLTAGE,WJ2,0.098,0.000,0,0,"HV=OFF, Fault=NO"
90.667094,2026-03-10 17:58:47.590,ARDUINO_PSI,Arduino,0.000,0.000,12.893,,
90.767091,2026-03-10 17:58:47.690,ARDUINO_PSI,Arduino,0.000,0.000,12.888,,
90.868230,2026-03-10 17:58:47.792,ARDUINO_PSI,Arduino,0.000,0.000,12.890,,
90.967071,2026-03-10 17:58:47.890,ARDUINO_PSI,Arduino,0.000,0.000,12.886,,
91.067400,2026-03-10 17:58:47.991,ARDUINO_PSI,Arduino,0.000,0.000,12.883,,
91.141496,2026-03-10 17:58:48.065,WJ_VOLTAGE,WJ1,0.196,0.000,0,0,"HV=OFF, Fault=NO"
91.156919,2026-03-10 17:58:48.080,WJ_VOLTAGE,WJ2,0.098,0.000,0,0,"HV=OFF, Fault=NO"
91.166490,2026-03-10 17:58:48.090,ARDUINO_PSI,Arduino,0.000,0.000,12.888,,
91.267197,2026-03-10 17:58:48.191,ARDUINO_PSI,Arduino,0.000,0.000,12.893,,
91.367764,2026-03-10 17:58:48.291,ARDUINO_PSI,Arduino,0.000,0.000,12.883,,
91.466372,2026-03-10 17:58:48.390,ARDUINO_PSI,Arduino,0.000,0.000,12.883,,
91.567022,2026-03-10 17:58:48.490,ARDUINO_PSI,Arduino,0.000,0.000,12.881,,
91.667888,2026-03-10 17:58:48.591,ARDUINO_PSI,Arduino,0.000,0.000,12.883,,
91.690352,2026-03-10 17:58:48.614,WJ_VOLTAGE,WJ1,0.196,0.000,0,0,"HV=OFF, Fault=NO"
91.691894,2026-03-10 17:58:48.615,WJ_VOLTAGE,WJ2,0.196,0.000,0,0,"HV=OFF, Fault=NO"
91.766611,2026-03-10 17:58:48.690,ARDUINO_PSI,Arduino,0.000,0.000,12.877,,
91.867698,2026-03-10 17:58:48.791,ARDUINO_PSI,Arduino,0.000,0.000,12.863,,
91.967571,2026-03-10 17:58:48.891,ARDUINO_PSI,Arduino,0.000,0.000,12.863,,
92.067057,2026-03-10 17:58:48.990,ARDUINO_PSI,Arduino,0.000,0.000,12.858,,
92.167301,2026-03-10 17:58:49.091,ARDUINO_PSI,Arduino,0.000,0.000,12.856,,
92.216883,2026-03-10 17:58:49.140,WJ_VOLTAGE,WJ2,0.098,0.000,0,0,"HV=OFF, Fault=NO"
92.220068,2026-03-10 17:58:49.143,WJ_VOLTAGE,WJ1,0.196,0.000,0,0,"HV=OFF, Fault=NO"
92.267366,2026-03-10 17:58:49.191,ARDUINO_PSI,Arduino,0.000,0.000,12.865,,
92.367904,2026-03-10 17:58:49.291,ARDUINO_PSI,Arduino,0.000,0.000,12.856,,
92.467544,2026-03-10 17:58:49.391,ARDUINO_PSI,Arduino,0.000,0.000,12.856,,
92.567549,2026-03-10 17:58:49.491,ARDUINO_PSI,Arduino,0.000,0.000,12.849,,
92.668157,2026-03-10 17:58:49.592,ARDUINO_PSI,Arduino,0.000,0.000,12.842,,
92.745048,2026-03-10 17:58:49.668,WJ_VOLTAGE,WJ1,0.196,0.000,0,0,"HV=OFF, Fault=NO"
92.748710,2026-03-10 17:58:49.672,WJ_VOLTAGE,WJ2,0.098,0.000,0,0,"HV=OFF, Fault=NO"
92.767204,2026-03-10 17:58:49.691,ARDUINO_PSI,Arduino,0.000,0.000,12.851,,
92.867135,2026-03-10 17:58:49.791,ARDUINO_PSI,Arduino,0.000,0.000,12.858,,
92.967176,2026-03-10 17:58:49.891,ARDUINO_PSI,Arduino,0.000,0.000,12.870,,
93.066839,2026-03-10 17:58:49.990,ARDUINO_PSI,Arduino,0.000,0.000,12.870,,
93.168312,2026-03-10 17:58:50.092,ARDUINO_PSI,Arduino,0.000,0.000,12.867,,
93.263367,2026-03-10 17:58:50.187,WJ_VOLTAGE,WJ1,0.098,0.000,0,0,"HV=OFF, Fault=NO"
93.268365,2026-03-10 17:58:50.192,WJ_VOLTAGE,WJ2,0.098,0.000,0,0,"HV=OFF, Fault=NO"
93.280319,2026-03-10 17:58:50.204,ARDUINO_PSI,Arduino,0.000,0.000,12.872,,
93.366881,2026-03-10 17:58:50.290,ARDUINO_PSI,Arduino,0.000,0.000,12.867,,
93.469280,2026-03-10 17:58:50.393,ARDUINO_PSI,Arduino,0.000,0.000,12.865,,
93.567048,2026-03-10 17:58:50.490,ARDUINO_PSI,Arduino,0.000,0.000,12.863,,
93.666853,2026-03-10 17:58:50.590,ARDUINO_PSI,Arduino,0.000,0.000,12.858,,
93.766584,2026-03-10 17:58:50.690,ARDUINO_PSI,Arduino,0.000,0.000,12.858,,
93.792619,2026-03-10 17:58:50.716,WJ_VOLTAGE,WJ2,0.098,0.000,0,0,"HV=OFF, Fault=NO"
93.793964,2026-03-10 17:58:50.717,WJ_VOLTAGE,WJ1,0.196,0.000,0,0,"HV=OFF, Fault=NO"
93.867176,2026-03-10 17:58:50.791,ARDUINO_PSI,Arduino,0.000,0.000,12.861,,
93.968780,2026-03-10 17:58:50.892,ARDUINO_PSI,Arduino,0.000,0.000,12.861,,
94.067971,2026-03-10 17:58:50.991,ARDUINO_PSI,Arduino,0.000,0.000,12.863,,
94.167217,2026-03-10 17:58:51.091,ARDUINO_PSI,Arduino,0.000,0.000,12.861,,
94.268038,2026-03-10 17:58:51.191,ARDUINO_PSI,Arduino,0.000,0.000,12.842,,
94.324398,2026-03-10 17:58:51.248,WJ_VOLTAGE,WJ1,0.098,0.000,0,0,"HV=OFF, Fault=NO"
94.327176,2026-03-10 17:58:51.251,WJ_VOLTAGE,WJ2,0.098,0.000,0,0,"HV=OFF, Fault=NO"
94.366819,2026-03-10 17:58:51.290,ARDUINO_PSI,Arduino,0.000,0.000,12.847,,
94.468058,2026-03-10 17:58:51.391,ARDUINO_PSI,Arduino,0.000,0.000,12.849,,
94.566233,2026-03-10 17:58:51.490,ARDUINO_PSI,Arduino,0.000,0.000,12.849,,
94.666300,2026-03-10 17:58:51.590,ARDUINO_PSI,Arduino,0.000,0.000,12.851,,
94.766195,2026-03-10 17:58:51.690,ARDUINO_PSI,Arduino,0.000,0.000,12.847,,
94.855567,2026-03-10 17:58:51.779,WJ_VOLTAGE,WJ1,0.098,0.000,0,0,"HV=OFF, Fault=NO"
94.856911,2026-03-10 17:58:51.780,WJ_VOLTAGE,WJ2,0.098,0.000,0,0,"HV=OFF, Fault=NO"
94.866143,2026-03-10 17:58:51.790,ARDUINO_PSI,Arduino,0.000,0.000,12.840,,
94.966284,2026-03-10 17:58:51.890,ARDUINO_PSI,Arduino,0.000,0.000,12.840,,
95.067763,2026-03-10 17:58:51.991,ARDUINO_PSI,Arduino,0.000,0.000,12.847,,
95.167381,2026-03-10 17:58:52.091,ARDUINO_PSI,Arduino,0.000,0.000,12.849,,
95.267873,2026-03-10 17:58:52.191,ARDUINO_PSI,Arduino,0.000,0.000,12.842,,
95.367620,2026-03-10 17:58:52.291,ARDUINO_PSI,Arduino,0.000,0.000,12.849,,
95.386318,2026-03-10 17:58:52.310,WJ_VOLTAGE,WJ2,0.098,0.000,0,0,"HV=OFF, Fault=NO"
95.389318,2026-03-10 17:58:52.313,WJ_VOLTAGE,WJ1,0.098,0.000,0,0,"HV=OFF, Fault=NO"
95.466455,2026-03-10 17:58:52.390,ARDUINO_PSI,Arduino,0.000,0.000,12.858,,
95.567670,2026-03-10 17:58:52.491,ARDUINO_PSI,Arduino,0.000,0.000,12.861,,
95.667454,2026-03-10 17:58:52.591,ARDUINO_PSI,Arduino,0.000,0.000,12.858,,
95.767596,2026-03-10 17:58:52.691,ARDUINO_PSI,Arduino,0.000,0.000,12.870,,
95.867671,2026-03-10 17:58:52.791,ARDUINO_PSI,Arduino,0.000,0.000,12.874,,
95.902196,2026-03-10 17:58:52.826,WJ_VOLTAGE,WJ2,0.098,0.000,0,0,"HV=OFF, Fault=NO"
95.903528,2026-03-10 17:58:52.827,WJ_VOLTAGE,WJ1,0.098,0.000,0,0,"HV=OFF, Fault=NO"
95.966647,2026-03-10 17:58:52.890,ARDUINO_PSI,Arduino,0.000,0.000,12.867,,
96.066195,2026-03-10 17:58:52.990,ARDUINO_PSI,Arduino,0.000,0.000,12.863,,
96.167565,2026-03-10 17:58:53.091,ARDUINO_PSI,Arduino,0.000,0.000,12.858,,
96.266661,2026-03-10 17:58:53.190,ARDUINO_PSI,Arduino,0.000,0.000,12.861,,
96.368305,2026-03-10 17:58:53.292,ARDUINO_PSI,Arduino,0.000,0.000,12.856,,
96.431427,2026-03-10 17:58:53.355,WJ_VOLTAGE,WJ1,0.098,0.000,0,0,"HV=OFF, Fault=NO"
96.435309,2026-03-10 17:58:53.359,WJ_VOLTAGE,WJ2,0.098,0.000,0,0,"HV=OFF, Fault=NO"
96.466779,2026-03-10 17:58:53.390,ARDUINO_PSI,Arduino,0.000,0.000,12.865,,
96.566927,2026-03-10 17:58:53.490,ARDUINO_PSI,Arduino,0.000,0.000,12.870,,
96.666939,2026-03-10 17:58:53.590,ARDUINO_PSI,Arduino,0.000,0.000,12.870,,
96.767497,2026-03-10 17:58:53.691,ARDUINO_PSI,Arduino,0.000,0.000,12.874,,
96.867321,2026-03-10 17:58:53.791,ARDUINO_PSI,Arduino,0.000,0.000,12.877,,
96.963020,2026-03-10 17:58:53.886,WJ_VOLTAGE,WJ1,0.098,0.000,0,0,"HV=OFF, Fault=NO"
96.967959,2026-03-10 17:58:53.891,WJ_VOLTAGE,WJ2,0.098,0.000,0,0,"HV=OFF, Fault=NO"
96.977492,2026-03-10 17:58:53.901,ARDUINO_PSI,Arduino,0.000,0.000,12.861,,
97.066941,2026-03-10 17:58:53.990,ARDUINO_PSI,Arduino,0.000,0.000,12.851,,
97.167571,2026-03-10 17:58:54.091,ARDUINO_PSI,Arduino,0.000,0.000,12.847,,
97.266980,2026-03-10 17:58:54.190,ARDUINO_PSI,Arduino,0.000,0.000,12.847,,
97.366824,2026-03-10 17:58:54.290,ARDUINO_PSI,Arduino,0.000,0.000,12.849,,
97.467051,2026-03-10 17:58:54.390,ARDUINO_PSI,Arduino,0.000,0.000,12.847,,
97.491515,2026-03-10 17:58:54.415,WJ_VOLTAGE,WJ2,0.098,0.000,0,0,"HV=OFF, Fault=NO"
97.494513,2026-03-10 17:58:54.418,WJ_VOLTAGE,WJ1,0.098,0.000,0,0,"HV=OFF, Fault=NO"
97.568148,2026-03-10 17:58:54.492,ARDUINO_PSI,Arduino,0.000,0.000,12.842,,
97.667292,2026-03-10 17:58:54.591,ARDUINO_PSI,Arduino,0.000,0.000,12.842,,
97.767100,2026-03-10 17:58:54.690,ARDUINO_PSI,Arduino,0.000,0.000,12.833,,
97.866549,2026-03-10 17:58:54.790,ARDUINO_PSI,Arduino,0.000,0.000,12.831,,
97.966949,2026-03-10 17:58:54.890,ARDUINO_PSI,Arduino,0.000,0.000,12.826,,
98.022504,2026-03-10 17:58:54.946,WJ_VOLTAGE,WJ2,0.098,0.000,0,0,"HV=OFF, Fault=NO"
98.025012,2026-03-10 17:58:54.948,WJ_VOLTAGE,WJ1,0.098,0.000,0,0,"HV=OFF, Fault=NO"
98.066398,2026-03-10 17:58:54.990,ARDUINO_PSI,Arduino,0.000,0.000,12.833,,
98.167583,2026-03-10 17:58:55.091,ARDUINO_PSI,Arduino,0.000,0.000,12.835,,
98.267160,2026-03-10 17:58:55.191,ARDUINO_PSI,Arduino,0.000,0.000,12.840,,
98.367463,2026-03-10 17:58:55.291,ARDUINO_PSI,Arduino,0.000,0.000,12.851,,
98.466759,2026-03-10 17:58:55.390,ARDUINO_PSI,Arduino,0.000,0.000,12.842,,
98.552153,2026-03-10 17:58:55.476,WJ_VOLTAGE,WJ1,0.098,0.000,0,0,"HV=OFF, Fault=NO"
98.555919,2026-03-10 17:58:55.479,WJ_VOLTAGE,WJ2,0.098,0.000,0,0,"HV=OFF, Fault=NO"
98.568701,2026-03-10 17:58:55.492,ARDUINO_PSI,Arduino,0.000,0.000,12.842,,
98.667386,2026-03-10 17:58:55.591,ARDUINO_PSI,Arduino,0.000,0.000,12.851,,
98.766487,2026-03-10 17:58:55.690,ARDUINO_PSI,Arduino,0.000,0.000,12.849,,
98.867628,2026-03-10 17:58:55.791,ARDUINO_PSI,Arduino,0.000,0.000,12.845,,
98.968074,2026-03-10 17:58:55.891,ARDUINO_PSI,Arduino,0.000,0.000,12.847,,
99.066839,2026-03-10 17:58:55.990,ARDUINO_PSI,Arduino,0.000,0.000,12.863,,
99.077769,2026-03-10 17:58:56.001,WJ_VOLTAGE,WJ2,0.098,0.000,0,0,"HV=OFF, Fault=NO"
99.080652,2026-03-10 17:58:56.004,WJ_VOLTAGE,WJ1,0.098,0.000,0,0,"HV=OFF, Fault=NO"
99.166279,2026-03-10 17:58:56.090,ARDUINO_PSI,Arduino,0.000,0.000,12.870,,
99.266941,2026-03-10 17:58:56.190,ARDUINO_PSI,Arduino,0.000,0.000,12.872,,
99.367290,2026-03-10 17:58:56.291,ARDUINO_PSI,Arduino,0.000,0.000,12.874,,
99.467364,2026-03-10 17:58:56.391,ARDUINO_PSI,Arduino,0.000,0.000,12.877,,
99.566546,2026-03-10 17:58:56.490,ARDUINO_PSI,Arduino,0.000,0.000,12.883,,
99.606491,2026-03-10 17:58:56.530,WJ_VOLTAGE,WJ2,0.098,0.000,0,0,"HV=OFF, Fault=NO"
99.607817,2026-03-10 17:58:56.531,WJ_VOLTAGE,WJ1,0.098,0.000,0,0,"HV=OFF, Fault=NO"
99.667066,2026-03-10 17:58:56.590,ARDUINO_PSI,Arduino,0.000,0.000,12.886,,
99.767363,2026-03-10 17:58:56.691,ARDUINO_PSI,Arduino,0.000,0.000,12.890,,
99.866690,2026-03-10 17:58:56.790,ARDUINO_PSI,Arduino,0.000,0.000,12.893,,
99.967719,2026-03-10 17:58:56.891,ARDUINO_PSI,Arduino,0.000,0.000,12.893,,
100.067637,2026-03-10 17:58:56.991,ARDUINO_PSI,Arduino,0.000,0.000,12.897,,
100.136870,2026-03-10 17:58:57.060,WJ_VOLTAGE,WJ2,0.098,0.000,0,0,"HV=OFF, Fault=NO"
100.139465,2026-03-10 17:58:57.063,WJ_VOLTAGE,WJ1,0.098,0.000,0,0,"HV=OFF, Fault=NO"
100.166831,2026-03-10 17:58:57.090,ARDUINO_PSI,Arduino,0.000,0.000,12.897,,
100.267468,2026-03-10 17:58:57.191,ARDUINO_PSI,Arduino,0.000,0.000,12.909,,
100.368556,2026-03-10 17:58:57.292,ARDUINO_PSI,Arduino,0.000,0.000,12.909,,
100.467186,2026-03-10 17:58:57.391,ARDUINO_PSI,Arduino,0.000,0.000,12.913,,
100.566710,2026-03-10 17:58:57.490,ARDUINO_PSI,Arduino,0.000,0.000,12.920,,
100.665432,2026-03-10 17:58:57.589,WJ_VOLTAGE,WJ2,0.098,0.000,0,0,"HV=OFF, Fault=NO"
100.671762,2026-03-10 17:58:57.595,WJ_VOLTAGE,WJ1,0.098,0.000,0,0,"HV=OFF, Fault=NO"
100.674099,2026-03-10 17:58:57.597,ARDUINO_PSI,Arduino,0.000,0.000,12.911,,
100.767049,2026-03-10 17:58:57.690,ARDUINO_PSI,Arduino,0.000,0.000,12.922,,
100.867315,2026-03-10 17:58:57.791,ARDUINO_PSI,Arduino,0.000,0.000,12.925,,
100.968063,2026-03-10 17:58:57.891,ARDUINO_PSI,Arduino,0.000,0.000,12.927,,
101.067927,2026-03-10 17:58:57.991,ARDUINO_PSI,Arduino,0.000,0.000,12.920,,
101.167130,2026-03-10 17:58:58.091,ARDUINO_PSI,Arduino,0.000,0.000,12.904,,
101.195795,2026-03-10 17:58:58.119,WJ_VOLTAGE,WJ1,0.098,0.000,0,0,"HV=OFF, Fault=NO"
101.197757,2026-03-10 17:58:58.121,WJ_VOLTAGE,WJ2,0.098,0.000,0,0,"HV=OFF, Fault=NO"
101.267160,2026-03-10 17:58:58.191,ARDUINO_PSI,Arduino,0.000,0.000,12.902,,
101.367746,2026-03-10 17:58:58.291,ARDUINO_PSI,Arduino,0.000,0.000,12.893,,
101.467700,2026-03-10 17:58:58.391,ARDUINO_PSI,Arduino,0.000,0.000,12.888,,
101.567403,2026-03-10 17:58:58.491,ARDUINO_PSI,Arduino,0.000,0.000,12.879,,
101.667064,2026-03-10 17:58:58.590,ARDUINO_PSI,Arduino,0.000,0.000,12.881,,
101.724342,2026-03-10 17:58:58.648,WJ_VOLTAGE,WJ1,0.098,0.000,0,0,"HV=OFF, Fault=NO"
101.727927,2026-03-10 17:58:58.651,WJ_VOLTAGE,WJ2,0.098,0.000,0,0,"HV=OFF, Fault=NO"
101.766894,2026-03-10 17:58:58.690,ARDUINO_PSI,Arduino,0.000,0.000,12.886,,
101.867000,2026-03-10 17:58:58.790,ARDUINO_PSI,Arduino,0.000,0.000,12.886,,
101.967204,2026-03-10 17:58:58.891,ARDUINO_PSI,Arduino,0.000,0.000,12.893,,
102.067435,2026-03-10 17:58:58.991,ARDUINO_PSI,Arduino,0.000,0.000,12.886,,
102.166179,2026-03-10 17:58:59.090,ARDUINO_PSI,Arduino,0.000,0.000,12.883,,
102.254403,2026-03-10 17:58:59.178,WJ_VOLTAGE,WJ1,0.098,0.000,0,0,"HV=OFF, Fault=NO"
102.258225,2026-03-10 17:58:59.182,WJ_VOLTAGE,WJ2,0.098,0.000,0,0,"HV=OFF, Fault=NO"
102.269453,2026-03-10 17:58:59.193,ARDUINO_PSI,Arduino,0.000,0.000,12.872,,
102.366855,2026-03-10 17:58:59.290,ARDUINO_PSI,Arduino,0.000,0.000,12.861,,
102.466874,2026-03-10 17:58:59.390,ARDUINO_PSI,Arduino,0.000,0.000,12.856,,
102.567078,2026-03-10 17:58:59.490,ARDUINO_PSI,Arduino,0.000,0.000,12.842,,
102.668584,2026-03-10 17:58:59.592,ARDUINO_PSI,Arduino,0.000,0.000,12.845,,
102.766987,2026-03-10 17:58:59.690,ARDUINO_PSI,Arduino,0.000,0.000,12.833,,
102.787090,2026-03-10 17:58:59.710,WJ_VOLTAGE,WJ1,0.098,0.000,0,0,"HV=OFF, Fault=NO"
102.789235,2026-03-10 17:58:59.713,WJ_VOLTAGE,WJ2,0.098,0.000,0,0,"HV=OFF, Fault=NO"
102.867501,2026-03-10 17:58:59.791,ARDUINO_PSI,Arduino,0.000,0.000,12.828,,
102.966938,2026-03-10 17:58:59.890,ARDUINO_PSI,Arduino,0.000,0.000,12.824,,
103.066907,2026-03-10 17:58:59.990,ARDUINO_PSI,Arduino,0.000,0.000,12.824,,
103.167049,2026-03-10 17:59:00.090,ARDUINO_PSI,Arduino,0.000,0.000,12.835,,
103.267123,2026-03-10 17:59:00.191,ARDUINO_PSI,Arduino,0.000,0.000,12.833,,
103.320117,2026-03-10 17:59:00.244,WJ_VOLTAGE,WJ1,0.098,0.000,0,0,"HV=OFF, Fault=NO"
103.323585,2026-03-10 17:59:00.247,WJ_VOLTAGE,WJ2,0.098,0.000,0,0,"HV=OFF, Fault=NO"
103.366766,2026-03-10 17:59:00.290,ARDUINO_PSI,Arduino,0.000,0.000,12.833,,
103.466764,2026-03-10 17:59:00.390,ARDUINO_PSI,Arduino,0.000,0.000,12.826,,
103.566606,2026-03-10 17:59:00.490,ARDUINO_PSI,Arduino,0.000,0.000,12.828,,
103.666874,2026-03-10 17:59:00.590,ARDUINO_PSI,Arduino,0.000,0.000,12.817,,
103.767142,2026-03-10 17:59:00.691,ARDUINO_PSI,Arduino,0.000,0.000,12.803,,
103.848709,2026-03-10 17:59:00.772,WJ_VOLTAGE,WJ2,0.098,0.000,0,0,"HV=OFF, Fault=NO"
103.855499,2026-03-10 17:59:00.779,WJ_VOLTAGE,WJ1,0.098,0.000,0,0,"HV=OFF, Fault=NO"
103.867131,2026-03-10 17:59:00.791,ARDUINO_PSI,Arduino,0.000,0.000,12.799,,
103.967278,2026-03-10 17:59:00.891,ARDUINO_PSI,Arduino,0.000,0.000,12.799,,
104.068382,2026-03-10 17:59:00.992,ARDUINO_PSI,Arduino,0.000,0.000,12.801,,
104.167661,2026-03-10 17:59:01.091,ARDUINO_PSI,Arduino,0.000,0.000,12.801,,
104.267313,2026-03-10 17:59:01.191,ARDUINO_PSI,Arduino,0.000,0.000,12.794,,
104.367118,2026-03-10 17:59:01.291,ARDUINO_PSI,Arduino,0.000,0.000,12.801,,
104.378145,2026-03-10 17:59:01.302,WJ_VOLTAGE,WJ1,0.098,0.000,0,0,"HV=OFF, Fault=NO"
104.379367,2026-03-10 17:59:01.303,WJ_VOLTAGE,WJ2,0.098,0.000,0,0,"HV=OFF, Fault=NO"
104.467763,2026-03-10 17:59:01.391,ARDUINO_PSI,Arduino,0.000,0.000,12.803,,
104.566862,2026-03-10 17:59:01.490,ARDUINO_PSI,Arduino,0.000,0.000,12.803,,
104.667458,2026-03-10 17:59:01.591,ARDUINO_PSI,Arduino,0.000,0.000,12.796,,
104.766782,2026-03-10 17:59:01.690,ARDUINO_PSI,Arduino,0.000,0.000,12.801,,
104.867769,2026-03-10 17:59:01.791,ARDUINO_PSI,Arduino,0.000,0.000,12.808,,
104.909035,2026-03-10 17:59:01.832,WJ_VOLTAGE,WJ1,0.098,0.000,0,0,"HV=OFF, Fault=NO"
104.912837,2026-03-10 17:59:01.836,WJ_VOLTAGE,WJ2,0.098,0.000,0,0,"HV=OFF, Fault=NO"
104.968945,2026-03-10 17:59:01.892,ARDUINO_PSI,Arduino,0.000,0.000,12.808,,
105.066935,2026-03-10 17:59:01.990,ARDUINO_PSI,Arduino,0.000,0.000,12.806,,
105.167187,2026-03-10 17:59:02.091,ARDUINO_PSI,Arduino,0.000,0.000,12.806,,
105.268080,2026-03-10 17:59:02.191,ARDUINO_PSI,Arduino,0.000,0.000,12.815,,
105.367560,2026-03-10 17:59:02.291,ARDUINO_PSI,Arduino,0.000,0.000,12.817,,
105.438610,2026-03-10 17:59:02.362,WJ_VOLTAGE,WJ1,0.098,0.000,0,0,"HV=OFF, Fault=NO"
105.439916,2026-03-10 17:59:02.363,WJ_VOLTAGE,WJ2,0.000,0.000,0,0,"HV=OFF, Fault=NO"
105.466116,2026-03-10 17:59:02.389,ARDUINO_PSI,Arduino,0.000,0.000,12.824,,
105.566760,2026-03-10 17:59:02.490,ARDUINO_PSI,Arduino,0.000,0.000,12.819,,
105.666968,2026-03-10 17:59:02.590,ARDUINO_PSI,Arduino,0.000,0.000,12.826,,
105.766251,2026-03-10 17:59:02.690,ARDUINO_PSI,Arduino,0.000,0.000,12.831,,
105.867748,2026-03-10 17:59:02.791,ARDUINO_PSI,Arduino,0.000,0.000,12.840,,
105.969351,2026-03-10 17:59:02.893,WJ_VOLTAGE,WJ2,0.098,0.000,0,0,"HV=OFF, Fault=NO"
105.971728,2026-03-10 17:59:02.895,WJ_VOLTAGE,WJ1,0.098,0.000,0,0,"HV=OFF, Fault=NO"
105.972786,2026-03-10 17:59:02.896,ARDUINO_PSI,Arduino,0.000,0.000,12.845,,
106.066694,2026-03-10 17:59:02.990,ARDUINO_PSI,Arduino,0.000,0.000,12.840,,
106.167273,2026-03-10 17:59:03.091,ARDUINO_PSI,Arduino,0.000,0.000,12.842,,
106.266246,2026-03-10 17:59:03.190,ARDUINO_PSI,Arduino,0.000,0.000,12.847,,
106.366866,2026-03-10 17:59:03.290,ARDUINO_PSI,Arduino,0.000,0.000,12.842,,
106.467155,2026-03-10 17:59:03.391,ARDUINO_PSI,Arduino,0.000,0.000,12.838,,
106.499327,2026-03-10 17:59:03.423,WJ_VOLTAGE,WJ2,0.098,0.000,0,0,"HV=OFF, Fault=NO"
106.500914,2026-03-10 17:59:03.424,WJ_VOLTAGE,WJ1,0.098,0.000,0,0,"HV=OFF, Fault=NO"
106.566988,2026-03-10 17:59:03.490,ARDUINO_PSI,Arduino,0.000,0.000,12.845,,
106.667297,2026-03-10 17:59:03.591,ARDUINO_PSI,Arduino,0.000,0.000,12.845,,
106.766212,2026-03-10 17:59:03.690,ARDUINO_PSI,Arduino,0.000,0.000,12.849,,
106.868639,2026-03-10 17:59:03.792,ARDUINO_PSI,Arduino,0.000,0.000,12.840,,
106.967533,2026-03-10 17:59:03.891,ARDUINO_PSI,Arduino,0.000,0.000,12.842,,
107.031199,2026-03-10 17:59:03.955,WJ_VOLTAGE,WJ1,0.098,0.000,0,0,"HV=OFF, Fault=NO"
107.035308,2026-03-10 17:59:03.959,WJ_VOLTAGE,WJ2,0.098,0.000,0,0,"HV=OFF, Fault=NO"
107.067272,2026-03-10 17:59:03.991,ARDUINO_PSI,Arduino,0.000,0.000,12.849,,
107.167042,2026-03-10 17:59:04.090,ARDUINO_PSI,Arduino,0.000,0.000,12.851,,
107.268580,2026-03-10 17:59:04.192,ARDUINO_PSI,Arduino,0.000,0.000,12.847,,
107.367878,2026-03-10 17:59:04.291,ARDUINO_PSI,Arduino,0.000,0.000,12.849,,
107.467198,2026-03-10 17:59:04.391,ARDUINO_PSI,Arduino,0.000,0.000,12.840,,
107.560226,2026-03-10 17:59:04.484,WJ_VOLTAGE,WJ1,0.098,0.000,0,0,"HV=OFF, Fault=NO"
107.561470,2026-03-10 17:59:04.485,WJ_VOLTAGE,WJ2,0.000,0.000,0,0,"HV=OFF, Fault=NO"
107.567950,2026-03-10 17:59:04.491,ARDUINO_PSI,Arduino,0.000,0.000,12.851,,
107.667079,2026-03-10 17:59:04.590,ARDUINO_PSI,Arduino,0.000,0.000,12.851,,
107.766962,2026-03-10 17:59:04.690,ARDUINO_PSI,Arduino,0.000,0.000,12.847,,
107.866926,2026-03-10 17:59:04.790,ARDUINO_PSI,Arduino,0.000,0.000,12.840,,
107.967093,2026-03-10 17:59:04.890,ARDUINO_PSI,Arduino,0.000,0.000,12.842,,
108.066468,2026-03-10 17:59:04.990,ARDUINO_PSI,Arduino,0.000,0.000,12.840,,
108.089708,2026-03-10 17:59:05.013,WJ_VOLTAGE,WJ2,0.000,0.000,0,0,"HV=OFF, Fault=NO"
108.090858,2026-03-10 17:59:05.014,WJ_VOLTAGE,WJ1,0.098,0.000,0,0,"HV=OFF, Fault=NO"
108.167181,2026-03-10 17:59:05.091,ARDUINO_PSI,Arduino,0.000,0.000,12.833,,
108.266778,2026-03-10 17:59:05.190,ARDUINO_PSI,Arduino,0.000,0.000,12.835,,
108.367160,2026-03-10 17:59:05.291,ARDUINO_PSI,Arduino,0.000,0.000,12.840,,
108.467141,2026-03-10 17:59:05.391,ARDUINO_PSI,Arduino,0.000,0.000,12.842,,
108.566771,2026-03-10 17:59:05.490,ARDUINO_PSI,Arduino,0.000,0.000,12.833,,
108.619881,2026-03-10 17:59:05.543,WJ_VOLTAGE,WJ2,0.000,0.000,0,0,"HV=OFF, Fault=NO"
108.621184,2026-03-10 17:59:05.545,WJ_VOLTAGE,WJ1,0.098,0.000,0,0,"HV=OFF, Fault=NO"
108.666980,2026-03-10 17:59:05.590,ARDUINO_PSI,Arduino,0.000,0.000,12.833,,
108.766931,2026-03-10 17:59:05.690,ARDUINO_PSI,Arduino,0.000,0.000,12.826,,
108.866826,2026-03-10 17:59:05.790,ARDUINO_PSI,Arduino,0.000,0.000,12.840,,
108.967436,2026-03-10 17:59:05.891,ARDUINO_PSI,Arduino,0.000,0.000,12.847,,
109.066782,2026-03-10 17:59:05.990,ARDUINO_PSI,Arduino,0.000,0.000,12.838,,
109.150420,2026-03-10 17:59:06.074,WJ_VOLTAGE,WJ1,0.098,0.000,0,0,"HV=OFF, Fault=NO"
109.154399,2026-03-10 17:59:06.078,WJ_VOLTAGE,WJ2,0.000,0.000,0,0,"HV=OFF, Fault=NO"
109.166154,2026-03-10 17:59:06.090,ARDUINO_PSI,Arduino,0.000,0.000,12.831,,
109.267152,2026-03-10 17:59:06.191,ARDUINO_PSI,Arduino,0.000,0.000,12.826,,
109.367781,2026-03-10 17:59:06.291,ARDUINO_PSI,Arduino,0.000,0.000,12.815,,
109.466685,2026-03-10 17:59:06.390,ARDUINO_PSI,Arduino,0.000,0.000,12.826,,
109.567262,2026-03-10 17:59:06.491,ARDUINO_PSI,Arduino,0.000,0.000,12.819,,
109.667116,2026-03-10 17:59:06.590,ARDUINO_PSI,Arduino,0.000,0.000,12.815,,
109.679231,2026-03-10 17:59:06.603,WJ_VOLTAGE,WJ1,0.098,0.000,0,0,"HV=OFF, Fault=NO"
109.680463,2026-03-10 17:59:06.604,WJ_VOLTAGE,WJ2,0.000,0.000,0,0,"HV=OFF, Fault=NO"
109.767582,2026-03-10 17:59:06.691,ARDUINO_PSI,Arduino,0.000,0.000,12.826,,
109.866652,2026-03-10 17:59:06.790,ARDUINO_PSI,Arduino,0.000,0.000,12.826,,
109.967941,2026-03-10 17:59:06.891,ARDUINO_PSI,Arduino,0.000,0.000,12.831,,
110.066752,2026-03-10 17:59:06.990,ARDUINO_PSI,Arduino,0.000,0.000,12.840,,
110.167013,2026-03-10 17:59:07.090,ARDUINO_PSI,Arduino,0.000,0.000,12.849,,
110.213245,2026-03-10 17:59:07.137,WJ_VOLTAGE,WJ2,0.000,0.000,0,0,"HV=OFF, Fault=NO"
110.216454,2026-03-10 17:59:07.140,WJ_VOLTAGE,WJ1,0.098,0.000,0,0,"HV=OFF, Fault=NO"
110.267112,2026-03-10 17:59:07.190,ARDUINO_PSI,Arduino,0.000,0.000,12.849,,
110.367332,2026-03-10 17:59:07.291,ARDUINO_PSI,Arduino,0.000,0.000,12.842,,
110.469088,2026-03-10 17:59:07.392,ARDUINO_PSI,Arduino,0.000,0.000,12.847,,
110.567372,2026-03-10 17:59:07.491,ARDUINO_PSI,Arduino,0.000,0.000,12.858,,
110.668786,2026-03-10 17:59:07.592,ARDUINO_PSI,Arduino,0.000,0.000,12.861,,
110.741498,2026-03-10 17:59:07.665,WJ_VOLTAGE,WJ1,0.098,0.000,0,0,"HV=OFF, Fault=NO"
110.742837,2026-03-10 17:59:07.666,WJ_VOLTAGE,WJ2,0.000,0.000,0,0,"HV=OFF, Fault=NO"
110.767205,2026-03-10 17:59:07.691,ARDUINO_PSI,Arduino,0.000,0.000,12.867,,
110.867603,2026-03-10 17:59:07.791,ARDUINO_PSI,Arduino,0.000,0.000,12.856,,
110.967731,2026-03-10 17:59:07.891,ARDUINO_PSI,Arduino,0.000,0.000,12.856,,
111.067992,2026-03-10 17:59:07.991,ARDUINO_PSI,Arduino,0.000,0.000,12.861,,
111.167054,2026-03-10 17:59:08.090,ARDUINO_PSI,Arduino,0.000,0.000,12.872,,
111.268384,2026-03-10 17:59:08.192,ARDUINO_PSI,Arduino,0.000,0.000,12.874,,
111.272638,2026-03-10 17:59:08.196,WJ_VOLTAGE,WJ1,0.098,0.000,0,0,"HV=OFF, Fault=NO"
111.274338,2026-03-10 17:59:08.198,WJ_VOLTAGE,WJ2,0.000,0.000,0,0,"HV=OFF, Fault=NO"
111.367019,2026-03-10 17:59:08.290,ARDUINO_PSI,Arduino,0.000,0.000,12.886,,
111.466888,2026-03-10 17:59:08.390,ARDUINO_PSI,Arduino,0.000,0.000,12.877,,
111.567319,2026-03-10 17:59:08.491,ARDUINO_PSI,Arduino,0.000,0.000,12.877,,
111.667811,2026-03-10 17:59:08.591,ARDUINO_PSI,Arduino,0.000,0.000,12.881,,
111.767825,2026-03-10 17:59:08.691,ARDUINO_PSI,Arduino,0.000,0.000,12.883,,
111.802328,2026-03-10 17:59:08.726,WJ_VOLTAGE,WJ1,0.000,0.000,0,0,"HV=OFF, Fault=NO"
111.804138,2026-03-10 17:59:08.728,WJ_VOLTAGE,WJ2,0.000,0.000,0,0,"HV=OFF, Fault=NO"
111.866841,2026-03-10 17:59:08.790,ARDUINO_PSI,Arduino,0.000,0.000,12.888,,
111.966917,2026-03-10 17:59:08.890,ARDUINO_PSI,Arduino,0.000,0.000,12.874,,
112.068190,2026-03-10 17:59:08.992,ARDUINO_PSI,Arduino,0.000,0.000,12.879,,
112.168280,2026-03-10 17:59:09.092,ARDUINO_PSI,Arduino,0.000,0.000,12.879,,
112.266804,2026-03-10 17:59:09.190,ARDUINO_PSI,Arduino,0.000,0.000,12.886,,
112.333011,2026-03-10 17:59:09.256,WJ_VOLTAGE,WJ2,0.000,0.000,0,0,"HV=OFF, Fault=NO"
112.336893,2026-03-10 17:59:09.260,WJ_VOLTAGE,WJ1,0.000,0.000,0,0,"HV=OFF, Fault=NO"
112.366392,2026-03-10 17:59:09.290,ARDUINO_PSI,Arduino,0.000,0.000,12.886,,
112.466434,2026-03-10 17:59:09.390,ARDUINO_PSI,Arduino,0.000,0.000,12.881,,
112.567471,2026-03-10 17:59:09.491,ARDUINO_PSI,Arduino,0.000,0.000,12.877,,
112.667509,2026-03-10 17:59:09.591,ARDUINO_PSI,Arduino,0.000,0.000,12.874,,
112.767607,2026-03-10 17:59:09.691,ARDUINO_PSI,Arduino,0.000,0.000,12.874,,
112.863058,2026-03-10 17:59:09.786,WJ_VOLTAGE,WJ2,0.000,0.000,0,0,"HV=OFF, Fault=NO"
112.867988,2026-03-10 17:59:09.791,WJ_VOLTAGE,WJ1,0.000,0.000,0,0,"HV=OFF, Fault=NO"
112.873814,2026-03-10 17:59:09.797,ARDUINO_PSI,Arduino,0.000,0.000,12.874,,
112.967310,2026-03-10 17:59:09.891,ARDUINO_PSI,Arduino,0.000,0.000,12.872,,
113.067513,2026-03-10 17:59:09.991,ARDUINO_PSI,Arduino,0.000,0.000,12.870,,
113.166746,2026-03-10 17:59:10.090,ARDUINO_PSI,Arduino,0.000,0.000,12.858,,
113.267784,2026-03-10 17:59:10.191,ARDUINO_PSI,Arduino,0.000,0.000,12.865,,
113.366780,2026-03-10 17:59:10.290,ARDUINO_PSI,Arduino,0.000,0.000,12.861,,
113.391232,2026-03-10 17:59:10.315,WJ_VOLTAGE,WJ2,0.000,0.000,0,0,"HV=OFF, Fault=NO"
113.393216,2026-03-10 17:59:10.317,WJ_VOLTAGE,WJ1,0.000,0.000,0,0,"HV=OFF, Fault=NO"
113.467273,2026-03-10 17:59:10.391,ARDUINO_PSI,Arduino,0.000,0.000,12.863,,
113.567622,2026-03-10 17:59:10.491,ARDUINO_PSI,Arduino,0.000,0.000,12.867,,
113.667589,2026-03-10 17:59:10.591,ARDUINO_PSI,Arduino,0.000,0.000,12.874,,
113.766380,2026-03-10 17:59:10.690,ARDUINO_PSI,Arduino,0.000,0.000,12.870,,
113.867127,2026-03-10 17:59:10.791,ARDUINO_PSI,Arduino,0.000,0.000,12.879,,
113.923174,2026-03-10 17:59:10.847,WJ_VOLTAGE,WJ1,0.000,0.000,0,0,"HV=OFF, Fault=NO"
113.926899,2026-03-10 17:59:10.850,WJ_VOLTAGE,WJ2,0.000,0.000,0,0,"HV=OFF, Fault=NO"
113.967477,2026-03-10 17:59:10.891,ARDUINO_PSI,Arduino,0.000,0.000,12.874,,
114.066827,2026-03-10 17:59:10.990,ARDUINO_PSI,Arduino,0.000,0.000,12.867,,
114.167794,2026-03-10 17:59:11.091,ARDUINO_PSI,Arduino,0.000,0.000,12.874,,
114.266680,2026-03-10 17:59:11.190,ARDUINO_PSI,Arduino,0.000,0.000,12.870,,
114.366706,2026-03-10 17:59:11.290,ARDUINO_PSI,Arduino,0.000,0.000,12.867,,
114.448729,2026-03-10 17:59:11.372,WJ_VOLTAGE,WJ1,0.098,0.000,0,0,"HV=OFF, Fault=NO"
114.453421,2026-03-10 17:59:11.377,WJ_VOLTAGE,WJ2,0.000,0.000,0,0,"HV=OFF, Fault=NO"
114.467351,2026-03-10 17:59:11.391,ARDUINO_PSI,Arduino,0.000,0.000,12.870,,
114.567380,2026-03-10 17:59:11.491,ARDUINO_PSI,Arduino,0.000,0.000,12.870,,
114.667732,2026-03-10 17:59:11.591,ARDUINO_PSI,Arduino,0.000,0.000,12.879,,
114.767282,2026-03-10 17:59:11.691,ARDUINO_PSI,Arduino,0.000,0.000,12.870,,
114.866770,2026-03-10 17:59:11.790,ARDUINO_PSI,Arduino,0.000,0.000,12.870,,
114.966813,2026-03-10 17:59:11.890,ARDUINO_PSI,Arduino,0.000,0.000,12.865,,
114.977419,2026-03-10 17:59:11.901,WJ_VOLTAGE,WJ2,0.000,0.000,0,0,"HV=OFF, Fault=NO"
114.980121,2026-03-10 17:59:11.903,WJ_VOLTAGE,WJ1,0.000,0.000,0,0,"HV=OFF, Fault=NO"
115.066701,2026-03-10 17:59:11.990,ARDUINO_PSI,Arduino,0.000,0.000,12.877,,
115.166408,2026-03-10 17:59:12.090,ARDUINO_PSI,Arduino,0.000,0.000,12.879,,
115.266937,2026-03-10 17:59:12.190,ARDUINO_PSI,Arduino,0.000,0.000,12.879,,
115.366911,2026-03-10 17:59:12.290,ARDUINO_PSI,Arduino,0.000,0.000,12.883,,
115.466770,2026-03-10 17:59:12.390,ARDUINO_PSI,Arduino,0.000,0.000,12.883,,
115.537086,2026-03-10 17:59:12.460,WJ_VOLTAGE,WJ2,0.000,0.000,0,0,"HV=OFF, Fault=NO"
115.538295,2026-03-10 17:59:12.462,WJ_VOLTAGE,WJ1,0.000,0.000,0,0,"HV=OFF, Fault=NO"
115.566796,2026-03-10 17:59:12.490,ARDUINO_PSI,Arduino,0.000,0.000,12.870,,
115.666773,2026-03-10 17:59:12.590,ARDUINO_PSI,Arduino,0.000,0.000,12.854,,
115.766763,2026-03-10 17:59:12.690,ARDUINO_PSI,Arduino,0.000,0.000,12.851,,
115.866941,2026-03-10 17:59:12.790,ARDUINO_PSI,Arduino,0.000,0.000,12.845,,
115.967188,2026-03-10 17:59:12.891,ARDUINO_PSI,Arduino,0.000,0.000,12.858,,
116.036071,2026-03-10 17:59:12.959,WJ_VOLTAGE,WJ2,0.000,0.000,0,0,"HV=OFF, Fault=NO"
116.037348,2026-03-10 17:59:12.961,WJ_VOLTAGE,WJ1,0.000,0.000,0,0,"HV=OFF, Fault=NO"
116.067333,2026-03-10 17:59:12.991,ARDUINO_PSI,Arduino,0.000,0.000,12.856,,
116.166841,2026-03-10 17:59:13.090,ARDUINO_PSI,Arduino,0.000,0.000,12.840,,
116.267763,2026-03-10 17:59:13.191,ARDUINO_PSI,Arduino,0.000,0.000,12.845,,
116.367431,2026-03-10 17:59:13.291,ARDUINO_PSI,Arduino,0.000,0.000,12.851,,
116.466394,2026-03-10 17:59:13.390,ARDUINO_PSI,Arduino,0.000,0.000,12.847,,
116.565407,2026-03-10 17:59:13.489,WJ_VOLTAGE,WJ1,0.098,0.000,0,0,"HV=OFF, Fault=NO"
116.569705,2026-03-10 17:59:13.493,WJ_VOLTAGE,WJ2,0.000,0.000,0,0,"HV=OFF, Fault=NO"
116.579458,2026-03-10 17:59:13.503,ARDUINO_PSI,Arduino,0.000,0.000,12.849,,
116.666684,2026-03-10 17:59:13.590,ARDUINO_PSI,Arduino,0.000,0.000,12.845,,
116.767027,2026-03-10 17:59:13.690,ARDUINO_PSI,Arduino,0.000,0.000,12.838,,
116.866210,2026-03-10 17:59:13.790,ARDUINO_PSI,Arduino,0.000,0.000,12.835,,
116.969340,2026-03-10 17:59:13.893,ARDUINO_PSI,Arduino,0.000,0.000,12.835,,
117.066869,2026-03-10 17:59:13.990,ARDUINO_PSI,Arduino,0.000,0.000,12.833,,
117.097908,2026-03-10 17:59:14.021,WJ_VOLTAGE,WJ2,0.000,0.000,0,0,"HV=OFF, Fault=NO"
117.099206,2026-03-10 17:59:14.023,WJ_VOLTAGE,WJ1,0.000,0.000,0,0,"HV=OFF, Fault=NO"
117.166157,2026-03-10 17:59:14.090,ARDUINO_PSI,Arduino,0.000,0.000,12.838,,
117.266900,2026-03-10 17:59:14.190,ARDUINO_PSI,Arduino,0.000,0.000,12.831,,
117.367651,2026-03-10 17:59:14.291,ARDUINO_PSI,Arduino,0.000,0.000,12.833,,
117.466510,2026-03-10 17:59:14.390,ARDUINO_PSI,Arduino,0.000,0.000,12.842,,
117.566687,2026-03-10 17:59:14.490,ARDUINO_PSI,Arduino,0.000,0.000,12.858,,
117.626196,2026-03-10 17:59:14.550,WJ_VOLTAGE,WJ2,0.000,0.000,0,0,"HV=OFF, Fault=NO"
117.629565,2026-03-10 17:59:14.553,WJ_VOLTAGE,WJ1,0.000,0.000,0,0,"HV=OFF, Fault=NO"
117.667319,2026-03-10 17:59:14.591,ARDUINO_PSI,Arduino,0.000,0.000,12.861,,
117.766349,2026-03-10 17:59:14.690,ARDUINO_PSI,Arduino,0.000,0.000,12.861,,
117.867484,2026-03-10 17:59:14.791,ARDUINO_PSI,Arduino,0.000,0.000,12.858,,
117.967349,2026-03-10 17:59:14.891,ARDUINO_PSI,Arduino,0.000,0.000,12.845,,
118.066609,2026-03-10 17:59:14.990,ARDUINO_PSI,Arduino,0.000,0.000,12.845,,
118.157155,2026-03-10 17:59:15.081,WJ_VOLTAGE,WJ2,0.000,0.000,0,0,"HV=OFF, Fault=NO"
118.161307,2026-03-10 17:59:15.085,WJ_VOLTAGE,WJ1,0.000,0.000,0,0,"HV=OFF, Fault=NO"
118.173595,2026-03-10 17:59:15.097,ARDUINO_PSI,Arduino,0.000,0.000,12.851,,
118.267598,2026-03-10 17:59:15.191,ARDUINO_PSI,Arduino,0.000,0.000,12.856,,
118.367425,2026-03-10 17:59:15.291,ARDUINO_PSI,Arduino,0.000,0.000,12.856,,
118.467295,2026-03-10 17:59:15.391,ARDUINO_PSI,Arduino,0.000,0.000,12.863,,
118.566734,2026-03-10 17:59:15.490,ARDUINO_PSI,Arduino,0.000,0.000,12.863,,
118.666447,2026-03-10 17:59:15.590,ARDUINO_PSI,Arduino,0.000,0.000,12.874,,
118.685902,2026-03-10 17:59:15.609,WJ_VOLTAGE,WJ2,0.000,0.000,0,0,"HV=OFF, Fault=NO"
118.687629,2026-03-10 17:59:15.611,WJ_VOLTAGE,WJ1,0.000,0.000,0,0,"HV=OFF, Fault=NO"
118.766438,2026-03-10 17:59:15.690,ARDUINO_PSI,Arduino,0.000,0.000,12.877,,
118.866967,2026-03-10 17:59:15.790,ARDUINO_PSI,Arduino,0.000,0.000,12.888,,
118.967787,2026-03-10 17:59:15.891,ARDUINO_PSI,Arduino,0.000,0.000,12.881,,
119.066813,2026-03-10 17:59:15.990,ARDUINO_PSI,Arduino,0.000,0.000,12.865,,
119.167072,2026-03-10 17:59:16.090,ARDUINO_PSI,Arduino,0.000,0.000,12.865,,
119.219715,2026-03-10 17:59:16.143,WJ_VOLTAGE,WJ1,0.000,0.000,0,0,"HV=OFF, Fault=NO"
119.223536,2026-03-10 17:59:16.147,WJ_VOLTAGE,WJ2,0.000,0.000,0,0,"HV=OFF, Fault=NO"
119.268064,2026-03-10 17:59:16.191,ARDUINO_PSI,Arduino,0.000,0.000,12.865,,
119.367786,2026-03-10 17:59:16.291,ARDUINO_PSI,Arduino,0.000,0.000,12.856,,
119.469071,2026-03-10 17:59:16.392,ARDUINO_PSI,Arduino,0.000,0.000,12.854,,
119.568147,2026-03-10 17:59:16.492,ARDUINO_PSI,Arduino,0.000,0.000,12.854,,
119.669239,2026-03-10 17:59:16.593,ARDUINO_PSI,Arduino,0.000,0.000,12.861,,
119.749798,2026-03-10 17:59:16.673,WJ_VOLTAGE,WJ2,0.000,0.000,0,0,"HV=OFF, Fault=NO"
119.753691,2026-03-10 17:59:16.677,WJ_VOLTAGE,WJ1,0.000,0.000,0,0,"HV=OFF, Fault=NO"
119.766154,2026-03-10 17:59:16.690,ARDUINO_PSI,Arduino,0.000,0.000,12.872,,
119.866360,2026-03-10 17:59:16.790,ARDUINO_PSI,Arduino,0.000,0.000,12.872,,
119.967876,2026-03-10 17:59:16.891,ARDUINO_PSI,Arduino,0.000,0.000,12.881,,
120.067137,2026-03-10 17:59:16.991,ARDUINO_PSI,Arduino,0.000,0.000,12.883,,
120.168476,2026-03-10 17:59:17.092,ARDUINO_PSI,Arduino,0.000,0.000,12.883,,
121.115289,2026-03-10 17:59:18.039,WJ_COMMAND,WJ1,HV_ON,,,,HV_ON 
121.210217,2026-03-10 17:59:18.134,WJ_COMMAND,WJ2,HV_ON,,,,HV_ON 
121.211775,2026-03-10 17:59:18.135,ARDUINO_PSI,Arduino,0.000,0.000,12.867,,
121.216805,2026-03-10 17:59:18.140,WJ_VOLTAGE,WJ1,0.000,0.000,0,0,"HV=OFF, Fault=NO"
121.221699,2026-03-10 17:59:18.145,WJ_VOLTAGE,WJ2,0.000,0.000,0,0,"HV=OFF, Fault=NO"
121.223500,2026-03-10 17:59:18.147,ARDUINO_PSI,Arduino,0.000,0.000,12.863,,
121.225148,2026-03-10 17:59:18.149,ARDUINO_PSI,Arduino,0.000,0.000,12.870,,
121.227100,2026-03-10 17:59:18.150,ARDUINO_PSI,Arduino,0.000,0.000,12.863,,
121.228323,2026-03-10 17:59:18.152,ARDUINO_PSI,Arduino,0.000,0.000,12.858,,
121.229473,2026-03-10 17:59:18.153,ARDUINO_PSI,Arduino,0.000,0.000,12.863,,
121.230710,2026-03-10 17:59:18.154,WJ_VOLTAGE,WJ2,0.000,0.000,0,0,"HV=OFF, Fault=NO"
121.231299,2026-03-10 17:59:18.155,ARDUINO_PSI,Arduino,0.000,0.000,12.861,,
121.232211,2026-03-10 17:59:18.156,ARDUINO_PSI,Arduino,0.000,0.000,12.867,,
121.233962,2026-03-10 17:59:18.157,ARDUINO_PSI,Arduino,0.000,0.000,12.872,,
121.235934,2026-03-10 17:59:18.159,WJ_VOLTAGE,WJ2,0.000,0.000,0,0,"HV=OFF, Fault=NO"
121.236518,2026-03-10 17:59:18.160,ARDUINO_PSI,Arduino,0.000,0.000,12.861,,
121.266173,2026-03-10 17:59:18.190,ARDUINO_PSI,Arduino,0.000,0.000,12.861,,
121.367188,2026-03-10 17:59:18.291,ARDUINO_PSI,Arduino,0.000,0.000,12.872,,
121.466373,2026-03-10 17:59:18.390,ARDUINO_PSI,Arduino,0.000,0.000,12.872,,
121.567476,2026-03-10 17:59:18.491,ARDUINO_PSI,Arduino,0.000,0.000,12.872,,
121.653308,2026-03-10 17:59:18.577,WJ_VOLTAGE,WJ1,0.000,0.000,0,0,"HV=OFF, Fault=NO"
121.668706,2026-03-10 17:59:18.592,ARDUINO_PSI,Arduino,0.000,0.000,12.870,,
121.766886,2026-03-10 17:59:18.690,ARDUINO_PSI,Arduino,0.000,0.000,12.863,,
121.867231,2026-03-10 17:59:18.791,ARDUINO_PSI,Arduino,0.000,0.000,12.856,,
121.967434,2026-03-10 17:59:18.891,ARDUINO_PSI,Arduino,0.000,0.000,12.854,,
122.066803,2026-03-10 17:59:18.990,ARDUINO_PSI,Arduino,0.000,0.000,12.861,,
122.167198,2026-03-10 17:59:19.091,ARDUINO_PSI,Arduino,0.000,0.000,12.863,,
122.179842,2026-03-10 17:59:19.103,WJ_VOLTAGE,WJ1,0.000,0.000,0,0,"HV=OFF, Fault=NO"
122.267323,2026-03-10 17:59:19.191,ARDUINO_PSI,Arduino,0.000,0.000,12.877,,
122.366854,2026-03-10 17:59:19.290,ARDUINO_PSI,Arduino,0.000,0.000,12.881,,
122.396031,2026-03-10 17:59:19.319,WJ_VOLTAGE,WJ2,0.000,0.000,0,0,"HV=OFF, Fault=NO"
122.467817,2026-03-10 17:59:19.391,ARDUINO_PSI,Arduino,0.000,0.000,12.872,,
122.566852,2026-03-10 17:59:19.490,ARDUINO_PSI,Arduino,0.000,0.000,12.881,,
122.668841,2026-03-10 17:59:19.592,ARDUINO_PSI,Arduino,0.000,0.000,12.881,,
122.705591,2026-03-10 17:59:19.629,WJ_VOLTAGE,WJ1,0.000,0.000,0,0,"HV=OFF, Fault=NO"
122.767324,2026-03-10 17:59:19.691,ARDUINO_PSI,Arduino,0.000,0.000,12.883,,
122.868219,2026-03-10 17:59:19.792,ARDUINO_PSI,Arduino,0.000,0.000,12.881,,
122.923652,2026-03-10 17:59:19.847,WJ_VOLTAGE,WJ2,0.000,0.000,0,0,"HV=OFF, Fault=NO"
122.966738,2026-03-10 17:59:19.890,ARDUINO_PSI,Arduino,0.000,0.000,12.883,,
123.068056,2026-03-10 17:59:19.991,ARDUINO_PSI,Arduino,0.000,0.000,12.890,,
123.168253,2026-03-10 17:59:20.092,ARDUINO_PSI,Arduino,0.000,0.000,12.895,,
123.236349,2026-03-10 17:59:20.160,WJ_VOLTAGE,WJ1,0.000,0.000,0,0,"HV=OFF, Fault=NO"
123.266937,2026-03-10 17:59:20.190,ARDUINO_PSI,Arduino,0.000,0.000,12.890,,
123.366854,2026-03-10 17:59:20.290,ARDUINO_PSI,Arduino,0.000,0.000,12.883,,
123.546319,2026-03-10 17:59:20.470,WJ_COMMAND,WJ1,SET_PROGRAM,5.0kV_2.0mA,,,SET_PROGRAM 5.0kV_2.0mA
123.640517,2026-03-10 17:59:20.564,WJ_COMMAND,WJ2,SET_PROGRAM,5.0kV_2.0mA,,,SET_PROGRAM 5.0kV_2.0mA
123.643809,2026-03-10 17:59:20.567,WJ_VOLTAGE,WJ2,0.000,0.000,0,0,"HV=OFF, Fault=NO"
123.645707,2026-03-10 17:59:20.569,ARDUINO_PSI,Arduino,0.000,0.000,12.870,,
123.649395,2026-03-10 17:59:20.573,WJ_VOLTAGE,WJ1,0.000,0.000,0,0,"HV=OFF, Fault=NO"
123.651142,2026-03-10 17:59:20.575,ARDUINO_PSI,Arduino,0.000,0.000,12.872,,
123.667523,2026-03-10 17:59:20.591,ARDUINO_PSI,Arduino,0.000,0.000,12.881,,
123.768260,2026-03-10 17:59:20.692,ARDUINO_PSI,Arduino,0.000,0.000,12.881,,
123.867654,2026-03-10 17:59:20.791,ARDUINO_PSI,Arduino,0.000,0.000,12.879,,
123.968622,2026-03-10 17:59:20.892,ARDUINO_PSI,Arduino,0.000,0.000,12.879,,
124.003917,2026-03-10 17:59:20.927,WJ_VOLTAGE,WJ1,0.000,0.158,0,0,"HV=OFF, Fault=NO"
124.066464,2026-03-10 17:59:20.990,ARDUINO_PSI,Arduino,0.000,0.000,12.879,,
124.094805,2026-03-10 17:59:21.018,WJ_VOLTAGE,WJ2,0.196,1.038,0,0,"HV=OFF, Fault=NO"
124.166967,2026-03-10 17:59:21.090,ARDUINO_PSI,Arduino,0.000,0.000,12.877,,
124.268175,2026-03-10 17:59:21.192,ARDUINO_PSI,Arduino,0.000,0.000,12.881,,
124.368548,2026-03-10 17:59:21.292,ARDUINO_PSI,Arduino,0.000,0.000,12.886,,
124.606703,2026-03-10 17:59:21.530,WJ_COMMAND,WJ1,HV_ON,,,,HV_ON 
124.700756,2026-03-10 17:59:21.624,WJ_COMMAND,WJ2,HV_ON,,,,HV_ON 
124.702530,2026-03-10 17:59:21.626,ARDUINO_PSI,Arduino,0.000,0.000,12.893,,
124.707327,2026-03-10 17:59:21.631,WJ_VOLTAGE,WJ1,1.857,2.000,0,0,"HV=OFF, Fault=NO"
124.708866,2026-03-10 17:59:21.632,ARDUINO_PSI,Arduino,0.000,0.000,12.893,,
124.710182,2026-03-10 17:59:21.634,WJ_VOLTAGE,WJ2,2.053,2.000,0,0,"HV=OFF, Fault=NO"
124.710701,2026-03-10 17:59:21.634,ARDUINO_PSI,Arduino,0.000,0.000,12.886,,
124.766968,2026-03-10 17:59:21.690,ARDUINO_PSI,Arduino,0.000,0.000,12.888,,
124.868441,2026-03-10 17:59:21.792,ARDUINO_PSI,Arduino,0.000,0.000,12.890,,
124.966957,2026-03-10 17:59:21.890,ARDUINO_PSI,Arduino,0.000,0.000,12.893,,
125.058180,2026-03-10 17:59:21.982,WJ_VOLTAGE,WJ1,3.128,2.000,0,0,"HV=OFF, Fault=NO"
125.069770,2026-03-10 17:59:21.993,ARDUINO_PSI,Arduino,0.000,0.000,12.902,,
125.153962,2026-03-10 17:59:22.077,WJ_VOLTAGE,WJ2,3.519,2.000,0,0,"HV=OFF, Fault=NO"
125.166920,2026-03-10 17:59:22.090,ARDUINO_PSI,Arduino,0.000,0.000,12.906,,
125.268563,2026-03-10 17:59:22.192,ARDUINO_PSI,Arduino,0.000,0.000,12.906,,
125.366840,2026-03-10 17:59:22.290,ARDUINO_PSI,Arduino,0.000,0.000,12.918,,
125.469035,2026-03-10 17:59:22.392,ARDUINO_PSI,Arduino,0.000,0.000,12.927,,
125.567663,2026-03-10 17:59:22.491,ARDUINO_PSI,Arduino,0.000,0.000,12.918,,
125.589586,2026-03-10 17:59:22.513,WJ_VOLTAGE,WJ1,4.399,2.000,0,0,"HV=OFF, Fault=NO"
125.667029,2026-03-10 17:59:22.590,ARDUINO_PSI,Arduino,0.000,0.000,12.913,,
125.681229,2026-03-10 17:59:22.605,WJ_VOLTAGE,WJ2,4.888,2.000,0,0,"HV=OFF, Fault=NO"
125.767953,2026-03-10 17:59:22.691,ARDUINO_PSI,Arduino,0.000,0.000,12.918,,
125.867200,2026-03-10 17:59:22.791,ARDUINO_PSI,Arduino,0.000,0.000,12.918,,
125.967053,2026-03-10 17:59:22.890,ARDUINO_PSI,Arduino,0.000,0.000,12.920,,
126.067087,2026-03-10 17:59:22.990,ARDUINO_PSI,Arduino,0.000,0.000,12.913,,
126.116479,2026-03-10 17:59:23.040,WJ_VOLTAGE,WJ1,4.985,0.768,0,0,"HV=OFF, Fault=NO"
126.167287,2026-03-10 17:59:23.091,ARDUINO_PSI,Arduino,0.000,0.000,12.920,,
126.209646,2026-03-10 17:59:23.133,WJ_VOLTAGE,WJ2,4.985,0.434,0,0,"HV=OFF, Fault=NO"
126.268307,2026-03-10 17:59:23.192,ARDUINO_PSI,Arduino,0.000,0.000,12.913,,
126.368751,2026-03-10 17:59:23.292,ARDUINO_PSI,Arduino,0.000,0.000,12.899,,
126.469197,2026-03-10 17:59:23.393,ARDUINO_PSI,Arduino,0.000,0.000,12.888,,
126.566924,2026-03-10 17:59:23.490,ARDUINO_PSI,Arduino,0.000,0.000,12.883,,
126.646941,2026-03-10 17:59:23.570,WJ_VOLTAGE,WJ1,4.985,0.188,0,0,"HV=OFF, Fault=NO"
126.666124,2026-03-10 17:59:23.590,ARDUINO_PSI,Arduino,0.000,0.000,12.877,,
126.740638,2026-03-10 17:59:23.664,WJ_VOLTAGE,WJ2,4.985,0.117,0,0,"HV=OFF, Fault=NO"
126.766268,2026-03-10 17:59:23.690,ARDUINO_PSI,Arduino,0.000,0.000,12.870,,
126.866775,2026-03-10 17:59:23.790,ARDUINO_PSI,Arduino,0.000,0.000,12.863,,
126.966835,2026-03-10 17:59:23.890,ARDUINO_PSI,Arduino,0.000,0.000,12.861,,
127.067242,2026-03-10 17:59:23.991,ARDUINO_PSI,Arduino,0.000,0.000,12.845,,
127.166387,2026-03-10 17:59:24.090,ARDUINO_PSI,Arduino,0.000,0.000,12.849,,
127.173866,2026-03-10 17:59:24.097,WJ_VOLTAGE,WJ1,4.985,0.059,0,0,"HV=OFF, Fault=NO"
127.267624,2026-03-10 17:59:24.191,ARDUINO_PSI,Arduino,0.000,0.000,12.847,,
127.269227,2026-03-10 17:59:24.193,WJ_VOLTAGE,WJ2,4.985,0.047,0,0,"HV=OFF, Fault=NO"
127.368286,2026-03-10 17:59:24.292,ARDUINO_PSI,Arduino,0.000,0.000,12.840,,
127.467039,2026-03-10 17:59:24.390,ARDUINO_PSI,Arduino,0.000,0.000,12.835,,
127.567186,2026-03-10 17:59:24.491,ARDUINO_PSI,Arduino,0.000,0.000,12.842,,
127.666980,2026-03-10 17:59:24.590,ARDUINO_PSI,Arduino,0.000,0.000,12.840,,
127.704496,2026-03-10 17:59:24.628,WJ_VOLTAGE,WJ1,4.985,0.023,0,0,"HV=OFF, Fault=NO"
127.766732,2026-03-10 17:59:24.690,ARDUINO_PSI,Arduino,0.000,0.000,12.833,,
127.797393,2026-03-10 17:59:24.721,WJ_VOLTAGE,WJ2,4.985,0.023,0,0,"HV=OFF, Fault=NO"
127.867325,2026-03-10 17:59:24.791,ARDUINO_PSI,Arduino,0.000,0.000,12.824,,
127.968848,2026-03-10 17:59:24.892,ARDUINO_PSI,Arduino,0.000,0.000,12.826,,
128.066904,2026-03-10 17:59:24.990,ARDUINO_PSI,Arduino,0.000,0.000,12.819,,
128.166604,2026-03-10 17:59:25.090,ARDUINO_PSI,Arduino,0.000,0.000,12.824,,
128.233152,2026-03-10 17:59:25.157,WJ_VOLTAGE,WJ1,4.985,0.018,0,0,"HV=OFF, Fault=NO"
128.266370,2026-03-10 17:59:25.190,ARDUINO_PSI,Arduino,0.000,0.000,12.817,,
128.327134,2026-03-10 17:59:25.251,WJ_VOLTAGE,WJ2,4.985,0.012,0,0,"HV=OFF, Fault=NO"
128.366810,2026-03-10 17:59:25.290,ARDUINO_PSI,Arduino,0.000,0.000,12.828,,
128.467915,2026-03-10 17:59:25.391,ARDUINO_PSI,Arduino,0.000,0.000,12.831,,
128.566854,2026-03-10 17:59:25.490,ARDUINO_PSI,Arduino,0.000,0.000,12.831,,
128.666818,2026-03-10 17:59:25.590,ARDUINO_PSI,Arduino,0.000,0.000,12.842,,
128.764520,2026-03-10 17:59:25.688,WJ_VOLTAGE,WJ1,4.985,0.012,0,0,"HV=OFF, Fault=NO"
128.774382,2026-03-10 17:59:25.698,ARDUINO_PSI,Arduino,0.000,0.000,12.849,,
128.859373,2026-03-10 17:59:25.783,WJ_VOLTAGE,WJ2,4.985,0.012,0,0,"HV=OFF, Fault=NO"
128.876031,2026-03-10 17:59:25.799,ARDUINO_PSI,Arduino,0.000,0.000,12.851,,
128.966858,2026-03-10 17:59:25.890,ARDUINO_PSI,Arduino,0.000,0.000,12.854,,
129.068169,2026-03-10 17:59:25.992,ARDUINO_PSI,Arduino,0.000,0.000,12.856,,
129.167144,2026-03-10 17:59:26.091,ARDUINO_PSI,Arduino,0.000,0.000,12.847,,
129.268085,2026-03-10 17:59:26.191,ARDUINO_PSI,Arduino,0.000,0.000,12.863,,
129.294149,2026-03-10 17:59:26.218,WJ_VOLTAGE,WJ1,4.985,0.012,0,0,"HV=OFF, Fault=NO"
129.368449,2026-03-10 17:59:26.292,ARDUINO_PSI,Arduino,0.000,0.000,12.861,,
129.388024,2026-03-10 17:59:26.311,WJ_VOLTAGE,WJ2,4.985,0.012,0,0,"HV=OFF, Fault=NO"
129.467844,2026-03-10 17:59:26.391,ARDUINO_PSI,Arduino,0.000,0.000,12.867,,
129.566832,2026-03-10 17:59:26.490,ARDUINO_PSI,Arduino,0.000,0.000,12.861,,
129.668573,2026-03-10 17:59:26.592,ARDUINO_PSI,Arduino,0.000,0.000,12.861,,
129.768300,2026-03-10 17:59:26.692,ARDUINO_PSI,Arduino,0.000,0.000,12.851,,
129.825111,2026-03-10 17:59:26.748,WJ_VOLTAGE,WJ1,4.985,0.006,0,0,"HV=OFF, Fault=NO"
129.867221,2026-03-10 17:59:26.791,ARDUINO_PSI,Arduino,0.000,0.000,12.872,,
129.919618,2026-03-10 17:59:26.843,WJ_VOLTAGE,WJ2,4.985,0.006,0,0,"HV=OFF, Fault=NO"
129.966566,2026-03-10 17:59:26.890,ARDUINO_PSI,Arduino,0.000,0.000,12.874,,
130.066950,2026-03-10 17:59:26.990,ARDUINO_PSI,Arduino,0.000,0.000,12.881,,
130.166337,2026-03-10 17:59:27.090,ARDUINO_PSI,Arduino,0.000,0.000,12.867,,
130.266931,2026-03-10 17:59:27.190,ARDUINO_PSI,Arduino,0.000,0.000,12.883,,
130.354766,2026-03-10 17:59:27.278,WJ_VOLTAGE,WJ1,4.985,0.006,0,0,"HV=OFF, Fault=NO"
130.367966,2026-03-10 17:59:27.291,ARDUINO_PSI,Arduino,0.000,0.000,12.872,,
130.447999,2026-03-10 17:59:27.371,WJ_VOLTAGE,WJ2,4.985,0.006,0,0,"HV=OFF, Fault=NO"
130.466152,2026-03-10 17:59:27.390,ARDUINO_PSI,Arduino,0.000,0.000,12.879,,
130.568386,2026-03-10 17:59:27.492,ARDUINO_PSI,Arduino,0.000,0.000,12.883,,
130.666784,2026-03-10 17:59:27.590,ARDUINO_PSI,Arduino,0.000,0.000,12.888,,
130.767246,2026-03-10 17:59:27.691,ARDUINO_PSI,Arduino,0.000,0.000,12.874,,
130.868145,2026-03-10 17:59:27.792,ARDUINO_PSI,Arduino,0.000,0.000,12.870,,
130.881739,2026-03-10 17:59:27.805,WJ_VOLTAGE,WJ1,4.985,0.006,0,0,"HV=OFF, Fault=NO"
130.968306,2026-03-10 17:59:27.892,ARDUINO_PSI,Arduino,0.000,0.000,12.865,,
130.974101,2026-03-10 17:59:27.897,WJ_VOLTAGE,WJ2,4.985,0.006,0,0,"HV=OFF, Fault=NO"
131.066979,2026-03-10 17:59:27.990,ARDUINO_PSI,Arduino,0.000,0.000,12.865,,
131.167112,2026-03-10 17:59:28.090,ARDUINO_PSI,Arduino,0.000,0.000,12.861,,
131.267192,2026-03-10 17:59:28.191,ARDUINO_PSI,Arduino,0.000,0.000,12.851,,
131.367028,2026-03-10 17:59:28.290,ARDUINO_PSI,Arduino,0.000,0.000,12.854,,
131.412353,2026-03-10 17:59:28.336,WJ_VOLTAGE,WJ1,4.985,0.006,0,0,"HV=OFF, Fault=NO"
131.466600,2026-03-10 17:59:28.390,ARDUINO_PSI,Arduino,0.000,0.000,12.856,,
131.506265,2026-03-10 17:59:28.430,WJ_VOLTAGE,WJ2,4.985,0.006,0,0,"HV=OFF, Fault=NO"
131.566158,2026-03-10 17:59:28.490,ARDUINO_PSI,Arduino,0.000,0.000,12.856,,
131.666851,2026-03-10 17:59:28.590,ARDUINO_PSI,Arduino,0.000,0.000,12.863,,
131.767110,2026-03-10 17:59:28.690,ARDUINO_PSI,Arduino,0.000,0.000,12.877,,
131.868438,2026-03-10 17:59:28.792,ARDUINO_PSI,Arduino,0.000,0.000,12.870,,
132.019611,2026-03-10 17:59:28.943,WJ_COMMAND,WJ1,HV_OFF,,,,HV_OFF 
132.113388,2026-03-10 17:59:29.037,WJ_COMMAND,WJ2,HV_OFF,,,,HV_OFF 
132.116420,2026-03-10 17:59:29.040,WJ_VOLTAGE,WJ1,4.985,0.006,0,0,"HV=OFF, Fault=NO"
132.118344,2026-03-10 17:59:29.042,ARDUINO_PSI,Arduino,0.000,0.000,12.870,,
132.120953,2026-03-10 17:59:29.044,WJ_VOLTAGE,WJ2,4.985,0.006,0,0,"HV=OFF, Fault=NO"
132.121553,2026-03-10 17:59:29.045,ARDUINO_PSI,Arduino,0.000,0.000,12.865,,
132.168095,2026-03-10 17:59:29.091,ARDUINO_PSI,Arduino,0.000,0.000,12.865,,
132.268080,2026-03-10 17:59:29.191,ARDUINO_PSI,Arduino,0.000,0.000,12.858,,
132.367625,2026-03-10 17:59:29.291,ARDUINO_PSI,Arduino,0.000,0.000,12.861,,
132.468021,2026-03-10 17:59:29.391,ARDUINO_PSI,Arduino,0.000,0.000,12.863,,
132.471123,2026-03-10 17:59:29.394,WJ_VOLTAGE,WJ1,4.985,0.000,0,0,"HV=OFF, Fault=NO"
132.566544,2026-03-10 17:59:29.490,WJ_VOLTAGE,WJ2,4.985,0.000,0,0,"HV=OFF, Fault=NO"
132.578980,2026-03-10 17:59:29.502,ARDUINO_PSI,Arduino,0.000,0.000,12.863,,
132.666259,2026-03-10 17:59:29.590,ARDUINO_PSI,Arduino,0.000,0.000,12.861,,
132.767307,2026-03-10 17:59:29.691,ARDUINO_PSI,Arduino,0.000,0.000,12.867,,
132.866365,2026-03-10 17:59:29.790,ARDUINO_PSI,Arduino,0.000,0.000,12.870,,
132.968854,2026-03-10 17:59:29.892,ARDUINO_PSI,Arduino,0.000,0.000,12.883,,
133.003031,2026-03-10 17:59:29.926,WJ_VOLTAGE,WJ1,4.106,0.000,0,0,"HV=OFF, Fault=NO"
133.066891,2026-03-10 17:59:29.990,ARDUINO_PSI,Arduino,0.000,0.000,12.874,,
133.096628,2026-03-10 17:59:30.020,WJ_VOLTAGE,WJ2,4.106,0.000,0,0,"HV=OFF, Fault=NO"
133.167218,2026-03-10 17:59:30.091,ARDUINO_PSI,Arduino,0.000,0.000,12.888,,
133.267427,2026-03-10 17:59:30.191,ARDUINO_PSI,Arduino,0.000,0.000,12.893,,
133.366885,2026-03-10 17:59:30.290,ARDUINO_PSI,Arduino,0.000,0.000,12.890,,
133.467225,2026-03-10 17:59:30.391,ARDUINO_PSI,Arduino,0.000,0.000,12.888,,
133.533784,2026-03-10 17:59:30.457,WJ_VOLTAGE,WJ1,3.715,0.000,0,0,"HV=OFF, Fault=NO"
133.568116,2026-03-10 17:59:30.491,ARDUINO_PSI,Arduino,0.000,0.000,12.890,,
133.626384,2026-03-10 17:59:30.550,WJ_VOLTAGE,WJ2,3.617,0.000,0,0,"HV=OFF, Fault=NO"
133.666466,2026-03-10 17:59:30.590,ARDUINO_PSI,Arduino,0.000,0.000,12.874,,
133.768254,2026-03-10 17:59:30.692,ARDUINO_PSI,Arduino,0.000,0.000,12.874,,
133.866758,2026-03-10 17:59:30.790,ARDUINO_PSI,Arduino,0.000,0.000,12.874,,
133.966719,2026-03-10 17:59:30.890,ARDUINO_PSI,Arduino,0.000,0.000,12.872,,
134.064140,2026-03-10 17:59:30.988,WJ_VOLTAGE,WJ1,3.324,0.000,0,0,"HV=OFF, Fault=NO"
134.081878,2026-03-10 17:59:31.005,ARDUINO_PSI,Arduino,0.000,0.000,12.865,,
134.157213,2026-03-10 17:59:31.081,WJ_VOLTAGE,WJ2,3.128,0.000,0,0,"HV=OFF, Fault=NO"
134.167133,2026-03-10 17:59:31.091,ARDUINO_PSI,Arduino,0.000,0.000,12.870,,
134.268236,2026-03-10 17:59:31.192,ARDUINO_PSI,Arduino,0.000,0.000,12.865,,
134.366833,2026-03-10 17:59:31.290,ARDUINO_PSI,Arduino,0.000,0.000,12.863,,
134.469131,2026-03-10 17:59:31.393,ARDUINO_PSI,Arduino,0.000,0.000,12.854,,
134.566894,2026-03-10 17:59:31.490,ARDUINO_PSI,Arduino,0.000,0.000,12.856,,
134.592334,2026-03-10 17:59:31.516,WJ_VOLTAGE,WJ1,2.933,0.000,0,0,"HV=OFF, Fault=NO"
134.666948,2026-03-10 17:59:31.590,ARDUINO_PSI,Arduino,0.000,0.000,12.849,,
134.685678,2026-03-10 17:59:31.609,WJ_VOLTAGE,WJ2,2.737,0.000,0,0,"HV=OFF, Fault=NO"
134.766117,2026-03-10 17:59:31.689,ARDUINO_PSI,Arduino,0.000,0.000,12.861,,
134.867025,2026-03-10 17:59:31.790,ARDUINO_PSI,Arduino,0.000,0.000,12.861,,
134.968012,2026-03-10 17:59:31.891,ARDUINO_PSI,Arduino,0.000,0.000,12.851,,
135.068507,2026-03-10 17:59:31.992,ARDUINO_PSI,Arduino,0.000,0.000,12.867,,
135.122438,2026-03-10 17:59:32.046,WJ_VOLTAGE,WJ1,2.639,0.000,0,0,"HV=OFF, Fault=NO"
135.168579,2026-03-10 17:59:32.092,ARDUINO_PSI,Arduino,0.000,0.000,12.867,,
135.215161,2026-03-10 17:59:32.139,WJ_VOLTAGE,WJ2,2.444,0.000,0,0,"HV=OFF, Fault=NO"
135.268344,2026-03-10 17:59:32.192,ARDUINO_PSI,Arduino,0.000,0.000,12.865,,
135.368648,2026-03-10 17:59:32.292,ARDUINO_PSI,Arduino,0.000,0.000,12.865,,
135.468268,2026-03-10 17:59:32.392,ARDUINO_PSI,Arduino,0.000,0.000,12.863,,
135.567038,2026-03-10 17:59:32.490,ARDUINO_PSI,Arduino,0.000,0.000,12.861,,
135.648225,2026-03-10 17:59:32.572,WJ_VOLTAGE,WJ1,2.346,0.000,0,0,"HV=OFF, Fault=NO"
135.666518,2026-03-10 17:59:32.590,ARDUINO_PSI,Arduino,0.000,0.000,12.872,,
135.740763,2026-03-10 17:59:32.664,WJ_VOLTAGE,WJ2,2.151,0.000,0,0,"HV=OFF, Fault=NO"
135.766117,2026-03-10 17:59:32.689,ARDUINO_PSI,Arduino,0.000,0.000,12.879,,
135.867094,2026-03-10 17:59:32.790,ARDUINO_PSI,Arduino,0.000,0.000,12.872,,
135.966884,2026-03-10 17:59:32.890,ARDUINO_PSI,Arduino,0.000,0.000,12.874,,
136.066905,2026-03-10 17:59:32.990,ARDUINO_PSI,Arduino,0.000,0.000,12.877,,
136.166822,2026-03-10 17:59:33.090,ARDUINO_PSI,Arduino,0.000,0.000,12.870,,
136.178821,2026-03-10 17:59:33.102,WJ_VOLTAGE,WJ1,2.053,0.000,0,0,"HV=OFF, Fault=NO"
136.266821,2026-03-10 17:59:33.190,ARDUINO_PSI,Arduino,0.000,0.000,12.870,,
136.273339,2026-03-10 17:59:33.197,WJ_VOLTAGE,WJ2,1.955,0.000,0,0,"HV=OFF, Fault=NO"
136.366447,2026-03-10 17:59:33.290,ARDUINO_PSI,Arduino,0.000,0.000,12.881,,
136.467248,2026-03-10 17:59:33.391,ARDUINO_PSI,Arduino,0.000,0.000,12.888,,
136.567450,2026-03-10 17:59:33.491,ARDUINO_PSI,Arduino,0.000,0.000,12.879,,
136.667189,2026-03-10 17:59:33.591,ARDUINO_PSI,Arduino,0.000,0.000,12.879,,
136.711180,2026-03-10 17:59:33.635,WJ_VOLTAGE,WJ1,1.857,0.000,0,0,"HV=OFF, Fault=NO"
136.767241,2026-03-10 17:59:33.691,ARDUINO_PSI,Arduino,0.000,0.000,12.870,,
136.803689,2026-03-10 17:59:33.727,WJ_VOLTAGE,WJ2,1.662,0.000,0,0,"HV=OFF, Fault=NO"
136.869424,2026-03-10 17:59:33.793,ARDUINO_PSI,Arduino,0.000,0.000,12.879,,
136.968864,2026-03-10 17:59:33.892,ARDUINO_PSI,Arduino,0.000,0.000,12.879,,
137.067441,2026-03-10 17:59:33.991,ARDUINO_PSI,Arduino,0.000,0.000,12.874,,
137.166855,2026-03-10 17:59:34.090,ARDUINO_PSI,Arduino,0.000,0.000,12.867,,
137.239835,2026-03-10 17:59:34.163,WJ_VOLTAGE,WJ1,1.662,0.000,0,0,"HV=OFF, Fault=NO"
137.268368,2026-03-10 17:59:34.192,ARDUINO_PSI,Arduino,0.000,0.000,12.874,,
137.334328,2026-03-10 17:59:34.258,WJ_VOLTAGE,WJ2,1.466,0.000,0,0,"HV=OFF, Fault=NO"
137.367107,2026-03-10 17:59:34.290,ARDUINO_PSI,Arduino,0.000,0.000,12.879,,
137.468292,2026-03-10 17:59:34.392,ARDUINO_PSI,Arduino,0.000,0.000,12.872,,
137.566775,2026-03-10 17:59:34.490,ARDUINO_PSI,Arduino,0.000,0.000,12.874,,
137.667163,2026-03-10 17:59:34.591,ARDUINO_PSI,Arduino,0.000,0.000,12.867,,
137.767827,2026-03-10 17:59:34.691,WJ_VOLTAGE,WJ1,1.466,0.000,0,0,"HV=OFF, Fault=NO"
137.768860,2026-03-10 17:59:34.692,ARDUINO_PSI,Arduino,0.000,0.000,12.854,,
137.862445,2026-03-10 17:59:34.786,WJ_VOLTAGE,WJ2,1.369,0.000,0,0,"HV=OFF, Fault=NO"
137.872309,2026-03-10 17:59:34.796,ARDUINO_PSI,Arduino,0.000,0.000,12.865,,
137.967891,2026-03-10 17:59:34.891,ARDUINO_PSI,Arduino,0.000,0.000,12.861,,
138.066811,2026-03-10 17:59:34.990,ARDUINO_PSI,Arduino,0.000,0.000,12.867,,
138.169023,2026-03-10 17:59:35.092,ARDUINO_PSI,Arduino,0.000,0.000,12.865,,
138.267364,2026-03-10 17:59:35.191,ARDUINO_PSI,Arduino,0.000,0.000,12.867,,
138.299109,2026-03-10 17:59:35.222,WJ_VOLTAGE,WJ1,1.369,0.000,0,0,"HV=OFF, Fault=NO"
138.368582,2026-03-10 17:59:35.292,ARDUINO_PSI,Arduino,0.000,0.000,12.854,,
138.392497,2026-03-10 17:59:35.316,WJ_VOLTAGE,WJ2,1.173,0.000,0,0,"HV=OFF, Fault=NO"
138.468064,2026-03-10 17:59:35.391,ARDUINO_PSI,Arduino,0.000,0.000,12.845,,
138.568020,2026-03-10 17:59:35.491,ARDUINO_PSI,Arduino,0.000,0.000,12.851,,
138.667004,2026-03-10 17:59:35.590,ARDUINO_PSI,Arduino,0.000,0.000,12.861,,
138.766266,2026-03-10 17:59:35.690,ARDUINO_PSI,Arduino,0.000,0.000,12.854,,
138.828814,2026-03-10 17:59:35.752,WJ_VOLTAGE,WJ1,1.173,0.000,0,0,"HV=OFF, Fault=NO"
138.866822,2026-03-10 17:59:35.790,ARDUINO_PSI,Arduino,0.000,0.000,12.849,,
138.923320,2026-03-10 17:59:35.847,WJ_VOLTAGE,WJ2,1.075,0.000,0,0,"HV=OFF, Fault=NO"
138.966218,2026-03-10 17:59:35.890,ARDUINO_PSI,Arduino,0.000,0.000,12.845,,
139.066155,2026-03-10 17:59:35.990,ARDUINO_PSI,Arduino,0.000,0.000,12.845,,
139.166866,2026-03-10 17:59:36.090,ARDUINO_PSI,Arduino,0.000,0.000,12.847,,
139.267765,2026-03-10 17:59:36.191,ARDUINO_PSI,Arduino,0.000,0.000,12.833,,
139.361139,2026-03-10 17:59:36.285,WJ_VOLTAGE,WJ1,1.075,0.000,0,0,"HV=OFF, Fault=NO"
139.369014,2026-03-10 17:59:36.292,ARDUINO_PSI,Arduino,0.000,0.000,12.831,,
139.454071,2026-03-10 17:59:36.377,WJ_VOLTAGE,WJ2,0.978,0.000,0,0,"HV=OFF, Fault=NO"
139.468023,2026-03-10 17:59:36.391,ARDUINO_PSI,Arduino,0.000,0.000,12.842,,
139.566457,2026-03-10 17:59:36.490,ARDUINO_PSI,Arduino,0.000,0.000,12.847,,
139.666819,2026-03-10 17:59:36.590,ARDUINO_PSI,Arduino,0.000,0.000,12.851,,
139.766867,2026-03-10 17:59:36.690,ARDUINO_PSI,Arduino,0.000,0.000,12.847,,
139.866928,2026-03-10 17:59:36.790,ARDUINO_PSI,Arduino,0.000,0.000,12.842,,
139.892977,2026-03-10 17:59:36.816,WJ_VOLTAGE,WJ1,0.978,0.000,0,0,"HV=OFF, Fault=NO"
139.966954,2026-03-10 17:59:36.890,ARDUINO_PSI,Arduino,0.000,0.000,12.840,,
139.988491,2026-03-10 17:59:36.912,WJ_VOLTAGE,WJ2,0.782,0.000,0,0,"HV=OFF, Fault=NO"
140.066191,2026-03-10 17:59:36.990,ARDUINO_PSI,Arduino,0.000,0.000,12.831,,
140.168014,2026-03-10 17:59:37.091,ARDUINO_PSI,Arduino,0.000,0.000,12.838,,
140.266784,2026-03-10 17:59:37.190,ARDUINO_PSI,Arduino,0.000,0.000,12.835,,
140.366799,2026-03-10 17:59:37.290,ARDUINO_PSI,Arduino,0.000,0.000,12.840,,
140.423052,2026-03-10 17:59:37.346,WJ_VOLTAGE,WJ1,0.880,0.000,0,0,"HV=OFF, Fault=NO"
140.467954,2026-03-10 17:59:37.391,ARDUINO_PSI,Arduino,0.000,0.000,12.838,,
140.515144,2026-03-10 17:59:37.439,WJ_VOLTAGE,WJ2,0.684,0.000,0,0,"HV=OFF, Fault=NO"
140.567674,2026-03-10 17:59:37.491,ARDUINO_PSI,Arduino,0.000,0.000,12.838,,
140.666863,2026-03-10 17:59:37.590,ARDUINO_PSI,Arduino,0.000,0.000,12.835,,
140.766135,2026-03-10 17:59:37.690,ARDUINO_PSI,Arduino,0.000,0.000,12.842,,
140.868701,2026-03-10 17:59:37.792,ARDUINO_PSI,Arduino,0.000,0.000,12.847,,
140.949383,2026-03-10 17:59:37.873,WJ_VOLTAGE,WJ1,0.782,0.000,0,0,"HV=OFF, Fault=NO"
140.966244,2026-03-10 17:59:37.890,ARDUINO_PSI,Arduino,0.000,0.000,12.845,,
141.043500,2026-03-10 17:59:37.967,WJ_VOLTAGE,WJ2,0.587,0.000,0,0,"HV=OFF, Fault=NO"
141.067595,2026-03-10 17:59:37.991,ARDUINO_PSI,Arduino,0.000,0.000,12.845,,
141.167756,2026-03-10 17:59:38.091,ARDUINO_PSI,Arduino,0.000,0.000,12.835,,
141.266760,2026-03-10 17:59:38.190,ARDUINO_PSI,Arduino,0.000,0.000,12.835,,
141.368495,2026-03-10 17:59:38.292,ARDUINO_PSI,Arduino,0.000,0.000,12.833,,
141.468275,2026-03-10 17:59:38.392,ARDUINO_PSI,Arduino,0.000,0.000,12.824,,
141.481270,2026-03-10 17:59:38.405,WJ_VOLTAGE,WJ1,0.684,0.000,0,0,"HV=OFF, Fault=NO"
141.566823,2026-03-10 17:59:38.490,ARDUINO_PSI,Arduino,0.000,0.000,12.817,,
141.573310,2026-03-10 17:59:38.497,WJ_VOLTAGE,WJ2,0.587,0.000,0,0,"HV=OFF, Fault=NO"
141.668468,2026-03-10 17:59:38.592,ARDUINO_PSI,Arduino,0.000,0.000,12.812,,
141.768850,2026-03-10 17:59:38.692,ARDUINO_PSI,Arduino,0.000,0.000,12.822,,
141.868591,2026-03-10 17:59:38.792,ARDUINO_PSI,Arduino,0.000,0.000,12.828,,
141.966282,2026-03-10 17:59:38.890,ARDUINO_PSI,Arduino,0.000,0.000,12.828,,
142.009716,2026-03-10 17:59:38.933,WJ_VOLTAGE,WJ1,0.587,0.000,0,0,"HV=OFF, Fault=NO"
142.067100,2026-03-10 17:59:38.990,ARDUINO_PSI,Arduino,0.000,0.000,12.838,,
142.103930,2026-03-10 17:59:39.027,WJ_VOLTAGE,WJ2,0.489,0.000,0,0,"HV=OFF, Fault=NO"
142.168043,2026-03-10 17:59:39.091,ARDUINO_PSI,Arduino,0.000,0.000,12.838,,
142.267140,2026-03-10 17:59:39.191,ARDUINO_PSI,Arduino,0.000,0.000,12.845,,
142.368411,2026-03-10 17:59:39.292,ARDUINO_PSI,Arduino,0.000,0.000,12.842,,
142.469497,2026-03-10 17:59:39.393,ARDUINO_PSI,Arduino,0.000,0.000,12.842,,
142.540376,2026-03-10 17:59:39.464,WJ_VOLTAGE,WJ1,0.489,0.000,0,0,"HV=OFF, Fault=NO"
142.566955,2026-03-10 17:59:39.490,ARDUINO_PSI,Arduino,0.000,0.000,12.847,,
142.635398,2026-03-10 17:59:39.559,WJ_VOLTAGE,WJ2,0.489,0.000,0,0,"HV=OFF, Fault=NO"
142.666143,2026-03-10 17:59:39.590,ARDUINO_PSI,Arduino,0.000,0.000,12.845,,
142.768131,2026-03-10 17:59:39.692,ARDUINO_PSI,Arduino,0.000,0.000,12.847,,
142.866479,2026-03-10 17:59:39.790,ARDUINO_PSI,Arduino,0.000,0.000,12.842,,
142.967748,2026-03-10 17:59:39.891,ARDUINO_PSI,Arduino,0.000,0.000,12.851,,
143.066835,2026-03-10 17:59:39.990,ARDUINO_PSI,Arduino,0.000,0.000,12.845,,
143.072660,2026-03-10 17:59:39.996,WJ_VOLTAGE,WJ1,0.489,0.000,0,0,"HV=OFF, Fault=NO"
143.162644,2026-03-10 17:59:40.086,WJ_VOLTAGE,WJ2,0.391,0.000,0,0,"HV=OFF, Fault=NO"
143.171516,2026-03-10 17:59:40.095,ARDUINO_PSI,Arduino,0.000,0.000,12.856,,
143.268244,2026-03-10 17:59:40.192,ARDUINO_PSI,Arduino,0.000,0.000,12.861,,
143.368163,2026-03-10 17:59:40.292,ARDUINO_PSI,Arduino,0.000,0.000,12.863,,
143.467898,2026-03-10 17:59:40.391,ARDUINO_PSI,Arduino,0.000,0.000,12.867,,
143.566878,2026-03-10 17:59:40.490,ARDUINO_PSI,Arduino,0.000,0.000,12.879,,
143.595732,2026-03-10 17:59:40.519,WJ_VOLTAGE,WJ1,0.391,0.000,0,0,"HV=OFF, Fault=NO"
143.667969,2026-03-10 17:59:40.591,ARDUINO_PSI,Arduino,0.000,0.000,12.883,,
143.691148,2026-03-10 17:59:40.615,WJ_VOLTAGE,WJ2,0.293,0.000,0,0,"HV=OFF, Fault=NO"
143.767412,2026-03-10 17:59:40.691,ARDUINO_PSI,Arduino,0.000,0.000,12.879,,
143.867945,2026-03-10 17:59:40.791,ARDUINO_PSI,Arduino,0.000,0.000,12.877,,
143.968957,2026-03-10 17:59:40.892,ARDUINO_PSI,Arduino,0.000,0.000,12.881,,
144.068162,2026-03-10 17:59:40.992,ARDUINO_PSI,Arduino,0.000,0.000,12.877,,
144.126438,2026-03-10 17:59:41.050,WJ_VOLTAGE,WJ1,0.391,0.000,0,0,"HV=OFF, Fault=NO"
144.167460,2026-03-10 17:59:41.091,ARDUINO_PSI,Arduino,0.000,0.000,12.872,,
144.220098,2026-03-10 17:59:41.143,WJ_VOLTAGE,WJ2,0.293,0.000,0,0,"HV=OFF, Fault=NO"
144.266756,2026-03-10 17:59:41.190,ARDUINO_PSI,Arduino,0.000,0.000,12.861,,
144.368387,2026-03-10 17:59:41.292,ARDUINO_PSI,Arduino,0.000,0.000,12.874,,
144.466987,2026-03-10 17:59:41.390,ARDUINO_PSI,Arduino,0.000,0.000,12.874,,
144.566800,2026-03-10 17:59:41.490,ARDUINO_PSI,Arduino,0.000,0.000,12.867,,
144.652977,2026-03-10 17:59:41.576,WJ_VOLTAGE,WJ1,0.391,0.000,0,0,"HV=OFF, Fault=NO"
144.666661,2026-03-10 17:59:41.590,ARDUINO_PSI,Arduino,0.000,0.000,12.872,,
144.746442,2026-03-10 17:59:41.670,WJ_VOLTAGE,WJ2,0.293,0.000,0,0,"HV=OFF, Fault=NO"
144.766193,2026-03-10 17:59:41.690,ARDUINO_PSI,Arduino,0.000,0.000,12.865,,
144.867058,2026-03-10 17:59:41.790,ARDUINO_PSI,Arduino,0.000,0.000,12.877,,
144.966770,2026-03-10 17:59:41.890,ARDUINO_PSI,Arduino,0.000,0.000,12.872,,
145.068242,2026-03-10 17:59:41.992,ARDUINO_PSI,Arduino,0.000,0.000,12.870,,
145.166643,2026-03-10 17:59:42.090,ARDUINO_PSI,Arduino,0.000,0.000,12.870,,
145.182967,2026-03-10 17:59:42.106,WJ_VOLTAGE,WJ1,0.293,0.000,0,0,"HV=OFF, Fault=NO"
145.302239,2026-03-10 17:59:42.226,ARDUINO_PSI,Arduino,0.000,0.000,12.870,,
145.303625,2026-03-10 17:59:42.227,WJ_VOLTAGE,WJ2,0.196,0.000,0,0,"HV=OFF, Fault=NO"
145.367456,2026-03-10 17:59:42.291,ARDUINO_PSI,Arduino,0.000,0.000,12.842,,
145.466669,2026-03-10 17:59:42.390,ARDUINO_PSI,Arduino,0.000,0.000,12.845,,
145.567651,2026-03-10 17:59:42.491,ARDUINO_PSI,Arduino,0.000,0.000,12.838,,
145.667483,2026-03-10 17:59:42.591,ARDUINO_PSI,Arduino,0.000,0.000,12.840,,
145.715873,2026-03-10 17:59:42.639,WJ_VOLTAGE,WJ1,0.293,0.000,0,0,"HV=OFF, Fault=NO"
145.766163,2026-03-10 17:59:42.690,ARDUINO_PSI,Arduino,0.000,0.000,12.840,,
145.808225,2026-03-10 17:59:42.732,WJ_VOLTAGE,WJ2,0.196,0.000,0,0,"HV=OFF, Fault=NO"
145.867134,2026-03-10 17:59:42.791,ARDUINO_PSI,Arduino,0.000,0.000,12.840,,
145.966809,2026-03-10 17:59:42.890,ARDUINO_PSI,Arduino,0.000,0.000,12.840,,
146.068082,2026-03-10 17:59:42.991,ARDUINO_PSI,Arduino,0.000,0.000,12.835,,
146.168653,2026-03-10 17:59:43.092,ARDUINO_PSI,Arduino,0.000,0.000,12.835,,
146.248063,2026-03-10 17:59:43.171,WJ_VOLTAGE,WJ1,0.196,0.000,0,0,"HV=OFF, Fault=NO"
146.266755,2026-03-10 17:59:43.190,ARDUINO_PSI,Arduino,0.000,0.000,12.835,,
146.341111,2026-03-10 17:59:43.264,WJ_VOLTAGE,WJ2,0.196,0.000,0,0,"HV=OFF, Fault=NO"
146.368646,2026-03-10 17:59:43.292,ARDUINO_PSI,Arduino,0.000,0.000,12.824,,
146.467810,2026-03-10 17:59:43.391,ARDUINO_PSI,Arduino,0.000,0.000,12.824,,
146.567109,2026-03-10 17:59:43.490,ARDUINO_PSI,Arduino,0.000,0.000,12.826,,
146.666723,2026-03-10 17:59:43.590,ARDUINO_PSI,Arduino,0.000,0.000,12.817,,
146.763916,2026-03-10 17:59:43.687,WJ_VOLTAGE,WJ1,0.196,0.000,0,0,"HV=OFF, Fault=NO"
146.771561,2026-03-10 17:59:43.695,ARDUINO_PSI,Arduino,0.000,0.000,12.810,,
146.866944,2026-03-10 17:59:43.790,ARDUINO_PSI,Arduino,0.000,0.000,12.799,,
146.873531,2026-03-10 17:59:43.797,WJ_VOLTAGE,WJ2,0.196,0.000,0,0,"HV=OFF, Fault=NO"
146.968152,2026-03-10 17:59:43.892,ARDUINO_PSI,Arduino,0.000,0.000,12.801,,
147.066198,2026-03-10 17:59:43.990,ARDUINO_PSI,Arduino,0.000,0.000,12.817,,
147.168512,2026-03-10 17:59:44.092,ARDUINO_PSI,Arduino,0.000,0.000,12.812,,
147.266823,2026-03-10 17:59:44.190,ARDUINO_PSI,Arduino,0.000,0.000,12.810,,
147.295720,2026-03-10 17:59:44.219,WJ_VOLTAGE,WJ1,0.196,0.000,0,0,"HV=OFF, Fault=NO"
147.366924,2026-03-10 17:59:44.290,ARDUINO_PSI,Arduino,0.000,0.000,12.826,,
147.404492,2026-03-10 17:59:44.328,WJ_VOLTAGE,WJ2,0.098,0.000,0,0,"HV=OFF, Fault=NO"
147.468014,2026-03-10 17:59:44.391,ARDUINO_PSI,Arduino,0.000,0.000,12.822,,
147.566881,2026-03-10 17:59:44.490,ARDUINO_PSI,Arduino,0.000,0.000,12.817,,
147.667344,2026-03-10 17:59:44.591,ARDUINO_PSI,Arduino,0.000,0.000,12.812,,
147.766989,2026-03-10 17:59:44.690,ARDUINO_PSI,Arduino,0.000,0.000,12.824,,
147.827207,2026-03-10 17:59:44.751,WJ_VOLTAGE,WJ1,0.196,0.000,0,0,"HV=OFF, Fault=NO"
147.866784,2026-03-10 17:59:44.790,ARDUINO_PSI,Arduino,0.000,0.000,12.822,,
147.935881,2026-03-10 17:59:44.859,WJ_VOLTAGE,WJ2,0.098,0.000,0,0,"HV=OFF, Fault=NO"
147.967030,2026-03-10 17:59:44.890,ARDUINO_PSI,Arduino,0.000,0.000,12.812,,
148.068178,2026-03-10 17:59:44.992,ARDUINO_PSI,Arduino,0.000,0.000,12.815,,
148.168867,2026-03-10 17:59:45.092,ARDUINO_PSI,Arduino,0.000,0.000,12.824,,
148.268557,2026-03-10 17:59:45.192,ARDUINO_PSI,Arduino,0.000,0.000,12.819,,
148.352984,2026-03-10 17:59:45.276,WJ_VOLTAGE,WJ1,0.196,0.000,0,0,"HV=OFF, Fault=NO"
148.366210,2026-03-10 17:59:45.290,ARDUINO_PSI,Arduino,0.000,0.000,12.819,,
148.461920,2026-03-10 17:59:45.385,WJ_VOLTAGE,WJ2,0.098,0.000,0,0,"HV=OFF, Fault=NO"
148.470168,2026-03-10 17:59:45.394,ARDUINO_PSI,Arduino,0.000,0.000,12.822,,
148.566813,2026-03-10 17:59:45.490,ARDUINO_PSI,Arduino,0.000,0.000,12.806,,
148.667175,2026-03-10 17:59:45.591,ARDUINO_PSI,Arduino,0.000,0.000,12.808,,
148.766869,2026-03-10 17:59:45.690,ARDUINO_PSI,Arduino,0.000,0.000,12.817,,
148.868367,2026-03-10 17:59:45.792,ARDUINO_PSI,Arduino,0.000,0.000,12.812,,
148.873520,2026-03-10 17:59:45.797,WJ_VOLTAGE,WJ1,0.098,0.000,0,0,"HV=OFF, Fault=NO"
148.967129,2026-03-10 17:59:45.891,ARDUINO_PSI,Arduino,0.000,0.000,12.812,,
149.032274,2026-03-10 17:59:45.956,WJ_VOLTAGE,WJ2,0.098,0.000,0,0,"HV=OFF, Fault=NO"
149.066238,2026-03-10 17:59:45.990,ARDUINO_PSI,Arduino,0.000,0.000,12.796,,
149.166900,2026-03-10 17:59:46.090,ARDUINO_PSI,Arduino,0.000,0.000,12.803,,
149.266929,2026-03-10 17:59:46.190,ARDUINO_PSI,Arduino,0.000,0.000,12.819,,
149.368245,2026-03-10 17:59:46.292,ARDUINO_PSI,Arduino,0.000,0.000,12.828,,
149.402682,2026-03-10 17:59:46.326,WJ_VOLTAGE,WJ1,0.098,0.000,0,0,"HV=OFF, Fault=NO"
149.466863,2026-03-10 17:59:46.390,ARDUINO_PSI,Arduino,0.000,0.000,12.845,,
149.511402,2026-03-10 17:59:46.435,WJ_VOLTAGE,WJ2,0.098,0.000,0,0,"HV=OFF, Fault=NO"
149.568398,2026-03-10 17:59:46.492,ARDUINO_PSI,Arduino,0.000,0.000,12.840,,
149.668157,2026-03-10 17:59:46.592,ARDUINO_PSI,Arduino,0.000,0.000,12.845,,
149.766810,2026-03-10 17:59:46.690,ARDUINO_PSI,Arduino,0.000,0.000,12.835,,
149.868355,2026-03-10 17:59:46.792,ARDUINO_PSI,Arduino,0.000,0.000,12.835,,
149.931477,2026-03-10 17:59:46.855,WJ_VOLTAGE,WJ1,0.098,0.000,0,0,"HV=OFF, Fault=NO"
149.967294,2026-03-10 17:59:46.891,ARDUINO_PSI,Arduino,0.000,0.000,12.840,,
150.039800,2026-03-10 17:59:46.963,WJ_VOLTAGE,WJ2,0.098,0.000,0,0,"HV=OFF, Fault=NO"
150.066811,2026-03-10 17:59:46.990,ARDUINO_PSI,Arduino,0.000,0.000,12.856,,
150.166601,2026-03-10 17:59:47.090,ARDUINO_PSI,Arduino,0.000,0.000,12.854,,
150.268188,2026-03-10 17:59:47.192,ARDUINO_PSI,Arduino,0.000,0.000,12.865,,
150.366914,2026-03-10 17:59:47.290,ARDUINO_PSI,Arduino,0.000,0.000,12.872,,
150.460467,2026-03-10 17:59:47.384,WJ_VOLTAGE,WJ1,0.098,0.000,0,0,"HV=OFF, Fault=NO"
150.473844,2026-03-10 17:59:47.397,ARDUINO_PSI,Arduino,0.000,0.000,12.870,,
150.567233,2026-03-10 17:59:47.491,ARDUINO_PSI,Arduino,0.000,0.000,12.879,,
150.569356,2026-03-10 17:59:47.493,WJ_VOLTAGE,WJ2,0.098,0.000,0,0,"HV=OFF, Fault=NO"
150.666962,2026-03-10 17:59:47.590,ARDUINO_PSI,Arduino,0.000,0.000,12.881,,
150.766953,2026-03-10 17:59:47.690,ARDUINO_PSI,Arduino,0.000,0.000,12.877,,
150.866901,2026-03-10 17:59:47.790,ARDUINO_PSI,Arduino,0.000,0.000,12.877,,
150.966238,2026-03-10 17:59:47.890,ARDUINO_PSI,Arduino,0.000,0.000,12.888,,
150.988945,2026-03-10 17:59:47.912,WJ_VOLTAGE,WJ1,0.098,0.000,0,0,"HV=OFF, Fault=NO"
151.066827,2026-03-10 17:59:47.990,ARDUINO_PSI,Arduino,0.000,0.000,12.888,,
151.099775,2026-03-10 17:59:48.023,WJ_VOLTAGE,WJ2,0.000,0.000,0,0,"HV=OFF, Fault=NO"
151.166693,2026-03-10 17:59:48.090,ARDUINO_PSI,Arduino,0.000,0.000,12.888,,
151.266806,2026-03-10 17:59:48.190,ARDUINO_PSI,Arduino,0.000,0.000,12.874,,
151.368652,2026-03-10 17:59:48.292,ARDUINO_PSI,Arduino,0.000,0.000,12.877,,
151.468385,2026-03-10 17:59:48.392,ARDUINO_PSI,Arduino,0.000,0.000,12.872,,
151.522382,2026-03-10 17:59:48.446,WJ_VOLTAGE,WJ1,0.098,0.000,0,0,"HV=OFF, Fault=NO"
151.568562,2026-03-10 17:59:48.492,ARDUINO_PSI,Arduino,0.000,0.000,12.879,,
151.630679,2026-03-10 17:59:48.554,WJ_VOLTAGE,WJ2,0.098,0.000,0,0,"HV=OFF, Fault=NO"
151.666397,2026-03-10 17:59:48.590,ARDUINO_PSI,Arduino,0.000,0.000,12.870,,
151.766213,2026-03-10 17:59:48.690,ARDUINO_PSI,Arduino,0.000,0.000,12.879,,
151.866179,2026-03-10 17:59:48.790,ARDUINO_PSI,Arduino,0.000,0.000,12.879,,
151.967088,2026-03-10 17:59:48.891,ARDUINO_PSI,Arduino,0.000,0.000,12.872,,
152.053227,2026-03-10 17:59:48.977,WJ_VOLTAGE,WJ1,0.098,0.000,0,0,"HV=OFF, Fault=NO"
152.068466,2026-03-10 17:59:48.992,ARDUINO_PSI,Arduino,0.000,0.000,12.867,,
152.160901,2026-03-10 17:59:49.084,WJ_VOLTAGE,WJ2,0.000,0.000,0,0,"HV=OFF, Fault=NO"
152.176913,2026-03-10 17:59:49.100,ARDUINO_PSI,Arduino,0.000,0.000,12.865,,
152.267266,2026-03-10 17:59:49.191,ARDUINO_PSI,Arduino,0.000,0.000,12.863,,
152.367355,2026-03-10 17:59:49.291,ARDUINO_PSI,Arduino,0.000,0.000,12.856,,
152.468715,2026-03-10 17:59:49.392,ARDUINO_PSI,Arduino,0.000,0.000,12.856,,
152.567606,2026-03-10 17:59:49.491,ARDUINO_PSI,Arduino,0.000,0.000,12.861,,
152.591695,2026-03-10 17:59:49.515,WJ_VOLTAGE,WJ1,0.098,0.000,0,0,"HV=OFF, Fault=NO"
152.666952,2026-03-10 17:59:49.590,ARDUINO_PSI,Arduino,0.000,0.000,12.858,,
152.684629,2026-03-10 17:59:49.608,WJ_VOLTAGE,WJ2,0.000,0.000,0,0,"HV=OFF, Fault=NO"
152.766762,2026-03-10 17:59:49.690,ARDUINO_PSI,Arduino,0.000,0.000,12.867,,
152.867272,2026-03-10 17:59:49.791,ARDUINO_PSI,Arduino,0.000,0.000,12.867,,
152.968355,2026-03-10 17:59:49.892,ARDUINO_PSI,Arduino,0.000,0.000,12.867,,
153.066694,2026-03-10 17:59:49.990,ARDUINO_PSI,Arduino,0.000,0.000,12.870,,
153.124966,2026-03-10 17:59:50.048,WJ_VOLTAGE,WJ1,0.000,0.000,0,0,"HV=OFF, Fault=NO"
153.167995,2026-03-10 17:59:50.091,ARDUINO_PSI,Arduino,0.000,0.000,12.872,,
153.219518,2026-03-10 17:59:50.143,WJ_VOLTAGE,WJ2,0.000,0.000,0,0,"HV=OFF, Fault=NO"
153.266866,2026-03-10 17:59:50.190,ARDUINO_PSI,Arduino,0.000,0.000,12.874,,
153.367441,2026-03-10 17:59:50.291,ARDUINO_PSI,Arduino,0.000,0.000,12.874,,
153.467022,2026-03-10 17:59:50.390,ARDUINO_PSI,Arduino,0.000,0.000,12.870,,
153.566925,2026-03-10 17:59:50.490,ARDUINO_PSI,Arduino,0.000,0.000,12.870,,
153.654694,2026-03-10 17:59:50.578,WJ_VOLTAGE,WJ1,0.000,0.000,0,0,"HV=OFF, Fault=NO"
153.668642,2026-03-10 17:59:50.592,ARDUINO_PSI,Arduino,0.000,0.000,12.872,,
153.751290,2026-03-10 17:59:50.675,WJ_VOLTAGE,WJ2,0.000,0.000,0,0,"HV=OFF, Fault=NO"
153.766755,2026-03-10 17:59:50.690,ARDUINO_PSI,Arduino,0.000,0.000,12.863,,
153.866910,2026-03-10 17:59:50.790,ARDUINO_PSI,Arduino,0.000,0.000,12.863,,
153.968275,2026-03-10 17:59:50.892,ARDUINO_PSI,Arduino,0.000,0.000,12.874,,
154.066732,2026-03-10 17:59:50.990,ARDUINO_PSI,Arduino,0.000,0.000,12.877,,
154.167011,2026-03-10 17:59:51.090,ARDUINO_PSI,Arduino,0.000,0.000,12.888,,
154.185864,2026-03-10 17:59:51.109,WJ_VOLTAGE,WJ1,0.000,0.000,0,0,"HV=OFF, Fault=NO"
154.266793,2026-03-10 17:59:51.190,ARDUINO_PSI,Arduino,0.000,0.000,12.879,,
154.281838,2026-03-10 17:59:51.205,WJ_VOLTAGE,WJ2,0.000,0.000,0,0,"HV=OFF, Fault=NO"
154.366848,2026-03-10 17:59:51.290,ARDUINO_PSI,Arduino,0.000,0.000,12.886,,
154.468126,2026-03-10 17:59:51.392,ARDUINO_PSI,Arduino,0.000,0.000,12.890,,
154.567244,2026-03-10 17:59:51.491,ARDUINO_PSI,Arduino,0.000,0.000,12.886,,
154.668568,2026-03-10 17:59:51.592,ARDUINO_PSI,Arduino,0.000,0.000,12.886,,
154.718085,2026-03-10 17:59:51.641,WJ_VOLTAGE,WJ1,0.000,0.000,0,0,"HV=OFF, Fault=NO"
154.767243,2026-03-10 17:59:51.691,ARDUINO_PSI,Arduino,0.000,0.000,12.881,,
154.808866,2026-03-10 17:59:51.732,WJ_VOLTAGE,WJ2,0.000,0.000,0,0,"HV=OFF, Fault=NO"
154.866857,2026-03-10 17:59:51.790,ARDUINO_PSI,Arduino,0.000,0.000,12.881,,
154.967843,2026-03-10 17:59:51.891,ARDUINO_PSI,Arduino,0.000,0.000,12.874,,
155.067321,2026-03-10 17:59:51.991,ARDUINO_PSI,Arduino,0.000,0.000,12.886,,
155.167800,2026-03-10 17:59:52.091,ARDUINO_PSI,Arduino,0.000,0.000,12.886,,
155.247980,2026-03-10 17:59:52.171,WJ_VOLTAGE,WJ1,0.000,0.000,0,0,"HV=OFF, Fault=NO"
155.267218,2026-03-10 17:59:52.191,ARDUINO_PSI,Arduino,0.000,0.000,12.888,,
155.342128,2026-03-10 17:59:52.266,WJ_VOLTAGE,WJ2,0.000,0.000,0,0,"HV=OFF, Fault=NO"
155.367537,2026-03-10 17:59:52.291,ARDUINO_PSI,Arduino,0.000,0.000,12.897,,
155.467154,2026-03-10 17:59:52.391,ARDUINO_PSI,Arduino,0.000,0.000,12.899,,
155.567539,2026-03-10 17:59:52.491,ARDUINO_PSI,Arduino,0.000,0.000,12.904,,
155.667076,2026-03-10 17:59:52.590,ARDUINO_PSI,Arduino,0.000,0.000,12.899,,
155.767292,2026-03-10 17:59:52.691,ARDUINO_PSI,Arduino,0.000,0.000,12.899,,
155.776436,2026-03-10 17:59:52.700,WJ_VOLTAGE,WJ1,0.000,0.000,0,0,"HV=OFF, Fault=NO"
155.866577,2026-03-10 17:59:52.790,ARDUINO_PSI,Arduino,0.000,0.000,12.899,,
155.869656,2026-03-10 17:59:52.793,WJ_VOLTAGE,WJ2,0.000,0.000,0,0,"HV=OFF, Fault=NO"
155.966987,2026-03-10 17:59:52.890,ARDUINO_PSI,Arduino,0.000,0.000,12.886,,
156.066951,2026-03-10 17:59:52.990,ARDUINO_PSI,Arduino,0.000,0.000,12.874,,
156.166707,2026-03-10 17:59:53.090,ARDUINO_PSI,Arduino,0.000,0.000,12.865,,
156.266806,2026-03-10 17:59:53.190,ARDUINO_PSI,Arduino,0.000,0.000,12.874,,
156.309504,2026-03-10 17:59:53.233,WJ_VOLTAGE,WJ1,0.000,0.000,0,0,"HV=OFF, Fault=NO"
156.367261,2026-03-10 17:59:53.291,ARDUINO_PSI,Arduino,0.000,0.000,12.874,,
156.402832,2026-03-10 17:59:53.326,WJ_VOLTAGE,WJ2,0.000,0.000,0,0,"HV=OFF, Fault=NO"
156.467140,2026-03-10 17:59:53.391,ARDUINO_PSI,Arduino,0.000,0.000,12.865,,
156.566795,2026-03-10 17:59:53.490,ARDUINO_PSI,Arduino,0.000,0.000,12.879,,
156.667629,2026-03-10 17:59:53.591,ARDUINO_PSI,Arduino,0.000,0.000,12.895,,
156.767776,2026-03-10 17:59:53.691,ARDUINO_PSI,Arduino,0.000,0.000,12.897,,
156.841101,2026-03-10 17:59:53.764,WJ_VOLTAGE,WJ1,0.000,0.000,0,0,"HV=OFF, Fault=NO"
156.867077,2026-03-10 17:59:53.790,ARDUINO_PSI,Arduino,0.000,0.000,12.904,,
156.934449,2026-03-10 17:59:53.858,WJ_VOLTAGE,WJ2,0.000,0.000,0,0,"HV=OFF, Fault=NO"
156.966894,2026-03-10 17:59:53.890,ARDUINO_PSI,Arduino,0.000,0.000,12.895,,
157.067226,2026-03-10 17:59:53.991,ARDUINO_PSI,Arduino,0.000,0.000,12.872,,
157.167119,2026-03-10 17:59:54.090,ARDUINO_PSI,Arduino,0.000,0.000,12.858,,
157.267540,2026-03-10 17:59:54.191,ARDUINO_PSI,Arduino,0.000,0.000,12.858,,
157.366842,2026-03-10 17:59:54.290,ARDUINO_PSI,Arduino,0.000,0.000,12.842,,
157.373771,2026-03-10 17:59:54.297,WJ_VOLTAGE,WJ1,0.000,0.000,0,0,"HV=OFF, Fault=NO"
157.465123,2026-03-10 17:59:54.389,WJ_VOLTAGE,WJ2,0.000,0.000,0,0,"HV=OFF, Fault=NO"
157.478834,2026-03-10 17:59:54.402,ARDUINO_PSI,Arduino,0.000,0.000,12.840,,
157.567000,2026-03-10 17:59:54.490,ARDUINO_PSI,Arduino,0.000,0.000,12.831,,
157.667951,2026-03-10 17:59:54.591,ARDUINO_PSI,Arduino,0.000,0.000,12.835,,
157.767168,2026-03-10 17:59:54.691,ARDUINO_PSI,Arduino,0.000,0.000,12.828,,
157.867813,2026-03-10 17:59:54.791,ARDUINO_PSI,Arduino,0.000,0.000,12.835,,
157.898701,2026-03-10 17:59:54.822,WJ_VOLTAGE,WJ1,0.000,0.000,0,0,"HV=OFF, Fault=NO"
157.966879,2026-03-10 17:59:54.890,ARDUINO_PSI,Arduino,0.000,0.000,12.831,,
157.993626,2026-03-10 17:59:54.917,WJ_VOLTAGE,WJ2,0.000,0.000,0,0,"HV=OFF, Fault=NO"
158.066337,2026-03-10 17:59:54.990,ARDUINO_PSI,Arduino,0.000,0.000,12.828,,
158.167448,2026-03-10 17:59:55.091,ARDUINO_PSI,Arduino,0.000,0.000,12.835,,
158.267474,2026-03-10 17:59:55.191,ARDUINO_PSI,Arduino,0.000,0.000,12.845,,
158.367325,2026-03-10 17:59:55.291,ARDUINO_PSI,Arduino,0.000,0.000,12.849,,
158.427505,2026-03-10 17:59:55.351,WJ_VOLTAGE,WJ1,0.000,0.000,0,0,"HV=OFF, Fault=NO"
158.467342,2026-03-10 17:59:55.391,ARDUINO_PSI,Arduino,0.000,0.000,12.851,,
158.520165,2026-03-10 17:59:55.444,WJ_VOLTAGE,WJ2,0.000,0.000,0,0,"HV=OFF, Fault=NO"
158.566833,2026-03-10 17:59:55.490,ARDUINO_PSI,Arduino,0.000,0.000,12.845,,
158.666837,2026-03-10 17:59:55.590,ARDUINO_PSI,Arduino,0.000,0.000,12.838,,
158.767681,2026-03-10 17:59:55.691,ARDUINO_PSI,Arduino,0.000,0.000,12.835,,
158.867253,2026-03-10 17:59:55.791,ARDUINO_PSI,Arduino,0.000,0.000,12.835,,
158.957465,2026-03-10 17:59:55.881,WJ_VOLTAGE,WJ1,0.000,0.000,0,0,"HV=OFF, Fault=NO"
158.966151,2026-03-10 17:59:55.890,ARDUINO_PSI,Arduino,0.000,0.000,12.840,,
159.050809,2026-03-10 17:59:55.974,WJ_VOLTAGE,WJ2,0.000,0.000,0,0,"HV=OFF, Fault=NO"
159.066120,2026-03-10 17:59:55.989,ARDUINO_PSI,Arduino,0.000,0.000,12.845,,
159.167960,2026-03-10 17:59:56.091,ARDUINO_PSI,Arduino,0.000,0.000,12.858,,
159.266705,2026-03-10 17:59:56.190,ARDUINO_PSI,Arduino,0.000,0.000,12.861,,
159.367679,2026-03-10 17:59:56.291,ARDUINO_PSI,Arduino,0.000,0.000,12.863,,
159.466564,2026-03-10 17:59:56.390,ARDUINO_PSI,Arduino,0.000,0.000,12.870,,
159.487460,2026-03-10 17:59:56.411,WJ_VOLTAGE,WJ1,0.000,0.000,0,0,"HV=OFF, Fault=NO"
159.567272,2026-03-10 17:59:56.491,ARDUINO_PSI,Arduino,0.000,0.000,12.872,,
159.580013,2026-03-10 17:59:56.503,WJ_VOLTAGE,WJ2,0.000,0.000,0,0,"HV=OFF, Fault=NO"
159.668304,2026-03-10 17:59:56.592,ARDUINO_PSI,Arduino,0.000,0.000,12.870,,
159.766601,2026-03-10 17:59:56.690,ARDUINO_PSI,Arduino,0.000,0.000,12.872,,
159.867289,2026-03-10 17:59:56.791,ARDUINO_PSI,Arduino,0.000,0.000,12.858,,
159.967266,2026-03-10 17:59:56.891,ARDUINO_PSI,Arduino,0.000,0.000,12.861,,
160.035675,2026-03-10 17:59:56.959,WJ_VOLTAGE,WJ1,0.000,0.000,0,0,"HV=OFF, Fault=NO"
160.067010,2026-03-10 17:59:56.990,ARDUINO_PSI,Arduino,0.000,0.000,12.874,,
160.110799,2026-03-10 17:59:57.034,WJ_VOLTAGE,WJ2,0.000,0.000,0,0,"HV=OFF, Fault=NO"
160.167147,2026-03-10 17:59:57.091,ARDUINO_PSI,Arduino,0.000,0.000,12.879,,
160.267238,2026-03-10 17:59:57.191,ARDUINO_PSI,Arduino,0.000,0.000,12.867,,
160.367035,2026-03-10 17:59:57.290,ARDUINO_PSI,Arduino,0.000,0.000,12.847,,
160.466578,2026-03-10 17:59:57.390,ARDUINO_PSI,Arduino,0.000,0.000,12.854,,
160.656626,2026-03-10 17:59:57.580,WJ_COMMAND,WJ1,HV_OFF,,,,HV_OFF 
160.716696,2026-03-10 17:59:57.640,WJ_COMMAND,WJ2,HV_OFF,,,,HV_OFF 
160.718927,2026-03-10 17:59:57.642,ARDUINO_PSI,Arduino,0.000,0.000,12.847,,
160.723746,2026-03-10 17:59:57.647,WJ_VOLTAGE,WJ1,0.000,0.000,0,0,"HV=OFF, Fault=NO"
160.727069,2026-03-10 17:59:57.650,WJ_VOLTAGE,WJ2,0.000,0.000,0,0,"HV=OFF, Fault=NO"
160.728492,2026-03-10 17:59:57.652,ARDUINO_PSI,Arduino,0.000,0.000,12.838,,
160.767239,2026-03-10 17:59:57.691,ARDUINO_PSI,Arduino,0.000,0.000,12.842,,
160.866776,2026-03-10 17:59:57.790,ARDUINO_PSI,Arduino,0.000,0.000,12.828,,
160.966760,2026-03-10 17:59:57.890,ARDUINO_PSI,Arduino,0.000,0.000,12.833,,
161.067527,2026-03-10 17:59:57.991,ARDUINO_PSI,Arduino,0.000,0.000,12.840,,
161.109171,2026-03-10 17:59:58.033,WJ_VOLTAGE,WJ1,0.000,0.000,0,0,"HV=OFF, Fault=NO"
161.153885,2026-03-10 17:59:58.077,WJ_VOLTAGE,WJ2,0.000,0.000,0,0,"HV=OFF, Fault=NO"
161.167310,2026-03-10 17:59:58.091,ARDUINO_PSI,Arduino,0.000,0.000,12.833,,
161.267650,2026-03-10 17:59:58.191,ARDUINO_PSI,Arduino,0.000,0.000,12.828,,
161.366707,2026-03-10 17:59:58.290,ARDUINO_PSI,Arduino,0.000,0.000,12.828,,
161.467159,2026-03-10 17:59:58.391,ARDUINO_PSI,Arduino,0.000,0.000,12.824,,
161.567348,2026-03-10 17:59:58.491,ARDUINO_PSI,Arduino,0.000,0.000,12.835,,
161.638299,2026-03-10 17:59:58.562,WJ_VOLTAGE,WJ1,0.000,0.000,0,0,"HV=OFF, Fault=NO"
161.666979,2026-03-10 17:59:58.590,ARDUINO_PSI,Arduino,0.000,0.000,12.847,,
161.684565,2026-03-10 17:59:58.608,WJ_VOLTAGE,WJ2,0.000,0.000,0,0,"HV=OFF, Fault=NO"
161.766819,2026-03-10 17:59:58.690,ARDUINO_PSI,Arduino,0.000,0.000,12.851,,
161.867255,2026-03-10 17:59:58.791,ARDUINO_PSI,Arduino,0.000,0.000,12.854,,
161.967740,2026-03-10 17:59:58.891,ARDUINO_PSI,Arduino,0.000,0.000,12.861,,
162.067118,2026-03-10 17:59:58.991,ARDUINO_PSI,Arduino,0.000,0.000,12.849,,
162.167494,2026-03-10 17:59:59.091,ARDUINO_PSI,Arduino,0.000,0.000,12.838,,
162.169557,2026-03-10 17:59:59.093,WJ_VOLTAGE,WJ1,0.000,0.000,0,0,"HV=OFF, Fault=NO"
162.215255,2026-03-10 17:59:59.139,WJ_VOLTAGE,WJ2,0.000,0.000,0,0,"HV=OFF, Fault=NO"
162.267378,2026-03-10 17:59:59.191,ARDUINO_PSI,Arduino,0.000,0.000,12.845,,
162.367319,2026-03-10 17:59:59.291,ARDUINO_PSI,Arduino,0.000,0.000,12.858,,
162.467443,2026-03-10 17:59:59.391,ARDUINO_PSI,Arduino,0.000,0.000,12.854,,
162.566662,2026-03-10 17:59:59.490,ARDUINO_PSI,Arduino,0.000,0.000,12.854,,
162.667283,2026-03-10 17:59:59.591,ARDUINO_PSI,Arduino,0.000,0.000,12.863,,
162.699120,2026-03-10 17:59:59.622,WJ_VOLTAGE,WJ1,0.000,0.000,0,0,"HV=OFF, Fault=NO"
162.745635,2026-03-10 17:59:59.669,WJ_VOLTAGE,WJ2,0.000,0.000,0,0,"HV=OFF, Fault=NO"
162.767377,2026-03-10 17:59:59.691,ARDUINO_PSI,Arduino,0.000,0.000,12.858,,
162.867689,2026-03-10 17:59:59.791,ARDUINO_PSI,Arduino,0.000,0.000,12.863,,
162.968762,2026-03-10 17:59:59.892,ARDUINO_PSI,Arduino,0.000,0.000,12.867,,
163.066743,2026-03-10 17:59:59.990,ARDUINO_PSI,Arduino,0.000,0.000,12.865,,
163.166216,2026-03-10 18:00:00.090,ARDUINO_PSI,Arduino,0.000,0.000,12.863,,
163.229779,2026-03-10 18:00:00.153,WJ_VOLTAGE,WJ1,0.000,0.000,0,0,"HV=OFF, Fault=NO"
163.266173,2026-03-10 18:00:00.190,ARDUINO_PSI,Arduino,0.000,0.000,12.856,,
163.286201,2026-03-10 18:00:00.210,WJ_VOLTAGE,WJ2,0.000,0.000,0,0,"HV=OFF, Fault=NO"
163.367527,2026-03-10 18:00:00.291,ARDUINO_PSI,Arduino,0.000,0.000,12.856,,
163.466240,2026-03-10 18:00:00.390,ARDUINO_PSI,Arduino,0.000,0.000,12.854,,
163.566149,2026-03-10 18:00:00.490,ARDUINO_PSI,Arduino,0.000,0.000,12.851,,
163.666552,2026-03-10 18:00:00.590,ARDUINO_PSI,Arduino,0.000,0.000,12.847,,
163.763521,2026-03-10 18:00:00.687,WJ_VOLTAGE,WJ1,0.000,0.000,0,0,"HV=OFF, Fault=NO"
163.770605,2026-03-10 18:00:00.694,ARDUINO_PSI,Arduino,0.000,0.000,12.847,,
163.840888,2026-03-10 18:00:00.764,WJ_VOLTAGE,WJ2,0.000,0.000,0,0,"HV=OFF, Fault=NO"
163.866143,2026-03-10 18:00:00.790,ARDUINO_PSI,Arduino,0.000,0.000,12.849,,
163.966790,2026-03-10 18:00:00.890,ARDUINO_PSI,Arduino,0.000,0.000,12.861,,
164.066882,2026-03-10 18:00:00.990,ARDUINO_PSI,Arduino,0.000,0.000,12.870,,
164.166601,2026-03-10 18:00:01.090,ARDUINO_PSI,Arduino,0.000,0.000,12.883,,
164.266531,2026-03-10 18:00:01.190,ARDUINO_PSI,Arduino,0.000,0.000,12.872,,
164.289058,2026-03-10 18:00:01.212,WJ_VOLTAGE,WJ1,0.000,0.000,0,0,"HV=OFF, Fault=NO"
164.366429,2026-03-10 18:00:01.290,ARDUINO_PSI,Arduino,0.000,0.000,12.870,,
164.367982,2026-03-10 18:00:01.291,WJ_VOLTAGE,WJ2,0.000,0.000,0,0,"HV=OFF, Fault=NO"
164.467082,2026-03-10 18:00:01.390,ARDUINO_PSI,Arduino,0.000,0.000,12.879,,
164.566748,2026-03-10 18:00:01.490,ARDUINO_PSI,Arduino,0.000,0.000,12.879,,
164.666836,2026-03-10 18:00:01.590,ARDUINO_PSI,Arduino,0.000,0.000,12.881,,
164.766702,2026-03-10 18:00:01.690,ARDUINO_PSI,Arduino,0.000,0.000,12.879,,
164.820607,2026-03-10 18:00:01.744,WJ_VOLTAGE,WJ1,0.000,0.000,0,0,"HV=OFF, Fault=NO"
164.866973,2026-03-10 18:00:01.790,ARDUINO_PSI,Arduino,0.000,0.000,12.883,,
164.897180,2026-03-10 18:00:01.821,WJ_VOLTAGE,WJ2,0.000,0.000,0,0,"HV=OFF, Fault=NO"
164.966705,2026-03-10 18:00:01.890,ARDUINO_PSI,Arduino,0.000,0.000,12.867,,
165.066731,2026-03-10 18:00:01.990,ARDUINO_PSI,Arduino,0.000,0.000,12.867,,
165.166723,2026-03-10 18:00:02.090,ARDUINO_PSI,Arduino,0.000,0.000,12.863,,
165.266703,2026-03-10 18:00:02.190,ARDUINO_PSI,Arduino,0.000,0.000,12.870,,
165.351755,2026-03-10 18:00:02.275,WJ_VOLTAGE,WJ1,0.000,0.000,0,0,"HV=OFF, Fault=NO"
165.366247,2026-03-10 18:00:02.290,ARDUINO_PSI,Arduino,0.000,0.000,12.867,,
165.429214,2026-03-10 18:00:02.353,WJ_VOLTAGE,WJ2,0.000,0.000,0,0,"HV=OFF, Fault=NO"
165.467002,2026-03-10 18:00:02.390,ARDUINO_PSI,Arduino,0.000,0.000,12.858,,
165.566922,2026-03-10 18:00:02.490,ARDUINO_PSI,Arduino,0.000,0.000,12.851,,
165.666683,2026-03-10 18:00:02.590,ARDUINO_PSI,Arduino,0.000,0.000,12.845,,
165.766209,2026-03-10 18:00:02.690,ARDUINO_PSI,Arduino,0.000,0.000,12.845,,
165.866824,2026-03-10 18:00:02.790,ARDUINO_PSI,Arduino,0.000,0.000,12.842,,
165.880858,2026-03-10 18:00:02.804,WJ_VOLTAGE,WJ1,0.000,0.000,0,0,"HV=OFF, Fault=NO"
165.959248,2026-03-10 18:00:02.883,WJ_VOLTAGE,WJ2,0.000,0.000,0,0,"HV=OFF, Fault=NO"
165.966109,2026-03-10 18:00:02.889,ARDUINO_PSI,Arduino,0.000,0.000,12.822,,
166.067448,2026-03-10 18:00:02.991,ARDUINO_PSI,Arduino,0.000,0.000,12.819,,
166.166243,2026-03-10 18:00:03.090,ARDUINO_PSI,Arduino,0.000,0.000,12.810,,
166.266933,2026-03-10 18:00:03.190,ARDUINO_PSI,Arduino,0.000,0.000,12.815,,
166.367134,2026-03-10 18:00:03.291,ARDUINO_PSI,Arduino,0.000,0.000,12.817,,
166.412282,2026-03-10 18:00:03.336,WJ_VOLTAGE,WJ1,0.000,0.000,0,0,"HV=OFF, Fault=NO"
166.466964,2026-03-10 18:00:03.390,ARDUINO_PSI,Arduino,0.000,0.000,12.810,,
166.489346,2026-03-10 18:00:03.413,WJ_VOLTAGE,WJ2,0.000,0.000,0,0,"HV=OFF, Fault=NO"
166.567001,2026-03-10 18:00:03.490,ARDUINO_PSI,Arduino,0.000,0.000,12.815,,
166.667397,2026-03-10 18:00:03.591,ARDUINO_PSI,Arduino,0.000,0.000,12.803,,
166.766756,2026-03-10 18:00:03.690,ARDUINO_PSI,Arduino,0.000,0.000,12.806,,
166.866551,2026-03-10 18:00:03.790,ARDUINO_PSI,Arduino,0.000,0.000,12.817,,
166.940861,2026-03-10 18:00:03.864,WJ_VOLTAGE,WJ1,0.000,0.000,0,0,"HV=OFF, Fault=NO"
166.966297,2026-03-10 18:00:03.890,ARDUINO_PSI,Arduino,0.000,0.000,12.828,,
167.020278,2026-03-10 18:00:03.944,WJ_VOLTAGE,WJ2,0.000,0.000,0,0,"HV=OFF, Fault=NO"
167.066498,2026-03-10 18:00:03.990,ARDUINO_PSI,Arduino,0.000,0.000,12.831,,
167.166983,2026-03-10 18:00:04.090,ARDUINO_PSI,Arduino,0.000,0.000,12.826,,
167.266721,2026-03-10 18:00:04.190,ARDUINO_PSI,Arduino,0.000,0.000,12.819,,
167.366378,2026-03-10 18:00:04.290,ARDUINO_PSI,Arduino,0.000,0.000,12.822,,
167.466955,2026-03-10 18:00:04.390,ARDUINO_PSI,Arduino,0.000,0.000,12.840,,
167.472646,2026-03-10 18:00:04.396,WJ_VOLTAGE,WJ1,0.000,0.000,0,0,"HV=OFF, Fault=NO"
167.547911,2026-03-10 18:00:04.471,WJ_VOLTAGE,WJ2,0.000,0.000,0,0,"HV=OFF, Fault=NO"
167.566176,2026-03-10 18:00:04.490,ARDUINO_PSI,Arduino,0.000,0.000,12.835,,
167.666859,2026-03-10 18:00:04.590,ARDUINO_PSI,Arduino,0.000,0.000,12.845,,
167.766258,2026-03-10 18:00:04.690,ARDUINO_PSI,Arduino,0.000,0.000,12.845,,
167.866785,2026-03-10 18:00:04.790,ARDUINO_PSI,Arduino,0.000,0.000,12.842,,
167.967546,2026-03-10 18:00:04.891,ARDUINO_PSI,Arduino,0.000,0.000,12.842,,
168.000186,2026-03-10 18:00:04.924,WJ_VOLTAGE,WJ1,0.000,0.000,0,0,"HV=OFF, Fault=NO"
168.066735,2026-03-10 18:00:04.990,ARDUINO_PSI,Arduino,0.000,0.000,12.835,,
168.079050,2026-03-10 18:00:05.002,WJ_VOLTAGE,WJ2,0.000,0.000,0,0,"HV=OFF, Fault=NO"
168.167063,2026-03-10 18:00:05.090,ARDUINO_PSI,Arduino,0.000,0.000,12.847,,
168.267290,2026-03-10 18:00:05.191,ARDUINO_PSI,Arduino,0.000,0.000,12.838,,
168.367869,2026-03-10 18:00:05.291,ARDUINO_PSI,Arduino,0.000,0.000,12.833,,
168.468297,2026-03-10 18:00:05.392,ARDUINO_PSI,Arduino,0.000,0.000,12.833,,
168.530694,2026-03-10 18:00:05.454,WJ_VOLTAGE,WJ1,0.000,0.000,0,0,"HV=OFF, Fault=NO"
168.567378,2026-03-10 18:00:05.491,ARDUINO_PSI,Arduino,0.000,0.000,12.840,,
168.606091,2026-03-10 18:00:05.529,WJ_VOLTAGE,WJ2,0.000,0.000,0,0,"HV=OFF, Fault=NO"
168.667669,2026-03-10 18:00:05.591,ARDUINO_PSI,Arduino,0.000,0.000,12.845,,
168.768114,2026-03-10 18:00:05.691,ARDUINO_PSI,Arduino,0.000,0.000,12.851,,
168.866777,2026-03-10 18:00:05.790,ARDUINO_PSI,Arduino,0.000,0.000,12.838,,
168.966911,2026-03-10 18:00:05.890,ARDUINO_PSI,Arduino,0.000,0.000,12.835,,
169.053565,2026-03-10 18:00:05.977,WJ_VOLTAGE,WJ1,0.000,0.000,0,0,"HV=OFF, Fault=NO"
169.066765,2026-03-10 18:00:05.990,ARDUINO_PSI,Arduino,0.000,0.000,12.845,,
169.131901,2026-03-10 18:00:06.055,WJ_VOLTAGE,WJ2,0.000,0.000,0,0,"HV=OFF, Fault=NO"
169.167416,2026-03-10 18:00:06.091,ARDUINO_PSI,Arduino,0.000,0.000,12.856,,
169.267361,2026-03-10 18:00:06.191,ARDUINO_PSI,Arduino,0.000,0.000,12.858,,
169.366644,2026-03-10 18:00:06.290,ARDUINO_PSI,Arduino,0.000,0.000,12.858,,
169.466885,2026-03-10 18:00:06.390,ARDUINO_PSI,Arduino,0.000,0.000,12.854,,
169.567695,2026-03-10 18:00:06.491,ARDUINO_PSI,Arduino,0.000,0.000,12.858,,
169.584319,2026-03-10 18:00:06.508,WJ_VOLTAGE,WJ1,0.000,0.000,0,0,"HV=OFF, Fault=NO"
169.663108,2026-03-10 18:00:06.586,WJ_VOLTAGE,WJ2,0.000,0.000,0,0,"HV=OFF, Fault=NO"
169.673474,2026-03-10 18:00:06.597,ARDUINO_PSI,Arduino,0.000,0.000,12.847,,
169.767694,2026-03-10 18:00:06.691,ARDUINO_PSI,Arduino,0.000,0.000,12.845,,
169.866798,2026-03-10 18:00:06.790,ARDUINO_PSI,Arduino,0.000,0.000,12.842,,
169.966683,2026-03-10 18:00:06.890,ARDUINO_PSI,Arduino,0.000,0.000,12.863,,
170.067057,2026-03-10 18:00:06.990,ARDUINO_PSI,Arduino,0.000,0.000,12.856,,
170.103830,2026-03-10 18:00:07.027,WJ_VOLTAGE,WJ1,0.000,0.000,0,0,"HV=OFF, Fault=NO"
170.166694,2026-03-10 18:00:07.090,ARDUINO_PSI,Arduino,0.000,0.000,12.847,,
170.179677,2026-03-10 18:00:07.103,WJ_VOLTAGE,WJ2,0.000,0.000,0,0,"HV=OFF, Fault=NO"
170.267010,2026-03-10 18:00:07.190,ARDUINO_PSI,Arduino,0.000,0.000,12.854,,
170.366807,2026-03-10 18:00:07.290,ARDUINO_PSI,Arduino,0.000,0.000,12.858,,
170.467084,2026-03-10 18:00:07.390,ARDUINO_PSI,Arduino,0.000,0.000,12.856,,
170.566623,2026-03-10 18:00:07.490,ARDUINO_PSI,Arduino,0.000,0.000,12.842,,
170.634433,2026-03-10 18:00:07.558,WJ_VOLTAGE,WJ1,0.000,0.000,0,0,"HV=OFF, Fault=NO"
170.667256,2026-03-10 18:00:07.591,ARDUINO_PSI,Arduino,0.000,0.000,12.842,,
170.710926,2026-03-10 18:00:07.634,WJ_VOLTAGE,WJ2,0.000,0.000,0,0,"HV=OFF, Fault=NO"
170.766931,2026-03-10 18:00:07.690,ARDUINO_PSI,Arduino,0.000,0.000,12.835,,
170.868033,2026-03-10 18:00:07.791,ARDUINO_PSI,Arduino,0.000,0.000,12.845,,
170.966772,2026-03-10 18:00:07.890,ARDUINO_PSI,Arduino,0.000,0.000,12.835,,
171.067769,2026-03-10 18:00:07.991,ARDUINO_PSI,Arduino,0.000,0.000,12.817,,
171.163155,2026-03-10 18:00:08.087,WJ_VOLTAGE,WJ1,0.000,0.000,0,0,"HV=OFF, Fault=NO"
171.175846,2026-03-10 18:00:08.099,ARDUINO_PSI,Arduino,0.000,0.000,12.810,,
171.241117,2026-03-10 18:00:08.165,WJ_VOLTAGE,WJ2,0.000,0.000,0,0,"HV=OFF, Fault=NO"
171.267041,2026-03-10 18:00:08.190,ARDUINO_PSI,Arduino,0.000,0.000,12.812,,
171.367181,2026-03-10 18:00:08.291,ARDUINO_PSI,Arduino,0.000,0.000,12.803,,
171.467625,2026-03-10 18:00:08.391,ARDUINO_PSI,Arduino,0.000,0.000,12.801,,
171.567638,2026-03-10 18:00:08.491,ARDUINO_PSI,Arduino,0.000,0.000,12.801,,
171.666819,2026-03-10 18:00:08.590,ARDUINO_PSI,Arduino,0.000,0.000,12.808,,
171.688938,2026-03-10 18:00:08.612,WJ_VOLTAGE,WJ1,0.000,0.000,0,0,"HV=OFF, Fault=NO"
171.768481,2026-03-10 18:00:08.692,ARDUINO_PSI,Arduino,0.000,0.000,12.808,,
171.770186,2026-03-10 18:00:08.694,WJ_VOLTAGE,WJ2,0.000,0.000,0,0,"HV=OFF, Fault=NO"
171.866979,2026-03-10 18:00:08.790,ARDUINO_PSI,Arduino,0.000,0.000,12.822,,
171.966859,2026-03-10 18:00:08.890,ARDUINO_PSI,Arduino,0.000,0.000,12.810,,
172.066838,2026-03-10 18:00:08.990,ARDUINO_PSI,Arduino,0.000,0.000,12.815,,
172.166864,2026-03-10 18:00:09.090,ARDUINO_PSI,Arduino,0.000,0.000,12.812,,
172.219702,2026-03-10 18:00:09.143,WJ_VOLTAGE,WJ1,0.000,0.000,0,0,"HV=OFF, Fault=NO"
172.266632,2026-03-10 18:00:09.190,ARDUINO_PSI,Arduino,0.000,0.000,12.822,,
172.297306,2026-03-10 18:00:09.221,WJ_VOLTAGE,WJ2,0.000,0.000,0,0,"HV=OFF, Fault=NO"
172.367081,2026-03-10 18:00:09.290,ARDUINO_PSI,Arduino,0.000,0.000,12.828,,
172.468457,2026-03-10 18:00:09.392,ARDUINO_PSI,Arduino,0.000,0.000,12.826,,
172.567301,2026-03-10 18:00:09.491,ARDUINO_PSI,Arduino,0.000,0.000,12.824,,
172.666780,2026-03-10 18:00:09.590,ARDUINO_PSI,Arduino,0.000,0.000,12.812,,
172.747768,2026-03-10 18:00:09.671,WJ_VOLTAGE,WJ1,0.000,0.000,0,0,"HV=OFF, Fault=NO"
172.766076,2026-03-10 18:00:09.689,ARDUINO_PSI,Arduino,0.000,0.000,12.803,,
172.827250,2026-03-10 18:00:09.751,WJ_VOLTAGE,WJ2,0.000,0.000,0,0,"HV=OFF, Fault=NO"
172.867843,2026-03-10 18:00:09.791,ARDUINO_PSI,Arduino,0.000,0.000,12.796,,
172.967766,2026-03-10 18:00:09.891,ARDUINO_PSI,Arduino,0.000,0.000,12.819,,
173.066807,2026-03-10 18:00:09.990,ARDUINO_PSI,Arduino,0.000,0.000,12.826,,
173.167053,2026-03-10 18:00:10.090,ARDUINO_PSI,Arduino,0.000,0.000,12.826,,
173.267913,2026-03-10 18:00:10.191,WJ_VOLTAGE,WJ1,0.000,0.000,0,0,"HV=OFF, Fault=NO"
173.282404,2026-03-10 18:00:10.206,ARDUINO_PSI,Arduino,0.000,0.000,12.833,,
173.359158,2026-03-10 18:00:10.283,WJ_VOLTAGE,WJ2,0.000,0.000,0,0,"HV=OFF, Fault=NO"
173.366116,2026-03-10 18:00:10.289,ARDUINO_PSI,Arduino,0.000,0.000,12.845,,
173.466942,2026-03-10 18:00:10.390,ARDUINO_PSI,Arduino,0.000,0.000,12.835,,
173.566825,2026-03-10 18:00:10.490,ARDUINO_PSI,Arduino,0.000,0.000,12.838,,
173.667324,2026-03-10 18:00:10.591,ARDUINO_PSI,Arduino,0.000,0.000,12.840,,
173.766165,2026-03-10 18:00:10.690,ARDUINO_PSI,Arduino,0.000,0.000,12.842,,
173.791825,2026-03-10 18:00:10.715,WJ_VOLTAGE,WJ1,0.000,0.000,0,0,"HV=OFF, Fault=NO"
173.867603,2026-03-10 18:00:10.791,ARDUINO_PSI,Arduino,0.000,0.000,12.835,,
173.887505,2026-03-10 18:00:10.811,WJ_VOLTAGE,WJ2,0.000,0.000,0,0,"HV=OFF, Fault=NO"
173.966804,2026-03-10 18:00:10.890,ARDUINO_PSI,Arduino,0.000,0.000,12.828,,
174.068020,2026-03-10 18:00:10.991,ARDUINO_PSI,Arduino,0.000,0.000,12.838,,
174.167449,2026-03-10 18:00:11.091,ARDUINO_PSI,Arduino,0.000,0.000,12.842,,
174.266740,2026-03-10 18:00:11.190,ARDUINO_PSI,Arduino,0.000,0.000,12.840,,
174.320258,2026-03-10 18:00:11.244,WJ_VOLTAGE,WJ1,0.000,0.000,0,0,"HV=OFF, Fault=NO"
174.367298,2026-03-10 18:00:11.291,ARDUINO_PSI,Arduino,0.000,0.000,12.840,,
174.414398,2026-03-10 18:00:11.338,WJ_VOLTAGE,WJ2,0.000,0.000,0,0,"HV=OFF, Fault=NO"
174.467286,2026-03-10 18:00:11.391,ARDUINO_PSI,Arduino,0.000,0.000,12.845,,
174.567382,2026-03-10 18:00:11.491,ARDUINO_PSI,Arduino,0.000,0.000,12.849,,
174.666866,2026-03-10 18:00:11.590,ARDUINO_PSI,Arduino,0.000,0.000,12.867,,
174.766831,2026-03-10 18:00:11.690,ARDUINO_PSI,Arduino,0.000,0.000,12.877,,
174.851566,2026-03-10 18:00:11.775,WJ_VOLTAGE,WJ1,0.000,0.000,0,0,"HV=OFF, Fault=NO"
174.866820,2026-03-10 18:00:11.790,ARDUINO_PSI,Arduino,0.000,0.000,12.872,,
174.943675,2026-03-10 18:00:11.867,WJ_VOLTAGE,WJ2,0.000,0.000,0,0,"HV=OFF, Fault=NO"
174.967284,2026-03-10 18:00:11.891,ARDUINO_PSI,Arduino,0.000,0.000,12.858,,
175.067626,2026-03-10 18:00:11.991,ARDUINO_PSI,Arduino,0.000,0.000,12.867,,
175.168220,2026-03-10 18:00:12.092,ARDUINO_PSI,Arduino,0.000,0.000,12.870,,
175.267500,2026-03-10 18:00:12.191,ARDUINO_PSI,Arduino,0.000,0.000,12.851,,
175.366607,2026-03-10 18:00:12.290,ARDUINO_PSI,Arduino,0.000,0.000,12.840,,
175.380481,2026-03-10 18:00:12.304,WJ_VOLTAGE,WJ1,0.000,0.000,0,0,"HV=OFF, Fault=NO"
175.469026,2026-03-10 18:00:12.392,ARDUINO_PSI,Arduino,0.000,0.000,12.840,,
175.475476,2026-03-10 18:00:12.399,WJ_VOLTAGE,WJ2,0.000,0.000,0,0,"HV=OFF, Fault=NO"
175.566910,2026-03-10 18:00:12.490,ARDUINO_PSI,Arduino,0.000,0.000,12.847,,
175.666255,2026-03-10 18:00:12.590,ARDUINO_PSI,Arduino,0.000,0.000,12.840,,
175.766096,2026-03-10 18:00:12.689,ARDUINO_PSI,Arduino,0.000,0.000,12.835,,
175.866227,2026-03-10 18:00:12.790,ARDUINO_PSI,Arduino,0.000,0.000,12.833,,
175.908438,2026-03-10 18:00:12.832,WJ_VOLTAGE,WJ1,0.000,0.000,0,0,"HV=OFF, Fault=NO"
175.966982,2026-03-10 18:00:12.890,ARDUINO_PSI,Arduino,0.000,0.000,12.838,,
176.001435,2026-03-10 18:00:12.925,WJ_VOLTAGE,WJ2,0.000,0.000,0,0,"HV=OFF, Fault=NO"
176.066701,2026-03-10 18:00:12.990,ARDUINO_PSI,Arduino,0.000,0.000,12.826,,
176.167123,2026-03-10 18:00:13.091,ARDUINO_PSI,Arduino,0.000,0.000,12.815,,
176.266882,2026-03-10 18:00:13.190,ARDUINO_PSI,Arduino,0.000,0.000,12.810,,
176.367430,2026-03-10 18:00:13.291,ARDUINO_PSI,Arduino,0.000,0.000,12.796,,
176.436390,2026-03-10 18:00:13.360,WJ_VOLTAGE,WJ1,0.000,0.000,0,0,"HV=OFF, Fault=NO"
176.466988,2026-03-10 18:00:13.390,ARDUINO_PSI,Arduino,0.000,0.000,12.796,,
176.530075,2026-03-10 18:00:13.453,WJ_VOLTAGE,WJ2,0.000,0.000,0,0,"HV=OFF, Fault=NO"
176.565976,2026-03-10 18:00:13.489,ARDUINO_PSI,Arduino,0.000,0.000,12.794,,
176.666294,2026-03-10 18:00:13.590,ARDUINO_PSI,Arduino,0.000,0.000,12.780,,
176.766811,2026-03-10 18:00:13.690,ARDUINO_PSI,Arduino,0.000,0.000,12.780,,
176.867051,2026-03-10 18:00:13.790,ARDUINO_PSI,Arduino,0.000,0.000,12.787,,
176.969603,2026-03-10 18:00:13.893,WJ_VOLTAGE,WJ1,0.000,0.000,0,0,"HV=OFF, Fault=NO"
176.971378,2026-03-10 18:00:13.895,ARDUINO_PSI,Arduino,0.000,0.000,12.783,,
177.061010,2026-03-10 18:00:13.984,WJ_VOLTAGE,WJ2,0.000,0.000,0,0,"HV=OFF, Fault=NO"
177.069565,2026-03-10 18:00:13.993,ARDUINO_PSI,Arduino,0.000,0.000,12.780,,
177.166811,2026-03-10 18:00:14.090,ARDUINO_PSI,Arduino,0.000,0.000,12.785,,
177.266767,2026-03-10 18:00:14.190,ARDUINO_PSI,Arduino,0.000,0.000,12.790,,
177.366642,2026-03-10 18:00:14.290,ARDUINO_PSI,Arduino,0.000,0.000,12.799,,
177.468067,2026-03-10 18:00:14.391,ARDUINO_PSI,Arduino,0.000,0.000,12.815,,
177.497436,2026-03-10 18:00:14.421,WJ_VOLTAGE,WJ1,0.000,0.000,0,0,"HV=OFF, Fault=NO"
177.567483,2026-03-10 18:00:14.491,ARDUINO_PSI,Arduino,0.000,0.000,12.806,,
177.589753,2026-03-10 18:00:14.513,WJ_VOLTAGE,WJ2,0.000,0.000,0,0,"HV=OFF, Fault=NO"
177.667576,2026-03-10 18:00:14.591,ARDUINO_PSI,Arduino,0.000,0.000,12.819,,
177.767394,2026-03-10 18:00:14.691,ARDUINO_PSI,Arduino,0.000,0.000,12.824,,
177.866500,2026-03-10 18:00:14.790,ARDUINO_PSI,Arduino,0.000,0.000,12.831,,
177.967553,2026-03-10 18:00:14.891,ARDUINO_PSI,Arduino,0.000,0.000,12.833,,
178.027269,2026-03-10 18:00:14.951,WJ_VOLTAGE,WJ1,0.000,0.000,0,0,"HV=OFF, Fault=NO"
178.066059,2026-03-10 18:00:14.989,ARDUINO_PSI,Arduino,0.000,0.000,12.831,,
178.118854,2026-03-10 18:00:15.042,WJ_VOLTAGE,WJ2,0.000,0.000,0,0,"HV=OFF, Fault=NO"
178.167338,2026-03-10 18:00:15.091,ARDUINO_PSI,Arduino,0.000,0.000,12.838,,
178.267272,2026-03-10 18:00:15.191,ARDUINO_PSI,Arduino,0.000,0.000,12.822,,
178.366898,2026-03-10 18:00:15.290,ARDUINO_PSI,Arduino,0.000,0.000,12.833,,
178.467513,2026-03-10 18:00:15.391,ARDUINO_PSI,Arduino,0.000,0.000,12.833,,
178.553454,2026-03-10 18:00:15.477,WJ_VOLTAGE,WJ1,0.000,0.000,0,0,"HV=OFF, Fault=NO"
178.567655,2026-03-10 18:00:15.491,ARDUINO_PSI,Arduino,0.000,0.000,12.840,,
178.646615,2026-03-10 18:00:15.570,WJ_VOLTAGE,WJ2,0.000,0.000,0,0,"HV=OFF, Fault=NO"
178.666927,2026-03-10 18:00:15.590,ARDUINO_PSI,Arduino,0.000,0.000,12.842,,
178.767321,2026-03-10 18:00:15.691,ARDUINO_PSI,Arduino,0.000,0.000,12.840,,
179.000228,2026-03-10 18:00:15.924,WJ_COMMAND,WJ1,HV_ON,,,,HV_ON 
179.093492,2026-03-10 18:00:16.017,WJ_COMMAND,WJ2,HV_ON,,,,HV_ON 
179.094978,2026-03-10 18:00:16.018,ARDUINO_PSI,Arduino,0.000,0.000,12.831,,
179.100515,2026-03-10 18:00:16.024,WJ_VOLTAGE,WJ1,0.000,0.000,0,0,"HV=OFF, Fault=NO"
179.101285,2026-03-10 18:00:16.025,ARDUINO_PSI,Arduino,0.000,0.000,12.835,,
179.102987,2026-03-10 18:00:16.026,WJ_VOLTAGE,WJ2,0.000,0.000,0,0,"HV=OFF, Fault=NO"
179.103891,2026-03-10 18:00:16.027,ARDUINO_PSI,Arduino,0.000,0.000,12.833,,
179.167362,2026-03-10 18:00:16.091,ARDUINO_PSI,Arduino,0.000,0.000,12.840,,
179.267494,2026-03-10 18:00:16.191,ARDUINO_PSI,Arduino,0.000,0.000,12.854,,
179.367446,2026-03-10 18:00:16.291,ARDUINO_PSI,Arduino,0.000,0.000,12.861,,
179.467253,2026-03-10 18:00:16.391,ARDUINO_PSI,Arduino,0.000,0.000,12.856,,
179.566626,2026-03-10 18:00:16.490,ARDUINO_PSI,Arduino,0.000,0.000,12.854,,
179.668949,2026-03-10 18:00:16.592,ARDUINO_PSI,Arduino,0.000,0.000,12.845,,
179.767335,2026-03-10 18:00:16.691,ARDUINO_PSI,Arduino,0.000,0.000,12.845,,
179.867741,2026-03-10 18:00:16.791,ARDUINO_PSI,Arduino,0.000,0.000,12.840,,
179.967012,2026-03-10 18:00:16.890,ARDUINO_PSI,Arduino,0.000,0.000,12.842,,
180.067634,2026-03-10 18:00:16.991,ARDUINO_PSI,Arduino,0.000,0.000,12.854,,
180.167003,2026-03-10 18:00:17.090,ARDUINO_PSI,Arduino,0.000,0.000,12.851,,
180.184832,2026-03-10 18:00:17.108,WJ_VOLTAGE,WJ1,0.000,0.000,0,0,"HV=OFF, Fault=NO"
180.263008,2026-03-10 18:00:17.186,WJ_VOLTAGE,WJ2,0.000,0.000,0,0,"HV=OFF, Fault=NO"
180.269871,2026-03-10 18:00:17.193,ARDUINO_PSI,Arduino,0.000,0.000,12.856,,
180.367544,2026-03-10 18:00:17.291,ARDUINO_PSI,Arduino,0.000,0.000,12.851,,
180.466406,2026-03-10 18:00:17.390,ARDUINO_PSI,Arduino,0.000,0.000,12.858,,
180.566467,2026-03-10 18:00:17.490,ARDUINO_PSI,Arduino,0.000,0.000,12.870,,
180.666833,2026-03-10 18:00:17.590,ARDUINO_PSI,Arduino,0.000,0.000,12.870,,
180.714602,2026-03-10 18:00:17.638,WJ_VOLTAGE,WJ1,0.000,0.000,0,0,"HV=OFF, Fault=NO"
180.766203,2026-03-10 18:00:17.690,ARDUINO_PSI,Arduino,0.000,0.000,12.867,,
180.791970,2026-03-10 18:00:17.715,WJ_VOLTAGE,WJ2,0.000,0.006,0,0,"HV=OFF, Fault=NO"
180.867380,2026-03-10 18:00:17.791,ARDUINO_PSI,Arduino,0.000,0.000,12.874,,
180.966791,2026-03-10 18:00:17.890,ARDUINO_PSI,Arduino,0.000,0.000,12.867,,
181.067017,2026-03-10 18:00:17.990,ARDUINO_PSI,Arduino,0.000,0.000,12.874,,
181.166753,2026-03-10 18:00:18.090,ARDUINO_PSI,Arduino,0.000,0.000,12.874,,
181.244183,2026-03-10 18:00:18.168,WJ_VOLTAGE,WJ1,0.000,0.000,0,0,"HV=OFF, Fault=NO"
181.266035,2026-03-10 18:00:18.189,ARDUINO_PSI,Arduino,0.000,0.000,12.865,,
181.321362,2026-03-10 18:00:18.245,WJ_VOLTAGE,WJ2,0.000,0.000,0,0,"HV=OFF, Fault=NO"
181.366982,2026-03-10 18:00:18.290,ARDUINO_PSI,Arduino,0.000,0.000,12.861,,
181.467038,2026-03-10 18:00:18.390,ARDUINO_PSI,Arduino,0.000,0.000,12.851,,
181.567646,2026-03-10 18:00:18.491,ARDUINO_PSI,Arduino,0.000,0.000,12.856,,
181.667287,2026-03-10 18:00:18.591,ARDUINO_PSI,Arduino,0.000,0.000,12.863,,
181.767767,2026-03-10 18:00:18.691,ARDUINO_PSI,Arduino,0.000,0.000,12.854,,
181.771707,2026-03-10 18:00:18.695,WJ_VOLTAGE,WJ1,0.000,0.000,0,0,"HV=OFF, Fault=NO"
181.853429,2026-03-10 18:00:18.777,WJ_VOLTAGE,WJ2,0.000,0.000,0,0,"HV=OFF, Fault=NO"
181.868235,2026-03-10 18:00:18.792,ARDUINO_PSI,Arduino,0.000,0.000,12.849,,
181.966819,2026-03-10 18:00:18.890,ARDUINO_PSI,Arduino,0.000,0.000,12.847,,
182.067643,2026-03-10 18:00:18.991,ARDUINO_PSI,Arduino,0.000,0.000,12.851,,
182.166932,2026-03-10 18:00:19.090,ARDUINO_PSI,Arduino,0.000,0.000,12.858,,
182.266809,2026-03-10 18:00:19.190,ARDUINO_PSI,Arduino,0.000,0.000,12.861,,
182.302459,2026-03-10 18:00:19.226,WJ_VOLTAGE,WJ1,0.000,0.000,0,0,"HV=OFF, Fault=NO"
182.366843,2026-03-10 18:00:19.290,ARDUINO_PSI,Arduino,0.000,0.000,12.851,,
182.378159,2026-03-10 18:00:19.302,WJ_VOLTAGE,WJ2,0.000,0.000,0,0,"HV=OFF, Fault=NO"
182.468694,2026-03-10 18:00:19.392,ARDUINO_PSI,Arduino,0.000,0.000,12.854,,
182.567972,2026-03-10 18:00:19.491,ARDUINO_PSI,Arduino,0.000,0.000,12.840,,
182.667427,2026-03-10 18:00:19.591,ARDUINO_PSI,Arduino,0.000,0.000,12.847,,
182.767754,2026-03-10 18:00:19.691,ARDUINO_PSI,Arduino,0.000,0.000,12.847,,
182.824842,2026-03-10 18:00:19.748,WJ_VOLTAGE,WJ1,0.000,0.000,0,0,"HV=OFF, Fault=NO"
182.867501,2026-03-10 18:00:19.791,ARDUINO_PSI,Arduino,0.000,0.000,12.847,,
182.902874,2026-03-10 18:00:19.826,WJ_VOLTAGE,WJ2,0.000,0.000,0,0,"HV=OFF, Fault=NO"
182.966267,2026-03-10 18:00:19.890,ARDUINO_PSI,Arduino,0.000,0.000,12.854,,
183.066735,2026-03-10 18:00:19.990,ARDUINO_PSI,Arduino,0.000,0.000,12.858,,
183.166879,2026-03-10 18:00:20.090,ARDUINO_PSI,Arduino,0.000,0.000,12.851,,
183.266925,2026-03-10 18:00:20.190,ARDUINO_PSI,Arduino,0.000,0.000,12.851,,
183.352935,2026-03-10 18:00:20.276,WJ_VOLTAGE,WJ1,0.000,0.000,0,0,"HV=OFF, Fault=NO"
183.366967,2026-03-10 18:00:20.290,ARDUINO_PSI,Arduino,0.000,0.000,12.838,,
183.429937,2026-03-10 18:00:20.353,WJ_VOLTAGE,WJ2,0.000,0.000,0,0,"HV=OFF, Fault=NO"
183.466783,2026-03-10 18:00:20.390,ARDUINO_PSI,Arduino,0.000,0.000,12.851,,
183.569239,2026-03-10 18:00:20.493,ARDUINO_PSI,Arduino,0.000,0.000,12.858,,
183.666741,2026-03-10 18:00:20.590,ARDUINO_PSI,Arduino,0.000,0.000,12.847,,
183.767819,2026-03-10 18:00:20.691,ARDUINO_PSI,Arduino,0.000,0.000,12.856,,
183.868005,2026-03-10 18:00:20.791,ARDUINO_PSI,Arduino,0.000,0.000,12.865,,
183.881791,2026-03-10 18:00:20.805,WJ_VOLTAGE,WJ1,0.000,0.000,0,0,"HV=OFF, Fault=NO"
183.959791,2026-03-10 18:00:20.883,WJ_VOLTAGE,WJ2,0.000,0.000,0,0,"HV=OFF, Fault=NO"
183.973084,2026-03-10 18:00:20.896,ARDUINO_PSI,Arduino,0.000,0.000,12.865,,
184.067800,2026-03-10 18:00:20.991,ARDUINO_PSI,Arduino,0.000,0.000,12.856,,
184.167091,2026-03-10 18:00:21.090,ARDUINO_PSI,Arduino,0.000,0.000,12.865,,
184.267710,2026-03-10 18:00:21.191,ARDUINO_PSI,Arduino,0.000,0.000,12.867,,
184.367698,2026-03-10 18:00:21.291,ARDUINO_PSI,Arduino,0.000,0.000,12.870,,
184.409818,2026-03-10 18:00:21.333,WJ_VOLTAGE,WJ1,0.000,0.000,0,0,"HV=OFF, Fault=NO"
184.466898,2026-03-10 18:00:21.390,ARDUINO_PSI,Arduino,0.000,0.000,12.854,,
184.488246,2026-03-10 18:00:21.412,WJ_VOLTAGE,WJ2,0.000,0.000,0,0,"HV=OFF, Fault=NO"
184.567773,2026-03-10 18:00:21.491,ARDUINO_PSI,Arduino,0.000,0.000,12.858,,
184.667898,2026-03-10 18:00:21.591,ARDUINO_PSI,Arduino,0.000,0.000,12.847,,
184.768233,2026-03-10 18:00:21.692,ARDUINO_PSI,Arduino,0.000,0.000,12.851,,
184.867474,2026-03-10 18:00:21.791,ARDUINO_PSI,Arduino,0.000,0.000,12.849,,
184.942906,2026-03-10 18:00:21.866,WJ_VOLTAGE,WJ1,0.000,0.000,0,0,"HV=OFF, Fault=NO"
184.966419,2026-03-10 18:00:21.890,ARDUINO_PSI,Arduino,0.000,0.000,12.849,,
185.019543,2026-03-10 18:00:21.943,WJ_VOLTAGE,WJ2,0.000,0.000,0,0,"HV=OFF, Fault=NO"
185.068179,2026-03-10 18:00:21.992,ARDUINO_PSI,Arduino,0.000,0.000,12.840,,
185.168032,2026-03-10 18:00:22.091,ARDUINO_PSI,Arduino,0.000,0.000,12.835,,
185.268318,2026-03-10 18:00:22.192,ARDUINO_PSI,Arduino,0.000,0.000,12.824,,
185.366979,2026-03-10 18:00:22.290,ARDUINO_PSI,Arduino,0.000,0.000,12.831,,
185.468139,2026-03-10 18:00:22.392,ARDUINO_PSI,Arduino,0.000,0.000,12.824,,
185.472176,2026-03-10 18:00:22.396,WJ_VOLTAGE,WJ1,0.000,0.000,0,0,"HV=OFF, Fault=NO"
185.547800,2026-03-10 18:00:22.471,WJ_VOLTAGE,WJ2,0.000,0.000,0,0,"HV=OFF, Fault=NO"
185.566761,2026-03-10 18:00:22.490,ARDUINO_PSI,Arduino,0.000,0.000,12.815,,
185.667567,2026-03-10 18:00:22.591,ARDUINO_PSI,Arduino,0.000,0.000,12.812,,
185.766321,2026-03-10 18:00:22.690,ARDUINO_PSI,Arduino,0.000,0.000,12.810,,
185.869025,2026-03-10 18:00:22.792,ARDUINO_PSI,Arduino,0.000,0.000,12.806,,
185.967702,2026-03-10 18:00:22.891,ARDUINO_PSI,Arduino,0.000,0.000,12.806,,
185.998462,2026-03-10 18:00:22.922,WJ_VOLTAGE,WJ1,0.000,0.000,0,0,"HV=OFF, Fault=NO"
186.067589,2026-03-10 18:00:22.991,ARDUINO_PSI,Arduino,0.000,0.000,12.801,,
186.077563,2026-03-10 18:00:23.001,WJ_VOLTAGE,WJ2,0.000,0.000,0,0,"HV=OFF, Fault=NO"
186.167528,2026-03-10 18:00:23.091,ARDUINO_PSI,Arduino,0.000,0.000,12.796,,
186.267568,2026-03-10 18:00:23.191,ARDUINO_PSI,Arduino,0.000,0.000,12.796,,
186.368320,2026-03-10 18:00:23.292,ARDUINO_PSI,Arduino,0.000,0.000,12.801,,
186.466933,2026-03-10 18:00:23.390,ARDUINO_PSI,Arduino,0.000,0.000,12.810,,
186.528928,2026-03-10 18:00:23.452,WJ_VOLTAGE,WJ1,0.000,0.000,0,0,"HV=OFF, Fault=NO"
186.567240,2026-03-10 18:00:23.491,ARDUINO_PSI,Arduino,0.000,0.000,12.803,,
186.605433,2026-03-10 18:00:23.529,WJ_VOLTAGE,WJ2,0.000,0.000,0,0,"HV=OFF, Fault=NO"
186.668379,2026-03-10 18:00:23.592,ARDUINO_PSI,Arduino,0.000,0.000,12.801,,
186.766903,2026-03-10 18:00:23.690,ARDUINO_PSI,Arduino,0.000,0.000,12.801,,
186.866706,2026-03-10 18:00:23.790,ARDUINO_PSI,Arduino,0.000,0.000,12.803,,
186.967646,2026-03-10 18:00:23.891,ARDUINO_PSI,Arduino,0.000,0.000,12.815,,
187.056763,2026-03-10 18:00:23.980,WJ_VOLTAGE,WJ1,0.000,0.000,0,0,"HV=OFF, Fault=NO"
187.072824,2026-03-10 18:00:23.996,ARDUINO_PSI,Arduino,0.000,0.000,12.808,,
187.134306,2026-03-10 18:00:24.058,WJ_VOLTAGE,WJ2,0.000,0.000,0,0,"HV=OFF, Fault=NO"
187.167345,2026-03-10 18:00:24.091,ARDUINO_PSI,Arduino,0.000,0.000,12.810,,
187.266844,2026-03-10 18:00:24.190,ARDUINO_PSI,Arduino,0.000,0.000,12.808,,
187.367881,2026-03-10 18:00:24.291,ARDUINO_PSI,Arduino,0.000,0.000,12.817,,
187.467359,2026-03-10 18:00:24.391,ARDUINO_PSI,Arduino,0.000,0.000,12.824,,
187.567834,2026-03-10 18:00:24.491,ARDUINO_PSI,Arduino,0.000,0.000,12.819,,
187.586561,2026-03-10 18:00:24.510,WJ_VOLTAGE,WJ1,0.000,0.000,0,0,"HV=OFF, Fault=NO"
187.661281,2026-03-10 18:00:24.585,WJ_VOLTAGE,WJ2,0.000,0.000,0,0,"HV=OFF, Fault=NO"
187.668503,2026-03-10 18:00:24.592,ARDUINO_PSI,Arduino,0.000,0.000,12.817,,
187.767081,2026-03-10 18:00:24.690,ARDUINO_PSI,Arduino,0.000,0.000,12.828,,
187.867145,2026-03-10 18:00:24.791,ARDUINO_PSI,Arduino,0.000,0.000,12.822,,
187.968071,2026-03-10 18:00:24.891,ARDUINO_PSI,Arduino,0.000,0.000,12.835,,
188.066685,2026-03-10 18:00:24.990,ARDUINO_PSI,Arduino,0.000,0.000,12.845,,
188.114247,2026-03-10 18:00:25.038,WJ_VOLTAGE,WJ1,0.000,0.000,0,0,"HV=OFF, Fault=NO"
188.167815,2026-03-10 18:00:25.091,ARDUINO_PSI,Arduino,0.000,0.000,12.840,,
188.192541,2026-03-10 18:00:25.116,WJ_VOLTAGE,WJ2,0.000,0.000,0,0,"HV=OFF, Fault=NO"
188.266424,2026-03-10 18:00:25.190,ARDUINO_PSI,Arduino,0.000,0.000,12.842,,
188.367766,2026-03-10 18:00:25.291,ARDUINO_PSI,Arduino,0.000,0.000,12.835,,
188.467045,2026-03-10 18:00:25.390,ARDUINO_PSI,Arduino,0.000,0.000,12.826,,
188.567079,2026-03-10 18:00:25.490,ARDUINO_PSI,Arduino,0.000,0.000,12.833,,
188.646496,2026-03-10 18:00:25.570,WJ_VOLTAGE,WJ1,0.000,0.000,0,0,"HV=OFF, Fault=NO"
188.667106,2026-03-10 18:00:25.590,ARDUINO_PSI,Arduino,0.000,0.000,12.833,,
188.726490,2026-03-10 18:00:25.650,WJ_VOLTAGE,WJ2,0.000,0.000,0,0,"HV=OFF, Fault=NO"
188.767299,2026-03-10 18:00:25.691,ARDUINO_PSI,Arduino,0.000,0.000,12.826,,
188.867437,2026-03-10 18:00:25.791,ARDUINO_PSI,Arduino,0.000,0.000,12.828,,
189.002709,2026-03-10 18:00:25.926,WJ_COMMAND,WJ1,SET_PROGRAM,5.0kV_2.0mA,,,SET_PROGRAM 5.0kV_2.0mA
189.096088,2026-03-10 18:00:26.019,WJ_COMMAND,WJ2,SET_PROGRAM,5.0kV_2.0mA,,,SET_PROGRAM 5.0kV_2.0mA
189.099310,2026-03-10 18:00:26.023,WJ_VOLTAGE,WJ1,0.000,0.000,0,0,"HV=OFF, Fault=NO"
189.101593,2026-03-10 18:00:26.025,ARDUINO_PSI,Arduino,0.000,0.000,12.817,,
189.105441,2026-03-10 18:00:26.029,WJ_VOLTAGE,WJ2,0.000,0.000,0,0,"HV=OFF, Fault=NO"
189.106429,2026-03-10 18:00:26.030,ARDUINO_PSI,Arduino,0.000,0.000,12.815,,
189.166639,2026-03-10 18:00:26.090,ARDUINO_PSI,Arduino,0.000,0.000,12.819,,
189.267944,2026-03-10 18:00:26.191,ARDUINO_PSI,Arduino,0.000,0.000,12.831,,
189.367455,2026-03-10 18:00:26.291,ARDUINO_PSI,Arduino,0.000,0.000,12.819,,
189.457303,2026-03-10 18:00:26.381,WJ_VOLTAGE,WJ1,0.196,0.921,0,0,"HV=OFF, Fault=NO"
189.466915,2026-03-10 18:00:26.390,ARDUINO_PSI,Arduino,0.000,0.000,12.817,,
189.553250,2026-03-10 18:00:26.477,WJ_VOLTAGE,WJ2,0.000,0.170,0,0,"HV=OFF, Fault=NO"
189.569775,2026-03-10 18:00:26.493,ARDUINO_PSI,Arduino,0.000,0.000,12.826,,
189.667165,2026-03-10 18:00:26.591,ARDUINO_PSI,Arduino,0.000,0.000,12.833,,
189.767217,2026-03-10 18:00:26.691,ARDUINO_PSI,Arduino,0.000,0.000,12.819,,
189.866756,2026-03-10 18:00:26.790,ARDUINO_PSI,Arduino,0.000,0.000,12.826,,
189.967385,2026-03-10 18:00:26.891,ARDUINO_PSI,Arduino,0.000,0.000,12.808,,
189.988726,2026-03-10 18:00:26.912,WJ_VOLTAGE,WJ1,1.955,2.000,0,0,"HV=OFF, Fault=NO"
190.067516,2026-03-10 18:00:26.991,ARDUINO_PSI,Arduino,0.000,0.000,12.801,,
190.082117,2026-03-10 18:00:27.006,WJ_VOLTAGE,WJ2,2.151,2.000,0,0,"HV=OFF, Fault=NO"
190.167784,2026-03-10 18:00:27.091,ARDUINO_PSI,Arduino,0.000,0.000,12.806,,
190.266963,2026-03-10 18:00:27.190,ARDUINO_PSI,Arduino,0.000,0.000,12.808,,
190.367243,2026-03-10 18:00:27.291,ARDUINO_PSI,Arduino,0.000,0.000,12.808,,
190.624381,2026-03-10 18:00:27.548,ERROR,WJ1,,,,,Write timeout
191.144980,2026-03-10 18:00:28.068,WJ_COMMAND,WJ2,HV_ON,,,,HV_ON 
191.146800,2026-03-10 18:00:28.070,ARDUINO_PSI,Arduino,0.000,0.000,12.806,,
191.151746,2026-03-10 18:00:28.075,WJ_VOLTAGE,WJ1,3.226,2.000,0,0,"HV=OFF, Fault=NO"
191.152577,2026-03-10 18:00:28.076,ARDUINO_PSI,Arduino,0.000,0.000,12.812,,
191.155383,2026-03-10 18:00:28.079,WJ_VOLTAGE,WJ2,3.519,2.000,0,0,"HV=OFF, Fault=NO"
191.156409,2026-03-10 18:00:28.080,ARDUINO_PSI,Arduino,0.000,0.000,12.819,,
191.157702,2026-03-10 18:00:28.081,ARDUINO_PSI,Arduino,0.000,0.000,12.824,,
191.158561,2026-03-10 18:00:28.082,ARDUINO_PSI,Arduino,0.000,0.000,12.831,,
191.159410,2026-03-10 18:00:28.083,ARDUINO_PSI,Arduino,0.000,0.000,12.840,,
191.160456,2026-03-10 18:00:28.084,ARDUINO_PSI,Arduino,0.000,0.000,12.854,,
191.169664,2026-03-10 18:00:28.093,ARDUINO_PSI,Arduino,0.000,0.000,12.858,,
191.267307,2026-03-10 18:00:28.191,ARDUINO_PSI,Arduino,0.000,0.000,12.863,,
191.367182,2026-03-10 18:00:28.291,ARDUINO_PSI,Arduino,0.000,0.000,12.863,,
191.467213,2026-03-10 18:00:28.391,ARDUINO_PSI,Arduino,0.000,0.000,12.858,,
191.567399,2026-03-10 18:00:28.491,ARDUINO_PSI,Arduino,0.000,0.000,12.845,,
191.610966,2026-03-10 18:00:28.534,WJ_VOLTAGE,WJ1,4.985,0.604,0,0,"HV=OFF, Fault=NO"
191.667853,2026-03-10 18:00:28.591,ARDUINO_PSI,Arduino,0.000,0.000,12.854,,
191.673281,2026-03-10 18:00:28.597,WJ_VOLTAGE,WJ2,4.985,0.416,0,0,"HV=OFF, Fault=NO"
191.767678,2026-03-10 18:00:28.691,ARDUINO_PSI,Arduino,0.000,0.000,12.854,,
191.866864,2026-03-10 18:00:28.790,ARDUINO_PSI,Arduino,0.000,0.000,12.849,,
191.967260,2026-03-10 18:00:28.891,ARDUINO_PSI,Arduino,0.000,0.000,12.847,,
192.067564,2026-03-10 18:00:28.991,ARDUINO_PSI,Arduino,0.000,0.000,12.847,,
192.138819,2026-03-10 18:00:29.062,WJ_VOLTAGE,WJ1,4.985,0.170,0,0,"HV=OFF, Fault=NO"
192.167439,2026-03-10 18:00:29.091,ARDUINO_PSI,Arduino,0.000,0.000,12.847,,
192.218822,2026-03-10 18:00:29.142,WJ_VOLTAGE,WJ2,4.985,0.117,0,0,"HV=OFF, Fault=NO"
192.267574,2026-03-10 18:00:29.191,ARDUINO_PSI,Arduino,0.000,0.000,12.842,,
192.367718,2026-03-10 18:00:29.291,ARDUINO_PSI,Arduino,0.000,0.000,12.847,,
192.467663,2026-03-10 18:00:29.391,ARDUINO_PSI,Arduino,0.000,0.000,12.851,,
192.567591,2026-03-10 18:00:29.491,ARDUINO_PSI,Arduino,0.000,0.000,12.838,,
192.666198,2026-03-10 18:00:29.590,WJ_VOLTAGE,WJ1,4.985,0.059,0,0,"HV=OFF, Fault=NO"
192.680272,2026-03-10 18:00:29.604,ARDUINO_PSI,Arduino,0.000,0.000,12.842,,
192.744599,2026-03-10 18:00:29.668,WJ_VOLTAGE,WJ2,4.985,0.041,0,0,"HV=OFF, Fault=NO"
192.766138,2026-03-10 18:00:29.690,ARDUINO_PSI,Arduino,0.000,0.000,12.847,,
192.868213,2026-03-10 18:00:29.792,ARDUINO_PSI,Arduino,0.000,0.000,12.842,,
192.968337,2026-03-10 18:00:29.892,ARDUINO_PSI,Arduino,0.000,0.000,12.845,,
193.068957,2026-03-10 18:00:29.992,ARDUINO_PSI,Arduino,0.000,0.000,12.833,,
193.167049,2026-03-10 18:00:30.090,ARDUINO_PSI,Arduino,0.000,0.000,12.828,,
193.197032,2026-03-10 18:00:30.120,WJ_VOLTAGE,WJ1,4.985,0.023,0,0,"HV=OFF, Fault=NO"
193.268268,2026-03-10 18:00:30.192,ARDUINO_PSI,Arduino,0.000,0.000,12.819,,
193.275582,2026-03-10 18:00:30.199,WJ_VOLTAGE,WJ2,4.985,0.023,0,0,"HV=OFF, Fault=NO"
193.367747,2026-03-10 18:00:30.291,ARDUINO_PSI,Arduino,0.000,0.000,12.826,,
193.467380,2026-03-10 18:00:30.391,ARDUINO_PSI,Arduino,0.000,0.000,12.831,,
193.568938,2026-03-10 18:00:30.492,ARDUINO_PSI,Arduino,0.000,0.000,12.849,,
193.668394,2026-03-10 18:00:30.592,ARDUINO_PSI,Arduino,0.000,0.000,12.856,,
193.727856,2026-03-10 18:00:30.651,WJ_VOLTAGE,WJ1,4.985,0.018,0,0,"HV=OFF, Fault=NO"
193.767238,2026-03-10 18:00:30.691,ARDUINO_PSI,Arduino,0.000,0.000,12.851,,
193.804655,2026-03-10 18:00:30.728,WJ_VOLTAGE,WJ2,4.985,0.012,0,0,"HV=OFF, Fault=NO"
194.007535,2026-03-10 18:00:30.931,WJ_COMMAND,WJ1,HV_OFF,,,,HV_OFF 
194.101063,2026-03-10 18:00:31.024,WJ_COMMAND,WJ2,HV_OFF,,,,HV_OFF 
194.102962,2026-03-10 18:00:31.026,ARDUINO_PSI,Arduino,0.000,0.000,12.861,,
194.107869,2026-03-10 18:00:31.031,WJ_VOLTAGE,WJ1,4.985,0.012,0,0,"HV=OFF, Fault=NO"
194.109497,2026-03-10 18:00:31.033,ARDUINO_PSI,Arduino,0.000,0.000,12.874,,
194.110828,2026-03-10 18:00:31.034,WJ_VOLTAGE,WJ2,4.985,0.012,0,0,"HV=OFF, Fault=NO"
194.111386,2026-03-10 18:00:31.035,ARDUINO_PSI,Arduino,0.000,0.000,12.886,,
194.166730,2026-03-10 18:00:31.090,ARDUINO_PSI,Arduino,0.000,0.000,12.877,,
194.268471,2026-03-10 18:00:31.192,ARDUINO_PSI,Arduino,0.000,0.000,12.877,,
194.366652,2026-03-10 18:00:31.290,ARDUINO_PSI,Arduino,0.000,0.000,12.881,,
194.459665,2026-03-10 18:00:31.383,WJ_VOLTAGE,WJ1,4.985,0.006,0,0,"HV=OFF, Fault=NO"
194.472425,2026-03-10 18:00:31.396,ARDUINO_PSI,Arduino,0.000,0.000,12.881,,
194.553151,2026-03-10 18:00:31.477,WJ_VOLTAGE,WJ2,4.985,0.000,0,0,"HV=OFF, Fault=NO"
194.573930,2026-03-10 18:00:31.497,ARDUINO_PSI,Arduino,0.000,0.000,12.881,,
194.666963,2026-03-10 18:00:31.590,ARDUINO_PSI,Arduino,0.000,0.000,12.881,,
194.766972,2026-03-10 18:00:31.690,ARDUINO_PSI,Arduino,0.000,0.000,12.877,,
194.869058,2026-03-10 18:00:31.792,ARDUINO_PSI,Arduino,0.000,0.000,12.872,,
194.967027,2026-03-10 18:00:31.890,ARDUINO_PSI,Arduino,0.000,0.000,12.856,,
194.986275,2026-03-10 18:00:31.910,WJ_VOLTAGE,WJ1,4.106,0.000,0,0,"HV=OFF, Fault=NO"
195.067764,2026-03-10 18:00:31.991,ARDUINO_PSI,Arduino,0.000,0.000,12.863,,
195.081836,2026-03-10 18:00:32.005,WJ_VOLTAGE,WJ2,4.106,0.000,0,0,"HV=OFF, Fault=NO"
195.166879,2026-03-10 18:00:32.090,ARDUINO_PSI,Arduino,0.000,0.000,12.863,,
195.267926,2026-03-10 18:00:32.191,ARDUINO_PSI,Arduino,0.000,0.000,12.863,,
195.367446,2026-03-10 18:00:32.291,ARDUINO_PSI,Arduino,0.000,0.000,12.856,,
195.468102,2026-03-10 18:00:32.391,ARDUINO_PSI,Arduino,0.000,0.000,12.842,,
195.518719,2026-03-10 18:00:32.442,WJ_VOLTAGE,WJ1,3.617,0.000,0,0,"HV=OFF, Fault=NO"
195.567499,2026-03-10 18:00:32.491,ARDUINO_PSI,Arduino,0.000,0.000,12.840,,
195.611318,2026-03-10 18:00:32.535,WJ_VOLTAGE,WJ2,3.617,0.000,0,0,"HV=OFF, Fault=NO"
195.666041,2026-03-10 18:00:32.589,ARDUINO_PSI,Arduino,0.000,0.000,12.833,,
195.766661,2026-03-10 18:00:32.690,ARDUINO_PSI,Arduino,0.000,0.000,12.838,,
195.868125,2026-03-10 18:00:32.792,ARDUINO_PSI,Arduino,0.000,0.000,12.835,,
195.968280,2026-03-10 18:00:32.892,ARDUINO_PSI,Arduino,0.000,0.000,12.835,,
196.037833,2026-03-10 18:00:32.961,WJ_VOLTAGE,WJ1,3.324,0.000,0,0,"HV=OFF, Fault=NO"
196.067712,2026-03-10 18:00:32.991,ARDUINO_PSI,Arduino,0.000,0.000,12.833,,
196.131555,2026-03-10 18:00:33.055,WJ_VOLTAGE,WJ2,3.128,0.000,0,0,"HV=OFF, Fault=NO"
196.167357,2026-03-10 18:00:33.091,ARDUINO_PSI,Arduino,0.000,0.000,12.840,,
196.266927,2026-03-10 18:00:33.190,ARDUINO_PSI,Arduino,0.000,0.000,12.842,,
196.367507,2026-03-10 18:00:33.291,ARDUINO_PSI,Arduino,0.000,0.000,12.847,,
196.467055,2026-03-10 18:00:33.390,ARDUINO_PSI,Arduino,0.000,0.000,12.851,,
196.567849,2026-03-10 18:00:33.491,WJ_VOLTAGE,WJ1,2.933,0.000,0,0,"HV=OFF, Fault=NO"
196.571253,2026-03-10 18:00:33.495,ARDUINO_PSI,Arduino,0.000,0.000,12.851,,
196.659818,2026-03-10 18:00:33.583,WJ_VOLTAGE,WJ2,2.835,0.000,0,0,"HV=OFF, Fault=NO"
196.669453,2026-03-10 18:00:33.593,ARDUINO_PSI,Arduino,0.000,0.000,12.854,,
196.766894,2026-03-10 18:00:33.690,ARDUINO_PSI,Arduino,0.000,0.000,12.858,,
196.867809,2026-03-10 18:00:33.791,ARDUINO_PSI,Arduino,0.000,0.000,12.854,,
196.968069,2026-03-10 18:00:33.891,ARDUINO_PSI,Arduino,0.000,0.000,12.861,,
197.066791,2026-03-10 18:00:33.990,ARDUINO_PSI,Arduino,0.000,0.000,12.861,,
197.094698,2026-03-10 18:00:34.018,WJ_VOLTAGE,WJ1,2.639,0.000,0,0,"HV=OFF, Fault=NO"
197.168753,2026-03-10 18:00:34.092,ARDUINO_PSI,Arduino,0.000,0.000,12.856,,
197.190530,2026-03-10 18:00:34.114,WJ_VOLTAGE,WJ2,2.444,0.000,0,0,"HV=OFF, Fault=NO"
197.268107,2026-03-10 18:00:34.191,ARDUINO_PSI,Arduino,0.000,0.000,12.861,,
197.367657,2026-03-10 18:00:34.291,ARDUINO_PSI,Arduino,0.000,0.000,12.872,,
197.467710,2026-03-10 18:00:34.391,ARDUINO_PSI,Arduino,0.000,0.000,12.877,,
197.566514,2026-03-10 18:00:34.490,ARDUINO_PSI,Arduino,0.000,0.000,12.865,,
197.627310,2026-03-10 18:00:34.551,WJ_VOLTAGE,WJ1,2.346,0.000,0,0,"HV=OFF, Fault=NO"
197.667356,2026-03-10 18:00:34.591,ARDUINO_PSI,Arduino,0.000,0.000,12.865,,
197.721472,2026-03-10 18:00:34.645,WJ_VOLTAGE,WJ2,2.151,0.000,0,0,"HV=OFF, Fault=NO"
197.766762,2026-03-10 18:00:34.690,ARDUINO_PSI,Arduino,0.000,0.000,12.863,,
197.867607,2026-03-10 18:00:34.791,ARDUINO_PSI,Arduino,0.000,0.000,12.851,,
197.968033,2026-03-10 18:00:34.891,ARDUINO_PSI,Arduino,0.000,0.000,12.847,,
198.067403,2026-03-10 18:00:34.991,ARDUINO_PSI,Arduino,0.000,0.000,12.851,,
198.156565,2026-03-10 18:00:35.080,WJ_VOLTAGE,WJ1,2.053,0.000,0,0,"HV=OFF, Fault=NO"
198.171037,2026-03-10 18:00:35.094,ARDUINO_PSI,Arduino,0.000,0.000,12.842,,
198.253205,2026-03-10 18:00:35.177,WJ_VOLTAGE,WJ2,1.955,0.000,0,0,"HV=OFF, Fault=NO"
198.275271,2026-03-10 18:00:35.199,ARDUINO_PSI,Arduino,0.000,0.000,12.849,,
198.367535,2026-03-10 18:00:35.291,ARDUINO_PSI,Arduino,0.000,0.000,12.845,,
198.467670,2026-03-10 18:00:35.391,ARDUINO_PSI,Arduino,0.000,0.000,12.835,,
198.566115,2026-03-10 18:00:35.489,ARDUINO_PSI,Arduino,0.000,0.000,12.840,,
198.667396,2026-03-10 18:00:35.591,ARDUINO_PSI,Arduino,0.000,0.000,12.826,,
198.676750,2026-03-10 18:00:35.600,WJ_VOLTAGE,WJ1,1.857,0.000,0,0,"HV=OFF, Fault=NO"
198.766947,2026-03-10 18:00:35.690,ARDUINO_PSI,Arduino,0.000,0.000,12.831,,
198.770355,2026-03-10 18:00:35.694,WJ_VOLTAGE,WJ2,1.662,0.000,0,0,"HV=OFF, Fault=NO"
198.866860,2026-03-10 18:00:35.790,ARDUINO_PSI,Arduino,0.000,0.000,12.838,,
198.967607,2026-03-10 18:00:35.891,ARDUINO_PSI,Arduino,0.000,0.000,12.838,,
199.066493,2026-03-10 18:00:35.990,ARDUINO_PSI,Arduino,0.000,0.000,12.838,,
199.167150,2026-03-10 18:00:36.091,ARDUINO_PSI,Arduino,0.000,0.000,12.831,,
199.206449,2026-03-10 18:00:36.130,WJ_VOLTAGE,WJ1,1.662,0.000,0,0,"HV=OFF, Fault=NO"
199.266555,2026-03-10 18:00:36.190,ARDUINO_PSI,Arduino,0.000,0.000,12.826,,
199.298816,2026-03-10 18:00:36.222,WJ_VOLTAGE,WJ2,1.466,0.000,0,0,"HV=OFF, Fault=NO"
199.368212,2026-03-10 18:00:36.292,ARDUINO_PSI,Arduino,0.000,0.000,12.819,,
199.467754,2026-03-10 18:00:36.391,ARDUINO_PSI,Arduino,0.000,0.000,12.826,,
199.566945,2026-03-10 18:00:36.490,ARDUINO_PSI,Arduino,0.000,0.000,12.831,,
199.667205,2026-03-10 18:00:36.591,ARDUINO_PSI,Arduino,0.000,0.000,12.835,,
199.737052,2026-03-10 18:00:36.660,WJ_VOLTAGE,WJ1,1.466,0.000,0,0,"HV=OFF, Fault=NO"
199.766172,2026-03-10 18:00:36.690,ARDUINO_PSI,Arduino,0.000,0.000,12.849,,
199.829502,2026-03-10 18:00:36.753,WJ_VOLTAGE,WJ2,1.369,0.000,0,0,"HV=OFF, Fault=NO"
199.866802,2026-03-10 18:00:36.790,ARDUINO_PSI,Arduino,0.000,0.000,12.854,,
199.966937,2026-03-10 18:00:36.890,ARDUINO_PSI,Arduino,0.000,0.000,12.847,,
200.066642,2026-03-10 18:00:36.990,ARDUINO_PSI,Arduino,0.000,0.000,12.851,,
200.166749,2026-03-10 18:00:37.090,ARDUINO_PSI,Arduino,0.000,0.000,12.858,,
200.265557,2026-03-10 18:00:37.189,WJ_VOLTAGE,WJ1,1.369,0.000,0,0,"HV=OFF, Fault=NO"
200.281124,2026-03-10 18:00:37.205,ARDUINO_PSI,Arduino,0.000,0.000,12.845,,
200.360391,2026-03-10 18:00:37.284,WJ_VOLTAGE,WJ2,1.173,0.000,0,0,"HV=OFF, Fault=NO"
200.370431,2026-03-10 18:00:37.294,ARDUINO_PSI,Arduino,0.000,0.000,12.847,,
200.467733,2026-03-10 18:00:37.391,ARDUINO_PSI,Arduino,0.000,0.000,12.851,,
200.568090,2026-03-10 18:00:37.491,ARDUINO_PSI,Arduino,0.000,0.000,12.856,,
200.668579,2026-03-10 18:00:37.592,ARDUINO_PSI,Arduino,0.000,0.000,12.863,,
200.767093,2026-03-10 18:00:37.690,ARDUINO_PSI,Arduino,0.000,0.000,12.865,,
200.792542,2026-03-10 18:00:37.716,WJ_VOLTAGE,WJ1,1.173,0.000,0,0,"HV=OFF, Fault=NO"
200.868472,2026-03-10 18:00:37.792,ARDUINO_PSI,Arduino,0.000,0.000,12.870,,
200.886383,2026-03-10 18:00:37.810,WJ_VOLTAGE,WJ2,1.075,0.000,0,0,"HV=OFF, Fault=NO"
200.967461,2026-03-10 18:00:37.891,ARDUINO_PSI,Arduino,0.000,0.000,12.874,,
201.067100,2026-03-10 18:00:37.990,ARDUINO_PSI,Arduino,0.000,0.000,12.870,,
201.168093,2026-03-10 18:00:38.091,ARDUINO_PSI,Arduino,0.000,0.000,12.867,,
201.266071,2026-03-10 18:00:38.189,ARDUINO_PSI,Arduino,0.000,0.000,12.863,,
201.325374,2026-03-10 18:00:38.249,WJ_VOLTAGE,WJ1,1.075,0.000,0,0,"HV=OFF, Fault=NO"
201.366663,2026-03-10 18:00:38.290,ARDUINO_PSI,Arduino,0.000,0.000,12.861,,
201.404001,2026-03-10 18:00:38.327,WJ_VOLTAGE,WJ2,0.978,0.000,0,0,"HV=OFF, Fault=NO"
201.466971,2026-03-10 18:00:38.390,ARDUINO_PSI,Arduino,0.000,0.000,12.867,,
201.567450,2026-03-10 18:00:38.491,ARDUINO_PSI,Arduino,0.000,0.000,12.863,,
201.703985,2026-03-10 18:00:38.627,ARDUINO_PSI,Arduino,0.000,0.000,12.856,,
201.766633,2026-03-10 18:00:38.690,ARDUINO_PSI,Arduino,0.000,0.000,12.824,,
201.858026,2026-03-10 18:00:38.781,WJ_VOLTAGE,WJ1,0.978,0.000,0,0,"HV=OFF, Fault=NO"
201.868234,2026-03-10 18:00:38.792,ARDUINO_PSI,Arduino,0.000,0.000,12.831,,
201.936468,2026-03-10 18:00:38.860,WJ_VOLTAGE,WJ2,0.782,0.000,0,0,"HV=OFF, Fault=NO"
201.966633,2026-03-10 18:00:38.890,ARDUINO_PSI,Arduino,0.000,0.000,12.833,,
202.066776,2026-03-10 18:00:38.990,ARDUINO_PSI,Arduino,0.000,0.000,12.822,,
202.168192,2026-03-10 18:00:39.092,ARDUINO_PSI,Arduino,0.000,0.000,12.822,,
202.267994,2026-03-10 18:00:39.191,ARDUINO_PSI,Arduino,0.000,0.000,12.819,,
202.366948,2026-03-10 18:00:39.290,ARDUINO_PSI,Arduino,0.000,0.000,12.812,,
202.386016,2026-03-10 18:00:39.309,WJ_VOLTAGE,WJ1,0.880,0.000,0,0,"HV=OFF, Fault=NO"
202.464280,2026-03-10 18:00:39.388,WJ_VOLTAGE,WJ2,0.684,0.000,0,0,"HV=OFF, Fault=NO"
202.475754,2026-03-10 18:00:39.399,ARDUINO_PSI,Arduino,0.000,0.000,12.812,,
202.567015,2026-03-10 18:00:39.490,ARDUINO_PSI,Arduino,0.000,0.000,12.801,,
202.668728,2026-03-10 18:00:39.592,ARDUINO_PSI,Arduino,0.000,0.000,12.801,,
202.766765,2026-03-10 18:00:39.690,ARDUINO_PSI,Arduino,0.000,0.000,12.794,,
202.866781,2026-03-10 18:00:39.790,ARDUINO_PSI,Arduino,0.000,0.000,12.787,,
202.918476,2026-03-10 18:00:39.842,WJ_VOLTAGE,WJ1,0.782,0.000,0,0,"HV=OFF, Fault=NO"
202.966552,2026-03-10 18:00:39.890,ARDUINO_PSI,Arduino,0.000,0.000,12.787,,
202.995387,2026-03-10 18:00:39.919,WJ_VOLTAGE,WJ2,0.684,0.000,0,0,"HV=OFF, Fault=NO"
203.067879,2026-03-10 18:00:39.991,ARDUINO_PSI,Arduino,0.000,0.000,12.790,,
203.166960,2026-03-10 18:00:40.090,ARDUINO_PSI,Arduino,0.000,0.000,12.808,,
203.267667,2026-03-10 18:00:40.191,ARDUINO_PSI,Arduino,0.000,0.000,12.817,,
203.368166,2026-03-10 18:00:40.292,ARDUINO_PSI,Arduino,0.000,0.000,12.822,,
203.445936,2026-03-10 18:00:40.369,WJ_VOLTAGE,WJ1,0.684,0.000,0,0,"HV=OFF, Fault=NO"
203.467228,2026-03-10 18:00:40.391,ARDUINO_PSI,Arduino,0.000,0.000,12.808,,
203.521849,2026-03-10 18:00:40.445,WJ_VOLTAGE,WJ2,0.587,0.000,0,0,"HV=OFF, Fault=NO"
203.567883,2026-03-10 18:00:40.491,ARDUINO_PSI,Arduino,0.000,0.000,12.817,,
203.668689,2026-03-10 18:00:40.592,ARDUINO_PSI,Arduino,0.000,0.000,12.819,,
203.767199,2026-03-10 18:00:40.691,ARDUINO_PSI,Arduino,0.000,0.000,12.838,,
203.866791,2026-03-10 18:00:40.790,ARDUINO_PSI,Arduino,0.000,0.000,12.842,,
203.968603,2026-03-10 18:00:40.892,WJ_VOLTAGE,WJ1,0.587,0.000,0,0,"HV=OFF, Fault=NO"
203.969534,2026-03-10 18:00:40.893,ARDUINO_PSI,Arduino,0.000,0.000,12.842,,
204.047473,2026-03-10 18:00:40.971,WJ_VOLTAGE,WJ2,0.489,0.000,0,0,"HV=OFF, Fault=NO"
204.066737,2026-03-10 18:00:40.990,ARDUINO_PSI,Arduino,0.000,0.000,12.854,,
204.167491,2026-03-10 18:00:41.091,ARDUINO_PSI,Arduino,0.000,0.000,12.861,,
204.267230,2026-03-10 18:00:41.191,ARDUINO_PSI,Arduino,0.000,0.000,12.865,,
204.368085,2026-03-10 18:00:41.291,ARDUINO_PSI,Arduino,0.000,0.000,12.861,,
204.468295,2026-03-10 18:00:41.392,ARDUINO_PSI,Arduino,0.000,0.000,12.856,,
204.499346,2026-03-10 18:00:41.423,WJ_VOLTAGE,WJ1,0.587,0.000,0,0,"HV=OFF, Fault=NO"
204.567763,2026-03-10 18:00:41.491,ARDUINO_PSI,Arduino,0.000,0.000,12.865,,
204.577817,2026-03-10 18:00:41.501,WJ_VOLTAGE,WJ2,0.489,0.000,0,0,"HV=OFF, Fault=NO"
204.666196,2026-03-10 18:00:41.590,ARDUINO_PSI,Arduino,0.000,0.000,12.861,,
204.767252,2026-03-10 18:00:41.691,ARDUINO_PSI,Arduino,0.000,0.000,12.861,,
204.868037,2026-03-10 18:00:41.791,ARDUINO_PSI,Arduino,0.000,0.000,12.854,,
204.966857,2026-03-10 18:00:41.890,ARDUINO_PSI,Arduino,0.000,0.000,12.845,,
205.027914,2026-03-10 18:00:41.951,WJ_VOLTAGE,WJ1,0.489,0.000,0,0,"HV=OFF, Fault=NO"
205.066882,2026-03-10 18:00:41.990,ARDUINO_PSI,Arduino,0.000,0.000,12.845,,
205.107059,2026-03-10 18:00:42.030,WJ_VOLTAGE,WJ2,0.391,0.000,0,0,"HV=OFF, Fault=NO"
205.166807,2026-03-10 18:00:42.090,ARDUINO_PSI,Arduino,0.000,0.000,12.842,,
205.267679,2026-03-10 18:00:42.191,ARDUINO_PSI,Arduino,0.000,0.000,12.842,,
205.368434,2026-03-10 18:00:42.292,ARDUINO_PSI,Arduino,0.000,0.000,12.840,,
205.467640,2026-03-10 18:00:42.391,ARDUINO_PSI,Arduino,0.000,0.000,12.858,,
205.556546,2026-03-10 18:00:42.480,WJ_VOLTAGE,WJ1,0.489,0.000,0,0,"HV=OFF, Fault=NO"
205.566678,2026-03-10 18:00:42.490,ARDUINO_PSI,Arduino,0.000,0.000,12.858,,
205.636868,2026-03-10 18:00:42.560,WJ_VOLTAGE,WJ2,0.391,0.000,0,0,"HV=OFF, Fault=NO"
205.667551,2026-03-10 18:00:42.591,ARDUINO_PSI,Arduino,0.000,0.000,12.851,,
205.768174,2026-03-10 18:00:42.692,ARDUINO_PSI,Arduino,0.000,0.000,12.849,,
205.868170,2026-03-10 18:00:42.792,ARDUINO_PSI,Arduino,0.000,0.000,12.842,,
205.967537,2026-03-10 18:00:42.891,ARDUINO_PSI,Arduino,0.000,0.000,12.854,,
206.068040,2026-03-10 18:00:42.991,ARDUINO_PSI,Arduino,0.000,0.000,12.842,,
206.084787,2026-03-10 18:00:43.008,WJ_VOLTAGE,WJ1,0.391,0.000,0,0,"HV=OFF, Fault=NO"
206.162140,2026-03-10 18:00:43.086,WJ_VOLTAGE,WJ2,0.293,0.000,0,0,"HV=OFF, Fault=NO"
206.169073,2026-03-10 18:00:43.092,ARDUINO_PSI,Arduino,0.000,0.000,12.833,,
206.267607,2026-03-10 18:00:43.191,ARDUINO_PSI,Arduino,0.000,0.000,12.826,,
206.368062,2026-03-10 18:00:43.291,ARDUINO_PSI,Arduino,0.000,0.000,12.840,,
206.468266,2026-03-10 18:00:43.392,ARDUINO_PSI,Arduino,0.000,0.000,12.842,,
206.569437,2026-03-10 18:00:43.493,ARDUINO_PSI,Arduino,0.000,0.000,12.842,,
206.617796,2026-03-10 18:00:43.541,WJ_VOLTAGE,WJ1,0.391,0.000,0,0,"HV=OFF, Fault=NO"
206.667065,2026-03-10 18:00:43.590,ARDUINO_PSI,Arduino,0.000,0.000,12.847,,
206.693561,2026-03-10 18:00:43.617,WJ_VOLTAGE,WJ2,0.293,0.000,0,0,"HV=OFF, Fault=NO"
206.768092,2026-03-10 18:00:43.691,ARDUINO_PSI,Arduino,0.000,0.000,12.847,,
206.866845,2026-03-10 18:00:43.790,ARDUINO_PSI,Arduino,0.000,0.000,12.842,,
206.967939,2026-03-10 18:00:43.891,ARDUINO_PSI,Arduino,0.000,0.000,12.851,,
207.067195,2026-03-10 18:00:43.991,ARDUINO_PSI,Arduino,0.000,0.000,12.851,,
207.143041,2026-03-10 18:00:44.066,WJ_VOLTAGE,WJ1,0.293,0.000,0,0,"HV=OFF, Fault=NO"
207.167393,2026-03-10 18:00:44.091,ARDUINO_PSI,Arduino,0.000,0.000,12.847,,
207.221224,2026-03-10 18:00:44.145,WJ_VOLTAGE,WJ2,0.196,0.000,0,0,"HV=OFF, Fault=NO"
207.268294,2026-03-10 18:00:44.192,ARDUINO_PSI,Arduino,0.000,0.000,12.856,,
207.366124,2026-03-10 18:00:44.290,ARDUINO_PSI,Arduino,0.000,0.000,12.854,,
207.468422,2026-03-10 18:00:44.392,ARDUINO_PSI,Arduino,0.000,0.000,12.833,,
207.568311,2026-03-10 18:00:44.492,ARDUINO_PSI,Arduino,0.000,0.000,12.831,,
207.666799,2026-03-10 18:00:44.590,ARDUINO_PSI,Arduino,0.000,0.000,12.831,,
207.672725,2026-03-10 18:00:44.596,WJ_VOLTAGE,WJ1,0.293,0.000,0,0,"HV=OFF, Fault=NO"
207.750646,2026-03-10 18:00:44.674,WJ_VOLTAGE,WJ2,0.196,0.000,0,0,"HV=OFF, Fault=NO"
207.766945,2026-03-10 18:00:44.690,ARDUINO_PSI,Arduino,0.000,0.000,12.835,,
207.868328,2026-03-10 18:00:44.792,ARDUINO_PSI,Arduino,0.000,0.000,12.840,,
207.967642,2026-03-10 18:00:44.891,ARDUINO_PSI,Arduino,0.000,0.000,12.838,,
208.067606,2026-03-10 18:00:44.991,ARDUINO_PSI,Arduino,0.000,0.000,12.833,,
208.167594,2026-03-10 18:00:45.091,ARDUINO_PSI,Arduino,0.000,0.000,12.833,,
208.201571,2026-03-10 18:00:45.125,WJ_VOLTAGE,WJ1,0.293,0.000,0,0,"HV=OFF, Fault=NO"
208.266608,2026-03-10 18:00:45.190,ARDUINO_PSI,Arduino,0.000,0.000,12.847,,
208.281697,2026-03-10 18:00:45.205,WJ_VOLTAGE,WJ2,0.196,0.000,0,0,"HV=OFF, Fault=NO"
208.368047,2026-03-10 18:00:45.291,ARDUINO_PSI,Arduino,0.000,0.000,12.842,,
208.468605,2026-03-10 18:00:45.392,ARDUINO_PSI,Arduino,0.000,0.000,12.838,,
208.567082,2026-03-10 18:00:45.490,ARDUINO_PSI,Arduino,0.000,0.000,12.835,,
208.668382,2026-03-10 18:00:45.592,ARDUINO_PSI,Arduino,0.000,0.000,12.835,,
208.736117,2026-03-10 18:00:45.660,WJ_VOLTAGE,WJ1,0.196,0.000,0,0,"HV=OFF, Fault=NO"
208.767063,2026-03-10 18:00:45.690,ARDUINO_PSI,Arduino,0.000,0.000,12.840,,
208.811671,2026-03-10 18:00:45.735,WJ_VOLTAGE,WJ2,0.196,0.000,0,0,"HV=OFF, Fault=NO"
208.866818,2026-03-10 18:00:45.790,ARDUINO_PSI,Arduino,0.000,0.000,12.856,,
208.967863,2026-03-10 18:00:45.891,ARDUINO_PSI,Arduino,0.000,0.000,12.854,,
209.067259,2026-03-10 18:00:45.991,ARDUINO_PSI,Arduino,0.000,0.000,12.854,,
209.166940,2026-03-10 18:00:46.090,ARDUINO_PSI,Arduino,0.000,0.000,12.845,,
209.263873,2026-03-10 18:00:46.187,WJ_VOLTAGE,WJ1,0.196,0.000,0,0,"HV=OFF, Fault=NO"
209.270792,2026-03-10 18:00:46.194,ARDUINO_PSI,Arduino,0.000,0.000,12.842,,
209.343617,2026-03-10 18:00:46.267,WJ_VOLTAGE,WJ2,0.098,0.000,0,0,"HV=OFF, Fault=NO"
209.366142,2026-03-10 18:00:46.290,ARDUINO_PSI,Arduino,0.000,0.000,12.842,,
209.467949,2026-03-10 18:00:46.391,ARDUINO_PSI,Arduino,0.000,0.000,12.851,,
209.568199,2026-03-10 18:00:46.492,ARDUINO_PSI,Arduino,0.000,0.000,12.849,,
209.667549,2026-03-10 18:00:46.591,ARDUINO_PSI,Arduino,0.000,0.000,12.847,,
209.766945,2026-03-10 18:00:46.690,ARDUINO_PSI,Arduino,0.000,0.000,12.847,,
209.791441,2026-03-10 18:00:46.715,WJ_VOLTAGE,WJ1,0.196,0.000,0,0,"HV=OFF, Fault=NO"
209.867340,2026-03-10 18:00:46.791,ARDUINO_PSI,Arduino,0.000,0.000,12.849,,
209.873407,2026-03-10 18:00:46.797,WJ_VOLTAGE,WJ2,0.098,0.000,0,0,"HV=OFF, Fault=NO"
209.967671,2026-03-10 18:00:46.891,ARDUINO_PSI,Arduino,0.000,0.000,12.840,,
210.067666,2026-03-10 18:00:46.991,ARDUINO_PSI,Arduino,0.000,0.000,12.840,,
210.168358,2026-03-10 18:00:47.092,ARDUINO_PSI,Arduino,0.000,0.000,12.845,,
210.267444,2026-03-10 18:00:47.191,ARDUINO_PSI,Arduino,0.000,0.000,12.840,,
210.320884,2026-03-10 18:00:47.244,WJ_VOLTAGE,WJ1,0.196,0.000,0,0,"HV=OFF, Fault=NO"
210.368015,2026-03-10 18:00:47.291,ARDUINO_PSI,Arduino,0.000,0.000,12.847,,
210.399830,2026-03-10 18:00:47.323,WJ_VOLTAGE,WJ2,0.098,0.000,0,0,"HV=OFF, Fault=NO"
210.467489,2026-03-10 18:00:47.391,ARDUINO_PSI,Arduino,0.000,0.000,12.858,,
210.567146,2026-03-10 18:00:47.491,ARDUINO_PSI,Arduino,0.000,0.000,12.854,,
210.668285,2026-03-10 18:00:47.592,ARDUINO_PSI,Arduino,0.000,0.000,12.851,,
210.767163,2026-03-10 18:00:47.691,ARDUINO_PSI,Arduino,0.000,0.000,12.838,,
210.848627,2026-03-10 18:00:47.772,WJ_VOLTAGE,WJ1,0.098,0.000,0,0,"HV=OFF, Fault=NO"
210.866099,2026-03-10 18:00:47.789,ARDUINO_PSI,Arduino,0.000,0.000,12.828,,
210.925194,2026-03-10 18:00:47.849,WJ_VOLTAGE,WJ2,0.098,0.000,0,0,"HV=OFF, Fault=NO"
210.967764,2026-03-10 18:00:47.891,ARDUINO_PSI,Arduino,0.000,0.000,12.838,,
211.068436,2026-03-10 18:00:47.992,ARDUINO_PSI,Arduino,0.000,0.000,12.835,,
211.198890,2026-03-10 18:00:48.122,ARDUINO_PSI,Arduino,0.000,0.000,12.845,,
211.267053,2026-03-10 18:00:48.190,ARDUINO_PSI,Arduino,0.000,0.000,12.835,,
211.366933,2026-03-10 18:00:48.290,ARDUINO_PSI,Arduino,0.000,0.000,12.833,,
211.380021,2026-03-10 18:00:48.303,WJ_VOLTAGE,WJ1,0.098,0.000,0,0,"HV=OFF, Fault=NO"
211.457104,2026-03-10 18:00:48.380,WJ_VOLTAGE,WJ2,0.098,0.000,0,0,"HV=OFF, Fault=NO"
211.468640,2026-03-10 18:00:48.392,ARDUINO_PSI,Arduino,0.000,0.000,12.828,,
211.567902,2026-03-10 18:00:48.491,ARDUINO_PSI,Arduino,0.000,0.000,12.831,,
211.667111,2026-03-10 18:00:48.590,ARDUINO_PSI,Arduino,0.000,0.000,12.831,,
211.766714,2026-03-10 18:00:48.690,ARDUINO_PSI,Arduino,0.000,0.000,12.824,,
211.867661,2026-03-10 18:00:48.791,ARDUINO_PSI,Arduino,0.000,0.000,12.833,,
211.911369,2026-03-10 18:00:48.835,WJ_VOLTAGE,WJ1,0.098,0.000,0,0,"HV=OFF, Fault=NO"
211.967591,2026-03-10 18:00:48.891,ARDUINO_PSI,Arduino,0.000,0.000,12.828,,
211.973542,2026-03-10 18:00:48.897,WJ_VOLTAGE,WJ2,0.098,0.000,0,0,"HV=OFF, Fault=NO"
212.067785,2026-03-10 18:00:48.991,ARDUINO_PSI,Arduino,0.000,0.000,12.826,,
212.166120,2026-03-10 18:00:49.089,ARDUINO_PSI,Arduino,0.000,0.000,12.824,,
212.267585,2026-03-10 18:00:49.191,ARDUINO_PSI,Arduino,0.000,0.000,12.824,,
212.367594,2026-03-10 18:00:49.291,ARDUINO_PSI,Arduino,0.000,0.000,12.831,,
212.444536,2026-03-10 18:00:49.368,WJ_VOLTAGE,WJ1,0.098,0.000,0,0,"HV=OFF, Fault=NO"
212.467610,2026-03-10 18:00:49.391,ARDUINO_PSI,Arduino,0.000,0.000,12.817,,
212.507353,2026-03-10 18:00:49.431,WJ_VOLTAGE,WJ2,0.098,0.000,0,0,"HV=OFF, Fault=NO"
212.568535,2026-03-10 18:00:49.492,ARDUINO_PSI,Arduino,0.000,0.000,12.817,,
212.668326,2026-03-10 18:00:49.592,ARDUINO_PSI,Arduino,0.000,0.000,12.817,,
212.767663,2026-03-10 18:00:49.691,ARDUINO_PSI,Arduino,0.000,0.000,12.822,,
212.868271,2026-03-10 18:00:49.792,ARDUINO_PSI,Arduino,0.000,0.000,12.815,,
212.963102,2026-03-10 18:00:49.886,WJ_VOLTAGE,WJ1,0.098,0.000,0,0,"HV=OFF, Fault=NO"
212.974486,2026-03-10 18:00:49.898,ARDUINO_PSI,Arduino,0.000,0.000,12.806,,
213.025220,2026-03-10 18:00:49.949,WJ_VOLTAGE,WJ2,0.098,0.000,0,0,"HV=OFF, Fault=NO"
213.066060,2026-03-10 18:00:49.989,ARDUINO_PSI,Arduino,0.000,0.000,12.794,,
213.166969,2026-03-10 18:00:50.090,ARDUINO_PSI,Arduino,0.000,0.000,12.790,,
213.266632,2026-03-10 18:00:50.190,ARDUINO_PSI,Arduino,0.000,0.000,12.785,,
213.366697,2026-03-10 18:00:50.290,ARDUINO_PSI,Arduino,0.000,0.000,12.792,,
213.466587,2026-03-10 18:00:50.390,ARDUINO_PSI,Arduino,0.000,0.000,12.790,,
213.491375,2026-03-10 18:00:50.415,WJ_VOLTAGE,WJ1,0.098,0.000,0,0,"HV=OFF, Fault=NO"
213.552465,2026-03-10 18:00:50.476,WJ_VOLTAGE,WJ2,0.000,0.000,0,0,"HV=OFF, Fault=NO"
213.566037,2026-03-10 18:00:50.489,ARDUINO_PSI,Arduino,0.000,0.000,12.785,,
213.666107,2026-03-10 18:00:50.589,ARDUINO_PSI,Arduino,0.000,0.000,12.792,,
213.767833,2026-03-10 18:00:50.691,ARDUINO_PSI,Arduino,0.000,0.000,12.794,,
213.867553,2026-03-10 18:00:50.791,ARDUINO_PSI,Arduino,0.000,0.000,12.783,,
213.966695,2026-03-10 18:00:50.890,ARDUINO_PSI,Arduino,0.000,0.000,12.787,,
214.020513,2026-03-10 18:00:50.944,WJ_VOLTAGE,WJ1,0.098,0.000,0,0,"HV=OFF, Fault=NO"
214.066687,2026-03-10 18:00:50.990,ARDUINO_PSI,Arduino,0.000,0.000,12.799,,
214.081235,2026-03-10 18:00:51.005,WJ_VOLTAGE,WJ2,0.000,0.000,0,0,"HV=OFF, Fault=NO"
214.167393,2026-03-10 18:00:51.091,ARDUINO_PSI,Arduino,0.000,0.000,12.799,,
214.266974,2026-03-10 18:00:51.190,ARDUINO_PSI,Arduino,0.000,0.000,12.794,,
214.366885,2026-03-10 18:00:51.290,ARDUINO_PSI,Arduino,0.000,0.000,12.785,,
214.468962,2026-03-10 18:00:51.392,ARDUINO_PSI,Arduino,0.000,0.000,12.792,,
214.545961,2026-03-10 18:00:51.469,WJ_VOLTAGE,WJ1,0.098,0.000,0,0,"HV=OFF, Fault=NO"
214.566166,2026-03-10 18:00:51.490,ARDUINO_PSI,Arduino,0.000,0.000,12.794,,
214.608406,2026-03-10 18:00:51.532,WJ_VOLTAGE,WJ2,0.000,0.000,0,0,"HV=OFF, Fault=NO"
214.667019,2026-03-10 18:00:51.590,ARDUINO_PSI,Arduino,0.000,0.000,12.799,,
214.767866,2026-03-10 18:00:51.691,ARDUINO_PSI,Arduino,0.000,0.000,12.808,,
214.868196,2026-03-10 18:00:51.792,ARDUINO_PSI,Arduino,0.000,0.000,12.817,,
214.966798,2026-03-10 18:00:51.890,ARDUINO_PSI,Arduino,0.000,0.000,12.824,,
215.066649,2026-03-10 18:00:51.990,ARDUINO_PSI,Arduino,0.000,0.000,12.824,,
215.076391,2026-03-10 18:00:52.000,WJ_VOLTAGE,WJ1,0.000,0.000,0,0,"HV=OFF, Fault=NO"
215.139145,2026-03-10 18:00:52.063,WJ_VOLTAGE,WJ2,0.000,0.000,0,0,"HV=OFF, Fault=NO"
215.166096,2026-03-10 18:00:52.089,ARDUINO_PSI,Arduino,0.000,0.000,12.824,,
215.268011,2026-03-10 18:00:52.191,ARDUINO_PSI,Arduino,0.000,0.000,12.828,,
215.368221,2026-03-10 18:00:52.292,ARDUINO_PSI,Arduino,0.000,0.000,12.826,,
215.467327,2026-03-10 18:00:52.391,ARDUINO_PSI,Arduino,0.000,0.000,12.840,,
215.567345,2026-03-10 18:00:52.491,ARDUINO_PSI,Arduino,0.000,0.000,12.838,,
215.606056,2026-03-10 18:00:52.529,WJ_VOLTAGE,WJ1,0.000,0.000,0,0,"HV=OFF, Fault=NO"
215.668100,2026-03-10 18:00:52.591,ARDUINO_PSI,Arduino,0.000,0.000,12.833,,
215.672605,2026-03-10 18:00:52.596,WJ_VOLTAGE,WJ2,0.000,0.000,0,0,"HV=OFF, Fault=NO"
215.766414,2026-03-10 18:00:52.690,ARDUINO_PSI,Arduino,0.000,0.000,12.845,,
215.866652,2026-03-10 18:00:52.790,ARDUINO_PSI,Arduino,0.000,0.000,12.849,,
215.966115,2026-03-10 18:00:52.889,ARDUINO_PSI,Arduino,0.000,0.000,12.851,,
216.066771,2026-03-10 18:00:52.990,ARDUINO_PSI,Arduino,0.000,0.000,12.849,,
216.137392,2026-03-10 18:00:53.061,WJ_VOLTAGE,WJ1,0.000,0.000,0,0,"HV=OFF, Fault=NO"
216.167339,2026-03-10 18:00:53.091,ARDUINO_PSI,Arduino,0.000,0.000,12.856,,
216.198757,2026-03-10 18:00:53.122,WJ_VOLTAGE,WJ2,0.000,0.000,0,0,"HV=OFF, Fault=NO"
216.266082,2026-03-10 18:00:53.189,ARDUINO_PSI,Arduino,0.000,0.000,12.858,,
216.367755,2026-03-10 18:00:53.291,ARDUINO_PSI,Arduino,0.000,0.000,12.861,,
216.468795,2026-03-10 18:00:53.392,ARDUINO_PSI,Arduino,0.000,0.000,12.858,,
216.567413,2026-03-10 18:00:53.491,ARDUINO_PSI,Arduino,0.000,0.000,12.863,,
216.664519,2026-03-10 18:00:53.588,WJ_VOLTAGE,WJ1,0.000,0.000,0,0,"HV=OFF, Fault=NO"
216.670985,2026-03-10 18:00:53.594,ARDUINO_PSI,Arduino,0.000,0.000,12.861,,
216.727560,2026-03-10 18:00:53.651,WJ_VOLTAGE,WJ2,0.000,0.000,0,0,"HV=OFF, Fault=NO"
216.766023,2026-03-10 18:00:53.689,ARDUINO_PSI,Arduino,0.000,0.000,12.854,,
216.866395,2026-03-10 18:00:53.790,ARDUINO_PSI,Arduino,0.000,0.000,12.854,,
216.967217,2026-03-10 18:00:53.891,ARDUINO_PSI,Arduino,0.000,0.000,12.849,,
217.067685,2026-03-10 18:00:53.991,ARDUINO_PSI,Arduino,0.000,0.000,12.854,,
217.166368,2026-03-10 18:00:54.090,ARDUINO_PSI,Arduino,0.000,0.000,12.856,,
217.197107,2026-03-10 18:00:54.120,WJ_VOLTAGE,WJ1,0.000,0.000,0,0,"HV=OFF, Fault=NO"
217.260667,2026-03-10 18:00:54.184,WJ_VOLTAGE,WJ2,0.000,0.000,0,0,"HV=OFF, Fault=NO"
217.277649,2026-03-10 18:00:54.201,ARDUINO_PSI,Arduino,0.000,0.000,12.870,,
217.366620,2026-03-10 18:00:54.290,ARDUINO_PSI,Arduino,0.000,0.000,12.861,,
217.467666,2026-03-10 18:00:54.391,ARDUINO_PSI,Arduino,0.000,0.000,12.851,,
217.566579,2026-03-10 18:00:54.490,ARDUINO_PSI,Arduino,0.000,0.000,12.863,,
217.667161,2026-03-10 18:00:54.591,ARDUINO_PSI,Arduino,0.000,0.000,12.865,,
217.714288,2026-03-10 18:00:54.638,WJ_VOLTAGE,WJ1,0.000,0.000,0,0,"HV=OFF, Fault=NO"
217.766085,2026-03-10 18:00:54.689,ARDUINO_PSI,Arduino,0.000,0.000,12.861,,
217.792594,2026-03-10 18:00:54.716,WJ_VOLTAGE,WJ2,0.000,0.000,0,0,"HV=OFF, Fault=NO"
217.866167,2026-03-10 18:00:54.790,ARDUINO_PSI,Arduino,0.000,0.000,12.861,,
217.968336,2026-03-10 18:00:54.892,ARDUINO_PSI,Arduino,0.000,0.000,12.861,,
218.066715,2026-03-10 18:00:54.990,ARDUINO_PSI,Arduino,0.000,0.000,12.854,,
218.167415,2026-03-10 18:00:55.091,ARDUINO_PSI,Arduino,0.000,0.000,12.845,,
218.246620,2026-03-10 18:00:55.170,WJ_VOLTAGE,WJ1,0.000,0.000,0,0,"HV=OFF, Fault=NO"
218.266085,2026-03-10 18:00:55.189,ARDUINO_PSI,Arduino,0.000,0.000,12.856,,
218.326865,2026-03-10 18:00:55.250,WJ_VOLTAGE,WJ2,0.000,0.000,0,0,"HV=OFF, Fault=NO"
218.366258,2026-03-10 18:00:55.290,ARDUINO_PSI,Arduino,0.000,0.000,12.861,,
218.466631,2026-03-10 18:00:55.390,ARDUINO_PSI,Arduino,0.000,0.000,12.872,,
218.567721,2026-03-10 18:00:55.491,ARDUINO_PSI,Arduino,0.000,0.000,12.874,,
218.666665,2026-03-10 18:00:55.590,ARDUINO_PSI,Arduino,0.000,0.000,12.867,,
218.766100,2026-03-10 18:00:55.689,ARDUINO_PSI,Arduino,0.000,0.000,12.872,,
218.777184,2026-03-10 18:00:55.701,WJ_VOLTAGE,WJ1,0.000,0.000,0,0,"HV=OFF, Fault=NO"
218.856029,2026-03-10 18:00:55.779,WJ_VOLTAGE,WJ2,0.000,0.000,0,0,"HV=OFF, Fault=NO"
218.868536,2026-03-10 18:00:55.792,ARDUINO_PSI,Arduino,0.000,0.000,12.879,,
218.967119,2026-03-10 18:00:55.891,ARDUINO_PSI,Arduino,0.000,0.000,12.883,,
219.066784,2026-03-10 18:00:55.990,ARDUINO_PSI,Arduino,0.000,0.000,12.890,,
219.168308,2026-03-10 18:00:56.092,ARDUINO_PSI,Arduino,0.000,0.000,12.899,,
219.267571,2026-03-10 18:00:56.191,ARDUINO_PSI,Arduino,0.000,0.000,12.890,,
219.306772,2026-03-10 18:00:56.230,WJ_VOLTAGE,WJ1,0.000,0.000,0,0,"HV=OFF, Fault=NO"
219.366614,2026-03-10 18:00:56.290,ARDUINO_PSI,Arduino,0.000,0.000,12.890,,
219.387427,2026-03-10 18:00:56.311,WJ_VOLTAGE,WJ2,0.000,0.000,0,0,"HV=OFF, Fault=NO"
219.467462,2026-03-10 18:00:56.391,ARDUINO_PSI,Arduino,0.000,0.000,12.895,,
219.566989,2026-03-10 18:00:56.490,ARDUINO_PSI,Arduino,0.000,0.000,12.881,,
219.668483,2026-03-10 18:00:56.592,ARDUINO_PSI,Arduino,0.000,0.000,12.883,,
219.766959,2026-03-10 18:00:56.690,ARDUINO_PSI,Arduino,0.000,0.000,12.877,,
219.837704,2026-03-10 18:00:56.761,WJ_VOLTAGE,WJ1,0.000,0.000,0,0,"HV=OFF, Fault=NO"
219.866132,2026-03-10 18:00:56.790,ARDUINO_PSI,Arduino,0.000,0.000,12.870,,
219.916440,2026-03-10 18:00:56.840,WJ_VOLTAGE,WJ2,0.000,0.000,0,0,"HV=OFF, Fault=NO"
219.966411,2026-03-10 18:00:56.890,ARDUINO_PSI,Arduino,0.000,0.000,12.863,,
220.066597,2026-03-10 18:00:56.990,ARDUINO_PSI,Arduino,0.000,0.000,12.858,,
220.166801,2026-03-10 18:00:57.090,ARDUINO_PSI,Arduino,0.000,0.000,12.861,,
220.267540,2026-03-10 18:00:57.191,ARDUINO_PSI,Arduino,0.000,0.000,12.856,,
220.367351,2026-03-10 18:00:57.291,ARDUINO_PSI,Arduino,0.000,0.000,12.858,,
220.373434,2026-03-10 18:00:57.297,WJ_VOLTAGE,WJ1,0.000,0.000,0,0,"HV=OFF, Fault=NO"
220.446694,2026-03-10 18:00:57.370,WJ_VOLTAGE,WJ2,0.000,0.000,0,0,"HV=OFF, Fault=NO"
220.465989,2026-03-10 18:00:57.389,ARDUINO_PSI,Arduino,0.000,0.000,12.849,,
220.566425,2026-03-10 18:00:57.490,ARDUINO_PSI,Arduino,0.000,0.000,12.854,,
220.666056,2026-03-10 18:00:57.589,ARDUINO_PSI,Arduino,0.000,0.000,12.851,,
220.774199,2026-03-10 18:00:57.698,WJ_COMMAND,WJ1,SET_PROGRAM,10.0kV_2.0mA,,,SET_PROGRAM 10.0kV_2.0mA
220.867862,2026-03-10 18:00:57.791,WJ_COMMAND,WJ2,SET_PROGRAM,10.0kV_2.0mA,,,SET_PROGRAM 10.0kV_2.0mA
220.871061,2026-03-10 18:00:57.794,WJ_VOLTAGE,WJ1,0.000,0.000,0,0,"HV=OFF, Fault=NO"
220.873343,2026-03-10 18:00:57.797,ARDUINO_PSI,Arduino,0.000,0.000,12.851,,
220.878367,2026-03-10 18:00:57.802,WJ_VOLTAGE,WJ2,0.000,0.000,0,0,"HV=OFF, Fault=NO"
220.879965,2026-03-10 18:00:57.803,ARDUINO_PSI,Arduino,0.000,0.000,12.842,,
220.966151,2026-03-10 18:00:57.890,ARDUINO_PSI,Arduino,0.000,0.000,12.835,,
221.066732,2026-03-10 18:00:57.990,ARDUINO_PSI,Arduino,0.000,0.000,12.833,,
221.166007,2026-03-10 18:00:58.089,ARDUINO_PSI,Arduino,0.000,0.000,12.828,,
221.226997,2026-03-10 18:00:58.150,WJ_VOLTAGE,WJ1,0.000,0.000,0,0,"HV=OFF, Fault=NO"
221.266173,2026-03-10 18:00:58.190,ARDUINO_PSI,Arduino,0.000,0.000,12.822,,
221.319838,2026-03-10 18:00:58.243,WJ_VOLTAGE,WJ2,0.000,0.000,0,0,"HV=OFF, Fault=NO"
221.367897,2026-03-10 18:00:58.291,ARDUINO_PSI,Arduino,0.000,0.000,12.833,,
221.466035,2026-03-10 18:00:58.389,ARDUINO_PSI,Arduino,0.000,0.000,12.826,,
221.566702,2026-03-10 18:00:58.490,ARDUINO_PSI,Arduino,0.000,0.000,12.833,,
221.666131,2026-03-10 18:00:58.590,ARDUINO_PSI,Arduino,0.000,0.000,12.824,,
221.756198,2026-03-10 18:00:58.680,WJ_VOLTAGE,WJ1,0.000,0.000,0,0,"HV=OFF, Fault=NO"
221.766030,2026-03-10 18:00:58.689,ARDUINO_PSI,Arduino,0.000,0.000,12.842,,
221.850299,2026-03-10 18:00:58.774,WJ_VOLTAGE,WJ2,0.000,0.000,0,0,"HV=OFF, Fault=NO"
221.866111,2026-03-10 18:00:58.789,ARDUINO_PSI,Arduino,0.000,0.000,12.842,,
221.967045,2026-03-10 18:00:58.890,ARDUINO_PSI,Arduino,0.000,0.000,12.847,,
222.066573,2026-03-10 18:00:58.990,ARDUINO_PSI,Arduino,0.000,0.000,12.845,,
222.168858,2026-03-10 18:00:59.092,ARDUINO_PSI,Arduino,0.000,0.000,12.849,,
222.266399,2026-03-10 18:00:59.190,ARDUINO_PSI,Arduino,0.000,0.000,12.847,,
222.286370,2026-03-10 18:00:59.210,WJ_VOLTAGE,WJ1,0.000,0.000,0,0,"HV=OFF, Fault=NO"
222.366157,2026-03-10 18:00:59.290,ARDUINO_PSI,Arduino,0.000,0.000,12.838,,
222.379592,2026-03-10 18:00:59.303,WJ_VOLTAGE,WJ2,0.000,0.000,0,0,"HV=OFF, Fault=NO"
222.466881,2026-03-10 18:00:59.390,ARDUINO_PSI,Arduino,0.000,0.000,12.842,,
222.567351,2026-03-10 18:00:59.491,ARDUINO_PSI,Arduino,0.000,0.000,12.835,,
222.667615,2026-03-10 18:00:59.591,ARDUINO_PSI,Arduino,0.000,0.000,12.840,,
222.767542,2026-03-10 18:00:59.691,ARDUINO_PSI,Arduino,0.000,0.000,12.835,,
222.804168,2026-03-10 18:00:59.728,WJ_VOLTAGE,WJ1,0.000,0.000,0,0,"HV=OFF, Fault=NO"
222.866642,2026-03-10 18:00:59.790,ARDUINO_PSI,Arduino,0.000,0.000,12.833,,
222.911490,2026-03-10 18:00:59.835,WJ_VOLTAGE,WJ2,0.000,0.000,0,0,"HV=OFF, Fault=NO"
222.966628,2026-03-10 18:00:59.890,ARDUINO_PSI,Arduino,0.000,0.000,12.838,,
223.066782,2026-03-10 18:00:59.990,ARDUINO_PSI,Arduino,0.000,0.000,12.831,,
223.167640,2026-03-10 18:01:00.091,ARDUINO_PSI,Arduino,0.000,0.000,12.838,,
223.267571,2026-03-10 18:01:00.191,ARDUINO_PSI,Arduino,0.000,0.000,12.842,,
223.330827,2026-03-10 18:01:00.254,WJ_VOLTAGE,WJ1,0.000,0.000,0,0,"HV=OFF, Fault=NO"
223.366194,2026-03-10 18:01:00.290,ARDUINO_PSI,Arduino,0.000,0.000,12.835,,
223.438047,2026-03-10 18:01:00.361,WJ_VOLTAGE,WJ2,0.000,0.000,0,0,"HV=OFF, Fault=NO"
223.466309,2026-03-10 18:01:00.390,ARDUINO_PSI,Arduino,0.000,0.000,12.845,,
223.566602,2026-03-10 18:01:00.490,ARDUINO_PSI,Arduino,0.000,0.000,12.838,,
223.667648,2026-03-10 18:01:00.591,ARDUINO_PSI,Arduino,0.000,0.000,12.845,,
223.766943,2026-03-10 18:01:00.690,ARDUINO_PSI,Arduino,0.000,0.000,12.838,,
223.860917,2026-03-10 18:01:00.784,WJ_VOLTAGE,WJ1,0.000,0.000,0,0,"HV=OFF, Fault=NO"
223.868315,2026-03-10 18:01:00.792,ARDUINO_PSI,Arduino,0.000,0.000,12.835,,
223.966564,2026-03-10 18:01:00.890,ARDUINO_PSI,Arduino,0.000,0.000,12.831,,
223.972536,2026-03-10 18:01:00.896,WJ_VOLTAGE,WJ2,0.000,0.000,0,0,"HV=OFF, Fault=NO"
224.185942,2026-03-10 18:01:01.109,WJ_COMMAND,WJ1,HV_ON,,,,HV_ON 
224.281339,2026-03-10 18:01:01.205,WJ_COMMAND,WJ2,HV_ON,,,,HV_ON 
224.282164,2026-03-10 18:01:01.206,ARDUINO_PSI,Arduino,0.000,0.000,12.838,,
224.284248,2026-03-10 18:01:01.208,WJ_VOLTAGE,WJ1,0.000,0.000,0,0,"HV=OFF, Fault=NO"
224.285193,2026-03-10 18:01:01.209,ARDUINO_PSI,Arduino,0.000,0.000,12.835,,
224.286964,2026-03-10 18:01:01.210,WJ_VOLTAGE,WJ2,0.000,0.000,0,0,"HV=OFF, Fault=NO"
224.287835,2026-03-10 18:01:01.211,ARDUINO_PSI,Arduino,0.000,0.000,12.838,,
224.367392,2026-03-10 18:01:01.291,ARDUINO_PSI,Arduino,0.000,0.000,12.831,,
224.468436,2026-03-10 18:01:01.392,ARDUINO_PSI,Arduino,0.000,0.000,12.826,,
224.567492,2026-03-10 18:01:01.491,ARDUINO_PSI,Arduino,0.000,0.000,12.824,,
224.666670,2026-03-10 18:01:01.590,ARDUINO_PSI,Arduino,0.000,0.000,12.819,,
224.765991,2026-03-10 18:01:01.689,ARDUINO_PSI,Arduino,0.000,0.000,12.824,,
224.867622,2026-03-10 18:01:01.791,ARDUINO_PSI,Arduino,0.000,0.000,12.831,,
224.967507,2026-03-10 18:01:01.891,ARDUINO_PSI,Arduino,0.000,0.000,12.833,,
225.067784,2026-03-10 18:01:01.991,ARDUINO_PSI,Arduino,0.000,0.000,12.831,,
225.167872,2026-03-10 18:01:02.091,ARDUINO_PSI,Arduino,0.000,0.000,12.828,,
225.266785,2026-03-10 18:01:02.190,ARDUINO_PSI,Arduino,0.000,0.000,12.831,,
225.366608,2026-03-10 18:01:02.290,ARDUINO_PSI,Arduino,0.000,0.000,12.833,,
225.372719,2026-03-10 18:01:02.296,WJ_VOLTAGE,WJ1,1.662,2.000,0,0,"HV=OFF, Fault=NO"
225.463861,2026-03-10 18:01:02.387,WJ_VOLTAGE,WJ2,1.857,2.000,0,0,"HV=OFF, Fault=NO"
225.475461,2026-03-10 18:01:02.399,ARDUINO_PSI,Arduino,0.000,0.000,12.831,,
225.566822,2026-03-10 18:01:02.490,ARDUINO_PSI,Arduino,0.000,0.000,12.835,,
225.666728,2026-03-10 18:01:02.590,ARDUINO_PSI,Arduino,0.000,0.000,12.833,,
225.767424,2026-03-10 18:01:02.691,ARDUINO_PSI,Arduino,0.000,0.000,12.828,,
225.866555,2026-03-10 18:01:02.790,ARDUINO_PSI,Arduino,0.000,0.000,12.822,,
225.898553,2026-03-10 18:01:02.822,WJ_VOLTAGE,WJ1,2.933,2.000,0,0,"HV=OFF, Fault=NO"
225.966392,2026-03-10 18:01:02.890,ARDUINO_PSI,Arduino,0.000,0.000,12.819,,
225.995992,2026-03-10 18:01:02.919,WJ_VOLTAGE,WJ2,3.324,2.000,0,0,"HV=OFF, Fault=NO"
226.066186,2026-03-10 18:01:02.990,ARDUINO_PSI,Arduino,0.000,0.000,12.815,,
226.166815,2026-03-10 18:01:03.090,ARDUINO_PSI,Arduino,0.000,0.000,12.808,,
226.266636,2026-03-10 18:01:03.190,ARDUINO_PSI,Arduino,0.000,0.000,12.801,,
226.368713,2026-03-10 18:01:03.292,ARDUINO_PSI,Arduino,0.000,0.000,12.812,,
226.427823,2026-03-10 18:01:03.351,WJ_VOLTAGE,WJ1,4.203,2.000,0,0,"HV=OFF, Fault=NO"
226.467718,2026-03-10 18:01:03.391,ARDUINO_PSI,Arduino,0.000,0.000,12.806,,
226.521644,2026-03-10 18:01:03.445,WJ_VOLTAGE,WJ2,4.692,2.000,0,0,"HV=OFF, Fault=NO"
226.566769,2026-03-10 18:01:03.490,ARDUINO_PSI,Arduino,0.000,0.000,12.815,,
226.666723,2026-03-10 18:01:03.590,ARDUINO_PSI,Arduino,0.000,0.000,12.812,,
226.767418,2026-03-10 18:01:03.691,ARDUINO_PSI,Arduino,0.000,0.000,12.803,,
226.867404,2026-03-10 18:01:03.791,ARDUINO_PSI,Arduino,0.000,0.000,12.799,,
226.955190,2026-03-10 18:01:03.879,WJ_VOLTAGE,WJ1,5.474,2.000,0,0,"HV=OFF, Fault=NO"
226.966149,2026-03-10 18:01:03.890,ARDUINO_PSI,Arduino,0.000,0.000,12.785,,
227.050217,2026-03-10 18:01:03.974,WJ_VOLTAGE,WJ2,6.158,2.000,0,0,"HV=OFF, Fault=NO"
227.067775,2026-03-10 18:01:03.991,ARDUINO_PSI,Arduino,0.000,0.000,12.794,,
227.166582,2026-03-10 18:01:04.090,ARDUINO_PSI,Arduino,0.000,0.000,12.792,,
227.267851,2026-03-10 18:01:04.191,ARDUINO_PSI,Arduino,0.000,0.000,12.787,,
227.366125,2026-03-10 18:01:04.290,ARDUINO_PSI,Arduino,0.000,0.000,12.780,,
227.467856,2026-03-10 18:01:04.391,ARDUINO_PSI,Arduino,0.000,0.000,12.787,,
227.482962,2026-03-10 18:01:04.406,WJ_VOLTAGE,WJ1,6.745,2.000,0,0,"HV=OFF, Fault=NO"
227.566675,2026-03-10 18:01:04.490,ARDUINO_PSI,Arduino,0.000,0.000,12.787,,
227.576760,2026-03-10 18:01:04.500,WJ_VOLTAGE,WJ2,7.429,2.000,0,0,"HV=OFF, Fault=NO"
227.668528,2026-03-10 18:01:04.592,ARDUINO_PSI,Arduino,0.000,0.000,12.790,,
227.766155,2026-03-10 18:01:04.690,ARDUINO_PSI,Arduino,0.000,0.000,12.783,,
227.867164,2026-03-10 18:01:04.791,ARDUINO_PSI,Arduino,0.000,0.000,12.799,,
227.966158,2026-03-10 18:01:04.890,ARDUINO_PSI,Arduino,0.000,0.000,12.803,,
228.014340,2026-03-10 18:01:04.938,WJ_VOLTAGE,WJ1,8.016,2.000,0,0,"HV=OFF, Fault=NO"
228.066712,2026-03-10 18:01:04.990,ARDUINO_PSI,Arduino,0.000,0.000,12.803,,
228.106710,2026-03-10 18:01:05.030,WJ_VOLTAGE,WJ2,8.895,2.000,0,0,"HV=OFF, Fault=NO"
228.166842,2026-03-10 18:01:05.090,ARDUINO_PSI,Arduino,0.000,0.000,12.796,,
228.268034,2026-03-10 18:01:05.191,ARDUINO_PSI,Arduino,0.000,0.000,12.796,,
228.366604,2026-03-10 18:01:05.290,ARDUINO_PSI,Arduino,0.000,0.000,12.783,,
228.467491,2026-03-10 18:01:05.391,ARDUINO_PSI,Arduino,0.000,0.000,12.792,,
228.545854,2026-03-10 18:01:05.469,WJ_VOLTAGE,WJ1,9.286,2.000,0,0,"HV=OFF, Fault=NO"
228.566111,2026-03-10 18:01:05.489,ARDUINO_PSI,Arduino,0.000,0.000,12.776,,
228.637249,2026-03-10 18:01:05.561,WJ_VOLTAGE,WJ2,10.068,1.144,0,0,"HV=OFF, Fault=NO"
228.666256,2026-03-10 18:01:05.590,ARDUINO_PSI,Arduino,0.000,0.000,12.794,,
228.766163,2026-03-10 18:01:05.690,ARDUINO_PSI,Arduino,0.000,0.000,12.794,,
228.868053,2026-03-10 18:01:05.791,ARDUINO_PSI,Arduino,0.000,0.000,12.794,,
228.966982,2026-03-10 18:01:05.890,ARDUINO_PSI,Arduino,0.000,0.000,12.808,,
229.067388,2026-03-10 18:01:05.991,ARDUINO_PSI,Arduino,0.000,0.000,12.806,,
229.074869,2026-03-10 18:01:05.998,WJ_VOLTAGE,WJ1,9.971,0.833,0,0,"HV=OFF, Fault=NO"
229.169625,2026-03-10 18:01:06.093,WJ_VOLTAGE,WJ2,10.068,0.293,0,0,"HV=OFF, Fault=NO"
229.172160,2026-03-10 18:01:06.096,ARDUINO_PSI,Arduino,0.000,0.000,12.803,,
229.266726,2026-03-10 18:01:06.190,ARDUINO_PSI,Arduino,0.000,0.000,12.799,,
229.367971,2026-03-10 18:01:06.291,ARDUINO_PSI,Arduino,0.000,0.000,12.801,,
229.467650,2026-03-10 18:01:06.391,ARDUINO_PSI,Arduino,0.000,0.000,12.790,,
229.566714,2026-03-10 18:01:06.490,ARDUINO_PSI,Arduino,0.000,0.000,12.785,,
229.599927,2026-03-10 18:01:06.523,WJ_VOLTAGE,WJ1,9.971,0.229,0,0,"HV=OFF, Fault=NO"
229.666084,2026-03-10 18:01:06.589,ARDUINO_PSI,Arduino,0.000,0.000,12.783,,
229.693153,2026-03-10 18:01:06.617,WJ_VOLTAGE,WJ2,10.068,0.088,0,0,"HV=OFF, Fault=NO"
229.767384,2026-03-10 18:01:06.691,ARDUINO_PSI,Arduino,0.000,0.000,12.792,,
229.866573,2026-03-10 18:01:06.790,ARDUINO_PSI,Arduino,0.000,0.000,12.776,,
229.967651,2026-03-10 18:01:06.891,ARDUINO_PSI,Arduino,0.000,0.000,12.774,,
230.067855,2026-03-10 18:01:06.991,ARDUINO_PSI,Arduino,0.000,0.000,12.771,,
230.131520,2026-03-10 18:01:07.055,WJ_VOLTAGE,WJ1,9.971,0.070,0,0,"HV=OFF, Fault=NO"
230.166063,2026-03-10 18:01:07.089,ARDUINO_PSI,Arduino,0.000,0.000,12.783,,
230.224205,2026-03-10 18:01:07.148,WJ_VOLTAGE,WJ2,10.068,0.035,0,0,"HV=OFF, Fault=NO"
230.266241,2026-03-10 18:01:07.190,ARDUINO_PSI,Arduino,0.000,0.000,12.787,,
230.367686,2026-03-10 18:01:07.291,ARDUINO_PSI,Arduino,0.000,0.000,12.796,,
230.466593,2026-03-10 18:01:07.390,ARDUINO_PSI,Arduino,0.000,0.000,12.796,,
230.566148,2026-03-10 18:01:07.490,ARDUINO_PSI,Arduino,0.000,0.000,12.815,,
230.659323,2026-03-10 18:01:07.583,WJ_VOLTAGE,WJ1,9.971,0.029,0,0,"HV=OFF, Fault=NO"
230.671451,2026-03-10 18:01:07.595,ARDUINO_PSI,Arduino,0.000,0.000,12.815,,
230.754051,2026-03-10 18:01:07.677,WJ_VOLTAGE,WJ2,10.068,0.018,0,0,"HV=OFF, Fault=NO"
230.770371,2026-03-10 18:01:07.694,ARDUINO_PSI,Arduino,0.000,0.000,12.831,,
230.868186,2026-03-10 18:01:07.792,ARDUINO_PSI,Arduino,0.000,0.000,12.833,,
230.966237,2026-03-10 18:01:07.890,ARDUINO_PSI,Arduino,0.000,0.000,12.822,,
231.066841,2026-03-10 18:01:07.990,ARDUINO_PSI,Arduino,0.000,0.000,12.826,,
231.167545,2026-03-10 18:01:08.091,ARDUINO_PSI,Arduino,0.000,0.000,12.824,,
231.190392,2026-03-10 18:01:08.114,WJ_VOLTAGE,WJ1,9.971,0.018,0,0,"HV=OFF, Fault=NO"
231.266751,2026-03-10 18:01:08.190,ARDUINO_PSI,Arduino,0.000,0.000,12.835,,
231.283713,2026-03-10 18:01:08.207,WJ_VOLTAGE,WJ2,10.068,0.012,0,0,"HV=OFF, Fault=NO"
231.367765,2026-03-10 18:01:08.291,ARDUINO_PSI,Arduino,0.000,0.000,12.840,,
231.466803,2026-03-10 18:01:08.390,ARDUINO_PSI,Arduino,0.000,0.000,12.845,,
231.567605,2026-03-10 18:01:08.491,ARDUINO_PSI,Arduino,0.000,0.000,12.842,,
231.668093,2026-03-10 18:01:08.591,ARDUINO_PSI,Arduino,0.000,0.000,12.847,,
231.721096,2026-03-10 18:01:08.644,WJ_VOLTAGE,WJ1,9.971,0.018,0,0,"HV=OFF, Fault=NO"
231.766178,2026-03-10 18:01:08.690,ARDUINO_PSI,Arduino,0.000,0.000,12.842,,
231.813236,2026-03-10 18:01:08.737,WJ_VOLTAGE,WJ2,10.068,0.012,0,0,"HV=OFF, Fault=NO"
231.866110,2026-03-10 18:01:08.789,ARDUINO_PSI,Arduino,0.000,0.000,12.861,,
231.967591,2026-03-10 18:01:08.891,ARDUINO_PSI,Arduino,0.000,0.000,12.861,,
232.065945,2026-03-10 18:01:08.989,ARDUINO_PSI,Arduino,0.000,0.000,12.872,,
232.166660,2026-03-10 18:01:09.090,ARDUINO_PSI,Arduino,0.000,0.000,12.867,,
232.250270,2026-03-10 18:01:09.174,WJ_VOLTAGE,WJ1,9.971,0.012,0,0,"HV=OFF, Fault=NO"
232.265960,2026-03-10 18:01:09.189,ARDUINO_PSI,Arduino,0.000,0.000,12.870,,
232.343361,2026-03-10 18:01:09.267,WJ_VOLTAGE,WJ2,10.068,0.012,0,0,"HV=OFF, Fault=NO"
232.366179,2026-03-10 18:01:09.290,ARDUINO_PSI,Arduino,0.000,0.000,12.865,,
232.468635,2026-03-10 18:01:09.392,ARDUINO_PSI,Arduino,0.000,0.000,12.858,,
232.567520,2026-03-10 18:01:09.491,ARDUINO_PSI,Arduino,0.000,0.000,12.851,,
232.667494,2026-03-10 18:01:09.591,ARDUINO_PSI,Arduino,0.000,0.000,12.849,,
232.766096,2026-03-10 18:01:09.689,ARDUINO_PSI,Arduino,0.000,0.000,12.842,,
232.778494,2026-03-10 18:01:09.702,WJ_VOLTAGE,WJ1,9.971,0.012,0,0,"HV=OFF, Fault=NO"
232.866604,2026-03-10 18:01:09.790,ARDUINO_PSI,Arduino,0.000,0.000,12.849,,
232.873620,2026-03-10 18:01:09.797,WJ_VOLTAGE,WJ2,9.971,0.012,0,0,"HV=OFF, Fault=NO"
232.966830,2026-03-10 18:01:09.890,ARDUINO_PSI,Arduino,0.000,0.000,12.863,,
233.066885,2026-03-10 18:01:09.990,ARDUINO_PSI,Arduino,0.000,0.000,12.858,,
233.168270,2026-03-10 18:01:10.092,ARDUINO_PSI,Arduino,0.000,0.000,12.867,,
233.266956,2026-03-10 18:01:10.190,ARDUINO_PSI,Arduino,0.000,0.000,12.865,,
233.298041,2026-03-10 18:01:10.221,WJ_VOLTAGE,WJ1,9.971,0.012,0,0,"HV=OFF, Fault=NO"
233.366687,2026-03-10 18:01:10.290,ARDUINO_PSI,Arduino,0.000,0.000,12.877,,
233.394238,2026-03-10 18:01:10.318,WJ_VOLTAGE,WJ2,10.068,0.012,0,0,"HV=OFF, Fault=NO"
233.466553,2026-03-10 18:01:10.390,ARDUINO_PSI,Arduino,0.000,0.000,12.890,,
233.567865,2026-03-10 18:01:10.491,ARDUINO_PSI,Arduino,0.000,0.000,12.899,,
233.667732,2026-03-10 18:01:10.591,ARDUINO_PSI,Arduino,0.000,0.000,12.899,,
233.767914,2026-03-10 18:01:10.691,ARDUINO_PSI,Arduino,0.000,0.000,12.909,,
233.824336,2026-03-10 18:01:10.748,WJ_VOLTAGE,WJ1,9.971,0.012,0,0,"HV=OFF, Fault=NO"
233.866545,2026-03-10 18:01:10.790,ARDUINO_PSI,Arduino,0.000,0.000,12.906,,
233.917554,2026-03-10 18:01:10.841,WJ_VOLTAGE,WJ2,10.068,0.012,0,0,"HV=OFF, Fault=NO"
233.966497,2026-03-10 18:01:10.890,ARDUINO_PSI,Arduino,0.000,0.000,12.899,,
234.066663,2026-03-10 18:01:10.990,ARDUINO_PSI,Arduino,0.000,0.000,12.895,,
234.166325,2026-03-10 18:01:11.090,ARDUINO_PSI,Arduino,0.000,0.000,12.909,,
234.266174,2026-03-10 18:01:11.190,ARDUINO_PSI,Arduino,0.000,0.000,12.909,,
234.355065,2026-03-10 18:01:11.278,WJ_VOLTAGE,WJ1,9.971,0.012,0,0,"HV=OFF, Fault=NO"
234.369227,2026-03-10 18:01:11.293,ARDUINO_PSI,Arduino,0.000,0.000,12.906,,
234.448709,2026-03-10 18:01:11.372,WJ_VOLTAGE,WJ2,10.068,0.006,0,0,"HV=OFF, Fault=NO"
234.466207,2026-03-10 18:01:11.390,ARDUINO_PSI,Arduino,0.000,0.000,12.915,,
234.567685,2026-03-10 18:01:11.491,ARDUINO_PSI,Arduino,0.000,0.000,12.911,,
234.666876,2026-03-10 18:01:11.590,ARDUINO_PSI,Arduino,0.000,0.000,12.897,,
234.766825,2026-03-10 18:01:11.690,ARDUINO_PSI,Arduino,0.000,0.000,12.897,,
234.867618,2026-03-10 18:01:11.791,ARDUINO_PSI,Arduino,0.000,0.000,12.886,,
234.884516,2026-03-10 18:01:11.808,WJ_VOLTAGE,WJ1,9.971,0.006,0,0,"HV=OFF, Fault=NO"
234.966809,2026-03-10 18:01:11.890,ARDUINO_PSI,Arduino,0.000,0.000,12.890,,
234.978807,2026-03-10 18:01:11.902,WJ_VOLTAGE,WJ2,10.068,0.006,0,0,"HV=OFF, Fault=NO"
235.066344,2026-03-10 18:01:11.990,ARDUINO_PSI,Arduino,0.000,0.000,12.897,,
235.166605,2026-03-10 18:01:12.090,ARDUINO_PSI,Arduino,0.000,0.000,12.897,,
235.267930,2026-03-10 18:01:12.191,ARDUINO_PSI,Arduino,0.000,0.000,12.895,,
235.367724,2026-03-10 18:01:12.291,ARDUINO_PSI,Arduino,0.000,0.000,12.883,,
235.414280,2026-03-10 18:01:12.338,WJ_VOLTAGE,WJ1,9.971,0.006,0,0,"HV=OFF, Fault=NO"
235.467742,2026-03-10 18:01:12.391,ARDUINO_PSI,Arduino,0.000,0.000,12.874,,
235.507997,2026-03-10 18:01:12.431,WJ_VOLTAGE,WJ2,10.068,0.006,0,0,"HV=OFF, Fault=NO"
235.566610,2026-03-10 18:01:12.490,ARDUINO_PSI,Arduino,0.000,0.000,12.877,,
235.667853,2026-03-10 18:01:12.591,ARDUINO_PSI,Arduino,0.000,0.000,12.886,,
235.767328,2026-03-10 18:01:12.691,ARDUINO_PSI,Arduino,0.000,0.000,12.877,,
235.867433,2026-03-10 18:01:12.791,ARDUINO_PSI,Arduino,0.000,0.000,12.877,,
235.944172,2026-03-10 18:01:12.868,WJ_VOLTAGE,WJ1,9.971,0.006,0,0,"HV=OFF, Fault=NO"
235.966114,2026-03-10 18:01:12.889,ARDUINO_PSI,Arduino,0.000,0.000,12.890,,
236.036948,2026-03-10 18:01:12.960,WJ_VOLTAGE,WJ2,10.068,0.006,0,0,"HV=OFF, Fault=NO"
236.066147,2026-03-10 18:01:12.990,ARDUINO_PSI,Arduino,0.000,0.000,12.895,,
236.167611,2026-03-10 18:01:13.091,ARDUINO_PSI,Arduino,0.000,0.000,12.881,,
236.267199,2026-03-10 18:01:13.191,ARDUINO_PSI,Arduino,0.000,0.000,12.877,,
236.366828,2026-03-10 18:01:13.290,ARDUINO_PSI,Arduino,0.000,0.000,12.874,,
236.467767,2026-03-10 18:01:13.391,ARDUINO_PSI,Arduino,0.000,0.000,12.874,,
236.473218,2026-03-10 18:01:13.397,WJ_VOLTAGE,WJ1,9.971,0.006,0,0,"HV=OFF, Fault=NO"
236.569412,2026-03-10 18:01:13.493,WJ_VOLTAGE,WJ2,9.971,0.006,0,0,"HV=OFF, Fault=NO"
236.571727,2026-03-10 18:01:13.495,ARDUINO_PSI,Arduino,0.000,0.000,12.872,,
236.667817,2026-03-10 18:01:13.591,ARDUINO_PSI,Arduino,0.000,0.000,12.879,,
236.767527,2026-03-10 18:01:13.691,ARDUINO_PSI,Arduino,0.000,0.000,12.872,,
236.866292,2026-03-10 18:01:13.790,ARDUINO_PSI,Arduino,0.000,0.000,12.877,,
236.968471,2026-03-10 18:01:13.892,ARDUINO_PSI,Arduino,0.000,0.000,12.867,,
237.003614,2026-03-10 18:01:13.927,WJ_VOLTAGE,WJ1,9.971,0.006,0,0,"HV=OFF, Fault=NO"
237.066595,2026-03-10 18:01:13.990,ARDUINO_PSI,Arduino,0.000,0.000,12.856,,
237.095683,2026-03-10 18:01:14.019,WJ_VOLTAGE,WJ2,10.068,0.006,0,0,"HV=OFF, Fault=NO"
237.167790,2026-03-10 18:01:14.091,ARDUINO_PSI,Arduino,0.000,0.000,12.861,,
237.267263,2026-03-10 18:01:14.191,ARDUINO_PSI,Arduino,0.000,0.000,12.863,,
237.369066,2026-03-10 18:01:14.292,ARDUINO_PSI,Arduino,0.000,0.000,12.863,,
237.467531,2026-03-10 18:01:14.391,ARDUINO_PSI,Arduino,0.000,0.000,12.856,,
238.059225,2026-03-10 18:01:14.983,WJ_COMMAND,WJ1,HV_OFF,,,,HV_OFF 
238.152795,2026-03-10 18:01:15.076,WJ_COMMAND,WJ2,HV_OFF,,,,HV_OFF 
238.155872,2026-03-10 18:01:15.079,WJ_VOLTAGE,WJ1,9.971,0.006,0,0,"HV=OFF, Fault=NO"
238.157619,2026-03-10 18:01:15.081,ARDUINO_PSI,Arduino,0.000,0.000,12.854,,
238.159900,2026-03-10 18:01:15.083,WJ_VOLTAGE,WJ2,10.068,0.006,0,0,"HV=OFF, Fault=NO"
238.160766,2026-03-10 18:01:15.084,ARDUINO_PSI,Arduino,0.000,0.000,12.845,,
238.161880,2026-03-10 18:01:15.085,ARDUINO_PSI,Arduino,0.000,0.000,12.849,,
238.162902,2026-03-10 18:01:15.086,ARDUINO_PSI,Arduino,0.000,0.000,12.845,,
238.163771,2026-03-10 18:01:15.087,ARDUINO_PSI,Arduino,0.000,0.000,12.842,,
238.164640,2026-03-10 18:01:15.088,ARDUINO_PSI,Arduino,0.000,0.000,12.840,,
238.165803,2026-03-10 18:01:15.089,WJ_VOLTAGE,WJ2,10.068,0.000,0,0,"HV=OFF, Fault=NO"
238.174756,2026-03-10 18:01:15.098,ARDUINO_PSI,Arduino,0.000,0.000,12.838,,
238.267810,2026-03-10 18:01:15.191,ARDUINO_PSI,Arduino,0.000,0.000,12.833,,
238.367470,2026-03-10 18:01:15.291,ARDUINO_PSI,Arduino,0.000,0.000,12.845,,
238.466607,2026-03-10 18:01:15.390,ARDUINO_PSI,Arduino,0.000,0.000,12.835,,
238.567612,2026-03-10 18:01:15.491,ARDUINO_PSI,Arduino,0.000,0.000,12.840,,
238.590492,2026-03-10 18:01:15.514,WJ_VOLTAGE,WJ1,9.971,0.000,0,0,"HV=OFF, Fault=NO"
238.604776,2026-03-10 18:01:15.528,WJ_VOLTAGE,WJ2,9.971,0.000,0,0,"HV=OFF, Fault=NO"
238.668718,2026-03-10 18:01:15.592,ARDUINO_PSI,Arduino,0.000,0.000,12.835,,
238.766106,2026-03-10 18:01:15.689,ARDUINO_PSI,Arduino,0.000,0.000,12.849,,
238.866628,2026-03-10 18:01:15.790,ARDUINO_PSI,Arduino,0.000,0.000,12.845,,
238.967994,2026-03-10 18:01:15.891,ARDUINO_PSI,Arduino,0.000,0.000,12.847,,
239.066510,2026-03-10 18:01:15.990,ARDUINO_PSI,Arduino,0.000,0.000,12.847,,
239.122390,2026-03-10 18:01:16.046,WJ_VOLTAGE,WJ1,9.971,0.000,0,0,"HV=OFF, Fault=NO"
239.137855,2026-03-10 18:01:16.061,WJ_VOLTAGE,WJ2,8.113,0.000,0,0,"HV=OFF, Fault=NO"
239.166196,2026-03-10 18:01:16.090,ARDUINO_PSI,Arduino,0.000,0.000,12.835,,
239.268183,2026-03-10 18:01:16.192,ARDUINO_PSI,Arduino,0.000,0.000,12.831,,
239.367366,2026-03-10 18:01:16.291,ARDUINO_PSI,Arduino,0.000,0.000,12.838,,
239.467817,2026-03-10 18:01:16.391,ARDUINO_PSI,Arduino,0.000,0.000,12.840,,
239.566671,2026-03-10 18:01:16.490,ARDUINO_PSI,Arduino,0.000,0.000,12.838,,
239.648301,2026-03-10 18:01:16.572,WJ_VOLTAGE,WJ1,9.971,0.000,0,0,"HV=OFF, Fault=NO"
239.663326,2026-03-10 18:01:16.587,WJ_VOLTAGE,WJ2,7.136,0.000,0,0,"HV=OFF, Fault=NO"
239.671112,2026-03-10 18:01:16.594,ARDUINO_PSI,Arduino,0.000,0.000,12.845,,
239.767117,2026-03-10 18:01:16.691,ARDUINO_PSI,Arduino,0.000,0.000,12.838,,
239.866062,2026-03-10 18:01:16.789,ARDUINO_PSI,Arduino,0.000,0.000,12.835,,
239.967401,2026-03-10 18:01:16.891,ARDUINO_PSI,Arduino,0.000,0.000,12.835,,
240.067979,2026-03-10 18:01:16.991,ARDUINO_PSI,Arduino,0.000,0.000,12.842,,
240.168670,2026-03-10 18:01:17.092,ARDUINO_PSI,Arduino,0.000,0.000,12.849,,
240.192726,2026-03-10 18:01:17.116,WJ_VOLTAGE,WJ1,9.971,0.000,0,0,"HV=OFF, Fault=NO"
240.194512,2026-03-10 18:01:17.118,WJ_VOLTAGE,WJ2,6.354,0.000,0,0,"HV=OFF, Fault=NO"
240.267726,2026-03-10 18:01:17.191,ARDUINO_PSI,Arduino,0.000,0.000,12.858,,
240.366156,2026-03-10 18:01:17.290,ARDUINO_PSI,Arduino,0.000,0.000,12.851,,
240.467561,2026-03-10 18:01:17.391,ARDUINO_PSI,Arduino,0.000,0.000,12.851,,
240.566859,2026-03-10 18:01:17.490,ARDUINO_PSI,Arduino,0.000,0.000,12.851,,
240.668494,2026-03-10 18:01:17.592,ARDUINO_PSI,Arduino,0.000,0.000,12.849,,
240.723390,2026-03-10 18:01:17.647,WJ_VOLTAGE,WJ2,5.670,0.000,0,0,"HV=OFF, Fault=NO"
240.726035,2026-03-10 18:01:17.649,WJ_VOLTAGE,WJ1,9.971,0.000,0,0,"HV=OFF, Fault=NO"
240.766019,2026-03-10 18:01:17.689,ARDUINO_PSI,Arduino,0.000,0.000,12.840,,
240.866817,2026-03-10 18:01:17.790,ARDUINO_PSI,Arduino,0.000,0.000,12.842,,
240.967447,2026-03-10 18:01:17.891,ARDUINO_PSI,Arduino,0.000,0.000,12.835,,
241.066280,2026-03-10 18:01:17.990,ARDUINO_PSI,Arduino,0.000,0.000,12.838,,
241.166870,2026-03-10 18:01:18.090,ARDUINO_PSI,Arduino,0.000,0.000,12.833,,
241.253584,2026-03-10 18:01:18.177,WJ_VOLTAGE,WJ2,4.985,0.000,0,0,"HV=OFF, Fault=NO"
241.256681,2026-03-10 18:01:18.180,WJ_VOLTAGE,WJ1,9.971,0.000,0,0,"HV=OFF, Fault=NO"
241.267667,2026-03-10 18:01:18.191,ARDUINO_PSI,Arduino,0.000,0.000,12.838,,
241.367765,2026-03-10 18:01:18.291,ARDUINO_PSI,Arduino,0.000,0.000,12.831,,
241.467446,2026-03-10 18:01:18.391,ARDUINO_PSI,Arduino,0.000,0.000,12.819,,
241.566126,2026-03-10 18:01:18.490,ARDUINO_PSI,Arduino,0.000,0.000,12.812,,
241.667422,2026-03-10 18:01:18.591,ARDUINO_PSI,Arduino,0.000,0.000,12.808,,
241.767064,2026-03-10 18:01:18.690,ARDUINO_PSI,Arduino,0.000,0.000,12.819,,
241.781682,2026-03-10 18:01:18.705,WJ_VOLTAGE,WJ2,4.399,0.000,0,0,"HV=OFF, Fault=NO"
241.782903,2026-03-10 18:01:18.706,WJ_VOLTAGE,WJ1,9.971,0.000,0,0,"HV=OFF, Fault=NO"
241.866477,2026-03-10 18:01:18.790,ARDUINO_PSI,Arduino,0.000,0.000,12.826,,
241.967956,2026-03-10 18:01:18.891,ARDUINO_PSI,Arduino,0.000,0.000,12.824,,
242.066515,2026-03-10 18:01:18.990,ARDUINO_PSI,Arduino,0.000,0.000,12.828,,
242.166261,2026-03-10 18:01:19.090,ARDUINO_PSI,Arduino,0.000,0.000,12.826,,
242.267377,2026-03-10 18:01:19.191,ARDUINO_PSI,Arduino,0.000,0.000,12.817,,
242.311700,2026-03-10 18:01:19.235,WJ_VOLTAGE,WJ1,9.971,0.000,0,0,"HV=OFF, Fault=NO"
242.314616,2026-03-10 18:01:19.238,WJ_VOLTAGE,WJ2,3.910,0.000,0,0,"HV=OFF, Fault=NO"
242.366564,2026-03-10 18:01:19.290,ARDUINO_PSI,Arduino,0.000,0.000,12.828,,
242.467662,2026-03-10 18:01:19.391,ARDUINO_PSI,Arduino,0.000,0.000,12.835,,
242.566652,2026-03-10 18:01:19.490,ARDUINO_PSI,Arduino,0.000,0.000,12.838,,
242.666714,2026-03-10 18:01:19.590,ARDUINO_PSI,Arduino,0.000,0.000,12.845,,
242.766532,2026-03-10 18:01:19.690,ARDUINO_PSI,Arduino,0.000,0.000,12.835,,
242.842047,2026-03-10 18:01:19.765,WJ_VOLTAGE,WJ1,9.971,0.000,0,0,"HV=OFF, Fault=NO"
242.845460,2026-03-10 18:01:19.769,WJ_VOLTAGE,WJ2,3.421,0.000,0,0,"HV=OFF, Fault=NO"
242.866066,2026-03-10 18:01:19.789,ARDUINO_PSI,Arduino,0.000,0.000,12.835,,
242.966842,2026-03-10 18:01:19.890,ARDUINO_PSI,Arduino,0.000,0.000,12.845,,
243.066147,2026-03-10 18:01:19.990,ARDUINO_PSI,Arduino,0.000,0.000,12.845,,
243.167398,2026-03-10 18:01:20.091,ARDUINO_PSI,Arduino,0.000,0.000,12.856,,
243.266670,2026-03-10 18:01:20.190,ARDUINO_PSI,Arduino,0.000,0.000,12.840,,
243.366541,2026-03-10 18:01:20.290,ARDUINO_PSI,Arduino,0.000,0.000,12.851,,
243.369552,2026-03-10 18:01:20.293,WJ_VOLTAGE,WJ2,3.030,0.000,0,0,"HV=OFF, Fault=NO"
243.370764,2026-03-10 18:01:20.294,WJ_VOLTAGE,WJ1,9.971,0.000,0,0,"HV=OFF, Fault=NO"
243.466135,2026-03-10 18:01:20.390,ARDUINO_PSI,Arduino,0.000,0.000,12.863,,
243.566666,2026-03-10 18:01:20.490,ARDUINO_PSI,Arduino,0.000,0.000,12.865,,
243.666783,2026-03-10 18:01:20.590,ARDUINO_PSI,Arduino,0.000,0.000,12.863,,
243.766048,2026-03-10 18:01:20.689,ARDUINO_PSI,Arduino,0.000,0.000,12.854,,
243.866079,2026-03-10 18:01:20.789,ARDUINO_PSI,Arduino,0.000,0.000,12.847,,
243.888799,2026-03-10 18:01:20.812,WJ_VOLTAGE,WJ2,2.737,0.000,0,0,"HV=OFF, Fault=NO"
243.890105,2026-03-10 18:01:20.813,WJ_VOLTAGE,WJ1,9.971,0.000,0,0,"HV=OFF, Fault=NO"
243.967711,2026-03-10 18:01:20.891,ARDUINO_PSI,Arduino,0.000,0.000,12.838,,
244.066877,2026-03-10 18:01:20.990,ARDUINO_PSI,Arduino,0.000,0.000,12.840,,
244.166704,2026-03-10 18:01:21.090,ARDUINO_PSI,Arduino,0.000,0.000,12.842,,
244.266579,2026-03-10 18:01:21.190,ARDUINO_PSI,Arduino,0.000,0.000,12.851,,
244.366853,2026-03-10 18:01:21.290,ARDUINO_PSI,Arduino,0.000,0.000,12.838,,
244.420031,2026-03-10 18:01:21.343,WJ_VOLTAGE,WJ1,9.971,0.000,0,0,"HV=OFF, Fault=NO"
244.423973,2026-03-10 18:01:21.347,WJ_VOLTAGE,WJ2,2.444,0.000,0,0,"HV=OFF, Fault=NO"
244.466617,2026-03-10 18:01:21.390,ARDUINO_PSI,Arduino,0.000,0.000,12.838,,
244.566678,2026-03-10 18:01:21.490,ARDUINO_PSI,Arduino,0.000,0.000,12.838,,
244.666771,2026-03-10 18:01:21.590,ARDUINO_PSI,Arduino,0.000,0.000,12.833,,
244.766464,2026-03-10 18:01:21.690,ARDUINO_PSI,Arduino,0.000,0.000,12.838,,
244.867082,2026-03-10 18:01:21.790,ARDUINO_PSI,Arduino,0.000,0.000,12.835,,
244.947474,2026-03-10 18:01:21.871,WJ_VOLTAGE,WJ2,2.151,0.000,0,0,"HV=OFF, Fault=NO"
244.951361,2026-03-10 18:01:21.875,WJ_VOLTAGE,WJ1,9.971,0.000,0,0,"HV=OFF, Fault=NO"
244.966190,2026-03-10 18:01:21.890,ARDUINO_PSI,Arduino,0.000,0.000,12.826,,
245.066761,2026-03-10 18:01:21.990,ARDUINO_PSI,Arduino,0.000,0.000,12.831,,
245.166826,2026-03-10 18:01:22.090,ARDUINO_PSI,Arduino,0.000,0.000,12.826,,
245.266746,2026-03-10 18:01:22.190,ARDUINO_PSI,Arduino,0.000,0.000,12.833,,
245.366790,2026-03-10 18:01:22.290,ARDUINO_PSI,Arduino,0.000,0.000,12.828,,
245.466959,2026-03-10 18:01:22.390,ARDUINO_PSI,Arduino,0.000,0.000,12.824,,
245.474657,2026-03-10 18:01:22.398,WJ_VOLTAGE,WJ1,9.971,0.000,0,0,"HV=OFF, Fault=NO"
245.478621,2026-03-10 18:01:22.402,WJ_VOLTAGE,WJ2,1.857,0.000,0,0,"HV=OFF, Fault=NO"
245.566672,2026-03-10 18:01:22.490,ARDUINO_PSI,Arduino,0.000,0.000,12.824,,
245.666705,2026-03-10 18:01:22.590,ARDUINO_PSI,Arduino,0.000,0.000,12.826,,
245.766788,2026-03-10 18:01:22.690,ARDUINO_PSI,Arduino,0.000,0.000,12.833,,
245.866790,2026-03-10 18:01:22.790,ARDUINO_PSI,Arduino,0.000,0.000,12.835,,
245.966761,2026-03-10 18:01:22.890,ARDUINO_PSI,Arduino,0.000,0.000,12.842,,
246.004263,2026-03-10 18:01:22.928,WJ_VOLTAGE,WJ2,1.662,0.000,0,0,"HV=OFF, Fault=NO"
246.008499,2026-03-10 18:01:22.932,WJ_VOLTAGE,WJ1,9.971,0.000,0,0,"HV=OFF, Fault=NO"
246.066805,2026-03-10 18:01:22.990,ARDUINO_PSI,Arduino,0.000,0.000,12.831,,
246.166763,2026-03-10 18:01:23.090,ARDUINO_PSI,Arduino,0.000,0.000,12.826,,
246.266888,2026-03-10 18:01:23.190,ARDUINO_PSI,Arduino,0.000,0.000,12.826,,
246.366762,2026-03-10 18:01:23.290,ARDUINO_PSI,Arduino,0.000,0.000,12.828,,
246.466986,2026-03-10 18:01:23.390,ARDUINO_PSI,Arduino,0.000,0.000,12.828,,
246.532390,2026-03-10 18:01:23.456,WJ_VOLTAGE,WJ1,9.971,0.000,0,0,"HV=OFF, Fault=NO"
246.536386,2026-03-10 18:01:23.460,WJ_VOLTAGE,WJ2,1.466,0.000,0,0,"HV=OFF, Fault=NO"
246.566514,2026-03-10 18:01:23.490,ARDUINO_PSI,Arduino,0.000,0.000,12.822,,
246.666202,2026-03-10 18:01:23.590,ARDUINO_PSI,Arduino,0.000,0.000,12.826,,
246.766585,2026-03-10 18:01:23.690,ARDUINO_PSI,Arduino,0.000,0.000,12.824,,
246.866817,2026-03-10 18:01:23.790,ARDUINO_PSI,Arduino,0.000,0.000,12.838,,
246.967730,2026-03-10 18:01:23.891,ARDUINO_PSI,Arduino,0.000,0.000,12.838,,
247.063799,2026-03-10 18:01:23.987,WJ_VOLTAGE,WJ1,9.971,0.000,0,0,"HV=OFF, Fault=NO"
247.076890,2026-03-10 18:01:24.000,ARDUINO_PSI,Arduino,0.000,0.000,12.840,,
247.078645,2026-03-10 18:01:24.002,WJ_VOLTAGE,WJ2,1.271,0.000,0,0,"HV=OFF, Fault=NO"
247.166745,2026-03-10 18:01:24.090,ARDUINO_PSI,Arduino,0.000,0.000,12.849,,
247.266666,2026-03-10 18:01:24.190,ARDUINO_PSI,Arduino,0.000,0.000,12.858,,
247.366707,2026-03-10 18:01:24.290,ARDUINO_PSI,Arduino,0.000,0.000,12.856,,
247.466803,2026-03-10 18:01:24.390,ARDUINO_PSI,Arduino,0.000,0.000,12.847,,
247.566917,2026-03-10 18:01:24.490,ARDUINO_PSI,Arduino,0.000,0.000,12.845,,
247.593515,2026-03-10 18:01:24.517,WJ_VOLTAGE,WJ1,9.971,0.000,0,0,"HV=OFF, Fault=NO"
247.606990,2026-03-10 18:01:24.530,WJ_VOLTAGE,WJ2,1.173,0.000,0,0,"HV=OFF, Fault=NO"
247.666753,2026-03-10 18:01:24.590,ARDUINO_PSI,Arduino,0.000,0.000,12.847,,
247.766411,2026-03-10 18:01:24.690,ARDUINO_PSI,Arduino,0.000,0.000,12.847,,
247.866822,2026-03-10 18:01:24.790,ARDUINO_PSI,Arduino,0.000,0.000,12.858,,
247.966446,2026-03-10 18:01:24.890,ARDUINO_PSI,Arduino,0.000,0.000,12.854,,
248.066202,2026-03-10 18:01:24.990,ARDUINO_PSI,Arduino,0.000,0.000,12.851,,
248.119262,2026-03-10 18:01:25.043,WJ_VOLTAGE,WJ1,9.971,0.000,0,0,"HV=OFF, Fault=NO"
248.135735,2026-03-10 18:01:25.059,WJ_VOLTAGE,WJ2,1.075,0.000,0,0,"HV=OFF, Fault=NO"
248.166329,2026-03-10 18:01:25.090,ARDUINO_PSI,Arduino,0.000,0.000,12.858,,
248.266901,2026-03-10 18:01:25.190,ARDUINO_PSI,Arduino,0.000,0.000,12.861,,
248.368415,2026-03-10 18:01:25.292,ARDUINO_PSI,Arduino,0.000,0.000,12.851,,
248.466679,2026-03-10 18:01:25.390,ARDUINO_PSI,Arduino,0.000,0.000,12.849,,
248.567819,2026-03-10 18:01:25.491,ARDUINO_PSI,Arduino,0.000,0.000,12.856,,
248.647080,2026-03-10 18:01:25.570,WJ_VOLTAGE,WJ1,9.971,0.000,0,0,"HV=OFF, Fault=NO"
248.669307,2026-03-10 18:01:25.593,WJ_VOLTAGE,WJ2,0.880,0.000,0,0,"HV=OFF, Fault=NO"
248.670630,2026-03-10 18:01:25.594,ARDUINO_PSI,Arduino,0.000,0.000,12.847,,
248.766923,2026-03-10 18:01:25.690,ARDUINO_PSI,Arduino,0.000,0.000,12.847,,
248.866429,2026-03-10 18:01:25.790,ARDUINO_PSI,Arduino,0.000,0.000,12.835,,
248.966793,2026-03-10 18:01:25.890,ARDUINO_PSI,Arduino,0.000,0.000,12.831,,
249.066911,2026-03-10 18:01:25.990,ARDUINO_PSI,Arduino,0.000,0.000,12.826,,
249.166786,2026-03-10 18:01:26.090,ARDUINO_PSI,Arduino,0.000,0.000,12.828,,
249.178929,2026-03-10 18:01:26.102,WJ_VOLTAGE,WJ1,9.971,0.000,0,0,"HV=OFF, Fault=NO"
249.194218,2026-03-10 18:01:26.118,WJ_VOLTAGE,WJ2,0.782,0.000,0,0,"HV=OFF, Fault=NO"
249.267550,2026-03-10 18:01:26.191,ARDUINO_PSI,Arduino,0.000,0.000,12.826,,
249.366908,2026-03-10 18:01:26.290,ARDUINO_PSI,Arduino,0.000,0.000,12.831,,
249.468307,2026-03-10 18:01:26.392,ARDUINO_PSI,Arduino,0.000,0.000,12.838,,
249.568182,2026-03-10 18:01:26.492,ARDUINO_PSI,Arduino,0.000,0.000,12.833,,
249.666828,2026-03-10 18:01:26.590,ARDUINO_PSI,Arduino,0.000,0.000,12.831,,
249.708649,2026-03-10 18:01:26.632,WJ_VOLTAGE,WJ1,9.971,0.000,0,0,"HV=OFF, Fault=NO"
249.722111,2026-03-10 18:01:26.645,WJ_VOLTAGE,WJ2,0.684,0.000,0,0,"HV=OFF, Fault=NO"
249.766251,2026-03-10 18:01:26.690,ARDUINO_PSI,Arduino,0.000,0.000,12.831,,
249.866608,2026-03-10 18:01:26.790,ARDUINO_PSI,Arduino,0.000,0.000,12.819,,
249.966847,2026-03-10 18:01:26.890,ARDUINO_PSI,Arduino,0.000,0.000,12.817,,
250.066196,2026-03-10 18:01:26.990,ARDUINO_PSI,Arduino,0.000,0.000,12.831,,
250.166560,2026-03-10 18:01:27.090,ARDUINO_PSI,Arduino,0.000,0.000,12.828,,
250.236985,2026-03-10 18:01:27.160,WJ_VOLTAGE,WJ1,9.971,0.000,0,0,"HV=OFF, Fault=NO"
250.252478,2026-03-10 18:01:27.176,WJ_VOLTAGE,WJ2,0.684,0.000,0,0,"HV=OFF, Fault=NO"
250.266054,2026-03-10 18:01:27.189,ARDUINO_PSI,Arduino,0.000,0.000,12.824,,
250.366657,2026-03-10 18:01:27.290,ARDUINO_PSI,Arduino,0.000,0.000,12.835,,
250.466721,2026-03-10 18:01:27.390,ARDUINO_PSI,Arduino,0.000,0.000,12.824,,
250.566630,2026-03-10 18:01:27.490,ARDUINO_PSI,Arduino,0.000,0.000,12.824,,
250.666893,2026-03-10 18:01:27.590,ARDUINO_PSI,Arduino,0.000,0.000,12.828,,
250.762762,2026-03-10 18:01:27.686,WJ_VOLTAGE,WJ1,9.971,0.000,0,0,"HV=OFF, Fault=NO"
250.773210,2026-03-10 18:01:27.697,ARDUINO_PSI,Arduino,0.000,0.000,12.835,,
250.778336,2026-03-10 18:01:27.702,WJ_VOLTAGE,WJ2,0.587,0.000,0,0,"HV=OFF, Fault=NO"
250.866764,2026-03-10 18:01:27.790,ARDUINO_PSI,Arduino,0.000,0.000,12.835,,
250.966803,2026-03-10 18:01:27.890,ARDUINO_PSI,Arduino,0.000,0.000,12.842,,
251.066863,2026-03-10 18:01:27.990,ARDUINO_PSI,Arduino,0.000,0.000,12.840,,
251.167577,2026-03-10 18:01:28.091,ARDUINO_PSI,Arduino,0.000,0.000,12.833,,
251.266824,2026-03-10 18:01:28.190,ARDUINO_PSI,Arduino,0.000,0.000,12.833,,
251.293217,2026-03-10 18:01:28.217,WJ_VOLTAGE,WJ1,9.971,0.000,0,0,"HV=OFF, Fault=NO"
251.308056,2026-03-10 18:01:28.231,WJ_VOLTAGE,WJ2,0.489,0.000,0,0,"HV=OFF, Fault=NO"
251.366719,2026-03-10 18:01:28.290,ARDUINO_PSI,Arduino,0.000,0.000,12.819,,
251.467125,2026-03-10 18:01:28.391,ARDUINO_PSI,Arduino,0.000,0.000,12.819,,
251.566970,2026-03-10 18:01:28.490,ARDUINO_PSI,Arduino,0.000,0.000,12.822,,
251.666864,2026-03-10 18:01:28.590,ARDUINO_PSI,Arduino,0.000,0.000,12.831,,
251.766743,2026-03-10 18:01:28.690,ARDUINO_PSI,Arduino,0.000,0.000,12.824,,
251.825448,2026-03-10 18:01:28.749,WJ_VOLTAGE,WJ1,9.971,0.000,0,0,"HV=OFF, Fault=NO"
251.838627,2026-03-10 18:01:28.762,WJ_VOLTAGE,WJ2,0.391,0.000,0,0,"HV=OFF, Fault=NO"
251.866797,2026-03-10 18:01:28.790,ARDUINO_PSI,Arduino,0.000,0.000,12.833,,
251.966044,2026-03-10 18:01:28.889,ARDUINO_PSI,Arduino,0.000,0.000,12.838,,
252.066149,2026-03-10 18:01:28.990,ARDUINO_PSI,Arduino,0.000,0.000,12.817,,
252.166731,2026-03-10 18:01:29.090,ARDUINO_PSI,Arduino,0.000,0.000,12.819,,
252.266783,2026-03-10 18:01:29.190,ARDUINO_PSI,Arduino,0.000,0.000,12.812,,
252.354133,2026-03-10 18:01:29.278,WJ_VOLTAGE,WJ1,9.971,0.000,0,0,"HV=OFF, Fault=NO"
252.369233,2026-03-10 18:01:29.293,WJ_VOLTAGE,WJ2,0.391,0.000,0,0,"HV=OFF, Fault=NO"
252.370135,2026-03-10 18:01:29.294,ARDUINO_PSI,Arduino,0.000,0.000,12.801,,
252.466925,2026-03-10 18:01:29.390,ARDUINO_PSI,Arduino,0.000,0.000,12.810,,
252.566816,2026-03-10 18:01:29.490,ARDUINO_PSI,Arduino,0.000,0.000,12.806,,
252.666653,2026-03-10 18:01:29.590,ARDUINO_PSI,Arduino,0.000,0.000,12.810,,
252.766950,2026-03-10 18:01:29.690,ARDUINO_PSI,Arduino,0.000,0.000,12.806,,
252.900514,2026-03-10 18:01:29.824,ARDUINO_PSI,Arduino,0.000,0.000,12.812,,
252.902184,2026-03-10 18:01:29.826,WJ_VOLTAGE,WJ1,9.971,0.000,0,0,"HV=OFF, Fault=NO"
252.904632,2026-03-10 18:01:29.828,WJ_VOLTAGE,WJ2,0.293,0.000,0,0,"HV=OFF, Fault=NO"
252.966567,2026-03-10 18:01:29.890,ARDUINO_PSI,Arduino,0.000,0.000,12.694,,
253.066236,2026-03-10 18:01:29.990,ARDUINO_PSI,Arduino,0.000,0.000,12.655,,
253.166715,2026-03-10 18:01:30.090,ARDUINO_PSI,Arduino,0.000,0.000,12.636,,
253.266809,2026-03-10 18:01:30.190,ARDUINO_PSI,Arduino,0.000,0.000,12.623,,
253.366773,2026-03-10 18:01:30.290,ARDUINO_PSI,Arduino,0.000,0.000,12.632,,
253.409303,2026-03-10 18:01:30.333,WJ_VOLTAGE,WJ1,9.971,0.000,0,0,"HV=OFF, Fault=NO"
253.423590,2026-03-10 18:01:30.347,WJ_VOLTAGE,WJ2,0.293,0.000,0,0,"HV=OFF, Fault=NO"
253.466406,2026-03-10 18:01:30.390,ARDUINO_PSI,Arduino,0.000,0.000,12.623,,
253.566664,2026-03-10 18:01:30.490,ARDUINO_PSI,Arduino,0.000,0.000,12.636,,
253.666688,2026-03-10 18:01:30.590,ARDUINO_PSI,Arduino,0.000,0.000,12.620,,
253.766856,2026-03-10 18:01:30.690,ARDUINO_PSI,Arduino,0.000,0.000,12.618,,
253.866270,2026-03-10 18:01:30.790,ARDUINO_PSI,Arduino,0.000,0.000,12.607,,
253.926482,2026-03-10 18:01:30.850,WJ_VOLTAGE,WJ1,9.971,0.000,0,0,"HV=OFF, Fault=NO"
253.958413,2026-03-10 18:01:30.882,WJ_VOLTAGE,WJ2,0.293,0.000,0,0,"HV=OFF, Fault=NO"
253.965991,2026-03-10 18:01:30.889,ARDUINO_PSI,Arduino,0.000,0.000,12.607,,
254.066824,2026-03-10 18:01:30.990,ARDUINO_PSI,Arduino,0.000,0.000,12.614,,
254.166100,2026-03-10 18:01:31.089,ARDUINO_PSI,Arduino,0.000,0.000,12.611,,
254.266986,2026-03-10 18:01:31.190,ARDUINO_PSI,Arduino,0.000,0.000,12.614,,
254.366745,2026-03-10 18:01:31.290,ARDUINO_PSI,Arduino,0.000,0.000,12.627,,
254.461347,2026-03-10 18:01:31.385,WJ_VOLTAGE,WJ1,9.971,0.000,0,0,"HV=OFF, Fault=NO"
254.469837,2026-03-10 18:01:31.393,ARDUINO_PSI,Arduino,0.000,0.000,12.630,,
254.480450,2026-03-10 18:01:31.404,WJ_VOLTAGE,WJ2,0.196,0.000,0,0,"HV=OFF, Fault=NO"
254.566863,2026-03-10 18:01:31.490,ARDUINO_PSI,Arduino,0.000,0.000,12.627,,
254.667007,2026-03-10 18:01:31.590,ARDUINO_PSI,Arduino,0.000,0.000,12.623,,
254.767108,2026-03-10 18:01:31.690,ARDUINO_PSI,Arduino,0.000,0.000,12.625,,
254.866664,2026-03-10 18:01:31.790,ARDUINO_PSI,Arduino,0.000,0.000,12.618,,
254.966701,2026-03-10 18:01:31.890,ARDUINO_PSI,Arduino,0.000,0.000,12.735,,
254.989426,2026-03-10 18:01:31.913,WJ_VOLTAGE,WJ1,9.971,0.000,0,0,"HV=OFF, Fault=NO"
255.002390,2026-03-10 18:01:31.926,WJ_VOLTAGE,WJ2,0.196,0.000,0,0,"HV=OFF, Fault=NO"
255.066806,2026-03-10 18:01:31.990,ARDUINO_PSI,Arduino,0.000,0.000,12.780,,
255.166825,2026-03-10 18:01:32.090,ARDUINO_PSI,Arduino,0.000,0.000,12.794,,
255.266830,2026-03-10 18:01:32.190,ARDUINO_PSI,Arduino,0.000,0.000,12.803,,
255.366307,2026-03-10 18:01:32.290,ARDUINO_PSI,Arduino,0.000,0.000,12.803,,
255.467231,2026-03-10 18:01:32.391,ARDUINO_PSI,Arduino,0.000,0.000,12.808,,
255.518033,2026-03-10 18:01:32.441,WJ_VOLTAGE,WJ1,9.971,0.000,0,0,"HV=OFF, Fault=NO"
255.532747,2026-03-10 18:01:32.456,WJ_VOLTAGE,WJ2,0.196,0.000,0,0,"HV=OFF, Fault=NO"
255.566141,2026-03-10 18:01:32.490,ARDUINO_PSI,Arduino,0.000,0.000,12.796,,
255.666604,2026-03-10 18:01:32.590,ARDUINO_PSI,Arduino,0.000,0.000,12.792,,
255.766550,2026-03-10 18:01:32.690,ARDUINO_PSI,Arduino,0.000,0.000,12.801,,
255.866606,2026-03-10 18:01:32.790,ARDUINO_PSI,Arduino,0.000,0.000,12.796,,
255.966923,2026-03-10 18:01:32.890,ARDUINO_PSI,Arduino,0.000,0.000,12.799,,
256.045458,2026-03-10 18:01:32.969,WJ_VOLTAGE,WJ1,9.971,0.000,0,0,"HV=OFF, Fault=NO"
256.059268,2026-03-10 18:01:32.983,WJ_VOLTAGE,WJ2,0.098,0.000,0,0,"HV=OFF, Fault=NO"
256.065984,2026-03-10 18:01:32.989,ARDUINO_PSI,Arduino,0.000,0.000,12.810,,
256.168703,2026-03-10 18:01:33.092,ARDUINO_PSI,Arduino,0.000,0.000,12.806,,
256.266032,2026-03-10 18:01:33.189,ARDUINO_PSI,Arduino,0.000,0.000,12.808,,
256.366070,2026-03-10 18:01:33.289,ARDUINO_PSI,Arduino,0.000,0.000,12.794,,
256.465968,2026-03-10 18:01:33.389,ARDUINO_PSI,Arduino,0.000,0.000,12.796,,
256.566612,2026-03-10 18:01:33.490,ARDUINO_PSI,Arduino,0.000,0.000,12.794,,
256.573040,2026-03-10 18:01:33.496,WJ_VOLTAGE,WJ1,9.971,0.000,0,0,"HV=OFF, Fault=NO"
256.588177,2026-03-10 18:01:33.512,WJ_VOLTAGE,WJ2,0.098,0.000,0,0,"HV=OFF, Fault=NO"
256.667276,2026-03-10 18:01:33.591,ARDUINO_PSI,Arduino,0.000,0.000,12.785,,
256.766691,2026-03-10 18:01:33.690,ARDUINO_PSI,Arduino,0.000,0.000,12.787,,
256.866877,2026-03-10 18:01:33.790,ARDUINO_PSI,Arduino,0.000,0.000,12.790,,
257.034863,2026-03-10 18:01:33.958,ARDUINO_PSI,Arduino,0.000,0.000,12.801,,
257.066431,2026-03-10 18:01:33.990,ARDUINO_PSI,Arduino,0.000,0.000,12.799,,
257.101651,2026-03-10 18:01:34.025,WJ_VOLTAGE,WJ1,9.971,0.000,0,0,"HV=OFF, Fault=NO"
257.115637,2026-03-10 18:01:34.039,WJ_VOLTAGE,WJ2,0.098,0.000,0,0,"HV=OFF, Fault=NO"
257.166773,2026-03-10 18:01:34.090,ARDUINO_PSI,Arduino,0.000,0.000,12.806,,
257.266711,2026-03-10 18:01:34.190,ARDUINO_PSI,Arduino,0.000,0.000,12.801,,
257.366810,2026-03-10 18:01:34.290,ARDUINO_PSI,Arduino,0.000,0.000,12.806,,
257.466748,2026-03-10 18:01:34.390,ARDUINO_PSI,Arduino,0.000,0.000,12.812,,
257.566317,2026-03-10 18:01:34.490,ARDUINO_PSI,Arduino,0.000,0.000,12.824,,
257.627364,2026-03-10 18:01:34.551,WJ_VOLTAGE,WJ1,9.971,0.000,0,0,"HV=OFF, Fault=NO"
257.642024,2026-03-10 18:01:34.565,WJ_VOLTAGE,WJ2,0.098,0.000,0,0,"HV=OFF, Fault=NO"
257.666158,2026-03-10 18:01:34.590,ARDUINO_PSI,Arduino,0.000,0.000,12.838,,
257.766817,2026-03-10 18:01:34.690,ARDUINO_PSI,Arduino,0.000,0.000,12.835,,
257.866800,2026-03-10 18:01:34.790,ARDUINO_PSI,Arduino,0.000,0.000,12.854,,
257.966851,2026-03-10 18:01:34.890,ARDUINO_PSI,Arduino,0.000,0.000,12.854,,
258.066453,2026-03-10 18:01:34.990,ARDUINO_PSI,Arduino,0.000,0.000,12.847,,
258.158273,2026-03-10 18:01:35.082,WJ_VOLTAGE,WJ1,9.971,0.000,0,0,"HV=OFF, Fault=NO"
258.171873,2026-03-10 18:01:35.095,ARDUINO_PSI,Arduino,0.000,0.000,12.858,,
258.173281,2026-03-10 18:01:35.097,WJ_VOLTAGE,WJ2,0.098,0.000,0,0,"HV=OFF, Fault=NO"
258.268638,2026-03-10 18:01:35.192,ARDUINO_PSI,Arduino,0.000,0.000,12.858,,
258.366141,2026-03-10 18:01:35.290,ARDUINO_PSI,Arduino,0.000,0.000,12.863,,
258.466014,2026-03-10 18:01:35.389,ARDUINO_PSI,Arduino,0.000,0.000,12.867,,
258.566675,2026-03-10 18:01:35.490,ARDUINO_PSI,Arduino,0.000,0.000,12.867,,
258.666650,2026-03-10 18:01:35.590,ARDUINO_PSI,Arduino,0.000,0.000,12.872,,
258.685999,2026-03-10 18:01:35.609,WJ_VOLTAGE,WJ1,9.971,0.000,0,0,"HV=OFF, Fault=NO"
258.699926,2026-03-10 18:01:35.623,WJ_VOLTAGE,WJ2,0.098,0.000,0,0,"HV=OFF, Fault=NO"
258.766881,2026-03-10 18:01:35.690,ARDUINO_PSI,Arduino,0.000,0.000,12.870,,
258.866732,2026-03-10 18:01:35.790,ARDUINO_PSI,Arduino,0.000,0.000,12.870,,
258.966759,2026-03-10 18:01:35.890,ARDUINO_PSI,Arduino,0.000,0.000,12.854,,
259.066510,2026-03-10 18:01:35.990,ARDUINO_PSI,Arduino,0.000,0.000,12.851,,
259.166042,2026-03-10 18:01:36.089,ARDUINO_PSI,Arduino,0.000,0.000,12.849,,
259.214390,2026-03-10 18:01:36.138,WJ_VOLTAGE,WJ1,9.971,0.000,0,0,"HV=OFF, Fault=NO"
259.228502,2026-03-10 18:01:36.152,WJ_VOLTAGE,WJ2,0.098,0.000,0,0,"HV=OFF, Fault=NO"
259.400494,2026-03-10 18:01:36.324,WJ_COMMAND,WJ1,HV_OFF,,,,HV_OFF 
259.494021,2026-03-10 18:01:36.417,WJ_COMMAND,WJ2,HV_OFF,,,,HV_OFF 
259.496147,2026-03-10 18:01:36.420,ARDUINO_PSI,Arduino,0.000,0.000,12.854,,
259.499228,2026-03-10 18:01:36.423,ARDUINO_PSI,Arduino,0.000,0.000,12.851,,
259.504105,2026-03-10 18:01:36.427,WJ_VOLTAGE,WJ2,0.098,0.000,0,0,"HV=OFF, Fault=NO"
259.505792,2026-03-10 18:01:36.429,ARDUINO_PSI,Arduino,0.000,0.000,12.842,,
259.649939,2026-03-10 18:01:36.573,WJ_COMMAND,WJ1,HV_OFF,,,,HV_OFF 
259.743635,2026-03-10 18:01:36.667,WJ_COMMAND,WJ2,HV_OFF,,,,HV_OFF 
259.750737,2026-03-10 18:01:36.674,ARDUINO_PSI,Arduino,0.000,0.000,12.838,,
259.752403,2026-03-10 18:01:36.676,WJ_VOLTAGE,WJ1,9.971,0.000,0,0,"HV=OFF, Fault=NO"
259.753503,2026-03-10 18:01:36.677,WJ_VOLTAGE,WJ2,0.098,0.000,0,0,"HV=OFF, Fault=NO"
259.754061,2026-03-10 18:01:36.677,ARDUINO_PSI,Arduino,0.000,0.000,12.833,,
259.898165,2026-03-10 18:01:36.822,WJ_COMMAND,WJ1,HV_OFF,,,,HV_OFF 
260.007207,2026-03-10 18:01:36.931,WJ_COMMAND,WJ2,HV_OFF,,,,HV_OFF 
260.020762,2026-03-10 18:01:36.944,ARDUINO_PSI,Arduino,0.000,0.000,12.828,,
260.022093,2026-03-10 18:01:36.945,WJ_VOLTAGE,WJ1,8.700,0.000,0,0,"HV=OFF, Fault=NO"
260.022748,2026-03-10 18:01:36.946,ARDUINO_PSI,Arduino,0.000,0.000,12.817,,
260.024621,2026-03-10 18:01:36.948,WJ_VOLTAGE,WJ2,0.000,0.000,0,0,"HV=OFF, Fault=NO"
260.025348,2026-03-10 18:01:36.949,ARDUINO_PSI,Arduino,0.000,0.000,12.812,,
260.066672,2026-03-10 18:01:36.990,ARDUINO_PSI,Arduino,0.000,0.000,12.808,,
260.166406,2026-03-10 18:01:37.090,ARDUINO_PSI,Arduino,0.000,0.000,12.803,,
260.266100,2026-03-10 18:01:37.189,ARDUINO_PSI,Arduino,0.000,0.000,12.806,,
260.349704,2026-03-10 18:01:37.273,WJ_VOLTAGE,WJ1,8.309,0.000,0,0,"HV=OFF, Fault=NO"
260.365982,2026-03-10 18:01:37.289,ARDUINO_PSI,Arduino,0.000,0.000,12.806,,
260.459643,2026-03-10 18:01:37.383,WJ_VOLTAGE,WJ2,0.000,0.000,0,0,"HV=OFF, Fault=NO"
260.467311,2026-03-10 18:01:37.391,ARDUINO_PSI,Arduino,0.000,0.000,12.806,,
260.566795,2026-03-10 18:01:37.490,ARDUINO_PSI,Arduino,0.000,0.000,12.812,,
260.666054,2026-03-10 18:01:37.589,ARDUINO_PSI,Arduino,0.000,0.000,12.810,,
260.766684,2026-03-10 18:01:37.690,ARDUINO_PSI,Arduino,0.000,0.000,12.806,,
260.866038,2026-03-10 18:01:37.789,ARDUINO_PSI,Arduino,0.000,0.000,12.799,,
260.878857,2026-03-10 18:01:37.802,WJ_VOLTAGE,WJ1,7.429,0.000,0,0,"HV=OFF, Fault=NO"
260.966173,2026-03-10 18:01:37.890,ARDUINO_PSI,Arduino,0.000,0.000,12.796,,
260.989542,2026-03-10 18:01:37.913,WJ_VOLTAGE,WJ2,0.098,0.000,0,0,"HV=OFF, Fault=NO"
261.066739,2026-03-10 18:01:37.990,ARDUINO_PSI,Arduino,0.000,0.000,12.792,,
261.270981,2026-03-10 18:01:38.194,WJ_COMMAND,WJ1,HV_OFF,,,,HV_OFF 
261.364870,2026-03-10 18:01:38.288,WJ_COMMAND,WJ2,HV_OFF,,,,HV_OFF 
261.366938,2026-03-10 18:01:38.290,ARDUINO_PSI,Arduino,0.000,0.000,12.792,,
261.371827,2026-03-10 18:01:38.295,WJ_VOLTAGE,WJ1,6.647,0.000,0,0,"HV=OFF, Fault=NO"
261.373536,2026-03-10 18:01:38.297,ARDUINO_PSI,Arduino,0.000,0.000,12.790,,
261.374859,2026-03-10 18:01:38.298,WJ_VOLTAGE,WJ2,0.000,0.000,0,0,"HV=OFF, Fault=NO"
261.376437,2026-03-10 18:01:38.300,ARDUINO_PSI,Arduino,0.000,0.000,12.787,,
261.466456,2026-03-10 18:01:38.390,ARDUINO_PSI,Arduino,0.000,0.000,12.783,,
261.566809,2026-03-10 18:01:38.490,ARDUINO_PSI,Arduino,0.000,0.000,12.776,,
261.666575,2026-03-10 18:01:38.590,ARDUINO_PSI,Arduino,0.000,0.000,12.783,,
261.722574,2026-03-10 18:01:38.646,WJ_VOLTAGE,WJ1,6.158,0.000,0,0,"HV=OFF, Fault=NO"
261.766540,2026-03-10 18:01:38.690,ARDUINO_PSI,Arduino,0.000,0.000,12.799,,
261.815837,2026-03-10 18:01:38.739,WJ_VOLTAGE,WJ2,0.000,0.000,0,0,"HV=OFF, Fault=NO"
261.866525,2026-03-10 18:01:38.790,ARDUINO_PSI,Arduino,0.000,0.000,12.796,,
261.966684,2026-03-10 18:01:38.890,ARDUINO_PSI,Arduino,0.000,0.000,12.806,,
262.066771,2026-03-10 18:01:38.990,ARDUINO_PSI,Arduino,0.000,0.000,12.810,,
262.166696,2026-03-10 18:01:39.090,ARDUINO_PSI,Arduino,0.000,0.000,12.817,,
262.250942,2026-03-10 18:01:39.174,WJ_VOLTAGE,WJ1,5.474,0.000,0,0,"HV=OFF, Fault=NO"
262.267739,2026-03-10 18:01:39.191,ARDUINO_PSI,Arduino,0.000,0.000,12.806,,
262.345161,2026-03-10 18:01:39.269,WJ_VOLTAGE,WJ2,0.000,0.000,0,0,"HV=OFF, Fault=NO"
262.366049,2026-03-10 18:01:39.289,ARDUINO_PSI,Arduino,0.000,0.000,12.817,,
262.466711,2026-03-10 18:01:39.390,ARDUINO_PSI,Arduino,0.000,0.000,12.812,,
262.566520,2026-03-10 18:01:39.490,ARDUINO_PSI,Arduino,0.000,0.000,12.803,,
262.666185,2026-03-10 18:01:39.590,ARDUINO_PSI,Arduino,0.000,0.000,12.817,,
262.766005,2026-03-10 18:01:39.689,ARDUINO_PSI,Arduino,0.000,0.000,12.824,,
262.778937,2026-03-10 18:01:39.702,WJ_VOLTAGE,WJ1,4.888,0.000,0,0,"HV=OFF, Fault=NO"
262.866856,2026-03-10 18:01:39.790,ARDUINO_PSI,Arduino,0.000,0.000,12.828,,
262.875188,2026-03-10 18:01:39.799,WJ_VOLTAGE,WJ2,0.000,0.000,0,0,"HV=OFF, Fault=NO"
262.966742,2026-03-10 18:01:39.890,ARDUINO_PSI,Arduino,0.000,0.000,12.840,,
263.066707,2026-03-10 18:01:39.990,ARDUINO_PSI,Arduino,0.000,0.000,12.842,,
263.166761,2026-03-10 18:01:40.090,ARDUINO_PSI,Arduino,0.000,0.000,12.849,,
263.266779,2026-03-10 18:01:40.190,ARDUINO_PSI,Arduino,0.000,0.000,12.851,,
263.311153,2026-03-10 18:01:40.235,WJ_VOLTAGE,WJ1,4.399,0.000,0,0,"HV=OFF, Fault=NO"
263.366723,2026-03-10 18:01:40.290,ARDUINO_PSI,Arduino,0.000,0.000,12.856,,
263.405024,2026-03-10 18:01:40.328,WJ_VOLTAGE,WJ2,0.000,0.000,0,0,"HV=OFF, Fault=NO"
263.466658,2026-03-10 18:01:40.390,ARDUINO_PSI,Arduino,0.000,0.000,12.858,,
263.566747,2026-03-10 18:01:40.490,ARDUINO_PSI,Arduino,0.000,0.000,12.870,,
263.668337,2026-03-10 18:01:40.592,ARDUINO_PSI,Arduino,0.000,0.000,12.863,,
263.766597,2026-03-10 18:01:40.690,ARDUINO_PSI,Arduino,0.000,0.000,12.854,,
263.839547,2026-03-10 18:01:40.763,WJ_VOLTAGE,WJ1,3.910,0.000,0,0,"HV=OFF, Fault=NO"
263.865976,2026-03-10 18:01:40.789,ARDUINO_PSI,Arduino,0.000,0.000,12.858,,
263.932665,2026-03-10 18:01:40.856,WJ_VOLTAGE,WJ2,0.000,0.000,0,0,"HV=OFF, Fault=NO"
263.966058,2026-03-10 18:01:40.889,ARDUINO_PSI,Arduino,0.000,0.000,12.851,,
264.066605,2026-03-10 18:01:40.990,ARDUINO_PSI,Arduino,0.000,0.000,12.849,,
264.166776,2026-03-10 18:01:41.090,ARDUINO_PSI,Arduino,0.000,0.000,12.838,,
264.266463,2026-03-10 18:01:41.190,ARDUINO_PSI,Arduino,0.000,0.000,12.842,,
264.357551,2026-03-10 18:01:41.281,WJ_VOLTAGE,WJ1,3.519,0.000,0,0,"HV=OFF, Fault=NO"
264.373830,2026-03-10 18:01:41.297,ARDUINO_PSI,Arduino,0.000,0.000,12.831,,
264.450578,2026-03-10 18:01:41.374,WJ_VOLTAGE,WJ2,0.000,0.000,0,0,"HV=OFF, Fault=NO"
264.466112,2026-03-10 18:01:41.389,ARDUINO_PSI,Arduino,0.000,0.000,12.828,,
264.567514,2026-03-10 18:01:41.491,ARDUINO_PSI,Arduino,0.000,0.000,12.828,,
264.667481,2026-03-10 18:01:41.591,ARDUINO_PSI,Arduino,0.000,0.000,12.819,,
264.766972,2026-03-10 18:01:41.690,ARDUINO_PSI,Arduino,0.000,0.000,12.819,,
264.866653,2026-03-10 18:01:41.790,ARDUINO_PSI,Arduino,0.000,0.000,12.824,,
264.876126,2026-03-10 18:01:41.800,WJ_VOLTAGE,WJ1,3.128,0.000,0,0,"HV=OFF, Fault=NO"
264.966737,2026-03-10 18:01:41.890,ARDUINO_PSI,Arduino,0.000,0.000,12.822,,
264.972838,2026-03-10 18:01:41.896,WJ_VOLTAGE,WJ2,0.000,0.000,0,0,"HV=OFF, Fault=NO"
265.067055,2026-03-10 18:01:41.990,ARDUINO_PSI,Arduino,0.000,0.000,12.819,,
265.166565,2026-03-10 18:01:42.090,ARDUINO_PSI,Arduino,0.000,0.000,12.810,,
265.266781,2026-03-10 18:01:42.190,ARDUINO_PSI,Arduino,0.000,0.000,12.819,,
265.366784,2026-03-10 18:01:42.290,ARDUINO_PSI,Arduino,0.000,0.000,12.812,,
265.411165,2026-03-10 18:01:42.335,WJ_VOLTAGE,WJ1,2.835,0.000,0,0,"HV=OFF, Fault=NO"
265.466811,2026-03-10 18:01:42.390,ARDUINO_PSI,Arduino,0.000,0.000,12.812,,
265.505017,2026-03-10 18:01:42.428,WJ_VOLTAGE,WJ2,0.000,0.000,0,0,"HV=OFF, Fault=NO"
265.566701,2026-03-10 18:01:42.490,ARDUINO_PSI,Arduino,0.000,0.000,12.803,,
265.666805,2026-03-10 18:01:42.590,ARDUINO_PSI,Arduino,0.000,0.000,12.799,,
265.766814,2026-03-10 18:01:42.690,ARDUINO_PSI,Arduino,0.000,0.000,12.792,,
265.866443,2026-03-10 18:01:42.790,ARDUINO_PSI,Arduino,0.000,0.000,12.787,,
265.941853,2026-03-10 18:01:42.865,WJ_VOLTAGE,WJ1,2.542,0.000,0,0,"HV=OFF, Fault=NO"
265.966201,2026-03-10 18:01:42.890,ARDUINO_PSI,Arduino,0.000,0.000,12.783,,
266.034631,2026-03-10 18:01:42.958,WJ_VOLTAGE,WJ2,0.000,0.000,0,0,"HV=OFF, Fault=NO"
266.066015,2026-03-10 18:01:42.989,ARDUINO_PSI,Arduino,0.000,0.000,12.767,,
266.166616,2026-03-10 18:01:43.090,ARDUINO_PSI,Arduino,0.000,0.000,12.778,,
266.267160,2026-03-10 18:01:43.191,ARDUINO_PSI,Arduino,0.000,0.000,12.783,,
266.366627,2026-03-10 18:01:43.290,ARDUINO_PSI,Arduino,0.000,0.000,12.780,,
266.468296,2026-03-10 18:01:43.392,WJ_VOLTAGE,WJ1,2.248,0.000,0,0,"HV=OFF, Fault=NO"
266.470927,2026-03-10 18:01:43.394,ARDUINO_PSI,Arduino,0.000,0.000,12.790,,
266.562171,2026-03-10 18:01:43.486,WJ_VOLTAGE,WJ2,0.000,0.000,0,0,"HV=OFF, Fault=NO"
266.578586,2026-03-10 18:01:43.502,ARDUINO_PSI,Arduino,0.000,0.000,12.792,,
266.666932,2026-03-10 18:01:43.590,ARDUINO_PSI,Arduino,0.000,0.000,12.796,,
266.766295,2026-03-10 18:01:43.690,ARDUINO_PSI,Arduino,0.000,0.000,12.796,,
266.866882,2026-03-10 18:01:43.790,ARDUINO_PSI,Arduino,0.000,0.000,12.785,,
266.966711,2026-03-10 18:01:43.890,ARDUINO_PSI,Arduino,0.000,0.000,12.792,,
266.997554,2026-03-10 18:01:43.921,WJ_VOLTAGE,WJ1,2.053,0.000,0,0,"HV=OFF, Fault=NO"
267.066668,2026-03-10 18:01:43.990,ARDUINO_PSI,Arduino,0.000,0.000,12.801,,
267.090636,2026-03-10 18:01:44.014,WJ_VOLTAGE,WJ2,0.000,0.000,0,0,"HV=OFF, Fault=NO"
267.166529,2026-03-10 18:01:44.090,ARDUINO_PSI,Arduino,0.000,0.000,12.796,,
267.266648,2026-03-10 18:01:44.190,ARDUINO_PSI,Arduino,0.000,0.000,12.785,,
267.366526,2026-03-10 18:01:44.290,ARDUINO_PSI,Arduino,0.000,0.000,12.780,,
267.467383,2026-03-10 18:01:44.391,ARDUINO_PSI,Arduino,0.000,0.000,12.799,,
267.527734,2026-03-10 18:01:44.451,WJ_VOLTAGE,WJ1,1.857,0.000,0,0,"HV=OFF, Fault=NO"
267.566591,2026-03-10 18:01:44.490,ARDUINO_PSI,Arduino,0.000,0.000,12.796,,
267.621620,2026-03-10 18:01:44.545,WJ_VOLTAGE,WJ2,0.000,0.000,0,0,"HV=OFF, Fault=NO"
267.667205,2026-03-10 18:01:44.591,ARDUINO_PSI,Arduino,0.000,0.000,12.799,,
267.766900,2026-03-10 18:01:44.690,ARDUINO_PSI,Arduino,0.000,0.000,12.796,,
267.866889,2026-03-10 18:01:44.790,ARDUINO_PSI,Arduino,0.000,0.000,12.794,,
267.966658,2026-03-10 18:01:44.890,ARDUINO_PSI,Arduino,0.000,0.000,12.799,,
268.061921,2026-03-10 18:01:44.985,WJ_VOLTAGE,WJ1,1.662,0.000,0,0,"HV=OFF, Fault=NO"
268.075821,2026-03-10 18:01:44.999,ARDUINO_PSI,Arduino,0.000,0.000,12.808,,
268.139407,2026-03-10 18:01:45.063,WJ_VOLTAGE,WJ2,0.000,0.000,0,0,"HV=OFF, Fault=NO"
268.166516,2026-03-10 18:01:45.090,ARDUINO_PSI,Arduino,0.000,0.000,12.808,,
268.266593,2026-03-10 18:01:45.190,ARDUINO_PSI,Arduino,0.000,0.000,12.801,,
268.366760,2026-03-10 18:01:45.290,ARDUINO_PSI,Arduino,0.000,0.000,12.810,,
268.466863,2026-03-10 18:01:45.390,ARDUINO_PSI,Arduino,0.000,0.000,12.808,,
268.566686,2026-03-10 18:01:45.490,ARDUINO_PSI,Arduino,0.000,0.000,12.810,,
268.593315,2026-03-10 18:01:45.517,WJ_VOLTAGE,WJ1,1.466,0.000,0,0,"HV=OFF, Fault=NO"
268.671094,2026-03-10 18:01:45.594,WJ_VOLTAGE,WJ2,0.000,0.000,0,0,"HV=OFF, Fault=NO"
268.673703,2026-03-10 18:01:45.597,ARDUINO_PSI,Arduino,0.000,0.000,12.803,,
268.766009,2026-03-10 18:01:45.689,ARDUINO_PSI,Arduino,0.000,0.000,12.801,,
268.866670,2026-03-10 18:01:45.790,ARDUINO_PSI,Arduino,0.000,0.000,12.803,,
268.966724,2026-03-10 18:01:45.890,ARDUINO_PSI,Arduino,0.000,0.000,12.794,,
269.066630,2026-03-10 18:01:45.990,ARDUINO_PSI,Arduino,0.000,0.000,12.787,,
269.120674,2026-03-10 18:01:46.044,WJ_VOLTAGE,WJ1,1.369,0.000,0,0,"HV=OFF, Fault=NO"
269.166723,2026-03-10 18:01:46.090,ARDUINO_PSI,Arduino,0.000,0.000,12.796,,
269.197167,2026-03-10 18:01:46.121,WJ_VOLTAGE,WJ2,0.000,0.000,0,0,"HV=OFF, Fault=NO"
269.266986,2026-03-10 18:01:46.190,ARDUINO_PSI,Arduino,0.000,0.000,12.792,,
269.368354,2026-03-10 18:01:46.292,ARDUINO_PSI,Arduino,0.000,0.000,12.799,,
269.466570,2026-03-10 18:01:46.390,ARDUINO_PSI,Arduino,0.000,0.000,12.780,,
269.566800,2026-03-10 18:01:46.490,ARDUINO_PSI,Arduino,0.000,0.000,12.787,,
269.649463,2026-03-10 18:01:46.573,WJ_VOLTAGE,WJ1,1.173,0.000,0,0,"HV=OFF, Fault=NO"
269.666060,2026-03-10 18:01:46.589,ARDUINO_PSI,Arduino,0.000,0.000,12.799,,
269.725047,2026-03-10 18:01:46.648,WJ_VOLTAGE,WJ2,0.000,0.000,0,0,"HV=OFF, Fault=NO"
269.798967,2026-03-10 18:01:46.722,ARDUINO_PSI,Arduino,0.000,0.000,12.803,,
269.866691,2026-03-10 18:01:46.790,ARDUINO_PSI,Arduino,0.000,0.000,12.799,,
269.966937,2026-03-10 18:01:46.890,ARDUINO_PSI,Arduino,0.000,0.000,12.803,,
270.066839,2026-03-10 18:01:46.990,ARDUINO_PSI,Arduino,0.000,0.000,12.810,,
270.166947,2026-03-10 18:01:47.090,WJ_VOLTAGE,WJ1,1.075,0.000,0,0,"HV=OFF, Fault=NO"
270.178478,2026-03-10 18:01:47.102,ARDUINO_PSI,Arduino,0.000,0.000,12.796,,
270.260667,2026-03-10 18:01:47.184,WJ_VOLTAGE,WJ2,0.000,0.000,0,0,"HV=OFF, Fault=NO"
270.275313,2026-03-10 18:01:47.199,ARDUINO_PSI,Arduino,0.000,0.000,12.803,,
270.366427,2026-03-10 18:01:47.290,ARDUINO_PSI,Arduino,0.000,0.000,12.794,,
270.466746,2026-03-10 18:01:47.390,ARDUINO_PSI,Arduino,0.000,0.000,12.785,,
270.566105,2026-03-10 18:01:47.489,ARDUINO_PSI,Arduino,0.000,0.000,12.776,,
270.666732,2026-03-10 18:01:47.590,ARDUINO_PSI,Arduino,0.000,0.000,12.783,,
270.697990,2026-03-10 18:01:47.621,WJ_VOLTAGE,WJ1,0.978,0.000,0,0,"HV=OFF, Fault=NO"
270.766017,2026-03-10 18:01:47.689,ARDUINO_PSI,Arduino,0.000,0.000,12.785,,
270.791824,2026-03-10 18:01:47.715,WJ_VOLTAGE,WJ2,0.000,0.000,0,0,"HV=OFF, Fault=NO"
270.866769,2026-03-10 18:01:47.790,ARDUINO_PSI,Arduino,0.000,0.000,12.796,,
270.966587,2026-03-10 18:01:47.890,ARDUINO_PSI,Arduino,0.000,0.000,12.799,,
271.067093,2026-03-10 18:01:47.990,ARDUINO_PSI,Arduino,0.000,0.000,12.794,,
271.166604,2026-03-10 18:01:48.090,ARDUINO_PSI,Arduino,0.000,0.000,12.794,,
271.230796,2026-03-10 18:01:48.154,WJ_VOLTAGE,WJ1,0.880,0.000,0,0,"HV=OFF, Fault=NO"
271.266585,2026-03-10 18:01:48.190,ARDUINO_PSI,Arduino,0.000,0.000,12.801,,
271.323792,2026-03-10 18:01:48.247,WJ_VOLTAGE,WJ2,0.000,0.000,0,0,"HV=OFF, Fault=NO"
271.366965,2026-03-10 18:01:48.290,ARDUINO_PSI,Arduino,0.000,0.000,12.803,,
271.466005,2026-03-10 18:01:48.389,ARDUINO_PSI,Arduino,0.000,0.000,12.806,,
271.566660,2026-03-10 18:01:48.490,ARDUINO_PSI,Arduino,0.000,0.000,12.812,,
271.666100,2026-03-10 18:01:48.589,ARDUINO_PSI,Arduino,0.000,0.000,12.796,,
271.758853,2026-03-10 18:01:48.682,WJ_VOLTAGE,WJ1,0.782,0.000,0,0,"HV=OFF, Fault=NO"
271.771932,2026-03-10 18:01:48.695,ARDUINO_PSI,Arduino,0.000,0.000,12.803,,
271.852395,2026-03-10 18:01:48.776,WJ_VOLTAGE,WJ2,0.000,0.000,0,0,"HV=OFF, Fault=NO"
271.868586,2026-03-10 18:01:48.792,ARDUINO_PSI,Arduino,0.000,0.000,12.817,,
271.966747,2026-03-10 18:01:48.890,ARDUINO_PSI,Arduino,0.000,0.000,12.826,,
272.067035,2026-03-10 18:01:48.990,ARDUINO_PSI,Arduino,0.000,0.000,12.822,,
272.167330,2026-03-10 18:01:49.091,ARDUINO_PSI,Arduino,0.000,0.000,12.826,,
272.266710,2026-03-10 18:01:49.190,ARDUINO_PSI,Arduino,0.000,0.000,12.819,,
272.287203,2026-03-10 18:01:49.211,WJ_VOLTAGE,WJ1,0.684,0.000,0,0,"HV=OFF, Fault=NO"
272.366832,2026-03-10 18:01:49.290,ARDUINO_PSI,Arduino,0.000,0.000,12.824,,
272.380959,2026-03-10 18:01:49.304,WJ_VOLTAGE,WJ2,0.000,0.000,0,0,"HV=OFF, Fault=NO"
272.467305,2026-03-10 18:01:49.391,ARDUINO_PSI,Arduino,0.000,0.000,12.826,,
272.568160,2026-03-10 18:01:49.492,ARDUINO_PSI,Arduino,0.000,0.000,12.849,,
272.668139,2026-03-10 18:01:49.592,ARDUINO_PSI,Arduino,0.000,0.000,12.840,,
272.767729,2026-03-10 18:01:49.691,ARDUINO_PSI,Arduino,0.000,0.000,12.838,,
272.816759,2026-03-10 18:01:49.740,WJ_VOLTAGE,WJ1,0.587,0.000,0,0,"HV=OFF, Fault=NO"
272.867721,2026-03-10 18:01:49.791,ARDUINO_PSI,Arduino,0.000,0.000,12.835,,
272.910647,2026-03-10 18:01:49.834,WJ_VOLTAGE,WJ2,0.000,0.000,0,0,"HV=OFF, Fault=NO"
272.967464,2026-03-10 18:01:49.891,ARDUINO_PSI,Arduino,0.000,0.000,12.833,,
273.065989,2026-03-10 18:01:49.989,ARDUINO_PSI,Arduino,0.000,0.000,12.828,,
273.168553,2026-03-10 18:01:50.092,ARDUINO_PSI,Arduino,0.000,0.000,12.826,,
273.267937,2026-03-10 18:01:50.191,ARDUINO_PSI,Arduino,0.000,0.000,12.824,,
273.346712,2026-03-10 18:01:50.270,WJ_VOLTAGE,WJ1,0.587,0.000,0,0,"HV=OFF, Fault=NO"
273.366020,2026-03-10 18:01:50.289,ARDUINO_PSI,Arduino,0.000,0.000,12.824,,
273.438190,2026-03-10 18:01:50.362,WJ_VOLTAGE,WJ2,0.000,0.000,0,0,"HV=OFF, Fault=NO"
273.465997,2026-03-10 18:01:50.389,ARDUINO_PSI,Arduino,0.000,0.000,12.826,,
273.567765,2026-03-10 18:01:50.491,ARDUINO_PSI,Arduino,0.000,0.000,12.819,,
273.668726,2026-03-10 18:01:50.592,ARDUINO_PSI,Arduino,0.000,0.000,12.828,,
273.768573,2026-03-10 18:01:50.692,ARDUINO_PSI,Arduino,0.000,0.000,12.819,,
273.868106,2026-03-10 18:01:50.791,ARDUINO_PSI,Arduino,0.000,0.000,12.822,,
273.873388,2026-03-10 18:01:50.797,WJ_VOLTAGE,WJ1,0.489,0.000,0,0,"HV=OFF, Fault=NO"
273.968929,2026-03-10 18:01:50.892,WJ_VOLTAGE,WJ2,0.000,0.000,0,0,"HV=OFF, Fault=NO"
273.976655,2026-03-10 18:01:50.900,ARDUINO_PSI,Arduino,0.000,0.000,12.815,,
274.068350,2026-03-10 18:01:50.992,ARDUINO_PSI,Arduino,0.000,0.000,12.817,,
274.167816,2026-03-10 18:01:51.091,ARDUINO_PSI,Arduino,0.000,0.000,12.826,,
274.268201,2026-03-10 18:01:51.192,ARDUINO_PSI,Arduino,0.000,0.000,12.833,,
274.368780,2026-03-10 18:01:51.292,ARDUINO_PSI,Arduino,0.000,0.000,12.824,,
274.399251,2026-03-10 18:01:51.323,WJ_VOLTAGE,WJ1,0.489,0.000,0,0,"HV=OFF, Fault=NO"
274.467974,2026-03-10 18:01:51.391,ARDUINO_PSI,Arduino,0.000,0.000,12.828,,
274.491099,2026-03-10 18:01:51.414,WJ_VOLTAGE,WJ2,0.000,0.000,0,0,"HV=OFF, Fault=NO"
274.568220,2026-03-10 18:01:51.492,ARDUINO_PSI,Arduino,0.000,0.000,12.819,,
274.668418,2026-03-10 18:01:51.592,ARDUINO_PSI,Arduino,0.000,0.000,12.828,,
274.768323,2026-03-10 18:01:51.692,ARDUINO_PSI,Arduino,0.000,0.000,12.828,,
274.866704,2026-03-10 18:01:51.790,ARDUINO_PSI,Arduino,0.000,0.000,12.840,,
274.928174,2026-03-10 18:01:51.852,WJ_VOLTAGE,WJ1,0.391,0.000,0,0,"HV=OFF, Fault=NO"
274.966125,2026-03-10 18:01:51.890,ARDUINO_PSI,Arduino,0.000,0.000,12.840,,
275.021493,2026-03-10 18:01:51.945,WJ_VOLTAGE,WJ2,0.000,0.000,0,0,"HV=OFF, Fault=NO"
275.066302,2026-03-10 18:01:51.990,ARDUINO_PSI,Arduino,0.000,0.000,12.847,,
275.166130,2026-03-10 18:01:52.090,ARDUINO_PSI,Arduino,0.000,0.000,12.851,,
275.267978,2026-03-10 18:01:52.191,ARDUINO_PSI,Arduino,0.000,0.000,12.842,,
275.366116,2026-03-10 18:01:52.289,ARDUINO_PSI,Arduino,0.000,0.000,12.840,,
275.459714,2026-03-10 18:01:52.383,WJ_VOLTAGE,WJ1,0.391,0.000,0,0,"HV=OFF, Fault=NO"
275.469715,2026-03-10 18:01:52.393,ARDUINO_PSI,Arduino,0.000,0.000,12.840,,
275.553990,2026-03-10 18:01:52.477,WJ_VOLTAGE,WJ2,0.000,0.000,0,0,"HV=OFF, Fault=NO"
275.567297,2026-03-10 18:01:52.491,ARDUINO_PSI,Arduino,0.000,0.000,12.845,,
275.666267,2026-03-10 18:01:52.590,ARDUINO_PSI,Arduino,0.000,0.000,12.835,,
275.768406,2026-03-10 18:01:52.692,ARDUINO_PSI,Arduino,0.000,0.000,12.842,,
275.868566,2026-03-10 18:01:52.792,ARDUINO_PSI,Arduino,0.000,0.000,12.826,,
275.967642,2026-03-10 18:01:52.891,ARDUINO_PSI,Arduino,0.000,0.000,12.826,,
275.988452,2026-03-10 18:01:52.912,WJ_VOLTAGE,WJ1,0.293,0.000,0,0,"HV=OFF, Fault=NO"
276.067159,2026-03-10 18:01:52.991,ARDUINO_PSI,Arduino,0.000,0.000,12.824,,
276.081373,2026-03-10 18:01:53.005,WJ_VOLTAGE,WJ2,0.000,0.000,0,0,"HV=OFF, Fault=NO"
276.168491,2026-03-10 18:01:53.092,ARDUINO_PSI,Arduino,0.000,0.000,12.819,,
276.269297,2026-03-10 18:01:53.193,ARDUINO_PSI,Arduino,0.000,0.000,12.812,,
276.368183,2026-03-10 18:01:53.292,ARDUINO_PSI,Arduino,0.000,0.000,12.812,,
276.467943,2026-03-10 18:01:53.391,ARDUINO_PSI,Arduino,0.000,0.000,12.815,,
276.518108,2026-03-10 18:01:53.441,WJ_VOLTAGE,WJ1,0.293,0.000,0,0,"HV=OFF, Fault=NO"
276.565948,2026-03-10 18:01:53.489,ARDUINO_PSI,Arduino,0.000,0.000,12.810,,
276.608427,2026-03-10 18:01:53.532,WJ_VOLTAGE,WJ2,0.000,0.000,0,0,"HV=OFF, Fault=NO"
276.668136,2026-03-10 18:01:53.592,ARDUINO_PSI,Arduino,0.000,0.000,12.815,,
276.766493,2026-03-10 18:01:53.690,ARDUINO_PSI,Arduino,0.000,0.000,12.819,,
276.868212,2026-03-10 18:01:53.792,ARDUINO_PSI,Arduino,0.000,0.000,12.803,,
276.966067,2026-03-10 18:01:53.889,ARDUINO_PSI,Arduino,0.000,0.000,12.810,,
277.043968,2026-03-10 18:01:53.967,WJ_VOLTAGE,WJ1,0.293,0.000,0,0,"HV=OFF, Fault=NO"
277.065987,2026-03-10 18:01:53.989,ARDUINO_PSI,Arduino,0.000,0.000,12.808,,
277.138694,2026-03-10 18:01:54.062,WJ_VOLTAGE,WJ2,0.000,0.000,0,0,"HV=OFF, Fault=NO"
277.166150,2026-03-10 18:01:54.090,ARDUINO_PSI,Arduino,0.000,0.000,12.808,,
277.267822,2026-03-10 18:01:54.191,ARDUINO_PSI,Arduino,0.000,0.000,12.815,,
277.368844,2026-03-10 18:01:54.292,ARDUINO_PSI,Arduino,0.000,0.000,12.822,,
277.468922,2026-03-10 18:01:54.392,ARDUINO_PSI,Arduino,0.000,0.000,12.824,,
277.566455,2026-03-10 18:01:54.490,ARDUINO_PSI,Arduino,0.000,0.000,12.819,,
277.575250,2026-03-10 18:01:54.499,WJ_VOLTAGE,WJ1,0.196,0.000,0,0,"HV=OFF, Fault=NO"
277.668600,2026-03-10 18:01:54.592,WJ_VOLTAGE,WJ2,0.000,0.000,0,0,"HV=OFF, Fault=NO"
277.671192,2026-03-10 18:01:54.595,ARDUINO_PSI,Arduino,0.000,0.000,12.831,,
277.765986,2026-03-10 18:01:54.689,ARDUINO_PSI,Arduino,0.000,0.000,12.828,,
277.866383,2026-03-10 18:01:54.790,ARDUINO_PSI,Arduino,0.000,0.000,12.838,,
277.966651,2026-03-10 18:01:54.890,ARDUINO_PSI,Arduino,0.000,0.000,12.840,,
278.068573,2026-03-10 18:01:54.992,ARDUINO_PSI,Arduino,0.000,0.000,12.833,,
278.105123,2026-03-10 18:01:55.029,WJ_VOLTAGE,WJ1,0.196,0.000,0,0,"HV=OFF, Fault=NO"
278.167678,2026-03-10 18:01:55.091,ARDUINO_PSI,Arduino,0.000,0.000,12.833,,
278.198384,2026-03-10 18:01:55.122,WJ_VOLTAGE,WJ2,0.000,0.000,0,0,"HV=OFF, Fault=NO"
278.265984,2026-03-10 18:01:55.189,ARDUINO_PSI,Arduino,0.000,0.000,12.845,,
278.368924,2026-03-10 18:01:55.292,ARDUINO_PSI,Arduino,0.000,0.000,12.858,,
278.468782,2026-03-10 18:01:55.392,ARDUINO_PSI,Arduino,0.000,0.000,12.851,,
278.568144,2026-03-10 18:01:55.492,ARDUINO_PSI,Arduino,0.000,0.000,12.840,,
278.636576,2026-03-10 18:01:55.560,WJ_VOLTAGE,WJ1,0.196,0.000,0,0,"HV=OFF, Fault=NO"
278.665922,2026-03-10 18:01:55.589,ARDUINO_PSI,Arduino,0.000,0.000,12.826,,
278.728926,2026-03-10 18:01:55.652,WJ_VOLTAGE,WJ2,0.000,0.000,0,0,"HV=OFF, Fault=NO"
278.766254,2026-03-10 18:01:55.690,ARDUINO_PSI,Arduino,0.000,0.000,12.831,,
278.868438,2026-03-10 18:01:55.792,ARDUINO_PSI,Arduino,0.000,0.000,12.840,,
278.967651,2026-03-10 18:01:55.891,ARDUINO_PSI,Arduino,0.000,0.000,12.831,,
279.068112,2026-03-10 18:01:55.991,ARDUINO_PSI,Arduino,0.000,0.000,12.831,,
279.165551,2026-03-10 18:01:56.089,WJ_VOLTAGE,WJ1,0.196,0.000,0,0,"HV=OFF, Fault=NO"
279.180301,2026-03-10 18:01:56.104,ARDUINO_PSI,Arduino,0.000,0.000,12.828,,
279.260230,2026-03-10 18:01:56.184,WJ_VOLTAGE,WJ2,0.000,0.000,0,0,"HV=OFF, Fault=NO"
279.271236,2026-03-10 18:01:56.195,ARDUINO_PSI,Arduino,0.000,0.000,12.824,,
279.369014,2026-03-10 18:01:56.292,ARDUINO_PSI,Arduino,0.000,0.000,12.826,,
279.466546,2026-03-10 18:01:56.390,ARDUINO_PSI,Arduino,0.000,0.000,12.828,,
279.567796,2026-03-10 18:01:56.491,ARDUINO_PSI,Arduino,0.000,0.000,12.833,,
279.668728,2026-03-10 18:01:56.592,ARDUINO_PSI,Arduino,0.000,0.000,12.826,,
279.685088,2026-03-10 18:01:56.608,WJ_VOLTAGE,WJ1,0.098,0.000,0,0,"HV=OFF, Fault=NO"
279.767998,2026-03-10 18:01:56.691,ARDUINO_PSI,Arduino,0.000,0.000,12.826,,
279.777771,2026-03-10 18:01:56.701,WJ_VOLTAGE,WJ2,0.000,0.000,0,0,"HV=OFF, Fault=NO"
279.868210,2026-03-10 18:01:56.792,ARDUINO_PSI,Arduino,0.000,0.000,12.826,,
279.967488,2026-03-10 18:01:56.891,ARDUINO_PSI,Arduino,0.000,0.000,12.824,,
280.066354,2026-03-10 18:01:56.990,ARDUINO_PSI,Arduino,0.000,0.000,12.833,,
280.166598,2026-03-10 18:01:57.090,ARDUINO_PSI,Arduino,0.000,0.000,12.840,,
280.203279,2026-03-10 18:01:57.127,WJ_VOLTAGE,WJ1,0.098,0.000,0,0,"HV=OFF, Fault=NO"
280.267954,2026-03-10 18:01:57.191,ARDUINO_PSI,Arduino,0.000,0.000,12.845,,
280.310330,2026-03-10 18:01:57.234,WJ_VOLTAGE,WJ2,0.000,0.000,0,0,"HV=OFF, Fault=NO"
280.366367,2026-03-10 18:01:57.290,ARDUINO_PSI,Arduino,0.000,0.000,12.847,,
280.466243,2026-03-10 18:01:57.390,ARDUINO_PSI,Arduino,0.000,0.000,12.847,,
280.567930,2026-03-10 18:01:57.491,ARDUINO_PSI,Arduino,0.000,0.000,12.861,,
280.667694,2026-03-10 18:01:57.591,ARDUINO_PSI,Arduino,0.000,0.000,12.867,,
280.729931,2026-03-10 18:01:57.653,WJ_VOLTAGE,WJ1,0.098,0.000,0,0,"HV=OFF, Fault=NO"
280.766071,2026-03-10 18:01:57.689,ARDUINO_PSI,Arduino,0.000,0.000,12.861,,
280.839356,2026-03-10 18:01:57.763,WJ_VOLTAGE,WJ2,0.000,0.000,0,0,"HV=OFF, Fault=NO"
280.865963,2026-03-10 18:01:57.789,ARDUINO_PSI,Arduino,0.000,0.000,12.849,,
280.966077,2026-03-10 18:01:57.889,ARDUINO_PSI,Arduino,0.000,0.000,12.856,,
281.068203,2026-03-10 18:01:57.992,ARDUINO_PSI,Arduino,0.000,0.000,12.861,,
281.167281,2026-03-10 18:01:58.091,ARDUINO_PSI,Arduino,0.000,0.000,12.856,,
281.261255,2026-03-10 18:01:58.185,WJ_VOLTAGE,WJ1,0.098,0.000,0,0,"HV=OFF, Fault=NO"
281.275095,2026-03-10 18:01:58.198,ARDUINO_PSI,Arduino,0.000,0.000,12.865,,
281.368075,2026-03-10 18:01:58.291,ARDUINO_PSI,Arduino,0.000,0.000,12.861,,
281.371714,2026-03-10 18:01:58.295,WJ_VOLTAGE,WJ2,0.000,0.000,0,0,"HV=OFF, Fault=NO"
281.466878,2026-03-10 18:01:58.390,ARDUINO_PSI,Arduino,0.000,0.000,12.849,,
281.568513,2026-03-10 18:01:58.492,ARDUINO_PSI,Arduino,0.000,0.000,12.840,,
281.665980,2026-03-10 18:01:58.589,ARDUINO_PSI,Arduino,0.000,0.000,12.838,,
281.768368,2026-03-10 18:01:58.692,ARDUINO_PSI,Arduino,0.000,0.000,12.835,,
281.792569,2026-03-10 18:01:58.716,WJ_VOLTAGE,WJ1,0.098,0.000,0,0,"HV=OFF, Fault=NO"
281.868108,2026-03-10 18:01:58.791,ARDUINO_PSI,Arduino,0.000,0.000,12.831,,
281.901523,2026-03-10 18:01:58.825,WJ_VOLTAGE,WJ2,0.000,0.000,0,0,"HV=OFF, Fault=NO"
281.966330,2026-03-10 18:01:58.890,ARDUINO_PSI,Arduino,0.000,0.000,12.833,,
282.068312,2026-03-10 18:01:58.992,ARDUINO_PSI,Arduino,0.000,0.000,12.833,,
282.166194,2026-03-10 18:01:59.090,ARDUINO_PSI,Arduino,0.000,0.000,12.824,,
282.267738,2026-03-10 18:01:59.191,ARDUINO_PSI,Arduino,0.000,0.000,12.812,,
282.320726,2026-03-10 18:01:59.244,WJ_VOLTAGE,WJ1,0.098,0.000,0,0,"HV=OFF, Fault=NO"
282.366772,2026-03-10 18:01:59.290,ARDUINO_PSI,Arduino,0.000,0.000,12.803,,
282.430262,2026-03-10 18:01:59.354,WJ_VOLTAGE,WJ2,0.000,0.000,0,0,"HV=OFF, Fault=NO"
282.466005,2026-03-10 18:01:59.389,ARDUINO_PSI,Arduino,0.000,0.000,12.806,,
282.567946,2026-03-10 18:01:59.491,ARDUINO_PSI,Arduino,0.000,0.000,12.803,,
282.668095,2026-03-10 18:01:59.591,ARDUINO_PSI,Arduino,0.000,0.000,12.806,,
282.768481,2026-03-10 18:01:59.692,ARDUINO_PSI,Arduino,0.000,0.000,12.806,,
282.853240,2026-03-10 18:01:59.777,WJ_VOLTAGE,WJ1,0.098,0.000,0,0,"HV=OFF, Fault=NO"
282.866967,2026-03-10 18:01:59.790,ARDUINO_PSI,Arduino,0.000,0.000,12.810,,
282.959517,2026-03-10 18:01:59.883,WJ_VOLTAGE,WJ2,0.000,0.000,0,0,"HV=OFF, Fault=NO"
282.970820,2026-03-10 18:01:59.894,ARDUINO_PSI,Arduino,0.000,0.000,12.819,,
283.068355,2026-03-10 18:01:59.992,ARDUINO_PSI,Arduino,0.000,0.000,12.817,,
283.168229,2026-03-10 18:02:00.092,ARDUINO_PSI,Arduino,0.000,0.000,12.815,,
283.268114,2026-03-10 18:02:00.191,ARDUINO_PSI,Arduino,0.000,0.000,12.808,,
283.367859,2026-03-10 18:02:00.291,ARDUINO_PSI,Arduino,0.000,0.000,12.803,,
283.376338,2026-03-10 18:02:00.300,WJ_VOLTAGE,WJ1,0.098,0.000,0,0,"HV=OFF, Fault=NO"
283.467871,2026-03-10 18:02:00.391,ARDUINO_PSI,Arduino,0.000,0.000,12.812,,
283.484915,2026-03-10 18:02:00.408,WJ_VOLTAGE,WJ2,0.000,0.000,0,0,"HV=OFF, Fault=NO"
283.568021,2026-03-10 18:02:00.491,ARDUINO_PSI,Arduino,0.000,0.000,12.815,,
283.668119,2026-03-10 18:02:00.592,ARDUINO_PSI,Arduino,0.000,0.000,12.822,,
283.766021,2026-03-10 18:02:00.689,ARDUINO_PSI,Arduino,0.000,0.000,12.822,,
283.867928,2026-03-10 18:02:00.791,ARDUINO_PSI,Arduino,0.000,0.000,12.822,,
283.903966,2026-03-10 18:02:00.827,WJ_VOLTAGE,WJ1,0.000,0.000,0,0,"HV=OFF, Fault=NO"
283.967088,2026-03-10 18:02:00.890,ARDUINO_PSI,Arduino,0.000,0.000,12.815,,
284.012149,2026-03-10 18:02:00.936,WJ_VOLTAGE,WJ2,0.000,0.000,0,0,"HV=OFF, Fault=NO"
284.066012,2026-03-10 18:02:00.989,ARDUINO_PSI,Arduino,0.000,0.000,12.812,,
284.168756,2026-03-10 18:02:01.092,ARDUINO_PSI,Arduino,0.000,0.000,12.815,,
284.268123,2026-03-10 18:02:01.192,ARDUINO_PSI,Arduino,0.000,0.000,12.819,,
284.367922,2026-03-10 18:02:01.291,ARDUINO_PSI,Arduino,0.000,0.000,12.833,,
284.432358,2026-03-10 18:02:01.356,WJ_VOLTAGE,WJ1,0.098,0.000,0,0,"HV=OFF, Fault=NO"
284.465958,2026-03-10 18:02:01.389,ARDUINO_PSI,Arduino,0.000,0.000,12.835,,
284.540787,2026-03-10 18:02:01.464,WJ_VOLTAGE,WJ2,0.000,0.000,0,0,"HV=OFF, Fault=NO"
284.565909,2026-03-10 18:02:01.489,ARDUINO_PSI,Arduino,0.000,0.000,12.840,,
284.667843,2026-03-10 18:02:01.591,ARDUINO_PSI,Arduino,0.000,0.000,12.838,,
284.768032,2026-03-10 18:02:01.691,ARDUINO_PSI,Arduino,0.000,0.000,12.842,,
284.868852,2026-03-10 18:02:01.792,ARDUINO_PSI,Arduino,0.000,0.000,12.838,,
284.960616,2026-03-10 18:02:01.884,WJ_VOLTAGE,WJ1,0.000,0.000,0,0,"HV=OFF, Fault=NO"
284.969230,2026-03-10 18:02:01.893,ARDUINO_PSI,Arduino,0.000,0.000,12.824,,
285.068079,2026-03-10 18:02:01.991,ARDUINO_PSI,Arduino,0.000,0.000,12.828,,
285.074243,2026-03-10 18:02:01.998,WJ_VOLTAGE,WJ2,0.000,0.000,0,0,"HV=OFF, Fault=NO"
285.167121,2026-03-10 18:02:02.091,ARDUINO_PSI,Arduino,0.000,0.000,12.831,,
285.268596,2026-03-10 18:02:02.192,ARDUINO_PSI,Arduino,0.000,0.000,12.828,,
285.368871,2026-03-10 18:02:02.292,ARDUINO_PSI,Arduino,0.000,0.000,12.842,,
285.468574,2026-03-10 18:02:02.392,ARDUINO_PSI,Arduino,0.000,0.000,12.842,,
285.490418,2026-03-10 18:02:02.414,WJ_VOLTAGE,WJ1,0.000,0.000,0,0,"HV=OFF, Fault=NO"
285.568005,2026-03-10 18:02:02.491,ARDUINO_PSI,Arduino,0.000,0.000,12.845,,
285.601308,2026-03-10 18:02:02.525,WJ_VOLTAGE,WJ2,0.000,0.000,0,0,"HV=OFF, Fault=NO"
285.667944,2026-03-10 18:02:02.591,ARDUINO_PSI,Arduino,0.000,0.000,12.849,,
285.768136,2026-03-10 18:02:02.692,ARDUINO_PSI,Arduino,0.000,0.000,12.847,,
285.867593,2026-03-10 18:02:02.791,ARDUINO_PSI,Arduino,0.000,0.000,12.851,,
285.968164,2026-03-10 18:02:02.892,ARDUINO_PSI,Arduino,0.000,0.000,12.845,,
286.022366,2026-03-10 18:02:02.946,WJ_VOLTAGE,WJ1,0.000,0.000,0,0,"HV=OFF, Fault=NO"
286.068402,2026-03-10 18:02:02.992,ARDUINO_PSI,Arduino,0.000,0.000,12.858,,
286.133073,2026-03-10 18:02:03.056,WJ_VOLTAGE,WJ2,0.000,0.000,0,0,"HV=OFF, Fault=NO"
286.165974,2026-03-10 18:02:03.089,ARDUINO_PSI,Arduino,0.000,0.000,12.858,,
286.267214,2026-03-10 18:02:03.191,ARDUINO_PSI,Arduino,0.000,0.000,12.849,,
286.366422,2026-03-10 18:02:03.290,ARDUINO_PSI,Arduino,0.000,0.000,12.840,,
286.468189,2026-03-10 18:02:03.392,ARDUINO_PSI,Arduino,0.000,0.000,12.842,,
286.553980,2026-03-10 18:02:03.477,WJ_VOLTAGE,WJ1,0.000,0.000,0,0,"HV=OFF, Fault=NO"
286.567256,2026-03-10 18:02:03.491,ARDUINO_PSI,Arduino,0.000,0.000,12.847,,
286.662431,2026-03-10 18:02:03.586,WJ_VOLTAGE,WJ2,0.000,0.000,0,0,"HV=OFF, Fault=NO"
286.672943,2026-03-10 18:02:03.596,ARDUINO_PSI,Arduino,0.000,0.000,12.851,,
286.768111,2026-03-10 18:02:03.691,ARDUINO_PSI,Arduino,0.000,0.000,12.847,,
286.866102,2026-03-10 18:02:03.789,ARDUINO_PSI,Arduino,0.000,0.000,12.842,,
286.968633,2026-03-10 18:02:03.892,ARDUINO_PSI,Arduino,0.000,0.000,12.847,,
287.067999,2026-03-10 18:02:03.991,ARDUINO_PSI,Arduino,0.000,0.000,12.842,,
287.080569,2026-03-10 18:02:04.004,WJ_VOLTAGE,WJ1,0.000,0.000,0,0,"HV=OFF, Fault=NO"
287.168468,2026-03-10 18:02:04.092,ARDUINO_PSI,Arduino,0.000,0.000,12.854,,
287.189248,2026-03-10 18:02:04.113,WJ_VOLTAGE,WJ2,0.000,0.000,0,0,"HV=OFF, Fault=NO"
287.268314,2026-03-10 18:02:04.192,ARDUINO_PSI,Arduino,0.000,0.000,12.854,,
287.368695,2026-03-10 18:02:04.292,ARDUINO_PSI,Arduino,0.000,0.000,12.842,,
287.468561,2026-03-10 18:02:04.392,ARDUINO_PSI,Arduino,0.000,0.000,12.847,,
287.568374,2026-03-10 18:02:04.492,ARDUINO_PSI,Arduino,0.000,0.000,12.856,,
287.610234,2026-03-10 18:02:04.534,WJ_VOLTAGE,WJ1,0.000,0.000,0,0,"HV=OFF, Fault=NO"
287.668286,2026-03-10 18:02:04.592,ARDUINO_PSI,Arduino,0.000,0.000,12.854,,
287.720297,2026-03-10 18:02:04.644,WJ_VOLTAGE,WJ2,0.000,0.000,0,0,"HV=OFF, Fault=NO"
287.766082,2026-03-10 18:02:04.689,ARDUINO_PSI,Arduino,0.000,0.000,12.861,,
287.869073,2026-03-10 18:02:04.792,ARDUINO_PSI,Arduino,0.000,0.000,12.854,,
287.968314,2026-03-10 18:02:04.892,ARDUINO_PSI,Arduino,0.000,0.000,12.849,,
288.068061,2026-03-10 18:02:04.991,ARDUINO_PSI,Arduino,0.000,0.000,12.838,,
288.142789,2026-03-10 18:02:05.066,WJ_VOLTAGE,WJ1,0.000,0.000,0,0,"HV=OFF, Fault=NO"
288.166041,2026-03-10 18:02:05.089,ARDUINO_PSI,Arduino,0.000,0.000,12.845,,
288.253133,2026-03-10 18:02:05.177,WJ_VOLTAGE,WJ2,0.000,0.000,0,0,"HV=OFF, Fault=NO"
288.267657,2026-03-10 18:02:05.191,ARDUINO_PSI,Arduino,0.000,0.000,12.851,,
288.368301,2026-03-10 18:02:05.292,ARDUINO_PSI,Arduino,0.000,0.000,12.845,,
288.468643,2026-03-10 18:02:05.392,ARDUINO_PSI,Arduino,0.000,0.000,12.840,,
288.565932,2026-03-10 18:02:05.489,ARDUINO_PSI,Arduino,0.000,0.000,12.824,,
288.668430,2026-03-10 18:02:05.592,ARDUINO_PSI,Arduino,0.000,0.000,12.824,,
288.672634,2026-03-10 18:02:05.596,WJ_VOLTAGE,WJ1,0.000,0.000,0,0,"HV=OFF, Fault=NO"
288.767639,2026-03-10 18:02:05.691,ARDUINO_PSI,Arduino,0.000,0.000,12.833,,
288.781477,2026-03-10 18:02:05.705,WJ_VOLTAGE,WJ2,0.000,0.000,0,0,"HV=OFF, Fault=NO"
288.868529,2026-03-10 18:02:05.792,ARDUINO_PSI,Arduino,0.000,0.000,12.838,,
288.968594,2026-03-10 18:02:05.892,ARDUINO_PSI,Arduino,0.000,0.000,12.838,,
289.068666,2026-03-10 18:02:05.992,ARDUINO_PSI,Arduino,0.000,0.000,12.840,,
289.168275,2026-03-10 18:02:06.092,ARDUINO_PSI,Arduino,0.000,0.000,12.833,,
289.203320,2026-03-10 18:02:06.127,WJ_VOLTAGE,WJ1,0.000,0.000,0,0,"HV=OFF, Fault=NO"
289.268214,2026-03-10 18:02:06.192,ARDUINO_PSI,Arduino,0.000,0.000,12.840,,
289.325475,2026-03-10 18:02:06.249,WJ_VOLTAGE,WJ2,0.000,0.000,0,0,"HV=OFF, Fault=NO"
289.366026,2026-03-10 18:02:06.289,ARDUINO_PSI,Arduino,0.000,0.000,12.835,,
289.466268,2026-03-10 18:02:06.390,ARDUINO_PSI,Arduino,0.000,0.000,12.828,,
289.565947,2026-03-10 18:02:06.489,ARDUINO_PSI,Arduino,0.000,0.000,12.835,,
289.667978,2026-03-10 18:02:06.591,ARDUINO_PSI,Arduino,0.000,0.000,12.845,,
289.733133,2026-03-10 18:02:06.657,WJ_VOLTAGE,WJ1,0.000,0.000,0,0,"HV=OFF, Fault=NO"
289.766121,2026-03-10 18:02:06.690,ARDUINO_PSI,Arduino,0.000,0.000,12.842,,
289.859451,2026-03-10 18:02:06.783,WJ_VOLTAGE,WJ2,0.000,0.000,0,0,"HV=OFF, Fault=NO"
289.874810,2026-03-10 18:02:06.798,ARDUINO_PSI,Arduino,0.000,0.000,12.854,,
289.968604,2026-03-10 18:02:06.892,ARDUINO_PSI,Arduino,0.000,0.000,12.861,,
290.068527,2026-03-10 18:02:06.992,ARDUINO_PSI,Arduino,0.000,0.000,12.863,,
290.168983,2026-03-10 18:02:07.092,ARDUINO_PSI,Arduino,0.000,0.000,12.854,,
290.263524,2026-03-10 18:02:07.187,WJ_VOLTAGE,WJ1,0.000,0.000,0,0,"HV=OFF, Fault=NO"
290.275029,2026-03-10 18:02:07.198,ARDUINO_PSI,Arduino,0.000,0.000,12.856,,
290.366364,2026-03-10 18:02:07.290,ARDUINO_PSI,Arduino,0.000,0.000,12.861,,
290.387434,2026-03-10 18:02:07.311,WJ_VOLTAGE,WJ2,0.000,0.000,0,0,"HV=OFF, Fault=NO"
290.468014,2026-03-10 18:02:07.391,ARDUINO_PSI,Arduino,0.000,0.000,12.867,,
290.568508,2026-03-10 18:02:07.492,ARDUINO_PSI,Arduino,0.000,0.000,12.879,,
290.667805,2026-03-10 18:02:07.591,ARDUINO_PSI,Arduino,0.000,0.000,12.877,,
290.766197,2026-03-10 18:02:07.690,ARDUINO_PSI,Arduino,0.000,0.000,12.870,,
290.791520,2026-03-10 18:02:07.715,WJ_VOLTAGE,WJ1,0.000,0.000,0,0,"HV=OFF, Fault=NO"
290.868107,2026-03-10 18:02:07.791,ARDUINO_PSI,Arduino,0.000,0.000,12.872,,
290.918986,2026-03-10 18:02:07.842,WJ_VOLTAGE,WJ2,0.000,0.000,0,0,"HV=OFF, Fault=NO"
290.967359,2026-03-10 18:02:07.891,ARDUINO_PSI,Arduino,0.000,0.000,12.867,,
291.068563,2026-03-10 18:02:07.992,ARDUINO_PSI,Arduino,0.000,0.000,12.861,,
291.168313,2026-03-10 18:02:08.092,ARDUINO_PSI,Arduino,0.000,0.000,12.863,,
291.268649,2026-03-10 18:02:08.192,ARDUINO_PSI,Arduino,0.000,0.000,12.874,,
291.321927,2026-03-10 18:02:08.245,WJ_VOLTAGE,WJ1,0.000,0.000,0,0,"HV=OFF, Fault=NO"
291.367946,2026-03-10 18:02:08.291,ARDUINO_PSI,Arduino,0.000,0.000,12.883,,
291.448820,2026-03-10 18:02:08.372,WJ_VOLTAGE,WJ2,0.000,0.000,0,0,"HV=OFF, Fault=NO"
291.466001,2026-03-10 18:02:08.389,ARDUINO_PSI,Arduino,0.000,0.000,12.877,,
291.567911,2026-03-10 18:02:08.491,ARDUINO_PSI,Arduino,0.000,0.000,12.867,,
291.667218,2026-03-10 18:02:08.591,ARDUINO_PSI,Arduino,0.000,0.000,12.861,,
291.767940,2026-03-10 18:02:08.691,ARDUINO_PSI,Arduino,0.000,0.000,12.861,,
291.854485,2026-03-10 18:02:08.778,WJ_VOLTAGE,WJ1,0.000,0.000,0,0,"HV=OFF, Fault=NO"
291.869306,2026-03-10 18:02:08.793,ARDUINO_PSI,Arduino,0.000,0.000,12.858,,
291.968379,2026-03-10 18:02:08.892,ARDUINO_PSI,Arduino,0.000,0.000,12.861,,
291.976701,2026-03-10 18:02:08.900,WJ_VOLTAGE,WJ2,0.000,0.000,0,0,"HV=OFF, Fault=NO"
292.068577,2026-03-10 18:02:08.992,ARDUINO_PSI,Arduino,0.000,0.000,12.854,,
292.166712,2026-03-10 18:02:09.090,ARDUINO_PSI,Arduino,0.000,0.000,12.856,,
292.266686,2026-03-10 18:02:09.190,ARDUINO_PSI,Arduino,0.000,0.000,12.858,,
292.368423,2026-03-10 18:02:09.292,ARDUINO_PSI,Arduino,0.000,0.000,12.863,,
292.384074,2026-03-10 18:02:09.307,WJ_VOLTAGE,WJ1,0.000,0.000,0,0,"HV=OFF, Fault=NO"
292.468364,2026-03-10 18:02:09.392,ARDUINO_PSI,Arduino,0.000,0.000,12.851,,
292.507817,2026-03-10 18:02:09.431,WJ_VOLTAGE,WJ2,0.000,0.000,0,0,"HV=OFF, Fault=NO"
292.568037,2026-03-10 18:02:09.491,ARDUINO_PSI,Arduino,0.000,0.000,12.851,,
292.668258,2026-03-10 18:02:09.592,ARDUINO_PSI,Arduino,0.000,0.000,12.849,,
292.768372,2026-03-10 18:02:09.692,ARDUINO_PSI,Arduino,0.000,0.000,12.851,,
292.868037,2026-03-10 18:02:09.791,ARDUINO_PSI,Arduino,0.000,0.000,12.856,,
292.913902,2026-03-10 18:02:09.837,WJ_VOLTAGE,WJ1,0.000,0.000,0,0,"HV=OFF, Fault=NO"
292.967784,2026-03-10 18:02:09.891,ARDUINO_PSI,Arduino,0.000,0.000,12.865,,
293.038865,2026-03-10 18:02:09.962,WJ_VOLTAGE,WJ2,0.000,0.000,0,0,"HV=OFF, Fault=NO"
293.066283,2026-03-10 18:02:09.990,ARDUINO_PSI,Arduino,0.000,0.000,12.870,,
293.168463,2026-03-10 18:02:10.092,ARDUINO_PSI,Arduino,0.000,0.000,12.870,,
293.266716,2026-03-10 18:02:10.190,ARDUINO_PSI,Arduino,0.000,0.000,12.856,,
293.367977,2026-03-10 18:02:10.291,ARDUINO_PSI,Arduino,0.000,0.000,12.847,,
293.443353,2026-03-10 18:02:10.367,WJ_VOLTAGE,WJ1,0.000,0.000,0,0,"HV=OFF, Fault=NO"
293.466096,2026-03-10 18:02:10.389,ARDUINO_PSI,Arduino,0.000,0.000,12.851,,
293.570207,2026-03-10 18:02:10.494,WJ_VOLTAGE,WJ2,0.000,0.000,0,0,"HV=OFF, Fault=NO"
293.571836,2026-03-10 18:02:10.495,ARDUINO_PSI,Arduino,0.000,0.000,12.858,,
293.668364,2026-03-10 18:02:10.592,ARDUINO_PSI,Arduino,0.000,0.000,12.856,,
293.768007,2026-03-10 18:02:10.691,ARDUINO_PSI,Arduino,0.000,0.000,12.851,,
293.866061,2026-03-10 18:02:10.789,ARDUINO_PSI,Arduino,0.000,0.000,12.847,,
293.967351,2026-03-10 18:02:10.891,ARDUINO_PSI,Arduino,0.000,0.000,12.842,,
293.971893,2026-03-10 18:02:10.895,WJ_VOLTAGE,WJ1,0.000,0.000,0,0,"HV=OFF, Fault=NO"
294.068005,2026-03-10 18:02:10.991,ARDUINO_PSI,Arduino,0.000,0.000,12.838,,
294.096512,2026-03-10 18:02:11.020,WJ_VOLTAGE,WJ2,0.000,0.000,0,0,"HV=OFF, Fault=NO"
294.168236,2026-03-10 18:02:11.092,ARDUINO_PSI,Arduino,0.000,0.000,12.835,,
294.265934,2026-03-10 18:02:11.189,ARDUINO_PSI,Arduino,0.000,0.000,12.822,,
294.368661,2026-03-10 18:02:11.292,ARDUINO_PSI,Arduino,0.000,0.000,12.819,,
294.467880,2026-03-10 18:02:11.391,ARDUINO_PSI,Arduino,0.000,0.000,12.822,,
294.500825,2026-03-10 18:02:11.424,WJ_VOLTAGE,WJ1,0.000,0.000,0,0,"HV=OFF, Fault=NO"
294.568451,2026-03-10 18:02:11.492,ARDUINO_PSI,Arduino,0.000,0.000,12.810,,
294.625919,2026-03-10 18:02:11.549,WJ_VOLTAGE,WJ2,0.000,0.000,0,0,"HV=OFF, Fault=NO"
294.666201,2026-03-10 18:02:11.590,ARDUINO_PSI,Arduino,0.000,0.000,12.806,,
294.765997,2026-03-10 18:02:11.689,ARDUINO_PSI,Arduino,0.000,0.000,12.812,,
294.868400,2026-03-10 18:02:11.792,ARDUINO_PSI,Arduino,0.000,0.000,12.812,,
294.968769,2026-03-10 18:02:11.892,ARDUINO_PSI,Arduino,0.000,0.000,12.801,,
295.031339,2026-03-10 18:02:11.955,WJ_VOLTAGE,WJ1,0.000,0.000,0,0,"HV=OFF, Fault=NO"
295.065868,2026-03-10 18:02:11.989,ARDUINO_PSI,Arduino,0.000,0.000,12.796,,
295.155107,2026-03-10 18:02:12.078,WJ_VOLTAGE,WJ2,0.000,0.000,0,0,"HV=OFF, Fault=NO"
295.172704,2026-03-10 18:02:12.096,ARDUINO_PSI,Arduino,0.000,0.000,12.794,,
295.268184,2026-03-10 18:02:12.192,ARDUINO_PSI,Arduino,0.000,0.000,12.801,,
295.368968,2026-03-10 18:02:12.292,ARDUINO_PSI,Arduino,0.000,0.000,12.799,,
295.468333,2026-03-10 18:02:12.392,ARDUINO_PSI,Arduino,0.000,0.000,12.806,,
295.559921,2026-03-10 18:02:12.483,WJ_VOLTAGE,WJ1,0.000,0.000,0,0,"HV=OFF, Fault=NO"
295.577618,2026-03-10 18:02:12.501,ARDUINO_PSI,Arduino,0.000,0.000,12.806,,
295.668572,2026-03-10 18:02:12.592,ARDUINO_PSI,Arduino,0.000,0.000,12.806,,
295.686999,2026-03-10 18:02:12.610,WJ_VOLTAGE,WJ2,0.000,0.000,0,0,"HV=OFF, Fault=NO"
295.766266,2026-03-10 18:02:12.690,ARDUINO_PSI,Arduino,0.000,0.000,12.803,,
295.868454,2026-03-10 18:02:12.792,ARDUINO_PSI,Arduino,0.000,0.000,12.801,,
295.966355,2026-03-10 18:02:12.890,ARDUINO_PSI,Arduino,0.000,0.000,12.808,,
296.065957,2026-03-10 18:02:12.989,ARDUINO_PSI,Arduino,0.000,0.000,12.815,,
296.091140,2026-03-10 18:02:13.015,WJ_VOLTAGE,WJ1,0.000,0.000,0,0,"HV=OFF, Fault=NO"
296.168417,2026-03-10 18:02:13.092,ARDUINO_PSI,Arduino,0.000,0.000,12.806,,
296.202493,2026-03-10 18:02:13.126,WJ_VOLTAGE,WJ2,0.000,0.000,0,0,"HV=OFF, Fault=NO"
296.267126,2026-03-10 18:02:13.191,ARDUINO_PSI,Arduino,0.000,0.000,12.819,,
296.368380,2026-03-10 18:02:13.292,ARDUINO_PSI,Arduino,0.000,0.000,12.815,,
296.467847,2026-03-10 18:02:13.391,ARDUINO_PSI,Arduino,0.000,0.000,12.819,,
296.567221,2026-03-10 18:02:13.491,ARDUINO_PSI,Arduino,0.000,0.000,12.824,,
296.612341,2026-03-10 18:02:13.536,WJ_VOLTAGE,WJ1,0.000,0.000,0,0,"HV=OFF, Fault=NO"
296.667859,2026-03-10 18:02:13.591,ARDUINO_PSI,Arduino,0.000,0.000,12.828,,
296.737910,2026-03-10 18:02:13.661,WJ_VOLTAGE,WJ2,0.000,0.000,0,0,"HV=OFF, Fault=NO"
296.766146,2026-03-10 18:02:13.690,ARDUINO_PSI,Arduino,0.000,0.000,12.824,,
296.868764,2026-03-10 18:02:13.792,ARDUINO_PSI,Arduino,0.000,0.000,12.815,,
296.966071,2026-03-10 18:02:13.889,ARDUINO_PSI,Arduino,0.000,0.000,12.819,,
297.065923,2026-03-10 18:02:13.989,ARDUINO_PSI,Arduino,0.000,0.000,12.812,,
297.142763,2026-03-10 18:02:14.066,WJ_VOLTAGE,WJ1,0.000,0.000,0,0,"HV=OFF, Fault=NO"
297.167853,2026-03-10 18:02:14.091,ARDUINO_PSI,Arduino,0.000,0.000,12.810,,
297.269394,2026-03-10 18:02:14.193,WJ_VOLTAGE,WJ2,0.000,0.000,0,0,"HV=OFF, Fault=NO"
297.280334,2026-03-10 18:02:14.204,ARDUINO_PSI,Arduino,0.000,0.000,12.808,,
297.368323,2026-03-10 18:02:14.292,ARDUINO_PSI,Arduino,0.000,0.000,12.812,,
297.468487,2026-03-10 18:02:14.392,ARDUINO_PSI,Arduino,0.000,0.000,12.808,,
297.568257,2026-03-10 18:02:14.492,ARDUINO_PSI,Arduino,0.000,0.000,12.799,,
297.668316,2026-03-10 18:02:14.592,ARDUINO_PSI,Arduino,0.000,0.000,12.801,,
297.673789,2026-03-10 18:02:14.597,WJ_VOLTAGE,WJ1,0.000,0.000,0,0,"HV=OFF, Fault=NO"
297.767248,2026-03-10 18:02:14.691,ARDUINO_PSI,Arduino,0.000,0.000,12.801,,
297.797220,2026-03-10 18:02:14.721,WJ_VOLTAGE,WJ2,0.000,0.000,0,0,"HV=OFF, Fault=NO"
297.868793,2026-03-10 18:02:14.792,ARDUINO_PSI,Arduino,0.000,0.000,12.801,,
297.968719,2026-03-10 18:02:14.892,ARDUINO_PSI,Arduino,0.000,0.000,12.801,,
298.066533,2026-03-10 18:02:14.990,ARDUINO_PSI,Arduino,0.000,0.000,12.803,,
298.168676,2026-03-10 18:02:15.092,ARDUINO_PSI,Arduino,0.000,0.000,12.806,,
298.204569,2026-03-10 18:02:15.128,WJ_VOLTAGE,WJ1,0.000,0.000,0,0,"HV=OFF, Fault=NO"
298.268437,2026-03-10 18:02:15.192,ARDUINO_PSI,Arduino,0.000,0.000,12.799,,
298.330548,2026-03-10 18:02:15.254,WJ_VOLTAGE,WJ2,0.000,0.000,0,0,"HV=OFF, Fault=NO"
298.365883,2026-03-10 18:02:15.289,ARDUINO_PSI,Arduino,0.000,0.000,12.801,,
298.466954,2026-03-10 18:02:15.390,ARDUINO_PSI,Arduino,0.000,0.000,12.803,,
298.565950,2026-03-10 18:02:15.489,ARDUINO_PSI,Arduino,0.000,0.000,12.803,,
298.666949,2026-03-10 18:02:15.590,ARDUINO_PSI,Arduino,0.000,0.000,12.799,,
298.734851,2026-03-10 18:02:15.658,WJ_VOLTAGE,WJ1,0.000,0.000,0,0,"HV=OFF, Fault=NO"
298.765967,2026-03-10 18:02:15.689,ARDUINO_PSI,Arduino,0.000,0.000,12.799,,
298.859584,2026-03-10 18:02:15.783,WJ_VOLTAGE,WJ2,0.000,0.000,0,0,"HV=OFF, Fault=NO"
298.872893,2026-03-10 18:02:15.796,ARDUINO_PSI,Arduino,0.000,0.000,12.799,,
298.968716,2026-03-10 18:02:15.892,ARDUINO_PSI,Arduino,0.000,0.000,12.799,,
299.066506,2026-03-10 18:02:15.990,ARDUINO_PSI,Arduino,0.000,0.000,12.810,,
299.168250,2026-03-10 18:02:16.092,ARDUINO_PSI,Arduino,0.000,0.000,12.812,,
299.262569,2026-03-10 18:02:16.186,WJ_VOLTAGE,WJ1,0.000,0.000,0,0,"HV=OFF, Fault=NO"
299.275113,2026-03-10 18:02:16.198,ARDUINO_PSI,Arduino,0.000,0.000,12.812,,
299.368894,2026-03-10 18:02:16.292,ARDUINO_PSI,Arduino,0.000,0.000,12.815,,
299.388871,2026-03-10 18:02:16.312,WJ_VOLTAGE,WJ2,0.000,0.000,0,0,"HV=OFF, Fault=NO"
299.467899,2026-03-10 18:02:16.391,ARDUINO_PSI,Arduino,0.000,0.000,12.815,,
299.568440,2026-03-10 18:02:16.492,ARDUINO_PSI,Arduino,0.000,0.000,12.810,,
299.668032,2026-03-10 18:02:16.591,ARDUINO_PSI,Arduino,0.000,0.000,12.817,,
299.768030,2026-03-10 18:02:16.691,ARDUINO_PSI,Arduino,0.000,0.000,12.810,,
299.790947,2026-03-10 18:02:16.714,WJ_VOLTAGE,WJ1,0.000,0.000,0,0,"HV=OFF, Fault=NO"
299.866488,2026-03-10 18:02:16.790,ARDUINO_PSI,Arduino,0.000,0.000,12.822,,
299.919285,2026-03-10 18:02:16.843,WJ_VOLTAGE,WJ2,0.000,0.000,0,0,"HV=OFF, Fault=NO"
299.966004,2026-03-10 18:02:16.889,ARDUINO_PSI,Arduino,0.000,0.000,12.828,,
300.068586,2026-03-10 18:02:16.992,ARDUINO_PSI,Arduino,0.000,0.000,12.828,,
300.168786,2026-03-10 18:02:17.092,ARDUINO_PSI,Arduino,0.000,0.000,12.831,,
300.267848,2026-03-10 18:02:17.191,ARDUINO_PSI,Arduino,0.000,0.000,12.847,,
300.322257,2026-03-10 18:02:17.246,WJ_VOLTAGE,WJ1,0.000,0.000,0,0,"HV=OFF, Fault=NO"
300.367733,2026-03-10 18:02:17.291,ARDUINO_PSI,Arduino,0.000,0.000,12.851,,
300.447987,2026-03-10 18:02:17.371,WJ_VOLTAGE,WJ2,0.000,0.000,0,0,"HV=OFF, Fault=NO"
300.465965,2026-03-10 18:02:17.389,ARDUINO_PSI,Arduino,0.000,0.000,12.858,,
300.568317,2026-03-10 18:02:17.492,ARDUINO_PSI,Arduino,0.000,0.000,12.863,,
300.668458,2026-03-10 18:02:17.592,ARDUINO_PSI,Arduino,0.000,0.000,12.865,,
300.768207,2026-03-10 18:02:17.692,ARDUINO_PSI,Arduino,0.000,0.000,12.865,,
300.856264,2026-03-10 18:02:17.780,WJ_VOLTAGE,WJ1,0.000,0.000,0,0,"HV=OFF, Fault=NO"
300.871567,2026-03-10 18:02:17.795,ARDUINO_PSI,Arduino,0.000,0.000,12.877,,
300.967850,2026-03-10 18:02:17.891,ARDUINO_PSI,Arduino,0.000,0.000,12.877,,
300.977848,2026-03-10 18:02:17.901,WJ_VOLTAGE,WJ2,0.000,0.000,0,0,"HV=OFF, Fault=NO"
301.065985,2026-03-10 18:02:17.989,ARDUINO_PSI,Arduino,0.000,0.000,12.870,,
301.168120,2026-03-10 18:02:18.092,ARDUINO_PSI,Arduino,0.000,0.000,12.870,,
301.268464,2026-03-10 18:02:18.192,ARDUINO_PSI,Arduino,0.000,0.000,12.867,,
301.368623,2026-03-10 18:02:18.292,ARDUINO_PSI,Arduino,0.000,0.000,12.863,,
301.385154,2026-03-10 18:02:18.309,WJ_VOLTAGE,WJ1,0.000,0.000,0,0,"HV=OFF, Fault=NO"
301.467725,2026-03-10 18:02:18.391,ARDUINO_PSI,Arduino,0.000,0.000,12.861,,
301.507727,2026-03-10 18:02:18.431,WJ_VOLTAGE,WJ2,0.000,0.000,0,0,"HV=OFF, Fault=NO"
301.565966,2026-03-10 18:02:18.489,ARDUINO_PSI,Arduino,0.000,0.000,12.863,,
301.667725,2026-03-10 18:02:18.591,ARDUINO_PSI,Arduino,0.000,0.000,12.849,,
301.768570,2026-03-10 18:02:18.692,ARDUINO_PSI,Arduino,0.000,0.000,12.858,,
301.868395,2026-03-10 18:02:18.792,ARDUINO_PSI,Arduino,0.000,0.000,12.858,,
301.913086,2026-03-10 18:02:18.836,WJ_VOLTAGE,WJ1,0.000,0.000,0,0,"HV=OFF, Fault=NO"
301.968042,2026-03-10 18:02:18.891,ARDUINO_PSI,Arduino,0.000,0.000,12.849,,
302.039038,2026-03-10 18:02:18.962,WJ_VOLTAGE,WJ2,0.000,0.000,0,0,"HV=OFF, Fault=NO"
302.066020,2026-03-10 18:02:18.989,ARDUINO_PSI,Arduino,0.000,0.000,12.842,,
302.168006,2026-03-10 18:02:19.091,ARDUINO_PSI,Arduino,0.000,0.000,12.851,,
302.268655,2026-03-10 18:02:19.192,ARDUINO_PSI,Arduino,0.000,0.000,12.831,,
302.368359,2026-03-10 18:02:19.292,ARDUINO_PSI,Arduino,0.000,0.000,12.826,,
302.440999,2026-03-10 18:02:19.364,WJ_VOLTAGE,WJ1,0.000,0.000,0,0,"HV=OFF, Fault=NO"
302.465987,2026-03-10 18:02:19.389,ARDUINO_PSI,Arduino,0.000,0.000,12.819,,
302.566392,2026-03-10 18:02:19.490,WJ_VOLTAGE,WJ2,0.000,0.000,0,0,"HV=OFF, Fault=NO"
302.581617,2026-03-10 18:02:19.505,ARDUINO_PSI,Arduino,0.000,0.000,12.817,,
302.667748,2026-03-10 18:02:19.591,ARDUINO_PSI,Arduino,0.000,0.000,12.828,,
302.767208,2026-03-10 18:02:19.691,ARDUINO_PSI,Arduino,0.000,0.000,12.815,,
302.866901,2026-03-10 18:02:19.790,ARDUINO_PSI,Arduino,0.000,0.000,12.808,,
302.968856,2026-03-10 18:02:19.892,WJ_VOLTAGE,WJ1,0.000,0.000,0,0,"HV=OFF, Fault=NO"
302.971461,2026-03-10 18:02:19.895,ARDUINO_PSI,Arduino,0.000,0.000,12.817,,
303.065959,2026-03-10 18:02:19.989,ARDUINO_PSI,Arduino,0.000,0.000,12.817,,
303.092530,2026-03-10 18:02:20.016,WJ_VOLTAGE,WJ2,0.000,0.000,0,0,"HV=OFF, Fault=NO"
303.166521,2026-03-10 18:02:20.090,ARDUINO_PSI,Arduino,0.000,0.000,12.822,,
303.268225,2026-03-10 18:02:20.192,ARDUINO_PSI,Arduino,0.000,0.000,12.826,,
303.368787,2026-03-10 18:02:20.292,ARDUINO_PSI,Arduino,0.000,0.000,12.838,,
303.468845,2026-03-10 18:02:20.392,ARDUINO_PSI,Arduino,0.000,0.000,12.828,,
303.498986,2026-03-10 18:02:20.422,WJ_VOLTAGE,WJ1,0.000,0.000,0,0,"HV=OFF, Fault=NO"
303.566668,2026-03-10 18:02:20.490,ARDUINO_PSI,Arduino,0.000,0.000,12.828,,
303.623046,2026-03-10 18:02:20.546,WJ_VOLTAGE,WJ2,0.000,0.000,0,0,"HV=OFF, Fault=NO"
303.666631,2026-03-10 18:02:20.590,ARDUINO_PSI,Arduino,0.000,0.000,12.831,,
303.769313,2026-03-10 18:02:20.693,ARDUINO_PSI,Arduino,0.000,0.000,12.835,,
303.868722,2026-03-10 18:02:20.792,ARDUINO_PSI,Arduino,0.000,0.000,12.833,,
303.966580,2026-03-10 18:02:20.890,ARDUINO_PSI,Arduino,0.000,0.000,12.824,,
304.026427,2026-03-10 18:02:20.950,WJ_VOLTAGE,WJ1,0.000,0.000,0,0,"HV=OFF, Fault=NO"
304.067178,2026-03-10 18:02:20.991,ARDUINO_PSI,Arduino,0.000,0.000,12.824,,
304.149637,2026-03-10 18:02:21.073,WJ_VOLTAGE,WJ2,0.000,0.000,0,0,"HV=OFF, Fault=NO"
304.165941,2026-03-10 18:02:21.089,ARDUINO_PSI,Arduino,0.000,0.000,12.812,,
304.267363,2026-03-10 18:02:21.191,ARDUINO_PSI,Arduino,0.000,0.000,12.817,,
304.368760,2026-03-10 18:02:21.292,ARDUINO_PSI,Arduino,0.000,0.000,12.812,,
304.467339,2026-03-10 18:02:21.391,ARDUINO_PSI,Arduino,0.000,0.000,12.810,,
304.556878,2026-03-10 18:02:21.480,WJ_VOLTAGE,WJ1,0.000,0.000,0,0,"HV=OFF, Fault=NO"
304.566283,2026-03-10 18:02:21.490,ARDUINO_PSI,Arduino,0.000,0.000,12.808,,
304.667266,2026-03-10 18:02:21.591,ARDUINO_PSI,Arduino,0.000,0.000,12.803,,
304.680515,2026-03-10 18:02:21.604,WJ_VOLTAGE,WJ2,0.000,0.000,0,0,"HV=OFF, Fault=NO"
304.768438,2026-03-10 18:02:21.692,ARDUINO_PSI,Arduino,0.000,0.000,12.815,,
304.867879,2026-03-10 18:02:21.791,ARDUINO_PSI,Arduino,0.000,0.000,12.810,,
304.966727,2026-03-10 18:02:21.890,ARDUINO_PSI,Arduino,0.000,0.000,12.806,,
305.067310,2026-03-10 18:02:21.991,ARDUINO_PSI,Arduino,0.000,0.000,12.819,,
305.087315,2026-03-10 18:02:22.011,WJ_VOLTAGE,WJ1,0.000,0.000,0,0,"HV=OFF, Fault=NO"
305.168227,2026-03-10 18:02:22.092,ARDUINO_PSI,Arduino,0.000,0.000,12.824,,
305.211967,2026-03-10 18:02:22.135,WJ_VOLTAGE,WJ2,0.000,0.000,0,0,"HV=OFF, Fault=NO"
305.266545,2026-03-10 18:02:22.190,ARDUINO_PSI,Arduino,0.000,0.000,12.824,,
305.367389,2026-03-10 18:02:22.291,ARDUINO_PSI,Arduino,0.000,0.000,12.812,,
305.468889,2026-03-10 18:02:22.392,ARDUINO_PSI,Arduino,0.000,0.000,12.822,,
305.568757,2026-03-10 18:02:22.492,ARDUINO_PSI,Arduino,0.000,0.000,12.824,,
305.615561,2026-03-10 18:02:22.539,WJ_VOLTAGE,WJ1,0.000,0.000,0,0,"HV=OFF, Fault=NO"
305.666447,2026-03-10 18:02:22.590,ARDUINO_PSI,Arduino,0.000,0.000,12.831,,
305.739910,2026-03-10 18:02:22.663,WJ_VOLTAGE,WJ2,0.000,0.000,0,0,"HV=OFF, Fault=NO"
305.768120,2026-03-10 18:02:22.692,ARDUINO_PSI,Arduino,0.000,0.000,12.822,,
305.866755,2026-03-10 18:02:22.790,ARDUINO_PSI,Arduino,0.000,0.000,12.835,,
305.968018,2026-03-10 18:02:22.891,ARDUINO_PSI,Arduino,0.000,0.000,12.849,,
306.066730,2026-03-10 18:02:22.990,ARDUINO_PSI,Arduino,0.000,0.000,12.854,,
306.142407,2026-03-10 18:02:23.066,WJ_VOLTAGE,WJ1,0.000,0.000,0,0,"HV=OFF, Fault=NO"
306.166439,2026-03-10 18:02:23.090,ARDUINO_PSI,Arduino,0.000,0.000,12.854,,
306.267566,2026-03-10 18:02:23.191,WJ_VOLTAGE,WJ2,0.000,0.000,0,0,"HV=OFF, Fault=NO"
306.270080,2026-03-10 18:02:23.193,ARDUINO_PSI,Arduino,0.000,0.000,12.865,,
306.368806,2026-03-10 18:02:23.292,ARDUINO_PSI,Arduino,0.000,0.000,12.861,,
306.467612,2026-03-10 18:02:23.391,ARDUINO_PSI,Arduino,0.000,0.000,12.863,,
306.567783,2026-03-10 18:02:23.491,ARDUINO_PSI,Arduino,0.000,0.000,12.870,,
306.659891,2026-03-10 18:02:23.583,WJ_VOLTAGE,WJ1,0.000,0.000,0,0,"HV=OFF, Fault=NO"
306.672945,2026-03-10 18:02:23.596,ARDUINO_PSI,Arduino,0.000,0.000,12.861,,
306.767007,2026-03-10 18:02:23.690,ARDUINO_PSI,Arduino,0.000,0.000,12.856,,
306.784215,2026-03-10 18:02:23.708,WJ_VOLTAGE,WJ2,0.000,0.000,0,0,"HV=OFF, Fault=NO"
306.866429,2026-03-10 18:02:23.790,ARDUINO_PSI,Arduino,0.000,0.000,12.854,,
306.966977,2026-03-10 18:02:23.890,ARDUINO_PSI,Arduino,0.000,0.000,12.842,,
307.067829,2026-03-10 18:02:23.991,ARDUINO_PSI,Arduino,0.000,0.000,12.826,,
307.166818,2026-03-10 18:02:24.090,ARDUINO_PSI,Arduino,0.000,0.000,12.822,,
307.181111,2026-03-10 18:02:24.104,WJ_VOLTAGE,WJ1,0.000,0.000,0,0,"HV=OFF, Fault=NO"
307.266737,2026-03-10 18:02:24.190,ARDUINO_PSI,Arduino,0.000,0.000,12.817,,
307.305304,2026-03-10 18:02:24.229,WJ_VOLTAGE,WJ2,0.000,0.000,0,0,"HV=OFF, Fault=NO"
307.366668,2026-03-10 18:02:24.290,ARDUINO_PSI,Arduino,0.000,0.000,12.819,,
307.467886,2026-03-10 18:02:24.391,ARDUINO_PSI,Arduino,0.000,0.000,12.815,,
307.567526,2026-03-10 18:02:24.491,ARDUINO_PSI,Arduino,0.000,0.000,12.819,,
307.668559,2026-03-10 18:02:24.592,ARDUINO_PSI,Arduino,0.000,0.000,12.808,,
307.707032,2026-03-10 18:02:24.630,WJ_VOLTAGE,WJ1,0.000,0.000,0,0,"HV=OFF, Fault=NO"
307.768808,2026-03-10 18:02:24.692,ARDUINO_PSI,Arduino,0.000,0.000,12.808,,
307.832650,2026-03-10 18:02:24.756,WJ_VOLTAGE,WJ2,0.000,0.000,0,0,"HV=OFF, Fault=NO"
307.867172,2026-03-10 18:02:24.791,ARDUINO_PSI,Arduino,0.000,0.000,12.796,,
307.968255,2026-03-10 18:02:24.892,ARDUINO_PSI,Arduino,0.000,0.000,12.792,,
308.068430,2026-03-10 18:02:24.992,ARDUINO_PSI,Arduino,0.000,0.000,12.801,,
308.168432,2026-03-10 18:02:25.092,ARDUINO_PSI,Arduino,0.000,0.000,12.815,,
308.236338,2026-03-10 18:02:25.160,WJ_VOLTAGE,WJ1,0.000,0.000,0,0,"HV=OFF, Fault=NO"
308.267589,2026-03-10 18:02:25.191,ARDUINO_PSI,Arduino,0.000,0.000,12.810,,
308.358955,2026-03-10 18:02:25.282,WJ_VOLTAGE,WJ2,0.000,0.000,0,0,"HV=OFF, Fault=NO"
308.369120,2026-03-10 18:02:25.292,ARDUINO_PSI,Arduino,0.000,0.000,12.815,,
308.468262,2026-03-10 18:02:25.392,ARDUINO_PSI,Arduino,0.000,0.000,12.828,,
308.568624,2026-03-10 18:02:25.492,ARDUINO_PSI,Arduino,0.000,0.000,12.833,,
308.668980,2026-03-10 18:02:25.592,ARDUINO_PSI,Arduino,0.000,0.000,12.840,,
308.761807,2026-03-10 18:02:25.685,WJ_VOLTAGE,WJ1,0.000,0.000,0,0,"HV=OFF, Fault=NO"
308.770157,2026-03-10 18:02:25.694,ARDUINO_PSI,Arduino,0.000,0.000,12.847,,
308.868347,2026-03-10 18:02:25.792,ARDUINO_PSI,Arduino,0.000,0.000,12.851,,
308.889074,2026-03-10 18:02:25.812,WJ_VOLTAGE,WJ2,0.000,0.000,0,0,"HV=OFF, Fault=NO"
308.968301,2026-03-10 18:02:25.892,ARDUINO_PSI,Arduino,0.000,0.000,12.861,,
309.067020,2026-03-10 18:02:25.990,ARDUINO_PSI,Arduino,0.000,0.000,12.863,,
309.168670,2026-03-10 18:02:26.092,ARDUINO_PSI,Arduino,0.000,0.000,12.854,,
309.268517,2026-03-10 18:02:26.192,ARDUINO_PSI,Arduino,0.000,0.000,12.858,,
309.294700,2026-03-10 18:02:26.218,WJ_VOLTAGE,WJ1,0.000,0.000,0,0,"HV=OFF, Fault=NO"
309.366562,2026-03-10 18:02:26.290,ARDUINO_PSI,Arduino,0.000,0.000,12.863,,
309.419671,2026-03-10 18:02:26.343,WJ_VOLTAGE,WJ2,0.000,0.000,0,0,"HV=OFF, Fault=NO"
309.467115,2026-03-10 18:02:26.390,ARDUINO_PSI,Arduino,0.000,0.000,12.872,,
309.567935,2026-03-10 18:02:26.491,ARDUINO_PSI,Arduino,0.000,0.000,12.870,,
309.668206,2026-03-10 18:02:26.592,ARDUINO_PSI,Arduino,0.000,0.000,12.877,,
309.766698,2026-03-10 18:02:26.690,ARDUINO_PSI,Arduino,0.000,0.000,12.888,,
309.821611,2026-03-10 18:02:26.745,WJ_VOLTAGE,WJ1,0.000,0.000,0,0,"HV=OFF, Fault=NO"
309.866454,2026-03-10 18:02:26.790,ARDUINO_PSI,Arduino,0.000,0.000,12.879,,
309.945363,2026-03-10 18:02:26.869,WJ_VOLTAGE,WJ2,0.000,0.000,0,0,"HV=OFF, Fault=NO"
309.965910,2026-03-10 18:02:26.889,ARDUINO_PSI,Arduino,0.000,0.000,12.890,,
310.068606,2026-03-10 18:02:26.992,ARDUINO_PSI,Arduino,0.000,0.000,12.888,,
310.168537,2026-03-10 18:02:27.092,ARDUINO_PSI,Arduino,0.000,0.000,12.886,,
310.268696,2026-03-10 18:02:27.192,ARDUINO_PSI,Arduino,0.000,0.000,12.877,,
310.348763,2026-03-10 18:02:27.272,WJ_VOLTAGE,WJ1,0.000,0.000,0,0,"HV=OFF, Fault=NO"
310.366185,2026-03-10 18:02:27.290,ARDUINO_PSI,Arduino,0.000,0.000,12.879,,
310.466560,2026-03-10 18:02:27.390,ARDUINO_PSI,Arduino,0.000,0.000,12.877,,
310.471837,2026-03-10 18:02:27.395,WJ_VOLTAGE,WJ2,0.000,0.000,0,0,"HV=OFF, Fault=NO"
310.568050,2026-03-10 18:02:27.491,ARDUINO_PSI,Arduino,0.000,0.000,12.877,,
310.667303,2026-03-10 18:02:27.591,ARDUINO_PSI,Arduino,0.000,0.000,12.881,,
310.767856,2026-03-10 18:02:27.691,ARDUINO_PSI,Arduino,0.000,0.000,12.881,,
310.868684,2026-03-10 18:02:27.792,WJ_VOLTAGE,WJ1,0.000,0.000,0,0,"HV=OFF, Fault=NO"
310.873033,2026-03-10 18:02:27.796,ARDUINO_PSI,Arduino,0.000,0.000,12.886,,
310.968055,2026-03-10 18:02:27.891,ARDUINO_PSI,Arduino,0.000,0.000,12.886,,
311.004615,2026-03-10 18:02:27.928,WJ_VOLTAGE,WJ2,0.000,0.000,0,0,"HV=OFF, Fault=NO"
311.068361,2026-03-10 18:02:27.992,ARDUINO_PSI,Arduino,0.000,0.000,12.893,,
311.168783,2026-03-10 18:02:28.092,ARDUINO_PSI,Arduino,0.000,0.000,12.899,,
311.267838,2026-03-10 18:02:28.191,ARDUINO_PSI,Arduino,0.000,0.000,12.895,,
311.366234,2026-03-10 18:02:28.290,ARDUINO_PSI,Arduino,0.000,0.000,12.897,,
311.392316,2026-03-10 18:02:28.316,WJ_VOLTAGE,WJ1,0.000,0.000,0,0,"HV=OFF, Fault=NO"
311.468716,2026-03-10 18:02:28.392,ARDUINO_PSI,Arduino,0.000,0.000,12.888,,
311.536956,2026-03-10 18:02:28.460,WJ_VOLTAGE,WJ2,0.000,0.000,0,0,"HV=OFF, Fault=NO"
311.565906,2026-03-10 18:02:28.489,ARDUINO_PSI,Arduino,0.000,0.000,12.879,,
311.668856,2026-03-10 18:02:28.592,ARDUINO_PSI,Arduino,0.000,0.000,12.872,,
311.766165,2026-03-10 18:02:28.690,ARDUINO_PSI,Arduino,0.000,0.000,12.861,,
311.868477,2026-03-10 18:02:28.792,ARDUINO_PSI,Arduino,0.000,0.000,12.867,,
311.921672,2026-03-10 18:02:28.845,WJ_VOLTAGE,WJ1,0.000,0.000,0,0,"HV=OFF, Fault=NO"
311.967799,2026-03-10 18:02:28.891,ARDUINO_PSI,Arduino,0.000,0.000,12.861,,
312.063895,2026-03-10 18:02:28.987,WJ_VOLTAGE,WJ2,0.000,0.000,0,0,"HV=OFF, Fault=NO"
312.072996,2026-03-10 18:02:28.996,ARDUINO_PSI,Arduino,0.000,0.000,12.851,,
312.167869,2026-03-10 18:02:29.091,ARDUINO_PSI,Arduino,0.000,0.000,12.835,,
312.267327,2026-03-10 18:02:29.191,ARDUINO_PSI,Arduino,0.000,0.000,12.838,,
312.367607,2026-03-10 18:02:29.291,ARDUINO_PSI,Arduino,0.000,0.000,12.840,,
312.453329,2026-03-10 18:02:29.377,WJ_VOLTAGE,WJ1,0.000,0.000,0,0,"HV=OFF, Fault=NO"
312.466444,2026-03-10 18:02:29.390,ARDUINO_PSI,Arduino,0.000,0.000,12.835,,
312.566667,2026-03-10 18:02:29.490,ARDUINO_PSI,Arduino,0.000,0.000,12.826,,
312.591831,2026-03-10 18:02:29.515,WJ_VOLTAGE,WJ2,0.000,0.000,0,0,"HV=OFF, Fault=NO"
312.667890,2026-03-10 18:02:29.591,ARDUINO_PSI,Arduino,0.000,0.000,12.826,,
312.768451,2026-03-10 18:02:29.692,ARDUINO_PSI,Arduino,0.000,0.000,12.819,,
312.867685,2026-03-10 18:02:29.791,ARDUINO_PSI,Arduino,0.000,0.000,12.822,,
312.967645,2026-03-10 18:02:29.891,ARDUINO_PSI,Arduino,0.000,0.000,12.824,,
312.979343,2026-03-10 18:02:29.903,WJ_VOLTAGE,WJ1,0.000,0.000,0,0,"HV=OFF, Fault=NO"
313.066417,2026-03-10 18:02:29.990,ARDUINO_PSI,Arduino,0.000,0.000,12.819,,
313.120951,2026-03-10 18:02:30.044,WJ_VOLTAGE,WJ2,0.000,0.000,0,0,"HV=OFF, Fault=NO"
313.168336,2026-03-10 18:02:30.092,ARDUINO_PSI,Arduino,0.000,0.000,12.822,,
313.266940,2026-03-10 18:02:30.190,ARDUINO_PSI,Arduino,0.000,0.000,12.826,,
313.368186,2026-03-10 18:02:30.292,ARDUINO_PSI,Arduino,0.000,0.000,12.817,,
313.466774,2026-03-10 18:02:30.390,ARDUINO_PSI,Arduino,0.000,0.000,12.817,,
313.507798,2026-03-10 18:02:30.431,WJ_VOLTAGE,WJ1,0.000,0.000,0,0,"HV=OFF, Fault=NO"
313.567784,2026-03-10 18:02:30.491,ARDUINO_PSI,Arduino,0.000,0.000,12.828,,
313.647866,2026-03-10 18:02:30.571,WJ_VOLTAGE,WJ2,0.000,0.000,0,0,"HV=OFF, Fault=NO"
313.665924,2026-03-10 18:02:30.589,ARDUINO_PSI,Arduino,0.000,0.000,12.831,,
313.767541,2026-03-10 18:02:30.691,ARDUINO_PSI,Arduino,0.000,0.000,12.826,,
313.868689,2026-03-10 18:02:30.792,ARDUINO_PSI,Arduino,0.000,0.000,12.817,,
313.968119,2026-03-10 18:02:30.892,ARDUINO_PSI,Arduino,0.000,0.000,12.812,,
314.037968,2026-03-10 18:02:30.961,WJ_VOLTAGE,WJ1,0.000,0.000,0,0,"HV=OFF, Fault=NO"
314.066071,2026-03-10 18:02:30.989,ARDUINO_PSI,Arduino,0.000,0.000,12.815,,
314.168283,2026-03-10 18:02:31.092,ARDUINO_PSI,Arduino,0.000,0.000,12.824,,
314.175624,2026-03-10 18:02:31.099,WJ_VOLTAGE,WJ2,0.000,0.000,0,0,"HV=OFF, Fault=NO"
314.268843,2026-03-10 18:02:31.192,ARDUINO_PSI,Arduino,0.000,0.000,12.828,,
314.366649,2026-03-10 18:02:31.290,ARDUINO_PSI,Arduino,0.000,0.000,12.828,,
314.467930,2026-03-10 18:02:31.391,ARDUINO_PSI,Arduino,0.000,0.000,12.826,,
314.566813,2026-03-10 18:02:31.490,WJ_VOLTAGE,WJ1,0.000,0.000,0,0,"HV=OFF, Fault=NO"
314.567785,2026-03-10 18:02:31.491,ARDUINO_PSI,Arduino,0.000,0.000,12.835,,
314.668721,2026-03-10 18:02:31.592,ARDUINO_PSI,Arduino,0.000,0.000,12.835,,
314.705969,2026-03-10 18:02:31.629,WJ_VOLTAGE,WJ2,0.000,0.000,0,0,"HV=OFF, Fault=NO"
314.765996,2026-03-10 18:02:31.689,ARDUINO_PSI,Arduino,0.000,0.000,12.840,,
314.868494,2026-03-10 18:02:31.792,ARDUINO_PSI,Arduino,0.000,0.000,12.828,,
314.968483,2026-03-10 18:02:31.892,ARDUINO_PSI,Arduino,0.000,0.000,12.824,,
315.068594,2026-03-10 18:02:31.992,ARDUINO_PSI,Arduino,0.000,0.000,12.826,,
315.094349,2026-03-10 18:02:32.018,WJ_VOLTAGE,WJ1,0.000,0.000,0,0,"HV=OFF, Fault=NO"
315.168648,2026-03-10 18:02:32.092,ARDUINO_PSI,Arduino,0.000,0.000,12.815,,
315.236040,2026-03-10 18:02:32.159,WJ_VOLTAGE,WJ2,0.000,0.000,0,0,"HV=OFF, Fault=NO"
315.266576,2026-03-10 18:02:32.190,ARDUINO_PSI,Arduino,0.000,0.000,12.822,,
315.367976,2026-03-10 18:02:32.291,ARDUINO_PSI,Arduino,0.000,0.000,12.824,,
315.466535,2026-03-10 18:02:32.390,ARDUINO_PSI,Arduino,0.000,0.000,12.824,,
315.569047,2026-03-10 18:02:32.492,ARDUINO_PSI,Arduino,0.000,0.000,12.824,,
315.625649,2026-03-10 18:02:32.549,WJ_VOLTAGE,WJ1,0.000,0.000,0,0,"HV=OFF, Fault=NO"
315.665963,2026-03-10 18:02:32.589,ARDUINO_PSI,Arduino,0.000,0.000,12.835,,
315.763126,2026-03-10 18:02:32.687,WJ_VOLTAGE,WJ2,0.000,0.000,0,0,"HV=OFF, Fault=NO"
315.770470,2026-03-10 18:02:32.694,ARDUINO_PSI,Arduino,0.000,0.000,12.831,,
315.866034,2026-03-10 18:02:32.789,ARDUINO_PSI,Arduino,0.000,0.000,12.838,,
315.967701,2026-03-10 18:02:32.891,ARDUINO_PSI,Arduino,0.000,0.000,12.838,,
316.067941,2026-03-10 18:02:32.991,ARDUINO_PSI,Arduino,0.000,0.000,12.838,,
316.152786,2026-03-10 18:02:33.076,WJ_VOLTAGE,WJ1,0.000,0.000,0,0,"HV=OFF, Fault=NO"
316.166725,2026-03-10 18:02:33.090,ARDUINO_PSI,Arduino,0.000,0.000,12.828,,
316.266580,2026-03-10 18:02:33.190,ARDUINO_PSI,Arduino,0.000,0.000,12.833,,
316.291846,2026-03-10 18:02:33.215,WJ_VOLTAGE,WJ2,0.000,0.000,0,0,"HV=OFF, Fault=NO"
316.367611,2026-03-10 18:02:33.291,ARDUINO_PSI,Arduino,0.000,0.000,12.833,,
316.467386,2026-03-10 18:02:33.391,ARDUINO_PSI,Arduino,0.000,0.000,12.826,,
316.566540,2026-03-10 18:02:33.491,ARDUINO_PSI,Arduino,0.000,0.000,12.828,,
316.666170,2026-03-10 18:02:33.590,ARDUINO_PSI,Arduino,0.000,0.000,12.824,,
316.679260,2026-03-10 18:02:33.603,WJ_VOLTAGE,WJ1,0.000,0.000,0,0,"HV=OFF, Fault=NO"
316.766176,2026-03-10 18:02:33.690,ARDUINO_PSI,Arduino,0.000,0.000,12.822,,
316.821103,2026-03-10 18:02:33.744,WJ_VOLTAGE,WJ2,0.000,0.000,0,0,"HV=OFF, Fault=NO"
316.868190,2026-03-10 18:02:33.792,ARDUINO_PSI,Arduino,0.000,0.000,12.817,,
316.967698,2026-03-10 18:02:33.891,ARDUINO_PSI,Arduino,0.000,0.000,12.817,,
317.068457,2026-03-10 18:02:33.992,ARDUINO_PSI,Arduino,0.000,0.000,12.817,,
317.166583,2026-03-10 18:02:34.090,ARDUINO_PSI,Arduino,0.000,0.000,12.828,,
317.209741,2026-03-10 18:02:34.133,WJ_VOLTAGE,WJ1,0.000,0.000,0,0,"HV=OFF, Fault=NO"
317.267505,2026-03-10 18:02:34.191,ARDUINO_PSI,Arduino,0.000,0.000,12.817,,
317.350738,2026-03-10 18:02:34.274,WJ_VOLTAGE,WJ2,0.000,0.000,0,0,"HV=OFF, Fault=NO"
317.367024,2026-03-10 18:02:34.290,ARDUINO_PSI,Arduino,0.000,0.000,12.812,,
317.468140,2026-03-10 18:02:34.392,ARDUINO_PSI,Arduino,0.000,0.000,12.819,,
317.567122,2026-03-10 18:02:34.491,ARDUINO_PSI,Arduino,0.000,0.000,12.824,,
317.666153,2026-03-10 18:02:34.590,ARDUINO_PSI,Arduino,0.000,0.000,12.819,,
317.729790,2026-03-10 18:02:34.653,WJ_VOLTAGE,WJ1,0.000,0.000,0,0,"HV=OFF, Fault=NO"
317.766525,2026-03-10 18:02:34.690,ARDUINO_PSI,Arduino,0.000,0.000,12.831,,
317.867374,2026-03-10 18:02:34.791,ARDUINO_PSI,Arduino,0.000,0.000,12.835,,
317.887046,2026-03-10 18:02:34.810,WJ_VOLTAGE,WJ2,0.000,0.000,0,0,"HV=OFF, Fault=NO"
317.967556,2026-03-10 18:02:34.891,ARDUINO_PSI,Arduino,0.000,0.000,12.835,,
318.066728,2026-03-10 18:02:34.990,ARDUINO_PSI,Arduino,0.000,0.000,12.835,,
318.165957,2026-03-10 18:02:35.089,ARDUINO_PSI,Arduino,0.000,0.000,12.847,,
318.258467,2026-03-10 18:02:35.182,WJ_VOLTAGE,WJ1,0.000,0.000,0,0,"HV=OFF, Fault=NO"
318.274344,2026-03-10 18:02:35.198,ARDUINO_PSI,Arduino,0.000,0.000,12.847,,
318.367827,2026-03-10 18:02:35.291,ARDUINO_PSI,Arduino,0.000,0.000,12.840,,
318.414129,2026-03-10 18:02:35.338,WJ_VOLTAGE,WJ2,0.000,0.000,0,0,"HV=OFF, Fault=NO"
318.466802,2026-03-10 18:02:35.390,ARDUINO_PSI,Arduino,0.000,0.000,12.838,,
318.568873,2026-03-10 18:02:35.492,ARDUINO_PSI,Arduino,0.000,0.000,12.831,,
318.668575,2026-03-10 18:02:35.592,ARDUINO_PSI,Arduino,0.000,0.000,12.833,,
318.768648,2026-03-10 18:02:35.692,ARDUINO_PSI,Arduino,0.000,0.000,12.824,,
318.785812,2026-03-10 18:02:35.709,WJ_VOLTAGE,WJ1,0.000,0.000,0,0,"HV=OFF, Fault=NO"
318.866612,2026-03-10 18:02:35.790,ARDUINO_PSI,Arduino,0.000,0.000,12.828,,
318.942752,2026-03-10 18:02:35.866,WJ_VOLTAGE,WJ2,0.000,0.000,0,0,"HV=OFF, Fault=NO"
318.965983,2026-03-10 18:02:35.889,ARDUINO_PSI,Arduino,0.000,0.000,12.826,,
319.067430,2026-03-10 18:02:35.991,ARDUINO_PSI,Arduino,0.000,0.000,12.826,,
319.168533,2026-03-10 18:02:36.092,ARDUINO_PSI,Arduino,0.000,0.000,12.828,,
319.268787,2026-03-10 18:02:36.192,ARDUINO_PSI,Arduino,0.000,0.000,12.835,,
319.314432,2026-03-10 18:02:36.238,WJ_VOLTAGE,WJ1,0.000,0.000,0,0,"HV=OFF, Fault=NO"
319.366062,2026-03-10 18:02:36.289,ARDUINO_PSI,Arduino,0.000,0.000,12.840,,
319.470011,2026-03-10 18:02:36.393,WJ_VOLTAGE,WJ2,0.000,0.000,0,0,"HV=OFF, Fault=NO"
319.472227,2026-03-10 18:02:36.396,ARDUINO_PSI,Arduino,0.000,0.000,12.828,,
319.568502,2026-03-10 18:02:36.492,ARDUINO_PSI,Arduino,0.000,0.000,12.822,,
319.668730,2026-03-10 18:02:36.592,ARDUINO_PSI,Arduino,0.000,0.000,12.815,,
319.766648,2026-03-10 18:02:36.690,ARDUINO_PSI,Arduino,0.000,0.000,12.806,,
319.844537,2026-03-10 18:02:36.768,WJ_VOLTAGE,WJ1,0.000,0.000,0,0,"HV=OFF, Fault=NO"
319.866382,2026-03-10 18:02:36.790,ARDUINO_PSI,Arduino,0.000,0.000,12.803,,
319.968053,2026-03-10 18:02:36.891,ARDUINO_PSI,Arduino,0.000,0.000,12.815,,
319.999093,2026-03-10 18:02:36.922,WJ_VOLTAGE,WJ2,0.000,0.000,0,0,"HV=OFF, Fault=NO"
320.068632,2026-03-10 18:02:36.992,ARDUINO_PSI,Arduino,0.000,0.000,12.808,,
320.167580,2026-03-10 18:02:37.091,ARDUINO_PSI,Arduino,0.000,0.000,12.799,,
320.266571,2026-03-10 18:02:37.190,ARDUINO_PSI,Arduino,0.000,0.000,12.792,,
320.368584,2026-03-10 18:02:37.292,ARDUINO_PSI,Arduino,0.000,0.000,12.787,,
320.373582,2026-03-10 18:02:37.297,WJ_VOLTAGE,WJ1,0.000,0.000,0,0,"HV=OFF, Fault=NO"
320.468580,2026-03-10 18:02:37.392,ARDUINO_PSI,Arduino,0.000,0.000,12.796,,
320.531093,2026-03-10 18:02:37.454,WJ_VOLTAGE,WJ2,0.000,0.000,0,0,"HV=OFF, Fault=NO"
320.566253,2026-03-10 18:02:37.490,ARDUINO_PSI,Arduino,0.000,0.000,12.794,,
320.668531,2026-03-10 18:02:37.592,ARDUINO_PSI,Arduino,0.000,0.000,12.790,,
320.768352,2026-03-10 18:02:37.692,ARDUINO_PSI,Arduino,0.000,0.000,12.794,,
320.869199,2026-03-10 18:02:37.793,ARDUINO_PSI,Arduino,0.000,0.000,12.801,,
320.891523,2026-03-10 18:02:37.815,WJ_VOLTAGE,WJ1,0.000,0.000,0,0,"HV=OFF, Fault=NO"
320.967890,2026-03-10 18:02:37.891,ARDUINO_PSI,Arduino,0.000,0.000,12.799,,
321.068633,2026-03-10 18:02:37.992,ARDUINO_PSI,Arduino,0.000,0.000,12.792,,
321.079319,2026-03-10 18:02:38.003,WJ_VOLTAGE,WJ2,0.000,0.000,0,0,"HV=OFF, Fault=NO"
321.168638,2026-03-10 18:02:38.092,ARDUINO_PSI,Arduino,0.000,0.000,12.799,,
321.268481,2026-03-10 18:02:38.192,ARDUINO_PSI,Arduino,0.000,0.000,12.790,,
321.367476,2026-03-10 18:02:38.291,ARDUINO_PSI,Arduino,0.000,0.000,12.803,,
321.424551,2026-03-10 18:02:38.348,WJ_VOLTAGE,WJ1,0.000,0.000,0,0,"HV=OFF, Fault=NO"
321.466554,2026-03-10 18:02:38.390,ARDUINO_PSI,Arduino,0.000,0.000,12.808,,
321.569029,2026-03-10 18:02:38.492,ARDUINO_PSI,Arduino,0.000,0.000,12.815,,
321.609264,2026-03-10 18:02:38.533,WJ_VOLTAGE,WJ2,0.000,0.000,0,0,"HV=OFF, Fault=NO"
321.669060,2026-03-10 18:02:38.592,ARDUINO_PSI,Arduino,0.000,0.000,12.815,,
321.767420,2026-03-10 18:02:38.691,ARDUINO_PSI,Arduino,0.000,0.000,12.815,,
321.866590,2026-03-10 18:02:38.790,ARDUINO_PSI,Arduino,0.000,0.000,12.812,,
321.951415,2026-03-10 18:02:38.875,WJ_VOLTAGE,WJ1,0.000,0.000,0,0,"HV=OFF, Fault=NO"
321.966471,2026-03-10 18:02:38.890,ARDUINO_PSI,Arduino,0.000,0.000,12.806,,
322.066778,2026-03-10 18:02:38.990,ARDUINO_PSI,Arduino,0.000,0.000,12.812,,
322.137925,2026-03-10 18:02:39.061,WJ_VOLTAGE,WJ2,0.000,0.000,0,0,"HV=OFF, Fault=NO"
322.167658,2026-03-10 18:02:39.091,ARDUINO_PSI,Arduino,0.000,0.000,12.815,,
322.268296,2026-03-10 18:02:39.192,ARDUINO_PSI,Arduino,0.000,0.000,12.812,,
322.367863,2026-03-10 18:02:39.291,ARDUINO_PSI,Arduino,0.000,0.000,12.822,,
322.467716,2026-03-10 18:02:39.391,ARDUINO_PSI,Arduino,0.000,0.000,12.824,,
322.476725,2026-03-10 18:02:39.400,WJ_VOLTAGE,WJ1,0.000,0.000,0,0,"HV=OFF, Fault=NO"
322.566750,2026-03-10 18:02:39.490,ARDUINO_PSI,Arduino,0.000,0.000,12.824,,
322.664850,2026-03-10 18:02:39.588,WJ_VOLTAGE,WJ2,0.000,0.000,0,0,"HV=OFF, Fault=NO"
322.678532,2026-03-10 18:02:39.602,ARDUINO_PSI,Arduino,0.000,0.000,12.826,,
322.767943,2026-03-10 18:02:39.691,ARDUINO_PSI,Arduino,0.000,0.000,12.833,,
322.868073,2026-03-10 18:02:39.791,ARDUINO_PSI,Arduino,0.000,0.000,12.833,,
322.967935,2026-03-10 18:02:39.891,ARDUINO_PSI,Arduino,0.000,0.000,12.835,,
323.006571,2026-03-10 18:02:39.930,WJ_VOLTAGE,WJ1,0.000,0.000,0,0,"HV=OFF, Fault=NO"
323.066741,2026-03-10 18:02:39.990,ARDUINO_PSI,Arduino,0.000,0.000,12.840,,
323.168037,2026-03-10 18:02:40.091,ARDUINO_PSI,Arduino,0.000,0.000,12.835,,
323.196012,2026-03-10 18:02:40.119,WJ_VOLTAGE,WJ2,0.000,0.000,0,0,"HV=OFF, Fault=NO"
323.268577,2026-03-10 18:02:40.192,ARDUINO_PSI,Arduino,0.000,0.000,12.838,,
323.368334,2026-03-10 18:02:40.292,ARDUINO_PSI,Arduino,0.000,0.000,12.835,,
323.468094,2026-03-10 18:02:40.391,ARDUINO_PSI,Arduino,0.000,0.000,12.828,,
323.540382,2026-03-10 18:02:40.464,WJ_VOLTAGE,WJ1,0.000,0.000,0,0,"HV=OFF, Fault=NO"
323.566582,2026-03-10 18:02:40.490,ARDUINO_PSI,Arduino,0.000,0.000,12.817,,
323.668445,2026-03-10 18:02:40.592,ARDUINO_PSI,Arduino,0.000,0.000,12.828,,
323.727124,2026-03-10 18:02:40.651,WJ_VOLTAGE,WJ2,0.000,0.000,0,0,"HV=OFF, Fault=NO"
323.768260,2026-03-10 18:02:40.692,ARDUINO_PSI,Arduino,0.000,0.000,12.828,,
323.868408,2026-03-10 18:02:40.792,ARDUINO_PSI,Arduino,0.000,0.000,12.819,,
323.968397,2026-03-10 18:02:40.892,ARDUINO_PSI,Arduino,0.000,0.000,12.817,,
324.070631,2026-03-10 18:02:40.994,WJ_VOLTAGE,WJ1,0.000,0.000,0,0,"HV=OFF, Fault=NO"
324.072901,2026-03-10 18:02:40.996,ARDUINO_PSI,Arduino,0.000,0.000,12.826,,
324.167677,2026-03-10 18:02:41.091,ARDUINO_PSI,Arduino,0.000,0.000,12.831,,
324.254709,2026-03-10 18:02:41.178,WJ_VOLTAGE,WJ2,0.000,0.000,0,0,"HV=OFF, Fault=NO"
324.268253,2026-03-10 18:02:41.192,ARDUINO_PSI,Arduino,0.000,0.000,12.835,,
324.368277,2026-03-10 18:02:41.292,ARDUINO_PSI,Arduino,0.000,0.000,12.822,,
324.468053,2026-03-10 18:02:41.391,ARDUINO_PSI,Arduino,0.000,0.000,12.819,,
324.569099,2026-03-10 18:02:41.492,ARDUINO_PSI,Arduino,0.000,0.000,12.826,,
324.598320,2026-03-10 18:02:41.522,WJ_VOLTAGE,WJ1,0.000,0.000,0,0,"HV=OFF, Fault=NO"
324.668534,2026-03-10 18:02:41.592,ARDUINO_PSI,Arduino,0.000,0.000,12.826,,
324.768851,2026-03-10 18:02:41.692,ARDUINO_PSI,Arduino,0.000,0.000,12.819,,
324.786120,2026-03-10 18:02:41.709,WJ_VOLTAGE,WJ2,0.000,0.000,0,0,"HV=OFF, Fault=NO"
324.866458,2026-03-10 18:02:41.790,ARDUINO_PSI,Arduino,0.000,0.000,12.819,,
324.968467,2026-03-10 18:02:41.892,ARDUINO_PSI,Arduino,0.000,0.000,12.822,,
325.068513,2026-03-10 18:02:41.992,ARDUINO_PSI,Arduino,0.000,0.000,12.824,,
325.131688,2026-03-10 18:02:42.055,WJ_VOLTAGE,WJ1,0.000,0.000,0,0,"HV=OFF, Fault=NO"
325.166125,2026-03-10 18:02:42.090,ARDUINO_PSI,Arduino,0.000,0.000,12.833,,
325.267698,2026-03-10 18:02:42.191,ARDUINO_PSI,Arduino,0.000,0.000,12.835,,
325.318964,2026-03-10 18:02:42.242,WJ_VOLTAGE,WJ2,0.000,0.000,0,0,"HV=OFF, Fault=NO"
325.367780,2026-03-10 18:02:42.291,ARDUINO_PSI,Arduino,0.000,0.000,12.831,,
325.468494,2026-03-10 18:02:42.392,ARDUINO_PSI,Arduino,0.000,0.000,12.842,,
325.567677,2026-03-10 18:02:42.491,ARDUINO_PSI,Arduino,0.000,0.000,12.847,,
325.660488,2026-03-10 18:02:42.584,WJ_VOLTAGE,WJ1,0.000,0.000,0,0,"HV=OFF, Fault=NO"
325.678556,2026-03-10 18:02:42.602,ARDUINO_PSI,Arduino,0.000,0.000,12.845,,
325.768585,2026-03-10 18:02:42.692,ARDUINO_PSI,Arduino,0.000,0.000,12.842,,
325.849371,2026-03-10 18:02:42.773,WJ_VOLTAGE,WJ2,0.000,0.000,0,0,"HV=OFF, Fault=NO"
325.866447,2026-03-10 18:02:42.790,ARDUINO_PSI,Arduino,0.000,0.000,12.847,,
325.967828,2026-03-10 18:02:42.891,ARDUINO_PSI,Arduino,0.000,0.000,12.851,,
326.068429,2026-03-10 18:02:42.992,ARDUINO_PSI,Arduino,0.000,0.000,12.845,,
326.167090,2026-03-10 18:02:43.090,ARDUINO_PSI,Arduino,0.000,0.000,12.831,,
326.189434,2026-03-10 18:02:43.113,WJ_VOLTAGE,WJ1,0.000,0.000,0,0,"HV=OFF, Fault=NO"
326.267302,2026-03-10 18:02:43.191,ARDUINO_PSI,Arduino,0.000,0.000,12.840,,
326.366962,2026-03-10 18:02:43.290,ARDUINO_PSI,Arduino,0.000,0.000,12.851,,
326.376128,2026-03-10 18:02:43.300,WJ_VOLTAGE,WJ2,0.000,0.000,0,0,"HV=OFF, Fault=NO"
326.468146,2026-03-10 18:02:43.392,ARDUINO_PSI,Arduino,0.000,0.000,12.849,,
326.567174,2026-03-10 18:02:43.491,ARDUINO_PSI,Arduino,0.000,0.000,12.842,,
326.666675,2026-03-10 18:02:43.590,ARDUINO_PSI,Arduino,0.000,0.000,12.840,,
326.716312,2026-03-10 18:02:43.640,WJ_VOLTAGE,WJ1,0.000,0.000,0,0,"HV=OFF, Fault=NO"
326.767355,2026-03-10 18:02:43.691,ARDUINO_PSI,Arduino,0.000,0.000,12.845,,
326.868420,2026-03-10 18:02:43.792,ARDUINO_PSI,Arduino,0.000,0.000,12.847,,
326.904271,2026-03-10 18:02:43.828,WJ_VOLTAGE,WJ2,0.000,0.000,0,0,"HV=OFF, Fault=NO"
326.967626,2026-03-10 18:02:43.891,ARDUINO_PSI,Arduino,0.000,0.000,12.849,,
327.068023,2026-03-10 18:02:43.991,ARDUINO_PSI,Arduino,0.000,0.000,12.847,,
327.168406,2026-03-10 18:02:44.092,ARDUINO_PSI,Arduino,0.000,0.000,12.835,,
327.246666,2026-03-10 18:02:44.170,WJ_VOLTAGE,WJ1,0.000,0.000,0,0,"HV=OFF, Fault=NO"
327.266376,2026-03-10 18:02:44.190,ARDUINO_PSI,Arduino,0.000,0.000,12.840,,
327.367321,2026-03-10 18:02:44.291,ARDUINO_PSI,Arduino,0.000,0.000,12.838,,
327.432345,2026-03-10 18:02:44.356,WJ_VOLTAGE,WJ2,0.000,0.000,0,0,"HV=OFF, Fault=NO"
327.466031,2026-03-10 18:02:44.389,ARDUINO_PSI,Arduino,0.000,0.000,12.833,,
327.567974,2026-03-10 18:02:44.491,ARDUINO_PSI,Arduino,0.000,0.000,12.833,,
327.667681,2026-03-10 18:02:44.591,ARDUINO_PSI,Arduino,0.000,0.000,12.838,,
327.767598,2026-03-10 18:02:44.691,ARDUINO_PSI,Arduino,0.000,0.000,12.835,,
327.774653,2026-03-10 18:02:44.698,WJ_VOLTAGE,WJ1,0.000,0.000,0,0,"HV=OFF, Fault=NO"
327.867339,2026-03-10 18:02:44.791,ARDUINO_PSI,Arduino,0.000,0.000,12.838,,
327.963895,2026-03-10 18:02:44.887,WJ_VOLTAGE,WJ2,0.000,0.000,0,0,"HV=OFF, Fault=NO"
327.972610,2026-03-10 18:02:44.896,ARDUINO_PSI,Arduino,0.000,0.000,12.831,,
328.066374,2026-03-10 18:02:44.990,ARDUINO_PSI,Arduino,0.000,0.000,12.828,,
328.167159,2026-03-10 18:02:45.091,ARDUINO_PSI,Arduino,0.000,0.000,12.847,,
328.266685,2026-03-10 18:02:45.190,ARDUINO_PSI,Arduino,0.000,0.000,12.842,,
328.294572,2026-03-10 18:02:45.218,WJ_VOLTAGE,WJ1,0.000,0.000,0,0,"HV=OFF, Fault=NO"
328.366682,2026-03-10 18:02:45.290,ARDUINO_PSI,Arduino,0.000,0.000,12.845,,
328.468199,2026-03-10 18:02:45.392,ARDUINO_PSI,Arduino,0.000,0.000,12.847,,
328.481121,2026-03-10 18:02:45.404,WJ_VOLTAGE,WJ2,0.000,0.000,0,0,"HV=OFF, Fault=NO"
328.568516,2026-03-10 18:02:45.492,ARDUINO_PSI,Arduino,0.000,0.000,12.849,,
328.667742,2026-03-10 18:02:45.591,ARDUINO_PSI,Arduino,0.000,0.000,12.847,,
328.766569,2026-03-10 18:02:45.690,ARDUINO_PSI,Arduino,0.000,0.000,12.849,,
328.824606,2026-03-10 18:02:45.748,WJ_VOLTAGE,WJ1,0.000,0.000,0,0,"HV=OFF, Fault=NO"
328.866869,2026-03-10 18:02:45.790,ARDUINO_PSI,Arduino,0.000,0.000,12.854,,
328.966628,2026-03-10 18:02:45.890,ARDUINO_PSI,Arduino,0.000,0.000,12.854,,
329.010431,2026-03-10 18:02:45.934,WJ_VOLTAGE,WJ2,0.000,0.000,0,0,"HV=OFF, Fault=NO"
329.068237,2026-03-10 18:02:45.992,ARDUINO_PSI,Arduino,0.000,0.000,12.851,,
329.167535,2026-03-10 18:02:46.091,ARDUINO_PSI,Arduino,0.000,0.000,12.854,,
329.266591,2026-03-10 18:02:46.190,ARDUINO_PSI,Arduino,0.000,0.000,12.840,,
329.353377,2026-03-10 18:02:46.277,WJ_VOLTAGE,WJ1,0.000,0.000,0,0,"HV=OFF, Fault=NO"
329.370238,2026-03-10 18:02:46.294,ARDUINO_PSI,Arduino,0.000,0.000,12.833,,
329.469485,2026-03-10 18:02:46.393,ARDUINO_PSI,Arduino,0.000,0.000,12.826,,
329.539679,2026-03-10 18:02:46.463,WJ_VOLTAGE,WJ2,0.000,0.000,0,0,"HV=OFF, Fault=NO"
329.566440,2026-03-10 18:02:46.490,ARDUINO_PSI,Arduino,0.000,0.000,12.826,,
329.666588,2026-03-10 18:02:46.590,ARDUINO_PSI,Arduino,0.000,0.000,12.822,,
329.767245,2026-03-10 18:02:46.691,ARDUINO_PSI,Arduino,0.000,0.000,12.833,,
329.867641,2026-03-10 18:02:46.791,ARDUINO_PSI,Arduino,0.000,0.000,12.845,,
329.885938,2026-03-10 18:02:46.809,WJ_VOLTAGE,WJ1,0.000,0.000,0,0,"HV=OFF, Fault=NO"
329.967720,2026-03-10 18:02:46.891,ARDUINO_PSI,Arduino,0.000,0.000,12.851,,
330.068146,2026-03-10 18:02:46.992,ARDUINO_PSI,Arduino,0.000,0.000,12.840,,
330.074522,2026-03-10 18:02:46.998,WJ_VOLTAGE,WJ2,0.000,0.000,0,0,"HV=OFF, Fault=NO"
330.168233,2026-03-10 18:02:47.092,ARDUINO_PSI,Arduino,0.000,0.000,12.831,,
330.267999,2026-03-10 18:02:47.191,ARDUINO_PSI,Arduino,0.000,0.000,12.824,,
330.368591,2026-03-10 18:02:47.292,ARDUINO_PSI,Arduino,0.000,0.000,12.826,,
330.412190,2026-03-10 18:02:47.336,WJ_VOLTAGE,WJ1,0.000,0.000,0,0,"HV=OFF, Fault=NO"
330.466509,2026-03-10 18:02:47.390,ARDUINO_PSI,Arduino,0.000,0.000,12.824,,
330.569199,2026-03-10 18:02:47.493,ARDUINO_PSI,Arduino,0.000,0.000,12.817,,
330.599534,2026-03-10 18:02:47.523,WJ_VOLTAGE,WJ2,0.000,0.000,0,0,"HV=OFF, Fault=NO"
330.666560,2026-03-10 18:02:47.590,ARDUINO_PSI,Arduino,0.000,0.000,12.817,,
330.766504,2026-03-10 18:02:47.690,ARDUINO_PSI,Arduino,0.000,0.000,12.812,,
330.866718,2026-03-10 18:02:47.790,ARDUINO_PSI,Arduino,0.000,0.000,12.810,,
330.943393,2026-03-10 18:02:47.867,WJ_VOLTAGE,WJ1,0.000,0.000,0,0,"HV=OFF, Fault=NO"
330.966660,2026-03-10 18:02:47.890,ARDUINO_PSI,Arduino,0.000,0.000,12.806,,
331.068182,2026-03-10 18:02:47.992,ARDUINO_PSI,Arduino,0.000,0.000,12.810,,
331.129198,2026-03-10 18:02:48.053,WJ_VOLTAGE,WJ2,0.000,0.000,0,0,"HV=OFF, Fault=NO"
331.167977,2026-03-10 18:02:48.091,ARDUINO_PSI,Arduino,0.000,0.000,12.808,,
331.267683,2026-03-10 18:02:48.191,ARDUINO_PSI,Arduino,0.000,0.000,12.815,,
331.366650,2026-03-10 18:02:48.290,ARDUINO_PSI,Arduino,0.000,0.000,12.824,,
331.468273,2026-03-10 18:02:48.392,ARDUINO_PSI,Arduino,0.000,0.000,12.838,,
331.472249,2026-03-10 18:02:48.396,WJ_VOLTAGE,WJ1,0.000,0.000,0,0,"HV=OFF, Fault=NO"
331.567353,2026-03-10 18:02:48.491,ARDUINO_PSI,Arduino,0.000,0.000,12.838,,
331.657213,2026-03-10 18:02:48.581,WJ_VOLTAGE,WJ2,0.000,0.000,0,0,"HV=OFF, Fault=NO"
331.671765,2026-03-10 18:02:48.595,ARDUINO_PSI,Arduino,0.000,0.000,12.847,,
331.766168,2026-03-10 18:02:48.690,ARDUINO_PSI,Arduino,0.000,0.000,12.845,,
331.867798,2026-03-10 18:02:48.791,ARDUINO_PSI,Arduino,0.000,0.000,12.828,,
331.968101,2026-03-10 18:02:48.891,ARDUINO_PSI,Arduino,0.000,0.000,12.835,,
331.997500,2026-03-10 18:02:48.921,WJ_VOLTAGE,WJ1,0.000,0.000,0,0,"HV=OFF, Fault=NO"
332.068279,2026-03-10 18:02:48.992,ARDUINO_PSI,Arduino,0.000,0.000,12.840,,
332.168484,2026-03-10 18:02:49.092,ARDUINO_PSI,Arduino,0.000,0.000,12.842,,
332.184251,2026-03-10 18:02:49.108,WJ_VOLTAGE,WJ2,0.000,0.000,0,0,"HV=OFF, Fault=NO"
332.266592,2026-03-10 18:02:49.191,ARDUINO_PSI,Arduino,0.000,0.000,12.851,,
332.368044,2026-03-10 18:02:49.291,ARDUINO_PSI,Arduino,0.000,0.000,12.847,,
332.466493,2026-03-10 18:02:49.390,ARDUINO_PSI,Arduino,0.000,0.000,12.847,,
332.528540,2026-03-10 18:02:49.452,WJ_VOLTAGE,WJ1,0.000,0.000,0,0,"HV=OFF, Fault=NO"
332.565894,2026-03-10 18:02:49.489,ARDUINO_PSI,Arduino,0.000,0.000,12.849,,
332.668397,2026-03-10 18:02:49.592,ARDUINO_PSI,Arduino,0.000,0.000,12.849,,
332.714468,2026-03-10 18:02:49.638,WJ_VOLTAGE,WJ2,0.000,0.000,0,0,"HV=OFF, Fault=NO"
332.766563,2026-03-10 18:02:49.690,ARDUINO_PSI,Arduino,0.000,0.000,12.863,,
332.866668,2026-03-10 18:02:49.790,ARDUINO_PSI,Arduino,0.000,0.000,12.854,,
332.969403,2026-03-10 18:02:49.893,ARDUINO_PSI,Arduino,0.000,0.000,12.858,,
333.068459,2026-03-10 18:02:49.992,ARDUINO_PSI,Arduino,0.000,0.000,12.845,,
333.075164,2026-03-10 18:02:49.999,WJ_VOLTAGE,WJ1,0.000,0.000,0,0,"HV=OFF, Fault=NO"
333.168617,2026-03-10 18:02:50.092,ARDUINO_PSI,Arduino,0.000,0.000,12.849,,
333.243868,2026-03-10 18:02:50.167,WJ_VOLTAGE,WJ2,0.000,0.000,0,0,"HV=OFF, Fault=NO"
333.266004,2026-03-10 18:02:50.189,ARDUINO_PSI,Arduino,0.000,0.000,12.847,,
333.366156,2026-03-10 18:02:50.290,ARDUINO_PSI,Arduino,0.000,0.000,12.831,,
333.468425,2026-03-10 18:02:50.392,ARDUINO_PSI,Arduino,0.000,0.000,12.822,,
333.566644,2026-03-10 18:02:50.490,ARDUINO_PSI,Arduino,0.000,0.000,12.815,,
333.602160,2026-03-10 18:02:50.526,WJ_VOLTAGE,WJ1,0.000,0.000,0,0,"HV=OFF, Fault=NO"
333.668190,2026-03-10 18:02:50.592,ARDUINO_PSI,Arduino,0.000,0.000,12.803,,
333.768432,2026-03-10 18:02:50.692,ARDUINO_PSI,Arduino,0.000,0.000,12.803,,
333.770241,2026-03-10 18:02:50.694,WJ_VOLTAGE,WJ2,0.000,0.000,0,0,"HV=OFF, Fault=NO"
333.868621,2026-03-10 18:02:50.792,ARDUINO_PSI,Arduino,0.000,0.000,12.812,,
333.967633,2026-03-10 18:02:50.891,ARDUINO_PSI,Arduino,0.000,0.000,12.801,,
334.066654,2026-03-10 18:02:50.990,ARDUINO_PSI,Arduino,0.000,0.000,12.810,,
334.146748,2026-03-10 18:02:51.070,WJ_VOLTAGE,WJ1,0.000,0.000,0,0,"HV=OFF, Fault=NO"
334.165973,2026-03-10 18:02:51.089,ARDUINO_PSI,Arduino,0.000,0.000,12.803,,
334.269158,2026-03-10 18:02:51.193,ARDUINO_PSI,Arduino,0.000,0.000,12.806,,
334.302642,2026-03-10 18:02:51.226,WJ_VOLTAGE,WJ2,0.000,0.000,0,0,"HV=OFF, Fault=NO"
334.365976,2026-03-10 18:02:51.289,ARDUINO_PSI,Arduino,0.000,0.000,12.803,,
334.466180,2026-03-10 18:02:51.390,ARDUINO_PSI,Arduino,0.000,0.000,12.810,,
334.566762,2026-03-10 18:02:51.490,ARDUINO_PSI,Arduino,0.000,0.000,12.812,,
334.668823,2026-03-10 18:02:51.592,ARDUINO_PSI,Arduino,0.000,0.000,12.817,,
334.676796,2026-03-10 18:02:51.600,WJ_VOLTAGE,WJ1,0.000,0.000,0,0,"HV=OFF, Fault=NO"
334.768633,2026-03-10 18:02:51.692,ARDUINO_PSI,Arduino,0.000,0.000,12.806,,
334.820344,2026-03-10 18:02:51.744,WJ_VOLTAGE,WJ2,0.000,0.000,0,0,"HV=OFF, Fault=NO"
334.866121,2026-03-10 18:02:51.789,ARDUINO_PSI,Arduino,0.000,0.000,12.799,,
334.968551,2026-03-10 18:02:51.892,ARDUINO_PSI,Arduino,0.000,0.000,12.799,,
335.067807,2026-03-10 18:02:51.991,ARDUINO_PSI,Arduino,0.000,0.000,12.812,,
335.168553,2026-03-10 18:02:52.092,ARDUINO_PSI,Arduino,0.000,0.000,12.819,,
335.209923,2026-03-10 18:02:52.133,WJ_VOLTAGE,WJ1,0.000,0.000,0,0,"HV=OFF, Fault=NO"
335.268238,2026-03-10 18:02:52.192,ARDUINO_PSI,Arduino,0.000,0.000,12.819,,
335.350748,2026-03-10 18:02:52.274,WJ_VOLTAGE,WJ2,0.000,0.000,0,0,"HV=OFF, Fault=NO"
335.365913,2026-03-10 18:02:52.289,ARDUINO_PSI,Arduino,0.000,0.000,12.819,,
335.467152,2026-03-10 18:02:52.391,ARDUINO_PSI,Arduino,0.000,0.000,12.819,,
335.568515,2026-03-10 18:02:52.492,ARDUINO_PSI,Arduino,0.000,0.000,12.822,,
335.666550,2026-03-10 18:02:52.590,ARDUINO_PSI,Arduino,0.000,0.000,12.822,,
335.738599,2026-03-10 18:02:52.662,WJ_VOLTAGE,WJ1,0.000,0.000,0,0,"HV=OFF, Fault=NO"
335.765993,2026-03-10 18:02:52.689,ARDUINO_PSI,Arduino,0.000,0.000,12.822,,
335.866652,2026-03-10 18:02:52.790,ARDUINO_PSI,Arduino,0.000,0.000,12.812,,
335.878568,2026-03-10 18:02:52.802,WJ_VOLTAGE,WJ2,0.000,0.000,0,0,"HV=OFF, Fault=NO"
335.966695,2026-03-10 18:02:52.890,ARDUINO_PSI,Arduino,0.000,0.000,12.817,,
336.066656,2026-03-10 18:02:52.990,ARDUINO_PSI,Arduino,0.000,0.000,12.817,,
336.168698,2026-03-10 18:02:53.092,ARDUINO_PSI,Arduino,0.000,0.000,12.824,,
336.267280,2026-03-10 18:02:53.191,WJ_VOLTAGE,WJ1,0.000,0.000,0,0,"HV=OFF, Fault=NO"
336.279902,2026-03-10 18:02:53.203,ARDUINO_PSI,Arduino,0.000,0.000,12.812,,
336.366512,2026-03-10 18:02:53.290,ARDUINO_PSI,Arduino,0.000,0.000,12.819,,
336.404896,2026-03-10 18:02:53.328,WJ_VOLTAGE,WJ2,0.000,0.000,0,0,"HV=OFF, Fault=NO"
336.466485,2026-03-10 18:02:53.390,ARDUINO_PSI,Arduino,0.000,0.000,12.817,,
336.566558,2026-03-10 18:02:53.490,ARDUINO_PSI,Arduino,0.000,0.000,12.824,,
336.666600,2026-03-10 18:02:53.592,ARDUINO_PSI,Arduino,0.000,0.000,12.822,,
336.766079,2026-03-10 18:02:53.689,ARDUINO_PSI,Arduino,0.000,0.000,12.819,,
336.793321,2026-03-10 18:02:53.717,WJ_VOLTAGE,WJ1,0.000,0.000,0,0,"HV=OFF, Fault=NO"
336.865953,2026-03-10 18:02:53.789,ARDUINO_PSI,Arduino,0.000,0.000,12.838,,
336.938210,2026-03-10 18:02:53.862,WJ_VOLTAGE,WJ2,0.000,0.000,0,0,"HV=OFF, Fault=NO"
336.965959,2026-03-10 18:02:53.889,ARDUINO_PSI,Arduino,0.000,0.000,12.835,,
337.066597,2026-03-10 18:02:53.990,ARDUINO_PSI,Arduino,0.000,0.000,12.831,,
337.167954,2026-03-10 18:02:54.091,ARDUINO_PSI,Arduino,0.000,0.000,12.831,,
337.266620,2026-03-10 18:02:54.190,ARDUINO_PSI,Arduino,0.000,0.000,12.831,,
337.326213,2026-03-10 18:02:54.250,WJ_VOLTAGE,WJ1,0.000,0.000,0,0,"HV=OFF, Fault=NO"
337.365944,2026-03-10 18:02:54.289,ARDUINO_PSI,Arduino,0.000,0.000,12.845,,
337.466398,2026-03-10 18:02:54.390,WJ_VOLTAGE,WJ2,0.000,0.000,0,0,"HV=OFF, Fault=NO"
337.470191,2026-03-10 18:02:54.394,ARDUINO_PSI,Arduino,0.000,0.000,12.845,,
337.566612,2026-03-10 18:02:54.490,ARDUINO_PSI,Arduino,0.000,0.000,12.858,,
337.666402,2026-03-10 18:02:54.590,ARDUINO_PSI,Arduino,0.000,0.000,12.861,,
337.768484,2026-03-10 18:02:54.692,ARDUINO_PSI,Arduino,0.000,0.000,12.854,,
337.853658,2026-03-10 18:02:54.777,WJ_VOLTAGE,WJ1,0.000,0.000,0,0,"HV=OFF, Fault=NO"
337.870236,2026-03-10 18:02:54.794,ARDUINO_PSI,Arduino,0.000,0.000,12.854,,
337.967556,2026-03-10 18:02:54.891,ARDUINO_PSI,Arduino,0.000,0.000,12.851,,
337.994582,2026-03-10 18:02:54.918,WJ_VOLTAGE,WJ2,0.000,0.000,0,0,"HV=OFF, Fault=NO"
338.066548,2026-03-10 18:02:54.990,ARDUINO_PSI,Arduino,0.000,0.000,12.849,,
338.166772,2026-03-10 18:02:55.090,ARDUINO_PSI,Arduino,0.000,0.000,12.854,,
338.267979,2026-03-10 18:02:55.191,ARDUINO_PSI,Arduino,0.000,0.000,12.854,,
338.366641,2026-03-10 18:02:55.290,ARDUINO_PSI,Arduino,0.000,0.000,12.856,,
338.385785,2026-03-10 18:02:55.309,WJ_VOLTAGE,WJ1,0.000,0.000,0,0,"HV=OFF, Fault=NO"
338.466118,2026-03-10 18:02:55.389,ARDUINO_PSI,Arduino,0.000,0.000,12.854,,
338.526395,2026-03-10 18:02:55.450,WJ_VOLTAGE,WJ2,0.000,0.000,0,0,"HV=OFF, Fault=NO"
338.565917,2026-03-10 18:02:55.489,ARDUINO_PSI,Arduino,0.000,0.000,12.847,,
338.666489,2026-03-10 18:02:55.590,ARDUINO_PSI,Arduino,0.000,0.000,12.835,,
338.766603,2026-03-10 18:02:55.690,ARDUINO_PSI,Arduino,0.000,0.000,12.826,,
338.866566,2026-03-10 18:02:55.790,ARDUINO_PSI,Arduino,0.000,0.000,12.815,,
338.905211,2026-03-10 18:02:55.829,WJ_VOLTAGE,WJ1,0.000,0.000,0,0,"HV=OFF, Fault=NO"
338.968060,2026-03-10 18:02:55.891,ARDUINO_PSI,Arduino,0.000,0.000,12.812,,
339.045902,2026-03-10 18:02:55.969,WJ_VOLTAGE,WJ2,0.000,0.000,0,0,"HV=OFF, Fault=NO"
339.065979,2026-03-10 18:02:55.989,ARDUINO_PSI,Arduino,0.000,0.000,12.822,,
339.168379,2026-03-10 18:02:56.092,ARDUINO_PSI,Arduino,0.000,0.000,12.815,,
339.266572,2026-03-10 18:02:56.190,ARDUINO_PSI,Arduino,0.000,0.000,12.822,,
339.366390,2026-03-10 18:02:56.290,ARDUINO_PSI,Arduino,0.000,0.000,12.817,,
339.435367,2026-03-10 18:02:56.359,WJ_VOLTAGE,WJ1,0.000,0.000,0,0,"HV=OFF, Fault=NO"
339.465912,2026-03-10 18:02:56.389,ARDUINO_PSI,Arduino,0.000,0.000,12.815,,
339.565897,2026-03-10 18:02:56.489,ARDUINO_PSI,Arduino,0.000,0.000,12.808,,
339.572823,2026-03-10 18:02:56.496,WJ_VOLTAGE,WJ2,0.000,0.000,0,0,"HV=OFF, Fault=NO"
339.668656,2026-03-10 18:02:56.592,ARDUINO_PSI,Arduino,0.000,0.000,12.801,,
339.766518,2026-03-10 18:02:56.690,ARDUINO_PSI,Arduino,0.000,0.000,12.799,,
339.866589,2026-03-10 18:02:56.790,ARDUINO_PSI,Arduino,0.000,0.000,12.808,,
339.964545,2026-03-10 18:02:56.888,WJ_VOLTAGE,WJ1,0.000,0.000,0,0,"HV=OFF, Fault=NO"
339.976621,2026-03-10 18:02:56.900,ARDUINO_PSI,Arduino,0.000,0.000,12.803,,
340.068783,2026-03-10 18:02:56.992,ARDUINO_PSI,Arduino,0.000,0.000,12.806,,
340.103620,2026-03-10 18:02:57.027,WJ_VOLTAGE,WJ2,0.000,0.000,0,0,"HV=OFF, Fault=NO"
340.168088,2026-03-10 18:02:57.091,ARDUINO_PSI,Arduino,0.000,0.000,12.803,,
340.266662,2026-03-10 18:02:57.190,ARDUINO_PSI,Arduino,0.000,0.000,12.810,,
340.366122,2026-03-10 18:02:57.290,ARDUINO_PSI,Arduino,0.000,0.000,12.794,,
340.466654,2026-03-10 18:02:57.390,ARDUINO_PSI,Arduino,0.000,0.000,12.792,,
340.491056,2026-03-10 18:02:57.414,WJ_VOLTAGE,WJ1,0.000,0.000,0,0,"HV=OFF, Fault=NO"
340.568238,2026-03-10 18:02:57.492,ARDUINO_PSI,Arduino,0.000,0.000,12.790,,
340.631178,2026-03-10 18:02:57.555,WJ_VOLTAGE,WJ2,0.000,0.000,0,0,"HV=OFF, Fault=NO"
340.665976,2026-03-10 18:02:57.589,ARDUINO_PSI,Arduino,0.000,0.000,12.799,,
340.767671,2026-03-10 18:02:57.691,ARDUINO_PSI,Arduino,0.000,0.000,12.808,,
340.866002,2026-03-10 18:02:57.789,ARDUINO_PSI,Arduino,0.000,0.000,12.812,,
340.968015,2026-03-10 18:02:57.891,ARDUINO_PSI,Arduino,0.000,0.000,12.810,,
341.019776,2026-03-10 18:02:57.943,WJ_VOLTAGE,WJ1,0.000,0.000,0,0,"HV=OFF, Fault=NO"
341.066354,2026-03-10 18:02:57.990,ARDUINO_PSI,Arduino,0.000,0.000,12.803,,
341.159344,2026-03-10 18:02:58.083,WJ_VOLTAGE,WJ2,0.000,0.000,0,0,"HV=OFF, Fault=NO"
341.171839,2026-03-10 18:02:58.095,ARDUINO_PSI,Arduino,0.000,0.000,12.801,,
341.266652,2026-03-10 18:02:58.190,ARDUINO_PSI,Arduino,0.000,0.000,12.796,,
341.365949,2026-03-10 18:02:58.289,ARDUINO_PSI,Arduino,0.000,0.000,12.801,,
341.466513,2026-03-10 18:02:58.390,ARDUINO_PSI,Arduino,0.000,0.000,12.801,,
341.537324,2026-03-10 18:02:58.461,WJ_VOLTAGE,WJ1,0.000,0.000,0,0,"HV=OFF, Fault=NO"
341.566501,2026-03-10 18:02:58.490,ARDUINO_PSI,Arduino,0.000,0.000,12.792,,
341.668582,2026-03-10 18:02:58.592,ARDUINO_PSI,Arduino,0.000,0.000,12.803,,
341.676450,2026-03-10 18:02:58.600,WJ_VOLTAGE,WJ2,0.000,0.000,0,0,"HV=OFF, Fault=NO"
341.768378,2026-03-10 18:02:58.692,ARDUINO_PSI,Arduino,0.000,0.000,12.808,,
341.868375,2026-03-10 18:02:58.792,ARDUINO_PSI,Arduino,0.000,0.000,12.806,,
341.969002,2026-03-10 18:02:58.892,ARDUINO_PSI,Arduino,0.000,0.000,12.817,,
342.054773,2026-03-10 18:02:58.978,WJ_VOLTAGE,WJ1,0.000,0.000,0,0,"HV=OFF, Fault=NO"
342.071243,2026-03-10 18:02:58.995,ARDUINO_PSI,Arduino,0.000,0.000,12.806,,
342.168354,2026-03-10 18:02:59.092,ARDUINO_PSI,Arduino,0.000,0.000,12.801,,
342.207887,2026-03-10 18:02:59.131,WJ_VOLTAGE,WJ2,0.000,0.000,0,0,"HV=OFF, Fault=NO"
342.266577,2026-03-10 18:02:59.190,ARDUINO_PSI,Arduino,0.000,0.000,12.808,,
342.366602,2026-03-10 18:02:59.290,ARDUINO_PSI,Arduino,0.000,0.000,12.806,,
342.466000,2026-03-10 18:02:59.389,ARDUINO_PSI,Arduino,0.000,0.000,12.808,,
342.566514,2026-03-10 18:02:59.490,ARDUINO_PSI,Arduino,0.000,0.000,12.801,,
342.581051,2026-03-10 18:02:59.504,WJ_VOLTAGE,WJ1,0.000,0.000,0,0,"HV=OFF, Fault=NO"
342.665903,2026-03-10 18:02:59.589,ARDUINO_PSI,Arduino,0.000,0.000,12.796,,
342.739169,2026-03-10 18:02:59.663,WJ_VOLTAGE,WJ2,0.000,0.000,0,0,"HV=OFF, Fault=NO"
342.767988,2026-03-10 18:02:59.691,ARDUINO_PSI,Arduino,0.000,0.000,12.801,,
342.869008,2026-03-10 18:02:59.792,ARDUINO_PSI,Arduino,0.000,0.000,12.796,,
342.968450,2026-03-10 18:02:59.892,ARDUINO_PSI,Arduino,0.000,0.000,12.799,,
343.068757,2026-03-10 18:02:59.992,ARDUINO_PSI,Arduino,0.000,0.000,12.799,,
343.113136,2026-03-10 18:03:00.037,WJ_VOLTAGE,WJ1,0.000,0.000,0,0,"HV=OFF, Fault=NO"
343.166069,2026-03-10 18:03:00.089,ARDUINO_PSI,Arduino,0.000,0.000,12.808,,
343.268673,2026-03-10 18:03:00.192,ARDUINO_PSI,Arduino,0.000,0.000,12.812,,
343.272878,2026-03-10 18:03:00.196,WJ_VOLTAGE,WJ2,0.000,0.000,0,0,"HV=OFF, Fault=NO"
343.368809,2026-03-10 18:03:00.292,ARDUINO_PSI,Arduino,0.000,0.000,12.810,,
343.466684,2026-03-10 18:03:00.390,ARDUINO_PSI,Arduino,0.000,0.000,12.817,,
343.566434,2026-03-10 18:03:00.490,ARDUINO_PSI,Arduino,0.000,0.000,12.833,,
343.645527,2026-03-10 18:03:00.569,WJ_VOLTAGE,WJ1,0.000,0.000,0,0,"HV=OFF, Fault=NO"
343.665912,2026-03-10 18:03:00.589,ARDUINO_PSI,Arduino,0.000,0.000,12.824,,
343.767731,2026-03-10 18:03:00.691,ARDUINO_PSI,Arduino,0.000,0.000,12.833,,
343.799133,2026-03-10 18:03:00.723,WJ_VOLTAGE,WJ2,0.000,0.000,0,0,"HV=OFF, Fault=NO"
343.866694,2026-03-10 18:03:00.790,ARDUINO_PSI,Arduino,0.000,0.000,12.840,,
343.968869,2026-03-10 18:03:00.892,ARDUINO_PSI,Arduino,0.000,0.000,12.838,,
344.065927,2026-03-10 18:03:00.989,ARDUINO_PSI,Arduino,0.000,0.000,12.840,,
344.166659,2026-03-10 18:03:01.090,ARDUINO_PSI,Arduino,0.000,0.000,12.835,,
344.174675,2026-03-10 18:03:01.098,WJ_VOLTAGE,WJ1,0.000,0.000,0,0,"HV=OFF, Fault=NO"
344.268246,2026-03-10 18:03:01.192,ARDUINO_PSI,Arduino,0.000,0.000,12.828,,
344.332555,2026-03-10 18:03:01.256,WJ_VOLTAGE,WJ2,0.000,0.000,0,0,"HV=OFF, Fault=NO"
344.365932,2026-03-10 18:03:01.289,ARDUINO_PSI,Arduino,0.000,0.000,12.835,,
344.468800,2026-03-10 18:03:01.392,ARDUINO_PSI,Arduino,0.000,0.000,12.828,,
344.568433,2026-03-10 18:03:01.492,ARDUINO_PSI,Arduino,0.000,0.000,12.840,,
344.666472,2026-03-10 18:03:01.590,ARDUINO_PSI,Arduino,0.000,0.000,12.851,,
344.704867,2026-03-10 18:03:01.628,WJ_VOLTAGE,WJ1,0.000,0.000,0,0,"HV=OFF, Fault=NO"
344.766629,2026-03-10 18:03:01.690,ARDUINO_PSI,Arduino,0.000,0.000,12.849,,
344.860888,2026-03-10 18:03:01.784,WJ_VOLTAGE,WJ2,0.000,0.000,0,0,"HV=OFF, Fault=NO"
344.872352,2026-03-10 18:03:01.796,ARDUINO_PSI,Arduino,0.000,0.000,12.856,,
344.968049,2026-03-10 18:03:01.891,ARDUINO_PSI,Arduino,0.000,0.000,12.865,,
345.066460,2026-03-10 18:03:01.990,ARDUINO_PSI,Arduino,0.000,0.000,12.861,,
345.166025,2026-03-10 18:03:02.089,ARDUINO_PSI,Arduino,0.000,0.000,12.856,,
345.237201,2026-03-10 18:03:02.161,WJ_VOLTAGE,WJ1,0.000,0.000,0,0,"HV=OFF, Fault=NO"
345.265971,2026-03-10 18:03:02.189,ARDUINO_PSI,Arduino,0.000,0.000,12.847,,
345.366603,2026-03-10 18:03:02.290,ARDUINO_PSI,Arduino,0.000,0.000,12.840,,
345.392523,2026-03-10 18:03:02.316,WJ_VOLTAGE,WJ2,0.000,0.000,0,0,"HV=OFF, Fault=NO"
345.466607,2026-03-10 18:03:02.390,ARDUINO_PSI,Arduino,0.000,0.000,12.840,,
345.568509,2026-03-10 18:03:02.492,ARDUINO_PSI,Arduino,0.000,0.000,12.828,,
345.669028,2026-03-10 18:03:02.592,ARDUINO_PSI,Arduino,0.000,0.000,12.826,,
345.765301,2026-03-10 18:03:02.689,WJ_VOLTAGE,WJ1,0.000,0.000,0,0,"HV=OFF, Fault=NO"
345.772524,2026-03-10 18:03:02.696,ARDUINO_PSI,Arduino,0.000,0.000,12.812,,
345.866608,2026-03-10 18:03:02.790,ARDUINO_PSI,Arduino,0.000,0.000,12.796,,
345.921875,2026-03-10 18:03:02.845,WJ_VOLTAGE,WJ2,0.000,0.000,0,0,"HV=OFF, Fault=NO"
345.966131,2026-03-10 18:03:02.890,ARDUINO_PSI,Arduino,0.000,0.000,12.790,,
346.068456,2026-03-10 18:03:02.992,ARDUINO_PSI,Arduino,0.000,0.000,12.794,,
346.166488,2026-03-10 18:03:03.090,ARDUINO_PSI,Arduino,0.000,0.000,12.812,,
346.268547,2026-03-10 18:03:03.192,ARDUINO_PSI,Arduino,0.000,0.000,12.812,,
346.284081,2026-03-10 18:03:03.207,WJ_VOLTAGE,WJ1,0.000,0.000,0,0,"HV=OFF, Fault=NO"
346.366671,2026-03-10 18:03:03.290,ARDUINO_PSI,Arduino,0.000,0.000,12.808,,
346.455311,2026-03-10 18:03:03.379,WJ_VOLTAGE,WJ2,0.000,0.000,0,0,"HV=OFF, Fault=NO"
346.465955,2026-03-10 18:03:03.389,ARDUINO_PSI,Arduino,0.000,0.000,12.806,,
346.566497,2026-03-10 18:03:03.490,ARDUINO_PSI,Arduino,0.000,0.000,12.806,,
346.668223,2026-03-10 18:03:03.592,ARDUINO_PSI,Arduino,0.000,0.000,12.803,,
346.766176,2026-03-10 18:03:03.690,ARDUINO_PSI,Arduino,0.000,0.000,12.801,,
346.811793,2026-03-10 18:03:03.735,WJ_VOLTAGE,WJ1,0.000,0.000,0,0,"HV=OFF, Fault=NO"
346.865931,2026-03-10 18:03:03.789,ARDUINO_PSI,Arduino,0.000,0.000,12.799,,
346.965983,2026-03-10 18:03:03.889,ARDUINO_PSI,Arduino,0.000,0.000,12.792,,
346.985251,2026-03-10 18:03:03.909,WJ_VOLTAGE,WJ2,0.000,0.000,0,0,"HV=OFF, Fault=NO"
347.065969,2026-03-10 18:03:03.989,ARDUINO_PSI,Arduino,0.000,0.000,12.796,,
347.166671,2026-03-10 18:03:04.090,ARDUINO_PSI,Arduino,0.000,0.000,12.792,,
347.265925,2026-03-10 18:03:04.189,ARDUINO_PSI,Arduino,0.000,0.000,12.785,,
347.342964,2026-03-10 18:03:04.266,WJ_VOLTAGE,WJ1,0.000,0.000,0,0,"HV=OFF, Fault=NO"
347.365894,2026-03-10 18:03:04.289,ARDUINO_PSI,Arduino,0.000,0.000,12.792,,
347.468488,2026-03-10 18:03:04.392,ARDUINO_PSI,Arduino,0.000,0.000,12.790,,
347.512589,2026-03-10 18:03:04.436,WJ_VOLTAGE,WJ2,0.000,0.000,0,0,"HV=OFF, Fault=NO"
347.566425,2026-03-10 18:03:04.490,ARDUINO_PSI,Arduino,0.000,0.000,12.787,,
347.666523,2026-03-10 18:03:04.590,ARDUINO_PSI,Arduino,0.000,0.000,12.801,,
347.765922,2026-03-10 18:03:04.689,ARDUINO_PSI,Arduino,0.000,0.000,12.810,,
347.868839,2026-03-10 18:03:04.792,ARDUINO_PSI,Arduino,0.000,0.000,12.815,,
347.874754,2026-03-10 18:03:04.798,WJ_VOLTAGE,WJ1,0.000,0.000,0,0,"HV=OFF, Fault=NO"
347.967154,2026-03-10 18:03:04.891,ARDUINO_PSI,Arduino,0.000,0.000,12.810,,
348.045559,2026-03-10 18:03:04.969,WJ_VOLTAGE,WJ2,0.000,0.000,0,0,"HV=OFF, Fault=NO"
348.065926,2026-03-10 18:03:04.989,ARDUINO_PSI,Arduino,0.000,0.000,12.815,,
348.168126,2026-03-10 18:03:05.092,ARDUINO_PSI,Arduino,0.000,0.000,12.799,,
348.266670,2026-03-10 18:03:05.190,ARDUINO_PSI,Arduino,0.000,0.000,12.801,,
348.368482,2026-03-10 18:03:05.292,ARDUINO_PSI,Arduino,0.000,0.000,12.799,,
348.405771,2026-03-10 18:03:05.329,WJ_VOLTAGE,WJ1,0.000,0.000,0,0,"HV=OFF, Fault=NO"
348.466163,2026-03-10 18:03:05.390,ARDUINO_PSI,Arduino,0.000,0.000,12.801,,
348.566577,2026-03-10 18:03:05.490,ARDUINO_PSI,Arduino,0.000,0.000,12.803,,
348.577652,2026-03-10 18:03:05.501,WJ_VOLTAGE,WJ2,0.000,0.000,0,0,"HV=OFF, Fault=NO"
348.669531,2026-03-10 18:03:05.593,ARDUINO_PSI,Arduino,0.000,0.000,12.792,,
348.765900,2026-03-10 18:03:05.689,ARDUINO_PSI,Arduino,0.000,0.000,12.783,,
348.866579,2026-03-10 18:03:05.790,ARDUINO_PSI,Arduino,0.000,0.000,12.778,,
348.936342,2026-03-10 18:03:05.860,WJ_VOLTAGE,WJ1,0.000,0.000,0,0,"HV=OFF, Fault=NO"
348.966029,2026-03-10 18:03:05.889,ARDUINO_PSI,Arduino,0.000,0.000,12.780,,
349.066467,2026-03-10 18:03:05.990,ARDUINO_PSI,Arduino,0.000,0.000,12.767,,
349.093611,2026-03-10 18:03:06.017,WJ_VOLTAGE,WJ2,0.000,0.000,0,0,"HV=OFF, Fault=NO"
349.166662,2026-03-10 18:03:06.090,ARDUINO_PSI,Arduino,0.000,0.000,12.760,,
349.266240,2026-03-10 18:03:06.190,ARDUINO_PSI,Arduino,0.000,0.000,12.771,,
349.365950,2026-03-10 18:03:06.289,ARDUINO_PSI,Arduino,0.000,0.000,12.776,,
349.456827,2026-03-10 18:03:06.380,WJ_VOLTAGE,WJ1,0.000,0.000,0,0,"HV=OFF, Fault=NO"
349.469873,2026-03-10 18:03:06.393,ARDUINO_PSI,Arduino,0.000,0.000,12.776,,
349.566617,2026-03-10 18:03:06.490,ARDUINO_PSI,Arduino,0.000,0.000,12.774,,
349.627200,2026-03-10 18:03:06.551,WJ_VOLTAGE,WJ2,0.000,0.000,0,0,"HV=OFF, Fault=NO"
349.665981,2026-03-10 18:03:06.589,ARDUINO_PSI,Arduino,0.000,0.000,12.755,,
349.766727,2026-03-10 18:03:06.690,ARDUINO_PSI,Arduino,0.000,0.000,12.746,,
349.868978,2026-03-10 18:03:06.792,ARDUINO_PSI,Arduino,0.000,0.000,12.744,,
349.966696,2026-03-10 18:03:06.890,ARDUINO_PSI,Arduino,0.000,0.000,12.758,,
349.986396,2026-03-10 18:03:06.910,WJ_VOLTAGE,WJ1,0.000,0.000,0,0,"HV=OFF, Fault=NO"
350.066687,2026-03-10 18:03:06.990,ARDUINO_PSI,Arduino,0.000,0.000,12.753,,
350.158131,2026-03-10 18:03:07.082,WJ_VOLTAGE,WJ2,0.000,0.000,0,0,"HV=OFF, Fault=NO"
350.172893,2026-03-10 18:03:07.096,ARDUINO_PSI,Arduino,0.000,0.000,12.760,,
350.268662,2026-03-10 18:03:07.192,ARDUINO_PSI,Arduino,0.000,0.000,12.758,,
350.366641,2026-03-10 18:03:07.290,ARDUINO_PSI,Arduino,0.000,0.000,12.771,,
350.468037,2026-03-10 18:03:07.391,ARDUINO_PSI,Arduino,0.000,0.000,12.764,,
350.519424,2026-03-10 18:03:07.443,WJ_VOLTAGE,WJ1,0.000,0.000,0,0,"HV=OFF, Fault=NO"
350.566480,2026-03-10 18:03:07.490,ARDUINO_PSI,Arduino,0.000,0.000,12.755,,
350.668489,2026-03-10 18:03:07.592,ARDUINO_PSI,Arduino,0.000,0.000,12.764,,
350.688861,2026-03-10 18:03:07.612,WJ_VOLTAGE,WJ2,0.000,0.000,0,0,"HV=OFF, Fault=NO"
350.766457,2026-03-10 18:03:07.690,ARDUINO_PSI,Arduino,0.000,0.000,12.771,,
350.866544,2026-03-10 18:03:07.790,ARDUINO_PSI,Arduino,0.000,0.000,12.767,,
350.967374,2026-03-10 18:03:07.891,ARDUINO_PSI,Arduino,0.000,0.000,12.769,,
351.047836,2026-03-10 18:03:07.971,WJ_VOLTAGE,WJ1,0.000,0.000,0,0,"HV=OFF, Fault=NO"
351.065826,2026-03-10 18:03:07.989,ARDUINO_PSI,Arduino,0.000,0.000,12.774,,
351.166631,2026-03-10 18:03:08.090,ARDUINO_PSI,Arduino,0.000,0.000,12.776,,
351.219872,2026-03-10 18:03:08.143,WJ_VOLTAGE,WJ2,0.000,0.000,0,0,"HV=OFF, Fault=NO"
351.266172,2026-03-10 18:03:08.190,ARDUINO_PSI,Arduino,0.000,0.000,12.762,,
351.366482,2026-03-10 18:03:08.290,ARDUINO_PSI,Arduino,0.000,0.000,12.760,,
351.468333,2026-03-10 18:03:08.392,ARDUINO_PSI,Arduino,0.000,0.000,12.760,,
351.565897,2026-03-10 18:03:08.489,ARDUINO_PSI,Arduino,0.000,0.000,12.776,,
351.574347,2026-03-10 18:03:08.498,WJ_VOLTAGE,WJ1,0.000,0.000,0,0,"HV=OFF, Fault=NO"
351.668533,2026-03-10 18:03:08.592,ARDUINO_PSI,Arduino,0.000,0.000,12.780,,
351.746854,2026-03-10 18:03:08.670,WJ_VOLTAGE,WJ2,0.000,0.000,0,0,"HV=OFF, Fault=NO"
351.766024,2026-03-10 18:03:08.689,ARDUINO_PSI,Arduino,0.000,0.000,12.790,,
351.866735,2026-03-10 18:03:08.790,ARDUINO_PSI,Arduino,0.000,0.000,12.794,,
351.966552,2026-03-10 18:03:08.890,ARDUINO_PSI,Arduino,0.000,0.000,12.780,,
352.069003,2026-03-10 18:03:08.992,ARDUINO_PSI,Arduino,0.000,0.000,12.780,,
352.104411,2026-03-10 18:03:09.028,WJ_VOLTAGE,WJ1,0.000,0.000,0,0,"HV=OFF, Fault=NO"
352.168427,2026-03-10 18:03:09.092,ARDUINO_PSI,Arduino,0.000,0.000,12.785,,
352.266574,2026-03-10 18:03:09.190,ARDUINO_PSI,Arduino,0.000,0.000,12.785,,
352.275685,2026-03-10 18:03:09.199,WJ_VOLTAGE,WJ2,0.000,0.000,0,0,"HV=OFF, Fault=NO"
352.366601,2026-03-10 18:03:09.290,ARDUINO_PSI,Arduino,0.000,0.000,12.776,,
352.468041,2026-03-10 18:03:09.391,ARDUINO_PSI,Arduino,0.000,0.000,12.785,,
352.566567,2026-03-10 18:03:09.490,ARDUINO_PSI,Arduino,0.000,0.000,12.794,,
352.636753,2026-03-10 18:03:09.560,WJ_VOLTAGE,WJ1,0.000,0.000,0,0,"HV=OFF, Fault=NO"
352.665852,2026-03-10 18:03:09.589,ARDUINO_PSI,Arduino,0.000,0.000,12.792,,
352.766030,2026-03-10 18:03:09.689,ARDUINO_PSI,Arduino,0.000,0.000,12.799,,
352.808133,2026-03-10 18:03:09.732,WJ_VOLTAGE,WJ2,0.000,0.000,0,0,"HV=OFF, Fault=NO"
352.866576,2026-03-10 18:03:09.790,ARDUINO_PSI,Arduino,0.000,0.000,12.812,,
352.966556,2026-03-10 18:03:09.890,ARDUINO_PSI,Arduino,0.000,0.000,12.810,,
353.066757,2026-03-10 18:03:09.990,ARDUINO_PSI,Arduino,0.000,0.000,12.817,,
353.166090,2026-03-10 18:03:10.089,WJ_VOLTAGE,WJ1,0.000,0.000,0,0,"HV=OFF, Fault=NO"
353.178828,2026-03-10 18:03:10.102,ARDUINO_PSI,Arduino,0.000,0.000,12.824,,
353.266624,2026-03-10 18:03:10.190,ARDUINO_PSI,Arduino,0.000,0.000,12.840,,
353.338202,2026-03-10 18:03:10.262,WJ_VOLTAGE,WJ2,0.000,0.000,0,0,"HV=OFF, Fault=NO"
353.365823,2026-03-10 18:03:10.289,ARDUINO_PSI,Arduino,0.000,0.000,12.845,,
353.468184,2026-03-10 18:03:10.392,ARDUINO_PSI,Arduino,0.000,0.000,12.845,,
353.566731,2026-03-10 18:03:10.490,ARDUINO_PSI,Arduino,0.000,0.000,12.840,,
353.665920,2026-03-10 18:03:10.589,ARDUINO_PSI,Arduino,0.000,0.000,12.847,,
353.694107,2026-03-10 18:03:10.617,WJ_VOLTAGE,WJ1,0.000,0.000,0,0,"HV=OFF, Fault=NO"
353.766648,2026-03-10 18:03:10.690,ARDUINO_PSI,Arduino,0.000,0.000,12.851,,
353.870745,2026-03-10 18:03:10.794,WJ_VOLTAGE,WJ2,0.000,0.000,0,0,"HV=OFF, Fault=NO"
353.872485,2026-03-10 18:03:10.796,ARDUINO_PSI,Arduino,0.000,0.000,12.838,,
353.966689,2026-03-10 18:03:10.890,ARDUINO_PSI,Arduino,0.000,0.000,12.851,,
354.066603,2026-03-10 18:03:10.990,ARDUINO_PSI,Arduino,0.000,0.000,12.851,,
354.168742,2026-03-10 18:03:11.092,ARDUINO_PSI,Arduino,0.000,0.000,12.854,,
354.226424,2026-03-10 18:03:11.150,WJ_VOLTAGE,WJ1,0.000,0.000,0,0,"HV=OFF, Fault=NO"
354.265927,2026-03-10 18:03:11.189,ARDUINO_PSI,Arduino,0.000,0.000,12.854,,
354.366625,2026-03-10 18:03:11.290,ARDUINO_PSI,Arduino,0.000,0.000,12.867,,
354.397120,2026-03-10 18:03:11.320,WJ_VOLTAGE,WJ2,0.000,0.000,0,0,"HV=OFF, Fault=NO"
354.468191,2026-03-10 18:03:11.392,ARDUINO_PSI,Arduino,0.000,0.000,12.865,,
354.566631,2026-03-10 18:03:11.490,ARDUINO_PSI,Arduino,0.000,0.000,12.865,,
354.666576,2026-03-10 18:03:11.590,ARDUINO_PSI,Arduino,0.000,0.000,12.856,,
354.753633,2026-03-10 18:03:11.677,WJ_VOLTAGE,WJ1,0.000,0.000,0,0,"HV=OFF, Fault=NO"
354.765974,2026-03-10 18:03:11.689,ARDUINO_PSI,Arduino,0.000,0.000,12.845,,
354.866605,2026-03-10 18:03:11.790,ARDUINO_PSI,Arduino,0.000,0.000,12.835,,
354.926054,2026-03-10 18:03:11.849,WJ_VOLTAGE,WJ2,0.000,0.000,0,0,"HV=OFF, Fault=NO"
354.966020,2026-03-10 18:03:11.889,ARDUINO_PSI,Arduino,0.000,0.000,12.828,,
355.068428,2026-03-10 18:03:11.992,ARDUINO_PSI,Arduino,0.000,0.000,12.824,,
355.166587,2026-03-10 18:03:12.090,ARDUINO_PSI,Arduino,0.000,0.000,12.826,,
355.266636,2026-03-10 18:03:12.190,ARDUINO_PSI,Arduino,0.000,0.000,12.817,,
355.272661,2026-03-10 18:03:12.196,WJ_VOLTAGE,WJ1,0.000,0.000,0,0,"HV=OFF, Fault=NO"
355.366679,2026-03-10 18:03:12.290,ARDUINO_PSI,Arduino,0.000,0.000,12.812,,
355.457373,2026-03-10 18:03:12.381,WJ_VOLTAGE,WJ2,0.000,0.000,0,0,"HV=OFF, Fault=NO"
355.468994,2026-03-10 18:03:12.392,ARDUINO_PSI,Arduino,0.000,0.000,12.819,,
355.566545,2026-03-10 18:03:12.490,ARDUINO_PSI,Arduino,0.000,0.000,12.826,,
355.666028,2026-03-10 18:03:12.589,ARDUINO_PSI,Arduino,0.000,0.000,12.824,,
355.766393,2026-03-10 18:03:12.690,ARDUINO_PSI,Arduino,0.000,0.000,12.812,,
355.796629,2026-03-10 18:03:12.720,WJ_VOLTAGE,WJ1,0.000,0.000,0,0,"HV=OFF, Fault=NO"
355.868699,2026-03-10 18:03:12.792,ARDUINO_PSI,Arduino,0.000,0.000,12.824,,
355.968410,2026-03-10 18:03:12.892,ARDUINO_PSI,Arduino,0.000,0.000,12.810,,
355.987269,2026-03-10 18:03:12.911,WJ_VOLTAGE,WJ2,0.000,0.000,0,0,"HV=OFF, Fault=NO"
356.068487,2026-03-10 18:03:12.992,ARDUINO_PSI,Arduino,0.000,0.000,12.810,,
356.166669,2026-03-10 18:03:13.090,ARDUINO_PSI,Arduino,0.000,0.000,12.799,,
356.268708,2026-03-10 18:03:13.192,ARDUINO_PSI,Arduino,0.000,0.000,12.796,,
356.328850,2026-03-10 18:03:13.252,WJ_VOLTAGE,WJ1,0.000,0.000,0,0,"HV=OFF, Fault=NO"
356.365926,2026-03-10 18:03:13.289,ARDUINO_PSI,Arduino,0.000,0.000,12.799,,
356.468359,2026-03-10 18:03:13.392,ARDUINO_PSI,Arduino,0.000,0.000,12.799,,
356.514580,2026-03-10 18:03:13.438,WJ_VOLTAGE,WJ2,0.000,0.000,0,0,"HV=OFF, Fault=NO"
356.565936,2026-03-10 18:03:13.489,ARDUINO_PSI,Arduino,0.000,0.000,12.806,,
356.666444,2026-03-10 18:03:13.590,ARDUINO_PSI,Arduino,0.000,0.000,12.810,,
356.765874,2026-03-10 18:03:13.689,ARDUINO_PSI,Arduino,0.000,0.000,12.819,,
356.856665,2026-03-10 18:03:13.780,WJ_VOLTAGE,WJ1,0.000,0.000,0,0,"HV=OFF, Fault=NO"
356.868126,2026-03-10 18:03:13.792,ARDUINO_PSI,Arduino,0.000,0.000,12.828,,
356.967043,2026-03-10 18:03:13.890,ARDUINO_PSI,Arduino,0.000,0.000,12.833,,
357.045647,2026-03-10 18:03:13.969,WJ_VOLTAGE,WJ2,0.000,0.000,0,0,"HV=OFF, Fault=NO"
357.065832,2026-03-10 18:03:13.989,ARDUINO_PSI,Arduino,0.000,0.000,12.826,,
357.167747,2026-03-10 18:03:14.091,ARDUINO_PSI,Arduino,0.000,0.000,12.828,,
357.266506,2026-03-10 18:03:14.190,ARDUINO_PSI,Arduino,0.000,0.000,12.822,,
357.366623,2026-03-10 18:03:14.290,ARDUINO_PSI,Arduino,0.000,0.000,12.815,,
357.386741,2026-03-10 18:03:14.310,WJ_VOLTAGE,WJ1,0.000,0.000,0,0,"HV=OFF, Fault=NO"
357.468199,2026-03-10 18:03:14.392,ARDUINO_PSI,Arduino,0.000,0.000,12.815,,
357.566650,2026-03-10 18:03:14.490,ARDUINO_PSI,Arduino,0.000,0.000,12.803,,
357.573780,2026-03-10 18:03:14.497,WJ_VOLTAGE,WJ2,0.000,0.000,0,0,"HV=OFF, Fault=NO"
357.668103,2026-03-10 18:03:14.591,ARDUINO_PSI,Arduino,0.000,0.000,12.806,,
357.768717,2026-03-10 18:03:14.692,ARDUINO_PSI,Arduino,0.000,0.000,12.801,,
357.866593,2026-03-10 18:03:14.790,ARDUINO_PSI,Arduino,0.000,0.000,12.794,,
357.912164,2026-03-10 18:03:14.836,WJ_VOLTAGE,WJ1,0.000,0.000,0,0,"HV=OFF, Fault=NO"
357.966115,2026-03-10 18:03:14.889,ARDUINO_PSI,Arduino,0.000,0.000,12.799,,
358.068476,2026-03-10 18:03:14.992,ARDUINO_PSI,Arduino,0.000,0.000,12.790,,
358.101291,2026-03-10 18:03:15.025,WJ_VOLTAGE,WJ2,0.000,0.000,0,0,"HV=OFF, Fault=NO"
358.168284,2026-03-10 18:03:15.092,ARDUINO_PSI,Arduino,0.000,0.000,12.794,,
358.266651,2026-03-10 18:03:15.190,ARDUINO_PSI,Arduino,0.000,0.000,12.799,,
358.367385,2026-03-10 18:03:15.291,ARDUINO_PSI,Arduino,0.000,0.000,12.780,,
358.445832,2026-03-10 18:03:15.369,WJ_VOLTAGE,WJ1,0.000,0.000,0,0,"HV=OFF, Fault=NO"
358.467439,2026-03-10 18:03:15.391,ARDUINO_PSI,Arduino,0.000,0.000,12.783,,
358.566573,2026-03-10 18:03:15.490,ARDUINO_PSI,Arduino,0.000,0.000,12.776,,
358.631617,2026-03-10 18:03:15.555,WJ_VOLTAGE,WJ2,0.000,0.000,0,0,"HV=OFF, Fault=NO"
358.665890,2026-03-10 18:03:15.589,ARDUINO_PSI,Arduino,0.000,0.000,12.769,,
358.766620,2026-03-10 18:03:15.690,ARDUINO_PSI,Arduino,0.000,0.000,12.776,,
358.866601,2026-03-10 18:03:15.790,ARDUINO_PSI,Arduino,0.000,0.000,12.774,,
358.968577,2026-03-10 18:03:15.892,ARDUINO_PSI,Arduino,0.000,0.000,12.774,,
358.972648,2026-03-10 18:03:15.896,WJ_VOLTAGE,WJ1,0.000,0.000,0,0,"HV=OFF, Fault=NO"
359.066638,2026-03-10 18:03:15.990,ARDUINO_PSI,Arduino,0.000,0.000,12.776,,
359.160477,2026-03-10 18:03:16.084,WJ_VOLTAGE,WJ2,0.000,0.000,0,0,"HV=OFF, Fault=NO"
359.171660,2026-03-10 18:03:16.095,ARDUINO_PSI,Arduino,0.000,0.000,12.776,,
359.269389,2026-03-10 18:03:16.193,ARDUINO_PSI,Arduino,0.000,0.000,12.785,,
359.366025,2026-03-10 18:03:16.289,ARDUINO_PSI,Arduino,0.000,0.000,12.794,,
359.466598,2026-03-10 18:03:16.390,ARDUINO_PSI,Arduino,0.000,0.000,12.783,,
359.504506,2026-03-10 18:03:16.428,WJ_VOLTAGE,WJ1,0.000,0.000,0,0,"HV=OFF, Fault=NO"
359.566748,2026-03-10 18:03:16.490,ARDUINO_PSI,Arduino,0.000,0.000,12.780,,
359.666656,2026-03-10 18:03:16.590,ARDUINO_PSI,Arduino,0.000,0.000,12.780,,
359.677590,2026-03-10 18:03:16.601,WJ_VOLTAGE,WJ2,0.000,0.000,0,0,"HV=OFF, Fault=NO"
359.766273,2026-03-10 18:03:16.690,ARDUINO_PSI,Arduino,0.000,0.000,12.796,,
359.865877,2026-03-10 18:03:16.789,ARDUINO_PSI,Arduino,0.000,0.000,12.803,,
359.968217,2026-03-10 18:03:16.892,ARDUINO_PSI,Arduino,0.000,0.000,12.810,,
360.037228,2026-03-10 18:03:16.961,WJ_VOLTAGE,WJ1,0.000,0.000,0,0,"HV=OFF, Fault=NO"
360.065858,2026-03-10 18:03:16.989,ARDUINO_PSI,Arduino,0.000,0.000,12.819,,
360.166599,2026-03-10 18:03:17.090,ARDUINO_PSI,Arduino,0.000,0.000,12.819,,
360.207493,2026-03-10 18:03:17.131,WJ_VOLTAGE,WJ2,0.000,0.000,0,0,"HV=OFF, Fault=NO"
360.266403,2026-03-10 18:03:17.190,ARDUINO_PSI,Arduino,0.000,0.000,12.819,,
360.366668,2026-03-10 18:03:17.290,ARDUINO_PSI,Arduino,0.000,0.000,12.828,,
360.466604,2026-03-10 18:03:17.390,ARDUINO_PSI,Arduino,0.000,0.000,12.822,,
360.566618,2026-03-10 18:03:17.490,WJ_VOLTAGE,WJ1,0.000,0.000,0,0,"HV=OFF, Fault=NO"
360.576462,2026-03-10 18:03:17.500,ARDUINO_PSI,Arduino,0.000,0.000,12.819,,
360.666590,2026-03-10 18:03:17.590,ARDUINO_PSI,Arduino,0.000,0.000,12.833,,
360.738537,2026-03-10 18:03:17.662,WJ_VOLTAGE,WJ2,0.000,0.000,0,0,"HV=OFF, Fault=NO"
360.765872,2026-03-10 18:03:17.689,ARDUINO_PSI,Arduino,0.000,0.000,12.824,,
360.866640,2026-03-10 18:03:17.790,ARDUINO_PSI,Arduino,0.000,0.000,12.812,,
360.966425,2026-03-10 18:03:17.890,ARDUINO_PSI,Arduino,0.000,0.000,12.808,,
361.065876,2026-03-10 18:03:17.989,ARDUINO_PSI,Arduino,0.000,0.000,12.806,,
361.091190,2026-03-10 18:03:18.015,WJ_VOLTAGE,WJ1,0.000,0.000,0,0,"HV=OFF, Fault=NO"
361.166536,2026-03-10 18:03:18.090,ARDUINO_PSI,Arduino,0.000,0.000,12.801,,
361.266267,2026-03-10 18:03:18.190,WJ_VOLTAGE,WJ2,0.000,0.000,0,0,"HV=OFF, Fault=NO"
361.276886,2026-03-10 18:03:18.200,ARDUINO_PSI,Arduino,0.000,0.000,12.801,,
361.366560,2026-03-10 18:03:18.290,ARDUINO_PSI,Arduino,0.000,0.000,12.792,,
361.466566,2026-03-10 18:03:18.390,ARDUINO_PSI,Arduino,0.000,0.000,12.794,,
361.565999,2026-03-10 18:03:18.489,ARDUINO_PSI,Arduino,0.000,0.000,12.799,,
361.622250,2026-03-10 18:03:18.546,WJ_VOLTAGE,WJ1,0.000,0.000,0,0,"HV=OFF, Fault=NO"
361.666667,2026-03-10 18:03:18.590,ARDUINO_PSI,Arduino,0.000,0.000,12.801,,
361.766651,2026-03-10 18:03:18.690,ARDUINO_PSI,Arduino,0.000,0.000,12.796,,
361.793036,2026-03-10 18:03:18.716,WJ_VOLTAGE,WJ2,0.000,0.000,0,0,"HV=OFF, Fault=NO"
361.865909,2026-03-10 18:03:18.789,ARDUINO_PSI,Arduino,0.000,0.000,12.792,,
361.966593,2026-03-10 18:03:18.890,ARDUINO_PSI,Arduino,0.000,0.000,12.787,,
362.066618,2026-03-10 18:03:18.990,ARDUINO_PSI,Arduino,0.000,0.000,12.783,,
362.154127,2026-03-10 18:03:19.078,WJ_VOLTAGE,WJ1,0.000,0.000,0,0,"HV=OFF, Fault=NO"
362.166780,2026-03-10 18:03:19.090,ARDUINO_PSI,Arduino,0.000,0.000,12.780,,
362.266721,2026-03-10 18:03:19.190,ARDUINO_PSI,Arduino,0.000,0.000,12.780,,
362.323161,2026-03-10 18:03:19.247,WJ_VOLTAGE,WJ2,0.000,0.000,0,0,"HV=OFF, Fault=NO"
362.365930,2026-03-10 18:03:19.289,ARDUINO_PSI,Arduino,0.000,0.000,12.785,,
362.465866,2026-03-10 18:03:19.389,ARDUINO_PSI,Arduino,0.000,0.000,12.787,,
362.752956,2026-03-10 18:03:19.676,WJ_COMMAND,WJ1,HV_ON,,,,HV_ON 
362.846973,2026-03-10 18:03:19.770,WJ_COMMAND,WJ2,HV_ON,,,,HV_ON 
362.848953,2026-03-10 18:03:19.772,ARDUINO_PSI,Arduino,0.000,0.000,12.799,,
362.852699,2026-03-10 18:03:19.776,ARDUINO_PSI,Arduino,0.000,0.000,12.787,,
362.854973,2026-03-10 18:03:19.778,WJ_VOLTAGE,WJ1,0.000,0.000,0,0,"HV=OFF, Fault=NO"
362.855753,2026-03-10 18:03:19.779,ARDUINO_PSI,Arduino,0.000,0.000,12.785,,
362.856963,2026-03-10 18:03:19.780,WJ_VOLTAGE,WJ2,0.000,0.000,0,0,"HV=OFF, Fault=NO"
362.865879,2026-03-10 18:03:19.789,ARDUINO_PSI,Arduino,0.000,0.000,12.787,,
362.965930,2026-03-10 18:03:19.889,ARDUINO_PSI,Arduino,0.000,0.000,12.801,,
363.065948,2026-03-10 18:03:19.989,ARDUINO_PSI,Arduino,0.000,0.000,12.810,,
363.166456,2026-03-10 18:03:20.090,ARDUINO_PSI,Arduino,0.000,0.000,12.817,,
363.266488,2026-03-10 18:03:20.190,ARDUINO_PSI,Arduino,0.000,0.000,12.812,,
363.366485,2026-03-10 18:03:20.290,ARDUINO_PSI,Arduino,0.000,0.000,12.817,,
363.466690,2026-03-10 18:03:20.390,ARDUINO_PSI,Arduino,0.000,0.000,12.815,,
363.566540,2026-03-10 18:03:20.490,ARDUINO_PSI,Arduino,0.000,0.000,12.824,,
363.666223,2026-03-10 18:03:20.590,ARDUINO_PSI,Arduino,0.000,0.000,12.824,,
363.766657,2026-03-10 18:03:20.690,ARDUINO_PSI,Arduino,0.000,0.000,12.819,,
363.866423,2026-03-10 18:03:20.790,ARDUINO_PSI,Arduino,0.000,0.000,12.812,,
363.926788,2026-03-10 18:03:20.850,WJ_VOLTAGE,WJ1,0.000,0.000,0,0,"HV=OFF, Fault=NO"
363.966063,2026-03-10 18:03:20.889,ARDUINO_PSI,Arduino,0.000,0.000,12.828,,
364.020495,2026-03-10 18:03:20.944,WJ_VOLTAGE,WJ2,0.000,0.000,0,0,"HV=OFF, Fault=NO"
364.066662,2026-03-10 18:03:20.990,ARDUINO_PSI,Arduino,0.000,0.000,12.833,,
364.166575,2026-03-10 18:03:21.090,ARDUINO_PSI,Arduino,0.000,0.000,12.831,,
364.267703,2026-03-10 18:03:21.191,ARDUINO_PSI,Arduino,0.000,0.000,12.824,,
364.365927,2026-03-10 18:03:21.289,ARDUINO_PSI,Arduino,0.000,0.000,12.828,,
364.455357,2026-03-10 18:03:21.379,WJ_VOLTAGE,WJ1,0.000,0.000,0,0,"HV=OFF, Fault=NO"
364.470337,2026-03-10 18:03:21.394,ARDUINO_PSI,Arduino,0.000,0.000,12.831,,
364.548331,2026-03-10 18:03:21.472,WJ_VOLTAGE,WJ2,0.000,0.012,0,0,"HV=OFF, Fault=NO"
364.565807,2026-03-10 18:03:21.489,ARDUINO_PSI,Arduino,0.000,0.000,12.833,,
364.666489,2026-03-10 18:03:21.590,ARDUINO_PSI,Arduino,0.000,0.000,12.845,,
364.766659,2026-03-10 18:03:21.690,ARDUINO_PSI,Arduino,0.000,0.000,12.840,,
364.866276,2026-03-10 18:03:21.790,ARDUINO_PSI,Arduino,0.000,0.000,12.845,,
364.966424,2026-03-10 18:03:21.890,ARDUINO_PSI,Arduino,0.000,0.000,12.828,,
364.971903,2026-03-10 18:03:21.895,WJ_VOLTAGE,WJ1,0.000,0.000,0,0,"HV=OFF, Fault=NO"
365.066460,2026-03-10 18:03:21.990,ARDUINO_PSI,Arduino,0.000,0.000,12.826,,
365.079487,2026-03-10 18:03:22.003,WJ_VOLTAGE,WJ2,0.000,0.006,0,0,"HV=OFF, Fault=NO"
365.166602,2026-03-10 18:03:22.090,ARDUINO_PSI,Arduino,0.000,0.000,12.824,,
365.266771,2026-03-10 18:03:22.190,ARDUINO_PSI,Arduino,0.000,0.000,12.831,,
365.366531,2026-03-10 18:03:22.290,ARDUINO_PSI,Arduino,0.000,0.000,12.831,,
365.466348,2026-03-10 18:03:22.390,ARDUINO_PSI,Arduino,0.000,0.000,12.831,,
365.501117,2026-03-10 18:03:22.425,WJ_VOLTAGE,WJ1,0.000,0.000,0,0,"HV=OFF, Fault=NO"
365.566609,2026-03-10 18:03:22.490,ARDUINO_PSI,Arduino,0.000,0.000,12.819,,
365.608158,2026-03-10 18:03:22.532,WJ_VOLTAGE,WJ2,0.000,0.000,0,0,"HV=OFF, Fault=NO"
365.666526,2026-03-10 18:03:22.590,ARDUINO_PSI,Arduino,0.000,0.000,12.822,,
365.766502,2026-03-10 18:03:22.690,ARDUINO_PSI,Arduino,0.000,0.000,12.831,,
365.866357,2026-03-10 18:03:22.790,ARDUINO_PSI,Arduino,0.000,0.000,12.842,,
365.966915,2026-03-10 18:03:22.890,ARDUINO_PSI,Arduino,0.000,0.000,12.822,,
366.042932,2026-03-10 18:03:22.966,WJ_VOLTAGE,WJ1,0.000,0.000,0,0,"HV=OFF, Fault=NO"
366.065810,2026-03-10 18:03:22.989,ARDUINO_PSI,Arduino,0.000,0.000,12.819,,
366.149608,2026-03-10 18:03:23.073,WJ_COMMAND,WJ1,SET_PROGRAM,10.0kV_2.0mA,,,SET_PROGRAM 10.0kV_2.0mA
366.212995,2026-03-10 18:03:23.136,WJ_COMMAND,WJ2,SET_PROGRAM,10.0kV_2.0mA,,,SET_PROGRAM 10.0kV_2.0mA
366.216031,2026-03-10 18:03:23.139,WJ_VOLTAGE,WJ2,0.000,0.000,0,0,"HV=OFF, Fault=NO"
366.218513,2026-03-10 18:03:23.142,ARDUINO_PSI,Arduino,0.000,0.000,12.824,,
366.265990,2026-03-10 18:03:23.189,ARDUINO_PSI,Arduino,0.000,0.000,12.826,,
366.366274,2026-03-10 18:03:23.290,ARDUINO_PSI,Arduino,0.000,0.000,12.815,,
366.466786,2026-03-10 18:03:23.390,ARDUINO_PSI,Arduino,0.000,0.000,12.812,,
366.566508,2026-03-10 18:03:23.490,ARDUINO_PSI,Arduino,0.000,0.000,12.799,,
366.640398,2026-03-10 18:03:23.564,WJ_VOLTAGE,WJ2,0.000,0.018,0,0,"HV=OFF, Fault=NO"
366.665901,2026-03-10 18:03:23.589,ARDUINO_PSI,Arduino,0.000,0.000,12.794,,
366.766312,2026-03-10 18:03:23.690,ARDUINO_PSI,Arduino,0.000,0.000,12.792,,
366.866538,2026-03-10 18:03:23.790,ARDUINO_PSI,Arduino,0.000,0.000,12.794,,
366.966558,2026-03-10 18:03:23.890,ARDUINO_PSI,Arduino,0.000,0.000,12.794,,
367.066563,2026-03-10 18:03:23.990,ARDUINO_PSI,Arduino,0.000,0.000,12.785,,
367.122092,2026-03-10 18:03:24.045,WJ_VOLTAGE,WJ1,1.857,2.000,0,0,"HV=OFF, Fault=NO"
367.165940,2026-03-10 18:03:24.089,ARDUINO_PSI,Arduino,0.000,0.000,12.780,,
367.168845,2026-03-10 18:03:24.092,WJ_VOLTAGE,WJ2,1.955,2.000,0,0,"HV=OFF, Fault=NO"
367.266510,2026-03-10 18:03:24.190,ARDUINO_PSI,Arduino,0.000,0.000,12.771,,
367.366352,2026-03-10 18:03:24.290,ARDUINO_PSI,Arduino,0.000,0.000,12.776,,
367.466605,2026-03-10 18:03:24.390,ARDUINO_PSI,Arduino,0.000,0.000,12.780,,
367.565854,2026-03-10 18:03:24.489,ARDUINO_PSI,Arduino,0.000,0.000,12.780,,
367.651200,2026-03-10 18:03:24.575,WJ_VOLTAGE,WJ1,3.128,2.000,0,0,"HV=OFF, Fault=NO"
367.665878,2026-03-10 18:03:24.589,ARDUINO_PSI,Arduino,0.000,0.000,12.778,,
367.698172,2026-03-10 18:03:24.622,WJ_VOLTAGE,WJ2,3.324,2.000,0,0,"HV=OFF, Fault=NO"
367.766731,2026-03-10 18:03:24.690,ARDUINO_PSI,Arduino,0.000,0.000,12.771,,
367.867161,2026-03-10 18:03:24.791,ARDUINO_PSI,Arduino,0.000,0.000,12.764,,
367.966590,2026-03-10 18:03:24.890,ARDUINO_PSI,Arduino,0.000,0.000,12.774,,
368.065818,2026-03-10 18:03:24.989,ARDUINO_PSI,Arduino,0.000,0.000,12.780,,
368.166490,2026-03-10 18:03:25.090,ARDUINO_PSI,Arduino,0.000,0.000,12.776,,
368.178744,2026-03-10 18:03:25.102,WJ_VOLTAGE,WJ1,4.301,2.000,0,0,"HV=OFF, Fault=NO"
368.226412,2026-03-10 18:03:25.150,WJ_VOLTAGE,WJ2,4.790,2.000,0,0,"HV=OFF, Fault=NO"
368.266470,2026-03-10 18:03:25.190,ARDUINO_PSI,Arduino,0.000,0.000,12.774,,
368.366569,2026-03-10 18:03:25.290,ARDUINO_PSI,Arduino,0.000,0.000,12.778,,
368.466357,2026-03-10 18:03:25.390,ARDUINO_PSI,Arduino,0.000,0.000,12.769,,
368.566633,2026-03-10 18:03:25.490,ARDUINO_PSI,Arduino,0.000,0.000,12.778,,
368.666859,2026-03-10 18:03:25.590,ARDUINO_PSI,Arduino,0.000,0.000,12.783,,
368.706523,2026-03-10 18:03:25.630,WJ_VOLTAGE,WJ1,5.572,2.000,0,0,"HV=OFF, Fault=NO"
368.752558,2026-03-10 18:03:25.676,WJ_VOLTAGE,WJ2,6.061,2.000,0,0,"HV=OFF, Fault=NO"
368.765872,2026-03-10 18:03:25.689,ARDUINO_PSI,Arduino,0.000,0.000,12.792,,
368.866504,2026-03-10 18:03:25.790,ARDUINO_PSI,Arduino,0.000,0.000,12.785,,
368.966315,2026-03-10 18:03:25.890,ARDUINO_PSI,Arduino,0.000,0.000,12.785,,
369.066456,2026-03-10 18:03:25.990,ARDUINO_PSI,Arduino,0.000,0.000,12.794,,
369.166485,2026-03-10 18:03:26.090,ARDUINO_PSI,Arduino,0.000,0.000,12.801,,
369.239063,2026-03-10 18:03:26.162,WJ_VOLTAGE,WJ1,6.843,2.000,0,0,"HV=OFF, Fault=NO"
369.266005,2026-03-10 18:03:26.189,ARDUINO_PSI,Arduino,0.000,0.000,12.819,,
369.284284,2026-03-10 18:03:26.208,WJ_VOLTAGE,WJ2,7.527,2.000,0,0,"HV=OFF, Fault=NO"
369.366346,2026-03-10 18:03:26.290,ARDUINO_PSI,Arduino,0.000,0.000,12.819,,
369.466500,2026-03-10 18:03:26.390,ARDUINO_PSI,Arduino,0.000,0.000,12.819,,
369.566384,2026-03-10 18:03:26.490,ARDUINO_PSI,Arduino,0.000,0.000,12.824,,
369.666488,2026-03-10 18:03:26.590,ARDUINO_PSI,Arduino,0.000,0.000,12.819,,
369.766758,2026-03-10 18:03:26.690,WJ_VOLTAGE,WJ1,8.113,2.000,0,0,"HV=OFF, Fault=NO"
369.767727,2026-03-10 18:03:26.691,ARDUINO_PSI,Arduino,0.000,0.000,12.828,,
369.814611,2026-03-10 18:03:26.738,WJ_VOLTAGE,WJ2,8.993,2.000,0,0,"HV=OFF, Fault=NO"
369.866097,2026-03-10 18:03:26.789,ARDUINO_PSI,Arduino,0.000,0.000,12.838,,
369.967057,2026-03-10 18:03:26.890,ARDUINO_PSI,Arduino,0.000,0.000,12.828,,
370.066056,2026-03-10 18:03:26.989,ARDUINO_PSI,Arduino,0.000,0.000,12.833,,
370.166582,2026-03-10 18:03:27.090,ARDUINO_PSI,Arduino,0.000,0.000,12.828,,
370.266545,2026-03-10 18:03:27.190,ARDUINO_PSI,Arduino,0.000,0.000,12.828,,
370.285886,2026-03-10 18:03:27.209,WJ_VOLTAGE,WJ1,9.384,2.000,0,0,"HV=OFF, Fault=NO"
370.333993,2026-03-10 18:03:27.257,WJ_VOLTAGE,WJ2,10.068,1.103,0,0,"HV=OFF, Fault=NO"
370.365960,2026-03-10 18:03:27.289,ARDUINO_PSI,Arduino,0.000,0.000,12.822,,
370.466578,2026-03-10 18:03:27.390,ARDUINO_PSI,Arduino,0.000,0.000,12.824,,
370.566587,2026-03-10 18:03:27.490,ARDUINO_PSI,Arduino,0.000,0.000,12.831,,
370.666661,2026-03-10 18:03:27.590,ARDUINO_PSI,Arduino,0.000,0.000,12.819,,
370.765977,2026-03-10 18:03:27.689,ARDUINO_PSI,Arduino,0.000,0.000,12.817,,
370.816524,2026-03-10 18:03:27.740,WJ_VOLTAGE,WJ1,9.971,0.745,0,0,"HV=OFF, Fault=NO"
370.862354,2026-03-10 18:03:27.786,WJ_VOLTAGE,WJ2,10.068,0.323,0,0,"HV=OFF, Fault=NO"
370.873052,2026-03-10 18:03:27.796,ARDUINO_PSI,Arduino,0.000,0.000,12.817,,
370.966606,2026-03-10 18:03:27.890,ARDUINO_PSI,Arduino,0.000,0.000,12.826,,
371.066329,2026-03-10 18:03:27.990,ARDUINO_PSI,Arduino,0.000,0.000,12.828,,
371.166600,2026-03-10 18:03:28.090,ARDUINO_PSI,Arduino,0.000,0.000,12.828,,
371.266325,2026-03-10 18:03:28.190,ARDUINO_PSI,Arduino,0.000,0.000,12.824,,
371.342306,2026-03-10 18:03:28.266,WJ_VOLTAGE,WJ1,9.971,0.205,0,0,"HV=OFF, Fault=NO"
371.365931,2026-03-10 18:03:28.289,ARDUINO_PSI,Arduino,0.000,0.000,12.824,,
371.388244,2026-03-10 18:03:28.312,WJ_VOLTAGE,WJ2,10.068,0.094,0,0,"HV=OFF, Fault=NO"
371.467786,2026-03-10 18:03:28.391,ARDUINO_PSI,Arduino,0.000,0.000,12.826,,
371.566571,2026-03-10 18:03:28.490,ARDUINO_PSI,Arduino,0.000,0.000,12.819,,
371.666099,2026-03-10 18:03:28.589,ARDUINO_PSI,Arduino,0.000,0.000,12.815,,
371.766238,2026-03-10 18:03:28.690,ARDUINO_PSI,Arduino,0.000,0.000,12.810,,
371.865959,2026-03-10 18:03:28.789,ARDUINO_PSI,Arduino,0.000,0.000,12.803,,
371.872760,2026-03-10 18:03:28.796,WJ_VOLTAGE,WJ1,9.971,0.070,0,0,"HV=OFF, Fault=NO"
371.920494,2026-03-10 18:03:28.844,WJ_VOLTAGE,WJ2,10.068,0.035,0,0,"HV=OFF, Fault=NO"
371.966585,2026-03-10 18:03:28.890,ARDUINO_PSI,Arduino,0.000,0.000,12.803,,
372.066568,2026-03-10 18:03:28.990,ARDUINO_PSI,Arduino,0.000,0.000,12.801,,
372.166595,2026-03-10 18:03:29.090,ARDUINO_PSI,Arduino,0.000,0.000,12.803,,
372.266414,2026-03-10 18:03:29.190,ARDUINO_PSI,Arduino,0.000,0.000,12.806,,
372.366479,2026-03-10 18:03:29.290,ARDUINO_PSI,Arduino,0.000,0.000,12.808,,
372.405031,2026-03-10 18:03:29.328,WJ_VOLTAGE,WJ1,9.971,0.029,0,0,"HV=OFF, Fault=NO"
372.451996,2026-03-10 18:03:29.375,WJ_VOLTAGE,WJ2,10.068,0.023,0,0,"HV=OFF, Fault=NO"
372.467371,2026-03-10 18:03:29.391,ARDUINO_PSI,Arduino,0.000,0.000,12.817,,
372.566907,2026-03-10 18:03:29.490,ARDUINO_PSI,Arduino,0.000,0.000,12.815,,
372.666686,2026-03-10 18:03:29.590,ARDUINO_PSI,Arduino,0.000,0.000,12.822,,
372.765962,2026-03-10 18:03:29.689,ARDUINO_PSI,Arduino,0.000,0.000,12.812,,
372.866656,2026-03-10 18:03:29.790,ARDUINO_PSI,Arduino,0.000,0.000,12.819,,
372.936984,2026-03-10 18:03:29.860,WJ_VOLTAGE,WJ1,9.971,0.018,0,0,"HV=OFF, Fault=NO"
372.966468,2026-03-10 18:03:29.890,ARDUINO_PSI,Arduino,0.000,0.000,12.824,,
372.983158,2026-03-10 18:03:29.907,WJ_VOLTAGE,WJ2,10.068,0.012,0,0,"HV=OFF, Fault=NO"
373.066576,2026-03-10 18:03:29.990,ARDUINO_PSI,Arduino,0.000,0.000,12.812,,
373.166466,2026-03-10 18:03:30.090,ARDUINO_PSI,Arduino,0.000,0.000,12.819,,
373.266331,2026-03-10 18:03:30.190,ARDUINO_PSI,Arduino,0.000,0.000,12.810,,
373.365862,2026-03-10 18:03:30.289,ARDUINO_PSI,Arduino,0.000,0.000,12.810,,
373.466518,2026-03-10 18:03:30.390,WJ_VOLTAGE,WJ1,9.971,0.018,0,0,"HV=OFF, Fault=NO"
373.474913,2026-03-10 18:03:30.398,ARDUINO_PSI,Arduino,0.000,0.000,12.808,,
373.510780,2026-03-10 18:03:30.434,WJ_VOLTAGE,WJ2,10.068,0.012,0,0,"HV=OFF, Fault=NO"
373.566352,2026-03-10 18:03:30.490,ARDUINO_PSI,Arduino,0.000,0.000,12.810,,
373.666896,2026-03-10 18:03:30.590,ARDUINO_PSI,Arduino,0.000,0.000,12.817,,
373.766574,2026-03-10 18:03:30.690,ARDUINO_PSI,Arduino,0.000,0.000,12.806,,
373.866469,2026-03-10 18:03:30.790,ARDUINO_PSI,Arduino,0.000,0.000,12.803,,
373.966162,2026-03-10 18:03:30.890,ARDUINO_PSI,Arduino,0.000,0.000,12.812,,
373.993773,2026-03-10 18:03:30.917,WJ_VOLTAGE,WJ1,9.971,0.012,0,0,"HV=OFF, Fault=NO"
374.041980,2026-03-10 18:03:30.965,WJ_VOLTAGE,WJ2,9.971,0.012,0,0,"HV=OFF, Fault=NO"
374.065859,2026-03-10 18:03:30.989,ARDUINO_PSI,Arduino,0.000,0.000,12.812,,
374.166510,2026-03-10 18:03:31.090,ARDUINO_PSI,Arduino,0.000,0.000,12.817,,
374.267346,2026-03-10 18:03:31.191,ARDUINO_PSI,Arduino,0.000,0.000,12.815,,
374.367106,2026-03-10 18:03:31.290,ARDUINO_PSI,Arduino,0.000,0.000,12.808,,
374.466762,2026-03-10 18:03:31.390,ARDUINO_PSI,Arduino,0.000,0.000,12.806,,
374.522896,2026-03-10 18:03:31.446,WJ_VOLTAGE,WJ1,9.971,0.012,0,0,"HV=OFF, Fault=NO"
374.566333,2026-03-10 18:03:31.490,ARDUINO_PSI,Arduino,0.000,0.000,12.796,,
374.570143,2026-03-10 18:03:31.494,WJ_VOLTAGE,WJ2,9.971,0.012,0,0,"HV=OFF, Fault=NO"
374.666486,2026-03-10 18:03:31.590,ARDUINO_PSI,Arduino,0.000,0.000,12.799,,
374.766683,2026-03-10 18:03:31.690,ARDUINO_PSI,Arduino,0.000,0.000,12.817,,
374.866486,2026-03-10 18:03:31.790,ARDUINO_PSI,Arduino,0.000,0.000,12.824,,
374.966487,2026-03-10 18:03:31.890,ARDUINO_PSI,Arduino,0.000,0.000,12.828,,
375.051714,2026-03-10 18:03:31.975,WJ_VOLTAGE,WJ1,9.971,0.012,0,0,"HV=OFF, Fault=NO"
375.065776,2026-03-10 18:03:31.989,ARDUINO_PSI,Arduino,0.000,0.000,12.838,,
375.097562,2026-03-10 18:03:32.021,WJ_VOLTAGE,WJ2,10.068,0.012,0,0,"HV=OFF, Fault=NO"
375.166042,2026-03-10 18:03:32.089,ARDUINO_PSI,Arduino,0.000,0.000,12.826,,
375.266562,2026-03-10 18:03:32.190,ARDUINO_PSI,Arduino,0.000,0.000,12.826,,
375.366429,2026-03-10 18:03:32.290,ARDUINO_PSI,Arduino,0.000,0.000,12.822,,
375.466532,2026-03-10 18:03:32.390,ARDUINO_PSI,Arduino,0.000,0.000,12.828,,
375.566381,2026-03-10 18:03:32.490,ARDUINO_PSI,Arduino,0.000,0.000,12.833,,
375.579928,2026-03-10 18:03:32.503,WJ_VOLTAGE,WJ1,9.971,0.012,0,0,"HV=OFF, Fault=NO"
375.626112,2026-03-10 18:03:32.549,WJ_VOLTAGE,WJ2,9.971,0.012,0,0,"HV=OFF, Fault=NO"
375.666411,2026-03-10 18:03:32.590,ARDUINO_PSI,Arduino,0.000,0.000,12.840,,
375.765972,2026-03-10 18:03:32.689,ARDUINO_PSI,Arduino,0.000,0.000,12.847,,
375.866655,2026-03-10 18:03:32.790,ARDUINO_PSI,Arduino,0.000,0.000,12.856,,
375.966424,2026-03-10 18:03:32.890,ARDUINO_PSI,Arduino,0.000,0.000,12.861,,
376.066211,2026-03-10 18:03:32.990,ARDUINO_PSI,Arduino,0.000,0.000,12.858,,
376.112266,2026-03-10 18:03:33.036,WJ_VOLTAGE,WJ1,9.971,0.012,0,0,"HV=OFF, Fault=NO"
376.166495,2026-03-10 18:03:33.090,ARDUINO_PSI,Arduino,0.000,0.000,12.851,,
376.173050,2026-03-10 18:03:33.096,WJ_VOLTAGE,WJ2,10.068,0.006,0,0,"HV=OFF, Fault=NO"
376.266370,2026-03-10 18:03:33.190,ARDUINO_PSI,Arduino,0.000,0.000,12.861,,
376.366609,2026-03-10 18:03:33.290,ARDUINO_PSI,Arduino,0.000,0.000,12.863,,
376.466432,2026-03-10 18:03:33.390,ARDUINO_PSI,Arduino,0.000,0.000,12.874,,
376.566379,2026-03-10 18:03:33.490,ARDUINO_PSI,Arduino,0.000,0.000,12.865,,
376.640067,2026-03-10 18:03:33.563,WJ_VOLTAGE,WJ1,9.971,0.006,0,0,"HV=OFF, Fault=NO"
376.665959,2026-03-10 18:03:33.589,ARDUINO_PSI,Arduino,0.000,0.000,12.863,,
376.700824,2026-03-10 18:03:33.624,WJ_VOLTAGE,WJ2,9.971,0.006,0,0,"HV=OFF, Fault=NO"
376.765848,2026-03-10 18:03:33.689,ARDUINO_PSI,Arduino,0.000,0.000,12.849,,
376.866553,2026-03-10 18:03:33.790,ARDUINO_PSI,Arduino,0.000,0.000,12.847,,
376.967057,2026-03-10 18:03:33.890,ARDUINO_PSI,Arduino,0.000,0.000,12.847,,
377.066277,2026-03-10 18:03:33.990,ARDUINO_PSI,Arduino,0.000,0.000,12.842,,
377.167167,2026-03-10 18:03:34.091,WJ_VOLTAGE,WJ1,9.971,0.006,0,0,"HV=OFF, Fault=NO"
377.168092,2026-03-10 18:03:34.091,ARDUINO_PSI,Arduino,0.000,0.000,12.847,,
377.230578,2026-03-10 18:03:34.154,WJ_VOLTAGE,WJ2,10.068,0.006,0,0,"HV=OFF, Fault=NO"
377.266115,2026-03-10 18:03:34.189,ARDUINO_PSI,Arduino,0.000,0.000,12.851,,
377.366311,2026-03-10 18:03:34.290,ARDUINO_PSI,Arduino,0.000,0.000,12.849,,
377.466381,2026-03-10 18:03:34.390,ARDUINO_PSI,Arduino,0.000,0.000,12.845,,
377.566408,2026-03-10 18:03:34.490,ARDUINO_PSI,Arduino,0.000,0.000,12.838,,
377.666680,2026-03-10 18:03:34.590,ARDUINO_PSI,Arduino,0.000,0.000,12.824,,
377.696965,2026-03-10 18:03:34.620,WJ_VOLTAGE,WJ1,9.971,0.006,0,0,"HV=OFF, Fault=NO"
377.759247,2026-03-10 18:03:34.683,WJ_VOLTAGE,WJ2,10.068,0.012,0,0,"HV=OFF, Fault=NO"
377.772722,2026-03-10 18:03:34.696,ARDUINO_PSI,Arduino,0.000,0.000,12.835,,
377.866501,2026-03-10 18:03:34.790,ARDUINO_PSI,Arduino,0.000,0.000,12.828,,
377.965898,2026-03-10 18:03:34.889,ARDUINO_PSI,Arduino,0.000,0.000,12.824,,
378.066327,2026-03-10 18:03:34.990,ARDUINO_PSI,Arduino,0.000,0.000,12.826,,
378.166480,2026-03-10 18:03:35.090,ARDUINO_PSI,Arduino,0.000,0.000,12.831,,
378.226439,2026-03-10 18:03:35.150,WJ_VOLTAGE,WJ1,9.971,0.006,0,0,"HV=OFF, Fault=NO"
378.266271,2026-03-10 18:03:35.190,ARDUINO_PSI,Arduino,0.000,0.000,12.826,,
378.289040,2026-03-10 18:03:35.212,WJ_VOLTAGE,WJ2,9.971,0.006,0,0,"HV=OFF, Fault=NO"
378.367041,2026-03-10 18:03:35.290,ARDUINO_PSI,Arduino,0.000,0.000,12.831,,
378.466635,2026-03-10 18:03:35.390,ARDUINO_PSI,Arduino,0.000,0.000,12.824,,
378.566588,2026-03-10 18:03:35.490,ARDUINO_PSI,Arduino,0.000,0.000,12.831,,
378.666669,2026-03-10 18:03:35.590,ARDUINO_PSI,Arduino,0.000,0.000,12.840,,
378.755061,2026-03-10 18:03:35.678,WJ_VOLTAGE,WJ1,9.971,0.006,0,0,"HV=OFF, Fault=NO"
378.766179,2026-03-10 18:03:35.690,ARDUINO_PSI,Arduino,0.000,0.000,12.838,,
378.821208,2026-03-10 18:03:35.745,WJ_VOLTAGE,WJ2,9.971,0.006,0,0,"HV=OFF, Fault=NO"
378.866109,2026-03-10 18:03:35.789,ARDUINO_PSI,Arduino,0.000,0.000,12.831,,
378.968668,2026-03-10 18:03:35.892,ARDUINO_PSI,Arduino,0.000,0.000,12.826,,
379.066515,2026-03-10 18:03:35.990,ARDUINO_PSI,Arduino,0.000,0.000,12.831,,
379.166481,2026-03-10 18:03:36.090,ARDUINO_PSI,Arduino,0.000,0.000,12.824,,
379.266555,2026-03-10 18:03:36.190,ARDUINO_PSI,Arduino,0.000,0.000,12.824,,
379.285381,2026-03-10 18:03:36.209,WJ_VOLTAGE,WJ1,9.971,0.006,0,0,"HV=OFF, Fault=NO"
379.347106,2026-03-10 18:03:36.270,WJ_VOLTAGE,WJ2,10.068,0.006,0,0,"HV=OFF, Fault=NO"
379.365884,2026-03-10 18:03:36.289,ARDUINO_PSI,Arduino,0.000,0.000,12.826,,
379.466487,2026-03-10 18:03:36.390,ARDUINO_PSI,Arduino,0.000,0.000,12.822,,
379.566549,2026-03-10 18:03:36.490,ARDUINO_PSI,Arduino,0.000,0.000,12.831,,
379.666472,2026-03-10 18:03:36.590,ARDUINO_PSI,Arduino,0.000,0.000,12.826,,
379.766392,2026-03-10 18:03:36.690,ARDUINO_PSI,Arduino,0.000,0.000,12.815,,
379.814266,2026-03-10 18:03:36.738,WJ_VOLTAGE,WJ1,9.971,0.006,0,0,"HV=OFF, Fault=NO"
379.866510,2026-03-10 18:03:36.790,ARDUINO_PSI,Arduino,0.000,0.000,12.815,,
379.876865,2026-03-10 18:03:36.800,WJ_VOLTAGE,WJ2,10.068,0.006,0,0,"HV=OFF, Fault=NO"
379.968369,2026-03-10 18:03:36.892,ARDUINO_PSI,Arduino,0.000,0.000,12.812,,
380.066631,2026-03-10 18:03:36.990,ARDUINO_PSI,Arduino,0.000,0.000,12.810,,
380.166520,2026-03-10 18:03:37.090,ARDUINO_PSI,Arduino,0.000,0.000,12.808,,
380.266492,2026-03-10 18:03:37.190,ARDUINO_PSI,Arduino,0.000,0.000,12.808,,
380.340989,2026-03-10 18:03:37.264,WJ_VOLTAGE,WJ1,9.971,0.006,0,0,"HV=OFF, Fault=NO"
380.366172,2026-03-10 18:03:37.290,ARDUINO_PSI,Arduino,0.000,0.000,12.817,,
380.405529,2026-03-10 18:03:37.329,WJ_VOLTAGE,WJ2,10.068,0.006,0,0,"HV=OFF, Fault=NO"
380.466484,2026-03-10 18:03:37.390,ARDUINO_PSI,Arduino,0.000,0.000,12.819,,
380.566240,2026-03-10 18:03:37.490,ARDUINO_PSI,Arduino,0.000,0.000,12.812,,
380.666579,2026-03-10 18:03:37.590,ARDUINO_PSI,Arduino,0.000,0.000,12.806,,
380.766666,2026-03-10 18:03:37.690,ARDUINO_PSI,Arduino,0.000,0.000,12.817,,
380.866606,2026-03-10 18:03:37.790,ARDUINO_PSI,Arduino,0.000,0.000,12.817,,
380.874815,2026-03-10 18:03:37.798,WJ_VOLTAGE,WJ1,9.971,0.006,0,0,"HV=OFF, Fault=NO"
380.936489,2026-03-10 18:03:37.860,WJ_VOLTAGE,WJ2,10.068,0.006,0,0,"HV=OFF, Fault=NO"
380.966235,2026-03-10 18:03:37.890,ARDUINO_PSI,Arduino,0.000,0.000,12.817,,
381.066418,2026-03-10 18:03:37.990,ARDUINO_PSI,Arduino,0.000,0.000,12.815,,
381.166533,2026-03-10 18:03:38.090,ARDUINO_PSI,Arduino,0.000,0.000,12.828,,
381.266509,2026-03-10 18:03:38.190,ARDUINO_PSI,Arduino,0.000,0.000,12.824,,
381.366400,2026-03-10 18:03:38.290,ARDUINO_PSI,Arduino,0.000,0.000,12.826,,
381.418906,2026-03-10 18:03:38.342,WJ_VOLTAGE,WJ1,9.971,0.006,0,0,"HV=OFF, Fault=NO"
381.466480,2026-03-10 18:03:38.390,WJ_VOLTAGE,WJ2,9.971,0.006,0,0,"HV=OFF, Fault=NO"
381.470330,2026-03-10 18:03:38.394,ARDUINO_PSI,Arduino,0.000,0.000,12.831,,
381.566018,2026-03-10 18:03:38.489,ARDUINO_PSI,Arduino,0.000,0.000,12.833,,
381.665877,2026-03-10 18:03:38.589,ARDUINO_PSI,Arduino,0.000,0.000,12.840,,
381.765938,2026-03-10 18:03:38.689,ARDUINO_PSI,Arduino,0.000,0.000,12.842,,
381.865966,2026-03-10 18:03:38.789,ARDUINO_PSI,Arduino,0.000,0.000,12.840,,
381.945668,2026-03-10 18:03:38.869,WJ_VOLTAGE,WJ1,9.971,0.006,0,0,"HV=OFF, Fault=NO"
381.967456,2026-03-10 18:03:38.891,ARDUINO_PSI,Arduino,0.000,0.000,12.842,,
381.992686,2026-03-10 18:03:38.916,WJ_VOLTAGE,WJ2,10.068,0.006,0,0,"HV=OFF, Fault=NO"
382.065953,2026-03-10 18:03:38.989,ARDUINO_PSI,Arduino,0.000,0.000,12.840,,
382.165915,2026-03-10 18:03:39.089,ARDUINO_PSI,Arduino,0.000,0.000,12.840,,
382.266530,2026-03-10 18:03:39.190,ARDUINO_PSI,Arduino,0.000,0.000,12.847,,
382.366746,2026-03-10 18:03:39.290,ARDUINO_PSI,Arduino,0.000,0.000,12.833,,
382.466655,2026-03-10 18:03:39.390,ARDUINO_PSI,Arduino,0.000,0.000,12.828,,
382.477225,2026-03-10 18:03:39.401,WJ_VOLTAGE,WJ1,9.971,0.006,0,0,"HV=OFF, Fault=NO"
382.509374,2026-03-10 18:03:39.433,WJ_VOLTAGE,WJ2,10.068,0.006,0,0,"HV=OFF, Fault=NO"
382.566413,2026-03-10 18:03:39.490,ARDUINO_PSI,Arduino,0.000,0.000,12.833,,
382.666813,2026-03-10 18:03:39.590,ARDUINO_PSI,Arduino,0.000,0.000,12.828,,
382.766751,2026-03-10 18:03:39.690,ARDUINO_PSI,Arduino,0.000,0.000,12.826,,
382.866526,2026-03-10 18:03:39.790,ARDUINO_PSI,Arduino,0.000,0.000,12.831,,
382.966576,2026-03-10 18:03:39.890,ARDUINO_PSI,Arduino,0.000,0.000,12.819,,
383.010856,2026-03-10 18:03:39.934,WJ_VOLTAGE,WJ1,9.971,0.006,0,0,"HV=OFF, Fault=NO"
383.042090,2026-03-10 18:03:39.965,WJ_VOLTAGE,WJ2,10.068,0.006,0,0,"HV=OFF, Fault=NO"
383.065843,2026-03-10 18:03:39.989,ARDUINO_PSI,Arduino,0.000,0.000,12.817,,
383.166613,2026-03-10 18:03:40.090,ARDUINO_PSI,Arduino,0.000,0.000,12.810,,
383.266386,2026-03-10 18:03:40.190,ARDUINO_PSI,Arduino,0.000,0.000,12.806,,
383.366336,2026-03-10 18:03:40.290,ARDUINO_PSI,Arduino,0.000,0.000,12.806,,
383.467893,2026-03-10 18:03:40.391,ARDUINO_PSI,Arduino,0.000,0.000,12.806,,
383.541910,2026-03-10 18:03:40.465,WJ_VOLTAGE,WJ1,9.971,0.006,0,0,"HV=OFF, Fault=NO"
383.565875,2026-03-10 18:03:40.489,ARDUINO_PSI,Arduino,0.000,0.000,12.801,,
383.571719,2026-03-10 18:03:40.495,WJ_VOLTAGE,WJ2,10.068,0.006,0,0,"HV=OFF, Fault=NO"
383.666422,2026-03-10 18:03:40.590,ARDUINO_PSI,Arduino,0.000,0.000,12.801,,
383.766758,2026-03-10 18:03:40.690,ARDUINO_PSI,Arduino,0.000,0.000,12.803,,
383.866555,2026-03-10 18:03:40.790,ARDUINO_PSI,Arduino,0.000,0.000,12.810,,
383.966461,2026-03-10 18:03:40.890,ARDUINO_PSI,Arduino,0.000,0.000,12.806,,
384.068639,2026-03-10 18:03:40.992,WJ_VOLTAGE,WJ1,9.971,0.006,0,0,"HV=OFF, Fault=NO"
384.071263,2026-03-10 18:03:40.995,ARDUINO_PSI,Arduino,0.000,0.000,12.810,,
384.097976,2026-03-10 18:03:41.021,WJ_VOLTAGE,WJ2,10.068,0.006,0,0,"HV=OFF, Fault=NO"
384.166557,2026-03-10 18:03:41.090,ARDUINO_PSI,Arduino,0.000,0.000,12.822,,
384.266525,2026-03-10 18:03:41.190,ARDUINO_PSI,Arduino,0.000,0.000,12.815,,
384.366307,2026-03-10 18:03:41.290,ARDUINO_PSI,Arduino,0.000,0.000,12.817,,
384.468862,2026-03-10 18:03:41.392,ARDUINO_PSI,Arduino,0.000,0.000,12.817,,
384.566601,2026-03-10 18:03:41.490,ARDUINO_PSI,Arduino,0.000,0.000,12.822,,
384.599505,2026-03-10 18:03:41.523,WJ_VOLTAGE,WJ1,9.971,0.006,0,0,"HV=OFF, Fault=NO"
384.629806,2026-03-10 18:03:41.553,WJ_VOLTAGE,WJ2,10.068,0.006,0,0,"HV=OFF, Fault=NO"
384.666105,2026-03-10 18:03:41.589,ARDUINO_PSI,Arduino,0.000,0.000,12.838,,
384.766560,2026-03-10 18:03:41.690,ARDUINO_PSI,Arduino,0.000,0.000,12.824,,
384.865853,2026-03-10 18:03:41.789,ARDUINO_PSI,Arduino,0.000,0.000,12.812,,
384.966547,2026-03-10 18:03:41.890,ARDUINO_PSI,Arduino,0.000,0.000,12.817,,
385.066576,2026-03-10 18:03:41.990,ARDUINO_PSI,Arduino,0.000,0.000,12.822,,
385.130054,2026-03-10 18:03:42.053,WJ_VOLTAGE,WJ1,9.971,0.006,0,0,"HV=OFF, Fault=NO"
385.161029,2026-03-10 18:03:42.084,WJ_VOLTAGE,WJ2,10.068,0.006,0,0,"HV=OFF, Fault=NO"
385.170748,2026-03-10 18:03:42.094,ARDUINO_PSI,Arduino,0.000,0.000,12.824,,
385.266533,2026-03-10 18:03:42.190,ARDUINO_PSI,Arduino,0.000,0.000,12.833,,
385.366527,2026-03-10 18:03:42.290,ARDUINO_PSI,Arduino,0.000,0.000,12.835,,
385.466414,2026-03-10 18:03:42.390,ARDUINO_PSI,Arduino,0.000,0.000,12.833,,
385.566466,2026-03-10 18:03:42.490,ARDUINO_PSI,Arduino,0.000,0.000,12.833,,
385.656845,2026-03-10 18:03:42.580,WJ_VOLTAGE,WJ1,9.971,0.006,0,0,"HV=OFF, Fault=NO"
385.672666,2026-03-10 18:03:42.596,ARDUINO_PSI,Arduino,0.000,0.000,12.831,,
385.687382,2026-03-10 18:03:42.611,WJ_VOLTAGE,WJ2,10.068,0.006,0,0,"HV=OFF, Fault=NO"
385.766621,2026-03-10 18:03:42.690,ARDUINO_PSI,Arduino,0.000,0.000,12.835,,
385.866376,2026-03-10 18:03:42.790,ARDUINO_PSI,Arduino,0.000,0.000,12.835,,
385.966852,2026-03-10 18:03:42.890,ARDUINO_PSI,Arduino,0.000,0.000,12.847,,
386.066438,2026-03-10 18:03:42.990,ARDUINO_PSI,Arduino,0.000,0.000,12.840,,
386.166584,2026-03-10 18:03:43.090,ARDUINO_PSI,Arduino,0.000,0.000,12.826,,
386.186142,2026-03-10 18:03:43.110,WJ_VOLTAGE,WJ1,9.971,0.006,0,0,"HV=OFF, Fault=NO"
386.216281,2026-03-10 18:03:43.140,WJ_VOLTAGE,WJ2,10.068,0.006,0,0,"HV=OFF, Fault=NO"
386.266457,2026-03-10 18:03:43.190,ARDUINO_PSI,Arduino,0.000,0.000,12.828,,
386.366455,2026-03-10 18:03:43.290,ARDUINO_PSI,Arduino,0.000,0.000,12.828,,
386.468788,2026-03-10 18:03:43.392,ARDUINO_PSI,Arduino,0.000,0.000,12.824,,
386.566647,2026-03-10 18:03:43.490,ARDUINO_PSI,Arduino,0.000,0.000,12.822,,
386.666513,2026-03-10 18:03:43.590,ARDUINO_PSI,Arduino,0.000,0.000,12.806,,
386.712551,2026-03-10 18:03:43.636,WJ_VOLTAGE,WJ1,9.971,0.006,0,0,"HV=OFF, Fault=NO"
386.742061,2026-03-10 18:03:43.665,WJ_VOLTAGE,WJ2,10.068,0.006,0,0,"HV=OFF, Fault=NO"
386.766030,2026-03-10 18:03:43.689,ARDUINO_PSI,Arduino,0.000,0.000,12.822,,
386.866664,2026-03-10 18:03:43.790,ARDUINO_PSI,Arduino,0.000,0.000,12.824,,
386.966644,2026-03-10 18:03:43.890,ARDUINO_PSI,Arduino,0.000,0.000,12.822,,
387.066375,2026-03-10 18:03:43.990,ARDUINO_PSI,Arduino,0.000,0.000,12.815,,
387.165870,2026-03-10 18:03:44.089,ARDUINO_PSI,Arduino,0.000,0.000,12.810,,
387.243225,2026-03-10 18:03:44.167,WJ_VOLTAGE,WJ1,9.971,0.006,0,0,"HV=OFF, Fault=NO"
387.265942,2026-03-10 18:03:44.189,ARDUINO_PSI,Arduino,0.000,0.000,12.808,,
387.274945,2026-03-10 18:03:44.198,WJ_VOLTAGE,WJ2,10.068,0.006,0,0,"HV=OFF, Fault=NO"
387.366764,2026-03-10 18:03:44.290,ARDUINO_PSI,Arduino,0.000,0.000,12.799,,
387.466612,2026-03-10 18:03:44.390,ARDUINO_PSI,Arduino,0.000,0.000,12.801,,
387.566609,2026-03-10 18:03:44.490,ARDUINO_PSI,Arduino,0.000,0.000,12.801,,
387.665922,2026-03-10 18:03:44.589,ARDUINO_PSI,Arduino,0.000,0.000,12.808,,
387.766126,2026-03-10 18:03:44.690,ARDUINO_PSI,Arduino,0.000,0.000,12.803,,
387.773843,2026-03-10 18:03:44.697,WJ_VOLTAGE,WJ1,9.971,0.006,0,0,"HV=OFF, Fault=NO"
387.805444,2026-03-10 18:03:44.729,WJ_VOLTAGE,WJ2,10.068,0.006,0,0,"HV=OFF, Fault=NO"
387.866322,2026-03-10 18:03:44.790,ARDUINO_PSI,Arduino,0.000,0.000,12.796,,
387.966389,2026-03-10 18:03:44.890,ARDUINO_PSI,Arduino,0.000,0.000,12.790,,
388.066427,2026-03-10 18:03:44.990,ARDUINO_PSI,Arduino,0.000,0.000,12.792,,
388.166584,2026-03-10 18:03:45.090,ARDUINO_PSI,Arduino,0.000,0.000,12.796,,
388.266361,2026-03-10 18:03:45.190,ARDUINO_PSI,Arduino,0.000,0.000,12.792,,
388.305346,2026-03-10 18:03:45.229,WJ_VOLTAGE,WJ1,9.971,0.006,0,0,"HV=OFF, Fault=NO"
388.335452,2026-03-10 18:03:45.259,WJ_VOLTAGE,WJ2,10.068,0.006,0,0,"HV=OFF, Fault=NO"
388.365877,2026-03-10 18:03:45.289,ARDUINO_PSI,Arduino,0.000,0.000,12.783,,
388.466526,2026-03-10 18:03:45.390,ARDUINO_PSI,Arduino,0.000,0.000,12.796,,
388.566010,2026-03-10 18:03:45.489,ARDUINO_PSI,Arduino,0.000,0.000,12.794,,
388.666518,2026-03-10 18:03:45.590,ARDUINO_PSI,Arduino,0.000,0.000,12.796,,
388.766579,2026-03-10 18:03:45.690,ARDUINO_PSI,Arduino,0.000,0.000,12.783,,
388.835185,2026-03-10 18:03:45.759,WJ_VOLTAGE,WJ1,9.971,0.006,0,0,"HV=OFF, Fault=NO"
388.864724,2026-03-10 18:03:45.788,WJ_VOLTAGE,WJ2,9.971,0.006,0,0,"HV=OFF, Fault=NO"
388.871621,2026-03-10 18:03:45.795,ARDUINO_PSI,Arduino,0.000,0.000,12.787,,
388.966558,2026-03-10 18:03:45.890,ARDUINO_PSI,Arduino,0.000,0.000,12.792,,
389.066523,2026-03-10 18:03:45.990,ARDUINO_PSI,Arduino,0.000,0.000,12.790,,
389.166454,2026-03-10 18:03:46.090,ARDUINO_PSI,Arduino,0.000,0.000,12.796,,
389.266573,2026-03-10 18:03:46.190,ARDUINO_PSI,Arduino,0.000,0.000,12.796,,
389.363661,2026-03-10 18:03:46.287,WJ_VOLTAGE,WJ1,9.971,0.006,0,0,"HV=OFF, Fault=NO"
389.370707,2026-03-10 18:03:46.294,ARDUINO_PSI,Arduino,0.000,0.000,12.794,,
389.393007,2026-03-10 18:03:46.316,WJ_VOLTAGE,WJ2,10.068,0.006,0,0,"HV=OFF, Fault=NO"
389.466438,2026-03-10 18:03:46.390,ARDUINO_PSI,Arduino,0.000,0.000,12.785,,
389.566696,2026-03-10 18:03:46.490,ARDUINO_PSI,Arduino,0.000,0.000,12.783,,
389.666619,2026-03-10 18:03:46.590,ARDUINO_PSI,Arduino,0.000,0.000,12.776,,
389.765880,2026-03-10 18:03:46.689,ARDUINO_PSI,Arduino,0.000,0.000,12.778,,
389.866426,2026-03-10 18:03:46.790,ARDUINO_PSI,Arduino,0.000,0.000,12.778,,
389.891552,2026-03-10 18:03:46.815,WJ_VOLTAGE,WJ1,9.971,0.006,0,0,"HV=OFF, Fault=NO"
389.922196,2026-03-10 18:03:46.846,WJ_VOLTAGE,WJ2,10.068,0.006,0,0,"HV=OFF, Fault=NO"
389.966159,2026-03-10 18:03:46.890,ARDUINO_PSI,Arduino,0.000,0.000,12.776,,
390.066366,2026-03-10 18:03:46.990,ARDUINO_PSI,Arduino,0.000,0.000,12.785,,
390.166694,2026-03-10 18:03:47.090,ARDUINO_PSI,Arduino,0.000,0.000,12.796,,
390.266371,2026-03-10 18:03:47.190,ARDUINO_PSI,Arduino,0.000,0.000,12.810,,
390.366250,2026-03-10 18:03:47.290,ARDUINO_PSI,Arduino,0.000,0.000,12.819,,
390.418381,2026-03-10 18:03:47.342,WJ_VOLTAGE,WJ1,9.971,0.000,0,0,"HV=OFF, Fault=NO"
390.447693,2026-03-10 18:03:47.371,WJ_VOLTAGE,WJ2,9.971,0.006,0,0,"HV=OFF, Fault=NO"
390.465815,2026-03-10 18:03:47.389,ARDUINO_PSI,Arduino,0.000,0.000,12.799,,
390.566399,2026-03-10 18:03:47.490,ARDUINO_PSI,Arduino,0.000,0.000,12.803,,
390.666489,2026-03-10 18:03:47.590,ARDUINO_PSI,Arduino,0.000,0.000,12.808,,
390.766518,2026-03-10 18:03:47.690,ARDUINO_PSI,Arduino,0.000,0.000,12.812,,
390.866557,2026-03-10 18:03:47.790,ARDUINO_PSI,Arduino,0.000,0.000,12.817,,
390.935468,2026-03-10 18:03:47.859,WJ_VOLTAGE,WJ1,9.971,0.006,0,0,"HV=OFF, Fault=NO"
390.965849,2026-03-10 18:03:47.889,ARDUINO_PSI,Arduino,0.000,0.000,12.822,,
390.980142,2026-03-10 18:03:47.904,WJ_VOLTAGE,WJ2,10.068,0.006,0,0,"HV=OFF, Fault=NO"
391.066347,2026-03-10 18:03:47.990,ARDUINO_PSI,Arduino,0.000,0.000,12.828,,
391.165879,2026-03-10 18:03:48.089,ARDUINO_PSI,Arduino,0.000,0.000,12.819,,
391.266295,2026-03-10 18:03:48.190,ARDUINO_PSI,Arduino,0.000,0.000,12.824,,
391.365925,2026-03-10 18:03:48.289,ARDUINO_PSI,Arduino,0.000,0.000,12.840,,
391.452055,2026-03-10 18:03:48.375,WJ_VOLTAGE,WJ1,9.971,0.006,0,0,"HV=OFF, Fault=NO"
391.466409,2026-03-10 18:03:48.390,ARDUINO_PSI,Arduino,0.000,0.000,12.845,,
391.516007,2026-03-10 18:03:48.439,WJ_VOLTAGE,WJ2,10.068,0.006,0,0,"HV=OFF, Fault=NO"
391.566407,2026-03-10 18:03:48.490,ARDUINO_PSI,Arduino,0.000,0.000,12.842,,
391.666305,2026-03-10 18:03:48.590,ARDUINO_PSI,Arduino,0.000,0.000,12.845,,
391.766486,2026-03-10 18:03:48.690,ARDUINO_PSI,Arduino,0.000,0.000,12.842,,
391.866505,2026-03-10 18:03:48.790,ARDUINO_PSI,Arduino,0.000,0.000,12.835,,
391.966531,2026-03-10 18:03:48.890,ARDUINO_PSI,Arduino,0.000,0.000,12.845,,
391.979678,2026-03-10 18:03:48.903,WJ_VOLTAGE,WJ1,9.971,0.006,0,0,"HV=OFF, Fault=NO"
392.042971,2026-03-10 18:03:48.966,WJ_VOLTAGE,WJ2,10.068,0.000,0,0,"HV=OFF, Fault=NO"
392.066140,2026-03-10 18:03:48.990,ARDUINO_PSI,Arduino,0.000,0.000,12.826,,
392.166355,2026-03-10 18:03:49.090,ARDUINO_PSI,Arduino,0.000,0.000,12.819,,
392.266560,2026-03-10 18:03:49.190,ARDUINO_PSI,Arduino,0.000,0.000,12.822,,
392.366626,2026-03-10 18:03:49.290,ARDUINO_PSI,Arduino,0.000,0.000,12.817,,
392.466466,2026-03-10 18:03:49.390,ARDUINO_PSI,Arduino,0.000,0.000,12.826,,
392.506574,2026-03-10 18:03:49.430,WJ_VOLTAGE,WJ1,9.971,0.006,0,0,"HV=OFF, Fault=NO"
392.566499,2026-03-10 18:03:49.490,ARDUINO_PSI,Arduino,0.000,0.000,12.817,,
392.570298,2026-03-10 18:03:49.494,WJ_VOLTAGE,WJ2,9.971,0.006,0,0,"HV=OFF, Fault=NO"
392.666610,2026-03-10 18:03:49.590,ARDUINO_PSI,Arduino,0.000,0.000,12.808,,
392.766087,2026-03-10 18:03:49.689,ARDUINO_PSI,Arduino,0.000,0.000,12.810,,
392.866469,2026-03-10 18:03:49.790,ARDUINO_PSI,Arduino,0.000,0.000,12.799,,
392.966073,2026-03-10 18:03:49.889,ARDUINO_PSI,Arduino,0.000,0.000,12.783,,
393.036594,2026-03-10 18:03:49.960,WJ_VOLTAGE,WJ1,9.971,0.000,0,0,"HV=OFF, Fault=NO"
393.066236,2026-03-10 18:03:49.990,ARDUINO_PSI,Arduino,0.000,0.000,12.778,,
393.097015,2026-03-10 18:03:50.020,WJ_VOLTAGE,WJ2,9.971,0.000,0,0,"HV=OFF, Fault=NO"
393.165892,2026-03-10 18:03:50.089,ARDUINO_PSI,Arduino,0.000,0.000,12.774,,
393.266523,2026-03-10 18:03:50.190,ARDUINO_PSI,Arduino,0.000,0.000,12.774,,
393.366519,2026-03-10 18:03:50.290,ARDUINO_PSI,Arduino,0.000,0.000,12.771,,
393.466507,2026-03-10 18:03:50.390,ARDUINO_PSI,Arduino,0.000,0.000,12.783,,
393.565611,2026-03-10 18:03:50.489,WJ_VOLTAGE,WJ1,9.971,0.006,0,0,"HV=OFF, Fault=NO"
393.578555,2026-03-10 18:03:50.502,ARDUINO_PSI,Arduino,0.000,0.000,12.790,,
393.626565,2026-03-10 18:03:50.550,WJ_VOLTAGE,WJ2,10.068,0.006,0,0,"HV=OFF, Fault=NO"
393.665918,2026-03-10 18:03:50.589,ARDUINO_PSI,Arduino,0.000,0.000,12.790,,
393.766285,2026-03-10 18:03:50.690,ARDUINO_PSI,Arduino,0.000,0.000,12.796,,
393.866587,2026-03-10 18:03:50.790,ARDUINO_PSI,Arduino,0.000,0.000,12.812,,
393.965973,2026-03-10 18:03:50.889,ARDUINO_PSI,Arduino,0.000,0.000,12.796,,
394.066526,2026-03-10 18:03:50.990,ARDUINO_PSI,Arduino,0.000,0.000,12.801,,
394.093316,2026-03-10 18:03:51.017,WJ_VOLTAGE,WJ1,9.971,0.000,0,0,"HV=OFF, Fault=NO"
394.155572,2026-03-10 18:03:51.079,WJ_VOLTAGE,WJ2,10.068,0.000,0,0,"HV=OFF, Fault=NO"
394.165838,2026-03-10 18:03:51.089,ARDUINO_PSI,Arduino,0.000,0.000,12.801,,
394.266607,2026-03-10 18:03:51.190,ARDUINO_PSI,Arduino,0.000,0.000,12.794,,
394.365892,2026-03-10 18:03:51.289,ARDUINO_PSI,Arduino,0.000,0.000,12.803,,
394.468199,2026-03-10 18:03:51.392,ARDUINO_PSI,Arduino,0.000,0.000,12.801,,
394.566606,2026-03-10 18:03:51.490,ARDUINO_PSI,Arduino,0.000,0.000,12.810,,
394.624534,2026-03-10 18:03:51.548,WJ_VOLTAGE,WJ1,9.971,0.000,0,0,"HV=OFF, Fault=NO"
394.666299,2026-03-10 18:03:51.590,ARDUINO_PSI,Arduino,0.000,0.000,12.817,,
394.687145,2026-03-10 18:03:51.611,WJ_VOLTAGE,WJ2,10.068,0.000,0,0,"HV=OFF, Fault=NO"
394.766127,2026-03-10 18:03:51.690,ARDUINO_PSI,Arduino,0.000,0.000,12.819,,
394.866413,2026-03-10 18:03:51.790,ARDUINO_PSI,Arduino,0.000,0.000,12.831,,
394.966649,2026-03-10 18:03:51.890,ARDUINO_PSI,Arduino,0.000,0.000,12.833,,
395.066486,2026-03-10 18:03:51.990,ARDUINO_PSI,Arduino,0.000,0.000,12.842,,
395.154596,2026-03-10 18:03:52.078,WJ_VOLTAGE,WJ1,9.971,0.000,0,0,"HV=OFF, Fault=NO"
395.165781,2026-03-10 18:03:52.089,ARDUINO_PSI,Arduino,0.000,0.000,12.847,,
395.218784,2026-03-10 18:03:52.142,WJ_VOLTAGE,WJ2,10.068,0.006,0,0,"HV=OFF, Fault=NO"
395.265927,2026-03-10 18:03:52.189,ARDUINO_PSI,Arduino,0.000,0.000,12.849,,
395.366463,2026-03-10 18:03:52.290,ARDUINO_PSI,Arduino,0.000,0.000,12.842,,
395.466564,2026-03-10 18:03:52.390,ARDUINO_PSI,Arduino,0.000,0.000,12.842,,
395.566488,2026-03-10 18:03:52.490,ARDUINO_PSI,Arduino,0.000,0.000,12.845,,
395.666346,2026-03-10 18:03:52.590,ARDUINO_PSI,Arduino,0.000,0.000,12.833,,
395.687288,2026-03-10 18:03:52.611,WJ_VOLTAGE,WJ1,9.971,0.000,0,0,"HV=OFF, Fault=NO"
395.746054,2026-03-10 18:03:52.669,WJ_VOLTAGE,WJ2,10.068,0.006,0,0,"HV=OFF, Fault=NO"
395.765957,2026-03-10 18:03:52.689,ARDUINO_PSI,Arduino,0.000,0.000,12.833,,
395.866582,2026-03-10 18:03:52.790,ARDUINO_PSI,Arduino,0.000,0.000,12.840,,
395.966535,2026-03-10 18:03:52.890,ARDUINO_PSI,Arduino,0.000,0.000,12.840,,
396.066478,2026-03-10 18:03:52.990,ARDUINO_PSI,Arduino,0.000,0.000,12.856,,
396.166484,2026-03-10 18:03:53.090,ARDUINO_PSI,Arduino,0.000,0.000,12.858,,
396.208671,2026-03-10 18:03:53.132,WJ_VOLTAGE,WJ1,9.971,0.000,0,0,"HV=OFF, Fault=NO"
396.266522,2026-03-10 18:03:53.190,ARDUINO_PSI,Arduino,0.000,0.000,12.840,,
396.271400,2026-03-10 18:03:53.195,WJ_VOLTAGE,WJ2,9.971,0.000,0,0,"HV=OFF, Fault=NO"
396.366690,2026-03-10 18:03:53.290,ARDUINO_PSI,Arduino,0.000,0.000,12.838,,
396.466565,2026-03-10 18:03:53.390,ARDUINO_PSI,Arduino,0.000,0.000,12.842,,
396.566529,2026-03-10 18:03:53.490,ARDUINO_PSI,Arduino,0.000,0.000,12.856,,
396.665812,2026-03-10 18:03:53.589,ARDUINO_PSI,Arduino,0.000,0.000,12.845,,
396.735766,2026-03-10 18:03:53.659,WJ_VOLTAGE,WJ1,9.971,0.006,0,0,"HV=OFF, Fault=NO"
396.765848,2026-03-10 18:03:53.689,ARDUINO_PSI,Arduino,0.000,0.000,12.845,,
396.812332,2026-03-10 18:03:53.736,WJ_VOLTAGE,WJ2,9.971,0.000,0,0,"HV=OFF, Fault=NO"
396.866620,2026-03-10 18:03:53.790,ARDUINO_PSI,Arduino,0.000,0.000,12.835,,
396.966941,2026-03-10 18:03:53.890,ARDUINO_PSI,Arduino,0.000,0.000,12.838,,
397.066528,2026-03-10 18:03:53.990,ARDUINO_PSI,Arduino,0.000,0.000,12.835,,
397.166123,2026-03-10 18:03:54.090,ARDUINO_PSI,Arduino,0.000,0.000,12.840,,
397.268187,2026-03-10 18:03:54.192,WJ_VOLTAGE,WJ1,9.971,0.006,0,0,"HV=OFF, Fault=NO"
397.270975,2026-03-10 18:03:54.194,ARDUINO_PSI,Arduino,0.000,0.000,12.826,,
397.329881,2026-03-10 18:03:54.253,WJ_VOLTAGE,WJ2,9.971,0.006,0,0,"HV=OFF, Fault=NO"
397.365885,2026-03-10 18:03:54.289,ARDUINO_PSI,Arduino,0.000,0.000,12.833,,
397.469673,2026-03-10 18:03:54.393,ARDUINO_PSI,Arduino,0.000,0.000,12.824,,
397.565708,2026-03-10 18:03:54.489,ARDUINO_PSI,Arduino,0.000,0.000,12.822,,
397.666616,2026-03-10 18:03:54.590,ARDUINO_PSI,Arduino,0.000,0.000,12.824,,
397.766040,2026-03-10 18:03:54.689,ARDUINO_PSI,Arduino,0.000,0.000,12.812,,
397.795410,2026-03-10 18:03:54.719,WJ_VOLTAGE,WJ1,9.971,0.006,0,0,"HV=OFF, Fault=NO"
397.858899,2026-03-10 18:03:54.782,WJ_VOLTAGE,WJ2,10.068,0.006,0,0,"HV=OFF, Fault=NO"
397.874612,2026-03-10 18:03:54.798,ARDUINO_PSI,Arduino,0.000,0.000,12.796,,
397.966602,2026-03-10 18:03:54.890,ARDUINO_PSI,Arduino,0.000,0.000,12.796,,
398.066453,2026-03-10 18:03:54.990,ARDUINO_PSI,Arduino,0.000,0.000,12.776,,
398.166428,2026-03-10 18:03:55.090,ARDUINO_PSI,Arduino,0.000,0.000,12.764,,
398.266051,2026-03-10 18:03:55.189,ARDUINO_PSI,Arduino,0.000,0.000,12.774,,
398.326546,2026-03-10 18:03:55.250,WJ_VOLTAGE,WJ1,9.971,0.000,0,0,"HV=OFF, Fault=NO"
398.366063,2026-03-10 18:03:55.289,ARDUINO_PSI,Arduino,0.000,0.000,12.776,,
398.387960,2026-03-10 18:03:55.311,WJ_VOLTAGE,WJ2,10.068,0.000,0,0,"HV=OFF, Fault=NO"
398.466344,2026-03-10 18:03:55.390,ARDUINO_PSI,Arduino,0.000,0.000,12.776,,
398.566249,2026-03-10 18:03:55.490,ARDUINO_PSI,Arduino,0.000,0.000,12.760,,
398.666292,2026-03-10 18:03:55.590,ARDUINO_PSI,Arduino,0.000,0.000,12.769,,
398.766846,2026-03-10 18:03:55.690,ARDUINO_PSI,Arduino,0.000,0.000,12.776,,
398.856268,2026-03-10 18:03:55.780,WJ_VOLTAGE,WJ1,9.971,0.006,0,0,"HV=OFF, Fault=NO"
398.874302,2026-03-10 18:03:55.798,ARDUINO_PSI,Arduino,0.000,0.000,12.780,,
398.919328,2026-03-10 18:03:55.843,WJ_VOLTAGE,WJ2,10.068,0.000,0,0,"HV=OFF, Fault=NO"
398.965863,2026-03-10 18:03:55.889,ARDUINO_PSI,Arduino,0.000,0.000,12.787,,
399.066462,2026-03-10 18:03:55.990,ARDUINO_PSI,Arduino,0.000,0.000,12.783,,
399.168629,2026-03-10 18:03:56.092,ARDUINO_PSI,Arduino,0.000,0.000,12.783,,
399.266450,2026-03-10 18:03:56.190,ARDUINO_PSI,Arduino,0.000,0.000,12.785,,
399.366644,2026-03-10 18:03:56.290,ARDUINO_PSI,Arduino,0.000,0.000,12.774,,
399.386950,2026-03-10 18:03:56.310,WJ_VOLTAGE,WJ1,9.971,0.000,0,0,"HV=OFF, Fault=NO"
399.446718,2026-03-10 18:03:56.370,WJ_VOLTAGE,WJ2,9.971,0.000,0,0,"HV=OFF, Fault=NO"
399.465880,2026-03-10 18:03:56.389,ARDUINO_PSI,Arduino,0.000,0.000,12.774,,
399.566742,2026-03-10 18:03:56.490,ARDUINO_PSI,Arduino,0.000,0.000,12.776,,
399.666621,2026-03-10 18:03:56.590,ARDUINO_PSI,Arduino,0.000,0.000,12.785,,
399.768198,2026-03-10 18:03:56.692,ARDUINO_PSI,Arduino,0.000,0.000,12.796,,
399.866655,2026-03-10 18:03:56.790,ARDUINO_PSI,Arduino,0.000,0.000,12.801,,
399.913878,2026-03-10 18:03:56.837,WJ_VOLTAGE,WJ1,9.971,0.000,0,0,"HV=OFF, Fault=NO"
399.966104,2026-03-10 18:03:56.889,ARDUINO_PSI,Arduino,0.000,0.000,12.803,,
399.975243,2026-03-10 18:03:56.899,WJ_VOLTAGE,WJ2,10.068,0.000,0,0,"HV=OFF, Fault=NO"
400.066517,2026-03-10 18:03:56.990,ARDUINO_PSI,Arduino,0.000,0.000,12.801,,
400.166581,2026-03-10 18:03:57.090,ARDUINO_PSI,Arduino,0.000,0.000,12.803,,
400.266733,2026-03-10 18:03:57.190,ARDUINO_PSI,Arduino,0.000,0.000,12.803,,
400.366851,2026-03-10 18:03:57.290,ARDUINO_PSI,Arduino,0.000,0.000,12.799,,
400.444341,2026-03-10 18:03:57.368,WJ_VOLTAGE,WJ1,9.971,0.000,0,0,"HV=OFF, Fault=NO"
400.465922,2026-03-10 18:03:57.389,ARDUINO_PSI,Arduino,0.000,0.000,12.794,,
400.505049,2026-03-10 18:03:57.428,WJ_VOLTAGE,WJ2,10.068,0.000,0,0,"HV=OFF, Fault=NO"
400.567681,2026-03-10 18:03:57.491,ARDUINO_PSI,Arduino,0.000,0.000,12.792,,
400.666677,2026-03-10 18:03:57.590,ARDUINO_PSI,Arduino,0.000,0.000,12.796,,
400.768080,2026-03-10 18:03:57.691,ARDUINO_PSI,Arduino,0.000,0.000,12.790,,
400.866433,2026-03-10 18:03:57.790,ARDUINO_PSI,Arduino,0.000,0.000,12.790,,
400.966637,2026-03-10 18:03:57.890,ARDUINO_PSI,Arduino,0.000,0.000,12.785,,
400.972398,2026-03-10 18:03:57.896,WJ_VOLTAGE,WJ1,9.971,0.000,0,0,"HV=OFF, Fault=NO"
401.037091,2026-03-10 18:03:57.960,WJ_VOLTAGE,WJ2,10.068,0.000,0,0,"HV=OFF, Fault=NO"
401.065914,2026-03-10 18:03:57.989,ARDUINO_PSI,Arduino,0.000,0.000,12.787,,
401.166462,2026-03-10 18:03:58.090,ARDUINO_PSI,Arduino,0.000,0.000,12.783,,
401.266779,2026-03-10 18:03:58.190,ARDUINO_PSI,Arduino,0.000,0.000,12.785,,
401.366448,2026-03-10 18:03:58.290,ARDUINO_PSI,Arduino,0.000,0.000,12.794,,
401.467063,2026-03-10 18:03:58.390,ARDUINO_PSI,Arduino,0.000,0.000,12.785,,
401.500264,2026-03-10 18:03:58.424,WJ_VOLTAGE,WJ1,9.971,0.000,0,0,"HV=OFF, Fault=NO"
401.562760,2026-03-10 18:03:58.486,WJ_VOLTAGE,WJ2,10.068,0.000,0,0,"HV=OFF, Fault=NO"
401.570933,2026-03-10 18:03:58.494,ARDUINO_PSI,Arduino,0.000,0.000,12.776,,
401.667475,2026-03-10 18:03:58.591,ARDUINO_PSI,Arduino,0.000,0.000,12.776,,
401.768558,2026-03-10 18:03:58.692,ARDUINO_PSI,Arduino,0.000,0.000,12.771,,
401.868769,2026-03-10 18:03:58.792,ARDUINO_PSI,Arduino,0.000,0.000,12.769,,
401.969006,2026-03-10 18:03:58.892,ARDUINO_PSI,Arduino,0.000,0.000,12.767,,
402.017584,2026-03-10 18:03:58.941,WJ_VOLTAGE,WJ1,9.971,0.000,0,0,"HV=OFF, Fault=NO"
402.067416,2026-03-10 18:03:58.991,ARDUINO_PSI,Arduino,0.000,0.000,12.774,,
402.095684,2026-03-10 18:03:59.019,WJ_VOLTAGE,WJ2,9.971,0.000,0,0,"HV=OFF, Fault=NO"
402.166737,2026-03-10 18:03:59.090,ARDUINO_PSI,Arduino,0.000,0.000,12.776,,
402.266596,2026-03-10 18:03:59.190,ARDUINO_PSI,Arduino,0.000,0.000,12.783,,
402.366539,2026-03-10 18:03:59.290,ARDUINO_PSI,Arduino,0.000,0.000,12.785,,
402.465905,2026-03-10 18:03:59.389,ARDUINO_PSI,Arduino,0.000,0.000,12.794,,
402.548856,2026-03-10 18:03:59.472,WJ_VOLTAGE,WJ1,9.971,0.000,0,0,"HV=OFF, Fault=NO"
402.565795,2026-03-10 18:03:59.489,ARDUINO_PSI,Arduino,0.000,0.000,12.803,,
402.626430,2026-03-10 18:03:59.550,WJ_VOLTAGE,WJ2,10.068,0.000,0,0,"HV=OFF, Fault=NO"
402.665827,2026-03-10 18:03:59.589,ARDUINO_PSI,Arduino,0.000,0.000,12.806,,
402.766543,2026-03-10 18:03:59.690,ARDUINO_PSI,Arduino,0.000,0.000,12.796,,
402.868724,2026-03-10 18:03:59.792,ARDUINO_PSI,Arduino,0.000,0.000,12.796,,
402.966461,2026-03-10 18:03:59.890,ARDUINO_PSI,Arduino,0.000,0.000,12.806,,
403.066653,2026-03-10 18:03:59.990,ARDUINO_PSI,Arduino,0.000,0.000,12.812,,
403.080588,2026-03-10 18:04:00.004,WJ_VOLTAGE,WJ1,9.971,0.000,0,0,"HV=OFF, Fault=NO"
403.159042,2026-03-10 18:04:00.082,WJ_VOLTAGE,WJ2,10.068,0.000,0,0,"HV=OFF, Fault=NO"
403.168094,2026-03-10 18:04:00.091,ARDUINO_PSI,Arduino,0.000,0.000,12.822,,
403.266455,2026-03-10 18:04:00.190,ARDUINO_PSI,Arduino,0.000,0.000,12.819,,
403.366656,2026-03-10 18:04:00.290,ARDUINO_PSI,Arduino,0.000,0.000,12.808,,
403.466458,2026-03-10 18:04:00.390,ARDUINO_PSI,Arduino,0.000,0.000,12.815,,
403.566493,2026-03-10 18:04:00.490,ARDUINO_PSI,Arduino,0.000,0.000,12.812,,
403.606358,2026-03-10 18:04:00.530,WJ_VOLTAGE,WJ1,9.971,0.000,0,0,"HV=OFF, Fault=NO"
403.666466,2026-03-10 18:04:00.590,ARDUINO_PSI,Arduino,0.000,0.000,12.822,,
403.687137,2026-03-10 18:04:00.611,WJ_VOLTAGE,WJ2,10.068,0.000,0,0,"HV=OFF, Fault=NO"
403.765966,2026-03-10 18:04:00.689,ARDUINO_PSI,Arduino,0.000,0.000,12.819,,
403.866543,2026-03-10 18:04:00.790,ARDUINO_PSI,Arduino,0.000,0.000,12.810,,
403.966690,2026-03-10 18:04:00.890,ARDUINO_PSI,Arduino,0.000,0.000,12.815,,
404.066459,2026-03-10 18:04:00.990,ARDUINO_PSI,Arduino,0.000,0.000,12.815,,
404.138605,2026-03-10 18:04:01.062,WJ_VOLTAGE,WJ1,9.971,0.000,0,0,"HV=OFF, Fault=NO"
404.165867,2026-03-10 18:04:01.089,ARDUINO_PSI,Arduino,0.000,0.000,12.822,,
404.218520,2026-03-10 18:04:01.142,WJ_VOLTAGE,WJ2,10.068,0.000,0,0,"HV=OFF, Fault=NO"
404.266413,2026-03-10 18:04:01.190,ARDUINO_PSI,Arduino,0.000,0.000,12.819,,
404.366648,2026-03-10 18:04:01.290,ARDUINO_PSI,Arduino,0.000,0.000,12.817,,
404.465964,2026-03-10 18:04:01.389,ARDUINO_PSI,Arduino,0.000,0.000,12.808,,
404.566414,2026-03-10 18:04:01.490,ARDUINO_PSI,Arduino,0.000,0.000,12.812,,
404.666592,2026-03-10 18:04:01.590,WJ_VOLTAGE,WJ1,9.971,0.000,0,0,"HV=OFF, Fault=NO"
404.667530,2026-03-10 18:04:01.591,ARDUINO_PSI,Arduino,0.000,0.000,12.810,,
404.745184,2026-03-10 18:04:01.669,WJ_VOLTAGE,WJ2,10.068,0.000,0,0,"HV=OFF, Fault=NO"
404.765845,2026-03-10 18:04:01.689,ARDUINO_PSI,Arduino,0.000,0.000,12.819,,
404.865931,2026-03-10 18:04:01.789,ARDUINO_PSI,Arduino,0.000,0.000,12.824,,
404.967140,2026-03-10 18:04:01.891,ARDUINO_PSI,Arduino,0.000,0.000,12.812,,
405.066615,2026-03-10 18:04:01.990,ARDUINO_PSI,Arduino,0.000,0.000,12.803,,
405.166643,2026-03-10 18:04:02.090,ARDUINO_PSI,Arduino,0.000,0.000,12.799,,
405.198806,2026-03-10 18:04:02.122,WJ_VOLTAGE,WJ1,9.971,0.000,0,0,"HV=OFF, Fault=NO"
405.261590,2026-03-10 18:04:02.185,WJ_VOLTAGE,WJ2,10.068,0.000,0,0,"HV=OFF, Fault=NO"
405.273217,2026-03-10 18:04:02.197,ARDUINO_PSI,Arduino,0.000,0.000,12.801,,
405.366228,2026-03-10 18:04:02.290,ARDUINO_PSI,Arduino,0.000,0.000,12.812,,
405.467349,2026-03-10 18:04:02.391,ARDUINO_PSI,Arduino,0.000,0.000,12.810,,
405.566628,2026-03-10 18:04:02.490,ARDUINO_PSI,Arduino,0.000,0.000,12.812,,
405.666495,2026-03-10 18:04:02.590,ARDUINO_PSI,Arduino,0.000,0.000,12.810,,
405.727911,2026-03-10 18:04:02.651,WJ_VOLTAGE,WJ1,9.971,0.000,0,0,"HV=OFF, Fault=NO"
405.765878,2026-03-10 18:04:02.689,ARDUINO_PSI,Arduino,0.000,0.000,12.819,,
405.788595,2026-03-10 18:04:02.712,WJ_VOLTAGE,WJ2,9.971,0.000,0,0,"HV=OFF, Fault=NO"
405.868791,2026-03-10 18:04:02.792,ARDUINO_PSI,Arduino,0.000,0.000,12.831,,
405.965943,2026-03-10 18:04:02.889,ARDUINO_PSI,Arduino,0.000,0.000,12.831,,
406.066642,2026-03-10 18:04:02.990,ARDUINO_PSI,Arduino,0.000,0.000,12.833,,
406.166525,2026-03-10 18:04:03.090,ARDUINO_PSI,Arduino,0.000,0.000,12.833,,
406.260069,2026-03-10 18:04:03.183,WJ_VOLTAGE,WJ1,9.971,0.000,0,0,"HV=OFF, Fault=NO"
406.276631,2026-03-10 18:04:03.200,ARDUINO_PSI,Arduino,0.000,0.000,12.831,,
406.321198,2026-03-10 18:04:03.245,WJ_VOLTAGE,WJ2,10.068,0.000,0,0,"HV=OFF, Fault=NO"
406.369096,2026-03-10 18:04:03.292,ARDUINO_PSI,Arduino,0.000,0.000,12.831,,
406.467069,2026-03-10 18:04:03.390,ARDUINO_PSI,Arduino,0.000,0.000,12.833,,
406.566533,2026-03-10 18:04:03.490,ARDUINO_PSI,Arduino,0.000,0.000,12.826,,
406.666635,2026-03-10 18:04:03.590,ARDUINO_PSI,Arduino,0.000,0.000,12.824,,
406.765812,2026-03-10 18:04:03.689,ARDUINO_PSI,Arduino,0.000,0.000,12.812,,
406.789880,2026-03-10 18:04:03.713,WJ_VOLTAGE,WJ1,9.971,0.000,0,0,"HV=OFF, Fault=NO"
406.852725,2026-03-10 18:04:03.776,WJ_VOLTAGE,WJ2,10.068,0.000,0,0,"HV=OFF, Fault=NO"
406.865991,2026-03-10 18:04:03.789,ARDUINO_PSI,Arduino,0.000,0.000,12.808,,
406.966049,2026-03-10 18:04:03.889,ARDUINO_PSI,Arduino,0.000,0.000,12.819,,
407.066737,2026-03-10 18:04:03.990,ARDUINO_PSI,Arduino,0.000,0.000,12.826,,
407.166543,2026-03-10 18:04:04.090,ARDUINO_PSI,Arduino,0.000,0.000,12.822,,
407.266617,2026-03-10 18:04:04.190,ARDUINO_PSI,Arduino,0.000,0.000,12.831,,
407.320007,2026-03-10 18:04:04.243,WJ_VOLTAGE,WJ1,9.971,0.000,0,0,"HV=OFF, Fault=NO"
407.366710,2026-03-10 18:04:04.290,WJ_VOLTAGE,WJ2,10.068,0.000,0,0,"HV=OFF, Fault=NO"
407.377106,2026-03-10 18:04:04.300,ARDUINO_PSI,Arduino,0.000,0.000,12.831,,
407.466682,2026-03-10 18:04:04.390,ARDUINO_PSI,Arduino,0.000,0.000,12.835,,
407.566596,2026-03-10 18:04:04.490,ARDUINO_PSI,Arduino,0.000,0.000,12.842,,
407.666489,2026-03-10 18:04:04.590,ARDUINO_PSI,Arduino,0.000,0.000,12.838,,
407.766613,2026-03-10 18:04:04.690,ARDUINO_PSI,Arduino,0.000,0.000,12.822,,
407.848200,2026-03-10 18:04:04.772,WJ_VOLTAGE,WJ1,9.971,0.000,0,0,"HV=OFF, Fault=NO"
407.865804,2026-03-10 18:04:04.789,ARDUINO_PSI,Arduino,0.000,0.000,12.819,,
407.895736,2026-03-10 18:04:04.819,WJ_VOLTAGE,WJ2,10.068,0.000,0,0,"HV=OFF, Fault=NO"
407.966652,2026-03-10 18:04:04.890,ARDUINO_PSI,Arduino,0.000,0.000,12.815,,
408.066032,2026-03-10 18:04:04.989,ARDUINO_PSI,Arduino,0.000,0.000,12.810,,
408.166442,2026-03-10 18:04:05.090,ARDUINO_PSI,Arduino,0.000,0.000,12.812,,
408.266421,2026-03-10 18:04:05.190,ARDUINO_PSI,Arduino,0.000,0.000,12.817,,
408.365884,2026-03-10 18:04:05.289,ARDUINO_PSI,Arduino,0.000,0.000,12.812,,
408.379172,2026-03-10 18:04:05.303,WJ_VOLTAGE,WJ1,9.971,0.000,0,0,"HV=OFF, Fault=NO"
408.424635,2026-03-10 18:04:05.348,WJ_VOLTAGE,WJ2,10.068,0.000,0,0,"HV=OFF, Fault=NO"
408.467664,2026-03-10 18:04:05.391,ARDUINO_PSI,Arduino,0.000,0.000,12.822,,
408.566620,2026-03-10 18:04:05.490,ARDUINO_PSI,Arduino,0.000,0.000,12.824,,
408.666502,2026-03-10 18:04:05.590,ARDUINO_PSI,Arduino,0.000,0.000,12.831,,
408.766685,2026-03-10 18:04:05.690,ARDUINO_PSI,Arduino,0.000,0.000,12.845,,
408.866618,2026-03-10 18:04:05.790,ARDUINO_PSI,Arduino,0.000,0.000,12.840,,
408.906368,2026-03-10 18:04:05.830,WJ_VOLTAGE,WJ1,9.971,0.000,0,0,"HV=OFF, Fault=NO"
408.954543,2026-03-10 18:04:05.878,WJ_VOLTAGE,WJ2,9.971,0.000,0,0,"HV=OFF, Fault=NO"
408.970191,2026-03-10 18:04:05.894,ARDUINO_PSI,Arduino,0.000,0.000,12.842,,
409.066553,2026-03-10 18:04:05.990,ARDUINO_PSI,Arduino,0.000,0.000,12.847,,
409.168610,2026-03-10 18:04:06.092,ARDUINO_PSI,Arduino,0.000,0.000,12.847,,
409.266635,2026-03-10 18:04:06.190,ARDUINO_PSI,Arduino,0.000,0.000,12.838,,
409.366556,2026-03-10 18:04:06.290,ARDUINO_PSI,Arduino,0.000,0.000,12.828,,
409.437622,2026-03-10 18:04:06.361,WJ_VOLTAGE,WJ1,9.971,0.000,0,0,"HV=OFF, Fault=NO"
409.466038,2026-03-10 18:04:06.389,ARDUINO_PSI,Arduino,0.000,0.000,12.828,,
409.482812,2026-03-10 18:04:06.406,WJ_VOLTAGE,WJ2,10.068,0.000,0,0,"HV=OFF, Fault=NO"
409.566480,2026-03-10 18:04:06.490,ARDUINO_PSI,Arduino,0.000,0.000,12.828,,
409.666440,2026-03-10 18:04:06.590,ARDUINO_PSI,Arduino,0.000,0.000,12.826,,
409.766739,2026-03-10 18:04:06.690,ARDUINO_PSI,Arduino,0.000,0.000,12.831,,
409.998741,2026-03-10 18:04:06.922,WJ_COMMAND,WJ1,HV_OFF,,,,HV_OFF 
410.094467,2026-03-10 18:04:07.018,WJ_COMMAND,WJ2,HV_OFF,,,,HV_OFF 
410.096251,2026-03-10 18:04:07.020,ARDUINO_PSI,Arduino,0.000,0.000,12.824,,
410.100744,2026-03-10 18:04:07.024,WJ_VOLTAGE,WJ1,9.971,0.000,0,0,"HV=OFF, Fault=NO"
410.101898,2026-03-10 18:04:07.025,ARDUINO_PSI,Arduino,0.000,0.000,12.831,,
410.103326,2026-03-10 18:04:07.027,WJ_VOLTAGE,WJ2,10.068,0.000,0,0,"HV=OFF, Fault=NO"
410.104113,2026-03-10 18:04:07.027,ARDUINO_PSI,Arduino,0.000,0.000,12.838,,
410.166061,2026-03-10 18:04:07.089,ARDUINO_PSI,Arduino,0.000,0.000,12.833,,
410.268549,2026-03-10 18:04:07.192,ARDUINO_PSI,Arduino,0.000,0.000,12.833,,
410.366395,2026-03-10 18:04:07.290,ARDUINO_PSI,Arduino,0.000,0.000,12.835,,
410.455894,2026-03-10 18:04:07.379,WJ_VOLTAGE,WJ1,9.971,0.000,0,0,"HV=OFF, Fault=NO"
410.467673,2026-03-10 18:04:07.391,ARDUINO_PSI,Arduino,0.000,0.000,12.826,,
410.550201,2026-03-10 18:04:07.474,WJ_VOLTAGE,WJ2,10.068,0.000,0,0,"HV=OFF, Fault=NO"
410.566347,2026-03-10 18:04:07.490,ARDUINO_PSI,Arduino,0.000,0.000,12.822,,
410.666429,2026-03-10 18:04:07.590,ARDUINO_PSI,Arduino,0.000,0.000,12.806,,
410.766570,2026-03-10 18:04:07.690,ARDUINO_PSI,Arduino,0.000,0.000,12.801,,
410.866671,2026-03-10 18:04:07.790,ARDUINO_PSI,Arduino,0.000,0.000,12.812,,
410.966596,2026-03-10 18:04:07.890,ARDUINO_PSI,Arduino,0.000,0.000,12.808,,
410.985938,2026-03-10 18:04:07.909,WJ_VOLTAGE,WJ1,8.309,0.000,0,0,"HV=OFF, Fault=NO"
411.066460,2026-03-10 18:04:07.990,ARDUINO_PSI,Arduino,0.000,0.000,12.799,,
411.078422,2026-03-10 18:04:08.002,WJ_VOLTAGE,WJ2,8.113,0.000,0,0,"HV=OFF, Fault=NO"
411.166643,2026-03-10 18:04:08.090,ARDUINO_PSI,Arduino,0.000,0.000,12.799,,
411.266445,2026-03-10 18:04:08.190,ARDUINO_PSI,Arduino,0.000,0.000,12.808,,
411.366474,2026-03-10 18:04:08.290,ARDUINO_PSI,Arduino,0.000,0.000,12.810,,
411.466603,2026-03-10 18:04:08.390,ARDUINO_PSI,Arduino,0.000,0.000,12.810,,
411.511858,2026-03-10 18:04:08.435,WJ_VOLTAGE,WJ1,7.429,0.000,0,0,"HV=OFF, Fault=NO"
411.566458,2026-03-10 18:04:08.490,ARDUINO_PSI,Arduino,0.000,0.000,12.810,,
411.605251,2026-03-10 18:04:08.529,WJ_VOLTAGE,WJ2,7.136,0.000,0,0,"HV=OFF, Fault=NO"
411.666666,2026-03-10 18:04:08.590,ARDUINO_PSI,Arduino,0.000,0.000,12.810,,
411.766494,2026-03-10 18:04:08.690,ARDUINO_PSI,Arduino,0.000,0.000,12.824,,
411.866456,2026-03-10 18:04:08.790,ARDUINO_PSI,Arduino,0.000,0.000,12.826,,
411.966230,2026-03-10 18:04:08.890,ARDUINO_PSI,Arduino,0.000,0.000,12.824,,
412.041786,2026-03-10 18:04:08.965,WJ_VOLTAGE,WJ1,6.549,0.000,0,0,"HV=OFF, Fault=NO"
412.065729,2026-03-10 18:04:08.989,ARDUINO_PSI,Arduino,0.000,0.000,12.819,,
412.134640,2026-03-10 18:04:09.058,WJ_VOLTAGE,WJ2,6.354,0.000,0,0,"HV=OFF, Fault=NO"
412.166035,2026-03-10 18:04:09.089,ARDUINO_PSI,Arduino,0.000,0.000,12.815,,
412.266612,2026-03-10 18:04:09.190,ARDUINO_PSI,Arduino,0.000,0.000,12.801,,
412.366513,2026-03-10 18:04:09.290,ARDUINO_PSI,Arduino,0.000,0.000,12.808,,
412.466458,2026-03-10 18:04:09.390,ARDUINO_PSI,Arduino,0.000,0.000,12.808,,
412.566380,2026-03-10 18:04:09.490,ARDUINO_PSI,Arduino,0.000,0.000,12.808,,
412.571166,2026-03-10 18:04:09.495,WJ_VOLTAGE,WJ1,5.865,0.000,0,0,"HV=OFF, Fault=NO"
412.665839,2026-03-10 18:04:09.589,WJ_VOLTAGE,WJ2,5.670,0.000,0,0,"HV=OFF, Fault=NO"
412.679832,2026-03-10 18:04:09.603,ARDUINO_PSI,Arduino,0.000,0.000,12.803,,
412.766370,2026-03-10 18:04:09.690,ARDUINO_PSI,Arduino,0.000,0.000,12.808,,
412.866696,2026-03-10 18:04:09.790,ARDUINO_PSI,Arduino,0.000,0.000,12.801,,
412.966439,2026-03-10 18:04:09.890,ARDUINO_PSI,Arduino,0.000,0.000,12.801,,
413.067203,2026-03-10 18:04:09.991,ARDUINO_PSI,Arduino,0.000,0.000,12.801,,
413.098447,2026-03-10 18:04:10.022,WJ_VOLTAGE,WJ1,5.181,0.000,0,0,"HV=OFF, Fault=NO"
413.166495,2026-03-10 18:04:10.090,ARDUINO_PSI,Arduino,0.000,0.000,12.801,,
413.193989,2026-03-10 18:04:10.117,WJ_VOLTAGE,WJ2,4.985,0.000,0,0,"HV=OFF, Fault=NO"
413.266277,2026-03-10 18:04:10.190,ARDUINO_PSI,Arduino,0.000,0.000,12.801,,
413.366144,2026-03-10 18:04:10.290,ARDUINO_PSI,Arduino,0.000,0.000,12.806,,
413.468891,2026-03-10 18:04:10.392,ARDUINO_PSI,Arduino,0.000,0.000,12.806,,
413.566532,2026-03-10 18:04:10.490,ARDUINO_PSI,Arduino,0.000,0.000,12.799,,
413.628797,2026-03-10 18:04:10.552,WJ_VOLTAGE,WJ1,4.692,0.000,0,0,"HV=OFF, Fault=NO"
413.665994,2026-03-10 18:04:10.589,ARDUINO_PSI,Arduino,0.000,0.000,12.801,,
413.724172,2026-03-10 18:04:10.648,WJ_VOLTAGE,WJ2,4.399,0.000,0,0,"HV=OFF, Fault=NO"
413.766514,2026-03-10 18:04:10.690,ARDUINO_PSI,Arduino,0.000,0.000,12.792,,
413.866753,2026-03-10 18:04:10.790,ARDUINO_PSI,Arduino,0.000,0.000,12.801,,
413.966435,2026-03-10 18:04:10.890,ARDUINO_PSI,Arduino,0.000,0.000,12.808,,
414.066463,2026-03-10 18:04:10.990,ARDUINO_PSI,Arduino,0.000,0.000,12.810,,
414.155961,2026-03-10 18:04:11.079,WJ_VOLTAGE,WJ1,4.203,0.000,0,0,"HV=OFF, Fault=NO"
414.173063,2026-03-10 18:04:11.096,ARDUINO_PSI,Arduino,0.000,0.000,12.815,,
414.249159,2026-03-10 18:04:11.173,WJ_VOLTAGE,WJ2,3.910,0.000,0,0,"HV=OFF, Fault=NO"
414.265761,2026-03-10 18:04:11.189,ARDUINO_PSI,Arduino,0.000,0.000,12.826,,
414.366545,2026-03-10 18:04:11.290,ARDUINO_PSI,Arduino,0.000,0.000,12.838,,
414.465840,2026-03-10 18:04:11.389,ARDUINO_PSI,Arduino,0.000,0.000,12.835,,
414.566551,2026-03-10 18:04:11.490,ARDUINO_PSI,Arduino,0.000,0.000,12.833,,
414.666389,2026-03-10 18:04:11.590,ARDUINO_PSI,Arduino,0.000,0.000,12.833,,
414.686651,2026-03-10 18:04:11.610,WJ_VOLTAGE,WJ1,3.715,0.000,0,0,"HV=OFF, Fault=NO"
414.766104,2026-03-10 18:04:11.689,ARDUINO_PSI,Arduino,0.000,0.000,12.828,,
414.778588,2026-03-10 18:04:11.702,WJ_VOLTAGE,WJ2,3.421,0.000,0,0,"HV=OFF, Fault=NO"
414.865905,2026-03-10 18:04:11.789,ARDUINO_PSI,Arduino,0.000,0.000,12.828,,
414.966378,2026-03-10 18:04:11.890,ARDUINO_PSI,Arduino,0.000,0.000,12.824,,
415.066533,2026-03-10 18:04:11.990,ARDUINO_PSI,Arduino,0.000,0.000,12.831,,
415.166393,2026-03-10 18:04:12.090,ARDUINO_PSI,Arduino,0.000,0.000,12.831,,
415.213606,2026-03-10 18:04:12.137,WJ_VOLTAGE,WJ1,3.324,0.000,0,0,"HV=OFF, Fault=NO"
415.265778,2026-03-10 18:04:12.189,ARDUINO_PSI,Arduino,0.000,0.000,12.831,,
415.306577,2026-03-10 18:04:12.230,WJ_VOLTAGE,WJ2,3.030,0.000,0,0,"HV=OFF, Fault=NO"
415.366453,2026-03-10 18:04:12.290,ARDUINO_PSI,Arduino,0.000,0.000,12.831,,
415.466018,2026-03-10 18:04:12.389,ARDUINO_PSI,Arduino,0.000,0.000,12.826,,
415.565947,2026-03-10 18:04:12.489,ARDUINO_PSI,Arduino,0.000,0.000,12.833,,
415.666252,2026-03-10 18:04:12.590,ARDUINO_PSI,Arduino,0.000,0.000,12.819,,
415.743606,2026-03-10 18:04:12.667,WJ_VOLTAGE,WJ1,3.030,0.000,0,0,"HV=OFF, Fault=NO"
415.765747,2026-03-10 18:04:12.689,ARDUINO_PSI,Arduino,0.000,0.000,12.822,,
415.836166,2026-03-10 18:04:12.760,WJ_VOLTAGE,WJ2,2.737,0.000,0,0,"HV=OFF, Fault=NO"
415.865902,2026-03-10 18:04:12.789,ARDUINO_PSI,Arduino,0.000,0.000,12.819,,
415.966012,2026-03-10 18:04:12.889,ARDUINO_PSI,Arduino,0.000,0.000,12.824,,
416.066590,2026-03-10 18:04:12.990,ARDUINO_PSI,Arduino,0.000,0.000,12.822,,
416.166476,2026-03-10 18:04:13.090,ARDUINO_PSI,Arduino,0.000,0.000,12.822,,
416.266496,2026-03-10 18:04:13.190,ARDUINO_PSI,Arduino,0.000,0.000,12.817,,
416.271664,2026-03-10 18:04:13.195,WJ_VOLTAGE,WJ1,2.737,0.000,0,0,"HV=OFF, Fault=NO"
416.369267,2026-03-10 18:04:13.293,WJ_VOLTAGE,WJ2,2.444,0.000,0,0,"HV=OFF, Fault=NO"
416.371870,2026-03-10 18:04:13.295,ARDUINO_PSI,Arduino,0.000,0.000,12.801,,
416.466694,2026-03-10 18:04:13.390,ARDUINO_PSI,Arduino,0.000,0.000,12.803,,
416.565757,2026-03-10 18:04:13.489,ARDUINO_PSI,Arduino,0.000,0.000,12.652,,
416.665942,2026-03-10 18:04:13.589,ARDUINO_PSI,Arduino,0.000,0.000,12.593,,
416.766426,2026-03-10 18:04:13.690,ARDUINO_PSI,Arduino,0.000,0.000,12.559,,
416.799870,2026-03-10 18:04:13.723,WJ_VOLTAGE,WJ1,2.444,0.000,0,0,"HV=OFF, Fault=NO"
416.866497,2026-03-10 18:04:13.790,ARDUINO_PSI,Arduino,0.000,0.000,12.554,,
416.892617,2026-03-10 18:04:13.816,WJ_VOLTAGE,WJ2,2.151,0.000,0,0,"HV=OFF, Fault=NO"
416.969665,2026-03-10 18:04:13.893,ARDUINO_PSI,Arduino,0.000,0.000,12.550,,
417.066382,2026-03-10 18:04:13.990,ARDUINO_PSI,Arduino,0.000,0.000,12.538,,
417.165758,2026-03-10 18:04:14.089,ARDUINO_PSI,Arduino,0.000,0.000,12.545,,
417.265847,2026-03-10 18:04:14.189,ARDUINO_PSI,Arduino,0.000,0.000,12.534,,
417.330584,2026-03-10 18:04:14.254,WJ_VOLTAGE,WJ1,2.151,0.000,0,0,"HV=OFF, Fault=NO"
417.365851,2026-03-10 18:04:14.289,ARDUINO_PSI,Arduino,0.000,0.000,12.534,,
417.425338,2026-03-10 18:04:14.349,WJ_VOLTAGE,WJ2,1.857,0.000,0,0,"HV=OFF, Fault=NO"
417.465941,2026-03-10 18:04:14.389,ARDUINO_PSI,Arduino,0.000,0.000,12.547,,
417.566629,2026-03-10 18:04:14.490,ARDUINO_PSI,Arduino,0.000,0.000,12.543,,
417.666342,2026-03-10 18:04:14.590,ARDUINO_PSI,Arduino,0.000,0.000,12.554,,
417.765954,2026-03-10 18:04:14.689,ARDUINO_PSI,Arduino,0.000,0.000,12.563,,
417.859119,2026-03-10 18:04:14.782,WJ_VOLTAGE,WJ1,1.955,0.000,0,0,"HV=OFF, Fault=NO"
417.866748,2026-03-10 18:04:14.790,ARDUINO_PSI,Arduino,0.000,0.000,12.559,,
417.952787,2026-03-10 18:04:14.876,WJ_VOLTAGE,WJ2,1.662,0.000,0,0,"HV=OFF, Fault=NO"
417.965803,2026-03-10 18:04:14.889,ARDUINO_PSI,Arduino,0.000,0.000,12.552,,
418.066390,2026-03-10 18:04:14.990,ARDUINO_PSI,Arduino,0.000,0.000,12.552,,
418.166636,2026-03-10 18:04:15.090,ARDUINO_PSI,Arduino,0.000,0.000,12.556,,
418.266644,2026-03-10 18:04:15.190,ARDUINO_PSI,Arduino,0.000,0.000,12.554,,
418.365853,2026-03-10 18:04:15.289,ARDUINO_PSI,Arduino,0.000,0.000,12.552,,
418.390001,2026-03-10 18:04:15.313,WJ_VOLTAGE,WJ1,1.760,0.000,0,0,"HV=OFF, Fault=NO"
418.466500,2026-03-10 18:04:15.390,ARDUINO_PSI,Arduino,0.000,0.000,12.552,,
418.483914,2026-03-10 18:04:15.407,WJ_VOLTAGE,WJ2,1.466,0.000,0,0,"HV=OFF, Fault=NO"
418.566484,2026-03-10 18:04:15.490,ARDUINO_PSI,Arduino,0.000,0.000,12.700,,
418.666575,2026-03-10 18:04:15.590,ARDUINO_PSI,Arduino,0.000,0.000,12.769,,
418.765919,2026-03-10 18:04:15.689,ARDUINO_PSI,Arduino,0.000,0.000,12.803,,
418.866534,2026-03-10 18:04:15.790,ARDUINO_PSI,Arduino,0.000,0.000,12.803,,
418.922300,2026-03-10 18:04:15.846,WJ_VOLTAGE,WJ1,1.564,0.000,0,0,"HV=OFF, Fault=NO"
418.965996,2026-03-10 18:04:15.889,ARDUINO_PSI,Arduino,0.000,0.000,12.812,,
419.015193,2026-03-10 18:04:15.939,WJ_VOLTAGE,WJ2,1.271,0.000,0,0,"HV=OFF, Fault=NO"
419.066253,2026-03-10 18:04:15.990,ARDUINO_PSI,Arduino,0.000,0.000,12.810,,
419.166519,2026-03-10 18:04:16.090,ARDUINO_PSI,Arduino,0.000,0.000,12.806,,
419.266599,2026-03-10 18:04:16.190,ARDUINO_PSI,Arduino,0.000,0.000,12.808,,
419.365905,2026-03-10 18:04:16.289,ARDUINO_PSI,Arduino,0.000,0.000,12.803,,
419.453291,2026-03-10 18:04:16.377,WJ_VOLTAGE,WJ1,1.369,0.000,0,0,"HV=OFF, Fault=NO"
419.466274,2026-03-10 18:04:16.390,ARDUINO_PSI,Arduino,0.000,0.000,12.799,,
419.544742,2026-03-10 18:04:16.468,WJ_VOLTAGE,WJ2,1.173,0.000,0,0,"HV=OFF, Fault=NO"
419.565806,2026-03-10 18:04:16.489,ARDUINO_PSI,Arduino,0.000,0.000,12.794,,
419.666784,2026-03-10 18:04:16.590,ARDUINO_PSI,Arduino,0.000,0.000,12.790,,
419.765733,2026-03-10 18:04:16.689,ARDUINO_PSI,Arduino,0.000,0.000,12.778,,
419.866310,2026-03-10 18:04:16.790,ARDUINO_PSI,Arduino,0.000,0.000,12.783,,
419.966636,2026-03-10 18:04:16.890,ARDUINO_PSI,Arduino,0.000,0.000,12.774,,
419.971775,2026-03-10 18:04:16.895,WJ_VOLTAGE,WJ1,1.271,0.000,0,0,"HV=OFF, Fault=NO"
420.066262,2026-03-10 18:04:16.990,ARDUINO_PSI,Arduino,0.000,0.000,12.767,,
420.076576,2026-03-10 18:04:17.000,WJ_VOLTAGE,WJ2,0.978,0.000,0,0,"HV=OFF, Fault=NO"
420.166651,2026-03-10 18:04:17.090,ARDUINO_PSI,Arduino,0.000,0.000,12.762,,
420.266389,2026-03-10 18:04:17.190,ARDUINO_PSI,Arduino,0.000,0.000,12.762,,
420.366363,2026-03-10 18:04:17.290,ARDUINO_PSI,Arduino,0.000,0.000,12.771,,
420.468617,2026-03-10 18:04:17.392,ARDUINO_PSI,Arduino,0.000,0.000,12.764,,
420.495901,2026-03-10 18:04:17.419,WJ_VOLTAGE,WJ1,1.173,0.000,0,0,"HV=OFF, Fault=NO"
420.566512,2026-03-10 18:04:17.490,ARDUINO_PSI,Arduino,0.000,0.000,12.767,,
420.604598,2026-03-10 18:04:17.528,WJ_VOLTAGE,WJ2,0.880,0.000,0,0,"HV=OFF, Fault=NO"
420.666533,2026-03-10 18:04:17.590,ARDUINO_PSI,Arduino,0.000,0.000,12.771,,
420.766095,2026-03-10 18:04:17.689,ARDUINO_PSI,Arduino,0.000,0.000,12.767,,
420.866593,2026-03-10 18:04:17.790,ARDUINO_PSI,Arduino,0.000,0.000,12.776,,
420.967886,2026-03-10 18:04:17.891,ARDUINO_PSI,Arduino,0.000,0.000,12.780,,
421.024662,2026-03-10 18:04:17.948,WJ_VOLTAGE,WJ1,0.978,0.000,0,0,"HV=OFF, Fault=NO"
421.065951,2026-03-10 18:04:17.989,ARDUINO_PSI,Arduino,0.000,0.000,12.783,,
421.134546,2026-03-10 18:04:18.058,WJ_VOLTAGE,WJ2,0.782,0.000,0,0,"HV=OFF, Fault=NO"
421.165823,2026-03-10 18:04:18.089,ARDUINO_PSI,Arduino,0.000,0.000,12.790,,
421.266525,2026-03-10 18:04:18.190,ARDUINO_PSI,Arduino,0.000,0.000,12.790,,
421.366706,2026-03-10 18:04:18.290,ARDUINO_PSI,Arduino,0.000,0.000,12.799,,
421.466051,2026-03-10 18:04:18.389,ARDUINO_PSI,Arduino,0.000,0.000,12.792,,
421.553154,2026-03-10 18:04:18.477,WJ_VOLTAGE,WJ1,0.880,0.000,0,0,"HV=OFF, Fault=NO"
421.568764,2026-03-10 18:04:18.492,ARDUINO_PSI,Arduino,0.000,0.000,12.796,,
421.659661,2026-03-10 18:04:18.583,WJ_VOLTAGE,WJ2,0.684,0.000,0,0,"HV=OFF, Fault=NO"
421.667825,2026-03-10 18:04:18.591,ARDUINO_PSI,Arduino,0.000,0.000,12.792,,
421.766597,2026-03-10 18:04:18.690,ARDUINO_PSI,Arduino,0.000,0.000,12.792,,
421.866698,2026-03-10 18:04:18.790,ARDUINO_PSI,Arduino,0.000,0.000,12.787,,
421.966802,2026-03-10 18:04:18.890,ARDUINO_PSI,Arduino,0.000,0.000,12.796,,
422.066566,2026-03-10 18:04:18.990,ARDUINO_PSI,Arduino,0.000,0.000,12.799,,
422.080795,2026-03-10 18:04:19.004,WJ_VOLTAGE,WJ1,0.880,0.000,0,0,"HV=OFF, Fault=NO"
422.166601,2026-03-10 18:04:19.090,ARDUINO_PSI,Arduino,0.000,0.000,12.796,,
422.190252,2026-03-10 18:04:19.114,WJ_VOLTAGE,WJ2,0.587,0.000,0,0,"HV=OFF, Fault=NO"
422.267425,2026-03-10 18:04:19.191,ARDUINO_PSI,Arduino,0.000,0.000,12.799,,
422.366457,2026-03-10 18:04:19.290,ARDUINO_PSI,Arduino,0.000,0.000,12.794,,
422.466491,2026-03-10 18:04:19.390,ARDUINO_PSI,Arduino,0.000,0.000,12.801,,
422.566613,2026-03-10 18:04:19.490,ARDUINO_PSI,Arduino,0.000,0.000,12.801,,
422.611148,2026-03-10 18:04:19.535,WJ_VOLTAGE,WJ1,0.782,0.000,0,0,"HV=OFF, Fault=NO"
422.666409,2026-03-10 18:04:19.590,ARDUINO_PSI,Arduino,0.000,0.000,12.801,,
422.719145,2026-03-10 18:04:19.643,WJ_VOLTAGE,WJ2,0.587,0.000,0,0,"HV=OFF, Fault=NO"
422.766248,2026-03-10 18:04:19.690,ARDUINO_PSI,Arduino,0.000,0.000,12.803,,
422.867998,2026-03-10 18:04:19.791,ARDUINO_PSI,Arduino,0.000,0.000,12.796,,
422.967263,2026-03-10 18:04:19.891,ARDUINO_PSI,Arduino,0.000,0.000,12.790,,
423.066335,2026-03-10 18:04:19.990,ARDUINO_PSI,Arduino,0.000,0.000,12.787,,
423.138261,2026-03-10 18:04:20.062,WJ_VOLTAGE,WJ1,0.684,0.000,0,0,"HV=OFF, Fault=NO"
423.165818,2026-03-10 18:04:20.089,ARDUINO_PSI,Arduino,0.000,0.000,12.778,,
423.245722,2026-03-10 18:04:20.169,WJ_VOLTAGE,WJ2,0.489,0.000,0,0,"HV=OFF, Fault=NO"
423.265795,2026-03-10 18:04:20.189,ARDUINO_PSI,Arduino,0.000,0.000,12.783,,
423.366435,2026-03-10 18:04:20.290,ARDUINO_PSI,Arduino,0.000,0.000,12.771,,
423.466533,2026-03-10 18:04:20.390,ARDUINO_PSI,Arduino,0.000,0.000,12.771,,
423.566502,2026-03-10 18:04:20.490,ARDUINO_PSI,Arduino,0.000,0.000,12.774,,
423.670321,2026-03-10 18:04:20.594,WJ_VOLTAGE,WJ1,0.587,0.000,0,0,"HV=OFF, Fault=NO"
423.672262,2026-03-10 18:04:20.596,ARDUINO_PSI,Arduino,0.000,0.000,12.771,,
423.766333,2026-03-10 18:04:20.690,ARDUINO_PSI,Arduino,0.000,0.000,12.780,,
423.777746,2026-03-10 18:04:20.701,WJ_VOLTAGE,WJ2,0.391,0.000,0,0,"HV=OFF, Fault=NO"
423.866638,2026-03-10 18:04:20.790,ARDUINO_PSI,Arduino,0.000,0.000,12.785,,
423.968396,2026-03-10 18:04:20.892,ARDUINO_PSI,Arduino,0.000,0.000,12.790,,
424.069238,2026-03-10 18:04:20.993,ARDUINO_PSI,Arduino,0.000,0.000,12.799,,
424.167883,2026-03-10 18:04:21.091,ARDUINO_PSI,Arduino,0.000,0.000,12.796,,
424.198027,2026-03-10 18:04:21.121,WJ_VOLTAGE,WJ1,0.489,0.000,0,0,"HV=OFF, Fault=NO"
424.266483,2026-03-10 18:04:21.190,ARDUINO_PSI,Arduino,0.000,0.000,12.799,,
424.307182,2026-03-10 18:04:21.231,WJ_VOLTAGE,WJ2,0.391,0.000,0,0,"HV=OFF, Fault=NO"
424.366593,2026-03-10 18:04:21.290,ARDUINO_PSI,Arduino,0.000,0.000,12.803,,
424.466506,2026-03-10 18:04:21.390,ARDUINO_PSI,Arduino,0.000,0.000,12.801,,
424.566877,2026-03-10 18:04:21.490,ARDUINO_PSI,Arduino,0.000,0.000,12.810,,
424.666695,2026-03-10 18:04:21.590,ARDUINO_PSI,Arduino,0.000,0.000,12.808,,
424.730064,2026-03-10 18:04:21.653,WJ_VOLTAGE,WJ1,0.489,0.000,0,0,"HV=OFF, Fault=NO"
424.765877,2026-03-10 18:04:21.689,ARDUINO_PSI,Arduino,0.000,0.000,12.808,,
424.839962,2026-03-10 18:04:21.763,WJ_VOLTAGE,WJ2,0.293,0.000,0,0,"HV=OFF, Fault=NO"
424.866017,2026-03-10 18:04:21.789,ARDUINO_PSI,Arduino,0.000,0.000,12.806,,
424.966381,2026-03-10 18:04:21.890,ARDUINO_PSI,Arduino,0.000,0.000,12.803,,
425.066570,2026-03-10 18:04:21.990,ARDUINO_PSI,Arduino,0.000,0.000,12.806,,
425.166617,2026-03-10 18:04:22.090,ARDUINO_PSI,Arduino,0.000,0.000,12.810,,
425.258628,2026-03-10 18:04:22.182,WJ_VOLTAGE,WJ1,0.391,0.000,0,0,"HV=OFF, Fault=NO"
425.266882,2026-03-10 18:04:22.190,ARDUINO_PSI,Arduino,0.000,0.000,12.815,,
425.366430,2026-03-10 18:04:22.290,ARDUINO_PSI,Arduino,0.000,0.000,12.819,,
425.372551,2026-03-10 18:04:22.296,WJ_VOLTAGE,WJ2,0.293,0.000,0,0,"HV=OFF, Fault=NO"
425.466833,2026-03-10 18:04:22.390,ARDUINO_PSI,Arduino,0.000,0.000,12.826,,
425.566529,2026-03-10 18:04:22.490,ARDUINO_PSI,Arduino,0.000,0.000,12.828,,
425.666802,2026-03-10 18:04:22.590,ARDUINO_PSI,Arduino,0.000,0.000,12.840,,
425.766639,2026-03-10 18:04:22.690,ARDUINO_PSI,Arduino,0.000,0.000,12.840,,
425.791011,2026-03-10 18:04:22.714,WJ_VOLTAGE,WJ1,0.391,0.000,0,0,"HV=OFF, Fault=NO"
425.866500,2026-03-10 18:04:22.790,ARDUINO_PSI,Arduino,0.000,0.000,12.828,,
425.903241,2026-03-10 18:04:22.827,WJ_VOLTAGE,WJ2,0.293,0.000,0,0,"HV=OFF, Fault=NO"
425.966383,2026-03-10 18:04:22.890,ARDUINO_PSI,Arduino,0.000,0.000,12.817,,
426.066216,2026-03-10 18:04:22.990,ARDUINO_PSI,Arduino,0.000,0.000,12.812,,
426.168964,2026-03-10 18:04:23.092,ARDUINO_PSI,Arduino,0.000,0.000,12.815,,
426.266656,2026-03-10 18:04:23.190,ARDUINO_PSI,Arduino,0.000,0.000,12.815,,
426.320118,2026-03-10 18:04:23.243,WJ_VOLTAGE,WJ1,0.293,0.000,0,0,"HV=OFF, Fault=NO"
426.366808,2026-03-10 18:04:23.290,ARDUINO_PSI,Arduino,0.000,0.000,12.817,,
426.430669,2026-03-10 18:04:23.354,WJ_VOLTAGE,WJ2,0.196,0.000,0,0,"HV=OFF, Fault=NO"
426.466401,2026-03-10 18:04:23.390,ARDUINO_PSI,Arduino,0.000,0.000,12.817,,
426.566537,2026-03-10 18:04:23.490,ARDUINO_PSI,Arduino,0.000,0.000,12.808,,
426.666652,2026-03-10 18:04:23.590,ARDUINO_PSI,Arduino,0.000,0.000,12.794,,
426.768988,2026-03-10 18:04:23.692,ARDUINO_PSI,Arduino,0.000,0.000,12.790,,
426.846367,2026-03-10 18:04:23.770,WJ_VOLTAGE,WJ1,0.293,0.000,0,0,"HV=OFF, Fault=NO"
426.865770,2026-03-10 18:04:23.789,ARDUINO_PSI,Arduino,0.000,0.000,12.792,,
426.953723,2026-03-10 18:04:23.877,WJ_VOLTAGE,WJ2,0.196,0.000,0,0,"HV=OFF, Fault=NO"
426.965865,2026-03-10 18:04:23.889,ARDUINO_PSI,Arduino,0.000,0.000,12.801,,
427.068713,2026-03-10 18:04:23.992,ARDUINO_PSI,Arduino,0.000,0.000,12.792,,
427.168396,2026-03-10 18:04:24.092,ARDUINO_PSI,Arduino,0.000,0.000,12.785,,
427.266375,2026-03-10 18:04:24.190,ARDUINO_PSI,Arduino,0.000,0.000,12.785,,
427.366552,2026-03-10 18:04:24.290,ARDUINO_PSI,Arduino,0.000,0.000,12.780,,
427.372176,2026-03-10 18:04:24.296,WJ_VOLTAGE,WJ1,0.293,0.000,0,0,"HV=OFF, Fault=NO"
427.468628,2026-03-10 18:04:24.392,ARDUINO_PSI,Arduino,0.000,0.000,12.774,,
427.485588,2026-03-10 18:04:24.409,WJ_VOLTAGE,WJ2,0.196,0.000,0,0,"HV=OFF, Fault=NO"
427.566629,2026-03-10 18:04:24.490,ARDUINO_PSI,Arduino,0.000,0.000,12.767,,
427.669733,2026-03-10 18:04:24.593,ARDUINO_PSI,Arduino,0.000,0.000,12.755,,
427.765952,2026-03-10 18:04:24.689,ARDUINO_PSI,Arduino,0.000,0.000,12.748,,
427.866881,2026-03-10 18:04:24.790,ARDUINO_PSI,Arduino,0.000,0.000,12.751,,
427.907823,2026-03-10 18:04:24.831,WJ_VOLTAGE,WJ1,0.196,0.000,0,0,"HV=OFF, Fault=NO"
427.966509,2026-03-10 18:04:24.890,ARDUINO_PSI,Arduino,0.000,0.000,12.762,,
428.002913,2026-03-10 18:04:24.926,WJ_VOLTAGE,WJ2,0.196,0.000,0,0,"HV=OFF, Fault=NO"
428.066469,2026-03-10 18:04:24.990,ARDUINO_PSI,Arduino,0.000,0.000,12.767,,
428.166482,2026-03-10 18:04:25.090,ARDUINO_PSI,Arduino,0.000,0.000,12.764,,
428.268780,2026-03-10 18:04:25.192,ARDUINO_PSI,Arduino,0.000,0.000,12.760,,
428.366662,2026-03-10 18:04:25.290,ARDUINO_PSI,Arduino,0.000,0.000,12.760,,
428.438388,2026-03-10 18:04:25.362,WJ_VOLTAGE,WJ1,0.196,0.000,0,0,"HV=OFF, Fault=NO"
428.465822,2026-03-10 18:04:25.389,ARDUINO_PSI,Arduino,0.000,0.000,12.771,,
428.531675,2026-03-10 18:04:25.455,WJ_VOLTAGE,WJ2,0.098,0.000,0,0,"HV=OFF, Fault=NO"
428.565717,2026-03-10 18:04:25.489,ARDUINO_PSI,Arduino,0.000,0.000,12.769,,
428.668543,2026-03-10 18:04:25.592,ARDUINO_PSI,Arduino,0.000,0.000,12.769,,
428.766296,2026-03-10 18:04:25.690,ARDUINO_PSI,Arduino,0.000,0.000,12.776,,
428.867528,2026-03-10 18:04:25.791,ARDUINO_PSI,Arduino,0.000,0.000,12.776,,
428.968415,2026-03-10 18:04:25.892,WJ_VOLTAGE,WJ1,0.196,0.000,0,0,"HV=OFF, Fault=NO"
428.971068,2026-03-10 18:04:25.894,ARDUINO_PSI,Arduino,0.000,0.000,12.780,,
429.061295,2026-03-10 18:04:25.985,WJ_VOLTAGE,WJ2,0.098,0.000,0,0,"HV=OFF, Fault=NO"
429.075191,2026-03-10 18:04:25.999,ARDUINO_PSI,Arduino,0.000,0.000,12.790,,
429.166502,2026-03-10 18:04:26.090,ARDUINO_PSI,Arduino,0.000,0.000,12.803,,
429.266520,2026-03-10 18:04:26.190,ARDUINO_PSI,Arduino,0.000,0.000,12.792,,
429.366497,2026-03-10 18:04:26.290,ARDUINO_PSI,Arduino,0.000,0.000,12.787,,
429.466485,2026-03-10 18:04:26.390,ARDUINO_PSI,Arduino,0.000,0.000,12.785,,
429.494222,2026-03-10 18:04:26.418,WJ_VOLTAGE,WJ1,0.196,0.000,0,0,"HV=OFF, Fault=NO"
429.566509,2026-03-10 18:04:26.490,ARDUINO_PSI,Arduino,0.000,0.000,12.796,,
429.588059,2026-03-10 18:04:26.511,WJ_VOLTAGE,WJ2,0.098,0.000,0,0,"HV=OFF, Fault=NO"
429.668490,2026-03-10 18:04:26.592,ARDUINO_PSI,Arduino,0.000,0.000,12.810,,
429.765817,2026-03-10 18:04:26.689,ARDUINO_PSI,Arduino,0.000,0.000,12.808,,
429.866497,2026-03-10 18:04:26.790,ARDUINO_PSI,Arduino,0.000,0.000,12.808,,
429.966654,2026-03-10 18:04:26.890,ARDUINO_PSI,Arduino,0.000,0.000,12.799,,
430.022095,2026-03-10 18:04:26.945,WJ_VOLTAGE,WJ1,0.196,0.000,0,0,"HV=OFF, Fault=NO"
430.066500,2026-03-10 18:04:26.990,ARDUINO_PSI,Arduino,0.000,0.000,12.792,,
430.114076,2026-03-10 18:04:27.037,WJ_VOLTAGE,WJ2,0.098,0.000,0,0,"HV=OFF, Fault=NO"
430.166278,2026-03-10 18:04:27.090,ARDUINO_PSI,Arduino,0.000,0.000,12.803,,
430.266471,2026-03-10 18:04:27.190,ARDUINO_PSI,Arduino,0.000,0.000,12.801,,
430.366485,2026-03-10 18:04:27.290,ARDUINO_PSI,Arduino,0.000,0.000,12.806,,
430.468247,2026-03-10 18:04:27.392,ARDUINO_PSI,Arduino,0.000,0.000,12.787,,
430.549732,2026-03-10 18:04:27.473,WJ_VOLTAGE,WJ1,0.098,0.000,0,0,"HV=OFF, Fault=NO"
430.565821,2026-03-10 18:04:27.489,ARDUINO_PSI,Arduino,0.000,0.000,12.801,,
430.644776,2026-03-10 18:04:27.568,WJ_VOLTAGE,WJ2,0.098,0.000,0,0,"HV=OFF, Fault=NO"
430.665840,2026-03-10 18:04:27.589,ARDUINO_PSI,Arduino,0.000,0.000,12.806,,
430.765945,2026-03-10 18:04:27.689,ARDUINO_PSI,Arduino,0.000,0.000,12.812,,
430.869068,2026-03-10 18:04:27.792,ARDUINO_PSI,Arduino,0.000,0.000,12.815,,
430.966878,2026-03-10 18:04:27.890,ARDUINO_PSI,Arduino,0.000,0.000,12.808,,
431.068720,2026-03-10 18:04:27.992,ARDUINO_PSI,Arduino,0.000,0.000,12.812,,
431.079649,2026-03-10 18:04:28.003,WJ_VOLTAGE,WJ1,0.098,0.000,0,0,"HV=OFF, Fault=NO"
431.166606,2026-03-10 18:04:28.090,ARDUINO_PSI,Arduino,0.000,0.000,12.796,,
431.172355,2026-03-10 18:04:28.096,WJ_VOLTAGE,WJ2,0.098,0.000,0,0,"HV=OFF, Fault=NO"
431.266689,2026-03-10 18:04:28.190,ARDUINO_PSI,Arduino,0.000,0.000,12.808,,
431.368470,2026-03-10 18:04:28.292,ARDUINO_PSI,Arduino,0.000,0.000,12.815,,
431.469233,2026-03-10 18:04:28.393,ARDUINO_PSI,Arduino,0.000,0.000,12.815,,
431.566620,2026-03-10 18:04:28.490,ARDUINO_PSI,Arduino,0.000,0.000,12.810,,
431.608230,2026-03-10 18:04:28.532,WJ_VOLTAGE,WJ1,0.098,0.000,0,0,"HV=OFF, Fault=NO"
431.665844,2026-03-10 18:04:28.589,ARDUINO_PSI,Arduino,0.000,0.000,12.803,,
431.702883,2026-03-10 18:04:28.626,WJ_VOLTAGE,WJ2,0.098,0.000,0,0,"HV=OFF, Fault=NO"
431.766286,2026-03-10 18:04:28.690,ARDUINO_PSI,Arduino,0.000,0.000,12.796,,
431.869090,2026-03-10 18:04:28.792,ARDUINO_PSI,Arduino,0.000,0.000,12.803,,
431.968636,2026-03-10 18:04:28.892,ARDUINO_PSI,Arduino,0.000,0.000,12.803,,
432.066514,2026-03-10 18:04:28.990,ARDUINO_PSI,Arduino,0.000,0.000,12.808,,
432.140996,2026-03-10 18:04:29.064,WJ_VOLTAGE,WJ1,0.098,0.000,0,0,"HV=OFF, Fault=NO"
432.166386,2026-03-10 18:04:29.090,ARDUINO_PSI,Arduino,0.000,0.000,12.801,,
432.235897,2026-03-10 18:04:29.159,WJ_VOLTAGE,WJ2,0.098,0.000,0,0,"HV=OFF, Fault=NO"
432.265769,2026-03-10 18:04:29.189,ARDUINO_PSI,Arduino,0.000,0.000,12.808,,
432.366565,2026-03-10 18:04:29.290,ARDUINO_PSI,Arduino,0.000,0.000,12.799,,
432.466801,2026-03-10 18:04:29.390,ARDUINO_PSI,Arduino,0.000,0.000,12.815,,
432.568680,2026-03-10 18:04:29.492,ARDUINO_PSI,Arduino,0.000,0.000,12.812,,
432.666538,2026-03-10 18:04:29.590,ARDUINO_PSI,Arduino,0.000,0.000,12.812,,
432.669573,2026-03-10 18:04:29.593,WJ_VOLTAGE,WJ1,0.098,0.000,0,0,"HV=OFF, Fault=NO"
432.764564,2026-03-10 18:04:29.688,WJ_VOLTAGE,WJ2,0.098,0.000,0,0,"HV=OFF, Fault=NO"
432.771463,2026-03-10 18:04:29.695,ARDUINO_PSI,Arduino,0.000,0.000,12.803,,
432.865822,2026-03-10 18:04:29.789,ARDUINO_PSI,Arduino,0.000,0.000,12.803,,
432.966572,2026-03-10 18:04:29.890,ARDUINO_PSI,Arduino,0.000,0.000,12.796,,
433.066565,2026-03-10 18:04:29.990,ARDUINO_PSI,Arduino,0.000,0.000,12.796,,
433.168487,2026-03-10 18:04:30.092,ARDUINO_PSI,Arduino,0.000,0.000,12.801,,
433.199861,2026-03-10 18:04:30.123,WJ_VOLTAGE,WJ1,0.098,0.000,0,0,"HV=OFF, Fault=NO"
433.266494,2026-03-10 18:04:30.190,ARDUINO_PSI,Arduino,0.000,0.000,12.806,,
433.295257,2026-03-10 18:04:30.219,WJ_VOLTAGE,WJ2,0.098,0.000,0,0,"HV=OFF, Fault=NO"
433.366442,2026-03-10 18:04:30.290,ARDUINO_PSI,Arduino,0.000,0.000,12.806,,
433.466058,2026-03-10 18:04:30.389,ARDUINO_PSI,Arduino,0.000,0.000,12.822,,
433.567395,2026-03-10 18:04:30.491,ARDUINO_PSI,Arduino,0.000,0.000,12.812,,
433.668554,2026-03-10 18:04:30.592,ARDUINO_PSI,Arduino,0.000,0.000,12.812,,
433.732386,2026-03-10 18:04:30.656,WJ_VOLTAGE,WJ1,0.098,0.000,0,0,"HV=OFF, Fault=NO"
433.765768,2026-03-10 18:04:30.689,ARDUINO_PSI,Arduino,0.000,0.000,12.819,,
433.825149,2026-03-10 18:04:30.749,WJ_VOLTAGE,WJ2,0.000,0.000,0,0,"HV=OFF, Fault=NO"
433.866569,2026-03-10 18:04:30.790,ARDUINO_PSI,Arduino,0.000,0.000,12.812,,
433.966973,2026-03-10 18:04:30.890,ARDUINO_PSI,Arduino,0.000,0.000,12.822,,
434.065886,2026-03-10 18:04:30.989,ARDUINO_PSI,Arduino,0.000,0.000,12.822,,
434.166600,2026-03-10 18:04:31.090,ARDUINO_PSI,Arduino,0.000,0.000,12.828,,
434.263125,2026-03-10 18:04:31.187,WJ_VOLTAGE,WJ1,0.098,0.000,0,0,"HV=OFF, Fault=NO"
434.281755,2026-03-10 18:04:31.205,ARDUINO_PSI,Arduino,0.000,0.000,12.824,,
434.357357,2026-03-10 18:04:31.281,WJ_VOLTAGE,WJ2,0.000,0.000,0,0,"HV=OFF, Fault=NO"
434.368350,2026-03-10 18:04:31.292,ARDUINO_PSI,Arduino,0.000,0.000,12.838,,
434.466393,2026-03-10 18:04:31.390,ARDUINO_PSI,Arduino,0.000,0.000,12.828,,
434.565870,2026-03-10 18:04:31.489,ARDUINO_PSI,Arduino,0.000,0.000,12.822,,
434.666573,2026-03-10 18:04:31.590,ARDUINO_PSI,Arduino,0.000,0.000,12.826,,
434.766565,2026-03-10 18:04:31.690,ARDUINO_PSI,Arduino,0.000,0.000,12.822,,
434.792518,2026-03-10 18:04:31.716,WJ_VOLTAGE,WJ1,0.000,0.000,0,0,"HV=OFF, Fault=NO"
434.867820,2026-03-10 18:04:31.791,ARDUINO_PSI,Arduino,0.000,0.000,12.819,,
434.886429,2026-03-10 18:04:31.810,WJ_VOLTAGE,WJ2,0.000,0.000,0,0,"HV=OFF, Fault=NO"
434.966772,2026-03-10 18:04:31.890,ARDUINO_PSI,Arduino,0.000,0.000,12.819,,
435.066564,2026-03-10 18:04:31.990,ARDUINO_PSI,Arduino,0.000,0.000,12.817,,
435.166569,2026-03-10 18:04:32.090,ARDUINO_PSI,Arduino,0.000,0.000,12.819,,
435.266473,2026-03-10 18:04:32.190,ARDUINO_PSI,Arduino,0.000,0.000,12.803,,
435.322801,2026-03-10 18:04:32.246,WJ_VOLTAGE,WJ1,0.000,0.000,0,0,"HV=OFF, Fault=NO"
435.366395,2026-03-10 18:04:32.290,ARDUINO_PSI,Arduino,0.000,0.000,12.799,,
435.415440,2026-03-10 18:04:32.339,WJ_VOLTAGE,WJ2,0.000,0.000,0,0,"HV=OFF, Fault=NO"
435.466447,2026-03-10 18:04:32.390,ARDUINO_PSI,Arduino,0.000,0.000,12.799,,
435.569279,2026-03-10 18:04:32.493,ARDUINO_PSI,Arduino,0.000,0.000,12.812,,
435.666948,2026-03-10 18:04:32.590,ARDUINO_PSI,Arduino,0.000,0.000,12.810,,
435.765963,2026-03-10 18:04:32.689,ARDUINO_PSI,Arduino,0.000,0.000,12.812,,
435.850492,2026-03-10 18:04:32.774,WJ_VOLTAGE,WJ1,0.000,0.000,0,0,"HV=OFF, Fault=NO"
435.865820,2026-03-10 18:04:32.789,ARDUINO_PSI,Arduino,0.000,0.000,12.817,,
435.942939,2026-03-10 18:04:32.866,WJ_VOLTAGE,WJ2,0.000,0.000,0,0,"HV=OFF, Fault=NO"
435.965786,2026-03-10 18:04:32.889,ARDUINO_PSI,Arduino,0.000,0.000,12.826,,
436.068337,2026-03-10 18:04:32.992,ARDUINO_PSI,Arduino,0.000,0.000,12.824,,
436.166654,2026-03-10 18:04:33.090,ARDUINO_PSI,Arduino,0.000,0.000,12.817,,
436.266587,2026-03-10 18:04:33.190,ARDUINO_PSI,Arduino,0.000,0.000,12.817,,
436.368641,2026-03-10 18:04:33.292,ARDUINO_PSI,Arduino,0.000,0.000,12.819,,
436.378897,2026-03-10 18:04:33.302,WJ_VOLTAGE,WJ1,0.098,0.000,0,0,"HV=OFF, Fault=NO"
436.466610,2026-03-10 18:04:33.390,ARDUINO_PSI,Arduino,0.000,0.000,12.817,,
436.472687,2026-03-10 18:04:33.396,WJ_VOLTAGE,WJ2,0.000,0.000,0,0,"HV=OFF, Fault=NO"
436.566564,2026-03-10 18:04:33.490,ARDUINO_PSI,Arduino,0.000,0.000,12.822,,
436.666484,2026-03-10 18:04:33.590,ARDUINO_PSI,Arduino,0.000,0.000,12.817,,
436.766440,2026-03-10 18:04:33.690,ARDUINO_PSI,Arduino,0.000,0.000,12.828,,
436.866488,2026-03-10 18:04:33.790,ARDUINO_PSI,Arduino,0.000,0.000,12.831,,
436.906701,2026-03-10 18:04:33.830,WJ_VOLTAGE,WJ1,0.000,0.000,0,0,"HV=OFF, Fault=NO"
436.965946,2026-03-10 18:04:33.889,ARDUINO_PSI,Arduino,0.000,0.000,12.828,,
437.000715,2026-03-10 18:04:33.924,WJ_VOLTAGE,WJ2,0.000,0.000,0,0,"HV=OFF, Fault=NO"
437.065817,2026-03-10 18:04:33.989,ARDUINO_PSI,Arduino,0.000,0.000,12.819,,
437.165815,2026-03-10 18:04:34.089,ARDUINO_PSI,Arduino,0.000,0.000,12.822,,
437.266743,2026-03-10 18:04:34.190,ARDUINO_PSI,Arduino,0.000,0.000,12.835,,
437.365932,2026-03-10 18:04:34.289,ARDUINO_PSI,Arduino,0.000,0.000,12.835,,
437.440214,2026-03-10 18:04:34.364,WJ_VOLTAGE,WJ1,0.000,0.000,0,0,"HV=OFF, Fault=NO"
437.465840,2026-03-10 18:04:34.389,ARDUINO_PSI,Arduino,0.000,0.000,12.828,,
437.535314,2026-03-10 18:04:34.459,WJ_VOLTAGE,WJ2,0.000,0.000,0,0,"HV=OFF, Fault=NO"
437.566164,2026-03-10 18:04:34.490,ARDUINO_PSI,Arduino,0.000,0.000,12.826,,
437.666590,2026-03-10 18:04:34.590,ARDUINO_PSI,Arduino,0.000,0.000,12.831,,
437.766918,2026-03-10 18:04:34.690,ARDUINO_PSI,Arduino,0.000,0.000,12.833,,
437.869237,2026-03-10 18:04:34.793,ARDUINO_PSI,Arduino,0.000,0.000,12.833,,
437.968486,2026-03-10 18:04:34.892,ARDUINO_PSI,Arduino,0.000,0.000,12.831,,
437.972707,2026-03-10 18:04:34.896,WJ_VOLTAGE,WJ1,0.000,0.000,0,0,"HV=OFF, Fault=NO"
438.065835,2026-03-10 18:04:34.989,WJ_VOLTAGE,WJ2,0.000,0.000,0,0,"HV=OFF, Fault=NO"
438.079810,2026-03-10 18:04:35.003,ARDUINO_PSI,Arduino,0.000,0.000,12.842,,
438.166185,2026-03-10 18:04:35.090,ARDUINO_PSI,Arduino,0.000,0.000,12.840,,
438.268036,2026-03-10 18:04:35.191,ARDUINO_PSI,Arduino,0.000,0.000,12.849,,
438.366570,2026-03-10 18:04:35.290,ARDUINO_PSI,Arduino,0.000,0.000,12.824,,
438.466327,2026-03-10 18:04:35.390,ARDUINO_PSI,Arduino,0.000,0.000,12.833,,
438.500476,2026-03-10 18:04:35.424,WJ_VOLTAGE,WJ1,0.000,0.000,0,0,"HV=OFF, Fault=NO"
438.566450,2026-03-10 18:04:35.490,ARDUINO_PSI,Arduino,0.000,0.000,12.835,,
438.594483,2026-03-10 18:04:35.518,WJ_VOLTAGE,WJ2,0.000,0.000,0,0,"HV=OFF, Fault=NO"
438.666561,2026-03-10 18:04:35.590,ARDUINO_PSI,Arduino,0.000,0.000,12.842,,
438.766787,2026-03-10 18:04:35.690,ARDUINO_PSI,Arduino,0.000,0.000,12.838,,
438.866651,2026-03-10 18:04:35.790,ARDUINO_PSI,Arduino,0.000,0.000,12.828,,
438.966653,2026-03-10 18:04:35.890,ARDUINO_PSI,Arduino,0.000,0.000,12.845,,
439.033287,2026-03-10 18:04:35.957,WJ_VOLTAGE,WJ1,0.000,0.000,0,0,"HV=OFF, Fault=NO"
439.065847,2026-03-10 18:04:35.989,ARDUINO_PSI,Arduino,0.000,0.000,12.847,,
439.125540,2026-03-10 18:04:36.049,WJ_VOLTAGE,WJ2,0.000,0.000,0,0,"HV=OFF, Fault=NO"
439.165871,2026-03-10 18:04:36.089,ARDUINO_PSI,Arduino,0.000,0.000,12.847,,
439.266402,2026-03-10 18:04:36.190,ARDUINO_PSI,Arduino,0.000,0.000,12.851,,
439.369164,2026-03-10 18:04:36.293,ARDUINO_PSI,Arduino,0.000,0.000,12.856,,
439.466859,2026-03-10 18:04:36.390,ARDUINO_PSI,Arduino,0.000,0.000,12.845,,
439.563129,2026-03-10 18:04:36.487,WJ_VOLTAGE,WJ1,0.000,0.000,0,0,"HV=OFF, Fault=NO"
439.577967,2026-03-10 18:04:36.501,ARDUINO_PSI,Arduino,0.000,0.000,12.845,,
439.654879,2026-03-10 18:04:36.578,WJ_VOLTAGE,WJ2,0.000,0.000,0,0,"HV=OFF, Fault=NO"
439.672722,2026-03-10 18:04:36.596,ARDUINO_PSI,Arduino,0.000,0.000,12.847,,
439.765964,2026-03-10 18:04:36.689,ARDUINO_PSI,Arduino,0.000,0.000,12.838,,
439.866537,2026-03-10 18:04:36.790,ARDUINO_PSI,Arduino,0.000,0.000,12.838,,
439.968319,2026-03-10 18:04:36.892,ARDUINO_PSI,Arduino,0.000,0.000,12.835,,
440.066420,2026-03-10 18:04:36.990,ARDUINO_PSI,Arduino,0.000,0.000,12.826,,
440.093420,2026-03-10 18:04:37.017,WJ_VOLTAGE,WJ1,0.000,0.000,0,0,"HV=OFF, Fault=NO"
440.165926,2026-03-10 18:04:37.089,ARDUINO_PSI,Arduino,0.000,0.000,12.831,,
440.183347,2026-03-10 18:04:37.107,WJ_VOLTAGE,WJ2,0.000,0.000,0,0,"HV=OFF, Fault=NO"
440.266332,2026-03-10 18:04:37.190,ARDUINO_PSI,Arduino,0.000,0.000,12.824,,
440.366534,2026-03-10 18:04:37.290,ARDUINO_PSI,Arduino,0.000,0.000,12.838,,
440.466629,2026-03-10 18:04:37.390,ARDUINO_PSI,Arduino,0.000,0.000,12.831,,
440.568864,2026-03-10 18:04:37.492,ARDUINO_PSI,Arduino,0.000,0.000,12.817,,
440.620106,2026-03-10 18:04:37.543,WJ_VOLTAGE,WJ1,0.000,0.000,0,0,"HV=OFF, Fault=NO"
440.666385,2026-03-10 18:04:37.590,ARDUINO_PSI,Arduino,0.000,0.000,12.808,,
440.713636,2026-03-10 18:04:37.637,WJ_VOLTAGE,WJ2,0.000,0.000,0,0,"HV=OFF, Fault=NO"
440.766386,2026-03-10 18:04:37.690,ARDUINO_PSI,Arduino,0.000,0.000,12.796,,
440.866626,2026-03-10 18:04:37.790,ARDUINO_PSI,Arduino,0.000,0.000,12.806,,
440.966822,2026-03-10 18:04:37.890,ARDUINO_PSI,Arduino,0.000,0.000,12.799,,
441.066484,2026-03-10 18:04:37.990,ARDUINO_PSI,Arduino,0.000,0.000,12.808,,
441.149905,2026-03-10 18:04:38.073,WJ_VOLTAGE,WJ1,0.000,0.000,0,0,"HV=OFF, Fault=NO"
441.165813,2026-03-10 18:04:38.089,ARDUINO_PSI,Arduino,0.000,0.000,12.815,,
441.243122,2026-03-10 18:04:38.167,WJ_VOLTAGE,WJ2,0.000,0.000,0,0,"HV=OFF, Fault=NO"
441.265797,2026-03-10 18:04:38.189,ARDUINO_PSI,Arduino,0.000,0.000,12.803,,
441.366651,2026-03-10 18:04:38.290,ARDUINO_PSI,Arduino,0.000,0.000,12.796,,
441.466587,2026-03-10 18:04:38.390,ARDUINO_PSI,Arduino,0.000,0.000,12.803,,
441.568356,2026-03-10 18:04:38.492,ARDUINO_PSI,Arduino,0.000,0.000,12.799,,
441.666622,2026-03-10 18:04:38.590,ARDUINO_PSI,Arduino,0.000,0.000,12.790,,
441.682048,2026-03-10 18:04:38.605,WJ_VOLTAGE,WJ1,0.000,0.000,0,0,"HV=OFF, Fault=NO"
441.765877,2026-03-10 18:04:38.689,ARDUINO_PSI,Arduino,0.000,0.000,12.796,,
441.775264,2026-03-10 18:04:38.699,WJ_VOLTAGE,WJ2,0.000,0.000,0,0,"HV=OFF, Fault=NO"
441.867460,2026-03-10 18:04:38.791,ARDUINO_PSI,Arduino,0.000,0.000,12.792,,
441.966446,2026-03-10 18:04:38.890,ARDUINO_PSI,Arduino,0.000,0.000,12.792,,
442.066931,2026-03-10 18:04:38.990,ARDUINO_PSI,Arduino,0.000,0.000,12.787,,
442.168987,2026-03-10 18:04:39.092,ARDUINO_PSI,Arduino,0.000,0.000,12.790,,
442.210020,2026-03-10 18:04:39.133,WJ_VOLTAGE,WJ1,0.000,0.000,0,0,"HV=OFF, Fault=NO"
442.265762,2026-03-10 18:04:39.189,ARDUINO_PSI,Arduino,0.000,0.000,12.790,,
442.305191,2026-03-10 18:04:39.229,WJ_VOLTAGE,WJ2,0.000,0.000,0,0,"HV=OFF, Fault=NO"
442.366950,2026-03-10 18:04:39.292,ARDUINO_PSI,Arduino,0.000,0.000,12.785,,
442.466948,2026-03-10 18:04:39.390,ARDUINO_PSI,Arduino,0.000,0.000,12.787,,
442.566548,2026-03-10 18:04:39.490,ARDUINO_PSI,Arduino,0.000,0.000,12.796,,
442.668677,2026-03-10 18:04:39.592,ARDUINO_PSI,Arduino,0.000,0.000,12.808,,
442.739001,2026-03-10 18:04:39.662,WJ_VOLTAGE,WJ1,0.000,0.000,0,0,"HV=OFF, Fault=NO"
442.765825,2026-03-10 18:04:39.689,ARDUINO_PSI,Arduino,0.000,0.000,12.817,,
442.834328,2026-03-10 18:04:39.758,WJ_VOLTAGE,WJ2,0.000,0.000,0,0,"HV=OFF, Fault=NO"
442.865982,2026-03-10 18:04:39.789,ARDUINO_PSI,Arduino,0.000,0.000,12.817,,
442.970977,2026-03-10 18:04:39.894,ARDUINO_PSI,Arduino,0.000,0.000,12.812,,
443.068997,2026-03-10 18:04:39.992,ARDUINO_PSI,Arduino,0.000,0.000,12.812,,
443.169131,2026-03-10 18:04:40.093,ARDUINO_PSI,Arduino,0.000,0.000,12.806,,
443.265763,2026-03-10 18:04:40.189,WJ_VOLTAGE,WJ1,0.000,0.000,0,0,"HV=OFF, Fault=NO"
443.279342,2026-03-10 18:04:40.203,ARDUINO_PSI,Arduino,0.000,0.000,12.812,,
443.358737,2026-03-10 18:04:40.282,WJ_VOLTAGE,WJ2,0.000,0.000,0,0,"HV=OFF, Fault=NO"
443.368556,2026-03-10 18:04:40.292,ARDUINO_PSI,Arduino,0.000,0.000,12.808,,
443.466467,2026-03-10 18:04:40.390,ARDUINO_PSI,Arduino,0.000,0.000,12.812,,
443.566868,2026-03-10 18:04:40.490,ARDUINO_PSI,Arduino,0.000,0.000,12.822,,
443.669224,2026-03-10 18:04:40.593,ARDUINO_PSI,Arduino,0.000,0.000,12.826,,
443.768477,2026-03-10 18:04:40.692,ARDUINO_PSI,Arduino,0.000,0.000,12.815,,
443.794561,2026-03-10 18:04:40.718,WJ_VOLTAGE,WJ1,0.000,0.000,0,0,"HV=OFF, Fault=NO"
443.868704,2026-03-10 18:04:40.792,ARDUINO_PSI,Arduino,0.000,0.000,12.819,,
443.886096,2026-03-10 18:04:40.809,WJ_VOLTAGE,WJ2,0.000,0.000,0,0,"HV=OFF, Fault=NO"
443.966985,2026-03-10 18:04:40.890,ARDUINO_PSI,Arduino,0.000,0.000,12.810,,
444.067188,2026-03-10 18:04:40.991,ARDUINO_PSI,Arduino,0.000,0.000,12.817,,
444.167314,2026-03-10 18:04:41.091,ARDUINO_PSI,Arduino,0.000,0.000,12.824,,
444.266492,2026-03-10 18:04:41.190,ARDUINO_PSI,Arduino,0.000,0.000,12.824,,
444.311708,2026-03-10 18:04:41.235,WJ_VOLTAGE,WJ1,0.000,0.000,0,0,"HV=OFF, Fault=NO"
444.365988,2026-03-10 18:04:41.289,ARDUINO_PSI,Arduino,0.000,0.000,12.822,,
444.404854,2026-03-10 18:04:41.328,WJ_VOLTAGE,WJ2,0.000,0.000,0,0,"HV=OFF, Fault=NO"
444.468657,2026-03-10 18:04:41.392,ARDUINO_PSI,Arduino,0.000,0.000,12.822,,
444.566530,2026-03-10 18:04:41.490,ARDUINO_PSI,Arduino,0.000,0.000,12.822,,
444.666521,2026-03-10 18:04:41.590,ARDUINO_PSI,Arduino,0.000,0.000,12.817,,
444.765963,2026-03-10 18:04:41.689,ARDUINO_PSI,Arduino,0.000,0.000,12.815,,
444.841539,2026-03-10 18:04:41.765,WJ_VOLTAGE,WJ1,0.000,0.000,0,0,"HV=OFF, Fault=NO"
444.866894,2026-03-10 18:04:41.790,ARDUINO_PSI,Arduino,0.000,0.000,12.808,,
444.934513,2026-03-10 18:04:41.858,WJ_VOLTAGE,WJ2,0.000,0.000,0,0,"HV=OFF, Fault=NO"
444.965836,2026-03-10 18:04:41.889,ARDUINO_PSI,Arduino,0.000,0.000,12.815,,
445.066961,2026-03-10 18:04:41.992,ARDUINO_PSI,Arduino,0.000,0.000,12.810,,
445.166346,2026-03-10 18:04:42.090,ARDUINO_PSI,Arduino,0.000,0.000,12.819,,
445.266574,2026-03-10 18:04:42.190,ARDUINO_PSI,Arduino,0.000,0.000,12.815,,
445.369823,2026-03-10 18:04:42.293,WJ_VOLTAGE,WJ1,0.000,0.000,0,0,"HV=OFF, Fault=NO"
445.372401,2026-03-10 18:04:42.296,ARDUINO_PSI,Arduino,0.000,0.000,12.822,,
445.461411,2026-03-10 18:04:42.385,WJ_VOLTAGE,WJ2,0.000,0.000,0,0,"HV=OFF, Fault=NO"
445.469174,2026-03-10 18:04:42.393,ARDUINO_PSI,Arduino,0.000,0.000,12.824,,
445.566659,2026-03-10 18:04:42.490,ARDUINO_PSI,Arduino,0.000,0.000,12.810,,
445.667023,2026-03-10 18:04:42.590,ARDUINO_PSI,Arduino,0.000,0.000,12.815,,
445.766585,2026-03-10 18:04:42.690,ARDUINO_PSI,Arduino,0.000,0.000,12.812,,
445.866806,2026-03-10 18:04:42.790,ARDUINO_PSI,Arduino,0.000,0.000,12.822,,
445.896836,2026-03-10 18:04:42.820,WJ_VOLTAGE,WJ1,0.000,0.000,0,0,"HV=OFF, Fault=NO"
445.966722,2026-03-10 18:04:42.890,ARDUINO_PSI,Arduino,0.000,0.000,12.826,,
445.991073,2026-03-10 18:04:42.914,WJ_VOLTAGE,WJ2,0.000,0.000,0,0,"HV=OFF, Fault=NO"
446.066977,2026-03-10 18:04:42.990,ARDUINO_PSI,Arduino,0.000,0.000,12.819,,
446.169172,2026-03-10 18:04:43.093,ARDUINO_PSI,Arduino,0.000,0.000,12.806,,
446.266753,2026-03-10 18:04:43.190,ARDUINO_PSI,Arduino,0.000,0.000,12.801,,
446.366527,2026-03-10 18:04:43.290,ARDUINO_PSI,Arduino,0.000,0.000,12.801,,
446.424795,2026-03-10 18:04:43.348,WJ_VOLTAGE,WJ1,0.000,0.000,0,0,"HV=OFF, Fault=NO"
446.468096,2026-03-10 18:04:43.391,ARDUINO_PSI,Arduino,0.000,0.000,12.799,,
446.519532,2026-03-10 18:04:43.443,WJ_VOLTAGE,WJ2,0.000,0.000,0,0,"HV=OFF, Fault=NO"
446.565815,2026-03-10 18:04:43.489,ARDUINO_PSI,Arduino,0.000,0.000,12.790,,
446.666477,2026-03-10 18:04:43.590,ARDUINO_PSI,Arduino,0.000,0.000,12.792,,
446.766417,2026-03-10 18:04:43.690,ARDUINO_PSI,Arduino,0.000,0.000,12.790,,
446.866741,2026-03-10 18:04:43.790,ARDUINO_PSI,Arduino,0.000,0.000,12.792,,
446.954333,2026-03-10 18:04:43.878,WJ_VOLTAGE,WJ1,0.000,0.000,0,0,"HV=OFF, Fault=NO"
446.968559,2026-03-10 18:04:43.892,ARDUINO_PSI,Arduino,0.000,0.000,12.792,,
447.047896,2026-03-10 18:04:43.971,WJ_VOLTAGE,WJ2,0.000,0.000,0,0,"HV=OFF, Fault=NO"
447.065803,2026-03-10 18:04:43.989,ARDUINO_PSI,Arduino,0.000,0.000,12.796,,
447.167288,2026-03-10 18:04:44.091,ARDUINO_PSI,Arduino,0.000,0.000,12.787,,
447.266375,2026-03-10 18:04:44.190,ARDUINO_PSI,Arduino,0.000,0.000,12.792,,
447.369185,2026-03-10 18:04:44.293,ARDUINO_PSI,Arduino,0.000,0.000,12.787,,
447.466403,2026-03-10 18:04:44.390,ARDUINO_PSI,Arduino,0.000,0.000,12.780,,
447.481744,2026-03-10 18:04:44.405,WJ_VOLTAGE,WJ1,0.000,0.000,0,0,"HV=OFF, Fault=NO"
447.566201,2026-03-10 18:04:44.490,ARDUINO_PSI,Arduino,0.000,0.000,12.785,,
447.575008,2026-03-10 18:04:44.498,WJ_VOLTAGE,WJ2,0.000,0.000,0,0,"HV=OFF, Fault=NO"
447.667003,2026-03-10 18:04:44.590,ARDUINO_PSI,Arduino,0.000,0.000,12.776,,
447.766628,2026-03-10 18:04:44.690,ARDUINO_PSI,Arduino,0.000,0.000,12.785,,
447.866387,2026-03-10 18:04:44.790,ARDUINO_PSI,Arduino,0.000,0.000,12.776,,
447.966887,2026-03-10 18:04:44.890,ARDUINO_PSI,Arduino,0.000,0.000,12.780,,
448.011096,2026-03-10 18:04:44.934,WJ_VOLTAGE,WJ1,0.000,0.000,0,0,"HV=OFF, Fault=NO"
448.066474,2026-03-10 18:04:44.990,ARDUINO_PSI,Arduino,0.000,0.000,12.783,,
448.104572,2026-03-10 18:04:45.028,WJ_VOLTAGE,WJ2,0.000,0.000,0,0,"HV=OFF, Fault=NO"
448.166543,2026-03-10 18:04:45.090,ARDUINO_PSI,Arduino,0.000,0.000,12.787,,
448.266458,2026-03-10 18:04:45.190,ARDUINO_PSI,Arduino,0.000,0.000,12.792,,
448.366054,2026-03-10 18:04:45.289,ARDUINO_PSI,Arduino,0.000,0.000,12.792,,
448.466630,2026-03-10 18:04:45.390,ARDUINO_PSI,Arduino,0.000,0.000,12.796,,
448.536902,2026-03-10 18:04:45.460,WJ_VOLTAGE,WJ1,0.000,0.000,0,0,"HV=OFF, Fault=NO"
448.566071,2026-03-10 18:04:45.489,ARDUINO_PSI,Arduino,0.000,0.000,12.808,,
448.628664,2026-03-10 18:04:45.552,WJ_VOLTAGE,WJ2,0.000,0.000,0,0,"HV=OFF, Fault=NO"
448.665900,2026-03-10 18:04:45.589,ARDUINO_PSI,Arduino,0.000,0.000,12.806,,
448.766638,2026-03-10 18:04:45.690,ARDUINO_PSI,Arduino,0.000,0.000,12.815,,
448.865791,2026-03-10 18:04:45.789,ARDUINO_PSI,Arduino,0.000,0.000,12.815,,
448.966499,2026-03-10 18:04:45.890,ARDUINO_PSI,Arduino,0.000,0.000,12.810,,
449.065505,2026-03-10 18:04:45.989,WJ_VOLTAGE,WJ1,0.000,0.000,0,0,"HV=OFF, Fault=NO"
449.079935,2026-03-10 18:04:46.003,ARDUINO_PSI,Arduino,0.000,0.000,12.808,,
449.159308,2026-03-10 18:04:46.083,WJ_VOLTAGE,WJ2,0.000,0.000,0,0,"HV=OFF, Fault=NO"
449.174203,2026-03-10 18:04:46.098,ARDUINO_PSI,Arduino,0.000,0.000,12.810,,
449.266348,2026-03-10 18:04:46.190,ARDUINO_PSI,Arduino,0.000,0.000,12.810,,
449.366593,2026-03-10 18:04:46.290,ARDUINO_PSI,Arduino,0.000,0.000,12.812,,
449.466606,2026-03-10 18:04:46.390,ARDUINO_PSI,Arduino,0.000,0.000,12.806,,
449.566559,2026-03-10 18:04:46.490,ARDUINO_PSI,Arduino,0.000,0.000,12.796,,
449.594965,2026-03-10 18:04:46.518,WJ_VOLTAGE,WJ1,0.000,0.000,0,0,"HV=OFF, Fault=NO"
449.666041,2026-03-10 18:04:46.589,ARDUINO_PSI,Arduino,0.000,0.000,12.794,,
449.687054,2026-03-10 18:04:46.610,WJ_VOLTAGE,WJ2,0.000,0.000,0,0,"HV=OFF, Fault=NO"
449.766381,2026-03-10 18:04:46.690,ARDUINO_PSI,Arduino,0.000,0.000,12.799,,
449.866704,2026-03-10 18:04:46.790,ARDUINO_PSI,Arduino,0.000,0.000,12.790,,
449.966568,2026-03-10 18:04:46.890,ARDUINO_PSI,Arduino,0.000,0.000,12.790,,
450.066404,2026-03-10 18:04:46.990,ARDUINO_PSI,Arduino,0.000,0.000,12.783,,
450.127437,2026-03-10 18:04:47.051,WJ_VOLTAGE,WJ1,0.000,0.000,0,0,"HV=OFF, Fault=NO"
450.165921,2026-03-10 18:04:47.089,ARDUINO_PSI,Arduino,0.000,0.000,12.780,,
450.206105,2026-03-10 18:04:47.129,WJ_VOLTAGE,WJ2,0.000,0.000,0,0,"HV=OFF, Fault=NO"
450.266923,2026-03-10 18:04:47.190,ARDUINO_PSI,Arduino,0.000,0.000,12.787,,
450.366436,2026-03-10 18:04:47.290,ARDUINO_PSI,Arduino,0.000,0.000,12.790,,
450.466564,2026-03-10 18:04:47.390,ARDUINO_PSI,Arduino,0.000,0.000,12.778,,
450.566471,2026-03-10 18:04:47.490,ARDUINO_PSI,Arduino,0.000,0.000,12.778,,
450.659434,2026-03-10 18:04:47.583,WJ_VOLTAGE,WJ1,0.000,0.000,0,0,"HV=OFF, Fault=NO"
450.674099,2026-03-10 18:04:47.597,ARDUINO_PSI,Arduino,0.000,0.000,12.780,,
450.735519,2026-03-10 18:04:47.659,WJ_VOLTAGE,WJ2,0.000,0.000,0,0,"HV=OFF, Fault=NO"
450.765848,2026-03-10 18:04:47.689,ARDUINO_PSI,Arduino,0.000,0.000,12.778,,
450.866488,2026-03-10 18:04:47.790,ARDUINO_PSI,Arduino,0.000,0.000,12.776,,
450.967722,2026-03-10 18:04:47.891,ARDUINO_PSI,Arduino,0.000,0.000,12.787,,
451.065825,2026-03-10 18:04:47.989,ARDUINO_PSI,Arduino,0.000,0.000,12.794,,
451.166525,2026-03-10 18:04:48.090,ARDUINO_PSI,Arduino,0.000,0.000,12.794,,
451.188482,2026-03-10 18:04:48.112,WJ_VOLTAGE,WJ1,0.000,0.000,0,0,"HV=OFF, Fault=NO"
451.265402,2026-03-10 18:04:48.189,WJ_VOLTAGE,WJ2,0.000,0.000,0,0,"HV=OFF, Fault=NO"
451.279065,2026-03-10 18:04:48.202,ARDUINO_PSI,Arduino,0.000,0.000,12.801,,
451.366540,2026-03-10 18:04:48.290,ARDUINO_PSI,Arduino,0.000,0.000,12.817,,
451.466496,2026-03-10 18:04:48.390,ARDUINO_PSI,Arduino,0.000,0.000,12.833,,
451.566429,2026-03-10 18:04:48.490,ARDUINO_PSI,Arduino,0.000,0.000,12.842,,
451.668821,2026-03-10 18:04:48.592,ARDUINO_PSI,Arduino,0.000,0.000,12.849,,
451.720706,2026-03-10 18:04:48.644,WJ_VOLTAGE,WJ1,0.000,0.000,0,0,"HV=OFF, Fault=NO"
451.766362,2026-03-10 18:04:48.690,ARDUINO_PSI,Arduino,0.000,0.000,12.856,,
451.797153,2026-03-10 18:04:48.721,WJ_VOLTAGE,WJ2,0.000,0.000,0,0,"HV=OFF, Fault=NO"
451.866485,2026-03-10 18:04:48.790,ARDUINO_PSI,Arduino,0.000,0.000,12.865,,
451.969638,2026-03-10 18:04:48.893,ARDUINO_PSI,Arduino,0.000,0.000,12.861,,
452.066419,2026-03-10 18:04:48.990,ARDUINO_PSI,Arduino,0.000,0.000,12.865,,
452.169429,2026-03-10 18:04:49.093,ARDUINO_PSI,Arduino,0.000,0.000,12.865,,
452.249606,2026-03-10 18:04:49.173,WJ_VOLTAGE,WJ1,0.000,0.000,0,0,"HV=OFF, Fault=NO"
452.266101,2026-03-10 18:04:49.189,ARDUINO_PSI,Arduino,0.000,0.000,12.861,,
452.328428,2026-03-10 18:04:49.252,WJ_VOLTAGE,WJ2,0.000,0.000,0,0,"HV=OFF, Fault=NO"
452.366960,2026-03-10 18:04:49.290,ARDUINO_PSI,Arduino,0.000,0.000,12.861,,
452.466728,2026-03-10 18:04:49.390,ARDUINO_PSI,Arduino,0.000,0.000,12.867,,
452.566424,2026-03-10 18:04:49.490,ARDUINO_PSI,Arduino,0.000,0.000,12.867,,
452.666475,2026-03-10 18:04:49.590,ARDUINO_PSI,Arduino,0.000,0.000,12.865,,
452.765732,2026-03-10 18:04:49.689,ARDUINO_PSI,Arduino,0.000,0.000,12.863,,
452.776406,2026-03-10 18:04:49.700,WJ_VOLTAGE,WJ1,0.000,0.000,0,0,"HV=OFF, Fault=NO"
452.855468,2026-03-10 18:04:49.779,WJ_VOLTAGE,WJ2,0.000,0.000,0,0,"HV=OFF, Fault=NO"
452.867399,2026-03-10 18:04:49.791,ARDUINO_PSI,Arduino,0.000,0.000,12.863,,
452.966405,2026-03-10 18:04:49.890,ARDUINO_PSI,Arduino,0.000,0.000,12.854,,
453.066490,2026-03-10 18:04:49.990,ARDUINO_PSI,Arduino,0.000,0.000,12.854,,
453.166880,2026-03-10 18:04:50.090,ARDUINO_PSI,Arduino,0.000,0.000,12.854,,
453.266455,2026-03-10 18:04:50.190,ARDUINO_PSI,Arduino,0.000,0.000,12.858,,
453.304559,2026-03-10 18:04:50.228,WJ_VOLTAGE,WJ1,0.000,0.000,0,0,"HV=OFF, Fault=NO"
453.366390,2026-03-10 18:04:50.290,ARDUINO_PSI,Arduino,0.000,0.000,12.851,,
453.381086,2026-03-10 18:04:50.304,WJ_VOLTAGE,WJ2,0.000,0.000,0,0,"HV=OFF, Fault=NO"
453.468429,2026-03-10 18:04:50.392,ARDUINO_PSI,Arduino,0.000,0.000,12.847,,
453.566793,2026-03-10 18:04:50.490,ARDUINO_PSI,Arduino,0.000,0.000,12.845,,
453.666540,2026-03-10 18:04:50.590,ARDUINO_PSI,Arduino,0.000,0.000,12.842,,
453.766828,2026-03-10 18:04:50.690,ARDUINO_PSI,Arduino,0.000,0.000,12.831,,
453.837901,2026-03-10 18:04:50.761,WJ_VOLTAGE,WJ1,0.000,0.000,0,0,"HV=OFF, Fault=NO"
453.865775,2026-03-10 18:04:50.789,ARDUINO_PSI,Arduino,0.000,0.000,12.828,,
453.913022,2026-03-10 18:04:50.836,WJ_VOLTAGE,WJ2,0.000,0.000,0,0,"HV=OFF, Fault=NO"
453.966578,2026-03-10 18:04:50.890,ARDUINO_PSI,Arduino,0.000,0.000,12.826,,
454.066536,2026-03-10 18:04:50.990,ARDUINO_PSI,Arduino,0.000,0.000,12.828,,
454.166587,2026-03-10 18:04:51.090,ARDUINO_PSI,Arduino,0.000,0.000,12.826,,
454.266592,2026-03-10 18:04:51.190,ARDUINO_PSI,Arduino,0.000,0.000,12.833,,
454.363943,2026-03-10 18:04:51.287,WJ_VOLTAGE,WJ1,0.000,0.000,0,0,"HV=OFF, Fault=NO"
454.372433,2026-03-10 18:04:51.296,ARDUINO_PSI,Arduino,0.000,0.000,12.833,,
454.441695,2026-03-10 18:04:51.365,WJ_VOLTAGE,WJ2,0.000,0.000,0,0,"HV=OFF, Fault=NO"
454.465937,2026-03-10 18:04:51.389,ARDUINO_PSI,Arduino,0.000,0.000,12.833,,
454.566974,2026-03-10 18:04:51.490,ARDUINO_PSI,Arduino,0.000,0.000,12.828,,
454.667347,2026-03-10 18:04:51.591,ARDUINO_PSI,Arduino,0.000,0.000,12.824,,
454.767353,2026-03-10 18:04:51.691,ARDUINO_PSI,Arduino,0.000,0.000,12.828,,
454.866515,2026-03-10 18:04:51.790,ARDUINO_PSI,Arduino,0.000,0.000,12.828,,
454.894442,2026-03-10 18:04:51.818,WJ_VOLTAGE,WJ1,0.000,0.000,0,0,"HV=OFF, Fault=NO"
454.966566,2026-03-10 18:04:51.890,ARDUINO_PSI,Arduino,0.000,0.000,12.822,,
454.972594,2026-03-10 18:04:51.896,WJ_VOLTAGE,WJ2,0.000,0.000,0,0,"HV=OFF, Fault=NO"
455.066695,2026-03-10 18:04:51.990,ARDUINO_PSI,Arduino,0.000,0.000,12.812,,
455.166487,2026-03-10 18:04:52.090,ARDUINO_PSI,Arduino,0.000,0.000,12.812,,
455.266433,2026-03-10 18:04:52.190,ARDUINO_PSI,Arduino,0.000,0.000,12.810,,
455.366354,2026-03-10 18:04:52.290,ARDUINO_PSI,Arduino,0.000,0.000,12.806,,
455.422914,2026-03-10 18:04:52.346,WJ_VOLTAGE,WJ1,0.000,0.000,0,0,"HV=OFF, Fault=NO"
455.465947,2026-03-10 18:04:52.389,ARDUINO_PSI,Arduino,0.000,0.000,12.799,,
455.502262,2026-03-10 18:04:52.426,WJ_VOLTAGE,WJ2,0.000,0.000,0,0,"HV=OFF, Fault=NO"
455.566292,2026-03-10 18:04:52.490,ARDUINO_PSI,Arduino,0.000,0.000,12.799,,
455.666542,2026-03-10 18:04:52.590,ARDUINO_PSI,Arduino,0.000,0.000,12.806,,
455.766023,2026-03-10 18:04:52.689,ARDUINO_PSI,Arduino,0.000,0.000,12.817,,
455.866506,2026-03-10 18:04:52.790,ARDUINO_PSI,Arduino,0.000,0.000,12.812,,
455.954370,2026-03-10 18:04:52.878,WJ_VOLTAGE,WJ1,0.000,0.000,0,0,"HV=OFF, Fault=NO"
455.966946,2026-03-10 18:04:52.890,ARDUINO_PSI,Arduino,0.000,0.000,12.819,,
456.032661,2026-03-10 18:04:52.956,WJ_VOLTAGE,WJ2,0.000,0.000,0,0,"HV=OFF, Fault=NO"
456.065870,2026-03-10 18:04:52.989,ARDUINO_PSI,Arduino,0.000,0.000,12.812,,
456.166725,2026-03-10 18:04:53.090,ARDUINO_PSI,Arduino,0.000,0.000,12.819,,
456.266501,2026-03-10 18:04:53.190,ARDUINO_PSI,Arduino,0.000,0.000,12.803,,
456.366548,2026-03-10 18:04:53.290,ARDUINO_PSI,Arduino,0.000,0.000,12.799,,
456.465970,2026-03-10 18:04:53.389,ARDUINO_PSI,Arduino,0.000,0.000,12.801,,
456.481648,2026-03-10 18:04:53.405,WJ_VOLTAGE,WJ1,0.000,0.000,0,0,"HV=OFF, Fault=NO"
456.561321,2026-03-10 18:04:53.485,WJ_VOLTAGE,WJ2,0.000,0.000,0,0,"HV=OFF, Fault=NO"
456.578946,2026-03-10 18:04:53.502,ARDUINO_PSI,Arduino,0.000,0.000,12.812,,
456.666427,2026-03-10 18:04:53.590,ARDUINO_PSI,Arduino,0.000,0.000,12.819,,
456.766554,2026-03-10 18:04:53.690,ARDUINO_PSI,Arduino,0.000,0.000,12.819,,
456.866621,2026-03-10 18:04:53.790,ARDUINO_PSI,Arduino,0.000,0.000,12.815,,
456.966759,2026-03-10 18:04:53.890,ARDUINO_PSI,Arduino,0.000,0.000,12.817,,
457.013798,2026-03-10 18:04:53.937,WJ_VOLTAGE,WJ1,0.000,0.000,0,0,"HV=OFF, Fault=NO"
457.066462,2026-03-10 18:04:53.990,ARDUINO_PSI,Arduino,0.000,0.000,12.812,,
457.092398,2026-03-10 18:04:54.016,WJ_VOLTAGE,WJ2,0.000,0.000,0,0,"HV=OFF, Fault=NO"
457.166783,2026-03-10 18:04:54.090,ARDUINO_PSI,Arduino,0.000,0.000,12.808,,
457.266610,2026-03-10 18:04:54.190,ARDUINO_PSI,Arduino,0.000,0.000,12.801,,
457.366663,2026-03-10 18:04:54.290,ARDUINO_PSI,Arduino,0.000,0.000,12.799,,
457.466554,2026-03-10 18:04:54.390,ARDUINO_PSI,Arduino,0.000,0.000,12.812,,
457.531378,2026-03-10 18:04:54.455,WJ_VOLTAGE,WJ1,0.000,0.000,0,0,"HV=OFF, Fault=NO"
457.566107,2026-03-10 18:04:54.489,ARDUINO_PSI,Arduino,0.000,0.000,12.810,,
457.624592,2026-03-10 18:04:54.548,WJ_VOLTAGE,WJ2,0.000,0.000,0,0,"HV=OFF, Fault=NO"
457.666522,2026-03-10 18:04:54.590,ARDUINO_PSI,Arduino,0.000,0.000,12.799,,
457.765792,2026-03-10 18:04:54.689,ARDUINO_PSI,Arduino,0.000,0.000,12.787,,
457.866508,2026-03-10 18:04:54.790,ARDUINO_PSI,Arduino,0.000,0.000,12.803,,
457.966632,2026-03-10 18:04:54.890,ARDUINO_PSI,Arduino,0.000,0.000,12.801,,
458.061803,2026-03-10 18:04:54.985,WJ_VOLTAGE,WJ1,0.000,0.000,0,0,"HV=OFF, Fault=NO"
458.075477,2026-03-10 18:04:54.999,ARDUINO_PSI,Arduino,0.000,0.000,12.801,,
458.155454,2026-03-10 18:04:55.079,WJ_VOLTAGE,WJ2,0.000,0.000,0,0,"HV=OFF, Fault=NO"
458.171342,2026-03-10 18:04:55.095,ARDUINO_PSI,Arduino,0.000,0.000,12.808,,
458.266713,2026-03-10 18:04:55.190,ARDUINO_PSI,Arduino,0.000,0.000,12.817,,
458.366510,2026-03-10 18:04:55.290,ARDUINO_PSI,Arduino,0.000,0.000,12.819,,
458.466521,2026-03-10 18:04:55.390,ARDUINO_PSI,Arduino,0.000,0.000,12.822,,
458.566482,2026-03-10 18:04:55.490,ARDUINO_PSI,Arduino,0.000,0.000,12.812,,
458.591734,2026-03-10 18:04:55.515,WJ_VOLTAGE,WJ1,0.000,0.000,0,0,"HV=OFF, Fault=NO"
458.666456,2026-03-10 18:04:55.590,ARDUINO_PSI,Arduino,0.000,0.000,12.815,,
458.685924,2026-03-10 18:04:55.609,WJ_VOLTAGE,WJ2,0.000,0.000,0,0,"HV=OFF, Fault=NO"
458.766554,2026-03-10 18:04:55.690,ARDUINO_PSI,Arduino,0.000,0.000,12.815,,
458.867012,2026-03-10 18:04:55.790,ARDUINO_PSI,Arduino,0.000,0.000,12.815,,
458.966491,2026-03-10 18:04:55.890,ARDUINO_PSI,Arduino,0.000,0.000,12.817,,
459.066475,2026-03-10 18:04:55.990,ARDUINO_PSI,Arduino,0.000,0.000,12.826,,
459.117042,2026-03-10 18:04:56.040,WJ_VOLTAGE,WJ1,0.000,0.000,0,0,"HV=OFF, Fault=NO"
459.166530,2026-03-10 18:04:56.090,ARDUINO_PSI,Arduino,0.000,0.000,12.838,,
459.210867,2026-03-10 18:04:56.134,WJ_VOLTAGE,WJ2,0.000,0.000,0,0,"HV=OFF, Fault=NO"
459.266601,2026-03-10 18:04:56.190,ARDUINO_PSI,Arduino,0.000,0.000,12.828,,
459.366331,2026-03-10 18:04:56.290,ARDUINO_PSI,Arduino,0.000,0.000,12.833,,
459.466424,2026-03-10 18:04:56.390,ARDUINO_PSI,Arduino,0.000,0.000,12.826,,
459.566420,2026-03-10 18:04:56.490,ARDUINO_PSI,Arduino,0.000,0.000,12.826,,
459.649514,2026-03-10 18:04:56.573,WJ_VOLTAGE,WJ1,0.000,0.000,0,0,"HV=OFF, Fault=NO"
459.665709,2026-03-10 18:04:56.589,ARDUINO_PSI,Arduino,0.000,0.000,12.838,,
459.742390,2026-03-10 18:04:56.666,WJ_VOLTAGE,WJ2,0.000,0.000,0,0,"HV=OFF, Fault=NO"
459.765858,2026-03-10 18:04:56.689,ARDUINO_PSI,Arduino,0.000,0.000,12.842,,
459.866522,2026-03-10 18:04:56.790,ARDUINO_PSI,Arduino,0.000,0.000,12.842,,
459.966431,2026-03-10 18:04:56.890,ARDUINO_PSI,Arduino,0.000,0.000,12.840,,
460.066494,2026-03-10 18:04:56.990,ARDUINO_PSI,Arduino,0.000,0.000,12.849,,
460.166533,2026-03-10 18:04:57.090,ARDUINO_PSI,Arduino,0.000,0.000,12.831,,
460.177529,2026-03-10 18:04:57.101,WJ_VOLTAGE,WJ1,0.000,0.000,0,0,"HV=OFF, Fault=NO"
460.266588,2026-03-10 18:04:57.190,ARDUINO_PSI,Arduino,0.000,0.000,12.833,,
460.275240,2026-03-10 18:04:57.199,WJ_VOLTAGE,WJ2,0.000,0.000,0,0,"HV=OFF, Fault=NO"
460.365724,2026-03-10 18:04:57.289,ARDUINO_PSI,Arduino,0.000,0.000,12.838,,
460.468334,2026-03-10 18:04:57.392,ARDUINO_PSI,Arduino,0.000,0.000,12.828,,
460.566611,2026-03-10 18:04:57.490,ARDUINO_PSI,Arduino,0.000,0.000,12.833,,
460.666633,2026-03-10 18:04:57.590,ARDUINO_PSI,Arduino,0.000,0.000,12.822,,
460.707169,2026-03-10 18:04:57.631,WJ_VOLTAGE,WJ1,0.000,0.000,0,0,"HV=OFF, Fault=NO"
460.766024,2026-03-10 18:04:57.689,ARDUINO_PSI,Arduino,0.000,0.000,12.817,,
460.800012,2026-03-10 18:04:57.723,WJ_VOLTAGE,WJ2,0.000,0.000,0,0,"HV=OFF, Fault=NO"
460.866437,2026-03-10 18:04:57.790,ARDUINO_PSI,Arduino,0.000,0.000,12.828,,
460.966620,2026-03-10 18:04:57.890,ARDUINO_PSI,Arduino,0.000,0.000,12.826,,
461.066298,2026-03-10 18:04:57.990,ARDUINO_PSI,Arduino,0.000,0.000,12.831,,
461.166516,2026-03-10 18:04:58.090,ARDUINO_PSI,Arduino,0.000,0.000,12.819,,
461.235853,2026-03-10 18:04:58.159,WJ_VOLTAGE,WJ1,0.000,0.000,0,0,"HV=OFF, Fault=NO"
461.265713,2026-03-10 18:04:58.189,ARDUINO_PSI,Arduino,0.000,0.000,12.833,,
461.326990,2026-03-10 18:04:58.250,WJ_VOLTAGE,WJ2,0.000,0.000,0,0,"HV=OFF, Fault=NO"
461.366762,2026-03-10 18:04:58.290,ARDUINO_PSI,Arduino,0.000,0.000,12.822,,
461.466592,2026-03-10 18:04:58.390,ARDUINO_PSI,Arduino,0.000,0.000,12.828,,
461.566408,2026-03-10 18:04:58.490,ARDUINO_PSI,Arduino,0.000,0.000,12.833,,
461.666387,2026-03-10 18:04:58.590,ARDUINO_PSI,Arduino,0.000,0.000,12.833,,
461.762971,2026-03-10 18:04:58.686,WJ_VOLTAGE,WJ1,0.000,0.000,0,0,"HV=OFF, Fault=NO"
461.774343,2026-03-10 18:04:58.698,ARDUINO_PSI,Arduino,0.000,0.000,12.828,,
461.859446,2026-03-10 18:04:58.783,WJ_VOLTAGE,WJ2,0.000,0.000,0,0,"HV=OFF, Fault=NO"
461.874582,2026-03-10 18:04:58.798,ARDUINO_PSI,Arduino,0.000,0.000,12.815,,
461.966684,2026-03-10 18:04:58.890,ARDUINO_PSI,Arduino,0.000,0.000,12.815,,
462.066475,2026-03-10 18:04:58.990,ARDUINO_PSI,Arduino,0.000,0.000,12.819,,
462.167080,2026-03-10 18:04:59.090,ARDUINO_PSI,Arduino,0.000,0.000,12.826,,
462.266315,2026-03-10 18:04:59.190,ARDUINO_PSI,Arduino,0.000,0.000,12.819,,
462.293353,2026-03-10 18:04:59.217,WJ_VOLTAGE,WJ1,0.000,0.000,0,0,"HV=OFF, Fault=NO"
462.366366,2026-03-10 18:04:59.290,ARDUINO_PSI,Arduino,0.000,0.000,12.824,,
462.388466,2026-03-10 18:04:59.312,WJ_VOLTAGE,WJ2,0.000,0.000,0,0,"HV=OFF, Fault=NO"
462.468821,2026-03-10 18:04:59.392,ARDUINO_PSI,Arduino,0.000,0.000,12.835,,
462.565710,2026-03-10 18:04:59.489,ARDUINO_PSI,Arduino,0.000,0.000,12.833,,
462.665979,2026-03-10 18:04:59.589,ARDUINO_PSI,Arduino,0.000,0.000,12.826,,
462.766542,2026-03-10 18:04:59.690,ARDUINO_PSI,Arduino,0.000,0.000,12.833,,
462.824966,2026-03-10 18:04:59.748,WJ_VOLTAGE,WJ1,0.000,0.000,0,0,"HV=OFF, Fault=NO"
462.865782,2026-03-10 18:04:59.789,ARDUINO_PSI,Arduino,0.000,0.000,12.840,,
462.919654,2026-03-10 18:04:59.843,WJ_VOLTAGE,WJ2,0.000,0.000,0,0,"HV=OFF, Fault=NO"
462.965993,2026-03-10 18:04:59.889,ARDUINO_PSI,Arduino,0.000,0.000,12.840,,
463.066410,2026-03-10 18:04:59.990,ARDUINO_PSI,Arduino,0.000,0.000,12.840,,
463.166751,2026-03-10 18:05:00.090,ARDUINO_PSI,Arduino,0.000,0.000,12.838,,
463.266334,2026-03-10 18:05:00.190,ARDUINO_PSI,Arduino,0.000,0.000,12.824,,
463.354040,2026-03-10 18:05:00.277,WJ_VOLTAGE,WJ1,0.000,0.000,0,0,"HV=OFF, Fault=NO"
463.366840,2026-03-10 18:05:00.290,ARDUINO_PSI,Arduino,0.000,0.000,12.840,,
463.447288,2026-03-10 18:05:00.371,WJ_VOLTAGE,WJ2,0.000,0.000,0,0,"HV=OFF, Fault=NO"
463.466442,2026-03-10 18:05:00.390,ARDUINO_PSI,Arduino,0.000,0.000,12.838,,
463.565777,2026-03-10 18:05:00.489,ARDUINO_PSI,Arduino,0.000,0.000,12.840,,
463.666707,2026-03-10 18:05:00.590,ARDUINO_PSI,Arduino,0.000,0.000,12.835,,
463.766691,2026-03-10 18:05:00.690,ARDUINO_PSI,Arduino,0.000,0.000,12.840,,
463.866684,2026-03-10 18:05:00.790,ARDUINO_PSI,Arduino,0.000,0.000,12.840,,
463.882352,2026-03-10 18:05:00.806,WJ_VOLTAGE,WJ1,0.000,0.000,0,0,"HV=OFF, Fault=NO"
463.966592,2026-03-10 18:05:00.890,ARDUINO_PSI,Arduino,0.000,0.000,12.847,,
463.975677,2026-03-10 18:05:00.899,WJ_VOLTAGE,WJ2,0.000,0.000,0,0,"HV=OFF, Fault=NO"
464.066827,2026-03-10 18:05:00.990,ARDUINO_PSI,Arduino,0.000,0.000,12.826,,
464.166683,2026-03-10 18:05:01.090,ARDUINO_PSI,Arduino,0.000,0.000,12.817,,
464.266577,2026-03-10 18:05:01.190,ARDUINO_PSI,Arduino,0.000,0.000,12.822,,
464.366461,2026-03-10 18:05:01.290,ARDUINO_PSI,Arduino,0.000,0.000,12.812,,
464.413045,2026-03-10 18:05:01.336,WJ_VOLTAGE,WJ1,0.000,0.000,0,0,"HV=OFF, Fault=NO"
464.466463,2026-03-10 18:05:01.390,ARDUINO_PSI,Arduino,0.000,0.000,12.808,,
464.505557,2026-03-10 18:05:01.429,WJ_VOLTAGE,WJ2,0.000,0.000,0,0,"HV=OFF, Fault=NO"
464.566733,2026-03-10 18:05:01.490,ARDUINO_PSI,Arduino,0.000,0.000,12.801,,
464.666303,2026-03-10 18:05:01.590,ARDUINO_PSI,Arduino,0.000,0.000,12.812,,
464.767112,2026-03-10 18:05:01.691,ARDUINO_PSI,Arduino,0.000,0.000,12.812,,
464.865779,2026-03-10 18:05:01.789,ARDUINO_PSI,Arduino,0.000,0.000,12.794,,
464.941981,2026-03-10 18:05:01.865,WJ_VOLTAGE,WJ1,0.000,0.000,0,0,"HV=OFF, Fault=NO"
464.967754,2026-03-10 18:05:01.891,ARDUINO_PSI,Arduino,0.000,0.000,12.801,,
465.036431,2026-03-10 18:05:01.960,WJ_VOLTAGE,WJ2,0.000,0.000,0,0,"HV=OFF, Fault=NO"
465.065788,2026-03-10 18:05:01.989,ARDUINO_PSI,Arduino,0.000,0.000,12.794,,
465.166504,2026-03-10 18:05:02.090,ARDUINO_PSI,Arduino,0.000,0.000,12.808,,
465.266430,2026-03-10 18:05:02.190,ARDUINO_PSI,Arduino,0.000,0.000,12.810,,
465.366155,2026-03-10 18:05:02.290,ARDUINO_PSI,Arduino,0.000,0.000,12.801,,
465.466690,2026-03-10 18:05:02.390,ARDUINO_PSI,Arduino,0.000,0.000,12.792,,
465.474470,2026-03-10 18:05:02.398,WJ_VOLTAGE,WJ1,0.000,0.000,0,0,"HV=OFF, Fault=NO"
465.568744,2026-03-10 18:05:02.492,ARDUINO_PSI,Arduino,0.000,0.000,12.790,,
465.572995,2026-03-10 18:05:02.496,WJ_VOLTAGE,WJ2,0.000,0.000,0,0,"HV=OFF, Fault=NO"
465.666314,2026-03-10 18:05:02.590,ARDUINO_PSI,Arduino,0.000,0.000,12.778,,
465.767015,2026-03-10 18:05:02.690,ARDUINO_PSI,Arduino,0.000,0.000,12.776,,
465.866489,2026-03-10 18:05:02.790,ARDUINO_PSI,Arduino,0.000,0.000,12.776,,
465.966522,2026-03-10 18:05:02.890,ARDUINO_PSI,Arduino,0.000,0.000,12.769,,
465.991682,2026-03-10 18:05:02.915,WJ_VOLTAGE,WJ1,0.000,0.000,0,0,"HV=OFF, Fault=NO"
466.066521,2026-03-10 18:05:02.990,ARDUINO_PSI,Arduino,0.000,0.000,12.776,,
466.100882,2026-03-10 18:05:03.024,WJ_VOLTAGE,WJ2,0.000,0.000,0,0,"HV=OFF, Fault=NO"
466.166773,2026-03-10 18:05:03.090,ARDUINO_PSI,Arduino,0.000,0.000,12.780,,
466.266734,2026-03-10 18:05:03.190,ARDUINO_PSI,Arduino,0.000,0.000,12.774,,
466.366499,2026-03-10 18:05:03.290,ARDUINO_PSI,Arduino,0.000,0.000,12.774,,
466.466842,2026-03-10 18:05:03.390,ARDUINO_PSI,Arduino,0.000,0.000,12.778,,
466.521137,2026-03-10 18:05:03.445,WJ_VOLTAGE,WJ1,0.000,0.000,0,0,"HV=OFF, Fault=NO"
466.565986,2026-03-10 18:05:03.489,ARDUINO_PSI,Arduino,0.000,0.000,12.787,,
466.631398,2026-03-10 18:05:03.555,WJ_VOLTAGE,WJ2,0.000,0.000,0,0,"HV=OFF, Fault=NO"
466.666069,2026-03-10 18:05:03.589,ARDUINO_PSI,Arduino,0.000,0.000,12.783,,
466.766558,2026-03-10 18:05:03.690,ARDUINO_PSI,Arduino,0.000,0.000,12.776,,
466.865712,2026-03-10 18:05:03.789,ARDUINO_PSI,Arduino,0.000,0.000,12.783,,
466.966495,2026-03-10 18:05:03.890,ARDUINO_PSI,Arduino,0.000,0.000,12.774,,
467.053422,2026-03-10 18:05:03.977,WJ_VOLTAGE,WJ1,0.000,0.000,0,0,"HV=OFF, Fault=NO"
467.068720,2026-03-10 18:05:03.992,ARDUINO_PSI,Arduino,0.000,0.000,12.783,,
467.160829,2026-03-10 18:05:04.084,WJ_VOLTAGE,WJ2,0.000,0.000,0,0,"HV=OFF, Fault=NO"
467.174710,2026-03-10 18:05:04.098,ARDUINO_PSI,Arduino,0.000,0.000,12.778,,
467.266446,2026-03-10 18:05:04.190,ARDUINO_PSI,Arduino,0.000,0.000,12.780,,
467.366288,2026-03-10 18:05:04.290,ARDUINO_PSI,Arduino,0.000,0.000,12.778,,
467.466463,2026-03-10 18:05:04.390,ARDUINO_PSI,Arduino,0.000,0.000,12.787,,
467.566686,2026-03-10 18:05:04.490,ARDUINO_PSI,Arduino,0.000,0.000,12.783,,
467.584144,2026-03-10 18:05:04.508,WJ_VOLTAGE,WJ1,0.000,0.000,0,0,"HV=OFF, Fault=NO"
467.666550,2026-03-10 18:05:04.590,ARDUINO_PSI,Arduino,0.000,0.000,12.796,,
467.693756,2026-03-10 18:05:04.617,WJ_VOLTAGE,WJ2,0.000,0.000,0,0,"HV=OFF, Fault=NO"
467.766677,2026-03-10 18:05:04.690,ARDUINO_PSI,Arduino,0.000,0.000,12.799,,
467.866529,2026-03-10 18:05:04.790,ARDUINO_PSI,Arduino,0.000,0.000,12.794,,
467.968166,2026-03-10 18:05:04.892,ARDUINO_PSI,Arduino,0.000,0.000,12.796,,
468.065884,2026-03-10 18:05:04.989,ARDUINO_PSI,Arduino,0.000,0.000,12.790,,
468.111581,2026-03-10 18:05:05.035,WJ_VOLTAGE,WJ1,0.000,0.000,0,0,"HV=OFF, Fault=NO"
468.166587,2026-03-10 18:05:05.090,ARDUINO_PSI,Arduino,0.000,0.000,12.787,,
468.237909,2026-03-10 18:05:05.161,WJ_VOLTAGE,WJ2,0.000,0.000,0,0,"HV=OFF, Fault=NO"
468.266873,2026-03-10 18:05:05.190,ARDUINO_PSI,Arduino,0.000,0.000,12.787,,
468.366365,2026-03-10 18:05:05.290,ARDUINO_PSI,Arduino,0.000,0.000,12.799,,
468.466427,2026-03-10 18:05:05.390,ARDUINO_PSI,Arduino,0.000,0.000,12.801,,
468.566461,2026-03-10 18:05:05.490,ARDUINO_PSI,Arduino,0.000,0.000,12.799,,
468.640672,2026-03-10 18:05:05.564,WJ_VOLTAGE,WJ1,0.000,0.000,0,0,"HV=OFF, Fault=NO"
468.665754,2026-03-10 18:05:05.589,ARDUINO_PSI,Arduino,0.000,0.000,12.796,,
468.765883,2026-03-10 18:05:05.689,WJ_VOLTAGE,WJ2,0.000,0.000,0,0,"HV=OFF, Fault=NO"
468.773764,2026-03-10 18:05:05.697,ARDUINO_PSI,Arduino,0.000,0.000,12.796,,
468.866572,2026-03-10 18:05:05.790,ARDUINO_PSI,Arduino,0.000,0.000,12.801,,
468.966782,2026-03-10 18:05:05.890,ARDUINO_PSI,Arduino,0.000,0.000,12.799,,
469.066304,2026-03-10 18:05:05.990,ARDUINO_PSI,Arduino,0.000,0.000,12.792,,
469.166486,2026-03-10 18:05:06.090,ARDUINO_PSI,Arduino,0.000,0.000,12.785,,
469.172714,2026-03-10 18:05:06.096,WJ_VOLTAGE,WJ1,0.000,0.000,0,0,"HV=OFF, Fault=NO"
469.266492,2026-03-10 18:05:06.190,ARDUINO_PSI,Arduino,0.000,0.000,12.778,,
469.294776,2026-03-10 18:05:06.218,WJ_VOLTAGE,WJ2,0.000,0.000,0,0,"HV=OFF, Fault=NO"
469.366559,2026-03-10 18:05:06.290,ARDUINO_PSI,Arduino,0.000,0.000,12.790,,
469.466338,2026-03-10 18:05:06.390,ARDUINO_PSI,Arduino,0.000,0.000,12.778,,
469.566347,2026-03-10 18:05:06.490,ARDUINO_PSI,Arduino,0.000,0.000,12.787,,
469.666523,2026-03-10 18:05:06.590,ARDUINO_PSI,Arduino,0.000,0.000,12.785,,
469.700212,2026-03-10 18:05:06.624,WJ_VOLTAGE,WJ1,0.000,0.000,0,0,"HV=OFF, Fault=NO"
469.766282,2026-03-10 18:05:06.690,ARDUINO_PSI,Arduino,0.000,0.000,12.778,,
469.824648,2026-03-10 18:05:06.748,WJ_VOLTAGE,WJ2,0.000,0.000,0,0,"HV=OFF, Fault=NO"
469.865755,2026-03-10 18:05:06.789,ARDUINO_PSI,Arduino,0.000,0.000,12.778,,
469.966602,2026-03-10 18:05:06.890,ARDUINO_PSI,Arduino,0.000,0.000,12.787,,
470.066484,2026-03-10 18:05:06.990,ARDUINO_PSI,Arduino,0.000,0.000,12.790,,
470.166508,2026-03-10 18:05:07.090,ARDUINO_PSI,Arduino,0.000,0.000,12.787,,
470.231638,2026-03-10 18:05:07.155,WJ_VOLTAGE,WJ1,0.000,0.000,0,0,"HV=OFF, Fault=NO"
470.266320,2026-03-10 18:05:07.190,ARDUINO_PSI,Arduino,0.000,0.000,12.799,,
470.356325,2026-03-10 18:05:07.280,WJ_VOLTAGE,WJ2,0.000,0.000,0,0,"HV=OFF, Fault=NO"
470.373001,2026-03-10 18:05:07.296,ARDUINO_PSI,Arduino,0.000,0.000,12.780,,
470.466449,2026-03-10 18:05:07.390,ARDUINO_PSI,Arduino,0.000,0.000,12.776,,
470.566584,2026-03-10 18:05:07.490,ARDUINO_PSI,Arduino,0.000,0.000,12.780,,
470.666536,2026-03-10 18:05:07.590,ARDUINO_PSI,Arduino,0.000,0.000,12.794,,
470.759761,2026-03-10 18:05:07.683,WJ_VOLTAGE,WJ1,0.000,0.000,0,0,"HV=OFF, Fault=NO"
470.772725,2026-03-10 18:05:07.696,ARDUINO_PSI,Arduino,0.000,0.000,12.794,,
470.867030,2026-03-10 18:05:07.790,ARDUINO_PSI,Arduino,0.000,0.000,12.799,,
470.887483,2026-03-10 18:05:07.811,WJ_VOLTAGE,WJ2,0.000,0.000,0,0,"HV=OFF, Fault=NO"
470.966546,2026-03-10 18:05:07.890,ARDUINO_PSI,Arduino,0.000,0.000,12.799,,
471.066175,2026-03-10 18:05:07.990,ARDUINO_PSI,Arduino,0.000,0.000,12.792,,
471.166547,2026-03-10 18:05:08.090,ARDUINO_PSI,Arduino,0.000,0.000,12.796,,
471.266669,2026-03-10 18:05:08.190,ARDUINO_PSI,Arduino,0.000,0.000,12.801,,
471.292537,2026-03-10 18:05:08.216,WJ_VOLTAGE,WJ1,0.000,0.000,0,0,"HV=OFF, Fault=NO"
471.366971,2026-03-10 18:05:08.290,ARDUINO_PSI,Arduino,0.000,0.000,12.799,,
471.414387,2026-03-10 18:05:08.338,WJ_VOLTAGE,WJ2,0.000,0.000,0,0,"HV=OFF, Fault=NO"
471.467805,2026-03-10 18:05:08.391,ARDUINO_PSI,Arduino,0.000,0.000,12.803,,
471.566481,2026-03-10 18:05:08.490,ARDUINO_PSI,Arduino,0.000,0.000,12.799,,
471.665984,2026-03-10 18:05:08.589,ARDUINO_PSI,Arduino,0.000,0.000,12.806,,
471.766709,2026-03-10 18:05:08.690,ARDUINO_PSI,Arduino,0.000,0.000,12.824,,
471.822682,2026-03-10 18:05:08.746,WJ_VOLTAGE,WJ1,0.000,0.000,0,0,"HV=OFF, Fault=NO"
471.866410,2026-03-10 18:05:08.790,ARDUINO_PSI,Arduino,0.000,0.000,12.838,,
471.947341,2026-03-10 18:05:08.871,WJ_VOLTAGE,WJ2,0.000,0.000,0,0,"HV=OFF, Fault=NO"
471.965760,2026-03-10 18:05:08.889,ARDUINO_PSI,Arduino,0.000,0.000,12.835,,
472.066661,2026-03-10 18:05:08.990,ARDUINO_PSI,Arduino,0.000,0.000,12.835,,
472.165886,2026-03-10 18:05:09.089,ARDUINO_PSI,Arduino,0.000,0.000,12.842,,
472.266383,2026-03-10 18:05:09.190,ARDUINO_PSI,Arduino,0.000,0.000,12.835,,
472.366341,2026-03-10 18:05:09.290,ARDUINO_PSI,Arduino,0.000,0.000,12.849,,
472.369906,2026-03-10 18:05:09.293,WJ_VOLTAGE,WJ1,0.000,0.000,0,0,"HV=OFF, Fault=NO"
472.466347,2026-03-10 18:05:09.390,ARDUINO_PSI,Arduino,0.000,0.000,12.854,,
472.474901,2026-03-10 18:05:09.398,WJ_VOLTAGE,WJ2,0.000,0.000,0,0,"HV=OFF, Fault=NO"
472.565864,2026-03-10 18:05:09.489,ARDUINO_PSI,Arduino,0.000,0.000,12.847,,
472.666539,2026-03-10 18:05:09.590,ARDUINO_PSI,Arduino,0.000,0.000,12.835,,
472.766653,2026-03-10 18:05:09.690,ARDUINO_PSI,Arduino,0.000,0.000,12.835,,
472.866373,2026-03-10 18:05:09.790,ARDUINO_PSI,Arduino,0.000,0.000,12.831,,
472.896865,2026-03-10 18:05:09.820,WJ_VOLTAGE,WJ1,0.000,0.000,0,0,"HV=OFF, Fault=NO"
472.966540,2026-03-10 18:05:09.890,ARDUINO_PSI,Arduino,0.000,0.000,12.849,,
473.004740,2026-03-10 18:05:09.928,WJ_VOLTAGE,WJ2,0.000,0.000,0,0,"HV=OFF, Fault=NO"
473.066810,2026-03-10 18:05:09.990,ARDUINO_PSI,Arduino,0.000,0.000,12.856,,
473.166465,2026-03-10 18:05:10.090,ARDUINO_PSI,Arduino,0.000,0.000,12.847,,
473.267062,2026-03-10 18:05:10.192,ARDUINO_PSI,Arduino,0.000,0.000,12.847,,
473.366500,2026-03-10 18:05:10.290,ARDUINO_PSI,Arduino,0.000,0.000,12.840,,
473.425491,2026-03-10 18:05:10.349,WJ_VOLTAGE,WJ1,0.000,0.000,0,0,"HV=OFF, Fault=NO"
473.465984,2026-03-10 18:05:10.389,ARDUINO_PSI,Arduino,0.000,0.000,12.840,,
473.536094,2026-03-10 18:05:10.459,WJ_VOLTAGE,WJ2,0.000,0.000,0,0,"HV=OFF, Fault=NO"
473.565639,2026-03-10 18:05:10.489,ARDUINO_PSI,Arduino,0.000,0.000,12.838,,
473.666382,2026-03-10 18:05:10.590,ARDUINO_PSI,Arduino,0.000,0.000,12.824,,
473.766763,2026-03-10 18:05:10.690,ARDUINO_PSI,Arduino,0.000,0.000,12.822,,
473.866947,2026-03-10 18:05:10.790,ARDUINO_PSI,Arduino,0.000,0.000,12.810,,
473.953454,2026-03-10 18:05:10.877,WJ_VOLTAGE,WJ1,0.000,0.000,0,0,"HV=OFF, Fault=NO"
473.969680,2026-03-10 18:05:10.893,ARDUINO_PSI,Arduino,0.000,0.000,12.808,,
474.062207,2026-03-10 18:05:10.986,WJ_VOLTAGE,WJ2,0.000,0.000,0,0,"HV=OFF, Fault=NO"
474.076675,2026-03-10 18:05:11.000,ARDUINO_PSI,Arduino,0.000,0.000,12.817,,
474.166252,2026-03-10 18:05:11.090,ARDUINO_PSI,Arduino,0.000,0.000,12.808,,
474.266261,2026-03-10 18:05:11.190,ARDUINO_PSI,Arduino,0.000,0.000,12.810,,
474.366574,2026-03-10 18:05:11.290,ARDUINO_PSI,Arduino,0.000,0.000,12.806,,
474.465777,2026-03-10 18:05:11.389,ARDUINO_PSI,Arduino,0.000,0.000,12.803,,
474.482785,2026-03-10 18:05:11.406,WJ_VOLTAGE,WJ1,0.000,0.000,0,0,"HV=OFF, Fault=NO"
474.566504,2026-03-10 18:05:11.490,ARDUINO_PSI,Arduino,0.000,0.000,12.808,,
474.594434,2026-03-10 18:05:11.518,WJ_VOLTAGE,WJ2,0.000,0.000,0,0,"HV=OFF, Fault=NO"
474.666517,2026-03-10 18:05:11.590,ARDUINO_PSI,Arduino,0.000,0.000,12.808,,
474.765765,2026-03-10 18:05:11.689,ARDUINO_PSI,Arduino,0.000,0.000,12.812,,
474.866445,2026-03-10 18:05:11.790,ARDUINO_PSI,Arduino,0.000,0.000,12.815,,
474.966453,2026-03-10 18:05:11.890,ARDUINO_PSI,Arduino,0.000,0.000,12.808,,
475.014075,2026-03-10 18:05:11.937,WJ_VOLTAGE,WJ1,0.000,0.000,0,0,"HV=OFF, Fault=NO"
475.066344,2026-03-10 18:05:11.990,ARDUINO_PSI,Arduino,0.000,0.000,12.808,,
475.121840,2026-03-10 18:05:12.045,WJ_VOLTAGE,WJ2,0.000,0.000,0,0,"HV=OFF, Fault=NO"
475.166311,2026-03-10 18:05:12.090,ARDUINO_PSI,Arduino,0.000,0.000,12.812,,
475.266695,2026-03-10 18:05:12.190,ARDUINO_PSI,Arduino,0.000,0.000,12.824,,
475.366619,2026-03-10 18:05:12.290,ARDUINO_PSI,Arduino,0.000,0.000,12.826,,
475.466015,2026-03-10 18:05:12.389,ARDUINO_PSI,Arduino,0.000,0.000,12.819,,
475.543944,2026-03-10 18:05:12.467,WJ_VOLTAGE,WJ1,0.000,0.000,0,0,"HV=OFF, Fault=NO"
475.565859,2026-03-10 18:05:12.489,ARDUINO_PSI,Arduino,0.000,0.000,12.828,,
475.653946,2026-03-10 18:05:12.577,WJ_VOLTAGE,WJ2,0.000,0.000,0,0,"HV=OFF, Fault=NO"
475.665823,2026-03-10 18:05:12.589,ARDUINO_PSI,Arduino,0.000,0.000,12.833,,
475.766221,2026-03-10 18:05:12.690,ARDUINO_PSI,Arduino,0.000,0.000,12.824,,
475.867103,2026-03-10 18:05:12.790,ARDUINO_PSI,Arduino,0.000,0.000,12.824,,
475.966724,2026-03-10 18:05:12.890,ARDUINO_PSI,Arduino,0.000,0.000,12.828,,
476.066412,2026-03-10 18:05:12.990,ARDUINO_PSI,Arduino,0.000,0.000,12.828,,
476.075248,2026-03-10 18:05:12.999,WJ_VOLTAGE,WJ1,0.000,0.000,0,0,"HV=OFF, Fault=NO"
476.166541,2026-03-10 18:05:13.090,ARDUINO_PSI,Arduino,0.000,0.000,12.838,,
476.185411,2026-03-10 18:05:13.109,WJ_VOLTAGE,WJ2,0.000,0.000,0,0,"HV=OFF, Fault=NO"
476.266540,2026-03-10 18:05:13.190,ARDUINO_PSI,Arduino,0.000,0.000,12.833,,
476.365805,2026-03-10 18:05:13.289,ARDUINO_PSI,Arduino,0.000,0.000,12.833,,
476.466429,2026-03-10 18:05:13.390,ARDUINO_PSI,Arduino,0.000,0.000,12.831,,
476.566403,2026-03-10 18:05:13.490,ARDUINO_PSI,Arduino,0.000,0.000,12.826,,
476.604940,2026-03-10 18:05:13.528,WJ_VOLTAGE,WJ1,0.000,0.000,0,0,"HV=OFF, Fault=NO"
476.666604,2026-03-10 18:05:13.590,ARDUINO_PSI,Arduino,0.000,0.000,12.826,,
476.713115,2026-03-10 18:05:13.636,WJ_VOLTAGE,WJ2,0.000,0.000,0,0,"HV=OFF, Fault=NO"
476.766347,2026-03-10 18:05:13.690,ARDUINO_PSI,Arduino,0.000,0.000,12.822,,
476.868908,2026-03-10 18:05:13.792,ARDUINO_PSI,Arduino,0.000,0.000,12.831,,
476.966695,2026-03-10 18:05:13.890,ARDUINO_PSI,Arduino,0.000,0.000,12.824,,
477.067219,2026-03-10 18:05:13.991,ARDUINO_PSI,Arduino,0.000,0.000,12.815,,
477.131925,2026-03-10 18:05:14.055,WJ_VOLTAGE,WJ1,0.000,0.000,0,0,"HV=OFF, Fault=NO"
477.165812,2026-03-10 18:05:14.089,ARDUINO_PSI,Arduino,0.000,0.000,12.822,,
477.240785,2026-03-10 18:05:14.164,WJ_VOLTAGE,WJ2,0.000,0.000,0,0,"HV=OFF, Fault=NO"
477.265636,2026-03-10 18:05:14.189,ARDUINO_PSI,Arduino,0.000,0.000,12.808,,
477.366447,2026-03-10 18:05:14.290,ARDUINO_PSI,Arduino,0.000,0.000,12.799,,
477.466770,2026-03-10 18:05:14.390,ARDUINO_PSI,Arduino,0.000,0.000,12.803,,
477.566354,2026-03-10 18:05:14.490,ARDUINO_PSI,Arduino,0.000,0.000,12.799,,
477.659110,2026-03-10 18:05:14.582,WJ_VOLTAGE,WJ1,0.000,0.000,0,0,"HV=OFF, Fault=NO"
477.672649,2026-03-10 18:05:14.596,ARDUINO_PSI,Arduino,0.000,0.000,12.803,,
477.767064,2026-03-10 18:05:14.690,ARDUINO_PSI,Arduino,0.000,0.000,12.808,,
477.768813,2026-03-10 18:05:14.692,WJ_VOLTAGE,WJ2,0.000,0.000,0,0,"HV=OFF, Fault=NO"
477.866495,2026-03-10 18:05:14.790,ARDUINO_PSI,Arduino,0.000,0.000,12.806,,
477.965785,2026-03-10 18:05:14.889,ARDUINO_PSI,Arduino,0.000,0.000,12.799,,
478.066570,2026-03-10 18:05:14.990,ARDUINO_PSI,Arduino,0.000,0.000,12.794,,
478.166570,2026-03-10 18:05:15.090,ARDUINO_PSI,Arduino,0.000,0.000,12.787,,
478.189741,2026-03-10 18:05:15.113,WJ_VOLTAGE,WJ1,0.000,0.000,0,0,"HV=OFF, Fault=NO"
478.266404,2026-03-10 18:05:15.190,ARDUINO_PSI,Arduino,0.000,0.000,12.780,,
478.297497,2026-03-10 18:05:15.221,WJ_VOLTAGE,WJ2,0.000,0.000,0,0,"HV=OFF, Fault=NO"
478.366540,2026-03-10 18:05:15.290,ARDUINO_PSI,Arduino,0.000,0.000,12.771,,
478.466283,2026-03-10 18:05:15.390,ARDUINO_PSI,Arduino,0.000,0.000,12.774,,
478.566471,2026-03-10 18:05:15.490,ARDUINO_PSI,Arduino,0.000,0.000,12.787,,
478.666441,2026-03-10 18:05:15.590,ARDUINO_PSI,Arduino,0.000,0.000,12.785,,
478.717397,2026-03-10 18:05:15.641,WJ_VOLTAGE,WJ1,0.000,0.000,0,0,"HV=OFF, Fault=NO"
478.766061,2026-03-10 18:05:15.689,ARDUINO_PSI,Arduino,0.000,0.000,12.787,,
478.826809,2026-03-10 18:05:15.750,WJ_VOLTAGE,WJ2,0.000,0.000,0,0,"HV=OFF, Fault=NO"
478.866043,2026-03-10 18:05:15.789,ARDUINO_PSI,Arduino,0.000,0.000,12.774,,
478.966380,2026-03-10 18:05:15.890,ARDUINO_PSI,Arduino,0.000,0.000,12.774,,
479.066439,2026-03-10 18:05:15.990,ARDUINO_PSI,Arduino,0.000,0.000,12.787,,
479.166456,2026-03-10 18:05:16.090,ARDUINO_PSI,Arduino,0.000,0.000,12.783,,
479.249111,2026-03-10 18:05:16.172,WJ_VOLTAGE,WJ1,0.000,0.000,0,0,"HV=OFF, Fault=NO"
479.265678,2026-03-10 18:05:16.189,ARDUINO_PSI,Arduino,0.000,0.000,12.787,,
479.357062,2026-03-10 18:05:16.280,WJ_VOLTAGE,WJ2,0.000,0.000,0,0,"HV=OFF, Fault=NO"
479.372242,2026-03-10 18:05:16.296,ARDUINO_PSI,Arduino,0.000,0.000,12.803,,
479.466422,2026-03-10 18:05:16.390,ARDUINO_PSI,Arduino,0.000,0.000,12.801,,
479.566733,2026-03-10 18:05:16.490,ARDUINO_PSI,Arduino,0.000,0.000,12.808,,
479.666507,2026-03-10 18:05:16.590,ARDUINO_PSI,Arduino,0.000,0.000,12.803,,
479.766691,2026-03-10 18:05:16.690,ARDUINO_PSI,Arduino,0.000,0.000,12.787,,
479.772843,2026-03-10 18:05:16.696,WJ_VOLTAGE,WJ1,0.000,0.000,0,0,"HV=OFF, Fault=NO"
479.866058,2026-03-10 18:05:16.789,ARDUINO_PSI,Arduino,0.000,0.000,12.785,,
479.883574,2026-03-10 18:05:16.807,WJ_VOLTAGE,WJ2,0.000,0.000,0,0,"HV=OFF, Fault=NO"
479.965832,2026-03-10 18:05:16.889,ARDUINO_PSI,Arduino,0.000,0.000,12.785,,
480.066507,2026-03-10 18:05:16.990,ARDUINO_PSI,Arduino,0.000,0.000,12.799,,
480.166534,2026-03-10 18:05:17.090,ARDUINO_PSI,Arduino,0.000,0.000,12.801,,
480.266788,2026-03-10 18:05:17.190,ARDUINO_PSI,Arduino,0.000,0.000,12.810,,
480.303860,2026-03-10 18:05:17.227,WJ_VOLTAGE,WJ1,0.000,0.000,0,0,"HV=OFF, Fault=NO"
480.366401,2026-03-10 18:05:17.290,ARDUINO_PSI,Arduino,0.000,0.000,12.819,,
480.410067,2026-03-10 18:05:17.333,WJ_VOLTAGE,WJ2,0.000,0.000,0,0,"HV=OFF, Fault=NO"
480.466254,2026-03-10 18:05:17.390,ARDUINO_PSI,Arduino,0.000,0.000,12.810,,
480.566394,2026-03-10 18:05:17.490,ARDUINO_PSI,Arduino,0.000,0.000,12.808,,
480.666335,2026-03-10 18:05:17.590,ARDUINO_PSI,Arduino,0.000,0.000,12.819,,
480.767039,2026-03-10 18:05:17.690,ARDUINO_PSI,Arduino,0.000,0.000,12.806,,
480.832165,2026-03-10 18:05:17.756,WJ_VOLTAGE,WJ1,0.000,0.000,0,0,"HV=OFF, Fault=NO"
480.865694,2026-03-10 18:05:17.789,ARDUINO_PSI,Arduino,0.000,0.000,12.819,,
480.939839,2026-03-10 18:05:17.863,WJ_VOLTAGE,WJ2,0.000,0.000,0,0,"HV=OFF, Fault=NO"
480.965743,2026-03-10 18:05:17.889,ARDUINO_PSI,Arduino,0.000,0.000,12.819,,
481.066436,2026-03-10 18:05:17.990,ARDUINO_PSI,Arduino,0.000,0.000,12.810,,
481.166417,2026-03-10 18:05:18.090,ARDUINO_PSI,Arduino,0.000,0.000,12.812,,
481.266376,2026-03-10 18:05:18.190,ARDUINO_PSI,Arduino,0.000,0.000,12.799,,
481.364903,2026-03-10 18:05:18.288,WJ_VOLTAGE,WJ1,0.000,0.000,0,0,"HV=OFF, Fault=NO"
481.377169,2026-03-10 18:05:18.301,ARDUINO_PSI,Arduino,0.000,0.000,12.801,,
481.459256,2026-03-10 18:05:18.383,WJ_VOLTAGE,WJ2,0.000,0.000,0,0,"HV=OFF, Fault=NO"
481.472351,2026-03-10 18:05:18.396,ARDUINO_PSI,Arduino,0.000,0.000,12.810,,
481.566367,2026-03-10 18:05:18.490,ARDUINO_PSI,Arduino,0.000,0.000,12.806,,
481.666404,2026-03-10 18:05:18.590,ARDUINO_PSI,Arduino,0.000,0.000,12.801,,
481.766570,2026-03-10 18:05:18.690,ARDUINO_PSI,Arduino,0.000,0.000,12.812,,
481.866472,2026-03-10 18:05:18.790,ARDUINO_PSI,Arduino,0.000,0.000,12.810,,
481.895421,2026-03-10 18:05:18.819,WJ_VOLTAGE,WJ1,0.000,0.000,0,0,"HV=OFF, Fault=NO"
481.966464,2026-03-10 18:05:18.890,ARDUINO_PSI,Arduino,0.000,0.000,12.810,,
481.989218,2026-03-10 18:05:18.913,WJ_VOLTAGE,WJ2,0.000,0.000,0,0,"HV=OFF, Fault=NO"
482.067066,2026-03-10 18:05:18.990,ARDUINO_PSI,Arduino,0.000,0.000,12.794,,
482.166481,2026-03-10 18:05:19.090,ARDUINO_PSI,Arduino,0.000,0.000,12.799,,
482.266556,2026-03-10 18:05:19.190,ARDUINO_PSI,Arduino,0.000,0.000,12.794,,
482.366272,2026-03-10 18:05:19.290,ARDUINO_PSI,Arduino,0.000,0.000,12.792,,
482.424798,2026-03-10 18:05:19.348,WJ_VOLTAGE,WJ1,0.000,0.000,0,0,"HV=OFF, Fault=NO"
482.465850,2026-03-10 18:05:19.389,ARDUINO_PSI,Arduino,0.000,0.000,12.803,,
482.520915,2026-03-10 18:05:19.444,WJ_VOLTAGE,WJ2,0.000,0.000,0,0,"HV=OFF, Fault=NO"
482.566212,2026-03-10 18:05:19.490,ARDUINO_PSI,Arduino,0.000,0.000,12.810,,
482.666403,2026-03-10 18:05:19.590,ARDUINO_PSI,Arduino,0.000,0.000,12.803,,
482.766664,2026-03-10 18:05:19.690,ARDUINO_PSI,Arduino,0.000,0.000,12.819,,
482.865723,2026-03-10 18:05:19.789,ARDUINO_PSI,Arduino,0.000,0.000,12.810,,
482.956404,2026-03-10 18:05:19.880,WJ_VOLTAGE,WJ1,0.000,0.000,0,0,"HV=OFF, Fault=NO"
482.975350,2026-03-10 18:05:19.899,ARDUINO_PSI,Arduino,0.000,0.000,12.806,,
483.049477,2026-03-10 18:05:19.973,WJ_VOLTAGE,WJ2,0.000,0.000,0,0,"HV=OFF, Fault=NO"
483.065648,2026-03-10 18:05:19.989,ARDUINO_PSI,Arduino,0.000,0.000,12.806,,
483.166301,2026-03-10 18:05:20.090,ARDUINO_PSI,Arduino,0.000,0.000,12.803,,
483.266698,2026-03-10 18:05:20.190,ARDUINO_PSI,Arduino,0.000,0.000,12.810,,
483.366582,2026-03-10 18:05:20.290,ARDUINO_PSI,Arduino,0.000,0.000,12.801,,
483.466605,2026-03-10 18:05:20.390,ARDUINO_PSI,Arduino,0.000,0.000,12.794,,
483.486879,2026-03-10 18:05:20.410,WJ_VOLTAGE,WJ1,0.000,0.000,0,0,"HV=OFF, Fault=NO"
483.566473,2026-03-10 18:05:20.490,ARDUINO_PSI,Arduino,0.000,0.000,12.794,,
483.579409,2026-03-10 18:05:20.503,WJ_VOLTAGE,WJ2,0.000,0.000,0,0,"HV=OFF, Fault=NO"
483.666553,2026-03-10 18:05:20.590,ARDUINO_PSI,Arduino,0.000,0.000,12.794,,
483.766177,2026-03-10 18:05:20.690,ARDUINO_PSI,Arduino,0.000,0.000,12.799,,
483.866476,2026-03-10 18:05:20.790,ARDUINO_PSI,Arduino,0.000,0.000,12.801,,
483.968713,2026-03-10 18:05:20.892,ARDUINO_PSI,Arduino,0.000,0.000,12.803,,
484.015545,2026-03-10 18:05:20.939,WJ_VOLTAGE,WJ1,0.000,0.000,0,0,"HV=OFF, Fault=NO"
484.066466,2026-03-10 18:05:20.990,ARDUINO_PSI,Arduino,0.000,0.000,12.806,,
484.107930,2026-03-10 18:05:21.031,WJ_VOLTAGE,WJ2,0.000,0.000,0,0,"HV=OFF, Fault=NO"
484.166608,2026-03-10 18:05:21.090,ARDUINO_PSI,Arduino,0.000,0.000,12.808,,
484.266020,2026-03-10 18:05:21.189,ARDUINO_PSI,Arduino,0.000,0.000,12.806,,
484.366579,2026-03-10 18:05:21.290,ARDUINO_PSI,Arduino,0.000,0.000,12.803,,
484.465765,2026-03-10 18:05:21.389,ARDUINO_PSI,Arduino,0.000,0.000,12.794,,
484.544311,2026-03-10 18:05:21.468,WJ_VOLTAGE,WJ1,0.000,0.000,0,0,"HV=OFF, Fault=NO"
484.565768,2026-03-10 18:05:21.489,ARDUINO_PSI,Arduino,0.000,0.000,12.783,,
484.638841,2026-03-10 18:05:21.562,WJ_VOLTAGE,WJ2,0.000,0.000,0,0,"HV=OFF, Fault=NO"
484.665986,2026-03-10 18:05:21.589,ARDUINO_PSI,Arduino,0.000,0.000,12.783,,
484.766439,2026-03-10 18:05:21.690,ARDUINO_PSI,Arduino,0.000,0.000,12.783,,
484.866424,2026-03-10 18:05:21.790,ARDUINO_PSI,Arduino,0.000,0.000,12.778,,
484.966508,2026-03-10 18:05:21.890,ARDUINO_PSI,Arduino,0.000,0.000,12.790,,
485.066581,2026-03-10 18:05:21.990,ARDUINO_PSI,Arduino,0.000,0.000,12.794,,
485.075058,2026-03-10 18:05:21.998,WJ_VOLTAGE,WJ1,0.000,0.000,0,0,"HV=OFF, Fault=NO"
485.166579,2026-03-10 18:05:22.090,ARDUINO_PSI,Arduino,0.000,0.000,12.803,,
485.172409,2026-03-10 18:05:22.096,WJ_VOLTAGE,WJ2,0.000,0.000,0,0,"HV=OFF, Fault=NO"
485.266510,2026-03-10 18:05:22.190,ARDUINO_PSI,Arduino,0.000,0.000,12.810,,
485.366242,2026-03-10 18:05:22.290,ARDUINO_PSI,Arduino,0.000,0.000,12.808,,
485.466327,2026-03-10 18:05:22.390,ARDUINO_PSI,Arduino,0.000,0.000,12.810,,
485.566278,2026-03-10 18:05:22.490,ARDUINO_PSI,Arduino,0.000,0.000,12.812,,
485.604515,2026-03-10 18:05:22.528,WJ_VOLTAGE,WJ1,0.000,0.000,0,0,"HV=OFF, Fault=NO"
485.666435,2026-03-10 18:05:22.590,ARDUINO_PSI,Arduino,0.000,0.000,12.831,,
485.698113,2026-03-10 18:05:22.621,WJ_VOLTAGE,WJ2,0.000,0.000,0,0,"HV=OFF, Fault=NO"
485.765777,2026-03-10 18:05:22.689,ARDUINO_PSI,Arduino,0.000,0.000,12.833,,
485.866412,2026-03-10 18:05:22.790,ARDUINO_PSI,Arduino,0.000,0.000,12.835,,
485.965752,2026-03-10 18:05:22.889,ARDUINO_PSI,Arduino,0.000,0.000,12.828,,
486.067164,2026-03-10 18:05:22.991,ARDUINO_PSI,Arduino,0.000,0.000,12.826,,
486.122291,2026-03-10 18:05:23.046,WJ_VOLTAGE,WJ1,0.000,0.000,0,0,"HV=OFF, Fault=NO"
486.166493,2026-03-10 18:05:23.090,ARDUINO_PSI,Arduino,0.000,0.000,12.824,,
486.217064,2026-03-10 18:05:23.140,WJ_VOLTAGE,WJ2,0.000,0.000,0,0,"HV=OFF, Fault=NO"
486.266048,2026-03-10 18:05:23.189,ARDUINO_PSI,Arduino,0.000,0.000,12.822,,
486.366988,2026-03-10 18:05:23.290,ARDUINO_PSI,Arduino,0.000,0.000,12.828,,
486.466209,2026-03-10 18:05:23.390,ARDUINO_PSI,Arduino,0.000,0.000,12.838,,
486.566381,2026-03-10 18:05:23.490,ARDUINO_PSI,Arduino,0.000,0.000,12.826,,
486.642287,2026-03-10 18:05:23.566,WJ_VOLTAGE,WJ1,0.000,0.000,0,0,"HV=OFF, Fault=NO"
486.666178,2026-03-10 18:05:23.590,ARDUINO_PSI,Arduino,0.000,0.000,12.815,,
486.736813,2026-03-10 18:05:23.660,WJ_VOLTAGE,WJ2,0.000,0.000,0,0,"HV=OFF, Fault=NO"
486.765753,2026-03-10 18:05:23.689,ARDUINO_PSI,Arduino,0.000,0.000,12.812,,
486.866241,2026-03-10 18:05:23.790,ARDUINO_PSI,Arduino,0.000,0.000,12.810,,
486.965931,2026-03-10 18:05:23.889,ARDUINO_PSI,Arduino,0.000,0.000,12.803,,
487.066796,2026-03-10 18:05:23.990,ARDUINO_PSI,Arduino,0.000,0.000,12.806,,
487.166231,2026-03-10 18:05:24.090,ARDUINO_PSI,Arduino,0.000,0.000,12.803,,
487.173444,2026-03-10 18:05:24.097,WJ_VOLTAGE,WJ1,0.000,0.000,0,0,"HV=OFF, Fault=NO"
487.267685,2026-03-10 18:05:24.191,WJ_VOLTAGE,WJ2,0.000,0.000,0,0,"HV=OFF, Fault=NO"
487.270726,2026-03-10 18:05:24.194,ARDUINO_PSI,Arduino,0.000,0.000,12.794,,
487.366565,2026-03-10 18:05:24.290,ARDUINO_PSI,Arduino,0.000,0.000,12.796,,
487.466123,2026-03-10 18:05:24.390,ARDUINO_PSI,Arduino,0.000,0.000,12.799,,
487.566362,2026-03-10 18:05:24.490,ARDUINO_PSI,Arduino,0.000,0.000,12.796,,
487.666488,2026-03-10 18:05:24.590,ARDUINO_PSI,Arduino,0.000,0.000,12.792,,
487.701101,2026-03-10 18:05:24.624,WJ_VOLTAGE,WJ1,0.000,0.000,0,0,"HV=OFF, Fault=NO"
487.765718,2026-03-10 18:05:24.689,ARDUINO_PSI,Arduino,0.000,0.000,12.771,,
487.794245,2026-03-10 18:05:24.718,WJ_VOLTAGE,WJ2,0.000,0.000,0,0,"HV=OFF, Fault=NO"
487.866578,2026-03-10 18:05:24.790,ARDUINO_PSI,Arduino,0.000,0.000,12.769,,
487.966285,2026-03-10 18:05:24.890,ARDUINO_PSI,Arduino,0.000,0.000,12.783,,
488.066500,2026-03-10 18:05:24.990,ARDUINO_PSI,Arduino,0.000,0.000,12.783,,
488.166489,2026-03-10 18:05:25.090,ARDUINO_PSI,Arduino,0.000,0.000,12.792,,
488.230744,2026-03-10 18:05:25.154,WJ_VOLTAGE,WJ1,0.000,0.000,0,0,"HV=OFF, Fault=NO"
488.266344,2026-03-10 18:05:25.190,ARDUINO_PSI,Arduino,0.000,0.000,12.806,,
488.323151,2026-03-10 18:05:25.247,WJ_VOLTAGE,WJ2,0.000,0.000,0,0,"HV=OFF, Fault=NO"
488.366540,2026-03-10 18:05:25.290,ARDUINO_PSI,Arduino,0.000,0.000,12.803,,
488.466449,2026-03-10 18:05:25.390,ARDUINO_PSI,Arduino,0.000,0.000,12.803,,
488.566740,2026-03-10 18:05:25.490,ARDUINO_PSI,Arduino,0.000,0.000,12.828,,
488.665855,2026-03-10 18:05:25.589,ARDUINO_PSI,Arduino,0.000,0.000,12.842,,
488.758470,2026-03-10 18:05:25.682,WJ_VOLTAGE,WJ1,0.000,0.000,0,0,"HV=OFF, Fault=NO"
488.766504,2026-03-10 18:05:25.690,ARDUINO_PSI,Arduino,0.000,0.000,12.845,,
488.839401,2026-03-10 18:05:25.763,WJ_VOLTAGE,WJ2,0.000,0.000,0,0,"HV=OFF, Fault=NO"
488.866312,2026-03-10 18:05:25.790,ARDUINO_PSI,Arduino,0.000,0.000,12.856,,
488.966450,2026-03-10 18:05:25.890,ARDUINO_PSI,Arduino,0.000,0.000,12.851,,
489.066375,2026-03-10 18:05:25.990,ARDUINO_PSI,Arduino,0.000,0.000,12.847,,
489.166549,2026-03-10 18:05:26.090,ARDUINO_PSI,Arduino,0.000,0.000,12.856,,
489.266314,2026-03-10 18:05:26.190,ARDUINO_PSI,Arduino,0.000,0.000,12.849,,
489.277515,2026-03-10 18:05:26.201,WJ_VOLTAGE,WJ1,0.000,0.000,0,0,"HV=OFF, Fault=NO"
489.366586,2026-03-10 18:05:26.290,ARDUINO_PSI,Arduino,0.000,0.000,12.849,,
489.374056,2026-03-10 18:05:26.297,WJ_VOLTAGE,WJ2,0.000,0.000,0,0,"HV=OFF, Fault=NO"
489.466538,2026-03-10 18:05:26.390,ARDUINO_PSI,Arduino,0.000,0.000,12.849,,
489.566305,2026-03-10 18:05:26.490,ARDUINO_PSI,Arduino,0.000,0.000,12.840,,
489.666499,2026-03-10 18:05:26.590,ARDUINO_PSI,Arduino,0.000,0.000,12.835,,
489.766643,2026-03-10 18:05:26.690,ARDUINO_PSI,Arduino,0.000,0.000,12.854,,
489.804884,2026-03-10 18:05:26.728,WJ_VOLTAGE,WJ1,0.000,0.000,0,0,"HV=OFF, Fault=NO"
489.866444,2026-03-10 18:05:26.790,ARDUINO_PSI,Arduino,0.000,0.000,12.861,,
489.897215,2026-03-10 18:05:26.821,WJ_VOLTAGE,WJ2,0.000,0.000,0,0,"HV=OFF, Fault=NO"
489.966443,2026-03-10 18:05:26.890,ARDUINO_PSI,Arduino,0.000,0.000,12.849,,
490.066635,2026-03-10 18:05:26.990,ARDUINO_PSI,Arduino,0.000,0.000,12.858,,
490.166098,2026-03-10 18:05:27.089,ARDUINO_PSI,Arduino,0.000,0.000,12.845,,
490.265840,2026-03-10 18:05:27.189,ARDUINO_PSI,Arduino,0.000,0.000,12.840,,
490.333725,2026-03-10 18:05:27.257,WJ_VOLTAGE,WJ1,0.000,0.000,0,0,"HV=OFF, Fault=NO"
490.365733,2026-03-10 18:05:27.289,ARDUINO_PSI,Arduino,0.000,0.000,12.835,,
490.425714,2026-03-10 18:05:27.349,WJ_VOLTAGE,WJ2,0.000,0.000,0,0,"HV=OFF, Fault=NO"
490.465882,2026-03-10 18:05:27.389,ARDUINO_PSI,Arduino,0.000,0.000,12.826,,
490.566474,2026-03-10 18:05:27.490,ARDUINO_PSI,Arduino,0.000,0.000,12.815,,
490.666222,2026-03-10 18:05:27.590,ARDUINO_PSI,Arduino,0.000,0.000,12.808,,
490.766213,2026-03-10 18:05:27.690,ARDUINO_PSI,Arduino,0.000,0.000,12.808,,
490.862371,2026-03-10 18:05:27.786,WJ_VOLTAGE,WJ1,0.000,0.000,0,0,"HV=OFF, Fault=NO"
490.875434,2026-03-10 18:05:27.799,ARDUINO_PSI,Arduino,0.000,0.000,12.796,,
490.954895,2026-03-10 18:05:27.878,WJ_VOLTAGE,WJ2,0.000,0.000,0,0,"HV=OFF, Fault=NO"
490.972319,2026-03-10 18:05:27.896,ARDUINO_PSI,Arduino,0.000,0.000,12.803,,
491.066410,2026-03-10 18:05:27.990,ARDUINO_PSI,Arduino,0.000,0.000,12.803,,
491.166533,2026-03-10 18:05:28.090,ARDUINO_PSI,Arduino,0.000,0.000,12.799,,
491.266524,2026-03-10 18:05:28.190,ARDUINO_PSI,Arduino,0.000,0.000,12.806,,
491.365776,2026-03-10 18:05:28.289,ARDUINO_PSI,Arduino,0.000,0.000,12.796,,
491.377625,2026-03-10 18:05:28.301,WJ_VOLTAGE,WJ1,0.000,0.000,0,0,"HV=OFF, Fault=NO"
491.466606,2026-03-10 18:05:28.390,ARDUINO_PSI,Arduino,0.000,0.000,12.792,,
491.486431,2026-03-10 18:05:28.410,WJ_VOLTAGE,WJ2,0.000,0.000,0,0,"HV=OFF, Fault=NO"
491.566832,2026-03-10 18:05:28.490,ARDUINO_PSI,Arduino,0.000,0.000,12.794,,
491.666306,2026-03-10 18:05:28.590,ARDUINO_PSI,Arduino,0.000,0.000,12.794,,
491.766161,2026-03-10 18:05:28.690,ARDUINO_PSI,Arduino,0.000,0.000,12.796,,
491.866442,2026-03-10 18:05:28.790,ARDUINO_PSI,Arduino,0.000,0.000,12.787,,
491.908200,2026-03-10 18:05:28.832,WJ_VOLTAGE,WJ1,0.000,0.000,0,0,"HV=OFF, Fault=NO"
491.966302,2026-03-10 18:05:28.890,ARDUINO_PSI,Arduino,0.000,0.000,12.792,,
492.017421,2026-03-10 18:05:28.941,WJ_VOLTAGE,WJ2,0.000,0.000,0,0,"HV=OFF, Fault=NO"
492.065892,2026-03-10 18:05:28.989,ARDUINO_PSI,Arduino,0.000,0.000,12.780,,
492.166505,2026-03-10 18:05:29.090,ARDUINO_PSI,Arduino,0.000,0.000,12.778,,
492.265776,2026-03-10 18:05:29.189,ARDUINO_PSI,Arduino,0.000,0.000,12.771,,
492.365763,2026-03-10 18:05:29.289,ARDUINO_PSI,Arduino,0.000,0.000,12.774,,
492.437719,2026-03-10 18:05:29.361,WJ_VOLTAGE,WJ1,0.000,0.000,0,0,"HV=OFF, Fault=NO"
492.465869,2026-03-10 18:05:29.389,ARDUINO_PSI,Arduino,0.000,0.000,12.785,,
492.546260,2026-03-10 18:05:29.470,WJ_VOLTAGE,WJ2,0.000,0.000,0,0,"HV=OFF, Fault=NO"
492.565650,2026-03-10 18:05:29.489,ARDUINO_PSI,Arduino,0.000,0.000,12.785,,
492.666362,2026-03-10 18:05:29.590,ARDUINO_PSI,Arduino,0.000,0.000,12.776,,
492.765949,2026-03-10 18:05:29.689,ARDUINO_PSI,Arduino,0.000,0.000,12.785,,
492.866014,2026-03-10 18:05:29.789,ARDUINO_PSI,Arduino,0.000,0.000,12.794,,
492.966769,2026-03-10 18:05:29.890,WJ_VOLTAGE,WJ1,0.000,0.000,0,0,"HV=OFF, Fault=NO"
492.967998,2026-03-10 18:05:29.891,ARDUINO_PSI,Arduino,0.000,0.000,12.790,,
493.066556,2026-03-10 18:05:29.990,ARDUINO_PSI,Arduino,0.000,0.000,12.796,,
493.077196,2026-03-10 18:05:30.001,WJ_VOLTAGE,WJ2,0.000,0.000,0,0,"HV=OFF, Fault=NO"
493.166349,2026-03-10 18:05:30.090,ARDUINO_PSI,Arduino,0.000,0.000,12.785,,
493.266385,2026-03-10 18:05:30.190,ARDUINO_PSI,Arduino,0.000,0.000,12.778,,
493.366576,2026-03-10 18:05:30.290,ARDUINO_PSI,Arduino,0.000,0.000,12.787,,
493.466303,2026-03-10 18:05:30.390,ARDUINO_PSI,Arduino,0.000,0.000,12.792,,
493.495821,2026-03-10 18:05:30.419,WJ_VOLTAGE,WJ1,0.000,0.000,0,0,"HV=OFF, Fault=NO"
493.566317,2026-03-10 18:05:30.490,ARDUINO_PSI,Arduino,0.000,0.000,12.787,,
493.605780,2026-03-10 18:05:30.529,WJ_VOLTAGE,WJ2,0.000,0.000,0,0,"HV=OFF, Fault=NO"
493.666366,2026-03-10 18:05:30.590,ARDUINO_PSI,Arduino,0.000,0.000,12.780,,
493.765715,2026-03-10 18:05:30.689,ARDUINO_PSI,Arduino,0.000,0.000,12.771,,
493.866437,2026-03-10 18:05:30.790,ARDUINO_PSI,Arduino,0.000,0.000,12.771,,
493.966537,2026-03-10 18:05:30.890,ARDUINO_PSI,Arduino,0.000,0.000,12.767,,
494.028101,2026-03-10 18:05:30.951,WJ_VOLTAGE,WJ1,0.000,0.000,0,0,"HV=OFF, Fault=NO"
494.066077,2026-03-10 18:05:30.989,ARDUINO_PSI,Arduino,0.000,0.000,12.778,,
494.138346,2026-03-10 18:05:31.062,WJ_VOLTAGE,WJ2,0.000,0.000,0,0,"HV=OFF, Fault=NO"
494.166179,2026-03-10 18:05:31.090,ARDUINO_PSI,Arduino,0.000,0.000,12.785,,
494.266546,2026-03-10 18:05:31.190,ARDUINO_PSI,Arduino,0.000,0.000,12.785,,
494.366576,2026-03-10 18:05:31.290,ARDUINO_PSI,Arduino,0.000,0.000,12.787,,
494.466560,2026-03-10 18:05:31.390,ARDUINO_PSI,Arduino,0.000,0.000,12.771,,
494.560493,2026-03-10 18:05:31.484,WJ_VOLTAGE,WJ1,0.000,0.000,0,0,"HV=OFF, Fault=NO"
494.575565,2026-03-10 18:05:31.499,ARDUINO_PSI,Arduino,0.000,0.000,12.767,,
494.668288,2026-03-10 18:05:31.592,WJ_VOLTAGE,WJ2,0.000,0.000,0,0,"HV=OFF, Fault=NO"
494.670919,2026-03-10 18:05:31.594,ARDUINO_PSI,Arduino,0.000,0.000,12.785,,
494.765760,2026-03-10 18:05:31.689,ARDUINO_PSI,Arduino,0.000,0.000,12.778,,
494.866283,2026-03-10 18:05:31.790,ARDUINO_PSI,Arduino,0.000,0.000,12.783,,
494.965688,2026-03-10 18:05:31.889,ARDUINO_PSI,Arduino,0.000,0.000,12.771,,
495.066374,2026-03-10 18:05:31.990,ARDUINO_PSI,Arduino,0.000,0.000,12.771,,
495.088738,2026-03-10 18:05:32.012,WJ_VOLTAGE,WJ1,0.000,0.000,0,0,"HV=OFF, Fault=NO"
495.166607,2026-03-10 18:05:32.090,ARDUINO_PSI,Arduino,0.000,0.000,12.771,,
495.195823,2026-03-10 18:05:32.119,WJ_VOLTAGE,WJ2,0.000,0.000,0,0,"HV=OFF, Fault=NO"
495.266464,2026-03-10 18:05:32.190,ARDUINO_PSI,Arduino,0.000,0.000,12.780,,
495.366734,2026-03-10 18:05:32.290,ARDUINO_PSI,Arduino,0.000,0.000,12.778,,
495.466478,2026-03-10 18:05:32.390,ARDUINO_PSI,Arduino,0.000,0.000,12.778,,
495.566339,2026-03-10 18:05:32.490,ARDUINO_PSI,Arduino,0.000,0.000,12.787,,
495.618101,2026-03-10 18:05:32.541,WJ_VOLTAGE,WJ1,0.000,0.000,0,0,"HV=OFF, Fault=NO"
495.666302,2026-03-10 18:05:32.590,ARDUINO_PSI,Arduino,0.000,0.000,12.790,,
495.728534,2026-03-10 18:05:32.652,WJ_VOLTAGE,WJ2,0.000,0.000,0,0,"HV=OFF, Fault=NO"
495.765766,2026-03-10 18:05:32.689,ARDUINO_PSI,Arduino,0.000,0.000,12.790,,
495.866494,2026-03-10 18:05:32.790,ARDUINO_PSI,Arduino,0.000,0.000,12.792,,
495.966545,2026-03-10 18:05:32.890,ARDUINO_PSI,Arduino,0.000,0.000,12.787,,
496.066349,2026-03-10 18:05:32.990,ARDUINO_PSI,Arduino,0.000,0.000,12.780,,
496.148979,2026-03-10 18:05:33.072,WJ_VOLTAGE,WJ1,0.000,0.000,0,0,"HV=OFF, Fault=NO"
496.166070,2026-03-10 18:05:33.089,ARDUINO_PSI,Arduino,0.000,0.000,12.785,,
496.258299,2026-03-10 18:05:33.182,WJ_VOLTAGE,WJ2,0.000,0.000,0,0,"HV=OFF, Fault=NO"
496.270519,2026-03-10 18:05:33.194,ARDUINO_PSI,Arduino,0.000,0.000,12.785,,
496.366414,2026-03-10 18:05:33.290,ARDUINO_PSI,Arduino,0.000,0.000,12.796,,
496.466467,2026-03-10 18:05:33.390,ARDUINO_PSI,Arduino,0.000,0.000,12.815,,
496.566460,2026-03-10 18:05:33.490,ARDUINO_PSI,Arduino,0.000,0.000,12.819,,
496.666672,2026-03-10 18:05:33.590,ARDUINO_PSI,Arduino,0.000,0.000,12.822,,
496.677350,2026-03-10 18:05:33.601,WJ_VOLTAGE,WJ1,0.000,0.000,0,0,"HV=OFF, Fault=NO"
496.768475,2026-03-10 18:05:33.692,ARDUINO_PSI,Arduino,0.000,0.000,12.822,,
496.787417,2026-03-10 18:05:33.711,WJ_VOLTAGE,WJ2,0.000,0.000,0,0,"HV=OFF, Fault=NO"
496.867329,2026-03-10 18:05:33.791,ARDUINO_PSI,Arduino,0.000,0.000,12.815,,
496.966176,2026-03-10 18:05:33.890,ARDUINO_PSI,Arduino,0.000,0.000,12.824,,
497.065756,2026-03-10 18:05:33.989,ARDUINO_PSI,Arduino,0.000,0.000,12.826,,
497.167271,2026-03-10 18:05:34.091,ARDUINO_PSI,Arduino,0.000,0.000,12.828,,
497.212760,2026-03-10 18:05:34.136,WJ_VOLTAGE,WJ1,0.000,0.000,0,0,"HV=OFF, Fault=NO"
497.266551,2026-03-10 18:05:34.190,ARDUINO_PSI,Arduino,0.000,0.000,12.826,,
497.307936,2026-03-10 18:05:34.231,WJ_VOLTAGE,WJ2,0.000,0.000,0,0,"HV=OFF, Fault=NO"
497.366208,2026-03-10 18:05:34.290,ARDUINO_PSI,Arduino,0.000,0.000,12.831,,
497.467856,2026-03-10 18:05:34.391,ARDUINO_PSI,Arduino,0.000,0.000,12.838,,
497.566239,2026-03-10 18:05:34.490,ARDUINO_PSI,Arduino,0.000,0.000,12.833,,
497.666494,2026-03-10 18:05:34.590,ARDUINO_PSI,Arduino,0.000,0.000,12.833,,
497.742420,2026-03-10 18:05:34.666,WJ_VOLTAGE,WJ1,0.000,0.000,0,0,"HV=OFF, Fault=NO"
497.765932,2026-03-10 18:05:34.689,ARDUINO_PSI,Arduino,0.000,0.000,12.835,,
497.834472,2026-03-10 18:05:34.758,WJ_VOLTAGE,WJ2,0.000,0.000,0,0,"HV=OFF, Fault=NO"
497.865876,2026-03-10 18:05:34.789,ARDUINO_PSI,Arduino,0.000,0.000,12.835,,
497.966354,2026-03-10 18:05:34.890,ARDUINO_PSI,Arduino,0.000,0.000,12.845,,
498.066521,2026-03-10 18:05:34.990,ARDUINO_PSI,Arduino,0.000,0.000,12.847,,
498.166541,2026-03-10 18:05:35.090,ARDUINO_PSI,Arduino,0.000,0.000,12.847,,
498.266473,2026-03-10 18:05:35.190,ARDUINO_PSI,Arduino,0.000,0.000,12.845,,
498.271356,2026-03-10 18:05:35.195,WJ_VOLTAGE,WJ1,0.000,0.000,0,0,"HV=OFF, Fault=NO"
498.362116,2026-03-10 18:05:35.286,WJ_VOLTAGE,WJ2,0.000,0.000,0,0,"HV=OFF, Fault=NO"
498.379601,2026-03-10 18:05:35.303,ARDUINO_PSI,Arduino,0.000,0.000,12.838,,
498.466637,2026-03-10 18:05:35.390,ARDUINO_PSI,Arduino,0.000,0.000,12.817,,
498.566526,2026-03-10 18:05:35.490,ARDUINO_PSI,Arduino,0.000,0.000,12.810,,
498.666473,2026-03-10 18:05:35.590,ARDUINO_PSI,Arduino,0.000,0.000,12.796,,
498.765717,2026-03-10 18:05:35.689,ARDUINO_PSI,Arduino,0.000,0.000,12.801,,
498.796013,2026-03-10 18:05:35.719,WJ_VOLTAGE,WJ1,0.000,0.000,0,0,"HV=OFF, Fault=NO"
498.866463,2026-03-10 18:05:35.790,ARDUINO_PSI,Arduino,0.000,0.000,12.799,,
498.891546,2026-03-10 18:05:35.815,WJ_VOLTAGE,WJ2,0.000,0.000,0,0,"HV=OFF, Fault=NO"
498.968672,2026-03-10 18:05:35.892,ARDUINO_PSI,Arduino,0.000,0.000,12.790,,
499.066364,2026-03-10 18:05:35.990,ARDUINO_PSI,Arduino,0.000,0.000,12.787,,
499.166208,2026-03-10 18:05:36.090,ARDUINO_PSI,Arduino,0.000,0.000,12.785,,
499.266467,2026-03-10 18:05:36.190,ARDUINO_PSI,Arduino,0.000,0.000,12.780,,
499.327248,2026-03-10 18:05:36.251,WJ_VOLTAGE,WJ1,0.000,0.000,0,0,"HV=OFF, Fault=NO"
499.365682,2026-03-10 18:05:36.289,ARDUINO_PSI,Arduino,0.000,0.000,12.769,,
499.419450,2026-03-10 18:05:36.343,WJ_VOLTAGE,WJ2,0.000,0.000,0,0,"HV=OFF, Fault=NO"
499.466555,2026-03-10 18:05:36.390,ARDUINO_PSI,Arduino,0.000,0.000,12.753,,
499.566283,2026-03-10 18:05:36.490,ARDUINO_PSI,Arduino,0.000,0.000,12.744,,
499.666338,2026-03-10 18:05:36.590,ARDUINO_PSI,Arduino,0.000,0.000,12.746,,
499.766338,2026-03-10 18:05:36.690,ARDUINO_PSI,Arduino,0.000,0.000,12.746,,
499.854894,2026-03-10 18:05:36.778,WJ_VOLTAGE,WJ1,0.000,0.000,0,0,"HV=OFF, Fault=NO"
499.866339,2026-03-10 18:05:36.790,ARDUINO_PSI,Arduino,0.000,0.000,12.753,,
499.949154,2026-03-10 18:05:36.873,WJ_VOLTAGE,WJ2,0.000,0.000,0,0,"HV=OFF, Fault=NO"
499.966467,2026-03-10 18:05:36.890,ARDUINO_PSI,Arduino,0.000,0.000,12.751,,
500.066354,2026-03-10 18:05:36.990,ARDUINO_PSI,Arduino,0.000,0.000,12.742,,
500.166566,2026-03-10 18:05:37.090,ARDUINO_PSI,Arduino,0.000,0.000,12.742,,
500.265637,2026-03-10 18:05:37.189,ARDUINO_PSI,Arduino,0.000,0.000,12.751,,
500.366274,2026-03-10 18:05:37.290,ARDUINO_PSI,Arduino,0.000,0.000,12.746,,
500.387285,2026-03-10 18:05:37.311,WJ_VOLTAGE,WJ1,0.000,0.000,0,0,"HV=OFF, Fault=NO"
500.468272,2026-03-10 18:05:37.392,ARDUINO_PSI,Arduino,0.000,0.000,12.762,,
500.479003,2026-03-10 18:05:37.402,WJ_VOLTAGE,WJ2,0.000,0.000,0,0,"HV=OFF, Fault=NO"
500.566654,2026-03-10 18:05:37.490,ARDUINO_PSI,Arduino,0.000,0.000,12.767,,
500.666671,2026-03-10 18:05:37.590,ARDUINO_PSI,Arduino,0.000,0.000,12.762,,
500.766368,2026-03-10 18:05:37.690,ARDUINO_PSI,Arduino,0.000,0.000,12.751,,
500.866195,2026-03-10 18:05:37.790,ARDUINO_PSI,Arduino,0.000,0.000,12.748,,
500.902682,2026-03-10 18:05:37.826,WJ_VOLTAGE,WJ1,0.000,0.000,0,0,"HV=OFF, Fault=NO"
500.966363,2026-03-10 18:05:37.890,ARDUINO_PSI,Arduino,0.000,0.000,12.760,,
501.011028,2026-03-10 18:05:37.934,WJ_VOLTAGE,WJ2,0.000,0.000,0,0,"HV=OFF, Fault=NO"
501.066447,2026-03-10 18:05:37.990,ARDUINO_PSI,Arduino,0.000,0.000,12.762,,
501.166588,2026-03-10 18:05:38.090,ARDUINO_PSI,Arduino,0.000,0.000,12.778,,
501.266344,2026-03-10 18:05:38.190,ARDUINO_PSI,Arduino,0.000,0.000,12.787,,
501.366488,2026-03-10 18:05:38.290,ARDUINO_PSI,Arduino,0.000,0.000,12.808,,
501.427780,2026-03-10 18:05:38.351,WJ_VOLTAGE,WJ1,0.000,0.000,0,0,"HV=OFF, Fault=NO"
501.465792,2026-03-10 18:05:38.389,ARDUINO_PSI,Arduino,0.000,0.000,12.819,,
501.536978,2026-03-10 18:05:38.460,WJ_VOLTAGE,WJ2,0.000,0.000,0,0,"HV=OFF, Fault=NO"
501.565970,2026-03-10 18:05:38.489,ARDUINO_PSI,Arduino,0.000,0.000,12.831,,
501.666325,2026-03-10 18:05:38.590,ARDUINO_PSI,Arduino,0.000,0.000,12.833,,
501.766631,2026-03-10 18:05:38.690,ARDUINO_PSI,Arduino,0.000,0.000,12.822,,
501.866388,2026-03-10 18:05:38.790,ARDUINO_PSI,Arduino,0.000,0.000,12.810,,
501.956073,2026-03-10 18:05:38.879,WJ_VOLTAGE,WJ1,0.000,0.000,0,0,"HV=OFF, Fault=NO"
501.967059,2026-03-10 18:05:38.890,ARDUINO_PSI,Arduino,0.000,0.000,12.810,,
502.067507,2026-03-10 18:05:38.991,WJ_VOLTAGE,WJ2,0.000,0.000,0,0,"HV=OFF, Fault=NO"
502.070686,2026-03-10 18:05:38.994,ARDUINO_PSI,Arduino,0.000,0.000,12.826,,
502.166427,2026-03-10 18:05:39.090,ARDUINO_PSI,Arduino,0.000,0.000,12.826,,
502.266437,2026-03-10 18:05:39.190,ARDUINO_PSI,Arduino,0.000,0.000,12.826,,
502.366433,2026-03-10 18:05:39.290,ARDUINO_PSI,Arduino,0.000,0.000,12.826,,
502.466391,2026-03-10 18:05:39.390,ARDUINO_PSI,Arduino,0.000,0.000,12.824,,
502.488656,2026-03-10 18:05:39.412,WJ_VOLTAGE,WJ1,0.000,0.000,0,0,"HV=OFF, Fault=NO"
502.566974,2026-03-10 18:05:39.490,ARDUINO_PSI,Arduino,0.000,0.000,12.826,,
502.599563,2026-03-10 18:05:39.523,WJ_VOLTAGE,WJ2,0.000,0.000,0,0,"HV=OFF, Fault=NO"
502.666553,2026-03-10 18:05:39.590,ARDUINO_PSI,Arduino,0.000,0.000,12.845,,
502.766469,2026-03-10 18:05:39.690,ARDUINO_PSI,Arduino,0.000,0.000,12.847,,
502.866295,2026-03-10 18:05:39.790,ARDUINO_PSI,Arduino,0.000,0.000,12.847,,
502.965777,2026-03-10 18:05:39.889,ARDUINO_PSI,Arduino,0.000,0.000,12.842,,
503.018636,2026-03-10 18:05:39.942,WJ_VOLTAGE,WJ1,0.000,0.000,0,0,"HV=OFF, Fault=NO"
503.065758,2026-03-10 18:05:39.989,ARDUINO_PSI,Arduino,0.000,0.000,12.840,,
503.126407,2026-03-10 18:05:40.050,WJ_VOLTAGE,WJ2,0.000,0.000,0,0,"HV=OFF, Fault=NO"
503.165736,2026-03-10 18:05:40.089,ARDUINO_PSI,Arduino,0.000,0.000,12.831,,
503.265724,2026-03-10 18:05:40.189,ARDUINO_PSI,Arduino,0.000,0.000,12.819,,
503.365824,2026-03-10 18:05:40.289,ARDUINO_PSI,Arduino,0.000,0.000,12.810,,
503.469613,2026-03-10 18:05:40.393,ARDUINO_PSI,Arduino,0.000,0.000,12.810,,
503.548107,2026-03-10 18:05:40.471,WJ_VOLTAGE,WJ1,0.000,0.000,0,0,"HV=OFF, Fault=NO"
503.565764,2026-03-10 18:05:40.489,ARDUINO_PSI,Arduino,0.000,0.000,12.812,,
503.656861,2026-03-10 18:05:40.580,WJ_VOLTAGE,WJ2,0.000,0.000,0,0,"HV=OFF, Fault=NO"
503.665759,2026-03-10 18:05:40.589,ARDUINO_PSI,Arduino,0.000,0.000,12.810,,
503.766625,2026-03-10 18:05:40.690,ARDUINO_PSI,Arduino,0.000,0.000,12.810,,
503.866408,2026-03-10 18:05:40.790,ARDUINO_PSI,Arduino,0.000,0.000,12.817,,
503.966435,2026-03-10 18:05:40.890,ARDUINO_PSI,Arduino,0.000,0.000,12.822,,
504.066347,2026-03-10 18:05:40.990,ARDUINO_PSI,Arduino,0.000,0.000,12.815,,
504.079436,2026-03-10 18:05:41.003,WJ_VOLTAGE,WJ1,0.000,0.000,0,0,"HV=OFF, Fault=NO"
504.166591,2026-03-10 18:05:41.090,ARDUINO_PSI,Arduino,0.000,0.000,12.822,,
504.190419,2026-03-10 18:05:41.114,WJ_VOLTAGE,WJ2,0.000,0.000,0,0,"HV=OFF, Fault=NO"
504.266572,2026-03-10 18:05:41.190,ARDUINO_PSI,Arduino,0.000,0.000,12.803,,
504.366270,2026-03-10 18:05:41.290,ARDUINO_PSI,Arduino,0.000,0.000,12.803,,
504.467972,2026-03-10 18:05:41.391,ARDUINO_PSI,Arduino,0.000,0.000,12.787,,
504.566832,2026-03-10 18:05:41.490,ARDUINO_PSI,Arduino,0.000,0.000,12.790,,
504.609322,2026-03-10 18:05:41.533,WJ_VOLTAGE,WJ1,0.000,0.000,0,0,"HV=OFF, Fault=NO"
504.666133,2026-03-10 18:05:41.590,ARDUINO_PSI,Arduino,0.000,0.000,12.790,,
504.717448,2026-03-10 18:05:41.641,WJ_VOLTAGE,WJ2,0.000,0.000,0,0,"HV=OFF, Fault=NO"
504.766320,2026-03-10 18:05:41.690,ARDUINO_PSI,Arduino,0.000,0.000,12.796,,
504.866301,2026-03-10 18:05:41.790,ARDUINO_PSI,Arduino,0.000,0.000,12.801,,
504.966452,2026-03-10 18:05:41.890,ARDUINO_PSI,Arduino,0.000,0.000,12.790,,
505.066522,2026-03-10 18:05:41.990,ARDUINO_PSI,Arduino,0.000,0.000,12.783,,
505.137493,2026-03-10 18:05:42.061,WJ_VOLTAGE,WJ1,0.000,0.000,0,0,"HV=OFF, Fault=NO"
505.165903,2026-03-10 18:05:42.089,ARDUINO_PSI,Arduino,0.000,0.000,12.783,,
505.247125,2026-03-10 18:05:42.171,WJ_VOLTAGE,WJ2,0.000,0.000,0,0,"HV=OFF, Fault=NO"
505.265637,2026-03-10 18:05:42.189,ARDUINO_PSI,Arduino,0.000,0.000,12.787,,
505.366437,2026-03-10 18:05:42.290,ARDUINO_PSI,Arduino,0.000,0.000,12.785,,
505.466192,2026-03-10 18:05:42.390,ARDUINO_PSI,Arduino,0.000,0.000,12.780,,
505.566319,2026-03-10 18:05:42.490,ARDUINO_PSI,Arduino,0.000,0.000,12.778,,
505.666422,2026-03-10 18:05:42.590,ARDUINO_PSI,Arduino,0.000,0.000,12.780,,
505.673314,2026-03-10 18:05:42.597,WJ_VOLTAGE,WJ1,0.000,0.000,0,0,"HV=OFF, Fault=NO"
505.765662,2026-03-10 18:05:42.689,ARDUINO_PSI,Arduino,0.000,0.000,12.787,,
505.778580,2026-03-10 18:05:42.702,WJ_VOLTAGE,WJ2,0.000,0.000,0,0,"HV=OFF, Fault=NO"
505.867031,2026-03-10 18:05:42.790,ARDUINO_PSI,Arduino,0.000,0.000,12.790,,
505.966648,2026-03-10 18:05:42.890,ARDUINO_PSI,Arduino,0.000,0.000,12.780,,
506.066243,2026-03-10 18:05:42.990,ARDUINO_PSI,Arduino,0.000,0.000,12.776,,
506.167013,2026-03-10 18:05:43.090,ARDUINO_PSI,Arduino,0.000,0.000,12.774,,
506.200698,2026-03-10 18:05:43.124,WJ_VOLTAGE,WJ1,0.000,0.000,0,0,"HV=OFF, Fault=NO"
506.266262,2026-03-10 18:05:43.190,ARDUINO_PSI,Arduino,0.000,0.000,12.780,,
506.310271,2026-03-10 18:05:43.234,WJ_VOLTAGE,WJ2,0.000,0.000,0,0,"HV=OFF, Fault=NO"
506.366487,2026-03-10 18:05:43.290,ARDUINO_PSI,Arduino,0.000,0.000,12.787,,
506.466494,2026-03-10 18:05:43.390,ARDUINO_PSI,Arduino,0.000,0.000,12.792,,
506.566263,2026-03-10 18:05:43.490,ARDUINO_PSI,Arduino,0.000,0.000,12.803,,
506.666295,2026-03-10 18:05:43.590,ARDUINO_PSI,Arduino,0.000,0.000,12.783,,
506.731757,2026-03-10 18:05:43.655,WJ_VOLTAGE,WJ1,0.000,0.000,0,0,"HV=OFF, Fault=NO"
506.765647,2026-03-10 18:05:43.689,ARDUINO_PSI,Arduino,0.000,0.000,12.780,,
506.841014,2026-03-10 18:05:43.764,WJ_VOLTAGE,WJ2,0.000,0.000,0,0,"HV=OFF, Fault=NO"
506.865681,2026-03-10 18:05:43.789,ARDUINO_PSI,Arduino,0.000,0.000,12.776,,
506.966525,2026-03-10 18:05:43.890,ARDUINO_PSI,Arduino,0.000,0.000,12.790,,
507.066384,2026-03-10 18:05:43.990,ARDUINO_PSI,Arduino,0.000,0.000,12.785,,
507.166334,2026-03-10 18:05:44.090,ARDUINO_PSI,Arduino,0.000,0.000,12.776,,
507.263223,2026-03-10 18:05:44.187,WJ_VOLTAGE,WJ1,0.000,0.000,0,0,"HV=OFF, Fault=NO"
507.273626,2026-03-10 18:05:44.197,ARDUINO_PSI,Arduino,0.000,0.000,12.778,,
507.357735,2026-03-10 18:05:44.281,WJ_VOLTAGE,WJ2,0.000,0.000,0,0,"HV=OFF, Fault=NO"
507.367293,2026-03-10 18:05:44.291,ARDUINO_PSI,Arduino,0.000,0.000,12.776,,
507.466887,2026-03-10 18:05:44.390,ARDUINO_PSI,Arduino,0.000,0.000,12.774,,
507.566040,2026-03-10 18:05:44.489,ARDUINO_PSI,Arduino,0.000,0.000,12.778,,
507.666516,2026-03-10 18:05:44.590,ARDUINO_PSI,Arduino,0.000,0.000,12.780,,
507.765897,2026-03-10 18:05:44.689,ARDUINO_PSI,Arduino,0.000,0.000,12.776,,
507.797375,2026-03-10 18:05:44.721,WJ_VOLTAGE,WJ1,0.000,0.000,0,0,"HV=OFF, Fault=NO"
507.866297,2026-03-10 18:05:44.790,ARDUINO_PSI,Arduino,0.000,0.000,12.764,,
507.891724,2026-03-10 18:05:44.815,WJ_VOLTAGE,WJ2,0.000,0.000,0,0,"HV=OFF, Fault=NO"
507.967031,2026-03-10 18:05:44.890,ARDUINO_PSI,Arduino,0.000,0.000,12.776,,
508.066378,2026-03-10 18:05:44.990,ARDUINO_PSI,Arduino,0.000,0.000,12.785,,
508.166293,2026-03-10 18:05:45.090,ARDUINO_PSI,Arduino,0.000,0.000,12.783,,
508.266649,2026-03-10 18:05:45.190,ARDUINO_PSI,Arduino,0.000,0.000,12.792,,
508.326685,2026-03-10 18:05:45.250,WJ_VOLTAGE,WJ1,0.000,0.000,0,0,"HV=OFF, Fault=NO"
508.365999,2026-03-10 18:05:45.289,ARDUINO_PSI,Arduino,0.000,0.000,12.792,,
508.418666,2026-03-10 18:05:45.342,WJ_VOLTAGE,WJ2,0.000,0.000,0,0,"HV=OFF, Fault=NO"
508.466528,2026-03-10 18:05:45.390,ARDUINO_PSI,Arduino,0.000,0.000,12.796,,
508.566246,2026-03-10 18:05:45.490,ARDUINO_PSI,Arduino,0.000,0.000,12.785,,
508.666286,2026-03-10 18:05:45.590,ARDUINO_PSI,Arduino,0.000,0.000,12.799,,
508.765684,2026-03-10 18:05:45.689,ARDUINO_PSI,Arduino,0.000,0.000,12.794,,
508.858425,2026-03-10 18:05:45.782,WJ_VOLTAGE,WJ1,0.000,0.000,0,0,"HV=OFF, Fault=NO"
508.874274,2026-03-10 18:05:45.798,ARDUINO_PSI,Arduino,0.000,0.000,12.799,,
508.952198,2026-03-10 18:05:45.876,WJ_VOLTAGE,WJ2,0.000,0.000,0,0,"HV=OFF, Fault=NO"
508.967315,2026-03-10 18:05:45.891,ARDUINO_PSI,Arduino,0.000,0.000,12.790,,
509.066412,2026-03-10 18:05:45.990,ARDUINO_PSI,Arduino,0.000,0.000,12.806,,
509.166286,2026-03-10 18:05:46.090,ARDUINO_PSI,Arduino,0.000,0.000,12.803,,
509.266207,2026-03-10 18:05:46.190,ARDUINO_PSI,Arduino,0.000,0.000,12.810,,
509.366339,2026-03-10 18:05:46.290,ARDUINO_PSI,Arduino,0.000,0.000,12.817,,
509.388480,2026-03-10 18:05:46.312,WJ_VOLTAGE,WJ1,0.000,0.000,0,0,"HV=OFF, Fault=NO"
509.466417,2026-03-10 18:05:46.390,ARDUINO_PSI,Arduino,0.000,0.000,12.835,,
509.480823,2026-03-10 18:05:46.404,WJ_VOLTAGE,WJ2,0.000,0.000,0,0,"HV=OFF, Fault=NO"
509.566821,2026-03-10 18:05:46.490,ARDUINO_PSI,Arduino,0.000,0.000,12.826,,
509.666728,2026-03-10 18:05:46.590,ARDUINO_PSI,Arduino,0.000,0.000,12.819,,
509.766529,2026-03-10 18:05:46.690,ARDUINO_PSI,Arduino,0.000,0.000,12.826,,
509.866496,2026-03-10 18:05:46.790,ARDUINO_PSI,Arduino,0.000,0.000,12.833,,
509.919270,2026-03-10 18:05:46.843,WJ_VOLTAGE,WJ1,0.000,0.000,0,0,"HV=OFF, Fault=NO"
509.966034,2026-03-10 18:05:46.889,ARDUINO_PSI,Arduino,0.000,0.000,12.826,,
510.011329,2026-03-10 18:05:46.935,WJ_VOLTAGE,WJ2,0.000,0.000,0,0,"HV=OFF, Fault=NO"
510.066470,2026-03-10 18:05:46.990,ARDUINO_PSI,Arduino,0.000,0.000,12.810,,
510.166618,2026-03-10 18:05:47.090,ARDUINO_PSI,Arduino,0.000,0.000,12.810,,
510.266261,2026-03-10 18:05:47.190,ARDUINO_PSI,Arduino,0.000,0.000,12.803,,
510.366336,2026-03-10 18:05:47.290,ARDUINO_PSI,Arduino,0.000,0.000,12.803,,
510.434787,2026-03-10 18:05:47.358,WJ_VOLTAGE,WJ1,0.000,0.000,0,0,"HV=OFF, Fault=NO"
510.466530,2026-03-10 18:05:47.390,ARDUINO_PSI,Arduino,0.000,0.000,12.806,,
510.541492,2026-03-10 18:05:47.465,WJ_VOLTAGE,WJ2,0.000,0.000,0,0,"HV=OFF, Fault=NO"
510.565815,2026-03-10 18:05:47.489,ARDUINO_PSI,Arduino,0.000,0.000,12.801,,
510.666559,2026-03-10 18:05:47.590,ARDUINO_PSI,Arduino,0.000,0.000,12.801,,
510.766245,2026-03-10 18:05:47.690,ARDUINO_PSI,Arduino,0.000,0.000,12.806,,
510.866271,2026-03-10 18:05:47.790,ARDUINO_PSI,Arduino,0.000,0.000,12.806,,
510.964098,2026-03-10 18:05:47.887,WJ_VOLTAGE,WJ1,0.000,0.000,0,0,"HV=OFF, Fault=NO"
510.974860,2026-03-10 18:05:47.898,ARDUINO_PSI,Arduino,0.000,0.000,12.803,,
511.066663,2026-03-10 18:05:47.990,ARDUINO_PSI,Arduino,0.000,0.000,12.794,,
511.073305,2026-03-10 18:05:47.997,WJ_VOLTAGE,WJ2,0.000,0.000,0,0,"HV=OFF, Fault=NO"
511.166236,2026-03-10 18:05:48.090,ARDUINO_PSI,Arduino,0.000,0.000,12.808,,
511.265885,2026-03-10 18:05:48.189,ARDUINO_PSI,Arduino,0.000,0.000,12.799,,
511.366358,2026-03-10 18:05:48.290,ARDUINO_PSI,Arduino,0.000,0.000,12.796,,
511.467513,2026-03-10 18:05:48.391,ARDUINO_PSI,Arduino,0.000,0.000,12.787,,
511.492210,2026-03-10 18:05:48.416,WJ_VOLTAGE,WJ1,0.000,0.000,0,0,"HV=OFF, Fault=NO"
511.566501,2026-03-10 18:05:48.490,ARDUINO_PSI,Arduino,0.000,0.000,12.783,,
511.600040,2026-03-10 18:05:48.523,WJ_VOLTAGE,WJ2,0.000,0.000,0,0,"HV=OFF, Fault=NO"
511.665955,2026-03-10 18:05:48.589,ARDUINO_PSI,Arduino,0.000,0.000,12.787,,
511.766547,2026-03-10 18:05:48.690,ARDUINO_PSI,Arduino,0.000,0.000,12.787,,
511.866345,2026-03-10 18:05:48.790,ARDUINO_PSI,Arduino,0.000,0.000,12.792,,
511.966398,2026-03-10 18:05:48.890,ARDUINO_PSI,Arduino,0.000,0.000,12.803,,
512.022497,2026-03-10 18:05:48.946,WJ_VOLTAGE,WJ1,0.000,0.000,0,0,"HV=OFF, Fault=NO"
512.065843,2026-03-10 18:05:48.989,ARDUINO_PSI,Arduino,0.000,0.000,12.812,,
512.132728,2026-03-10 18:05:49.056,WJ_VOLTAGE,WJ2,0.000,0.000,0,0,"HV=OFF, Fault=NO"
512.165749,2026-03-10 18:05:49.089,ARDUINO_PSI,Arduino,0.000,0.000,12.812,,
512.266457,2026-03-10 18:05:49.190,ARDUINO_PSI,Arduino,0.000,0.000,12.819,,
512.366576,2026-03-10 18:05:49.290,ARDUINO_PSI,Arduino,0.000,0.000,12.815,,
512.466339,2026-03-10 18:05:49.390,ARDUINO_PSI,Arduino,0.000,0.000,12.808,,
512.553900,2026-03-10 18:05:49.477,WJ_VOLTAGE,WJ1,0.000,0.000,0,0,"HV=OFF, Fault=NO"
512.577203,2026-03-10 18:05:49.501,ARDUINO_PSI,Arduino,0.000,0.000,12.808,,
512.660991,2026-03-10 18:05:49.584,WJ_VOLTAGE,WJ2,0.000,0.000,0,0,"HV=OFF, Fault=NO"
512.672805,2026-03-10 18:05:49.596,ARDUINO_PSI,Arduino,0.000,0.000,12.799,,
512.765890,2026-03-10 18:05:49.689,ARDUINO_PSI,Arduino,0.000,0.000,12.794,,
512.866476,2026-03-10 18:05:49.790,ARDUINO_PSI,Arduino,0.000,0.000,12.790,,
512.966429,2026-03-10 18:05:49.890,ARDUINO_PSI,Arduino,0.000,0.000,12.801,,
513.066456,2026-03-10 18:05:49.990,ARDUINO_PSI,Arduino,0.000,0.000,12.812,,
513.082315,2026-03-10 18:05:50.006,WJ_VOLTAGE,WJ1,0.000,0.000,0,0,"HV=OFF, Fault=NO"
513.166200,2026-03-10 18:05:50.090,ARDUINO_PSI,Arduino,0.000,0.000,12.806,,
513.191465,2026-03-10 18:05:50.115,WJ_VOLTAGE,WJ2,0.000,0.000,0,0,"HV=OFF, Fault=NO"
513.266576,2026-03-10 18:05:50.190,ARDUINO_PSI,Arduino,0.000,0.000,12.803,,
513.366237,2026-03-10 18:05:50.290,ARDUINO_PSI,Arduino,0.000,0.000,12.810,,
513.468727,2026-03-10 18:05:50.392,ARDUINO_PSI,Arduino,0.000,0.000,12.808,,
513.565730,2026-03-10 18:05:50.489,ARDUINO_PSI,Arduino,0.000,0.000,12.822,,
513.610526,2026-03-10 18:05:50.534,WJ_VOLTAGE,WJ1,0.000,0.000,0,0,"HV=OFF, Fault=NO"
513.666437,2026-03-10 18:05:50.590,ARDUINO_PSI,Arduino,0.000,0.000,12.833,,
513.720689,2026-03-10 18:05:50.644,WJ_VOLTAGE,WJ2,0.000,0.000,0,0,"HV=OFF, Fault=NO"
513.765903,2026-03-10 18:05:50.689,ARDUINO_PSI,Arduino,0.000,0.000,12.833,,
513.866467,2026-03-10 18:05:50.790,ARDUINO_PSI,Arduino,0.000,0.000,12.842,,
513.966413,2026-03-10 18:05:50.890,ARDUINO_PSI,Arduino,0.000,0.000,12.833,,
514.066318,2026-03-10 18:05:50.990,ARDUINO_PSI,Arduino,0.000,0.000,12.828,,
514.142925,2026-03-10 18:05:51.066,WJ_VOLTAGE,WJ1,0.000,0.000,0,0,"HV=OFF, Fault=NO"
514.165751,2026-03-10 18:05:51.089,ARDUINO_PSI,Arduino,0.000,0.000,12.826,,
514.253779,2026-03-10 18:05:51.177,WJ_VOLTAGE,WJ2,0.000,0.000,0,0,"HV=OFF, Fault=NO"
514.265792,2026-03-10 18:05:51.189,ARDUINO_PSI,Arduino,0.000,0.000,12.822,,
514.366496,2026-03-10 18:05:51.290,ARDUINO_PSI,Arduino,0.000,0.000,12.831,,
514.468845,2026-03-10 18:05:51.392,ARDUINO_PSI,Arduino,0.000,0.000,12.826,,
514.566403,2026-03-10 18:05:51.490,ARDUINO_PSI,Arduino,0.000,0.000,12.828,,
514.665729,2026-03-10 18:05:51.589,ARDUINO_PSI,Arduino,0.000,0.000,12.835,,
514.670745,2026-03-10 18:05:51.594,WJ_VOLTAGE,WJ1,0.000,0.000,0,0,"HV=OFF, Fault=NO"
514.765930,2026-03-10 18:05:51.689,ARDUINO_PSI,Arduino,0.000,0.000,12.835,,
514.780743,2026-03-10 18:05:51.704,WJ_VOLTAGE,WJ2,0.000,0.000,0,0,"HV=OFF, Fault=NO"
514.865933,2026-03-10 18:05:51.789,ARDUINO_PSI,Arduino,0.000,0.000,12.840,,
514.966652,2026-03-10 18:05:51.890,ARDUINO_PSI,Arduino,0.000,0.000,12.840,,
515.066216,2026-03-10 18:05:51.990,ARDUINO_PSI,Arduino,0.000,0.000,12.828,,
515.166319,2026-03-10 18:05:52.090,ARDUINO_PSI,Arduino,0.000,0.000,12.828,,
515.198856,2026-03-10 18:05:52.122,WJ_VOLTAGE,WJ1,0.000,0.000,0,0,"HV=OFF, Fault=NO"
515.266389,2026-03-10 18:05:52.190,ARDUINO_PSI,Arduino,0.000,0.000,12.826,,
515.309941,2026-03-10 18:05:52.233,WJ_VOLTAGE,WJ2,0.000,0.000,0,0,"HV=OFF, Fault=NO"
515.366156,2026-03-10 18:05:52.290,ARDUINO_PSI,Arduino,0.000,0.000,12.812,,
515.466630,2026-03-10 18:05:52.390,ARDUINO_PSI,Arduino,0.000,0.000,12.817,,
515.566325,2026-03-10 18:05:52.490,ARDUINO_PSI,Arduino,0.000,0.000,12.815,,
515.666556,2026-03-10 18:05:52.590,ARDUINO_PSI,Arduino,0.000,0.000,12.801,,
515.729798,2026-03-10 18:05:52.653,WJ_VOLTAGE,WJ1,0.000,0.000,0,0,"HV=OFF, Fault=NO"
515.765702,2026-03-10 18:05:52.689,ARDUINO_PSI,Arduino,0.000,0.000,12.799,,
515.840116,2026-03-10 18:05:52.764,WJ_VOLTAGE,WJ2,0.000,0.000,0,0,"HV=OFF, Fault=NO"
515.865625,2026-03-10 18:05:52.789,ARDUINO_PSI,Arduino,0.000,0.000,12.799,,
515.966439,2026-03-10 18:05:52.890,ARDUINO_PSI,Arduino,0.000,0.000,12.799,,
516.066228,2026-03-10 18:05:52.990,ARDUINO_PSI,Arduino,0.000,0.000,12.796,,
516.167165,2026-03-10 18:05:53.091,ARDUINO_PSI,Arduino,0.000,0.000,12.792,,
516.258249,2026-03-10 18:05:53.182,WJ_VOLTAGE,WJ1,0.000,0.000,0,0,"HV=OFF, Fault=NO"
516.268143,2026-03-10 18:05:53.192,ARDUINO_PSI,Arduino,0.000,0.000,12.790,,
516.366778,2026-03-10 18:05:53.290,WJ_VOLTAGE,WJ2,0.000,0.000,0,0,"HV=OFF, Fault=NO"
516.380115,2026-03-10 18:05:53.303,ARDUINO_PSI,Arduino,0.000,0.000,12.787,,
516.466701,2026-03-10 18:05:53.390,ARDUINO_PSI,Arduino,0.000,0.000,12.796,,
516.567073,2026-03-10 18:05:53.490,ARDUINO_PSI,Arduino,0.000,0.000,12.792,,
516.666534,2026-03-10 18:05:53.590,ARDUINO_PSI,Arduino,0.000,0.000,12.790,,
516.766724,2026-03-10 18:05:53.690,ARDUINO_PSI,Arduino,0.000,0.000,12.783,,
516.785169,2026-03-10 18:05:53.709,WJ_VOLTAGE,WJ1,0.000,0.000,0,0,"HV=OFF, Fault=NO"
516.866699,2026-03-10 18:05:53.790,ARDUINO_PSI,Arduino,0.000,0.000,12.780,,
516.893855,2026-03-10 18:05:53.817,WJ_VOLTAGE,WJ2,0.000,0.000,0,0,"HV=OFF, Fault=NO"
516.965721,2026-03-10 18:05:53.889,ARDUINO_PSI,Arduino,0.000,0.000,12.787,,
517.066363,2026-03-10 18:05:53.990,ARDUINO_PSI,Arduino,0.000,0.000,12.780,,
517.166529,2026-03-10 18:05:54.090,ARDUINO_PSI,Arduino,0.000,0.000,12.790,,
517.266542,2026-03-10 18:05:54.190,ARDUINO_PSI,Arduino,0.000,0.000,12.785,,
517.314233,2026-03-10 18:05:54.238,WJ_VOLTAGE,WJ1,0.000,0.000,0,0,"HV=OFF, Fault=NO"
517.366145,2026-03-10 18:05:54.290,ARDUINO_PSI,Arduino,0.000,0.000,12.794,,
517.423022,2026-03-10 18:05:54.346,WJ_VOLTAGE,WJ2,0.000,0.000,0,0,"HV=OFF, Fault=NO"
517.466812,2026-03-10 18:05:54.390,ARDUINO_PSI,Arduino,0.000,0.000,12.796,,
517.566269,2026-03-10 18:05:54.490,ARDUINO_PSI,Arduino,0.000,0.000,12.787,,
517.666243,2026-03-10 18:05:54.590,ARDUINO_PSI,Arduino,0.000,0.000,12.801,,
517.765781,2026-03-10 18:05:54.689,ARDUINO_PSI,Arduino,0.000,0.000,12.794,,
517.841958,2026-03-10 18:05:54.765,WJ_VOLTAGE,WJ1,0.000,0.000,0,0,"HV=OFF, Fault=NO"
517.865754,2026-03-10 18:05:54.789,ARDUINO_PSI,Arduino,0.000,0.000,12.785,,
517.953415,2026-03-10 18:05:54.877,WJ_VOLTAGE,WJ2,0.000,0.000,0,0,"HV=OFF, Fault=NO"
517.965793,2026-03-10 18:05:54.889,ARDUINO_PSI,Arduino,0.000,0.000,12.778,,
518.066982,2026-03-10 18:05:54.990,ARDUINO_PSI,Arduino,0.000,0.000,12.778,,
518.166256,2026-03-10 18:05:55.090,ARDUINO_PSI,Arduino,0.000,0.000,12.792,,
518.266787,2026-03-10 18:05:55.190,ARDUINO_PSI,Arduino,0.000,0.000,12.799,,
518.366142,2026-03-10 18:05:55.290,ARDUINO_PSI,Arduino,0.000,0.000,12.799,,
518.375459,2026-03-10 18:05:55.299,WJ_VOLTAGE,WJ1,0.000,0.000,0,0,"HV=OFF, Fault=NO"
518.466738,2026-03-10 18:05:55.390,ARDUINO_PSI,Arduino,0.000,0.000,12.792,,
518.483244,2026-03-10 18:05:55.407,WJ_VOLTAGE,WJ2,0.000,0.000,0,0,"HV=OFF, Fault=NO"
518.566457,2026-03-10 18:05:55.490,ARDUINO_PSI,Arduino,0.000,0.000,12.806,,
518.666507,2026-03-10 18:05:55.590,ARDUINO_PSI,Arduino,0.000,0.000,12.808,,
518.766234,2026-03-10 18:05:55.690,ARDUINO_PSI,Arduino,0.000,0.000,12.815,,
518.866329,2026-03-10 18:05:55.790,ARDUINO_PSI,Arduino,0.000,0.000,12.815,,
518.904737,2026-03-10 18:05:55.828,WJ_VOLTAGE,WJ1,0.000,0.000,0,0,"HV=OFF, Fault=NO"
518.965953,2026-03-10 18:05:55.889,ARDUINO_PSI,Arduino,0.000,0.000,12.810,,
519.011709,2026-03-10 18:05:55.935,WJ_VOLTAGE,WJ2,0.000,0.000,0,0,"HV=OFF, Fault=NO"
519.065849,2026-03-10 18:05:55.989,ARDUINO_PSI,Arduino,0.000,0.000,12.815,,
519.166618,2026-03-10 18:05:56.090,ARDUINO_PSI,Arduino,0.000,0.000,12.817,,
519.266208,2026-03-10 18:05:56.190,ARDUINO_PSI,Arduino,0.000,0.000,12.822,,
519.366299,2026-03-10 18:05:56.290,ARDUINO_PSI,Arduino,0.000,0.000,12.810,,
519.434390,2026-03-10 18:05:56.358,WJ_VOLTAGE,WJ1,0.000,0.000,0,0,"HV=OFF, Fault=NO"
519.465716,2026-03-10 18:05:56.389,ARDUINO_PSI,Arduino,0.000,0.000,12.794,,
519.528588,2026-03-10 18:05:56.452,WJ_VOLTAGE,WJ2,0.000,0.000,0,0,"HV=OFF, Fault=NO"
519.565700,2026-03-10 18:05:56.489,ARDUINO_PSI,Arduino,0.000,0.000,12.796,,
519.666373,2026-03-10 18:05:56.590,ARDUINO_PSI,Arduino,0.000,0.000,12.790,,
519.765706,2026-03-10 18:05:56.689,ARDUINO_PSI,Arduino,0.000,0.000,12.799,,
519.865950,2026-03-10 18:05:56.789,ARDUINO_PSI,Arduino,0.000,0.000,12.799,,
519.969250,2026-03-10 18:05:56.893,WJ_VOLTAGE,WJ1,0.000,0.000,0,0,"HV=OFF, Fault=NO"
519.971073,2026-03-10 18:05:56.894,ARDUINO_PSI,Arduino,0.000,0.000,12.796,,
520.062152,2026-03-10 18:05:56.986,WJ_VOLTAGE,WJ2,0.000,0.000,0,0,"HV=OFF, Fault=NO"
520.078125,2026-03-10 18:05:57.002,ARDUINO_PSI,Arduino,0.000,0.000,12.799,,
520.165619,2026-03-10 18:05:57.089,ARDUINO_PSI,Arduino,0.000,0.000,12.785,,
520.265663,2026-03-10 18:05:57.189,ARDUINO_PSI,Arduino,0.000,0.000,12.780,,
520.366254,2026-03-10 18:05:57.290,ARDUINO_PSI,Arduino,0.000,0.000,12.774,,
520.466335,2026-03-10 18:05:57.390,ARDUINO_PSI,Arduino,0.000,0.000,12.787,,
520.485284,2026-03-10 18:05:57.409,WJ_VOLTAGE,WJ1,0.000,0.000,0,0,"HV=OFF, Fault=NO"
520.566323,2026-03-10 18:05:57.490,ARDUINO_PSI,Arduino,0.000,0.000,12.769,,
520.593639,2026-03-10 18:05:57.517,WJ_VOLTAGE,WJ2,0.000,0.000,0,0,"HV=OFF, Fault=NO"
520.666522,2026-03-10 18:05:57.590,ARDUINO_PSI,Arduino,0.000,0.000,12.764,,
520.765928,2026-03-10 18:05:57.689,ARDUINO_PSI,Arduino,0.000,0.000,12.769,,
520.866320,2026-03-10 18:05:57.790,ARDUINO_PSI,Arduino,0.000,0.000,12.780,,
520.966281,2026-03-10 18:05:57.890,ARDUINO_PSI,Arduino,0.000,0.000,12.780,,
521.017197,2026-03-10 18:05:57.941,WJ_VOLTAGE,WJ1,0.000,0.000,0,0,"HV=OFF, Fault=NO"
521.066085,2026-03-10 18:05:57.989,ARDUINO_PSI,Arduino,0.000,0.000,12.774,,
521.127442,2026-03-10 18:05:58.051,WJ_VOLTAGE,WJ2,0.000,0.000,0,0,"HV=OFF, Fault=NO"
521.165822,2026-03-10 18:05:58.089,ARDUINO_PSI,Arduino,0.000,0.000,12.767,,
521.267140,2026-03-10 18:05:58.191,ARDUINO_PSI,Arduino,0.000,0.000,12.769,,
521.366242,2026-03-10 18:05:58.290,ARDUINO_PSI,Arduino,0.000,0.000,12.774,,
521.466629,2026-03-10 18:05:58.390,ARDUINO_PSI,Arduino,0.000,0.000,12.794,,
521.547407,2026-03-10 18:05:58.471,WJ_VOLTAGE,WJ1,0.000,0.000,0,0,"HV=OFF, Fault=NO"
521.565622,2026-03-10 18:05:58.489,ARDUINO_PSI,Arduino,0.000,0.000,12.806,,
521.656950,2026-03-10 18:05:58.580,WJ_VOLTAGE,WJ2,0.000,0.000,0,0,"HV=OFF, Fault=NO"
521.679678,2026-03-10 18:05:58.603,ARDUINO_PSI,Arduino,0.000,0.000,12.801,,
521.766173,2026-03-10 18:05:58.690,ARDUINO_PSI,Arduino,0.000,0.000,12.808,,
521.866589,2026-03-10 18:05:58.790,ARDUINO_PSI,Arduino,0.000,0.000,12.815,,
521.966447,2026-03-10 18:05:58.890,ARDUINO_PSI,Arduino,0.000,0.000,12.826,,
522.066263,2026-03-10 18:05:58.990,ARDUINO_PSI,Arduino,0.000,0.000,12.824,,
522.092851,2026-03-10 18:05:59.016,WJ_VOLTAGE,WJ1,0.000,0.000,0,0,"HV=OFF, Fault=NO"
522.166476,2026-03-10 18:05:59.090,ARDUINO_PSI,Arduino,0.000,0.000,12.826,,
522.187989,2026-03-10 18:05:59.111,WJ_VOLTAGE,WJ2,0.000,0.000,0,0,"HV=OFF, Fault=NO"
522.266110,2026-03-10 18:05:59.189,ARDUINO_PSI,Arduino,0.000,0.000,12.828,,
522.366481,2026-03-10 18:05:59.290,ARDUINO_PSI,Arduino,0.000,0.000,12.828,,
522.465758,2026-03-10 18:05:59.389,ARDUINO_PSI,Arduino,0.000,0.000,12.819,,
522.566299,2026-03-10 18:05:59.490,ARDUINO_PSI,Arduino,0.000,0.000,12.822,,
522.622607,2026-03-10 18:05:59.546,WJ_VOLTAGE,WJ1,0.000,0.000,0,0,"HV=OFF, Fault=NO"
522.665682,2026-03-10 18:05:59.589,ARDUINO_PSI,Arduino,0.000,0.000,12.824,,
522.715072,2026-03-10 18:05:59.638,WJ_VOLTAGE,WJ2,0.000,0.000,0,0,"HV=OFF, Fault=NO"
522.765613,2026-03-10 18:05:59.689,ARDUINO_PSI,Arduino,0.000,0.000,12.826,,
522.866205,2026-03-10 18:05:59.790,ARDUINO_PSI,Arduino,0.000,0.000,12.812,,
522.965947,2026-03-10 18:05:59.889,ARDUINO_PSI,Arduino,0.000,0.000,12.810,,
523.066285,2026-03-10 18:05:59.990,ARDUINO_PSI,Arduino,0.000,0.000,12.815,,
523.153284,2026-03-10 18:06:00.077,WJ_VOLTAGE,WJ1,0.000,0.000,0,0,"HV=OFF, Fault=NO"
523.165735,2026-03-10 18:06:00.089,ARDUINO_PSI,Arduino,0.000,0.000,12.819,,
523.246389,2026-03-10 18:06:00.170,WJ_VOLTAGE,WJ2,0.000,0.000,0,0,"HV=OFF, Fault=NO"
523.266108,2026-03-10 18:06:00.189,ARDUINO_PSI,Arduino,0.000,0.000,12.822,,
523.366297,2026-03-10 18:06:00.290,ARDUINO_PSI,Arduino,0.000,0.000,12.812,,
523.466211,2026-03-10 18:06:00.390,ARDUINO_PSI,Arduino,0.000,0.000,12.806,,
523.566244,2026-03-10 18:06:00.490,ARDUINO_PSI,Arduino,0.000,0.000,12.799,,
523.666343,2026-03-10 18:06:00.590,ARDUINO_PSI,Arduino,0.000,0.000,12.799,,
523.684730,2026-03-10 18:06:00.608,WJ_VOLTAGE,WJ1,0.000,0.000,0,0,"HV=OFF, Fault=NO"
523.765982,2026-03-10 18:06:00.689,ARDUINO_PSI,Arduino,0.000,0.000,12.783,,
523.778769,2026-03-10 18:06:00.702,WJ_VOLTAGE,WJ2,0.000,0.000,0,0,"HV=OFF, Fault=NO"
523.867143,2026-03-10 18:06:00.791,ARDUINO_PSI,Arduino,0.000,0.000,12.774,,
523.965818,2026-03-10 18:06:00.889,ARDUINO_PSI,Arduino,0.000,0.000,12.771,,
524.066124,2026-03-10 18:06:00.990,ARDUINO_PSI,Arduino,0.000,0.000,12.776,,
524.166409,2026-03-10 18:06:01.090,ARDUINO_PSI,Arduino,0.000,0.000,12.780,,
524.212837,2026-03-10 18:06:01.136,WJ_VOLTAGE,WJ1,0.000,0.000,0,0,"HV=OFF, Fault=NO"
524.267084,2026-03-10 18:06:01.190,ARDUINO_PSI,Arduino,0.000,0.000,12.778,,
524.305666,2026-03-10 18:06:01.229,WJ_VOLTAGE,WJ2,0.000,0.000,0,0,"HV=OFF, Fault=NO"
524.365751,2026-03-10 18:06:01.289,ARDUINO_PSI,Arduino,0.000,0.000,12.776,,
524.465697,2026-03-10 18:06:01.389,ARDUINO_PSI,Arduino,0.000,0.000,12.776,,
524.566386,2026-03-10 18:06:01.490,ARDUINO_PSI,Arduino,0.000,0.000,12.778,,
524.665750,2026-03-10 18:06:01.589,ARDUINO_PSI,Arduino,0.000,0.000,12.780,,
524.741915,2026-03-10 18:06:01.665,WJ_VOLTAGE,WJ1,0.000,0.000,0,0,"HV=OFF, Fault=NO"
524.765737,2026-03-10 18:06:01.689,ARDUINO_PSI,Arduino,0.000,0.000,12.771,,
524.834989,2026-03-10 18:06:01.758,WJ_VOLTAGE,WJ2,0.000,0.000,0,0,"HV=OFF, Fault=NO"
524.866244,2026-03-10 18:06:01.790,ARDUINO_PSI,Arduino,0.000,0.000,12.776,,
524.966526,2026-03-10 18:06:01.890,ARDUINO_PSI,Arduino,0.000,0.000,12.771,,
525.066408,2026-03-10 18:06:01.990,ARDUINO_PSI,Arduino,0.000,0.000,12.780,,
525.166070,2026-03-10 18:06:02.089,ARDUINO_PSI,Arduino,0.000,0.000,12.776,,
525.266533,2026-03-10 18:06:02.190,ARDUINO_PSI,Arduino,0.000,0.000,12.764,,
525.272408,2026-03-10 18:06:02.196,WJ_VOLTAGE,WJ1,0.000,0.000,0,0,"HV=OFF, Fault=NO"
525.366308,2026-03-10 18:06:02.290,WJ_VOLTAGE,WJ2,0.000,0.000,0,0,"HV=OFF, Fault=NO"
525.382592,2026-03-10 18:06:02.306,ARDUINO_PSI,Arduino,0.000,0.000,12.774,,
525.465828,2026-03-10 18:06:02.389,ARDUINO_PSI,Arduino,0.000,0.000,12.762,,
525.566384,2026-03-10 18:06:02.490,ARDUINO_PSI,Arduino,0.000,0.000,12.769,,
525.666226,2026-03-10 18:06:02.590,ARDUINO_PSI,Arduino,0.000,0.000,12.767,,
525.767016,2026-03-10 18:06:02.690,ARDUINO_PSI,Arduino,0.000,0.000,12.774,,
525.801505,2026-03-10 18:06:02.725,WJ_VOLTAGE,WJ1,0.000,0.000,0,0,"HV=OFF, Fault=NO"
525.866354,2026-03-10 18:06:02.790,ARDUINO_PSI,Arduino,0.000,0.000,12.774,,
525.894425,2026-03-10 18:06:02.818,WJ_VOLTAGE,WJ2,0.000,0.000,0,0,"HV=OFF, Fault=NO"
525.968234,2026-03-10 18:06:02.892,ARDUINO_PSI,Arduino,0.000,0.000,12.774,,
526.065983,2026-03-10 18:06:02.989,ARDUINO_PSI,Arduino,0.000,0.000,12.771,,
526.166261,2026-03-10 18:06:03.090,ARDUINO_PSI,Arduino,0.000,0.000,12.767,,
526.266847,2026-03-10 18:06:03.190,ARDUINO_PSI,Arduino,0.000,0.000,12.764,,
526.330191,2026-03-10 18:06:03.254,WJ_VOLTAGE,WJ1,0.000,0.000,0,0,"HV=OFF, Fault=NO"
526.365822,2026-03-10 18:06:03.289,ARDUINO_PSI,Arduino,0.000,0.000,12.769,,
526.423495,2026-03-10 18:06:03.347,WJ_VOLTAGE,WJ2,0.000,0.000,0,0,"HV=OFF, Fault=NO"
526.465869,2026-03-10 18:06:03.389,ARDUINO_PSI,Arduino,0.000,0.000,12.778,,
526.566258,2026-03-10 18:06:03.490,ARDUINO_PSI,Arduino,0.000,0.000,12.776,,
526.666397,2026-03-10 18:06:03.590,ARDUINO_PSI,Arduino,0.000,0.000,12.776,,
526.765760,2026-03-10 18:06:03.689,ARDUINO_PSI,Arduino,0.000,0.000,12.790,,
526.859606,2026-03-10 18:06:03.783,WJ_VOLTAGE,WJ1,0.000,0.000,0,0,"HV=OFF, Fault=NO"
526.871910,2026-03-10 18:06:03.795,ARDUINO_PSI,Arduino,0.000,0.000,12.796,,
526.953967,2026-03-10 18:06:03.877,WJ_VOLTAGE,WJ2,0.000,0.000,0,0,"HV=OFF, Fault=NO"
526.970727,2026-03-10 18:06:03.894,ARDUINO_PSI,Arduino,0.000,0.000,12.796,,
527.065689,2026-03-10 18:06:03.989,ARDUINO_PSI,Arduino,0.000,0.000,12.796,,
527.165659,2026-03-10 18:06:04.089,ARDUINO_PSI,Arduino,0.000,0.000,12.803,,
527.267077,2026-03-10 18:06:04.190,ARDUINO_PSI,Arduino,0.000,0.000,12.817,,
527.366296,2026-03-10 18:06:04.290,ARDUINO_PSI,Arduino,0.000,0.000,12.817,,
527.390704,2026-03-10 18:06:04.314,WJ_VOLTAGE,WJ1,0.000,0.000,0,0,"HV=OFF, Fault=NO"
527.466221,2026-03-10 18:06:04.390,ARDUINO_PSI,Arduino,0.000,0.000,12.826,,
527.483991,2026-03-10 18:06:04.407,WJ_VOLTAGE,WJ2,0.000,0.000,0,0,"HV=OFF, Fault=NO"
527.566287,2026-03-10 18:06:04.490,ARDUINO_PSI,Arduino,0.000,0.000,12.824,,
527.666211,2026-03-10 18:06:04.590,ARDUINO_PSI,Arduino,0.000,0.000,12.828,,
527.765691,2026-03-10 18:06:04.689,ARDUINO_PSI,Arduino,0.000,0.000,12.822,,
527.866226,2026-03-10 18:06:04.790,ARDUINO_PSI,Arduino,0.000,0.000,12.826,,
527.922226,2026-03-10 18:06:04.846,WJ_VOLTAGE,WJ1,0.000,0.000,0,0,"HV=OFF, Fault=NO"
527.965833,2026-03-10 18:06:04.889,ARDUINO_PSI,Arduino,0.000,0.000,12.824,,
528.015500,2026-03-10 18:06:04.939,WJ_VOLTAGE,WJ2,0.000,0.000,0,0,"HV=OFF, Fault=NO"
528.066288,2026-03-10 18:06:04.990,ARDUINO_PSI,Arduino,0.000,0.000,12.831,,
528.166021,2026-03-10 18:06:05.089,ARDUINO_PSI,Arduino,0.000,0.000,12.840,,
528.266378,2026-03-10 18:06:05.190,ARDUINO_PSI,Arduino,0.000,0.000,12.845,,
528.367082,2026-03-10 18:06:05.290,ARDUINO_PSI,Arduino,0.000,0.000,12.840,,
528.453860,2026-03-10 18:06:05.377,WJ_VOLTAGE,WJ1,0.000,0.000,0,0,"HV=OFF, Fault=NO"
528.474556,2026-03-10 18:06:05.398,ARDUINO_PSI,Arduino,0.000,0.000,12.822,,
528.547051,2026-03-10 18:06:05.470,WJ_VOLTAGE,WJ2,0.000,0.000,0,0,"HV=OFF, Fault=NO"
528.565745,2026-03-10 18:06:05.489,ARDUINO_PSI,Arduino,0.000,0.000,12.822,,
528.666431,2026-03-10 18:06:05.590,ARDUINO_PSI,Arduino,0.000,0.000,12.822,,
528.767015,2026-03-10 18:06:05.690,ARDUINO_PSI,Arduino,0.000,0.000,12.824,,
528.867093,2026-03-10 18:06:05.790,ARDUINO_PSI,Arduino,0.000,0.000,12.810,,
528.966256,2026-03-10 18:06:05.890,ARDUINO_PSI,Arduino,0.000,0.000,12.819,,
528.983057,2026-03-10 18:06:05.906,WJ_VOLTAGE,WJ1,0.000,0.000,0,0,"HV=OFF, Fault=NO"
529.066284,2026-03-10 18:06:05.990,ARDUINO_PSI,Arduino,0.000,0.000,12.819,,
529.076987,2026-03-10 18:06:06.000,WJ_VOLTAGE,WJ2,0.000,0.000,0,0,"HV=OFF, Fault=NO"
529.166319,2026-03-10 18:06:06.090,ARDUINO_PSI,Arduino,0.000,0.000,12.815,,
529.266370,2026-03-10 18:06:06.190,ARDUINO_PSI,Arduino,0.000,0.000,12.808,,
529.366331,2026-03-10 18:06:06.290,ARDUINO_PSI,Arduino,0.000,0.000,12.806,,
529.466492,2026-03-10 18:06:06.390,ARDUINO_PSI,Arduino,0.000,0.000,12.815,,
529.515021,2026-03-10 18:06:06.438,WJ_VOLTAGE,WJ1,0.000,0.000,0,0,"HV=OFF, Fault=NO"
529.566110,2026-03-10 18:06:06.489,ARDUINO_PSI,Arduino,0.000,0.000,12.817,,
529.607238,2026-03-10 18:06:06.531,WJ_VOLTAGE,WJ2,0.000,0.000,0,0,"HV=OFF, Fault=NO"
529.665842,2026-03-10 18:06:06.589,ARDUINO_PSI,Arduino,0.000,0.000,12.817,,
529.765829,2026-03-10 18:06:06.689,ARDUINO_PSI,Arduino,0.000,0.000,12.822,,
529.866959,2026-03-10 18:06:06.790,ARDUINO_PSI,Arduino,0.000,0.000,12.815,,
529.966573,2026-03-10 18:06:06.890,ARDUINO_PSI,Arduino,0.000,0.000,12.808,,
530.044715,2026-03-10 18:06:06.968,WJ_VOLTAGE,WJ1,0.000,0.000,0,0,"HV=OFF, Fault=NO"
530.065765,2026-03-10 18:06:06.989,ARDUINO_PSI,Arduino,0.000,0.000,12.806,,
530.139485,2026-03-10 18:06:07.063,WJ_VOLTAGE,WJ2,0.000,0.000,0,0,"HV=OFF, Fault=NO"
530.166280,2026-03-10 18:06:07.090,ARDUINO_PSI,Arduino,0.000,0.000,12.803,,
530.266259,2026-03-10 18:06:07.190,ARDUINO_PSI,Arduino,0.000,0.000,12.812,,
530.366127,2026-03-10 18:06:07.290,ARDUINO_PSI,Arduino,0.000,0.000,12.812,,
530.468643,2026-03-10 18:06:07.392,ARDUINO_PSI,Arduino,0.000,0.000,12.828,,
530.566301,2026-03-10 18:06:07.490,ARDUINO_PSI,Arduino,0.000,0.000,12.833,,
530.573943,2026-03-10 18:06:07.497,WJ_VOLTAGE,WJ1,0.000,0.000,0,0,"HV=OFF, Fault=NO"
530.666342,2026-03-10 18:06:07.590,ARDUINO_PSI,Arduino,0.000,0.000,12.826,,
530.672445,2026-03-10 18:06:07.596,WJ_VOLTAGE,WJ2,0.000,0.000,0,0,"HV=OFF, Fault=NO"
530.765702,2026-03-10 18:06:07.689,ARDUINO_PSI,Arduino,0.000,0.000,12.817,,
530.866308,2026-03-10 18:06:07.790,ARDUINO_PSI,Arduino,0.000,0.000,12.817,,
530.966063,2026-03-10 18:06:07.889,ARDUINO_PSI,Arduino,0.000,0.000,12.815,,
531.066485,2026-03-10 18:06:07.990,ARDUINO_PSI,Arduino,0.000,0.000,12.808,,
531.103926,2026-03-10 18:06:08.027,WJ_VOLTAGE,WJ1,0.000,0.000,0,0,"HV=OFF, Fault=NO"
531.166659,2026-03-10 18:06:08.090,ARDUINO_PSI,Arduino,0.000,0.000,12.808,,
531.199765,2026-03-10 18:06:08.123,WJ_VOLTAGE,WJ2,0.000,0.000,0,0,"HV=OFF, Fault=NO"
531.266324,2026-03-10 18:06:08.190,ARDUINO_PSI,Arduino,0.000,0.000,12.808,,
531.366395,2026-03-10 18:06:08.290,ARDUINO_PSI,Arduino,0.000,0.000,12.808,,
531.465629,2026-03-10 18:06:08.389,ARDUINO_PSI,Arduino,0.000,0.000,12.796,,
531.566308,2026-03-10 18:06:08.490,ARDUINO_PSI,Arduino,0.000,0.000,12.790,,
531.638341,2026-03-10 18:06:08.562,WJ_VOLTAGE,WJ1,0.000,0.000,0,0,"HV=OFF, Fault=NO"
531.665711,2026-03-10 18:06:08.589,ARDUINO_PSI,Arduino,0.000,0.000,12.792,,
531.729235,2026-03-10 18:06:08.653,WJ_VOLTAGE,WJ2,0.000,0.000,0,0,"HV=OFF, Fault=NO"
531.765926,2026-03-10 18:06:08.689,ARDUINO_PSI,Arduino,0.000,0.000,12.799,,
531.865673,2026-03-10 18:06:08.789,ARDUINO_PSI,Arduino,0.000,0.000,12.808,,
531.966429,2026-03-10 18:06:08.890,ARDUINO_PSI,Arduino,0.000,0.000,12.819,,
532.066242,2026-03-10 18:06:08.990,ARDUINO_PSI,Arduino,0.000,0.000,12.819,,
532.164827,2026-03-10 18:06:09.088,WJ_VOLTAGE,WJ1,0.000,0.000,0,0,"HV=OFF, Fault=NO"
532.179565,2026-03-10 18:06:09.103,ARDUINO_PSI,Arduino,0.000,0.000,12.815,,
532.259224,2026-03-10 18:06:09.183,WJ_VOLTAGE,WJ2,0.000,0.000,0,0,"HV=OFF, Fault=NO"
532.271202,2026-03-10 18:06:09.195,ARDUINO_PSI,Arduino,0.000,0.000,12.808,,
532.368649,2026-03-10 18:06:09.292,ARDUINO_PSI,Arduino,0.000,0.000,12.803,,
532.466638,2026-03-10 18:06:09.390,ARDUINO_PSI,Arduino,0.000,0.000,12.801,,
532.566427,2026-03-10 18:06:09.490,ARDUINO_PSI,Arduino,0.000,0.000,12.799,,
532.666469,2026-03-10 18:06:09.590,ARDUINO_PSI,Arduino,0.000,0.000,12.812,,
532.695486,2026-03-10 18:06:09.619,WJ_VOLTAGE,WJ1,0.000,0.000,0,0,"HV=OFF, Fault=NO"
532.766212,2026-03-10 18:06:09.690,ARDUINO_PSI,Arduino,0.000,0.000,12.812,,
532.789649,2026-03-10 18:06:09.713,WJ_VOLTAGE,WJ2,0.000,0.000,0,0,"HV=OFF, Fault=NO"
532.867068,2026-03-10 18:06:09.790,ARDUINO_PSI,Arduino,0.000,0.000,12.817,,
532.968783,2026-03-10 18:06:09.892,ARDUINO_PSI,Arduino,0.000,0.000,12.824,,
533.066359,2026-03-10 18:06:09.990,ARDUINO_PSI,Arduino,0.000,0.000,12.826,,
533.166379,2026-03-10 18:06:10.090,ARDUINO_PSI,Arduino,0.000,0.000,12.835,,
533.223052,2026-03-10 18:06:10.146,WJ_VOLTAGE,WJ1,0.000,0.000,0,0,"HV=OFF, Fault=NO"
533.265951,2026-03-10 18:06:10.189,ARDUINO_PSI,Arduino,0.000,0.000,12.842,,
533.315913,2026-03-10 18:06:10.239,WJ_VOLTAGE,WJ2,0.000,0.000,0,0,"HV=OFF, Fault=NO"
533.366255,2026-03-10 18:06:10.290,ARDUINO_PSI,Arduino,0.000,0.000,12.831,,
533.466569,2026-03-10 18:06:10.390,ARDUINO_PSI,Arduino,0.000,0.000,12.842,,
533.566220,2026-03-10 18:06:10.490,ARDUINO_PSI,Arduino,0.000,0.000,12.851,,
533.666103,2026-03-10 18:06:10.589,ARDUINO_PSI,Arduino,0.000,0.000,12.847,,
533.753098,2026-03-10 18:06:10.676,WJ_VOLTAGE,WJ1,0.000,0.000,0,0,"HV=OFF, Fault=NO"
533.771544,2026-03-10 18:06:10.695,ARDUINO_PSI,Arduino,0.000,0.000,12.849,,
533.846259,2026-03-10 18:06:10.770,WJ_VOLTAGE,WJ2,0.000,0.000,0,0,"HV=OFF, Fault=NO"
533.865635,2026-03-10 18:06:10.789,ARDUINO_PSI,Arduino,0.000,0.000,12.838,,
533.968062,2026-03-10 18:06:10.891,ARDUINO_PSI,Arduino,0.000,0.000,12.840,,
534.066119,2026-03-10 18:06:10.990,ARDUINO_PSI,Arduino,0.000,0.000,12.840,,
534.165834,2026-03-10 18:06:11.089,ARDUINO_PSI,Arduino,0.000,0.000,12.838,,
534.266476,2026-03-10 18:06:11.190,ARDUINO_PSI,Arduino,0.000,0.000,12.833,,
534.284329,2026-03-10 18:06:11.208,WJ_VOLTAGE,WJ1,0.000,0.000,0,0,"HV=OFF, Fault=NO"
534.366354,2026-03-10 18:06:11.290,ARDUINO_PSI,Arduino,0.000,0.000,12.838,,
534.375434,2026-03-10 18:06:11.299,WJ_VOLTAGE,WJ2,0.000,0.000,0,0,"HV=OFF, Fault=NO"
534.466541,2026-03-10 18:06:11.390,ARDUINO_PSI,Arduino,0.000,0.000,12.838,,
534.566194,2026-03-10 18:06:11.490,ARDUINO_PSI,Arduino,0.000,0.000,12.838,,
534.666400,2026-03-10 18:06:11.590,ARDUINO_PSI,Arduino,0.000,0.000,12.838,,
534.766511,2026-03-10 18:06:11.690,ARDUINO_PSI,Arduino,0.000,0.000,12.838,,
534.798539,2026-03-10 18:06:11.722,WJ_VOLTAGE,WJ1,0.000,0.000,0,0,"HV=OFF, Fault=NO"
534.866348,2026-03-10 18:06:11.790,ARDUINO_PSI,Arduino,0.000,0.000,12.831,,
534.908122,2026-03-10 18:06:11.832,WJ_VOLTAGE,WJ2,0.000,0.000,0,0,"HV=OFF, Fault=NO"
534.966313,2026-03-10 18:06:11.890,ARDUINO_PSI,Arduino,0.000,0.000,12.819,,
535.065812,2026-03-10 18:06:11.989,ARDUINO_PSI,Arduino,0.000,0.000,12.815,,
535.166247,2026-03-10 18:06:12.090,ARDUINO_PSI,Arduino,0.000,0.000,12.812,,
535.266336,2026-03-10 18:06:12.190,ARDUINO_PSI,Arduino,0.000,0.000,12.801,,
535.330181,2026-03-10 18:06:12.254,WJ_VOLTAGE,WJ1,0.000,0.000,0,0,"HV=OFF, Fault=NO"
535.365697,2026-03-10 18:06:12.289,ARDUINO_PSI,Arduino,0.000,0.000,12.815,,
535.439654,2026-03-10 18:06:12.363,WJ_VOLTAGE,WJ2,0.000,0.000,0,0,"HV=OFF, Fault=NO"
535.465801,2026-03-10 18:06:12.389,ARDUINO_PSI,Arduino,0.000,0.000,12.803,,
535.566133,2026-03-10 18:06:12.490,ARDUINO_PSI,Arduino,0.000,0.000,12.794,,
535.666190,2026-03-10 18:06:12.590,ARDUINO_PSI,Arduino,0.000,0.000,12.799,,
535.766595,2026-03-10 18:06:12.690,ARDUINO_PSI,Arduino,0.000,0.000,12.792,,
535.858875,2026-03-10 18:06:12.782,WJ_VOLTAGE,WJ1,0.000,0.000,0,0,"HV=OFF, Fault=NO"
535.871521,2026-03-10 18:06:12.795,ARDUINO_PSI,Arduino,0.000,0.000,12.796,,
535.966250,2026-03-10 18:06:12.890,ARDUINO_PSI,Arduino,0.000,0.000,12.794,,
535.969320,2026-03-10 18:06:12.893,WJ_VOLTAGE,WJ2,0.000,0.000,0,0,"HV=OFF, Fault=NO"
536.066130,2026-03-10 18:06:12.990,ARDUINO_PSI,Arduino,0.000,0.000,12.787,,
536.166519,2026-03-10 18:06:13.090,ARDUINO_PSI,Arduino,0.000,0.000,12.799,,
536.266396,2026-03-10 18:06:13.190,ARDUINO_PSI,Arduino,0.000,0.000,12.801,,
536.366319,2026-03-10 18:06:13.290,ARDUINO_PSI,Arduino,0.000,0.000,12.799,,
536.390508,2026-03-10 18:06:13.314,WJ_VOLTAGE,WJ1,0.000,0.000,0,0,"HV=OFF, Fault=NO"
536.466107,2026-03-10 18:06:13.389,ARDUINO_PSI,Arduino,0.000,0.000,12.806,,
536.498944,2026-03-10 18:06:13.422,WJ_VOLTAGE,WJ2,0.000,0.000,0,0,"HV=OFF, Fault=NO"
536.566257,2026-03-10 18:06:13.490,ARDUINO_PSI,Arduino,0.000,0.000,12.801,,
536.666291,2026-03-10 18:06:13.590,ARDUINO_PSI,Arduino,0.000,0.000,12.792,,
536.765845,2026-03-10 18:06:13.689,ARDUINO_PSI,Arduino,0.000,0.000,12.792,,
536.867030,2026-03-10 18:06:13.790,ARDUINO_PSI,Arduino,0.000,0.000,12.794,,
536.923242,2026-03-10 18:06:13.847,WJ_VOLTAGE,WJ1,0.000,0.000,0,0,"HV=OFF, Fault=NO"
536.965873,2026-03-10 18:06:13.889,ARDUINO_PSI,Arduino,0.000,0.000,12.801,,
537.031093,2026-03-10 18:06:13.954,WJ_VOLTAGE,WJ2,0.000,0.000,0,0,"HV=OFF, Fault=NO"
537.065599,2026-03-10 18:06:13.989,ARDUINO_PSI,Arduino,0.000,0.000,12.808,,
537.165984,2026-03-10 18:06:14.089,ARDUINO_PSI,Arduino,0.000,0.000,12.796,,
537.266196,2026-03-10 18:06:14.190,ARDUINO_PSI,Arduino,0.000,0.000,12.792,,
537.366100,2026-03-10 18:06:14.289,ARDUINO_PSI,Arduino,0.000,0.000,12.778,,
537.455233,2026-03-10 18:06:14.379,WJ_VOLTAGE,WJ1,0.000,0.000,0,0,"HV=OFF, Fault=NO"
537.475273,2026-03-10 18:06:14.399,ARDUINO_PSI,Arduino,0.000,0.000,12.778,,
537.561247,2026-03-10 18:06:14.485,WJ_VOLTAGE,WJ2,0.000,0.000,0,0,"HV=OFF, Fault=NO"
537.576629,2026-03-10 18:06:14.500,ARDUINO_PSI,Arduino,0.000,0.000,12.780,,
537.666491,2026-03-10 18:06:14.590,ARDUINO_PSI,Arduino,0.000,0.000,12.778,,
537.765697,2026-03-10 18:06:14.689,ARDUINO_PSI,Arduino,0.000,0.000,12.774,,
537.866399,2026-03-10 18:06:14.790,ARDUINO_PSI,Arduino,0.000,0.000,12.778,,
537.966476,2026-03-10 18:06:14.890,ARDUINO_PSI,Arduino,0.000,0.000,12.780,,
537.981659,2026-03-10 18:06:14.905,WJ_VOLTAGE,WJ1,0.000,0.000,0,0,"HV=OFF, Fault=NO"
538.066273,2026-03-10 18:06:14.990,ARDUINO_PSI,Arduino,0.000,0.000,12.785,,
538.091427,2026-03-10 18:06:15.015,WJ_VOLTAGE,WJ2,0.000,0.000,0,0,"HV=OFF, Fault=NO"
538.166771,2026-03-10 18:06:15.090,ARDUINO_PSI,Arduino,0.000,0.000,12.778,,
538.266361,2026-03-10 18:06:15.190,ARDUINO_PSI,Arduino,0.000,0.000,12.780,,
538.366265,2026-03-10 18:06:15.290,ARDUINO_PSI,Arduino,0.000,0.000,12.778,,
538.466431,2026-03-10 18:06:15.390,ARDUINO_PSI,Arduino,0.000,0.000,12.774,,
538.508208,2026-03-10 18:06:15.432,WJ_VOLTAGE,WJ1,0.000,0.000,0,0,"HV=OFF, Fault=NO"
538.566264,2026-03-10 18:06:15.490,ARDUINO_PSI,Arduino,0.000,0.000,12.783,,
538.618398,2026-03-10 18:06:15.542,WJ_VOLTAGE,WJ2,0.000,0.000,0,0,"HV=OFF, Fault=NO"
538.666379,2026-03-10 18:06:15.590,ARDUINO_PSI,Arduino,0.000,0.000,12.778,,
538.766378,2026-03-10 18:06:15.690,ARDUINO_PSI,Arduino,0.000,0.000,12.787,,
538.867202,2026-03-10 18:06:15.791,ARDUINO_PSI,Arduino,0.000,0.000,12.783,,
538.966071,2026-03-10 18:06:15.889,ARDUINO_PSI,Arduino,0.000,0.000,12.785,,
539.025879,2026-03-10 18:06:15.949,WJ_VOLTAGE,WJ1,0.000,0.000,0,0,"HV=OFF, Fault=NO"
539.066583,2026-03-10 18:06:15.990,ARDUINO_PSI,Arduino,0.000,0.000,12.792,,
539.135885,2026-03-10 18:06:16.059,WJ_VOLTAGE,WJ2,0.000,0.000,0,0,"HV=OFF, Fault=NO"
539.166705,2026-03-10 18:06:16.090,ARDUINO_PSI,Arduino,0.000,0.000,12.801,,
539.266206,2026-03-10 18:06:16.190,ARDUINO_PSI,Arduino,0.000,0.000,12.812,,
539.366461,2026-03-10 18:06:16.290,ARDUINO_PSI,Arduino,0.000,0.000,12.822,,
539.466199,2026-03-10 18:06:16.390,ARDUINO_PSI,Arduino,0.000,0.000,12.819,,
539.555740,2026-03-10 18:06:16.479,WJ_VOLTAGE,WJ1,0.000,0.000,0,0,"HV=OFF, Fault=NO"
539.571390,2026-03-10 18:06:16.495,ARDUINO_PSI,Arduino,0.000,0.000,12.815,,
539.664495,2026-03-10 18:06:16.588,WJ_VOLTAGE,WJ2,0.000,0.000,0,0,"HV=OFF, Fault=NO"
539.681054,2026-03-10 18:06:16.604,ARDUINO_PSI,Arduino,0.000,0.000,12.815,,
539.767066,2026-03-10 18:06:16.690,ARDUINO_PSI,Arduino,0.000,0.000,12.817,,
539.865961,2026-03-10 18:06:16.789,ARDUINO_PSI,Arduino,0.000,0.000,12.828,,
539.966601,2026-03-10 18:06:16.890,ARDUINO_PSI,Arduino,0.000,0.000,12.833,,
540.066376,2026-03-10 18:06:16.990,ARDUINO_PSI,Arduino,0.000,0.000,12.824,,
540.087428,2026-03-10 18:06:17.011,WJ_VOLTAGE,WJ1,0.000,0.000,0,0,"HV=OFF, Fault=NO"
540.166229,2026-03-10 18:06:17.090,ARDUINO_PSI,Arduino,0.000,0.000,12.819,,
540.208431,2026-03-10 18:06:17.132,WJ_VOLTAGE,WJ2,0.000,0.000,0,0,"HV=OFF, Fault=NO"
540.266258,2026-03-10 18:06:17.190,ARDUINO_PSI,Arduino,0.000,0.000,12.808,,
540.365645,2026-03-10 18:06:17.289,ARDUINO_PSI,Arduino,0.000,0.000,12.812,,
540.466319,2026-03-10 18:06:17.390,ARDUINO_PSI,Arduino,0.000,0.000,12.801,,
540.566040,2026-03-10 18:06:17.489,ARDUINO_PSI,Arduino,0.000,0.000,12.794,,
540.612729,2026-03-10 18:06:17.536,WJ_VOLTAGE,WJ1,0.000,0.000,0,0,"HV=OFF, Fault=NO"
540.666485,2026-03-10 18:06:17.590,ARDUINO_PSI,Arduino,0.000,0.000,12.801,,
540.737830,2026-03-10 18:06:17.661,WJ_VOLTAGE,WJ2,0.000,0.000,0,0,"HV=OFF, Fault=NO"
540.766308,2026-03-10 18:06:17.690,ARDUINO_PSI,Arduino,0.000,0.000,12.799,,
540.866309,2026-03-10 18:06:17.790,ARDUINO_PSI,Arduino,0.000,0.000,12.803,,
540.966545,2026-03-10 18:06:17.890,ARDUINO_PSI,Arduino,0.000,0.000,12.794,,
541.066196,2026-03-10 18:06:17.990,ARDUINO_PSI,Arduino,0.000,0.000,12.776,,
541.142437,2026-03-10 18:06:18.066,WJ_VOLTAGE,WJ1,0.000,0.000,0,0,"HV=OFF, Fault=NO"
541.165647,2026-03-10 18:06:18.089,ARDUINO_PSI,Arduino,0.000,0.000,12.767,,
541.265126,2026-03-10 18:06:18.189,WJ_VOLTAGE,WJ2,0.000,0.000,0,0,"HV=OFF, Fault=NO"
541.271445,2026-03-10 18:06:18.195,ARDUINO_PSI,Arduino,0.000,0.000,12.758,,
541.366241,2026-03-10 18:06:18.290,ARDUINO_PSI,Arduino,0.000,0.000,12.748,,
541.465799,2026-03-10 18:06:18.389,ARDUINO_PSI,Arduino,0.000,0.000,12.751,,
541.566353,2026-03-10 18:06:18.490,ARDUINO_PSI,Arduino,0.000,0.000,12.751,,
541.666310,2026-03-10 18:06:18.590,ARDUINO_PSI,Arduino,0.000,0.000,12.748,,
541.673222,2026-03-10 18:06:18.597,WJ_VOLTAGE,WJ1,0.000,0.000,0,0,"HV=OFF, Fault=NO"
541.766386,2026-03-10 18:06:18.690,ARDUINO_PSI,Arduino,0.000,0.000,12.744,,
541.792164,2026-03-10 18:06:18.716,WJ_VOLTAGE,WJ2,0.000,0.000,0,0,"HV=OFF, Fault=NO"
541.866402,2026-03-10 18:06:18.790,ARDUINO_PSI,Arduino,0.000,0.000,12.732,,
541.966435,2026-03-10 18:06:18.890,ARDUINO_PSI,Arduino,0.000,0.000,12.721,,
542.066202,2026-03-10 18:06:18.990,ARDUINO_PSI,Arduino,0.000,0.000,12.728,,
542.166306,2026-03-10 18:06:19.090,ARDUINO_PSI,Arduino,0.000,0.000,12.726,,
542.199491,2026-03-10 18:06:19.123,WJ_VOLTAGE,WJ1,0.000,0.000,0,0,"HV=OFF, Fault=NO"
542.266230,2026-03-10 18:06:19.190,ARDUINO_PSI,Arduino,0.000,0.000,12.739,,
542.325047,2026-03-10 18:06:19.248,WJ_VOLTAGE,WJ2,0.000,0.000,0,0,"HV=OFF, Fault=NO"
542.365712,2026-03-10 18:06:19.289,ARDUINO_PSI,Arduino,0.000,0.000,12.753,,
542.466290,2026-03-10 18:06:19.390,ARDUINO_PSI,Arduino,0.000,0.000,12.762,,
542.568768,2026-03-10 18:06:19.492,ARDUINO_PSI,Arduino,0.000,0.000,12.783,,
542.666426,2026-03-10 18:06:19.590,ARDUINO_PSI,Arduino,0.000,0.000,12.771,,
542.729479,2026-03-10 18:06:19.653,WJ_VOLTAGE,WJ1,0.000,0.000,0,0,"HV=OFF, Fault=NO"
542.766540,2026-03-10 18:06:19.690,ARDUINO_PSI,Arduino,0.000,0.000,12.767,,
542.853921,2026-03-10 18:06:19.777,WJ_VOLTAGE,WJ2,0.000,0.000,0,0,"HV=OFF, Fault=NO"
542.868108,2026-03-10 18:06:19.791,ARDUINO_PSI,Arduino,0.000,0.000,12.764,,
542.967128,2026-03-10 18:06:19.891,ARDUINO_PSI,Arduino,0.000,0.000,12.769,,
543.066490,2026-03-10 18:06:19.990,ARDUINO_PSI,Arduino,0.000,0.000,12.783,,
543.166560,2026-03-10 18:06:20.090,ARDUINO_PSI,Arduino,0.000,0.000,12.790,,
543.259670,2026-03-10 18:06:20.183,WJ_VOLTAGE,WJ1,0.000,0.000,0,0,"HV=OFF, Fault=NO"
543.276453,2026-03-10 18:06:20.200,ARDUINO_PSI,Arduino,0.000,0.000,12.801,,
543.365893,2026-03-10 18:06:20.289,ARDUINO_PSI,Arduino,0.000,0.000,12.822,,
543.381780,2026-03-10 18:06:20.305,WJ_VOLTAGE,WJ2,0.000,0.000,0,0,"HV=OFF, Fault=NO"
543.467034,2026-03-10 18:06:20.390,ARDUINO_PSI,Arduino,0.000,0.000,12.819,,
543.567700,2026-03-10 18:06:20.491,ARDUINO_PSI,Arduino,0.000,0.000,12.831,,
543.667071,2026-03-10 18:06:20.590,ARDUINO_PSI,Arduino,0.000,0.000,12.828,,
543.766463,2026-03-10 18:06:20.690,ARDUINO_PSI,Arduino,0.000,0.000,12.840,,
543.786101,2026-03-10 18:06:20.709,WJ_VOLTAGE,WJ1,0.000,0.000,0,0,"HV=OFF, Fault=NO"
543.866519,2026-03-10 18:06:20.790,ARDUINO_PSI,Arduino,0.000,0.000,12.840,,
543.911228,2026-03-10 18:06:20.835,WJ_VOLTAGE,WJ2,0.000,0.000,0,0,"HV=OFF, Fault=NO"
543.966880,2026-03-10 18:06:20.890,ARDUINO_PSI,Arduino,0.000,0.000,12.847,,
544.067123,2026-03-10 18:06:20.991,ARDUINO_PSI,Arduino,0.000,0.000,12.845,,
544.166323,2026-03-10 18:06:21.090,ARDUINO_PSI,Arduino,0.000,0.000,12.851,,
544.266334,2026-03-10 18:06:21.190,ARDUINO_PSI,Arduino,0.000,0.000,12.840,,
544.315522,2026-03-10 18:06:21.239,WJ_VOLTAGE,WJ1,0.000,0.000,0,0,"HV=OFF, Fault=NO"
544.366296,2026-03-10 18:06:21.290,ARDUINO_PSI,Arduino,0.000,0.000,12.826,,
544.439454,2026-03-10 18:06:21.363,WJ_VOLTAGE,WJ2,0.000,0.000,0,0,"HV=OFF, Fault=NO"
544.465848,2026-03-10 18:06:21.389,ARDUINO_PSI,Arduino,0.000,0.000,12.824,,
544.567062,2026-03-10 18:06:21.490,ARDUINO_PSI,Arduino,0.000,0.000,12.810,,
544.668984,2026-03-10 18:06:21.592,ARDUINO_PSI,Arduino,0.000,0.000,12.824,,
544.766058,2026-03-10 18:06:21.689,ARDUINO_PSI,Arduino,0.000,0.000,12.826,,
544.840899,2026-03-10 18:06:21.764,WJ_VOLTAGE,WJ1,0.000,0.000,0,0,"HV=OFF, Fault=NO"
544.865797,2026-03-10 18:06:21.789,ARDUINO_PSI,Arduino,0.000,0.000,12.822,,
544.965933,2026-03-10 18:06:21.889,WJ_VOLTAGE,WJ2,0.000,0.000,0,0,"HV=OFF, Fault=NO"
544.973399,2026-03-10 18:06:21.897,ARDUINO_PSI,Arduino,0.000,0.000,12.819,,
545.066287,2026-03-10 18:06:21.990,ARDUINO_PSI,Arduino,0.000,0.000,12.819,,
545.167177,2026-03-10 18:06:22.091,ARDUINO_PSI,Arduino,0.000,0.000,12.812,,
545.267073,2026-03-10 18:06:22.190,ARDUINO_PSI,Arduino,0.000,0.000,12.819,,
545.366318,2026-03-10 18:06:22.290,ARDUINO_PSI,Arduino,0.000,0.000,12.810,,
545.375116,2026-03-10 18:06:22.298,WJ_VOLTAGE,WJ1,0.000,0.000,0,0,"HV=OFF, Fault=NO"
545.466276,2026-03-10 18:06:22.390,ARDUINO_PSI,Arduino,0.000,0.000,12.806,,
545.495864,2026-03-10 18:06:22.419,WJ_VOLTAGE,WJ2,0.000,0.000,0,0,"HV=OFF, Fault=NO"
545.566452,2026-03-10 18:06:22.490,ARDUINO_PSI,Arduino,0.000,0.000,12.799,,
545.666337,2026-03-10 18:06:22.590,ARDUINO_PSI,Arduino,0.000,0.000,12.796,,
545.767217,2026-03-10 18:06:22.691,ARDUINO_PSI,Arduino,0.000,0.000,12.790,,
545.867238,2026-03-10 18:06:22.791,ARDUINO_PSI,Arduino,0.000,0.000,12.790,,
545.903180,2026-03-10 18:06:22.827,WJ_VOLTAGE,WJ1,0.000,0.000,0,0,"HV=OFF, Fault=NO"
545.967019,2026-03-10 18:06:22.890,ARDUINO_PSI,Arduino,0.000,0.000,12.785,,
546.026439,2026-03-10 18:06:22.950,WJ_VOLTAGE,WJ2,0.000,0.000,0,0,"HV=OFF, Fault=NO"
546.065660,2026-03-10 18:06:22.989,ARDUINO_PSI,Arduino,0.000,0.000,12.790,,
546.166954,2026-03-10 18:06:23.090,ARDUINO_PSI,Arduino,0.000,0.000,12.776,,
546.266498,2026-03-10 18:06:23.190,ARDUINO_PSI,Arduino,0.000,0.000,12.774,,
546.367238,2026-03-10 18:06:23.291,ARDUINO_PSI,Arduino,0.000,0.000,12.776,,
546.426622,2026-03-10 18:06:23.350,WJ_VOLTAGE,WJ1,0.000,0.000,0,0,"HV=OFF, Fault=NO"
546.466024,2026-03-10 18:06:23.389,ARDUINO_PSI,Arduino,0.000,0.000,12.778,,
546.549167,2026-03-10 18:06:23.473,WJ_VOLTAGE,WJ2,0.000,0.000,0,0,"HV=OFF, Fault=NO"
546.566083,2026-03-10 18:06:23.489,ARDUINO_PSI,Arduino,0.000,0.000,12.771,,
546.666480,2026-03-10 18:06:23.590,ARDUINO_PSI,Arduino,0.000,0.000,12.758,,
546.766998,2026-03-10 18:06:23.690,ARDUINO_PSI,Arduino,0.000,0.000,12.748,,
546.866576,2026-03-10 18:06:23.790,ARDUINO_PSI,Arduino,0.000,0.000,12.755,,
546.955887,2026-03-10 18:06:23.879,WJ_VOLTAGE,WJ1,0.000,0.000,0,0,"HV=OFF, Fault=NO"
546.972697,2026-03-10 18:06:23.896,ARDUINO_PSI,Arduino,0.000,0.000,12.758,,
547.067835,2026-03-10 18:06:23.991,ARDUINO_PSI,Arduino,0.000,0.000,12.751,,
547.079475,2026-03-10 18:06:24.003,WJ_VOLTAGE,WJ2,0.000,0.000,0,0,"HV=OFF, Fault=NO"
547.166857,2026-03-10 18:06:24.090,ARDUINO_PSI,Arduino,0.000,0.000,12.748,,
547.266506,2026-03-10 18:06:24.190,ARDUINO_PSI,Arduino,0.000,0.000,12.742,,
547.366368,2026-03-10 18:06:24.290,ARDUINO_PSI,Arduino,0.000,0.000,12.737,,
547.466651,2026-03-10 18:06:24.390,ARDUINO_PSI,Arduino,0.000,0.000,12.744,,
547.483548,2026-03-10 18:06:24.407,WJ_VOLTAGE,WJ1,0.000,0.000,0,0,"HV=OFF, Fault=NO"
547.566339,2026-03-10 18:06:24.490,ARDUINO_PSI,Arduino,0.000,0.000,12.751,,
547.609325,2026-03-10 18:06:24.533,WJ_VOLTAGE,WJ2,0.000,0.000,0,0,"HV=OFF, Fault=NO"
547.666410,2026-03-10 18:06:24.590,ARDUINO_PSI,Arduino,0.000,0.000,12.760,,
547.765965,2026-03-10 18:06:24.689,ARDUINO_PSI,Arduino,0.000,0.000,12.778,,
547.865923,2026-03-10 18:06:24.789,ARDUINO_PSI,Arduino,0.000,0.000,12.771,,
547.966522,2026-03-10 18:06:24.890,ARDUINO_PSI,Arduino,0.000,0.000,12.778,,
548.016961,2026-03-10 18:06:24.940,WJ_VOLTAGE,WJ1,0.000,0.000,0,0,"HV=OFF, Fault=NO"
548.066132,2026-03-10 18:06:24.990,ARDUINO_PSI,Arduino,0.000,0.000,12.771,,
548.141566,2026-03-10 18:06:25.065,WJ_VOLTAGE,WJ2,0.000,0.000,0,0,"HV=OFF, Fault=NO"
548.165998,2026-03-10 18:06:25.089,ARDUINO_PSI,Arduino,0.000,0.000,12.794,,
548.267547,2026-03-10 18:06:25.191,ARDUINO_PSI,Arduino,0.000,0.000,12.806,,
548.368519,2026-03-10 18:06:25.292,ARDUINO_PSI,Arduino,0.000,0.000,12.810,,
548.467112,2026-03-10 18:06:25.390,ARDUINO_PSI,Arduino,0.000,0.000,12.810,,
548.545702,2026-03-10 18:06:25.469,WJ_VOLTAGE,WJ1,0.000,0.000,0,0,"HV=OFF, Fault=NO"
548.565606,2026-03-10 18:06:25.489,ARDUINO_PSI,Arduino,0.000,0.000,12.822,,
548.669927,2026-03-10 18:06:25.593,WJ_VOLTAGE,WJ2,0.000,0.000,0,0,"HV=OFF, Fault=NO"
548.672770,2026-03-10 18:06:25.596,ARDUINO_PSI,Arduino,0.000,0.000,12.826,,
548.767313,2026-03-10 18:06:25.692,ARDUINO_PSI,Arduino,0.000,0.000,12.828,,
548.866511,2026-03-10 18:06:25.790,ARDUINO_PSI,Arduino,0.000,0.000,12.833,,
548.966390,2026-03-10 18:06:25.890,ARDUINO_PSI,Arduino,0.000,0.000,12.831,,
549.067077,2026-03-10 18:06:25.990,ARDUINO_PSI,Arduino,0.000,0.000,12.833,,
549.074801,2026-03-10 18:06:25.998,WJ_VOLTAGE,WJ1,0.000,0.000,0,0,"HV=OFF, Fault=NO"
549.166925,2026-03-10 18:06:26.090,ARDUINO_PSI,Arduino,0.000,0.000,12.838,,
549.196829,2026-03-10 18:06:26.120,WJ_VOLTAGE,WJ2,0.000,0.000,0,0,"HV=OFF, Fault=NO"
549.266274,2026-03-10 18:06:26.190,ARDUINO_PSI,Arduino,0.000,0.000,12.828,,
549.367492,2026-03-10 18:06:26.291,ARDUINO_PSI,Arduino,0.000,0.000,12.835,,
549.467048,2026-03-10 18:06:26.390,ARDUINO_PSI,Arduino,0.000,0.000,12.842,,
549.566236,2026-03-10 18:06:26.490,ARDUINO_PSI,Arduino,0.000,0.000,12.842,,
549.603324,2026-03-10 18:06:26.527,WJ_VOLTAGE,WJ1,0.000,0.000,0,0,"HV=OFF, Fault=NO"
549.666907,2026-03-10 18:06:26.590,ARDUINO_PSI,Arduino,0.000,0.000,12.831,,
549.729834,2026-03-10 18:06:26.653,WJ_VOLTAGE,WJ2,0.000,0.000,0,0,"HV=OFF, Fault=NO"
549.766768,2026-03-10 18:06:26.690,ARDUINO_PSI,Arduino,0.000,0.000,12.817,,
549.869015,2026-03-10 18:06:26.792,ARDUINO_PSI,Arduino,0.000,0.000,12.826,,
549.966572,2026-03-10 18:06:26.890,ARDUINO_PSI,Arduino,0.000,0.000,12.819,,
550.067227,2026-03-10 18:06:26.991,ARDUINO_PSI,Arduino,0.000,0.000,12.822,,
550.135476,2026-03-10 18:06:27.059,WJ_VOLTAGE,WJ1,0.000,0.000,0,0,"HV=OFF, Fault=NO"
550.166987,2026-03-10 18:06:27.090,ARDUINO_PSI,Arduino,0.000,0.000,12.808,,
550.259451,2026-03-10 18:06:27.183,WJ_VOLTAGE,WJ2,0.000,0.000,0,0,"HV=OFF, Fault=NO"
550.281395,2026-03-10 18:06:27.205,ARDUINO_PSI,Arduino,0.000,0.000,12.803,,
550.367077,2026-03-10 18:06:27.290,ARDUINO_PSI,Arduino,0.000,0.000,12.801,,
550.467128,2026-03-10 18:06:27.391,ARDUINO_PSI,Arduino,0.000,0.000,12.794,,
550.566443,2026-03-10 18:06:27.490,ARDUINO_PSI,Arduino,0.000,0.000,12.792,,
550.663567,2026-03-10 18:06:27.587,WJ_VOLTAGE,WJ1,0.000,0.000,0,0,"HV=OFF, Fault=NO"
550.677220,2026-03-10 18:06:27.601,ARDUINO_PSI,Arduino,0.000,0.000,12.799,,
550.765858,2026-03-10 18:06:27.689,ARDUINO_PSI,Arduino,0.000,0.000,12.810,,
550.787790,2026-03-10 18:06:27.711,WJ_VOLTAGE,WJ2,0.000,0.000,0,0,"HV=OFF, Fault=NO"
550.866889,2026-03-10 18:06:27.790,ARDUINO_PSI,Arduino,0.000,0.000,12.806,,
550.966432,2026-03-10 18:06:27.890,ARDUINO_PSI,Arduino,0.000,0.000,12.812,,
551.066555,2026-03-10 18:06:27.990,ARDUINO_PSI,Arduino,0.000,0.000,12.810,,
551.167110,2026-03-10 18:06:28.090,ARDUINO_PSI,Arduino,0.000,0.000,12.815,,
551.195463,2026-03-10 18:06:28.119,WJ_VOLTAGE,WJ1,0.000,0.000,0,0,"HV=OFF, Fault=NO"
551.266492,2026-03-10 18:06:28.190,ARDUINO_PSI,Arduino,0.000,0.000,12.824,,
551.321011,2026-03-10 18:06:28.244,WJ_VOLTAGE,WJ2,0.000,0.000,0,0,"HV=OFF, Fault=NO"
551.366263,2026-03-10 18:06:28.290,ARDUINO_PSI,Arduino,0.000,0.000,12.817,,
551.467072,2026-03-10 18:06:28.390,ARDUINO_PSI,Arduino,0.000,0.000,12.808,,
551.566719,2026-03-10 18:06:28.490,ARDUINO_PSI,Arduino,0.000,0.000,12.794,,
551.666441,2026-03-10 18:06:28.590,ARDUINO_PSI,Arduino,0.000,0.000,12.790,,
551.723628,2026-03-10 18:06:28.647,WJ_VOLTAGE,WJ1,0.000,0.000,0,0,"HV=OFF, Fault=NO"
551.766351,2026-03-10 18:06:28.690,ARDUINO_PSI,Arduino,0.000,0.000,12.799,,
551.849311,2026-03-10 18:06:28.773,WJ_VOLTAGE,WJ2,0.000,0.000,0,0,"HV=OFF, Fault=NO"
551.865952,2026-03-10 18:06:28.789,ARDUINO_PSI,Arduino,0.000,0.000,12.799,,
551.966186,2026-03-10 18:06:28.890,ARDUINO_PSI,Arduino,0.000,0.000,12.806,,
552.066903,2026-03-10 18:06:28.990,ARDUINO_PSI,Arduino,0.000,0.000,12.806,,
552.166080,2026-03-10 18:06:29.089,ARDUINO_PSI,Arduino,0.000,0.000,12.803,,
552.256407,2026-03-10 18:06:29.180,WJ_VOLTAGE,WJ1,0.000,0.000,0,0,"HV=OFF, Fault=NO"
552.271849,2026-03-10 18:06:29.195,ARDUINO_PSI,Arduino,0.000,0.000,12.803,,
552.365959,2026-03-10 18:06:29.289,ARDUINO_PSI,Arduino,0.000,0.000,12.799,,
552.378544,2026-03-10 18:06:29.302,WJ_VOLTAGE,WJ2,0.000,0.000,0,0,"HV=OFF, Fault=NO"
552.466436,2026-03-10 18:06:29.390,ARDUINO_PSI,Arduino,0.000,0.000,12.806,,
552.566916,2026-03-10 18:06:29.490,ARDUINO_PSI,Arduino,0.000,0.000,12.808,,
552.666999,2026-03-10 18:06:29.590,ARDUINO_PSI,Arduino,0.000,0.000,12.806,,
552.767726,2026-03-10 18:06:29.691,ARDUINO_PSI,Arduino,0.000,0.000,12.801,,
552.783948,2026-03-10 18:06:29.707,WJ_VOLTAGE,WJ1,0.000,0.000,0,0,"HV=OFF, Fault=NO"
552.865949,2026-03-10 18:06:29.789,ARDUINO_PSI,Arduino,0.000,0.000,12.806,,
552.906751,2026-03-10 18:06:29.830,WJ_VOLTAGE,WJ2,0.000,0.000,0,0,"HV=OFF, Fault=NO"
552.967099,2026-03-10 18:06:29.890,ARDUINO_PSI,Arduino,0.000,0.000,12.796,,
553.066828,2026-03-10 18:06:29.990,ARDUINO_PSI,Arduino,0.000,0.000,12.801,,
553.166991,2026-03-10 18:06:30.090,ARDUINO_PSI,Arduino,0.000,0.000,12.799,,
553.266500,2026-03-10 18:06:30.190,ARDUINO_PSI,Arduino,0.000,0.000,12.796,,
553.312691,2026-03-10 18:06:30.236,WJ_VOLTAGE,WJ1,0.000,0.000,0,0,"HV=OFF, Fault=NO"
553.367068,2026-03-10 18:06:30.290,ARDUINO_PSI,Arduino,0.000,0.000,12.803,,
553.439075,2026-03-10 18:06:30.362,WJ_VOLTAGE,WJ2,0.000,0.000,0,0,"HV=OFF, Fault=NO"
553.467405,2026-03-10 18:06:30.391,ARDUINO_PSI,Arduino,0.000,0.000,12.794,,
553.567071,2026-03-10 18:06:30.490,ARDUINO_PSI,Arduino,0.000,0.000,12.801,,
553.668751,2026-03-10 18:06:30.592,ARDUINO_PSI,Arduino,0.000,0.000,12.806,,
553.766197,2026-03-10 18:06:30.690,ARDUINO_PSI,Arduino,0.000,0.000,12.801,,
553.844016,2026-03-10 18:06:30.767,WJ_VOLTAGE,WJ1,0.000,0.000,0,0,"HV=OFF, Fault=NO"
553.866692,2026-03-10 18:06:30.790,ARDUINO_PSI,Arduino,0.000,0.000,12.803,,
553.968683,2026-03-10 18:06:30.892,WJ_VOLTAGE,WJ2,0.000,0.000,0,0,"HV=OFF, Fault=NO"
553.971629,2026-03-10 18:06:30.895,ARDUINO_PSI,Arduino,0.000,0.000,12.801,,
554.066331,2026-03-10 18:06:30.990,ARDUINO_PSI,Arduino,0.000,0.000,12.796,,
554.168881,2026-03-10 18:06:31.092,ARDUINO_PSI,Arduino,0.000,0.000,12.799,,
554.266498,2026-03-10 18:06:31.190,ARDUINO_PSI,Arduino,0.000,0.000,12.796,,
554.366996,2026-03-10 18:06:31.290,ARDUINO_PSI,Arduino,0.000,0.000,12.790,,
554.375935,2026-03-10 18:06:31.299,WJ_VOLTAGE,WJ1,0.000,0.000,0,0,"HV=OFF, Fault=NO"
554.466743,2026-03-10 18:06:31.390,ARDUINO_PSI,Arduino,0.000,0.000,12.787,,
554.498432,2026-03-10 18:06:31.422,WJ_VOLTAGE,WJ2,0.000,0.000,0,0,"HV=OFF, Fault=NO"
554.567162,2026-03-10 18:06:31.491,ARDUINO_PSI,Arduino,0.000,0.000,12.787,,
554.666157,2026-03-10 18:06:31.590,ARDUINO_PSI,Arduino,0.000,0.000,12.783,,
554.766061,2026-03-10 18:06:31.689,ARDUINO_PSI,Arduino,0.000,0.000,12.780,,
554.866248,2026-03-10 18:06:31.790,ARDUINO_PSI,Arduino,0.000,0.000,12.778,,
554.902965,2026-03-10 18:06:31.826,WJ_VOLTAGE,WJ1,0.000,0.000,0,0,"HV=OFF, Fault=NO"
554.966422,2026-03-10 18:06:31.890,ARDUINO_PSI,Arduino,0.000,0.000,12.778,,
555.027450,2026-03-10 18:06:31.951,WJ_VOLTAGE,WJ2,0.000,0.000,0,0,"HV=OFF, Fault=NO"
555.065690,2026-03-10 18:06:31.989,ARDUINO_PSI,Arduino,0.000,0.000,12.771,,
555.167015,2026-03-10 18:06:32.090,ARDUINO_PSI,Arduino,0.000,0.000,12.771,,
555.267128,2026-03-10 18:06:32.191,ARDUINO_PSI,Arduino,0.000,0.000,12.776,,
555.369182,2026-03-10 18:06:32.293,ARDUINO_PSI,Arduino,0.000,0.000,12.771,,
555.434333,2026-03-10 18:06:32.358,WJ_VOLTAGE,WJ1,0.000,0.000,0,0,"HV=OFF, Fault=NO"
555.465819,2026-03-10 18:06:32.389,ARDUINO_PSI,Arduino,0.000,0.000,12.780,,
555.558599,2026-03-10 18:06:32.482,WJ_VOLTAGE,WJ2,0.000,0.000,0,0,"HV=OFF, Fault=NO"
555.578181,2026-03-10 18:06:32.502,ARDUINO_PSI,Arduino,0.000,0.000,12.778,,
555.669172,2026-03-10 18:06:32.593,ARDUINO_PSI,Arduino,0.000,0.000,12.774,,
555.766851,2026-03-10 18:06:32.690,ARDUINO_PSI,Arduino,0.000,0.000,12.774,,
555.866392,2026-03-10 18:06:32.790,ARDUINO_PSI,Arduino,0.000,0.000,12.778,,
555.963947,2026-03-10 18:06:32.887,WJ_VOLTAGE,WJ1,0.000,0.000,0,0,"HV=OFF, Fault=NO"
555.977187,2026-03-10 18:06:32.901,ARDUINO_PSI,Arduino,0.000,0.000,12.776,,
556.067013,2026-03-10 18:06:32.990,ARDUINO_PSI,Arduino,0.000,0.000,12.776,,
556.089262,2026-03-10 18:06:33.013,WJ_VOLTAGE,WJ2,0.000,0.000,0,0,"HV=OFF, Fault=NO"
556.166761,2026-03-10 18:06:33.090,ARDUINO_PSI,Arduino,0.000,0.000,12.776,,
556.266335,2026-03-10 18:06:33.190,ARDUINO_PSI,Arduino,0.000,0.000,12.780,,
556.366341,2026-03-10 18:06:33.290,ARDUINO_PSI,Arduino,0.000,0.000,12.780,,
556.466039,2026-03-10 18:06:33.389,ARDUINO_PSI,Arduino,0.000,0.000,12.780,,
556.495748,2026-03-10 18:06:33.419,WJ_VOLTAGE,WJ1,0.000,0.000,0,0,"HV=OFF, Fault=NO"
556.566996,2026-03-10 18:06:33.490,ARDUINO_PSI,Arduino,0.000,0.000,12.785,,
556.618977,2026-03-10 18:06:33.542,WJ_VOLTAGE,WJ2,0.000,0.000,0,0,"HV=OFF, Fault=NO"
556.666350,2026-03-10 18:06:33.590,ARDUINO_PSI,Arduino,0.000,0.000,12.790,,
556.766471,2026-03-10 18:06:33.690,ARDUINO_PSI,Arduino,0.000,0.000,12.799,,
556.866624,2026-03-10 18:06:33.790,ARDUINO_PSI,Arduino,0.000,0.000,12.787,,
556.967320,2026-03-10 18:06:33.891,ARDUINO_PSI,Arduino,0.000,0.000,12.794,,
557.024297,2026-03-10 18:06:33.948,WJ_VOLTAGE,WJ1,0.000,0.000,0,0,"HV=OFF, Fault=NO"
557.067085,2026-03-10 18:06:33.990,ARDUINO_PSI,Arduino,0.000,0.000,12.794,,
557.148770,2026-03-10 18:06:34.072,WJ_VOLTAGE,WJ2,0.000,0.000,0,0,"HV=OFF, Fault=NO"
557.166635,2026-03-10 18:06:34.090,ARDUINO_PSI,Arduino,0.000,0.000,12.790,,
557.266738,2026-03-10 18:06:34.190,ARDUINO_PSI,Arduino,0.000,0.000,12.787,,
557.366432,2026-03-10 18:06:34.290,ARDUINO_PSI,Arduino,0.000,0.000,12.785,,
557.466139,2026-03-10 18:06:34.390,ARDUINO_PSI,Arduino,0.000,0.000,12.778,,
557.543286,2026-03-10 18:06:34.467,WJ_VOLTAGE,WJ1,0.000,0.000,0,0,"HV=OFF, Fault=NO"
557.566151,2026-03-10 18:06:34.490,ARDUINO_PSI,Arduino,0.000,0.000,12.776,,
557.668586,2026-03-10 18:06:34.592,ARDUINO_PSI,Arduino,0.000,0.000,12.787,,
557.673334,2026-03-10 18:06:34.597,WJ_VOLTAGE,WJ2,0.000,0.000,0,0,"HV=OFF, Fault=NO"
557.766508,2026-03-10 18:06:34.690,ARDUINO_PSI,Arduino,0.000,0.000,12.776,,
557.866400,2026-03-10 18:06:34.790,ARDUINO_PSI,Arduino,0.000,0.000,12.769,,
557.966222,2026-03-10 18:06:34.890,ARDUINO_PSI,Arduino,0.000,0.000,12.776,,
558.067143,2026-03-10 18:06:34.991,ARDUINO_PSI,Arduino,0.000,0.000,12.787,,
558.074744,2026-03-10 18:06:34.998,WJ_VOLTAGE,WJ1,0.000,0.000,0,0,"HV=OFF, Fault=NO"
558.166844,2026-03-10 18:06:35.090,ARDUINO_PSI,Arduino,0.000,0.000,12.790,,
558.198864,2026-03-10 18:06:35.122,WJ_VOLTAGE,WJ2,0.000,0.000,0,0,"HV=OFF, Fault=NO"
558.266492,2026-03-10 18:06:35.190,ARDUINO_PSI,Arduino,0.000,0.000,12.785,,
558.366276,2026-03-10 18:06:35.290,ARDUINO_PSI,Arduino,0.000,0.000,12.801,,
558.467272,2026-03-10 18:06:35.391,ARDUINO_PSI,Arduino,0.000,0.000,12.803,,
558.566617,2026-03-10 18:06:35.490,ARDUINO_PSI,Arduino,0.000,0.000,12.794,,
558.602853,2026-03-10 18:06:35.526,WJ_VOLTAGE,WJ1,0.000,0.000,0,0,"HV=OFF, Fault=NO"
558.666303,2026-03-10 18:06:35.590,ARDUINO_PSI,Arduino,0.000,0.000,12.787,,
558.725858,2026-03-10 18:06:35.649,WJ_VOLTAGE,WJ2,0.000,0.000,0,0,"HV=OFF, Fault=NO"
558.766218,2026-03-10 18:06:35.690,ARDUINO_PSI,Arduino,0.000,0.000,12.785,,
558.867803,2026-03-10 18:06:35.791,ARDUINO_PSI,Arduino,0.000,0.000,12.790,,
558.967011,2026-03-10 18:06:35.890,ARDUINO_PSI,Arduino,0.000,0.000,12.796,,
559.066503,2026-03-10 18:06:35.990,ARDUINO_PSI,Arduino,0.000,0.000,12.803,,
559.131168,2026-03-10 18:06:36.055,WJ_VOLTAGE,WJ1,0.000,0.000,0,0,"HV=OFF, Fault=NO"
559.165644,2026-03-10 18:06:36.089,ARDUINO_PSI,Arduino,0.000,0.000,12.806,,
559.255441,2026-03-10 18:06:36.179,WJ_VOLTAGE,WJ2,0.000,0.000,0,0,"HV=OFF, Fault=NO"
559.268484,2026-03-10 18:06:36.192,ARDUINO_PSI,Arduino,0.000,0.000,12.803,,
559.366995,2026-03-10 18:06:36.290,ARDUINO_PSI,Arduino,0.000,0.000,12.803,,
559.467056,2026-03-10 18:06:36.390,ARDUINO_PSI,Arduino,0.000,0.000,12.812,,
559.566189,2026-03-10 18:06:36.490,ARDUINO_PSI,Arduino,0.000,0.000,12.819,,
559.656400,2026-03-10 18:06:36.580,WJ_VOLTAGE,WJ1,0.000,0.000,0,0,"HV=OFF, Fault=NO"
559.668453,2026-03-10 18:06:36.592,ARDUINO_PSI,Arduino,0.000,0.000,12.815,,
559.766215,2026-03-10 18:06:36.690,ARDUINO_PSI,Arduino,0.000,0.000,12.815,,
559.778316,2026-03-10 18:06:36.702,WJ_VOLTAGE,WJ2,0.000,0.000,0,0,"HV=OFF, Fault=NO"
559.867087,2026-03-10 18:06:36.790,ARDUINO_PSI,Arduino,0.000,0.000,12.810,,
559.968250,2026-03-10 18:06:36.892,ARDUINO_PSI,Arduino,0.000,0.000,12.803,,
560.066031,2026-03-10 18:06:36.989,ARDUINO_PSI,Arduino,0.000,0.000,12.792,,
560.167264,2026-03-10 18:06:37.091,ARDUINO_PSI,Arduino,0.000,0.000,12.799,,
560.172577,2026-03-10 18:06:37.096,WJ_VOLTAGE,WJ1,0.000,0.000,0,0,"HV=OFF, Fault=NO"
560.267393,2026-03-10 18:06:37.191,ARDUINO_PSI,Arduino,0.000,0.000,12.806,,
560.298755,2026-03-10 18:06:37.222,WJ_VOLTAGE,WJ2,0.000,0.000,0,0,"HV=OFF, Fault=NO"
560.366992,2026-03-10 18:06:37.290,ARDUINO_PSI,Arduino,0.000,0.000,12.799,,
560.466495,2026-03-10 18:06:37.390,ARDUINO_PSI,Arduino,0.000,0.000,12.803,,
560.566592,2026-03-10 18:06:37.490,ARDUINO_PSI,Arduino,0.000,0.000,12.808,,
560.667223,2026-03-10 18:06:37.591,ARDUINO_PSI,Arduino,0.000,0.000,12.806,,
560.703435,2026-03-10 18:06:37.627,WJ_VOLTAGE,WJ1,0.000,0.000,0,0,"HV=OFF, Fault=NO"
560.766223,2026-03-10 18:06:37.690,ARDUINO_PSI,Arduino,0.000,0.000,12.808,,
560.828073,2026-03-10 18:06:37.751,WJ_VOLTAGE,WJ2,0.000,0.000,0,0,"HV=OFF, Fault=NO"
560.866221,2026-03-10 18:06:37.790,ARDUINO_PSI,Arduino,0.000,0.000,12.803,,
560.966767,2026-03-10 18:06:37.890,ARDUINO_PSI,Arduino,0.000,0.000,12.785,,
561.066762,2026-03-10 18:06:37.990,ARDUINO_PSI,Arduino,0.000,0.000,12.787,,
561.169640,2026-03-10 18:06:38.093,ARDUINO_PSI,Arduino,0.000,0.000,12.794,,
561.233491,2026-03-10 18:06:38.157,WJ_VOLTAGE,WJ1,0.000,0.000,0,0,"HV=OFF, Fault=NO"
561.265595,2026-03-10 18:06:38.189,ARDUINO_PSI,Arduino,0.000,0.000,12.796,,
561.358959,2026-03-10 18:06:38.282,WJ_VOLTAGE,WJ2,0.000,0.000,0,0,"HV=OFF, Fault=NO"
561.376450,2026-03-10 18:06:38.300,ARDUINO_PSI,Arduino,0.000,0.000,12.796,,
561.467675,2026-03-10 18:06:38.391,ARDUINO_PSI,Arduino,0.000,0.000,12.803,,
561.566981,2026-03-10 18:06:38.490,ARDUINO_PSI,Arduino,0.000,0.000,12.799,,
561.666333,2026-03-10 18:06:38.590,ARDUINO_PSI,Arduino,0.000,0.000,12.792,,
561.763778,2026-03-10 18:06:38.687,WJ_VOLTAGE,WJ1,0.000,0.000,0,0,"HV=OFF, Fault=NO"
561.772343,2026-03-10 18:06:38.696,ARDUINO_PSI,Arduino,0.000,0.000,12.794,,
561.866429,2026-03-10 18:06:38.790,ARDUINO_PSI,Arduino,0.000,0.000,12.799,,
561.890777,2026-03-10 18:06:38.814,WJ_VOLTAGE,WJ2,0.000,0.000,0,0,"HV=OFF, Fault=NO"
561.967975,2026-03-10 18:06:38.891,ARDUINO_PSI,Arduino,0.000,0.000,12.790,,
562.068689,2026-03-10 18:06:38.992,ARDUINO_PSI,Arduino,0.000,0.000,12.799,,
562.166786,2026-03-10 18:06:39.090,ARDUINO_PSI,Arduino,0.000,0.000,12.794,,
562.269128,2026-03-10 18:06:39.193,ARDUINO_PSI,Arduino,0.000,0.000,12.785,,
562.292539,2026-03-10 18:06:39.216,WJ_VOLTAGE,WJ1,0.000,0.000,0,0,"HV=OFF, Fault=NO"
562.366481,2026-03-10 18:06:39.290,ARDUINO_PSI,Arduino,0.000,0.000,12.778,,
562.417346,2026-03-10 18:06:39.341,WJ_VOLTAGE,WJ2,0.000,0.000,0,0,"HV=OFF, Fault=NO"
562.466763,2026-03-10 18:06:39.390,ARDUINO_PSI,Arduino,0.000,0.000,12.774,,
562.566370,2026-03-10 18:06:39.490,ARDUINO_PSI,Arduino,0.000,0.000,12.764,,
562.666452,2026-03-10 18:06:39.590,ARDUINO_PSI,Arduino,0.000,0.000,12.771,,
562.768940,2026-03-10 18:06:39.692,ARDUINO_PSI,Arduino,0.000,0.000,12.780,,
562.823999,2026-03-10 18:06:39.747,WJ_VOLTAGE,WJ1,0.000,0.000,0,0,"HV=OFF, Fault=NO"
562.866301,2026-03-10 18:06:39.790,ARDUINO_PSI,Arduino,0.000,0.000,12.780,,
562.947794,2026-03-10 18:06:39.871,WJ_VOLTAGE,WJ2,0.000,0.000,0,0,"HV=OFF, Fault=NO"
562.966112,2026-03-10 18:06:39.889,ARDUINO_PSI,Arduino,0.000,0.000,12.787,,
563.066310,2026-03-10 18:06:39.990,ARDUINO_PSI,Arduino,0.000,0.000,12.787,,
563.166892,2026-03-10 18:06:40.090,ARDUINO_PSI,Arduino,0.000,0.000,12.785,,
563.266530,2026-03-10 18:06:40.190,ARDUINO_PSI,Arduino,0.000,0.000,12.790,,
563.350825,2026-03-10 18:06:40.274,WJ_VOLTAGE,WJ1,0.000,0.000,0,0,"HV=OFF, Fault=NO"
563.366188,2026-03-10 18:06:40.290,ARDUINO_PSI,Arduino,0.000,0.000,12.790,,
563.467094,2026-03-10 18:06:40.390,ARDUINO_PSI,Arduino,0.000,0.000,12.778,,
563.475079,2026-03-10 18:06:40.398,WJ_VOLTAGE,WJ2,0.000,0.000,0,0,"HV=OFF, Fault=NO"
563.566407,2026-03-10 18:06:40.490,ARDUINO_PSI,Arduino,0.000,0.000,12.783,,
563.666390,2026-03-10 18:06:40.590,ARDUINO_PSI,Arduino,0.000,0.000,12.801,,
563.767707,2026-03-10 18:06:40.691,ARDUINO_PSI,Arduino,0.000,0.000,12.796,,
563.867088,2026-03-10 18:06:40.790,ARDUINO_PSI,Arduino,0.000,0.000,12.794,,
563.887081,2026-03-10 18:06:40.810,WJ_VOLTAGE,WJ1,0.000,0.000,0,0,"HV=OFF, Fault=NO"
563.965636,2026-03-10 18:06:40.889,ARDUINO_PSI,Arduino,0.000,0.000,12.801,,
564.007674,2026-03-10 18:06:40.931,WJ_VOLTAGE,WJ2,0.000,0.000,0,0,"HV=OFF, Fault=NO"
564.069009,2026-03-10 18:06:40.992,ARDUINO_PSI,Arduino,0.000,0.000,12.790,,
564.167201,2026-03-10 18:06:41.091,ARDUINO_PSI,Arduino,0.000,0.000,12.785,,
564.266391,2026-03-10 18:06:41.190,ARDUINO_PSI,Arduino,0.000,0.000,12.794,,
564.366935,2026-03-10 18:06:41.290,ARDUINO_PSI,Arduino,0.000,0.000,12.806,,
564.410708,2026-03-10 18:06:41.334,WJ_VOLTAGE,WJ1,0.000,0.000,0,0,"HV=OFF, Fault=NO"
564.466691,2026-03-10 18:06:41.390,ARDUINO_PSI,Arduino,0.000,0.000,12.806,,
564.534354,2026-03-10 18:06:41.458,WJ_VOLTAGE,WJ2,0.000,0.000,0,0,"HV=OFF, Fault=NO"
564.565682,2026-03-10 18:06:41.489,ARDUINO_PSI,Arduino,0.000,0.000,12.810,,
564.666288,2026-03-10 18:06:41.590,ARDUINO_PSI,Arduino,0.000,0.000,12.808,,
564.766813,2026-03-10 18:06:41.690,ARDUINO_PSI,Arduino,0.000,0.000,12.806,,
564.866329,2026-03-10 18:06:41.790,ARDUINO_PSI,Arduino,0.000,0.000,12.812,,
564.938390,2026-03-10 18:06:41.862,WJ_VOLTAGE,WJ1,0.000,0.000,0,0,"HV=OFF, Fault=NO"
564.965841,2026-03-10 18:06:41.889,ARDUINO_PSI,Arduino,0.000,0.000,12.819,,
565.066376,2026-03-10 18:06:41.990,ARDUINO_PSI,Arduino,0.000,0.000,12.817,,
565.078983,2026-03-10 18:06:42.002,WJ_VOLTAGE,WJ2,0.000,0.000,0,0,"HV=OFF, Fault=NO"
565.166442,2026-03-10 18:06:42.090,ARDUINO_PSI,Arduino,0.000,0.000,12.824,,
565.266940,2026-03-10 18:06:42.190,ARDUINO_PSI,Arduino,0.000,0.000,12.815,,
565.366355,2026-03-10 18:06:42.290,ARDUINO_PSI,Arduino,0.000,0.000,12.808,,
565.465868,2026-03-10 18:06:42.389,ARDUINO_PSI,Arduino,0.000,0.000,12.806,,
565.468963,2026-03-10 18:06:42.392,WJ_VOLTAGE,WJ1,0.000,0.000,0,0,"HV=OFF, Fault=NO"
565.566665,2026-03-10 18:06:42.490,ARDUINO_PSI,Arduino,0.000,0.000,12.806,,
565.608589,2026-03-10 18:06:42.532,WJ_VOLTAGE,WJ2,0.000,0.000,0,0,"HV=OFF, Fault=NO"
565.666807,2026-03-10 18:06:42.590,ARDUINO_PSI,Arduino,0.000,0.000,12.796,,
565.765588,2026-03-10 18:06:42.689,ARDUINO_PSI,Arduino,0.000,0.000,12.796,,
565.867601,2026-03-10 18:06:42.791,ARDUINO_PSI,Arduino,0.000,0.000,12.796,,
565.966374,2026-03-10 18:06:42.890,ARDUINO_PSI,Arduino,0.000,0.000,12.803,,
565.995722,2026-03-10 18:06:42.919,WJ_VOLTAGE,WJ1,0.000,0.000,0,0,"HV=OFF, Fault=NO"
566.067145,2026-03-10 18:06:42.991,ARDUINO_PSI,Arduino,0.000,0.000,12.810,,
566.136465,2026-03-10 18:06:43.060,WJ_VOLTAGE,WJ2,0.000,0.000,0,0,"HV=OFF, Fault=NO"
566.266332,2026-03-10 18:06:43.190,ARDUINO_PSI,Arduino,0.000,0.000,12.808,,
566.366707,2026-03-10 18:06:43.290,ARDUINO_PSI,Arduino,0.000,0.000,12.803,,
566.466343,2026-03-10 18:06:43.390,ARDUINO_PSI,Arduino,0.000,0.000,12.806,,
566.525240,2026-03-10 18:06:43.449,WJ_VOLTAGE,WJ1,0.000,0.000,0,0,"HV=OFF, Fault=NO"
566.566724,2026-03-10 18:06:43.490,ARDUINO_PSI,Arduino,0.000,0.000,12.822,,
566.663305,2026-03-10 18:06:43.587,WJ_VOLTAGE,WJ2,0.000,0.000,0,0,"HV=OFF, Fault=NO"
566.678240,2026-03-10 18:06:43.602,ARDUINO_PSI,Arduino,0.000,0.000,12.824,,
566.767079,2026-03-10 18:06:43.690,ARDUINO_PSI,Arduino,0.000,0.000,12.810,,
566.866298,2026-03-10 18:06:43.790,ARDUINO_PSI,Arduino,0.000,0.000,12.819,,
566.966953,2026-03-10 18:06:43.890,ARDUINO_PSI,Arduino,0.000,0.000,12.824,,
567.051596,2026-03-10 18:06:43.975,WJ_VOLTAGE,WJ1,0.000,0.000,0,0,"HV=OFF, Fault=NO"
567.066266,2026-03-10 18:06:43.990,ARDUINO_PSI,Arduino,0.000,0.000,12.828,,
567.166977,2026-03-10 18:06:44.090,ARDUINO_PSI,Arduino,0.000,0.000,12.831,,
567.191084,2026-03-10 18:06:44.114,WJ_VOLTAGE,WJ2,0.000,0.000,0,0,"HV=OFF, Fault=NO"
567.269267,2026-03-10 18:06:44.193,ARDUINO_PSI,Arduino,0.000,0.000,12.845,,
567.366967,2026-03-10 18:06:44.290,ARDUINO_PSI,Arduino,0.000,0.000,12.863,,
567.466356,2026-03-10 18:06:44.390,ARDUINO_PSI,Arduino,0.000,0.000,12.872,,
567.566621,2026-03-10 18:06:44.490,ARDUINO_PSI,Arduino,0.000,0.000,12.874,,
567.571276,2026-03-10 18:06:44.495,WJ_VOLTAGE,WJ1,0.000,0.000,0,0,"HV=OFF, Fault=NO"
567.666401,2026-03-10 18:06:44.590,ARDUINO_PSI,Arduino,0.000,0.000,12.888,,
567.724894,2026-03-10 18:06:44.648,WJ_VOLTAGE,WJ2,0.000,0.000,0,0,"HV=OFF, Fault=NO"
567.766538,2026-03-10 18:06:44.690,ARDUINO_PSI,Arduino,0.000,0.000,12.902,,
567.866967,2026-03-10 18:06:44.790,ARDUINO_PSI,Arduino,0.000,0.000,12.906,,
567.967134,2026-03-10 18:06:44.891,ARDUINO_PSI,Arduino,0.000,0.000,12.906,,
568.066861,2026-03-10 18:06:44.990,ARDUINO_PSI,Arduino,0.000,0.000,12.906,,
568.094752,2026-03-10 18:06:45.018,WJ_VOLTAGE,WJ1,0.000,0.000,0,0,"HV=OFF, Fault=NO"
568.167510,2026-03-10 18:06:45.091,ARDUINO_PSI,Arduino,0.000,0.000,12.904,,
568.251526,2026-03-10 18:06:45.175,WJ_VOLTAGE,WJ2,0.000,0.000,0,0,"HV=OFF, Fault=NO"
568.269811,2026-03-10 18:06:45.193,ARDUINO_PSI,Arduino,0.000,0.000,12.913,,
568.367007,2026-03-10 18:06:45.290,ARDUINO_PSI,Arduino,0.000,0.000,12.909,,
568.467357,2026-03-10 18:06:45.391,ARDUINO_PSI,Arduino,0.000,0.000,12.915,,
568.566232,2026-03-10 18:06:45.490,ARDUINO_PSI,Arduino,0.000,0.000,12.904,,
568.622771,2026-03-10 18:06:45.546,WJ_VOLTAGE,WJ1,0.000,0.000,0,0,"HV=OFF, Fault=NO"
568.666318,2026-03-10 18:06:45.590,ARDUINO_PSI,Arduino,0.000,0.000,12.902,,
568.766312,2026-03-10 18:06:45.690,ARDUINO_PSI,Arduino,0.000,0.000,12.915,,
568.779541,2026-03-10 18:06:45.703,WJ_VOLTAGE,WJ2,0.000,0.000,0,0,"HV=OFF, Fault=NO"
568.866465,2026-03-10 18:06:45.790,ARDUINO_PSI,Arduino,0.000,0.000,12.899,,
568.968889,2026-03-10 18:06:45.892,ARDUINO_PSI,Arduino,0.000,0.000,12.895,,
569.067024,2026-03-10 18:06:45.990,ARDUINO_PSI,Arduino,0.000,0.000,12.897,,
569.154100,2026-03-10 18:06:46.077,WJ_VOLTAGE,WJ1,0.000,0.000,0,0,"HV=OFF, Fault=NO"
569.170649,2026-03-10 18:06:46.094,ARDUINO_PSI,Arduino,0.000,0.000,12.888,,
569.268631,2026-03-10 18:06:46.192,ARDUINO_PSI,Arduino,0.000,0.000,12.883,,
569.306909,2026-03-10 18:06:46.230,WJ_VOLTAGE,WJ2,0.000,0.000,0,0,"HV=OFF, Fault=NO"
569.366126,2026-03-10 18:06:46.290,ARDUINO_PSI,Arduino,0.000,0.000,12.872,,
569.467206,2026-03-10 18:06:46.391,ARDUINO_PSI,Arduino,0.000,0.000,12.867,,
569.567040,2026-03-10 18:06:46.490,ARDUINO_PSI,Arduino,0.000,0.000,12.867,,
569.666692,2026-03-10 18:06:46.590,ARDUINO_PSI,Arduino,0.000,0.000,12.856,,
569.682455,2026-03-10 18:06:46.606,WJ_VOLTAGE,WJ1,0.000,0.000,0,0,"HV=OFF, Fault=NO"
569.768420,2026-03-10 18:06:46.692,ARDUINO_PSI,Arduino,0.000,0.000,12.867,,
569.838328,2026-03-10 18:06:46.762,WJ_VOLTAGE,WJ2,0.000,0.000,0,0,"HV=OFF, Fault=NO"
569.866638,2026-03-10 18:06:46.790,ARDUINO_PSI,Arduino,0.000,0.000,12.863,,
569.966328,2026-03-10 18:06:46.890,ARDUINO_PSI,Arduino,0.000,0.000,12.863,,
570.067163,2026-03-10 18:06:46.991,ARDUINO_PSI,Arduino,0.000,0.000,12.865,,
570.167045,2026-03-10 18:06:47.090,ARDUINO_PSI,Arduino,0.000,0.000,12.863,,
570.211983,2026-03-10 18:06:47.135,WJ_VOLTAGE,WJ1,0.000,0.000,0,0,"HV=OFF, Fault=NO"
570.266992,2026-03-10 18:06:47.190,ARDUINO_PSI,Arduino,0.000,0.000,12.858,,
570.368240,2026-03-10 18:06:47.292,ARDUINO_PSI,Arduino,0.000,0.000,12.863,,
570.369774,2026-03-10 18:06:47.293,WJ_VOLTAGE,WJ2,0.000,0.000,0,0,"HV=OFF, Fault=NO"
570.466560,2026-03-10 18:06:47.390,ARDUINO_PSI,Arduino,0.000,0.000,12.856,,
570.567108,2026-03-10 18:06:47.490,ARDUINO_PSI,Arduino,0.000,0.000,12.867,,
570.667082,2026-03-10 18:06:47.590,ARDUINO_PSI,Arduino,0.000,0.000,12.863,,
570.731744,2026-03-10 18:06:47.655,WJ_VOLTAGE,WJ1,0.000,0.000,0,0,"HV=OFF, Fault=NO"
570.766417,2026-03-10 18:06:47.690,ARDUINO_PSI,Arduino,0.000,0.000,12.856,,
570.866991,2026-03-10 18:06:47.790,ARDUINO_PSI,Arduino,0.000,0.000,12.854,,
570.891401,2026-03-10 18:06:47.815,WJ_VOLTAGE,WJ2,0.000,0.000,0,0,"HV=OFF, Fault=NO"
570.966874,2026-03-10 18:06:47.890,ARDUINO_PSI,Arduino,0.000,0.000,12.842,,
571.066991,2026-03-10 18:06:47.990,ARDUINO_PSI,Arduino,0.000,0.000,12.831,,
571.167403,2026-03-10 18:06:48.091,ARDUINO_PSI,Arduino,0.000,0.000,12.822,,
571.262966,2026-03-10 18:06:48.186,WJ_VOLTAGE,WJ1,0.000,0.000,0,0,"HV=OFF, Fault=NO"
571.271793,2026-03-10 18:06:48.195,ARDUINO_PSI,Arduino,0.000,0.000,12.810,,
571.367045,2026-03-10 18:06:48.290,ARDUINO_PSI,Arduino,0.000,0.000,12.806,,
571.421120,2026-03-10 18:06:48.345,WJ_VOLTAGE,WJ2,0.000,0.000,0,0,"HV=OFF, Fault=NO"
571.466203,2026-03-10 18:06:48.390,ARDUINO_PSI,Arduino,0.000,0.000,12.803,,
571.566239,2026-03-10 18:06:48.490,ARDUINO_PSI,Arduino,0.000,0.000,12.803,,
571.666180,2026-03-10 18:06:48.590,ARDUINO_PSI,Arduino,0.000,0.000,12.810,,
571.767213,2026-03-10 18:06:48.691,ARDUINO_PSI,Arduino,0.000,0.000,12.787,,
571.792846,2026-03-10 18:06:48.716,WJ_VOLTAGE,WJ1,0.000,0.000,0,0,"HV=OFF, Fault=NO"
571.867015,2026-03-10 18:06:48.790,ARDUINO_PSI,Arduino,0.000,0.000,12.796,,
571.948416,2026-03-10 18:06:48.872,WJ_VOLTAGE,WJ2,0.000,0.000,0,0,"HV=OFF, Fault=NO"
571.965531,2026-03-10 18:06:48.889,ARDUINO_PSI,Arduino,0.000,0.000,12.796,,
572.067261,2026-03-10 18:06:48.991,ARDUINO_PSI,Arduino,0.000,0.000,12.808,,
572.166507,2026-03-10 18:06:49.090,ARDUINO_PSI,Arduino,0.000,0.000,12.815,,
572.268557,2026-03-10 18:06:49.192,ARDUINO_PSI,Arduino,0.000,0.000,12.822,,
572.322501,2026-03-10 18:06:49.246,WJ_VOLTAGE,WJ1,0.000,0.000,0,0,"HV=OFF, Fault=NO"
572.366127,2026-03-10 18:06:49.290,ARDUINO_PSI,Arduino,0.000,0.000,12.812,,
572.466255,2026-03-10 18:06:49.390,ARDUINO_PSI,Arduino,0.000,0.000,12.822,,
572.478863,2026-03-10 18:06:49.402,WJ_VOLTAGE,WJ2,0.000,0.000,0,0,"HV=OFF, Fault=NO"
572.566064,2026-03-10 18:06:49.489,ARDUINO_PSI,Arduino,0.000,0.000,12.817,,
572.666950,2026-03-10 18:06:49.590,ARDUINO_PSI,Arduino,0.000,0.000,12.812,,
572.766891,2026-03-10 18:06:49.690,ARDUINO_PSI,Arduino,0.000,0.000,12.815,,
572.853742,2026-03-10 18:06:49.777,WJ_VOLTAGE,WJ1,0.000,0.000,0,0,"HV=OFF, Fault=NO"
572.865508,2026-03-10 18:06:49.789,ARDUINO_PSI,Arduino,0.000,0.000,12.824,,
572.966115,2026-03-10 18:06:49.889,ARDUINO_PSI,Arduino,0.000,0.000,12.838,,
573.005915,2026-03-10 18:06:49.929,WJ_VOLTAGE,WJ2,0.000,0.000,0,0,"HV=OFF, Fault=NO"
573.066031,2026-03-10 18:06:49.989,ARDUINO_PSI,Arduino,0.000,0.000,12.847,,
573.166039,2026-03-10 18:06:50.089,ARDUINO_PSI,Arduino,0.000,0.000,12.851,,
573.267290,2026-03-10 18:06:50.191,ARDUINO_PSI,Arduino,0.000,0.000,12.858,,
573.366153,2026-03-10 18:06:50.290,ARDUINO_PSI,Arduino,0.000,0.000,12.872,,
573.380414,2026-03-10 18:06:50.304,WJ_VOLTAGE,WJ1,0.000,0.000,0,0,"HV=OFF, Fault=NO"
573.465669,2026-03-10 18:06:50.389,ARDUINO_PSI,Arduino,0.000,0.000,12.877,,
573.537526,2026-03-10 18:06:50.461,WJ_VOLTAGE,WJ2,0.000,0.000,0,0,"HV=OFF, Fault=NO"
573.565622,2026-03-10 18:06:50.489,ARDUINO_PSI,Arduino,0.000,0.000,12.888,,
573.666185,2026-03-10 18:06:50.590,ARDUINO_PSI,Arduino,0.000,0.000,12.883,,
573.766555,2026-03-10 18:06:50.690,ARDUINO_PSI,Arduino,0.000,0.000,12.881,,
573.866236,2026-03-10 18:06:50.790,ARDUINO_PSI,Arduino,0.000,0.000,12.883,,
573.905818,2026-03-10 18:06:50.829,WJ_VOLTAGE,WJ1,0.000,0.000,0,0,"HV=OFF, Fault=NO"
573.966626,2026-03-10 18:06:50.890,ARDUINO_PSI,Arduino,0.000,0.000,12.890,,
574.060578,2026-03-10 18:06:50.984,WJ_VOLTAGE,WJ2,0.000,0.000,0,0,"HV=OFF, Fault=NO"
574.078434,2026-03-10 18:06:51.002,ARDUINO_PSI,Arduino,0.000,0.000,12.879,,
574.166154,2026-03-10 18:06:51.090,ARDUINO_PSI,Arduino,0.000,0.000,12.879,,
574.266177,2026-03-10 18:06:51.190,ARDUINO_PSI,Arduino,0.000,0.000,12.877,,
574.365837,2026-03-10 18:06:51.289,ARDUINO_PSI,Arduino,0.000,0.000,12.886,,
574.422519,2026-03-10 18:06:51.346,WJ_VOLTAGE,WJ1,0.000,0.000,0,0,"HV=OFF, Fault=NO"
574.465530,2026-03-10 18:06:51.389,ARDUINO_PSI,Arduino,0.000,0.000,12.881,,
574.566338,2026-03-10 18:06:51.490,ARDUINO_PSI,Arduino,0.000,0.000,12.874,,
574.592201,2026-03-10 18:06:51.516,WJ_VOLTAGE,WJ2,0.000,0.000,0,0,"HV=OFF, Fault=NO"
574.666115,2026-03-10 18:06:51.589,ARDUINO_PSI,Arduino,0.000,0.000,12.888,,
574.765620,2026-03-10 18:06:51.689,ARDUINO_PSI,Arduino,0.000,0.000,12.886,,
574.866427,2026-03-10 18:06:51.790,ARDUINO_PSI,Arduino,0.000,0.000,12.883,,
574.952005,2026-03-10 18:06:51.875,WJ_VOLTAGE,WJ1,0.000,0.000,0,0,"HV=OFF, Fault=NO"
574.966179,2026-03-10 18:06:51.890,ARDUINO_PSI,Arduino,0.000,0.000,12.879,,
575.066148,2026-03-10 18:06:51.990,ARDUINO_PSI,Arduino,0.000,0.000,12.870,,
575.122551,2026-03-10 18:06:52.046,WJ_VOLTAGE,WJ2,0.000,0.000,0,0,"HV=OFF, Fault=NO"
575.165895,2026-03-10 18:06:52.089,ARDUINO_PSI,Arduino,0.000,0.000,12.872,,
575.265630,2026-03-10 18:06:52.189,ARDUINO_PSI,Arduino,0.000,0.000,12.872,,
575.366027,2026-03-10 18:06:52.289,ARDUINO_PSI,Arduino,0.000,0.000,12.870,,
575.466370,2026-03-10 18:06:52.390,ARDUINO_PSI,Arduino,0.000,0.000,12.867,,
575.480464,2026-03-10 18:06:52.404,WJ_VOLTAGE,WJ1,0.000,0.000,0,0,"HV=OFF, Fault=NO"
575.566850,2026-03-10 18:06:52.490,ARDUINO_PSI,Arduino,0.000,0.000,12.861,,
575.654942,2026-03-10 18:06:52.578,WJ_VOLTAGE,WJ2,0.000,0.000,0,0,"HV=OFF, Fault=NO"
575.674875,2026-03-10 18:06:52.598,ARDUINO_PSI,Arduino,0.000,0.000,12.856,,
575.765629,2026-03-10 18:06:52.689,ARDUINO_PSI,Arduino,0.000,0.000,12.851,,
575.866149,2026-03-10 18:06:52.790,ARDUINO_PSI,Arduino,0.000,0.000,12.840,,
575.966285,2026-03-10 18:06:52.890,ARDUINO_PSI,Arduino,0.000,0.000,12.835,,
576.014065,2026-03-10 18:06:52.937,WJ_VOLTAGE,WJ1,0.000,0.000,0,0,"HV=OFF, Fault=NO"
576.065703,2026-03-10 18:06:52.989,ARDUINO_PSI,Arduino,0.000,0.000,12.831,,
576.165610,2026-03-10 18:06:53.089,ARDUINO_PSI,Arduino,0.000,0.000,12.822,,
576.184445,2026-03-10 18:06:53.108,WJ_VOLTAGE,WJ2,0.000,0.000,0,0,"HV=OFF, Fault=NO"
576.266352,2026-03-10 18:06:53.190,ARDUINO_PSI,Arduino,0.000,0.000,12.824,,
576.366117,2026-03-10 18:06:53.290,ARDUINO_PSI,Arduino,0.000,0.000,12.822,,
576.467428,2026-03-10 18:06:53.391,ARDUINO_PSI,Arduino,0.000,0.000,12.819,,
576.541420,2026-03-10 18:06:53.465,WJ_VOLTAGE,WJ1,0.000,0.000,0,0,"HV=OFF, Fault=NO"
576.565748,2026-03-10 18:06:53.489,ARDUINO_PSI,Arduino,0.000,0.000,12.822,,
576.666430,2026-03-10 18:06:53.590,ARDUINO_PSI,Arduino,0.000,0.000,12.812,,
576.711754,2026-03-10 18:06:53.635,WJ_VOLTAGE,WJ2,0.000,0.000,0,0,"HV=OFF, Fault=NO"
576.765653,2026-03-10 18:06:53.689,ARDUINO_PSI,Arduino,0.000,0.000,12.808,,
576.866132,2026-03-10 18:06:53.790,ARDUINO_PSI,Arduino,0.000,0.000,12.806,,
576.968383,2026-03-10 18:06:53.892,ARDUINO_PSI,Arduino,0.000,0.000,12.806,,
577.066451,2026-03-10 18:06:53.990,ARDUINO_PSI,Arduino,0.000,0.000,12.822,,
577.074087,2026-03-10 18:06:53.997,WJ_VOLTAGE,WJ1,0.000,0.000,0,0,"HV=OFF, Fault=NO"
577.166245,2026-03-10 18:06:54.090,ARDUINO_PSI,Arduino,0.000,0.000,12.826,,
577.242477,2026-03-10 18:06:54.166,WJ_VOLTAGE,WJ2,0.000,0.000,0,0,"HV=OFF, Fault=NO"
577.265634,2026-03-10 18:06:54.189,ARDUINO_PSI,Arduino,0.000,0.000,12.824,,
577.366445,2026-03-10 18:06:54.290,ARDUINO_PSI,Arduino,0.000,0.000,12.819,,
577.466190,2026-03-10 18:06:54.390,ARDUINO_PSI,Arduino,0.000,0.000,12.828,,
577.566159,2026-03-10 18:06:54.490,ARDUINO_PSI,Arduino,0.000,0.000,12.828,,
577.599126,2026-03-10 18:06:54.523,WJ_VOLTAGE,WJ1,0.000,0.000,0,0,"HV=OFF, Fault=NO"
577.665723,2026-03-10 18:06:54.589,ARDUINO_PSI,Arduino,0.000,0.000,12.835,,
577.766833,2026-03-10 18:06:54.690,ARDUINO_PSI,Arduino,0.000,0.000,12.849,,
577.770617,2026-03-10 18:06:54.694,WJ_VOLTAGE,WJ2,0.000,0.000,0,0,"HV=OFF, Fault=NO"
577.866141,2026-03-10 18:06:54.790,ARDUINO_PSI,Arduino,0.000,0.000,12.856,,
577.966775,2026-03-10 18:06:54.890,ARDUINO_PSI,Arduino,0.000,0.000,12.845,,
578.066150,2026-03-10 18:06:54.990,ARDUINO_PSI,Arduino,0.000,0.000,12.863,,
578.129258,2026-03-10 18:06:55.053,WJ_VOLTAGE,WJ1,0.000,0.000,0,0,"HV=OFF, Fault=NO"
578.165661,2026-03-10 18:06:55.089,ARDUINO_PSI,Arduino,0.000,0.000,12.870,,
578.266781,2026-03-10 18:06:55.190,ARDUINO_PSI,Arduino,0.000,0.000,12.879,,
578.299284,2026-03-10 18:06:55.223,WJ_VOLTAGE,WJ2,0.000,0.000,0,0,"HV=OFF, Fault=NO"
578.366256,2026-03-10 18:06:55.290,ARDUINO_PSI,Arduino,0.000,0.000,12.883,,
578.466313,2026-03-10 18:06:55.390,ARDUINO_PSI,Arduino,0.000,0.000,12.883,,
578.566954,2026-03-10 18:06:55.490,ARDUINO_PSI,Arduino,0.000,0.000,12.883,,
578.657349,2026-03-10 18:06:55.581,WJ_VOLTAGE,WJ1,0.000,0.000,0,0,"HV=OFF, Fault=NO"
578.668306,2026-03-10 18:06:55.592,ARDUINO_PSI,Arduino,0.000,0.000,12.881,,
578.765830,2026-03-10 18:06:55.689,ARDUINO_PSI,Arduino,0.000,0.000,12.888,,
578.828166,2026-03-10 18:06:55.752,WJ_VOLTAGE,WJ2,0.000,0.000,0,0,"HV=OFF, Fault=NO"
578.865661,2026-03-10 18:06:55.789,ARDUINO_PSI,Arduino,0.000,0.000,12.886,,
578.966302,2026-03-10 18:06:55.890,ARDUINO_PSI,Arduino,0.000,0.000,12.890,,
579.067175,2026-03-10 18:06:55.991,ARDUINO_PSI,Arduino,0.000,0.000,12.879,,
579.169385,2026-03-10 18:06:56.093,ARDUINO_PSI,Arduino,0.000,0.000,12.883,,
579.191300,2026-03-10 18:06:56.115,WJ_VOLTAGE,WJ1,0.000,0.000,0,0,"HV=OFF, Fault=NO"
579.266556,2026-03-10 18:06:56.190,ARDUINO_PSI,Arduino,0.000,0.000,12.890,,
579.360751,2026-03-10 18:06:56.284,WJ_VOLTAGE,WJ2,0.000,0.000,0,0,"HV=OFF, Fault=NO"
579.375492,2026-03-10 18:06:56.299,ARDUINO_PSI,Arduino,0.000,0.000,12.897,,
579.466190,2026-03-10 18:06:56.390,ARDUINO_PSI,Arduino,0.000,0.000,12.899,,
579.567094,2026-03-10 18:06:56.490,ARDUINO_PSI,Arduino,0.000,0.000,12.893,,
579.666316,2026-03-10 18:06:56.590,ARDUINO_PSI,Arduino,0.000,0.000,12.890,,
579.715046,2026-03-10 18:06:56.638,WJ_VOLTAGE,WJ1,0.000,0.000,0,0,"HV=OFF, Fault=NO"
579.766000,2026-03-10 18:06:56.689,ARDUINO_PSI,Arduino,0.000,0.000,12.879,,
579.866183,2026-03-10 18:06:56.790,ARDUINO_PSI,Arduino,0.000,0.000,12.883,,
579.887314,2026-03-10 18:06:56.811,WJ_VOLTAGE,WJ2,0.000,0.000,0,0,"HV=OFF, Fault=NO"
579.966146,2026-03-10 18:06:56.890,ARDUINO_PSI,Arduino,0.000,0.000,12.886,,
580.065998,2026-03-10 18:06:56.989,ARDUINO_PSI,Arduino,0.000,0.000,12.877,,
580.165834,2026-03-10 18:06:57.089,ARDUINO_PSI,Arduino,0.000,0.000,12.874,,
580.244233,2026-03-10 18:06:57.168,WJ_VOLTAGE,WJ1,0.000,0.000,0,0,"HV=OFF, Fault=NO"
580.265587,2026-03-10 18:06:57.189,ARDUINO_PSI,Arduino,0.000,0.000,12.872,,
580.366432,2026-03-10 18:06:57.290,ARDUINO_PSI,Arduino,0.000,0.000,12.858,,
580.416299,2026-03-10 18:06:57.340,WJ_VOLTAGE,WJ2,0.000,0.000,0,0,"HV=OFF, Fault=NO"
580.465660,2026-03-10 18:06:57.389,ARDUINO_PSI,Arduino,0.000,0.000,12.863,,
580.566123,2026-03-10 18:06:57.490,ARDUINO_PSI,Arduino,0.000,0.000,12.858,,
580.666406,2026-03-10 18:06:57.590,ARDUINO_PSI,Arduino,0.000,0.000,12.861,,
580.766052,2026-03-10 18:06:57.689,ARDUINO_PSI,Arduino,0.000,0.000,12.865,,
580.775423,2026-03-10 18:06:57.699,WJ_VOLTAGE,WJ1,0.000,0.000,0,0,"HV=OFF, Fault=NO"
580.866041,2026-03-10 18:06:57.789,ARDUINO_PSI,Arduino,0.000,0.000,12.881,,
580.949785,2026-03-10 18:06:57.873,WJ_VOLTAGE,WJ2,0.000,0.000,0,0,"HV=OFF, Fault=NO"
580.965672,2026-03-10 18:06:57.889,ARDUINO_PSI,Arduino,0.000,0.000,12.881,,
581.066133,2026-03-10 18:06:57.990,ARDUINO_PSI,Arduino,0.000,0.000,12.883,,
581.166340,2026-03-10 18:06:58.090,ARDUINO_PSI,Arduino,0.000,0.000,12.883,,
581.266141,2026-03-10 18:06:58.190,ARDUINO_PSI,Arduino,0.000,0.000,12.886,,
581.307957,2026-03-10 18:06:58.231,WJ_VOLTAGE,WJ1,0.000,0.000,0,0,"HV=OFF, Fault=NO"
581.366035,2026-03-10 18:06:58.289,ARDUINO_PSI,Arduino,0.000,0.000,12.879,,
581.466122,2026-03-10 18:06:58.390,ARDUINO_PSI,Arduino,0.000,0.000,12.881,,
581.479908,2026-03-10 18:06:58.403,WJ_VOLTAGE,WJ2,0.000,0.000,0,0,"HV=OFF, Fault=NO"
581.566281,2026-03-10 18:06:58.490,ARDUINO_PSI,Arduino,0.000,0.000,12.881,,
581.666174,2026-03-10 18:06:58.590,ARDUINO_PSI,Arduino,0.000,0.000,12.893,,
581.766233,2026-03-10 18:06:58.690,ARDUINO_PSI,Arduino,0.000,0.000,12.906,,
581.840213,2026-03-10 18:06:58.764,WJ_VOLTAGE,WJ1,0.000,0.000,0,0,"HV=OFF, Fault=NO"
581.865874,2026-03-10 18:06:58.789,ARDUINO_PSI,Arduino,0.000,0.000,12.904,,
581.966373,2026-03-10 18:06:58.890,ARDUINO_PSI,Arduino,0.000,0.000,12.897,,
582.010199,2026-03-10 18:06:58.934,WJ_VOLTAGE,WJ2,0.000,0.000,0,0,"HV=OFF, Fault=NO"
582.066224,2026-03-10 18:06:58.990,ARDUINO_PSI,Arduino,0.000,0.000,12.893,,
582.166294,2026-03-10 18:06:59.090,ARDUINO_PSI,Arduino,0.000,0.000,12.906,,
582.266274,2026-03-10 18:06:59.190,ARDUINO_PSI,Arduino,0.000,0.000,12.902,,
582.366048,2026-03-10 18:06:59.289,ARDUINO_PSI,Arduino,0.000,0.000,12.915,,
582.372942,2026-03-10 18:06:59.296,WJ_VOLTAGE,WJ1,0.000,0.000,0,0,"HV=OFF, Fault=NO"
582.465849,2026-03-10 18:06:59.389,ARDUINO_PSI,Arduino,0.000,0.000,12.911,,
582.542241,2026-03-10 18:06:59.466,WJ_VOLTAGE,WJ2,0.000,0.000,0,0,"HV=OFF, Fault=NO"
582.565628,2026-03-10 18:06:59.489,ARDUINO_PSI,Arduino,0.000,0.000,12.918,,
582.666320,2026-03-10 18:06:59.590,ARDUINO_PSI,Arduino,0.000,0.000,12.927,,
582.765619,2026-03-10 18:06:59.689,ARDUINO_PSI,Arduino,0.000,0.000,12.918,,
582.866110,2026-03-10 18:06:59.789,ARDUINO_PSI,Arduino,0.000,0.000,12.915,,
582.897889,2026-03-10 18:06:59.821,WJ_VOLTAGE,WJ1,0.000,0.000,0,0,"HV=OFF, Fault=NO"
582.965858,2026-03-10 18:06:59.889,ARDUINO_PSI,Arduino,0.000,0.000,12.922,,
583.066368,2026-03-10 18:06:59.990,ARDUINO_PSI,Arduino,0.000,0.000,12.929,,
583.073186,2026-03-10 18:06:59.997,WJ_VOLTAGE,WJ2,0.000,0.000,0,0,"HV=OFF, Fault=NO"
583.166577,2026-03-10 18:07:00.090,ARDUINO_PSI,Arduino,0.000,0.000,12.936,,
583.266523,2026-03-10 18:07:00.190,ARDUINO_PSI,Arduino,0.000,0.000,12.934,,
583.366350,2026-03-10 18:07:00.290,ARDUINO_PSI,Arduino,0.000,0.000,12.934,,
583.428434,2026-03-10 18:07:00.352,WJ_VOLTAGE,WJ1,0.000,0.000,0,0,"HV=OFF, Fault=NO"
583.465723,2026-03-10 18:07:00.389,ARDUINO_PSI,Arduino,0.000,0.000,12.918,,
583.566462,2026-03-10 18:07:00.490,ARDUINO_PSI,Arduino,0.000,0.000,12.922,,
583.599424,2026-03-10 18:07:00.523,WJ_VOLTAGE,WJ2,0.000,0.000,0,0,"HV=OFF, Fault=NO"
583.666315,2026-03-10 18:07:00.590,ARDUINO_PSI,Arduino,0.000,0.000,12.911,,
583.766246,2026-03-10 18:07:00.690,ARDUINO_PSI,Arduino,0.000,0.000,12.897,,
583.865736,2026-03-10 18:07:00.789,ARDUINO_PSI,Arduino,0.000,0.000,12.899,,
583.957253,2026-03-10 18:07:00.881,WJ_VOLTAGE,WJ1,0.000,0.000,0,0,"HV=OFF, Fault=NO"
583.966796,2026-03-10 18:07:00.890,ARDUINO_PSI,Arduino,0.000,0.000,12.925,,
584.066045,2026-03-10 18:07:00.989,ARDUINO_PSI,Arduino,0.000,0.000,12.925,,
584.128550,2026-03-10 18:07:01.052,WJ_VOLTAGE,WJ2,0.000,0.000,0,0,"HV=OFF, Fault=NO"
584.165635,2026-03-10 18:07:01.089,ARDUINO_PSI,Arduino,0.000,0.000,12.909,,
584.266179,2026-03-10 18:07:01.190,ARDUINO_PSI,Arduino,0.000,0.000,12.909,,
584.366205,2026-03-10 18:07:01.290,ARDUINO_PSI,Arduino,0.000,0.000,12.897,,
584.466166,2026-03-10 18:07:01.390,ARDUINO_PSI,Arduino,0.000,0.000,12.906,,
584.487088,2026-03-10 18:07:01.410,WJ_VOLTAGE,WJ1,0.000,0.000,0,0,"HV=OFF, Fault=NO"
584.566352,2026-03-10 18:07:01.490,ARDUINO_PSI,Arduino,0.000,0.000,12.899,,
584.656065,2026-03-10 18:07:01.579,WJ_VOLTAGE,WJ2,0.000,0.000,0,0,"HV=OFF, Fault=NO"
584.666584,2026-03-10 18:07:01.590,ARDUINO_PSI,Arduino,0.000,0.000,12.897,,
584.765827,2026-03-10 18:07:01.689,ARDUINO_PSI,Arduino,0.000,0.000,12.906,,
584.866077,2026-03-10 18:07:01.789,ARDUINO_PSI,Arduino,0.000,0.000,12.893,,
584.965950,2026-03-10 18:07:01.889,ARDUINO_PSI,Arduino,0.000,0.000,12.886,,
585.017310,2026-03-10 18:07:01.941,WJ_VOLTAGE,WJ1,0.000,0.000,0,0,"HV=OFF, Fault=NO"
585.065797,2026-03-10 18:07:01.989,ARDUINO_PSI,Arduino,0.000,0.000,12.890,,
585.166226,2026-03-10 18:07:02.090,ARDUINO_PSI,Arduino,0.000,0.000,12.881,,
585.187390,2026-03-10 18:07:02.111,WJ_VOLTAGE,WJ2,0.000,0.000,0,0,"HV=OFF, Fault=NO"
585.266478,2026-03-10 18:07:02.190,ARDUINO_PSI,Arduino,0.000,0.000,12.872,,
585.366262,2026-03-10 18:07:02.290,ARDUINO_PSI,Arduino,0.000,0.000,12.877,,
585.467226,2026-03-10 18:07:02.391,ARDUINO_PSI,Arduino,0.000,0.000,12.888,,
585.545178,2026-03-10 18:07:02.469,WJ_VOLTAGE,WJ1,0.000,0.000,0,0,"HV=OFF, Fault=NO"
585.565630,2026-03-10 18:07:02.489,ARDUINO_PSI,Arduino,0.000,0.000,12.888,,
585.666047,2026-03-10 18:07:02.589,ARDUINO_PSI,Arduino,0.000,0.000,12.895,,
585.716086,2026-03-10 18:07:02.639,WJ_VOLTAGE,WJ2,0.000,0.000,0,0,"HV=OFF, Fault=NO"
585.765576,2026-03-10 18:07:02.689,ARDUINO_PSI,Arduino,0.000,0.000,12.897,,
585.866111,2026-03-10 18:07:02.789,ARDUINO_PSI,Arduino,0.000,0.000,12.893,,
585.966658,2026-03-10 18:07:02.890,ARDUINO_PSI,Arduino,0.000,0.000,12.886,,
586.066090,2026-03-10 18:07:02.989,ARDUINO_PSI,Arduino,0.000,0.000,12.886,,
586.076403,2026-03-10 18:07:03.000,WJ_VOLTAGE,WJ1,0.000,0.000,0,0,"HV=OFF, Fault=NO"
586.166384,2026-03-10 18:07:03.090,ARDUINO_PSI,Arduino,0.000,0.000,12.890,,
586.247938,2026-03-10 18:07:03.171,WJ_VOLTAGE,WJ2,0.000,0.000,0,0,"HV=OFF, Fault=NO"
586.265512,2026-03-10 18:07:03.189,ARDUINO_PSI,Arduino,0.000,0.000,12.888,,
586.366198,2026-03-10 18:07:03.290,ARDUINO_PSI,Arduino,0.000,0.000,12.897,,
586.467333,2026-03-10 18:07:03.391,ARDUINO_PSI,Arduino,0.000,0.000,12.897,,
586.566377,2026-03-10 18:07:03.490,ARDUINO_PSI,Arduino,0.000,0.000,12.899,,
586.602710,2026-03-10 18:07:03.526,WJ_VOLTAGE,WJ1,0.000,0.000,0,0,"HV=OFF, Fault=NO"
586.666343,2026-03-10 18:07:03.590,ARDUINO_PSI,Arduino,0.000,0.000,12.897,,
586.766368,2026-03-10 18:07:03.690,ARDUINO_PSI,Arduino,0.000,0.000,12.902,,
586.771172,2026-03-10 18:07:03.695,WJ_VOLTAGE,WJ2,0.000,0.000,0,0,"HV=OFF, Fault=NO"
586.866391,2026-03-10 18:07:03.790,ARDUINO_PSI,Arduino,0.000,0.000,12.909,,
586.966153,2026-03-10 18:07:03.890,ARDUINO_PSI,Arduino,0.000,0.000,12.909,,
587.066107,2026-03-10 18:07:03.989,ARDUINO_PSI,Arduino,0.000,0.000,12.899,,
587.132137,2026-03-10 18:07:04.056,WJ_VOLTAGE,WJ1,0.000,0.000,0,0,"HV=OFF, Fault=NO"
587.165591,2026-03-10 18:07:04.089,ARDUINO_PSI,Arduino,0.000,0.000,12.906,,
587.266173,2026-03-10 18:07:04.190,ARDUINO_PSI,Arduino,0.000,0.000,12.920,,
587.303410,2026-03-10 18:07:04.227,WJ_VOLTAGE,WJ2,0.000,0.000,0,0,"HV=OFF, Fault=NO"
587.366422,2026-03-10 18:07:04.290,ARDUINO_PSI,Arduino,0.000,0.000,12.909,,
587.466127,2026-03-10 18:07:04.390,ARDUINO_PSI,Arduino,0.000,0.000,12.904,,
587.566547,2026-03-10 18:07:04.490,ARDUINO_PSI,Arduino,0.000,0.000,12.906,,
587.662023,2026-03-10 18:07:04.585,WJ_VOLTAGE,WJ1,0.000,0.000,0,0,"HV=OFF, Fault=NO"
587.677101,2026-03-10 18:07:04.600,ARDUINO_PSI,Arduino,0.000,0.000,12.890,,
587.766885,2026-03-10 18:07:04.690,ARDUINO_PSI,Arduino,0.000,0.000,12.897,,
587.850392,2026-03-10 18:07:04.774,WJ_VOLTAGE,WJ2,0.000,0.000,0,0,"HV=OFF, Fault=NO"
587.867303,2026-03-10 18:07:04.791,ARDUINO_PSI,Arduino,0.000,0.000,12.895,,
587.966210,2026-03-10 18:07:04.890,ARDUINO_PSI,Arduino,0.000,0.000,12.902,,
588.066294,2026-03-10 18:07:04.990,ARDUINO_PSI,Arduino,0.000,0.000,12.902,,
588.166209,2026-03-10 18:07:05.090,ARDUINO_PSI,Arduino,0.000,0.000,12.904,,
588.193480,2026-03-10 18:07:05.117,WJ_VOLTAGE,WJ1,0.000,0.000,0,0,"HV=OFF, Fault=NO"
588.265603,2026-03-10 18:07:05.189,ARDUINO_PSI,Arduino,0.000,0.000,12.899,,
588.367919,2026-03-10 18:07:05.291,WJ_VOLTAGE,WJ2,0.000,0.000,0,0,"HV=OFF, Fault=NO"
588.370750,2026-03-10 18:07:05.294,ARDUINO_PSI,Arduino,0.000,0.000,12.893,,
588.466439,2026-03-10 18:07:05.390,ARDUINO_PSI,Arduino,0.000,0.000,12.890,,
588.566167,2026-03-10 18:07:05.490,ARDUINO_PSI,Arduino,0.000,0.000,12.888,,
588.666421,2026-03-10 18:07:05.590,ARDUINO_PSI,Arduino,0.000,0.000,12.890,,
588.726306,2026-03-10 18:07:05.650,WJ_VOLTAGE,WJ1,0.000,0.000,0,0,"HV=OFF, Fault=NO"
588.765660,2026-03-10 18:07:05.689,ARDUINO_PSI,Arduino,0.000,0.000,12.879,,
588.867059,2026-03-10 18:07:05.790,ARDUINO_PSI,Arduino,0.000,0.000,12.881,,
588.896860,2026-03-10 18:07:05.820,WJ_VOLTAGE,WJ2,0.000,0.000,0,0,"HV=OFF, Fault=NO"
588.966426,2026-03-10 18:07:05.890,ARDUINO_PSI,Arduino,0.000,0.000,12.881,,
589.066429,2026-03-10 18:07:05.990,ARDUINO_PSI,Arduino,0.000,0.000,12.872,,
589.166909,2026-03-10 18:07:06.090,ARDUINO_PSI,Arduino,0.000,0.000,12.867,,
589.254932,2026-03-10 18:07:06.178,WJ_VOLTAGE,WJ1,0.000,0.000,0,0,"HV=OFF, Fault=NO"
589.272606,2026-03-10 18:07:06.196,ARDUINO_PSI,Arduino,0.000,0.000,12.870,,
589.366446,2026-03-10 18:07:06.290,ARDUINO_PSI,Arduino,0.000,0.000,12.874,,
589.426358,2026-03-10 18:07:06.350,WJ_VOLTAGE,WJ2,0.000,0.000,0,0,"HV=OFF, Fault=NO"
589.465964,2026-03-10 18:07:06.389,ARDUINO_PSI,Arduino,0.000,0.000,12.867,,
589.566322,2026-03-10 18:07:06.490,ARDUINO_PSI,Arduino,0.000,0.000,12.872,,
589.666810,2026-03-10 18:07:06.590,ARDUINO_PSI,Arduino,0.000,0.000,12.867,,
589.766306,2026-03-10 18:07:06.690,ARDUINO_PSI,Arduino,0.000,0.000,12.872,,
589.783881,2026-03-10 18:07:06.707,WJ_VOLTAGE,WJ1,0.000,0.000,0,0,"HV=OFF, Fault=NO"
589.866238,2026-03-10 18:07:06.790,ARDUINO_PSI,Arduino,0.000,0.000,12.872,,
589.955035,2026-03-10 18:07:06.878,WJ_VOLTAGE,WJ2,0.000,0.000,0,0,"HV=OFF, Fault=NO"
589.967353,2026-03-10 18:07:06.891,ARDUINO_PSI,Arduino,0.000,0.000,12.874,,
590.066106,2026-03-10 18:07:06.989,ARDUINO_PSI,Arduino,0.000,0.000,12.874,,
590.166291,2026-03-10 18:07:07.090,ARDUINO_PSI,Arduino,0.000,0.000,12.877,,
590.269294,2026-03-10 18:07:07.193,ARDUINO_PSI,Arduino,0.000,0.000,12.879,,
590.313434,2026-03-10 18:07:07.237,WJ_VOLTAGE,WJ1,0.000,0.000,0,0,"HV=OFF, Fault=NO"
590.365766,2026-03-10 18:07:07.289,ARDUINO_PSI,Arduino,0.000,0.000,12.874,,
590.466355,2026-03-10 18:07:07.390,ARDUINO_PSI,Arduino,0.000,0.000,12.872,,
590.482863,2026-03-10 18:07:07.406,WJ_VOLTAGE,WJ2,0.000,0.000,0,0,"HV=OFF, Fault=NO"
590.566210,2026-03-10 18:07:07.490,ARDUINO_PSI,Arduino,0.000,0.000,12.881,,
590.666346,2026-03-10 18:07:07.590,ARDUINO_PSI,Arduino,0.000,0.000,12.890,,
590.765733,2026-03-10 18:07:07.689,ARDUINO_PSI,Arduino,0.000,0.000,12.895,,
590.843120,2026-03-10 18:07:07.767,WJ_VOLTAGE,WJ1,0.000,0.000,0,0,"HV=OFF, Fault=NO"
590.865562,2026-03-10 18:07:07.789,ARDUINO_PSI,Arduino,0.000,0.000,12.890,,
590.966236,2026-03-10 18:07:07.890,ARDUINO_PSI,Arduino,0.000,0.000,12.886,,
591.013225,2026-03-10 18:07:07.937,WJ_VOLTAGE,WJ2,0.000,0.000,0,0,"HV=OFF, Fault=NO"
591.066082,2026-03-10 18:07:07.989,ARDUINO_PSI,Arduino,0.000,0.000,12.893,,
591.167370,2026-03-10 18:07:08.091,ARDUINO_PSI,Arduino,0.000,0.000,12.890,,
591.266031,2026-03-10 18:07:08.189,ARDUINO_PSI,Arduino,0.000,0.000,12.883,,
591.365954,2026-03-10 18:07:08.289,ARDUINO_PSI,Arduino,0.000,0.000,12.897,,
591.370179,2026-03-10 18:07:08.294,WJ_VOLTAGE,WJ1,0.000,0.000,0,0,"HV=OFF, Fault=NO"
591.466647,2026-03-10 18:07:08.390,ARDUINO_PSI,Arduino,0.000,0.000,12.897,,
591.541057,2026-03-10 18:07:08.464,WJ_VOLTAGE,WJ2,0.000,0.000,0,0,"HV=OFF, Fault=NO"
591.565617,2026-03-10 18:07:08.489,ARDUINO_PSI,Arduino,0.000,0.000,12.904,,
591.666178,2026-03-10 18:07:08.590,ARDUINO_PSI,Arduino,0.000,0.000,12.904,,
591.766575,2026-03-10 18:07:08.690,ARDUINO_PSI,Arduino,0.000,0.000,12.906,,
591.866163,2026-03-10 18:07:08.790,ARDUINO_PSI,Arduino,0.000,0.000,12.909,,
591.899493,2026-03-10 18:07:08.823,WJ_VOLTAGE,WJ1,0.000,0.000,0,0,"HV=OFF, Fault=NO"
591.966281,2026-03-10 18:07:08.890,ARDUINO_PSI,Arduino,0.000,0.000,12.890,,
592.066227,2026-03-10 18:07:08.990,ARDUINO_PSI,Arduino,0.000,0.000,12.886,,
592.073176,2026-03-10 18:07:08.997,WJ_VOLTAGE,WJ2,0.000,0.000,0,0,"HV=OFF, Fault=NO"
592.165666,2026-03-10 18:07:09.089,ARDUINO_PSI,Arduino,0.000,0.000,12.879,,
592.267449,2026-03-10 18:07:09.191,ARDUINO_PSI,Arduino,0.000,0.000,12.879,,
592.366677,2026-03-10 18:07:09.290,ARDUINO_PSI,Arduino,0.000,0.000,12.879,,
592.429195,2026-03-10 18:07:09.353,WJ_VOLTAGE,WJ1,0.000,0.000,0,0,"HV=OFF, Fault=NO"
592.465657,2026-03-10 18:07:09.389,ARDUINO_PSI,Arduino,0.000,0.000,12.879,,
592.566900,2026-03-10 18:07:09.490,ARDUINO_PSI,Arduino,0.000,0.000,12.874,,
592.604515,2026-03-10 18:07:09.528,WJ_VOLTAGE,WJ2,0.000,0.000,0,0,"HV=OFF, Fault=NO"
592.666180,2026-03-10 18:07:09.590,ARDUINO_PSI,Arduino,0.000,0.000,12.858,,
592.766830,2026-03-10 18:07:09.690,ARDUINO_PSI,Arduino,0.000,0.000,12.849,,
592.866211,2026-03-10 18:07:09.790,ARDUINO_PSI,Arduino,0.000,0.000,12.851,,
592.960740,2026-03-10 18:07:09.884,WJ_VOLTAGE,WJ1,0.000,0.000,0,0,"HV=OFF, Fault=NO"
592.971426,2026-03-10 18:07:09.895,ARDUINO_PSI,Arduino,0.000,0.000,12.854,,
593.066217,2026-03-10 18:07:09.990,ARDUINO_PSI,Arduino,0.000,0.000,12.842,,
593.132604,2026-03-10 18:07:10.056,WJ_VOLTAGE,WJ2,0.000,0.000,0,0,"HV=OFF, Fault=NO"
593.165514,2026-03-10 18:07:10.089,ARDUINO_PSI,Arduino,0.000,0.000,12.847,,
593.266283,2026-03-10 18:07:10.190,ARDUINO_PSI,Arduino,0.000,0.000,12.842,,
593.366141,2026-03-10 18:07:10.290,ARDUINO_PSI,Arduino,0.000,0.000,12.833,,
593.466149,2026-03-10 18:07:10.390,ARDUINO_PSI,Arduino,0.000,0.000,12.835,,
593.489397,2026-03-10 18:07:10.413,WJ_VOLTAGE,WJ1,0.000,0.000,0,0,"HV=OFF, Fault=NO"
593.569647,2026-03-10 18:07:10.493,ARDUINO_PSI,Arduino,0.000,0.000,12.833,,
593.660350,2026-03-10 18:07:10.584,WJ_VOLTAGE,WJ2,0.000,0.000,0,0,"HV=OFF, Fault=NO"
593.676178,2026-03-10 18:07:10.600,ARDUINO_PSI,Arduino,0.000,0.000,12.840,,
593.766216,2026-03-10 18:07:10.690,ARDUINO_PSI,Arduino,0.000,0.000,12.826,,
593.866269,2026-03-10 18:07:10.790,ARDUINO_PSI,Arduino,0.000,0.000,12.824,,
593.966267,2026-03-10 18:07:10.890,ARDUINO_PSI,Arduino,0.000,0.000,12.831,,
594.020848,2026-03-10 18:07:10.944,WJ_VOLTAGE,WJ1,0.000,0.000,0,0,"HV=OFF, Fault=NO"
594.066047,2026-03-10 18:07:10.989,ARDUINO_PSI,Arduino,0.000,0.000,12.826,,
594.166092,2026-03-10 18:07:11.089,ARDUINO_PSI,Arduino,0.000,0.000,12.828,,
594.189470,2026-03-10 18:07:11.113,WJ_VOLTAGE,WJ2,0.000,0.000,0,0,"HV=OFF, Fault=NO"
594.266184,2026-03-10 18:07:11.190,ARDUINO_PSI,Arduino,0.000,0.000,12.831,,
594.366086,2026-03-10 18:07:11.289,ARDUINO_PSI,Arduino,0.000,0.000,12.838,,
594.466429,2026-03-10 18:07:11.390,ARDUINO_PSI,Arduino,0.000,0.000,12.842,,
594.548323,2026-03-10 18:07:11.472,WJ_VOLTAGE,WJ1,0.000,0.000,0,0,"HV=OFF, Fault=NO"
594.565535,2026-03-10 18:07:11.489,ARDUINO_PSI,Arduino,0.000,0.000,12.845,,
594.666113,2026-03-10 18:07:11.589,ARDUINO_PSI,Arduino,0.000,0.000,12.847,,
594.719736,2026-03-10 18:07:11.643,WJ_VOLTAGE,WJ2,0.000,0.000,0,0,"HV=OFF, Fault=NO"
594.766427,2026-03-10 18:07:11.690,ARDUINO_PSI,Arduino,0.000,0.000,12.845,,
594.866233,2026-03-10 18:07:11.790,ARDUINO_PSI,Arduino,0.000,0.000,12.845,,
594.966999,2026-03-10 18:07:11.890,ARDUINO_PSI,Arduino,0.000,0.000,12.845,,
595.066116,2026-03-10 18:07:11.990,ARDUINO_PSI,Arduino,0.000,0.000,12.856,,
595.076433,2026-03-10 18:07:12.000,WJ_VOLTAGE,WJ1,0.000,0.000,0,0,"HV=OFF, Fault=NO"
595.166432,2026-03-10 18:07:12.090,ARDUINO_PSI,Arduino,0.000,0.000,12.842,,
595.250489,2026-03-10 18:07:12.174,WJ_VOLTAGE,WJ2,0.000,0.000,0,0,"HV=OFF, Fault=NO"
595.265579,2026-03-10 18:07:12.189,ARDUINO_PSI,Arduino,0.000,0.000,12.845,,
595.366229,2026-03-10 18:07:12.290,ARDUINO_PSI,Arduino,0.000,0.000,12.845,,
595.466405,2026-03-10 18:07:12.390,ARDUINO_PSI,Arduino,0.000,0.000,12.847,,
595.566883,2026-03-10 18:07:12.490,ARDUINO_PSI,Arduino,0.000,0.000,12.856,,
595.607965,2026-03-10 18:07:12.531,WJ_VOLTAGE,WJ1,0.000,0.000,0,0,"HV=OFF, Fault=NO"
595.666195,2026-03-10 18:07:12.590,ARDUINO_PSI,Arduino,0.000,0.000,12.851,,
595.765702,2026-03-10 18:07:12.689,ARDUINO_PSI,Arduino,0.000,0.000,12.867,,
595.779113,2026-03-10 18:07:12.702,WJ_VOLTAGE,WJ2,0.000,0.000,0,0,"HV=OFF, Fault=NO"
595.866184,2026-03-10 18:07:12.790,ARDUINO_PSI,Arduino,0.000,0.000,12.863,,
595.966209,2026-03-10 18:07:12.890,ARDUINO_PSI,Arduino,0.000,0.000,12.874,,
596.066257,2026-03-10 18:07:12.990,ARDUINO_PSI,Arduino,0.000,0.000,12.872,,
596.137411,2026-03-10 18:07:13.061,WJ_VOLTAGE,WJ1,0.000,0.000,0,0,"HV=OFF, Fault=NO"
596.166282,2026-03-10 18:07:13.090,ARDUINO_PSI,Arduino,0.000,0.000,12.874,,
596.266319,2026-03-10 18:07:13.190,ARDUINO_PSI,Arduino,0.000,0.000,12.877,,
596.305882,2026-03-10 18:07:13.229,WJ_VOLTAGE,WJ2,0.000,0.000,0,0,"HV=OFF, Fault=NO"
596.366007,2026-03-10 18:07:13.289,ARDUINO_PSI,Arduino,0.000,0.000,12.867,,
596.466450,2026-03-10 18:07:13.390,ARDUINO_PSI,Arduino,0.000,0.000,12.863,,
596.566304,2026-03-10 18:07:13.490,ARDUINO_PSI,Arduino,0.000,0.000,12.872,,
596.665742,2026-03-10 18:07:13.589,WJ_VOLTAGE,WJ1,0.000,0.000,0,0,"HV=OFF, Fault=NO"
596.681822,2026-03-10 18:07:13.605,ARDUINO_PSI,Arduino,0.000,0.000,12.865,,
596.766446,2026-03-10 18:07:13.690,ARDUINO_PSI,Arduino,0.000,0.000,12.870,,
596.835734,2026-03-10 18:07:13.759,WJ_VOLTAGE,WJ2,0.000,0.000,0,0,"HV=OFF, Fault=NO"
596.865495,2026-03-10 18:07:13.789,ARDUINO_PSI,Arduino,0.000,0.000,12.874,,
596.966174,2026-03-10 18:07:13.890,ARDUINO_PSI,Arduino,0.000,0.000,12.870,,
597.066091,2026-03-10 18:07:13.989,ARDUINO_PSI,Arduino,0.000,0.000,12.867,,
597.169442,2026-03-10 18:07:14.093,ARDUINO_PSI,Arduino,0.000,0.000,12.870,,
597.194048,2026-03-10 18:07:14.117,WJ_VOLTAGE,WJ1,0.000,0.000,0,0,"HV=OFF, Fault=NO"
597.267470,2026-03-10 18:07:14.191,ARDUINO_PSI,Arduino,0.000,0.000,12.874,,
597.365476,2026-03-10 18:07:14.289,WJ_VOLTAGE,WJ2,0.000,0.000,0,0,"HV=OFF, Fault=NO"
597.381755,2026-03-10 18:07:14.305,ARDUINO_PSI,Arduino,0.000,0.000,12.886,,
597.466439,2026-03-10 18:07:14.390,ARDUINO_PSI,Arduino,0.000,0.000,12.890,,
597.566319,2026-03-10 18:07:14.490,ARDUINO_PSI,Arduino,0.000,0.000,12.883,,
597.666234,2026-03-10 18:07:14.590,ARDUINO_PSI,Arduino,0.000,0.000,12.883,,
597.722734,2026-03-10 18:07:14.646,WJ_VOLTAGE,WJ1,0.000,0.000,0,0,"HV=OFF, Fault=NO"
597.765726,2026-03-10 18:07:14.689,ARDUINO_PSI,Arduino,0.000,0.000,12.867,,
597.866147,2026-03-10 18:07:14.790,ARDUINO_PSI,Arduino,0.000,0.000,12.867,,
597.894863,2026-03-10 18:07:14.818,WJ_VOLTAGE,WJ2,0.000,0.000,0,0,"HV=OFF, Fault=NO"
597.966581,2026-03-10 18:07:14.890,ARDUINO_PSI,Arduino,0.000,0.000,12.861,,
598.066264,2026-03-10 18:07:14.990,ARDUINO_PSI,Arduino,0.000,0.000,12.865,,
598.166133,2026-03-10 18:07:15.090,ARDUINO_PSI,Arduino,0.000,0.000,12.867,,
598.255238,2026-03-10 18:07:15.179,WJ_VOLTAGE,WJ1,0.000,0.000,0,0,"HV=OFF, Fault=NO"
598.273222,2026-03-10 18:07:15.197,ARDUINO_PSI,Arduino,0.000,0.000,12.865,,
598.365608,2026-03-10 18:07:15.289,ARDUINO_PSI,Arduino,0.000,0.000,12.872,,
598.425871,2026-03-10 18:07:15.349,WJ_VOLTAGE,WJ2,0.000,0.000,0,0,"HV=OFF, Fault=NO"
598.465534,2026-03-10 18:07:15.389,ARDUINO_PSI,Arduino,0.000,0.000,12.879,,
598.566257,2026-03-10 18:07:15.490,ARDUINO_PSI,Arduino,0.000,0.000,12.872,,
598.666261,2026-03-10 18:07:15.590,ARDUINO_PSI,Arduino,0.000,0.000,12.874,,
598.766435,2026-03-10 18:07:15.690,ARDUINO_PSI,Arduino,0.000,0.000,12.881,,
598.785185,2026-03-10 18:07:15.709,WJ_VOLTAGE,WJ1,0.000,0.000,0,0,"HV=OFF, Fault=NO"
598.868865,2026-03-10 18:07:15.792,ARDUINO_PSI,Arduino,0.000,0.000,12.879,,
598.956241,2026-03-10 18:07:15.880,WJ_VOLTAGE,WJ2,0.000,0.000,0,0,"HV=OFF, Fault=NO"
598.975844,2026-03-10 18:07:15.899,ARDUINO_PSI,Arduino,0.000,0.000,12.881,,
599.066110,2026-03-10 18:07:15.989,ARDUINO_PSI,Arduino,0.000,0.000,12.888,,
599.165993,2026-03-10 18:07:16.089,ARDUINO_PSI,Arduino,0.000,0.000,12.890,,
599.265849,2026-03-10 18:07:16.189,ARDUINO_PSI,Arduino,0.000,0.000,12.890,,
599.315398,2026-03-10 18:07:16.239,WJ_VOLTAGE,WJ1,0.000,0.000,0,0,"HV=OFF, Fault=NO"
599.366104,2026-03-10 18:07:16.289,ARDUINO_PSI,Arduino,0.000,0.000,12.883,,
599.465820,2026-03-10 18:07:16.389,ARDUINO_PSI,Arduino,0.000,0.000,12.888,,
599.487100,2026-03-10 18:07:16.410,WJ_VOLTAGE,WJ2,0.000,0.000,0,0,"HV=OFF, Fault=NO"
599.569383,2026-03-10 18:07:16.493,ARDUINO_PSI,Arduino,0.000,0.000,12.888,,
599.666300,2026-03-10 18:07:16.590,ARDUINO_PSI,Arduino,0.000,0.000,12.899,,
599.765671,2026-03-10 18:07:16.689,ARDUINO_PSI,Arduino,0.000,0.000,12.906,,
599.845457,2026-03-10 18:07:16.769,WJ_VOLTAGE,WJ1,0.000,0.000,0,0,"HV=OFF, Fault=NO"
599.865596,2026-03-10 18:07:16.789,ARDUINO_PSI,Arduino,0.000,0.000,12.909,,
599.966318,2026-03-10 18:07:16.890,ARDUINO_PSI,Arduino,0.000,0.000,12.904,,
600.019433,2026-03-10 18:07:16.943,WJ_VOLTAGE,WJ2,0.000,0.000,0,0,"HV=OFF, Fault=NO"
600.065532,2026-03-10 18:07:16.989,ARDUINO_PSI,Arduino,0.000,0.000,12.909,,
600.166437,2026-03-10 18:07:17.090,ARDUINO_PSI,Arduino,0.000,0.000,12.897,,
600.266227,2026-03-10 18:07:17.190,ARDUINO_PSI,Arduino,0.000,0.000,12.902,,
600.366244,2026-03-10 18:07:17.290,ARDUINO_PSI,Arduino,0.000,0.000,12.899,,
600.379447,2026-03-10 18:07:17.303,WJ_VOLTAGE,WJ1,0.000,0.000,0,0,"HV=OFF, Fault=NO"
600.466229,2026-03-10 18:07:17.390,ARDUINO_PSI,Arduino,0.000,0.000,12.904,,
600.553649,2026-03-10 18:07:17.477,WJ_VOLTAGE,WJ2,0.000,0.000,0,0,"HV=OFF, Fault=NO"
600.572228,2026-03-10 18:07:17.496,ARDUINO_PSI,Arduino,0.000,0.000,12.897,,
600.667275,2026-03-10 18:07:17.591,ARDUINO_PSI,Arduino,0.000,0.000,12.913,,
600.766174,2026-03-10 18:07:17.690,ARDUINO_PSI,Arduino,0.000,0.000,12.915,,
600.866126,2026-03-10 18:07:17.790,ARDUINO_PSI,Arduino,0.000,0.000,12.906,,
600.906048,2026-03-10 18:07:17.829,WJ_VOLTAGE,WJ1,0.000,0.000,0,0,"HV=OFF, Fault=NO"
600.966171,2026-03-10 18:07:17.890,ARDUINO_PSI,Arduino,0.000,0.000,12.899,,
601.066436,2026-03-10 18:07:17.990,ARDUINO_PSI,Arduino,0.000,0.000,12.886,,
601.078621,2026-03-10 18:07:18.002,WJ_VOLTAGE,WJ2,0.000,0.000,0,0,"HV=OFF, Fault=NO"
601.165853,2026-03-10 18:07:18.089,ARDUINO_PSI,Arduino,0.000,0.000,12.893,,
601.266446,2026-03-10 18:07:18.190,ARDUINO_PSI,Arduino,0.000,0.000,12.895,,
601.366198,2026-03-10 18:07:18.290,ARDUINO_PSI,Arduino,0.000,0.000,12.888,,
601.439612,2026-03-10 18:07:18.363,WJ_VOLTAGE,WJ1,0.000,0.000,0,0,"HV=OFF, Fault=NO"
601.466544,2026-03-10 18:07:18.390,ARDUINO_PSI,Arduino,0.000,0.000,12.877,,
601.566221,2026-03-10 18:07:18.490,ARDUINO_PSI,Arduino,0.000,0.000,12.865,,
601.595234,2026-03-10 18:07:18.519,WJ_VOLTAGE,WJ2,0.000,0.000,0,0,"HV=OFF, Fault=NO"
601.666197,2026-03-10 18:07:18.590,ARDUINO_PSI,Arduino,0.000,0.000,12.858,,
601.766200,2026-03-10 18:07:18.690,ARDUINO_PSI,Arduino,0.000,0.000,12.865,,
601.866137,2026-03-10 18:07:18.790,ARDUINO_PSI,Arduino,0.000,0.000,12.870,,
601.966838,2026-03-10 18:07:18.890,ARDUINO_PSI,Arduino,0.000,0.000,12.886,,
601.970003,2026-03-10 18:07:18.893,WJ_VOLTAGE,WJ1,0.000,0.000,0,0,"HV=OFF, Fault=NO"
602.066706,2026-03-10 18:07:18.990,ARDUINO_PSI,Arduino,0.000,0.000,12.881,,
602.125313,2026-03-10 18:07:19.049,WJ_VOLTAGE,WJ2,0.000,0.000,0,0,"HV=OFF, Fault=NO"
602.166148,2026-03-10 18:07:19.090,ARDUINO_PSI,Arduino,0.000,0.000,12.886,,
602.266258,2026-03-10 18:07:19.190,ARDUINO_PSI,Arduino,0.000,0.000,12.886,,
602.366780,2026-03-10 18:07:19.290,ARDUINO_PSI,Arduino,0.000,0.000,12.881,,
602.466263,2026-03-10 18:07:19.390,ARDUINO_PSI,Arduino,0.000,0.000,12.865,,
602.500860,2026-03-10 18:07:19.424,WJ_VOLTAGE,WJ1,0.000,0.000,0,0,"HV=OFF, Fault=NO"
602.566178,2026-03-10 18:07:19.490,ARDUINO_PSI,Arduino,0.000,0.000,12.861,,
602.642538,2026-03-10 18:07:19.566,WJ_VOLTAGE,WJ2,0.000,0.000,0,0,"HV=OFF, Fault=NO"
602.666079,2026-03-10 18:07:19.589,ARDUINO_PSI,Arduino,0.000,0.000,12.842,,
602.765854,2026-03-10 18:07:19.689,ARDUINO_PSI,Arduino,0.000,0.000,12.831,,
602.866214,2026-03-10 18:07:19.790,ARDUINO_PSI,Arduino,0.000,0.000,12.838,,
602.966356,2026-03-10 18:07:19.890,ARDUINO_PSI,Arduino,0.000,0.000,12.842,,
603.031899,2026-03-10 18:07:19.955,WJ_VOLTAGE,WJ1,0.000,0.000,0,0,"HV=OFF, Fault=NO"
603.065965,2026-03-10 18:07:19.989,ARDUINO_PSI,Arduino,0.000,0.000,12.851,,
603.166472,2026-03-10 18:07:20.090,ARDUINO_PSI,Arduino,0.000,0.000,12.851,,
603.172902,2026-03-10 18:07:20.096,WJ_VOLTAGE,WJ2,0.000,0.000,0,0,"HV=OFF, Fault=NO"
603.265568,2026-03-10 18:07:20.189,ARDUINO_PSI,Arduino,0.000,0.000,12.856,,
603.366357,2026-03-10 18:07:20.290,ARDUINO_PSI,Arduino,0.000,0.000,12.856,,
603.466481,2026-03-10 18:07:20.390,ARDUINO_PSI,Arduino,0.000,0.000,12.861,,
603.563300,2026-03-10 18:07:20.487,WJ_VOLTAGE,WJ1,0.000,0.000,0,0,"HV=OFF, Fault=NO"
603.580274,2026-03-10 18:07:20.504,ARDUINO_PSI,Arduino,0.000,0.000,12.861,,
603.666283,2026-03-10 18:07:20.590,ARDUINO_PSI,Arduino,0.000,0.000,12.856,,
603.703191,2026-03-10 18:07:20.627,WJ_VOLTAGE,WJ2,0.000,0.000,0,0,"HV=OFF, Fault=NO"
603.765835,2026-03-10 18:07:20.689,ARDUINO_PSI,Arduino,0.000,0.000,12.849,,
603.866300,2026-03-10 18:07:20.790,ARDUINO_PSI,Arduino,0.000,0.000,12.854,,
603.966334,2026-03-10 18:07:20.890,ARDUINO_PSI,Arduino,0.000,0.000,12.845,,
604.066286,2026-03-10 18:07:20.990,ARDUINO_PSI,Arduino,0.000,0.000,12.838,,
604.092157,2026-03-10 18:07:21.016,WJ_VOLTAGE,WJ1,0.000,0.000,0,0,"HV=OFF, Fault=NO"
604.166229,2026-03-10 18:07:21.090,ARDUINO_PSI,Arduino,0.000,0.000,12.854,,
604.234829,2026-03-10 18:07:21.158,WJ_VOLTAGE,WJ2,0.000,0.000,0,0,"HV=OFF, Fault=NO"
604.266149,2026-03-10 18:07:21.190,ARDUINO_PSI,Arduino,0.000,0.000,12.838,,
604.366328,2026-03-10 18:07:21.290,ARDUINO_PSI,Arduino,0.000,0.000,12.845,,
604.467549,2026-03-10 18:07:21.391,ARDUINO_PSI,Arduino,0.000,0.000,12.849,,
604.566256,2026-03-10 18:07:21.490,ARDUINO_PSI,Arduino,0.000,0.000,12.863,,
604.623918,2026-03-10 18:07:21.547,WJ_VOLTAGE,WJ1,0.000,0.000,0,0,"HV=OFF, Fault=NO"
604.665930,2026-03-10 18:07:21.589,ARDUINO_PSI,Arduino,0.000,0.000,12.867,,
604.763929,2026-03-10 18:07:21.687,WJ_VOLTAGE,WJ2,0.000,0.000,0,0,"HV=OFF, Fault=NO"
604.776329,2026-03-10 18:07:21.700,ARDUINO_PSI,Arduino,0.000,0.000,12.872,,
604.865597,2026-03-10 18:07:21.789,ARDUINO_PSI,Arduino,0.000,0.000,12.865,,
604.966546,2026-03-10 18:07:21.890,ARDUINO_PSI,Arduino,0.000,0.000,12.872,,
605.066190,2026-03-10 18:07:21.990,ARDUINO_PSI,Arduino,0.000,0.000,12.867,,
605.154302,2026-03-10 18:07:22.078,WJ_VOLTAGE,WJ1,0.000,0.000,0,0,"HV=OFF, Fault=NO"
605.165649,2026-03-10 18:07:22.089,ARDUINO_PSI,Arduino,0.000,0.000,12.856,,
605.266700,2026-03-10 18:07:22.190,ARDUINO_PSI,Arduino,0.000,0.000,12.838,,
605.294951,2026-03-10 18:07:22.218,WJ_VOLTAGE,WJ2,0.000,0.000,0,0,"HV=OFF, Fault=NO"
605.365954,2026-03-10 18:07:22.289,ARDUINO_PSI,Arduino,0.000,0.000,12.847,,
605.466347,2026-03-10 18:07:22.390,ARDUINO_PSI,Arduino,0.000,0.000,12.838,,
605.566639,2026-03-10 18:07:22.490,ARDUINO_PSI,Arduino,0.000,0.000,12.847,,
605.666872,2026-03-10 18:07:22.590,ARDUINO_PSI,Arduino,0.000,0.000,12.851,,
605.684698,2026-03-10 18:07:22.608,WJ_VOLTAGE,WJ1,0.000,0.000,0,0,"HV=OFF, Fault=NO"
605.766552,2026-03-10 18:07:22.690,ARDUINO_PSI,Arduino,0.000,0.000,12.854,,
605.822868,2026-03-10 18:07:22.746,WJ_VOLTAGE,WJ2,0.000,0.000,0,0,"HV=OFF, Fault=NO"
605.866387,2026-03-10 18:07:22.790,ARDUINO_PSI,Arduino,0.000,0.000,12.854,,
605.966226,2026-03-10 18:07:22.890,ARDUINO_PSI,Arduino,0.000,0.000,12.854,,
606.066291,2026-03-10 18:07:22.990,ARDUINO_PSI,Arduino,0.000,0.000,12.851,,
606.166234,2026-03-10 18:07:23.090,ARDUINO_PSI,Arduino,0.000,0.000,12.847,,
606.211313,2026-03-10 18:07:23.135,WJ_VOLTAGE,WJ1,0.000,0.000,0,0,"HV=OFF, Fault=NO"
606.266396,2026-03-10 18:07:23.190,ARDUINO_PSI,Arduino,0.000,0.000,12.863,,
606.353533,2026-03-10 18:07:23.277,WJ_VOLTAGE,WJ2,0.000,0.000,0,0,"HV=OFF, Fault=NO"
606.369671,2026-03-10 18:07:23.293,ARDUINO_PSI,Arduino,0.000,0.000,12.861,,
606.466316,2026-03-10 18:07:23.390,ARDUINO_PSI,Arduino,0.000,0.000,12.865,,
606.566233,2026-03-10 18:07:23.490,ARDUINO_PSI,Arduino,0.000,0.000,12.867,,
606.666359,2026-03-10 18:07:23.590,ARDUINO_PSI,Arduino,0.000,0.000,12.865,,
606.741673,2026-03-10 18:07:23.665,WJ_VOLTAGE,WJ1,0.000,0.000,0,0,"HV=OFF, Fault=NO"
606.765662,2026-03-10 18:07:23.689,ARDUINO_PSI,Arduino,0.000,0.000,12.865,,
606.866431,2026-03-10 18:07:23.790,ARDUINO_PSI,Arduino,0.000,0.000,12.867,,
606.882492,2026-03-10 18:07:23.806,WJ_VOLTAGE,WJ2,0.000,0.000,0,0,"HV=OFF, Fault=NO"
606.966405,2026-03-10 18:07:23.890,ARDUINO_PSI,Arduino,0.000,0.000,12.872,,
607.066484,2026-03-10 18:07:23.990,ARDUINO_PSI,Arduino,0.000,0.000,12.877,,
607.166232,2026-03-10 18:07:24.090,ARDUINO_PSI,Arduino,0.000,0.000,12.879,,
607.266360,2026-03-10 18:07:24.190,ARDUINO_PSI,Arduino,0.000,0.000,12.881,,
607.272332,2026-03-10 18:07:24.196,WJ_VOLTAGE,WJ1,0.000,0.000,0,0,"HV=OFF, Fault=NO"
607.366456,2026-03-10 18:07:24.290,ARDUINO_PSI,Arduino,0.000,0.000,12.879,,
607.413720,2026-03-10 18:07:24.337,WJ_VOLTAGE,WJ2,0.000,0.000,0,0,"HV=OFF, Fault=NO"
607.466250,2026-03-10 18:07:24.390,ARDUINO_PSI,Arduino,0.000,0.000,12.877,,
607.567049,2026-03-10 18:07:24.490,ARDUINO_PSI,Arduino,0.000,0.000,12.879,,
607.666293,2026-03-10 18:07:24.590,ARDUINO_PSI,Arduino,0.000,0.000,12.870,,
607.766352,2026-03-10 18:07:24.690,ARDUINO_PSI,Arduino,0.000,0.000,12.867,,
607.803373,2026-03-10 18:07:24.727,WJ_VOLTAGE,WJ1,0.000,0.000,0,0,"HV=OFF, Fault=NO"
607.866195,2026-03-10 18:07:24.790,ARDUINO_PSI,Arduino,0.000,0.000,12.861,,
607.944740,2026-03-10 18:07:24.868,WJ_VOLTAGE,WJ2,0.000,0.000,0,0,"HV=OFF, Fault=NO"
607.966187,2026-03-10 18:07:24.890,ARDUINO_PSI,Arduino,0.000,0.000,12.872,,
608.066023,2026-03-10 18:07:24.989,ARDUINO_PSI,Arduino,0.000,0.000,12.890,,
608.166243,2026-03-10 18:07:25.090,ARDUINO_PSI,Arduino,0.000,0.000,12.877,,
608.266629,2026-03-10 18:07:25.190,ARDUINO_PSI,Arduino,0.000,0.000,12.877,,
608.332941,2026-03-10 18:07:25.256,WJ_VOLTAGE,WJ1,0.000,0.000,0,0,"HV=OFF, Fault=NO"
608.366144,2026-03-10 18:07:25.290,ARDUINO_PSI,Arduino,0.000,0.000,12.879,,
608.466095,2026-03-10 18:07:25.389,ARDUINO_PSI,Arduino,0.000,0.000,12.877,,
608.472715,2026-03-10 18:07:25.396,WJ_VOLTAGE,WJ2,0.000,0.000,0,0,"HV=OFF, Fault=NO"
608.566433,2026-03-10 18:07:25.490,ARDUINO_PSI,Arduino,0.000,0.000,12.867,,
608.666369,2026-03-10 18:07:25.590,ARDUINO_PSI,Arduino,0.000,0.000,12.874,,
608.766655,2026-03-10 18:07:25.690,ARDUINO_PSI,Arduino,0.000,0.000,12.874,,
608.865954,2026-03-10 18:07:25.789,WJ_VOLTAGE,WJ1,0.000,0.000,0,0,"HV=OFF, Fault=NO"
608.879895,2026-03-10 18:07:25.803,ARDUINO_PSI,Arduino,0.000,0.000,12.890,,
608.966326,2026-03-10 18:07:25.890,ARDUINO_PSI,Arduino,0.000,0.000,12.890,,
609.004328,2026-03-10 18:07:25.928,WJ_VOLTAGE,WJ2,0.000,0.000,0,0,"HV=OFF, Fault=NO"
609.066097,2026-03-10 18:07:25.989,ARDUINO_PSI,Arduino,0.000,0.000,12.888,,
609.166499,2026-03-10 18:07:26.090,ARDUINO_PSI,Arduino,0.000,0.000,12.888,,
609.266260,2026-03-10 18:07:26.190,ARDUINO_PSI,Arduino,0.000,0.000,12.897,,
609.366333,2026-03-10 18:07:26.290,ARDUINO_PSI,Arduino,0.000,0.000,12.904,,
609.394028,2026-03-10 18:07:26.317,WJ_VOLTAGE,WJ1,0.000,0.000,0,0,"HV=OFF, Fault=NO"
609.466268,2026-03-10 18:07:26.390,ARDUINO_PSI,Arduino,0.000,0.000,12.918,,
609.532213,2026-03-10 18:07:26.456,WJ_VOLTAGE,WJ2,0.000,0.000,0,0,"HV=OFF, Fault=NO"
609.565849,2026-03-10 18:07:26.489,ARDUINO_PSI,Arduino,0.000,0.000,12.911,,
609.666540,2026-03-10 18:07:26.590,ARDUINO_PSI,Arduino,0.000,0.000,12.913,,
609.765664,2026-03-10 18:07:26.689,ARDUINO_PSI,Arduino,0.000,0.000,12.920,,
609.866245,2026-03-10 18:07:26.790,ARDUINO_PSI,Arduino,0.000,0.000,12.909,,
609.922022,2026-03-10 18:07:26.845,WJ_VOLTAGE,WJ1,0.000,0.000,0,0,"HV=OFF, Fault=NO"
609.966261,2026-03-10 18:07:26.890,ARDUINO_PSI,Arduino,0.000,0.000,12.904,,
610.063288,2026-03-10 18:07:26.987,WJ_VOLTAGE,WJ2,0.000,0.000,0,0,"HV=OFF, Fault=NO"
610.078251,2026-03-10 18:07:27.002,ARDUINO_PSI,Arduino,0.000,0.000,12.899,,
610.166364,2026-03-10 18:07:27.090,ARDUINO_PSI,Arduino,0.000,0.000,12.911,,
610.266110,2026-03-10 18:07:27.189,ARDUINO_PSI,Arduino,0.000,0.000,12.899,,
610.366108,2026-03-10 18:07:27.289,ARDUINO_PSI,Arduino,0.000,0.000,12.893,,
610.450991,2026-03-10 18:07:27.374,WJ_VOLTAGE,WJ1,0.000,0.000,0,0,"HV=OFF, Fault=NO"
610.467738,2026-03-10 18:07:27.391,ARDUINO_PSI,Arduino,0.000,0.000,12.893,,
610.566159,2026-03-10 18:07:27.490,ARDUINO_PSI,Arduino,0.000,0.000,12.890,,
610.592770,2026-03-10 18:07:27.516,WJ_VOLTAGE,WJ2,0.000,0.000,0,0,"HV=OFF, Fault=NO"
610.666288,2026-03-10 18:07:27.590,ARDUINO_PSI,Arduino,0.000,0.000,12.886,,
610.765590,2026-03-10 18:07:27.689,ARDUINO_PSI,Arduino,0.000,0.000,12.890,,
610.866125,2026-03-10 18:07:27.790,ARDUINO_PSI,Arduino,0.000,0.000,12.886,,
610.966419,2026-03-10 18:07:27.890,ARDUINO_PSI,Arduino,0.000,0.000,12.881,,
610.987402,2026-03-10 18:07:27.911,WJ_VOLTAGE,WJ1,0.000,0.000,0,0,"HV=OFF, Fault=NO"
611.066636,2026-03-10 18:07:27.990,ARDUINO_PSI,Arduino,0.000,0.000,12.877,,
611.127289,2026-03-10 18:07:28.051,WJ_VOLTAGE,WJ2,0.000,0.000,0,0,"HV=OFF, Fault=NO"
611.166122,2026-03-10 18:07:28.090,ARDUINO_PSI,Arduino,0.000,0.000,12.867,,
611.266359,2026-03-10 18:07:28.190,ARDUINO_PSI,Arduino,0.000,0.000,12.861,,
611.366045,2026-03-10 18:07:28.289,ARDUINO_PSI,Arduino,0.000,0.000,12.849,,
611.466214,2026-03-10 18:07:28.390,ARDUINO_PSI,Arduino,0.000,0.000,12.838,,
611.515778,2026-03-10 18:07:28.439,WJ_VOLTAGE,WJ1,0.000,0.000,0,0,"HV=OFF, Fault=NO"
611.566185,2026-03-10 18:07:28.490,ARDUINO_PSI,Arduino,0.000,0.000,12.845,,
611.657002,2026-03-10 18:07:28.580,WJ_VOLTAGE,WJ2,0.000,0.000,0,0,"HV=OFF, Fault=NO"
611.668841,2026-03-10 18:07:28.592,ARDUINO_PSI,Arduino,0.000,0.000,12.847,,
611.765590,2026-03-10 18:07:28.689,ARDUINO_PSI,Arduino,0.000,0.000,12.838,,
611.866517,2026-03-10 18:07:28.790,ARDUINO_PSI,Arduino,0.000,0.000,12.847,,
611.966431,2026-03-10 18:07:28.890,ARDUINO_PSI,Arduino,0.000,0.000,12.840,,
612.044425,2026-03-10 18:07:28.968,WJ_VOLTAGE,WJ1,0.000,0.000,0,0,"HV=OFF, Fault=NO"
612.065648,2026-03-10 18:07:28.989,ARDUINO_PSI,Arduino,0.000,0.000,12.838,,
612.166477,2026-03-10 18:07:29.090,ARDUINO_PSI,Arduino,0.000,0.000,12.831,,
612.184269,2026-03-10 18:07:29.108,WJ_VOLTAGE,WJ2,0.000,0.000,0,0,"HV=OFF, Fault=NO"
612.266293,2026-03-10 18:07:29.190,ARDUINO_PSI,Arduino,0.000,0.000,12.840,,
612.366331,2026-03-10 18:07:29.290,ARDUINO_PSI,Arduino,0.000,0.000,12.845,,
612.466317,2026-03-10 18:07:29.390,ARDUINO_PSI,Arduino,0.000,0.000,12.835,,
612.566200,2026-03-10 18:07:29.490,ARDUINO_PSI,Arduino,0.000,0.000,12.847,,
612.573239,2026-03-10 18:07:29.497,WJ_VOLTAGE,WJ1,0.000,0.000,0,0,"HV=OFF, Fault=NO"
612.668770,2026-03-10 18:07:29.592,ARDUINO_PSI,Arduino,0.000,0.000,12.847,,
612.714952,2026-03-10 18:07:29.638,WJ_VOLTAGE,WJ2,0.000,0.000,0,0,"HV=OFF, Fault=NO"
612.766796,2026-03-10 18:07:29.690,ARDUINO_PSI,Arduino,0.000,0.000,12.842,,
612.866098,2026-03-10 18:07:29.789,ARDUINO_PSI,Arduino,0.000,0.000,12.831,,
612.967040,2026-03-10 18:07:29.890,ARDUINO_PSI,Arduino,0.000,0.000,12.838,,
613.065550,2026-03-10 18:07:29.989,ARDUINO_PSI,Arduino,0.000,0.000,12.845,,
613.104902,2026-03-10 18:07:30.028,WJ_VOLTAGE,WJ1,0.000,0.000,0,0,"HV=OFF, Fault=NO"
613.166026,2026-03-10 18:07:30.089,ARDUINO_PSI,Arduino,0.000,0.000,12.854,,
613.242980,2026-03-10 18:07:30.166,WJ_VOLTAGE,WJ2,0.000,0.000,0,0,"HV=OFF, Fault=NO"
613.267905,2026-03-10 18:07:30.191,ARDUINO_PSI,Arduino,0.000,0.000,12.851,,
613.366426,2026-03-10 18:07:30.290,ARDUINO_PSI,Arduino,0.000,0.000,12.851,,
613.466084,2026-03-10 18:07:30.389,ARDUINO_PSI,Arduino,0.000,0.000,12.854,,
613.566183,2026-03-10 18:07:30.490,ARDUINO_PSI,Arduino,0.000,0.000,12.847,,
613.649029,2026-03-10 18:07:30.572,WJ_VOLTAGE,WJ1,0.000,0.000,0,0,"HV=OFF, Fault=NO"
613.665432,2026-03-10 18:07:30.589,ARDUINO_PSI,Arduino,0.000,0.000,12.854,,
613.766277,2026-03-10 18:07:30.690,ARDUINO_PSI,Arduino,0.000,0.000,12.856,,
613.770820,2026-03-10 18:07:30.694,WJ_VOLTAGE,WJ2,0.000,0.000,0,0,"HV=OFF, Fault=NO"
613.866135,2026-03-10 18:07:30.790,ARDUINO_PSI,Arduino,0.000,0.000,12.856,,
613.968224,2026-03-10 18:07:30.892,ARDUINO_PSI,Arduino,0.000,0.000,12.854,,
614.066756,2026-03-10 18:07:30.990,ARDUINO_PSI,Arduino,0.000,0.000,12.863,,
614.166403,2026-03-10 18:07:31.090,ARDUINO_PSI,Arduino,0.000,0.000,12.861,,
614.178172,2026-03-10 18:07:31.102,WJ_VOLTAGE,WJ1,0.000,0.000,0,0,"HV=OFF, Fault=NO"
614.266375,2026-03-10 18:07:31.190,ARDUINO_PSI,Arduino,0.000,0.000,12.861,,
614.303162,2026-03-10 18:07:31.227,WJ_VOLTAGE,WJ2,0.000,0.000,0,0,"HV=OFF, Fault=NO"
614.366320,2026-03-10 18:07:31.290,ARDUINO_PSI,Arduino,0.000,0.000,12.867,,
614.466446,2026-03-10 18:07:31.390,ARDUINO_PSI,Arduino,0.000,0.000,12.870,,
614.566339,2026-03-10 18:07:31.490,ARDUINO_PSI,Arduino,0.000,0.000,12.865,,
614.666363,2026-03-10 18:07:31.590,ARDUINO_PSI,Arduino,0.000,0.000,12.870,,
614.706280,2026-03-10 18:07:31.630,WJ_VOLTAGE,WJ1,0.000,0.000,0,0,"HV=OFF, Fault=NO"
614.765987,2026-03-10 18:07:31.689,ARDUINO_PSI,Arduino,0.000,0.000,12.870,,
614.830762,2026-03-10 18:07:31.754,WJ_VOLTAGE,WJ2,0.000,0.000,0,0,"HV=OFF, Fault=NO"
614.866120,2026-03-10 18:07:31.790,ARDUINO_PSI,Arduino,0.000,0.000,12.877,,
614.966428,2026-03-10 18:07:31.890,ARDUINO_PSI,Arduino,0.000,0.000,12.867,,
615.065986,2026-03-10 18:07:31.989,ARDUINO_PSI,Arduino,0.000,0.000,12.863,,
615.166437,2026-03-10 18:07:32.090,ARDUINO_PSI,Arduino,0.000,0.000,12.863,,
615.237117,2026-03-10 18:07:32.161,WJ_VOLTAGE,WJ1,0.000,0.000,0,0,"HV=OFF, Fault=NO"
615.266672,2026-03-10 18:07:32.190,ARDUINO_PSI,Arduino,0.000,0.000,12.865,,
615.361492,2026-03-10 18:07:32.285,WJ_VOLTAGE,WJ2,0.000,0.000,0,0,"HV=OFF, Fault=NO"
615.374457,2026-03-10 18:07:32.298,ARDUINO_PSI,Arduino,0.000,0.000,12.870,,
615.466392,2026-03-10 18:07:32.390,ARDUINO_PSI,Arduino,0.000,0.000,12.877,,
615.566174,2026-03-10 18:07:32.490,ARDUINO_PSI,Arduino,0.000,0.000,12.881,,
615.666356,2026-03-10 18:07:32.590,ARDUINO_PSI,Arduino,0.000,0.000,12.877,,
615.764220,2026-03-10 18:07:32.688,WJ_VOLTAGE,WJ1,0.000,0.000,0,0,"HV=OFF, Fault=NO"
615.772737,2026-03-10 18:07:32.696,ARDUINO_PSI,Arduino,0.000,0.000,12.872,,
615.866655,2026-03-10 18:07:32.790,ARDUINO_PSI,Arduino,0.000,0.000,12.874,,
615.891564,2026-03-10 18:07:32.815,WJ_VOLTAGE,WJ2,0.000,0.000,0,0,"HV=OFF, Fault=NO"
615.966451,2026-03-10 18:07:32.890,ARDUINO_PSI,Arduino,0.000,0.000,12.879,,
616.066138,2026-03-10 18:07:32.990,ARDUINO_PSI,Arduino,0.000,0.000,12.874,,
616.167066,2026-03-10 18:07:33.090,ARDUINO_PSI,Arduino,0.000,0.000,12.874,,
616.267221,2026-03-10 18:07:33.191,ARDUINO_PSI,Arduino,0.000,0.000,12.879,,
616.297406,2026-03-10 18:07:33.221,WJ_VOLTAGE,WJ1,0.000,0.000,0,0,"HV=OFF, Fault=NO"
616.366316,2026-03-10 18:07:33.290,ARDUINO_PSI,Arduino,0.000,0.000,12.879,,
616.423256,2026-03-10 18:07:33.347,WJ_VOLTAGE,WJ2,0.000,0.000,0,0,"HV=OFF, Fault=NO"
616.466231,2026-03-10 18:07:33.390,ARDUINO_PSI,Arduino,0.000,0.000,12.888,,
616.566215,2026-03-10 18:07:33.490,ARDUINO_PSI,Arduino,0.000,0.000,12.886,,
616.666332,2026-03-10 18:07:33.590,ARDUINO_PSI,Arduino,0.000,0.000,12.883,,
616.766099,2026-03-10 18:07:33.689,ARDUINO_PSI,Arduino,0.000,0.000,12.872,,
616.828660,2026-03-10 18:07:33.752,WJ_VOLTAGE,WJ1,0.000,0.000,0,0,"HV=OFF, Fault=NO"
616.866209,2026-03-10 18:07:33.790,ARDUINO_PSI,Arduino,0.000,0.000,12.870,,
616.954283,2026-03-10 18:07:33.878,WJ_VOLTAGE,WJ2,0.000,0.000,0,0,"HV=OFF, Fault=NO"
616.969516,2026-03-10 18:07:33.893,ARDUINO_PSI,Arduino,0.000,0.000,12.865,,
617.066295,2026-03-10 18:07:33.990,ARDUINO_PSI,Arduino,0.000,0.000,12.874,,
617.165718,2026-03-10 18:07:34.089,ARDUINO_PSI,Arduino,0.000,0.000,12.879,,
617.265598,2026-03-10 18:07:34.189,ARDUINO_PSI,Arduino,0.000,0.000,12.890,,
617.357436,2026-03-10 18:07:34.281,WJ_VOLTAGE,WJ1,0.000,0.000,0,0,"HV=OFF, Fault=NO"
617.366307,2026-03-10 18:07:34.290,ARDUINO_PSI,Arduino,0.000,0.000,12.890,,
617.466471,2026-03-10 18:07:34.390,ARDUINO_PSI,Arduino,0.000,0.000,12.883,,
617.481427,2026-03-10 18:07:34.405,WJ_VOLTAGE,WJ2,0.000,0.000,0,0,"HV=OFF, Fault=NO"
617.566489,2026-03-10 18:07:34.490,ARDUINO_PSI,Arduino,0.000,0.000,12.881,,
617.666374,2026-03-10 18:07:34.590,ARDUINO_PSI,Arduino,0.000,0.000,12.893,,
617.767172,2026-03-10 18:07:34.691,ARDUINO_PSI,Arduino,0.000,0.000,12.899,,
617.866380,2026-03-10 18:07:34.790,ARDUINO_PSI,Arduino,0.000,0.000,12.902,,
617.883656,2026-03-10 18:07:34.807,WJ_VOLTAGE,WJ1,0.000,0.000,0,0,"HV=OFF, Fault=NO"
617.966405,2026-03-10 18:07:34.890,ARDUINO_PSI,Arduino,0.000,0.000,12.904,,
618.009652,2026-03-10 18:07:34.933,WJ_VOLTAGE,WJ2,0.000,0.000,0,0,"HV=OFF, Fault=NO"
618.066146,2026-03-10 18:07:34.990,ARDUINO_PSI,Arduino,0.000,0.000,12.895,,
618.166288,2026-03-10 18:07:35.090,ARDUINO_PSI,Arduino,0.000,0.000,12.897,,
618.266568,2026-03-10 18:07:35.190,ARDUINO_PSI,Arduino,0.000,0.000,12.888,,
618.366306,2026-03-10 18:07:35.290,ARDUINO_PSI,Arduino,0.000,0.000,12.886,,
618.409735,2026-03-10 18:07:35.333,WJ_VOLTAGE,WJ1,0.000,0.000,0,0,"HV=OFF, Fault=NO"
618.465594,2026-03-10 18:07:35.389,ARDUINO_PSI,Arduino,0.000,0.000,12.883,,
618.533950,2026-03-10 18:07:35.457,WJ_VOLTAGE,WJ2,0.000,0.000,0,0,"HV=OFF, Fault=NO"
618.565560,2026-03-10 18:07:35.489,ARDUINO_PSI,Arduino,0.000,0.000,12.881,,
618.666440,2026-03-10 18:07:35.590,ARDUINO_PSI,Arduino,0.000,0.000,12.877,,
618.765907,2026-03-10 18:07:35.689,ARDUINO_PSI,Arduino,0.000,0.000,12.888,,
618.866261,2026-03-10 18:07:35.790,ARDUINO_PSI,Arduino,0.000,0.000,12.881,,
618.941555,2026-03-10 18:07:35.865,WJ_VOLTAGE,WJ1,0.000,0.000,0,0,"HV=OFF, Fault=NO"
618.965690,2026-03-10 18:07:35.889,ARDUINO_PSI,Arduino,0.000,0.000,12.883,,
619.066022,2026-03-10 18:07:35.989,WJ_VOLTAGE,WJ2,0.000,0.000,0,0,"HV=OFF, Fault=NO"
619.076276,2026-03-10 18:07:36.000,ARDUINO_PSI,Arduino,0.000,0.000,12.872,,
619.166216,2026-03-10 18:07:36.090,ARDUINO_PSI,Arduino,0.000,0.000,12.874,,
619.266204,2026-03-10 18:07:36.190,ARDUINO_PSI,Arduino,0.000,0.000,12.872,,
619.366418,2026-03-10 18:07:36.290,ARDUINO_PSI,Arduino,0.000,0.000,12.886,,
619.466369,2026-03-10 18:07:36.390,ARDUINO_PSI,Arduino,0.000,0.000,12.881,,
619.472403,2026-03-10 18:07:36.396,WJ_VOLTAGE,WJ1,0.000,0.000,0,0,"HV=OFF, Fault=NO"
619.566360,2026-03-10 18:07:36.490,ARDUINO_PSI,Arduino,0.000,0.000,12.870,,
619.580811,2026-03-10 18:07:36.504,WJ_VOLTAGE,WJ2,0.000,0.000,0,0,"HV=OFF, Fault=NO"
619.666375,2026-03-10 18:07:36.590,ARDUINO_PSI,Arduino,0.000,0.000,12.851,,
619.766240,2026-03-10 18:07:36.690,ARDUINO_PSI,Arduino,0.000,0.000,12.847,,
619.865525,2026-03-10 18:07:36.789,ARDUINO_PSI,Arduino,0.000,0.000,12.840,,
619.966322,2026-03-10 18:07:36.890,ARDUINO_PSI,Arduino,0.000,0.000,12.835,,
619.991650,2026-03-10 18:07:36.915,WJ_VOLTAGE,WJ1,0.000,0.000,0,0,"HV=OFF, Fault=NO"
620.066273,2026-03-10 18:07:36.990,ARDUINO_PSI,Arduino,0.000,0.000,12.842,,
620.099978,2026-03-10 18:07:37.023,WJ_VOLTAGE,WJ2,0.000,0.000,0,0,"HV=OFF, Fault=NO"
620.166197,2026-03-10 18:07:37.090,ARDUINO_PSI,Arduino,0.000,0.000,12.845,,
620.266510,2026-03-10 18:07:37.190,ARDUINO_PSI,Arduino,0.000,0.000,12.851,,
620.365863,2026-03-10 18:07:37.289,ARDUINO_PSI,Arduino,0.000,0.000,12.858,,
620.466226,2026-03-10 18:07:37.390,ARDUINO_PSI,Arduino,0.000,0.000,12.867,,
620.521618,2026-03-10 18:07:37.445,WJ_VOLTAGE,WJ1,0.000,0.000,0,0,"HV=OFF, Fault=NO"
620.566396,2026-03-10 18:07:37.490,ARDUINO_PSI,Arduino,0.000,0.000,12.872,,
620.631050,2026-03-10 18:07:37.554,WJ_VOLTAGE,WJ2,0.000,0.000,0,0,"HV=OFF, Fault=NO"
620.666100,2026-03-10 18:07:37.589,ARDUINO_PSI,Arduino,0.000,0.000,12.874,,
620.766349,2026-03-10 18:07:37.690,ARDUINO_PSI,Arduino,0.000,0.000,12.867,,
620.866250,2026-03-10 18:07:37.790,ARDUINO_PSI,Arduino,0.000,0.000,12.874,,
620.966435,2026-03-10 18:07:37.890,ARDUINO_PSI,Arduino,0.000,0.000,12.865,,
621.052579,2026-03-10 18:07:37.976,WJ_VOLTAGE,WJ1,0.000,0.000,0,0,"HV=OFF, Fault=NO"
621.067018,2026-03-10 18:07:37.990,ARDUINO_PSI,Arduino,0.000,0.000,12.863,,
621.162944,2026-03-10 18:07:38.086,WJ_VOLTAGE,WJ2,0.000,0.000,0,0,"HV=OFF, Fault=NO"
621.176189,2026-03-10 18:07:38.100,ARDUINO_PSI,Arduino,0.000,0.000,12.856,,
621.266316,2026-03-10 18:07:38.190,ARDUINO_PSI,Arduino,0.000,0.000,12.847,,
621.366471,2026-03-10 18:07:38.290,ARDUINO_PSI,Arduino,0.000,0.000,12.845,,
621.466715,2026-03-10 18:07:38.390,ARDUINO_PSI,Arduino,0.000,0.000,12.849,,
621.566419,2026-03-10 18:07:38.490,ARDUINO_PSI,Arduino,0.000,0.000,12.854,,
621.583059,2026-03-10 18:07:38.506,WJ_VOLTAGE,WJ1,0.000,0.000,0,0,"HV=OFF, Fault=NO"
621.666067,2026-03-10 18:07:38.589,ARDUINO_PSI,Arduino,0.000,0.000,12.865,,
621.693478,2026-03-10 18:07:38.617,WJ_VOLTAGE,WJ2,0.000,0.000,0,0,"HV=OFF, Fault=NO"
621.766465,2026-03-10 18:07:38.690,ARDUINO_PSI,Arduino,0.000,0.000,12.872,,
621.866362,2026-03-10 18:07:38.790,ARDUINO_PSI,Arduino,0.000,0.000,12.870,,
621.966356,2026-03-10 18:07:38.890,ARDUINO_PSI,Arduino,0.000,0.000,12.863,,
622.066416,2026-03-10 18:07:38.990,ARDUINO_PSI,Arduino,0.000,0.000,12.867,,
622.116186,2026-03-10 18:07:39.040,WJ_VOLTAGE,WJ1,0.000,0.000,0,0,"HV=OFF, Fault=NO"
622.166295,2026-03-10 18:07:39.090,ARDUINO_PSI,Arduino,0.000,0.000,12.863,,
622.225717,2026-03-10 18:07:39.149,WJ_VOLTAGE,WJ2,0.000,0.000,0,0,"HV=OFF, Fault=NO"
622.266221,2026-03-10 18:07:39.190,ARDUINO_PSI,Arduino,0.000,0.000,12.863,,
622.366171,2026-03-10 18:07:39.290,ARDUINO_PSI,Arduino,0.000,0.000,12.847,,
622.465641,2026-03-10 18:07:39.389,ARDUINO_PSI,Arduino,0.000,0.000,12.835,,
622.566614,2026-03-10 18:07:39.490,ARDUINO_PSI,Arduino,0.000,0.000,12.828,,
622.644512,2026-03-10 18:07:39.568,WJ_VOLTAGE,WJ1,0.000,0.000,0,0,"HV=OFF, Fault=NO"
622.665588,2026-03-10 18:07:39.589,ARDUINO_PSI,Arduino,0.000,0.000,12.826,,
622.753243,2026-03-10 18:07:39.677,WJ_VOLTAGE,WJ2,0.000,0.000,0,0,"HV=OFF, Fault=NO"
622.765701,2026-03-10 18:07:39.689,ARDUINO_PSI,Arduino,0.000,0.000,12.840,,
622.866313,2026-03-10 18:07:39.790,ARDUINO_PSI,Arduino,0.000,0.000,12.845,,
622.966369,2026-03-10 18:07:39.890,ARDUINO_PSI,Arduino,0.000,0.000,12.851,,
623.066238,2026-03-10 18:07:39.990,ARDUINO_PSI,Arduino,0.000,0.000,12.867,,
623.166897,2026-03-10 18:07:40.090,ARDUINO_PSI,Arduino,0.000,0.000,12.877,,
623.172008,2026-03-10 18:07:40.095,WJ_VOLTAGE,WJ1,0.000,0.000,0,0,"HV=OFF, Fault=NO"
623.265967,2026-03-10 18:07:40.189,ARDUINO_PSI,Arduino,0.000,0.000,12.872,,
623.282429,2026-03-10 18:07:40.206,WJ_VOLTAGE,WJ2,0.000,0.000,0,0,"HV=OFF, Fault=NO"
623.366011,2026-03-10 18:07:40.289,ARDUINO_PSI,Arduino,0.000,0.000,12.849,,
623.466993,2026-03-10 18:07:40.390,ARDUINO_PSI,Arduino,0.000,0.000,12.851,,
623.566440,2026-03-10 18:07:40.490,ARDUINO_PSI,Arduino,0.000,0.000,12.863,,
623.666368,2026-03-10 18:07:40.590,ARDUINO_PSI,Arduino,0.000,0.000,12.861,,
623.706447,2026-03-10 18:07:40.630,WJ_VOLTAGE,WJ1,0.000,0.000,0,0,"HV=OFF, Fault=NO"
623.766043,2026-03-10 18:07:40.689,ARDUINO_PSI,Arduino,0.000,0.000,12.858,,
623.814763,2026-03-10 18:07:40.738,WJ_VOLTAGE,WJ2,0.000,0.000,0,0,"HV=OFF, Fault=NO"
623.866208,2026-03-10 18:07:40.790,ARDUINO_PSI,Arduino,0.000,0.000,12.863,,
623.966800,2026-03-10 18:07:40.890,ARDUINO_PSI,Arduino,0.000,0.000,12.872,,
624.066120,2026-03-10 18:07:40.990,ARDUINO_PSI,Arduino,0.000,0.000,12.863,,
624.166529,2026-03-10 18:07:41.090,ARDUINO_PSI,Arduino,0.000,0.000,12.867,,
624.235280,2026-03-10 18:07:41.159,WJ_VOLTAGE,WJ1,0.000,0.000,0,0,"HV=OFF, Fault=NO"
624.265995,2026-03-10 18:07:41.189,ARDUINO_PSI,Arduino,0.000,0.000,12.872,,
624.344581,2026-03-10 18:07:41.268,WJ_VOLTAGE,WJ2,0.000,0.000,0,0,"HV=OFF, Fault=NO"
624.365555,2026-03-10 18:07:41.289,ARDUINO_PSI,Arduino,0.000,0.000,12.879,,
624.465676,2026-03-10 18:07:41.389,ARDUINO_PSI,Arduino,0.000,0.000,12.883,,
624.565623,2026-03-10 18:07:41.489,ARDUINO_PSI,Arduino,0.000,0.000,12.886,,
624.665986,2026-03-10 18:07:41.589,ARDUINO_PSI,Arduino,0.000,0.000,12.897,,
624.764271,2026-03-10 18:07:41.688,WJ_VOLTAGE,WJ1,0.000,0.000,0,0,"HV=OFF, Fault=NO"
624.770623,2026-03-10 18:07:41.694,ARDUINO_PSI,Arduino,0.000,0.000,12.890,,
624.866217,2026-03-10 18:07:41.790,ARDUINO_PSI,Arduino,0.000,0.000,12.897,,
624.871423,2026-03-10 18:07:41.795,WJ_VOLTAGE,WJ2,0.000,0.000,0,0,"HV=OFF, Fault=NO"
624.965679,2026-03-10 18:07:41.889,ARDUINO_PSI,Arduino,0.000,0.000,12.899,,
625.065645,2026-03-10 18:07:41.989,ARDUINO_PSI,Arduino,0.000,0.000,12.906,,
625.165962,2026-03-10 18:07:42.089,ARDUINO_PSI,Arduino,0.000,0.000,12.902,,
625.266345,2026-03-10 18:07:42.190,ARDUINO_PSI,Arduino,0.000,0.000,12.913,,
625.306504,2026-03-10 18:07:42.230,WJ_VOLTAGE,WJ1,0.000,0.000,0,0,"HV=OFF, Fault=NO"
625.366440,2026-03-10 18:07:42.290,ARDUINO_PSI,Arduino,0.000,0.000,12.920,,
625.399678,2026-03-10 18:07:42.323,WJ_VOLTAGE,WJ2,0.000,0.000,0,0,"HV=OFF, Fault=NO"
625.466249,2026-03-10 18:07:42.390,ARDUINO_PSI,Arduino,0.000,0.000,12.920,,
625.566382,2026-03-10 18:07:42.490,ARDUINO_PSI,Arduino,0.000,0.000,12.906,,
625.665868,2026-03-10 18:07:42.589,ARDUINO_PSI,Arduino,0.000,0.000,12.909,,
625.766635,2026-03-10 18:07:42.690,ARDUINO_PSI,Arduino,0.000,0.000,12.915,,
625.837941,2026-03-10 18:07:42.761,WJ_VOLTAGE,WJ1,0.000,0.000,0,0,"HV=OFF, Fault=NO"
625.866363,2026-03-10 18:07:42.790,ARDUINO_PSI,Arduino,0.000,0.000,12.920,,
625.930357,2026-03-10 18:07:42.854,WJ_VOLTAGE,WJ2,0.000,0.000,0,0,"HV=OFF, Fault=NO"
625.966098,2026-03-10 18:07:42.889,ARDUINO_PSI,Arduino,0.000,0.000,12.925,,
626.067694,2026-03-10 18:07:42.991,ARDUINO_PSI,Arduino,0.000,0.000,12.922,,
626.166307,2026-03-10 18:07:43.090,ARDUINO_PSI,Arduino,0.000,0.000,12.915,,
626.266264,2026-03-10 18:07:43.190,ARDUINO_PSI,Arduino,0.000,0.000,12.911,,
626.366450,2026-03-10 18:07:43.290,WJ_VOLTAGE,WJ1,0.000,0.000,0,0,"HV=OFF, Fault=NO"
626.378719,2026-03-10 18:07:43.302,ARDUINO_PSI,Arduino,0.000,0.000,12.915,,
626.466411,2026-03-10 18:07:43.390,ARDUINO_PSI,Arduino,0.000,0.000,12.906,,
626.474439,2026-03-10 18:07:43.398,WJ_VOLTAGE,WJ2,0.000,0.000,0,0,"HV=OFF, Fault=NO"
626.566603,2026-03-10 18:07:43.490,ARDUINO_PSI,Arduino,0.000,0.000,12.920,,
626.666274,2026-03-10 18:07:43.590,ARDUINO_PSI,Arduino,0.000,0.000,12.915,,
626.766226,2026-03-10 18:07:43.690,ARDUINO_PSI,Arduino,0.000,0.000,12.918,,
626.866299,2026-03-10 18:07:43.790,ARDUINO_PSI,Arduino,0.000,0.000,12.906,,
626.892938,2026-03-10 18:07:43.816,WJ_VOLTAGE,WJ1,0.000,0.000,0,0,"HV=OFF, Fault=NO"
626.966060,2026-03-10 18:07:43.889,ARDUINO_PSI,Arduino,0.000,0.000,12.911,,
627.003033,2026-03-10 18:07:43.926,WJ_VOLTAGE,WJ2,0.000,0.000,0,0,"HV=OFF, Fault=NO"
627.066119,2026-03-10 18:07:43.990,ARDUINO_PSI,Arduino,0.000,0.000,12.902,,
627.166503,2026-03-10 18:07:44.090,ARDUINO_PSI,Arduino,0.000,0.000,12.888,,
627.267128,2026-03-10 18:07:44.191,ARDUINO_PSI,Arduino,0.000,0.000,12.890,,
627.366212,2026-03-10 18:07:44.290,ARDUINO_PSI,Arduino,0.000,0.000,12.899,,
627.424020,2026-03-10 18:07:44.347,WJ_VOLTAGE,WJ1,0.000,0.000,0,0,"HV=OFF, Fault=NO"
627.465971,2026-03-10 18:07:44.389,ARDUINO_PSI,Arduino,0.000,0.000,12.902,,
627.533993,2026-03-10 18:07:44.457,WJ_VOLTAGE,WJ2,0.000,0.000,0,0,"HV=OFF, Fault=NO"
627.565786,2026-03-10 18:07:44.489,ARDUINO_PSI,Arduino,0.000,0.000,12.899,,
627.666286,2026-03-10 18:07:44.590,ARDUINO_PSI,Arduino,0.000,0.000,12.893,,
627.766135,2026-03-10 18:07:44.690,ARDUINO_PSI,Arduino,0.000,0.000,12.881,,
627.866694,2026-03-10 18:07:44.790,ARDUINO_PSI,Arduino,0.000,0.000,12.867,,
627.954415,2026-03-10 18:07:44.878,WJ_VOLTAGE,WJ1,0.000,0.000,0,0,"HV=OFF, Fault=NO"
627.969582,2026-03-10 18:07:44.893,ARDUINO_PSI,Arduino,0.000,0.000,12.854,,
628.062027,2026-03-10 18:07:44.985,WJ_VOLTAGE,WJ2,0.000,0.000,0,0,"HV=OFF, Fault=NO"
628.083082,2026-03-10 18:07:45.006,ARDUINO_PSI,Arduino,0.000,0.000,12.872,,
628.166545,2026-03-10 18:07:45.090,ARDUINO_PSI,Arduino,0.000,0.000,12.879,,
628.266275,2026-03-10 18:07:45.190,ARDUINO_PSI,Arduino,0.000,0.000,12.872,,
628.366325,2026-03-10 18:07:45.290,ARDUINO_PSI,Arduino,0.000,0.000,12.865,,
628.466283,2026-03-10 18:07:45.390,ARDUINO_PSI,Arduino,0.000,0.000,12.870,,
628.496680,2026-03-10 18:07:45.420,WJ_VOLTAGE,WJ1,0.000,0.000,0,0,"HV=OFF, Fault=NO"
628.566278,2026-03-10 18:07:45.490,ARDUINO_PSI,Arduino,0.000,0.000,12.851,,
628.594302,2026-03-10 18:07:45.518,WJ_VOLTAGE,WJ2,0.000,0.000,0,0,"HV=OFF, Fault=NO"
628.665994,2026-03-10 18:07:45.589,ARDUINO_PSI,Arduino,0.000,0.000,12.847,,
628.766319,2026-03-10 18:07:45.690,ARDUINO_PSI,Arduino,0.000,0.000,12.842,,
628.865493,2026-03-10 18:07:45.789,ARDUINO_PSI,Arduino,0.000,0.000,12.849,,
628.966140,2026-03-10 18:07:45.890,ARDUINO_PSI,Arduino,0.000,0.000,12.847,,
629.027151,2026-03-10 18:07:45.951,WJ_VOLTAGE,WJ1,0.000,0.000,0,0,"HV=OFF, Fault=NO"
629.065575,2026-03-10 18:07:45.989,ARDUINO_PSI,Arduino,0.000,0.000,12.842,,
629.117317,2026-03-10 18:07:46.041,WJ_VOLTAGE,WJ2,0.000,0.000,0,0,"HV=OFF, Fault=NO"
629.165863,2026-03-10 18:07:46.089,ARDUINO_PSI,Arduino,0.000,0.000,12.842,,
629.266286,2026-03-10 18:07:46.190,ARDUINO_PSI,Arduino,0.000,0.000,12.840,,
629.366145,2026-03-10 18:07:46.290,ARDUINO_PSI,Arduino,0.000,0.000,12.838,,
629.466133,2026-03-10 18:07:46.390,ARDUINO_PSI,Arduino,0.000,0.000,12.835,,
629.550776,2026-03-10 18:07:46.474,WJ_VOLTAGE,WJ1,0.000,0.000,0,0,"HV=OFF, Fault=NO"
629.565534,2026-03-10 18:07:46.489,ARDUINO_PSI,Arduino,0.000,0.000,12.833,,
629.643044,2026-03-10 18:07:46.566,WJ_VOLTAGE,WJ2,0.000,0.000,0,0,"HV=OFF, Fault=NO"
629.665421,2026-03-10 18:07:46.589,ARDUINO_PSI,Arduino,0.000,0.000,12.835,,
629.766410,2026-03-10 18:07:46.690,ARDUINO_PSI,Arduino,0.000,0.000,12.840,,
629.866191,2026-03-10 18:07:46.790,ARDUINO_PSI,Arduino,0.000,0.000,12.849,,
629.967807,2026-03-10 18:07:46.891,ARDUINO_PSI,Arduino,0.000,0.000,12.863,,
630.066172,2026-03-10 18:07:46.990,ARDUINO_PSI,Arduino,0.000,0.000,12.849,,
630.079857,2026-03-10 18:07:47.003,WJ_VOLTAGE,WJ1,0.000,0.000,0,0,"HV=OFF, Fault=NO"
630.166240,2026-03-10 18:07:47.090,ARDUINO_PSI,Arduino,0.000,0.000,12.842,,
630.173383,2026-03-10 18:07:47.097,WJ_VOLTAGE,WJ2,0.000,0.000,0,0,"HV=OFF, Fault=NO"
630.266189,2026-03-10 18:07:47.190,ARDUINO_PSI,Arduino,0.000,0.000,12.849,,
630.366029,2026-03-10 18:07:47.289,ARDUINO_PSI,Arduino,0.000,0.000,12.847,,
630.466270,2026-03-10 18:07:47.390,ARDUINO_PSI,Arduino,0.000,0.000,12.849,,
630.566238,2026-03-10 18:07:47.490,ARDUINO_PSI,Arduino,0.000,0.000,12.865,,
630.607222,2026-03-10 18:07:47.531,WJ_VOLTAGE,WJ1,0.000,0.000,0,0,"HV=OFF, Fault=NO"
630.666268,2026-03-10 18:07:47.590,ARDUINO_PSI,Arduino,0.000,0.000,12.858,,
630.699636,2026-03-10 18:07:47.623,WJ_VOLTAGE,WJ2,0.000,0.000,0,0,"HV=OFF, Fault=NO"
630.766122,2026-03-10 18:07:47.690,ARDUINO_PSI,Arduino,0.000,0.000,12.858,,
630.866435,2026-03-10 18:07:47.790,ARDUINO_PSI,Arduino,0.000,0.000,12.849,,
631.170317,2026-03-10 18:07:48.094,WJ_VOLTAGE,WJ1,0.000,0.000,0,0,"HV=OFF, Fault=NO"
631.229408,2026-03-10 18:07:48.153,WJ_VOLTAGE,WJ2,0.000,0.000,0,0,"HV=OFF, Fault=NO"
631.365787,2026-03-10 18:07:48.289,ARDUINO_PSI,Arduino,0.000,0.000,12.858,,
631.465685,2026-03-10 18:07:48.389,ARDUINO_PSI,Arduino,0.000,0.000,12.863,,
631.566104,2026-03-10 18:07:48.489,ARDUINO_PSI,Arduino,0.000,0.000,12.870,,
631.668551,2026-03-10 18:07:48.592,WJ_VOLTAGE,WJ1,0.000,0.000,0,0,"HV=OFF, Fault=NO"
