timestamp_sec,datetime,event_type,source,param1,param2,param3,param4,notes
5.202139,2026-03-10 17:42:45.565,INFO,SYSTEM,,,,,GUI started successfully
23.325135,2026-03-10 17:43:03.688,ARDUINO_SWITCH,Arduino,0,1,,,DO00 ON
23.325972,2026-03-10 17:43:03.689,ARDUINO_SWITCH,Arduino,4,1,,,DO04 ON
23.427835,2026-03-10 17:43:03.791,ARDUINO_PSI,Arduino,0.000,0.000,12.460,,
23.527637,2026-03-10 17:43:03.891,ARDUINO_PSI,Arduino,0.000,0.000,12.456,,
23.627679,2026-03-10 17:43:03.991,ARDUINO_PSI,Arduino,0.000,0.000,12.463,,
23.727443,2026-03-10 17:43:04.090,ARDUINO_PSI,Arduino,0.000,0.000,12.447,,
23.827342,2026-03-10 17:43:04.190,ARDUINO_PSI,Arduino,0.000,0.000,12.440,,
23.927565,2026-03-10 17:43:04.291,ARDUINO_PSI,Arduino,0.000,0.000,12.433,,
24.027977,2026-03-10 17:43:04.391,ARDUINO_PSI,Arduino,0.000,0.000,12.451,,
24.127363,2026-03-10 17:43:04.490,ARDUINO_PSI,Arduino,0.000,0.000,12.454,,
24.228678,2026-03-10 17:43:04.592,ARDUINO_PSI,Arduino,0.000,0.000,12.444,,
24.328468,2026-03-10 17:43:04.691,ARDUINO_PSI,Arduino,0.000,0.000,12.447,,
24.427465,2026-03-10 17:43:04.790,ARDUINO_PSI,Arduino,0.000,0.000,12.454,,
24.527768,2026-03-10 17:43:04.891,ARDUINO_PSI,Arduino,0.000,0.000,12.456,,
24.627925,2026-03-10 17:43:04.991,ARDUINO_PSI,Arduino,0.000,0.000,12.454,,
24.728891,2026-03-10 17:43:05.092,ARDUINO_PSI,Arduino,0.000,0.000,12.451,,
24.827238,2026-03-10 17:43:05.190,ARDUINO_PSI,Arduino,0.000,0.000,12.451,,
24.927671,2026-03-10 17:43:05.291,ARDUINO_PSI,Arduino,0.000,0.000,12.447,,
24.959524,2026-03-10 17:43:05.322,ARDUINO_SWITCH,Arduino,0,0,,,DO00 OFF
25.027399,2026-03-10 17:43:05.390,ARDUINO_PSI,Arduino,0.000,0.000,12.442,,
25.127255,2026-03-10 17:43:05.490,ARDUINO_PSI,Arduino,0.000,0.000,12.447,,
25.227904,2026-03-10 17:43:05.591,ARDUINO_PSI,Arduino,0.000,0.000,12.438,,
25.329100,2026-03-10 17:43:05.692,ARDUINO_PSI,Arduino,0.000,0.000,12.440,,
25.386871,2026-03-10 17:43:05.750,ARDUINO_SWITCH,Arduino,0,1,,,DO00 ON
25.427959,2026-03-10 17:43:05.791,ARDUINO_PSI,Arduino,0.000,0.000,12.428,,
25.527611,2026-03-10 17:43:05.891,ARDUINO_PSI,Arduino,0.000,0.000,12.433,,
25.627589,2026-03-10 17:43:05.991,ARDUINO_PSI,Arduino,0.000,0.000,12.431,,
25.727827,2026-03-10 17:43:06.091,ARDUINO_PSI,Arduino,0.000,0.000,12.444,,
25.827141,2026-03-10 17:43:06.190,ARDUINO_PSI,Arduino,0.000,0.000,12.449,,
25.928697,2026-03-10 17:43:06.292,ARDUINO_PSI,Arduino,0.000,0.000,12.456,,
26.027438,2026-03-10 17:43:06.390,ARDUINO_PSI,Arduino,0.000,0.000,12.449,,
26.128512,2026-03-10 17:43:06.491,ARDUINO_PSI,Arduino,0.000,0.000,12.447,,
26.147396,2026-03-10 17:43:06.510,ARDUINO_SWITCH,Arduino,4,0,,,DO04 OFF
26.227809,2026-03-10 17:43:06.591,ARDUINO_PSI,Arduino,0.000,0.000,12.447,,
26.327385,2026-03-10 17:43:06.690,ARDUINO_PSI,Arduino,0.000,0.000,12.442,,
26.427544,2026-03-10 17:43:06.790,ARDUINO_PSI,Arduino,0.000,0.000,12.438,,
26.489882,2026-03-10 17:43:06.853,ARDUINO_SWITCH,Arduino,4,1,,,DO04 ON
26.527839,2026-03-10 17:43:06.891,ARDUINO_PSI,Arduino,0.000,0.000,12.442,,
26.627834,2026-03-10 17:43:06.991,ARDUINO_PSI,Arduino,0.000,0.000,12.449,,
26.727911,2026-03-10 17:43:07.091,ARDUINO_PSI,Arduino,0.000,0.000,12.438,,
26.827467,2026-03-10 17:43:07.190,ARDUINO_PSI,Arduino,0.000,0.000,12.444,,
26.927707,2026-03-10 17:43:07.291,ARDUINO_PSI,Arduino,0.000,0.000,12.442,,
27.027623,2026-03-10 17:43:07.391,ARDUINO_PSI,Arduino,0.000,0.000,12.449,,
27.127445,2026-03-10 17:43:07.490,ARDUINO_PSI,Arduino,0.000,0.000,12.449,,
27.227786,2026-03-10 17:43:07.591,ARDUINO_PSI,Arduino,0.000,0.000,12.456,,
27.326936,2026-03-10 17:43:07.690,ARDUINO_PSI,Arduino,0.000,0.000,12.454,,
27.430057,2026-03-10 17:43:07.793,ARDUINO_PSI,Arduino,0.000,0.000,12.458,,
27.530392,2026-03-10 17:43:07.893,ARDUINO_PSI,Arduino,0.000,0.000,12.456,,
27.628013,2026-03-10 17:43:07.991,ARDUINO_PSI,Arduino,0.000,0.000,12.456,,
27.729336,2026-03-10 17:43:08.092,ARDUINO_PSI,Arduino,0.000,0.000,12.454,,
27.828402,2026-03-10 17:43:08.191,ARDUINO_PSI,Arduino,0.000,0.000,12.442,,
27.927517,2026-03-10 17:43:08.290,ARDUINO_PSI,Arduino,0.000,0.000,12.442,,
28.028487,2026-03-10 17:43:08.391,ARDUINO_PSI,Arduino,0.000,0.000,12.449,,
28.128781,2026-03-10 17:43:08.492,ARDUINO_PSI,Arduino,0.000,0.000,12.451,,
28.228509,2026-03-10 17:43:08.591,ARDUINO_PSI,Arduino,0.000,0.000,12.454,,
28.328480,2026-03-10 17:43:08.691,ARDUINO_PSI,Arduino,0.000,0.000,12.463,,
28.427616,2026-03-10 17:43:08.791,ARDUINO_PSI,Arduino,0.000,0.000,12.465,,
28.528185,2026-03-10 17:43:08.891,ARDUINO_PSI,Arduino,0.000,0.000,12.465,,
28.628724,2026-03-10 17:43:08.992,ARDUINO_PSI,Arduino,0.000,0.000,12.456,,
28.728277,2026-03-10 17:43:09.091,ARDUINO_PSI,Arduino,0.000,0.000,12.465,,
28.828527,2026-03-10 17:43:09.191,ARDUINO_PSI,Arduino,0.000,0.000,12.465,,
28.927729,2026-03-10 17:43:09.291,ARDUINO_PSI,Arduino,0.000,0.000,12.474,,
29.028565,2026-03-10 17:43:09.392,ARDUINO_PSI,Arduino,0.000,0.000,12.465,,
29.127876,2026-03-10 17:43:09.491,ARDUINO_PSI,Arduino,0.000,0.000,12.460,,
29.227758,2026-03-10 17:43:09.591,ARDUINO_PSI,Arduino,0.000,0.000,12.463,,
29.328072,2026-03-10 17:43:09.691,ARDUINO_PSI,Arduino,0.000,0.000,12.465,,
29.427986,2026-03-10 17:43:09.791,ARDUINO_PSI,Arduino,0.000,0.000,12.465,,
29.527495,2026-03-10 17:43:09.890,ARDUINO_PSI,Arduino,0.000,0.000,12.472,,
29.628714,2026-03-10 17:43:09.992,ARDUINO_PSI,Arduino,0.000,0.000,12.474,,
29.728818,2026-03-10 17:43:10.092,ARDUINO_PSI,Arduino,0.000,0.000,12.483,,
29.828010,2026-03-10 17:43:10.191,ARDUINO_PSI,Arduino,0.000,0.000,12.492,,
29.928427,2026-03-10 17:43:10.291,ARDUINO_PSI,Arduino,0.000,0.000,12.495,,
30.028225,2026-03-10 17:43:10.391,ARDUINO_PSI,Arduino,0.000,0.000,12.495,,
30.128248,2026-03-10 17:43:10.491,ARDUINO_PSI,Arduino,0.000,0.000,12.504,,
30.228461,2026-03-10 17:43:10.591,ARDUINO_PSI,Arduino,0.000,0.000,12.511,,
30.327596,2026-03-10 17:43:10.691,ARDUINO_PSI,Arduino,0.000,0.000,12.508,,
30.428882,2026-03-10 17:43:10.792,ARDUINO_PSI,Arduino,0.000,0.000,12.495,,
30.527813,2026-03-10 17:43:10.891,ARDUINO_PSI,Arduino,0.000,0.000,12.483,,
30.627425,2026-03-10 17:43:10.990,ARDUINO_PSI,Arduino,0.000,0.000,12.490,,
30.728559,2026-03-10 17:43:11.092,ARDUINO_PSI,Arduino,0.000,0.000,12.495,,
30.828662,2026-03-10 17:43:11.192,ARDUINO_PSI,Arduino,0.000,0.000,12.486,,
30.928120,2026-03-10 17:43:11.291,ARDUINO_PSI,Arduino,0.000,0.000,12.476,,
31.028361,2026-03-10 17:43:11.391,ARDUINO_PSI,Arduino,0.000,0.000,12.479,,
31.128257,2026-03-10 17:43:11.491,ARDUINO_PSI,Arduino,0.000,0.000,12.476,,
31.227707,2026-03-10 17:43:11.591,ARDUINO_PSI,Arduino,0.000,0.000,12.476,,
31.327200,2026-03-10 17:43:11.690,ARDUINO_PSI,Arduino,0.000,0.000,12.481,,
31.428835,2026-03-10 17:43:11.792,ARDUINO_PSI,Arduino,0.000,0.000,12.481,,
31.527515,2026-03-10 17:43:11.890,ARDUINO_PSI,Arduino,0.000,0.000,12.481,,
31.628382,2026-03-10 17:43:11.991,ARDUINO_PSI,Arduino,0.000,0.000,12.474,,
31.728357,2026-03-10 17:43:12.091,ARDUINO_PSI,Arduino,0.000,0.000,12.472,,
31.827145,2026-03-10 17:43:12.190,ARDUINO_PSI,Arduino,0.000,0.000,12.472,,
31.928710,2026-03-10 17:43:12.292,ARDUINO_PSI,Arduino,0.000,0.000,12.486,,
32.027797,2026-03-10 17:43:12.391,ARDUINO_PSI,Arduino,0.000,0.000,12.479,,
32.127452,2026-03-10 17:43:12.490,ARDUINO_PSI,Arduino,0.000,0.000,12.479,,
32.228369,2026-03-10 17:43:12.591,ARDUINO_PSI,Arduino,0.000,0.000,12.481,,
32.326882,2026-03-10 17:43:12.690,ARDUINO_PSI,Arduino,0.000,0.000,12.486,,
32.428170,2026-03-10 17:43:12.791,ARDUINO_PSI,Arduino,0.000,0.000,12.495,,
32.527428,2026-03-10 17:43:12.890,ARDUINO_PSI,Arduino,0.000,0.000,12.508,,
32.627469,2026-03-10 17:43:12.990,ARDUINO_PSI,Arduino,0.000,0.000,12.511,,
32.727658,2026-03-10 17:43:13.091,ARDUINO_PSI,Arduino,0.000,0.000,12.511,,
32.827278,2026-03-10 17:43:13.190,ARDUINO_PSI,Arduino,0.000,0.000,12.513,,
32.927501,2026-03-10 17:43:13.290,ARDUINO_PSI,Arduino,0.000,0.000,12.522,,
33.027514,2026-03-10 17:43:13.390,ARDUINO_PSI,Arduino,0.000,0.000,12.534,,
33.127851,2026-03-10 17:43:13.491,ARDUINO_PSI,Arduino,0.000,0.000,12.547,,
33.227594,2026-03-10 17:43:13.591,ARDUINO_PSI,Arduino,0.000,0.000,12.545,,
33.327393,2026-03-10 17:43:13.690,ARDUINO_PSI,Arduino,0.000,0.000,12.545,,
33.427275,2026-03-10 17:43:13.790,ARDUINO_PSI,Arduino,0.000,0.000,12.556,,
33.527691,2026-03-10 17:43:13.891,ARDUINO_PSI,Arduino,0.000,0.000,12.547,,
33.627409,2026-03-10 17:43:13.990,ARDUINO_PSI,Arduino,0.000,0.000,12.556,,
33.727519,2026-03-10 17:43:14.090,ARDUINO_PSI,Arduino,0.000,0.000,12.550,,
33.827509,2026-03-10 17:43:14.190,ARDUINO_PSI,Arduino,0.000,0.000,12.554,,
33.926870,2026-03-10 17:43:14.290,ARDUINO_PSI,Arduino,0.000,0.000,12.552,,
34.028467,2026-03-10 17:43:14.391,ARDUINO_PSI,Arduino,0.000,0.000,12.543,,
34.127957,2026-03-10 17:43:14.491,ARDUINO_PSI,Arduino,0.000,0.000,12.534,,
34.227460,2026-03-10 17:43:14.590,ARDUINO_PSI,Arduino,0.000,0.000,12.529,,
34.327366,2026-03-10 17:43:14.690,ARDUINO_PSI,Arduino,0.000,0.000,12.524,,
34.426949,2026-03-10 17:43:14.790,ARDUINO_PSI,Arduino,0.000,0.000,12.520,,
34.527921,2026-03-10 17:43:14.891,ARDUINO_PSI,Arduino,0.000,0.000,12.513,,
34.628379,2026-03-10 17:43:14.991,ARDUINO_PSI,Arduino,0.000,0.000,12.518,,
34.727469,2026-03-10 17:43:15.090,ARDUINO_PSI,Arduino,0.000,0.000,12.508,,
34.828034,2026-03-10 17:43:15.191,ARDUINO_PSI,Arduino,0.000,0.000,12.513,,
34.927346,2026-03-10 17:43:15.290,ARDUINO_PSI,Arduino,0.000,0.000,12.497,,
35.028399,2026-03-10 17:43:15.391,ARDUINO_PSI,Arduino,0.000,0.000,12.481,,
35.127458,2026-03-10 17:43:15.490,ARDUINO_PSI,Arduino,0.000,0.000,12.470,,
35.229089,2026-03-10 17:43:15.592,ARDUINO_PSI,Arduino,0.000,0.000,12.476,,
35.328313,2026-03-10 17:43:15.691,ARDUINO_PSI,Arduino,0.000,0.000,12.470,,
35.427432,2026-03-10 17:43:15.790,ARDUINO_PSI,Arduino,0.000,0.000,12.460,,
35.528933,2026-03-10 17:43:15.892,ARDUINO_PSI,Arduino,0.000,0.000,12.467,,
35.627979,2026-03-10 17:43:15.991,ARDUINO_PSI,Arduino,0.000,0.000,12.460,,
35.727698,2026-03-10 17:43:16.091,ARDUINO_PSI,Arduino,0.000,0.000,12.467,,
35.827981,2026-03-10 17:43:16.191,ARDUINO_PSI,Arduino,0.000,0.000,12.460,,
35.928625,2026-03-10 17:43:16.292,ARDUINO_PSI,Arduino,0.000,0.000,12.444,,
36.029603,2026-03-10 17:43:16.393,ARDUINO_PSI,Arduino,0.000,0.000,12.447,,
36.127483,2026-03-10 17:43:16.490,ARDUINO_PSI,Arduino,0.000,0.000,12.444,,
36.228924,2026-03-10 17:43:16.592,ARDUINO_PSI,Arduino,0.000,0.000,12.442,,
36.327275,2026-03-10 17:43:16.690,ARDUINO_PSI,Arduino,0.000,0.000,12.449,,
36.427649,2026-03-10 17:43:16.791,ARDUINO_PSI,Arduino,0.000,0.000,12.463,,
36.527833,2026-03-10 17:43:16.891,ARDUINO_PSI,Arduino,0.000,0.000,12.470,,
36.627405,2026-03-10 17:43:16.990,ARDUINO_PSI,Arduino,0.000,0.000,12.467,,
36.727483,2026-03-10 17:43:17.090,ARDUINO_PSI,Arduino,0.000,0.000,12.467,,
36.828663,2026-03-10 17:43:17.192,ARDUINO_PSI,Arduino,0.000,0.000,12.470,,
36.928602,2026-03-10 17:43:17.292,ARDUINO_PSI,Arduino,0.000,0.000,12.486,,
37.028252,2026-03-10 17:43:17.391,ARDUINO_PSI,Arduino,0.000,0.000,12.502,,
37.127482,2026-03-10 17:43:17.490,ARDUINO_PSI,Arduino,0.000,0.000,12.502,,
37.227807,2026-03-10 17:43:17.591,ARDUINO_PSI,Arduino,0.000,0.000,12.497,,
37.327758,2026-03-10 17:43:17.691,ARDUINO_PSI,Arduino,0.000,0.000,12.502,,
37.427451,2026-03-10 17:43:17.790,ARDUINO_PSI,Arduino,0.000,0.000,12.502,,
37.527375,2026-03-10 17:43:17.890,ARDUINO_PSI,Arduino,0.000,0.000,12.504,,
37.627155,2026-03-10 17:43:17.990,ARDUINO_PSI,Arduino,0.000,0.000,12.502,,
37.727113,2026-03-10 17:43:18.090,ARDUINO_PSI,Arduino,0.000,0.000,12.490,,
37.827767,2026-03-10 17:43:18.191,ARDUINO_PSI,Arduino,0.000,0.000,12.492,,
37.929123,2026-03-10 17:43:18.292,ARDUINO_PSI,Arduino,0.000,0.000,12.508,,
38.027402,2026-03-10 17:43:18.390,ARDUINO_PSI,Arduino,0.000,0.000,12.511,,
38.127490,2026-03-10 17:43:18.490,ARDUINO_PSI,Arduino,0.000,0.000,12.518,,
38.227631,2026-03-10 17:43:18.591,ARDUINO_PSI,Arduino,0.000,0.000,12.513,,
38.327858,2026-03-10 17:43:18.691,ARDUINO_PSI,Arduino,0.000,0.000,12.511,,
38.427674,2026-03-10 17:43:18.791,ARDUINO_PSI,Arduino,0.000,0.000,12.499,,
38.528613,2026-03-10 17:43:18.892,ARDUINO_PSI,Arduino,0.000,0.000,12.492,,
38.627411,2026-03-10 17:43:18.990,ARDUINO_PSI,Arduino,0.000,0.000,12.488,,
38.729132,2026-03-10 17:43:19.092,ARDUINO_PSI,Arduino,0.000,0.000,12.486,,
38.827457,2026-03-10 17:43:19.190,ARDUINO_PSI,Arduino,0.000,0.000,12.490,,
38.927457,2026-03-10 17:43:19.290,ARDUINO_PSI,Arduino,0.000,0.000,12.486,,
39.028287,2026-03-10 17:43:19.391,ARDUINO_PSI,Arduino,0.000,0.000,12.472,,
39.128002,2026-03-10 17:43:19.491,ARDUINO_PSI,Arduino,0.000,0.000,12.483,,
39.227313,2026-03-10 17:43:19.590,ARDUINO_PSI,Arduino,0.000,0.000,12.472,,
39.327389,2026-03-10 17:43:19.690,ARDUINO_PSI,Arduino,0.000,0.000,12.499,,
39.428256,2026-03-10 17:43:19.791,ARDUINO_PSI,Arduino,0.000,0.000,12.492,,
39.527494,2026-03-10 17:43:19.890,ARDUINO_PSI,Arduino,0.000,0.000,12.495,,
39.627459,2026-03-10 17:43:19.990,ARDUINO_PSI,Arduino,0.000,0.000,12.502,,
39.727781,2026-03-10 17:43:20.091,ARDUINO_PSI,Arduino,0.000,0.000,12.518,,
39.827371,2026-03-10 17:43:20.190,ARDUINO_PSI,Arduino,0.000,0.000,12.520,,
39.927458,2026-03-10 17:43:20.290,ARDUINO_PSI,Arduino,0.000,0.000,12.518,,
40.027661,2026-03-10 17:43:20.391,ARDUINO_PSI,Arduino,0.000,0.000,12.515,,
40.127343,2026-03-10 17:43:20.490,ARDUINO_PSI,Arduino,0.000,0.000,12.513,,
40.227673,2026-03-10 17:43:20.591,ARDUINO_PSI,Arduino,0.000,0.000,12.508,,
40.327341,2026-03-10 17:43:20.690,ARDUINO_PSI,Arduino,0.000,0.000,12.504,,
40.427493,2026-03-10 17:43:20.790,ARDUINO_PSI,Arduino,0.000,0.000,12.506,,
40.528305,2026-03-10 17:43:20.891,ARDUINO_PSI,Arduino,0.000,0.000,12.506,,
40.627616,2026-03-10 17:43:20.991,ARDUINO_PSI,Arduino,0.000,0.000,12.513,,
40.727425,2026-03-10 17:43:21.090,ARDUINO_PSI,Arduino,0.000,0.000,12.515,,
40.826868,2026-03-10 17:43:21.190,ARDUINO_PSI,Arduino,0.000,0.000,12.508,,
40.927456,2026-03-10 17:43:21.290,ARDUINO_PSI,Arduino,0.000,0.000,12.499,,
41.027640,2026-03-10 17:43:21.391,ARDUINO_PSI,Arduino,0.000,0.000,12.506,,
41.127482,2026-03-10 17:43:21.490,ARDUINO_PSI,Arduino,0.000,0.000,12.502,,
41.228121,2026-03-10 17:43:21.591,ARDUINO_PSI,Arduino,0.000,0.000,12.515,,
41.326971,2026-03-10 17:43:21.690,ARDUINO_PSI,Arduino,0.000,0.000,12.481,,
41.427518,2026-03-10 17:43:21.790,ARDUINO_PSI,Arduino,0.000,0.000,12.483,,
41.527497,2026-03-10 17:43:21.890,ARDUINO_PSI,Arduino,0.000,0.000,12.476,,
41.627424,2026-03-10 17:43:21.990,ARDUINO_PSI,Arduino,0.000,0.000,12.467,,
41.727397,2026-03-10 17:43:22.090,ARDUINO_PSI,Arduino,0.000,0.000,12.460,,
41.827662,2026-03-10 17:43:22.191,ARDUINO_PSI,Arduino,0.000,0.000,12.458,,
41.927741,2026-03-10 17:43:22.291,ARDUINO_PSI,Arduino,0.000,0.000,12.454,,
42.027483,2026-03-10 17:43:22.390,ARDUINO_PSI,Arduino,0.000,0.000,12.449,,
42.127701,2026-03-10 17:43:22.491,ARDUINO_PSI,Arduino,0.000,0.000,12.454,,
42.227505,2026-03-10 17:43:22.590,ARDUINO_PSI,Arduino,0.000,0.000,12.458,,
42.326999,2026-03-10 17:43:22.690,ARDUINO_PSI,Arduino,0.000,0.000,12.460,,
42.427452,2026-03-10 17:43:22.790,ARDUINO_PSI,Arduino,0.000,0.000,12.456,,
42.527745,2026-03-10 17:43:22.891,ARDUINO_PSI,Arduino,0.000,0.000,12.463,,
42.627374,2026-03-10 17:43:22.990,ARDUINO_PSI,Arduino,0.000,0.000,12.454,,
42.727449,2026-03-10 17:43:23.090,ARDUINO_PSI,Arduino,0.000,0.000,12.451,,
42.828035,2026-03-10 17:43:23.191,ARDUINO_PSI,Arduino,0.000,0.000,12.449,,
42.927436,2026-03-10 17:43:23.290,ARDUINO_PSI,Arduino,0.000,0.000,12.460,,
43.027490,2026-03-10 17:43:23.390,ARDUINO_PSI,Arduino,0.000,0.000,12.456,,
43.126857,2026-03-10 17:43:23.490,ARDUINO_PSI,Arduino,0.000,0.000,12.447,,
43.227499,2026-03-10 17:43:23.590,ARDUINO_PSI,Arduino,0.000,0.000,12.442,,
43.327146,2026-03-10 17:43:23.690,ARDUINO_PSI,Arduino,0.000,0.000,12.447,,
43.427406,2026-03-10 17:43:23.790,ARDUINO_PSI,Arduino,0.000,0.000,12.449,,
43.527748,2026-03-10 17:43:23.891,ARDUINO_PSI,Arduino,0.000,0.000,12.449,,
43.627493,2026-03-10 17:43:23.990,ARDUINO_PSI,Arduino,0.000,0.000,12.449,,
43.727542,2026-03-10 17:43:24.090,ARDUINO_PSI,Arduino,0.000,0.000,12.447,,
43.826984,2026-03-10 17:43:24.190,ARDUINO_PSI,Arduino,0.000,0.000,12.444,,
43.927672,2026-03-10 17:43:24.291,ARDUINO_PSI,Arduino,0.000,0.000,12.442,,
44.028159,2026-03-10 17:43:24.391,ARDUINO_PSI,Arduino,0.000,0.000,12.449,,
44.127476,2026-03-10 17:43:24.490,ARDUINO_PSI,Arduino,0.000,0.000,12.442,,
44.227558,2026-03-10 17:43:24.591,ARDUINO_PSI,Arduino,0.000,0.000,12.454,,
44.326872,2026-03-10 17:43:24.690,ARDUINO_PSI,Arduino,0.000,0.000,12.451,,
44.427620,2026-03-10 17:43:24.791,ARDUINO_PSI,Arduino,0.000,0.000,12.447,,
44.527470,2026-03-10 17:43:24.890,ARDUINO_PSI,Arduino,0.000,0.000,12.442,,
44.626930,2026-03-10 17:43:24.990,ARDUINO_PSI,Arduino,0.000,0.000,12.449,,
44.727287,2026-03-10 17:43:25.090,ARDUINO_PSI,Arduino,0.000,0.000,12.451,,
44.827404,2026-03-10 17:43:25.190,ARDUINO_PSI,Arduino,0.000,0.000,12.451,,
44.927090,2026-03-10 17:43:25.290,ARDUINO_PSI,Arduino,0.000,0.000,12.454,,
45.027386,2026-03-10 17:43:25.390,ARDUINO_PSI,Arduino,0.000,0.000,12.460,,
45.127652,2026-03-10 17:43:25.491,ARDUINO_PSI,Arduino,0.000,0.000,12.454,,
45.228100,2026-03-10 17:43:25.591,ARDUINO_PSI,Arduino,0.000,0.000,12.447,,
45.327392,2026-03-10 17:43:25.690,ARDUINO_PSI,Arduino,0.000,0.000,12.454,,
45.428576,2026-03-10 17:43:25.792,ARDUINO_PSI,Arduino,0.000,0.000,12.456,,
45.529004,2026-03-10 17:43:25.892,ARDUINO_PSI,Arduino,0.000,0.000,12.460,,
45.627392,2026-03-10 17:43:25.990,ARDUINO_PSI,Arduino,0.000,0.000,12.460,,
45.728535,2026-03-10 17:43:26.091,ARDUINO_PSI,Arduino,0.000,0.000,12.467,,
45.826803,2026-03-10 17:43:26.190,ARDUINO_PSI,Arduino,0.000,0.000,12.467,,
45.927439,2026-03-10 17:43:26.290,ARDUINO_PSI,Arduino,0.000,0.000,12.472,,
46.027082,2026-03-10 17:43:26.390,ARDUINO_PSI,Arduino,0.000,0.000,12.479,,
46.127024,2026-03-10 17:43:26.490,ARDUINO_PSI,Arduino,0.000,0.000,12.474,,
46.227459,2026-03-10 17:43:26.590,ARDUINO_PSI,Arduino,0.000,0.000,12.463,,
46.326900,2026-03-10 17:43:26.690,ARDUINO_PSI,Arduino,0.000,0.000,12.463,,
46.427482,2026-03-10 17:43:26.790,ARDUINO_PSI,Arduino,0.000,0.000,12.476,,
46.526913,2026-03-10 17:43:26.890,ARDUINO_PSI,Arduino,0.000,0.000,12.474,,
46.627784,2026-03-10 17:43:26.991,ARDUINO_PSI,Arduino,0.000,0.000,12.474,,
46.728466,2026-03-10 17:43:27.091,ARDUINO_PSI,Arduino,0.000,0.000,12.467,,
46.827468,2026-03-10 17:43:27.190,ARDUINO_PSI,Arduino,0.000,0.000,12.467,,
46.927293,2026-03-10 17:43:27.290,ARDUINO_PSI,Arduino,0.000,0.000,12.467,,
47.027379,2026-03-10 17:43:27.390,ARDUINO_PSI,Arduino,0.000,0.000,12.460,,
47.127528,2026-03-10 17:43:27.490,ARDUINO_PSI,Arduino,0.000,0.000,12.476,,
47.227241,2026-03-10 17:43:27.590,ARDUINO_PSI,Arduino,0.000,0.000,12.488,,
47.327628,2026-03-10 17:43:27.691,ARDUINO_PSI,Arduino,0.000,0.000,12.481,,
47.427094,2026-03-10 17:43:27.790,ARDUINO_PSI,Arduino,0.000,0.000,12.479,,
47.527980,2026-03-10 17:43:27.891,ARDUINO_PSI,Arduino,0.000,0.000,12.470,,
47.627303,2026-03-10 17:43:27.990,ARDUINO_PSI,Arduino,0.000,0.000,12.463,,
47.727560,2026-03-10 17:43:28.091,ARDUINO_PSI,Arduino,0.000,0.000,12.456,,
47.827432,2026-03-10 17:43:28.190,ARDUINO_PSI,Arduino,0.000,0.000,12.456,,
47.927524,2026-03-10 17:43:28.290,ARDUINO_PSI,Arduino,0.000,0.000,12.451,,
48.027538,2026-03-10 17:43:28.390,ARDUINO_PSI,Arduino,0.000,0.000,12.442,,
48.127581,2026-03-10 17:43:28.491,ARDUINO_PSI,Arduino,0.000,0.000,12.447,,
48.227420,2026-03-10 17:43:28.590,ARDUINO_PSI,Arduino,0.000,0.000,12.454,,
48.328881,2026-03-10 17:43:28.692,ARDUINO_PSI,Arduino,0.000,0.000,12.451,,
48.427839,2026-03-10 17:43:28.791,ARDUINO_PSI,Arduino,0.000,0.000,12.442,,
48.527614,2026-03-10 17:43:28.891,ARDUINO_PSI,Arduino,0.000,0.000,12.442,,
48.627589,2026-03-10 17:43:28.991,ARDUINO_PSI,Arduino,0.000,0.000,12.440,,
48.727595,2026-03-10 17:43:29.091,ARDUINO_PSI,Arduino,0.000,0.000,12.444,,
48.827424,2026-03-10 17:43:29.190,ARDUINO_PSI,Arduino,0.000,0.000,12.444,,
48.927697,2026-03-10 17:43:29.291,ARDUINO_PSI,Arduino,0.000,0.000,12.435,,
49.027545,2026-03-10 17:43:29.390,ARDUINO_PSI,Arduino,0.000,0.000,12.433,,
49.128306,2026-03-10 17:43:29.491,ARDUINO_PSI,Arduino,0.000,0.000,12.431,,
49.227506,2026-03-10 17:43:29.590,ARDUINO_PSI,Arduino,0.000,0.000,12.426,,
49.327614,2026-03-10 17:43:29.691,ARDUINO_PSI,Arduino,0.000,0.000,12.435,,
49.427122,2026-03-10 17:43:29.790,ARDUINO_PSI,Arduino,0.000,0.000,12.435,,
49.527514,2026-03-10 17:43:29.890,ARDUINO_PSI,Arduino,0.000,0.000,12.435,,
49.627321,2026-03-10 17:43:29.990,ARDUINO_PSI,Arduino,0.000,0.000,12.438,,
49.727551,2026-03-10 17:43:30.091,ARDUINO_PSI,Arduino,0.000,0.000,12.444,,
49.827407,2026-03-10 17:43:30.190,ARDUINO_PSI,Arduino,0.000,0.000,12.440,,
49.927109,2026-03-10 17:43:30.290,ARDUINO_PSI,Arduino,0.000,0.000,12.440,,
50.027888,2026-03-10 17:43:30.391,ARDUINO_PSI,Arduino,0.000,0.000,12.435,,
50.127735,2026-03-10 17:43:30.491,ARDUINO_PSI,Arduino,0.000,0.000,12.442,,
50.227546,2026-03-10 17:43:30.590,ARDUINO_PSI,Arduino,0.000,0.000,12.431,,
50.327059,2026-03-10 17:43:30.690,ARDUINO_PSI,Arduino,0.000,0.000,12.433,,
50.427389,2026-03-10 17:43:30.790,ARDUINO_PSI,Arduino,0.000,0.000,12.431,,
50.528125,2026-03-10 17:43:30.891,ARDUINO_PSI,Arduino,0.000,0.000,12.438,,
50.627432,2026-03-10 17:43:30.990,ARDUINO_PSI,Arduino,0.000,0.000,12.444,,
50.727684,2026-03-10 17:43:31.091,ARDUINO_PSI,Arduino,0.000,0.000,12.442,,
50.827497,2026-03-10 17:43:31.190,ARDUINO_PSI,Arduino,0.000,0.000,12.444,,
50.926836,2026-03-10 17:43:31.290,ARDUINO_PSI,Arduino,0.000,0.000,12.451,,
51.027496,2026-03-10 17:43:31.390,ARDUINO_PSI,Arduino,0.000,0.000,12.454,,
51.127404,2026-03-10 17:43:31.490,ARDUINO_PSI,Arduino,0.000,0.000,12.449,,
51.228116,2026-03-10 17:43:31.591,ARDUINO_PSI,Arduino,0.000,0.000,12.444,,
51.327554,2026-03-10 17:43:31.691,ARDUINO_PSI,Arduino,0.000,0.000,12.435,,
51.427219,2026-03-10 17:43:31.790,ARDUINO_PSI,Arduino,0.000,0.000,12.431,,
51.527471,2026-03-10 17:43:31.890,ARDUINO_PSI,Arduino,0.000,0.000,12.433,,
51.627378,2026-03-10 17:43:31.990,ARDUINO_PSI,Arduino,0.000,0.000,12.442,,
51.727474,2026-03-10 17:43:32.090,ARDUINO_PSI,Arduino,0.000,0.000,12.438,,
51.827497,2026-03-10 17:43:32.190,ARDUINO_PSI,Arduino,0.000,0.000,12.435,,
51.927003,2026-03-10 17:43:32.290,ARDUINO_PSI,Arduino,0.000,0.000,12.435,,
52.029800,2026-03-10 17:43:32.393,ARDUINO_PSI,Arduino,0.000,0.000,12.447,,
52.127458,2026-03-10 17:43:32.490,ARDUINO_PSI,Arduino,0.000,0.000,12.451,,
52.228102,2026-03-10 17:43:32.591,ARDUINO_PSI,Arduino,0.000,0.000,12.465,,
52.326939,2026-03-10 17:43:32.690,ARDUINO_PSI,Arduino,0.000,0.000,12.467,,
52.426995,2026-03-10 17:43:32.790,ARDUINO_PSI,Arduino,0.000,0.000,12.479,,
52.527412,2026-03-10 17:43:32.890,ARDUINO_PSI,Arduino,0.000,0.000,12.460,,
52.627453,2026-03-10 17:43:32.990,ARDUINO_PSI,Arduino,0.000,0.000,12.454,,
52.727749,2026-03-10 17:43:33.091,ARDUINO_PSI,Arduino,0.000,0.000,12.460,,
52.827694,2026-03-10 17:43:33.191,ARDUINO_PSI,Arduino,0.000,0.000,12.456,,
52.928069,2026-03-10 17:43:33.291,ARDUINO_PSI,Arduino,0.000,0.000,12.463,,
53.027403,2026-03-10 17:43:33.390,ARDUINO_PSI,Arduino,0.000,0.000,12.474,,
53.127493,2026-03-10 17:43:33.490,ARDUINO_PSI,Arduino,0.000,0.000,12.470,,
53.227502,2026-03-10 17:43:33.590,ARDUINO_PSI,Arduino,0.000,0.000,12.472,,
53.327665,2026-03-10 17:43:33.691,ARDUINO_PSI,Arduino,0.000,0.000,12.476,,
53.427617,2026-03-10 17:43:33.791,ARDUINO_PSI,Arduino,0.000,0.000,12.479,,
53.529874,2026-03-10 17:43:33.893,ARDUINO_PSI,Arduino,0.000,0.000,12.483,,
53.626895,2026-03-10 17:43:33.990,ARDUINO_PSI,Arduino,0.000,0.000,12.481,,
53.727525,2026-03-10 17:43:34.090,ARDUINO_PSI,Arduino,0.000,0.000,12.486,,
53.827715,2026-03-10 17:43:34.191,ARDUINO_PSI,Arduino,0.000,0.000,12.492,,
53.927422,2026-03-10 17:43:34.290,ARDUINO_PSI,Arduino,0.000,0.000,12.497,,
54.027521,2026-03-10 17:43:34.390,ARDUINO_PSI,Arduino,0.000,0.000,12.502,,
54.127948,2026-03-10 17:43:34.491,ARDUINO_PSI,Arduino,0.000,0.000,12.499,,
54.227564,2026-03-10 17:43:34.591,ARDUINO_PSI,Arduino,0.000,0.000,12.488,,
54.327447,2026-03-10 17:43:34.690,ARDUINO_PSI,Arduino,0.000,0.000,12.492,,
54.427393,2026-03-10 17:43:34.790,ARDUINO_PSI,Arduino,0.000,0.000,12.490,,
54.527580,2026-03-10 17:43:34.891,ARDUINO_PSI,Arduino,0.000,0.000,12.497,,
54.629669,2026-03-10 17:43:34.993,ARDUINO_PSI,Arduino,0.000,0.000,12.495,,
54.727523,2026-03-10 17:43:35.090,ARDUINO_PSI,Arduino,0.000,0.000,12.495,,
54.827575,2026-03-10 17:43:35.191,ARDUINO_PSI,Arduino,0.000,0.000,12.502,,
54.927985,2026-03-10 17:43:35.291,ARDUINO_PSI,Arduino,0.000,0.000,12.495,,
55.028753,2026-03-10 17:43:35.392,ARDUINO_PSI,Arduino,0.000,0.000,12.481,,
55.127213,2026-03-10 17:43:35.490,ARDUINO_PSI,Arduino,0.000,0.000,12.483,,
55.227449,2026-03-10 17:43:35.590,ARDUINO_PSI,Arduino,0.000,0.000,12.483,,
55.327212,2026-03-10 17:43:35.690,ARDUINO_PSI,Arduino,0.000,0.000,12.474,,
55.427527,2026-03-10 17:43:35.790,ARDUINO_PSI,Arduino,0.000,0.000,12.467,,
55.528147,2026-03-10 17:43:35.891,ARDUINO_PSI,Arduino,0.000,0.000,12.460,,
55.628453,2026-03-10 17:43:35.991,ARDUINO_PSI,Arduino,0.000,0.000,12.467,,
55.727509,2026-03-10 17:43:36.090,ARDUINO_PSI,Arduino,0.000,0.000,12.465,,
55.827671,2026-03-10 17:43:36.191,ARDUINO_PSI,Arduino,0.000,0.000,12.458,,
55.927618,2026-03-10 17:43:36.291,ARDUINO_PSI,Arduino,0.000,0.000,12.449,,
56.028217,2026-03-10 17:43:36.391,ARDUINO_PSI,Arduino,0.000,0.000,12.435,,
56.127070,2026-03-10 17:43:36.490,ARDUINO_PSI,Arduino,0.000,0.000,12.438,,
56.227716,2026-03-10 17:43:36.591,ARDUINO_PSI,Arduino,0.000,0.000,12.442,,
56.327537,2026-03-10 17:43:36.690,ARDUINO_PSI,Arduino,0.000,0.000,12.440,,
56.428857,2026-03-10 17:43:36.792,ARDUINO_PSI,Arduino,0.000,0.000,12.433,,
56.527478,2026-03-10 17:43:36.890,ARDUINO_PSI,Arduino,0.000,0.000,12.426,,
56.627435,2026-03-10 17:43:36.990,ARDUINO_PSI,Arduino,0.000,0.000,12.431,,
56.728013,2026-03-10 17:43:37.091,ARDUINO_PSI,Arduino,0.000,0.000,12.422,,
56.827392,2026-03-10 17:43:37.190,ARDUINO_PSI,Arduino,0.000,0.000,12.431,,
56.928192,2026-03-10 17:43:37.291,ARDUINO_PSI,Arduino,0.000,0.000,12.419,,
57.027580,2026-03-10 17:43:37.391,ARDUINO_PSI,Arduino,0.000,0.000,12.426,,
57.127565,2026-03-10 17:43:37.491,ARDUINO_PSI,Arduino,0.000,0.000,12.431,,
57.227536,2026-03-10 17:43:37.590,ARDUINO_PSI,Arduino,0.000,0.000,12.438,,
57.326957,2026-03-10 17:43:37.690,ARDUINO_PSI,Arduino,0.000,0.000,12.454,,
57.428043,2026-03-10 17:43:37.791,ARDUINO_PSI,Arduino,0.000,0.000,12.458,,
57.527519,2026-03-10 17:43:37.890,ARDUINO_PSI,Arduino,0.000,0.000,12.460,,
57.627513,2026-03-10 17:43:37.990,ARDUINO_PSI,Arduino,0.000,0.000,12.454,,
57.727776,2026-03-10 17:43:38.091,ARDUINO_PSI,Arduino,0.000,0.000,12.460,,
57.827408,2026-03-10 17:43:38.190,ARDUINO_PSI,Arduino,0.000,0.000,12.460,,
57.927357,2026-03-10 17:43:38.290,ARDUINO_PSI,Arduino,0.000,0.000,12.472,,
58.028298,2026-03-10 17:43:38.391,ARDUINO_PSI,Arduino,0.000,0.000,12.474,,
58.127507,2026-03-10 17:43:38.490,ARDUINO_PSI,Arduino,0.000,0.000,12.458,,
58.228177,2026-03-10 17:43:38.591,ARDUINO_PSI,Arduino,0.000,0.000,12.456,,
58.327523,2026-03-10 17:43:38.690,ARDUINO_PSI,Arduino,0.000,0.000,12.454,,
58.427395,2026-03-10 17:43:38.790,ARDUINO_PSI,Arduino,0.000,0.000,12.465,,
58.527501,2026-03-10 17:43:38.890,ARDUINO_PSI,Arduino,0.000,0.000,12.479,,
58.627771,2026-03-10 17:43:38.991,ARDUINO_PSI,Arduino,0.000,0.000,12.479,,
58.727331,2026-03-10 17:43:39.090,ARDUINO_PSI,Arduino,0.000,0.000,12.486,,
58.827608,2026-03-10 17:43:39.191,ARDUINO_PSI,Arduino,0.000,0.000,12.481,,
58.927437,2026-03-10 17:43:39.290,ARDUINO_PSI,Arduino,0.000,0.000,12.490,,
59.027057,2026-03-10 17:43:39.390,ARDUINO_PSI,Arduino,0.000,0.000,12.488,,
59.127758,2026-03-10 17:43:39.491,ARDUINO_PSI,Arduino,0.000,0.000,12.479,,
59.227417,2026-03-10 17:43:39.590,ARDUINO_PSI,Arduino,0.000,0.000,12.472,,
59.327515,2026-03-10 17:43:39.690,ARDUINO_PSI,Arduino,0.000,0.000,12.460,,
59.427409,2026-03-10 17:43:39.790,ARDUINO_PSI,Arduino,0.000,0.000,12.467,,
59.527545,2026-03-10 17:43:39.890,ARDUINO_PSI,Arduino,0.000,0.000,12.460,,
59.627308,2026-03-10 17:43:39.990,ARDUINO_PSI,Arduino,0.000,0.000,12.460,,
59.727555,2026-03-10 17:43:40.091,ARDUINO_PSI,Arduino,0.000,0.000,12.449,,
59.827479,2026-03-10 17:43:40.190,ARDUINO_PSI,Arduino,0.000,0.000,12.456,,
59.927037,2026-03-10 17:43:40.290,ARDUINO_PSI,Arduino,0.000,0.000,12.456,,
60.027536,2026-03-10 17:43:40.390,ARDUINO_PSI,Arduino,0.000,0.000,12.449,,
60.127004,2026-03-10 17:43:40.490,ARDUINO_PSI,Arduino,0.000,0.000,12.470,,
60.227628,2026-03-10 17:43:40.591,ARDUINO_PSI,Arduino,0.000,0.000,12.474,,
60.326860,2026-03-10 17:43:40.690,ARDUINO_PSI,Arduino,0.000,0.000,12.476,,
60.427455,2026-03-10 17:43:40.790,ARDUINO_PSI,Arduino,0.000,0.000,12.467,,
60.527421,2026-03-10 17:43:40.890,ARDUINO_PSI,Arduino,0.000,0.000,12.463,,
60.627621,2026-03-10 17:43:40.991,ARDUINO_PSI,Arduino,0.000,0.000,12.463,,
60.727537,2026-03-10 17:43:41.090,ARDUINO_PSI,Arduino,0.000,0.000,12.470,,
60.827265,2026-03-10 17:43:41.190,ARDUINO_PSI,Arduino,0.000,0.000,12.456,,
60.927638,2026-03-10 17:43:41.291,ARDUINO_PSI,Arduino,0.000,0.000,12.458,,
61.028497,2026-03-10 17:43:41.391,ARDUINO_PSI,Arduino,0.000,0.000,12.463,,
61.127305,2026-03-10 17:43:41.490,ARDUINO_PSI,Arduino,0.000,0.000,12.463,,
61.227570,2026-03-10 17:43:41.591,ARDUINO_PSI,Arduino,0.000,0.000,12.470,,
61.327609,2026-03-10 17:43:41.691,ARDUINO_PSI,Arduino,0.000,0.000,12.467,,
61.427442,2026-03-10 17:43:41.790,ARDUINO_PSI,Arduino,0.000,0.000,12.465,,
61.527407,2026-03-10 17:43:41.890,ARDUINO_PSI,Arduino,0.000,0.000,12.470,,
61.627527,2026-03-10 17:43:41.990,ARDUINO_PSI,Arduino,0.000,0.000,12.476,,
61.727568,2026-03-10 17:43:42.091,ARDUINO_PSI,Arduino,0.000,0.000,12.479,,
61.827441,2026-03-10 17:43:42.190,ARDUINO_PSI,Arduino,0.000,0.000,12.474,,
61.927440,2026-03-10 17:43:42.290,ARDUINO_PSI,Arduino,0.000,0.000,12.472,,
62.027460,2026-03-10 17:43:42.390,ARDUINO_PSI,Arduino,0.000,0.000,12.481,,
62.127436,2026-03-10 17:43:42.490,ARDUINO_PSI,Arduino,0.000,0.000,12.479,,
62.227072,2026-03-10 17:43:42.590,ARDUINO_PSI,Arduino,0.000,0.000,12.470,,
62.327481,2026-03-10 17:43:42.690,ARDUINO_PSI,Arduino,0.000,0.000,12.467,,
62.427524,2026-03-10 17:43:42.790,ARDUINO_PSI,Arduino,0.000,0.000,12.472,,
62.527568,2026-03-10 17:43:42.891,ARDUINO_PSI,Arduino,0.000,0.000,12.472,,
62.627681,2026-03-10 17:43:42.991,ARDUINO_PSI,Arduino,0.000,0.000,12.467,,
62.727432,2026-03-10 17:43:43.090,ARDUINO_PSI,Arduino,0.000,0.000,12.467,,
62.827751,2026-03-10 17:43:43.191,ARDUINO_PSI,Arduino,0.000,0.000,12.474,,
62.927613,2026-03-10 17:43:43.291,ARDUINO_PSI,Arduino,0.000,0.000,12.467,,
63.027662,2026-03-10 17:43:43.391,ARDUINO_PSI,Arduino,0.000,0.000,12.456,,
63.127402,2026-03-10 17:43:43.490,ARDUINO_PSI,Arduino,0.000,0.000,12.458,,
63.227591,2026-03-10 17:43:43.591,ARDUINO_PSI,Arduino,0.000,0.000,12.444,,
63.327154,2026-03-10 17:43:43.690,ARDUINO_PSI,Arduino,0.000,0.000,12.449,,
63.427503,2026-03-10 17:43:43.790,ARDUINO_PSI,Arduino,0.000,0.000,12.444,,
63.527520,2026-03-10 17:43:43.890,ARDUINO_PSI,Arduino,0.000,0.000,12.447,,
63.627497,2026-03-10 17:43:43.990,ARDUINO_PSI,Arduino,0.000,0.000,12.449,,
63.727512,2026-03-10 17:43:44.090,ARDUINO_PSI,Arduino,0.000,0.000,12.440,,
63.827527,2026-03-10 17:43:44.190,ARDUINO_PSI,Arduino,0.000,0.000,12.433,,
63.927483,2026-03-10 17:43:44.290,ARDUINO_PSI,Arduino,0.000,0.000,12.424,,
64.027489,2026-03-10 17:43:44.390,ARDUINO_PSI,Arduino,0.000,0.000,12.422,,
64.127441,2026-03-10 17:43:44.490,ARDUINO_PSI,Arduino,0.000,0.000,12.417,,
64.227581,2026-03-10 17:43:44.591,ARDUINO_PSI,Arduino,0.000,0.000,12.419,,
64.327864,2026-03-10 17:43:44.691,ARDUINO_PSI,Arduino,0.000,0.000,12.424,,
64.427473,2026-03-10 17:43:44.790,ARDUINO_PSI,Arduino,0.000,0.000,12.422,,
64.527626,2026-03-10 17:43:44.891,ARDUINO_PSI,Arduino,0.000,0.000,12.417,,
64.627693,2026-03-10 17:43:44.991,ARDUINO_PSI,Arduino,0.000,0.000,12.408,,
64.727590,2026-03-10 17:43:45.091,ARDUINO_PSI,Arduino,0.000,0.000,12.396,,
64.827760,2026-03-10 17:43:45.191,ARDUINO_PSI,Arduino,0.000,0.000,12.401,,
64.927468,2026-03-10 17:43:45.290,ARDUINO_PSI,Arduino,0.000,0.000,12.408,,
65.027679,2026-03-10 17:43:45.391,ARDUINO_PSI,Arduino,0.000,0.000,12.412,,
65.127214,2026-03-10 17:43:45.490,ARDUINO_PSI,Arduino,0.000,0.000,12.422,,
65.227058,2026-03-10 17:43:45.590,ARDUINO_PSI,Arduino,0.000,0.000,12.433,,
65.327499,2026-03-10 17:43:45.690,ARDUINO_PSI,Arduino,0.000,0.000,12.426,,
65.427513,2026-03-10 17:43:45.790,ARDUINO_PSI,Arduino,0.000,0.000,12.438,,
65.527531,2026-03-10 17:43:45.890,ARDUINO_PSI,Arduino,0.000,0.000,12.438,,
65.627455,2026-03-10 17:43:45.990,ARDUINO_PSI,Arduino,0.000,0.000,12.417,,
65.727479,2026-03-10 17:43:46.090,ARDUINO_PSI,Arduino,0.000,0.000,12.424,,
65.827547,2026-03-10 17:43:46.190,ARDUINO_PSI,Arduino,0.000,0.000,12.438,,
65.927543,2026-03-10 17:43:46.290,ARDUINO_PSI,Arduino,0.000,0.000,12.442,,
66.027502,2026-03-10 17:43:46.390,ARDUINO_PSI,Arduino,0.000,0.000,12.442,,
66.127738,2026-03-10 17:43:46.491,ARDUINO_PSI,Arduino,0.000,0.000,12.442,,
66.227618,2026-03-10 17:43:46.591,ARDUINO_PSI,Arduino,0.000,0.000,12.444,,
66.327452,2026-03-10 17:43:46.690,ARDUINO_PSI,Arduino,0.000,0.000,12.440,,
66.428662,2026-03-10 17:43:46.792,ARDUINO_PSI,Arduino,0.000,0.000,12.449,,
66.527873,2026-03-10 17:43:46.891,ARDUINO_PSI,Arduino,0.000,0.000,12.463,,
66.628506,2026-03-10 17:43:46.991,ARDUINO_PSI,Arduino,0.000,0.000,12.483,,
66.727807,2026-03-10 17:43:47.091,ARDUINO_PSI,Arduino,0.000,0.000,12.488,,
66.827524,2026-03-10 17:43:47.190,ARDUINO_PSI,Arduino,0.000,0.000,12.488,,
66.927385,2026-03-10 17:43:47.290,ARDUINO_PSI,Arduino,0.000,0.000,12.488,,
67.027629,2026-03-10 17:43:47.391,ARDUINO_PSI,Arduino,0.000,0.000,12.481,,
67.127650,2026-03-10 17:43:47.491,ARDUINO_PSI,Arduino,0.000,0.000,12.474,,
67.227515,2026-03-10 17:43:47.590,ARDUINO_PSI,Arduino,0.000,0.000,12.467,,
67.327430,2026-03-10 17:43:47.690,ARDUINO_PSI,Arduino,0.000,0.000,12.481,,
67.427483,2026-03-10 17:43:47.790,ARDUINO_PSI,Arduino,0.000,0.000,12.474,,
67.527562,2026-03-10 17:43:47.891,ARDUINO_PSI,Arduino,0.000,0.000,12.470,,
67.627662,2026-03-10 17:43:47.991,ARDUINO_PSI,Arduino,0.000,0.000,12.481,,
67.727606,2026-03-10 17:43:48.091,ARDUINO_PSI,Arduino,0.000,0.000,12.490,,
67.827516,2026-03-10 17:43:48.190,ARDUINO_PSI,Arduino,0.000,0.000,12.479,,
67.927560,2026-03-10 17:43:48.291,ARDUINO_PSI,Arduino,0.000,0.000,12.474,,
68.027062,2026-03-10 17:43:48.390,ARDUINO_PSI,Arduino,0.000,0.000,12.476,,
68.127271,2026-03-10 17:43:48.490,ARDUINO_PSI,Arduino,0.000,0.000,12.476,,
68.226878,2026-03-10 17:43:48.590,ARDUINO_PSI,Arduino,0.000,0.000,12.479,,
68.327728,2026-03-10 17:43:48.691,ARDUINO_PSI,Arduino,0.000,0.000,12.474,,
68.427581,2026-03-10 17:43:48.791,ARDUINO_PSI,Arduino,0.000,0.000,12.463,,
68.527614,2026-03-10 17:43:48.891,ARDUINO_PSI,Arduino,0.000,0.000,12.463,,
68.627319,2026-03-10 17:43:48.990,ARDUINO_PSI,Arduino,0.000,0.000,12.444,,
68.727691,2026-03-10 17:43:49.091,ARDUINO_PSI,Arduino,0.000,0.000,12.449,,
68.829271,2026-03-10 17:43:49.192,ARDUINO_PSI,Arduino,0.000,0.000,12.435,,
68.927484,2026-03-10 17:43:49.290,ARDUINO_PSI,Arduino,0.000,0.000,12.435,,
69.027440,2026-03-10 17:43:49.390,ARDUINO_PSI,Arduino,0.000,0.000,12.447,,
69.128516,2026-03-10 17:43:49.491,ARDUINO_PSI,Arduino,0.000,0.000,12.454,,
69.228869,2026-03-10 17:43:49.592,ARDUINO_PSI,Arduino,0.000,0.000,12.451,,
69.327895,2026-03-10 17:43:49.691,ARDUINO_PSI,Arduino,0.000,0.000,12.449,,
69.428524,2026-03-10 17:43:49.791,ARDUINO_PSI,Arduino,0.000,0.000,12.444,,
69.527671,2026-03-10 17:43:49.891,ARDUINO_PSI,Arduino,0.000,0.000,12.440,,
69.628246,2026-03-10 17:43:49.991,ARDUINO_PSI,Arduino,0.000,0.000,12.438,,
69.728762,2026-03-10 17:43:50.092,ARDUINO_PSI,Arduino,0.000,0.000,12.428,,
69.828773,2026-03-10 17:43:50.192,ARDUINO_PSI,Arduino,0.000,0.000,12.438,,
69.928812,2026-03-10 17:43:50.292,ARDUINO_PSI,Arduino,0.000,0.000,12.440,,
70.028257,2026-03-10 17:43:50.391,ARDUINO_PSI,Arduino,0.000,0.000,12.447,,
70.127596,2026-03-10 17:43:50.491,ARDUINO_PSI,Arduino,0.000,0.000,12.444,,
70.229220,2026-03-10 17:43:50.592,ARDUINO_PSI,Arduino,0.000,0.000,12.440,,
70.328392,2026-03-10 17:43:50.691,ARDUINO_PSI,Arduino,0.000,0.000,12.451,,
70.429307,2026-03-10 17:43:50.792,ARDUINO_PSI,Arduino,0.000,0.000,12.451,,
70.530849,2026-03-10 17:43:50.894,ARDUINO_PSI,Arduino,0.000,0.000,12.454,,
70.627760,2026-03-10 17:43:50.991,ARDUINO_PSI,Arduino,0.000,0.000,12.465,,
70.728589,2026-03-10 17:43:51.092,ARDUINO_PSI,Arduino,0.000,0.000,12.465,,
70.828956,2026-03-10 17:43:51.192,ARDUINO_PSI,Arduino,0.000,0.000,12.472,,
70.929030,2026-03-10 17:43:51.292,ARDUINO_PSI,Arduino,0.000,0.000,12.481,,
71.027436,2026-03-10 17:43:51.390,ARDUINO_PSI,Arduino,0.000,0.000,12.479,,
71.128848,2026-03-10 17:43:51.492,ARDUINO_PSI,Arduino,0.000,0.000,12.474,,
71.228340,2026-03-10 17:43:51.591,ARDUINO_PSI,Arduino,0.000,0.000,12.481,,
71.328519,2026-03-10 17:43:51.691,ARDUINO_PSI,Arduino,0.000,0.000,12.486,,
71.428510,2026-03-10 17:43:51.791,ARDUINO_PSI,Arduino,0.000,0.000,12.495,,
71.527778,2026-03-10 17:43:51.891,ARDUINO_PSI,Arduino,0.000,0.000,12.502,,
71.629277,2026-03-10 17:43:51.992,ARDUINO_PSI,Arduino,0.000,0.000,12.508,,
71.728737,2026-03-10 17:43:52.092,ARDUINO_PSI,Arduino,0.000,0.000,12.502,,
71.828653,2026-03-10 17:43:52.192,ARDUINO_PSI,Arduino,0.000,0.000,12.502,,
71.928003,2026-03-10 17:43:52.291,ARDUINO_PSI,Arduino,0.000,0.000,12.504,,
72.028967,2026-03-10 17:43:52.392,ARDUINO_PSI,Arduino,0.000,0.000,12.488,,
72.129083,2026-03-10 17:43:52.492,ARDUINO_PSI,Arduino,0.000,0.000,12.486,,
72.228849,2026-03-10 17:43:52.592,ARDUINO_PSI,Arduino,0.000,0.000,12.483,,
72.328440,2026-03-10 17:43:52.691,ARDUINO_PSI,Arduino,0.000,0.000,12.474,,
72.427454,2026-03-10 17:43:52.790,ARDUINO_PSI,Arduino,0.000,0.000,12.481,,
72.528990,2026-03-10 17:43:52.892,ARDUINO_PSI,Arduino,0.000,0.000,12.467,,
72.627634,2026-03-10 17:43:52.991,ARDUINO_PSI,Arduino,0.000,0.000,12.460,,
72.728077,2026-03-10 17:43:53.091,ARDUINO_PSI,Arduino,0.000,0.000,12.456,,
72.828615,2026-03-10 17:43:53.192,ARDUINO_PSI,Arduino,0.000,0.000,12.451,,
72.927866,2026-03-10 17:43:53.291,ARDUINO_PSI,Arduino,0.000,0.000,12.433,,
73.027823,2026-03-10 17:43:53.391,ARDUINO_PSI,Arduino,0.000,0.000,12.424,,
73.127609,2026-03-10 17:43:53.491,ARDUINO_PSI,Arduino,0.000,0.000,12.424,,
73.226933,2026-03-10 17:43:53.590,ARDUINO_PSI,Arduino,0.000,0.000,12.424,,
73.326950,2026-03-10 17:43:53.690,ARDUINO_PSI,Arduino,0.000,0.000,12.417,,
73.427406,2026-03-10 17:43:53.790,ARDUINO_PSI,Arduino,0.000,0.000,12.422,,
73.528164,2026-03-10 17:43:53.891,ARDUINO_PSI,Arduino,0.000,0.000,12.422,,
73.628725,2026-03-10 17:43:53.992,ARDUINO_PSI,Arduino,0.000,0.000,12.419,,
73.728097,2026-03-10 17:43:54.091,ARDUINO_PSI,Arduino,0.000,0.000,12.431,,
73.828733,2026-03-10 17:43:54.192,ARDUINO_PSI,Arduino,0.000,0.000,12.431,,
73.929055,2026-03-10 17:43:54.292,ARDUINO_PSI,Arduino,0.000,0.000,12.433,,
74.028707,2026-03-10 17:43:54.392,ARDUINO_PSI,Arduino,0.000,0.000,12.440,,
74.128166,2026-03-10 17:43:54.491,ARDUINO_PSI,Arduino,0.000,0.000,12.442,,
74.228874,2026-03-10 17:43:54.592,ARDUINO_PSI,Arduino,0.000,0.000,12.454,,
74.327596,2026-03-10 17:43:54.691,ARDUINO_PSI,Arduino,0.000,0.000,12.449,,
74.428955,2026-03-10 17:43:54.792,ARDUINO_PSI,Arduino,0.000,0.000,12.438,,
74.529667,2026-03-10 17:43:54.893,ARDUINO_PSI,Arduino,0.000,0.000,12.435,,
74.628338,2026-03-10 17:43:54.991,ARDUINO_PSI,Arduino,0.000,0.000,12.438,,
74.728657,2026-03-10 17:43:55.092,ARDUINO_PSI,Arduino,0.000,0.000,12.444,,
74.828297,2026-03-10 17:43:55.191,ARDUINO_PSI,Arduino,0.000,0.000,12.458,,
74.927571,2026-03-10 17:43:55.291,ARDUINO_PSI,Arduino,0.000,0.000,12.458,,
75.027990,2026-03-10 17:43:55.391,ARDUINO_PSI,Arduino,0.000,0.000,12.460,,
75.128632,2026-03-10 17:43:55.492,ARDUINO_PSI,Arduino,0.000,0.000,12.456,,
75.228337,2026-03-10 17:43:55.591,ARDUINO_PSI,Arduino,0.000,0.000,12.447,,
75.327541,2026-03-10 17:43:55.690,ARDUINO_PSI,Arduino,0.000,0.000,12.451,,
75.427526,2026-03-10 17:43:55.790,ARDUINO_PSI,Arduino,0.000,0.000,12.444,,
75.528815,2026-03-10 17:43:55.892,ARDUINO_PSI,Arduino,0.000,0.000,12.442,,
75.628466,2026-03-10 17:43:55.991,ARDUINO_PSI,Arduino,0.000,0.000,12.447,,
75.727511,2026-03-10 17:43:56.090,ARDUINO_PSI,Arduino,0.000,0.000,12.435,,
75.829110,2026-03-10 17:43:56.192,ARDUINO_PSI,Arduino,0.000,0.000,12.422,,
75.928267,2026-03-10 17:43:56.291,ARDUINO_PSI,Arduino,0.000,0.000,12.428,,
76.029672,2026-03-10 17:43:56.393,ARDUINO_PSI,Arduino,0.000,0.000,12.426,,
76.128454,2026-03-10 17:43:56.491,ARDUINO_PSI,Arduino,0.000,0.000,12.431,,
76.228387,2026-03-10 17:43:56.591,ARDUINO_PSI,Arduino,0.000,0.000,12.431,,
76.327588,2026-03-10 17:43:56.691,ARDUINO_PSI,Arduino,0.000,0.000,12.435,,
76.429389,2026-03-10 17:43:56.792,ARDUINO_PSI,Arduino,0.000,0.000,12.435,,
76.528908,2026-03-10 17:43:56.892,ARDUINO_PSI,Arduino,0.000,0.000,12.444,,
76.627541,2026-03-10 17:43:56.990,ARDUINO_PSI,Arduino,0.000,0.000,12.444,,
76.728032,2026-03-10 17:43:57.091,ARDUINO_PSI,Arduino,0.000,0.000,12.442,,
76.828139,2026-03-10 17:43:57.191,ARDUINO_PSI,Arduino,0.000,0.000,12.444,,
76.928436,2026-03-10 17:43:57.291,ARDUINO_PSI,Arduino,0.000,0.000,12.449,,
77.028394,2026-03-10 17:43:57.391,ARDUINO_PSI,Arduino,0.000,0.000,12.451,,
77.129144,2026-03-10 17:43:57.492,ARDUINO_PSI,Arduino,0.000,0.000,12.451,,
77.227684,2026-03-10 17:43:57.591,ARDUINO_PSI,Arduino,0.000,0.000,12.451,,
77.328762,2026-03-10 17:43:57.692,ARDUINO_PSI,Arduino,0.000,0.000,12.454,,
77.428547,2026-03-10 17:43:57.791,ARDUINO_PSI,Arduino,0.000,0.000,12.456,,
77.527786,2026-03-10 17:43:57.891,ARDUINO_PSI,Arduino,0.000,0.000,12.456,,
77.628114,2026-03-10 17:43:57.991,ARDUINO_PSI,Arduino,0.000,0.000,12.456,,
77.727464,2026-03-10 17:43:58.090,ARDUINO_PSI,Arduino,0.000,0.000,12.467,,
77.827625,2026-03-10 17:43:58.191,ARDUINO_PSI,Arduino,0.000,0.000,12.472,,
77.927479,2026-03-10 17:43:58.290,ARDUINO_PSI,Arduino,0.000,0.000,12.463,,
78.028956,2026-03-10 17:43:58.392,ARDUINO_PSI,Arduino,0.000,0.000,12.474,,
78.129050,2026-03-10 17:43:58.492,ARDUINO_PSI,Arduino,0.000,0.000,12.467,,
78.228852,2026-03-10 17:43:58.592,ARDUINO_PSI,Arduino,0.000,0.000,12.465,,
78.328032,2026-03-10 17:43:58.691,ARDUINO_PSI,Arduino,0.000,0.000,12.467,,
78.428487,2026-03-10 17:43:58.791,ARDUINO_PSI,Arduino,0.000,0.000,12.474,,
78.530622,2026-03-10 17:43:58.894,ARDUINO_PSI,Arduino,0.000,0.000,12.467,,
78.628843,2026-03-10 17:43:58.992,ARDUINO_PSI,Arduino,0.000,0.000,12.467,,
78.728213,2026-03-10 17:43:59.091,ARDUINO_PSI,Arduino,0.000,0.000,12.467,,
78.828345,2026-03-10 17:43:59.191,ARDUINO_PSI,Arduino,0.000,0.000,12.465,,
78.928630,2026-03-10 17:43:59.292,ARDUINO_PSI,Arduino,0.000,0.000,12.474,,
79.028533,2026-03-10 17:43:59.391,ARDUINO_PSI,Arduino,0.000,0.000,12.481,,
79.128498,2026-03-10 17:43:59.491,ARDUINO_PSI,Arduino,0.000,0.000,12.486,,
79.229008,2026-03-10 17:43:59.592,ARDUINO_PSI,Arduino,0.000,0.000,12.495,,
79.327518,2026-03-10 17:43:59.690,ARDUINO_PSI,Arduino,0.000,0.000,12.495,,
79.428837,2026-03-10 17:43:59.792,ARDUINO_PSI,Arduino,0.000,0.000,12.492,,
79.529056,2026-03-10 17:43:59.892,ARDUINO_PSI,Arduino,0.000,0.000,12.497,,
79.627720,2026-03-10 17:43:59.991,ARDUINO_PSI,Arduino,0.000,0.000,12.495,,
79.728153,2026-03-10 17:44:00.091,ARDUINO_PSI,Arduino,0.000,0.000,12.486,,
79.829400,2026-03-10 17:44:00.192,ARDUINO_PSI,Arduino,0.000,0.000,12.495,,
79.927627,2026-03-10 17:44:00.291,ARDUINO_PSI,Arduino,0.000,0.000,12.497,,
80.027367,2026-03-10 17:44:00.390,ARDUINO_PSI,Arduino,0.000,0.000,12.495,,
80.128511,2026-03-10 17:44:00.491,ARDUINO_PSI,Arduino,0.000,0.000,12.495,,
80.228110,2026-03-10 17:44:00.591,ARDUINO_PSI,Arduino,0.000,0.000,12.486,,
80.328548,2026-03-10 17:44:00.691,ARDUINO_PSI,Arduino,0.000,0.000,12.488,,
80.428781,2026-03-10 17:44:00.792,ARDUINO_PSI,Arduino,0.000,0.000,12.488,,
80.528282,2026-03-10 17:44:00.891,ARDUINO_PSI,Arduino,0.000,0.000,12.495,,
80.628986,2026-03-10 17:44:00.992,ARDUINO_PSI,Arduino,0.000,0.000,12.490,,
80.728906,2026-03-10 17:44:01.092,ARDUINO_PSI,Arduino,0.000,0.000,12.483,,
80.827561,2026-03-10 17:44:01.191,ARDUINO_PSI,Arduino,0.000,0.000,12.470,,
80.929032,2026-03-10 17:44:01.292,ARDUINO_PSI,Arduino,0.000,0.000,12.465,,
81.028854,2026-03-10 17:44:01.392,ARDUINO_PSI,Arduino,0.000,0.000,12.460,,
81.127593,2026-03-10 17:44:01.491,ARDUINO_PSI,Arduino,0.000,0.000,12.460,,
81.228631,2026-03-10 17:44:01.592,ARDUINO_PSI,Arduino,0.000,0.000,12.458,,
81.328242,2026-03-10 17:44:01.691,ARDUINO_PSI,Arduino,0.000,0.000,12.458,,
81.428403,2026-03-10 17:44:01.791,ARDUINO_PSI,Arduino,0.000,0.000,12.463,,
81.527785,2026-03-10 17:44:01.891,ARDUINO_PSI,Arduino,0.000,0.000,12.456,,
81.628903,2026-03-10 17:44:01.992,ARDUINO_PSI,Arduino,0.000,0.000,12.458,,
81.727409,2026-03-10 17:44:02.090,ARDUINO_PSI,Arduino,0.000,0.000,12.458,,
81.829503,2026-03-10 17:44:02.192,ARDUINO_PSI,Arduino,0.000,0.000,12.449,,
81.928304,2026-03-10 17:44:02.291,ARDUINO_PSI,Arduino,0.000,0.000,12.449,,
82.029853,2026-03-10 17:44:02.393,ARDUINO_PSI,Arduino,0.000,0.000,12.447,,
82.128702,2026-03-10 17:44:02.492,ARDUINO_PSI,Arduino,0.000,0.000,12.442,,
82.229539,2026-03-10 17:44:02.592,ARDUINO_PSI,Arduino,0.000,0.000,12.458,,
82.327311,2026-03-10 17:44:02.690,ARDUINO_PSI,Arduino,0.000,0.000,12.456,,
82.428502,2026-03-10 17:44:02.791,ARDUINO_PSI,Arduino,0.000,0.000,12.460,,
82.528713,2026-03-10 17:44:02.892,ARDUINO_PSI,Arduino,0.000,0.000,12.456,,
82.627318,2026-03-10 17:44:02.990,ARDUINO_PSI,Arduino,0.000,0.000,12.456,,
82.727771,2026-03-10 17:44:03.091,ARDUINO_PSI,Arduino,0.000,0.000,12.463,,
82.827483,2026-03-10 17:44:03.190,ARDUINO_PSI,Arduino,0.000,0.000,12.465,,
82.927494,2026-03-10 17:44:03.290,ARDUINO_PSI,Arduino,0.000,0.000,12.454,,
83.027967,2026-03-10 17:44:03.391,ARDUINO_PSI,Arduino,0.000,0.000,12.454,,
83.129161,2026-03-10 17:44:03.492,ARDUINO_PSI,Arduino,0.000,0.000,12.454,,
83.228715,2026-03-10 17:44:03.592,ARDUINO_PSI,Arduino,0.000,0.000,12.451,,
83.327552,2026-03-10 17:44:03.690,ARDUINO_PSI,Arduino,0.000,0.000,12.447,,
83.427426,2026-03-10 17:44:03.790,ARDUINO_PSI,Arduino,0.000,0.000,12.444,,
83.529104,2026-03-10 17:44:03.892,ARDUINO_PSI,Arduino,0.000,0.000,12.444,,
83.628743,2026-03-10 17:44:03.992,ARDUINO_PSI,Arduino,0.000,0.000,12.435,,
83.727792,2026-03-10 17:44:04.091,ARDUINO_PSI,Arduino,0.000,0.000,12.447,,
83.828686,2026-03-10 17:44:04.192,ARDUINO_PSI,Arduino,0.000,0.000,12.456,,
83.928291,2026-03-10 17:44:04.291,ARDUINO_PSI,Arduino,0.000,0.000,12.449,,
84.029048,2026-03-10 17:44:04.392,ARDUINO_PSI,Arduino,0.000,0.000,12.456,,
84.127580,2026-03-10 17:44:04.491,ARDUINO_PSI,Arduino,0.000,0.000,12.472,,
84.229292,2026-03-10 17:44:04.592,ARDUINO_PSI,Arduino,0.000,0.000,12.465,,
84.328792,2026-03-10 17:44:04.692,ARDUINO_PSI,Arduino,0.000,0.000,12.465,,
84.429023,2026-03-10 17:44:04.792,ARDUINO_PSI,Arduino,0.000,0.000,12.463,,
84.528425,2026-03-10 17:44:04.891,ARDUINO_PSI,Arduino,0.000,0.000,12.458,,
84.628578,2026-03-10 17:44:04.992,ARDUINO_PSI,Arduino,0.000,0.000,12.456,,
84.728828,2026-03-10 17:44:05.092,ARDUINO_PSI,Arduino,0.000,0.000,12.463,,
84.828698,2026-03-10 17:44:05.192,ARDUINO_PSI,Arduino,0.000,0.000,12.474,,
84.928507,2026-03-10 17:44:05.291,ARDUINO_PSI,Arduino,0.000,0.000,12.479,,
85.028789,2026-03-10 17:44:05.392,ARDUINO_PSI,Arduino,0.000,0.000,12.481,,
85.128579,2026-03-10 17:44:05.492,ARDUINO_PSI,Arduino,0.000,0.000,12.488,,
85.229562,2026-03-10 17:44:05.593,ARDUINO_PSI,Arduino,0.000,0.000,12.488,,
85.328963,2026-03-10 17:44:05.692,ARDUINO_PSI,Arduino,0.000,0.000,12.486,,
85.428887,2026-03-10 17:44:05.792,ARDUINO_PSI,Arduino,0.000,0.000,12.481,,
85.528350,2026-03-10 17:44:05.891,ARDUINO_PSI,Arduino,0.000,0.000,12.492,,
85.627762,2026-03-10 17:44:05.991,ARDUINO_PSI,Arduino,0.000,0.000,12.499,,
85.727683,2026-03-10 17:44:06.091,ARDUINO_PSI,Arduino,0.000,0.000,12.499,,
85.828489,2026-03-10 17:44:06.191,ARDUINO_PSI,Arduino,0.000,0.000,12.492,,
85.929314,2026-03-10 17:44:06.292,ARDUINO_PSI,Arduino,0.000,0.000,12.502,,
86.027365,2026-03-10 17:44:06.390,ARDUINO_PSI,Arduino,0.000,0.000,12.502,,
86.128525,2026-03-10 17:44:06.491,ARDUINO_PSI,Arduino,0.000,0.000,12.490,,
86.227204,2026-03-10 17:44:06.590,ARDUINO_PSI,Arduino,0.000,0.000,12.495,,
86.328981,2026-03-10 17:44:06.692,ARDUINO_PSI,Arduino,0.000,0.000,12.499,,
86.428949,2026-03-10 17:44:06.792,ARDUINO_PSI,Arduino,0.000,0.000,12.495,,
86.528351,2026-03-10 17:44:06.891,ARDUINO_PSI,Arduino,0.000,0.000,12.499,,
86.628526,2026-03-10 17:44:06.991,ARDUINO_PSI,Arduino,0.000,0.000,12.495,,
86.728931,2026-03-10 17:44:07.092,ARDUINO_PSI,Arduino,0.000,0.000,12.486,,
86.828965,2026-03-10 17:44:07.192,ARDUINO_PSI,Arduino,0.000,0.000,12.481,,
86.927821,2026-03-10 17:44:07.291,ARDUINO_PSI,Arduino,0.000,0.000,12.479,,
87.027562,2026-03-10 17:44:07.391,ARDUINO_PSI,Arduino,0.000,0.000,12.479,,
87.127490,2026-03-10 17:44:07.490,ARDUINO_PSI,Arduino,0.000,0.000,12.479,,
87.227704,2026-03-10 17:44:07.591,ARDUINO_PSI,Arduino,0.000,0.000,12.474,,
87.328550,2026-03-10 17:44:07.691,ARDUINO_PSI,Arduino,0.000,0.000,12.483,,
87.427619,2026-03-10 17:44:07.791,ARDUINO_PSI,Arduino,0.000,0.000,12.481,,
87.528202,2026-03-10 17:44:07.891,ARDUINO_PSI,Arduino,0.000,0.000,12.467,,
87.628900,2026-03-10 17:44:07.992,ARDUINO_PSI,Arduino,0.000,0.000,12.470,,
87.727761,2026-03-10 17:44:08.091,ARDUINO_PSI,Arduino,0.000,0.000,12.467,,
87.828569,2026-03-10 17:44:08.192,ARDUINO_PSI,Arduino,0.000,0.000,12.467,,
87.928917,2026-03-10 17:44:08.292,ARDUINO_PSI,Arduino,0.000,0.000,12.463,,
88.028472,2026-03-10 17:44:08.391,ARDUINO_PSI,Arduino,0.000,0.000,12.458,,
88.128126,2026-03-10 17:44:08.491,ARDUINO_PSI,Arduino,0.000,0.000,12.460,,
88.230187,2026-03-10 17:44:08.593,ARDUINO_PSI,Arduino,0.000,0.000,12.467,,
88.328461,2026-03-10 17:44:08.691,ARDUINO_PSI,Arduino,0.000,0.000,12.458,,
88.428078,2026-03-10 17:44:08.791,ARDUINO_PSI,Arduino,0.000,0.000,12.463,,
88.529431,2026-03-10 17:44:08.892,ARDUINO_PSI,Arduino,0.000,0.000,12.474,,
88.627682,2026-03-10 17:44:08.991,ARDUINO_PSI,Arduino,0.000,0.000,12.486,,
88.728335,2026-03-10 17:44:09.091,ARDUINO_PSI,Arduino,0.000,0.000,12.488,,
88.927765,2026-03-10 17:44:09.291,ARDUINO_PSI,Arduino,0.000,0.000,12.495,,
89.030596,2026-03-10 17:44:09.394,ARDUINO_PSI,Arduino,0.000,0.000,12.495,,
89.128688,2026-03-10 17:44:09.492,ARDUINO_PSI,Arduino,0.000,0.000,12.488,,
89.227718,2026-03-10 17:44:09.591,ARDUINO_PSI,Arduino,0.000,0.000,12.504,,
89.328977,2026-03-10 17:44:09.692,ARDUINO_PSI,Arduino,0.000,0.000,12.515,,
89.428328,2026-03-10 17:44:09.791,ARDUINO_PSI,Arduino,0.000,0.000,12.545,,
89.528897,2026-03-10 17:44:09.892,ARDUINO_PSI,Arduino,0.000,0.000,12.588,,
89.627936,2026-03-10 17:44:09.991,ARDUINO_PSI,Arduino,0.000,0.000,12.630,,
89.728719,2026-03-10 17:44:10.092,ARDUINO_PSI,Arduino,0.000,0.000,12.662,,
89.828246,2026-03-10 17:44:10.191,ARDUINO_PSI,Arduino,0.000,0.000,12.694,,
89.928972,2026-03-10 17:44:10.292,ARDUINO_PSI,Arduino,0.000,0.000,12.728,,
90.028667,2026-03-10 17:44:10.392,ARDUINO_PSI,Arduino,0.000,0.000,12.760,,
90.127308,2026-03-10 17:44:10.490,ARDUINO_PSI,Arduino,0.000,0.000,12.790,,
90.228516,2026-03-10 17:44:10.591,ARDUINO_PSI,Arduino,0.000,0.000,12.824,,
90.327643,2026-03-10 17:44:10.691,ARDUINO_PSI,Arduino,0.000,0.000,12.861,,
90.428933,2026-03-10 17:44:10.792,ARDUINO_PSI,Arduino,0.000,0.000,12.899,,
90.528982,2026-03-10 17:44:10.892,ARDUINO_PSI,Arduino,0.000,0.000,12.920,,
90.627753,2026-03-10 17:44:10.991,ARDUINO_PSI,Arduino,0.000,0.000,12.952,,
90.727609,2026-03-10 17:44:11.091,ARDUINO_PSI,Arduino,0.000,0.000,12.984,,
90.828555,2026-03-10 17:44:11.192,ARDUINO_PSI,Arduino,0.000,0.000,13.009,,
90.929029,2026-03-10 17:44:11.292,ARDUINO_PSI,Arduino,0.000,0.000,13.048,,
91.029704,2026-03-10 17:44:11.393,ARDUINO_PSI,Arduino,0.000,0.000,13.082,,
91.127867,2026-03-10 17:44:11.491,ARDUINO_PSI,Arduino,0.000,0.000,13.117,,
91.228695,2026-03-10 17:44:11.592,ARDUINO_PSI,Arduino,0.000,0.000,13.153,,
91.328929,2026-03-10 17:44:11.692,ARDUINO_PSI,Arduino,0.000,0.000,13.165,,
91.428497,2026-03-10 17:44:11.791,ARDUINO_PSI,Arduino,0.000,0.000,13.176,,
91.528702,2026-03-10 17:44:11.892,ARDUINO_PSI,Arduino,0.000,0.000,13.169,,
91.628732,2026-03-10 17:44:11.992,ARDUINO_PSI,Arduino,0.000,0.000,13.155,,
91.728382,2026-03-10 17:44:12.091,ARDUINO_PSI,Arduino,0.000,0.000,13.165,,
91.829096,2026-03-10 17:44:12.192,ARDUINO_PSI,Arduino,0.000,0.000,13.169,,
91.927519,2026-03-10 17:44:12.290,ARDUINO_PSI,Arduino,0.000,0.000,13.181,,
92.028057,2026-03-10 17:44:12.391,ARDUINO_PSI,Arduino,0.000,0.000,13.181,,
92.127464,2026-03-10 17:44:12.490,ARDUINO_PSI,Arduino,0.000,0.000,13.192,,
92.227469,2026-03-10 17:44:12.590,ARDUINO_PSI,Arduino,0.000,0.000,13.192,,
92.328309,2026-03-10 17:44:12.691,ARDUINO_PSI,Arduino,0.000,0.000,13.190,,
92.429410,2026-03-10 17:44:12.792,ARDUINO_PSI,Arduino,0.000,0.000,13.174,,
92.528919,2026-03-10 17:44:12.892,ARDUINO_PSI,Arduino,0.000,0.000,13.176,,
92.628600,2026-03-10 17:44:12.992,ARDUINO_PSI,Arduino,0.000,0.000,13.178,,
92.728212,2026-03-10 17:44:13.091,ARDUINO_PSI,Arduino,0.000,0.000,13.174,,
92.928645,2026-03-10 17:44:13.292,ARDUINO_PSI,Arduino,0.000,0.000,13.183,,
93.028429,2026-03-10 17:44:13.391,ARDUINO_PSI,Arduino,0.000,0.000,13.192,,
93.128667,2026-03-10 17:44:13.492,ARDUINO_PSI,Arduino,0.000,0.000,13.185,,
93.229047,2026-03-10 17:44:13.592,ARDUINO_PSI,Arduino,0.000,0.000,13.165,,
93.328995,2026-03-10 17:44:13.692,ARDUINO_PSI,Arduino,0.000,0.000,13.169,,
93.428587,2026-03-10 17:44:13.792,ARDUINO_PSI,Arduino,0.000,0.000,13.160,,
93.527714,2026-03-10 17:44:13.891,ARDUINO_PSI,Arduino,0.000,0.000,13.169,,
93.628846,2026-03-10 17:44:13.992,ARDUINO_PSI,Arduino,0.000,0.000,13.171,,
93.729101,2026-03-10 17:44:14.092,ARDUINO_PSI,Arduino,0.000,0.000,13.158,,
93.828528,2026-03-10 17:44:14.191,ARDUINO_PSI,Arduino,0.000,0.000,13.155,,
93.928290,2026-03-10 17:44:14.291,ARDUINO_PSI,Arduino,0.000,0.000,13.151,,
94.027719,2026-03-10 17:44:14.391,ARDUINO_PSI,Arduino,0.000,0.000,13.153,,
94.128440,2026-03-10 17:44:14.491,ARDUINO_PSI,Arduino,0.000,0.000,13.142,,
94.227840,2026-03-10 17:44:14.591,ARDUINO_PSI,Arduino,0.000,0.000,13.135,,
94.328145,2026-03-10 17:44:14.691,ARDUINO_PSI,Arduino,0.000,0.000,13.126,,
94.429501,2026-03-10 17:44:14.792,ARDUINO_PSI,Arduino,0.000,0.000,13.135,,
94.528156,2026-03-10 17:44:14.891,ARDUINO_PSI,Arduino,0.000,0.000,13.149,,
94.629605,2026-03-10 17:44:14.993,ARDUINO_PSI,Arduino,0.000,0.000,13.142,,
94.728878,2026-03-10 17:44:15.092,ARDUINO_PSI,Arduino,0.000,0.000,13.144,,
94.828692,2026-03-10 17:44:15.192,ARDUINO_PSI,Arduino,0.000,0.000,13.130,,
94.927405,2026-03-10 17:44:15.290,ARDUINO_PSI,Arduino,0.000,0.000,13.123,,
95.028737,2026-03-10 17:44:15.392,ARDUINO_PSI,Arduino,0.000,0.000,13.123,,
95.128989,2026-03-10 17:44:15.492,ARDUINO_PSI,Arduino,0.000,0.000,13.123,,
95.227200,2026-03-10 17:44:15.590,ARDUINO_PSI,Arduino,0.000,0.000,13.137,,
95.328620,2026-03-10 17:44:15.692,ARDUINO_PSI,Arduino,0.000,0.000,13.137,,
95.427576,2026-03-10 17:44:15.791,ARDUINO_PSI,Arduino,0.000,0.000,13.139,,
95.528072,2026-03-10 17:44:15.891,ARDUINO_PSI,Arduino,0.000,0.000,13.130,,
95.628276,2026-03-10 17:44:15.991,ARDUINO_PSI,Arduino,0.000,0.000,13.128,,
95.728610,2026-03-10 17:44:16.092,ARDUINO_PSI,Arduino,0.000,0.000,13.128,,
95.829458,2026-03-10 17:44:16.192,ARDUINO_PSI,Arduino,0.000,0.000,13.119,,
95.929037,2026-03-10 17:44:16.292,ARDUINO_PSI,Arduino,0.000,0.000,13.105,,
96.028591,2026-03-10 17:44:16.392,ARDUINO_PSI,Arduino,0.000,0.000,13.101,,
96.127248,2026-03-10 17:44:16.490,ARDUINO_PSI,Arduino,0.000,0.000,13.101,,
96.229116,2026-03-10 17:44:16.592,ARDUINO_PSI,Arduino,0.000,0.000,13.098,,
96.328516,2026-03-10 17:44:16.691,ARDUINO_PSI,Arduino,0.000,0.000,13.103,,
96.427509,2026-03-10 17:44:16.790,ARDUINO_PSI,Arduino,0.000,0.000,13.094,,
96.527627,2026-03-10 17:44:16.891,ARDUINO_PSI,Arduino,0.000,0.000,13.089,,
96.628603,2026-03-10 17:44:16.992,ARDUINO_PSI,Arduino,0.000,0.000,13.094,,
96.727802,2026-03-10 17:44:17.091,ARDUINO_PSI,Arduino,0.000,0.000,13.110,,
96.828796,2026-03-10 17:44:17.192,ARDUINO_PSI,Arduino,0.000,0.000,13.117,,
96.927874,2026-03-10 17:44:17.291,ARDUINO_PSI,Arduino,0.000,0.000,13.123,,
97.028278,2026-03-10 17:44:17.391,ARDUINO_PSI,Arduino,0.000,0.000,13.117,,
97.128609,2026-03-10 17:44:17.492,ARDUINO_PSI,Arduino,0.000,0.000,13.117,,
97.228926,2026-03-10 17:44:17.592,ARDUINO_PSI,Arduino,0.000,0.000,13.114,,
97.327473,2026-03-10 17:44:17.690,ARDUINO_PSI,Arduino,0.000,0.000,13.117,,
97.429337,2026-03-10 17:44:17.792,ARDUINO_PSI,Arduino,0.000,0.000,13.117,,
97.528900,2026-03-10 17:44:17.892,ARDUINO_PSI,Arduino,0.000,0.000,13.117,,
97.628706,2026-03-10 17:44:17.992,ARDUINO_PSI,Arduino,0.000,0.000,13.126,,
97.729136,2026-03-10 17:44:18.092,ARDUINO_PSI,Arduino,0.000,0.000,13.135,,
97.827762,2026-03-10 17:44:18.191,ARDUINO_PSI,Arduino,0.000,0.000,13.149,,
97.928501,2026-03-10 17:44:18.291,ARDUINO_PSI,Arduino,0.000,0.000,13.162,,
98.028068,2026-03-10 17:44:18.391,ARDUINO_PSI,Arduino,0.000,0.000,13.158,,
98.129648,2026-03-10 17:44:18.493,ARDUINO_PSI,Arduino,0.000,0.000,13.153,,
98.227938,2026-03-10 17:44:18.591,ARDUINO_PSI,Arduino,0.000,0.000,13.162,,
98.327582,2026-03-10 17:44:18.691,ARDUINO_PSI,Arduino,0.000,0.000,13.162,,
98.429029,2026-03-10 17:44:18.792,ARDUINO_PSI,Arduino,0.000,0.000,13.171,,
98.527690,2026-03-10 17:44:18.891,ARDUINO_PSI,Arduino,0.000,0.000,13.155,,
98.627935,2026-03-10 17:44:18.991,ARDUINO_PSI,Arduino,0.000,0.000,13.146,,
98.729245,2026-03-10 17:44:19.092,ARDUINO_PSI,Arduino,0.000,0.000,13.133,,
98.828741,2026-03-10 17:44:19.192,ARDUINO_PSI,Arduino,0.000,0.000,13.135,,
98.929007,2026-03-10 17:44:19.292,ARDUINO_PSI,Arduino,0.000,0.000,13.142,,
99.028591,2026-03-10 17:44:19.392,ARDUINO_PSI,Arduino,0.000,0.000,13.133,,
99.129104,2026-03-10 17:44:19.492,ARDUINO_PSI,Arduino,0.000,0.000,13.139,,
99.228863,2026-03-10 17:44:19.592,ARDUINO_PSI,Arduino,0.000,0.000,13.135,,
99.329045,2026-03-10 17:44:19.692,ARDUINO_PSI,Arduino,0.000,0.000,13.130,,
99.429231,2026-03-10 17:44:19.792,ARDUINO_PSI,Arduino,0.000,0.000,13.130,,
99.529003,2026-03-10 17:44:19.892,ARDUINO_PSI,Arduino,0.000,0.000,13.133,,
99.627485,2026-03-10 17:44:19.990,ARDUINO_PSI,Arduino,0.000,0.000,13.117,,
99.727848,2026-03-10 17:44:20.091,ARDUINO_PSI,Arduino,0.000,0.000,13.105,,
99.828578,2026-03-10 17:44:20.192,ARDUINO_PSI,Arduino,0.000,0.000,13.096,,
99.929061,2026-03-10 17:44:20.292,ARDUINO_PSI,Arduino,0.000,0.000,13.087,,
100.029374,2026-03-10 17:44:20.392,ARDUINO_PSI,Arduino,0.000,0.000,13.087,,
100.128548,2026-03-10 17:44:20.491,ARDUINO_PSI,Arduino,0.000,0.000,13.094,,
100.228633,2026-03-10 17:44:20.592,ARDUINO_PSI,Arduino,0.000,0.000,13.082,,
100.329767,2026-03-10 17:44:20.693,ARDUINO_PSI,Arduino,0.000,0.000,13.085,,
100.428745,2026-03-10 17:44:20.792,ARDUINO_PSI,Arduino,0.000,0.000,13.075,,
100.528061,2026-03-10 17:44:20.891,ARDUINO_PSI,Arduino,0.000,0.000,13.085,,
100.628473,2026-03-10 17:44:20.991,ARDUINO_PSI,Arduino,0.000,0.000,13.087,,
100.728081,2026-03-10 17:44:21.091,ARDUINO_PSI,Arduino,0.000,0.000,13.085,,
100.827837,2026-03-10 17:44:21.191,ARDUINO_PSI,Arduino,0.000,0.000,13.082,,
100.928178,2026-03-10 17:44:21.291,ARDUINO_PSI,Arduino,0.000,0.000,13.080,,
101.029100,2026-03-10 17:44:21.392,ARDUINO_PSI,Arduino,0.000,0.000,13.082,,
101.128805,2026-03-10 17:44:21.492,ARDUINO_PSI,Arduino,0.000,0.000,13.087,,
101.228948,2026-03-10 17:44:21.592,ARDUINO_PSI,Arduino,0.000,0.000,13.087,,
101.328200,2026-03-10 17:44:21.691,ARDUINO_PSI,Arduino,0.000,0.000,13.089,,
101.428179,2026-03-10 17:44:21.791,ARDUINO_PSI,Arduino,0.000,0.000,13.094,,
101.527704,2026-03-10 17:44:21.891,ARDUINO_PSI,Arduino,0.000,0.000,13.105,,
101.629061,2026-03-10 17:44:21.992,ARDUINO_PSI,Arduino,0.000,0.000,13.119,,
101.728952,2026-03-10 17:44:22.092,ARDUINO_PSI,Arduino,0.000,0.000,13.126,,
101.829572,2026-03-10 17:44:22.193,ARDUINO_PSI,Arduino,0.000,0.000,13.137,,
101.928131,2026-03-10 17:44:22.291,ARDUINO_PSI,Arduino,0.000,0.000,13.139,,
102.029049,2026-03-10 17:44:22.392,ARDUINO_PSI,Arduino,0.000,0.000,13.151,,
102.129533,2026-03-10 17:44:22.492,ARDUINO_PSI,Arduino,0.000,0.000,13.153,,
102.227474,2026-03-10 17:44:22.590,ARDUINO_PSI,Arduino,0.000,0.000,13.160,,
102.328089,2026-03-10 17:44:22.691,ARDUINO_PSI,Arduino,0.000,0.000,13.162,,
102.428623,2026-03-10 17:44:22.792,ARDUINO_PSI,Arduino,0.000,0.000,13.165,,
102.530334,2026-03-10 17:44:22.893,ARDUINO_PSI,Arduino,0.000,0.000,13.158,,
102.629400,2026-03-10 17:44:22.992,ARDUINO_PSI,Arduino,0.000,0.000,13.162,,
102.729577,2026-03-10 17:44:23.093,ARDUINO_PSI,Arduino,0.000,0.000,13.162,,
102.828086,2026-03-10 17:44:23.191,ARDUINO_PSI,Arduino,0.000,0.000,13.160,,
102.929809,2026-03-10 17:44:23.293,ARDUINO_PSI,Arduino,0.000,0.000,13.160,,
103.028985,2026-03-10 17:44:23.392,ARDUINO_PSI,Arduino,0.000,0.000,13.165,,
103.128641,2026-03-10 17:44:23.492,ARDUINO_PSI,Arduino,0.000,0.000,13.153,,
103.228044,2026-03-10 17:44:23.591,ARDUINO_PSI,Arduino,0.000,0.000,13.149,,
103.327877,2026-03-10 17:44:23.691,ARDUINO_PSI,Arduino,0.000,0.000,13.160,,
103.427617,2026-03-10 17:44:23.791,ARDUINO_PSI,Arduino,0.000,0.000,13.153,,
103.527812,2026-03-10 17:44:23.891,ARDUINO_PSI,Arduino,0.000,0.000,13.149,,
103.629316,2026-03-10 17:44:23.992,ARDUINO_PSI,Arduino,0.000,0.000,13.105,,
103.728028,2026-03-10 17:44:24.091,ARDUINO_PSI,Arduino,0.000,0.000,13.107,,
103.828639,2026-03-10 17:44:24.192,ARDUINO_PSI,Arduino,0.000,0.000,13.101,,
103.928082,2026-03-10 17:44:24.291,ARDUINO_PSI,Arduino,0.000,0.000,13.094,,
104.027680,2026-03-10 17:44:24.391,ARDUINO_PSI,Arduino,0.000,0.000,13.089,,
104.128444,2026-03-10 17:44:24.491,ARDUINO_PSI,Arduino,0.000,0.000,13.080,,
104.229312,2026-03-10 17:44:24.592,ARDUINO_PSI,Arduino,0.000,0.000,13.078,,
104.328763,2026-03-10 17:44:24.692,ARDUINO_PSI,Arduino,0.000,0.000,13.066,,
104.429483,2026-03-10 17:44:24.792,ARDUINO_PSI,Arduino,0.000,0.000,13.069,,
104.528194,2026-03-10 17:44:24.891,ARDUINO_PSI,Arduino,0.000,0.000,13.075,,
104.628289,2026-03-10 17:44:24.991,ARDUINO_PSI,Arduino,0.000,0.000,13.078,,
104.728852,2026-03-10 17:44:25.092,ARDUINO_PSI,Arduino,0.000,0.000,13.094,,
104.828158,2026-03-10 17:44:25.191,ARDUINO_PSI,Arduino,0.000,0.000,13.091,,
104.928425,2026-03-10 17:44:25.291,ARDUINO_PSI,Arduino,0.000,0.000,13.094,,
105.028491,2026-03-10 17:44:25.391,ARDUINO_PSI,Arduino,0.000,0.000,13.098,,
105.127375,2026-03-10 17:44:25.490,ARDUINO_PSI,Arduino,0.000,0.000,13.094,,
105.228069,2026-03-10 17:44:25.591,ARDUINO_PSI,Arduino,0.000,0.000,13.098,,
105.327318,2026-03-10 17:44:25.690,ARDUINO_PSI,Arduino,0.000,0.000,13.094,,
105.429309,2026-03-10 17:44:25.792,ARDUINO_PSI,Arduino,0.000,0.000,13.082,,
105.528791,2026-03-10 17:44:25.892,ARDUINO_PSI,Arduino,0.000,0.000,13.069,,
105.628917,2026-03-10 17:44:25.992,ARDUINO_PSI,Arduino,0.000,0.000,13.112,,
105.729864,2026-03-10 17:44:26.093,ARDUINO_PSI,Arduino,0.000,0.000,13.101,,
105.827543,2026-03-10 17:44:26.190,ARDUINO_PSI,Arduino,0.000,0.000,13.105,,
105.929017,2026-03-10 17:44:26.292,ARDUINO_PSI,Arduino,0.000,0.000,13.110,,
106.028929,2026-03-10 17:44:26.392,ARDUINO_PSI,Arduino,0.000,0.000,13.110,,
106.128083,2026-03-10 17:44:26.491,ARDUINO_PSI,Arduino,0.000,0.000,13.112,,
106.229038,2026-03-10 17:44:26.592,ARDUINO_PSI,Arduino,0.000,0.000,13.117,,
106.327946,2026-03-10 17:44:26.691,ARDUINO_PSI,Arduino,0.000,0.000,13.128,,
106.428941,2026-03-10 17:44:26.792,ARDUINO_PSI,Arduino,0.000,0.000,13.139,,
106.528518,2026-03-10 17:44:26.891,ARDUINO_PSI,Arduino,0.000,0.000,13.144,,
106.628417,2026-03-10 17:44:26.991,ARDUINO_PSI,Arduino,0.000,0.000,13.135,,
106.729209,2026-03-10 17:44:27.092,ARDUINO_PSI,Arduino,0.000,0.000,13.117,,
106.827632,2026-03-10 17:44:27.191,ARDUINO_PSI,Arduino,0.000,0.000,13.114,,
106.928668,2026-03-10 17:44:27.292,ARDUINO_PSI,Arduino,0.000,0.000,13.121,,
107.028534,2026-03-10 17:44:27.391,ARDUINO_PSI,Arduino,0.000,0.000,13.117,,
107.129139,2026-03-10 17:44:27.492,ARDUINO_PSI,Arduino,0.000,0.000,13.126,,
107.228897,2026-03-10 17:44:27.592,ARDUINO_PSI,Arduino,0.000,0.000,13.133,,
107.328041,2026-03-10 17:44:27.691,ARDUINO_PSI,Arduino,0.000,0.000,13.126,,
107.428457,2026-03-10 17:44:27.791,ARDUINO_PSI,Arduino,0.000,0.000,13.139,,
107.528245,2026-03-10 17:44:27.891,ARDUINO_PSI,Arduino,0.000,0.000,13.142,,
107.628409,2026-03-10 17:44:27.991,ARDUINO_PSI,Arduino,0.000,0.000,13.133,,
107.727673,2026-03-10 17:44:28.091,ARDUINO_PSI,Arduino,0.000,0.000,13.137,,
107.828643,2026-03-10 17:44:28.192,ARDUINO_PSI,Arduino,0.000,0.000,13.123,,
107.927723,2026-03-10 17:44:28.291,ARDUINO_PSI,Arduino,0.000,0.000,13.133,,
108.028466,2026-03-10 17:44:28.391,ARDUINO_PSI,Arduino,0.000,0.000,13.130,,
108.128929,2026-03-10 17:44:28.492,ARDUINO_PSI,Arduino,0.000,0.000,13.130,,
108.228302,2026-03-10 17:44:28.591,ARDUINO_PSI,Arduino,0.000,0.000,13.126,,
108.328128,2026-03-10 17:44:28.691,ARDUINO_PSI,Arduino,0.000,0.000,13.119,,
108.428170,2026-03-10 17:44:28.791,ARDUINO_PSI,Arduino,0.000,0.000,13.121,,
108.527981,2026-03-10 17:44:28.891,ARDUINO_PSI,Arduino,0.000,0.000,13.121,,
108.628457,2026-03-10 17:44:28.991,ARDUINO_PSI,Arduino,0.000,0.000,13.126,,
108.727960,2026-03-10 17:44:29.091,ARDUINO_PSI,Arduino,0.000,0.000,13.121,,
108.828437,2026-03-10 17:44:29.191,ARDUINO_PSI,Arduino,0.000,0.000,13.123,,
108.927570,2026-03-10 17:44:29.291,ARDUINO_PSI,Arduino,0.000,0.000,13.112,,
109.027543,2026-03-10 17:44:29.390,ARDUINO_PSI,Arduino,0.000,0.000,13.103,,
109.129124,2026-03-10 17:44:29.492,ARDUINO_PSI,Arduino,0.000,0.000,13.098,,
109.228784,2026-03-10 17:44:29.592,ARDUINO_PSI,Arduino,0.000,0.000,13.089,,
109.329119,2026-03-10 17:44:29.692,ARDUINO_PSI,Arduino,0.000,0.000,13.087,,
109.427659,2026-03-10 17:44:29.791,ARDUINO_PSI,Arduino,0.000,0.000,13.087,,
109.528931,2026-03-10 17:44:29.892,ARDUINO_PSI,Arduino,0.000,0.000,13.094,,
109.628082,2026-03-10 17:44:29.991,ARDUINO_PSI,Arduino,0.000,0.000,13.103,,
109.728737,2026-03-10 17:44:30.092,ARDUINO_PSI,Arduino,0.000,0.000,13.096,,
109.827808,2026-03-10 17:44:30.191,ARDUINO_PSI,Arduino,0.000,0.000,13.096,,
109.928854,2026-03-10 17:44:30.292,ARDUINO_PSI,Arduino,0.000,0.000,13.091,,
110.028726,2026-03-10 17:44:30.392,ARDUINO_PSI,Arduino,0.000,0.000,13.096,,
110.128593,2026-03-10 17:44:30.492,ARDUINO_PSI,Arduino,0.000,0.000,13.098,,
110.229045,2026-03-10 17:44:30.592,ARDUINO_PSI,Arduino,0.000,0.000,13.096,,
110.328080,2026-03-10 17:44:30.691,ARDUINO_PSI,Arduino,0.000,0.000,13.094,,
110.428971,2026-03-10 17:44:30.792,ARDUINO_PSI,Arduino,0.000,0.000,13.080,,
110.528992,2026-03-10 17:44:30.892,ARDUINO_PSI,Arduino,0.000,0.000,13.082,,
110.627730,2026-03-10 17:44:30.991,ARDUINO_PSI,Arduino,0.000,0.000,13.087,,
110.727761,2026-03-10 17:44:31.091,ARDUINO_PSI,Arduino,0.000,0.000,13.089,,
110.829373,2026-03-10 17:44:31.192,ARDUINO_PSI,Arduino,0.000,0.000,13.089,,
110.928538,2026-03-10 17:44:31.291,ARDUINO_PSI,Arduino,0.000,0.000,13.082,,
111.028625,2026-03-10 17:44:31.392,ARDUINO_PSI,Arduino,0.000,0.000,13.091,,
111.128459,2026-03-10 17:44:31.491,ARDUINO_PSI,Arduino,0.000,0.000,13.091,,
111.228349,2026-03-10 17:44:31.591,ARDUINO_PSI,Arduino,0.000,0.000,13.096,,
111.327097,2026-03-10 17:44:31.690,ARDUINO_PSI,Arduino,0.000,0.000,13.101,,
111.428673,2026-03-10 17:44:31.792,ARDUINO_PSI,Arduino,0.000,0.000,13.101,,
111.527712,2026-03-10 17:44:31.891,ARDUINO_PSI,Arduino,0.000,0.000,13.098,,
111.628687,2026-03-10 17:44:31.992,ARDUINO_PSI,Arduino,0.000,0.000,13.091,,
111.729745,2026-03-10 17:44:32.093,ARDUINO_PSI,Arduino,0.000,0.000,13.101,,
111.830031,2026-03-10 17:44:32.193,ARDUINO_PSI,Arduino,0.000,0.000,13.110,,
111.927471,2026-03-10 17:44:32.290,ARDUINO_PSI,Arduino,0.000,0.000,13.110,,
112.029009,2026-03-10 17:44:32.392,ARDUINO_PSI,Arduino,0.000,0.000,13.101,,
112.128923,2026-03-10 17:44:32.492,ARDUINO_PSI,Arduino,0.000,0.000,13.105,,
112.228622,2026-03-10 17:44:32.592,ARDUINO_PSI,Arduino,0.000,0.000,13.101,,
112.327873,2026-03-10 17:44:32.691,ARDUINO_PSI,Arduino,0.000,0.000,13.094,,
112.428311,2026-03-10 17:44:32.791,ARDUINO_PSI,Arduino,0.000,0.000,13.101,,
112.527576,2026-03-10 17:44:32.891,ARDUINO_PSI,Arduino,0.000,0.000,13.096,,
112.627547,2026-03-10 17:44:32.990,ARDUINO_PSI,Arduino,0.000,0.000,13.094,,
112.728478,2026-03-10 17:44:33.091,ARDUINO_PSI,Arduino,0.000,0.000,13.107,,
112.828281,2026-03-10 17:44:33.191,ARDUINO_PSI,Arduino,0.000,0.000,13.121,,
112.929366,2026-03-10 17:44:33.292,ARDUINO_PSI,Arduino,0.000,0.000,13.128,,
113.028542,2026-03-10 17:44:33.391,ARDUINO_PSI,Arduino,0.000,0.000,13.128,,
113.128361,2026-03-10 17:44:33.491,ARDUINO_PSI,Arduino,0.000,0.000,13.133,,
113.228403,2026-03-10 17:44:33.591,ARDUINO_PSI,Arduino,0.000,0.000,13.135,,
113.328111,2026-03-10 17:44:33.691,ARDUINO_PSI,Arduino,0.000,0.000,13.130,,
113.427617,2026-03-10 17:44:33.791,ARDUINO_PSI,Arduino,0.000,0.000,13.128,,
113.529286,2026-03-10 17:44:33.892,ARDUINO_PSI,Arduino,0.000,0.000,13.135,,
113.628677,2026-03-10 17:44:33.992,ARDUINO_PSI,Arduino,0.000,0.000,13.139,,
113.728062,2026-03-10 17:44:34.091,ARDUINO_PSI,Arduino,0.000,0.000,13.137,,
113.828163,2026-03-10 17:44:34.191,ARDUINO_PSI,Arduino,0.000,0.000,13.137,,
113.928609,2026-03-10 17:44:34.292,ARDUINO_PSI,Arduino,0.000,0.000,13.135,,
114.028532,2026-03-10 17:44:34.391,ARDUINO_PSI,Arduino,0.000,0.000,13.139,,
114.128688,2026-03-10 17:44:34.492,ARDUINO_PSI,Arduino,0.000,0.000,13.137,,
114.228317,2026-03-10 17:44:34.591,ARDUINO_PSI,Arduino,0.000,0.000,13.135,,
114.328008,2026-03-10 17:44:34.691,ARDUINO_PSI,Arduino,0.000,0.000,13.139,,
114.428348,2026-03-10 17:44:34.791,ARDUINO_PSI,Arduino,0.000,0.000,13.139,,
114.528909,2026-03-10 17:44:34.892,ARDUINO_PSI,Arduino,0.000,0.000,13.139,,
114.628461,2026-03-10 17:44:34.991,ARDUINO_PSI,Arduino,0.000,0.000,13.142,,
114.728528,2026-03-10 17:44:35.091,ARDUINO_PSI,Arduino,0.000,0.000,13.133,,
114.828969,2026-03-10 17:44:35.192,ARDUINO_PSI,Arduino,0.000,0.000,13.119,,
114.928220,2026-03-10 17:44:35.291,ARDUINO_PSI,Arduino,0.000,0.000,13.119,,
115.028870,2026-03-10 17:44:35.392,ARDUINO_PSI,Arduino,0.000,0.000,13.114,,
115.128179,2026-03-10 17:44:35.491,ARDUINO_PSI,Arduino,0.000,0.000,13.107,,
115.229036,2026-03-10 17:44:35.592,ARDUINO_PSI,Arduino,0.000,0.000,13.096,,
115.328201,2026-03-10 17:44:35.691,ARDUINO_PSI,Arduino,0.000,0.000,13.103,,
115.428564,2026-03-10 17:44:35.792,ARDUINO_PSI,Arduino,0.000,0.000,13.103,,
115.528442,2026-03-10 17:44:35.891,ARDUINO_PSI,Arduino,0.000,0.000,13.089,,
115.628575,2026-03-10 17:44:35.992,ARDUINO_PSI,Arduino,0.000,0.000,13.082,,
115.728423,2026-03-10 17:44:36.091,ARDUINO_PSI,Arduino,0.000,0.000,13.087,,
115.827018,2026-03-10 17:44:36.190,ARDUINO_PSI,Arduino,0.000,0.000,13.082,,
115.927655,2026-03-10 17:44:36.291,ARDUINO_PSI,Arduino,0.000,0.000,13.073,,
116.028422,2026-03-10 17:44:36.391,ARDUINO_PSI,Arduino,0.000,0.000,13.082,,
116.127912,2026-03-10 17:44:36.491,ARDUINO_PSI,Arduino,0.000,0.000,13.085,,
116.227546,2026-03-10 17:44:36.590,ARDUINO_PSI,Arduino,0.000,0.000,13.094,,
116.328688,2026-03-10 17:44:36.692,ARDUINO_PSI,Arduino,0.000,0.000,13.096,,
116.429215,2026-03-10 17:44:36.792,ARDUINO_PSI,Arduino,0.000,0.000,13.085,,
116.528299,2026-03-10 17:44:36.891,ARDUINO_PSI,Arduino,0.000,0.000,13.078,,
116.628671,2026-03-10 17:44:36.992,ARDUINO_PSI,Arduino,0.000,0.000,13.069,,
116.728286,2026-03-10 17:44:37.091,ARDUINO_PSI,Arduino,0.000,0.000,13.066,,
116.828609,2026-03-10 17:44:37.192,ARDUINO_PSI,Arduino,0.000,0.000,13.071,,
116.928293,2026-03-10 17:44:37.291,ARDUINO_PSI,Arduino,0.000,0.000,13.075,,
117.028342,2026-03-10 17:44:37.391,ARDUINO_PSI,Arduino,0.000,0.000,13.080,,
117.127614,2026-03-10 17:44:37.491,ARDUINO_PSI,Arduino,0.000,0.000,13.089,,
117.228091,2026-03-10 17:44:37.591,ARDUINO_PSI,Arduino,0.000,0.000,13.098,,
117.328784,2026-03-10 17:44:37.692,ARDUINO_PSI,Arduino,0.000,0.000,13.101,,
117.428950,2026-03-10 17:44:37.792,ARDUINO_PSI,Arduino,0.000,0.000,13.107,,
117.528350,2026-03-10 17:44:37.891,ARDUINO_PSI,Arduino,0.000,0.000,13.121,,
117.629024,2026-03-10 17:44:37.992,ARDUINO_PSI,Arduino,0.000,0.000,13.126,,
117.728469,2026-03-10 17:44:38.091,ARDUINO_PSI,Arduino,0.000,0.000,13.123,,
117.829465,2026-03-10 17:44:38.192,ARDUINO_PSI,Arduino,0.000,0.000,13.117,,
117.927938,2026-03-10 17:44:38.291,ARDUINO_PSI,Arduino,0.000,0.000,13.128,,
118.027581,2026-03-10 17:44:38.391,ARDUINO_PSI,Arduino,0.000,0.000,13.117,,
118.129144,2026-03-10 17:44:38.492,ARDUINO_PSI,Arduino,0.000,0.000,13.119,,
118.228382,2026-03-10 17:44:38.591,ARDUINO_PSI,Arduino,0.000,0.000,13.123,,
118.327875,2026-03-10 17:44:38.691,ARDUINO_PSI,Arduino,0.000,0.000,13.137,,
118.428834,2026-03-10 17:44:38.792,ARDUINO_PSI,Arduino,0.000,0.000,13.139,,
118.528813,2026-03-10 17:44:38.892,ARDUINO_PSI,Arduino,0.000,0.000,13.149,,
118.628506,2026-03-10 17:44:38.991,ARDUINO_PSI,Arduino,0.000,0.000,13.165,,
118.729785,2026-03-10 17:44:39.093,ARDUINO_PSI,Arduino,0.000,0.000,13.165,,
118.827913,2026-03-10 17:44:39.191,ARDUINO_PSI,Arduino,0.000,0.000,13.160,,
118.928998,2026-03-10 17:44:39.292,ARDUINO_PSI,Arduino,0.000,0.000,13.155,,
119.027793,2026-03-10 17:44:39.391,ARDUINO_PSI,Arduino,0.000,0.000,13.153,,
119.128356,2026-03-10 17:44:39.491,ARDUINO_PSI,Arduino,0.000,0.000,13.149,,
119.228473,2026-03-10 17:44:39.591,ARDUINO_PSI,Arduino,0.000,0.000,13.144,,
119.327443,2026-03-10 17:44:39.690,ARDUINO_PSI,Arduino,0.000,0.000,13.139,,
119.427678,2026-03-10 17:44:39.791,ARDUINO_PSI,Arduino,0.000,0.000,13.133,,
119.528241,2026-03-10 17:44:39.891,ARDUINO_PSI,Arduino,0.000,0.000,13.123,,
119.629724,2026-03-10 17:44:39.993,ARDUINO_PSI,Arduino,0.000,0.000,13.128,,
119.728558,2026-03-10 17:44:40.092,ARDUINO_PSI,Arduino,0.000,0.000,13.126,,
119.828915,2026-03-10 17:44:40.192,ARDUINO_PSI,Arduino,0.000,0.000,13.128,,
119.928689,2026-03-10 17:44:40.292,ARDUINO_PSI,Arduino,0.000,0.000,13.119,,
120.029529,2026-03-10 17:44:40.392,ARDUINO_PSI,Arduino,0.000,0.000,13.123,,
120.128904,2026-03-10 17:44:40.492,ARDUINO_PSI,Arduino,0.000,0.000,13.121,,
120.229346,2026-03-10 17:44:40.592,ARDUINO_PSI,Arduino,0.000,0.000,13.119,,
120.328339,2026-03-10 17:44:40.691,ARDUINO_PSI,Arduino,0.000,0.000,13.105,,
120.429573,2026-03-10 17:44:40.793,ARDUINO_PSI,Arduino,0.000,0.000,13.105,,
120.528952,2026-03-10 17:44:40.892,ARDUINO_PSI,Arduino,0.000,0.000,13.107,,
120.628221,2026-03-10 17:44:40.991,ARDUINO_PSI,Arduino,0.000,0.000,13.089,,
120.730219,2026-03-10 17:44:41.093,ARDUINO_PSI,Arduino,0.000,0.000,13.091,,
120.828537,2026-03-10 17:44:41.191,ARDUINO_PSI,Arduino,0.000,0.000,13.094,,
120.927827,2026-03-10 17:44:41.291,ARDUINO_PSI,Arduino,0.000,0.000,13.103,,
121.027598,2026-03-10 17:44:41.391,ARDUINO_PSI,Arduino,0.000,0.000,13.094,,
121.128502,2026-03-10 17:44:41.491,ARDUINO_PSI,Arduino,0.000,0.000,13.089,,
121.228998,2026-03-10 17:44:41.592,ARDUINO_PSI,Arduino,0.000,0.000,13.085,,
121.327562,2026-03-10 17:44:41.691,ARDUINO_PSI,Arduino,0.000,0.000,13.087,,
121.427590,2026-03-10 17:44:41.791,ARDUINO_PSI,Arduino,0.000,0.000,13.085,,
121.528093,2026-03-10 17:44:41.891,ARDUINO_PSI,Arduino,0.000,0.000,13.087,,
121.627536,2026-03-10 17:44:41.990,ARDUINO_PSI,Arduino,0.000,0.000,13.089,,
121.729369,2026-03-10 17:44:42.092,ARDUINO_PSI,Arduino,0.000,0.000,13.082,,
121.828220,2026-03-10 17:44:42.191,ARDUINO_PSI,Arduino,0.000,0.000,13.085,,
121.930002,2026-03-10 17:44:42.293,ARDUINO_PSI,Arduino,0.000,0.000,13.082,,
122.028059,2026-03-10 17:44:42.391,ARDUINO_PSI,Arduino,0.000,0.000,13.082,,
122.129722,2026-03-10 17:44:42.493,ARDUINO_PSI,Arduino,0.000,0.000,13.080,,
122.228950,2026-03-10 17:44:42.592,ARDUINO_PSI,Arduino,0.000,0.000,13.082,,
122.328624,2026-03-10 17:44:42.692,ARDUINO_PSI,Arduino,0.000,0.000,13.075,,
122.428246,2026-03-10 17:44:42.791,ARDUINO_PSI,Arduino,0.000,0.000,13.073,,
122.529553,2026-03-10 17:44:42.893,ARDUINO_PSI,Arduino,0.000,0.000,13.075,,
122.628716,2026-03-10 17:44:42.992,ARDUINO_PSI,Arduino,0.000,0.000,13.096,,
122.728747,2026-03-10 17:44:43.092,ARDUINO_PSI,Arduino,0.000,0.000,13.096,,
122.829135,2026-03-10 17:44:43.192,ARDUINO_PSI,Arduino,0.000,0.000,13.085,,
122.928454,2026-03-10 17:44:43.291,ARDUINO_PSI,Arduino,0.000,0.000,13.085,,
123.028431,2026-03-10 17:44:43.391,ARDUINO_PSI,Arduino,0.000,0.000,13.091,,
123.129321,2026-03-10 17:44:43.492,ARDUINO_PSI,Arduino,0.000,0.000,13.094,,
123.229311,2026-03-10 17:44:43.592,ARDUINO_PSI,Arduino,0.000,0.000,13.094,,
123.329114,2026-03-10 17:44:43.692,ARDUINO_PSI,Arduino,0.000,0.000,13.085,,
123.429524,2026-03-10 17:44:43.792,ARDUINO_PSI,Arduino,0.000,0.000,13.089,,
123.529105,2026-03-10 17:44:43.892,ARDUINO_PSI,Arduino,0.000,0.000,13.091,,
123.627803,2026-03-10 17:44:43.991,ARDUINO_PSI,Arduino,0.000,0.000,13.085,,
123.728651,2026-03-10 17:44:44.092,ARDUINO_PSI,Arduino,0.000,0.000,13.091,,
123.828413,2026-03-10 17:44:44.191,ARDUINO_PSI,Arduino,0.000,0.000,13.096,,
123.928687,2026-03-10 17:44:44.292,ARDUINO_PSI,Arduino,0.000,0.000,13.103,,
124.029057,2026-03-10 17:44:44.392,ARDUINO_PSI,Arduino,0.000,0.000,13.101,,
124.128940,2026-03-10 17:44:44.492,ARDUINO_PSI,Arduino,0.000,0.000,13.101,,
124.228740,2026-03-10 17:44:44.592,ARDUINO_PSI,Arduino,0.000,0.000,13.096,,
124.327721,2026-03-10 17:44:44.691,ARDUINO_PSI,Arduino,0.000,0.000,13.103,,
124.428685,2026-03-10 17:44:44.792,ARDUINO_PSI,Arduino,0.000,0.000,13.107,,
124.528346,2026-03-10 17:44:44.891,ARDUINO_PSI,Arduino,0.000,0.000,13.103,,
124.629144,2026-03-10 17:44:44.992,ARDUINO_PSI,Arduino,0.000,0.000,13.091,,
124.728849,2026-03-10 17:44:45.092,ARDUINO_PSI,Arduino,0.000,0.000,13.091,,
124.828778,2026-03-10 17:44:45.192,ARDUINO_PSI,Arduino,0.000,0.000,13.098,,
124.927728,2026-03-10 17:44:45.291,ARDUINO_PSI,Arduino,0.000,0.000,13.094,,
125.029533,2026-03-10 17:44:45.392,ARDUINO_PSI,Arduino,0.000,0.000,13.096,,
125.128809,2026-03-10 17:44:45.492,ARDUINO_PSI,Arduino,0.000,0.000,13.105,,
125.227619,2026-03-10 17:44:45.591,ARDUINO_PSI,Arduino,0.000,0.000,13.098,,
125.328271,2026-03-10 17:44:45.691,ARDUINO_PSI,Arduino,0.000,0.000,13.110,,
125.427928,2026-03-10 17:44:45.791,ARDUINO_PSI,Arduino,0.000,0.000,13.107,,
125.529243,2026-03-10 17:44:45.892,ARDUINO_PSI,Arduino,0.000,0.000,13.105,,
125.628705,2026-03-10 17:44:45.992,ARDUINO_PSI,Arduino,0.000,0.000,13.105,,
125.728962,2026-03-10 17:44:46.092,ARDUINO_PSI,Arduino,0.000,0.000,13.107,,
125.827723,2026-03-10 17:44:46.191,ARDUINO_PSI,Arduino,0.000,0.000,13.107,,
125.927610,2026-03-10 17:44:46.291,ARDUINO_PSI,Arduino,0.000,0.000,13.114,,
126.028495,2026-03-10 17:44:46.391,ARDUINO_PSI,Arduino,0.000,0.000,13.117,,
126.128822,2026-03-10 17:44:46.492,ARDUINO_PSI,Arduino,0.000,0.000,13.119,,
126.229221,2026-03-10 17:44:46.592,ARDUINO_PSI,Arduino,0.000,0.000,13.119,,
126.328403,2026-03-10 17:44:46.691,ARDUINO_PSI,Arduino,0.000,0.000,13.123,,
126.427752,2026-03-10 17:44:46.791,ARDUINO_PSI,Arduino,0.000,0.000,13.123,,
126.528858,2026-03-10 17:44:46.892,ARDUINO_PSI,Arduino,0.000,0.000,13.121,,
126.628254,2026-03-10 17:44:46.991,ARDUINO_PSI,Arduino,0.000,0.000,13.114,,
126.728383,2026-03-10 17:44:47.091,ARDUINO_PSI,Arduino,0.000,0.000,13.112,,
126.829354,2026-03-10 17:44:47.192,ARDUINO_PSI,Arduino,0.000,0.000,13.114,,
126.928658,2026-03-10 17:44:47.292,ARDUINO_PSI,Arduino,0.000,0.000,13.112,,
127.029394,2026-03-10 17:44:47.392,ARDUINO_PSI,Arduino,0.000,0.000,13.112,,
127.129534,2026-03-10 17:44:47.492,ARDUINO_PSI,Arduino,0.000,0.000,13.105,,
127.228077,2026-03-10 17:44:47.591,ARDUINO_PSI,Arduino,0.000,0.000,13.112,,
127.327947,2026-03-10 17:44:47.691,ARDUINO_PSI,Arduino,0.000,0.000,13.121,,
127.429018,2026-03-10 17:44:47.792,ARDUINO_PSI,Arduino,0.000,0.000,13.126,,
127.531345,2026-03-10 17:44:47.894,ARDUINO_PSI,Arduino,0.000,0.000,13.130,,
127.628072,2026-03-10 17:44:47.991,ARDUINO_PSI,Arduino,0.000,0.000,13.133,,
127.728569,2026-03-10 17:44:48.092,ARDUINO_PSI,Arduino,0.000,0.000,13.139,,
127.827477,2026-03-10 17:44:48.190,ARDUINO_PSI,Arduino,0.000,0.000,13.142,,
127.928981,2026-03-10 17:44:48.292,ARDUINO_PSI,Arduino,0.000,0.000,13.133,,
128.028796,2026-03-10 17:44:48.392,ARDUINO_PSI,Arduino,0.000,0.000,13.133,,
128.126969,2026-03-10 17:44:48.490,ARDUINO_PSI,Arduino,0.000,0.000,13.128,,
128.227521,2026-03-10 17:44:48.590,ARDUINO_PSI,Arduino,0.000,0.000,13.133,,
128.329240,2026-03-10 17:44:48.692,ARDUINO_PSI,Arduino,0.000,0.000,13.123,,
128.429341,2026-03-10 17:44:48.792,ARDUINO_PSI,Arduino,0.000,0.000,13.123,,
128.528137,2026-03-10 17:44:48.891,ARDUINO_PSI,Arduino,0.000,0.000,13.123,,
128.628056,2026-03-10 17:44:48.991,ARDUINO_PSI,Arduino,0.000,0.000,13.130,,
128.729398,2026-03-10 17:44:49.092,ARDUINO_PSI,Arduino,0.000,0.000,13.142,,
128.828640,2026-03-10 17:44:49.192,ARDUINO_PSI,Arduino,0.000,0.000,13.142,,
128.928828,2026-03-10 17:44:49.292,ARDUINO_PSI,Arduino,0.000,0.000,13.146,,
129.028972,2026-03-10 17:44:49.392,ARDUINO_PSI,Arduino,0.000,0.000,13.135,,
129.129030,2026-03-10 17:44:49.492,ARDUINO_PSI,Arduino,0.000,0.000,13.135,,
129.229864,2026-03-10 17:44:49.593,ARDUINO_PSI,Arduino,0.000,0.000,13.128,,
129.327575,2026-03-10 17:44:49.691,ARDUINO_PSI,Arduino,0.000,0.000,13.114,,
129.428382,2026-03-10 17:44:49.791,ARDUINO_PSI,Arduino,0.000,0.000,13.110,,
129.527848,2026-03-10 17:44:49.891,ARDUINO_PSI,Arduino,0.000,0.000,13.098,,
129.628391,2026-03-10 17:44:49.991,ARDUINO_PSI,Arduino,0.000,0.000,13.094,,
129.728392,2026-03-10 17:44:50.091,ARDUINO_PSI,Arduino,0.000,0.000,13.078,,
129.827559,2026-03-10 17:44:50.191,ARDUINO_PSI,Arduino,0.000,0.000,13.075,,
129.928361,2026-03-10 17:44:50.291,ARDUINO_PSI,Arduino,0.000,0.000,13.071,,
130.029059,2026-03-10 17:44:50.392,ARDUINO_PSI,Arduino,0.000,0.000,13.082,,
130.129191,2026-03-10 17:44:50.492,ARDUINO_PSI,Arduino,0.000,0.000,13.087,,
130.228338,2026-03-10 17:44:50.591,ARDUINO_PSI,Arduino,0.000,0.000,13.075,,
130.328032,2026-03-10 17:44:50.691,ARDUINO_PSI,Arduino,0.000,0.000,13.075,,
130.428984,2026-03-10 17:44:50.792,ARDUINO_PSI,Arduino,0.000,0.000,13.075,,
130.528906,2026-03-10 17:44:50.892,ARDUINO_PSI,Arduino,0.000,0.000,13.078,,
130.628962,2026-03-10 17:44:50.992,ARDUINO_PSI,Arduino,0.000,0.000,13.078,,
130.729131,2026-03-10 17:44:51.092,ARDUINO_PSI,Arduino,0.000,0.000,13.073,,
130.829226,2026-03-10 17:44:51.192,ARDUINO_PSI,Arduino,0.000,0.000,13.078,,
130.928003,2026-03-10 17:44:51.291,ARDUINO_PSI,Arduino,0.000,0.000,13.082,,
131.028443,2026-03-10 17:44:51.391,ARDUINO_PSI,Arduino,0.000,0.000,13.082,,
131.128706,2026-03-10 17:44:51.492,ARDUINO_PSI,Arduino,0.000,0.000,13.089,,
131.228908,2026-03-10 17:44:51.592,ARDUINO_PSI,Arduino,0.000,0.000,13.098,,
131.327579,2026-03-10 17:44:51.691,ARDUINO_PSI,Arduino,0.000,0.000,13.103,,
131.429174,2026-03-10 17:44:51.792,ARDUINO_PSI,Arduino,0.000,0.000,13.103,,
131.528697,2026-03-10 17:44:51.892,ARDUINO_PSI,Arduino,0.000,0.000,13.105,,
131.628786,2026-03-10 17:44:51.992,ARDUINO_PSI,Arduino,0.000,0.000,13.110,,
131.727374,2026-03-10 17:44:52.090,ARDUINO_PSI,Arduino,0.000,0.000,13.114,,
131.827956,2026-03-10 17:44:52.191,ARDUINO_PSI,Arduino,0.000,0.000,13.112,,
131.928748,2026-03-10 17:44:52.292,ARDUINO_PSI,Arduino,0.000,0.000,13.121,,
132.028859,2026-03-10 17:44:52.392,ARDUINO_PSI,Arduino,0.000,0.000,13.103,,
132.128781,2026-03-10 17:44:52.492,ARDUINO_PSI,Arduino,0.000,0.000,13.094,,
132.227778,2026-03-10 17:44:52.591,ARDUINO_PSI,Arduino,0.000,0.000,13.107,,
132.327220,2026-03-10 17:44:52.690,ARDUINO_PSI,Arduino,0.000,0.000,13.103,,
132.429311,2026-03-10 17:44:52.792,ARDUINO_PSI,Arduino,0.000,0.000,13.096,,
132.529952,2026-03-10 17:44:52.893,ARDUINO_PSI,Arduino,0.000,0.000,13.085,,
132.628707,2026-03-10 17:44:52.992,ARDUINO_PSI,Arduino,0.000,0.000,13.082,,
132.728283,2026-03-10 17:44:53.091,ARDUINO_PSI,Arduino,0.000,0.000,13.075,,
132.827807,2026-03-10 17:44:53.191,ARDUINO_PSI,Arduino,0.000,0.000,13.069,,
132.928587,2026-03-10 17:44:53.292,ARDUINO_PSI,Arduino,0.000,0.000,13.059,,
133.027478,2026-03-10 17:44:53.390,ARDUINO_PSI,Arduino,0.000,0.000,13.057,,
133.129134,2026-03-10 17:44:53.492,ARDUINO_PSI,Arduino,0.000,0.000,13.043,,
133.229456,2026-03-10 17:44:53.592,ARDUINO_PSI,Arduino,0.000,0.000,13.043,,
133.329142,2026-03-10 17:44:53.692,ARDUINO_PSI,Arduino,0.000,0.000,13.048,,
133.428865,2026-03-10 17:44:53.792,ARDUINO_PSI,Arduino,0.000,0.000,13.053,,
133.528600,2026-03-10 17:44:53.892,ARDUINO_PSI,Arduino,0.000,0.000,13.057,,
133.628212,2026-03-10 17:44:53.991,ARDUINO_PSI,Arduino,0.000,0.000,13.071,,
133.728203,2026-03-10 17:44:54.091,ARDUINO_PSI,Arduino,0.000,0.000,13.069,,
133.829231,2026-03-10 17:44:54.192,ARDUINO_PSI,Arduino,0.000,0.000,13.073,,
133.927630,2026-03-10 17:44:54.291,ARDUINO_PSI,Arduino,0.000,0.000,13.069,,
134.028695,2026-03-10 17:44:54.392,ARDUINO_PSI,Arduino,0.000,0.000,13.080,,
134.129306,2026-03-10 17:44:54.492,ARDUINO_PSI,Arduino,0.000,0.000,13.096,,
134.228471,2026-03-10 17:44:54.591,ARDUINO_PSI,Arduino,0.000,0.000,13.087,,
134.328935,2026-03-10 17:44:54.692,ARDUINO_PSI,Arduino,0.000,0.000,13.091,,
134.429301,2026-03-10 17:44:54.792,ARDUINO_PSI,Arduino,0.000,0.000,13.103,,
134.528348,2026-03-10 17:44:54.891,ARDUINO_PSI,Arduino,0.000,0.000,13.107,,
134.629419,2026-03-10 17:44:54.992,ARDUINO_PSI,Arduino,0.000,0.000,13.105,,
134.729139,2026-03-10 17:44:55.092,ARDUINO_PSI,Arduino,0.000,0.000,13.117,,
134.828591,2026-03-10 17:44:55.192,ARDUINO_PSI,Arduino,0.000,0.000,13.121,,
134.928961,2026-03-10 17:44:55.292,ARDUINO_PSI,Arduino,0.000,0.000,13.121,,
135.027788,2026-03-10 17:44:55.391,ARDUINO_PSI,Arduino,0.000,0.000,13.128,,
135.128665,2026-03-10 17:44:55.492,ARDUINO_PSI,Arduino,0.000,0.000,13.128,,
135.227805,2026-03-10 17:44:55.591,ARDUINO_PSI,Arduino,0.000,0.000,13.126,,
135.327506,2026-03-10 17:44:55.690,ARDUINO_PSI,Arduino,0.000,0.000,13.117,,
135.429086,2026-03-10 17:44:55.792,ARDUINO_PSI,Arduino,0.000,0.000,13.112,,
135.529115,2026-03-10 17:44:55.892,ARDUINO_PSI,Arduino,0.000,0.000,13.110,,
135.628763,2026-03-10 17:44:55.992,ARDUINO_PSI,Arduino,0.000,0.000,13.103,,
135.728878,2026-03-10 17:44:56.092,ARDUINO_PSI,Arduino,0.000,0.000,13.107,,
135.829366,2026-03-10 17:44:56.192,ARDUINO_PSI,Arduino,0.000,0.000,13.110,,
135.928564,2026-03-10 17:44:56.292,ARDUINO_PSI,Arduino,0.000,0.000,13.114,,
136.027540,2026-03-10 17:44:56.390,ARDUINO_PSI,Arduino,0.000,0.000,13.112,,
136.129257,2026-03-10 17:44:56.492,ARDUINO_PSI,Arduino,0.000,0.000,13.096,,
136.228711,2026-03-10 17:44:56.592,ARDUINO_PSI,Arduino,0.000,0.000,13.094,,
136.328758,2026-03-10 17:44:56.692,ARDUINO_PSI,Arduino,0.000,0.000,13.101,,
136.429155,2026-03-10 17:44:56.792,ARDUINO_PSI,Arduino,0.000,0.000,13.094,,
136.529114,2026-03-10 17:44:56.892,ARDUINO_PSI,Arduino,0.000,0.000,13.098,,
136.627848,2026-03-10 17:44:56.991,ARDUINO_PSI,Arduino,0.000,0.000,13.096,,
136.729164,2026-03-10 17:44:57.092,ARDUINO_PSI,Arduino,0.000,0.000,13.082,,
136.828893,2026-03-10 17:44:57.192,ARDUINO_PSI,Arduino,0.000,0.000,13.080,,
136.927945,2026-03-10 17:44:57.291,ARDUINO_PSI,Arduino,0.000,0.000,13.078,,
137.028795,2026-03-10 17:44:57.392,ARDUINO_PSI,Arduino,0.000,0.000,13.075,,
137.127321,2026-03-10 17:44:57.490,ARDUINO_PSI,Arduino,0.000,0.000,13.078,,
137.229767,2026-03-10 17:44:57.593,ARDUINO_PSI,Arduino,0.000,0.000,13.078,,
137.329015,2026-03-10 17:44:57.692,ARDUINO_PSI,Arduino,0.000,0.000,13.071,,
137.429045,2026-03-10 17:44:57.792,ARDUINO_PSI,Arduino,0.000,0.000,13.071,,
137.529176,2026-03-10 17:44:57.892,ARDUINO_PSI,Arduino,0.000,0.000,13.066,,
137.629450,2026-03-10 17:44:57.992,ARDUINO_PSI,Arduino,0.000,0.000,13.055,,
137.728861,2026-03-10 17:44:58.092,ARDUINO_PSI,Arduino,0.000,0.000,13.046,,
137.829068,2026-03-10 17:44:58.192,ARDUINO_PSI,Arduino,0.000,0.000,13.043,,
137.928846,2026-03-10 17:44:58.292,ARDUINO_PSI,Arduino,0.000,0.000,13.039,,
138.028754,2026-03-10 17:44:58.392,ARDUINO_PSI,Arduino,0.000,0.000,13.046,,
138.129233,2026-03-10 17:44:58.492,ARDUINO_PSI,Arduino,0.000,0.000,13.043,,
138.228886,2026-03-10 17:44:58.592,ARDUINO_PSI,Arduino,0.000,0.000,13.039,,
138.329231,2026-03-10 17:44:58.692,ARDUINO_PSI,Arduino,0.000,0.000,13.030,,
138.427638,2026-03-10 17:44:58.791,ARDUINO_PSI,Arduino,0.000,0.000,13.030,,
138.528919,2026-03-10 17:44:58.892,ARDUINO_PSI,Arduino,0.000,0.000,13.030,,
138.628640,2026-03-10 17:44:58.992,ARDUINO_PSI,Arduino,0.000,0.000,13.034,,
138.728339,2026-03-10 17:44:59.091,ARDUINO_PSI,Arduino,0.000,0.000,13.048,,
138.828874,2026-03-10 17:44:59.192,ARDUINO_PSI,Arduino,0.000,0.000,13.041,,
138.928558,2026-03-10 17:44:59.292,ARDUINO_PSI,Arduino,0.000,0.000,13.034,,
139.027736,2026-03-10 17:44:59.391,ARDUINO_PSI,Arduino,0.000,0.000,13.034,,
139.129212,2026-03-10 17:44:59.492,ARDUINO_PSI,Arduino,0.000,0.000,13.032,,
139.228986,2026-03-10 17:44:59.592,ARDUINO_PSI,Arduino,0.000,0.000,13.037,,
139.329502,2026-03-10 17:44:59.692,ARDUINO_PSI,Arduino,0.000,0.000,13.046,,
139.428455,2026-03-10 17:44:59.791,ARDUINO_PSI,Arduino,0.000,0.000,13.046,,
139.528711,2026-03-10 17:44:59.892,ARDUINO_PSI,Arduino,0.000,0.000,13.050,,
139.628677,2026-03-10 17:44:59.992,ARDUINO_PSI,Arduino,0.000,0.000,13.055,,
139.728138,2026-03-10 17:45:00.091,ARDUINO_PSI,Arduino,0.000,0.000,13.064,,
139.828594,2026-03-10 17:45:00.192,ARDUINO_PSI,Arduino,0.000,0.000,13.062,,
139.928724,2026-03-10 17:45:00.292,ARDUINO_PSI,Arduino,0.000,0.000,13.059,,
140.027439,2026-03-10 17:45:00.390,ARDUINO_PSI,Arduino,0.000,0.000,13.050,,
140.128767,2026-03-10 17:45:00.492,ARDUINO_PSI,Arduino,0.000,0.000,13.057,,
140.228527,2026-03-10 17:45:00.591,ARDUINO_PSI,Arduino,0.000,0.000,13.071,,
140.328256,2026-03-10 17:45:00.691,ARDUINO_PSI,Arduino,0.000,0.000,13.073,,
140.426923,2026-03-10 17:45:00.790,ARDUINO_PSI,Arduino,0.000,0.000,13.069,,
140.528986,2026-03-10 17:45:00.892,ARDUINO_PSI,Arduino,0.000,0.000,13.064,,
140.628722,2026-03-10 17:45:00.992,ARDUINO_PSI,Arduino,0.000,0.000,13.057,,
140.727476,2026-03-10 17:45:01.090,ARDUINO_PSI,Arduino,0.000,0.000,13.050,,
140.828698,2026-03-10 17:45:01.192,ARDUINO_PSI,Arduino,0.000,0.000,13.055,,
140.929740,2026-03-10 17:45:01.293,ARDUINO_PSI,Arduino,0.000,0.000,13.055,,
141.027747,2026-03-10 17:45:01.391,ARDUINO_PSI,Arduino,0.000,0.000,13.062,,
141.129220,2026-03-10 17:45:01.492,ARDUINO_PSI,Arduino,0.000,0.000,13.075,,
141.229096,2026-03-10 17:45:01.592,ARDUINO_PSI,Arduino,0.000,0.000,13.071,,
141.329401,2026-03-10 17:45:01.692,ARDUINO_PSI,Arduino,0.000,0.000,13.064,,
141.427607,2026-03-10 17:45:01.791,ARDUINO_PSI,Arduino,0.000,0.000,13.062,,
141.528401,2026-03-10 17:45:01.891,ARDUINO_PSI,Arduino,0.000,0.000,13.053,,
141.627641,2026-03-10 17:45:01.991,ARDUINO_PSI,Arduino,0.000,0.000,13.055,,
141.728620,2026-03-10 17:45:02.092,ARDUINO_PSI,Arduino,0.000,0.000,13.046,,
141.828010,2026-03-10 17:45:02.191,ARDUINO_PSI,Arduino,0.000,0.000,13.055,,
141.928025,2026-03-10 17:45:02.291,ARDUINO_PSI,Arduino,0.000,0.000,13.066,,
142.030842,2026-03-10 17:45:02.394,ARDUINO_PSI,Arduino,0.000,0.000,13.069,,
142.129991,2026-03-10 17:45:02.493,ARDUINO_PSI,Arduino,0.000,0.000,13.064,,
142.228642,2026-03-10 17:45:02.592,ARDUINO_PSI,Arduino,0.000,0.000,13.055,,
142.328935,2026-03-10 17:45:02.692,ARDUINO_PSI,Arduino,0.000,0.000,13.057,,
142.427543,2026-03-10 17:45:02.790,ARDUINO_PSI,Arduino,0.000,0.000,13.064,,
142.527741,2026-03-10 17:45:02.891,ARDUINO_PSI,Arduino,0.000,0.000,13.069,,
142.628876,2026-03-10 17:45:02.992,ARDUINO_PSI,Arduino,0.000,0.000,13.069,,
142.729147,2026-03-10 17:45:03.092,ARDUINO_PSI,Arduino,0.000,0.000,13.069,,
142.827840,2026-03-10 17:45:03.191,ARDUINO_PSI,Arduino,0.000,0.000,13.071,,
142.929376,2026-03-10 17:45:03.292,ARDUINO_PSI,Arduino,0.000,0.000,13.078,,
143.027594,2026-03-10 17:45:03.391,ARDUINO_PSI,Arduino,0.000,0.000,13.073,,
143.129001,2026-03-10 17:45:03.492,ARDUINO_PSI,Arduino,0.000,0.000,13.059,,
143.228899,2026-03-10 17:45:03.592,ARDUINO_PSI,Arduino,0.000,0.000,13.064,,
143.329056,2026-03-10 17:45:03.692,ARDUINO_PSI,Arduino,0.000,0.000,13.066,,
143.429134,2026-03-10 17:45:03.792,ARDUINO_PSI,Arduino,0.000,0.000,13.066,,
143.528960,2026-03-10 17:45:03.892,ARDUINO_PSI,Arduino,0.000,0.000,13.069,,
143.627516,2026-03-10 17:45:03.990,ARDUINO_PSI,Arduino,0.000,0.000,13.062,,
143.729638,2026-03-10 17:45:04.093,ARDUINO_PSI,Arduino,0.000,0.000,13.062,,
143.828979,2026-03-10 17:45:04.192,ARDUINO_PSI,Arduino,0.000,0.000,13.055,,
143.928910,2026-03-10 17:45:04.292,ARDUINO_PSI,Arduino,0.000,0.000,13.043,,
144.029175,2026-03-10 17:45:04.392,ARDUINO_PSI,Arduino,0.000,0.000,13.048,,
144.129225,2026-03-10 17:45:04.492,ARDUINO_PSI,Arduino,0.000,0.000,13.041,,
144.229664,2026-03-10 17:45:04.593,ARDUINO_PSI,Arduino,0.000,0.000,13.069,,
144.328980,2026-03-10 17:45:04.692,ARDUINO_PSI,Arduino,0.000,0.000,13.078,,
144.430402,2026-03-10 17:45:04.793,ARDUINO_PSI,Arduino,0.000,0.000,13.066,,
144.528994,2026-03-10 17:45:04.892,ARDUINO_PSI,Arduino,0.000,0.000,13.066,,
144.629347,2026-03-10 17:45:04.992,ARDUINO_PSI,Arduino,0.000,0.000,13.075,,
144.729591,2026-03-10 17:45:05.093,ARDUINO_PSI,Arduino,0.000,0.000,13.071,,
144.829117,2026-03-10 17:45:05.192,ARDUINO_PSI,Arduino,0.000,0.000,13.059,,
144.929090,2026-03-10 17:45:05.292,ARDUINO_PSI,Arduino,0.000,0.000,13.066,,
145.028552,2026-03-10 17:45:05.391,ARDUINO_PSI,Arduino,0.000,0.000,13.080,,
145.129462,2026-03-10 17:45:05.492,ARDUINO_PSI,Arduino,0.000,0.000,13.082,,
145.229054,2026-03-10 17:45:05.592,ARDUINO_PSI,Arduino,0.000,0.000,13.085,,
145.328654,2026-03-10 17:45:05.692,ARDUINO_PSI,Arduino,0.000,0.000,13.101,,
145.429258,2026-03-10 17:45:05.792,ARDUINO_PSI,Arduino,0.000,0.000,13.091,,
145.527699,2026-03-10 17:45:05.891,ARDUINO_PSI,Arduino,0.000,0.000,13.091,,
145.629221,2026-03-10 17:45:05.992,ARDUINO_PSI,Arduino,0.000,0.000,13.103,,
145.728660,2026-03-10 17:45:06.092,ARDUINO_PSI,Arduino,0.000,0.000,13.114,,
145.828820,2026-03-10 17:45:06.192,ARDUINO_PSI,Arduino,0.000,0.000,13.123,,
145.928828,2026-03-10 17:45:06.292,ARDUINO_PSI,Arduino,0.000,0.000,13.135,,
146.029167,2026-03-10 17:45:06.392,ARDUINO_PSI,Arduino,0.000,0.000,13.119,,
146.129553,2026-03-10 17:45:06.493,ARDUINO_PSI,Arduino,0.000,0.000,13.130,,
146.228854,2026-03-10 17:45:06.592,ARDUINO_PSI,Arduino,0.000,0.000,13.117,,
146.327956,2026-03-10 17:45:06.691,ARDUINO_PSI,Arduino,0.000,0.000,13.119,,
146.430344,2026-03-10 17:45:06.793,ARDUINO_PSI,Arduino,0.000,0.000,13.128,,
146.529009,2026-03-10 17:45:06.892,ARDUINO_PSI,Arduino,0.000,0.000,13.126,,
146.628997,2026-03-10 17:45:06.992,ARDUINO_PSI,Arduino,0.000,0.000,13.123,,
146.728700,2026-03-10 17:45:07.092,ARDUINO_PSI,Arduino,0.000,0.000,13.137,,
146.828927,2026-03-10 17:45:07.192,ARDUINO_PSI,Arduino,0.000,0.000,13.153,,
146.929082,2026-03-10 17:45:07.292,ARDUINO_PSI,Arduino,0.000,0.000,13.146,,
147.029896,2026-03-10 17:45:07.393,ARDUINO_PSI,Arduino,0.000,0.000,13.139,,
147.129202,2026-03-10 17:45:07.492,ARDUINO_PSI,Arduino,0.000,0.000,13.142,,
147.228980,2026-03-10 17:45:07.592,ARDUINO_PSI,Arduino,0.000,0.000,13.130,,
147.329002,2026-03-10 17:45:07.692,ARDUINO_PSI,Arduino,0.000,0.000,13.123,,
147.427123,2026-03-10 17:45:07.790,ARDUINO_PSI,Arduino,0.000,0.000,13.135,,
147.527725,2026-03-10 17:45:07.891,ARDUINO_PSI,Arduino,0.000,0.000,13.142,,
147.627606,2026-03-10 17:45:07.991,ARDUINO_PSI,Arduino,0.000,0.000,13.133,,
147.729352,2026-03-10 17:45:08.092,ARDUINO_PSI,Arduino,0.000,0.000,13.135,,
147.827502,2026-03-10 17:45:08.190,ARDUINO_PSI,Arduino,0.000,0.000,13.114,,
147.928900,2026-03-10 17:45:08.292,ARDUINO_PSI,Arduino,0.000,0.000,13.096,,
148.028834,2026-03-10 17:45:08.392,ARDUINO_PSI,Arduino,0.000,0.000,13.107,,
148.128656,2026-03-10 17:45:08.492,ARDUINO_PSI,Arduino,0.000,0.000,13.096,,
148.229292,2026-03-10 17:45:08.592,ARDUINO_PSI,Arduino,0.000,0.000,13.087,,
148.327945,2026-03-10 17:45:08.691,ARDUINO_PSI,Arduino,0.000,0.000,13.091,,
148.428990,2026-03-10 17:45:08.792,ARDUINO_PSI,Arduino,0.000,0.000,13.094,,
148.527691,2026-03-10 17:45:08.891,ARDUINO_PSI,Arduino,0.000,0.000,13.089,,
148.628820,2026-03-10 17:45:08.992,ARDUINO_PSI,Arduino,0.000,0.000,13.075,,
148.729235,2026-03-10 17:45:09.092,ARDUINO_PSI,Arduino,0.000,0.000,13.059,,
148.828852,2026-03-10 17:45:09.192,ARDUINO_PSI,Arduino,0.000,0.000,13.059,,
148.929155,2026-03-10 17:45:09.292,ARDUINO_PSI,Arduino,0.000,0.000,13.064,,
149.028006,2026-03-10 17:45:09.391,ARDUINO_PSI,Arduino,0.000,0.000,13.066,,
149.128795,2026-03-10 17:45:09.492,ARDUINO_PSI,Arduino,0.000,0.000,13.073,,
149.228972,2026-03-10 17:45:09.592,ARDUINO_PSI,Arduino,0.000,0.000,13.085,,
149.329156,2026-03-10 17:45:09.692,ARDUINO_PSI,Arduino,0.000,0.000,13.078,,
149.429119,2026-03-10 17:45:09.792,ARDUINO_PSI,Arduino,0.000,0.000,13.082,,
149.529295,2026-03-10 17:45:09.892,ARDUINO_PSI,Arduino,0.000,0.000,13.073,,
149.629345,2026-03-10 17:45:09.992,ARDUINO_PSI,Arduino,0.000,0.000,13.078,,
149.729225,2026-03-10 17:45:10.092,ARDUINO_PSI,Arduino,0.000,0.000,13.071,,
149.828610,2026-03-10 17:45:10.192,ARDUINO_PSI,Arduino,0.000,0.000,13.085,,
149.926945,2026-03-10 17:45:10.290,ARDUINO_PSI,Arduino,0.000,0.000,13.098,,
150.028210,2026-03-10 17:45:10.391,ARDUINO_PSI,Arduino,0.000,0.000,13.087,,
150.128928,2026-03-10 17:45:10.492,ARDUINO_PSI,Arduino,0.000,0.000,13.101,,
150.228847,2026-03-10 17:45:10.592,ARDUINO_PSI,Arduino,0.000,0.000,13.112,,
150.328809,2026-03-10 17:45:10.692,ARDUINO_PSI,Arduino,0.000,0.000,13.105,,
150.428891,2026-03-10 17:45:10.792,ARDUINO_PSI,Arduino,0.000,0.000,13.112,,
150.529011,2026-03-10 17:45:10.892,ARDUINO_PSI,Arduino,0.000,0.000,13.123,,
150.628452,2026-03-10 17:45:10.991,ARDUINO_PSI,Arduino,0.000,0.000,13.130,,
150.728268,2026-03-10 17:45:11.091,ARDUINO_PSI,Arduino,0.000,0.000,13.142,,
150.827641,2026-03-10 17:45:11.191,ARDUINO_PSI,Arduino,0.000,0.000,13.139,,
150.929100,2026-03-10 17:45:11.292,ARDUINO_PSI,Arduino,0.000,0.000,13.137,,
151.028634,2026-03-10 17:45:11.392,ARDUINO_PSI,Arduino,0.000,0.000,13.130,,
151.128330,2026-03-10 17:45:11.491,ARDUINO_PSI,Arduino,0.000,0.000,13.128,,
151.229158,2026-03-10 17:45:11.592,ARDUINO_PSI,Arduino,0.000,0.000,13.126,,
151.328806,2026-03-10 17:45:11.692,ARDUINO_PSI,Arduino,0.000,0.000,13.121,,
151.428407,2026-03-10 17:45:11.791,ARDUINO_PSI,Arduino,0.000,0.000,13.110,,
151.529047,2026-03-10 17:45:11.892,ARDUINO_PSI,Arduino,0.000,0.000,13.107,,
151.628753,2026-03-10 17:45:11.992,ARDUINO_PSI,Arduino,0.000,0.000,13.107,,
151.727520,2026-03-10 17:45:12.090,ARDUINO_PSI,Arduino,0.000,0.000,13.110,,
151.827763,2026-03-10 17:45:12.191,ARDUINO_PSI,Arduino,0.000,0.000,13.110,,
151.928658,2026-03-10 17:45:12.292,ARDUINO_PSI,Arduino,0.000,0.000,13.098,,
152.028881,2026-03-10 17:45:12.392,ARDUINO_PSI,Arduino,0.000,0.000,13.096,,
152.128469,2026-03-10 17:45:12.491,ARDUINO_PSI,Arduino,0.000,0.000,13.089,,
152.229054,2026-03-10 17:45:12.592,ARDUINO_PSI,Arduino,0.000,0.000,13.082,,
152.327910,2026-03-10 17:45:12.691,ARDUINO_PSI,Arduino,0.000,0.000,13.080,,
152.429280,2026-03-10 17:45:12.792,ARDUINO_PSI,Arduino,0.000,0.000,13.069,,
152.528563,2026-03-10 17:45:12.892,ARDUINO_PSI,Arduino,0.000,0.000,13.062,,
152.628615,2026-03-10 17:45:12.992,ARDUINO_PSI,Arduino,0.000,0.000,13.064,,
152.728446,2026-03-10 17:45:13.091,ARDUINO_PSI,Arduino,0.000,0.000,13.064,,
152.828420,2026-03-10 17:45:13.191,ARDUINO_PSI,Arduino,0.000,0.000,13.066,,
152.928919,2026-03-10 17:45:13.292,ARDUINO_PSI,Arduino,0.000,0.000,13.066,,
153.029330,2026-03-10 17:45:13.392,ARDUINO_PSI,Arduino,0.000,0.000,13.062,,
153.129177,2026-03-10 17:45:13.492,ARDUINO_PSI,Arduino,0.000,0.000,13.050,,
153.227207,2026-03-10 17:45:13.590,ARDUINO_PSI,Arduino,0.000,0.000,13.053,,
153.327778,2026-03-10 17:45:13.691,ARDUINO_PSI,Arduino,0.000,0.000,13.057,,
153.428911,2026-03-10 17:45:13.792,ARDUINO_PSI,Arduino,0.000,0.000,13.059,,
153.529098,2026-03-10 17:45:13.892,ARDUINO_PSI,Arduino,0.000,0.000,13.073,,
153.628427,2026-03-10 17:45:13.991,ARDUINO_PSI,Arduino,0.000,0.000,13.059,,
153.728649,2026-03-10 17:45:14.092,ARDUINO_PSI,Arduino,0.000,0.000,13.057,,
153.828710,2026-03-10 17:45:14.192,ARDUINO_PSI,Arduino,0.000,0.000,13.059,,
153.928423,2026-03-10 17:45:14.291,ARDUINO_PSI,Arduino,0.000,0.000,13.059,,
154.028900,2026-03-10 17:45:14.392,ARDUINO_PSI,Arduino,0.000,0.000,13.078,,
154.128925,2026-03-10 17:45:14.492,ARDUINO_PSI,Arduino,0.000,0.000,13.082,,
154.228615,2026-03-10 17:45:14.592,ARDUINO_PSI,Arduino,0.000,0.000,13.085,,
154.329016,2026-03-10 17:45:14.692,ARDUINO_PSI,Arduino,0.000,0.000,13.087,,
154.427601,2026-03-10 17:45:14.791,ARDUINO_PSI,Arduino,0.000,0.000,13.094,,
154.528945,2026-03-10 17:45:14.892,ARDUINO_PSI,Arduino,0.000,0.000,13.096,,
154.628648,2026-03-10 17:45:14.992,ARDUINO_PSI,Arduino,0.000,0.000,13.089,,
154.727538,2026-03-10 17:45:15.090,ARDUINO_PSI,Arduino,0.000,0.000,13.089,,
154.828773,2026-03-10 17:45:15.192,ARDUINO_PSI,Arduino,0.000,0.000,13.085,,
154.928693,2026-03-10 17:45:15.292,ARDUINO_PSI,Arduino,0.000,0.000,13.085,,
155.028738,2026-03-10 17:45:15.392,ARDUINO_PSI,Arduino,0.000,0.000,13.087,,
155.129069,2026-03-10 17:45:15.492,ARDUINO_PSI,Arduino,0.000,0.000,13.085,,
155.228599,2026-03-10 17:45:15.592,ARDUINO_PSI,Arduino,0.000,0.000,13.087,,
155.328376,2026-03-10 17:45:15.691,ARDUINO_PSI,Arduino,0.000,0.000,13.085,,
155.428163,2026-03-10 17:45:15.791,ARDUINO_PSI,Arduino,0.000,0.000,13.089,,
155.527741,2026-03-10 17:45:15.891,ARDUINO_PSI,Arduino,0.000,0.000,13.080,,
155.629434,2026-03-10 17:45:15.992,ARDUINO_PSI,Arduino,0.000,0.000,13.091,,
155.729059,2026-03-10 17:45:16.092,ARDUINO_PSI,Arduino,0.000,0.000,13.082,,
155.829505,2026-03-10 17:45:16.192,ARDUINO_PSI,Arduino,0.000,0.000,13.078,,
155.928776,2026-03-10 17:45:16.292,ARDUINO_PSI,Arduino,0.000,0.000,13.091,,
156.029536,2026-03-10 17:45:16.392,ARDUINO_PSI,Arduino,0.000,0.000,13.075,,
156.127692,2026-03-10 17:45:16.491,ARDUINO_PSI,Arduino,0.000,0.000,13.066,,
156.228357,2026-03-10 17:45:16.591,ARDUINO_PSI,Arduino,0.000,0.000,13.057,,
156.328646,2026-03-10 17:45:16.692,ARDUINO_PSI,Arduino,0.000,0.000,13.053,,
156.426994,2026-03-10 17:45:16.790,ARDUINO_PSI,Arduino,0.000,0.000,13.053,,
156.528738,2026-03-10 17:45:16.892,ARDUINO_PSI,Arduino,0.000,0.000,13.059,,
156.628613,2026-03-10 17:45:16.992,ARDUINO_PSI,Arduino,0.000,0.000,13.059,,
156.728322,2026-03-10 17:45:17.091,ARDUINO_PSI,Arduino,0.000,0.000,13.043,,
156.828597,2026-03-10 17:45:17.192,ARDUINO_PSI,Arduino,0.000,0.000,13.057,,
156.928888,2026-03-10 17:45:17.292,ARDUINO_PSI,Arduino,0.000,0.000,13.059,,
157.027897,2026-03-10 17:45:17.391,ARDUINO_PSI,Arduino,0.000,0.000,13.050,,
157.127031,2026-03-10 17:45:17.490,ARDUINO_PSI,Arduino,0.000,0.000,13.066,,
157.229843,2026-03-10 17:45:17.593,ARDUINO_PSI,Arduino,0.000,0.000,13.059,,
157.327912,2026-03-10 17:45:17.691,ARDUINO_PSI,Arduino,0.000,0.000,13.062,,
157.429331,2026-03-10 17:45:17.792,ARDUINO_PSI,Arduino,0.000,0.000,13.062,,
157.526932,2026-03-10 17:45:17.890,ARDUINO_PSI,Arduino,0.000,0.000,13.071,,
157.628046,2026-03-10 17:45:17.991,ARDUINO_PSI,Arduino,0.000,0.000,13.064,,
157.728824,2026-03-10 17:45:18.092,ARDUINO_PSI,Arduino,0.000,0.000,13.073,,
157.828744,2026-03-10 17:45:18.192,ARDUINO_PSI,Arduino,0.000,0.000,13.075,,
157.929443,2026-03-10 17:45:18.292,ARDUINO_PSI,Arduino,0.000,0.000,13.062,,
158.028533,2026-03-10 17:45:18.391,ARDUINO_PSI,Arduino,0.000,0.000,13.073,,
158.129600,2026-03-10 17:45:18.493,ARDUINO_PSI,Arduino,0.000,0.000,13.085,,
158.228078,2026-03-10 17:45:18.591,ARDUINO_PSI,Arduino,0.000,0.000,13.085,,
158.329421,2026-03-10 17:45:18.692,ARDUINO_PSI,Arduino,0.000,0.000,13.096,,
158.428454,2026-03-10 17:45:18.791,ARDUINO_PSI,Arduino,0.000,0.000,13.087,,
158.528925,2026-03-10 17:45:18.892,ARDUINO_PSI,Arduino,0.000,0.000,13.078,,
158.629207,2026-03-10 17:45:18.992,ARDUINO_PSI,Arduino,0.000,0.000,13.080,,
158.728720,2026-03-10 17:45:19.092,ARDUINO_PSI,Arduino,0.000,0.000,13.089,,
158.829420,2026-03-10 17:45:19.192,ARDUINO_PSI,Arduino,0.000,0.000,13.075,,
158.929141,2026-03-10 17:45:19.292,ARDUINO_PSI,Arduino,0.000,0.000,13.071,,
159.028645,2026-03-10 17:45:19.392,ARDUINO_PSI,Arduino,0.000,0.000,13.075,,
159.127739,2026-03-10 17:45:19.491,ARDUINO_PSI,Arduino,0.000,0.000,13.066,,
159.227483,2026-03-10 17:45:19.590,ARDUINO_PSI,Arduino,0.000,0.000,13.064,,
159.328366,2026-03-10 17:45:19.691,ARDUINO_PSI,Arduino,0.000,0.000,13.073,,
159.427601,2026-03-10 17:45:19.791,ARDUINO_PSI,Arduino,0.000,0.000,13.066,,
159.527561,2026-03-10 17:45:19.891,ARDUINO_PSI,Arduino,0.000,0.000,13.062,,
159.627160,2026-03-10 17:45:19.990,ARDUINO_PSI,Arduino,0.000,0.000,13.069,,
159.727535,2026-03-10 17:45:20.090,ARDUINO_PSI,Arduino,0.000,0.000,13.064,,
159.827837,2026-03-10 17:45:20.191,ARDUINO_PSI,Arduino,0.000,0.000,13.059,,
159.927406,2026-03-10 17:45:20.290,ARDUINO_PSI,Arduino,0.000,0.000,13.062,,
160.027631,2026-03-10 17:45:20.391,ARDUINO_PSI,Arduino,0.000,0.000,13.057,,
160.127618,2026-03-10 17:45:20.491,ARDUINO_PSI,Arduino,0.000,0.000,13.048,,
160.227595,2026-03-10 17:45:20.591,ARDUINO_PSI,Arduino,0.000,0.000,13.050,,
160.327511,2026-03-10 17:45:20.690,ARDUINO_PSI,Arduino,0.000,0.000,13.034,,
160.427523,2026-03-10 17:45:20.790,ARDUINO_PSI,Arduino,0.000,0.000,13.034,,
160.527587,2026-03-10 17:45:20.891,ARDUINO_PSI,Arduino,0.000,0.000,13.037,,
160.627492,2026-03-10 17:45:20.990,ARDUINO_PSI,Arduino,0.000,0.000,13.041,,
160.728351,2026-03-10 17:45:21.091,ARDUINO_PSI,Arduino,0.000,0.000,13.034,,
160.827660,2026-03-10 17:45:21.191,ARDUINO_PSI,Arduino,0.000,0.000,13.043,,
160.927490,2026-03-10 17:45:21.290,ARDUINO_PSI,Arduino,0.000,0.000,13.055,,
161.026986,2026-03-10 17:45:21.390,ARDUINO_PSI,Arduino,0.000,0.000,13.062,,
161.127315,2026-03-10 17:45:21.490,ARDUINO_PSI,Arduino,0.000,0.000,13.059,,
161.227260,2026-03-10 17:45:21.590,ARDUINO_PSI,Arduino,0.000,0.000,13.062,,
161.327477,2026-03-10 17:45:21.690,ARDUINO_PSI,Arduino,0.000,0.000,13.057,,
161.427479,2026-03-10 17:45:21.790,ARDUINO_PSI,Arduino,0.000,0.000,13.055,,
161.527473,2026-03-10 17:45:21.890,ARDUINO_PSI,Arduino,0.000,0.000,13.041,,
161.627442,2026-03-10 17:45:21.990,ARDUINO_PSI,Arduino,0.000,0.000,13.043,,
161.727730,2026-03-10 17:45:22.091,ARDUINO_PSI,Arduino,0.000,0.000,13.048,,
161.827500,2026-03-10 17:45:22.190,ARDUINO_PSI,Arduino,0.000,0.000,13.048,,
161.928166,2026-03-10 17:45:22.291,ARDUINO_PSI,Arduino,0.000,0.000,13.050,,
162.027953,2026-03-10 17:45:22.391,ARDUINO_PSI,Arduino,0.000,0.000,13.043,,
162.127572,2026-03-10 17:45:22.491,ARDUINO_PSI,Arduino,0.000,0.000,13.050,,
162.227612,2026-03-10 17:45:22.591,ARDUINO_PSI,Arduino,0.000,0.000,13.041,,
162.327616,2026-03-10 17:45:22.691,ARDUINO_PSI,Arduino,0.000,0.000,13.046,,
162.427466,2026-03-10 17:45:22.790,ARDUINO_PSI,Arduino,0.000,0.000,13.046,,
162.527465,2026-03-10 17:45:22.890,ARDUINO_PSI,Arduino,0.000,0.000,13.043,,
162.627677,2026-03-10 17:45:22.991,ARDUINO_PSI,Arduino,0.000,0.000,13.046,,
162.727584,2026-03-10 17:45:23.091,ARDUINO_PSI,Arduino,0.000,0.000,13.048,,
162.827573,2026-03-10 17:45:23.191,ARDUINO_PSI,Arduino,0.000,0.000,13.055,,
162.927411,2026-03-10 17:45:23.290,ARDUINO_PSI,Arduino,0.000,0.000,13.043,,
163.027584,2026-03-10 17:45:23.391,ARDUINO_PSI,Arduino,0.000,0.000,13.039,,
163.127593,2026-03-10 17:45:23.491,ARDUINO_PSI,Arduino,0.000,0.000,13.053,,
163.227113,2026-03-10 17:45:23.590,ARDUINO_PSI,Arduino,0.000,0.000,13.048,,
163.327119,2026-03-10 17:45:23.690,ARDUINO_PSI,Arduino,0.000,0.000,13.043,,
163.427038,2026-03-10 17:45:23.790,ARDUINO_PSI,Arduino,0.000,0.000,13.055,,
163.527033,2026-03-10 17:45:23.890,ARDUINO_PSI,Arduino,0.000,0.000,13.064,,
163.627535,2026-03-10 17:45:23.990,ARDUINO_PSI,Arduino,0.000,0.000,13.066,,
163.727642,2026-03-10 17:45:24.091,ARDUINO_PSI,Arduino,0.000,0.000,13.071,,
163.827448,2026-03-10 17:45:24.190,ARDUINO_PSI,Arduino,0.000,0.000,13.080,,
163.927033,2026-03-10 17:45:24.290,ARDUINO_PSI,Arduino,0.000,0.000,13.069,,
164.027561,2026-03-10 17:45:24.391,ARDUINO_PSI,Arduino,0.000,0.000,13.082,,
164.127465,2026-03-10 17:45:24.490,ARDUINO_PSI,Arduino,0.000,0.000,13.078,,
164.228323,2026-03-10 17:45:24.591,ARDUINO_PSI,Arduino,0.000,0.000,13.087,,
164.327068,2026-03-10 17:45:24.690,ARDUINO_PSI,Arduino,0.000,0.000,13.094,,
164.427603,2026-03-10 17:45:24.791,ARDUINO_PSI,Arduino,0.000,0.000,13.103,,
164.527686,2026-03-10 17:45:24.891,ARDUINO_PSI,Arduino,0.000,0.000,13.107,,
164.627521,2026-03-10 17:45:24.990,ARDUINO_PSI,Arduino,0.000,0.000,13.107,,
164.727526,2026-03-10 17:45:25.090,ARDUINO_PSI,Arduino,0.000,0.000,13.121,,
164.827518,2026-03-10 17:45:25.190,ARDUINO_PSI,Arduino,0.000,0.000,13.114,,
164.927469,2026-03-10 17:45:25.290,ARDUINO_PSI,Arduino,0.000,0.000,13.119,,
165.027685,2026-03-10 17:45:25.391,ARDUINO_PSI,Arduino,0.000,0.000,13.114,,
165.127363,2026-03-10 17:45:25.490,ARDUINO_PSI,Arduino,0.000,0.000,13.107,,
165.227665,2026-03-10 17:45:25.591,ARDUINO_PSI,Arduino,0.000,0.000,13.110,,
165.327240,2026-03-10 17:45:25.690,ARDUINO_PSI,Arduino,0.000,0.000,13.101,,
165.427564,2026-03-10 17:45:25.791,ARDUINO_PSI,Arduino,0.000,0.000,13.098,,
165.528539,2026-03-10 17:45:25.891,ARDUINO_PSI,Arduino,0.000,0.000,13.101,,
165.627402,2026-03-10 17:45:25.990,ARDUINO_PSI,Arduino,0.000,0.000,13.101,,
165.727573,2026-03-10 17:45:26.091,ARDUINO_PSI,Arduino,0.000,0.000,13.094,,
165.827554,2026-03-10 17:45:26.191,ARDUINO_PSI,Arduino,0.000,0.000,13.089,,
165.927664,2026-03-10 17:45:26.291,ARDUINO_PSI,Arduino,0.000,0.000,13.098,,
166.027999,2026-03-10 17:45:26.391,ARDUINO_PSI,Arduino,0.000,0.000,13.087,,
166.127428,2026-03-10 17:45:26.490,ARDUINO_PSI,Arduino,0.000,0.000,13.082,,
166.227505,2026-03-10 17:45:26.590,ARDUINO_PSI,Arduino,0.000,0.000,13.069,,
166.328345,2026-03-10 17:45:26.691,ARDUINO_PSI,Arduino,0.000,0.000,13.055,,
166.427069,2026-03-10 17:45:26.790,ARDUINO_PSI,Arduino,0.000,0.000,13.050,,
166.527019,2026-03-10 17:45:26.890,ARDUINO_PSI,Arduino,0.000,0.000,13.039,,
166.627442,2026-03-10 17:45:26.990,ARDUINO_PSI,Arduino,0.000,0.000,13.027,,
166.727213,2026-03-10 17:45:27.090,ARDUINO_PSI,Arduino,0.000,0.000,13.027,,
166.827179,2026-03-10 17:45:27.190,ARDUINO_PSI,Arduino,0.000,0.000,13.014,,
166.927120,2026-03-10 17:45:27.290,ARDUINO_PSI,Arduino,0.000,0.000,13.016,,
167.027417,2026-03-10 17:45:27.390,ARDUINO_PSI,Arduino,0.000,0.000,13.021,,
167.128056,2026-03-10 17:45:27.491,ARDUINO_PSI,Arduino,0.000,0.000,13.016,,
167.228861,2026-03-10 17:45:27.592,ARDUINO_PSI,Arduino,0.000,0.000,13.011,,
167.326915,2026-03-10 17:45:27.690,ARDUINO_PSI,Arduino,0.000,0.000,13.021,,
167.429224,2026-03-10 17:45:27.792,ARDUINO_PSI,Arduino,0.000,0.000,13.018,,
167.528391,2026-03-10 17:45:27.891,ARDUINO_PSI,Arduino,0.000,0.000,13.016,,
167.626863,2026-03-10 17:45:27.990,ARDUINO_PSI,Arduino,0.000,0.000,13.011,,
167.726976,2026-03-10 17:45:28.090,ARDUINO_PSI,Arduino,0.000,0.000,13.011,,
167.828416,2026-03-10 17:45:28.191,ARDUINO_PSI,Arduino,0.000,0.000,13.007,,
167.927859,2026-03-10 17:45:28.291,ARDUINO_PSI,Arduino,0.000,0.000,13.005,,
168.028730,2026-03-10 17:45:28.392,ARDUINO_PSI,Arduino,0.000,0.000,13.007,,
168.128077,2026-03-10 17:45:28.491,ARDUINO_PSI,Arduino,0.000,0.000,13.016,,
168.228579,2026-03-10 17:45:28.592,ARDUINO_PSI,Arduino,0.000,0.000,13.030,,
168.327182,2026-03-10 17:45:28.690,ARDUINO_PSI,Arduino,0.000,0.000,13.032,,
168.427683,2026-03-10 17:45:28.791,ARDUINO_PSI,Arduino,0.000,0.000,13.030,,
168.527703,2026-03-10 17:45:28.891,ARDUINO_PSI,Arduino,0.000,0.000,13.032,,
168.627689,2026-03-10 17:45:28.991,ARDUINO_PSI,Arduino,0.000,0.000,13.039,,
168.727942,2026-03-10 17:45:29.091,ARDUINO_PSI,Arduino,0.000,0.000,13.027,,
168.827471,2026-03-10 17:45:29.190,ARDUINO_PSI,Arduino,0.000,0.000,13.037,,
168.927430,2026-03-10 17:45:29.290,ARDUINO_PSI,Arduino,0.000,0.000,13.041,,
169.027615,2026-03-10 17:45:29.391,ARDUINO_PSI,Arduino,0.000,0.000,13.048,,
169.127388,2026-03-10 17:45:29.490,ARDUINO_PSI,Arduino,0.000,0.000,13.053,,
169.227096,2026-03-10 17:45:29.590,ARDUINO_PSI,Arduino,0.000,0.000,13.057,,
169.328326,2026-03-10 17:45:29.691,ARDUINO_PSI,Arduino,0.000,0.000,13.062,,
169.429016,2026-03-10 17:45:29.792,ARDUINO_PSI,Arduino,0.000,0.000,13.075,,
169.527596,2026-03-10 17:45:29.891,ARDUINO_PSI,Arduino,0.000,0.000,13.073,,
169.627723,2026-03-10 17:45:29.991,ARDUINO_PSI,Arduino,0.000,0.000,13.073,,
169.727415,2026-03-10 17:45:30.090,ARDUINO_PSI,Arduino,0.000,0.000,13.078,,
169.827540,2026-03-10 17:45:30.190,ARDUINO_PSI,Arduino,0.000,0.000,13.075,,
169.927571,2026-03-10 17:45:30.291,ARDUINO_PSI,Arduino,0.000,0.000,13.087,,
170.027631,2026-03-10 17:45:30.391,ARDUINO_PSI,Arduino,0.000,0.000,13.078,,
170.127565,2026-03-10 17:45:30.491,ARDUINO_PSI,Arduino,0.000,0.000,13.080,,
170.227602,2026-03-10 17:45:30.591,ARDUINO_PSI,Arduino,0.000,0.000,13.073,,
170.327750,2026-03-10 17:45:30.691,ARDUINO_PSI,Arduino,0.000,0.000,13.073,,
170.427503,2026-03-10 17:45:30.790,ARDUINO_PSI,Arduino,0.000,0.000,13.069,,
170.528539,2026-03-10 17:45:30.891,ARDUINO_PSI,Arduino,0.000,0.000,13.075,,
170.627472,2026-03-10 17:45:30.990,ARDUINO_PSI,Arduino,0.000,0.000,13.082,,
170.727724,2026-03-10 17:45:31.091,ARDUINO_PSI,Arduino,0.000,0.000,13.080,,
170.827399,2026-03-10 17:45:31.190,ARDUINO_PSI,Arduino,0.000,0.000,13.080,,
170.927566,2026-03-10 17:45:31.291,ARDUINO_PSI,Arduino,0.000,0.000,13.069,,
171.027558,2026-03-10 17:45:31.391,ARDUINO_PSI,Arduino,0.000,0.000,13.069,,
171.127555,2026-03-10 17:45:31.491,ARDUINO_PSI,Arduino,0.000,0.000,13.066,,
171.227794,2026-03-10 17:45:31.591,ARDUINO_PSI,Arduino,0.000,0.000,13.057,,
171.327047,2026-03-10 17:45:31.690,ARDUINO_PSI,Arduino,0.000,0.000,13.053,,
171.427620,2026-03-10 17:45:31.791,ARDUINO_PSI,Arduino,0.000,0.000,13.043,,
171.527390,2026-03-10 17:45:31.890,ARDUINO_PSI,Arduino,0.000,0.000,13.039,,
171.626975,2026-03-10 17:45:31.990,ARDUINO_PSI,Arduino,0.000,0.000,13.037,,
171.727189,2026-03-10 17:45:32.090,ARDUINO_PSI,Arduino,0.000,0.000,13.034,,
171.827946,2026-03-10 17:45:32.191,ARDUINO_PSI,Arduino,0.000,0.000,13.039,,
171.928270,2026-03-10 17:45:32.291,ARDUINO_PSI,Arduino,0.000,0.000,13.039,,
172.027245,2026-03-10 17:45:32.390,ARDUINO_PSI,Arduino,0.000,0.000,13.053,,
172.127625,2026-03-10 17:45:32.491,ARDUINO_PSI,Arduino,0.000,0.000,13.059,,
172.227110,2026-03-10 17:45:32.590,ARDUINO_PSI,Arduino,0.000,0.000,13.062,,
172.328358,2026-03-10 17:45:32.691,ARDUINO_PSI,Arduino,0.000,0.000,13.071,,
172.427382,2026-03-10 17:45:32.790,ARDUINO_PSI,Arduino,0.000,0.000,13.080,,
172.527543,2026-03-10 17:45:32.890,ARDUINO_PSI,Arduino,0.000,0.000,13.080,,
172.627519,2026-03-10 17:45:32.990,ARDUINO_PSI,Arduino,0.000,0.000,13.071,,
172.727477,2026-03-10 17:45:33.090,ARDUINO_PSI,Arduino,0.000,0.000,13.062,,
172.827776,2026-03-10 17:45:33.191,ARDUINO_PSI,Arduino,0.000,0.000,13.062,,
172.927534,2026-03-10 17:45:33.290,ARDUINO_PSI,Arduino,0.000,0.000,13.062,,
173.027565,2026-03-10 17:45:33.391,ARDUINO_PSI,Arduino,0.000,0.000,13.053,,
173.127634,2026-03-10 17:45:33.491,ARDUINO_PSI,Arduino,0.000,0.000,13.050,,
173.227836,2026-03-10 17:45:33.591,ARDUINO_PSI,Arduino,0.000,0.000,13.050,,
173.327736,2026-03-10 17:45:33.691,ARDUINO_PSI,Arduino,0.000,0.000,13.055,,
173.427674,2026-03-10 17:45:33.791,ARDUINO_PSI,Arduino,0.000,0.000,13.053,,
173.527997,2026-03-10 17:45:33.891,ARDUINO_PSI,Arduino,0.000,0.000,13.053,,
173.627476,2026-03-10 17:45:33.990,ARDUINO_PSI,Arduino,0.000,0.000,13.048,,
173.727774,2026-03-10 17:45:34.091,ARDUINO_PSI,Arduino,0.000,0.000,13.041,,
173.828346,2026-03-10 17:45:34.191,ARDUINO_PSI,Arduino,0.000,0.000,13.037,,
173.927596,2026-03-10 17:45:34.291,ARDUINO_PSI,Arduino,0.000,0.000,13.027,,
174.027076,2026-03-10 17:45:34.390,ARDUINO_PSI,Arduino,0.000,0.000,13.034,,
174.127581,2026-03-10 17:45:34.491,ARDUINO_PSI,Arduino,0.000,0.000,13.032,,
174.227423,2026-03-10 17:45:34.590,ARDUINO_PSI,Arduino,0.000,0.000,13.034,,
174.327220,2026-03-10 17:45:34.690,ARDUINO_PSI,Arduino,0.000,0.000,13.027,,
174.427527,2026-03-10 17:45:34.790,ARDUINO_PSI,Arduino,0.000,0.000,13.023,,
174.527678,2026-03-10 17:45:34.891,ARDUINO_PSI,Arduino,0.000,0.000,13.018,,
174.627393,2026-03-10 17:45:34.990,ARDUINO_PSI,Arduino,0.000,0.000,13.014,,
174.728685,2026-03-10 17:45:35.092,ARDUINO_PSI,Arduino,0.000,0.000,13.023,,
174.827431,2026-03-10 17:45:35.190,ARDUINO_PSI,Arduino,0.000,0.000,13.021,,
174.927064,2026-03-10 17:45:35.290,ARDUINO_PSI,Arduino,0.000,0.000,13.025,,
175.027473,2026-03-10 17:45:35.390,ARDUINO_PSI,Arduino,0.000,0.000,13.025,,
175.127570,2026-03-10 17:45:35.491,ARDUINO_PSI,Arduino,0.000,0.000,13.023,,
175.229114,2026-03-10 17:45:35.592,ARDUINO_PSI,Arduino,0.000,0.000,13.023,,
175.327670,2026-03-10 17:45:35.691,ARDUINO_PSI,Arduino,0.000,0.000,13.021,,
175.427580,2026-03-10 17:45:35.791,ARDUINO_PSI,Arduino,0.000,0.000,13.021,,
175.527658,2026-03-10 17:45:35.891,ARDUINO_PSI,Arduino,0.000,0.000,13.034,,
175.627560,2026-03-10 17:45:35.991,ARDUINO_PSI,Arduino,0.000,0.000,13.046,,
175.727746,2026-03-10 17:45:36.091,ARDUINO_PSI,Arduino,0.000,0.000,13.053,,
175.827603,2026-03-10 17:45:36.191,ARDUINO_PSI,Arduino,0.000,0.000,13.053,,
175.928539,2026-03-10 17:45:36.291,ARDUINO_PSI,Arduino,0.000,0.000,13.057,,
176.027758,2026-03-10 17:45:36.391,ARDUINO_PSI,Arduino,0.000,0.000,13.055,,
176.128317,2026-03-10 17:45:36.491,ARDUINO_PSI,Arduino,0.000,0.000,13.046,,
176.227789,2026-03-10 17:45:36.591,ARDUINO_PSI,Arduino,0.000,0.000,13.041,,
176.327639,2026-03-10 17:45:36.691,ARDUINO_PSI,Arduino,0.000,0.000,13.048,,
176.427640,2026-03-10 17:45:36.791,ARDUINO_PSI,Arduino,0.000,0.000,13.048,,
176.527533,2026-03-10 17:45:36.890,ARDUINO_PSI,Arduino,0.000,0.000,13.053,,
176.627715,2026-03-10 17:45:36.991,ARDUINO_PSI,Arduino,0.000,0.000,13.057,,
176.727671,2026-03-10 17:45:37.091,ARDUINO_PSI,Arduino,0.000,0.000,13.055,,
176.827625,2026-03-10 17:45:37.191,ARDUINO_PSI,Arduino,0.000,0.000,13.057,,
176.928585,2026-03-10 17:45:37.292,ARDUINO_PSI,Arduino,0.000,0.000,13.059,,
177.027641,2026-03-10 17:45:37.391,ARDUINO_PSI,Arduino,0.000,0.000,13.069,,
177.127628,2026-03-10 17:45:37.491,ARDUINO_PSI,Arduino,0.000,0.000,13.087,,
177.227665,2026-03-10 17:45:37.591,ARDUINO_PSI,Arduino,0.000,0.000,13.089,,
177.327665,2026-03-10 17:45:37.691,ARDUINO_PSI,Arduino,0.000,0.000,13.089,,
177.429241,2026-03-10 17:45:37.792,ARDUINO_PSI,Arduino,0.000,0.000,13.087,,
177.527811,2026-03-10 17:45:37.891,ARDUINO_PSI,Arduino,0.000,0.000,13.085,,
177.629334,2026-03-10 17:45:37.992,ARDUINO_PSI,Arduino,0.000,0.000,13.073,,
177.727582,2026-03-10 17:45:38.091,ARDUINO_PSI,Arduino,0.000,0.000,13.073,,
177.827582,2026-03-10 17:45:38.191,ARDUINO_PSI,Arduino,0.000,0.000,13.071,,
177.927598,2026-03-10 17:45:38.291,ARDUINO_PSI,Arduino,0.000,0.000,13.069,,
178.027139,2026-03-10 17:45:38.390,ARDUINO_PSI,Arduino,0.000,0.000,13.059,,
178.127333,2026-03-10 17:45:38.490,ARDUINO_PSI,Arduino,0.000,0.000,13.062,,
178.228559,2026-03-10 17:45:38.592,ARDUINO_PSI,Arduino,0.000,0.000,13.057,,
178.327163,2026-03-10 17:45:38.690,ARDUINO_PSI,Arduino,0.000,0.000,13.053,,
178.427513,2026-03-10 17:45:38.790,ARDUINO_PSI,Arduino,0.000,0.000,13.053,,
178.527833,2026-03-10 17:45:38.891,ARDUINO_PSI,Arduino,0.000,0.000,13.050,,
178.626999,2026-03-10 17:45:38.990,ARDUINO_PSI,Arduino,0.000,0.000,13.059,,
178.727614,2026-03-10 17:45:39.091,ARDUINO_PSI,Arduino,0.000,0.000,13.062,,
178.827948,2026-03-10 17:45:39.191,ARDUINO_PSI,Arduino,0.000,0.000,13.064,,
178.927686,2026-03-10 17:45:39.291,ARDUINO_PSI,Arduino,0.000,0.000,13.055,,
179.027623,2026-03-10 17:45:39.391,ARDUINO_PSI,Arduino,0.000,0.000,13.053,,
179.127509,2026-03-10 17:45:39.490,ARDUINO_PSI,Arduino,0.000,0.000,13.039,,
179.228580,2026-03-10 17:45:39.592,ARDUINO_PSI,Arduino,0.000,0.000,13.048,,
179.327503,2026-03-10 17:45:39.690,ARDUINO_PSI,Arduino,0.000,0.000,13.046,,
179.427542,2026-03-10 17:45:39.790,ARDUINO_PSI,Arduino,0.000,0.000,13.043,,
179.527490,2026-03-10 17:45:39.890,ARDUINO_PSI,Arduino,0.000,0.000,13.041,,
179.627461,2026-03-10 17:45:39.990,ARDUINO_PSI,Arduino,0.000,0.000,13.048,,
179.727654,2026-03-10 17:45:40.091,ARDUINO_PSI,Arduino,0.000,0.000,13.059,,
179.827615,2026-03-10 17:45:40.191,ARDUINO_PSI,Arduino,0.000,0.000,13.069,,
179.927992,2026-03-10 17:45:40.291,ARDUINO_PSI,Arduino,0.000,0.000,13.069,,
180.027504,2026-03-10 17:45:40.390,ARDUINO_PSI,Arduino,0.000,0.000,13.069,,
180.127617,2026-03-10 17:45:40.491,ARDUINO_PSI,Arduino,0.000,0.000,13.085,,
180.228165,2026-03-10 17:45:40.591,ARDUINO_PSI,Arduino,0.000,0.000,13.091,,
180.327686,2026-03-10 17:45:40.691,ARDUINO_PSI,Arduino,0.000,0.000,13.089,,
180.427517,2026-03-10 17:45:40.790,ARDUINO_PSI,Arduino,0.000,0.000,13.091,,
180.527720,2026-03-10 17:45:40.891,ARDUINO_PSI,Arduino,0.000,0.000,13.089,,
180.628943,2026-03-10 17:45:40.992,ARDUINO_PSI,Arduino,0.000,0.000,13.085,,
180.727517,2026-03-10 17:45:41.090,ARDUINO_PSI,Arduino,0.000,0.000,13.096,,
180.827561,2026-03-10 17:45:41.191,ARDUINO_PSI,Arduino,0.000,0.000,13.103,,
180.927538,2026-03-10 17:45:41.291,ARDUINO_PSI,Arduino,0.000,0.000,13.110,,
181.027601,2026-03-10 17:45:41.391,ARDUINO_PSI,Arduino,0.000,0.000,13.103,,
181.127017,2026-03-10 17:45:41.490,ARDUINO_PSI,Arduino,0.000,0.000,13.110,,
181.227469,2026-03-10 17:45:41.590,ARDUINO_PSI,Arduino,0.000,0.000,13.110,,
181.327311,2026-03-10 17:45:41.690,ARDUINO_PSI,Arduino,0.000,0.000,13.119,,
181.427606,2026-03-10 17:45:41.791,ARDUINO_PSI,Arduino,0.000,0.000,13.121,,
181.528851,2026-03-10 17:45:41.892,ARDUINO_PSI,Arduino,0.000,0.000,13.117,,
181.627510,2026-03-10 17:45:41.990,ARDUINO_PSI,Arduino,0.000,0.000,13.121,,
181.727669,2026-03-10 17:45:42.091,ARDUINO_PSI,Arduino,0.000,0.000,13.105,,
181.827747,2026-03-10 17:45:42.191,ARDUINO_PSI,Arduino,0.000,0.000,13.101,,
181.927556,2026-03-10 17:45:42.291,ARDUINO_PSI,Arduino,0.000,0.000,13.105,,
182.027959,2026-03-10 17:45:42.391,ARDUINO_PSI,Arduino,0.000,0.000,13.098,,
182.126936,2026-03-10 17:45:42.490,ARDUINO_PSI,Arduino,0.000,0.000,13.082,,
182.227469,2026-03-10 17:45:42.590,ARDUINO_PSI,Arduino,0.000,0.000,13.087,,
182.327313,2026-03-10 17:45:42.690,ARDUINO_PSI,Arduino,0.000,0.000,13.087,,
182.427539,2026-03-10 17:45:42.790,ARDUINO_PSI,Arduino,0.000,0.000,13.085,,
182.527538,2026-03-10 17:45:42.890,ARDUINO_PSI,Arduino,0.000,0.000,13.091,,
182.627462,2026-03-10 17:45:42.990,ARDUINO_PSI,Arduino,0.000,0.000,13.078,,
182.728526,2026-03-10 17:45:43.091,ARDUINO_PSI,Arduino,0.000,0.000,13.064,,
182.827628,2026-03-10 17:45:43.191,ARDUINO_PSI,Arduino,0.000,0.000,13.053,,
182.928330,2026-03-10 17:45:43.291,ARDUINO_PSI,Arduino,0.000,0.000,13.043,,
183.027638,2026-03-10 17:45:43.391,ARDUINO_PSI,Arduino,0.000,0.000,13.043,,
183.127554,2026-03-10 17:45:43.491,ARDUINO_PSI,Arduino,0.000,0.000,13.043,,
183.227693,2026-03-10 17:45:43.591,ARDUINO_PSI,Arduino,0.000,0.000,13.037,,
183.327336,2026-03-10 17:45:43.690,ARDUINO_PSI,Arduino,0.000,0.000,13.025,,
183.427655,2026-03-10 17:45:43.791,ARDUINO_PSI,Arduino,0.000,0.000,13.027,,
183.527752,2026-03-10 17:45:43.891,ARDUINO_PSI,Arduino,0.000,0.000,13.021,,
183.627521,2026-03-10 17:45:43.990,ARDUINO_PSI,Arduino,0.000,0.000,13.005,,
183.727561,2026-03-10 17:45:44.091,ARDUINO_PSI,Arduino,0.000,0.000,13.009,,
183.827537,2026-03-10 17:45:44.190,ARDUINO_PSI,Arduino,0.000,0.000,13.005,,
183.927443,2026-03-10 17:45:44.290,ARDUINO_PSI,Arduino,0.000,0.000,13.005,,
184.027520,2026-03-10 17:45:44.390,ARDUINO_PSI,Arduino,0.000,0.000,13.009,,
184.127022,2026-03-10 17:45:44.490,ARDUINO_PSI,Arduino,0.000,0.000,13.016,,
184.227409,2026-03-10 17:45:44.590,ARDUINO_PSI,Arduino,0.000,0.000,13.011,,
184.327314,2026-03-10 17:45:44.690,ARDUINO_PSI,Arduino,0.000,0.000,13.007,,
184.427580,2026-03-10 17:45:44.791,ARDUINO_PSI,Arduino,0.000,0.000,13.016,,
184.527577,2026-03-10 17:45:44.891,ARDUINO_PSI,Arduino,0.000,0.000,13.018,,
184.627459,2026-03-10 17:45:44.990,ARDUINO_PSI,Arduino,0.000,0.000,13.037,,
184.727664,2026-03-10 17:45:45.091,ARDUINO_PSI,Arduino,0.000,0.000,13.039,,
184.827473,2026-03-10 17:45:45.190,ARDUINO_PSI,Arduino,0.000,0.000,13.043,,
184.928734,2026-03-10 17:45:45.292,ARDUINO_PSI,Arduino,0.000,0.000,13.057,,
185.027749,2026-03-10 17:45:45.391,ARDUINO_PSI,Arduino,0.000,0.000,13.059,,
185.127446,2026-03-10 17:45:45.490,ARDUINO_PSI,Arduino,0.000,0.000,13.059,,
185.227150,2026-03-10 17:45:45.590,ARDUINO_PSI,Arduino,0.000,0.000,13.069,,
185.327230,2026-03-10 17:45:45.690,ARDUINO_PSI,Arduino,0.000,0.000,13.062,,
185.427109,2026-03-10 17:45:45.790,ARDUINO_PSI,Arduino,0.000,0.000,13.066,,
185.527616,2026-03-10 17:45:45.891,ARDUINO_PSI,Arduino,0.000,0.000,13.080,,
185.627477,2026-03-10 17:45:45.990,ARDUINO_PSI,Arduino,0.000,0.000,13.087,,
185.727563,2026-03-10 17:45:46.091,ARDUINO_PSI,Arduino,0.000,0.000,13.082,,
185.827610,2026-03-10 17:45:46.191,ARDUINO_PSI,Arduino,0.000,0.000,13.089,,
185.927656,2026-03-10 17:45:46.291,ARDUINO_PSI,Arduino,0.000,0.000,13.082,,
186.027420,2026-03-10 17:45:46.390,ARDUINO_PSI,Arduino,0.000,0.000,13.082,,
186.127496,2026-03-10 17:45:46.490,ARDUINO_PSI,Arduino,0.000,0.000,13.080,,
186.227612,2026-03-10 17:45:46.591,ARDUINO_PSI,Arduino,0.000,0.000,13.085,,
186.328522,2026-03-10 17:45:46.691,ARDUINO_PSI,Arduino,0.000,0.000,13.087,,
186.427451,2026-03-10 17:45:46.790,ARDUINO_PSI,Arduino,0.000,0.000,13.091,,
186.527043,2026-03-10 17:45:46.890,ARDUINO_PSI,Arduino,0.000,0.000,13.087,,
186.627604,2026-03-10 17:45:46.991,ARDUINO_PSI,Arduino,0.000,0.000,13.082,,
186.727650,2026-03-10 17:45:47.091,ARDUINO_PSI,Arduino,0.000,0.000,13.087,,
186.827688,2026-03-10 17:45:47.191,ARDUINO_PSI,Arduino,0.000,0.000,13.082,,
186.927552,2026-03-10 17:45:47.291,ARDUINO_PSI,Arduino,0.000,0.000,13.078,,
187.027561,2026-03-10 17:45:47.391,ARDUINO_PSI,Arduino,0.000,0.000,13.080,,
187.127529,2026-03-10 17:45:47.490,ARDUINO_PSI,Arduino,0.000,0.000,13.078,,
187.227446,2026-03-10 17:45:47.590,ARDUINO_PSI,Arduino,0.000,0.000,13.075,,
187.327936,2026-03-10 17:45:47.691,ARDUINO_PSI,Arduino,0.000,0.000,13.094,,
187.427565,2026-03-10 17:45:47.791,ARDUINO_PSI,Arduino,0.000,0.000,13.089,,
187.529322,2026-03-10 17:45:47.892,ARDUINO_PSI,Arduino,0.000,0.000,13.101,,
187.627527,2026-03-10 17:45:47.990,ARDUINO_PSI,Arduino,0.000,0.000,13.103,,
187.727481,2026-03-10 17:45:48.090,ARDUINO_PSI,Arduino,0.000,0.000,13.105,,
187.827623,2026-03-10 17:45:48.191,ARDUINO_PSI,Arduino,0.000,0.000,13.110,,
187.927642,2026-03-10 17:45:48.291,ARDUINO_PSI,Arduino,0.000,0.000,13.107,,
188.028505,2026-03-10 17:45:48.391,ARDUINO_PSI,Arduino,0.000,0.000,13.117,,
188.127009,2026-03-10 17:45:48.490,ARDUINO_PSI,Arduino,0.000,0.000,13.121,,
188.227022,2026-03-10 17:45:48.590,ARDUINO_PSI,Arduino,0.000,0.000,13.123,,
188.327537,2026-03-10 17:45:48.690,ARDUINO_PSI,Arduino,0.000,0.000,13.121,,
188.427437,2026-03-10 17:45:48.790,ARDUINO_PSI,Arduino,0.000,0.000,13.107,,
188.527599,2026-03-10 17:45:48.891,ARDUINO_PSI,Arduino,0.000,0.000,13.107,,
188.627371,2026-03-10 17:45:48.990,ARDUINO_PSI,Arduino,0.000,0.000,13.101,,
188.728185,2026-03-10 17:45:49.091,ARDUINO_PSI,Arduino,0.000,0.000,13.094,,
188.827533,2026-03-10 17:45:49.190,ARDUINO_PSI,Arduino,0.000,0.000,13.091,,
188.927499,2026-03-10 17:45:49.290,ARDUINO_PSI,Arduino,0.000,0.000,13.087,,
189.027569,2026-03-10 17:45:49.391,ARDUINO_PSI,Arduino,0.000,0.000,13.073,,
189.129145,2026-03-10 17:45:49.492,ARDUINO_PSI,Arduino,0.000,0.000,13.066,,
189.229138,2026-03-10 17:45:49.592,ARDUINO_PSI,Arduino,0.000,0.000,13.059,,
189.328736,2026-03-10 17:45:49.692,ARDUINO_PSI,Arduino,0.000,0.000,13.046,,
189.429409,2026-03-10 17:45:49.792,ARDUINO_PSI,Arduino,0.000,0.000,13.048,,
189.527713,2026-03-10 17:45:49.891,ARDUINO_PSI,Arduino,0.000,0.000,13.037,,
189.626981,2026-03-10 17:45:49.990,ARDUINO_PSI,Arduino,0.000,0.000,13.032,,
189.729369,2026-03-10 17:45:50.092,ARDUINO_PSI,Arduino,0.000,0.000,13.034,,
189.826983,2026-03-10 17:45:50.190,ARDUINO_PSI,Arduino,0.000,0.000,13.034,,
189.928955,2026-03-10 17:45:50.292,ARDUINO_PSI,Arduino,0.000,0.000,13.032,,
190.028641,2026-03-10 17:45:50.392,ARDUINO_PSI,Arduino,0.000,0.000,13.023,,
190.128969,2026-03-10 17:45:50.492,ARDUINO_PSI,Arduino,0.000,0.000,13.016,,
190.229141,2026-03-10 17:45:50.592,ARDUINO_PSI,Arduino,0.000,0.000,13.014,,
190.329015,2026-03-10 17:45:50.692,ARDUINO_PSI,Arduino,0.000,0.000,13.016,,
190.429148,2026-03-10 17:45:50.792,ARDUINO_PSI,Arduino,0.000,0.000,13.014,,
190.529110,2026-03-10 17:45:50.892,ARDUINO_PSI,Arduino,0.000,0.000,13.011,,
190.627057,2026-03-10 17:45:50.990,ARDUINO_PSI,Arduino,0.000,0.000,13.027,,
190.729059,2026-03-10 17:45:51.092,ARDUINO_PSI,Arduino,0.000,0.000,13.027,,
190.829047,2026-03-10 17:45:51.192,ARDUINO_PSI,Arduino,0.000,0.000,13.041,,
190.929234,2026-03-10 17:45:51.292,ARDUINO_PSI,Arduino,0.000,0.000,13.041,,
191.029171,2026-03-10 17:45:51.392,ARDUINO_PSI,Arduino,0.000,0.000,13.053,,
191.129035,2026-03-10 17:45:51.492,ARDUINO_PSI,Arduino,0.000,0.000,13.053,,
191.227730,2026-03-10 17:45:51.591,ARDUINO_PSI,Arduino,0.000,0.000,13.053,,
191.326974,2026-03-10 17:45:51.690,ARDUINO_PSI,Arduino,0.000,0.000,13.066,,
191.427588,2026-03-10 17:45:51.791,ARDUINO_PSI,Arduino,0.000,0.000,13.073,,
191.527568,2026-03-10 17:45:51.891,ARDUINO_PSI,Arduino,0.000,0.000,13.075,,
191.629214,2026-03-10 17:45:51.992,ARDUINO_PSI,Arduino,0.000,0.000,13.071,,
191.728166,2026-03-10 17:45:52.091,ARDUINO_PSI,Arduino,0.000,0.000,13.069,,
191.827908,2026-03-10 17:45:52.191,ARDUINO_PSI,Arduino,0.000,0.000,13.059,,
191.928848,2026-03-10 17:45:52.292,ARDUINO_PSI,Arduino,0.000,0.000,13.062,,
192.027945,2026-03-10 17:45:52.391,ARDUINO_PSI,Arduino,0.000,0.000,13.071,,
192.127038,2026-03-10 17:45:52.490,ARDUINO_PSI,Arduino,0.000,0.000,13.078,,
192.228934,2026-03-10 17:45:52.592,ARDUINO_PSI,Arduino,0.000,0.000,13.071,,
192.326959,2026-03-10 17:45:52.690,ARDUINO_PSI,Arduino,0.000,0.000,13.066,,
192.429298,2026-03-10 17:45:52.792,ARDUINO_PSI,Arduino,0.000,0.000,13.066,,
192.528936,2026-03-10 17:45:52.892,ARDUINO_PSI,Arduino,0.000,0.000,13.066,,
192.628562,2026-03-10 17:45:52.992,ARDUINO_PSI,Arduino,0.000,0.000,13.057,,
192.727756,2026-03-10 17:45:53.091,ARDUINO_PSI,Arduino,0.000,0.000,13.053,,
192.827680,2026-03-10 17:45:53.191,ARDUINO_PSI,Arduino,0.000,0.000,13.037,,
192.928763,2026-03-10 17:45:53.292,ARDUINO_PSI,Arduino,0.000,0.000,13.048,,
193.027816,2026-03-10 17:45:53.391,ARDUINO_PSI,Arduino,0.000,0.000,13.046,,
193.129348,2026-03-10 17:45:53.492,ARDUINO_PSI,Arduino,0.000,0.000,13.053,,
193.229104,2026-03-10 17:45:53.592,ARDUINO_PSI,Arduino,0.000,0.000,13.050,,
193.328939,2026-03-10 17:45:53.692,ARDUINO_PSI,Arduino,0.000,0.000,13.039,,
193.427051,2026-03-10 17:45:53.790,ARDUINO_PSI,Arduino,0.000,0.000,13.023,,
193.528005,2026-03-10 17:45:53.891,ARDUINO_PSI,Arduino,0.000,0.000,13.016,,
193.626957,2026-03-10 17:45:53.990,ARDUINO_PSI,Arduino,0.000,0.000,13.023,,
193.728010,2026-03-10 17:45:54.091,ARDUINO_PSI,Arduino,0.000,0.000,13.025,,
193.829272,2026-03-10 17:45:54.192,ARDUINO_PSI,Arduino,0.000,0.000,13.027,,
193.928743,2026-03-10 17:45:54.292,ARDUINO_PSI,Arduino,0.000,0.000,13.032,,
194.028889,2026-03-10 17:45:54.392,ARDUINO_PSI,Arduino,0.000,0.000,13.018,,
194.127088,2026-03-10 17:45:54.490,ARDUINO_PSI,Arduino,0.000,0.000,13.009,,
194.228681,2026-03-10 17:45:54.592,ARDUINO_PSI,Arduino,0.000,0.000,13.014,,
194.329139,2026-03-10 17:45:54.692,ARDUINO_PSI,Arduino,0.000,0.000,13.011,,
194.428871,2026-03-10 17:45:54.792,ARDUINO_PSI,Arduino,0.000,0.000,13.014,,
194.527748,2026-03-10 17:45:54.891,ARDUINO_PSI,Arduino,0.000,0.000,13.009,,
194.629140,2026-03-10 17:45:54.992,ARDUINO_PSI,Arduino,0.000,0.000,13.002,,
194.728959,2026-03-10 17:45:55.092,ARDUINO_PSI,Arduino,0.000,0.000,13.016,,
194.828026,2026-03-10 17:45:55.191,ARDUINO_PSI,Arduino,0.000,0.000,13.023,,
194.927001,2026-03-10 17:45:55.290,ARDUINO_PSI,Arduino,0.000,0.000,13.011,,
195.029377,2026-03-10 17:45:55.392,ARDUINO_PSI,Arduino,0.000,0.000,13.014,,
195.128227,2026-03-10 17:45:55.491,ARDUINO_PSI,Arduino,0.000,0.000,13.009,,
195.228796,2026-03-10 17:45:55.592,ARDUINO_PSI,Arduino,0.000,0.000,13.005,,
195.328959,2026-03-10 17:45:55.692,ARDUINO_PSI,Arduino,0.000,0.000,13.005,,
195.428286,2026-03-10 17:45:55.791,ARDUINO_PSI,Arduino,0.000,0.000,13.018,,
195.529102,2026-03-10 17:45:55.892,ARDUINO_PSI,Arduino,0.000,0.000,13.014,,
195.629116,2026-03-10 17:45:55.992,ARDUINO_PSI,Arduino,0.000,0.000,13.014,,
195.728753,2026-03-10 17:45:56.092,ARDUINO_PSI,Arduino,0.000,0.000,13.018,,
195.829172,2026-03-10 17:45:56.192,ARDUINO_PSI,Arduino,0.000,0.000,13.023,,
195.929052,2026-03-10 17:45:56.292,ARDUINO_PSI,Arduino,0.000,0.000,13.014,,
196.028207,2026-03-10 17:45:56.391,ARDUINO_PSI,Arduino,0.000,0.000,13.023,,
196.129413,2026-03-10 17:45:56.492,ARDUINO_PSI,Arduino,0.000,0.000,13.027,,
196.228459,2026-03-10 17:45:56.591,ARDUINO_PSI,Arduino,0.000,0.000,13.023,,
196.329243,2026-03-10 17:45:56.692,ARDUINO_PSI,Arduino,0.000,0.000,13.027,,
196.427798,2026-03-10 17:45:56.791,ARDUINO_PSI,Arduino,0.000,0.000,13.032,,
196.529059,2026-03-10 17:45:56.892,ARDUINO_PSI,Arduino,0.000,0.000,13.034,,
196.627906,2026-03-10 17:45:56.991,ARDUINO_PSI,Arduino,0.000,0.000,13.030,,
196.729392,2026-03-10 17:45:57.092,ARDUINO_PSI,Arduino,0.000,0.000,13.023,,
196.829295,2026-03-10 17:45:57.192,ARDUINO_PSI,Arduino,0.000,0.000,13.021,,
196.929407,2026-03-10 17:45:57.292,ARDUINO_PSI,Arduino,0.000,0.000,13.021,,
197.027945,2026-03-10 17:45:57.391,ARDUINO_PSI,Arduino,0.000,0.000,13.018,,
197.128891,2026-03-10 17:45:57.492,ARDUINO_PSI,Arduino,0.000,0.000,13.011,,
197.229516,2026-03-10 17:45:57.592,ARDUINO_PSI,Arduino,0.000,0.000,13.025,,
197.327810,2026-03-10 17:45:57.691,ARDUINO_PSI,Arduino,0.000,0.000,13.030,,
197.427708,2026-03-10 17:45:57.791,ARDUINO_PSI,Arduino,0.000,0.000,13.025,,
197.529005,2026-03-10 17:45:57.892,ARDUINO_PSI,Arduino,0.000,0.000,13.032,,
197.628343,2026-03-10 17:45:57.991,ARDUINO_PSI,Arduino,0.000,0.000,13.027,,
197.728461,2026-03-10 17:45:58.091,ARDUINO_PSI,Arduino,0.000,0.000,13.021,,
197.828148,2026-03-10 17:45:58.191,ARDUINO_PSI,Arduino,0.000,0.000,13.009,,
197.927477,2026-03-10 17:45:58.290,ARDUINO_PSI,Arduino,0.000,0.000,13.018,,
198.028780,2026-03-10 17:45:58.392,ARDUINO_PSI,Arduino,0.000,0.000,13.016,,
198.128758,2026-03-10 17:45:58.492,ARDUINO_PSI,Arduino,0.000,0.000,13.002,,
198.229157,2026-03-10 17:45:58.592,ARDUINO_PSI,Arduino,0.000,0.000,13.011,,
198.328916,2026-03-10 17:45:58.692,ARDUINO_PSI,Arduino,0.000,0.000,13.016,,
198.428834,2026-03-10 17:45:58.792,ARDUINO_PSI,Arduino,0.000,0.000,13.016,,
198.529195,2026-03-10 17:45:58.892,ARDUINO_PSI,Arduino,0.000,0.000,13.025,,
198.628985,2026-03-10 17:45:58.992,ARDUINO_PSI,Arduino,0.000,0.000,13.039,,
198.727126,2026-03-10 17:45:59.090,ARDUINO_PSI,Arduino,0.000,0.000,13.039,,
198.828931,2026-03-10 17:45:59.192,ARDUINO_PSI,Arduino,0.000,0.000,13.034,,
198.927561,2026-03-10 17:45:59.291,ARDUINO_PSI,Arduino,0.000,0.000,13.048,,
199.029131,2026-03-10 17:45:59.392,ARDUINO_PSI,Arduino,0.000,0.000,13.046,,
199.126994,2026-03-10 17:45:59.490,ARDUINO_PSI,Arduino,0.000,0.000,13.055,,
199.229244,2026-03-10 17:45:59.592,ARDUINO_PSI,Arduino,0.000,0.000,13.039,,
199.329231,2026-03-10 17:45:59.692,ARDUINO_PSI,Arduino,0.000,0.000,13.030,,
199.428739,2026-03-10 17:45:59.792,ARDUINO_PSI,Arduino,0.000,0.000,13.021,,
199.529254,2026-03-10 17:45:59.892,ARDUINO_PSI,Arduino,0.000,0.000,13.018,,
199.629187,2026-03-10 17:45:59.992,ARDUINO_PSI,Arduino,0.000,0.000,13.032,,
199.729272,2026-03-10 17:46:00.092,ARDUINO_PSI,Arduino,0.000,0.000,13.039,,
199.828758,2026-03-10 17:46:00.192,ARDUINO_PSI,Arduino,0.000,0.000,13.041,,
199.929468,2026-03-10 17:46:00.292,ARDUINO_PSI,Arduino,0.000,0.000,13.032,,
200.027890,2026-03-10 17:46:00.391,ARDUINO_PSI,Arduino,0.000,0.000,13.030,,
200.128814,2026-03-10 17:46:00.492,ARDUINO_PSI,Arduino,0.000,0.000,13.032,,
200.228461,2026-03-10 17:46:00.591,ARDUINO_PSI,Arduino,0.000,0.000,13.030,,
200.327066,2026-03-10 17:46:00.690,ARDUINO_PSI,Arduino,0.000,0.000,13.032,,
200.428920,2026-03-10 17:46:00.792,ARDUINO_PSI,Arduino,0.000,0.000,13.037,,
200.530835,2026-03-10 17:46:00.894,ARDUINO_PSI,Arduino,0.000,0.000,13.023,,
200.629119,2026-03-10 17:46:00.992,ARDUINO_PSI,Arduino,0.000,0.000,13.023,,
200.728746,2026-03-10 17:46:01.092,ARDUINO_PSI,Arduino,0.000,0.000,13.023,,
200.828935,2026-03-10 17:46:01.192,ARDUINO_PSI,Arduino,0.000,0.000,13.030,,
200.929210,2026-03-10 17:46:01.292,ARDUINO_PSI,Arduino,0.000,0.000,13.016,,
201.029020,2026-03-10 17:46:01.392,ARDUINO_PSI,Arduino,0.000,0.000,13.023,,
201.128507,2026-03-10 17:46:01.491,ARDUINO_PSI,Arduino,0.000,0.000,13.021,,
201.227042,2026-03-10 17:46:01.590,ARDUINO_PSI,Arduino,0.000,0.000,13.030,,
201.329381,2026-03-10 17:46:01.692,ARDUINO_PSI,Arduino,0.000,0.000,13.037,,
201.427549,2026-03-10 17:46:01.790,ARDUINO_PSI,Arduino,0.000,0.000,13.041,,
201.528622,2026-03-10 17:46:01.892,ARDUINO_PSI,Arduino,0.000,0.000,13.043,,
201.629901,2026-03-10 17:46:01.993,ARDUINO_PSI,Arduino,0.000,0.000,13.032,,
201.728540,2026-03-10 17:46:02.091,ARDUINO_PSI,Arduino,0.000,0.000,13.023,,
201.829515,2026-03-10 17:46:02.192,ARDUINO_PSI,Arduino,0.000,0.000,13.021,,
201.928915,2026-03-10 17:46:02.292,ARDUINO_PSI,Arduino,0.000,0.000,13.027,,
202.028899,2026-03-10 17:46:02.392,ARDUINO_PSI,Arduino,0.000,0.000,13.034,,
202.128987,2026-03-10 17:46:02.492,ARDUINO_PSI,Arduino,0.000,0.000,13.030,,
202.228970,2026-03-10 17:46:02.592,ARDUINO_PSI,Arduino,0.000,0.000,13.037,,
202.329112,2026-03-10 17:46:02.692,ARDUINO_PSI,Arduino,0.000,0.000,13.027,,
202.428951,2026-03-10 17:46:02.792,ARDUINO_PSI,Arduino,0.000,0.000,13.011,,
202.528962,2026-03-10 17:46:02.892,ARDUINO_PSI,Arduino,0.000,0.000,13.021,,
202.628583,2026-03-10 17:46:02.992,ARDUINO_PSI,Arduino,0.000,0.000,13.014,,
202.728875,2026-03-10 17:46:03.092,ARDUINO_PSI,Arduino,0.000,0.000,13.018,,
202.828904,2026-03-10 17:46:03.192,ARDUINO_PSI,Arduino,0.000,0.000,13.014,,
202.928648,2026-03-10 17:46:03.292,ARDUINO_PSI,Arduino,0.000,0.000,13.007,,
203.029335,2026-03-10 17:46:03.392,ARDUINO_PSI,Arduino,0.000,0.000,13.002,,
203.126890,2026-03-10 17:46:03.490,ARDUINO_PSI,Arduino,0.000,0.000,12.993,,
203.229068,2026-03-10 17:46:03.592,ARDUINO_PSI,Arduino,0.000,0.000,12.995,,
203.328601,2026-03-10 17:46:03.692,ARDUINO_PSI,Arduino,0.000,0.000,12.993,,
203.428394,2026-03-10 17:46:03.791,ARDUINO_PSI,Arduino,0.000,0.000,13.000,,
203.528680,2026-03-10 17:46:03.892,ARDUINO_PSI,Arduino,0.000,0.000,13.009,,
203.627123,2026-03-10 17:46:03.990,ARDUINO_PSI,Arduino,0.000,0.000,13.005,,
203.728541,2026-03-10 17:46:04.091,ARDUINO_PSI,Arduino,0.000,0.000,13.005,,
203.827723,2026-03-10 17:46:04.191,ARDUINO_PSI,Arduino,0.000,0.000,13.016,,
203.928670,2026-03-10 17:46:04.292,ARDUINO_PSI,Arduino,0.000,0.000,13.030,,
204.029670,2026-03-10 17:46:04.393,ARDUINO_PSI,Arduino,0.000,0.000,13.030,,
204.128779,2026-03-10 17:46:04.492,ARDUINO_PSI,Arduino,0.000,0.000,13.037,,
204.228359,2026-03-10 17:46:04.591,ARDUINO_PSI,Arduino,0.000,0.000,13.025,,
204.328220,2026-03-10 17:46:04.691,ARDUINO_PSI,Arduino,0.000,0.000,13.027,,
204.428719,2026-03-10 17:46:04.792,ARDUINO_PSI,Arduino,0.000,0.000,13.043,,
204.528672,2026-03-10 17:46:04.892,ARDUINO_PSI,Arduino,0.000,0.000,13.046,,
204.629392,2026-03-10 17:46:04.992,ARDUINO_PSI,Arduino,0.000,0.000,13.046,,
204.727849,2026-03-10 17:46:05.091,ARDUINO_PSI,Arduino,0.000,0.000,13.041,,
204.829384,2026-03-10 17:46:05.192,ARDUINO_PSI,Arduino,0.000,0.000,13.053,,
204.929336,2026-03-10 17:46:05.292,ARDUINO_PSI,Arduino,0.000,0.000,13.062,,
205.029868,2026-03-10 17:46:05.393,ARDUINO_PSI,Arduino,0.000,0.000,13.059,,
205.129351,2026-03-10 17:46:05.492,ARDUINO_PSI,Arduino,0.000,0.000,13.071,,
205.228791,2026-03-10 17:46:05.592,ARDUINO_PSI,Arduino,0.000,0.000,13.062,,
205.326912,2026-03-10 17:46:05.690,ARDUINO_PSI,Arduino,0.000,0.000,13.062,,
205.427604,2026-03-10 17:46:05.791,ARDUINO_PSI,Arduino,0.000,0.000,13.064,,
205.528027,2026-03-10 17:46:05.891,ARDUINO_PSI,Arduino,0.000,0.000,13.059,,
205.629534,2026-03-10 17:46:05.992,ARDUINO_PSI,Arduino,0.000,0.000,13.075,,
205.728556,2026-03-10 17:46:06.092,ARDUINO_PSI,Arduino,0.000,0.000,13.085,,
205.829214,2026-03-10 17:46:06.192,ARDUINO_PSI,Arduino,0.000,0.000,13.082,,
205.927534,2026-03-10 17:46:06.290,ARDUINO_PSI,Arduino,0.000,0.000,13.064,,
206.028973,2026-03-10 17:46:06.392,ARDUINO_PSI,Arduino,0.000,0.000,13.059,,
206.127218,2026-03-10 17:46:06.490,ARDUINO_PSI,Arduino,0.000,0.000,13.064,,
206.227865,2026-03-10 17:46:06.591,ARDUINO_PSI,Arduino,0.000,0.000,13.066,,
206.329390,2026-03-10 17:46:06.692,ARDUINO_PSI,Arduino,0.000,0.000,13.071,,
206.429376,2026-03-10 17:46:06.792,ARDUINO_PSI,Arduino,0.000,0.000,13.066,,
206.529186,2026-03-10 17:46:06.892,ARDUINO_PSI,Arduino,0.000,0.000,13.059,,
206.627101,2026-03-10 17:46:06.990,ARDUINO_PSI,Arduino,0.000,0.000,13.057,,
206.729605,2026-03-10 17:46:07.093,ARDUINO_PSI,Arduino,0.000,0.000,13.064,,
206.827465,2026-03-10 17:46:07.190,ARDUINO_PSI,Arduino,0.000,0.000,13.055,,
206.928573,2026-03-10 17:46:07.292,ARDUINO_PSI,Arduino,0.000,0.000,13.048,,
207.027601,2026-03-10 17:46:07.391,ARDUINO_PSI,Arduino,0.000,0.000,13.050,,
207.129025,2026-03-10 17:46:07.492,ARDUINO_PSI,Arduino,0.000,0.000,13.046,,
207.228906,2026-03-10 17:46:07.592,ARDUINO_PSI,Arduino,0.000,0.000,13.046,,
207.327096,2026-03-10 17:46:07.690,ARDUINO_PSI,Arduino,0.000,0.000,13.046,,
207.428863,2026-03-10 17:46:07.792,ARDUINO_PSI,Arduino,0.000,0.000,13.032,,
207.529090,2026-03-10 17:46:07.892,ARDUINO_PSI,Arduino,0.000,0.000,13.023,,
207.627794,2026-03-10 17:46:07.991,ARDUINO_PSI,Arduino,0.000,0.000,13.009,,
207.729718,2026-03-10 17:46:08.093,ARDUINO_PSI,Arduino,0.000,0.000,13.002,,
207.829120,2026-03-10 17:46:08.192,ARDUINO_PSI,Arduino,0.000,0.000,13.000,,
207.927499,2026-03-10 17:46:08.290,ARDUINO_PSI,Arduino,0.000,0.000,13.014,,
208.030034,2026-03-10 17:46:08.393,ARDUINO_PSI,Arduino,0.000,0.000,13.011,,
208.128971,2026-03-10 17:46:08.492,ARDUINO_PSI,Arduino,0.000,0.000,13.002,,
208.229140,2026-03-10 17:46:08.592,ARDUINO_PSI,Arduino,0.000,0.000,13.009,,
208.327520,2026-03-10 17:46:08.690,ARDUINO_PSI,Arduino,0.000,0.000,13.007,,
208.428816,2026-03-10 17:46:08.792,ARDUINO_PSI,Arduino,0.000,0.000,13.002,,
208.528852,2026-03-10 17:46:08.892,ARDUINO_PSI,Arduino,0.000,0.000,13.000,,
208.627712,2026-03-10 17:46:08.991,ARDUINO_PSI,Arduino,0.000,0.000,13.000,,
208.727972,2026-03-10 17:46:09.091,ARDUINO_PSI,Arduino,0.000,0.000,12.995,,
208.827104,2026-03-10 17:46:09.190,ARDUINO_PSI,Arduino,0.000,0.000,13.005,,
208.929114,2026-03-10 17:46:09.292,ARDUINO_PSI,Arduino,0.000,0.000,13.005,,
209.029374,2026-03-10 17:46:09.392,ARDUINO_PSI,Arduino,0.000,0.000,13.005,,
209.128921,2026-03-10 17:46:09.492,ARDUINO_PSI,Arduino,0.000,0.000,13.009,,
209.229347,2026-03-10 17:46:09.592,ARDUINO_PSI,Arduino,0.000,0.000,13.021,,
209.328101,2026-03-10 17:46:09.691,ARDUINO_PSI,Arduino,0.000,0.000,13.016,,
209.429510,2026-03-10 17:46:09.792,ARDUINO_PSI,Arduino,0.000,0.000,13.018,,
209.529788,2026-03-10 17:46:09.893,ARDUINO_PSI,Arduino,0.000,0.000,13.027,,
209.628872,2026-03-10 17:46:09.992,ARDUINO_PSI,Arduino,0.000,0.000,13.027,,
209.729203,2026-03-10 17:46:10.092,ARDUINO_PSI,Arduino,0.000,0.000,13.032,,
209.828468,2026-03-10 17:46:10.191,ARDUINO_PSI,Arduino,0.000,0.000,13.032,,
209.929348,2026-03-10 17:46:10.292,ARDUINO_PSI,Arduino,0.000,0.000,13.023,,
210.029788,2026-03-10 17:46:10.393,ARDUINO_PSI,Arduino,0.000,0.000,13.037,,
210.129028,2026-03-10 17:46:10.492,ARDUINO_PSI,Arduino,0.000,0.000,13.037,,
210.228503,2026-03-10 17:46:10.591,ARDUINO_PSI,Arduino,0.000,0.000,13.032,,
210.328423,2026-03-10 17:46:10.691,ARDUINO_PSI,Arduino,0.000,0.000,13.032,,
210.428706,2026-03-10 17:46:10.792,ARDUINO_PSI,Arduino,0.000,0.000,13.039,,
210.529692,2026-03-10 17:46:10.893,ARDUINO_PSI,Arduino,0.000,0.000,13.034,,
210.627665,2026-03-10 17:46:10.991,ARDUINO_PSI,Arduino,0.000,0.000,13.032,,
210.727093,2026-03-10 17:46:11.090,ARDUINO_PSI,Arduino,0.000,0.000,13.032,,
210.827040,2026-03-10 17:46:11.190,ARDUINO_PSI,Arduino,0.000,0.000,13.025,,
210.927602,2026-03-10 17:46:11.291,ARDUINO_PSI,Arduino,0.000,0.000,13.030,,
211.027742,2026-03-10 17:46:11.391,ARDUINO_PSI,Arduino,0.000,0.000,13.032,,
211.129214,2026-03-10 17:46:11.492,ARDUINO_PSI,Arduino,0.000,0.000,13.027,,
211.229518,2026-03-10 17:46:11.592,ARDUINO_PSI,Arduino,0.000,0.000,13.021,,
211.329009,2026-03-10 17:46:11.692,ARDUINO_PSI,Arduino,0.000,0.000,13.023,,
211.427742,2026-03-10 17:46:11.791,ARDUINO_PSI,Arduino,0.000,0.000,13.027,,
211.526979,2026-03-10 17:46:11.890,ARDUINO_PSI,Arduino,0.000,0.000,13.023,,
211.628854,2026-03-10 17:46:11.992,ARDUINO_PSI,Arduino,0.000,0.000,13.030,,
211.728115,2026-03-10 17:46:12.091,ARDUINO_PSI,Arduino,0.000,0.000,13.027,,
211.829558,2026-03-10 17:46:12.193,ARDUINO_PSI,Arduino,0.000,0.000,13.016,,
211.927562,2026-03-10 17:46:12.291,ARDUINO_PSI,Arduino,0.000,0.000,13.023,,
212.029247,2026-03-10 17:46:12.392,ARDUINO_PSI,Arduino,0.000,0.000,13.005,,
212.129184,2026-03-10 17:46:12.492,ARDUINO_PSI,Arduino,0.000,0.000,13.005,,
212.228831,2026-03-10 17:46:12.592,ARDUINO_PSI,Arduino,0.000,0.000,12.998,,
212.329280,2026-03-10 17:46:12.692,ARDUINO_PSI,Arduino,0.000,0.000,12.989,,
212.427520,2026-03-10 17:46:12.790,ARDUINO_PSI,Arduino,0.000,0.000,12.982,,
212.528737,2026-03-10 17:46:12.892,ARDUINO_PSI,Arduino,0.000,0.000,12.998,,
212.627671,2026-03-10 17:46:12.991,ARDUINO_PSI,Arduino,0.000,0.000,12.998,,
212.727750,2026-03-10 17:46:13.091,ARDUINO_PSI,Arduino,0.000,0.000,13.000,,
212.829258,2026-03-10 17:46:13.192,ARDUINO_PSI,Arduino,0.000,0.000,13.007,,
212.927749,2026-03-10 17:46:13.291,ARDUINO_PSI,Arduino,0.000,0.000,13.005,,
213.027714,2026-03-10 17:46:13.391,ARDUINO_PSI,Arduino,0.000,0.000,12.998,,
213.129009,2026-03-10 17:46:13.492,ARDUINO_PSI,Arduino,0.000,0.000,12.995,,
213.229308,2026-03-10 17:46:13.592,ARDUINO_PSI,Arduino,0.000,0.000,12.998,,
213.329023,2026-03-10 17:46:13.692,ARDUINO_PSI,Arduino,0.000,0.000,12.995,,
213.429556,2026-03-10 17:46:13.793,ARDUINO_PSI,Arduino,0.000,0.000,12.986,,
213.528584,2026-03-10 17:46:13.892,ARDUINO_PSI,Arduino,0.000,0.000,12.991,,
213.629925,2026-03-10 17:46:13.993,ARDUINO_PSI,Arduino,0.000,0.000,12.991,,
213.727110,2026-03-10 17:46:14.090,ARDUINO_PSI,Arduino,0.000,0.000,12.989,,
213.827566,2026-03-10 17:46:14.191,ARDUINO_PSI,Arduino,0.000,0.000,12.998,,
213.928632,2026-03-10 17:46:14.292,ARDUINO_PSI,Arduino,0.000,0.000,12.989,,
214.027160,2026-03-10 17:46:14.390,ARDUINO_PSI,Arduino,0.000,0.000,12.986,,
214.129619,2026-03-10 17:46:14.493,ARDUINO_PSI,Arduino,0.000,0.000,12.986,,
214.227093,2026-03-10 17:46:14.590,ARDUINO_PSI,Arduino,0.000,0.000,12.993,,
214.327105,2026-03-10 17:46:14.690,ARDUINO_PSI,Arduino,0.000,0.000,12.993,,
214.429541,2026-03-10 17:46:14.792,ARDUINO_PSI,Arduino,0.000,0.000,12.995,,
214.530260,2026-03-10 17:46:14.893,ARDUINO_PSI,Arduino,0.000,0.000,12.989,,
214.628871,2026-03-10 17:46:14.992,ARDUINO_PSI,Arduino,0.000,0.000,12.986,,
214.727606,2026-03-10 17:46:15.091,ARDUINO_PSI,Arduino,0.000,0.000,12.989,,
214.829350,2026-03-10 17:46:15.192,ARDUINO_PSI,Arduino,0.000,0.000,12.979,,
214.929049,2026-03-10 17:46:15.292,ARDUINO_PSI,Arduino,0.000,0.000,12.977,,
215.029241,2026-03-10 17:46:15.392,ARDUINO_PSI,Arduino,0.000,0.000,12.986,,
215.128130,2026-03-10 17:46:15.491,ARDUINO_PSI,Arduino,0.000,0.000,12.993,,
215.229579,2026-03-10 17:46:15.593,ARDUINO_PSI,Arduino,0.000,0.000,12.991,,
215.328029,2026-03-10 17:46:15.691,ARDUINO_PSI,Arduino,0.000,0.000,12.993,,
215.429451,2026-03-10 17:46:15.792,ARDUINO_PSI,Arduino,0.000,0.000,12.998,,
215.527294,2026-03-10 17:46:15.890,ARDUINO_PSI,Arduino,0.000,0.000,12.986,,
215.628749,2026-03-10 17:46:15.992,ARDUINO_PSI,Arduino,0.000,0.000,12.984,,
215.728527,2026-03-10 17:46:16.091,ARDUINO_PSI,Arduino,0.000,0.000,12.986,,
215.829049,2026-03-10 17:46:16.192,ARDUINO_PSI,Arduino,0.000,0.000,12.982,,
215.929009,2026-03-10 17:46:16.292,ARDUINO_PSI,Arduino,0.000,0.000,12.986,,
216.027093,2026-03-10 17:46:16.390,ARDUINO_PSI,Arduino,0.000,0.000,12.986,,
216.129017,2026-03-10 17:46:16.492,ARDUINO_PSI,Arduino,0.000,0.000,12.995,,
216.229486,2026-03-10 17:46:16.592,ARDUINO_PSI,Arduino,0.000,0.000,12.993,,
216.326991,2026-03-10 17:46:16.690,ARDUINO_PSI,Arduino,0.000,0.000,13.002,,
216.427058,2026-03-10 17:46:16.790,ARDUINO_PSI,Arduino,0.000,0.000,13.018,,
216.529873,2026-03-10 17:46:16.893,ARDUINO_PSI,Arduino,0.000,0.000,13.025,,
216.628664,2026-03-10 17:46:16.992,ARDUINO_PSI,Arduino,0.000,0.000,13.034,,
216.729409,2026-03-10 17:46:17.092,ARDUINO_PSI,Arduino,0.000,0.000,13.039,,
216.828659,2026-03-10 17:46:17.192,ARDUINO_PSI,Arduino,0.000,0.000,13.039,,
216.929288,2026-03-10 17:46:17.292,ARDUINO_PSI,Arduino,0.000,0.000,13.039,,
217.029354,2026-03-10 17:46:17.392,ARDUINO_PSI,Arduino,0.000,0.000,13.025,,
217.129136,2026-03-10 17:46:17.492,ARDUINO_PSI,Arduino,0.000,0.000,13.023,,
217.227192,2026-03-10 17:46:17.590,ARDUINO_PSI,Arduino,0.000,0.000,13.023,,
217.329062,2026-03-10 17:46:17.692,ARDUINO_PSI,Arduino,0.000,0.000,13.034,,
217.429265,2026-03-10 17:46:17.792,ARDUINO_PSI,Arduino,0.000,0.000,13.030,,
217.527695,2026-03-10 17:46:17.891,ARDUINO_PSI,Arduino,0.000,0.000,13.032,,
217.629068,2026-03-10 17:46:17.992,ARDUINO_PSI,Arduino,0.000,0.000,13.032,,
217.729041,2026-03-10 17:46:18.092,ARDUINO_PSI,Arduino,0.000,0.000,13.027,,
217.827124,2026-03-10 17:46:18.190,ARDUINO_PSI,Arduino,0.000,0.000,13.032,,
217.928597,2026-03-10 17:46:18.292,ARDUINO_PSI,Arduino,0.000,0.000,13.027,,
218.029079,2026-03-10 17:46:18.392,ARDUINO_PSI,Arduino,0.000,0.000,13.039,,
218.129795,2026-03-10 17:46:18.493,ARDUINO_PSI,Arduino,0.000,0.000,13.048,,
218.228849,2026-03-10 17:46:18.592,ARDUINO_PSI,Arduino,0.000,0.000,13.050,,
218.328947,2026-03-10 17:46:18.692,ARDUINO_PSI,Arduino,0.000,0.000,13.050,,
218.428848,2026-03-10 17:46:18.792,ARDUINO_PSI,Arduino,0.000,0.000,13.043,,
218.528539,2026-03-10 17:46:18.891,ARDUINO_PSI,Arduino,0.000,0.000,13.032,,
218.628888,2026-03-10 17:46:18.992,ARDUINO_PSI,Arduino,0.000,0.000,13.032,,
218.727676,2026-03-10 17:46:19.091,ARDUINO_PSI,Arduino,0.000,0.000,13.021,,
218.827840,2026-03-10 17:46:19.191,ARDUINO_PSI,Arduino,0.000,0.000,13.027,,
218.928830,2026-03-10 17:46:19.292,ARDUINO_PSI,Arduino,0.000,0.000,13.016,,
219.027742,2026-03-10 17:46:19.391,ARDUINO_PSI,Arduino,0.000,0.000,13.025,,
219.128915,2026-03-10 17:46:19.492,ARDUINO_PSI,Arduino,0.000,0.000,13.025,,
219.229488,2026-03-10 17:46:19.592,ARDUINO_PSI,Arduino,0.000,0.000,13.032,,
219.327921,2026-03-10 17:46:19.691,ARDUINO_PSI,Arduino,0.000,0.000,13.021,,
219.429097,2026-03-10 17:46:19.792,ARDUINO_PSI,Arduino,0.000,0.000,13.030,,
219.528644,2026-03-10 17:46:19.892,ARDUINO_PSI,Arduino,0.000,0.000,13.034,,
219.628016,2026-03-10 17:46:19.991,ARDUINO_PSI,Arduino,0.000,0.000,13.032,,
219.729389,2026-03-10 17:46:20.092,ARDUINO_PSI,Arduino,0.000,0.000,13.030,,
219.829297,2026-03-10 17:46:20.192,ARDUINO_PSI,Arduino,0.000,0.000,13.037,,
219.929202,2026-03-10 17:46:20.292,ARDUINO_PSI,Arduino,0.000,0.000,13.039,,
220.028853,2026-03-10 17:46:20.392,ARDUINO_PSI,Arduino,0.000,0.000,13.032,,
220.129525,2026-03-10 17:46:20.492,ARDUINO_PSI,Arduino,0.000,0.000,13.023,,
220.228949,2026-03-10 17:46:20.592,ARDUINO_PSI,Arduino,0.000,0.000,13.023,,
220.327812,2026-03-10 17:46:20.691,ARDUINO_PSI,Arduino,0.000,0.000,13.021,,
220.429409,2026-03-10 17:46:20.792,ARDUINO_PSI,Arduino,0.000,0.000,13.007,,
220.529048,2026-03-10 17:46:20.892,ARDUINO_PSI,Arduino,0.000,0.000,13.018,,
220.629160,2026-03-10 17:46:20.992,ARDUINO_PSI,Arduino,0.000,0.000,13.018,,
220.729834,2026-03-10 17:46:21.093,ARDUINO_PSI,Arduino,0.000,0.000,13.032,,
220.828465,2026-03-10 17:46:21.191,ARDUINO_PSI,Arduino,0.000,0.000,13.021,,
220.929242,2026-03-10 17:46:21.292,ARDUINO_PSI,Arduino,0.000,0.000,13.037,,
221.027673,2026-03-10 17:46:21.391,ARDUINO_PSI,Arduino,0.000,0.000,13.027,,
221.128932,2026-03-10 17:46:21.492,ARDUINO_PSI,Arduino,0.000,0.000,13.027,,
221.228710,2026-03-10 17:46:21.592,ARDUINO_PSI,Arduino,0.000,0.000,13.030,,
221.328683,2026-03-10 17:46:21.692,ARDUINO_PSI,Arduino,0.000,0.000,13.027,,
221.428358,2026-03-10 17:46:21.791,ARDUINO_PSI,Arduino,0.000,0.000,13.023,,
221.530293,2026-03-10 17:46:21.893,ARDUINO_PSI,Arduino,0.000,0.000,13.025,,
221.629223,2026-03-10 17:46:21.992,ARDUINO_PSI,Arduino,0.000,0.000,13.025,,
221.729448,2026-03-10 17:46:22.092,ARDUINO_PSI,Arduino,0.000,0.000,13.021,,
221.829640,2026-03-10 17:46:22.193,ARDUINO_PSI,Arduino,0.000,0.000,13.018,,
221.929336,2026-03-10 17:46:22.292,ARDUINO_PSI,Arduino,0.000,0.000,13.018,,
222.028819,2026-03-10 17:46:22.392,ARDUINO_PSI,Arduino,0.000,0.000,13.030,,
222.129100,2026-03-10 17:46:22.492,ARDUINO_PSI,Arduino,0.000,0.000,13.030,,
222.228156,2026-03-10 17:46:22.591,ARDUINO_PSI,Arduino,0.000,0.000,13.034,,
222.329108,2026-03-10 17:46:22.692,ARDUINO_PSI,Arduino,0.000,0.000,12.993,,
222.428938,2026-03-10 17:46:22.792,ARDUINO_PSI,Arduino,0.000,0.000,12.977,,
222.529396,2026-03-10 17:46:22.892,ARDUINO_PSI,Arduino,0.000,0.000,12.959,,
222.629431,2026-03-10 17:46:22.992,ARDUINO_PSI,Arduino,0.000,0.000,12.957,,
222.728402,2026-03-10 17:46:23.091,ARDUINO_PSI,Arduino,0.000,0.000,12.954,,
222.828814,2026-03-10 17:46:23.192,ARDUINO_PSI,Arduino,0.000,0.000,12.970,,
222.928545,2026-03-10 17:46:23.291,ARDUINO_PSI,Arduino,0.000,0.000,12.973,,
223.029778,2026-03-10 17:46:23.393,ARDUINO_PSI,Arduino,0.000,0.000,12.977,,
223.129839,2026-03-10 17:46:23.493,ARDUINO_PSI,Arduino,0.000,0.000,12.984,,
223.228445,2026-03-10 17:46:23.591,ARDUINO_PSI,Arduino,0.000,0.000,12.975,,
223.329437,2026-03-10 17:46:23.692,ARDUINO_PSI,Arduino,0.000,0.000,12.982,,
223.429264,2026-03-10 17:46:23.792,ARDUINO_PSI,Arduino,0.000,0.000,12.991,,
223.528835,2026-03-10 17:46:23.892,ARDUINO_PSI,Arduino,0.000,0.000,12.995,,
223.627778,2026-03-10 17:46:23.991,ARDUINO_PSI,Arduino,0.000,0.000,12.998,,
223.727658,2026-03-10 17:46:24.091,ARDUINO_PSI,Arduino,0.000,0.000,13.002,,
223.829327,2026-03-10 17:46:24.192,ARDUINO_PSI,Arduino,0.000,0.000,12.995,,
223.929507,2026-03-10 17:46:24.292,ARDUINO_PSI,Arduino,0.000,0.000,13.002,,
224.028521,2026-03-10 17:46:24.391,ARDUINO_PSI,Arduino,0.000,0.000,12.984,,
224.129719,2026-03-10 17:46:24.493,ARDUINO_PSI,Arduino,0.000,0.000,12.989,,
224.228819,2026-03-10 17:46:24.592,ARDUINO_PSI,Arduino,0.000,0.000,12.982,,
224.329030,2026-03-10 17:46:24.692,ARDUINO_PSI,Arduino,0.000,0.000,13.018,,
224.429578,2026-03-10 17:46:24.793,ARDUINO_PSI,Arduino,0.000,0.000,13.043,,
224.528918,2026-03-10 17:46:24.892,ARDUINO_PSI,Arduino,0.000,0.000,13.043,,
224.628307,2026-03-10 17:46:24.991,ARDUINO_PSI,Arduino,0.000,0.000,13.039,,
224.727777,2026-03-10 17:46:25.091,ARDUINO_PSI,Arduino,0.000,0.000,13.039,,
224.829286,2026-03-10 17:46:25.192,ARDUINO_PSI,Arduino,0.000,0.000,13.030,,
224.928781,2026-03-10 17:46:25.292,ARDUINO_PSI,Arduino,0.000,0.000,13.032,,
225.029150,2026-03-10 17:46:25.392,ARDUINO_PSI,Arduino,0.000,0.000,13.027,,
225.128495,2026-03-10 17:46:25.491,ARDUINO_PSI,Arduino,0.000,0.000,13.018,,
225.228374,2026-03-10 17:46:25.591,ARDUINO_PSI,Arduino,0.000,0.000,13.027,,
225.327104,2026-03-10 17:46:25.690,ARDUINO_PSI,Arduino,0.000,0.000,13.021,,
225.429069,2026-03-10 17:46:25.792,ARDUINO_PSI,Arduino,0.000,0.000,13.011,,
225.528776,2026-03-10 17:46:25.892,ARDUINO_PSI,Arduino,0.000,0.000,13.009,,
225.629055,2026-03-10 17:46:25.992,ARDUINO_PSI,Arduino,0.000,0.000,13.007,,
225.729485,2026-03-10 17:46:26.092,ARDUINO_PSI,Arduino,0.000,0.000,13.011,,
225.828734,2026-03-10 17:46:26.192,ARDUINO_PSI,Arduino,0.000,0.000,13.018,,
225.929240,2026-03-10 17:46:26.292,ARDUINO_PSI,Arduino,0.000,0.000,13.014,,
226.029042,2026-03-10 17:46:26.392,ARDUINO_PSI,Arduino,0.000,0.000,13.016,,
226.128888,2026-03-10 17:46:26.492,ARDUINO_PSI,Arduino,0.000,0.000,13.002,,
226.229581,2026-03-10 17:46:26.593,ARDUINO_PSI,Arduino,0.000,0.000,13.011,,
226.328335,2026-03-10 17:46:26.691,ARDUINO_PSI,Arduino,0.000,0.000,13.021,,
226.429787,2026-03-10 17:46:26.793,ARDUINO_PSI,Arduino,0.000,0.000,13.021,,
226.528455,2026-03-10 17:46:26.891,ARDUINO_PSI,Arduino,0.000,0.000,13.032,,
226.628841,2026-03-10 17:46:26.992,ARDUINO_PSI,Arduino,0.000,0.000,13.032,,
226.728986,2026-03-10 17:46:27.092,ARDUINO_PSI,Arduino,0.000,0.000,13.021,,
226.827934,2026-03-10 17:46:27.191,ARDUINO_PSI,Arduino,0.000,0.000,13.023,,
226.928873,2026-03-10 17:46:27.292,ARDUINO_PSI,Arduino,0.000,0.000,13.023,,
227.028470,2026-03-10 17:46:27.391,ARDUINO_PSI,Arduino,0.000,0.000,13.030,,
227.129303,2026-03-10 17:46:27.492,ARDUINO_PSI,Arduino,0.000,0.000,13.034,,
227.228459,2026-03-10 17:46:27.591,ARDUINO_PSI,Arduino,0.000,0.000,13.037,,
227.327243,2026-03-10 17:46:27.690,ARDUINO_PSI,Arduino,0.000,0.000,13.043,,
227.427078,2026-03-10 17:46:27.790,ARDUINO_PSI,Arduino,0.000,0.000,13.046,,
227.529114,2026-03-10 17:46:27.892,ARDUINO_PSI,Arduino,0.000,0.000,13.046,,
227.629029,2026-03-10 17:46:27.992,ARDUINO_PSI,Arduino,0.000,0.000,13.048,,
227.729080,2026-03-10 17:46:28.092,ARDUINO_PSI,Arduino,0.000,0.000,13.050,,
227.828853,2026-03-10 17:46:28.192,ARDUINO_PSI,Arduino,0.000,0.000,13.053,,
227.929512,2026-03-10 17:46:28.292,ARDUINO_PSI,Arduino,0.000,0.000,13.046,,
228.029455,2026-03-10 17:46:28.392,ARDUINO_PSI,Arduino,0.000,0.000,13.055,,
228.129552,2026-03-10 17:46:28.493,ARDUINO_PSI,Arduino,0.000,0.000,13.055,,
228.229272,2026-03-10 17:46:28.592,ARDUINO_PSI,Arduino,0.000,0.000,13.055,,
228.328083,2026-03-10 17:46:28.691,ARDUINO_PSI,Arduino,0.000,0.000,13.055,,
228.428896,2026-03-10 17:46:28.792,ARDUINO_PSI,Arduino,0.000,0.000,13.048,,
228.528668,2026-03-10 17:46:28.892,ARDUINO_PSI,Arduino,0.000,0.000,13.041,,
228.629137,2026-03-10 17:46:28.992,ARDUINO_PSI,Arduino,0.000,0.000,13.055,,
228.729251,2026-03-10 17:46:29.092,ARDUINO_PSI,Arduino,0.000,0.000,13.057,,
228.828983,2026-03-10 17:46:29.192,ARDUINO_PSI,Arduino,0.000,0.000,13.048,,
228.929284,2026-03-10 17:46:29.292,ARDUINO_PSI,Arduino,0.000,0.000,13.037,,
229.029211,2026-03-10 17:46:29.392,ARDUINO_PSI,Arduino,0.000,0.000,13.032,,
229.128821,2026-03-10 17:46:29.492,ARDUINO_PSI,Arduino,0.000,0.000,13.025,,
229.229472,2026-03-10 17:46:29.592,ARDUINO_PSI,Arduino,0.000,0.000,13.016,,
229.329245,2026-03-10 17:46:29.692,ARDUINO_PSI,Arduino,0.000,0.000,13.014,,
229.428888,2026-03-10 17:46:29.792,ARDUINO_PSI,Arduino,0.000,0.000,13.021,,
229.529424,2026-03-10 17:46:29.892,ARDUINO_PSI,Arduino,0.000,0.000,13.009,,
229.629824,2026-03-10 17:46:29.993,ARDUINO_PSI,Arduino,0.000,0.000,13.016,,
229.729216,2026-03-10 17:46:30.092,ARDUINO_PSI,Arduino,0.000,0.000,13.009,,
229.828778,2026-03-10 17:46:30.192,ARDUINO_PSI,Arduino,0.000,0.000,13.007,,
229.928847,2026-03-10 17:46:30.292,ARDUINO_PSI,Arduino,0.000,0.000,13.018,,
230.029803,2026-03-10 17:46:30.393,ARDUINO_PSI,Arduino,0.000,0.000,13.011,,
230.129945,2026-03-10 17:46:30.493,ARDUINO_PSI,Arduino,0.000,0.000,13.023,,
230.229139,2026-03-10 17:46:30.592,ARDUINO_PSI,Arduino,0.000,0.000,13.018,,
230.329578,2026-03-10 17:46:30.693,ARDUINO_PSI,Arduino,0.000,0.000,13.014,,
230.429145,2026-03-10 17:46:30.792,ARDUINO_PSI,Arduino,0.000,0.000,13.016,,
230.529332,2026-03-10 17:46:30.892,ARDUINO_PSI,Arduino,0.000,0.000,13.018,,
230.629007,2026-03-10 17:46:30.992,ARDUINO_PSI,Arduino,0.000,0.000,13.000,,
230.729587,2026-03-10 17:46:31.093,ARDUINO_PSI,Arduino,0.000,0.000,13.009,,
230.828793,2026-03-10 17:46:31.192,ARDUINO_PSI,Arduino,0.000,0.000,13.007,,
230.929417,2026-03-10 17:46:31.292,ARDUINO_PSI,Arduino,0.000,0.000,13.007,,
231.028527,2026-03-10 17:46:31.391,ARDUINO_PSI,Arduino,0.000,0.000,13.016,,
231.129151,2026-03-10 17:46:31.492,ARDUINO_PSI,Arduino,0.000,0.000,13.037,,
231.228633,2026-03-10 17:46:31.592,ARDUINO_PSI,Arduino,0.000,0.000,13.048,,
231.329183,2026-03-10 17:46:31.692,ARDUINO_PSI,Arduino,0.000,0.000,13.041,,
231.428948,2026-03-10 17:46:31.792,ARDUINO_PSI,Arduino,0.000,0.000,13.041,,
231.529370,2026-03-10 17:46:31.892,ARDUINO_PSI,Arduino,0.000,0.000,13.043,,
231.628443,2026-03-10 17:46:31.991,ARDUINO_PSI,Arduino,0.000,0.000,13.041,,
231.729943,2026-03-10 17:46:32.093,ARDUINO_PSI,Arduino,0.000,0.000,13.053,,
231.829125,2026-03-10 17:46:32.192,ARDUINO_PSI,Arduino,0.000,0.000,13.053,,
231.929028,2026-03-10 17:46:32.292,ARDUINO_PSI,Arduino,0.000,0.000,13.041,,
232.029080,2026-03-10 17:46:32.392,ARDUINO_PSI,Arduino,0.000,0.000,13.046,,
232.127145,2026-03-10 17:46:32.490,ARDUINO_PSI,Arduino,0.000,0.000,13.034,,
232.229963,2026-03-10 17:46:32.593,ARDUINO_PSI,Arduino,0.000,0.000,13.030,,
232.327112,2026-03-10 17:46:32.690,ARDUINO_PSI,Arduino,0.000,0.000,13.032,,
232.429400,2026-03-10 17:46:32.792,ARDUINO_PSI,Arduino,0.000,0.000,13.034,,
232.529148,2026-03-10 17:46:32.892,ARDUINO_PSI,Arduino,0.000,0.000,13.034,,
232.629046,2026-03-10 17:46:32.992,ARDUINO_PSI,Arduino,0.000,0.000,13.048,,
232.729534,2026-03-10 17:46:33.092,ARDUINO_PSI,Arduino,0.000,0.000,13.039,,
232.827536,2026-03-10 17:46:33.190,ARDUINO_PSI,Arduino,0.000,0.000,13.032,,
232.929245,2026-03-10 17:46:33.292,ARDUINO_PSI,Arduino,0.000,0.000,13.034,,
233.027605,2026-03-10 17:46:33.391,ARDUINO_PSI,Arduino,0.000,0.000,13.027,,
233.129265,2026-03-10 17:46:33.492,ARDUINO_PSI,Arduino,0.000,0.000,13.018,,
233.228159,2026-03-10 17:46:33.591,ARDUINO_PSI,Arduino,0.000,0.000,13.009,,
233.328860,2026-03-10 17:46:33.692,ARDUINO_PSI,Arduino,0.000,0.000,13.011,,
233.429332,2026-03-10 17:46:33.792,ARDUINO_PSI,Arduino,0.000,0.000,12.998,,
233.529000,2026-03-10 17:46:33.892,ARDUINO_PSI,Arduino,0.000,0.000,13.002,,
233.627961,2026-03-10 17:46:33.991,ARDUINO_PSI,Arduino,0.000,0.000,12.995,,
233.729959,2026-03-10 17:46:34.093,ARDUINO_PSI,Arduino,0.000,0.000,12.989,,
233.828872,2026-03-10 17:46:34.192,ARDUINO_PSI,Arduino,0.000,0.000,12.989,,
233.930388,2026-03-10 17:46:34.293,ARDUINO_PSI,Arduino,0.000,0.000,12.998,,
234.028754,2026-03-10 17:46:34.392,ARDUINO_PSI,Arduino,0.000,0.000,13.007,,
234.128955,2026-03-10 17:46:34.492,ARDUINO_PSI,Arduino,0.000,0.000,13.014,,
234.227341,2026-03-10 17:46:34.590,ARDUINO_PSI,Arduino,0.000,0.000,13.021,,
234.329552,2026-03-10 17:46:34.693,ARDUINO_PSI,Arduino,0.000,0.000,13.018,,
234.429376,2026-03-10 17:46:34.792,ARDUINO_PSI,Arduino,0.000,0.000,13.016,,
234.528758,2026-03-10 17:46:34.892,ARDUINO_PSI,Arduino,0.000,0.000,13.023,,
234.628807,2026-03-10 17:46:34.992,ARDUINO_PSI,Arduino,0.000,0.000,13.014,,
234.727786,2026-03-10 17:46:35.091,ARDUINO_PSI,Arduino,0.000,0.000,13.018,,
234.827251,2026-03-10 17:46:35.190,ARDUINO_PSI,Arduino,0.000,0.000,13.030,,
234.929900,2026-03-10 17:46:35.293,ARDUINO_PSI,Arduino,0.000,0.000,13.043,,
235.028291,2026-03-10 17:46:35.391,ARDUINO_PSI,Arduino,0.000,0.000,13.037,,
235.128678,2026-03-10 17:46:35.492,ARDUINO_PSI,Arduino,0.000,0.000,13.037,,
235.228493,2026-03-10 17:46:35.591,ARDUINO_PSI,Arduino,0.000,0.000,13.048,,
235.328762,2026-03-10 17:46:35.692,ARDUINO_PSI,Arduino,0.000,0.000,13.053,,
235.429135,2026-03-10 17:46:35.792,ARDUINO_PSI,Arduino,0.000,0.000,13.066,,
235.531363,2026-03-10 17:46:35.894,ARDUINO_PSI,Arduino,0.000,0.000,13.071,,
235.629451,2026-03-10 17:46:35.992,ARDUINO_PSI,Arduino,0.000,0.000,13.066,,
235.729238,2026-03-10 17:46:36.092,ARDUINO_PSI,Arduino,0.000,0.000,13.050,,
235.828201,2026-03-10 17:46:36.191,ARDUINO_PSI,Arduino,0.000,0.000,13.053,,
235.929411,2026-03-10 17:46:36.292,ARDUINO_PSI,Arduino,0.000,0.000,13.043,,
236.029180,2026-03-10 17:46:36.392,ARDUINO_PSI,Arduino,0.000,0.000,13.034,,
236.128912,2026-03-10 17:46:36.492,ARDUINO_PSI,Arduino,0.000,0.000,13.027,,
236.228979,2026-03-10 17:46:36.592,ARDUINO_PSI,Arduino,0.000,0.000,13.021,,
236.328202,2026-03-10 17:46:36.691,ARDUINO_PSI,Arduino,0.000,0.000,13.016,,
236.428933,2026-03-10 17:46:36.792,ARDUINO_PSI,Arduino,0.000,0.000,13.011,,
236.529679,2026-03-10 17:46:36.893,ARDUINO_PSI,Arduino,0.000,0.000,13.011,,
236.629433,2026-03-10 17:46:36.992,ARDUINO_PSI,Arduino,0.000,0.000,13.016,,
236.729816,2026-03-10 17:46:37.093,ARDUINO_PSI,Arduino,0.000,0.000,13.016,,
236.829645,2026-03-10 17:46:37.193,ARDUINO_PSI,Arduino,0.000,0.000,13.014,,
236.928600,2026-03-10 17:46:37.292,ARDUINO_PSI,Arduino,0.000,0.000,13.007,,
237.028340,2026-03-10 17:46:37.391,ARDUINO_PSI,Arduino,0.000,0.000,13.005,,
237.127050,2026-03-10 17:46:37.490,ARDUINO_PSI,Arduino,0.000,0.000,13.005,,
237.229209,2026-03-10 17:46:37.592,ARDUINO_PSI,Arduino,0.000,0.000,12.991,,
237.329242,2026-03-10 17:46:37.692,ARDUINO_PSI,Arduino,0.000,0.000,12.984,,
237.429507,2026-03-10 17:46:37.792,ARDUINO_PSI,Arduino,0.000,0.000,12.989,,
237.529410,2026-03-10 17:46:37.892,ARDUINO_PSI,Arduino,0.000,0.000,12.977,,
237.629182,2026-03-10 17:46:37.992,ARDUINO_PSI,Arduino,0.000,0.000,12.977,,
237.728671,2026-03-10 17:46:38.092,ARDUINO_PSI,Arduino,0.000,0.000,12.982,,
237.828933,2026-03-10 17:46:38.192,ARDUINO_PSI,Arduino,0.000,0.000,12.984,,
237.929523,2026-03-10 17:46:38.292,ARDUINO_PSI,Arduino,0.000,0.000,12.991,,
238.029147,2026-03-10 17:46:38.392,ARDUINO_PSI,Arduino,0.000,0.000,12.991,,
238.129374,2026-03-10 17:46:38.492,ARDUINO_PSI,Arduino,0.000,0.000,12.991,,
238.229120,2026-03-10 17:46:38.592,ARDUINO_PSI,Arduino,0.000,0.000,13.000,,
238.329186,2026-03-10 17:46:38.692,ARDUINO_PSI,Arduino,0.000,0.000,13.007,,
238.428291,2026-03-10 17:46:38.791,ARDUINO_PSI,Arduino,0.000,0.000,13.007,,
238.528274,2026-03-10 17:46:38.891,ARDUINO_PSI,Arduino,0.000,0.000,12.998,,
238.630015,2026-03-10 17:46:38.993,ARDUINO_PSI,Arduino,0.000,0.000,12.991,,
238.729379,2026-03-10 17:46:39.092,ARDUINO_PSI,Arduino,0.000,0.000,12.991,,
238.830516,2026-03-10 17:46:39.193,ARDUINO_PSI,Arduino,0.000,0.000,12.993,,
238.929177,2026-03-10 17:46:39.292,ARDUINO_PSI,Arduino,0.000,0.000,12.984,,
239.029263,2026-03-10 17:46:39.392,ARDUINO_PSI,Arduino,0.000,0.000,13.000,,
239.128823,2026-03-10 17:46:39.492,ARDUINO_PSI,Arduino,0.000,0.000,13.014,,
239.229370,2026-03-10 17:46:39.592,ARDUINO_PSI,Arduino,0.000,0.000,13.011,,
239.329051,2026-03-10 17:46:39.692,ARDUINO_PSI,Arduino,0.000,0.000,13.021,,
239.429777,2026-03-10 17:46:39.793,ARDUINO_PSI,Arduino,0.000,0.000,13.002,,
239.531242,2026-03-10 17:46:39.894,ARDUINO_PSI,Arduino,0.000,0.000,13.007,,
239.629486,2026-03-10 17:46:39.992,ARDUINO_PSI,Arduino,0.000,0.000,13.007,,
239.729106,2026-03-10 17:46:40.092,ARDUINO_PSI,Arduino,0.000,0.000,13.018,,
239.829345,2026-03-10 17:46:40.192,ARDUINO_PSI,Arduino,0.000,0.000,13.011,,
239.929127,2026-03-10 17:46:40.292,ARDUINO_PSI,Arduino,0.000,0.000,13.007,,
240.029141,2026-03-10 17:46:40.392,ARDUINO_PSI,Arduino,0.000,0.000,13.014,,
240.128574,2026-03-10 17:46:40.492,ARDUINO_PSI,Arduino,0.000,0.000,13.018,,
240.228642,2026-03-10 17:46:40.592,ARDUINO_PSI,Arduino,0.000,0.000,13.009,,
240.329977,2026-03-10 17:46:40.693,ARDUINO_PSI,Arduino,0.000,0.000,13.016,,
240.428898,2026-03-10 17:46:40.792,ARDUINO_PSI,Arduino,0.000,0.000,13.021,,
240.529147,2026-03-10 17:46:40.892,ARDUINO_PSI,Arduino,0.000,0.000,13.021,,
240.628232,2026-03-10 17:46:40.991,ARDUINO_PSI,Arduino,0.000,0.000,13.027,,
240.729328,2026-03-10 17:46:41.092,ARDUINO_PSI,Arduino,0.000,0.000,13.023,,
240.829744,2026-03-10 17:46:41.193,ARDUINO_PSI,Arduino,0.000,0.000,13.025,,
240.928570,2026-03-10 17:46:41.292,ARDUINO_PSI,Arduino,0.000,0.000,13.025,,
241.028958,2026-03-10 17:46:41.392,ARDUINO_PSI,Arduino,0.000,0.000,13.005,,
241.129244,2026-03-10 17:46:41.492,ARDUINO_PSI,Arduino,0.000,0.000,12.991,,
241.229518,2026-03-10 17:46:41.592,ARDUINO_PSI,Arduino,0.000,0.000,12.991,,
241.329422,2026-03-10 17:46:41.692,ARDUINO_PSI,Arduino,0.000,0.000,12.991,,
241.428893,2026-03-10 17:46:41.792,ARDUINO_PSI,Arduino,0.000,0.000,12.995,,
241.529306,2026-03-10 17:46:41.892,ARDUINO_PSI,Arduino,0.000,0.000,12.991,,
241.629065,2026-03-10 17:46:41.992,ARDUINO_PSI,Arduino,0.000,0.000,12.995,,
241.729401,2026-03-10 17:46:42.092,ARDUINO_PSI,Arduino,0.000,0.000,12.986,,
241.828303,2026-03-10 17:46:42.191,ARDUINO_PSI,Arduino,0.000,0.000,12.991,,
241.929712,2026-03-10 17:46:42.293,ARDUINO_PSI,Arduino,0.000,0.000,12.998,,
242.028846,2026-03-10 17:46:42.392,ARDUINO_PSI,Arduino,0.000,0.000,12.998,,
242.128946,2026-03-10 17:46:42.492,ARDUINO_PSI,Arduino,0.000,0.000,12.989,,
242.230392,2026-03-10 17:46:42.593,ARDUINO_PSI,Arduino,0.000,0.000,12.991,,
242.328917,2026-03-10 17:46:42.692,ARDUINO_PSI,Arduino,0.000,0.000,12.977,,
242.429255,2026-03-10 17:46:42.792,ARDUINO_PSI,Arduino,0.000,0.000,12.982,,
242.529331,2026-03-10 17:46:42.892,ARDUINO_PSI,Arduino,0.000,0.000,12.989,,
242.629336,2026-03-10 17:46:42.992,ARDUINO_PSI,Arduino,0.000,0.000,12.984,,
242.729089,2026-03-10 17:46:43.092,ARDUINO_PSI,Arduino,0.000,0.000,12.993,,
242.828816,2026-03-10 17:46:43.192,ARDUINO_PSI,Arduino,0.000,0.000,12.989,,
242.930458,2026-03-10 17:46:43.293,ARDUINO_PSI,Arduino,0.000,0.000,12.993,,
243.029434,2026-03-10 17:46:43.392,ARDUINO_PSI,Arduino,0.000,0.000,13.000,,
243.128618,2026-03-10 17:46:43.492,ARDUINO_PSI,Arduino,0.000,0.000,12.993,,
243.229114,2026-03-10 17:46:43.592,ARDUINO_PSI,Arduino,0.000,0.000,13.000,,
243.329028,2026-03-10 17:46:43.692,ARDUINO_PSI,Arduino,0.000,0.000,12.998,,
243.429789,2026-03-10 17:46:43.793,ARDUINO_PSI,Arduino,0.000,0.000,13.000,,
243.529002,2026-03-10 17:46:43.892,ARDUINO_PSI,Arduino,0.000,0.000,13.009,,
243.629786,2026-03-10 17:46:43.993,ARDUINO_PSI,Arduino,0.000,0.000,13.000,,
243.727687,2026-03-10 17:46:44.091,ARDUINO_PSI,Arduino,0.000,0.000,13.009,,
243.830444,2026-03-10 17:46:44.193,ARDUINO_PSI,Arduino,0.000,0.000,13.007,,
243.928888,2026-03-10 17:46:44.292,ARDUINO_PSI,Arduino,0.000,0.000,13.005,,
244.029364,2026-03-10 17:46:44.392,ARDUINO_PSI,Arduino,0.000,0.000,12.995,,
244.130407,2026-03-10 17:46:44.493,ARDUINO_PSI,Arduino,0.000,0.000,12.998,,
244.229519,2026-03-10 17:46:44.592,ARDUINO_PSI,Arduino,0.000,0.000,13.000,,
244.329232,2026-03-10 17:46:44.692,ARDUINO_PSI,Arduino,0.000,0.000,13.000,,
244.429104,2026-03-10 17:46:44.792,ARDUINO_PSI,Arduino,0.000,0.000,13.009,,
244.529310,2026-03-10 17:46:44.892,ARDUINO_PSI,Arduino,0.000,0.000,13.009,,
244.629263,2026-03-10 17:46:44.992,ARDUINO_PSI,Arduino,0.000,0.000,13.023,,
244.730610,2026-03-10 17:46:45.094,ARDUINO_PSI,Arduino,0.000,0.000,13.018,,
244.828578,2026-03-10 17:46:45.192,ARDUINO_PSI,Arduino,0.000,0.000,13.023,,
244.928950,2026-03-10 17:46:45.292,ARDUINO_PSI,Arduino,0.000,0.000,13.011,,
245.028403,2026-03-10 17:46:45.391,ARDUINO_PSI,Arduino,0.000,0.000,13.016,,
245.129182,2026-03-10 17:46:45.492,ARDUINO_PSI,Arduino,0.000,0.000,13.023,,
245.229550,2026-03-10 17:46:45.593,ARDUINO_PSI,Arduino,0.000,0.000,13.018,,
245.329899,2026-03-10 17:46:45.693,ARDUINO_PSI,Arduino,0.000,0.000,13.009,,
245.427940,2026-03-10 17:46:45.791,ARDUINO_PSI,Arduino,0.000,0.000,13.014,,
245.527107,2026-03-10 17:46:45.890,ARDUINO_PSI,Arduino,0.000,0.000,13.007,,
245.627222,2026-03-10 17:46:45.990,ARDUINO_PSI,Arduino,0.000,0.000,13.027,,
245.729360,2026-03-10 17:46:46.092,ARDUINO_PSI,Arduino,0.000,0.000,13.034,,
245.829549,2026-03-10 17:46:46.193,ARDUINO_PSI,Arduino,0.000,0.000,13.043,,
245.928769,2026-03-10 17:46:46.292,ARDUINO_PSI,Arduino,0.000,0.000,13.046,,
246.028331,2026-03-10 17:46:46.391,ARDUINO_PSI,Arduino,0.000,0.000,13.057,,
246.129125,2026-03-10 17:46:46.492,ARDUINO_PSI,Arduino,0.000,0.000,13.057,,
246.227639,2026-03-10 17:46:46.591,ARDUINO_PSI,Arduino,0.000,0.000,13.057,,
246.329256,2026-03-10 17:46:46.692,ARDUINO_PSI,Arduino,0.000,0.000,13.059,,
246.428969,2026-03-10 17:46:46.792,ARDUINO_PSI,Arduino,0.000,0.000,13.039,,
246.527073,2026-03-10 17:46:46.890,ARDUINO_PSI,Arduino,0.000,0.000,13.034,,
246.628448,2026-03-10 17:46:46.991,ARDUINO_PSI,Arduino,0.000,0.000,13.027,,
246.728987,2026-03-10 17:46:47.092,ARDUINO_PSI,Arduino,0.000,0.000,13.025,,
246.829205,2026-03-10 17:46:47.192,ARDUINO_PSI,Arduino,0.000,0.000,13.011,,
246.928535,2026-03-10 17:46:47.291,ARDUINO_PSI,Arduino,0.000,0.000,13.023,,
247.027618,2026-03-10 17:46:47.391,ARDUINO_PSI,Arduino,0.000,0.000,13.016,,
247.128014,2026-03-10 17:46:47.491,ARDUINO_PSI,Arduino,0.000,0.000,13.018,,
247.229849,2026-03-10 17:46:47.593,ARDUINO_PSI,Arduino,0.000,0.000,13.023,,
247.327993,2026-03-10 17:46:47.691,ARDUINO_PSI,Arduino,0.000,0.000,13.025,,
247.427149,2026-03-10 17:46:47.790,ARDUINO_PSI,Arduino,0.000,0.000,13.032,,
247.529150,2026-03-10 17:46:47.892,ARDUINO_PSI,Arduino,0.000,0.000,13.039,,
247.629180,2026-03-10 17:46:47.992,ARDUINO_PSI,Arduino,0.000,0.000,13.025,,
247.729496,2026-03-10 17:46:48.092,ARDUINO_PSI,Arduino,0.000,0.000,13.007,,
247.829261,2026-03-10 17:46:48.192,ARDUINO_PSI,Arduino,0.000,0.000,12.991,,
247.929561,2026-03-10 17:46:48.293,ARDUINO_PSI,Arduino,0.000,0.000,12.989,,
248.029293,2026-03-10 17:46:48.392,ARDUINO_PSI,Arduino,0.000,0.000,12.979,,
248.127287,2026-03-10 17:46:48.490,ARDUINO_PSI,Arduino,0.000,0.000,12.989,,
248.227010,2026-03-10 17:46:48.590,ARDUINO_PSI,Arduino,0.000,0.000,12.995,,
248.327927,2026-03-10 17:46:48.691,ARDUINO_PSI,Arduino,0.000,0.000,13.000,,
248.429767,2026-03-10 17:46:48.793,ARDUINO_PSI,Arduino,0.000,0.000,13.009,,
248.530249,2026-03-10 17:46:48.893,ARDUINO_PSI,Arduino,0.000,0.000,13.002,,
248.628915,2026-03-10 17:46:48.992,ARDUINO_PSI,Arduino,0.000,0.000,12.998,,
248.728896,2026-03-10 17:46:49.092,ARDUINO_PSI,Arduino,0.000,0.000,12.993,,
248.829291,2026-03-10 17:46:49.192,ARDUINO_PSI,Arduino,0.000,0.000,13.007,,
248.928960,2026-03-10 17:46:49.292,ARDUINO_PSI,Arduino,0.000,0.000,12.998,,
249.027082,2026-03-10 17:46:49.390,ARDUINO_PSI,Arduino,0.000,0.000,13.009,,
249.128889,2026-03-10 17:46:49.492,ARDUINO_PSI,Arduino,0.000,0.000,13.014,,
249.229036,2026-03-10 17:46:49.592,ARDUINO_PSI,Arduino,0.000,0.000,13.009,,
249.329008,2026-03-10 17:46:49.692,ARDUINO_PSI,Arduino,0.000,0.000,13.014,,
249.429144,2026-03-10 17:46:49.792,ARDUINO_PSI,Arduino,0.000,0.000,13.002,,
249.529189,2026-03-10 17:46:49.892,ARDUINO_PSI,Arduino,0.000,0.000,13.011,,
249.629187,2026-03-10 17:46:49.992,ARDUINO_PSI,Arduino,0.000,0.000,13.016,,
249.729893,2026-03-10 17:46:50.093,ARDUINO_PSI,Arduino,0.000,0.000,13.025,,
249.829502,2026-03-10 17:46:50.192,ARDUINO_PSI,Arduino,0.000,0.000,13.027,,
249.929692,2026-03-10 17:46:50.293,ARDUINO_PSI,Arduino,0.000,0.000,13.034,,
250.029151,2026-03-10 17:46:50.392,ARDUINO_PSI,Arduino,0.000,0.000,13.037,,
250.127599,2026-03-10 17:46:50.491,ARDUINO_PSI,Arduino,0.000,0.000,13.032,,
250.229458,2026-03-10 17:46:50.592,ARDUINO_PSI,Arduino,0.000,0.000,13.027,,
250.329171,2026-03-10 17:46:50.692,ARDUINO_PSI,Arduino,0.000,0.000,13.018,,
250.428817,2026-03-10 17:46:50.792,ARDUINO_PSI,Arduino,0.000,0.000,13.023,,
250.528627,2026-03-10 17:46:50.892,ARDUINO_PSI,Arduino,0.000,0.000,13.032,,
250.627872,2026-03-10 17:46:50.991,ARDUINO_PSI,Arduino,0.000,0.000,13.041,,
250.729588,2026-03-10 17:46:51.093,ARDUINO_PSI,Arduino,0.000,0.000,13.053,,
250.828921,2026-03-10 17:46:51.192,ARDUINO_PSI,Arduino,0.000,0.000,13.050,,
250.928132,2026-03-10 17:46:51.291,ARDUINO_PSI,Arduino,0.000,0.000,13.057,,
251.028982,2026-03-10 17:46:51.392,ARDUINO_PSI,Arduino,0.000,0.000,13.053,,
251.127584,2026-03-10 17:46:51.491,ARDUINO_PSI,Arduino,0.000,0.000,13.048,,
251.227614,2026-03-10 17:46:51.591,ARDUINO_PSI,Arduino,0.000,0.000,13.046,,
251.328802,2026-03-10 17:46:51.692,ARDUINO_PSI,Arduino,0.000,0.000,13.050,,
251.428613,2026-03-10 17:46:51.792,ARDUINO_PSI,Arduino,0.000,0.000,13.048,,
251.528781,2026-03-10 17:46:51.892,ARDUINO_PSI,Arduino,0.000,0.000,13.041,,
251.629063,2026-03-10 17:46:51.992,ARDUINO_PSI,Arduino,0.000,0.000,13.034,,
251.729013,2026-03-10 17:46:52.092,ARDUINO_PSI,Arduino,0.000,0.000,13.030,,
251.827240,2026-03-10 17:46:52.190,ARDUINO_PSI,Arduino,0.000,0.000,13.030,,
251.929263,2026-03-10 17:46:52.292,ARDUINO_PSI,Arduino,0.000,0.000,13.030,,
252.029439,2026-03-10 17:46:52.392,ARDUINO_PSI,Arduino,0.000,0.000,13.027,,
252.128689,2026-03-10 17:46:52.492,ARDUINO_PSI,Arduino,0.000,0.000,13.023,,
252.228533,2026-03-10 17:46:52.591,ARDUINO_PSI,Arduino,0.000,0.000,13.025,,
252.327055,2026-03-10 17:46:52.690,ARDUINO_PSI,Arduino,0.000,0.000,13.030,,
252.428915,2026-03-10 17:46:52.792,ARDUINO_PSI,Arduino,0.000,0.000,13.032,,
252.529379,2026-03-10 17:46:52.892,ARDUINO_PSI,Arduino,0.000,0.000,13.027,,
252.628856,2026-03-10 17:46:52.992,ARDUINO_PSI,Arduino,0.000,0.000,13.025,,
252.729834,2026-03-10 17:46:53.093,ARDUINO_PSI,Arduino,0.000,0.000,13.023,,
252.828913,2026-03-10 17:46:53.192,ARDUINO_PSI,Arduino,0.000,0.000,13.027,,
252.929426,2026-03-10 17:46:53.292,ARDUINO_PSI,Arduino,0.000,0.000,13.027,,
253.028790,2026-03-10 17:46:53.392,ARDUINO_PSI,Arduino,0.000,0.000,13.032,,
253.129057,2026-03-10 17:46:53.492,ARDUINO_PSI,Arduino,0.000,0.000,13.039,,
253.230021,2026-03-10 17:46:53.593,ARDUINO_PSI,Arduino,0.000,0.000,13.037,,
253.329335,2026-03-10 17:46:53.692,ARDUINO_PSI,Arduino,0.000,0.000,13.032,,
253.428911,2026-03-10 17:46:53.792,ARDUINO_PSI,Arduino,0.000,0.000,13.034,,
253.529352,2026-03-10 17:46:53.892,ARDUINO_PSI,Arduino,0.000,0.000,13.030,,
253.628791,2026-03-10 17:46:53.992,ARDUINO_PSI,Arduino,0.000,0.000,13.037,,
253.727085,2026-03-10 17:46:54.090,ARDUINO_PSI,Arduino,0.000,0.000,13.041,,
253.828528,2026-03-10 17:46:54.191,ARDUINO_PSI,Arduino,0.000,0.000,13.043,,
253.929644,2026-03-10 17:46:54.293,ARDUINO_PSI,Arduino,0.000,0.000,13.037,,
254.028765,2026-03-10 17:46:54.392,ARDUINO_PSI,Arduino,0.000,0.000,13.034,,
254.129116,2026-03-10 17:46:54.492,ARDUINO_PSI,Arduino,0.000,0.000,13.041,,
254.229476,2026-03-10 17:46:54.592,ARDUINO_PSI,Arduino,0.000,0.000,13.037,,
254.329121,2026-03-10 17:46:54.692,ARDUINO_PSI,Arduino,0.000,0.000,13.030,,
254.429069,2026-03-10 17:46:54.792,ARDUINO_PSI,Arduino,0.000,0.000,13.018,,
254.529474,2026-03-10 17:46:54.892,ARDUINO_PSI,Arduino,0.000,0.000,13.023,,
254.628783,2026-03-10 17:46:54.992,ARDUINO_PSI,Arduino,0.000,0.000,13.016,,
254.729172,2026-03-10 17:46:55.092,ARDUINO_PSI,Arduino,0.000,0.000,13.005,,
254.828617,2026-03-10 17:46:55.192,ARDUINO_PSI,Arduino,0.000,0.000,13.005,,
254.928563,2026-03-10 17:46:55.292,ARDUINO_PSI,Arduino,0.000,0.000,12.998,,
255.030446,2026-03-10 17:46:55.393,ARDUINO_PSI,Arduino,0.000,0.000,13.002,,
255.129104,2026-03-10 17:46:55.492,ARDUINO_PSI,Arduino,0.000,0.000,13.005,,
255.229538,2026-03-10 17:46:55.592,ARDUINO_PSI,Arduino,0.000,0.000,13.009,,
255.327638,2026-03-10 17:46:55.691,ARDUINO_PSI,Arduino,0.000,0.000,13.007,,
255.429366,2026-03-10 17:46:55.792,ARDUINO_PSI,Arduino,0.000,0.000,13.009,,
255.529618,2026-03-10 17:46:55.893,ARDUINO_PSI,Arduino,0.000,0.000,13.014,,
255.627622,2026-03-10 17:46:55.991,ARDUINO_PSI,Arduino,0.000,0.000,13.011,,
255.728875,2026-03-10 17:46:56.092,ARDUINO_PSI,Arduino,0.000,0.000,13.011,,
255.827559,2026-03-10 17:46:56.191,ARDUINO_PSI,Arduino,0.000,0.000,13.011,,
255.928462,2026-03-10 17:46:56.291,ARDUINO_PSI,Arduino,0.000,0.000,13.009,,
256.027627,2026-03-10 17:46:56.391,ARDUINO_PSI,Arduino,0.000,0.000,13.011,,
256.127889,2026-03-10 17:46:56.491,ARDUINO_PSI,Arduino,0.000,0.000,13.014,,
256.228269,2026-03-10 17:46:56.591,ARDUINO_PSI,Arduino,0.000,0.000,13.016,,
256.327429,2026-03-10 17:46:56.690,ARDUINO_PSI,Arduino,0.000,0.000,13.025,,
256.427711,2026-03-10 17:46:56.791,ARDUINO_PSI,Arduino,0.000,0.000,13.041,,
256.528584,2026-03-10 17:46:56.892,ARDUINO_PSI,Arduino,0.000,0.000,13.055,,
256.629343,2026-03-10 17:46:56.992,ARDUINO_PSI,Arduino,0.000,0.000,13.055,,
256.729642,2026-03-10 17:46:57.093,ARDUINO_PSI,Arduino,0.000,0.000,13.071,,
256.827586,2026-03-10 17:46:57.191,ARDUINO_PSI,Arduino,0.000,0.000,13.062,,
256.927681,2026-03-10 17:46:57.291,ARDUINO_PSI,Arduino,0.000,0.000,13.062,,
257.027870,2026-03-10 17:46:57.391,ARDUINO_PSI,Arduino,0.000,0.000,13.057,,
257.129360,2026-03-10 17:46:57.492,ARDUINO_PSI,Arduino,0.000,0.000,13.055,,
257.229383,2026-03-10 17:46:57.592,ARDUINO_PSI,Arduino,0.000,0.000,13.046,,
257.327079,2026-03-10 17:46:57.690,ARDUINO_PSI,Arduino,0.000,0.000,13.062,,
257.427651,2026-03-10 17:46:57.791,ARDUINO_PSI,Arduino,0.000,0.000,13.071,,
257.529155,2026-03-10 17:46:57.892,ARDUINO_PSI,Arduino,0.000,0.000,13.066,,
257.629891,2026-03-10 17:46:57.993,ARDUINO_PSI,Arduino,0.000,0.000,13.075,,
257.728716,2026-03-10 17:46:58.092,ARDUINO_PSI,Arduino,0.000,0.000,13.071,,
257.827085,2026-03-10 17:46:58.190,ARDUINO_PSI,Arduino,0.000,0.000,13.078,,
257.927027,2026-03-10 17:46:58.290,ARDUINO_PSI,Arduino,0.000,0.000,13.080,,
258.027120,2026-03-10 17:46:58.390,ARDUINO_PSI,Arduino,0.000,0.000,13.082,,
258.129360,2026-03-10 17:46:58.492,ARDUINO_PSI,Arduino,0.000,0.000,13.073,,
258.227720,2026-03-10 17:46:58.591,ARDUINO_PSI,Arduino,0.000,0.000,13.080,,
258.327225,2026-03-10 17:46:58.690,ARDUINO_PSI,Arduino,0.000,0.000,13.082,,
258.427678,2026-03-10 17:46:58.791,ARDUINO_PSI,Arduino,0.000,0.000,13.069,,
258.529810,2026-03-10 17:46:58.893,ARDUINO_PSI,Arduino,0.000,0.000,13.050,,
258.627533,2026-03-10 17:46:58.990,ARDUINO_PSI,Arduino,0.000,0.000,13.053,,
258.728997,2026-03-10 17:46:59.092,ARDUINO_PSI,Arduino,0.000,0.000,13.043,,
258.829286,2026-03-10 17:46:59.192,ARDUINO_PSI,Arduino,0.000,0.000,13.050,,
258.927211,2026-03-10 17:46:59.290,ARDUINO_PSI,Arduino,0.000,0.000,13.055,,
259.029140,2026-03-10 17:46:59.392,ARDUINO_PSI,Arduino,0.000,0.000,13.043,,
259.129265,2026-03-10 17:46:59.492,ARDUINO_PSI,Arduino,0.000,0.000,13.041,,
259.229385,2026-03-10 17:46:59.592,ARDUINO_PSI,Arduino,0.000,0.000,13.041,,
259.327036,2026-03-10 17:46:59.690,ARDUINO_PSI,Arduino,0.000,0.000,13.034,,
259.428387,2026-03-10 17:46:59.791,ARDUINO_PSI,Arduino,0.000,0.000,13.037,,
259.529123,2026-03-10 17:46:59.892,ARDUINO_PSI,Arduino,0.000,0.000,13.048,,
259.629653,2026-03-10 17:46:59.993,ARDUINO_PSI,Arduino,0.000,0.000,13.046,,
259.727911,2026-03-10 17:47:00.091,ARDUINO_PSI,Arduino,0.000,0.000,13.053,,
259.827114,2026-03-10 17:47:00.190,ARDUINO_PSI,Arduino,0.000,0.000,13.046,,
259.929890,2026-03-10 17:47:00.293,ARDUINO_PSI,Arduino,0.000,0.000,13.048,,
260.030143,2026-03-10 17:47:00.393,ARDUINO_PSI,Arduino,0.000,0.000,13.050,,
260.129454,2026-03-10 17:47:00.492,ARDUINO_PSI,Arduino,0.000,0.000,13.050,,
260.228195,2026-03-10 17:47:00.591,ARDUINO_PSI,Arduino,0.000,0.000,13.043,,
260.329112,2026-03-10 17:47:00.692,ARDUINO_PSI,Arduino,0.000,0.000,13.043,,
260.427130,2026-03-10 17:47:00.790,ARDUINO_PSI,Arduino,0.000,0.000,13.048,,
260.527187,2026-03-10 17:47:00.890,ARDUINO_PSI,Arduino,0.000,0.000,13.057,,
260.627079,2026-03-10 17:47:00.990,ARDUINO_PSI,Arduino,0.000,0.000,13.055,,
260.727088,2026-03-10 17:47:01.090,ARDUINO_PSI,Arduino,0.000,0.000,13.055,,
260.827379,2026-03-10 17:47:01.190,ARDUINO_PSI,Arduino,0.000,0.000,13.059,,
260.929495,2026-03-10 17:47:01.292,ARDUINO_PSI,Arduino,0.000,0.000,13.064,,
261.027803,2026-03-10 17:47:01.391,ARDUINO_PSI,Arduino,0.000,0.000,13.071,,
261.129452,2026-03-10 17:47:01.492,ARDUINO_PSI,Arduino,0.000,0.000,13.069,,
261.229168,2026-03-10 17:47:01.592,ARDUINO_PSI,Arduino,0.000,0.000,13.078,,
261.328436,2026-03-10 17:47:01.691,ARDUINO_PSI,Arduino,0.000,0.000,13.080,,
261.427809,2026-03-10 17:47:01.791,ARDUINO_PSI,Arduino,0.000,0.000,13.066,,
261.529197,2026-03-10 17:47:01.892,ARDUINO_PSI,Arduino,0.000,0.000,13.055,,
261.629120,2026-03-10 17:47:01.992,ARDUINO_PSI,Arduino,0.000,0.000,13.050,,
261.727156,2026-03-10 17:47:02.090,ARDUINO_PSI,Arduino,0.000,0.000,13.053,,
261.829410,2026-03-10 17:47:02.192,ARDUINO_PSI,Arduino,0.000,0.000,13.057,,
261.927463,2026-03-10 17:47:02.290,ARDUINO_PSI,Arduino,0.000,0.000,13.055,,
262.029175,2026-03-10 17:47:02.392,ARDUINO_PSI,Arduino,0.000,0.000,13.057,,
262.128612,2026-03-10 17:47:02.492,ARDUINO_PSI,Arduino,0.000,0.000,13.064,,
262.227213,2026-03-10 17:47:02.590,ARDUINO_PSI,Arduino,0.000,0.000,13.078,,
262.329248,2026-03-10 17:47:02.692,ARDUINO_PSI,Arduino,0.000,0.000,13.078,,
262.427973,2026-03-10 17:47:02.791,ARDUINO_PSI,Arduino,0.000,0.000,13.080,,
262.528047,2026-03-10 17:47:02.891,ARDUINO_PSI,Arduino,0.000,0.000,13.071,,
262.629101,2026-03-10 17:47:02.992,ARDUINO_PSI,Arduino,0.000,0.000,13.075,,
262.727197,2026-03-10 17:47:03.090,ARDUINO_PSI,Arduino,0.000,0.000,13.073,,
262.829154,2026-03-10 17:47:03.192,ARDUINO_PSI,Arduino,0.000,0.000,13.062,,
262.927179,2026-03-10 17:47:03.290,ARDUINO_PSI,Arduino,0.000,0.000,13.069,,
263.028871,2026-03-10 17:47:03.392,ARDUINO_PSI,Arduino,0.000,0.000,13.075,,
263.128801,2026-03-10 17:47:03.492,ARDUINO_PSI,Arduino,0.000,0.000,13.085,,
263.227055,2026-03-10 17:47:03.590,ARDUINO_PSI,Arduino,0.000,0.000,13.073,,
263.328570,2026-03-10 17:47:03.692,ARDUINO_PSI,Arduino,0.000,0.000,13.066,,
263.427681,2026-03-10 17:47:03.791,ARDUINO_PSI,Arduino,0.000,0.000,13.064,,
263.529185,2026-03-10 17:47:03.892,ARDUINO_PSI,Arduino,0.000,0.000,13.075,,
263.629105,2026-03-10 17:47:03.992,ARDUINO_PSI,Arduino,0.000,0.000,13.078,,
263.728999,2026-03-10 17:47:04.092,ARDUINO_PSI,Arduino,0.000,0.000,13.064,,
263.827904,2026-03-10 17:47:04.191,ARDUINO_PSI,Arduino,0.000,0.000,13.064,,
263.929190,2026-03-10 17:47:04.292,ARDUINO_PSI,Arduino,0.000,0.000,13.073,,
264.029849,2026-03-10 17:47:04.393,ARDUINO_PSI,Arduino,0.000,0.000,13.059,,
264.128681,2026-03-10 17:47:04.492,ARDUINO_PSI,Arduino,0.000,0.000,13.055,,
264.228970,2026-03-10 17:47:04.592,ARDUINO_PSI,Arduino,0.000,0.000,13.041,,
264.328733,2026-03-10 17:47:04.692,ARDUINO_PSI,Arduino,0.000,0.000,13.039,,
264.427504,2026-03-10 17:47:04.790,ARDUINO_PSI,Arduino,0.000,0.000,13.046,,
264.528795,2026-03-10 17:47:04.892,ARDUINO_PSI,Arduino,0.000,0.000,13.048,,
264.628997,2026-03-10 17:47:04.992,ARDUINO_PSI,Arduino,0.000,0.000,13.043,,
264.729465,2026-03-10 17:47:05.092,ARDUINO_PSI,Arduino,0.000,0.000,13.041,,
264.828458,2026-03-10 17:47:05.191,ARDUINO_PSI,Arduino,0.000,0.000,13.048,,
264.927594,2026-03-10 17:47:05.291,ARDUINO_PSI,Arduino,0.000,0.000,13.041,,
265.028692,2026-03-10 17:47:05.392,ARDUINO_PSI,Arduino,0.000,0.000,13.032,,
265.129039,2026-03-10 17:47:05.492,ARDUINO_PSI,Arduino,0.000,0.000,13.025,,
265.227591,2026-03-10 17:47:05.591,ARDUINO_PSI,Arduino,0.000,0.000,13.043,,
265.328962,2026-03-10 17:47:05.692,ARDUINO_PSI,Arduino,0.000,0.000,13.046,,
265.427607,2026-03-10 17:47:05.791,ARDUINO_PSI,Arduino,0.000,0.000,13.064,,
265.527648,2026-03-10 17:47:05.891,ARDUINO_PSI,Arduino,0.000,0.000,13.064,,
265.627776,2026-03-10 17:47:05.991,ARDUINO_PSI,Arduino,0.000,0.000,13.057,,
265.727146,2026-03-10 17:47:06.090,ARDUINO_PSI,Arduino,0.000,0.000,13.055,,
265.827312,2026-03-10 17:47:06.192,ARDUINO_PSI,Arduino,0.000,0.000,13.050,,
265.927053,2026-03-10 17:47:06.290,ARDUINO_PSI,Arduino,0.000,0.000,13.043,,
266.028678,2026-03-10 17:47:06.392,ARDUINO_PSI,Arduino,0.000,0.000,13.059,,
266.127254,2026-03-10 17:47:06.490,ARDUINO_PSI,Arduino,0.000,0.000,13.062,,
266.228814,2026-03-10 17:47:06.592,ARDUINO_PSI,Arduino,0.000,0.000,13.064,,
266.327176,2026-03-10 17:47:06.690,ARDUINO_PSI,Arduino,0.000,0.000,13.064,,
266.427261,2026-03-10 17:47:06.790,ARDUINO_PSI,Arduino,0.000,0.000,13.057,,
266.527665,2026-03-10 17:47:06.891,ARDUINO_PSI,Arduino,0.000,0.000,13.057,,
266.627532,2026-03-10 17:47:06.990,ARDUINO_PSI,Arduino,0.000,0.000,13.057,,
266.727177,2026-03-10 17:47:07.090,ARDUINO_PSI,Arduino,0.000,0.000,13.053,,
266.828851,2026-03-10 17:47:07.192,ARDUINO_PSI,Arduino,0.000,0.000,13.050,,
266.927033,2026-03-10 17:47:07.290,ARDUINO_PSI,Arduino,0.000,0.000,13.043,,
267.027626,2026-03-10 17:47:07.391,ARDUINO_PSI,Arduino,0.000,0.000,13.046,,
267.127530,2026-03-10 17:47:07.490,ARDUINO_PSI,Arduino,0.000,0.000,13.043,,
267.228573,2026-03-10 17:47:07.592,ARDUINO_PSI,Arduino,0.000,0.000,13.030,,
267.327314,2026-03-10 17:47:07.690,ARDUINO_PSI,Arduino,0.000,0.000,13.018,,
267.428711,2026-03-10 17:47:07.792,ARDUINO_PSI,Arduino,0.000,0.000,13.000,,
267.528946,2026-03-10 17:47:07.892,ARDUINO_PSI,Arduino,0.000,0.000,12.993,,
267.628994,2026-03-10 17:47:07.992,ARDUINO_PSI,Arduino,0.000,0.000,12.993,,
267.728601,2026-03-10 17:47:08.092,ARDUINO_PSI,Arduino,0.000,0.000,13.005,,
267.828096,2026-03-10 17:47:08.191,ARDUINO_PSI,Arduino,0.000,0.000,13.002,,
267.928714,2026-03-10 17:47:08.292,ARDUINO_PSI,Arduino,0.000,0.000,13.011,,
268.029004,2026-03-10 17:47:08.392,ARDUINO_PSI,Arduino,0.000,0.000,13.000,,
268.129798,2026-03-10 17:47:08.493,ARDUINO_PSI,Arduino,0.000,0.000,13.007,,
268.227637,2026-03-10 17:47:08.591,ARDUINO_PSI,Arduino,0.000,0.000,13.009,,
268.327185,2026-03-10 17:47:08.690,ARDUINO_PSI,Arduino,0.000,0.000,13.002,,
268.428620,2026-03-10 17:47:08.792,ARDUINO_PSI,Arduino,0.000,0.000,13.000,,
268.527418,2026-03-10 17:47:08.890,ARDUINO_PSI,Arduino,0.000,0.000,13.002,,
268.627618,2026-03-10 17:47:08.991,ARDUINO_PSI,Arduino,0.000,0.000,13.005,,
268.728686,2026-03-10 17:47:09.092,ARDUINO_PSI,Arduino,0.000,0.000,13.011,,
268.827487,2026-03-10 17:47:09.190,ARDUINO_PSI,Arduino,0.000,0.000,13.021,,
268.929429,2026-03-10 17:47:09.292,ARDUINO_PSI,Arduino,0.000,0.000,13.021,,
269.027617,2026-03-10 17:47:09.391,ARDUINO_PSI,Arduino,0.000,0.000,13.025,,
269.128810,2026-03-10 17:47:09.492,ARDUINO_PSI,Arduino,0.000,0.000,13.023,,
269.228842,2026-03-10 17:47:09.592,ARDUINO_PSI,Arduino,0.000,0.000,13.030,,
269.328580,2026-03-10 17:47:09.692,ARDUINO_PSI,Arduino,0.000,0.000,13.039,,
269.429647,2026-03-10 17:47:09.793,ARDUINO_PSI,Arduino,0.000,0.000,13.046,,
269.527120,2026-03-10 17:47:09.890,ARDUINO_PSI,Arduino,0.000,0.000,13.034,,
269.628666,2026-03-10 17:47:09.992,ARDUINO_PSI,Arduino,0.000,0.000,13.039,,
269.727134,2026-03-10 17:47:10.090,ARDUINO_PSI,Arduino,0.000,0.000,13.037,,
269.828125,2026-03-10 17:47:10.191,ARDUINO_PSI,Arduino,0.000,0.000,13.041,,
269.928829,2026-03-10 17:47:10.292,ARDUINO_PSI,Arduino,0.000,0.000,13.039,,
270.028712,2026-03-10 17:47:10.392,ARDUINO_PSI,Arduino,0.000,0.000,13.039,,
270.127546,2026-03-10 17:47:10.490,ARDUINO_PSI,Arduino,0.000,0.000,13.030,,
270.227057,2026-03-10 17:47:10.590,ARDUINO_PSI,Arduino,0.000,0.000,13.021,,
270.329107,2026-03-10 17:47:10.692,ARDUINO_PSI,Arduino,0.000,0.000,13.034,,
270.428554,2026-03-10 17:47:10.792,ARDUINO_PSI,Arduino,0.000,0.000,13.030,,
270.527140,2026-03-10 17:47:10.890,ARDUINO_PSI,Arduino,0.000,0.000,13.032,,
270.629455,2026-03-10 17:47:10.992,ARDUINO_PSI,Arduino,0.000,0.000,13.034,,
270.727239,2026-03-10 17:47:11.090,ARDUINO_PSI,Arduino,0.000,0.000,13.034,,
270.827261,2026-03-10 17:47:11.190,ARDUINO_PSI,Arduino,0.000,0.000,13.025,,
270.928746,2026-03-10 17:47:11.292,ARDUINO_PSI,Arduino,0.000,0.000,13.030,,
271.027537,2026-03-10 17:47:11.390,ARDUINO_PSI,Arduino,0.000,0.000,13.039,,
271.128610,2026-03-10 17:47:11.492,ARDUINO_PSI,Arduino,0.000,0.000,13.041,,
271.227130,2026-03-10 17:47:11.590,ARDUINO_PSI,Arduino,0.000,0.000,13.030,,
271.327030,2026-03-10 17:47:11.690,ARDUINO_PSI,Arduino,0.000,0.000,13.027,,
271.427069,2026-03-10 17:47:11.790,ARDUINO_PSI,Arduino,0.000,0.000,13.027,,
271.527618,2026-03-10 17:47:11.891,ARDUINO_PSI,Arduino,0.000,0.000,13.034,,
271.628539,2026-03-10 17:47:11.992,ARDUINO_PSI,Arduino,0.000,0.000,13.023,,
271.728385,2026-03-10 17:47:12.091,ARDUINO_PSI,Arduino,0.000,0.000,13.025,,
271.829760,2026-03-10 17:47:12.193,ARDUINO_PSI,Arduino,0.000,0.000,13.025,,
271.928701,2026-03-10 17:47:12.292,ARDUINO_PSI,Arduino,0.000,0.000,13.014,,
272.029368,2026-03-10 17:47:12.392,ARDUINO_PSI,Arduino,0.000,0.000,13.018,,
272.127559,2026-03-10 17:47:12.491,ARDUINO_PSI,Arduino,0.000,0.000,13.018,,
272.228950,2026-03-10 17:47:12.592,ARDUINO_PSI,Arduino,0.000,0.000,13.021,,
272.327208,2026-03-10 17:47:12.690,ARDUINO_PSI,Arduino,0.000,0.000,13.016,,
272.427584,2026-03-10 17:47:12.791,ARDUINO_PSI,Arduino,0.000,0.000,13.009,,
272.527239,2026-03-10 17:47:12.890,ARDUINO_PSI,Arduino,0.000,0.000,13.002,,
272.628399,2026-03-10 17:47:12.991,ARDUINO_PSI,Arduino,0.000,0.000,13.002,,
272.728787,2026-03-10 17:47:13.092,ARDUINO_PSI,Arduino,0.000,0.000,13.000,,
272.827056,2026-03-10 17:47:13.190,ARDUINO_PSI,Arduino,0.000,0.000,13.011,,
272.928446,2026-03-10 17:47:13.291,ARDUINO_PSI,Arduino,0.000,0.000,13.016,,
273.029546,2026-03-10 17:47:13.392,ARDUINO_PSI,Arduino,0.000,0.000,13.014,,
273.129200,2026-03-10 17:47:13.492,ARDUINO_PSI,Arduino,0.000,0.000,13.021,,
273.228567,2026-03-10 17:47:13.592,ARDUINO_PSI,Arduino,0.000,0.000,13.027,,
273.328982,2026-03-10 17:47:13.692,ARDUINO_PSI,Arduino,0.000,0.000,13.021,,
273.428729,2026-03-10 17:47:13.792,ARDUINO_PSI,Arduino,0.000,0.000,13.025,,
273.528636,2026-03-10 17:47:13.892,ARDUINO_PSI,Arduino,0.000,0.000,13.021,,
273.629149,2026-03-10 17:47:13.992,ARDUINO_PSI,Arduino,0.000,0.000,13.027,,
273.728841,2026-03-10 17:47:14.092,ARDUINO_PSI,Arduino,0.000,0.000,13.037,,
273.828634,2026-03-10 17:47:14.192,ARDUINO_PSI,Arduino,0.000,0.000,13.027,,
273.927874,2026-03-10 17:47:14.291,ARDUINO_PSI,Arduino,0.000,0.000,13.032,,
274.027469,2026-03-10 17:47:14.390,ARDUINO_PSI,Arduino,0.000,0.000,13.034,,
274.127224,2026-03-10 17:47:14.490,ARDUINO_PSI,Arduino,0.000,0.000,13.041,,
274.227579,2026-03-10 17:47:14.591,ARDUINO_PSI,Arduino,0.000,0.000,13.055,,
274.329067,2026-03-10 17:47:14.692,ARDUINO_PSI,Arduino,0.000,0.000,13.053,,
274.428795,2026-03-10 17:47:14.792,ARDUINO_PSI,Arduino,0.000,0.000,13.069,,
274.528532,2026-03-10 17:47:14.891,ARDUINO_PSI,Arduino,0.000,0.000,13.069,,
274.627527,2026-03-10 17:47:14.990,ARDUINO_PSI,Arduino,0.000,0.000,13.066,,
274.728743,2026-03-10 17:47:15.092,ARDUINO_PSI,Arduino,0.000,0.000,13.064,,
274.827279,2026-03-10 17:47:15.190,ARDUINO_PSI,Arduino,0.000,0.000,13.055,,
274.927509,2026-03-10 17:47:15.290,ARDUINO_PSI,Arduino,0.000,0.000,13.057,,
275.030556,2026-03-10 17:47:15.394,ARDUINO_PSI,Arduino,0.000,0.000,13.043,,
275.127007,2026-03-10 17:47:15.490,ARDUINO_PSI,Arduino,0.000,0.000,13.037,,
275.228600,2026-03-10 17:47:15.592,ARDUINO_PSI,Arduino,0.000,0.000,13.030,,
275.327316,2026-03-10 17:47:15.690,ARDUINO_PSI,Arduino,0.000,0.000,13.032,,
275.428817,2026-03-10 17:47:15.792,ARDUINO_PSI,Arduino,0.000,0.000,13.030,,
275.527378,2026-03-10 17:47:15.890,ARDUINO_PSI,Arduino,0.000,0.000,13.039,,
275.628995,2026-03-10 17:47:15.992,ARDUINO_PSI,Arduino,0.000,0.000,13.048,,
275.728636,2026-03-10 17:47:16.092,ARDUINO_PSI,Arduino,0.000,0.000,13.027,,
275.828724,2026-03-10 17:47:16.192,ARDUINO_PSI,Arduino,0.000,0.000,13.032,,
275.928795,2026-03-10 17:47:16.292,ARDUINO_PSI,Arduino,0.000,0.000,13.037,,
276.027127,2026-03-10 17:47:16.390,ARDUINO_PSI,Arduino,0.000,0.000,13.030,,
276.128735,2026-03-10 17:47:16.492,ARDUINO_PSI,Arduino,0.000,0.000,13.025,,
276.229022,2026-03-10 17:47:16.592,ARDUINO_PSI,Arduino,0.000,0.000,13.016,,
276.327243,2026-03-10 17:47:16.690,ARDUINO_PSI,Arduino,0.000,0.000,13.018,,
276.427076,2026-03-10 17:47:16.790,ARDUINO_PSI,Arduino,0.000,0.000,13.016,,
276.529232,2026-03-10 17:47:16.892,ARDUINO_PSI,Arduino,0.000,0.000,13.032,,
276.628870,2026-03-10 17:47:16.992,ARDUINO_PSI,Arduino,0.000,0.000,13.027,,
276.729566,2026-03-10 17:47:17.093,ARDUINO_PSI,Arduino,0.000,0.000,13.039,,
276.828273,2026-03-10 17:47:17.191,ARDUINO_PSI,Arduino,0.000,0.000,13.046,,
276.928688,2026-03-10 17:47:17.292,ARDUINO_PSI,Arduino,0.000,0.000,13.043,,
277.027372,2026-03-10 17:47:17.390,ARDUINO_PSI,Arduino,0.000,0.000,13.043,,
277.127605,2026-03-10 17:47:17.491,ARDUINO_PSI,Arduino,0.000,0.000,13.053,,
277.228730,2026-03-10 17:47:17.592,ARDUINO_PSI,Arduino,0.000,0.000,13.055,,
277.328087,2026-03-10 17:47:17.691,ARDUINO_PSI,Arduino,0.000,0.000,13.053,,
277.428870,2026-03-10 17:47:17.792,ARDUINO_PSI,Arduino,0.000,0.000,13.053,,
277.528765,2026-03-10 17:47:17.892,ARDUINO_PSI,Arduino,0.000,0.000,13.041,,
277.628673,2026-03-10 17:47:17.992,ARDUINO_PSI,Arduino,0.000,0.000,13.034,,
277.728396,2026-03-10 17:47:18.091,ARDUINO_PSI,Arduino,0.000,0.000,13.048,,
277.827636,2026-03-10 17:47:18.191,ARDUINO_PSI,Arduino,0.000,0.000,13.043,,
277.929863,2026-03-10 17:47:18.293,ARDUINO_PSI,Arduino,0.000,0.000,13.032,,
278.030026,2026-03-10 17:47:18.393,ARDUINO_PSI,Arduino,0.000,0.000,13.043,,
278.127773,2026-03-10 17:47:18.491,ARDUINO_PSI,Arduino,0.000,0.000,13.048,,
278.228725,2026-03-10 17:47:18.592,ARDUINO_PSI,Arduino,0.000,0.000,13.050,,
278.327678,2026-03-10 17:47:18.691,ARDUINO_PSI,Arduino,0.000,0.000,13.050,,
278.427439,2026-03-10 17:47:18.790,ARDUINO_PSI,Arduino,0.000,0.000,13.041,,
278.528470,2026-03-10 17:47:18.891,ARDUINO_PSI,Arduino,0.000,0.000,13.027,,
278.628994,2026-03-10 17:47:18.992,ARDUINO_PSI,Arduino,0.000,0.000,13.043,,
278.728882,2026-03-10 17:47:19.092,ARDUINO_PSI,Arduino,0.000,0.000,13.041,,
278.828855,2026-03-10 17:47:19.192,ARDUINO_PSI,Arduino,0.000,0.000,13.032,,
278.927331,2026-03-10 17:47:19.290,ARDUINO_PSI,Arduino,0.000,0.000,13.025,,
279.028737,2026-03-10 17:47:19.392,ARDUINO_PSI,Arduino,0.000,0.000,13.027,,
279.127680,2026-03-10 17:47:19.491,ARDUINO_PSI,Arduino,0.000,0.000,13.021,,
279.227282,2026-03-10 17:47:19.590,ARDUINO_PSI,Arduino,0.000,0.000,13.037,,
279.327161,2026-03-10 17:47:19.690,ARDUINO_PSI,Arduino,0.000,0.000,13.037,,
279.427279,2026-03-10 17:47:19.790,ARDUINO_PSI,Arduino,0.000,0.000,13.039,,
279.528166,2026-03-10 17:47:19.891,ARDUINO_PSI,Arduino,0.000,0.000,13.048,,
279.628372,2026-03-10 17:47:19.991,ARDUINO_PSI,Arduino,0.000,0.000,13.048,,
279.727567,2026-03-10 17:47:20.091,ARDUINO_PSI,Arduino,0.000,0.000,13.037,,
279.827731,2026-03-10 17:47:20.191,ARDUINO_PSI,Arduino,0.000,0.000,13.043,,
279.927611,2026-03-10 17:47:20.291,ARDUINO_PSI,Arduino,0.000,0.000,13.055,,
280.027722,2026-03-10 17:47:20.391,ARDUINO_PSI,Arduino,0.000,0.000,13.043,,
280.127561,2026-03-10 17:47:20.491,ARDUINO_PSI,Arduino,0.000,0.000,13.048,,
280.227631,2026-03-10 17:47:20.591,ARDUINO_PSI,Arduino,0.000,0.000,13.046,,
280.327255,2026-03-10 17:47:20.690,ARDUINO_PSI,Arduino,0.000,0.000,13.048,,
280.428290,2026-03-10 17:47:20.791,ARDUINO_PSI,Arduino,0.000,0.000,13.055,,
280.528166,2026-03-10 17:47:20.891,ARDUINO_PSI,Arduino,0.000,0.000,13.066,,
280.627567,2026-03-10 17:47:20.991,ARDUINO_PSI,Arduino,0.000,0.000,13.059,,
280.728206,2026-03-10 17:47:21.091,ARDUINO_PSI,Arduino,0.000,0.000,13.055,,
280.827588,2026-03-10 17:47:21.191,ARDUINO_PSI,Arduino,0.000,0.000,13.050,,
280.928334,2026-03-10 17:47:21.291,ARDUINO_PSI,Arduino,0.000,0.000,13.053,,
281.027590,2026-03-10 17:47:21.391,ARDUINO_PSI,Arduino,0.000,0.000,13.055,,
281.127598,2026-03-10 17:47:21.491,ARDUINO_PSI,Arduino,0.000,0.000,13.064,,
281.227692,2026-03-10 17:47:21.591,ARDUINO_PSI,Arduino,0.000,0.000,13.053,,
281.327459,2026-03-10 17:47:21.690,ARDUINO_PSI,Arduino,0.000,0.000,13.062,,
281.427613,2026-03-10 17:47:21.791,ARDUINO_PSI,Arduino,0.000,0.000,13.062,,
281.528685,2026-03-10 17:47:21.892,ARDUINO_PSI,Arduino,0.000,0.000,13.057,,
281.627648,2026-03-10 17:47:21.991,ARDUINO_PSI,Arduino,0.000,0.000,13.055,,
281.727884,2026-03-10 17:47:22.091,ARDUINO_PSI,Arduino,0.000,0.000,13.069,,
281.827060,2026-03-10 17:47:22.190,ARDUINO_PSI,Arduino,0.000,0.000,13.071,,
281.928495,2026-03-10 17:47:22.292,ARDUINO_PSI,Arduino,0.000,0.000,13.064,,
282.028205,2026-03-10 17:47:22.391,ARDUINO_PSI,Arduino,0.000,0.000,13.064,,
282.128318,2026-03-10 17:47:22.491,ARDUINO_PSI,Arduino,0.000,0.000,13.055,,
282.228206,2026-03-10 17:47:22.591,ARDUINO_PSI,Arduino,0.000,0.000,13.059,,
282.328561,2026-03-10 17:47:22.692,ARDUINO_PSI,Arduino,0.000,0.000,13.043,,
282.427498,2026-03-10 17:47:22.790,ARDUINO_PSI,Arduino,0.000,0.000,13.043,,
282.528316,2026-03-10 17:47:22.891,ARDUINO_PSI,Arduino,0.000,0.000,13.039,,
282.629487,2026-03-10 17:47:22.992,ARDUINO_PSI,Arduino,0.000,0.000,13.039,,
282.727863,2026-03-10 17:47:23.091,ARDUINO_PSI,Arduino,0.000,0.000,13.043,,
282.827578,2026-03-10 17:47:23.191,ARDUINO_PSI,Arduino,0.000,0.000,13.057,,
282.929748,2026-03-10 17:47:23.293,ARDUINO_PSI,Arduino,0.000,0.000,13.057,,
283.028910,2026-03-10 17:47:23.392,ARDUINO_PSI,Arduino,0.000,0.000,13.062,,
283.128472,2026-03-10 17:47:23.492,ARDUINO_PSI,Arduino,0.000,0.000,13.062,,
283.227742,2026-03-10 17:47:23.591,ARDUINO_PSI,Arduino,0.000,0.000,13.057,,
283.327681,2026-03-10 17:47:23.691,ARDUINO_PSI,Arduino,0.000,0.000,13.062,,
283.427520,2026-03-10 17:47:23.790,ARDUINO_PSI,Arduino,0.000,0.000,13.062,,
283.528429,2026-03-10 17:47:23.892,ARDUINO_PSI,Arduino,0.000,0.000,13.064,,
283.627113,2026-03-10 17:47:23.990,ARDUINO_PSI,Arduino,0.000,0.000,13.071,,
283.728114,2026-03-10 17:47:24.091,ARDUINO_PSI,Arduino,0.000,0.000,13.075,,
283.827068,2026-03-10 17:47:24.190,ARDUINO_PSI,Arduino,0.000,0.000,13.082,,
283.927149,2026-03-10 17:47:24.290,ARDUINO_PSI,Arduino,0.000,0.000,13.098,,
284.027033,2026-03-10 17:47:24.390,ARDUINO_PSI,Arduino,0.000,0.000,13.101,,
284.127093,2026-03-10 17:47:24.490,ARDUINO_PSI,Arduino,0.000,0.000,13.096,,
284.227680,2026-03-10 17:47:24.591,ARDUINO_PSI,Arduino,0.000,0.000,13.098,,
284.327141,2026-03-10 17:47:24.690,ARDUINO_PSI,Arduino,0.000,0.000,13.110,,
284.427619,2026-03-10 17:47:24.791,ARDUINO_PSI,Arduino,0.000,0.000,13.110,,
284.529631,2026-03-10 17:47:24.893,ARDUINO_PSI,Arduino,0.000,0.000,13.112,,
284.627950,2026-03-10 17:47:24.991,ARDUINO_PSI,Arduino,0.000,0.000,13.114,,
284.728220,2026-03-10 17:47:25.091,ARDUINO_PSI,Arduino,0.000,0.000,13.110,,
284.827738,2026-03-10 17:47:25.191,ARDUINO_PSI,Arduino,0.000,0.000,13.103,,
284.927469,2026-03-10 17:47:25.290,ARDUINO_PSI,Arduino,0.000,0.000,13.105,,
285.028341,2026-03-10 17:47:25.392,ARDUINO_PSI,Arduino,0.000,0.000,13.101,,
285.127724,2026-03-10 17:47:25.491,ARDUINO_PSI,Arduino,0.000,0.000,13.094,,
285.227540,2026-03-10 17:47:25.590,ARDUINO_PSI,Arduino,0.000,0.000,13.105,,
285.327840,2026-03-10 17:47:25.691,ARDUINO_PSI,Arduino,0.000,0.000,13.101,,
285.427754,2026-03-10 17:47:25.791,ARDUINO_PSI,Arduino,0.000,0.000,13.096,,
285.529776,2026-03-10 17:47:25.893,ARDUINO_PSI,Arduino,0.000,0.000,13.094,,
285.627065,2026-03-10 17:47:25.990,ARDUINO_PSI,Arduino,0.000,0.000,13.089,,
285.727659,2026-03-10 17:47:26.091,ARDUINO_PSI,Arduino,0.000,0.000,13.075,,
285.827750,2026-03-10 17:47:26.191,ARDUINO_PSI,Arduino,0.000,0.000,13.057,,
285.927470,2026-03-10 17:47:26.290,ARDUINO_PSI,Arduino,0.000,0.000,13.048,,
286.027565,2026-03-10 17:47:26.391,ARDUINO_PSI,Arduino,0.000,0.000,13.046,,
286.127639,2026-03-10 17:47:26.491,ARDUINO_PSI,Arduino,0.000,0.000,13.046,,
286.228100,2026-03-10 17:47:26.591,ARDUINO_PSI,Arduino,0.000,0.000,13.039,,
286.327729,2026-03-10 17:47:26.691,ARDUINO_PSI,Arduino,0.000,0.000,13.025,,
286.427733,2026-03-10 17:47:26.791,ARDUINO_PSI,Arduino,0.000,0.000,13.025,,
286.528399,2026-03-10 17:47:26.891,ARDUINO_PSI,Arduino,0.000,0.000,13.014,,
286.627732,2026-03-10 17:47:26.991,ARDUINO_PSI,Arduino,0.000,0.000,13.005,,
286.727213,2026-03-10 17:47:27.090,ARDUINO_PSI,Arduino,0.000,0.000,13.005,,
286.828192,2026-03-10 17:47:27.191,ARDUINO_PSI,Arduino,0.000,0.000,13.009,,
286.927707,2026-03-10 17:47:27.291,ARDUINO_PSI,Arduino,0.000,0.000,13.005,,
287.028595,2026-03-10 17:47:27.392,ARDUINO_PSI,Arduino,0.000,0.000,13.000,,
287.127452,2026-03-10 17:47:27.490,ARDUINO_PSI,Arduino,0.000,0.000,13.000,,
287.227756,2026-03-10 17:47:27.591,ARDUINO_PSI,Arduino,0.000,0.000,12.984,,
287.327121,2026-03-10 17:47:27.690,ARDUINO_PSI,Arduino,0.000,0.000,12.975,,
287.429731,2026-03-10 17:47:27.793,ARDUINO_PSI,Arduino,0.000,0.000,12.977,,
287.527360,2026-03-10 17:47:27.890,ARDUINO_PSI,Arduino,0.000,0.000,12.979,,
287.628082,2026-03-10 17:47:27.991,ARDUINO_PSI,Arduino,0.000,0.000,12.984,,
287.727695,2026-03-10 17:47:28.091,ARDUINO_PSI,Arduino,0.000,0.000,12.995,,
287.827141,2026-03-10 17:47:28.190,ARDUINO_PSI,Arduino,0.000,0.000,13.000,,
287.928593,2026-03-10 17:47:28.292,ARDUINO_PSI,Arduino,0.000,0.000,13.014,,
288.027200,2026-03-10 17:47:28.390,ARDUINO_PSI,Arduino,0.000,0.000,13.021,,
288.127073,2026-03-10 17:47:28.490,ARDUINO_PSI,Arduino,0.000,0.000,13.032,,
288.227507,2026-03-10 17:47:28.590,ARDUINO_PSI,Arduino,0.000,0.000,13.034,,
288.328634,2026-03-10 17:47:28.692,ARDUINO_PSI,Arduino,0.000,0.000,13.048,,
288.427584,2026-03-10 17:47:28.791,ARDUINO_PSI,Arduino,0.000,0.000,13.055,,
288.529670,2026-03-10 17:47:28.893,ARDUINO_PSI,Arduino,0.000,0.000,13.059,,
288.628187,2026-03-10 17:47:28.991,ARDUINO_PSI,Arduino,0.000,0.000,13.057,,
288.727521,2026-03-10 17:47:29.090,ARDUINO_PSI,Arduino,0.000,0.000,13.057,,
288.827045,2026-03-10 17:47:29.190,ARDUINO_PSI,Arduino,0.000,0.000,13.050,,
288.927620,2026-03-10 17:47:29.291,ARDUINO_PSI,Arduino,0.000,0.000,13.050,,
289.028114,2026-03-10 17:47:29.391,ARDUINO_PSI,Arduino,0.000,0.000,13.046,,
289.127524,2026-03-10 17:47:29.490,ARDUINO_PSI,Arduino,0.000,0.000,13.048,,
289.228118,2026-03-10 17:47:29.591,ARDUINO_PSI,Arduino,0.000,0.000,13.048,,
289.327518,2026-03-10 17:47:29.690,ARDUINO_PSI,Arduino,0.000,0.000,13.046,,
289.427615,2026-03-10 17:47:29.791,ARDUINO_PSI,Arduino,0.000,0.000,13.039,,
289.528733,2026-03-10 17:47:29.892,ARDUINO_PSI,Arduino,0.000,0.000,13.034,,
289.627512,2026-03-10 17:47:29.990,ARDUINO_PSI,Arduino,0.000,0.000,13.030,,
289.728239,2026-03-10 17:47:30.091,ARDUINO_PSI,Arduino,0.000,0.000,13.023,,
289.827575,2026-03-10 17:47:30.191,ARDUINO_PSI,Arduino,0.000,0.000,13.027,,
289.928300,2026-03-10 17:47:30.291,ARDUINO_PSI,Arduino,0.000,0.000,13.009,,
290.027933,2026-03-10 17:47:30.391,ARDUINO_PSI,Arduino,0.000,0.000,13.002,,
290.127401,2026-03-10 17:47:30.490,ARDUINO_PSI,Arduino,0.000,0.000,12.991,,
290.229023,2026-03-10 17:47:30.592,ARDUINO_PSI,Arduino,0.000,0.000,13.000,,
290.327687,2026-03-10 17:47:30.691,ARDUINO_PSI,Arduino,0.000,0.000,12.993,,
290.428347,2026-03-10 17:47:30.791,ARDUINO_PSI,Arduino,0.000,0.000,12.989,,
290.527899,2026-03-10 17:47:30.891,ARDUINO_PSI,Arduino,0.000,0.000,12.991,,
290.627864,2026-03-10 17:47:30.991,ARDUINO_PSI,Arduino,0.000,0.000,13.002,,
290.727663,2026-03-10 17:47:31.091,ARDUINO_PSI,Arduino,0.000,0.000,13.002,,
290.828238,2026-03-10 17:47:31.192,ARDUINO_PSI,Arduino,0.000,0.000,13.005,,
290.928719,2026-03-10 17:47:31.292,ARDUINO_PSI,Arduino,0.000,0.000,13.009,,
291.027609,2026-03-10 17:47:31.391,ARDUINO_PSI,Arduino,0.000,0.000,13.011,,
291.128035,2026-03-10 17:47:31.491,ARDUINO_PSI,Arduino,0.000,0.000,13.014,,
291.227669,2026-03-10 17:47:31.591,ARDUINO_PSI,Arduino,0.000,0.000,13.021,,
291.329183,2026-03-10 17:47:31.692,ARDUINO_PSI,Arduino,0.000,0.000,13.027,,
291.427547,2026-03-10 17:47:31.790,ARDUINO_PSI,Arduino,0.000,0.000,13.032,,
291.529959,2026-03-10 17:47:31.893,ARDUINO_PSI,Arduino,0.000,0.000,13.034,,
291.627948,2026-03-10 17:47:31.991,ARDUINO_PSI,Arduino,0.000,0.000,13.043,,
291.729246,2026-03-10 17:47:32.092,ARDUINO_PSI,Arduino,0.000,0.000,13.041,,
291.827633,2026-03-10 17:47:32.191,ARDUINO_PSI,Arduino,0.000,0.000,13.039,,
291.927616,2026-03-10 17:47:32.291,ARDUINO_PSI,Arduino,0.000,0.000,13.037,,
292.028287,2026-03-10 17:47:32.391,ARDUINO_PSI,Arduino,0.000,0.000,13.027,,
292.127477,2026-03-10 17:47:32.490,ARDUINO_PSI,Arduino,0.000,0.000,13.032,,
292.228244,2026-03-10 17:47:32.591,ARDUINO_PSI,Arduino,0.000,0.000,13.025,,
292.327038,2026-03-10 17:47:32.690,ARDUINO_PSI,Arduino,0.000,0.000,13.027,,
292.427688,2026-03-10 17:47:32.791,ARDUINO_PSI,Arduino,0.000,0.000,13.023,,
292.527023,2026-03-10 17:47:32.890,ARDUINO_PSI,Arduino,0.000,0.000,13.018,,
292.627518,2026-03-10 17:47:32.990,ARDUINO_PSI,Arduino,0.000,0.000,13.016,,
292.729150,2026-03-10 17:47:33.092,ARDUINO_PSI,Arduino,0.000,0.000,13.016,,
292.827140,2026-03-10 17:47:33.190,ARDUINO_PSI,Arduino,0.000,0.000,13.018,,
292.927585,2026-03-10 17:47:33.291,ARDUINO_PSI,Arduino,0.000,0.000,13.011,,
293.029470,2026-03-10 17:47:33.392,ARDUINO_PSI,Arduino,0.000,0.000,13.018,,
293.127250,2026-03-10 17:47:33.490,ARDUINO_PSI,Arduino,0.000,0.000,13.009,,
293.227529,2026-03-10 17:47:33.590,ARDUINO_PSI,Arduino,0.000,0.000,13.009,,
293.328284,2026-03-10 17:47:33.691,ARDUINO_PSI,Arduino,0.000,0.000,13.011,,
293.429906,2026-03-10 17:47:33.793,ARDUINO_PSI,Arduino,0.000,0.000,13.011,,
293.527945,2026-03-10 17:47:33.891,ARDUINO_PSI,Arduino,0.000,0.000,13.005,,
293.628136,2026-03-10 17:47:33.991,ARDUINO_PSI,Arduino,0.000,0.000,12.993,,
293.729808,2026-03-10 17:47:34.093,ARDUINO_PSI,Arduino,0.000,0.000,12.991,,
293.828059,2026-03-10 17:47:34.191,ARDUINO_PSI,Arduino,0.000,0.000,12.995,,
293.928202,2026-03-10 17:47:34.291,ARDUINO_PSI,Arduino,0.000,0.000,13.009,,
294.028107,2026-03-10 17:47:34.391,ARDUINO_PSI,Arduino,0.000,0.000,13.016,,
294.127625,2026-03-10 17:47:34.491,ARDUINO_PSI,Arduino,0.000,0.000,13.014,,
294.227590,2026-03-10 17:47:34.591,ARDUINO_PSI,Arduino,0.000,0.000,13.011,,
294.327670,2026-03-10 17:47:34.691,ARDUINO_PSI,Arduino,0.000,0.000,13.025,,
294.427847,2026-03-10 17:47:34.791,ARDUINO_PSI,Arduino,0.000,0.000,13.027,,
294.529841,2026-03-10 17:47:34.893,ARDUINO_PSI,Arduino,0.000,0.000,13.027,,
294.628130,2026-03-10 17:47:34.991,ARDUINO_PSI,Arduino,0.000,0.000,13.034,,
294.727680,2026-03-10 17:47:35.091,ARDUINO_PSI,Arduino,0.000,0.000,13.039,,
294.827619,2026-03-10 17:47:35.191,ARDUINO_PSI,Arduino,0.000,0.000,13.034,,
294.927736,2026-03-10 17:47:35.291,ARDUINO_PSI,Arduino,0.000,0.000,13.039,,
295.027787,2026-03-10 17:47:35.391,ARDUINO_PSI,Arduino,0.000,0.000,13.046,,
295.127476,2026-03-10 17:47:35.490,ARDUINO_PSI,Arduino,0.000,0.000,13.046,,
295.228625,2026-03-10 17:47:35.592,ARDUINO_PSI,Arduino,0.000,0.000,13.050,,
295.327101,2026-03-10 17:47:35.690,ARDUINO_PSI,Arduino,0.000,0.000,13.050,,
295.427028,2026-03-10 17:47:35.790,ARDUINO_PSI,Arduino,0.000,0.000,13.055,,
295.527206,2026-03-10 17:47:35.890,ARDUINO_PSI,Arduino,0.000,0.000,13.050,,
295.627728,2026-03-10 17:47:35.991,ARDUINO_PSI,Arduino,0.000,0.000,13.057,,
295.727282,2026-03-10 17:47:36.090,ARDUINO_PSI,Arduino,0.000,0.000,13.050,,
295.827369,2026-03-10 17:47:36.190,ARDUINO_PSI,Arduino,0.000,0.000,13.050,,
295.927559,2026-03-10 17:47:36.291,ARDUINO_PSI,Arduino,0.000,0.000,13.032,,
296.027500,2026-03-10 17:47:36.390,ARDUINO_PSI,Arduino,0.000,0.000,13.032,,
296.127647,2026-03-10 17:47:36.491,ARDUINO_PSI,Arduino,0.000,0.000,13.032,,
296.228211,2026-03-10 17:47:36.591,ARDUINO_PSI,Arduino,0.000,0.000,13.030,,
296.327067,2026-03-10 17:47:36.690,ARDUINO_PSI,Arduino,0.000,0.000,13.023,,
296.427667,2026-03-10 17:47:36.791,ARDUINO_PSI,Arduino,0.000,0.000,13.027,,
296.527821,2026-03-10 17:47:36.891,ARDUINO_PSI,Arduino,0.000,0.000,13.025,,
296.627592,2026-03-10 17:47:36.991,ARDUINO_PSI,Arduino,0.000,0.000,13.016,,
296.728262,2026-03-10 17:47:37.091,ARDUINO_PSI,Arduino,0.000,0.000,13.011,,
296.827382,2026-03-10 17:47:37.190,ARDUINO_PSI,Arduino,0.000,0.000,13.002,,
296.927573,2026-03-10 17:47:37.291,ARDUINO_PSI,Arduino,0.000,0.000,12.998,,
297.028357,2026-03-10 17:47:37.391,ARDUINO_PSI,Arduino,0.000,0.000,12.989,,
297.127533,2026-03-10 17:47:37.490,ARDUINO_PSI,Arduino,0.000,0.000,12.984,,
297.228766,2026-03-10 17:47:37.592,ARDUINO_PSI,Arduino,0.000,0.000,12.977,,
297.327577,2026-03-10 17:47:37.691,ARDUINO_PSI,Arduino,0.000,0.000,12.979,,
297.427552,2026-03-10 17:47:37.791,ARDUINO_PSI,Arduino,0.000,0.000,12.979,,
297.527746,2026-03-10 17:47:37.891,ARDUINO_PSI,Arduino,0.000,0.000,12.989,,
297.627578,2026-03-10 17:47:37.991,ARDUINO_PSI,Arduino,0.000,0.000,12.986,,
297.728381,2026-03-10 17:47:38.091,ARDUINO_PSI,Arduino,0.000,0.000,12.989,,
297.828156,2026-03-10 17:47:38.191,ARDUINO_PSI,Arduino,0.000,0.000,12.986,,
297.928152,2026-03-10 17:47:38.291,ARDUINO_PSI,Arduino,0.000,0.000,13.005,,
298.027572,2026-03-10 17:47:38.391,ARDUINO_PSI,Arduino,0.000,0.000,13.005,,
298.128434,2026-03-10 17:47:38.491,ARDUINO_PSI,Arduino,0.000,0.000,13.002,,
298.228380,2026-03-10 17:47:38.591,ARDUINO_PSI,Arduino,0.000,0.000,13.005,,
298.327764,2026-03-10 17:47:38.691,ARDUINO_PSI,Arduino,0.000,0.000,13.002,,
298.428488,2026-03-10 17:47:38.791,ARDUINO_PSI,Arduino,0.000,0.000,12.998,,
298.527655,2026-03-10 17:47:38.891,ARDUINO_PSI,Arduino,0.000,0.000,13.005,,
298.627655,2026-03-10 17:47:38.991,ARDUINO_PSI,Arduino,0.000,0.000,13.005,,
298.729300,2026-03-10 17:47:39.092,ARDUINO_PSI,Arduino,0.000,0.000,13.009,,
298.827523,2026-03-10 17:47:39.190,ARDUINO_PSI,Arduino,0.000,0.000,13.023,,
298.927637,2026-03-10 17:47:39.291,ARDUINO_PSI,Arduino,0.000,0.000,13.016,,
299.027033,2026-03-10 17:47:39.390,ARDUINO_PSI,Arduino,0.000,0.000,13.018,,
299.127522,2026-03-10 17:47:39.490,ARDUINO_PSI,Arduino,0.000,0.000,13.039,,
299.228150,2026-03-10 17:47:39.591,ARDUINO_PSI,Arduino,0.000,0.000,13.046,,
299.329292,2026-03-10 17:47:39.692,ARDUINO_PSI,Arduino,0.000,0.000,13.034,,
299.427658,2026-03-10 17:47:39.791,ARDUINO_PSI,Arduino,0.000,0.000,13.030,,
299.527500,2026-03-10 17:47:39.890,ARDUINO_PSI,Arduino,0.000,0.000,13.025,,
299.628582,2026-03-10 17:47:39.992,ARDUINO_PSI,Arduino,0.000,0.000,13.023,,
299.727121,2026-03-10 17:47:40.090,ARDUINO_PSI,Arduino,0.000,0.000,13.025,,
299.827828,2026-03-10 17:47:40.191,ARDUINO_PSI,Arduino,0.000,0.000,13.025,,
299.929016,2026-03-10 17:47:40.292,ARDUINO_PSI,Arduino,0.000,0.000,13.021,,
300.027549,2026-03-10 17:47:40.390,ARDUINO_PSI,Arduino,0.000,0.000,13.025,,
300.129086,2026-03-10 17:47:40.492,ARDUINO_PSI,Arduino,0.000,0.000,13.027,,
300.227597,2026-03-10 17:47:40.591,ARDUINO_PSI,Arduino,0.000,0.000,13.021,,
300.327111,2026-03-10 17:47:40.690,ARDUINO_PSI,Arduino,0.000,0.000,13.021,,
300.427646,2026-03-10 17:47:40.791,ARDUINO_PSI,Arduino,0.000,0.000,13.021,,
300.528486,2026-03-10 17:47:40.891,ARDUINO_PSI,Arduino,0.000,0.000,13.009,,
300.629256,2026-03-10 17:47:40.992,ARDUINO_PSI,Arduino,0.000,0.000,13.014,,
300.728615,2026-03-10 17:47:41.092,ARDUINO_PSI,Arduino,0.000,0.000,13.007,,
300.827893,2026-03-10 17:47:41.191,ARDUINO_PSI,Arduino,0.000,0.000,12.998,,
300.927768,2026-03-10 17:47:41.291,ARDUINO_PSI,Arduino,0.000,0.000,12.998,,
301.028332,2026-03-10 17:47:41.391,ARDUINO_PSI,Arduino,0.000,0.000,12.995,,
301.127568,2026-03-10 17:47:41.491,ARDUINO_PSI,Arduino,0.000,0.000,12.986,,
301.227586,2026-03-10 17:47:41.591,ARDUINO_PSI,Arduino,0.000,0.000,12.982,,
301.327622,2026-03-10 17:47:41.691,ARDUINO_PSI,Arduino,0.000,0.000,12.986,,
301.427613,2026-03-10 17:47:41.791,ARDUINO_PSI,Arduino,0.000,0.000,12.986,,
301.529801,2026-03-10 17:47:41.893,ARDUINO_PSI,Arduino,0.000,0.000,12.995,,
301.626902,2026-03-10 17:47:41.990,ARDUINO_PSI,Arduino,0.000,0.000,13.002,,
301.727352,2026-03-10 17:47:42.090,ARDUINO_PSI,Arduino,0.000,0.000,12.998,,
301.828819,2026-03-10 17:47:42.192,ARDUINO_PSI,Arduino,0.000,0.000,12.998,,
301.927739,2026-03-10 17:47:42.291,ARDUINO_PSI,Arduino,0.000,0.000,13.005,,
302.027709,2026-03-10 17:47:42.391,ARDUINO_PSI,Arduino,0.000,0.000,13.007,,
302.127587,2026-03-10 17:47:42.491,ARDUINO_PSI,Arduino,0.000,0.000,13.016,,
302.228452,2026-03-10 17:47:42.591,ARDUINO_PSI,Arduino,0.000,0.000,13.018,,
302.328845,2026-03-10 17:47:42.692,ARDUINO_PSI,Arduino,0.000,0.000,13.018,,
302.427913,2026-03-10 17:47:42.791,ARDUINO_PSI,Arduino,0.000,0.000,13.016,,
302.527885,2026-03-10 17:47:42.891,ARDUINO_PSI,Arduino,0.000,0.000,13.030,,
302.627676,2026-03-10 17:47:42.991,ARDUINO_PSI,Arduino,0.000,0.000,13.030,,
302.730273,2026-03-10 17:47:43.093,ARDUINO_PSI,Arduino,0.000,0.000,13.034,,
302.827607,2026-03-10 17:47:43.191,ARDUINO_PSI,Arduino,0.000,0.000,13.032,,
302.927730,2026-03-10 17:47:43.291,ARDUINO_PSI,Arduino,0.000,0.000,13.041,,
303.027628,2026-03-10 17:47:43.391,ARDUINO_PSI,Arduino,0.000,0.000,13.043,,
303.127796,2026-03-10 17:47:43.491,ARDUINO_PSI,Arduino,0.000,0.000,13.043,,
303.229844,2026-03-10 17:47:43.593,ARDUINO_PSI,Arduino,0.000,0.000,13.037,,
303.327622,2026-03-10 17:47:43.691,ARDUINO_PSI,Arduino,0.000,0.000,13.046,,
303.427608,2026-03-10 17:47:43.791,ARDUINO_PSI,Arduino,0.000,0.000,13.039,,
303.528567,2026-03-10 17:47:43.892,ARDUINO_PSI,Arduino,0.000,0.000,13.039,,
303.627521,2026-03-10 17:47:43.990,ARDUINO_PSI,Arduino,0.000,0.000,13.039,,
303.727790,2026-03-10 17:47:44.091,ARDUINO_PSI,Arduino,0.000,0.000,13.055,,
303.827473,2026-03-10 17:47:44.190,ARDUINO_PSI,Arduino,0.000,0.000,13.053,,
303.927587,2026-03-10 17:47:44.291,ARDUINO_PSI,Arduino,0.000,0.000,13.053,,
304.028607,2026-03-10 17:47:44.392,ARDUINO_PSI,Arduino,0.000,0.000,13.050,,
304.127516,2026-03-10 17:47:44.490,ARDUINO_PSI,Arduino,0.000,0.000,13.043,,
304.227846,2026-03-10 17:47:44.591,ARDUINO_PSI,Arduino,0.000,0.000,13.048,,
304.327568,2026-03-10 17:47:44.691,ARDUINO_PSI,Arduino,0.000,0.000,13.050,,
304.427658,2026-03-10 17:47:44.791,ARDUINO_PSI,Arduino,0.000,0.000,13.053,,
304.528829,2026-03-10 17:47:44.892,ARDUINO_PSI,Arduino,0.000,0.000,13.046,,
304.627527,2026-03-10 17:47:44.990,ARDUINO_PSI,Arduino,0.000,0.000,13.037,,
304.727486,2026-03-10 17:47:45.090,ARDUINO_PSI,Arduino,0.000,0.000,13.032,,
304.827673,2026-03-10 17:47:45.191,ARDUINO_PSI,Arduino,0.000,0.000,13.039,,
304.929619,2026-03-10 17:47:45.293,ARDUINO_PSI,Arduino,0.000,0.000,13.034,,
305.027781,2026-03-10 17:47:45.391,ARDUINO_PSI,Arduino,0.000,0.000,13.030,,
305.127662,2026-03-10 17:47:45.491,ARDUINO_PSI,Arduino,0.000,0.000,13.023,,
305.227263,2026-03-10 17:47:45.590,ARDUINO_PSI,Arduino,0.000,0.000,13.032,,
305.327653,2026-03-10 17:47:45.691,ARDUINO_PSI,Arduino,0.000,0.000,13.027,,
305.428794,2026-03-10 17:47:45.792,ARDUINO_PSI,Arduino,0.000,0.000,13.034,,
305.527605,2026-03-10 17:47:45.891,ARDUINO_PSI,Arduino,0.000,0.000,13.030,,
305.626912,2026-03-10 17:47:45.990,ARDUINO_PSI,Arduino,0.000,0.000,13.023,,
305.727738,2026-03-10 17:47:46.091,ARDUINO_PSI,Arduino,0.000,0.000,13.009,,
305.827676,2026-03-10 17:47:46.191,ARDUINO_PSI,Arduino,0.000,0.000,13.000,,
305.927687,2026-03-10 17:47:46.291,ARDUINO_PSI,Arduino,0.000,0.000,12.993,,
306.028178,2026-03-10 17:47:46.391,ARDUINO_PSI,Arduino,0.000,0.000,12.995,,
306.127419,2026-03-10 17:47:46.490,ARDUINO_PSI,Arduino,0.000,0.000,12.991,,
306.227707,2026-03-10 17:47:46.591,ARDUINO_PSI,Arduino,0.000,0.000,12.986,,
306.327039,2026-03-10 17:47:46.690,ARDUINO_PSI,Arduino,0.000,0.000,12.984,,
306.427993,2026-03-10 17:47:46.791,ARDUINO_PSI,Arduino,0.000,0.000,12.982,,
306.530209,2026-03-10 17:47:46.893,ARDUINO_PSI,Arduino,0.000,0.000,12.979,,
306.629372,2026-03-10 17:47:46.992,ARDUINO_PSI,Arduino,0.000,0.000,12.991,,
306.727657,2026-03-10 17:47:47.091,ARDUINO_PSI,Arduino,0.000,0.000,12.991,,
306.827559,2026-03-10 17:47:47.191,ARDUINO_PSI,Arduino,0.000,0.000,12.995,,
306.927423,2026-03-10 17:47:47.290,ARDUINO_PSI,Arduino,0.000,0.000,13.000,,
307.027713,2026-03-10 17:47:47.391,ARDUINO_PSI,Arduino,0.000,0.000,13.007,,
307.127558,2026-03-10 17:47:47.491,ARDUINO_PSI,Arduino,0.000,0.000,13.009,,
307.228183,2026-03-10 17:47:47.591,ARDUINO_PSI,Arduino,0.000,0.000,13.007,,
307.328742,2026-03-10 17:47:47.692,ARDUINO_PSI,Arduino,0.000,0.000,13.002,,
307.427639,2026-03-10 17:47:47.791,ARDUINO_PSI,Arduino,0.000,0.000,13.011,,
307.528871,2026-03-10 17:47:47.892,ARDUINO_PSI,Arduino,0.000,0.000,13.011,,
307.629382,2026-03-10 17:47:47.992,ARDUINO_PSI,Arduino,0.000,0.000,13.018,,
307.727549,2026-03-10 17:47:48.090,ARDUINO_PSI,Arduino,0.000,0.000,13.014,,
307.827465,2026-03-10 17:47:48.190,ARDUINO_PSI,Arduino,0.000,0.000,13.027,,
307.927709,2026-03-10 17:47:48.291,ARDUINO_PSI,Arduino,0.000,0.000,13.027,,
308.028210,2026-03-10 17:47:48.391,ARDUINO_PSI,Arduino,0.000,0.000,13.039,,
308.127019,2026-03-10 17:47:48.490,ARDUINO_PSI,Arduino,0.000,0.000,13.041,,
308.226930,2026-03-10 17:47:48.590,ARDUINO_PSI,Arduino,0.000,0.000,13.046,,
308.327494,2026-03-10 17:47:48.690,ARDUINO_PSI,Arduino,0.000,0.000,13.048,,
308.427608,2026-03-10 17:47:48.791,ARDUINO_PSI,Arduino,0.000,0.000,13.050,,
308.529367,2026-03-10 17:47:48.892,ARDUINO_PSI,Arduino,0.000,0.000,13.046,,
308.626957,2026-03-10 17:47:48.990,ARDUINO_PSI,Arduino,0.000,0.000,13.043,,
308.728092,2026-03-10 17:47:49.091,ARDUINO_PSI,Arduino,0.000,0.000,13.055,,
308.827734,2026-03-10 17:47:49.191,ARDUINO_PSI,Arduino,0.000,0.000,13.053,,
308.927344,2026-03-10 17:47:49.290,ARDUINO_PSI,Arduino,0.000,0.000,13.053,,
309.027916,2026-03-10 17:47:49.391,ARDUINO_PSI,Arduino,0.000,0.000,13.050,,
309.127450,2026-03-10 17:47:49.490,ARDUINO_PSI,Arduino,0.000,0.000,13.050,,
309.228981,2026-03-10 17:47:49.592,ARDUINO_PSI,Arduino,0.000,0.000,13.055,,
309.328963,2026-03-10 17:47:49.692,ARDUINO_PSI,Arduino,0.000,0.000,13.046,,
309.427048,2026-03-10 17:47:49.790,ARDUINO_PSI,Arduino,0.000,0.000,13.046,,
309.527504,2026-03-10 17:47:49.890,ARDUINO_PSI,Arduino,0.000,0.000,13.043,,
309.628501,2026-03-10 17:47:49.991,ARDUINO_PSI,Arduino,0.000,0.000,13.037,,
309.728453,2026-03-10 17:47:50.091,ARDUINO_PSI,Arduino,0.000,0.000,13.041,,
309.828510,2026-03-10 17:47:50.191,ARDUINO_PSI,Arduino,0.000,0.000,13.039,,
309.929012,2026-03-10 17:47:50.292,ARDUINO_PSI,Arduino,0.000,0.000,13.041,,
310.028866,2026-03-10 17:47:50.392,ARDUINO_PSI,Arduino,0.000,0.000,13.030,,
310.129457,2026-03-10 17:47:50.492,ARDUINO_PSI,Arduino,0.000,0.000,13.030,,
310.228885,2026-03-10 17:47:50.592,ARDUINO_PSI,Arduino,0.000,0.000,13.025,,
310.327112,2026-03-10 17:47:50.690,ARDUINO_PSI,Arduino,0.000,0.000,13.021,,
310.428707,2026-03-10 17:47:50.792,ARDUINO_PSI,Arduino,0.000,0.000,13.025,,
310.528742,2026-03-10 17:47:50.892,ARDUINO_PSI,Arduino,0.000,0.000,13.037,,
310.627122,2026-03-10 17:47:50.990,ARDUINO_PSI,Arduino,0.000,0.000,13.041,,
310.729209,2026-03-10 17:47:51.092,ARDUINO_PSI,Arduino,0.000,0.000,13.041,,
310.828392,2026-03-10 17:47:51.191,ARDUINO_PSI,Arduino,0.000,0.000,13.050,,
310.927392,2026-03-10 17:47:51.290,ARDUINO_PSI,Arduino,0.000,0.000,13.046,,
311.028513,2026-03-10 17:47:51.391,ARDUINO_PSI,Arduino,0.000,0.000,13.043,,
311.129031,2026-03-10 17:47:51.492,ARDUINO_PSI,Arduino,0.000,0.000,13.039,,
311.228654,2026-03-10 17:47:51.592,ARDUINO_PSI,Arduino,0.000,0.000,13.030,,
311.327091,2026-03-10 17:47:51.690,ARDUINO_PSI,Arduino,0.000,0.000,13.034,,
311.428566,2026-03-10 17:47:51.792,ARDUINO_PSI,Arduino,0.000,0.000,13.025,,
311.527559,2026-03-10 17:47:51.891,ARDUINO_PSI,Arduino,0.000,0.000,13.027,,
311.629174,2026-03-10 17:47:51.992,ARDUINO_PSI,Arduino,0.000,0.000,13.037,,
311.729335,2026-03-10 17:47:52.092,ARDUINO_PSI,Arduino,0.000,0.000,13.039,,
311.827749,2026-03-10 17:47:52.191,ARDUINO_PSI,Arduino,0.000,0.000,13.043,,
311.928883,2026-03-10 17:47:52.292,ARDUINO_PSI,Arduino,0.000,0.000,13.057,,
312.027825,2026-03-10 17:47:52.391,ARDUINO_PSI,Arduino,0.000,0.000,13.050,,
312.127257,2026-03-10 17:47:52.490,ARDUINO_PSI,Arduino,0.000,0.000,13.055,,
312.227523,2026-03-10 17:47:52.590,ARDUINO_PSI,Arduino,0.000,0.000,13.059,,
312.327398,2026-03-10 17:47:52.690,ARDUINO_PSI,Arduino,0.000,0.000,13.071,,
312.429035,2026-03-10 17:47:52.792,ARDUINO_PSI,Arduino,0.000,0.000,13.069,,
312.529181,2026-03-10 17:47:52.892,ARDUINO_PSI,Arduino,0.000,0.000,13.069,,
312.628514,2026-03-10 17:47:52.991,ARDUINO_PSI,Arduino,0.000,0.000,13.057,,
312.729733,2026-03-10 17:47:53.093,ARDUINO_PSI,Arduino,0.000,0.000,13.048,,
312.829002,2026-03-10 17:47:53.192,ARDUINO_PSI,Arduino,0.000,0.000,13.034,,
312.927473,2026-03-10 17:47:53.292,ARDUINO_PSI,Arduino,0.000,0.000,13.034,,
313.028423,2026-03-10 17:47:53.391,ARDUINO_PSI,Arduino,0.000,0.000,13.039,,
313.128763,2026-03-10 17:47:53.492,ARDUINO_PSI,Arduino,0.000,0.000,13.043,,
313.229377,2026-03-10 17:47:53.592,ARDUINO_PSI,Arduino,0.000,0.000,13.053,,
313.328751,2026-03-10 17:47:53.692,ARDUINO_PSI,Arduino,0.000,0.000,13.062,,
313.428047,2026-03-10 17:47:53.791,ARDUINO_PSI,Arduino,0.000,0.000,13.064,,
313.528515,2026-03-10 17:47:53.891,ARDUINO_PSI,Arduino,0.000,0.000,13.069,,
313.629160,2026-03-10 17:47:53.992,ARDUINO_PSI,Arduino,0.000,0.000,13.066,,
313.729820,2026-03-10 17:47:54.093,ARDUINO_PSI,Arduino,0.000,0.000,13.057,,
313.827478,2026-03-10 17:47:54.192,ARDUINO_PSI,Arduino,0.000,0.000,13.048,,
313.929106,2026-03-10 17:47:54.292,ARDUINO_PSI,Arduino,0.000,0.000,13.041,,
314.027613,2026-03-10 17:47:54.391,ARDUINO_PSI,Arduino,0.000,0.000,13.046,,
314.127463,2026-03-10 17:47:54.490,ARDUINO_PSI,Arduino,0.000,0.000,13.053,,
314.227847,2026-03-10 17:47:54.591,ARDUINO_PSI,Arduino,0.000,0.000,13.048,,
314.327165,2026-03-10 17:47:54.690,ARDUINO_PSI,Arduino,0.000,0.000,13.030,,
314.429336,2026-03-10 17:47:54.792,ARDUINO_PSI,Arduino,0.000,0.000,13.021,,
314.528944,2026-03-10 17:47:54.892,ARDUINO_PSI,Arduino,0.000,0.000,13.014,,
314.627580,2026-03-10 17:47:54.991,ARDUINO_PSI,Arduino,0.000,0.000,13.030,,
314.727520,2026-03-10 17:47:55.090,ARDUINO_PSI,Arduino,0.000,0.000,13.030,,
314.829794,2026-03-10 17:47:55.193,ARDUINO_PSI,Arduino,0.000,0.000,13.037,,
314.927912,2026-03-10 17:47:55.291,ARDUINO_PSI,Arduino,0.000,0.000,13.041,,
315.027329,2026-03-10 17:47:55.390,ARDUINO_PSI,Arduino,0.000,0.000,13.034,,
315.129784,2026-03-10 17:47:55.493,ARDUINO_PSI,Arduino,0.000,0.000,13.043,,
315.227649,2026-03-10 17:47:55.591,ARDUINO_PSI,Arduino,0.000,0.000,13.039,,
315.328673,2026-03-10 17:47:55.692,ARDUINO_PSI,Arduino,0.000,0.000,13.037,,
315.429366,2026-03-10 17:47:55.792,ARDUINO_PSI,Arduino,0.000,0.000,13.046,,
315.528508,2026-03-10 17:47:55.891,ARDUINO_PSI,Arduino,0.000,0.000,13.048,,
315.627594,2026-03-10 17:47:55.991,ARDUINO_PSI,Arduino,0.000,0.000,13.050,,
315.729618,2026-03-10 17:47:56.093,ARDUINO_PSI,Arduino,0.000,0.000,13.062,,
315.827756,2026-03-10 17:47:56.191,ARDUINO_PSI,Arduino,0.000,0.000,13.066,,
315.927410,2026-03-10 17:47:56.290,ARDUINO_PSI,Arduino,0.000,0.000,13.066,,
316.029999,2026-03-10 17:47:56.393,ARDUINO_PSI,Arduino,0.000,0.000,13.062,,
316.127633,2026-03-10 17:47:56.491,ARDUINO_PSI,Arduino,0.000,0.000,13.055,,
316.229100,2026-03-10 17:47:56.592,ARDUINO_PSI,Arduino,0.000,0.000,13.053,,
316.328401,2026-03-10 17:47:56.691,ARDUINO_PSI,Arduino,0.000,0.000,13.064,,
316.428841,2026-03-10 17:47:56.792,ARDUINO_PSI,Arduino,0.000,0.000,13.085,,
316.529434,2026-03-10 17:47:56.892,ARDUINO_PSI,Arduino,0.000,0.000,13.082,,
316.627286,2026-03-10 17:47:56.990,ARDUINO_PSI,Arduino,0.000,0.000,13.073,,
316.727674,2026-03-10 17:47:57.091,ARDUINO_PSI,Arduino,0.000,0.000,13.080,,
316.827707,2026-03-10 17:47:57.191,ARDUINO_PSI,Arduino,0.000,0.000,13.085,,
316.927440,2026-03-10 17:47:57.290,ARDUINO_PSI,Arduino,0.000,0.000,13.080,,
317.027857,2026-03-10 17:47:57.391,ARDUINO_PSI,Arduino,0.000,0.000,13.082,,
317.127195,2026-03-10 17:47:57.490,ARDUINO_PSI,Arduino,0.000,0.000,13.078,,
317.227145,2026-03-10 17:47:57.590,ARDUINO_PSI,Arduino,0.000,0.000,13.073,,
317.327121,2026-03-10 17:47:57.690,ARDUINO_PSI,Arduino,0.000,0.000,13.082,,
317.427005,2026-03-10 17:47:57.790,ARDUINO_PSI,Arduino,0.000,0.000,13.080,,
317.529016,2026-03-10 17:47:57.892,ARDUINO_PSI,Arduino,0.000,0.000,13.073,,
317.627197,2026-03-10 17:47:57.990,ARDUINO_PSI,Arduino,0.000,0.000,13.069,,
317.727117,2026-03-10 17:47:58.090,ARDUINO_PSI,Arduino,0.000,0.000,13.062,,
317.828779,2026-03-10 17:47:58.192,ARDUINO_PSI,Arduino,0.000,0.000,13.066,,
317.926972,2026-03-10 17:47:58.290,ARDUINO_PSI,Arduino,0.000,0.000,13.071,,
318.027201,2026-03-10 17:47:58.390,ARDUINO_PSI,Arduino,0.000,0.000,13.073,,
318.128569,2026-03-10 17:47:58.492,ARDUINO_PSI,Arduino,0.000,0.000,13.075,,
318.228423,2026-03-10 17:47:58.591,ARDUINO_PSI,Arduino,0.000,0.000,13.087,,
318.327219,2026-03-10 17:47:58.690,ARDUINO_PSI,Arduino,0.000,0.000,13.078,,
318.428825,2026-03-10 17:47:58.792,ARDUINO_PSI,Arduino,0.000,0.000,13.069,,
318.528923,2026-03-10 17:47:58.892,ARDUINO_PSI,Arduino,0.000,0.000,13.075,,
318.628994,2026-03-10 17:47:58.992,ARDUINO_PSI,Arduino,0.000,0.000,13.073,,
318.728776,2026-03-10 17:47:59.092,ARDUINO_PSI,Arduino,0.000,0.000,13.057,,
318.828994,2026-03-10 17:47:59.192,ARDUINO_PSI,Arduino,0.000,0.000,13.046,,
318.928884,2026-03-10 17:47:59.292,ARDUINO_PSI,Arduino,0.000,0.000,13.050,,
319.027332,2026-03-10 17:47:59.390,ARDUINO_PSI,Arduino,0.000,0.000,13.048,,
319.128532,2026-03-10 17:47:59.491,ARDUINO_PSI,Arduino,0.000,0.000,13.034,,
319.228545,2026-03-10 17:47:59.591,ARDUINO_PSI,Arduino,0.000,0.000,13.039,,
319.328570,2026-03-10 17:47:59.692,ARDUINO_PSI,Arduino,0.000,0.000,13.030,,
319.428040,2026-03-10 17:47:59.791,ARDUINO_PSI,Arduino,0.000,0.000,13.025,,
319.527782,2026-03-10 17:47:59.891,ARDUINO_PSI,Arduino,0.000,0.000,13.030,,
319.627764,2026-03-10 17:47:59.991,ARDUINO_PSI,Arduino,0.000,0.000,13.023,,
319.728545,2026-03-10 17:48:00.091,ARDUINO_PSI,Arduino,0.000,0.000,13.025,,
319.827261,2026-03-10 17:48:00.190,ARDUINO_PSI,Arduino,0.000,0.000,13.025,,
319.929252,2026-03-10 17:48:00.292,ARDUINO_PSI,Arduino,0.000,0.000,13.007,,
320.028653,2026-03-10 17:48:00.392,ARDUINO_PSI,Arduino,0.000,0.000,13.007,,
320.129166,2026-03-10 17:48:00.492,ARDUINO_PSI,Arduino,0.000,0.000,12.995,,
320.227436,2026-03-10 17:48:00.590,ARDUINO_PSI,Arduino,0.000,0.000,12.993,,
320.328697,2026-03-10 17:48:00.692,ARDUINO_PSI,Arduino,0.000,0.000,13.000,,
320.429705,2026-03-10 17:48:00.793,ARDUINO_PSI,Arduino,0.000,0.000,12.991,,
320.529689,2026-03-10 17:48:00.893,ARDUINO_PSI,Arduino,0.000,0.000,12.986,,
320.629440,2026-03-10 17:48:00.992,ARDUINO_PSI,Arduino,0.000,0.000,12.984,,
320.729373,2026-03-10 17:48:01.092,ARDUINO_PSI,Arduino,0.000,0.000,12.993,,
320.828890,2026-03-10 17:48:01.192,ARDUINO_PSI,Arduino,0.000,0.000,13.000,,
320.928571,2026-03-10 17:48:01.292,ARDUINO_PSI,Arduino,0.000,0.000,12.993,,
321.027747,2026-03-10 17:48:01.391,ARDUINO_PSI,Arduino,0.000,0.000,12.998,,
321.128996,2026-03-10 17:48:01.492,ARDUINO_PSI,Arduino,0.000,0.000,13.011,,
321.229845,2026-03-10 17:48:01.593,ARDUINO_PSI,Arduino,0.000,0.000,13.009,,
321.328793,2026-03-10 17:48:01.692,ARDUINO_PSI,Arduino,0.000,0.000,13.007,,
321.428871,2026-03-10 17:48:01.792,ARDUINO_PSI,Arduino,0.000,0.000,12.995,,
321.527625,2026-03-10 17:48:01.891,ARDUINO_PSI,Arduino,0.000,0.000,12.998,,
321.629151,2026-03-10 17:48:01.992,ARDUINO_PSI,Arduino,0.000,0.000,13.002,,
321.728458,2026-03-10 17:48:02.091,ARDUINO_PSI,Arduino,0.000,0.000,13.007,,
321.829248,2026-03-10 17:48:02.192,ARDUINO_PSI,Arduino,0.000,0.000,13.014,,
321.928673,2026-03-10 17:48:02.292,ARDUINO_PSI,Arduino,0.000,0.000,13.021,,
322.028865,2026-03-10 17:48:02.392,ARDUINO_PSI,Arduino,0.000,0.000,13.030,,
322.128895,2026-03-10 17:48:02.492,ARDUINO_PSI,Arduino,0.000,0.000,13.030,,
322.227511,2026-03-10 17:48:02.592,ARDUINO_PSI,Arduino,0.000,0.000,13.018,,
322.328907,2026-03-10 17:48:02.692,ARDUINO_PSI,Arduino,0.000,0.000,13.009,,
322.427496,2026-03-10 17:48:02.790,ARDUINO_PSI,Arduino,0.000,0.000,13.016,,
322.527890,2026-03-10 17:48:02.891,ARDUINO_PSI,Arduino,0.000,0.000,13.018,,
322.627859,2026-03-10 17:48:02.991,ARDUINO_PSI,Arduino,0.000,0.000,13.016,,
322.727769,2026-03-10 17:48:03.091,ARDUINO_PSI,Arduino,0.000,0.000,13.018,,
322.827586,2026-03-10 17:48:03.191,ARDUINO_PSI,Arduino,0.000,0.000,13.009,,
322.927573,2026-03-10 17:48:03.291,ARDUINO_PSI,Arduino,0.000,0.000,13.011,,
323.027152,2026-03-10 17:48:03.390,ARDUINO_PSI,Arduino,0.000,0.000,13.018,,
323.128815,2026-03-10 17:48:03.492,ARDUINO_PSI,Arduino,0.000,0.000,13.018,,
323.227116,2026-03-10 17:48:03.590,ARDUINO_PSI,Arduino,0.000,0.000,13.025,,
323.327591,2026-03-10 17:48:03.691,ARDUINO_PSI,Arduino,0.000,0.000,13.023,,
323.427608,2026-03-10 17:48:03.791,ARDUINO_PSI,Arduino,0.000,0.000,13.034,,
323.529363,2026-03-10 17:48:03.892,ARDUINO_PSI,Arduino,0.000,0.000,13.027,,
323.629684,2026-03-10 17:48:03.993,ARDUINO_PSI,Arduino,0.000,0.000,13.023,,
323.729032,2026-03-10 17:48:04.092,ARDUINO_PSI,Arduino,0.000,0.000,13.016,,
323.828971,2026-03-10 17:48:04.192,ARDUINO_PSI,Arduino,0.000,0.000,13.007,,
323.927112,2026-03-10 17:48:04.290,ARDUINO_PSI,Arduino,0.000,0.000,13.014,,
324.029226,2026-03-10 17:48:04.392,ARDUINO_PSI,Arduino,0.000,0.000,13.011,,
324.127329,2026-03-10 17:48:04.490,ARDUINO_PSI,Arduino,0.000,0.000,13.011,,
324.228952,2026-03-10 17:48:04.592,ARDUINO_PSI,Arduino,0.000,0.000,13.016,,
324.327192,2026-03-10 17:48:04.690,ARDUINO_PSI,Arduino,0.000,0.000,13.018,,
324.429135,2026-03-10 17:48:04.792,ARDUINO_PSI,Arduino,0.000,0.000,13.023,,
324.529180,2026-03-10 17:48:04.892,ARDUINO_PSI,Arduino,0.000,0.000,13.025,,
324.627389,2026-03-10 17:48:04.990,ARDUINO_PSI,Arduino,0.000,0.000,13.041,,
324.729014,2026-03-10 17:48:05.092,ARDUINO_PSI,Arduino,0.000,0.000,13.043,,
324.829485,2026-03-10 17:48:05.192,ARDUINO_PSI,Arduino,0.000,0.000,13.055,,
324.928929,2026-03-10 17:48:05.292,ARDUINO_PSI,Arduino,0.000,0.000,13.062,,
325.028739,2026-03-10 17:48:05.392,ARDUINO_PSI,Arduino,0.000,0.000,13.059,,
325.127266,2026-03-10 17:48:05.490,ARDUINO_PSI,Arduino,0.000,0.000,13.055,,
325.228984,2026-03-10 17:48:05.592,ARDUINO_PSI,Arduino,0.000,0.000,13.094,,
325.327140,2026-03-10 17:48:05.690,ARDUINO_PSI,Arduino,0.000,0.000,13.091,,
325.427391,2026-03-10 17:48:05.790,ARDUINO_PSI,Arduino,0.000,0.000,13.089,,
325.527375,2026-03-10 17:48:05.890,ARDUINO_PSI,Arduino,0.000,0.000,13.089,,
325.627495,2026-03-10 17:48:05.990,ARDUINO_PSI,Arduino,0.000,0.000,13.089,,
325.728676,2026-03-10 17:48:06.092,ARDUINO_PSI,Arduino,0.000,0.000,13.094,,
325.827486,2026-03-10 17:48:06.190,ARDUINO_PSI,Arduino,0.000,0.000,13.096,,
325.926958,2026-03-10 17:48:06.290,ARDUINO_PSI,Arduino,0.000,0.000,13.091,,
326.028887,2026-03-10 17:48:06.392,ARDUINO_PSI,Arduino,0.000,0.000,13.078,,
326.127557,2026-03-10 17:48:06.491,ARDUINO_PSI,Arduino,0.000,0.000,13.082,,
326.227322,2026-03-10 17:48:06.590,ARDUINO_PSI,Arduino,0.000,0.000,13.078,,
326.328752,2026-03-10 17:48:06.692,ARDUINO_PSI,Arduino,0.000,0.000,13.080,,
326.428459,2026-03-10 17:48:06.791,ARDUINO_PSI,Arduino,0.000,0.000,13.062,,
326.529116,2026-03-10 17:48:06.892,ARDUINO_PSI,Arduino,0.000,0.000,13.069,,
326.629463,2026-03-10 17:48:06.992,ARDUINO_PSI,Arduino,0.000,0.000,13.053,,
326.728866,2026-03-10 17:48:07.092,ARDUINO_PSI,Arduino,0.000,0.000,13.046,,
326.827552,2026-03-10 17:48:07.191,ARDUINO_PSI,Arduino,0.000,0.000,13.030,,
326.927618,2026-03-10 17:48:07.291,ARDUINO_PSI,Arduino,0.000,0.000,13.034,,
327.029024,2026-03-10 17:48:07.392,ARDUINO_PSI,Arduino,0.000,0.000,13.037,,
327.127659,2026-03-10 17:48:07.491,ARDUINO_PSI,Arduino,0.000,0.000,13.037,,
327.228740,2026-03-10 17:48:07.592,ARDUINO_PSI,Arduino,0.000,0.000,12.986,,
327.327509,2026-03-10 17:48:07.690,ARDUINO_PSI,Arduino,0.000,0.000,13.007,,
327.427544,2026-03-10 17:48:07.790,ARDUINO_PSI,Arduino,0.000,0.000,13.009,,
327.527507,2026-03-10 17:48:07.890,ARDUINO_PSI,Arduino,0.000,0.000,13.005,,
327.627032,2026-03-10 17:48:07.990,ARDUINO_PSI,Arduino,0.000,0.000,13.009,,
327.728788,2026-03-10 17:48:08.092,ARDUINO_PSI,Arduino,0.000,0.000,13.002,,
327.828847,2026-03-10 17:48:08.192,ARDUINO_PSI,Arduino,0.000,0.000,12.995,,
327.927480,2026-03-10 17:48:08.290,ARDUINO_PSI,Arduino,0.000,0.000,12.998,,
328.029470,2026-03-10 17:48:08.392,ARDUINO_PSI,Arduino,0.000,0.000,13.005,,
328.127515,2026-03-10 17:48:08.490,ARDUINO_PSI,Arduino,0.000,0.000,13.000,,
328.227573,2026-03-10 17:48:08.591,ARDUINO_PSI,Arduino,0.000,0.000,13.002,,
328.327148,2026-03-10 17:48:08.690,ARDUINO_PSI,Arduino,0.000,0.000,12.995,,
328.429110,2026-03-10 17:48:08.792,ARDUINO_PSI,Arduino,0.000,0.000,13.007,,
328.528836,2026-03-10 17:48:08.892,ARDUINO_PSI,Arduino,0.000,0.000,12.995,,
328.627496,2026-03-10 17:48:08.990,ARDUINO_PSI,Arduino,0.000,0.000,12.998,,
328.728786,2026-03-10 17:48:09.092,ARDUINO_PSI,Arduino,0.000,0.000,13.009,,
328.827497,2026-03-10 17:48:09.190,ARDUINO_PSI,Arduino,0.000,0.000,13.016,,
328.929031,2026-03-10 17:48:09.292,ARDUINO_PSI,Arduino,0.000,0.000,13.007,,
329.027453,2026-03-10 17:48:09.390,ARDUINO_PSI,Arduino,0.000,0.000,13.005,,
329.127500,2026-03-10 17:48:09.490,ARDUINO_PSI,Arduino,0.000,0.000,13.005,,
329.227551,2026-03-10 17:48:09.591,ARDUINO_PSI,Arduino,0.000,0.000,13.009,,
329.327187,2026-03-10 17:48:09.690,ARDUINO_PSI,Arduino,0.000,0.000,12.998,,
329.428599,2026-03-10 17:48:09.792,ARDUINO_PSI,Arduino,0.000,0.000,12.991,,
329.527244,2026-03-10 17:48:09.890,ARDUINO_PSI,Arduino,0.000,0.000,13.002,,
329.627078,2026-03-10 17:48:09.990,ARDUINO_PSI,Arduino,0.000,0.000,13.009,,
329.728468,2026-03-10 17:48:10.091,ARDUINO_PSI,Arduino,0.000,0.000,13.018,,
329.828422,2026-03-10 17:48:10.191,ARDUINO_PSI,Arduino,0.000,0.000,13.025,,
329.929215,2026-03-10 17:48:10.292,ARDUINO_PSI,Arduino,0.000,0.000,13.025,,
330.028577,2026-03-10 17:48:10.392,ARDUINO_PSI,Arduino,0.000,0.000,13.027,,
330.127787,2026-03-10 17:48:10.491,ARDUINO_PSI,Arduino,0.000,0.000,13.027,,
330.227490,2026-03-10 17:48:10.590,ARDUINO_PSI,Arduino,0.000,0.000,13.043,,
330.327436,2026-03-10 17:48:10.690,ARDUINO_PSI,Arduino,0.000,0.000,13.041,,
330.428240,2026-03-10 17:48:10.791,ARDUINO_PSI,Arduino,0.000,0.000,13.041,,
330.527649,2026-03-10 17:48:10.891,ARDUINO_PSI,Arduino,0.000,0.000,13.043,,
330.627448,2026-03-10 17:48:10.990,ARDUINO_PSI,Arduino,0.000,0.000,13.048,,
330.727112,2026-03-10 17:48:11.090,ARDUINO_PSI,Arduino,0.000,0.000,13.037,,
330.828584,2026-03-10 17:48:11.192,ARDUINO_PSI,Arduino,0.000,0.000,13.039,,
330.927339,2026-03-10 17:48:11.290,ARDUINO_PSI,Arduino,0.000,0.000,13.041,,
331.028989,2026-03-10 17:48:11.392,ARDUINO_PSI,Arduino,0.000,0.000,13.048,,
331.128807,2026-03-10 17:48:11.492,ARDUINO_PSI,Arduino,0.000,0.000,13.046,,
331.227014,2026-03-10 17:48:11.590,ARDUINO_PSI,Arduino,0.000,0.000,13.041,,
331.329238,2026-03-10 17:48:11.692,ARDUINO_PSI,Arduino,0.000,0.000,13.030,,
331.427475,2026-03-10 17:48:11.790,ARDUINO_PSI,Arduino,0.000,0.000,13.023,,
331.527352,2026-03-10 17:48:11.890,ARDUINO_PSI,Arduino,0.000,0.000,13.032,,
331.627473,2026-03-10 17:48:11.990,ARDUINO_PSI,Arduino,0.000,0.000,13.023,,
331.727569,2026-03-10 17:48:12.091,ARDUINO_PSI,Arduino,0.000,0.000,13.030,,
331.827637,2026-03-10 17:48:12.191,ARDUINO_PSI,Arduino,0.000,0.000,13.025,,
331.927507,2026-03-10 17:48:12.290,ARDUINO_PSI,Arduino,0.000,0.000,13.034,,
332.029106,2026-03-10 17:48:12.392,ARDUINO_PSI,Arduino,0.000,0.000,13.032,,
332.127300,2026-03-10 17:48:12.490,ARDUINO_PSI,Arduino,0.000,0.000,13.023,,
332.229056,2026-03-10 17:48:12.592,ARDUINO_PSI,Arduino,0.000,0.000,13.027,,
332.327063,2026-03-10 17:48:12.690,ARDUINO_PSI,Arduino,0.000,0.000,13.039,,
332.428757,2026-03-10 17:48:12.792,ARDUINO_PSI,Arduino,0.000,0.000,13.053,,
332.528848,2026-03-10 17:48:12.892,ARDUINO_PSI,Arduino,0.000,0.000,13.050,,
332.629225,2026-03-10 17:48:12.992,ARDUINO_PSI,Arduino,0.000,0.000,13.048,,
332.727530,2026-03-10 17:48:13.090,ARDUINO_PSI,Arduino,0.000,0.000,13.046,,
332.829082,2026-03-10 17:48:13.192,ARDUINO_PSI,Arduino,0.000,0.000,13.046,,
332.927434,2026-03-10 17:48:13.290,ARDUINO_PSI,Arduino,0.000,0.000,13.048,,
333.028336,2026-03-10 17:48:13.391,ARDUINO_PSI,Arduino,0.000,0.000,13.039,,
333.129419,2026-03-10 17:48:13.492,ARDUINO_PSI,Arduino,0.000,0.000,13.039,,
333.229037,2026-03-10 17:48:13.592,ARDUINO_PSI,Arduino,0.000,0.000,13.050,,
333.327023,2026-03-10 17:48:13.690,ARDUINO_PSI,Arduino,0.000,0.000,13.055,,
333.428730,2026-03-10 17:48:13.792,ARDUINO_PSI,Arduino,0.000,0.000,13.062,,
333.529049,2026-03-10 17:48:13.892,ARDUINO_PSI,Arduino,0.000,0.000,13.048,,
333.627099,2026-03-10 17:48:13.990,ARDUINO_PSI,Arduino,0.000,0.000,13.048,,
333.727853,2026-03-10 17:48:14.091,ARDUINO_PSI,Arduino,0.000,0.000,13.030,,
333.827550,2026-03-10 17:48:14.192,ARDUINO_PSI,Arduino,0.000,0.000,13.037,,
333.927011,2026-03-10 17:48:14.290,ARDUINO_PSI,Arduino,0.000,0.000,13.025,,
334.027213,2026-03-10 17:48:14.390,ARDUINO_PSI,Arduino,0.000,0.000,13.021,,
334.127017,2026-03-10 17:48:14.490,ARDUINO_PSI,Arduino,0.000,0.000,13.023,,
334.227117,2026-03-10 17:48:14.590,ARDUINO_PSI,Arduino,0.000,0.000,13.011,,
334.327092,2026-03-10 17:48:14.690,ARDUINO_PSI,Arduino,0.000,0.000,13.005,,
334.427548,2026-03-10 17:48:14.790,ARDUINO_PSI,Arduino,0.000,0.000,13.005,,
334.526994,2026-03-10 17:48:14.890,ARDUINO_PSI,Arduino,0.000,0.000,13.007,,
334.627443,2026-03-10 17:48:14.990,ARDUINO_PSI,Arduino,0.000,0.000,13.014,,
334.727595,2026-03-10 17:48:15.091,ARDUINO_PSI,Arduino,0.000,0.000,13.023,,
334.827034,2026-03-10 17:48:15.190,ARDUINO_PSI,Arduino,0.000,0.000,13.023,,
334.927086,2026-03-10 17:48:15.290,ARDUINO_PSI,Arduino,0.000,0.000,13.023,,
335.027124,2026-03-10 17:48:15.390,ARDUINO_PSI,Arduino,0.000,0.000,13.018,,
335.127044,2026-03-10 17:48:15.490,ARDUINO_PSI,Arduino,0.000,0.000,13.023,,
335.227031,2026-03-10 17:48:15.590,ARDUINO_PSI,Arduino,0.000,0.000,13.014,,
335.327163,2026-03-10 17:48:15.690,ARDUINO_PSI,Arduino,0.000,0.000,13.018,,
335.427123,2026-03-10 17:48:15.790,ARDUINO_PSI,Arduino,0.000,0.000,13.016,,
335.527173,2026-03-10 17:48:15.890,ARDUINO_PSI,Arduino,0.000,0.000,13.023,,
335.627538,2026-03-10 17:48:15.990,ARDUINO_PSI,Arduino,0.000,0.000,13.030,,
335.726949,2026-03-10 17:48:16.090,ARDUINO_PSI,Arduino,0.000,0.000,13.032,,
335.827084,2026-03-10 17:48:16.190,ARDUINO_PSI,Arduino,0.000,0.000,13.027,,
335.927195,2026-03-10 17:48:16.290,ARDUINO_PSI,Arduino,0.000,0.000,13.032,,
336.027097,2026-03-10 17:48:16.390,ARDUINO_PSI,Arduino,0.000,0.000,13.032,,
336.127609,2026-03-10 17:48:16.491,ARDUINO_PSI,Arduino,0.000,0.000,13.030,,
336.227052,2026-03-10 17:48:16.590,ARDUINO_PSI,Arduino,0.000,0.000,13.032,,
336.327228,2026-03-10 17:48:16.690,ARDUINO_PSI,Arduino,0.000,0.000,13.034,,
336.427493,2026-03-10 17:48:16.790,ARDUINO_PSI,Arduino,0.000,0.000,13.014,,
336.527101,2026-03-10 17:48:16.890,ARDUINO_PSI,Arduino,0.000,0.000,13.014,,
336.627030,2026-03-10 17:48:16.990,ARDUINO_PSI,Arduino,0.000,0.000,13.007,,
336.727003,2026-03-10 17:48:17.090,ARDUINO_PSI,Arduino,0.000,0.000,12.998,,
336.827109,2026-03-10 17:48:17.190,ARDUINO_PSI,Arduino,0.000,0.000,12.995,,
336.927122,2026-03-10 17:48:17.290,ARDUINO_PSI,Arduino,0.000,0.000,12.995,,
337.027022,2026-03-10 17:48:17.390,ARDUINO_PSI,Arduino,0.000,0.000,13.000,,
337.127268,2026-03-10 17:48:17.490,ARDUINO_PSI,Arduino,0.000,0.000,12.995,,
337.227041,2026-03-10 17:48:17.590,ARDUINO_PSI,Arduino,0.000,0.000,13.005,,
337.328873,2026-03-10 17:48:17.692,ARDUINO_PSI,Arduino,0.000,0.000,13.009,,
337.428407,2026-03-10 17:48:17.791,ARDUINO_PSI,Arduino,0.000,0.000,13.011,,
337.527410,2026-03-10 17:48:17.890,ARDUINO_PSI,Arduino,0.000,0.000,13.016,,
337.626891,2026-03-10 17:48:17.990,ARDUINO_PSI,Arduino,0.000,0.000,13.018,,
337.727130,2026-03-10 17:48:18.090,ARDUINO_PSI,Arduino,0.000,0.000,13.011,,
337.827489,2026-03-10 17:48:18.190,ARDUINO_PSI,Arduino,0.000,0.000,13.011,,
337.928865,2026-03-10 17:48:18.292,ARDUINO_PSI,Arduino,0.000,0.000,13.025,,
338.027289,2026-03-10 17:48:18.390,ARDUINO_PSI,Arduino,0.000,0.000,13.034,,
338.128760,2026-03-10 17:48:18.492,ARDUINO_PSI,Arduino,0.000,0.000,13.032,,
338.227180,2026-03-10 17:48:18.590,ARDUINO_PSI,Arduino,0.000,0.000,13.030,,
338.327078,2026-03-10 17:48:18.690,ARDUINO_PSI,Arduino,0.000,0.000,13.034,,
338.429325,2026-03-10 17:48:18.792,ARDUINO_PSI,Arduino,0.000,0.000,13.046,,
338.527551,2026-03-10 17:48:18.890,ARDUINO_PSI,Arduino,0.000,0.000,13.048,,
338.629121,2026-03-10 17:48:18.992,ARDUINO_PSI,Arduino,0.000,0.000,13.046,,
338.729086,2026-03-10 17:48:19.092,ARDUINO_PSI,Arduino,0.000,0.000,13.048,,
338.827037,2026-03-10 17:48:19.190,ARDUINO_PSI,Arduino,0.000,0.000,13.048,,
338.927532,2026-03-10 17:48:19.290,ARDUINO_PSI,Arduino,0.000,0.000,13.043,,
339.027444,2026-03-10 17:48:19.390,ARDUINO_PSI,Arduino,0.000,0.000,13.057,,
339.127560,2026-03-10 17:48:19.493,ARDUINO_PSI,Arduino,0.000,0.000,13.055,,
339.228848,2026-03-10 17:48:19.592,ARDUINO_PSI,Arduino,0.000,0.000,13.057,,
339.327476,2026-03-10 17:48:19.690,ARDUINO_PSI,Arduino,0.000,0.000,13.046,,
339.428434,2026-03-10 17:48:19.791,ARDUINO_PSI,Arduino,0.000,0.000,13.046,,
339.527323,2026-03-10 17:48:19.890,ARDUINO_PSI,Arduino,0.000,0.000,13.039,,
339.627530,2026-03-10 17:48:19.990,ARDUINO_PSI,Arduino,0.000,0.000,13.034,,
339.728938,2026-03-10 17:48:20.092,ARDUINO_PSI,Arduino,0.000,0.000,13.043,,
339.828343,2026-03-10 17:48:20.191,ARDUINO_PSI,Arduino,0.000,0.000,13.041,,
339.928711,2026-03-10 17:48:20.292,ARDUINO_PSI,Arduino,0.000,0.000,13.032,,
340.026991,2026-03-10 17:48:20.390,ARDUINO_PSI,Arduino,0.000,0.000,13.021,,
340.128505,2026-03-10 17:48:20.491,ARDUINO_PSI,Arduino,0.000,0.000,13.034,,
340.227958,2026-03-10 17:48:20.591,ARDUINO_PSI,Arduino,0.000,0.000,13.032,,
340.327613,2026-03-10 17:48:20.691,ARDUINO_PSI,Arduino,0.000,0.000,13.023,,
340.428905,2026-03-10 17:48:20.792,ARDUINO_PSI,Arduino,0.000,0.000,13.021,,
340.528075,2026-03-10 17:48:20.891,ARDUINO_PSI,Arduino,0.000,0.000,13.014,,
340.627640,2026-03-10 17:48:20.991,ARDUINO_PSI,Arduino,0.000,0.000,13.023,,
340.728905,2026-03-10 17:48:21.092,ARDUINO_PSI,Arduino,0.000,0.000,13.023,,
340.828162,2026-03-10 17:48:21.191,ARDUINO_PSI,Arduino,0.000,0.000,13.030,,
340.929425,2026-03-10 17:48:21.292,ARDUINO_PSI,Arduino,0.000,0.000,13.037,,
341.027527,2026-03-10 17:48:21.390,ARDUINO_PSI,Arduino,0.000,0.000,13.027,,
341.129064,2026-03-10 17:48:21.492,ARDUINO_PSI,Arduino,0.000,0.000,13.037,,
341.229875,2026-03-10 17:48:21.593,ARDUINO_PSI,Arduino,0.000,0.000,13.021,,
341.327635,2026-03-10 17:48:21.691,ARDUINO_PSI,Arduino,0.000,0.000,13.030,,
341.427624,2026-03-10 17:48:21.791,ARDUINO_PSI,Arduino,0.000,0.000,13.025,,
341.527705,2026-03-10 17:48:21.891,ARDUINO_PSI,Arduino,0.000,0.000,13.027,,
341.629264,2026-03-10 17:48:21.992,ARDUINO_PSI,Arduino,0.000,0.000,13.030,,
341.728579,2026-03-10 17:48:22.092,ARDUINO_PSI,Arduino,0.000,0.000,13.030,,
341.829320,2026-03-10 17:48:22.192,ARDUINO_PSI,Arduino,0.000,0.000,13.032,,
341.928022,2026-03-10 17:48:22.291,ARDUINO_PSI,Arduino,0.000,0.000,13.025,,
342.028925,2026-03-10 17:48:22.392,ARDUINO_PSI,Arduino,0.000,0.000,13.030,,
342.127519,2026-03-10 17:48:22.490,ARDUINO_PSI,Arduino,0.000,0.000,13.027,,
342.229061,2026-03-10 17:48:22.592,ARDUINO_PSI,Arduino,0.000,0.000,13.030,,
342.328979,2026-03-10 17:48:22.692,ARDUINO_PSI,Arduino,0.000,0.000,13.030,,
342.429766,2026-03-10 17:48:22.793,ARDUINO_PSI,Arduino,0.000,0.000,13.025,,
342.528311,2026-03-10 17:48:22.891,ARDUINO_PSI,Arduino,0.000,0.000,13.027,,
342.627521,2026-03-10 17:48:22.990,ARDUINO_PSI,Arduino,0.000,0.000,13.021,,
342.728725,2026-03-10 17:48:23.092,ARDUINO_PSI,Arduino,0.000,0.000,13.034,,
342.827216,2026-03-10 17:48:23.190,ARDUINO_PSI,Arduino,0.000,0.000,13.037,,
342.927716,2026-03-10 17:48:23.291,ARDUINO_PSI,Arduino,0.000,0.000,13.037,,
343.029761,2026-03-10 17:48:23.393,ARDUINO_PSI,Arduino,0.000,0.000,13.027,,
343.128685,2026-03-10 17:48:23.492,ARDUINO_PSI,Arduino,0.000,0.000,13.025,,
343.228779,2026-03-10 17:48:23.592,ARDUINO_PSI,Arduino,0.000,0.000,13.039,,
343.328131,2026-03-10 17:48:23.691,ARDUINO_PSI,Arduino,0.000,0.000,13.041,,
343.429119,2026-03-10 17:48:23.792,ARDUINO_PSI,Arduino,0.000,0.000,13.050,,
343.528483,2026-03-10 17:48:23.891,ARDUINO_PSI,Arduino,0.000,0.000,13.043,,
343.627990,2026-03-10 17:48:23.991,ARDUINO_PSI,Arduino,0.000,0.000,13.046,,
343.728951,2026-03-10 17:48:24.092,ARDUINO_PSI,Arduino,0.000,0.000,13.050,,
343.827576,2026-03-10 17:48:24.192,ARDUINO_PSI,Arduino,0.000,0.000,13.043,,
343.929632,2026-03-10 17:48:24.293,ARDUINO_PSI,Arduino,0.000,0.000,13.041,,
344.028709,2026-03-10 17:48:24.392,ARDUINO_PSI,Arduino,0.000,0.000,13.043,,
344.128739,2026-03-10 17:48:24.492,ARDUINO_PSI,Arduino,0.000,0.000,13.032,,
344.228861,2026-03-10 17:48:24.592,ARDUINO_PSI,Arduino,0.000,0.000,13.032,,
344.327564,2026-03-10 17:48:24.691,ARDUINO_PSI,Arduino,0.000,0.000,13.037,,
344.427734,2026-03-10 17:48:24.791,ARDUINO_PSI,Arduino,0.000,0.000,13.041,,
344.529420,2026-03-10 17:48:24.892,ARDUINO_PSI,Arduino,0.000,0.000,13.037,,
344.629015,2026-03-10 17:48:24.992,ARDUINO_PSI,Arduino,0.000,0.000,13.046,,
344.728871,2026-03-10 17:48:25.092,ARDUINO_PSI,Arduino,0.000,0.000,13.041,,
344.830025,2026-03-10 17:48:25.193,ARDUINO_PSI,Arduino,0.000,0.000,13.030,,
344.929682,2026-03-10 17:48:25.293,ARDUINO_PSI,Arduino,0.000,0.000,13.032,,
345.029354,2026-03-10 17:48:25.392,ARDUINO_PSI,Arduino,0.000,0.000,13.030,,
345.128858,2026-03-10 17:48:25.492,ARDUINO_PSI,Arduino,0.000,0.000,13.032,,
345.228747,2026-03-10 17:48:25.592,ARDUINO_PSI,Arduino,0.000,0.000,13.021,,
345.329388,2026-03-10 17:48:25.692,ARDUINO_PSI,Arduino,0.000,0.000,13.009,,
345.429684,2026-03-10 17:48:25.793,ARDUINO_PSI,Arduino,0.000,0.000,13.011,,
345.528682,2026-03-10 17:48:25.892,ARDUINO_PSI,Arduino,0.000,0.000,13.018,,
345.628849,2026-03-10 17:48:25.992,ARDUINO_PSI,Arduino,0.000,0.000,13.016,,
345.729241,2026-03-10 17:48:26.092,ARDUINO_PSI,Arduino,0.000,0.000,13.014,,
345.829333,2026-03-10 17:48:26.192,ARDUINO_PSI,Arduino,0.000,0.000,13.016,,
345.928053,2026-03-10 17:48:26.291,ARDUINO_PSI,Arduino,0.000,0.000,13.025,,
346.029197,2026-03-10 17:48:26.392,ARDUINO_PSI,Arduino,0.000,0.000,13.023,,
346.129829,2026-03-10 17:48:26.493,ARDUINO_PSI,Arduino,0.000,0.000,13.027,,
346.228608,2026-03-10 17:48:26.592,ARDUINO_PSI,Arduino,0.000,0.000,13.034,,
346.327167,2026-03-10 17:48:26.690,ARDUINO_PSI,Arduino,0.000,0.000,13.025,,
346.427186,2026-03-10 17:48:26.790,ARDUINO_PSI,Arduino,0.000,0.000,13.034,,
346.529610,2026-03-10 17:48:26.893,ARDUINO_PSI,Arduino,0.000,0.000,13.050,,
346.627583,2026-03-10 17:48:26.991,ARDUINO_PSI,Arduino,0.000,0.000,13.039,,
346.728947,2026-03-10 17:48:27.092,ARDUINO_PSI,Arduino,0.000,0.000,13.034,,
346.827553,2026-03-10 17:48:27.191,ARDUINO_PSI,Arduino,0.000,0.000,13.039,,
346.928171,2026-03-10 17:48:27.291,ARDUINO_PSI,Arduino,0.000,0.000,13.043,,
347.028399,2026-03-10 17:48:27.391,ARDUINO_PSI,Arduino,0.000,0.000,13.043,,
347.128144,2026-03-10 17:48:27.491,ARDUINO_PSI,Arduino,0.000,0.000,13.048,,
347.227576,2026-03-10 17:48:27.591,ARDUINO_PSI,Arduino,0.000,0.000,13.046,,
347.327021,2026-03-10 17:48:27.690,ARDUINO_PSI,Arduino,0.000,0.000,13.053,,
347.427812,2026-03-10 17:48:27.791,ARDUINO_PSI,Arduino,0.000,0.000,13.053,,
347.527522,2026-03-10 17:48:27.890,ARDUINO_PSI,Arduino,0.000,0.000,13.053,,
347.627518,2026-03-10 17:48:27.990,ARDUINO_PSI,Arduino,0.000,0.000,13.057,,
347.728320,2026-03-10 17:48:28.091,ARDUINO_PSI,Arduino,0.000,0.000,13.059,,
347.829138,2026-03-10 17:48:28.192,ARDUINO_PSI,Arduino,0.000,0.000,13.071,,
347.928784,2026-03-10 17:48:28.292,ARDUINO_PSI,Arduino,0.000,0.000,13.071,,
348.027852,2026-03-10 17:48:28.391,ARDUINO_PSI,Arduino,0.000,0.000,13.075,,
348.128985,2026-03-10 17:48:28.492,ARDUINO_PSI,Arduino,0.000,0.000,13.069,,
348.228204,2026-03-10 17:48:28.591,ARDUINO_PSI,Arduino,0.000,0.000,13.062,,
348.327600,2026-03-10 17:48:28.692,ARDUINO_PSI,Arduino,0.000,0.000,13.071,,
348.426973,2026-03-10 17:48:28.790,ARDUINO_PSI,Arduino,0.000,0.000,13.059,,
348.527088,2026-03-10 17:48:28.890,ARDUINO_PSI,Arduino,0.000,0.000,13.050,,
348.627815,2026-03-10 17:48:28.991,ARDUINO_PSI,Arduino,0.000,0.000,13.050,,
348.729692,2026-03-10 17:48:29.093,ARDUINO_PSI,Arduino,0.000,0.000,13.041,,
348.827616,2026-03-10 17:48:29.191,ARDUINO_PSI,Arduino,0.000,0.000,13.034,,
348.927553,2026-03-10 17:48:29.291,ARDUINO_PSI,Arduino,0.000,0.000,13.018,,
349.029180,2026-03-10 17:48:29.392,ARDUINO_PSI,Arduino,0.000,0.000,13.027,,
349.130032,2026-03-10 17:48:29.493,ARDUINO_PSI,Arduino,0.000,0.000,13.018,,
349.227664,2026-03-10 17:48:29.591,ARDUINO_PSI,Arduino,0.000,0.000,13.025,,
349.329088,2026-03-10 17:48:29.692,ARDUINO_PSI,Arduino,0.000,0.000,13.039,,
349.429159,2026-03-10 17:48:29.792,ARDUINO_PSI,Arduino,0.000,0.000,13.025,,
349.528389,2026-03-10 17:48:29.891,ARDUINO_PSI,Arduino,0.000,0.000,13.025,,
349.627284,2026-03-10 17:48:29.990,ARDUINO_PSI,Arduino,0.000,0.000,13.014,,
349.728819,2026-03-10 17:48:30.092,ARDUINO_PSI,Arduino,0.000,0.000,13.005,,
349.828724,2026-03-10 17:48:30.192,ARDUINO_PSI,Arduino,0.000,0.000,12.993,,
349.929431,2026-03-10 17:48:30.292,ARDUINO_PSI,Arduino,0.000,0.000,12.993,,
350.029002,2026-03-10 17:48:30.392,ARDUINO_PSI,Arduino,0.000,0.000,12.986,,
350.128863,2026-03-10 17:48:30.492,ARDUINO_PSI,Arduino,0.000,0.000,13.007,,
350.228924,2026-03-10 17:48:30.592,ARDUINO_PSI,Arduino,0.000,0.000,13.009,,
350.327565,2026-03-10 17:48:30.691,ARDUINO_PSI,Arduino,0.000,0.000,12.995,,
350.429613,2026-03-10 17:48:30.793,ARDUINO_PSI,Arduino,0.000,0.000,13.005,,
350.528457,2026-03-10 17:48:30.891,ARDUINO_PSI,Arduino,0.000,0.000,12.995,,
350.628567,2026-03-10 17:48:30.992,ARDUINO_PSI,Arduino,0.000,0.000,13.000,,
350.727536,2026-03-10 17:48:31.090,ARDUINO_PSI,Arduino,0.000,0.000,13.002,,
350.827936,2026-03-10 17:48:31.191,ARDUINO_PSI,Arduino,0.000,0.000,13.014,,
350.928894,2026-03-10 17:48:31.292,ARDUINO_PSI,Arduino,0.000,0.000,13.018,,
351.027731,2026-03-10 17:48:31.391,ARDUINO_PSI,Arduino,0.000,0.000,13.023,,
351.128662,2026-03-10 17:48:31.492,ARDUINO_PSI,Arduino,0.000,0.000,13.025,,
351.227837,2026-03-10 17:48:31.591,ARDUINO_PSI,Arduino,0.000,0.000,13.025,,
351.327845,2026-03-10 17:48:31.691,ARDUINO_PSI,Arduino,0.000,0.000,13.011,,
351.429079,2026-03-10 17:48:31.792,ARDUINO_PSI,Arduino,0.000,0.000,13.014,,
351.528731,2026-03-10 17:48:31.892,ARDUINO_PSI,Arduino,0.000,0.000,13.009,,
351.629073,2026-03-10 17:48:31.992,ARDUINO_PSI,Arduino,0.000,0.000,13.009,,
351.729008,2026-03-10 17:48:32.092,ARDUINO_PSI,Arduino,0.000,0.000,13.011,,
351.828084,2026-03-10 17:48:32.191,ARDUINO_PSI,Arduino,0.000,0.000,13.021,,
351.928477,2026-03-10 17:48:32.291,ARDUINO_PSI,Arduino,0.000,0.000,13.014,,
352.028752,2026-03-10 17:48:32.392,ARDUINO_PSI,Arduino,0.000,0.000,13.027,,
352.129955,2026-03-10 17:48:32.493,ARDUINO_PSI,Arduino,0.000,0.000,13.011,,
352.229194,2026-03-10 17:48:32.592,ARDUINO_PSI,Arduino,0.000,0.000,13.021,,
352.329152,2026-03-10 17:48:32.692,ARDUINO_PSI,Arduino,0.000,0.000,13.037,,
352.428886,2026-03-10 17:48:32.792,ARDUINO_PSI,Arduino,0.000,0.000,13.039,,
352.528504,2026-03-10 17:48:32.891,ARDUINO_PSI,Arduino,0.000,0.000,13.039,,
352.627001,2026-03-10 17:48:32.990,ARDUINO_PSI,Arduino,0.000,0.000,13.030,,
352.728769,2026-03-10 17:48:33.092,ARDUINO_PSI,Arduino,0.000,0.000,13.034,,
352.828996,2026-03-10 17:48:33.192,ARDUINO_PSI,Arduino,0.000,0.000,13.027,,
352.928518,2026-03-10 17:48:33.291,ARDUINO_PSI,Arduino,0.000,0.000,13.034,,
353.029475,2026-03-10 17:48:33.392,ARDUINO_PSI,Arduino,0.000,0.000,13.027,,
353.127494,2026-03-10 17:48:33.490,ARDUINO_PSI,Arduino,0.000,0.000,13.037,,
353.229059,2026-03-10 17:48:33.592,ARDUINO_PSI,Arduino,0.000,0.000,13.037,,
353.328752,2026-03-10 17:48:33.692,ARDUINO_PSI,Arduino,0.000,0.000,13.039,,
353.428409,2026-03-10 17:48:33.791,ARDUINO_PSI,Arduino,0.000,0.000,13.039,,
353.530386,2026-03-10 17:48:33.893,ARDUINO_PSI,Arduino,0.000,0.000,13.048,,
353.628941,2026-03-10 17:48:33.992,ARDUINO_PSI,Arduino,0.000,0.000,13.046,,
353.728536,2026-03-10 17:48:34.091,ARDUINO_PSI,Arduino,0.000,0.000,13.046,,
353.828621,2026-03-10 17:48:34.192,ARDUINO_PSI,Arduino,0.000,0.000,13.043,,
353.927064,2026-03-10 17:48:34.290,ARDUINO_PSI,Arduino,0.000,0.000,13.039,,
354.028424,2026-03-10 17:48:34.391,ARDUINO_PSI,Arduino,0.000,0.000,13.027,,
354.127600,2026-03-10 17:48:34.491,ARDUINO_PSI,Arduino,0.000,0.000,13.037,,
354.229330,2026-03-10 17:48:34.592,ARDUINO_PSI,Arduino,0.000,0.000,13.025,,
354.329623,2026-03-10 17:48:34.693,ARDUINO_PSI,Arduino,0.000,0.000,13.016,,
354.429096,2026-03-10 17:48:34.792,ARDUINO_PSI,Arduino,0.000,0.000,13.007,,
354.528701,2026-03-10 17:48:34.892,ARDUINO_PSI,Arduino,0.000,0.000,13.018,,
354.629035,2026-03-10 17:48:34.992,ARDUINO_PSI,Arduino,0.000,0.000,13.016,,
354.729347,2026-03-10 17:48:35.092,ARDUINO_PSI,Arduino,0.000,0.000,13.009,,
354.827600,2026-03-10 17:48:35.191,ARDUINO_PSI,Arduino,0.000,0.000,13.002,,
354.928955,2026-03-10 17:48:35.292,ARDUINO_PSI,Arduino,0.000,0.000,12.991,,
355.028260,2026-03-10 17:48:35.391,ARDUINO_PSI,Arduino,0.000,0.000,12.984,,
355.128252,2026-03-10 17:48:35.491,ARDUINO_PSI,Arduino,0.000,0.000,12.970,,
355.229303,2026-03-10 17:48:35.592,ARDUINO_PSI,Arduino,0.000,0.000,12.975,,
355.329035,2026-03-10 17:48:35.692,ARDUINO_PSI,Arduino,0.000,0.000,12.982,,
355.428147,2026-03-10 17:48:35.791,ARDUINO_PSI,Arduino,0.000,0.000,12.993,,
355.528773,2026-03-10 17:48:35.892,ARDUINO_PSI,Arduino,0.000,0.000,12.989,,
355.629143,2026-03-10 17:48:35.992,ARDUINO_PSI,Arduino,0.000,0.000,12.993,,
355.729231,2026-03-10 17:48:36.092,ARDUINO_PSI,Arduino,0.000,0.000,12.986,,
355.828099,2026-03-10 17:48:36.191,ARDUINO_PSI,Arduino,0.000,0.000,12.977,,
355.928889,2026-03-10 17:48:36.292,ARDUINO_PSI,Arduino,0.000,0.000,12.984,,
356.028721,2026-03-10 17:48:36.392,ARDUINO_PSI,Arduino,0.000,0.000,12.984,,
356.127795,2026-03-10 17:48:36.491,ARDUINO_PSI,Arduino,0.000,0.000,12.975,,
356.228346,2026-03-10 17:48:36.591,ARDUINO_PSI,Arduino,0.000,0.000,12.973,,
356.327872,2026-03-10 17:48:36.691,ARDUINO_PSI,Arduino,0.000,0.000,12.982,,
356.428779,2026-03-10 17:48:36.792,ARDUINO_PSI,Arduino,0.000,0.000,12.989,,
356.528153,2026-03-10 17:48:36.891,ARDUINO_PSI,Arduino,0.000,0.000,12.986,,
356.628113,2026-03-10 17:48:36.991,ARDUINO_PSI,Arduino,0.000,0.000,12.998,,
356.728645,2026-03-10 17:48:37.092,ARDUINO_PSI,Arduino,0.000,0.000,13.005,,
356.828607,2026-03-10 17:48:37.192,ARDUINO_PSI,Arduino,0.000,0.000,13.005,,
356.929121,2026-03-10 17:48:37.292,ARDUINO_PSI,Arduino,0.000,0.000,13.011,,
357.028978,2026-03-10 17:48:37.392,ARDUINO_PSI,Arduino,0.000,0.000,13.014,,
357.128810,2026-03-10 17:48:37.492,ARDUINO_PSI,Arduino,0.000,0.000,13.023,,
357.228390,2026-03-10 17:48:37.591,ARDUINO_PSI,Arduino,0.000,0.000,13.011,,
357.328975,2026-03-10 17:48:37.692,ARDUINO_PSI,Arduino,0.000,0.000,13.011,,
357.427730,2026-03-10 17:48:37.791,ARDUINO_PSI,Arduino,0.000,0.000,13.014,,
357.528439,2026-03-10 17:48:37.891,ARDUINO_PSI,Arduino,0.000,0.000,13.011,,
357.628780,2026-03-10 17:48:37.992,ARDUINO_PSI,Arduino,0.000,0.000,13.009,,
357.729322,2026-03-10 17:48:38.092,ARDUINO_PSI,Arduino,0.000,0.000,13.021,,
357.827533,2026-03-10 17:48:38.190,ARDUINO_PSI,Arduino,0.000,0.000,13.032,,
357.928202,2026-03-10 17:48:38.291,ARDUINO_PSI,Arduino,0.000,0.000,13.025,,
358.027755,2026-03-10 17:48:38.391,ARDUINO_PSI,Arduino,0.000,0.000,13.023,,
358.127514,2026-03-10 17:48:38.490,ARDUINO_PSI,Arduino,0.000,0.000,13.027,,
358.228832,2026-03-10 17:48:38.592,ARDUINO_PSI,Arduino,0.000,0.000,13.030,,
358.328509,2026-03-10 17:48:38.691,ARDUINO_PSI,Arduino,0.000,0.000,13.025,,
358.429688,2026-03-10 17:48:38.793,ARDUINO_PSI,Arduino,0.000,0.000,13.021,,
358.528698,2026-03-10 17:48:38.892,ARDUINO_PSI,Arduino,0.000,0.000,13.011,,
358.627570,2026-03-10 17:48:38.991,ARDUINO_PSI,Arduino,0.000,0.000,13.002,,
358.727434,2026-03-10 17:48:39.090,ARDUINO_PSI,Arduino,0.000,0.000,13.005,,
358.827489,2026-03-10 17:48:39.190,ARDUINO_PSI,Arduino,0.000,0.000,13.016,,
358.927509,2026-03-10 17:48:39.290,ARDUINO_PSI,Arduino,0.000,0.000,13.011,,
359.027603,2026-03-10 17:48:39.391,ARDUINO_PSI,Arduino,0.000,0.000,13.018,,
359.127625,2026-03-10 17:48:39.491,ARDUINO_PSI,Arduino,0.000,0.000,13.014,,
359.228540,2026-03-10 17:48:39.591,ARDUINO_PSI,Arduino,0.000,0.000,13.014,,
359.327707,2026-03-10 17:48:39.691,ARDUINO_PSI,Arduino,0.000,0.000,13.016,,
359.429011,2026-03-10 17:48:39.792,ARDUINO_PSI,Arduino,0.000,0.000,12.995,,
359.528279,2026-03-10 17:48:39.891,ARDUINO_PSI,Arduino,0.000,0.000,13.000,,
359.628526,2026-03-10 17:48:39.991,ARDUINO_PSI,Arduino,0.000,0.000,12.995,,
359.727694,2026-03-10 17:48:40.091,ARDUINO_PSI,Arduino,0.000,0.000,12.982,,
359.829537,2026-03-10 17:48:40.192,ARDUINO_PSI,Arduino,0.000,0.000,12.975,,
359.927624,2026-03-10 17:48:40.291,ARDUINO_PSI,Arduino,0.000,0.000,12.979,,
360.028809,2026-03-10 17:48:40.392,ARDUINO_PSI,Arduino,0.000,0.000,12.979,,
360.127598,2026-03-10 17:48:40.491,ARDUINO_PSI,Arduino,0.000,0.000,12.979,,
360.229300,2026-03-10 17:48:40.592,ARDUINO_PSI,Arduino,0.000,0.000,12.984,,
360.327807,2026-03-10 17:48:40.691,ARDUINO_PSI,Arduino,0.000,0.000,12.968,,
360.429149,2026-03-10 17:48:40.792,ARDUINO_PSI,Arduino,0.000,0.000,12.977,,
360.527616,2026-03-10 17:48:40.891,ARDUINO_PSI,Arduino,0.000,0.000,12.991,,
360.629265,2026-03-10 17:48:40.992,ARDUINO_PSI,Arduino,0.000,0.000,12.995,,
360.727107,2026-03-10 17:48:41.090,ARDUINO_PSI,Arduino,0.000,0.000,12.995,,
360.827896,2026-03-10 17:48:41.191,ARDUINO_PSI,Arduino,0.000,0.000,12.991,,
360.928596,2026-03-10 17:48:41.292,ARDUINO_PSI,Arduino,0.000,0.000,12.995,,
361.028766,2026-03-10 17:48:41.392,ARDUINO_PSI,Arduino,0.000,0.000,12.993,,
361.128703,2026-03-10 17:48:41.492,ARDUINO_PSI,Arduino,0.000,0.000,12.993,,
361.227967,2026-03-10 17:48:41.591,ARDUINO_PSI,Arduino,0.000,0.000,13.000,,
361.328409,2026-03-10 17:48:41.691,ARDUINO_PSI,Arduino,0.000,0.000,12.993,,
361.429019,2026-03-10 17:48:41.792,ARDUINO_PSI,Arduino,0.000,0.000,13.005,,
361.527157,2026-03-10 17:48:41.890,ARDUINO_PSI,Arduino,0.000,0.000,13.007,,
361.628362,2026-03-10 17:48:41.991,ARDUINO_PSI,Arduino,0.000,0.000,13.016,,
361.727679,2026-03-10 17:48:42.091,ARDUINO_PSI,Arduino,0.000,0.000,13.027,,
361.827720,2026-03-10 17:48:42.191,ARDUINO_PSI,Arduino,0.000,0.000,13.030,,
361.929196,2026-03-10 17:48:42.292,ARDUINO_PSI,Arduino,0.000,0.000,13.032,,
362.027507,2026-03-10 17:48:42.390,ARDUINO_PSI,Arduino,0.000,0.000,13.034,,
362.129079,2026-03-10 17:48:42.492,ARDUINO_PSI,Arduino,0.000,0.000,13.039,,
362.227675,2026-03-10 17:48:42.591,ARDUINO_PSI,Arduino,0.000,0.000,13.039,,
362.327973,2026-03-10 17:48:42.691,ARDUINO_PSI,Arduino,0.000,0.000,13.050,,
362.427611,2026-03-10 17:48:42.791,ARDUINO_PSI,Arduino,0.000,0.000,13.043,,
362.527732,2026-03-10 17:48:42.891,ARDUINO_PSI,Arduino,0.000,0.000,13.032,,
362.628357,2026-03-10 17:48:42.991,ARDUINO_PSI,Arduino,0.000,0.000,13.034,,
362.729026,2026-03-10 17:48:43.092,ARDUINO_PSI,Arduino,0.000,0.000,13.023,,
362.827766,2026-03-10 17:48:43.191,ARDUINO_PSI,Arduino,0.000,0.000,13.032,,
362.927628,2026-03-10 17:48:43.291,ARDUINO_PSI,Arduino,0.000,0.000,13.039,,
363.027474,2026-03-10 17:48:43.390,ARDUINO_PSI,Arduino,0.000,0.000,13.037,,
363.129339,2026-03-10 17:48:43.492,ARDUINO_PSI,Arduino,0.000,0.000,13.032,,
363.228683,2026-03-10 17:48:43.592,ARDUINO_PSI,Arduino,0.000,0.000,13.034,,
363.328845,2026-03-10 17:48:43.692,ARDUINO_PSI,Arduino,0.000,0.000,13.032,,
363.428996,2026-03-10 17:48:43.792,ARDUINO_PSI,Arduino,0.000,0.000,13.034,,
363.527616,2026-03-10 17:48:43.891,ARDUINO_PSI,Arduino,0.000,0.000,13.027,,
363.627557,2026-03-10 17:48:43.991,ARDUINO_PSI,Arduino,0.000,0.000,13.023,,
363.728510,2026-03-10 17:48:44.091,ARDUINO_PSI,Arduino,0.000,0.000,13.018,,
363.829095,2026-03-10 17:48:44.192,ARDUINO_PSI,Arduino,0.000,0.000,13.018,,
363.929378,2026-03-10 17:48:44.292,ARDUINO_PSI,Arduino,0.000,0.000,13.027,,
364.029352,2026-03-10 17:48:44.392,ARDUINO_PSI,Arduino,0.000,0.000,13.034,,
364.128296,2026-03-10 17:48:44.491,ARDUINO_PSI,Arduino,0.000,0.000,13.025,,
364.228916,2026-03-10 17:48:44.592,ARDUINO_PSI,Arduino,0.000,0.000,13.025,,
364.328465,2026-03-10 17:48:44.691,ARDUINO_PSI,Arduino,0.000,0.000,13.018,,
364.427617,2026-03-10 17:48:44.791,ARDUINO_PSI,Arduino,0.000,0.000,13.021,,
364.528918,2026-03-10 17:48:44.892,ARDUINO_PSI,Arduino,0.000,0.000,13.021,,
364.627528,2026-03-10 17:48:44.990,ARDUINO_PSI,Arduino,0.000,0.000,13.018,,
364.727827,2026-03-10 17:48:45.091,ARDUINO_PSI,Arduino,0.000,0.000,13.023,,
364.829700,2026-03-10 17:48:45.193,ARDUINO_PSI,Arduino,0.000,0.000,13.018,,
364.929158,2026-03-10 17:48:45.292,ARDUINO_PSI,Arduino,0.000,0.000,13.005,,
365.029125,2026-03-10 17:48:45.392,ARDUINO_PSI,Arduino,0.000,0.000,13.011,,
365.129193,2026-03-10 17:48:45.492,ARDUINO_PSI,Arduino,0.000,0.000,13.016,,
365.227806,2026-03-10 17:48:45.591,ARDUINO_PSI,Arduino,0.000,0.000,13.005,,
365.328929,2026-03-10 17:48:45.692,ARDUINO_PSI,Arduino,0.000,0.000,13.000,,
365.428626,2026-03-10 17:48:45.792,ARDUINO_PSI,Arduino,0.000,0.000,12.993,,
365.529062,2026-03-10 17:48:45.892,ARDUINO_PSI,Arduino,0.000,0.000,13.000,,
365.628353,2026-03-10 17:48:45.991,ARDUINO_PSI,Arduino,0.000,0.000,12.993,,
365.727759,2026-03-10 17:48:46.091,ARDUINO_PSI,Arduino,0.000,0.000,13.002,,
365.827702,2026-03-10 17:48:46.191,ARDUINO_PSI,Arduino,0.000,0.000,13.007,,
365.927517,2026-03-10 17:48:46.290,ARDUINO_PSI,Arduino,0.000,0.000,12.995,,
366.028614,2026-03-10 17:48:46.392,ARDUINO_PSI,Arduino,0.000,0.000,12.993,,
366.127584,2026-03-10 17:48:46.491,ARDUINO_PSI,Arduino,0.000,0.000,12.989,,
366.229644,2026-03-10 17:48:46.593,ARDUINO_PSI,Arduino,0.000,0.000,12.995,,
366.327475,2026-03-10 17:48:46.690,ARDUINO_PSI,Arduino,0.000,0.000,12.995,,
366.427861,2026-03-10 17:48:46.791,ARDUINO_PSI,Arduino,0.000,0.000,12.989,,
366.529445,2026-03-10 17:48:46.892,ARDUINO_PSI,Arduino,0.000,0.000,12.991,,
366.627539,2026-03-10 17:48:46.990,ARDUINO_PSI,Arduino,0.000,0.000,12.984,,
366.729186,2026-03-10 17:48:47.092,ARDUINO_PSI,Arduino,0.000,0.000,12.995,,
366.829107,2026-03-10 17:48:47.192,ARDUINO_PSI,Arduino,0.000,0.000,12.989,,
366.927863,2026-03-10 17:48:47.291,ARDUINO_PSI,Arduino,0.000,0.000,12.991,,
367.029259,2026-03-10 17:48:47.392,ARDUINO_PSI,Arduino,0.000,0.000,12.989,,
367.129275,2026-03-10 17:48:47.492,ARDUINO_PSI,Arduino,0.000,0.000,12.986,,
367.229389,2026-03-10 17:48:47.592,ARDUINO_PSI,Arduino,0.000,0.000,12.989,,
367.329256,2026-03-10 17:48:47.692,ARDUINO_PSI,Arduino,0.000,0.000,12.998,,
367.428289,2026-03-10 17:48:47.791,ARDUINO_PSI,Arduino,0.000,0.000,12.995,,
367.527566,2026-03-10 17:48:47.891,ARDUINO_PSI,Arduino,0.000,0.000,12.998,,
367.627571,2026-03-10 17:48:47.991,ARDUINO_PSI,Arduino,0.000,0.000,13.005,,
367.728510,2026-03-10 17:48:48.091,ARDUINO_PSI,Arduino,0.000,0.000,13.002,,
367.829007,2026-03-10 17:48:48.192,ARDUINO_PSI,Arduino,0.000,0.000,13.000,,
367.927789,2026-03-10 17:48:48.291,ARDUINO_PSI,Arduino,0.000,0.000,12.995,,
368.027824,2026-03-10 17:48:48.391,ARDUINO_PSI,Arduino,0.000,0.000,12.993,,
368.129021,2026-03-10 17:48:48.492,ARDUINO_PSI,Arduino,0.000,0.000,12.995,,
368.227870,2026-03-10 17:48:48.591,ARDUINO_PSI,Arduino,0.000,0.000,12.986,,
368.327633,2026-03-10 17:48:48.691,ARDUINO_PSI,Arduino,0.000,0.000,12.991,,
368.427744,2026-03-10 17:48:48.791,ARDUINO_PSI,Arduino,0.000,0.000,12.998,,
368.527714,2026-03-10 17:48:48.891,ARDUINO_PSI,Arduino,0.000,0.000,12.995,,
368.627693,2026-03-10 17:48:48.991,ARDUINO_PSI,Arduino,0.000,0.000,13.005,,
368.728448,2026-03-10 17:48:49.091,ARDUINO_PSI,Arduino,0.000,0.000,12.995,,
368.828813,2026-03-10 17:48:49.192,ARDUINO_PSI,Arduino,0.000,0.000,13.009,,
368.928431,2026-03-10 17:48:49.291,ARDUINO_PSI,Arduino,0.000,0.000,13.007,,
369.027719,2026-03-10 17:48:49.391,ARDUINO_PSI,Arduino,0.000,0.000,13.009,,
369.129524,2026-03-10 17:48:49.492,ARDUINO_PSI,Arduino,0.000,0.000,13.007,,
369.227747,2026-03-10 17:48:49.591,ARDUINO_PSI,Arduino,0.000,0.000,13.009,,
369.329335,2026-03-10 17:48:49.692,ARDUINO_PSI,Arduino,0.000,0.000,13.007,,
369.430114,2026-03-10 17:48:49.793,ARDUINO_PSI,Arduino,0.000,0.000,13.021,,
369.527624,2026-03-10 17:48:49.891,ARDUINO_PSI,Arduino,0.000,0.000,13.011,,
369.628119,2026-03-10 17:48:49.991,ARDUINO_PSI,Arduino,0.000,0.000,13.005,,
369.727697,2026-03-10 17:48:50.091,ARDUINO_PSI,Arduino,0.000,0.000,13.000,,
369.827680,2026-03-10 17:48:50.191,ARDUINO_PSI,Arduino,0.000,0.000,13.005,,
369.927401,2026-03-10 17:48:50.290,ARDUINO_PSI,Arduino,0.000,0.000,13.021,,
370.027527,2026-03-10 17:48:50.390,ARDUINO_PSI,Arduino,0.000,0.000,13.021,,
370.128711,2026-03-10 17:48:50.492,ARDUINO_PSI,Arduino,0.000,0.000,13.018,,
370.229333,2026-03-10 17:48:50.592,ARDUINO_PSI,Arduino,0.000,0.000,13.027,,
370.328769,2026-03-10 17:48:50.692,ARDUINO_PSI,Arduino,0.000,0.000,13.030,,
370.427541,2026-03-10 17:48:50.790,ARDUINO_PSI,Arduino,0.000,0.000,13.030,,
370.527529,2026-03-10 17:48:50.890,ARDUINO_PSI,Arduino,0.000,0.000,13.034,,
370.627501,2026-03-10 17:48:50.990,ARDUINO_PSI,Arduino,0.000,0.000,13.039,,
370.727652,2026-03-10 17:48:51.091,ARDUINO_PSI,Arduino,0.000,0.000,13.039,,
370.827652,2026-03-10 17:48:51.191,ARDUINO_PSI,Arduino,0.000,0.000,13.041,,
370.927450,2026-03-10 17:48:51.290,ARDUINO_PSI,Arduino,0.000,0.000,13.039,,
371.028288,2026-03-10 17:48:51.391,ARDUINO_PSI,Arduino,0.000,0.000,13.034,,
371.127142,2026-03-10 17:48:51.490,ARDUINO_PSI,Arduino,0.000,0.000,13.043,,
371.227010,2026-03-10 17:48:51.590,ARDUINO_PSI,Arduino,0.000,0.000,13.055,,
371.327671,2026-03-10 17:48:51.691,ARDUINO_PSI,Arduino,0.000,0.000,13.055,,
371.427392,2026-03-10 17:48:51.790,ARDUINO_PSI,Arduino,0.000,0.000,13.046,,
371.527495,2026-03-10 17:48:51.890,ARDUINO_PSI,Arduino,0.000,0.000,13.041,,
371.629052,2026-03-10 17:48:51.992,ARDUINO_PSI,Arduino,0.000,0.000,13.039,,
371.727593,2026-03-10 17:48:52.091,ARDUINO_PSI,Arduino,0.000,0.000,13.034,,
371.827840,2026-03-10 17:48:52.191,ARDUINO_PSI,Arduino,0.000,0.000,13.030,,
371.927523,2026-03-10 17:48:52.290,ARDUINO_PSI,Arduino,0.000,0.000,13.032,,
372.028511,2026-03-10 17:48:52.391,ARDUINO_PSI,Arduino,0.000,0.000,13.025,,
372.129138,2026-03-10 17:48:52.492,ARDUINO_PSI,Arduino,0.000,0.000,13.037,,
372.229226,2026-03-10 17:48:52.592,ARDUINO_PSI,Arduino,0.000,0.000,13.032,,
372.328339,2026-03-10 17:48:52.691,ARDUINO_PSI,Arduino,0.000,0.000,13.030,,
372.427586,2026-03-10 17:48:52.791,ARDUINO_PSI,Arduino,0.000,0.000,13.030,,
372.527633,2026-03-10 17:48:52.891,ARDUINO_PSI,Arduino,0.000,0.000,13.023,,
372.627446,2026-03-10 17:48:52.990,ARDUINO_PSI,Arduino,0.000,0.000,13.030,,
372.728944,2026-03-10 17:48:53.092,ARDUINO_PSI,Arduino,0.000,0.000,13.021,,
372.829928,2026-03-10 17:48:53.193,ARDUINO_PSI,Arduino,0.000,0.000,13.011,,
372.927513,2026-03-10 17:48:53.290,ARDUINO_PSI,Arduino,0.000,0.000,13.007,,
373.027768,2026-03-10 17:48:53.391,ARDUINO_PSI,Arduino,0.000,0.000,13.011,,
373.127287,2026-03-10 17:48:53.490,ARDUINO_PSI,Arduino,0.000,0.000,13.002,,
373.229345,2026-03-10 17:48:53.592,ARDUINO_PSI,Arduino,0.000,0.000,12.989,,
373.327108,2026-03-10 17:48:53.690,ARDUINO_PSI,Arduino,0.000,0.000,12.986,,
373.427569,2026-03-10 17:48:53.791,ARDUINO_PSI,Arduino,0.000,0.000,12.984,,
373.527514,2026-03-10 17:48:53.890,ARDUINO_PSI,Arduino,0.000,0.000,12.995,,
373.627556,2026-03-10 17:48:53.991,ARDUINO_PSI,Arduino,0.000,0.000,13.007,,
373.727538,2026-03-10 17:48:54.090,ARDUINO_PSI,Arduino,0.000,0.000,13.000,,
373.827005,2026-03-10 17:48:54.190,ARDUINO_PSI,Arduino,0.000,0.000,13.002,,
373.927498,2026-03-10 17:48:54.290,ARDUINO_PSI,Arduino,0.000,0.000,13.000,,
374.027457,2026-03-10 17:48:54.390,ARDUINO_PSI,Arduino,0.000,0.000,13.009,,
374.127310,2026-03-10 17:48:54.490,ARDUINO_PSI,Arduino,0.000,0.000,13.009,,
374.227611,2026-03-10 17:48:54.591,ARDUINO_PSI,Arduino,0.000,0.000,13.005,,
374.327548,2026-03-10 17:48:54.690,ARDUINO_PSI,Arduino,0.000,0.000,13.009,,
374.427505,2026-03-10 17:48:54.790,ARDUINO_PSI,Arduino,0.000,0.000,13.007,,
374.527596,2026-03-10 17:48:54.891,ARDUINO_PSI,Arduino,0.000,0.000,13.016,,
374.627440,2026-03-10 17:48:54.990,ARDUINO_PSI,Arduino,0.000,0.000,13.000,,
374.729294,2026-03-10 17:48:55.092,ARDUINO_PSI,Arduino,0.000,0.000,13.018,,
374.827582,2026-03-10 17:48:55.191,ARDUINO_PSI,Arduino,0.000,0.000,13.016,,
374.927686,2026-03-10 17:48:55.293,ARDUINO_PSI,Arduino,0.000,0.000,13.016,,
375.027509,2026-03-10 17:48:55.390,ARDUINO_PSI,Arduino,0.000,0.000,13.018,,
375.127519,2026-03-10 17:48:55.490,ARDUINO_PSI,Arduino,0.000,0.000,13.023,,
375.229270,2026-03-10 17:48:55.592,ARDUINO_PSI,Arduino,0.000,0.000,13.027,,
375.327122,2026-03-10 17:48:55.690,ARDUINO_PSI,Arduino,0.000,0.000,13.030,,
375.427077,2026-03-10 17:48:55.790,ARDUINO_PSI,Arduino,0.000,0.000,13.039,,
375.527044,2026-03-10 17:48:55.890,ARDUINO_PSI,Arduino,0.000,0.000,13.032,,
375.627646,2026-03-10 17:48:55.991,ARDUINO_PSI,Arduino,0.000,0.000,13.025,,
375.729162,2026-03-10 17:48:56.092,ARDUINO_PSI,Arduino,0.000,0.000,13.030,,
375.827101,2026-03-10 17:48:56.190,ARDUINO_PSI,Arduino,0.000,0.000,13.023,,
375.927601,2026-03-10 17:48:56.291,ARDUINO_PSI,Arduino,0.000,0.000,13.009,,
376.029784,2026-03-10 17:48:56.393,ARDUINO_PSI,Arduino,0.000,0.000,13.009,,
376.127470,2026-03-10 17:48:56.490,ARDUINO_PSI,Arduino,0.000,0.000,13.009,,
376.229102,2026-03-10 17:48:56.592,ARDUINO_PSI,Arduino,0.000,0.000,13.016,,
376.327301,2026-03-10 17:48:56.690,ARDUINO_PSI,Arduino,0.000,0.000,13.007,,
376.429760,2026-03-10 17:48:56.793,ARDUINO_PSI,Arduino,0.000,0.000,13.007,,
376.527517,2026-03-10 17:48:56.890,ARDUINO_PSI,Arduino,0.000,0.000,13.000,,
376.627555,2026-03-10 17:48:56.991,ARDUINO_PSI,Arduino,0.000,0.000,13.005,,
376.727746,2026-03-10 17:48:57.091,ARDUINO_PSI,Arduino,0.000,0.000,12.991,,
376.827481,2026-03-10 17:48:57.190,ARDUINO_PSI,Arduino,0.000,0.000,12.998,,
376.927415,2026-03-10 17:48:57.290,ARDUINO_PSI,Arduino,0.000,0.000,13.000,,
377.027571,2026-03-10 17:48:57.391,ARDUINO_PSI,Arduino,0.000,0.000,13.007,,
377.127512,2026-03-10 17:48:57.490,ARDUINO_PSI,Arduino,0.000,0.000,13.011,,
377.227554,2026-03-10 17:48:57.591,ARDUINO_PSI,Arduino,0.000,0.000,13.009,,
377.327114,2026-03-10 17:48:57.690,ARDUINO_PSI,Arduino,0.000,0.000,13.018,,
377.427580,2026-03-10 17:48:57.791,ARDUINO_PSI,Arduino,0.000,0.000,13.011,,
377.527595,2026-03-10 17:48:57.891,ARDUINO_PSI,Arduino,0.000,0.000,13.014,,
377.629322,2026-03-10 17:48:57.992,ARDUINO_PSI,Arduino,0.000,0.000,13.025,,
377.727599,2026-03-10 17:48:58.091,ARDUINO_PSI,Arduino,0.000,0.000,13.018,,
377.829968,2026-03-10 17:48:58.193,ARDUINO_PSI,Arduino,0.000,0.000,13.027,,
377.927654,2026-03-10 17:48:58.291,ARDUINO_PSI,Arduino,0.000,0.000,13.021,,
378.027508,2026-03-10 17:48:58.390,ARDUINO_PSI,Arduino,0.000,0.000,13.011,,
378.127457,2026-03-10 17:48:58.490,ARDUINO_PSI,Arduino,0.000,0.000,13.000,,
378.229262,2026-03-10 17:48:58.592,ARDUINO_PSI,Arduino,0.000,0.000,13.000,,
378.327197,2026-03-10 17:48:58.690,ARDUINO_PSI,Arduino,0.000,0.000,13.002,,
378.427580,2026-03-10 17:48:58.791,ARDUINO_PSI,Arduino,0.000,0.000,12.995,,
378.527341,2026-03-10 17:48:58.890,ARDUINO_PSI,Arduino,0.000,0.000,12.991,,
378.629729,2026-03-10 17:48:58.993,ARDUINO_PSI,Arduino,0.000,0.000,12.995,,
378.727651,2026-03-10 17:48:59.091,ARDUINO_PSI,Arduino,0.000,0.000,12.998,,
378.827512,2026-03-10 17:48:59.190,ARDUINO_PSI,Arduino,0.000,0.000,12.998,,
378.926911,2026-03-10 17:48:59.290,ARDUINO_PSI,Arduino,0.000,0.000,13.002,,
379.027563,2026-03-10 17:48:59.391,ARDUINO_PSI,Arduino,0.000,0.000,12.986,,
379.134761,2026-03-10 17:48:59.498,ARDUINO_PSI,Arduino,0.000,0.000,12.982,,
379.227700,2026-03-10 17:48:59.593,ARDUINO_PSI,Arduino,0.000,0.000,12.986,,
379.328306,2026-03-10 17:48:59.691,ARDUINO_PSI,Arduino,0.000,0.000,12.979,,
379.427462,2026-03-10 17:48:59.790,ARDUINO_PSI,Arduino,0.000,0.000,12.984,,
379.527606,2026-03-10 17:48:59.891,ARDUINO_PSI,Arduino,0.000,0.000,12.984,,
379.627408,2026-03-10 17:48:59.990,ARDUINO_PSI,Arduino,0.000,0.000,12.979,,
379.727883,2026-03-10 17:49:00.091,ARDUINO_PSI,Arduino,0.000,0.000,12.998,,
379.827658,2026-03-10 17:49:00.191,ARDUINO_PSI,Arduino,0.000,0.000,12.995,,
379.927515,2026-03-10 17:49:00.290,ARDUINO_PSI,Arduino,0.000,0.000,13.002,,
380.029184,2026-03-10 17:49:00.392,ARDUINO_PSI,Arduino,0.000,0.000,13.014,,
380.127490,2026-03-10 17:49:00.490,ARDUINO_PSI,Arduino,0.000,0.000,13.023,,
380.227136,2026-03-10 17:49:00.590,ARDUINO_PSI,Arduino,0.000,0.000,13.023,,
380.327266,2026-03-10 17:49:00.690,ARDUINO_PSI,Arduino,0.000,0.000,13.023,,
380.427521,2026-03-10 17:49:00.790,ARDUINO_PSI,Arduino,0.000,0.000,13.037,,
380.527447,2026-03-10 17:49:00.890,ARDUINO_PSI,Arduino,0.000,0.000,13.046,,
380.627486,2026-03-10 17:49:00.990,ARDUINO_PSI,Arduino,0.000,0.000,13.037,,
380.729264,2026-03-10 17:49:01.092,ARDUINO_PSI,Arduino,0.000,0.000,13.034,,
380.827503,2026-03-10 17:49:01.190,ARDUINO_PSI,Arduino,0.000,0.000,13.025,,
380.927513,2026-03-10 17:49:01.290,ARDUINO_PSI,Arduino,0.000,0.000,13.034,,
381.027584,2026-03-10 17:49:01.391,ARDUINO_PSI,Arduino,0.000,0.000,13.037,,
381.127146,2026-03-10 17:49:01.490,ARDUINO_PSI,Arduino,0.000,0.000,13.041,,
381.227628,2026-03-10 17:49:01.591,ARDUINO_PSI,Arduino,0.000,0.000,13.043,,
381.326974,2026-03-10 17:49:01.690,ARDUINO_PSI,Arduino,0.000,0.000,13.043,,
381.427502,2026-03-10 17:49:01.790,ARDUINO_PSI,Arduino,0.000,0.000,13.037,,
381.527604,2026-03-10 17:49:01.891,ARDUINO_PSI,Arduino,0.000,0.000,13.032,,
381.627423,2026-03-10 17:49:01.990,ARDUINO_PSI,Arduino,0.000,0.000,13.032,,
381.727500,2026-03-10 17:49:02.090,ARDUINO_PSI,Arduino,0.000,0.000,13.027,,
381.827500,2026-03-10 17:49:02.190,ARDUINO_PSI,Arduino,0.000,0.000,13.037,,
381.927437,2026-03-10 17:49:02.290,ARDUINO_PSI,Arduino,0.000,0.000,13.027,,
382.027371,2026-03-10 17:49:02.390,ARDUINO_PSI,Arduino,0.000,0.000,13.023,,
382.127570,2026-03-10 17:49:02.491,ARDUINO_PSI,Arduino,0.000,0.000,13.023,,
382.227419,2026-03-10 17:49:02.590,ARDUINO_PSI,Arduino,0.000,0.000,13.016,,
382.327361,2026-03-10 17:49:02.690,ARDUINO_PSI,Arduino,0.000,0.000,13.021,,
382.428491,2026-03-10 17:49:02.791,ARDUINO_PSI,Arduino,0.000,0.000,13.014,,
382.527438,2026-03-10 17:49:02.890,ARDUINO_PSI,Arduino,0.000,0.000,13.002,,
382.627433,2026-03-10 17:49:02.990,ARDUINO_PSI,Arduino,0.000,0.000,13.011,,
382.727265,2026-03-10 17:49:03.090,ARDUINO_PSI,Arduino,0.000,0.000,13.007,,
382.827067,2026-03-10 17:49:03.190,ARDUINO_PSI,Arduino,0.000,0.000,13.021,,
382.927594,2026-03-10 17:49:03.291,ARDUINO_PSI,Arduino,0.000,0.000,13.009,,
383.027612,2026-03-10 17:49:03.391,ARDUINO_PSI,Arduino,0.000,0.000,13.009,,
383.127523,2026-03-10 17:49:03.490,ARDUINO_PSI,Arduino,0.000,0.000,12.998,,
383.229830,2026-03-10 17:49:03.593,ARDUINO_PSI,Arduino,0.000,0.000,13.002,,
383.328770,2026-03-10 17:49:03.692,ARDUINO_PSI,Arduino,0.000,0.000,12.998,,
383.427552,2026-03-10 17:49:03.791,ARDUINO_PSI,Arduino,0.000,0.000,12.991,,
383.527469,2026-03-10 17:49:03.890,ARDUINO_PSI,Arduino,0.000,0.000,13.000,,
383.627566,2026-03-10 17:49:03.991,ARDUINO_PSI,Arduino,0.000,0.000,12.995,,
383.727704,2026-03-10 17:49:04.091,ARDUINO_PSI,Arduino,0.000,0.000,12.991,,
383.827558,2026-03-10 17:49:04.191,ARDUINO_PSI,Arduino,0.000,0.000,12.982,,
383.927039,2026-03-10 17:49:04.290,ARDUINO_PSI,Arduino,0.000,0.000,12.989,,
384.027431,2026-03-10 17:49:04.390,ARDUINO_PSI,Arduino,0.000,0.000,12.986,,
384.127649,2026-03-10 17:49:04.491,ARDUINO_PSI,Arduino,0.000,0.000,12.986,,
384.227506,2026-03-10 17:49:04.590,ARDUINO_PSI,Arduino,0.000,0.000,12.991,,
384.329041,2026-03-10 17:49:04.692,ARDUINO_PSI,Arduino,0.000,0.000,12.993,,
384.429361,2026-03-10 17:49:04.792,ARDUINO_PSI,Arduino,0.000,0.000,12.993,,
384.527526,2026-03-10 17:49:04.890,ARDUINO_PSI,Arduino,0.000,0.000,12.993,,
384.627483,2026-03-10 17:49:04.990,ARDUINO_PSI,Arduino,0.000,0.000,12.991,,
384.727594,2026-03-10 17:49:05.091,ARDUINO_PSI,Arduino,0.000,0.000,12.995,,
384.827530,2026-03-10 17:49:05.190,ARDUINO_PSI,Arduino,0.000,0.000,12.984,,
384.927443,2026-03-10 17:49:05.290,ARDUINO_PSI,Arduino,0.000,0.000,12.989,,
385.027068,2026-03-10 17:49:05.390,ARDUINO_PSI,Arduino,0.000,0.000,12.991,,
385.130518,2026-03-10 17:49:05.493,ARDUINO_PSI,Arduino,0.000,0.000,12.993,,
385.227611,2026-03-10 17:49:05.591,ARDUINO_PSI,Arduino,0.000,0.000,12.984,,
385.327649,2026-03-10 17:49:05.691,ARDUINO_PSI,Arduino,0.000,0.000,12.998,,
385.429045,2026-03-10 17:49:05.792,ARDUINO_PSI,Arduino,0.000,0.000,13.009,,
385.529837,2026-03-10 17:49:05.893,ARDUINO_PSI,Arduino,0.000,0.000,13.000,,
385.627560,2026-03-10 17:49:05.991,ARDUINO_PSI,Arduino,0.000,0.000,13.000,,
385.727507,2026-03-10 17:49:06.090,ARDUINO_PSI,Arduino,0.000,0.000,12.998,,
385.827493,2026-03-10 17:49:06.190,ARDUINO_PSI,Arduino,0.000,0.000,12.995,,
385.927663,2026-03-10 17:49:06.291,ARDUINO_PSI,Arduino,0.000,0.000,12.998,,
386.027527,2026-03-10 17:49:06.390,ARDUINO_PSI,Arduino,0.000,0.000,13.005,,
386.127680,2026-03-10 17:49:06.491,ARDUINO_PSI,Arduino,0.000,0.000,13.000,,
386.227500,2026-03-10 17:49:06.590,ARDUINO_PSI,Arduino,0.000,0.000,12.993,,
386.328413,2026-03-10 17:49:06.691,ARDUINO_PSI,Arduino,0.000,0.000,12.998,,
386.427462,2026-03-10 17:49:06.790,ARDUINO_PSI,Arduino,0.000,0.000,12.998,,
386.527650,2026-03-10 17:49:06.891,ARDUINO_PSI,Arduino,0.000,0.000,13.016,,
386.627612,2026-03-10 17:49:06.991,ARDUINO_PSI,Arduino,0.000,0.000,13.014,,
386.727591,2026-03-10 17:49:07.091,ARDUINO_PSI,Arduino,0.000,0.000,13.016,,
386.827468,2026-03-10 17:49:07.190,ARDUINO_PSI,Arduino,0.000,0.000,13.032,,
386.930476,2026-03-10 17:49:07.293,ARDUINO_PSI,Arduino,0.000,0.000,13.023,,
387.027531,2026-03-10 17:49:07.390,ARDUINO_PSI,Arduino,0.000,0.000,13.032,,
387.127723,2026-03-10 17:49:07.491,ARDUINO_PSI,Arduino,0.000,0.000,13.030,,
387.229289,2026-03-10 17:49:07.592,ARDUINO_PSI,Arduino,0.000,0.000,13.037,,
387.327628,2026-03-10 17:49:07.691,ARDUINO_PSI,Arduino,0.000,0.000,13.025,,
387.427404,2026-03-10 17:49:07.790,ARDUINO_PSI,Arduino,0.000,0.000,13.027,,
387.528600,2026-03-10 17:49:07.892,ARDUINO_PSI,Arduino,0.000,0.000,13.039,,
387.627436,2026-03-10 17:49:07.990,ARDUINO_PSI,Arduino,0.000,0.000,13.039,,
387.727561,2026-03-10 17:49:08.091,ARDUINO_PSI,Arduino,0.000,0.000,13.046,,
387.827459,2026-03-10 17:49:08.190,ARDUINO_PSI,Arduino,0.000,0.000,13.053,,
387.927565,2026-03-10 17:49:08.291,ARDUINO_PSI,Arduino,0.000,0.000,13.059,,
388.027736,2026-03-10 17:49:08.391,ARDUINO_PSI,Arduino,0.000,0.000,13.062,,
388.127554,2026-03-10 17:49:08.491,ARDUINO_PSI,Arduino,0.000,0.000,13.064,,
388.227708,2026-03-10 17:49:08.591,ARDUINO_PSI,Arduino,0.000,0.000,13.066,,
388.327265,2026-03-10 17:49:08.690,ARDUINO_PSI,Arduino,0.000,0.000,13.064,,
388.427449,2026-03-10 17:49:08.790,ARDUINO_PSI,Arduino,0.000,0.000,13.075,,
388.527635,2026-03-10 17:49:08.891,ARDUINO_PSI,Arduino,0.000,0.000,13.073,,
388.630600,2026-03-10 17:49:08.994,ARDUINO_PSI,Arduino,0.000,0.000,13.075,,
388.727574,2026-03-10 17:49:09.091,ARDUINO_PSI,Arduino,0.000,0.000,13.078,,
388.827434,2026-03-10 17:49:09.190,ARDUINO_PSI,Arduino,0.000,0.000,13.071,,
388.930901,2026-03-10 17:49:09.294,ARDUINO_PSI,Arduino,0.000,0.000,13.075,,
389.027668,2026-03-10 17:49:09.391,ARDUINO_PSI,Arduino,0.000,0.000,13.062,,
389.535128,2026-03-10 17:49:09.898,ARDUINO_PSI,Arduino,0.000,0.000,13.069,,
389.542144,2026-03-10 17:49:09.905,ARDUINO_PSI,Arduino,0.000,0.000,13.053,,
389.545216,2026-03-10 17:49:09.908,ARDUINO_PSI,Arduino,0.000,0.000,13.050,,
389.548453,2026-03-10 17:49:09.911,ARDUINO_PSI,Arduino,0.000,0.000,13.039,,
389.551493,2026-03-10 17:49:09.914,ARDUINO_PSI,Arduino,0.000,0.000,13.027,,
389.662926,2026-03-10 17:49:10.026,ARDUINO_PSI,Arduino,0.000,0.000,13.030,,
389.727109,2026-03-10 17:49:10.090,ARDUINO_PSI,Arduino,0.000,0.000,13.027,,
389.827010,2026-03-10 17:49:10.190,ARDUINO_PSI,Arduino,0.000,0.000,13.018,,
389.927021,2026-03-10 17:49:10.290,ARDUINO_PSI,Arduino,0.000,0.000,13.009,,
390.027567,2026-03-10 17:49:10.391,ARDUINO_PSI,Arduino,0.000,0.000,12.998,,
390.127063,2026-03-10 17:49:10.490,ARDUINO_PSI,Arduino,0.000,0.000,12.998,,
390.227122,2026-03-10 17:49:10.590,ARDUINO_PSI,Arduino,0.000,0.000,13.000,,
390.327605,2026-03-10 17:49:10.691,ARDUINO_PSI,Arduino,0.000,0.000,12.995,,
390.427638,2026-03-10 17:49:10.791,ARDUINO_PSI,Arduino,0.000,0.000,12.989,,
390.527569,2026-03-10 17:49:10.891,ARDUINO_PSI,Arduino,0.000,0.000,12.984,,
390.627438,2026-03-10 17:49:10.990,ARDUINO_PSI,Arduino,0.000,0.000,12.986,,
390.727093,2026-03-10 17:49:11.090,ARDUINO_PSI,Arduino,0.000,0.000,12.979,,
390.828858,2026-03-10 17:49:11.192,ARDUINO_PSI,Arduino,0.000,0.000,12.986,,
390.927444,2026-03-10 17:49:11.290,ARDUINO_PSI,Arduino,0.000,0.000,12.991,,
391.027012,2026-03-10 17:49:11.390,ARDUINO_PSI,Arduino,0.000,0.000,12.993,,
391.127679,2026-03-10 17:49:11.491,ARDUINO_PSI,Arduino,0.000,0.000,12.984,,
391.227673,2026-03-10 17:49:11.591,ARDUINO_PSI,Arduino,0.000,0.000,13.005,,
391.327838,2026-03-10 17:49:11.691,ARDUINO_PSI,Arduino,0.000,0.000,13.023,,
391.427715,2026-03-10 17:49:11.791,ARDUINO_PSI,Arduino,0.000,0.000,13.023,,
391.527889,2026-03-10 17:49:11.891,ARDUINO_PSI,Arduino,0.000,0.000,13.014,,
391.627121,2026-03-10 17:49:11.990,ARDUINO_PSI,Arduino,0.000,0.000,13.005,,
391.727597,2026-03-10 17:49:12.091,ARDUINO_PSI,Arduino,0.000,0.000,13.007,,
391.827816,2026-03-10 17:49:12.191,ARDUINO_PSI,Arduino,0.000,0.000,13.014,,
391.927625,2026-03-10 17:49:12.291,ARDUINO_PSI,Arduino,0.000,0.000,13.014,,
392.027658,2026-03-10 17:49:12.391,ARDUINO_PSI,Arduino,0.000,0.000,13.018,,
392.127508,2026-03-10 17:49:12.490,ARDUINO_PSI,Arduino,0.000,0.000,13.021,,
392.227585,2026-03-10 17:49:12.591,ARDUINO_PSI,Arduino,0.000,0.000,13.027,,
392.327089,2026-03-10 17:49:12.690,ARDUINO_PSI,Arduino,0.000,0.000,13.025,,
392.427559,2026-03-10 17:49:12.791,ARDUINO_PSI,Arduino,0.000,0.000,13.023,,
392.527461,2026-03-10 17:49:12.890,ARDUINO_PSI,Arduino,0.000,0.000,13.018,,
392.627482,2026-03-10 17:49:12.990,ARDUINO_PSI,Arduino,0.000,0.000,13.030,,
392.727623,2026-03-10 17:49:13.091,ARDUINO_PSI,Arduino,0.000,0.000,13.032,,
392.827652,2026-03-10 17:49:13.191,ARDUINO_PSI,Arduino,0.000,0.000,13.011,,
392.927651,2026-03-10 17:49:13.291,ARDUINO_PSI,Arduino,0.000,0.000,13.000,,
393.027476,2026-03-10 17:49:13.390,ARDUINO_PSI,Arduino,0.000,0.000,13.005,,
393.128458,2026-03-10 17:49:13.491,ARDUINO_PSI,Arduino,0.000,0.000,13.016,,
393.227459,2026-03-10 17:49:13.590,ARDUINO_PSI,Arduino,0.000,0.000,13.007,,
393.327622,2026-03-10 17:49:13.691,ARDUINO_PSI,Arduino,0.000,0.000,12.995,,
393.427530,2026-03-10 17:49:13.790,ARDUINO_PSI,Arduino,0.000,0.000,13.009,,
393.527663,2026-03-10 17:49:13.891,ARDUINO_PSI,Arduino,0.000,0.000,13.025,,
393.627595,2026-03-10 17:49:13.991,ARDUINO_PSI,Arduino,0.000,0.000,13.034,,
393.727751,2026-03-10 17:49:14.091,ARDUINO_PSI,Arduino,0.000,0.000,13.034,,
393.827547,2026-03-10 17:49:14.190,ARDUINO_PSI,Arduino,0.000,0.000,13.037,,
393.928928,2026-03-10 17:49:14.292,ARDUINO_PSI,Arduino,0.000,0.000,13.030,,
394.028156,2026-03-10 17:49:14.391,ARDUINO_PSI,Arduino,0.000,0.000,13.023,,
394.143204,2026-03-10 17:49:14.506,ARDUINO_PSI,Arduino,0.000,0.000,13.027,,
394.227250,2026-03-10 17:49:14.590,ARDUINO_PSI,Arduino,0.000,0.000,13.014,,
394.327699,2026-03-10 17:49:14.691,ARDUINO_PSI,Arduino,0.000,0.000,13.009,,
394.427061,2026-03-10 17:49:14.790,ARDUINO_PSI,Arduino,0.000,0.000,13.007,,
394.527070,2026-03-10 17:49:14.890,ARDUINO_PSI,Arduino,0.000,0.000,13.002,,
394.627094,2026-03-10 17:49:14.990,ARDUINO_PSI,Arduino,0.000,0.000,12.991,,
394.726980,2026-03-10 17:49:15.090,ARDUINO_PSI,Arduino,0.000,0.000,12.991,,
394.827027,2026-03-10 17:49:15.190,ARDUINO_PSI,Arduino,0.000,0.000,13.000,,
394.926966,2026-03-10 17:49:15.290,ARDUINO_PSI,Arduino,0.000,0.000,13.002,,
395.027117,2026-03-10 17:49:15.390,ARDUINO_PSI,Arduino,0.000,0.000,12.995,,
395.127871,2026-03-10 17:49:15.491,ARDUINO_PSI,Arduino,0.000,0.000,12.993,,
395.227071,2026-03-10 17:49:15.590,ARDUINO_PSI,Arduino,0.000,0.000,13.000,,
395.327053,2026-03-10 17:49:15.690,ARDUINO_PSI,Arduino,0.000,0.000,12.993,,
395.426939,2026-03-10 17:49:15.790,ARDUINO_PSI,Arduino,0.000,0.000,12.977,,
395.527226,2026-03-10 17:49:15.890,ARDUINO_PSI,Arduino,0.000,0.000,12.977,,
395.627018,2026-03-10 17:49:15.990,ARDUINO_PSI,Arduino,0.000,0.000,12.973,,
395.727048,2026-03-10 17:49:16.090,ARDUINO_PSI,Arduino,0.000,0.000,12.959,,
395.827033,2026-03-10 17:49:16.190,ARDUINO_PSI,Arduino,0.000,0.000,12.966,,
395.927104,2026-03-10 17:49:16.290,ARDUINO_PSI,Arduino,0.000,0.000,12.973,,
396.026994,2026-03-10 17:49:16.390,ARDUINO_PSI,Arduino,0.000,0.000,12.989,,
396.126982,2026-03-10 17:49:16.490,ARDUINO_PSI,Arduino,0.000,0.000,12.982,,
396.227140,2026-03-10 17:49:16.590,ARDUINO_PSI,Arduino,0.000,0.000,12.993,,
396.327077,2026-03-10 17:49:16.690,ARDUINO_PSI,Arduino,0.000,0.000,12.991,,
396.426982,2026-03-10 17:49:16.790,ARDUINO_PSI,Arduino,0.000,0.000,12.993,,
396.527000,2026-03-10 17:49:16.890,ARDUINO_PSI,Arduino,0.000,0.000,13.007,,
396.627154,2026-03-10 17:49:16.990,ARDUINO_PSI,Arduino,0.000,0.000,13.005,,
396.727160,2026-03-10 17:49:17.090,ARDUINO_PSI,Arduino,0.000,0.000,13.005,,
396.826945,2026-03-10 17:49:17.190,ARDUINO_PSI,Arduino,0.000,0.000,13.007,,
396.927109,2026-03-10 17:49:17.290,ARDUINO_PSI,Arduino,0.000,0.000,13.007,,
397.028683,2026-03-10 17:49:17.392,ARDUINO_PSI,Arduino,0.000,0.000,13.009,,
397.127021,2026-03-10 17:49:17.490,ARDUINO_PSI,Arduino,0.000,0.000,13.007,,
397.227206,2026-03-10 17:49:17.590,ARDUINO_PSI,Arduino,0.000,0.000,13.000,,
397.326970,2026-03-10 17:49:17.690,ARDUINO_PSI,Arduino,0.000,0.000,13.002,,
397.426986,2026-03-10 17:49:17.790,ARDUINO_PSI,Arduino,0.000,0.000,13.005,,
397.526988,2026-03-10 17:49:17.890,ARDUINO_PSI,Arduino,0.000,0.000,13.002,,
397.626991,2026-03-10 17:49:17.990,ARDUINO_PSI,Arduino,0.000,0.000,13.000,,
397.727280,2026-03-10 17:49:18.090,ARDUINO_PSI,Arduino,0.000,0.000,13.002,,
397.826943,2026-03-10 17:49:18.190,ARDUINO_PSI,Arduino,0.000,0.000,12.986,,
397.927383,2026-03-10 17:49:18.290,ARDUINO_PSI,Arduino,0.000,0.000,12.995,,
398.028232,2026-03-10 17:49:18.391,ARDUINO_PSI,Arduino,0.000,0.000,12.991,,
398.127078,2026-03-10 17:49:18.490,ARDUINO_PSI,Arduino,0.000,0.000,12.991,,
398.227637,2026-03-10 17:49:18.591,ARDUINO_PSI,Arduino,0.000,0.000,12.989,,
398.327028,2026-03-10 17:49:18.690,ARDUINO_PSI,Arduino,0.000,0.000,13.000,,
398.427477,2026-03-10 17:49:18.790,ARDUINO_PSI,Arduino,0.000,0.000,12.998,,
398.528385,2026-03-10 17:49:18.891,ARDUINO_PSI,Arduino,0.000,0.000,12.984,,
398.627026,2026-03-10 17:49:18.990,ARDUINO_PSI,Arduino,0.000,0.000,12.982,,
398.727044,2026-03-10 17:49:19.090,ARDUINO_PSI,Arduino,0.000,0.000,12.993,,
398.827049,2026-03-10 17:49:19.190,ARDUINO_PSI,Arduino,0.000,0.000,12.986,,
398.927111,2026-03-10 17:49:19.290,ARDUINO_PSI,Arduino,0.000,0.000,13.000,,
399.027034,2026-03-10 17:49:19.390,ARDUINO_PSI,Arduino,0.000,0.000,12.991,,
399.127466,2026-03-10 17:49:19.490,ARDUINO_PSI,Arduino,0.000,0.000,12.989,,
399.227001,2026-03-10 17:49:19.590,ARDUINO_PSI,Arduino,0.000,0.000,12.986,,
399.327168,2026-03-10 17:49:19.690,ARDUINO_PSI,Arduino,0.000,0.000,12.989,,
399.426970,2026-03-10 17:49:19.790,ARDUINO_PSI,Arduino,0.000,0.000,12.993,,
399.527012,2026-03-10 17:49:19.890,ARDUINO_PSI,Arduino,0.000,0.000,12.989,,
399.627104,2026-03-10 17:49:19.990,ARDUINO_PSI,Arduino,0.000,0.000,12.995,,
399.727074,2026-03-10 17:49:20.090,ARDUINO_PSI,Arduino,0.000,0.000,13.009,,
399.827188,2026-03-10 17:49:20.190,ARDUINO_PSI,Arduino,0.000,0.000,13.025,,
399.926900,2026-03-10 17:49:20.290,ARDUINO_PSI,Arduino,0.000,0.000,13.016,,
400.027059,2026-03-10 17:49:20.390,ARDUINO_PSI,Arduino,0.000,0.000,13.009,,
400.126968,2026-03-10 17:49:20.490,ARDUINO_PSI,Arduino,0.000,0.000,13.014,,
400.227253,2026-03-10 17:49:20.590,ARDUINO_PSI,Arduino,0.000,0.000,13.005,,
400.327102,2026-03-10 17:49:20.690,ARDUINO_PSI,Arduino,0.000,0.000,12.995,,
400.427575,2026-03-10 17:49:20.791,ARDUINO_PSI,Arduino,0.000,0.000,12.995,,
400.526930,2026-03-10 17:49:20.890,ARDUINO_PSI,Arduino,0.000,0.000,13.002,,
400.627550,2026-03-10 17:49:20.990,ARDUINO_PSI,Arduino,0.000,0.000,13.016,,
400.727254,2026-03-10 17:49:21.090,ARDUINO_PSI,Arduino,0.000,0.000,13.009,,
400.827510,2026-03-10 17:49:21.190,ARDUINO_PSI,Arduino,0.000,0.000,13.016,,
400.927051,2026-03-10 17:49:21.290,ARDUINO_PSI,Arduino,0.000,0.000,13.007,,
401.027024,2026-03-10 17:49:21.390,ARDUINO_PSI,Arduino,0.000,0.000,13.021,,
401.127543,2026-03-10 17:49:21.490,ARDUINO_PSI,Arduino,0.000,0.000,13.023,,
401.227145,2026-03-10 17:49:21.590,ARDUINO_PSI,Arduino,0.000,0.000,13.021,,
401.327092,2026-03-10 17:49:21.690,ARDUINO_PSI,Arduino,0.000,0.000,13.016,,
401.426994,2026-03-10 17:49:21.790,ARDUINO_PSI,Arduino,0.000,0.000,13.021,,
401.526947,2026-03-10 17:49:21.890,ARDUINO_PSI,Arduino,0.000,0.000,13.016,,
401.626928,2026-03-10 17:49:21.990,ARDUINO_PSI,Arduino,0.000,0.000,13.007,,
401.726923,2026-03-10 17:49:22.090,ARDUINO_PSI,Arduino,0.000,0.000,12.991,,
401.827102,2026-03-10 17:49:22.190,ARDUINO_PSI,Arduino,0.000,0.000,12.973,,
401.927458,2026-03-10 17:49:22.290,ARDUINO_PSI,Arduino,0.000,0.000,12.963,,
402.026979,2026-03-10 17:49:22.390,ARDUINO_PSI,Arduino,0.000,0.000,12.975,,
402.126907,2026-03-10 17:49:22.490,ARDUINO_PSI,Arduino,0.000,0.000,12.966,,
402.226980,2026-03-10 17:49:22.590,ARDUINO_PSI,Arduino,0.000,0.000,12.982,,
402.327099,2026-03-10 17:49:22.690,ARDUINO_PSI,Arduino,0.000,0.000,12.986,,
402.427261,2026-03-10 17:49:22.790,ARDUINO_PSI,Arduino,0.000,0.000,12.993,,
402.527022,2026-03-10 17:49:22.890,ARDUINO_PSI,Arduino,0.000,0.000,12.993,,
402.627024,2026-03-10 17:49:22.990,ARDUINO_PSI,Arduino,0.000,0.000,12.975,,
402.727247,2026-03-10 17:49:23.090,ARDUINO_PSI,Arduino,0.000,0.000,12.977,,
402.827683,2026-03-10 17:49:23.191,ARDUINO_PSI,Arduino,0.000,0.000,12.982,,
402.927608,2026-03-10 17:49:23.291,ARDUINO_PSI,Arduino,0.000,0.000,12.989,,
403.028972,2026-03-10 17:49:23.392,ARDUINO_PSI,Arduino,0.000,0.000,12.986,,
403.127751,2026-03-10 17:49:23.491,ARDUINO_PSI,Arduino,0.000,0.000,12.993,,
403.227566,2026-03-10 17:49:23.591,ARDUINO_PSI,Arduino,0.000,0.000,13.002,,
403.328418,2026-03-10 17:49:23.691,ARDUINO_PSI,Arduino,0.000,0.000,13.009,,
403.428460,2026-03-10 17:49:23.791,ARDUINO_PSI,Arduino,0.000,0.000,13.002,,
403.527984,2026-03-10 17:49:23.891,ARDUINO_PSI,Arduino,0.000,0.000,13.011,,
403.628296,2026-03-10 17:49:23.991,ARDUINO_PSI,Arduino,0.000,0.000,13.018,,
403.728173,2026-03-10 17:49:24.091,ARDUINO_PSI,Arduino,0.000,0.000,13.030,,
403.827595,2026-03-10 17:49:24.191,ARDUINO_PSI,Arduino,0.000,0.000,13.039,,
403.927846,2026-03-10 17:49:24.291,ARDUINO_PSI,Arduino,0.000,0.000,13.050,,
404.028720,2026-03-10 17:49:24.392,ARDUINO_PSI,Arduino,0.000,0.000,13.041,,
404.127578,2026-03-10 17:49:24.491,ARDUINO_PSI,Arduino,0.000,0.000,13.053,,
404.227590,2026-03-10 17:49:24.591,ARDUINO_PSI,Arduino,0.000,0.000,13.041,,
404.327843,2026-03-10 17:49:24.691,ARDUINO_PSI,Arduino,0.000,0.000,13.043,,
404.427204,2026-03-10 17:49:24.790,ARDUINO_PSI,Arduino,0.000,0.000,13.046,,
404.527526,2026-03-10 17:49:24.890,ARDUINO_PSI,Arduino,0.000,0.000,13.043,,
404.627527,2026-03-10 17:49:24.990,ARDUINO_PSI,Arduino,0.000,0.000,13.053,,
404.727606,2026-03-10 17:49:25.091,ARDUINO_PSI,Arduino,0.000,0.000,13.055,,
404.827882,2026-03-10 17:49:25.191,ARDUINO_PSI,Arduino,0.000,0.000,13.059,,
404.927560,2026-03-10 17:49:25.291,ARDUINO_PSI,Arduino,0.000,0.000,13.053,,
405.029101,2026-03-10 17:49:25.392,ARDUINO_PSI,Arduino,0.000,0.000,13.055,,
405.127716,2026-03-10 17:49:25.491,ARDUINO_PSI,Arduino,0.000,0.000,13.050,,
405.227532,2026-03-10 17:49:25.590,ARDUINO_PSI,Arduino,0.000,0.000,13.048,,
405.327004,2026-03-10 17:49:25.690,ARDUINO_PSI,Arduino,0.000,0.000,13.037,,
405.427479,2026-03-10 17:49:25.790,ARDUINO_PSI,Arduino,0.000,0.000,13.046,,
405.527574,2026-03-10 17:49:25.891,ARDUINO_PSI,Arduino,0.000,0.000,13.048,,
405.626976,2026-03-10 17:49:25.990,ARDUINO_PSI,Arduino,0.000,0.000,13.041,,
405.727115,2026-03-10 17:49:26.090,ARDUINO_PSI,Arduino,0.000,0.000,13.039,,
405.828614,2026-03-10 17:49:26.192,ARDUINO_PSI,Arduino,0.000,0.000,13.032,,
405.927969,2026-03-10 17:49:26.291,ARDUINO_PSI,Arduino,0.000,0.000,13.034,,
406.027781,2026-03-10 17:49:26.391,ARDUINO_PSI,Arduino,0.000,0.000,13.034,,
406.127369,2026-03-10 17:49:26.490,ARDUINO_PSI,Arduino,0.000,0.000,13.027,,
406.227719,2026-03-10 17:49:26.591,ARDUINO_PSI,Arduino,0.000,0.000,13.037,,
406.327000,2026-03-10 17:49:26.690,ARDUINO_PSI,Arduino,0.000,0.000,13.032,,
406.427920,2026-03-10 17:49:26.791,ARDUINO_PSI,Arduino,0.000,0.000,13.021,,
406.527839,2026-03-10 17:49:26.891,ARDUINO_PSI,Arduino,0.000,0.000,13.034,,
406.627486,2026-03-10 17:49:26.990,ARDUINO_PSI,Arduino,0.000,0.000,13.030,,
406.727733,2026-03-10 17:49:27.091,ARDUINO_PSI,Arduino,0.000,0.000,13.034,,
406.827358,2026-03-10 17:49:27.190,ARDUINO_PSI,Arduino,0.000,0.000,13.025,,
406.927472,2026-03-10 17:49:27.290,ARDUINO_PSI,Arduino,0.000,0.000,13.025,,
407.027723,2026-03-10 17:49:27.391,ARDUINO_PSI,Arduino,0.000,0.000,13.021,,
407.127091,2026-03-10 17:49:27.490,ARDUINO_PSI,Arduino,0.000,0.000,13.023,,
407.227771,2026-03-10 17:49:27.591,ARDUINO_PSI,Arduino,0.000,0.000,13.014,,
407.327803,2026-03-10 17:49:27.691,ARDUINO_PSI,Arduino,0.000,0.000,13.018,,
407.427572,2026-03-10 17:49:27.791,ARDUINO_PSI,Arduino,0.000,0.000,13.011,,
407.528272,2026-03-10 17:49:27.891,ARDUINO_PSI,Arduino,0.000,0.000,13.002,,
407.627443,2026-03-10 17:49:27.990,ARDUINO_PSI,Arduino,0.000,0.000,13.009,,
407.727358,2026-03-10 17:49:28.090,ARDUINO_PSI,Arduino,0.000,0.000,13.011,,
407.828225,2026-03-10 17:49:28.191,ARDUINO_PSI,Arduino,0.000,0.000,13.025,,
407.927574,2026-03-10 17:49:28.291,ARDUINO_PSI,Arduino,0.000,0.000,13.025,,
408.027511,2026-03-10 17:49:28.390,ARDUINO_PSI,Arduino,0.000,0.000,13.025,,
408.127457,2026-03-10 17:49:28.490,ARDUINO_PSI,Arduino,0.000,0.000,13.025,,
408.227921,2026-03-10 17:49:28.591,ARDUINO_PSI,Arduino,0.000,0.000,13.023,,
408.327107,2026-03-10 17:49:28.690,ARDUINO_PSI,Arduino,0.000,0.000,13.030,,
408.427660,2026-03-10 17:49:28.791,ARDUINO_PSI,Arduino,0.000,0.000,13.030,,
408.527592,2026-03-10 17:49:28.891,ARDUINO_PSI,Arduino,0.000,0.000,13.016,,
408.627726,2026-03-10 17:49:28.991,ARDUINO_PSI,Arduino,0.000,0.000,13.023,,
408.727713,2026-03-10 17:49:29.091,ARDUINO_PSI,Arduino,0.000,0.000,13.018,,
408.827617,2026-03-10 17:49:29.191,ARDUINO_PSI,Arduino,0.000,0.000,13.014,,
408.927556,2026-03-10 17:49:29.291,ARDUINO_PSI,Arduino,0.000,0.000,13.016,,
409.027009,2026-03-10 17:49:29.390,ARDUINO_PSI,Arduino,0.000,0.000,13.016,,
409.127021,2026-03-10 17:49:29.490,ARDUINO_PSI,Arduino,0.000,0.000,13.016,,
409.227163,2026-03-10 17:49:29.590,ARDUINO_PSI,Arduino,0.000,0.000,13.034,,
409.327637,2026-03-10 17:49:29.691,ARDUINO_PSI,Arduino,0.000,0.000,13.039,,
409.427683,2026-03-10 17:49:29.791,ARDUINO_PSI,Arduino,0.000,0.000,13.048,,
409.529248,2026-03-10 17:49:29.892,ARDUINO_PSI,Arduino,0.000,0.000,13.062,,
409.627665,2026-03-10 17:49:29.991,ARDUINO_PSI,Arduino,0.000,0.000,13.059,,
409.727482,2026-03-10 17:49:30.090,ARDUINO_PSI,Arduino,0.000,0.000,13.050,,
409.827068,2026-03-10 17:49:30.190,ARDUINO_PSI,Arduino,0.000,0.000,13.041,,
409.928150,2026-03-10 17:49:30.291,ARDUINO_PSI,Arduino,0.000,0.000,13.046,,
410.030076,2026-03-10 17:49:30.393,ARDUINO_PSI,Arduino,0.000,0.000,13.046,,
410.127997,2026-03-10 17:49:30.491,ARDUINO_PSI,Arduino,0.000,0.000,13.050,,
410.227541,2026-03-10 17:49:30.590,ARDUINO_PSI,Arduino,0.000,0.000,13.048,,
410.328026,2026-03-10 17:49:30.691,ARDUINO_PSI,Arduino,0.000,0.000,13.039,,
410.427660,2026-03-10 17:49:30.791,ARDUINO_PSI,Arduino,0.000,0.000,13.048,,
410.529620,2026-03-10 17:49:30.893,ARDUINO_PSI,Arduino,0.000,0.000,13.053,,
410.627495,2026-03-10 17:49:30.990,ARDUINO_PSI,Arduino,0.000,0.000,13.046,,
410.727057,2026-03-10 17:49:31.090,ARDUINO_PSI,Arduino,0.000,0.000,13.043,,
410.827954,2026-03-10 17:49:31.191,ARDUINO_PSI,Arduino,0.000,0.000,13.041,,
410.927616,2026-03-10 17:49:31.291,ARDUINO_PSI,Arduino,0.000,0.000,13.034,,
411.027550,2026-03-10 17:49:31.391,ARDUINO_PSI,Arduino,0.000,0.000,13.043,,
411.127427,2026-03-10 17:49:31.490,ARDUINO_PSI,Arduino,0.000,0.000,13.048,,
411.227592,2026-03-10 17:49:31.591,ARDUINO_PSI,Arduino,0.000,0.000,13.039,,
411.327199,2026-03-10 17:49:31.690,ARDUINO_PSI,Arduino,0.000,0.000,13.041,,
411.427566,2026-03-10 17:49:31.791,ARDUINO_PSI,Arduino,0.000,0.000,13.041,,
411.530110,2026-03-10 17:49:31.893,ARDUINO_PSI,Arduino,0.000,0.000,13.037,,
411.627205,2026-03-10 17:49:31.990,ARDUINO_PSI,Arduino,0.000,0.000,13.039,,
411.727962,2026-03-10 17:49:32.091,ARDUINO_PSI,Arduino,0.000,0.000,13.046,,
411.827600,2026-03-10 17:49:32.191,ARDUINO_PSI,Arduino,0.000,0.000,13.046,,
411.927398,2026-03-10 17:49:32.290,ARDUINO_PSI,Arduino,0.000,0.000,13.037,,
412.027962,2026-03-10 17:49:32.391,ARDUINO_PSI,Arduino,0.000,0.000,13.037,,
412.127567,2026-03-10 17:49:32.491,ARDUINO_PSI,Arduino,0.000,0.000,13.027,,
412.227862,2026-03-10 17:49:32.591,ARDUINO_PSI,Arduino,0.000,0.000,13.025,,
412.327630,2026-03-10 17:49:32.691,ARDUINO_PSI,Arduino,0.000,0.000,13.030,,
412.427705,2026-03-10 17:49:32.791,ARDUINO_PSI,Arduino,0.000,0.000,13.023,,
412.527569,2026-03-10 17:49:32.891,ARDUINO_PSI,Arduino,0.000,0.000,13.021,,
412.627540,2026-03-10 17:49:32.990,ARDUINO_PSI,Arduino,0.000,0.000,13.023,,
412.727694,2026-03-10 17:49:33.091,ARDUINO_PSI,Arduino,0.000,0.000,13.021,,
412.827607,2026-03-10 17:49:33.191,ARDUINO_PSI,Arduino,0.000,0.000,13.025,,
412.927647,2026-03-10 17:49:33.291,ARDUINO_PSI,Arduino,0.000,0.000,13.037,,
413.030240,2026-03-10 17:49:33.393,ARDUINO_PSI,Arduino,0.000,0.000,13.025,,
413.128224,2026-03-10 17:49:33.491,ARDUINO_PSI,Arduino,0.000,0.000,13.007,,
413.227505,2026-03-10 17:49:33.590,ARDUINO_PSI,Arduino,0.000,0.000,13.002,,
413.327954,2026-03-10 17:49:33.691,ARDUINO_PSI,Arduino,0.000,0.000,12.991,,
413.427712,2026-03-10 17:49:33.791,ARDUINO_PSI,Arduino,0.000,0.000,12.984,,
413.527455,2026-03-10 17:49:33.890,ARDUINO_PSI,Arduino,0.000,0.000,12.982,,
413.627537,2026-03-10 17:49:33.990,ARDUINO_PSI,Arduino,0.000,0.000,12.975,,
413.727522,2026-03-10 17:49:34.090,ARDUINO_PSI,Arduino,0.000,0.000,12.982,,
413.827869,2026-03-10 17:49:34.191,ARDUINO_PSI,Arduino,0.000,0.000,12.995,,
413.926958,2026-03-10 17:49:34.290,ARDUINO_PSI,Arduino,0.000,0.000,13.000,,
414.027040,2026-03-10 17:49:34.390,ARDUINO_PSI,Arduino,0.000,0.000,13.000,,
414.127282,2026-03-10 17:49:34.490,ARDUINO_PSI,Arduino,0.000,0.000,13.000,,
414.227655,2026-03-10 17:49:34.591,ARDUINO_PSI,Arduino,0.000,0.000,13.002,,
414.327873,2026-03-10 17:49:34.691,ARDUINO_PSI,Arduino,0.000,0.000,12.998,,
414.428161,2026-03-10 17:49:34.791,ARDUINO_PSI,Arduino,0.000,0.000,12.995,,
414.530003,2026-03-10 17:49:34.893,ARDUINO_PSI,Arduino,0.000,0.000,12.989,,
414.627582,2026-03-10 17:49:34.991,ARDUINO_PSI,Arduino,0.000,0.000,12.991,,
414.727609,2026-03-10 17:49:35.091,ARDUINO_PSI,Arduino,0.000,0.000,12.991,,
414.827731,2026-03-10 17:49:35.191,ARDUINO_PSI,Arduino,0.000,0.000,13.002,,
414.927620,2026-03-10 17:49:35.291,ARDUINO_PSI,Arduino,0.000,0.000,12.998,,
415.030068,2026-03-10 17:49:35.393,ARDUINO_PSI,Arduino,0.000,0.000,13.000,,
415.127688,2026-03-10 17:49:35.491,ARDUINO_PSI,Arduino,0.000,0.000,13.007,,
415.227588,2026-03-10 17:49:35.591,ARDUINO_PSI,Arduino,0.000,0.000,13.007,,
415.327762,2026-03-10 17:49:35.691,ARDUINO_PSI,Arduino,0.000,0.000,13.007,,
415.427638,2026-03-10 17:49:35.791,ARDUINO_PSI,Arduino,0.000,0.000,13.009,,
415.529921,2026-03-10 17:49:35.893,ARDUINO_PSI,Arduino,0.000,0.000,13.011,,
415.627789,2026-03-10 17:49:35.991,ARDUINO_PSI,Arduino,0.000,0.000,13.011,,
415.727536,2026-03-10 17:49:36.090,ARDUINO_PSI,Arduino,0.000,0.000,13.011,,
415.827562,2026-03-10 17:49:36.191,ARDUINO_PSI,Arduino,0.000,0.000,12.991,,
415.927604,2026-03-10 17:49:36.291,ARDUINO_PSI,Arduino,0.000,0.000,12.984,,
416.028310,2026-03-10 17:49:36.391,ARDUINO_PSI,Arduino,0.000,0.000,12.991,,
416.127629,2026-03-10 17:49:36.491,ARDUINO_PSI,Arduino,0.000,0.000,13.000,,
416.227238,2026-03-10 17:49:36.590,ARDUINO_PSI,Arduino,0.000,0.000,13.007,,
416.327138,2026-03-10 17:49:36.690,ARDUINO_PSI,Arduino,0.000,0.000,13.014,,
416.426994,2026-03-10 17:49:36.790,ARDUINO_PSI,Arduino,0.000,0.000,13.023,,
416.527588,2026-03-10 17:49:36.891,ARDUINO_PSI,Arduino,0.000,0.000,13.037,,
416.627639,2026-03-10 17:49:36.991,ARDUINO_PSI,Arduino,0.000,0.000,13.032,,
416.727099,2026-03-10 17:49:37.090,ARDUINO_PSI,Arduino,0.000,0.000,13.030,,
416.827554,2026-03-10 17:49:37.191,ARDUINO_PSI,Arduino,0.000,0.000,13.030,,
416.927119,2026-03-10 17:49:37.290,ARDUINO_PSI,Arduino,0.000,0.000,13.032,,
417.027906,2026-03-10 17:49:37.391,ARDUINO_PSI,Arduino,0.000,0.000,13.030,,
417.127605,2026-03-10 17:49:37.491,ARDUINO_PSI,Arduino,0.000,0.000,13.027,,
417.228108,2026-03-10 17:49:37.591,ARDUINO_PSI,Arduino,0.000,0.000,13.027,,
417.327267,2026-03-10 17:49:37.690,ARDUINO_PSI,Arduino,0.000,0.000,13.043,,
417.427600,2026-03-10 17:49:37.791,ARDUINO_PSI,Arduino,0.000,0.000,13.050,,
417.527811,2026-03-10 17:49:37.891,ARDUINO_PSI,Arduino,0.000,0.000,13.055,,
417.626962,2026-03-10 17:49:37.990,ARDUINO_PSI,Arduino,0.000,0.000,13.059,,
417.727735,2026-03-10 17:49:38.091,ARDUINO_PSI,Arduino,0.000,0.000,13.050,,
417.826965,2026-03-10 17:49:38.190,ARDUINO_PSI,Arduino,0.000,0.000,13.057,,
417.927698,2026-03-10 17:49:38.291,ARDUINO_PSI,Arduino,0.000,0.000,13.055,,
418.027608,2026-03-10 17:49:38.391,ARDUINO_PSI,Arduino,0.000,0.000,13.059,,
418.127440,2026-03-10 17:49:38.490,ARDUINO_PSI,Arduino,0.000,0.000,13.059,,
418.227971,2026-03-10 17:49:38.591,ARDUINO_PSI,Arduino,0.000,0.000,13.053,,
418.326998,2026-03-10 17:49:38.690,ARDUINO_PSI,Arduino,0.000,0.000,13.050,,
418.427744,2026-03-10 17:49:38.791,ARDUINO_PSI,Arduino,0.000,0.000,13.043,,
418.527624,2026-03-10 17:49:38.891,ARDUINO_PSI,Arduino,0.000,0.000,13.032,,
418.627528,2026-03-10 17:49:38.990,ARDUINO_PSI,Arduino,0.000,0.000,13.027,,
418.727590,2026-03-10 17:49:39.091,ARDUINO_PSI,Arduino,0.000,0.000,13.032,,
418.827647,2026-03-10 17:49:39.191,ARDUINO_PSI,Arduino,0.000,0.000,13.009,,
418.927924,2026-03-10 17:49:39.291,ARDUINO_PSI,Arduino,0.000,0.000,13.009,,
419.027668,2026-03-10 17:49:39.391,ARDUINO_PSI,Arduino,0.000,0.000,13.014,,
419.127544,2026-03-10 17:49:39.490,ARDUINO_PSI,Arduino,0.000,0.000,13.027,,
419.227210,2026-03-10 17:49:39.590,ARDUINO_PSI,Arduino,0.000,0.000,13.034,,
419.327701,2026-03-10 17:49:39.691,ARDUINO_PSI,Arduino,0.000,0.000,13.023,,
419.427772,2026-03-10 17:49:39.791,ARDUINO_PSI,Arduino,0.000,0.000,13.014,,
419.527639,2026-03-10 17:49:39.891,ARDUINO_PSI,Arduino,0.000,0.000,13.014,,
419.627652,2026-03-10 17:49:39.991,ARDUINO_PSI,Arduino,0.000,0.000,13.009,,
419.727716,2026-03-10 17:49:40.091,ARDUINO_PSI,Arduino,0.000,0.000,13.023,,
419.827672,2026-03-10 17:49:40.191,ARDUINO_PSI,Arduino,0.000,0.000,13.030,,
419.927514,2026-03-10 17:49:40.290,ARDUINO_PSI,Arduino,0.000,0.000,13.030,,
420.027597,2026-03-10 17:49:40.391,ARDUINO_PSI,Arduino,0.000,0.000,13.018,,
420.127595,2026-03-10 17:49:40.491,ARDUINO_PSI,Arduino,0.000,0.000,13.014,,
420.227708,2026-03-10 17:49:40.591,ARDUINO_PSI,Arduino,0.000,0.000,13.002,,
420.326919,2026-03-10 17:49:40.690,ARDUINO_PSI,Arduino,0.000,0.000,12.993,,
420.427667,2026-03-10 17:49:40.791,ARDUINO_PSI,Arduino,0.000,0.000,12.993,,
420.527722,2026-03-10 17:49:40.891,ARDUINO_PSI,Arduino,0.000,0.000,13.009,,
420.627600,2026-03-10 17:49:40.991,ARDUINO_PSI,Arduino,0.000,0.000,13.014,,
420.727416,2026-03-10 17:49:41.090,ARDUINO_PSI,Arduino,0.000,0.000,13.018,,
420.827267,2026-03-10 17:49:41.190,ARDUINO_PSI,Arduino,0.000,0.000,13.032,,
420.927558,2026-03-10 17:49:41.291,ARDUINO_PSI,Arduino,0.000,0.000,13.032,,
421.027645,2026-03-10 17:49:41.391,ARDUINO_PSI,Arduino,0.000,0.000,13.030,,
421.127688,2026-03-10 17:49:41.491,ARDUINO_PSI,Arduino,0.000,0.000,13.007,,
421.227785,2026-03-10 17:49:41.591,ARDUINO_PSI,Arduino,0.000,0.000,13.000,,
421.327991,2026-03-10 17:49:41.691,ARDUINO_PSI,Arduino,0.000,0.000,13.007,,
421.428416,2026-03-10 17:49:41.791,ARDUINO_PSI,Arduino,0.000,0.000,13.011,,
421.527538,2026-03-10 17:49:41.890,ARDUINO_PSI,Arduino,0.000,0.000,13.009,,
421.627603,2026-03-10 17:49:41.991,ARDUINO_PSI,Arduino,0.000,0.000,13.011,,
421.727543,2026-03-10 17:49:42.090,ARDUINO_PSI,Arduino,0.000,0.000,12.998,,
421.827799,2026-03-10 17:49:42.191,ARDUINO_PSI,Arduino,0.000,0.000,12.998,,
421.927250,2026-03-10 17:49:42.290,ARDUINO_PSI,Arduino,0.000,0.000,13.005,,
422.027767,2026-03-10 17:49:42.391,ARDUINO_PSI,Arduino,0.000,0.000,13.021,,
422.127636,2026-03-10 17:49:42.491,ARDUINO_PSI,Arduino,0.000,0.000,13.014,,
422.227830,2026-03-10 17:49:42.591,ARDUINO_PSI,Arduino,0.000,0.000,13.023,,
422.327679,2026-03-10 17:49:42.691,ARDUINO_PSI,Arduino,0.000,0.000,13.032,,
422.426955,2026-03-10 17:49:42.790,ARDUINO_PSI,Arduino,0.000,0.000,13.041,,
422.527763,2026-03-10 17:49:42.891,ARDUINO_PSI,Arduino,0.000,0.000,13.037,,
422.627454,2026-03-10 17:49:42.990,ARDUINO_PSI,Arduino,0.000,0.000,13.034,,
422.727219,2026-03-10 17:49:43.090,ARDUINO_PSI,Arduino,0.000,0.000,13.030,,
422.827688,2026-03-10 17:49:43.191,ARDUINO_PSI,Arduino,0.000,0.000,13.034,,
422.927531,2026-03-10 17:49:43.290,ARDUINO_PSI,Arduino,0.000,0.000,13.027,,
423.027667,2026-03-10 17:49:43.391,ARDUINO_PSI,Arduino,0.000,0.000,13.034,,
423.127883,2026-03-10 17:49:43.491,ARDUINO_PSI,Arduino,0.000,0.000,13.041,,
423.227600,2026-03-10 17:49:43.591,ARDUINO_PSI,Arduino,0.000,0.000,13.048,,
423.327298,2026-03-10 17:49:43.690,ARDUINO_PSI,Arduino,0.000,0.000,13.039,,
423.427723,2026-03-10 17:49:43.791,ARDUINO_PSI,Arduino,0.000,0.000,13.039,,
423.527773,2026-03-10 17:49:43.891,ARDUINO_PSI,Arduino,0.000,0.000,13.037,,
423.627588,2026-03-10 17:49:43.991,ARDUINO_PSI,Arduino,0.000,0.000,13.032,,
423.727519,2026-03-10 17:49:44.090,ARDUINO_PSI,Arduino,0.000,0.000,13.043,,
423.827429,2026-03-10 17:49:44.190,ARDUINO_PSI,Arduino,0.000,0.000,13.041,,
423.927475,2026-03-10 17:49:44.290,ARDUINO_PSI,Arduino,0.000,0.000,13.037,,
424.027587,2026-03-10 17:49:44.391,ARDUINO_PSI,Arduino,0.000,0.000,13.016,,
424.127457,2026-03-10 17:49:44.490,ARDUINO_PSI,Arduino,0.000,0.000,13.023,,
424.227060,2026-03-10 17:49:44.590,ARDUINO_PSI,Arduino,0.000,0.000,13.025,,
424.327718,2026-03-10 17:49:44.691,ARDUINO_PSI,Arduino,0.000,0.000,13.021,,
424.427620,2026-03-10 17:49:44.791,ARDUINO_PSI,Arduino,0.000,0.000,13.009,,
424.527614,2026-03-10 17:49:44.891,ARDUINO_PSI,Arduino,0.000,0.000,12.989,,
424.628311,2026-03-10 17:49:44.991,ARDUINO_PSI,Arduino,0.000,0.000,12.991,,
424.727702,2026-03-10 17:49:45.091,ARDUINO_PSI,Arduino,0.000,0.000,13.000,,
424.827807,2026-03-10 17:49:45.191,ARDUINO_PSI,Arduino,0.000,0.000,12.984,,
424.927652,2026-03-10 17:49:45.291,ARDUINO_PSI,Arduino,0.000,0.000,12.991,,
425.027524,2026-03-10 17:49:45.390,ARDUINO_PSI,Arduino,0.000,0.000,12.989,,
425.127693,2026-03-10 17:49:45.491,ARDUINO_PSI,Arduino,0.000,0.000,12.989,,
425.226993,2026-03-10 17:49:45.590,ARDUINO_PSI,Arduino,0.000,0.000,12.982,,
425.327203,2026-03-10 17:49:45.690,ARDUINO_PSI,Arduino,0.000,0.000,12.977,,
425.427028,2026-03-10 17:49:45.790,ARDUINO_PSI,Arduino,0.000,0.000,12.975,,
425.527835,2026-03-10 17:49:45.891,ARDUINO_PSI,Arduino,0.000,0.000,12.979,,
425.627915,2026-03-10 17:49:45.991,ARDUINO_PSI,Arduino,0.000,0.000,12.991,,
425.727090,2026-03-10 17:49:46.090,ARDUINO_PSI,Arduino,0.000,0.000,12.982,,
425.827036,2026-03-10 17:49:46.190,ARDUINO_PSI,Arduino,0.000,0.000,12.975,,
425.927701,2026-03-10 17:49:46.291,ARDUINO_PSI,Arduino,0.000,0.000,12.977,,
426.027851,2026-03-10 17:49:46.391,ARDUINO_PSI,Arduino,0.000,0.000,12.986,,
426.127593,2026-03-10 17:49:46.491,ARDUINO_PSI,Arduino,0.000,0.000,12.979,,
426.227681,2026-03-10 17:49:46.591,ARDUINO_PSI,Arduino,0.000,0.000,12.975,,
426.327575,2026-03-10 17:49:46.691,ARDUINO_PSI,Arduino,0.000,0.000,12.984,,
426.427597,2026-03-10 17:49:46.791,ARDUINO_PSI,Arduino,0.000,0.000,12.984,,
426.527555,2026-03-10 17:49:46.891,ARDUINO_PSI,Arduino,0.000,0.000,12.989,,
426.627875,2026-03-10 17:49:46.991,ARDUINO_PSI,Arduino,0.000,0.000,12.989,,
426.726906,2026-03-10 17:49:47.090,ARDUINO_PSI,Arduino,0.000,0.000,12.982,,
426.827526,2026-03-10 17:49:47.190,ARDUINO_PSI,Arduino,0.000,0.000,12.982,,
426.927515,2026-03-10 17:49:47.290,ARDUINO_PSI,Arduino,0.000,0.000,12.975,,
427.027482,2026-03-10 17:49:47.390,ARDUINO_PSI,Arduino,0.000,0.000,12.968,,
427.127523,2026-03-10 17:49:47.490,ARDUINO_PSI,Arduino,0.000,0.000,12.973,,
427.227559,2026-03-10 17:49:47.591,ARDUINO_PSI,Arduino,0.000,0.000,12.991,,
427.327868,2026-03-10 17:49:47.691,ARDUINO_PSI,Arduino,0.000,0.000,12.998,,
427.427963,2026-03-10 17:49:47.791,ARDUINO_PSI,Arduino,0.000,0.000,12.989,,
427.527015,2026-03-10 17:49:47.890,ARDUINO_PSI,Arduino,0.000,0.000,12.984,,
427.627863,2026-03-10 17:49:47.991,ARDUINO_PSI,Arduino,0.000,0.000,12.975,,
427.727613,2026-03-10 17:49:48.091,ARDUINO_PSI,Arduino,0.000,0.000,12.968,,
427.827799,2026-03-10 17:49:48.191,ARDUINO_PSI,Arduino,0.000,0.000,12.979,,
427.927792,2026-03-10 17:49:48.291,ARDUINO_PSI,Arduino,0.000,0.000,12.977,,
428.027743,2026-03-10 17:49:48.391,ARDUINO_PSI,Arduino,0.000,0.000,12.977,,
428.127693,2026-03-10 17:49:48.491,ARDUINO_PSI,Arduino,0.000,0.000,12.979,,
428.227779,2026-03-10 17:49:48.591,ARDUINO_PSI,Arduino,0.000,0.000,12.984,,
428.327551,2026-03-10 17:49:48.691,ARDUINO_PSI,Arduino,0.000,0.000,12.977,,
428.427639,2026-03-10 17:49:48.791,ARDUINO_PSI,Arduino,0.000,0.000,12.993,,
428.527857,2026-03-10 17:49:48.891,ARDUINO_PSI,Arduino,0.000,0.000,13.007,,
428.627773,2026-03-10 17:49:48.991,ARDUINO_PSI,Arduino,0.000,0.000,13.009,,
428.727744,2026-03-10 17:49:49.091,ARDUINO_PSI,Arduino,0.000,0.000,13.011,,
428.827870,2026-03-10 17:49:49.191,ARDUINO_PSI,Arduino,0.000,0.000,13.018,,
428.927634,2026-03-10 17:49:49.291,ARDUINO_PSI,Arduino,0.000,0.000,13.021,,
429.027175,2026-03-10 17:49:49.390,ARDUINO_PSI,Arduino,0.000,0.000,13.014,,
429.127574,2026-03-10 17:49:49.491,ARDUINO_PSI,Arduino,0.000,0.000,13.016,,
429.227563,2026-03-10 17:49:49.591,ARDUINO_PSI,Arduino,0.000,0.000,13.002,,
429.327387,2026-03-10 17:49:49.690,ARDUINO_PSI,Arduino,0.000,0.000,13.000,,
429.427556,2026-03-10 17:49:49.791,ARDUINO_PSI,Arduino,0.000,0.000,13.002,,
429.527913,2026-03-10 17:49:49.891,ARDUINO_PSI,Arduino,0.000,0.000,13.002,,
429.627428,2026-03-10 17:49:49.990,ARDUINO_PSI,Arduino,0.000,0.000,13.005,,
429.727818,2026-03-10 17:49:50.091,ARDUINO_PSI,Arduino,0.000,0.000,13.016,,
429.827514,2026-03-10 17:49:50.190,ARDUINO_PSI,Arduino,0.000,0.000,13.000,,
429.928369,2026-03-10 17:49:50.291,ARDUINO_PSI,Arduino,0.000,0.000,13.007,,
430.027441,2026-03-10 17:49:50.390,ARDUINO_PSI,Arduino,0.000,0.000,13.000,,
430.127561,2026-03-10 17:49:50.491,ARDUINO_PSI,Arduino,0.000,0.000,13.011,,
430.227674,2026-03-10 17:49:50.591,ARDUINO_PSI,Arduino,0.000,0.000,13.009,,
430.327562,2026-03-10 17:49:50.691,ARDUINO_PSI,Arduino,0.000,0.000,13.005,,
430.427561,2026-03-10 17:49:50.791,ARDUINO_PSI,Arduino,0.000,0.000,13.000,,
430.527636,2026-03-10 17:49:50.891,ARDUINO_PSI,Arduino,0.000,0.000,12.995,,
430.627548,2026-03-10 17:49:50.990,ARDUINO_PSI,Arduino,0.000,0.000,12.993,,
430.727486,2026-03-10 17:49:51.090,ARDUINO_PSI,Arduino,0.000,0.000,12.984,,
430.827487,2026-03-10 17:49:51.190,ARDUINO_PSI,Arduino,0.000,0.000,12.973,,
430.927084,2026-03-10 17:49:51.290,ARDUINO_PSI,Arduino,0.000,0.000,12.982,,
431.027028,2026-03-10 17:49:51.390,ARDUINO_PSI,Arduino,0.000,0.000,12.984,,
431.127161,2026-03-10 17:49:51.490,ARDUINO_PSI,Arduino,0.000,0.000,12.989,,
431.227733,2026-03-10 17:49:51.591,ARDUINO_PSI,Arduino,0.000,0.000,12.984,,
431.328305,2026-03-10 17:49:51.691,ARDUINO_PSI,Arduino,0.000,0.000,12.979,,
431.427486,2026-03-10 17:49:51.790,ARDUINO_PSI,Arduino,0.000,0.000,12.986,,
431.527569,2026-03-10 17:49:51.891,ARDUINO_PSI,Arduino,0.000,0.000,12.984,,
431.627601,2026-03-10 17:49:51.991,ARDUINO_PSI,Arduino,0.000,0.000,12.984,,
431.728015,2026-03-10 17:49:52.091,ARDUINO_PSI,Arduino,0.000,0.000,12.991,,
431.827604,2026-03-10 17:49:52.191,ARDUINO_PSI,Arduino,0.000,0.000,13.000,,
431.927160,2026-03-10 17:49:52.290,ARDUINO_PSI,Arduino,0.000,0.000,12.995,,
432.027751,2026-03-10 17:49:52.391,ARDUINO_PSI,Arduino,0.000,0.000,13.011,,
432.127660,2026-03-10 17:49:52.491,ARDUINO_PSI,Arduino,0.000,0.000,13.002,,
432.227440,2026-03-10 17:49:52.590,ARDUINO_PSI,Arduino,0.000,0.000,12.993,,
432.327013,2026-03-10 17:49:52.690,ARDUINO_PSI,Arduino,0.000,0.000,12.998,,
432.427605,2026-03-10 17:49:52.791,ARDUINO_PSI,Arduino,0.000,0.000,12.993,,
432.527680,2026-03-10 17:49:52.891,ARDUINO_PSI,Arduino,0.000,0.000,12.986,,
432.627570,2026-03-10 17:49:52.991,ARDUINO_PSI,Arduino,0.000,0.000,12.993,,
432.727410,2026-03-10 17:49:53.090,ARDUINO_PSI,Arduino,0.000,0.000,13.000,,
432.827819,2026-03-10 17:49:53.191,ARDUINO_PSI,Arduino,0.000,0.000,13.016,,
432.927668,2026-03-10 17:49:53.291,ARDUINO_PSI,Arduino,0.000,0.000,13.005,,
433.027636,2026-03-10 17:49:53.391,ARDUINO_PSI,Arduino,0.000,0.000,13.016,,
433.127566,2026-03-10 17:49:53.491,ARDUINO_PSI,Arduino,0.000,0.000,13.007,,
433.227213,2026-03-10 17:49:53.590,ARDUINO_PSI,Arduino,0.000,0.000,13.011,,
433.328061,2026-03-10 17:49:53.691,ARDUINO_PSI,Arduino,0.000,0.000,13.023,,
433.427693,2026-03-10 17:49:53.791,ARDUINO_PSI,Arduino,0.000,0.000,13.023,,
433.527658,2026-03-10 17:49:53.891,ARDUINO_PSI,Arduino,0.000,0.000,13.023,,
433.627640,2026-03-10 17:49:53.991,ARDUINO_PSI,Arduino,0.000,0.000,13.021,,
433.727237,2026-03-10 17:49:54.090,ARDUINO_PSI,Arduino,0.000,0.000,13.014,,
433.827622,2026-03-10 17:49:54.191,ARDUINO_PSI,Arduino,0.000,0.000,13.014,,
433.927499,2026-03-10 17:49:54.290,ARDUINO_PSI,Arduino,0.000,0.000,13.009,,
434.027530,2026-03-10 17:49:54.390,ARDUINO_PSI,Arduino,0.000,0.000,13.009,,
434.127576,2026-03-10 17:49:54.491,ARDUINO_PSI,Arduino,0.000,0.000,13.009,,
434.228025,2026-03-10 17:49:54.591,ARDUINO_PSI,Arduino,0.000,0.000,13.014,,
434.327648,2026-03-10 17:49:54.691,ARDUINO_PSI,Arduino,0.000,0.000,13.021,,
434.427486,2026-03-10 17:49:54.790,ARDUINO_PSI,Arduino,0.000,0.000,13.007,,
434.527435,2026-03-10 17:49:54.890,ARDUINO_PSI,Arduino,0.000,0.000,13.009,,
434.627034,2026-03-10 17:49:54.990,ARDUINO_PSI,Arduino,0.000,0.000,13.011,,
434.727559,2026-03-10 17:49:55.091,ARDUINO_PSI,Arduino,0.000,0.000,13.005,,
434.827763,2026-03-10 17:49:55.191,ARDUINO_PSI,Arduino,0.000,0.000,12.993,,
434.927556,2026-03-10 17:49:55.291,ARDUINO_PSI,Arduino,0.000,0.000,12.998,,
435.028470,2026-03-10 17:49:55.391,ARDUINO_PSI,Arduino,0.000,0.000,12.995,,
435.126996,2026-03-10 17:49:55.490,ARDUINO_PSI,Arduino,0.000,0.000,13.000,,
435.227605,2026-03-10 17:49:55.591,ARDUINO_PSI,Arduino,0.000,0.000,13.000,,
435.328226,2026-03-10 17:49:55.691,ARDUINO_PSI,Arduino,0.000,0.000,12.993,,
435.427576,2026-03-10 17:49:55.791,ARDUINO_PSI,Arduino,0.000,0.000,12.982,,
435.527722,2026-03-10 17:49:55.891,ARDUINO_PSI,Arduino,0.000,0.000,12.984,,
435.627239,2026-03-10 17:49:55.990,ARDUINO_PSI,Arduino,0.000,0.000,12.993,,
435.727993,2026-03-10 17:49:56.091,ARDUINO_PSI,Arduino,0.000,0.000,12.995,,
435.827618,2026-03-10 17:49:56.191,ARDUINO_PSI,Arduino,0.000,0.000,12.998,,
435.927477,2026-03-10 17:49:56.290,ARDUINO_PSI,Arduino,0.000,0.000,13.002,,
436.027597,2026-03-10 17:49:56.391,ARDUINO_PSI,Arduino,0.000,0.000,12.991,,
436.127478,2026-03-10 17:49:56.490,ARDUINO_PSI,Arduino,0.000,0.000,12.998,,
436.228376,2026-03-10 17:49:56.591,ARDUINO_PSI,Arduino,0.000,0.000,12.998,,
436.327098,2026-03-10 17:49:56.690,ARDUINO_PSI,Arduino,0.000,0.000,12.991,,
436.426982,2026-03-10 17:49:56.790,ARDUINO_PSI,Arduino,0.000,0.000,13.002,,
436.527515,2026-03-10 17:49:56.890,ARDUINO_PSI,Arduino,0.000,0.000,13.011,,
436.627206,2026-03-10 17:49:56.990,ARDUINO_PSI,Arduino,0.000,0.000,13.002,,
436.727540,2026-03-10 17:49:57.090,ARDUINO_PSI,Arduino,0.000,0.000,13.009,,
436.827493,2026-03-10 17:49:57.190,ARDUINO_PSI,Arduino,0.000,0.000,13.014,,
436.927964,2026-03-10 17:49:57.291,ARDUINO_PSI,Arduino,0.000,0.000,13.009,,
437.027501,2026-03-10 17:49:57.390,ARDUINO_PSI,Arduino,0.000,0.000,13.009,,
437.127686,2026-03-10 17:49:57.491,ARDUINO_PSI,Arduino,0.000,0.000,13.000,,
437.227969,2026-03-10 17:49:57.591,ARDUINO_PSI,Arduino,0.000,0.000,12.998,,
437.327672,2026-03-10 17:49:57.691,ARDUINO_PSI,Arduino,0.000,0.000,12.995,,
437.427368,2026-03-10 17:49:57.790,ARDUINO_PSI,Arduino,0.000,0.000,13.005,,
437.527590,2026-03-10 17:49:57.891,ARDUINO_PSI,Arduino,0.000,0.000,13.000,,
437.627446,2026-03-10 17:49:57.990,ARDUINO_PSI,Arduino,0.000,0.000,12.991,,
437.727636,2026-03-10 17:49:58.091,ARDUINO_PSI,Arduino,0.000,0.000,12.989,,
437.827373,2026-03-10 17:49:58.190,ARDUINO_PSI,Arduino,0.000,0.000,12.979,,
437.927684,2026-03-10 17:49:58.291,ARDUINO_PSI,Arduino,0.000,0.000,12.984,,
438.027468,2026-03-10 17:49:58.390,ARDUINO_PSI,Arduino,0.000,0.000,12.982,,
438.127721,2026-03-10 17:49:58.491,ARDUINO_PSI,Arduino,0.000,0.000,12.977,,
438.227017,2026-03-10 17:49:58.590,ARDUINO_PSI,Arduino,0.000,0.000,12.973,,
438.326952,2026-03-10 17:49:58.690,ARDUINO_PSI,Arduino,0.000,0.000,12.970,,
438.427661,2026-03-10 17:49:58.791,ARDUINO_PSI,Arduino,0.000,0.000,12.973,,
438.527516,2026-03-10 17:49:58.890,ARDUINO_PSI,Arduino,0.000,0.000,12.966,,
438.627925,2026-03-10 17:49:58.991,ARDUINO_PSI,Arduino,0.000,0.000,12.970,,
438.727635,2026-03-10 17:49:59.091,ARDUINO_PSI,Arduino,0.000,0.000,12.973,,
438.827709,2026-03-10 17:49:59.191,ARDUINO_PSI,Arduino,0.000,0.000,12.968,,
438.927444,2026-03-10 17:49:59.290,ARDUINO_PSI,Arduino,0.000,0.000,12.968,,
439.027773,2026-03-10 17:49:59.391,ARDUINO_PSI,Arduino,0.000,0.000,12.968,,
439.127803,2026-03-10 17:49:59.491,ARDUINO_PSI,Arduino,0.000,0.000,12.977,,
439.227728,2026-03-10 17:49:59.591,ARDUINO_PSI,Arduino,0.000,0.000,12.973,,
439.327716,2026-03-10 17:49:59.691,ARDUINO_PSI,Arduino,0.000,0.000,12.970,,
439.427558,2026-03-10 17:49:59.791,ARDUINO_PSI,Arduino,0.000,0.000,12.975,,
439.527364,2026-03-10 17:49:59.890,ARDUINO_PSI,Arduino,0.000,0.000,12.984,,
439.627190,2026-03-10 17:49:59.990,ARDUINO_PSI,Arduino,0.000,0.000,12.993,,
439.727772,2026-03-10 17:50:00.091,ARDUINO_PSI,Arduino,0.000,0.000,12.989,,
439.828251,2026-03-10 17:50:00.191,ARDUINO_PSI,Arduino,0.000,0.000,12.993,,
439.927509,2026-03-10 17:50:00.290,ARDUINO_PSI,Arduino,0.000,0.000,12.984,,
440.027647,2026-03-10 17:50:00.391,ARDUINO_PSI,Arduino,0.000,0.000,12.989,,
440.127682,2026-03-10 17:50:00.491,ARDUINO_PSI,Arduino,0.000,0.000,12.982,,
440.227797,2026-03-10 17:50:00.591,ARDUINO_PSI,Arduino,0.000,0.000,12.986,,
440.327307,2026-03-10 17:50:00.690,ARDUINO_PSI,Arduino,0.000,0.000,12.984,,
440.427615,2026-03-10 17:50:00.791,ARDUINO_PSI,Arduino,0.000,0.000,12.982,,
440.527795,2026-03-10 17:50:00.891,ARDUINO_PSI,Arduino,0.000,0.000,12.984,,
440.627126,2026-03-10 17:50:00.990,ARDUINO_PSI,Arduino,0.000,0.000,12.973,,
440.727668,2026-03-10 17:50:01.091,ARDUINO_PSI,Arduino,0.000,0.000,12.963,,
440.827510,2026-03-10 17:50:01.190,ARDUINO_PSI,Arduino,0.000,0.000,12.966,,
440.927644,2026-03-10 17:50:01.291,ARDUINO_PSI,Arduino,0.000,0.000,12.966,,
441.027613,2026-03-10 17:50:01.391,ARDUINO_PSI,Arduino,0.000,0.000,12.961,,
441.127539,2026-03-10 17:50:01.490,ARDUINO_PSI,Arduino,0.000,0.000,12.959,,
441.227522,2026-03-10 17:50:01.590,ARDUINO_PSI,Arduino,0.000,0.000,12.970,,
441.327794,2026-03-10 17:50:01.691,ARDUINO_PSI,Arduino,0.000,0.000,12.970,,
441.427583,2026-03-10 17:50:01.791,ARDUINO_PSI,Arduino,0.000,0.000,12.973,,
441.527683,2026-03-10 17:50:01.891,ARDUINO_PSI,Arduino,0.000,0.000,12.959,,
441.627464,2026-03-10 17:50:01.990,ARDUINO_PSI,Arduino,0.000,0.000,12.954,,
441.727887,2026-03-10 17:50:02.091,ARDUINO_PSI,Arduino,0.000,0.000,12.952,,
441.828107,2026-03-10 17:50:02.191,ARDUINO_PSI,Arduino,0.000,0.000,12.952,,
441.927453,2026-03-10 17:50:02.290,ARDUINO_PSI,Arduino,0.000,0.000,12.952,,
442.027646,2026-03-10 17:50:02.391,ARDUINO_PSI,Arduino,0.000,0.000,12.945,,
442.127657,2026-03-10 17:50:02.491,ARDUINO_PSI,Arduino,0.000,0.000,12.963,,
442.227732,2026-03-10 17:50:02.591,ARDUINO_PSI,Arduino,0.000,0.000,12.966,,
442.327248,2026-03-10 17:50:02.690,ARDUINO_PSI,Arduino,0.000,0.000,12.968,,
442.427601,2026-03-10 17:50:02.791,ARDUINO_PSI,Arduino,0.000,0.000,12.966,,
442.527774,2026-03-10 17:50:02.891,ARDUINO_PSI,Arduino,0.000,0.000,12.970,,
442.627110,2026-03-10 17:50:02.990,ARDUINO_PSI,Arduino,0.000,0.000,12.979,,
442.728224,2026-03-10 17:50:03.091,ARDUINO_PSI,Arduino,0.000,0.000,12.995,,
442.829087,2026-03-10 17:50:03.192,ARDUINO_PSI,Arduino,0.000,0.000,13.002,,
442.927604,2026-03-10 17:50:03.291,ARDUINO_PSI,Arduino,0.000,0.000,13.002,,
443.027598,2026-03-10 17:50:03.391,ARDUINO_PSI,Arduino,0.000,0.000,12.998,,
443.127548,2026-03-10 17:50:03.490,ARDUINO_PSI,Arduino,0.000,0.000,12.989,,
443.227745,2026-03-10 17:50:03.591,ARDUINO_PSI,Arduino,0.000,0.000,12.984,,
443.327488,2026-03-10 17:50:03.690,ARDUINO_PSI,Arduino,0.000,0.000,12.982,,
443.427474,2026-03-10 17:50:03.790,ARDUINO_PSI,Arduino,0.000,0.000,12.975,,
443.527483,2026-03-10 17:50:03.890,ARDUINO_PSI,Arduino,0.000,0.000,12.984,,
443.627644,2026-03-10 17:50:03.991,ARDUINO_PSI,Arduino,0.000,0.000,12.986,,
443.727439,2026-03-10 17:50:04.090,ARDUINO_PSI,Arduino,0.000,0.000,12.989,,
443.827794,2026-03-10 17:50:04.191,ARDUINO_PSI,Arduino,0.000,0.000,12.989,,
443.927578,2026-03-10 17:50:04.291,ARDUINO_PSI,Arduino,0.000,0.000,12.986,,
444.027657,2026-03-10 17:50:04.391,ARDUINO_PSI,Arduino,0.000,0.000,12.993,,
444.127732,2026-03-10 17:50:04.491,ARDUINO_PSI,Arduino,0.000,0.000,12.979,,
444.227683,2026-03-10 17:50:04.591,ARDUINO_PSI,Arduino,0.000,0.000,12.975,,
444.327560,2026-03-10 17:50:04.691,ARDUINO_PSI,Arduino,0.000,0.000,12.975,,
444.427493,2026-03-10 17:50:04.790,ARDUINO_PSI,Arduino,0.000,0.000,12.984,,
444.527516,2026-03-10 17:50:04.890,ARDUINO_PSI,Arduino,0.000,0.000,12.979,,
444.627446,2026-03-10 17:50:04.990,ARDUINO_PSI,Arduino,0.000,0.000,12.982,,
444.727596,2026-03-10 17:50:05.091,ARDUINO_PSI,Arduino,0.000,0.000,12.982,,
444.828130,2026-03-10 17:50:05.191,ARDUINO_PSI,Arduino,0.000,0.000,12.975,,
444.927459,2026-03-10 17:50:05.290,ARDUINO_PSI,Arduino,0.000,0.000,12.984,,
445.027373,2026-03-10 17:50:05.390,ARDUINO_PSI,Arduino,0.000,0.000,12.993,,
445.127278,2026-03-10 17:50:05.490,ARDUINO_PSI,Arduino,0.000,0.000,13.007,,
445.227631,2026-03-10 17:50:05.591,ARDUINO_PSI,Arduino,0.000,0.000,13.009,,
445.326995,2026-03-10 17:50:05.690,ARDUINO_PSI,Arduino,0.000,0.000,13.014,,
445.427567,2026-03-10 17:50:05.791,ARDUINO_PSI,Arduino,0.000,0.000,13.014,,
445.527708,2026-03-10 17:50:05.891,ARDUINO_PSI,Arduino,0.000,0.000,13.007,,
445.627515,2026-03-10 17:50:05.990,ARDUINO_PSI,Arduino,0.000,0.000,13.018,,
445.727666,2026-03-10 17:50:06.091,ARDUINO_PSI,Arduino,0.000,0.000,13.027,,
445.827657,2026-03-10 17:50:06.191,ARDUINO_PSI,Arduino,0.000,0.000,13.034,,
445.926963,2026-03-10 17:50:06.290,ARDUINO_PSI,Arduino,0.000,0.000,13.043,,
446.027784,2026-03-10 17:50:06.391,ARDUINO_PSI,Arduino,0.000,0.000,13.037,,
446.127579,2026-03-10 17:50:06.491,ARDUINO_PSI,Arduino,0.000,0.000,13.046,,
446.227695,2026-03-10 17:50:06.591,ARDUINO_PSI,Arduino,0.000,0.000,13.053,,
446.328333,2026-03-10 17:50:06.691,ARDUINO_PSI,Arduino,0.000,0.000,13.050,,
446.427702,2026-03-10 17:50:06.791,ARDUINO_PSI,Arduino,0.000,0.000,13.053,,
446.528277,2026-03-10 17:50:06.891,ARDUINO_PSI,Arduino,0.000,0.000,13.048,,
446.627534,2026-03-10 17:50:06.990,ARDUINO_PSI,Arduino,0.000,0.000,13.039,,
446.727830,2026-03-10 17:50:07.091,ARDUINO_PSI,Arduino,0.000,0.000,13.023,,
446.827579,2026-03-10 17:50:07.191,ARDUINO_PSI,Arduino,0.000,0.000,13.030,,
446.927642,2026-03-10 17:50:07.291,ARDUINO_PSI,Arduino,0.000,0.000,13.018,,
447.027664,2026-03-10 17:50:07.391,ARDUINO_PSI,Arduino,0.000,0.000,13.018,,
447.127578,2026-03-10 17:50:07.491,ARDUINO_PSI,Arduino,0.000,0.000,13.011,,
447.228017,2026-03-10 17:50:07.591,ARDUINO_PSI,Arduino,0.000,0.000,13.000,,
447.327556,2026-03-10 17:50:07.691,ARDUINO_PSI,Arduino,0.000,0.000,12.995,,
447.427581,2026-03-10 17:50:07.791,ARDUINO_PSI,Arduino,0.000,0.000,13.000,,
447.527404,2026-03-10 17:50:07.890,ARDUINO_PSI,Arduino,0.000,0.000,12.998,,
447.627516,2026-03-10 17:50:07.990,ARDUINO_PSI,Arduino,0.000,0.000,12.973,,
447.727599,2026-03-10 17:50:08.091,ARDUINO_PSI,Arduino,0.000,0.000,12.961,,
447.827567,2026-03-10 17:50:08.191,ARDUINO_PSI,Arduino,0.000,0.000,12.950,,
447.927460,2026-03-10 17:50:08.290,ARDUINO_PSI,Arduino,0.000,0.000,12.945,,
448.027488,2026-03-10 17:50:08.390,ARDUINO_PSI,Arduino,0.000,0.000,12.950,,
448.127801,2026-03-10 17:50:08.491,ARDUINO_PSI,Arduino,0.000,0.000,12.938,,
448.227500,2026-03-10 17:50:08.590,ARDUINO_PSI,Arduino,0.000,0.000,12.938,,
448.327484,2026-03-10 17:50:08.690,ARDUINO_PSI,Arduino,0.000,0.000,12.934,,
448.428431,2026-03-10 17:50:08.791,ARDUINO_PSI,Arduino,0.000,0.000,12.929,,
448.527628,2026-03-10 17:50:08.891,ARDUINO_PSI,Arduino,0.000,0.000,12.931,,
448.627997,2026-03-10 17:50:08.991,ARDUINO_PSI,Arduino,0.000,0.000,12.943,,
448.727592,2026-03-10 17:50:09.091,ARDUINO_PSI,Arduino,0.000,0.000,12.941,,
448.827481,2026-03-10 17:50:09.190,ARDUINO_PSI,Arduino,0.000,0.000,12.936,,
448.926992,2026-03-10 17:50:09.290,ARDUINO_PSI,Arduino,0.000,0.000,12.934,,
449.027568,2026-03-10 17:50:09.391,ARDUINO_PSI,Arduino,0.000,0.000,12.931,,
449.127505,2026-03-10 17:50:09.490,ARDUINO_PSI,Arduino,0.000,0.000,12.925,,
449.227715,2026-03-10 17:50:09.591,ARDUINO_PSI,Arduino,0.000,0.000,12.936,,
449.328257,2026-03-10 17:50:09.691,ARDUINO_PSI,Arduino,0.000,0.000,12.943,,
449.427660,2026-03-10 17:50:09.791,ARDUINO_PSI,Arduino,0.000,0.000,12.938,,
449.527451,2026-03-10 17:50:09.890,ARDUINO_PSI,Arduino,0.000,0.000,12.954,,
449.627628,2026-03-10 17:50:09.991,ARDUINO_PSI,Arduino,0.000,0.000,12.968,,
449.727521,2026-03-10 17:50:10.090,ARDUINO_PSI,Arduino,0.000,0.000,12.966,,
449.827138,2026-03-10 17:50:10.190,ARDUINO_PSI,Arduino,0.000,0.000,12.973,,
449.928584,2026-03-10 17:50:10.292,ARDUINO_PSI,Arduino,0.000,0.000,12.977,,
450.027605,2026-03-10 17:50:10.391,ARDUINO_PSI,Arduino,0.000,0.000,12.982,,
450.127575,2026-03-10 17:50:10.491,ARDUINO_PSI,Arduino,0.000,0.000,12.979,,
450.227466,2026-03-10 17:50:10.590,ARDUINO_PSI,Arduino,0.000,0.000,12.977,,
450.327637,2026-03-10 17:50:10.691,ARDUINO_PSI,Arduino,0.000,0.000,12.984,,
450.427531,2026-03-10 17:50:10.790,ARDUINO_PSI,Arduino,0.000,0.000,12.984,,
450.527427,2026-03-10 17:50:10.890,ARDUINO_PSI,Arduino,0.000,0.000,12.984,,
450.627517,2026-03-10 17:50:10.990,ARDUINO_PSI,Arduino,0.000,0.000,12.975,,
450.726982,2026-03-10 17:50:11.090,ARDUINO_PSI,Arduino,0.000,0.000,12.989,,
450.827417,2026-03-10 17:50:11.190,ARDUINO_PSI,Arduino,0.000,0.000,12.984,,
450.927511,2026-03-10 17:50:11.290,ARDUINO_PSI,Arduino,0.000,0.000,12.989,,
451.027717,2026-03-10 17:50:11.391,ARDUINO_PSI,Arduino,0.000,0.000,12.991,,
451.127645,2026-03-10 17:50:11.491,ARDUINO_PSI,Arduino,0.000,0.000,12.998,,
451.227733,2026-03-10 17:50:11.591,ARDUINO_PSI,Arduino,0.000,0.000,12.995,,
451.327624,2026-03-10 17:50:11.691,ARDUINO_PSI,Arduino,0.000,0.000,12.989,,
451.427777,2026-03-10 17:50:11.791,ARDUINO_PSI,Arduino,0.000,0.000,12.993,,
451.527578,2026-03-10 17:50:11.891,ARDUINO_PSI,Arduino,0.000,0.000,12.979,,
451.627996,2026-03-10 17:50:11.991,ARDUINO_PSI,Arduino,0.000,0.000,12.984,,
451.727463,2026-03-10 17:50:12.090,ARDUINO_PSI,Arduino,0.000,0.000,12.982,,
451.827779,2026-03-10 17:50:12.191,ARDUINO_PSI,Arduino,0.000,0.000,12.977,,
451.927728,2026-03-10 17:50:12.291,ARDUINO_PSI,Arduino,0.000,0.000,12.970,,
452.027330,2026-03-10 17:50:12.390,ARDUINO_PSI,Arduino,0.000,0.000,12.961,,
452.127372,2026-03-10 17:50:12.490,ARDUINO_PSI,Arduino,0.000,0.000,12.966,,
452.227819,2026-03-10 17:50:12.591,ARDUINO_PSI,Arduino,0.000,0.000,12.970,,
452.326903,2026-03-10 17:50:12.690,ARDUINO_PSI,Arduino,0.000,0.000,12.975,,
452.427067,2026-03-10 17:50:12.790,ARDUINO_PSI,Arduino,0.000,0.000,12.973,,
452.528157,2026-03-10 17:50:12.891,ARDUINO_PSI,Arduino,0.000,0.000,12.979,,
452.627492,2026-03-10 17:50:12.990,ARDUINO_PSI,Arduino,0.000,0.000,12.977,,
452.727608,2026-03-10 17:50:13.091,ARDUINO_PSI,Arduino,0.000,0.000,12.977,,
452.827507,2026-03-10 17:50:13.190,ARDUINO_PSI,Arduino,0.000,0.000,12.991,,
452.927503,2026-03-10 17:50:13.290,ARDUINO_PSI,Arduino,0.000,0.000,12.993,,
453.027474,2026-03-10 17:50:13.390,ARDUINO_PSI,Arduino,0.000,0.000,12.998,,
453.126961,2026-03-10 17:50:13.490,ARDUINO_PSI,Arduino,0.000,0.000,12.995,,
453.227695,2026-03-10 17:50:13.591,ARDUINO_PSI,Arduino,0.000,0.000,12.993,,
453.327507,2026-03-10 17:50:13.690,ARDUINO_PSI,Arduino,0.000,0.000,13.009,,
453.427495,2026-03-10 17:50:13.790,ARDUINO_PSI,Arduino,0.000,0.000,13.005,,
453.527824,2026-03-10 17:50:13.891,ARDUINO_PSI,Arduino,0.000,0.000,13.014,,
453.627601,2026-03-10 17:50:13.991,ARDUINO_PSI,Arduino,0.000,0.000,13.011,,
453.727337,2026-03-10 17:50:14.090,ARDUINO_PSI,Arduino,0.000,0.000,13.027,,
453.827482,2026-03-10 17:50:14.190,ARDUINO_PSI,Arduino,0.000,0.000,13.030,,
453.927744,2026-03-10 17:50:14.291,ARDUINO_PSI,Arduino,0.000,0.000,13.034,,
454.027531,2026-03-10 17:50:14.390,ARDUINO_PSI,Arduino,0.000,0.000,13.034,,
454.127656,2026-03-10 17:50:14.491,ARDUINO_PSI,Arduino,0.000,0.000,13.037,,
454.226961,2026-03-10 17:50:14.590,ARDUINO_PSI,Arduino,0.000,0.000,13.027,,
454.327436,2026-03-10 17:50:14.690,ARDUINO_PSI,Arduino,0.000,0.000,13.021,,
454.427384,2026-03-10 17:50:14.790,ARDUINO_PSI,Arduino,0.000,0.000,13.018,,
454.527493,2026-03-10 17:50:14.890,ARDUINO_PSI,Arduino,0.000,0.000,13.014,,
454.627524,2026-03-10 17:50:14.990,ARDUINO_PSI,Arduino,0.000,0.000,13.016,,
454.727779,2026-03-10 17:50:15.091,ARDUINO_PSI,Arduino,0.000,0.000,13.005,,
454.827469,2026-03-10 17:50:15.190,ARDUINO_PSI,Arduino,0.000,0.000,12.991,,
454.927677,2026-03-10 17:50:15.291,ARDUINO_PSI,Arduino,0.000,0.000,12.986,,
455.027103,2026-03-10 17:50:15.390,ARDUINO_PSI,Arduino,0.000,0.000,12.977,,
455.127485,2026-03-10 17:50:15.490,ARDUINO_PSI,Arduino,0.000,0.000,12.979,,
455.227696,2026-03-10 17:50:15.591,ARDUINO_PSI,Arduino,0.000,0.000,12.979,,
455.327065,2026-03-10 17:50:15.690,ARDUINO_PSI,Arduino,0.000,0.000,12.961,,
455.427740,2026-03-10 17:50:15.791,ARDUINO_PSI,Arduino,0.000,0.000,12.968,,
455.527922,2026-03-10 17:50:15.891,ARDUINO_PSI,Arduino,0.000,0.000,12.963,,
455.626938,2026-03-10 17:50:15.990,ARDUINO_PSI,Arduino,0.000,0.000,12.968,,
455.728108,2026-03-10 17:50:16.091,ARDUINO_PSI,Arduino,0.000,0.000,12.963,,
455.827565,2026-03-10 17:50:16.191,ARDUINO_PSI,Arduino,0.000,0.000,12.968,,
455.927600,2026-03-10 17:50:16.291,ARDUINO_PSI,Arduino,0.000,0.000,12.979,,
456.027068,2026-03-10 17:50:16.390,ARDUINO_PSI,Arduino,0.000,0.000,12.998,,
456.127349,2026-03-10 17:50:16.490,ARDUINO_PSI,Arduino,0.000,0.000,12.993,,
456.227460,2026-03-10 17:50:16.590,ARDUINO_PSI,Arduino,0.000,0.000,12.998,,
456.327489,2026-03-10 17:50:16.690,ARDUINO_PSI,Arduino,0.000,0.000,13.002,,
456.427144,2026-03-10 17:50:16.790,ARDUINO_PSI,Arduino,0.000,0.000,13.000,,
456.527510,2026-03-10 17:50:16.890,ARDUINO_PSI,Arduino,0.000,0.000,13.007,,
456.627369,2026-03-10 17:50:16.990,ARDUINO_PSI,Arduino,0.000,0.000,13.005,,
456.727334,2026-03-10 17:50:17.090,ARDUINO_PSI,Arduino,0.000,0.000,13.011,,
456.827570,2026-03-10 17:50:17.191,ARDUINO_PSI,Arduino,0.000,0.000,13.014,,
456.927482,2026-03-10 17:50:17.290,ARDUINO_PSI,Arduino,0.000,0.000,13.011,,
457.027703,2026-03-10 17:50:17.391,ARDUINO_PSI,Arduino,0.000,0.000,13.007,,
457.127142,2026-03-10 17:50:17.490,ARDUINO_PSI,Arduino,0.000,0.000,13.016,,
457.227625,2026-03-10 17:50:17.591,ARDUINO_PSI,Arduino,0.000,0.000,13.025,,
457.327494,2026-03-10 17:50:17.690,ARDUINO_PSI,Arduino,0.000,0.000,13.034,,
457.427798,2026-03-10 17:50:17.791,ARDUINO_PSI,Arduino,0.000,0.000,13.041,,
457.527554,2026-03-10 17:50:17.891,ARDUINO_PSI,Arduino,0.000,0.000,13.041,,
457.627068,2026-03-10 17:50:17.990,ARDUINO_PSI,Arduino,0.000,0.000,13.037,,
457.727518,2026-03-10 17:50:18.090,ARDUINO_PSI,Arduino,0.000,0.000,13.039,,
457.827559,2026-03-10 17:50:18.191,ARDUINO_PSI,Arduino,0.000,0.000,13.032,,
457.927648,2026-03-10 17:50:18.291,ARDUINO_PSI,Arduino,0.000,0.000,13.023,,
458.027527,2026-03-10 17:50:18.390,ARDUINO_PSI,Arduino,0.000,0.000,13.009,,
458.127452,2026-03-10 17:50:18.490,ARDUINO_PSI,Arduino,0.000,0.000,13.007,,
458.227707,2026-03-10 17:50:18.591,ARDUINO_PSI,Arduino,0.000,0.000,13.021,,
458.327359,2026-03-10 17:50:18.690,ARDUINO_PSI,Arduino,0.000,0.000,13.016,,
458.427447,2026-03-10 17:50:18.790,ARDUINO_PSI,Arduino,0.000,0.000,13.011,,
458.527516,2026-03-10 17:50:18.890,ARDUINO_PSI,Arduino,0.000,0.000,13.005,,
458.627494,2026-03-10 17:50:18.990,ARDUINO_PSI,Arduino,0.000,0.000,13.007,,
458.727910,2026-03-10 17:50:19.091,ARDUINO_PSI,Arduino,0.000,0.000,13.011,,
458.827617,2026-03-10 17:50:19.191,ARDUINO_PSI,Arduino,0.000,0.000,13.023,,
458.926968,2026-03-10 17:50:19.290,ARDUINO_PSI,Arduino,0.000,0.000,13.023,,
459.027393,2026-03-10 17:50:19.390,ARDUINO_PSI,Arduino,0.000,0.000,13.032,,
459.128284,2026-03-10 17:50:19.491,ARDUINO_PSI,Arduino,0.000,0.000,13.011,,
459.227695,2026-03-10 17:50:19.591,ARDUINO_PSI,Arduino,0.000,0.000,13.011,,
459.327659,2026-03-10 17:50:19.691,ARDUINO_PSI,Arduino,0.000,0.000,13.009,,
459.427581,2026-03-10 17:50:19.791,ARDUINO_PSI,Arduino,0.000,0.000,13.005,,
459.528308,2026-03-10 17:50:19.891,ARDUINO_PSI,Arduino,0.000,0.000,13.000,,
459.629724,2026-03-10 17:50:19.993,ARDUINO_PSI,Arduino,0.000,0.000,12.989,,
459.738364,2026-03-10 17:50:20.101,ARDUINO_PSI,Arduino,0.000,0.000,12.991,,
459.827431,2026-03-10 17:50:20.190,ARDUINO_PSI,Arduino,0.000,0.000,12.998,,
459.927392,2026-03-10 17:50:20.290,ARDUINO_PSI,Arduino,0.000,0.000,12.979,,
460.028153,2026-03-10 17:50:20.391,ARDUINO_PSI,Arduino,0.000,0.000,12.970,,
460.128232,2026-03-10 17:50:20.491,ARDUINO_PSI,Arduino,0.000,0.000,12.989,,
460.227370,2026-03-10 17:50:20.590,ARDUINO_PSI,Arduino,0.000,0.000,12.986,,
460.327080,2026-03-10 17:50:20.690,ARDUINO_PSI,Arduino,0.000,0.000,12.986,,
460.427395,2026-03-10 17:50:20.790,ARDUINO_PSI,Arduino,0.000,0.000,12.995,,
460.527498,2026-03-10 17:50:20.890,ARDUINO_PSI,Arduino,0.000,0.000,12.995,,
460.627056,2026-03-10 17:50:20.990,ARDUINO_PSI,Arduino,0.000,0.000,12.998,,
460.727441,2026-03-10 17:50:21.090,ARDUINO_PSI,Arduino,0.000,0.000,12.989,,
460.827520,2026-03-10 17:50:21.190,ARDUINO_PSI,Arduino,0.000,0.000,12.984,,
460.927337,2026-03-10 17:50:21.290,ARDUINO_PSI,Arduino,0.000,0.000,12.991,,
461.027121,2026-03-10 17:50:21.390,ARDUINO_PSI,Arduino,0.000,0.000,12.984,,
461.128346,2026-03-10 17:50:21.491,ARDUINO_PSI,Arduino,0.000,0.000,12.995,,
461.227525,2026-03-10 17:50:21.590,ARDUINO_PSI,Arduino,0.000,0.000,12.989,,
461.327448,2026-03-10 17:50:21.690,ARDUINO_PSI,Arduino,0.000,0.000,12.995,,
461.428636,2026-03-10 17:50:21.792,ARDUINO_PSI,Arduino,0.000,0.000,12.989,,
461.527303,2026-03-10 17:50:21.890,ARDUINO_PSI,Arduino,0.000,0.000,12.993,,
461.627331,2026-03-10 17:50:21.990,ARDUINO_PSI,Arduino,0.000,0.000,13.000,,
461.727924,2026-03-10 17:50:22.091,ARDUINO_PSI,Arduino,0.000,0.000,12.995,,
461.827405,2026-03-10 17:50:22.190,ARDUINO_PSI,Arduino,0.000,0.000,12.989,,
461.927498,2026-03-10 17:50:22.290,ARDUINO_PSI,Arduino,0.000,0.000,12.998,,
462.027300,2026-03-10 17:50:22.390,ARDUINO_PSI,Arduino,0.000,0.000,13.021,,
462.128084,2026-03-10 17:50:22.491,ARDUINO_PSI,Arduino,0.000,0.000,13.007,,
462.227313,2026-03-10 17:50:22.590,ARDUINO_PSI,Arduino,0.000,0.000,12.995,,
462.327530,2026-03-10 17:50:22.690,ARDUINO_PSI,Arduino,0.000,0.000,13.002,,
462.429011,2026-03-10 17:50:22.792,ARDUINO_PSI,Arduino,0.000,0.000,12.993,,
462.528474,2026-03-10 17:50:22.891,ARDUINO_PSI,Arduino,0.000,0.000,12.998,,
462.628679,2026-03-10 17:50:22.992,ARDUINO_PSI,Arduino,0.000,0.000,12.995,,
462.728187,2026-03-10 17:50:23.091,ARDUINO_PSI,Arduino,0.000,0.000,13.002,,
462.828117,2026-03-10 17:50:23.191,ARDUINO_PSI,Arduino,0.000,0.000,13.007,,
462.927434,2026-03-10 17:50:23.290,ARDUINO_PSI,Arduino,0.000,0.000,13.007,,
463.026928,2026-03-10 17:50:23.390,ARDUINO_PSI,Arduino,0.000,0.000,13.025,,
463.126930,2026-03-10 17:50:23.490,ARDUINO_PSI,Arduino,0.000,0.000,13.027,,
463.227672,2026-03-10 17:50:23.591,ARDUINO_PSI,Arduino,0.000,0.000,13.021,,
463.326923,2026-03-10 17:50:23.690,ARDUINO_PSI,Arduino,0.000,0.000,13.018,,
463.427448,2026-03-10 17:50:23.790,ARDUINO_PSI,Arduino,0.000,0.000,13.014,,
463.527568,2026-03-10 17:50:23.891,ARDUINO_PSI,Arduino,0.000,0.000,13.011,,
463.628614,2026-03-10 17:50:23.992,ARDUINO_PSI,Arduino,0.000,0.000,13.007,,
463.728177,2026-03-10 17:50:24.091,ARDUINO_PSI,Arduino,0.000,0.000,13.000,,
463.827699,2026-03-10 17:50:24.191,ARDUINO_PSI,Arduino,0.000,0.000,13.005,,
463.928320,2026-03-10 17:50:24.291,ARDUINO_PSI,Arduino,0.000,0.000,13.000,,
464.027571,2026-03-10 17:50:24.391,ARDUINO_PSI,Arduino,0.000,0.000,12.995,,
464.127541,2026-03-10 17:50:24.490,ARDUINO_PSI,Arduino,0.000,0.000,12.995,,
464.228628,2026-03-10 17:50:24.592,ARDUINO_PSI,Arduino,0.000,0.000,12.991,,
464.327733,2026-03-10 17:50:24.691,ARDUINO_PSI,Arduino,0.000,0.000,12.986,,
464.427448,2026-03-10 17:50:24.790,ARDUINO_PSI,Arduino,0.000,0.000,12.993,,
464.528033,2026-03-10 17:50:24.891,ARDUINO_PSI,Arduino,0.000,0.000,12.993,,
464.627385,2026-03-10 17:50:24.990,ARDUINO_PSI,Arduino,0.000,0.000,12.986,,
464.727415,2026-03-10 17:50:25.090,ARDUINO_PSI,Arduino,0.000,0.000,12.977,,
464.827334,2026-03-10 17:50:25.190,ARDUINO_PSI,Arduino,0.000,0.000,12.973,,
464.927284,2026-03-10 17:50:25.290,ARDUINO_PSI,Arduino,0.000,0.000,12.975,,
465.027350,2026-03-10 17:50:25.390,ARDUINO_PSI,Arduino,0.000,0.000,12.959,,
465.127356,2026-03-10 17:50:25.490,ARDUINO_PSI,Arduino,0.000,0.000,12.966,,
465.227731,2026-03-10 17:50:25.591,ARDUINO_PSI,Arduino,0.000,0.000,12.968,,
465.327288,2026-03-10 17:50:25.690,ARDUINO_PSI,Arduino,0.000,0.000,12.963,,
465.428725,2026-03-10 17:50:25.792,ARDUINO_PSI,Arduino,0.000,0.000,12.966,,
465.528682,2026-03-10 17:50:25.892,ARDUINO_PSI,Arduino,0.000,0.000,12.982,,
465.627971,2026-03-10 17:50:25.991,ARDUINO_PSI,Arduino,0.000,0.000,12.993,,
465.728503,2026-03-10 17:50:26.091,ARDUINO_PSI,Arduino,0.000,0.000,12.998,,
465.827014,2026-03-10 17:50:26.190,ARDUINO_PSI,Arduino,0.000,0.000,13.000,,
465.927677,2026-03-10 17:50:26.291,ARDUINO_PSI,Arduino,0.000,0.000,13.000,,
466.027394,2026-03-10 17:50:26.390,ARDUINO_PSI,Arduino,0.000,0.000,13.000,,
466.127486,2026-03-10 17:50:26.490,ARDUINO_PSI,Arduino,0.000,0.000,13.007,,
466.227144,2026-03-10 17:50:26.590,ARDUINO_PSI,Arduino,0.000,0.000,13.016,,
466.328333,2026-03-10 17:50:26.691,ARDUINO_PSI,Arduino,0.000,0.000,13.018,,
466.427478,2026-03-10 17:50:26.790,ARDUINO_PSI,Arduino,0.000,0.000,13.016,,
466.526924,2026-03-10 17:50:26.890,ARDUINO_PSI,Arduino,0.000,0.000,13.016,,
466.627078,2026-03-10 17:50:26.990,ARDUINO_PSI,Arduino,0.000,0.000,13.021,,
466.727000,2026-03-10 17:50:27.090,ARDUINO_PSI,Arduino,0.000,0.000,13.023,,
466.827324,2026-03-10 17:50:27.190,ARDUINO_PSI,Arduino,0.000,0.000,13.023,,
466.927874,2026-03-10 17:50:27.291,ARDUINO_PSI,Arduino,0.000,0.000,13.018,,
467.027183,2026-03-10 17:50:27.390,ARDUINO_PSI,Arduino,0.000,0.000,13.014,,
467.127443,2026-03-10 17:50:27.490,ARDUINO_PSI,Arduino,0.000,0.000,13.000,,
467.228477,2026-03-10 17:50:27.591,ARDUINO_PSI,Arduino,0.000,0.000,12.995,,
467.328660,2026-03-10 17:50:27.692,ARDUINO_PSI,Arduino,0.000,0.000,13.007,,
467.427427,2026-03-10 17:50:27.790,ARDUINO_PSI,Arduino,0.000,0.000,13.011,,
467.527475,2026-03-10 17:50:27.890,ARDUINO_PSI,Arduino,0.000,0.000,13.007,,
467.627304,2026-03-10 17:50:27.990,ARDUINO_PSI,Arduino,0.000,0.000,13.011,,
467.728267,2026-03-10 17:50:28.091,ARDUINO_PSI,Arduino,0.000,0.000,13.014,,
467.828647,2026-03-10 17:50:28.192,ARDUINO_PSI,Arduino,0.000,0.000,13.011,,
467.927325,2026-03-10 17:50:28.290,ARDUINO_PSI,Arduino,0.000,0.000,13.021,,
468.028015,2026-03-10 17:50:28.391,ARDUINO_PSI,Arduino,0.000,0.000,13.014,,
468.127284,2026-03-10 17:50:28.490,ARDUINO_PSI,Arduino,0.000,0.000,13.000,,
468.227450,2026-03-10 17:50:28.590,ARDUINO_PSI,Arduino,0.000,0.000,12.989,,
468.327779,2026-03-10 17:50:28.691,ARDUINO_PSI,Arduino,0.000,0.000,12.986,,
468.429006,2026-03-10 17:50:28.792,ARDUINO_PSI,Arduino,0.000,0.000,12.993,,
468.528908,2026-03-10 17:50:28.892,ARDUINO_PSI,Arduino,0.000,0.000,12.993,,
468.627391,2026-03-10 17:50:28.990,ARDUINO_PSI,Arduino,0.000,0.000,13.005,,
468.727542,2026-03-10 17:50:29.090,ARDUINO_PSI,Arduino,0.000,0.000,13.011,,
468.827271,2026-03-10 17:50:29.190,ARDUINO_PSI,Arduino,0.000,0.000,13.007,,
468.927659,2026-03-10 17:50:29.291,ARDUINO_PSI,Arduino,0.000,0.000,13.009,,
469.028451,2026-03-10 17:50:29.391,ARDUINO_PSI,Arduino,0.000,0.000,13.011,,
469.127473,2026-03-10 17:50:29.490,ARDUINO_PSI,Arduino,0.000,0.000,13.016,,
469.227395,2026-03-10 17:50:29.590,ARDUINO_PSI,Arduino,0.000,0.000,13.025,,
469.327503,2026-03-10 17:50:29.690,ARDUINO_PSI,Arduino,0.000,0.000,13.005,,
469.428506,2026-03-10 17:50:29.791,ARDUINO_PSI,Arduino,0.000,0.000,12.995,,
469.527493,2026-03-10 17:50:29.890,ARDUINO_PSI,Arduino,0.000,0.000,12.998,,
469.627460,2026-03-10 17:50:29.990,ARDUINO_PSI,Arduino,0.000,0.000,12.989,,
469.727472,2026-03-10 17:50:30.090,ARDUINO_PSI,Arduino,0.000,0.000,12.989,,
469.827400,2026-03-10 17:50:30.190,ARDUINO_PSI,Arduino,0.000,0.000,12.986,,
469.928461,2026-03-10 17:50:30.291,ARDUINO_PSI,Arduino,0.000,0.000,12.975,,
470.028720,2026-03-10 17:50:30.392,ARDUINO_PSI,Arduino,0.000,0.000,12.975,,
470.128614,2026-03-10 17:50:30.492,ARDUINO_PSI,Arduino,0.000,0.000,12.989,,
470.228520,2026-03-10 17:50:30.591,ARDUINO_PSI,Arduino,0.000,0.000,13.002,,
470.327399,2026-03-10 17:50:30.690,ARDUINO_PSI,Arduino,0.000,0.000,13.002,,
470.427344,2026-03-10 17:50:30.790,ARDUINO_PSI,Arduino,0.000,0.000,13.005,,
470.528118,2026-03-10 17:50:30.891,ARDUINO_PSI,Arduino,0.000,0.000,13.000,,
470.627489,2026-03-10 17:50:30.990,ARDUINO_PSI,Arduino,0.000,0.000,12.979,,
470.727788,2026-03-10 17:50:31.091,ARDUINO_PSI,Arduino,0.000,0.000,12.973,,
470.827433,2026-03-10 17:50:31.190,ARDUINO_PSI,Arduino,0.000,0.000,12.984,,
470.927401,2026-03-10 17:50:31.290,ARDUINO_PSI,Arduino,0.000,0.000,12.977,,
471.027858,2026-03-10 17:50:31.391,ARDUINO_PSI,Arduino,0.000,0.000,12.982,,
471.127295,2026-03-10 17:50:31.490,ARDUINO_PSI,Arduino,0.000,0.000,12.989,,
471.228679,2026-03-10 17:50:31.592,ARDUINO_PSI,Arduino,0.000,0.000,12.989,,
471.326926,2026-03-10 17:50:31.690,ARDUINO_PSI,Arduino,0.000,0.000,12.993,,
471.427800,2026-03-10 17:50:31.791,ARDUINO_PSI,Arduino,0.000,0.000,13.005,,
471.527525,2026-03-10 17:50:31.890,ARDUINO_PSI,Arduino,0.000,0.000,12.989,,
471.627459,2026-03-10 17:50:31.990,ARDUINO_PSI,Arduino,0.000,0.000,12.986,,
471.728556,2026-03-10 17:50:32.092,ARDUINO_PSI,Arduino,0.000,0.000,12.986,,
471.827630,2026-03-10 17:50:32.191,ARDUINO_PSI,Arduino,0.000,0.000,12.982,,
471.927289,2026-03-10 17:50:32.290,ARDUINO_PSI,Arduino,0.000,0.000,12.995,,
472.027969,2026-03-10 17:50:32.391,ARDUINO_PSI,Arduino,0.000,0.000,12.993,,
472.127345,2026-03-10 17:50:32.490,ARDUINO_PSI,Arduino,0.000,0.000,12.989,,
472.227389,2026-03-10 17:50:32.590,ARDUINO_PSI,Arduino,0.000,0.000,12.982,,
472.327642,2026-03-10 17:50:32.691,ARDUINO_PSI,Arduino,0.000,0.000,12.982,,
472.427865,2026-03-10 17:50:32.791,ARDUINO_PSI,Arduino,0.000,0.000,12.968,,
472.527440,2026-03-10 17:50:32.890,ARDUINO_PSI,Arduino,0.000,0.000,12.968,,
472.627848,2026-03-10 17:50:32.991,ARDUINO_PSI,Arduino,0.000,0.000,12.979,,
472.728232,2026-03-10 17:50:33.091,ARDUINO_PSI,Arduino,0.000,0.000,12.977,,
472.827060,2026-03-10 17:50:33.190,ARDUINO_PSI,Arduino,0.000,0.000,12.968,,
472.927685,2026-03-10 17:50:33.291,ARDUINO_PSI,Arduino,0.000,0.000,12.970,,
473.027386,2026-03-10 17:50:33.390,ARDUINO_PSI,Arduino,0.000,0.000,12.966,,
473.127280,2026-03-10 17:50:33.490,ARDUINO_PSI,Arduino,0.000,0.000,12.952,,
473.227882,2026-03-10 17:50:33.591,ARDUINO_PSI,Arduino,0.000,0.000,12.947,,
473.327808,2026-03-10 17:50:33.691,ARDUINO_PSI,Arduino,0.000,0.000,12.945,,
473.428574,2026-03-10 17:50:33.792,ARDUINO_PSI,Arduino,0.000,0.000,12.947,,
473.527832,2026-03-10 17:50:33.891,ARDUINO_PSI,Arduino,0.000,0.000,12.947,,
473.627324,2026-03-10 17:50:33.990,ARDUINO_PSI,Arduino,0.000,0.000,12.947,,
473.727426,2026-03-10 17:50:34.090,ARDUINO_PSI,Arduino,0.000,0.000,12.941,,
473.828193,2026-03-10 17:50:34.191,ARDUINO_PSI,Arduino,0.000,0.000,12.945,,
473.927424,2026-03-10 17:50:34.290,ARDUINO_PSI,Arduino,0.000,0.000,12.947,,
474.027771,2026-03-10 17:50:34.391,ARDUINO_PSI,Arduino,0.000,0.000,12.954,,
474.128361,2026-03-10 17:50:34.491,ARDUINO_PSI,Arduino,0.000,0.000,12.954,,
474.227975,2026-03-10 17:50:34.591,ARDUINO_PSI,Arduino,0.000,0.000,12.950,,
474.327323,2026-03-10 17:50:34.690,ARDUINO_PSI,Arduino,0.000,0.000,12.957,,
474.428820,2026-03-10 17:50:34.792,ARDUINO_PSI,Arduino,0.000,0.000,12.966,,
474.527965,2026-03-10 17:50:34.891,ARDUINO_PSI,Arduino,0.000,0.000,12.959,,
474.627262,2026-03-10 17:50:34.990,ARDUINO_PSI,Arduino,0.000,0.000,12.954,,
474.726893,2026-03-10 17:50:35.090,ARDUINO_PSI,Arduino,0.000,0.000,12.968,,
474.828895,2026-03-10 17:50:35.192,ARDUINO_PSI,Arduino,0.000,0.000,12.970,,
474.927971,2026-03-10 17:50:35.291,ARDUINO_PSI,Arduino,0.000,0.000,12.975,,
475.027359,2026-03-10 17:50:35.390,ARDUINO_PSI,Arduino,0.000,0.000,12.977,,
475.128029,2026-03-10 17:50:35.491,ARDUINO_PSI,Arduino,0.000,0.000,12.989,,
475.227461,2026-03-10 17:50:35.590,ARDUINO_PSI,Arduino,0.000,0.000,12.995,,
475.327609,2026-03-10 17:50:35.691,ARDUINO_PSI,Arduino,0.000,0.000,13.011,,
475.428429,2026-03-10 17:50:35.791,ARDUINO_PSI,Arduino,0.000,0.000,13.000,,
475.528392,2026-03-10 17:50:35.891,ARDUINO_PSI,Arduino,0.000,0.000,13.000,,
475.628155,2026-03-10 17:50:35.991,ARDUINO_PSI,Arduino,0.000,0.000,13.007,,
475.727505,2026-03-10 17:50:36.090,ARDUINO_PSI,Arduino,0.000,0.000,13.009,,
475.828475,2026-03-10 17:50:36.191,ARDUINO_PSI,Arduino,0.000,0.000,13.011,,
475.927678,2026-03-10 17:50:36.291,ARDUINO_PSI,Arduino,0.000,0.000,13.000,,
476.027381,2026-03-10 17:50:36.390,ARDUINO_PSI,Arduino,0.000,0.000,12.998,,
476.128034,2026-03-10 17:50:36.491,ARDUINO_PSI,Arduino,0.000,0.000,13.000,,
476.227033,2026-03-10 17:50:36.590,ARDUINO_PSI,Arduino,0.000,0.000,13.002,,
476.327812,2026-03-10 17:50:36.691,ARDUINO_PSI,Arduino,0.000,0.000,13.005,,
476.427505,2026-03-10 17:50:36.790,ARDUINO_PSI,Arduino,0.000,0.000,13.002,,
476.527749,2026-03-10 17:50:36.891,ARDUINO_PSI,Arduino,0.000,0.000,13.011,,
476.628347,2026-03-10 17:50:36.991,ARDUINO_PSI,Arduino,0.000,0.000,13.005,,
476.727846,2026-03-10 17:50:37.091,ARDUINO_PSI,Arduino,0.000,0.000,13.000,,
476.827987,2026-03-10 17:50:37.191,ARDUINO_PSI,Arduino,0.000,0.000,12.998,,
476.927404,2026-03-10 17:50:37.290,ARDUINO_PSI,Arduino,0.000,0.000,12.993,,
477.027430,2026-03-10 17:50:37.390,ARDUINO_PSI,Arduino,0.000,0.000,13.000,,
477.127327,2026-03-10 17:50:37.490,ARDUINO_PSI,Arduino,0.000,0.000,12.998,,
477.228103,2026-03-10 17:50:37.591,ARDUINO_PSI,Arduino,0.000,0.000,12.991,,
477.327327,2026-03-10 17:50:37.690,ARDUINO_PSI,Arduino,0.000,0.000,12.982,,
477.428394,2026-03-10 17:50:37.791,ARDUINO_PSI,Arduino,0.000,0.000,12.977,,
477.526887,2026-03-10 17:50:37.890,ARDUINO_PSI,Arduino,0.000,0.000,12.995,,
477.627370,2026-03-10 17:50:37.990,ARDUINO_PSI,Arduino,0.000,0.000,12.998,,
477.727151,2026-03-10 17:50:38.090,ARDUINO_PSI,Arduino,0.000,0.000,13.005,,
477.826871,2026-03-10 17:50:38.190,ARDUINO_PSI,Arduino,0.000,0.000,13.000,,
477.927536,2026-03-10 17:50:38.290,ARDUINO_PSI,Arduino,0.000,0.000,13.011,,
478.027437,2026-03-10 17:50:38.390,ARDUINO_PSI,Arduino,0.000,0.000,13.016,,
478.127597,2026-03-10 17:50:38.491,ARDUINO_PSI,Arduino,0.000,0.000,13.011,,
478.227518,2026-03-10 17:50:38.590,ARDUINO_PSI,Arduino,0.000,0.000,13.009,,
478.328988,2026-03-10 17:50:38.692,ARDUINO_PSI,Arduino,0.000,0.000,13.007,,
478.427496,2026-03-10 17:50:38.790,ARDUINO_PSI,Arduino,0.000,0.000,12.998,,
478.527467,2026-03-10 17:50:38.890,ARDUINO_PSI,Arduino,0.000,0.000,12.993,,
478.627458,2026-03-10 17:50:38.990,ARDUINO_PSI,Arduino,0.000,0.000,13.002,,
478.728045,2026-03-10 17:50:39.091,ARDUINO_PSI,Arduino,0.000,0.000,13.002,,
478.827984,2026-03-10 17:50:39.191,ARDUINO_PSI,Arduino,0.000,0.000,12.998,,
478.927311,2026-03-10 17:50:39.290,ARDUINO_PSI,Arduino,0.000,0.000,13.009,,
479.027901,2026-03-10 17:50:39.391,ARDUINO_PSI,Arduino,0.000,0.000,13.002,,
479.127134,2026-03-10 17:50:39.490,ARDUINO_PSI,Arduino,0.000,0.000,13.005,,
479.227220,2026-03-10 17:50:39.590,ARDUINO_PSI,Arduino,0.000,0.000,13.000,,
479.328591,2026-03-10 17:50:39.692,ARDUINO_PSI,Arduino,0.000,0.000,13.002,,
479.427295,2026-03-10 17:50:39.790,ARDUINO_PSI,Arduino,0.000,0.000,13.009,,
479.529059,2026-03-10 17:50:39.892,ARDUINO_PSI,Arduino,0.000,0.000,12.989,,
479.627338,2026-03-10 17:50:39.990,ARDUINO_PSI,Arduino,0.000,0.000,12.986,,
479.727510,2026-03-10 17:50:40.090,ARDUINO_PSI,Arduino,0.000,0.000,12.984,,
479.827500,2026-03-10 17:50:40.190,ARDUINO_PSI,Arduino,0.000,0.000,12.991,,
479.927355,2026-03-10 17:50:40.290,ARDUINO_PSI,Arduino,0.000,0.000,12.984,,
480.027691,2026-03-10 17:50:40.391,ARDUINO_PSI,Arduino,0.000,0.000,12.982,,
480.127400,2026-03-10 17:50:40.490,ARDUINO_PSI,Arduino,0.000,0.000,12.986,,
480.228765,2026-03-10 17:50:40.592,ARDUINO_PSI,Arduino,0.000,0.000,12.984,,
480.326932,2026-03-10 17:50:40.690,ARDUINO_PSI,Arduino,0.000,0.000,12.975,,
480.428933,2026-03-10 17:50:40.792,ARDUINO_PSI,Arduino,0.000,0.000,12.977,,
480.528042,2026-03-10 17:50:40.891,ARDUINO_PSI,Arduino,0.000,0.000,12.984,,
480.627353,2026-03-10 17:50:40.990,ARDUINO_PSI,Arduino,0.000,0.000,12.989,,
480.728324,2026-03-10 17:50:41.091,ARDUINO_PSI,Arduino,0.000,0.000,12.993,,
480.827295,2026-03-10 17:50:41.190,ARDUINO_PSI,Arduino,0.000,0.000,12.998,,
480.928355,2026-03-10 17:50:41.291,ARDUINO_PSI,Arduino,0.000,0.000,13.002,,
481.027425,2026-03-10 17:50:41.390,ARDUINO_PSI,Arduino,0.000,0.000,13.005,,
481.127480,2026-03-10 17:50:41.490,ARDUINO_PSI,Arduino,0.000,0.000,13.005,,
481.227571,2026-03-10 17:50:41.591,ARDUINO_PSI,Arduino,0.000,0.000,13.005,,
481.328765,2026-03-10 17:50:41.692,ARDUINO_PSI,Arduino,0.000,0.000,12.998,,
481.427803,2026-03-10 17:50:41.791,ARDUINO_PSI,Arduino,0.000,0.000,13.000,,
481.528264,2026-03-10 17:50:41.891,ARDUINO_PSI,Arduino,0.000,0.000,13.011,,
481.627467,2026-03-10 17:50:41.990,ARDUINO_PSI,Arduino,0.000,0.000,13.011,,
481.727360,2026-03-10 17:50:42.090,ARDUINO_PSI,Arduino,0.000,0.000,13.000,,
481.827451,2026-03-10 17:50:42.190,ARDUINO_PSI,Arduino,0.000,0.000,13.007,,
481.928564,2026-03-10 17:50:42.292,ARDUINO_PSI,Arduino,0.000,0.000,13.011,,
482.027789,2026-03-10 17:50:42.391,ARDUINO_PSI,Arduino,0.000,0.000,13.000,,
482.127359,2026-03-10 17:50:42.490,ARDUINO_PSI,Arduino,0.000,0.000,12.998,,
482.227554,2026-03-10 17:50:42.591,ARDUINO_PSI,Arduino,0.000,0.000,13.002,,
482.327505,2026-03-10 17:50:42.690,ARDUINO_PSI,Arduino,0.000,0.000,13.002,,
482.427951,2026-03-10 17:50:42.791,ARDUINO_PSI,Arduino,0.000,0.000,12.998,,
482.527431,2026-03-10 17:50:42.890,ARDUINO_PSI,Arduino,0.000,0.000,12.991,,
482.627364,2026-03-10 17:50:42.990,ARDUINO_PSI,Arduino,0.000,0.000,12.982,,
482.728297,2026-03-10 17:50:43.091,ARDUINO_PSI,Arduino,0.000,0.000,12.975,,
482.828117,2026-03-10 17:50:43.191,ARDUINO_PSI,Arduino,0.000,0.000,12.979,,
482.927574,2026-03-10 17:50:43.291,ARDUINO_PSI,Arduino,0.000,0.000,12.961,,
483.027472,2026-03-10 17:50:43.390,ARDUINO_PSI,Arduino,0.000,0.000,12.957,,
483.127585,2026-03-10 17:50:43.491,ARDUINO_PSI,Arduino,0.000,0.000,12.957,,
483.227565,2026-03-10 17:50:43.591,ARDUINO_PSI,Arduino,0.000,0.000,12.957,,
483.328760,2026-03-10 17:50:43.692,ARDUINO_PSI,Arduino,0.000,0.000,12.968,,
483.428032,2026-03-10 17:50:43.791,ARDUINO_PSI,Arduino,0.000,0.000,12.961,,
483.527716,2026-03-10 17:50:43.891,ARDUINO_PSI,Arduino,0.000,0.000,12.961,,
483.627438,2026-03-10 17:50:43.990,ARDUINO_PSI,Arduino,0.000,0.000,12.952,,
483.727820,2026-03-10 17:50:44.091,ARDUINO_PSI,Arduino,0.000,0.000,12.957,,
483.827850,2026-03-10 17:50:44.191,ARDUINO_PSI,Arduino,0.000,0.000,12.945,,
483.927311,2026-03-10 17:50:44.290,ARDUINO_PSI,Arduino,0.000,0.000,12.947,,
484.028576,2026-03-10 17:50:44.392,ARDUINO_PSI,Arduino,0.000,0.000,12.966,,
484.127380,2026-03-10 17:50:44.490,ARDUINO_PSI,Arduino,0.000,0.000,12.959,,
484.227383,2026-03-10 17:50:44.590,ARDUINO_PSI,Arduino,0.000,0.000,12.959,,
484.328439,2026-03-10 17:50:44.691,ARDUINO_PSI,Arduino,0.000,0.000,12.966,,
484.427482,2026-03-10 17:50:44.790,ARDUINO_PSI,Arduino,0.000,0.000,12.968,,
484.527306,2026-03-10 17:50:44.890,ARDUINO_PSI,Arduino,0.000,0.000,12.970,,
484.627826,2026-03-10 17:50:44.991,ARDUINO_PSI,Arduino,0.000,0.000,12.973,,
484.728166,2026-03-10 17:50:45.091,ARDUINO_PSI,Arduino,0.000,0.000,12.963,,
484.827376,2026-03-10 17:50:45.190,ARDUINO_PSI,Arduino,0.000,0.000,12.959,,
484.928703,2026-03-10 17:50:45.292,ARDUINO_PSI,Arduino,0.000,0.000,12.963,,
485.028539,2026-03-10 17:50:45.391,ARDUINO_PSI,Arduino,0.000,0.000,12.963,,
485.127589,2026-03-10 17:50:45.491,ARDUINO_PSI,Arduino,0.000,0.000,12.966,,
485.227934,2026-03-10 17:50:45.591,ARDUINO_PSI,Arduino,0.000,0.000,12.968,,
485.327857,2026-03-10 17:50:45.691,ARDUINO_PSI,Arduino,0.000,0.000,12.968,,
485.427349,2026-03-10 17:50:45.790,ARDUINO_PSI,Arduino,0.000,0.000,12.977,,
485.526984,2026-03-10 17:50:45.890,ARDUINO_PSI,Arduino,0.000,0.000,12.973,,
485.627300,2026-03-10 17:50:45.990,ARDUINO_PSI,Arduino,0.000,0.000,12.973,,
485.727463,2026-03-10 17:50:46.090,ARDUINO_PSI,Arduino,0.000,0.000,12.970,,
485.827538,2026-03-10 17:50:46.190,ARDUINO_PSI,Arduino,0.000,0.000,12.968,,
485.927720,2026-03-10 17:50:46.291,ARDUINO_PSI,Arduino,0.000,0.000,12.968,,
486.028465,2026-03-10 17:50:46.391,ARDUINO_PSI,Arduino,0.000,0.000,12.950,,
486.127343,2026-03-10 17:50:46.490,ARDUINO_PSI,Arduino,0.000,0.000,12.957,,
486.228340,2026-03-10 17:50:46.591,ARDUINO_PSI,Arduino,0.000,0.000,12.954,,
486.327586,2026-03-10 17:50:46.691,ARDUINO_PSI,Arduino,0.000,0.000,12.954,,
486.427420,2026-03-10 17:50:46.790,ARDUINO_PSI,Arduino,0.000,0.000,12.966,,
486.528712,2026-03-10 17:50:46.892,ARDUINO_PSI,Arduino,0.000,0.000,12.966,,
486.628087,2026-03-10 17:50:46.991,ARDUINO_PSI,Arduino,0.000,0.000,12.963,,
486.728544,2026-03-10 17:50:47.091,ARDUINO_PSI,Arduino,0.000,0.000,12.982,,
486.828634,2026-03-10 17:50:47.192,ARDUINO_PSI,Arduino,0.000,0.000,12.979,,
486.927884,2026-03-10 17:50:47.291,ARDUINO_PSI,Arduino,0.000,0.000,12.982,,
487.029058,2026-03-10 17:50:47.392,ARDUINO_PSI,Arduino,0.000,0.000,12.982,,
487.127319,2026-03-10 17:50:47.490,ARDUINO_PSI,Arduino,0.000,0.000,12.984,,
487.228194,2026-03-10 17:50:47.591,ARDUINO_PSI,Arduino,0.000,0.000,12.986,,
487.327486,2026-03-10 17:50:47.690,ARDUINO_PSI,Arduino,0.000,0.000,12.979,,
487.428612,2026-03-10 17:50:47.792,ARDUINO_PSI,Arduino,0.000,0.000,12.968,,
487.527537,2026-03-10 17:50:47.890,ARDUINO_PSI,Arduino,0.000,0.000,12.968,,
487.627791,2026-03-10 17:50:47.991,ARDUINO_PSI,Arduino,0.000,0.000,12.963,,
487.728155,2026-03-10 17:50:48.091,ARDUINO_PSI,Arduino,0.000,0.000,12.966,,
487.827238,2026-03-10 17:50:48.190,ARDUINO_PSI,Arduino,0.000,0.000,12.963,,
487.928207,2026-03-10 17:50:48.291,ARDUINO_PSI,Arduino,0.000,0.000,12.954,,
488.028204,2026-03-10 17:50:48.391,ARDUINO_PSI,Arduino,0.000,0.000,12.961,,
488.128296,2026-03-10 17:50:48.491,ARDUINO_PSI,Arduino,0.000,0.000,12.952,,
488.228182,2026-03-10 17:50:48.591,ARDUINO_PSI,Arduino,0.000,0.000,12.963,,
488.326918,2026-03-10 17:50:48.690,ARDUINO_PSI,Arduino,0.000,0.000,12.961,,
488.427505,2026-03-10 17:50:48.790,ARDUINO_PSI,Arduino,0.000,0.000,12.952,,
488.528231,2026-03-10 17:50:48.891,ARDUINO_PSI,Arduino,0.000,0.000,12.957,,
488.627994,2026-03-10 17:50:48.991,ARDUINO_PSI,Arduino,0.000,0.000,12.959,,
488.728711,2026-03-10 17:50:49.092,ARDUINO_PSI,Arduino,0.000,0.000,12.952,,
488.827281,2026-03-10 17:50:49.190,ARDUINO_PSI,Arduino,0.000,0.000,12.952,,
488.927851,2026-03-10 17:50:49.291,ARDUINO_PSI,Arduino,0.000,0.000,12.961,,
489.027345,2026-03-10 17:50:49.390,ARDUINO_PSI,Arduino,0.000,0.000,12.959,,
489.128416,2026-03-10 17:50:49.491,ARDUINO_PSI,Arduino,0.000,0.000,12.950,,
489.227320,2026-03-10 17:50:49.590,ARDUINO_PSI,Arduino,0.000,0.000,12.945,,
489.327377,2026-03-10 17:50:49.690,ARDUINO_PSI,Arduino,0.000,0.000,12.950,,
489.426854,2026-03-10 17:50:49.790,ARDUINO_PSI,Arduino,0.000,0.000,12.961,,
489.527255,2026-03-10 17:50:49.890,ARDUINO_PSI,Arduino,0.000,0.000,12.961,,
489.627442,2026-03-10 17:50:49.990,ARDUINO_PSI,Arduino,0.000,0.000,12.970,,
489.727437,2026-03-10 17:50:50.090,ARDUINO_PSI,Arduino,0.000,0.000,12.979,,
489.827744,2026-03-10 17:50:50.191,ARDUINO_PSI,Arduino,0.000,0.000,12.982,,
489.926993,2026-03-10 17:50:50.290,ARDUINO_PSI,Arduino,0.000,0.000,12.989,,
490.027418,2026-03-10 17:50:50.390,ARDUINO_PSI,Arduino,0.000,0.000,12.995,,
490.127602,2026-03-10 17:50:50.491,ARDUINO_PSI,Arduino,0.000,0.000,13.016,,
490.228265,2026-03-10 17:50:50.591,ARDUINO_PSI,Arduino,0.000,0.000,13.005,,
490.327660,2026-03-10 17:50:50.691,ARDUINO_PSI,Arduino,0.000,0.000,13.005,,
490.427518,2026-03-10 17:50:50.790,ARDUINO_PSI,Arduino,0.000,0.000,13.007,,
490.527418,2026-03-10 17:50:50.890,ARDUINO_PSI,Arduino,0.000,0.000,13.005,,
490.627432,2026-03-10 17:50:50.990,ARDUINO_PSI,Arduino,0.000,0.000,13.009,,
490.727128,2026-03-10 17:50:51.090,ARDUINO_PSI,Arduino,0.000,0.000,13.000,,
490.828356,2026-03-10 17:50:51.191,ARDUINO_PSI,Arduino,0.000,0.000,13.005,,
490.926953,2026-03-10 17:50:51.290,ARDUINO_PSI,Arduino,0.000,0.000,12.993,,
491.028788,2026-03-10 17:50:51.392,ARDUINO_PSI,Arduino,0.000,0.000,12.998,,
491.127357,2026-03-10 17:50:51.490,ARDUINO_PSI,Arduino,0.000,0.000,13.005,,
491.227447,2026-03-10 17:50:51.590,ARDUINO_PSI,Arduino,0.000,0.000,13.000,,
491.327389,2026-03-10 17:50:51.690,ARDUINO_PSI,Arduino,0.000,0.000,13.002,,
491.427147,2026-03-10 17:50:51.790,ARDUINO_PSI,Arduino,0.000,0.000,12.998,,
491.527093,2026-03-10 17:50:51.890,ARDUINO_PSI,Arduino,0.000,0.000,12.989,,
491.627551,2026-03-10 17:50:51.991,ARDUINO_PSI,Arduino,0.000,0.000,12.982,,
491.727333,2026-03-10 17:50:52.090,ARDUINO_PSI,Arduino,0.000,0.000,12.986,,
491.827460,2026-03-10 17:50:52.190,ARDUINO_PSI,Arduino,0.000,0.000,12.995,,
491.927874,2026-03-10 17:50:52.291,ARDUINO_PSI,Arduino,0.000,0.000,13.005,,
492.027079,2026-03-10 17:50:52.390,ARDUINO_PSI,Arduino,0.000,0.000,12.993,,
492.127113,2026-03-10 17:50:52.490,ARDUINO_PSI,Arduino,0.000,0.000,12.982,,
492.227356,2026-03-10 17:50:52.590,ARDUINO_PSI,Arduino,0.000,0.000,12.986,,
492.327405,2026-03-10 17:50:52.690,ARDUINO_PSI,Arduino,0.000,0.000,12.998,,
492.426968,2026-03-10 17:50:52.790,ARDUINO_PSI,Arduino,0.000,0.000,13.000,,
492.527805,2026-03-10 17:50:52.891,ARDUINO_PSI,Arduino,0.000,0.000,13.007,,
492.627490,2026-03-10 17:50:52.990,ARDUINO_PSI,Arduino,0.000,0.000,13.002,,
492.727156,2026-03-10 17:50:53.090,ARDUINO_PSI,Arduino,0.000,0.000,13.009,,
492.827719,2026-03-10 17:50:53.191,ARDUINO_PSI,Arduino,0.000,0.000,13.007,,
492.928378,2026-03-10 17:50:53.291,ARDUINO_PSI,Arduino,0.000,0.000,13.018,,
493.029579,2026-03-10 17:50:53.393,ARDUINO_PSI,Arduino,0.000,0.000,13.014,,
493.127199,2026-03-10 17:50:53.490,ARDUINO_PSI,Arduino,0.000,0.000,13.016,,
493.227325,2026-03-10 17:50:53.590,ARDUINO_PSI,Arduino,0.000,0.000,13.018,,
493.326888,2026-03-10 17:50:53.690,ARDUINO_PSI,Arduino,0.000,0.000,13.018,,
493.427444,2026-03-10 17:50:53.790,ARDUINO_PSI,Arduino,0.000,0.000,13.021,,
493.527575,2026-03-10 17:50:53.891,ARDUINO_PSI,Arduino,0.000,0.000,13.025,,
493.627093,2026-03-10 17:50:53.990,ARDUINO_PSI,Arduino,0.000,0.000,13.027,,
493.728225,2026-03-10 17:50:54.091,ARDUINO_PSI,Arduino,0.000,0.000,13.009,,
493.827038,2026-03-10 17:50:54.190,ARDUINO_PSI,Arduino,0.000,0.000,13.007,,
493.927333,2026-03-10 17:50:54.290,ARDUINO_PSI,Arduino,0.000,0.000,13.000,,
494.028790,2026-03-10 17:50:54.392,ARDUINO_PSI,Arduino,0.000,0.000,12.995,,
494.127736,2026-03-10 17:50:54.491,ARDUINO_PSI,Arduino,0.000,0.000,12.993,,
494.227708,2026-03-10 17:50:54.591,ARDUINO_PSI,Arduino,0.000,0.000,12.982,,
494.328333,2026-03-10 17:50:54.691,ARDUINO_PSI,Arduino,0.000,0.000,12.961,,
494.427146,2026-03-10 17:50:54.790,ARDUINO_PSI,Arduino,0.000,0.000,12.957,,
494.528610,2026-03-10 17:50:54.892,ARDUINO_PSI,Arduino,0.000,0.000,12.957,,
494.628262,2026-03-10 17:50:54.991,ARDUINO_PSI,Arduino,0.000,0.000,12.966,,
494.727302,2026-03-10 17:50:55.090,ARDUINO_PSI,Arduino,0.000,0.000,12.973,,
494.827409,2026-03-10 17:50:55.190,ARDUINO_PSI,Arduino,0.000,0.000,12.975,,
494.928255,2026-03-10 17:50:55.291,ARDUINO_PSI,Arduino,0.000,0.000,12.968,,
495.027217,2026-03-10 17:50:55.390,ARDUINO_PSI,Arduino,0.000,0.000,12.968,,
495.128036,2026-03-10 17:50:55.491,ARDUINO_PSI,Arduino,0.000,0.000,12.954,,
495.227576,2026-03-10 17:50:55.591,ARDUINO_PSI,Arduino,0.000,0.000,12.945,,
495.327255,2026-03-10 17:50:55.690,ARDUINO_PSI,Arduino,0.000,0.000,12.941,,
495.427127,2026-03-10 17:50:55.790,ARDUINO_PSI,Arduino,0.000,0.000,12.938,,
495.527349,2026-03-10 17:50:55.890,ARDUINO_PSI,Arduino,0.000,0.000,12.947,,
495.627130,2026-03-10 17:50:55.990,ARDUINO_PSI,Arduino,0.000,0.000,12.943,,
495.726925,2026-03-10 17:50:56.090,ARDUINO_PSI,Arduino,0.000,0.000,12.954,,
495.826780,2026-03-10 17:50:56.190,ARDUINO_PSI,Arduino,0.000,0.000,12.941,,
495.927257,2026-03-10 17:50:56.290,ARDUINO_PSI,Arduino,0.000,0.000,12.941,,
496.028848,2026-03-10 17:50:56.392,ARDUINO_PSI,Arduino,0.000,0.000,12.947,,
496.127383,2026-03-10 17:50:56.490,ARDUINO_PSI,Arduino,0.000,0.000,12.945,,
496.227474,2026-03-10 17:50:56.590,ARDUINO_PSI,Arduino,0.000,0.000,12.954,,
496.326832,2026-03-10 17:50:56.690,ARDUINO_PSI,Arduino,0.000,0.000,12.961,,
496.427101,2026-03-10 17:50:56.790,ARDUINO_PSI,Arduino,0.000,0.000,12.963,,
496.528980,2026-03-10 17:50:56.892,ARDUINO_PSI,Arduino,0.000,0.000,12.959,,
496.628260,2026-03-10 17:50:56.991,ARDUINO_PSI,Arduino,0.000,0.000,12.952,,
496.727370,2026-03-10 17:50:57.090,ARDUINO_PSI,Arduino,0.000,0.000,12.941,,
496.826989,2026-03-10 17:50:57.190,ARDUINO_PSI,Arduino,0.000,0.000,12.934,,
496.927213,2026-03-10 17:50:57.290,ARDUINO_PSI,Arduino,0.000,0.000,12.938,,
497.028617,2026-03-10 17:50:57.392,ARDUINO_PSI,Arduino,0.000,0.000,12.947,,
497.127034,2026-03-10 17:50:57.490,ARDUINO_PSI,Arduino,0.000,0.000,12.957,,
497.227630,2026-03-10 17:50:57.591,ARDUINO_PSI,Arduino,0.000,0.000,12.966,,
497.327455,2026-03-10 17:50:57.690,ARDUINO_PSI,Arduino,0.000,0.000,12.966,,
497.427385,2026-03-10 17:50:57.790,ARDUINO_PSI,Arduino,0.000,0.000,12.975,,
497.529134,2026-03-10 17:50:57.892,ARDUINO_PSI,Arduino,0.000,0.000,12.968,,
497.627278,2026-03-10 17:50:57.990,ARDUINO_PSI,Arduino,0.000,0.000,12.970,,
497.727558,2026-03-10 17:50:58.091,ARDUINO_PSI,Arduino,0.000,0.000,12.977,,
497.827483,2026-03-10 17:50:58.190,ARDUINO_PSI,Arduino,0.000,0.000,12.986,,
497.927452,2026-03-10 17:50:58.290,ARDUINO_PSI,Arduino,0.000,0.000,12.979,,
498.029764,2026-03-10 17:50:58.393,ARDUINO_PSI,Arduino,0.000,0.000,12.993,,
498.127022,2026-03-10 17:50:58.490,ARDUINO_PSI,Arduino,0.000,0.000,13.005,,
498.227534,2026-03-10 17:50:58.590,ARDUINO_PSI,Arduino,0.000,0.000,12.998,,
498.327652,2026-03-10 17:50:58.691,ARDUINO_PSI,Arduino,0.000,0.000,13.002,,
498.427407,2026-03-10 17:50:58.790,ARDUINO_PSI,Arduino,0.000,0.000,12.998,,
498.526924,2026-03-10 17:50:58.890,ARDUINO_PSI,Arduino,0.000,0.000,12.998,,
498.627309,2026-03-10 17:50:58.990,ARDUINO_PSI,Arduino,0.000,0.000,12.998,,
498.727302,2026-03-10 17:50:59.090,ARDUINO_PSI,Arduino,0.000,0.000,12.998,,
498.827318,2026-03-10 17:50:59.190,ARDUINO_PSI,Arduino,0.000,0.000,13.007,,
498.927319,2026-03-10 17:50:59.290,ARDUINO_PSI,Arduino,0.000,0.000,13.007,,
499.028053,2026-03-10 17:50:59.391,ARDUINO_PSI,Arduino,0.000,0.000,12.995,,
499.127088,2026-03-10 17:50:59.490,ARDUINO_PSI,Arduino,0.000,0.000,12.995,,
499.227042,2026-03-10 17:50:59.590,ARDUINO_PSI,Arduino,0.000,0.000,12.991,,
499.327469,2026-03-10 17:50:59.690,ARDUINO_PSI,Arduino,0.000,0.000,12.993,,
499.428707,2026-03-10 17:50:59.792,ARDUINO_PSI,Arduino,0.000,0.000,12.991,,
499.530277,2026-03-10 17:50:59.893,ARDUINO_PSI,Arduino,0.000,0.000,12.993,,
499.627334,2026-03-10 17:50:59.990,ARDUINO_PSI,Arduino,0.000,0.000,12.998,,
499.728966,2026-03-10 17:51:00.092,ARDUINO_PSI,Arduino,0.000,0.000,12.995,,
499.826984,2026-03-10 17:51:00.190,ARDUINO_PSI,Arduino,0.000,0.000,12.998,,
499.927958,2026-03-10 17:51:00.291,ARDUINO_PSI,Arduino,0.000,0.000,13.005,,
500.028460,2026-03-10 17:51:00.391,ARDUINO_PSI,Arduino,0.000,0.000,12.986,,
500.127182,2026-03-10 17:51:00.490,ARDUINO_PSI,Arduino,0.000,0.000,12.970,,
500.227052,2026-03-10 17:51:00.590,ARDUINO_PSI,Arduino,0.000,0.000,12.970,,
500.327234,2026-03-10 17:51:00.690,ARDUINO_PSI,Arduino,0.000,0.000,12.966,,
500.427460,2026-03-10 17:51:00.790,ARDUINO_PSI,Arduino,0.000,0.000,12.973,,
500.530026,2026-03-10 17:51:00.893,ARDUINO_PSI,Arduino,0.000,0.000,12.970,,
500.627258,2026-03-10 17:51:00.990,ARDUINO_PSI,Arduino,0.000,0.000,12.961,,
500.727166,2026-03-10 17:51:01.090,ARDUINO_PSI,Arduino,0.000,0.000,12.952,,
500.827336,2026-03-10 17:51:01.190,ARDUINO_PSI,Arduino,0.000,0.000,12.943,,
500.927305,2026-03-10 17:51:01.290,ARDUINO_PSI,Arduino,0.000,0.000,12.945,,
501.028969,2026-03-10 17:51:01.392,ARDUINO_PSI,Arduino,0.000,0.000,12.952,,
501.126874,2026-03-10 17:51:01.490,ARDUINO_PSI,Arduino,0.000,0.000,12.952,,
501.228154,2026-03-10 17:51:01.591,ARDUINO_PSI,Arduino,0.000,0.000,12.959,,
501.327156,2026-03-10 17:51:01.690,ARDUINO_PSI,Arduino,0.000,0.000,12.957,,
501.427383,2026-03-10 17:51:01.790,ARDUINO_PSI,Arduino,0.000,0.000,12.952,,
501.529895,2026-03-10 17:51:01.893,ARDUINO_PSI,Arduino,0.000,0.000,12.957,,
501.627456,2026-03-10 17:51:01.990,ARDUINO_PSI,Arduino,0.000,0.000,12.966,,
501.728679,2026-03-10 17:51:02.092,ARDUINO_PSI,Arduino,0.000,0.000,12.954,,
501.827190,2026-03-10 17:51:02.190,ARDUINO_PSI,Arduino,0.000,0.000,12.943,,
501.927082,2026-03-10 17:51:02.290,ARDUINO_PSI,Arduino,0.000,0.000,12.945,,
502.028953,2026-03-10 17:51:02.392,ARDUINO_PSI,Arduino,0.000,0.000,12.957,,
502.127078,2026-03-10 17:51:02.490,ARDUINO_PSI,Arduino,0.000,0.000,12.963,,
502.228573,2026-03-10 17:51:02.592,ARDUINO_PSI,Arduino,0.000,0.000,12.968,,
502.326832,2026-03-10 17:51:02.690,ARDUINO_PSI,Arduino,0.000,0.000,12.973,,
502.427389,2026-03-10 17:51:02.790,ARDUINO_PSI,Arduino,0.000,0.000,12.968,,
502.529463,2026-03-10 17:51:02.892,ARDUINO_PSI,Arduino,0.000,0.000,12.970,,
502.627537,2026-03-10 17:51:02.990,ARDUINO_PSI,Arduino,0.000,0.000,12.975,,
502.727483,2026-03-10 17:51:03.090,ARDUINO_PSI,Arduino,0.000,0.000,12.982,,
502.827037,2026-03-10 17:51:03.190,ARDUINO_PSI,Arduino,0.000,0.000,12.986,,
502.927125,2026-03-10 17:51:03.290,ARDUINO_PSI,Arduino,0.000,0.000,12.970,,
503.029888,2026-03-10 17:51:03.393,ARDUINO_PSI,Arduino,0.000,0.000,12.970,,
503.127318,2026-03-10 17:51:03.490,ARDUINO_PSI,Arduino,0.000,0.000,12.968,,
503.227281,2026-03-10 17:51:03.590,ARDUINO_PSI,Arduino,0.000,0.000,12.973,,
503.327512,2026-03-10 17:51:03.690,ARDUINO_PSI,Arduino,0.000,0.000,12.966,,
503.427068,2026-03-10 17:51:03.790,ARDUINO_PSI,Arduino,0.000,0.000,12.961,,
503.529565,2026-03-10 17:51:03.893,ARDUINO_PSI,Arduino,0.000,0.000,12.950,,
503.627105,2026-03-10 17:51:03.990,ARDUINO_PSI,Arduino,0.000,0.000,12.929,,
503.727028,2026-03-10 17:51:04.090,ARDUINO_PSI,Arduino,0.000,0.000,12.938,,
503.828185,2026-03-10 17:51:04.191,ARDUINO_PSI,Arduino,0.000,0.000,12.945,,
503.927401,2026-03-10 17:51:04.290,ARDUINO_PSI,Arduino,0.000,0.000,12.950,,
504.029670,2026-03-10 17:51:04.393,ARDUINO_PSI,Arduino,0.000,0.000,12.947,,
504.127614,2026-03-10 17:51:04.491,ARDUINO_PSI,Arduino,0.000,0.000,12.945,,
504.227447,2026-03-10 17:51:04.590,ARDUINO_PSI,Arduino,0.000,0.000,12.947,,
504.326841,2026-03-10 17:51:04.690,ARDUINO_PSI,Arduino,0.000,0.000,12.947,,
504.427082,2026-03-10 17:51:04.790,ARDUINO_PSI,Arduino,0.000,0.000,12.945,,
504.528307,2026-03-10 17:51:04.891,ARDUINO_PSI,Arduino,0.000,0.000,12.947,,
504.628143,2026-03-10 17:51:04.991,ARDUINO_PSI,Arduino,0.000,0.000,12.952,,
504.728320,2026-03-10 17:51:05.091,ARDUINO_PSI,Arduino,0.000,0.000,12.952,,
504.827685,2026-03-10 17:51:05.191,ARDUINO_PSI,Arduino,0.000,0.000,12.959,,
504.927057,2026-03-10 17:51:05.290,ARDUINO_PSI,Arduino,0.000,0.000,12.961,,
505.027382,2026-03-10 17:51:05.390,ARDUINO_PSI,Arduino,0.000,0.000,12.954,,
505.127148,2026-03-10 17:51:05.490,ARDUINO_PSI,Arduino,0.000,0.000,12.957,,
505.228384,2026-03-10 17:51:05.591,ARDUINO_PSI,Arduino,0.000,0.000,12.954,,
505.327449,2026-03-10 17:51:05.690,ARDUINO_PSI,Arduino,0.000,0.000,12.961,,
505.426831,2026-03-10 17:51:05.790,ARDUINO_PSI,Arduino,0.000,0.000,12.970,,
505.530625,2026-03-10 17:51:05.894,ARDUINO_PSI,Arduino,0.000,0.000,12.984,,
505.627093,2026-03-10 17:51:05.990,ARDUINO_PSI,Arduino,0.000,0.000,13.000,,
505.728655,2026-03-10 17:51:06.092,ARDUINO_PSI,Arduino,0.000,0.000,12.989,,
505.827097,2026-03-10 17:51:06.190,ARDUINO_PSI,Arduino,0.000,0.000,12.993,,
505.927695,2026-03-10 17:51:06.291,ARDUINO_PSI,Arduino,0.000,0.000,12.989,,
506.029924,2026-03-10 17:51:06.393,ARDUINO_PSI,Arduino,0.000,0.000,12.984,,
506.127388,2026-03-10 17:51:06.490,ARDUINO_PSI,Arduino,0.000,0.000,12.986,,
506.227723,2026-03-10 17:51:06.591,ARDUINO_PSI,Arduino,0.000,0.000,12.982,,
506.327624,2026-03-10 17:51:06.691,ARDUINO_PSI,Arduino,0.000,0.000,12.973,,
506.427430,2026-03-10 17:51:06.790,ARDUINO_PSI,Arduino,0.000,0.000,12.970,,
506.527248,2026-03-10 17:51:06.890,ARDUINO_PSI,Arduino,0.000,0.000,12.961,,
506.628744,2026-03-10 17:51:06.992,ARDUINO_PSI,Arduino,0.000,0.000,12.966,,
506.727205,2026-03-10 17:51:07.090,ARDUINO_PSI,Arduino,0.000,0.000,12.968,,
506.828931,2026-03-10 17:51:07.192,ARDUINO_PSI,Arduino,0.000,0.000,12.963,,
506.927200,2026-03-10 17:51:07.290,ARDUINO_PSI,Arduino,0.000,0.000,12.975,,
507.027147,2026-03-10 17:51:07.390,ARDUINO_PSI,Arduino,0.000,0.000,12.984,,
507.128003,2026-03-10 17:51:07.491,ARDUINO_PSI,Arduino,0.000,0.000,12.991,,
507.227105,2026-03-10 17:51:07.590,ARDUINO_PSI,Arduino,0.000,0.000,12.991,,
507.327626,2026-03-10 17:51:07.691,ARDUINO_PSI,Arduino,0.000,0.000,12.982,,
507.427312,2026-03-10 17:51:07.790,ARDUINO_PSI,Arduino,0.000,0.000,12.973,,
507.528503,2026-03-10 17:51:07.891,ARDUINO_PSI,Arduino,0.000,0.000,12.959,,
507.627301,2026-03-10 17:51:07.990,ARDUINO_PSI,Arduino,0.000,0.000,12.954,,
507.727469,2026-03-10 17:51:08.090,ARDUINO_PSI,Arduino,0.000,0.000,12.963,,
507.827226,2026-03-10 17:51:08.190,ARDUINO_PSI,Arduino,0.000,0.000,12.963,,
507.927179,2026-03-10 17:51:08.290,ARDUINO_PSI,Arduino,0.000,0.000,12.954,,
508.026924,2026-03-10 17:51:08.390,ARDUINO_PSI,Arduino,0.000,0.000,12.957,,
508.127377,2026-03-10 17:51:08.490,ARDUINO_PSI,Arduino,0.000,0.000,12.954,,
508.228339,2026-03-10 17:51:08.591,ARDUINO_PSI,Arduino,0.000,0.000,12.954,,
508.327361,2026-03-10 17:51:08.690,ARDUINO_PSI,Arduino,0.000,0.000,12.961,,
508.427328,2026-03-10 17:51:08.790,ARDUINO_PSI,Arduino,0.000,0.000,12.959,,
508.528381,2026-03-10 17:51:08.891,ARDUINO_PSI,Arduino,0.000,0.000,12.966,,
508.627333,2026-03-10 17:51:08.990,ARDUINO_PSI,Arduino,0.000,0.000,12.959,,
508.727532,2026-03-10 17:51:09.090,ARDUINO_PSI,Arduino,0.000,0.000,12.968,,
508.827279,2026-03-10 17:51:09.190,ARDUINO_PSI,Arduino,0.000,0.000,12.959,,
508.927338,2026-03-10 17:51:09.290,ARDUINO_PSI,Arduino,0.000,0.000,12.947,,
509.027580,2026-03-10 17:51:09.391,ARDUINO_PSI,Arduino,0.000,0.000,12.945,,
509.127374,2026-03-10 17:51:09.490,ARDUINO_PSI,Arduino,0.000,0.000,12.938,,
509.227421,2026-03-10 17:51:09.590,ARDUINO_PSI,Arduino,0.000,0.000,12.941,,
509.326807,2026-03-10 17:51:09.690,ARDUINO_PSI,Arduino,0.000,0.000,12.945,,
509.427162,2026-03-10 17:51:09.790,ARDUINO_PSI,Arduino,0.000,0.000,12.954,,
509.527774,2026-03-10 17:51:09.891,ARDUINO_PSI,Arduino,0.000,0.000,12.959,,
509.627351,2026-03-10 17:51:09.990,ARDUINO_PSI,Arduino,0.000,0.000,12.952,,
509.727402,2026-03-10 17:51:10.090,ARDUINO_PSI,Arduino,0.000,0.000,12.952,,
509.827301,2026-03-10 17:51:10.190,ARDUINO_PSI,Arduino,0.000,0.000,12.943,,
509.927263,2026-03-10 17:51:10.290,ARDUINO_PSI,Arduino,0.000,0.000,12.945,,
510.027857,2026-03-10 17:51:10.391,ARDUINO_PSI,Arduino,0.000,0.000,12.941,,
510.127035,2026-03-10 17:51:10.490,ARDUINO_PSI,Arduino,0.000,0.000,12.945,,
510.228471,2026-03-10 17:51:10.591,ARDUINO_PSI,Arduino,0.000,0.000,12.952,,
510.327442,2026-03-10 17:51:10.690,ARDUINO_PSI,Arduino,0.000,0.000,12.963,,
510.428608,2026-03-10 17:51:10.792,ARDUINO_PSI,Arduino,0.000,0.000,12.973,,
510.527067,2026-03-10 17:51:10.890,ARDUINO_PSI,Arduino,0.000,0.000,12.975,,
510.627245,2026-03-10 17:51:10.990,ARDUINO_PSI,Arduino,0.000,0.000,12.977,,
510.727581,2026-03-10 17:51:11.091,ARDUINO_PSI,Arduino,0.000,0.000,12.968,,
510.828843,2026-03-10 17:51:11.192,ARDUINO_PSI,Arduino,0.000,0.000,12.966,,
510.927285,2026-03-10 17:51:11.290,ARDUINO_PSI,Arduino,0.000,0.000,12.982,,
511.027298,2026-03-10 17:51:11.390,ARDUINO_PSI,Arduino,0.000,0.000,12.982,,
511.127807,2026-03-10 17:51:11.491,ARDUINO_PSI,Arduino,0.000,0.000,12.982,,
511.226960,2026-03-10 17:51:11.590,ARDUINO_PSI,Arduino,0.000,0.000,12.977,,
511.327161,2026-03-10 17:51:11.690,ARDUINO_PSI,Arduino,0.000,0.000,12.975,,
511.427390,2026-03-10 17:51:11.790,ARDUINO_PSI,Arduino,0.000,0.000,12.984,,
511.528186,2026-03-10 17:51:11.891,ARDUINO_PSI,Arduino,0.000,0.000,12.986,,
511.627483,2026-03-10 17:51:11.990,ARDUINO_PSI,Arduino,0.000,0.000,12.998,,
511.727438,2026-03-10 17:51:12.090,ARDUINO_PSI,Arduino,0.000,0.000,13.005,,
511.828106,2026-03-10 17:51:12.191,ARDUINO_PSI,Arduino,0.000,0.000,13.007,,
511.928276,2026-03-10 17:51:12.291,ARDUINO_PSI,Arduino,0.000,0.000,13.009,,
512.027316,2026-03-10 17:51:12.390,ARDUINO_PSI,Arduino,0.000,0.000,13.002,,
512.127686,2026-03-10 17:51:12.491,ARDUINO_PSI,Arduino,0.000,0.000,12.998,,
512.228841,2026-03-10 17:51:12.592,ARDUINO_PSI,Arduino,0.000,0.000,12.991,,
512.327545,2026-03-10 17:51:12.691,ARDUINO_PSI,Arduino,0.000,0.000,12.979,,
512.427344,2026-03-10 17:51:12.790,ARDUINO_PSI,Arduino,0.000,0.000,12.984,,
512.527402,2026-03-10 17:51:12.890,ARDUINO_PSI,Arduino,0.000,0.000,12.984,,
512.627500,2026-03-10 17:51:12.990,ARDUINO_PSI,Arduino,0.000,0.000,12.984,,
512.728422,2026-03-10 17:51:13.091,ARDUINO_PSI,Arduino,0.000,0.000,12.984,,
512.828788,2026-03-10 17:51:13.192,ARDUINO_PSI,Arduino,0.000,0.000,12.986,,
512.927460,2026-03-10 17:51:13.290,ARDUINO_PSI,Arduino,0.000,0.000,12.982,,
513.027417,2026-03-10 17:51:13.390,ARDUINO_PSI,Arduino,0.000,0.000,12.975,,
513.127537,2026-03-10 17:51:13.490,ARDUINO_PSI,Arduino,0.000,0.000,12.982,,
513.227417,2026-03-10 17:51:13.590,ARDUINO_PSI,Arduino,0.000,0.000,12.986,,
513.327515,2026-03-10 17:51:13.690,ARDUINO_PSI,Arduino,0.000,0.000,12.995,,
513.427160,2026-03-10 17:51:13.790,ARDUINO_PSI,Arduino,0.000,0.000,12.977,,
513.527445,2026-03-10 17:51:13.890,ARDUINO_PSI,Arduino,0.000,0.000,12.984,,
513.627380,2026-03-10 17:51:13.990,ARDUINO_PSI,Arduino,0.000,0.000,12.973,,
513.727351,2026-03-10 17:51:14.090,ARDUINO_PSI,Arduino,0.000,0.000,12.954,,
513.827253,2026-03-10 17:51:14.190,ARDUINO_PSI,Arduino,0.000,0.000,12.959,,
513.926853,2026-03-10 17:51:14.290,ARDUINO_PSI,Arduino,0.000,0.000,12.968,,
514.027382,2026-03-10 17:51:14.390,ARDUINO_PSI,Arduino,0.000,0.000,12.977,,
514.127038,2026-03-10 17:51:14.490,ARDUINO_PSI,Arduino,0.000,0.000,12.982,,
514.227118,2026-03-10 17:51:14.590,ARDUINO_PSI,Arduino,0.000,0.000,12.982,,
514.327325,2026-03-10 17:51:14.690,ARDUINO_PSI,Arduino,0.000,0.000,12.986,,
514.427500,2026-03-10 17:51:14.790,ARDUINO_PSI,Arduino,0.000,0.000,12.993,,
514.527429,2026-03-10 17:51:14.890,ARDUINO_PSI,Arduino,0.000,0.000,12.995,,
514.627375,2026-03-10 17:51:14.990,ARDUINO_PSI,Arduino,0.000,0.000,13.007,,
514.728659,2026-03-10 17:51:15.092,ARDUINO_PSI,Arduino,0.000,0.000,13.016,,
514.827094,2026-03-10 17:51:15.190,ARDUINO_PSI,Arduino,0.000,0.000,13.014,,
514.927259,2026-03-10 17:51:15.290,ARDUINO_PSI,Arduino,0.000,0.000,13.014,,
515.027583,2026-03-10 17:51:15.391,ARDUINO_PSI,Arduino,0.000,0.000,13.016,,
515.127321,2026-03-10 17:51:15.490,ARDUINO_PSI,Arduino,0.000,0.000,13.007,,
515.227564,2026-03-10 17:51:15.591,ARDUINO_PSI,Arduino,0.000,0.000,13.007,,
515.326873,2026-03-10 17:51:15.690,ARDUINO_PSI,Arduino,0.000,0.000,13.009,,
515.427372,2026-03-10 17:51:15.790,ARDUINO_PSI,Arduino,0.000,0.000,13.016,,
515.527265,2026-03-10 17:51:15.890,ARDUINO_PSI,Arduino,0.000,0.000,13.002,,
515.626932,2026-03-10 17:51:15.990,ARDUINO_PSI,Arduino,0.000,0.000,13.007,,
515.727297,2026-03-10 17:51:16.090,ARDUINO_PSI,Arduino,0.000,0.000,13.014,,
515.827460,2026-03-10 17:51:16.190,ARDUINO_PSI,Arduino,0.000,0.000,13.007,,
515.927234,2026-03-10 17:51:16.290,ARDUINO_PSI,Arduino,0.000,0.000,12.991,,
516.027676,2026-03-10 17:51:16.391,ARDUINO_PSI,Arduino,0.000,0.000,12.995,,
516.127336,2026-03-10 17:51:16.490,ARDUINO_PSI,Arduino,0.000,0.000,12.986,,
516.227587,2026-03-10 17:51:16.591,ARDUINO_PSI,Arduino,0.000,0.000,12.984,,
516.327423,2026-03-10 17:51:16.690,ARDUINO_PSI,Arduino,0.000,0.000,12.995,,
516.426922,2026-03-10 17:51:16.790,ARDUINO_PSI,Arduino,0.000,0.000,12.989,,
516.528628,2026-03-10 17:51:16.892,ARDUINO_PSI,Arduino,0.000,0.000,12.982,,
516.628230,2026-03-10 17:51:16.991,ARDUINO_PSI,Arduino,0.000,0.000,12.970,,
516.727165,2026-03-10 17:51:17.090,ARDUINO_PSI,Arduino,0.000,0.000,12.975,,
516.827350,2026-03-10 17:51:17.190,ARDUINO_PSI,Arduino,0.000,0.000,12.979,,
516.927984,2026-03-10 17:51:17.291,ARDUINO_PSI,Arduino,0.000,0.000,12.973,,
517.027446,2026-03-10 17:51:17.390,ARDUINO_PSI,Arduino,0.000,0.000,12.973,,
517.128095,2026-03-10 17:51:17.491,ARDUINO_PSI,Arduino,0.000,0.000,12.977,,
517.227399,2026-03-10 17:51:17.590,ARDUINO_PSI,Arduino,0.000,0.000,12.982,,
517.326975,2026-03-10 17:51:17.690,ARDUINO_PSI,Arduino,0.000,0.000,12.970,,
517.426819,2026-03-10 17:51:17.790,ARDUINO_PSI,Arduino,0.000,0.000,12.968,,
517.527333,2026-03-10 17:51:17.890,ARDUINO_PSI,Arduino,0.000,0.000,12.979,,
517.626769,2026-03-10 17:51:17.990,ARDUINO_PSI,Arduino,0.000,0.000,12.989,,
517.728785,2026-03-10 17:51:18.092,ARDUINO_PSI,Arduino,0.000,0.000,12.995,,
517.827144,2026-03-10 17:51:18.190,ARDUINO_PSI,Arduino,0.000,0.000,12.993,,
517.927192,2026-03-10 17:51:18.290,ARDUINO_PSI,Arduino,0.000,0.000,12.995,,
518.027125,2026-03-10 17:51:18.390,ARDUINO_PSI,Arduino,0.000,0.000,12.993,,
518.127973,2026-03-10 17:51:18.491,ARDUINO_PSI,Arduino,0.000,0.000,13.009,,
518.228109,2026-03-10 17:51:18.591,ARDUINO_PSI,Arduino,0.000,0.000,13.018,,
518.327298,2026-03-10 17:51:18.690,ARDUINO_PSI,Arduino,0.000,0.000,13.002,,
518.427477,2026-03-10 17:51:18.790,ARDUINO_PSI,Arduino,0.000,0.000,12.998,,
518.527209,2026-03-10 17:51:18.890,ARDUINO_PSI,Arduino,0.000,0.000,12.995,,
518.627423,2026-03-10 17:51:18.990,ARDUINO_PSI,Arduino,0.000,0.000,13.005,,
518.727286,2026-03-10 17:51:19.090,ARDUINO_PSI,Arduino,0.000,0.000,12.993,,
518.827538,2026-03-10 17:51:19.190,ARDUINO_PSI,Arduino,0.000,0.000,12.995,,
518.928708,2026-03-10 17:51:19.292,ARDUINO_PSI,Arduino,0.000,0.000,12.995,,
519.027437,2026-03-10 17:51:19.390,ARDUINO_PSI,Arduino,0.000,0.000,13.000,,
519.127545,2026-03-10 17:51:19.490,ARDUINO_PSI,Arduino,0.000,0.000,13.009,,
519.227047,2026-03-10 17:51:19.590,ARDUINO_PSI,Arduino,0.000,0.000,13.007,,
519.327195,2026-03-10 17:51:19.690,ARDUINO_PSI,Arduino,0.000,0.000,13.002,,
519.427016,2026-03-10 17:51:19.790,ARDUINO_PSI,Arduino,0.000,0.000,13.000,,
519.527300,2026-03-10 17:51:19.890,ARDUINO_PSI,Arduino,0.000,0.000,12.993,,
519.627930,2026-03-10 17:51:19.991,ARDUINO_PSI,Arduino,0.000,0.000,12.993,,
519.727460,2026-03-10 17:51:20.090,ARDUINO_PSI,Arduino,0.000,0.000,12.993,,
519.827089,2026-03-10 17:51:20.190,ARDUINO_PSI,Arduino,0.000,0.000,12.998,,
519.927071,2026-03-10 17:51:20.290,ARDUINO_PSI,Arduino,0.000,0.000,13.002,,
520.027134,2026-03-10 17:51:20.390,ARDUINO_PSI,Arduino,0.000,0.000,13.000,,
520.126802,2026-03-10 17:51:20.490,ARDUINO_PSI,Arduino,0.000,0.000,12.995,,
520.227249,2026-03-10 17:51:20.590,ARDUINO_PSI,Arduino,0.000,0.000,12.993,,
520.327052,2026-03-10 17:51:20.690,ARDUINO_PSI,Arduino,0.000,0.000,12.991,,
520.427162,2026-03-10 17:51:20.790,ARDUINO_PSI,Arduino,0.000,0.000,12.995,,
520.527061,2026-03-10 17:51:20.890,ARDUINO_PSI,Arduino,0.000,0.000,12.993,,
520.626908,2026-03-10 17:51:20.990,ARDUINO_PSI,Arduino,0.000,0.000,12.993,,
520.727045,2026-03-10 17:51:21.090,ARDUINO_PSI,Arduino,0.000,0.000,13.000,,
520.828240,2026-03-10 17:51:21.191,ARDUINO_PSI,Arduino,0.000,0.000,13.007,,
520.927349,2026-03-10 17:51:21.290,ARDUINO_PSI,Arduino,0.000,0.000,13.014,,
521.027259,2026-03-10 17:51:21.390,ARDUINO_PSI,Arduino,0.000,0.000,13.002,,
521.128086,2026-03-10 17:51:21.491,ARDUINO_PSI,Arduino,0.000,0.000,13.002,,
521.227280,2026-03-10 17:51:21.590,ARDUINO_PSI,Arduino,0.000,0.000,12.991,,
521.327195,2026-03-10 17:51:21.690,ARDUINO_PSI,Arduino,0.000,0.000,12.998,,
521.427337,2026-03-10 17:51:21.790,ARDUINO_PSI,Arduino,0.000,0.000,13.005,,
521.527336,2026-03-10 17:51:21.890,ARDUINO_PSI,Arduino,0.000,0.000,13.009,,
521.627326,2026-03-10 17:51:21.990,ARDUINO_PSI,Arduino,0.000,0.000,13.009,,
521.727421,2026-03-10 17:51:22.090,ARDUINO_PSI,Arduino,0.000,0.000,13.005,,
521.827151,2026-03-10 17:51:22.190,ARDUINO_PSI,Arduino,0.000,0.000,13.002,,
521.927546,2026-03-10 17:51:22.290,ARDUINO_PSI,Arduino,0.000,0.000,12.998,,
522.027290,2026-03-10 17:51:22.390,ARDUINO_PSI,Arduino,0.000,0.000,12.998,,
522.127224,2026-03-10 17:51:22.490,ARDUINO_PSI,Arduino,0.000,0.000,12.998,,
522.227136,2026-03-10 17:51:22.590,ARDUINO_PSI,Arduino,0.000,0.000,12.991,,
522.327189,2026-03-10 17:51:22.690,ARDUINO_PSI,Arduino,0.000,0.000,12.995,,
522.427295,2026-03-10 17:51:22.790,ARDUINO_PSI,Arduino,0.000,0.000,12.984,,
522.527351,2026-03-10 17:51:22.890,ARDUINO_PSI,Arduino,0.000,0.000,12.986,,
522.627144,2026-03-10 17:51:22.990,ARDUINO_PSI,Arduino,0.000,0.000,12.975,,
522.727914,2026-03-10 17:51:23.091,ARDUINO_PSI,Arduino,0.000,0.000,12.979,,
522.826995,2026-03-10 17:51:23.190,ARDUINO_PSI,Arduino,0.000,0.000,12.973,,
522.927643,2026-03-10 17:51:23.291,ARDUINO_PSI,Arduino,0.000,0.000,12.963,,
523.027548,2026-03-10 17:51:23.391,ARDUINO_PSI,Arduino,0.000,0.000,12.973,,
523.127369,2026-03-10 17:51:23.490,ARDUINO_PSI,Arduino,0.000,0.000,12.975,,
523.227444,2026-03-10 17:51:23.590,ARDUINO_PSI,Arduino,0.000,0.000,12.979,,
523.327577,2026-03-10 17:51:23.691,ARDUINO_PSI,Arduino,0.000,0.000,12.982,,
523.427215,2026-03-10 17:51:23.790,ARDUINO_PSI,Arduino,0.000,0.000,12.989,,
523.527243,2026-03-10 17:51:23.890,ARDUINO_PSI,Arduino,0.000,0.000,12.989,,
523.627631,2026-03-10 17:51:23.991,ARDUINO_PSI,Arduino,0.000,0.000,12.982,,
523.727551,2026-03-10 17:51:24.090,ARDUINO_PSI,Arduino,0.000,0.000,12.979,,
523.827547,2026-03-10 17:51:24.190,ARDUINO_PSI,Arduino,0.000,0.000,12.979,,
523.927186,2026-03-10 17:51:24.290,ARDUINO_PSI,Arduino,0.000,0.000,12.984,,
524.027187,2026-03-10 17:51:24.390,ARDUINO_PSI,Arduino,0.000,0.000,12.989,,
524.127503,2026-03-10 17:51:24.490,ARDUINO_PSI,Arduino,0.000,0.000,12.984,,
524.227345,2026-03-10 17:51:24.590,ARDUINO_PSI,Arduino,0.000,0.000,12.982,,
524.327096,2026-03-10 17:51:24.690,ARDUINO_PSI,Arduino,0.000,0.000,12.977,,
524.427246,2026-03-10 17:51:24.790,ARDUINO_PSI,Arduino,0.000,0.000,12.979,,
524.527530,2026-03-10 17:51:24.890,ARDUINO_PSI,Arduino,0.000,0.000,12.986,,
524.627478,2026-03-10 17:51:24.990,ARDUINO_PSI,Arduino,0.000,0.000,12.995,,
524.727340,2026-03-10 17:51:25.090,ARDUINO_PSI,Arduino,0.000,0.000,12.984,,
524.827252,2026-03-10 17:51:25.190,ARDUINO_PSI,Arduino,0.000,0.000,12.982,,
524.927352,2026-03-10 17:51:25.290,ARDUINO_PSI,Arduino,0.000,0.000,12.984,,
525.027301,2026-03-10 17:51:25.390,ARDUINO_PSI,Arduino,0.000,0.000,12.982,,
525.127196,2026-03-10 17:51:25.490,ARDUINO_PSI,Arduino,0.000,0.000,12.970,,
525.227292,2026-03-10 17:51:25.590,ARDUINO_PSI,Arduino,0.000,0.000,12.968,,
525.328108,2026-03-10 17:51:25.691,ARDUINO_PSI,Arduino,0.000,0.000,12.968,,
525.427605,2026-03-10 17:51:25.791,ARDUINO_PSI,Arduino,0.000,0.000,12.954,,
525.527220,2026-03-10 17:51:25.890,ARDUINO_PSI,Arduino,0.000,0.000,12.945,,
525.627083,2026-03-10 17:51:25.990,ARDUINO_PSI,Arduino,0.000,0.000,12.938,,
525.727355,2026-03-10 17:51:26.090,ARDUINO_PSI,Arduino,0.000,0.000,12.943,,
525.827357,2026-03-10 17:51:26.190,ARDUINO_PSI,Arduino,0.000,0.000,12.947,,
525.927152,2026-03-10 17:51:26.290,ARDUINO_PSI,Arduino,0.000,0.000,12.950,,
526.027106,2026-03-10 17:51:26.390,ARDUINO_PSI,Arduino,0.000,0.000,12.947,,
526.127076,2026-03-10 17:51:26.490,ARDUINO_PSI,Arduino,0.000,0.000,12.938,,
526.227259,2026-03-10 17:51:26.590,ARDUINO_PSI,Arduino,0.000,0.000,12.941,,
526.326838,2026-03-10 17:51:26.690,ARDUINO_PSI,Arduino,0.000,0.000,12.936,,
526.427095,2026-03-10 17:51:26.790,ARDUINO_PSI,Arduino,0.000,0.000,12.945,,
526.527381,2026-03-10 17:51:26.890,ARDUINO_PSI,Arduino,0.000,0.000,12.941,,
526.627091,2026-03-10 17:51:26.990,ARDUINO_PSI,Arduino,0.000,0.000,12.936,,
526.727268,2026-03-10 17:51:27.090,ARDUINO_PSI,Arduino,0.000,0.000,12.943,,
526.827361,2026-03-10 17:51:27.190,ARDUINO_PSI,Arduino,0.000,0.000,12.954,,
526.927092,2026-03-10 17:51:27.290,ARDUINO_PSI,Arduino,0.000,0.000,12.957,,
527.027178,2026-03-10 17:51:27.390,ARDUINO_PSI,Arduino,0.000,0.000,12.952,,
527.127344,2026-03-10 17:51:27.490,ARDUINO_PSI,Arduino,0.000,0.000,12.945,,
527.227041,2026-03-10 17:51:27.590,ARDUINO_PSI,Arduino,0.000,0.000,12.945,,
527.327455,2026-03-10 17:51:27.690,ARDUINO_PSI,Arduino,0.000,0.000,12.941,,
527.427119,2026-03-10 17:51:27.790,ARDUINO_PSI,Arduino,0.000,0.000,12.950,,
527.527140,2026-03-10 17:51:27.890,ARDUINO_PSI,Arduino,0.000,0.000,12.963,,
527.627110,2026-03-10 17:51:27.990,ARDUINO_PSI,Arduino,0.000,0.000,12.966,,
527.727599,2026-03-10 17:51:28.091,ARDUINO_PSI,Arduino,0.000,0.000,12.975,,
527.827077,2026-03-10 17:51:28.190,ARDUINO_PSI,Arduino,0.000,0.000,12.970,,
527.927095,2026-03-10 17:51:28.290,ARDUINO_PSI,Arduino,0.000,0.000,12.970,,
528.027182,2026-03-10 17:51:28.390,ARDUINO_PSI,Arduino,0.000,0.000,12.963,,
528.128284,2026-03-10 17:51:28.491,ARDUINO_PSI,Arduino,0.000,0.000,12.961,,
528.227120,2026-03-10 17:51:28.590,ARDUINO_PSI,Arduino,0.000,0.000,12.963,,
528.327581,2026-03-10 17:51:28.691,ARDUINO_PSI,Arduino,0.000,0.000,12.970,,
528.427119,2026-03-10 17:51:28.790,ARDUINO_PSI,Arduino,0.000,0.000,12.968,,
528.527173,2026-03-10 17:51:28.890,ARDUINO_PSI,Arduino,0.000,0.000,12.968,,
528.627022,2026-03-10 17:51:28.990,ARDUINO_PSI,Arduino,0.000,0.000,12.973,,
528.726897,2026-03-10 17:51:29.090,ARDUINO_PSI,Arduino,0.000,0.000,12.966,,
528.827493,2026-03-10 17:51:29.190,ARDUINO_PSI,Arduino,0.000,0.000,12.959,,
528.927147,2026-03-10 17:51:29.290,ARDUINO_PSI,Arduino,0.000,0.000,12.957,,
529.028404,2026-03-10 17:51:29.391,ARDUINO_PSI,Arduino,0.000,0.000,12.970,,
529.127480,2026-03-10 17:51:29.490,ARDUINO_PSI,Arduino,0.000,0.000,12.982,,
529.227308,2026-03-10 17:51:29.590,ARDUINO_PSI,Arduino,0.000,0.000,12.982,,
529.327360,2026-03-10 17:51:29.690,ARDUINO_PSI,Arduino,0.000,0.000,12.975,,
529.427355,2026-03-10 17:51:29.790,ARDUINO_PSI,Arduino,0.000,0.000,12.970,,
529.527154,2026-03-10 17:51:29.890,ARDUINO_PSI,Arduino,0.000,0.000,12.954,,
529.627035,2026-03-10 17:51:29.990,ARDUINO_PSI,Arduino,0.000,0.000,12.959,,
529.726901,2026-03-10 17:51:30.090,ARDUINO_PSI,Arduino,0.000,0.000,12.952,,
529.826822,2026-03-10 17:51:30.190,ARDUINO_PSI,Arduino,0.000,0.000,12.954,,
529.927093,2026-03-10 17:51:30.290,ARDUINO_PSI,Arduino,0.000,0.000,12.961,,
530.027827,2026-03-10 17:51:30.391,ARDUINO_PSI,Arduino,0.000,0.000,12.963,,
530.127858,2026-03-10 17:51:30.491,ARDUINO_PSI,Arduino,0.000,0.000,12.966,,
530.226912,2026-03-10 17:51:30.590,ARDUINO_PSI,Arduino,0.000,0.000,12.979,,
530.326962,2026-03-10 17:51:30.690,ARDUINO_PSI,Arduino,0.000,0.000,12.982,,
530.427117,2026-03-10 17:51:30.790,ARDUINO_PSI,Arduino,0.000,0.000,12.979,,
530.527246,2026-03-10 17:51:30.890,ARDUINO_PSI,Arduino,0.000,0.000,12.979,,
530.627051,2026-03-10 17:51:30.990,ARDUINO_PSI,Arduino,0.000,0.000,12.979,,
530.727357,2026-03-10 17:51:31.090,ARDUINO_PSI,Arduino,0.000,0.000,12.970,,
530.826956,2026-03-10 17:51:31.190,ARDUINO_PSI,Arduino,0.000,0.000,12.973,,
530.927067,2026-03-10 17:51:31.290,ARDUINO_PSI,Arduino,0.000,0.000,12.973,,
531.027823,2026-03-10 17:51:31.391,ARDUINO_PSI,Arduino,0.000,0.000,12.954,,
531.127323,2026-03-10 17:51:31.490,ARDUINO_PSI,Arduino,0.000,0.000,12.952,,
531.227450,2026-03-10 17:51:31.590,ARDUINO_PSI,Arduino,0.000,0.000,12.963,,
531.327328,2026-03-10 17:51:31.690,ARDUINO_PSI,Arduino,0.000,0.000,12.973,,
531.427404,2026-03-10 17:51:31.790,ARDUINO_PSI,Arduino,0.000,0.000,12.973,,
531.527429,2026-03-10 17:51:31.890,ARDUINO_PSI,Arduino,0.000,0.000,12.984,,
531.627099,2026-03-10 17:51:31.990,ARDUINO_PSI,Arduino,0.000,0.000,12.989,,
531.727373,2026-03-10 17:51:32.090,ARDUINO_PSI,Arduino,0.000,0.000,12.977,,
531.827105,2026-03-10 17:51:32.190,ARDUINO_PSI,Arduino,0.000,0.000,12.977,,
531.927102,2026-03-10 17:51:32.290,ARDUINO_PSI,Arduino,0.000,0.000,12.968,,
532.027135,2026-03-10 17:51:32.390,ARDUINO_PSI,Arduino,0.000,0.000,12.975,,
532.127578,2026-03-10 17:51:32.491,ARDUINO_PSI,Arduino,0.000,0.000,12.982,,
532.227103,2026-03-10 17:51:32.590,ARDUINO_PSI,Arduino,0.000,0.000,12.970,,
532.327565,2026-03-10 17:51:32.691,ARDUINO_PSI,Arduino,0.000,0.000,12.963,,
532.427122,2026-03-10 17:51:32.790,ARDUINO_PSI,Arduino,0.000,0.000,12.966,,
532.527300,2026-03-10 17:51:32.890,ARDUINO_PSI,Arduino,0.000,0.000,12.968,,
532.627359,2026-03-10 17:51:32.990,ARDUINO_PSI,Arduino,0.000,0.000,12.957,,
532.727116,2026-03-10 17:51:33.090,ARDUINO_PSI,Arduino,0.000,0.000,12.970,,
532.827416,2026-03-10 17:51:33.190,ARDUINO_PSI,Arduino,0.000,0.000,12.973,,
532.927302,2026-03-10 17:51:33.290,ARDUINO_PSI,Arduino,0.000,0.000,12.963,,
533.027283,2026-03-10 17:51:33.390,ARDUINO_PSI,Arduino,0.000,0.000,12.966,,
533.127246,2026-03-10 17:51:33.490,ARDUINO_PSI,Arduino,0.000,0.000,12.968,,
533.227258,2026-03-10 17:51:33.590,ARDUINO_PSI,Arduino,0.000,0.000,12.954,,
533.327758,2026-03-10 17:51:33.691,ARDUINO_PSI,Arduino,0.000,0.000,12.952,,
533.427391,2026-03-10 17:51:33.790,ARDUINO_PSI,Arduino,0.000,0.000,12.957,,
533.527647,2026-03-10 17:51:33.891,ARDUINO_PSI,Arduino,0.000,0.000,12.952,,
533.627261,2026-03-10 17:51:33.990,ARDUINO_PSI,Arduino,0.000,0.000,12.952,,
533.727677,2026-03-10 17:51:34.091,ARDUINO_PSI,Arduino,0.000,0.000,12.959,,
533.827512,2026-03-10 17:51:34.190,ARDUINO_PSI,Arduino,0.000,0.000,12.959,,
533.927215,2026-03-10 17:51:34.290,ARDUINO_PSI,Arduino,0.000,0.000,12.966,,
534.027102,2026-03-10 17:51:34.390,ARDUINO_PSI,Arduino,0.000,0.000,12.957,,
534.127503,2026-03-10 17:51:34.490,ARDUINO_PSI,Arduino,0.000,0.000,12.952,,
534.228674,2026-03-10 17:51:34.592,ARDUINO_PSI,Arduino,0.000,0.000,12.947,,
534.326893,2026-03-10 17:51:34.690,ARDUINO_PSI,Arduino,0.000,0.000,12.954,,
534.427139,2026-03-10 17:51:34.790,ARDUINO_PSI,Arduino,0.000,0.000,12.950,,
534.527184,2026-03-10 17:51:34.890,ARDUINO_PSI,Arduino,0.000,0.000,12.954,,
534.626970,2026-03-10 17:51:34.990,ARDUINO_PSI,Arduino,0.000,0.000,12.961,,
534.727305,2026-03-10 17:51:35.090,ARDUINO_PSI,Arduino,0.000,0.000,12.961,,
534.827006,2026-03-10 17:51:35.190,ARDUINO_PSI,Arduino,0.000,0.000,12.963,,
534.927985,2026-03-10 17:51:35.291,ARDUINO_PSI,Arduino,0.000,0.000,12.966,,
535.027340,2026-03-10 17:51:35.390,ARDUINO_PSI,Arduino,0.000,0.000,12.970,,
535.126843,2026-03-10 17:51:35.490,ARDUINO_PSI,Arduino,0.000,0.000,12.968,,
535.227010,2026-03-10 17:51:35.590,ARDUINO_PSI,Arduino,0.000,0.000,12.979,,
535.326942,2026-03-10 17:51:35.690,ARDUINO_PSI,Arduino,0.000,0.000,12.975,,
535.427405,2026-03-10 17:51:35.790,ARDUINO_PSI,Arduino,0.000,0.000,12.970,,
535.527107,2026-03-10 17:51:35.890,ARDUINO_PSI,Arduino,0.000,0.000,12.966,,
535.627896,2026-03-10 17:51:35.991,ARDUINO_PSI,Arduino,0.000,0.000,12.963,,
535.727152,2026-03-10 17:51:36.090,ARDUINO_PSI,Arduino,0.000,0.000,12.968,,
535.827343,2026-03-10 17:51:36.190,ARDUINO_PSI,Arduino,0.000,0.000,12.963,,
535.927349,2026-03-10 17:51:36.290,ARDUINO_PSI,Arduino,0.000,0.000,12.957,,
536.027192,2026-03-10 17:51:36.390,ARDUINO_PSI,Arduino,0.000,0.000,12.959,,
536.126901,2026-03-10 17:51:36.490,ARDUINO_PSI,Arduino,0.000,0.000,12.959,,
536.227100,2026-03-10 17:51:36.590,ARDUINO_PSI,Arduino,0.000,0.000,12.959,,
536.327153,2026-03-10 17:51:36.690,ARDUINO_PSI,Arduino,0.000,0.000,12.966,,
536.427070,2026-03-10 17:51:36.790,ARDUINO_PSI,Arduino,0.000,0.000,12.970,,
536.527844,2026-03-10 17:51:36.891,ARDUINO_PSI,Arduino,0.000,0.000,12.954,,
536.627070,2026-03-10 17:51:36.990,ARDUINO_PSI,Arduino,0.000,0.000,12.959,,
536.726892,2026-03-10 17:51:37.090,ARDUINO_PSI,Arduino,0.000,0.000,12.963,,
536.826836,2026-03-10 17:51:37.190,ARDUINO_PSI,Arduino,0.000,0.000,12.957,,
536.927382,2026-03-10 17:51:37.290,ARDUINO_PSI,Arduino,0.000,0.000,12.961,,
537.027776,2026-03-10 17:51:37.391,ARDUINO_PSI,Arduino,0.000,0.000,12.950,,
537.127241,2026-03-10 17:51:37.490,ARDUINO_PSI,Arduino,0.000,0.000,12.947,,
537.227120,2026-03-10 17:51:37.590,ARDUINO_PSI,Arduino,0.000,0.000,12.947,,
537.326959,2026-03-10 17:51:37.690,ARDUINO_PSI,Arduino,0.000,0.000,12.952,,
537.427155,2026-03-10 17:51:37.790,ARDUINO_PSI,Arduino,0.000,0.000,12.961,,
537.527401,2026-03-10 17:51:37.890,ARDUINO_PSI,Arduino,0.000,0.000,12.970,,
537.627310,2026-03-10 17:51:37.990,ARDUINO_PSI,Arduino,0.000,0.000,12.975,,
537.727176,2026-03-10 17:51:38.090,ARDUINO_PSI,Arduino,0.000,0.000,12.970,,
537.827090,2026-03-10 17:51:38.190,ARDUINO_PSI,Arduino,0.000,0.000,12.982,,
537.927493,2026-03-10 17:51:38.290,ARDUINO_PSI,Arduino,0.000,0.000,12.989,,
538.026802,2026-03-10 17:51:38.390,ARDUINO_PSI,Arduino,0.000,0.000,12.989,,
538.126896,2026-03-10 17:51:38.490,ARDUINO_PSI,Arduino,0.000,0.000,12.989,,
538.226777,2026-03-10 17:51:38.590,ARDUINO_PSI,Arduino,0.000,0.000,12.995,,
538.327364,2026-03-10 17:51:38.690,ARDUINO_PSI,Arduino,0.000,0.000,12.984,,
538.427393,2026-03-10 17:51:38.790,ARDUINO_PSI,Arduino,0.000,0.000,12.977,,
538.527069,2026-03-10 17:51:38.890,ARDUINO_PSI,Arduino,0.000,0.000,12.984,,
538.627152,2026-03-10 17:51:38.990,ARDUINO_PSI,Arduino,0.000,0.000,12.979,,
538.727155,2026-03-10 17:51:39.090,ARDUINO_PSI,Arduino,0.000,0.000,12.970,,
538.827847,2026-03-10 17:51:39.191,ARDUINO_PSI,Arduino,0.000,0.000,12.970,,
538.927136,2026-03-10 17:51:39.290,ARDUINO_PSI,Arduino,0.000,0.000,12.966,,
539.027321,2026-03-10 17:51:39.390,ARDUINO_PSI,Arduino,0.000,0.000,12.977,,
539.127572,2026-03-10 17:51:39.491,ARDUINO_PSI,Arduino,0.000,0.000,12.979,,
539.227586,2026-03-10 17:51:39.591,ARDUINO_PSI,Arduino,0.000,0.000,12.970,,
539.327742,2026-03-10 17:51:39.691,ARDUINO_PSI,Arduino,0.000,0.000,12.966,,
539.427217,2026-03-10 17:51:39.790,ARDUINO_PSI,Arduino,0.000,0.000,12.954,,
539.527186,2026-03-10 17:51:39.890,ARDUINO_PSI,Arduino,0.000,0.000,12.947,,
539.627284,2026-03-10 17:51:39.990,ARDUINO_PSI,Arduino,0.000,0.000,12.938,,
539.727648,2026-03-10 17:51:40.091,ARDUINO_PSI,Arduino,0.000,0.000,12.938,,
539.828180,2026-03-10 17:51:40.191,ARDUINO_PSI,Arduino,0.000,0.000,12.918,,
539.927064,2026-03-10 17:51:40.290,ARDUINO_PSI,Arduino,0.000,0.000,12.911,,
540.027430,2026-03-10 17:51:40.390,ARDUINO_PSI,Arduino,0.000,0.000,12.911,,
540.127295,2026-03-10 17:51:40.490,ARDUINO_PSI,Arduino,0.000,0.000,12.906,,
540.227127,2026-03-10 17:51:40.590,ARDUINO_PSI,Arduino,0.000,0.000,12.909,,
540.327063,2026-03-10 17:51:40.690,ARDUINO_PSI,Arduino,0.000,0.000,12.913,,
540.427093,2026-03-10 17:51:40.790,ARDUINO_PSI,Arduino,0.000,0.000,12.911,,
540.527163,2026-03-10 17:51:40.890,ARDUINO_PSI,Arduino,0.000,0.000,12.920,,
540.627101,2026-03-10 17:51:40.990,ARDUINO_PSI,Arduino,0.000,0.000,12.927,,
540.727206,2026-03-10 17:51:41.090,ARDUINO_PSI,Arduino,0.000,0.000,12.931,,
540.827371,2026-03-10 17:51:41.190,ARDUINO_PSI,Arduino,0.000,0.000,12.929,,
540.927367,2026-03-10 17:51:41.290,ARDUINO_PSI,Arduino,0.000,0.000,12.936,,
541.027303,2026-03-10 17:51:41.390,ARDUINO_PSI,Arduino,0.000,0.000,12.936,,
541.127051,2026-03-10 17:51:41.490,ARDUINO_PSI,Arduino,0.000,0.000,12.936,,
541.227335,2026-03-10 17:51:41.590,ARDUINO_PSI,Arduino,0.000,0.000,12.936,,
541.327427,2026-03-10 17:51:41.690,ARDUINO_PSI,Arduino,0.000,0.000,12.929,,
541.427455,2026-03-10 17:51:41.790,ARDUINO_PSI,Arduino,0.000,0.000,12.929,,
541.527696,2026-03-10 17:51:41.891,ARDUINO_PSI,Arduino,0.000,0.000,12.936,,
541.627036,2026-03-10 17:51:41.990,ARDUINO_PSI,Arduino,0.000,0.000,12.943,,
541.727267,2026-03-10 17:51:42.090,ARDUINO_PSI,Arduino,0.000,0.000,12.934,,
541.827080,2026-03-10 17:51:42.190,ARDUINO_PSI,Arduino,0.000,0.000,12.945,,
541.927370,2026-03-10 17:51:42.290,ARDUINO_PSI,Arduino,0.000,0.000,12.952,,
542.027191,2026-03-10 17:51:42.390,ARDUINO_PSI,Arduino,0.000,0.000,12.954,,
542.127133,2026-03-10 17:51:42.490,ARDUINO_PSI,Arduino,0.000,0.000,12.959,,
542.227487,2026-03-10 17:51:42.590,ARDUINO_PSI,Arduino,0.000,0.000,12.954,,
542.327456,2026-03-10 17:51:42.690,ARDUINO_PSI,Arduino,0.000,0.000,12.950,,
542.427564,2026-03-10 17:51:42.791,ARDUINO_PSI,Arduino,0.000,0.000,12.952,,
542.527093,2026-03-10 17:51:42.890,ARDUINO_PSI,Arduino,0.000,0.000,12.934,,
542.627059,2026-03-10 17:51:42.990,ARDUINO_PSI,Arduino,0.000,0.000,12.929,,
542.727348,2026-03-10 17:51:43.090,ARDUINO_PSI,Arduino,0.000,0.000,12.925,,
542.827116,2026-03-10 17:51:43.190,ARDUINO_PSI,Arduino,0.000,0.000,12.929,,
542.927311,2026-03-10 17:51:43.290,ARDUINO_PSI,Arduino,0.000,0.000,12.929,,
543.027085,2026-03-10 17:51:43.390,ARDUINO_PSI,Arduino,0.000,0.000,12.936,,
543.127126,2026-03-10 17:51:43.490,ARDUINO_PSI,Arduino,0.000,0.000,12.929,,
543.227406,2026-03-10 17:51:43.590,ARDUINO_PSI,Arduino,0.000,0.000,12.936,,
543.326904,2026-03-10 17:51:43.690,ARDUINO_PSI,Arduino,0.000,0.000,12.950,,
543.427572,2026-03-10 17:51:43.791,ARDUINO_PSI,Arduino,0.000,0.000,12.952,,
543.527121,2026-03-10 17:51:43.890,ARDUINO_PSI,Arduino,0.000,0.000,12.952,,
543.627170,2026-03-10 17:51:43.990,ARDUINO_PSI,Arduino,0.000,0.000,12.954,,
543.727394,2026-03-10 17:51:44.090,ARDUINO_PSI,Arduino,0.000,0.000,12.973,,
543.827116,2026-03-10 17:51:44.190,ARDUINO_PSI,Arduino,0.000,0.000,12.968,,
543.927301,2026-03-10 17:51:44.290,ARDUINO_PSI,Arduino,0.000,0.000,12.961,,
544.027215,2026-03-10 17:51:44.390,ARDUINO_PSI,Arduino,0.000,0.000,12.954,,
544.127727,2026-03-10 17:51:44.491,ARDUINO_PSI,Arduino,0.000,0.000,12.957,,
544.227401,2026-03-10 17:51:44.590,ARDUINO_PSI,Arduino,0.000,0.000,12.954,,
544.327378,2026-03-10 17:51:44.690,ARDUINO_PSI,Arduino,0.000,0.000,12.961,,
544.426978,2026-03-10 17:51:44.790,ARDUINO_PSI,Arduino,0.000,0.000,12.966,,
544.527424,2026-03-10 17:51:44.890,ARDUINO_PSI,Arduino,0.000,0.000,12.970,,
544.627262,2026-03-10 17:51:44.990,ARDUINO_PSI,Arduino,0.000,0.000,12.970,,
544.727360,2026-03-10 17:51:45.090,ARDUINO_PSI,Arduino,0.000,0.000,12.973,,
544.827323,2026-03-10 17:51:45.190,ARDUINO_PSI,Arduino,0.000,0.000,12.970,,
544.927064,2026-03-10 17:51:45.290,ARDUINO_PSI,Arduino,0.000,0.000,12.973,,
545.027093,2026-03-10 17:51:45.390,ARDUINO_PSI,Arduino,0.000,0.000,12.977,,
545.127708,2026-03-10 17:51:45.491,ARDUINO_PSI,Arduino,0.000,0.000,12.995,,
545.227287,2026-03-10 17:51:45.590,ARDUINO_PSI,Arduino,0.000,0.000,12.989,,
545.328066,2026-03-10 17:51:45.691,ARDUINO_PSI,Arduino,0.000,0.000,12.986,,
545.426868,2026-03-10 17:51:45.790,ARDUINO_PSI,Arduino,0.000,0.000,12.993,,
545.527135,2026-03-10 17:51:45.890,ARDUINO_PSI,Arduino,0.000,0.000,12.982,,
545.627387,2026-03-10 17:51:45.990,ARDUINO_PSI,Arduino,0.000,0.000,12.975,,
545.727076,2026-03-10 17:51:46.090,ARDUINO_PSI,Arduino,0.000,0.000,12.966,,
545.827479,2026-03-10 17:51:46.190,ARDUINO_PSI,Arduino,0.000,0.000,12.963,,
545.926903,2026-03-10 17:51:46.290,ARDUINO_PSI,Arduino,0.000,0.000,12.968,,
546.027594,2026-03-10 17:51:46.391,ARDUINO_PSI,Arduino,0.000,0.000,12.968,,
546.127185,2026-03-10 17:51:46.490,ARDUINO_PSI,Arduino,0.000,0.000,12.975,,
546.226960,2026-03-10 17:51:46.590,ARDUINO_PSI,Arduino,0.000,0.000,12.968,,
546.327159,2026-03-10 17:51:46.690,ARDUINO_PSI,Arduino,0.000,0.000,12.966,,
546.427298,2026-03-10 17:51:46.790,ARDUINO_PSI,Arduino,0.000,0.000,12.970,,
546.527495,2026-03-10 17:51:46.890,ARDUINO_PSI,Arduino,0.000,0.000,12.973,,
546.627368,2026-03-10 17:51:46.990,ARDUINO_PSI,Arduino,0.000,0.000,12.982,,
546.727092,2026-03-10 17:51:47.090,ARDUINO_PSI,Arduino,0.000,0.000,12.977,,
546.826802,2026-03-10 17:51:47.190,ARDUINO_PSI,Arduino,0.000,0.000,12.986,,
546.927074,2026-03-10 17:51:47.290,ARDUINO_PSI,Arduino,0.000,0.000,12.979,,
547.027024,2026-03-10 17:51:47.390,ARDUINO_PSI,Arduino,0.000,0.000,12.961,,
547.127017,2026-03-10 17:51:47.490,ARDUINO_PSI,Arduino,0.000,0.000,12.950,,
547.227157,2026-03-10 17:51:47.590,ARDUINO_PSI,Arduino,0.000,0.000,12.959,,
547.327263,2026-03-10 17:51:47.690,ARDUINO_PSI,Arduino,0.000,0.000,12.957,,
547.427157,2026-03-10 17:51:47.790,ARDUINO_PSI,Arduino,0.000,0.000,12.961,,
547.527316,2026-03-10 17:51:47.890,ARDUINO_PSI,Arduino,0.000,0.000,12.963,,
547.627337,2026-03-10 17:51:47.990,ARDUINO_PSI,Arduino,0.000,0.000,12.970,,
547.726856,2026-03-10 17:51:48.090,ARDUINO_PSI,Arduino,0.000,0.000,12.975,,
547.827460,2026-03-10 17:51:48.190,ARDUINO_PSI,Arduino,0.000,0.000,12.982,,
547.927279,2026-03-10 17:51:48.290,ARDUINO_PSI,Arduino,0.000,0.000,12.979,,
548.026853,2026-03-10 17:51:48.390,ARDUINO_PSI,Arduino,0.000,0.000,12.982,,
548.127389,2026-03-10 17:51:48.490,ARDUINO_PSI,Arduino,0.000,0.000,12.984,,
548.227274,2026-03-10 17:51:48.590,ARDUINO_PSI,Arduino,0.000,0.000,12.995,,
548.327085,2026-03-10 17:51:48.690,ARDUINO_PSI,Arduino,0.000,0.000,12.995,,
548.427044,2026-03-10 17:51:48.790,ARDUINO_PSI,Arduino,0.000,0.000,12.991,,
548.527212,2026-03-10 17:51:48.890,ARDUINO_PSI,Arduino,0.000,0.000,12.998,,
548.627064,2026-03-10 17:51:48.990,ARDUINO_PSI,Arduino,0.000,0.000,12.979,,
548.727101,2026-03-10 17:51:49.090,ARDUINO_PSI,Arduino,0.000,0.000,12.982,,
548.827387,2026-03-10 17:51:49.190,ARDUINO_PSI,Arduino,0.000,0.000,12.977,,
548.927380,2026-03-10 17:51:49.290,ARDUINO_PSI,Arduino,0.000,0.000,12.984,,
549.027418,2026-03-10 17:51:49.390,ARDUINO_PSI,Arduino,0.000,0.000,12.989,,
549.127165,2026-03-10 17:51:49.490,ARDUINO_PSI,Arduino,0.000,0.000,12.998,,
549.227244,2026-03-10 17:51:49.590,ARDUINO_PSI,Arduino,0.000,0.000,12.989,,
549.326893,2026-03-10 17:51:49.690,ARDUINO_PSI,Arduino,0.000,0.000,12.982,,
549.427136,2026-03-10 17:51:49.790,ARDUINO_PSI,Arduino,0.000,0.000,12.970,,
549.527142,2026-03-10 17:51:49.890,ARDUINO_PSI,Arduino,0.000,0.000,12.995,,
549.627338,2026-03-10 17:51:49.990,ARDUINO_PSI,Arduino,0.000,0.000,12.977,,
549.727418,2026-03-10 17:51:50.090,ARDUINO_PSI,Arduino,0.000,0.000,12.979,,
549.827304,2026-03-10 17:51:50.190,ARDUINO_PSI,Arduino,0.000,0.000,12.975,,
549.927359,2026-03-10 17:51:50.290,ARDUINO_PSI,Arduino,0.000,0.000,12.984,,
550.027238,2026-03-10 17:51:50.390,ARDUINO_PSI,Arduino,0.000,0.000,12.982,,
550.127212,2026-03-10 17:51:50.490,ARDUINO_PSI,Arduino,0.000,0.000,12.973,,
550.227325,2026-03-10 17:51:50.590,ARDUINO_PSI,Arduino,0.000,0.000,12.977,,
550.327687,2026-03-10 17:51:50.691,ARDUINO_PSI,Arduino,0.000,0.000,12.975,,
550.427514,2026-03-10 17:51:50.790,ARDUINO_PSI,Arduino,0.000,0.000,12.966,,
550.527247,2026-03-10 17:51:50.890,ARDUINO_PSI,Arduino,0.000,0.000,12.959,,
550.627506,2026-03-10 17:51:50.990,ARDUINO_PSI,Arduino,0.000,0.000,12.959,,
550.726911,2026-03-10 17:51:51.090,ARDUINO_PSI,Arduino,0.000,0.000,12.961,,
550.827261,2026-03-10 17:51:51.190,ARDUINO_PSI,Arduino,0.000,0.000,12.966,,
550.926803,2026-03-10 17:51:51.290,ARDUINO_PSI,Arduino,0.000,0.000,12.961,,
551.026938,2026-03-10 17:51:51.390,ARDUINO_PSI,Arduino,0.000,0.000,12.975,,
551.127442,2026-03-10 17:51:51.490,ARDUINO_PSI,Arduino,0.000,0.000,12.973,,
551.227699,2026-03-10 17:51:51.591,ARDUINO_PSI,Arduino,0.000,0.000,12.977,,
551.327721,2026-03-10 17:51:51.691,ARDUINO_PSI,Arduino,0.000,0.000,12.982,,
551.427582,2026-03-10 17:51:51.791,ARDUINO_PSI,Arduino,0.000,0.000,12.986,,
551.527511,2026-03-10 17:51:51.890,ARDUINO_PSI,Arduino,0.000,0.000,12.977,,
551.627354,2026-03-10 17:51:51.990,ARDUINO_PSI,Arduino,0.000,0.000,12.982,,
551.727143,2026-03-10 17:51:52.090,ARDUINO_PSI,Arduino,0.000,0.000,12.975,,
551.828008,2026-03-10 17:51:52.191,ARDUINO_PSI,Arduino,0.000,0.000,12.968,,
551.927277,2026-03-10 17:51:52.290,ARDUINO_PSI,Arduino,0.000,0.000,12.963,,
552.027403,2026-03-10 17:51:52.390,ARDUINO_PSI,Arduino,0.000,0.000,12.963,,
552.126808,2026-03-10 17:51:52.490,ARDUINO_PSI,Arduino,0.000,0.000,12.963,,
552.227365,2026-03-10 17:51:52.590,ARDUINO_PSI,Arduino,0.000,0.000,12.959,,
552.326857,2026-03-10 17:51:52.690,ARDUINO_PSI,Arduino,0.000,0.000,12.973,,
552.427090,2026-03-10 17:51:52.790,ARDUINO_PSI,Arduino,0.000,0.000,12.977,,
552.528000,2026-03-10 17:51:52.891,ARDUINO_PSI,Arduino,0.000,0.000,12.968,,
552.627343,2026-03-10 17:51:52.990,ARDUINO_PSI,Arduino,0.000,0.000,12.975,,
552.727305,2026-03-10 17:51:53.090,ARDUINO_PSI,Arduino,0.000,0.000,12.975,,
552.827269,2026-03-10 17:51:53.190,ARDUINO_PSI,Arduino,0.000,0.000,12.970,,
552.927529,2026-03-10 17:51:53.290,ARDUINO_PSI,Arduino,0.000,0.000,12.966,,
553.027457,2026-03-10 17:51:53.390,ARDUINO_PSI,Arduino,0.000,0.000,12.954,,
553.127121,2026-03-10 17:51:53.490,ARDUINO_PSI,Arduino,0.000,0.000,12.959,,
553.227413,2026-03-10 17:51:53.590,ARDUINO_PSI,Arduino,0.000,0.000,12.950,,
553.327486,2026-03-10 17:51:53.690,ARDUINO_PSI,Arduino,0.000,0.000,12.943,,
553.427400,2026-03-10 17:51:53.790,ARDUINO_PSI,Arduino,0.000,0.000,12.934,,
553.527195,2026-03-10 17:51:53.890,ARDUINO_PSI,Arduino,0.000,0.000,12.920,,
553.627367,2026-03-10 17:51:53.990,ARDUINO_PSI,Arduino,0.000,0.000,12.925,,
553.727916,2026-03-10 17:51:54.091,ARDUINO_PSI,Arduino,0.000,0.000,12.925,,
553.827004,2026-03-10 17:51:54.190,ARDUINO_PSI,Arduino,0.000,0.000,12.925,,
553.927420,2026-03-10 17:51:54.290,ARDUINO_PSI,Arduino,0.000,0.000,12.925,,
554.027283,2026-03-10 17:51:54.390,ARDUINO_PSI,Arduino,0.000,0.000,12.927,,
554.127062,2026-03-10 17:51:54.490,ARDUINO_PSI,Arduino,0.000,0.000,12.927,,
554.226988,2026-03-10 17:51:54.590,ARDUINO_PSI,Arduino,0.000,0.000,12.927,,
554.327629,2026-03-10 17:51:54.691,ARDUINO_PSI,Arduino,0.000,0.000,12.915,,
554.427627,2026-03-10 17:51:54.791,ARDUINO_PSI,Arduino,0.000,0.000,12.922,,
554.527424,2026-03-10 17:51:54.890,ARDUINO_PSI,Arduino,0.000,0.000,12.931,,
554.627228,2026-03-10 17:51:54.990,ARDUINO_PSI,Arduino,0.000,0.000,12.929,,
554.727292,2026-03-10 17:51:55.090,ARDUINO_PSI,Arduino,0.000,0.000,12.931,,
554.827287,2026-03-10 17:51:55.190,ARDUINO_PSI,Arduino,0.000,0.000,12.927,,
554.927264,2026-03-10 17:51:55.290,ARDUINO_PSI,Arduino,0.000,0.000,12.941,,
555.027006,2026-03-10 17:51:55.390,ARDUINO_PSI,Arduino,0.000,0.000,12.945,,
555.126916,2026-03-10 17:51:55.490,ARDUINO_PSI,Arduino,0.000,0.000,12.931,,
555.227106,2026-03-10 17:51:55.590,ARDUINO_PSI,Arduino,0.000,0.000,12.938,,
555.327682,2026-03-10 17:51:55.691,ARDUINO_PSI,Arduino,0.000,0.000,12.943,,
555.427384,2026-03-10 17:51:55.790,ARDUINO_PSI,Arduino,0.000,0.000,12.954,,
555.527408,2026-03-10 17:51:55.890,ARDUINO_PSI,Arduino,0.000,0.000,12.950,,
555.627273,2026-03-10 17:51:55.990,ARDUINO_PSI,Arduino,0.000,0.000,12.954,,
555.727246,2026-03-10 17:51:56.090,ARDUINO_PSI,Arduino,0.000,0.000,12.952,,
555.827520,2026-03-10 17:51:56.190,ARDUINO_PSI,Arduino,0.000,0.000,12.954,,
555.927278,2026-03-10 17:51:56.290,ARDUINO_PSI,Arduino,0.000,0.000,12.957,,
556.027368,2026-03-10 17:51:56.390,ARDUINO_PSI,Arduino,0.000,0.000,12.970,,
556.126946,2026-03-10 17:51:56.490,ARDUINO_PSI,Arduino,0.000,0.000,12.975,,
556.227143,2026-03-10 17:51:56.590,ARDUINO_PSI,Arduino,0.000,0.000,12.984,,
556.326856,2026-03-10 17:51:56.690,ARDUINO_PSI,Arduino,0.000,0.000,12.989,,
556.427344,2026-03-10 17:51:56.790,ARDUINO_PSI,Arduino,0.000,0.000,12.991,,
556.527575,2026-03-10 17:51:56.891,ARDUINO_PSI,Arduino,0.000,0.000,12.995,,
556.626928,2026-03-10 17:51:56.990,ARDUINO_PSI,Arduino,0.000,0.000,13.005,,
556.727442,2026-03-10 17:51:57.090,ARDUINO_PSI,Arduino,0.000,0.000,13.005,,
556.827051,2026-03-10 17:51:57.190,ARDUINO_PSI,Arduino,0.000,0.000,13.009,,
556.927170,2026-03-10 17:51:57.290,ARDUINO_PSI,Arduino,0.000,0.000,13.007,,
557.027333,2026-03-10 17:51:57.390,ARDUINO_PSI,Arduino,0.000,0.000,13.007,,
557.126929,2026-03-10 17:51:57.490,ARDUINO_PSI,Arduino,0.000,0.000,13.009,,
557.227636,2026-03-10 17:51:57.591,ARDUINO_PSI,Arduino,0.000,0.000,13.011,,
557.327434,2026-03-10 17:51:57.690,ARDUINO_PSI,Arduino,0.000,0.000,13.014,,
557.427258,2026-03-10 17:51:57.790,ARDUINO_PSI,Arduino,0.000,0.000,13.011,,
557.526892,2026-03-10 17:51:57.890,ARDUINO_PSI,Arduino,0.000,0.000,13.023,,
557.627348,2026-03-10 17:51:57.990,ARDUINO_PSI,Arduino,0.000,0.000,13.021,,
557.727626,2026-03-10 17:51:58.091,ARDUINO_PSI,Arduino,0.000,0.000,13.037,,
557.827059,2026-03-10 17:51:58.190,ARDUINO_PSI,Arduino,0.000,0.000,13.039,,
557.927094,2026-03-10 17:51:58.290,ARDUINO_PSI,Arduino,0.000,0.000,13.030,,
558.028391,2026-03-10 17:51:58.391,ARDUINO_PSI,Arduino,0.000,0.000,13.023,,
558.127336,2026-03-10 17:51:58.490,ARDUINO_PSI,Arduino,0.000,0.000,13.009,,
558.227097,2026-03-10 17:51:58.590,ARDUINO_PSI,Arduino,0.000,0.000,13.000,,
558.327699,2026-03-10 17:51:58.691,ARDUINO_PSI,Arduino,0.000,0.000,12.995,,
558.426834,2026-03-10 17:51:58.790,ARDUINO_PSI,Arduino,0.000,0.000,12.993,,
558.527187,2026-03-10 17:51:58.890,ARDUINO_PSI,Arduino,0.000,0.000,12.991,,
558.627396,2026-03-10 17:51:58.990,ARDUINO_PSI,Arduino,0.000,0.000,12.984,,
558.727310,2026-03-10 17:51:59.090,ARDUINO_PSI,Arduino,0.000,0.000,12.977,,
558.827301,2026-03-10 17:51:59.190,ARDUINO_PSI,Arduino,0.000,0.000,12.973,,
558.927306,2026-03-10 17:51:59.290,ARDUINO_PSI,Arduino,0.000,0.000,12.966,,
559.027404,2026-03-10 17:51:59.390,ARDUINO_PSI,Arduino,0.000,0.000,12.968,,
559.127446,2026-03-10 17:51:59.490,ARDUINO_PSI,Arduino,0.000,0.000,12.966,,
559.227059,2026-03-10 17:51:59.590,ARDUINO_PSI,Arduino,0.000,0.000,12.973,,
559.327595,2026-03-10 17:51:59.691,ARDUINO_PSI,Arduino,0.000,0.000,12.975,,
559.427088,2026-03-10 17:51:59.790,ARDUINO_PSI,Arduino,0.000,0.000,12.970,,
559.527427,2026-03-10 17:51:59.890,ARDUINO_PSI,Arduino,0.000,0.000,12.961,,
559.627032,2026-03-10 17:51:59.990,ARDUINO_PSI,Arduino,0.000,0.000,12.966,,
559.727082,2026-03-10 17:52:00.090,ARDUINO_PSI,Arduino,0.000,0.000,12.952,,
559.827195,2026-03-10 17:52:00.190,ARDUINO_PSI,Arduino,0.000,0.000,12.950,,
559.927356,2026-03-10 17:52:00.290,ARDUINO_PSI,Arduino,0.000,0.000,12.963,,
560.027219,2026-03-10 17:52:00.390,ARDUINO_PSI,Arduino,0.000,0.000,12.963,,
560.127318,2026-03-10 17:52:00.490,ARDUINO_PSI,Arduino,0.000,0.000,12.968,,
560.226927,2026-03-10 17:52:00.590,ARDUINO_PSI,Arduino,0.000,0.000,12.970,,
560.327394,2026-03-10 17:52:00.690,ARDUINO_PSI,Arduino,0.000,0.000,12.968,,
560.427296,2026-03-10 17:52:00.790,ARDUINO_PSI,Arduino,0.000,0.000,12.966,,
560.526839,2026-03-10 17:52:00.890,ARDUINO_PSI,Arduino,0.000,0.000,12.961,,
560.627420,2026-03-10 17:52:00.990,ARDUINO_PSI,Arduino,0.000,0.000,12.954,,
560.727398,2026-03-10 17:52:01.090,ARDUINO_PSI,Arduino,0.000,0.000,12.959,,
560.827341,2026-03-10 17:52:01.190,ARDUINO_PSI,Arduino,0.000,0.000,12.966,,
560.927432,2026-03-10 17:52:01.290,ARDUINO_PSI,Arduino,0.000,0.000,12.973,,
561.027306,2026-03-10 17:52:01.390,ARDUINO_PSI,Arduino,0.000,0.000,12.963,,
561.126945,2026-03-10 17:52:01.490,ARDUINO_PSI,Arduino,0.000,0.000,12.970,,
561.227273,2026-03-10 17:52:01.590,ARDUINO_PSI,Arduino,0.000,0.000,12.954,,
561.327346,2026-03-10 17:52:01.690,ARDUINO_PSI,Arduino,0.000,0.000,12.954,,
561.426895,2026-03-10 17:52:01.790,ARDUINO_PSI,Arduino,0.000,0.000,12.950,,
561.527439,2026-03-10 17:52:01.890,ARDUINO_PSI,Arduino,0.000,0.000,12.957,,
561.626932,2026-03-10 17:52:01.990,ARDUINO_PSI,Arduino,0.000,0.000,12.954,,
561.727955,2026-03-10 17:52:02.091,ARDUINO_PSI,Arduino,0.000,0.000,12.959,,
561.827862,2026-03-10 17:52:02.191,ARDUINO_PSI,Arduino,0.000,0.000,12.954,,
561.926958,2026-03-10 17:52:02.290,ARDUINO_PSI,Arduino,0.000,0.000,12.943,,
562.026804,2026-03-10 17:52:02.390,ARDUINO_PSI,Arduino,0.000,0.000,12.938,,
562.127198,2026-03-10 17:52:02.490,ARDUINO_PSI,Arduino,0.000,0.000,12.938,,
562.227301,2026-03-10 17:52:02.590,ARDUINO_PSI,Arduino,0.000,0.000,12.925,,
562.327387,2026-03-10 17:52:02.690,ARDUINO_PSI,Arduino,0.000,0.000,12.934,,
562.427344,2026-03-10 17:52:02.790,ARDUINO_PSI,Arduino,0.000,0.000,12.945,,
562.526920,2026-03-10 17:52:02.890,ARDUINO_PSI,Arduino,0.000,0.000,12.950,,
562.627233,2026-03-10 17:52:02.990,ARDUINO_PSI,Arduino,0.000,0.000,12.954,,
562.727427,2026-03-10 17:52:03.090,ARDUINO_PSI,Arduino,0.000,0.000,12.957,,
562.827226,2026-03-10 17:52:03.190,ARDUINO_PSI,Arduino,0.000,0.000,12.947,,
562.927318,2026-03-10 17:52:03.290,ARDUINO_PSI,Arduino,0.000,0.000,12.947,,
563.027578,2026-03-10 17:52:03.391,ARDUINO_PSI,Arduino,0.000,0.000,12.950,,
563.127344,2026-03-10 17:52:03.490,ARDUINO_PSI,Arduino,0.000,0.000,12.941,,
563.226980,2026-03-10 17:52:03.590,ARDUINO_PSI,Arduino,0.000,0.000,12.947,,
563.326946,2026-03-10 17:52:03.690,ARDUINO_PSI,Arduino,0.000,0.000,12.952,,
563.427398,2026-03-10 17:52:03.790,ARDUINO_PSI,Arduino,0.000,0.000,12.957,,
563.527250,2026-03-10 17:52:03.890,ARDUINO_PSI,Arduino,0.000,0.000,12.961,,
563.628555,2026-03-10 17:52:03.992,ARDUINO_PSI,Arduino,0.000,0.000,12.966,,
563.727042,2026-03-10 17:52:04.090,ARDUINO_PSI,Arduino,0.000,0.000,12.973,,
563.827260,2026-03-10 17:52:04.190,ARDUINO_PSI,Arduino,0.000,0.000,12.973,,
563.927223,2026-03-10 17:52:04.290,ARDUINO_PSI,Arduino,0.000,0.000,12.973,,
564.027276,2026-03-10 17:52:04.390,ARDUINO_PSI,Arduino,0.000,0.000,12.963,,
564.127256,2026-03-10 17:52:04.490,ARDUINO_PSI,Arduino,0.000,0.000,12.963,,
564.227474,2026-03-10 17:52:04.590,ARDUINO_PSI,Arduino,0.000,0.000,12.977,,
564.327429,2026-03-10 17:52:04.690,ARDUINO_PSI,Arduino,0.000,0.000,12.968,,
564.427047,2026-03-10 17:52:04.790,ARDUINO_PSI,Arduino,0.000,0.000,12.957,,
564.527474,2026-03-10 17:52:04.890,ARDUINO_PSI,Arduino,0.000,0.000,12.959,,
564.627091,2026-03-10 17:52:04.990,ARDUINO_PSI,Arduino,0.000,0.000,12.970,,
564.727428,2026-03-10 17:52:05.090,ARDUINO_PSI,Arduino,0.000,0.000,12.968,,
564.827465,2026-03-10 17:52:05.190,ARDUINO_PSI,Arduino,0.000,0.000,12.975,,
564.927324,2026-03-10 17:52:05.290,ARDUINO_PSI,Arduino,0.000,0.000,12.975,,
565.028021,2026-03-10 17:52:05.391,ARDUINO_PSI,Arduino,0.000,0.000,12.977,,
565.127288,2026-03-10 17:52:05.490,ARDUINO_PSI,Arduino,0.000,0.000,12.982,,
565.227322,2026-03-10 17:52:05.590,ARDUINO_PSI,Arduino,0.000,0.000,12.986,,
565.327424,2026-03-10 17:52:05.690,ARDUINO_PSI,Arduino,0.000,0.000,12.984,,
565.427262,2026-03-10 17:52:05.790,ARDUINO_PSI,Arduino,0.000,0.000,12.989,,
565.526913,2026-03-10 17:52:05.890,ARDUINO_PSI,Arduino,0.000,0.000,12.982,,
565.627074,2026-03-10 17:52:05.990,ARDUINO_PSI,Arduino,0.000,0.000,12.975,,
565.727134,2026-03-10 17:52:06.090,ARDUINO_PSI,Arduino,0.000,0.000,12.959,,
565.827155,2026-03-10 17:52:06.190,ARDUINO_PSI,Arduino,0.000,0.000,12.961,,
565.927176,2026-03-10 17:52:06.290,ARDUINO_PSI,Arduino,0.000,0.000,12.968,,
566.027270,2026-03-10 17:52:06.390,ARDUINO_PSI,Arduino,0.000,0.000,12.973,,
566.127404,2026-03-10 17:52:06.490,ARDUINO_PSI,Arduino,0.000,0.000,12.968,,
566.227557,2026-03-10 17:52:06.591,ARDUINO_PSI,Arduino,0.000,0.000,12.961,,
566.326850,2026-03-10 17:52:06.690,ARDUINO_PSI,Arduino,0.000,0.000,12.961,,
566.427152,2026-03-10 17:52:06.790,ARDUINO_PSI,Arduino,0.000,0.000,12.966,,
566.527442,2026-03-10 17:52:06.890,ARDUINO_PSI,Arduino,0.000,0.000,12.966,,
566.627306,2026-03-10 17:52:06.990,ARDUINO_PSI,Arduino,0.000,0.000,12.952,,
566.727328,2026-03-10 17:52:07.090,ARDUINO_PSI,Arduino,0.000,0.000,12.954,,
566.826789,2026-03-10 17:52:07.190,ARDUINO_PSI,Arduino,0.000,0.000,12.959,,
566.927120,2026-03-10 17:52:07.290,ARDUINO_PSI,Arduino,0.000,0.000,12.952,,
567.027331,2026-03-10 17:52:07.390,ARDUINO_PSI,Arduino,0.000,0.000,12.961,,
567.127213,2026-03-10 17:52:07.490,ARDUINO_PSI,Arduino,0.000,0.000,12.963,,
567.227364,2026-03-10 17:52:07.590,ARDUINO_PSI,Arduino,0.000,0.000,12.959,,
567.327543,2026-03-10 17:52:07.690,ARDUINO_PSI,Arduino,0.000,0.000,12.963,,
567.427224,2026-03-10 17:52:07.790,ARDUINO_PSI,Arduino,0.000,0.000,12.957,,
567.526945,2026-03-10 17:52:07.890,ARDUINO_PSI,Arduino,0.000,0.000,12.952,,
567.627124,2026-03-10 17:52:07.990,ARDUINO_PSI,Arduino,0.000,0.000,12.963,,
567.727088,2026-03-10 17:52:08.090,ARDUINO_PSI,Arduino,0.000,0.000,12.984,,
567.827465,2026-03-10 17:52:08.190,ARDUINO_PSI,Arduino,0.000,0.000,12.995,,
567.927018,2026-03-10 17:52:08.290,ARDUINO_PSI,Arduino,0.000,0.000,12.998,,
568.027949,2026-03-10 17:52:08.391,ARDUINO_PSI,Arduino,0.000,0.000,12.998,,
568.127330,2026-03-10 17:52:08.490,ARDUINO_PSI,Arduino,0.000,0.000,13.014,,
568.226827,2026-03-10 17:52:08.590,ARDUINO_PSI,Arduino,0.000,0.000,13.023,,
568.327527,2026-03-10 17:52:08.690,ARDUINO_PSI,Arduino,0.000,0.000,13.023,,
568.427040,2026-03-10 17:52:08.790,ARDUINO_PSI,Arduino,0.000,0.000,13.014,,
568.527356,2026-03-10 17:52:08.890,ARDUINO_PSI,Arduino,0.000,0.000,13.011,,
568.627147,2026-03-10 17:52:08.990,ARDUINO_PSI,Arduino,0.000,0.000,13.018,,
568.727082,2026-03-10 17:52:09.090,ARDUINO_PSI,Arduino,0.000,0.000,13.025,,
568.827312,2026-03-10 17:52:09.190,ARDUINO_PSI,Arduino,0.000,0.000,13.016,,
568.927347,2026-03-10 17:52:09.290,ARDUINO_PSI,Arduino,0.000,0.000,13.027,,
569.027235,2026-03-10 17:52:09.390,ARDUINO_PSI,Arduino,0.000,0.000,13.016,,
569.126966,2026-03-10 17:52:09.490,ARDUINO_PSI,Arduino,0.000,0.000,13.014,,
569.227039,2026-03-10 17:52:09.590,ARDUINO_PSI,Arduino,0.000,0.000,13.011,,
569.327810,2026-03-10 17:52:09.691,ARDUINO_PSI,Arduino,0.000,0.000,13.009,,
569.427482,2026-03-10 17:52:09.790,ARDUINO_PSI,Arduino,0.000,0.000,13.023,,
569.527488,2026-03-10 17:52:09.890,ARDUINO_PSI,Arduino,0.000,0.000,13.030,,
569.627476,2026-03-10 17:52:09.990,ARDUINO_PSI,Arduino,0.000,0.000,13.018,,
569.727109,2026-03-10 17:52:10.090,ARDUINO_PSI,Arduino,0.000,0.000,13.000,,
569.827085,2026-03-10 17:52:10.190,ARDUINO_PSI,Arduino,0.000,0.000,12.995,,
569.927313,2026-03-10 17:52:10.290,ARDUINO_PSI,Arduino,0.000,0.000,12.993,,
570.027934,2026-03-10 17:52:10.391,ARDUINO_PSI,Arduino,0.000,0.000,13.002,,
570.127161,2026-03-10 17:52:10.490,ARDUINO_PSI,Arduino,0.000,0.000,12.991,,
570.227317,2026-03-10 17:52:10.590,ARDUINO_PSI,Arduino,0.000,0.000,12.982,,
570.327168,2026-03-10 17:52:10.690,ARDUINO_PSI,Arduino,0.000,0.000,12.991,,
570.427406,2026-03-10 17:52:10.790,ARDUINO_PSI,Arduino,0.000,0.000,12.991,,
570.527432,2026-03-10 17:52:10.890,ARDUINO_PSI,Arduino,0.000,0.000,12.993,,
570.627283,2026-03-10 17:52:10.990,ARDUINO_PSI,Arduino,0.000,0.000,12.991,,
570.727221,2026-03-10 17:52:11.090,ARDUINO_PSI,Arduino,0.000,0.000,12.979,,
570.827103,2026-03-10 17:52:11.190,ARDUINO_PSI,Arduino,0.000,0.000,12.982,,
570.927507,2026-03-10 17:52:11.290,ARDUINO_PSI,Arduino,0.000,0.000,12.977,,
571.027548,2026-03-10 17:52:11.390,ARDUINO_PSI,Arduino,0.000,0.000,12.979,,
571.127519,2026-03-10 17:52:11.490,ARDUINO_PSI,Arduino,0.000,0.000,12.984,,
571.227382,2026-03-10 17:52:11.590,ARDUINO_PSI,Arduino,0.000,0.000,12.984,,
571.327115,2026-03-10 17:52:11.690,ARDUINO_PSI,Arduino,0.000,0.000,12.993,,
571.427350,2026-03-10 17:52:11.790,ARDUINO_PSI,Arduino,0.000,0.000,12.986,,
571.527299,2026-03-10 17:52:11.890,ARDUINO_PSI,Arduino,0.000,0.000,12.986,,
571.627322,2026-03-10 17:52:11.990,ARDUINO_PSI,Arduino,0.000,0.000,12.986,,
571.727186,2026-03-10 17:52:12.090,ARDUINO_PSI,Arduino,0.000,0.000,12.991,,
571.827028,2026-03-10 17:52:12.190,ARDUINO_PSI,Arduino,0.000,0.000,12.986,,
571.927189,2026-03-10 17:52:12.290,ARDUINO_PSI,Arduino,0.000,0.000,12.986,,
572.026837,2026-03-10 17:52:12.390,ARDUINO_PSI,Arduino,0.000,0.000,12.989,,
572.127266,2026-03-10 17:52:12.490,ARDUINO_PSI,Arduino,0.000,0.000,12.991,,
572.227667,2026-03-10 17:52:12.591,ARDUINO_PSI,Arduino,0.000,0.000,13.002,,
572.327256,2026-03-10 17:52:12.690,ARDUINO_PSI,Arduino,0.000,0.000,12.991,,
572.427533,2026-03-10 17:52:12.790,ARDUINO_PSI,Arduino,0.000,0.000,12.998,,
572.528000,2026-03-10 17:52:12.891,ARDUINO_PSI,Arduino,0.000,0.000,13.002,,
572.627271,2026-03-10 17:52:12.990,ARDUINO_PSI,Arduino,0.000,0.000,12.998,,
572.727442,2026-03-10 17:52:13.090,ARDUINO_PSI,Arduino,0.000,0.000,13.007,,
572.827335,2026-03-10 17:52:13.190,ARDUINO_PSI,Arduino,0.000,0.000,13.009,,
572.927285,2026-03-10 17:52:13.290,ARDUINO_PSI,Arduino,0.000,0.000,13.011,,
573.027858,2026-03-10 17:52:13.391,ARDUINO_PSI,Arduino,0.000,0.000,13.016,,
573.127381,2026-03-10 17:52:13.490,ARDUINO_PSI,Arduino,0.000,0.000,13.016,,
573.226931,2026-03-10 17:52:13.590,ARDUINO_PSI,Arduino,0.000,0.000,13.011,,
573.327580,2026-03-10 17:52:13.691,ARDUINO_PSI,Arduino,0.000,0.000,12.998,,
573.427166,2026-03-10 17:52:13.790,ARDUINO_PSI,Arduino,0.000,0.000,12.991,,
573.527658,2026-03-10 17:52:13.891,ARDUINO_PSI,Arduino,0.000,0.000,13.000,,
573.627387,2026-03-10 17:52:13.990,ARDUINO_PSI,Arduino,0.000,0.000,12.998,,
573.727192,2026-03-10 17:52:14.090,ARDUINO_PSI,Arduino,0.000,0.000,13.005,,
573.827001,2026-03-10 17:52:14.190,ARDUINO_PSI,Arduino,0.000,0.000,13.009,,
573.927288,2026-03-10 17:52:14.290,ARDUINO_PSI,Arduino,0.000,0.000,13.002,,
574.027151,2026-03-10 17:52:14.390,ARDUINO_PSI,Arduino,0.000,0.000,12.998,,
574.127430,2026-03-10 17:52:14.490,ARDUINO_PSI,Arduino,0.000,0.000,12.995,,
574.227176,2026-03-10 17:52:14.590,ARDUINO_PSI,Arduino,0.000,0.000,12.993,,
574.326854,2026-03-10 17:52:14.690,ARDUINO_PSI,Arduino,0.000,0.000,12.998,,
574.427258,2026-03-10 17:52:14.790,ARDUINO_PSI,Arduino,0.000,0.000,12.995,,
574.527278,2026-03-10 17:52:14.890,ARDUINO_PSI,Arduino,0.000,0.000,12.984,,
574.627409,2026-03-10 17:52:14.990,ARDUINO_PSI,Arduino,0.000,0.000,12.991,,
574.727077,2026-03-10 17:52:15.090,ARDUINO_PSI,Arduino,0.000,0.000,12.979,,
574.827044,2026-03-10 17:52:15.190,ARDUINO_PSI,Arduino,0.000,0.000,12.977,,
574.927017,2026-03-10 17:52:15.290,ARDUINO_PSI,Arduino,0.000,0.000,12.968,,
575.027811,2026-03-10 17:52:15.391,ARDUINO_PSI,Arduino,0.000,0.000,12.966,,
575.127098,2026-03-10 17:52:15.490,ARDUINO_PSI,Arduino,0.000,0.000,12.963,,
575.227385,2026-03-10 17:52:15.590,ARDUINO_PSI,Arduino,0.000,0.000,12.966,,
575.327329,2026-03-10 17:52:15.690,ARDUINO_PSI,Arduino,0.000,0.000,12.977,,
575.427454,2026-03-10 17:52:15.790,ARDUINO_PSI,Arduino,0.000,0.000,12.986,,
575.526887,2026-03-10 17:52:15.890,ARDUINO_PSI,Arduino,0.000,0.000,12.984,,
575.626911,2026-03-10 17:52:15.990,ARDUINO_PSI,Arduino,0.000,0.000,12.984,,
575.727341,2026-03-10 17:52:16.090,ARDUINO_PSI,Arduino,0.000,0.000,12.977,,
575.827617,2026-03-10 17:52:16.191,ARDUINO_PSI,Arduino,0.000,0.000,12.979,,
575.927385,2026-03-10 17:52:16.290,ARDUINO_PSI,Arduino,0.000,0.000,12.979,,
576.027652,2026-03-10 17:52:16.391,ARDUINO_PSI,Arduino,0.000,0.000,12.968,,
576.127101,2026-03-10 17:52:16.490,ARDUINO_PSI,Arduino,0.000,0.000,12.975,,
576.226886,2026-03-10 17:52:16.590,ARDUINO_PSI,Arduino,0.000,0.000,12.963,,
576.326905,2026-03-10 17:52:16.690,ARDUINO_PSI,Arduino,0.000,0.000,12.973,,
576.426929,2026-03-10 17:52:16.790,ARDUINO_PSI,Arduino,0.000,0.000,12.970,,
576.527087,2026-03-10 17:52:16.890,ARDUINO_PSI,Arduino,0.000,0.000,12.973,,
576.627419,2026-03-10 17:52:16.990,ARDUINO_PSI,Arduino,0.000,0.000,12.966,,
576.727395,2026-03-10 17:52:17.090,ARDUINO_PSI,Arduino,0.000,0.000,12.961,,
576.827265,2026-03-10 17:52:17.190,ARDUINO_PSI,Arduino,0.000,0.000,12.961,,
576.927073,2026-03-10 17:52:17.290,ARDUINO_PSI,Arduino,0.000,0.000,12.957,,
577.027058,2026-03-10 17:52:17.390,ARDUINO_PSI,Arduino,0.000,0.000,12.961,,
577.127377,2026-03-10 17:52:17.490,ARDUINO_PSI,Arduino,0.000,0.000,12.959,,
577.227376,2026-03-10 17:52:17.590,ARDUINO_PSI,Arduino,0.000,0.000,12.966,,
577.326735,2026-03-10 17:52:17.690,ARDUINO_PSI,Arduino,0.000,0.000,12.954,,
577.427245,2026-03-10 17:52:17.790,ARDUINO_PSI,Arduino,0.000,0.000,12.954,,
577.526950,2026-03-10 17:52:17.890,ARDUINO_PSI,Arduino,0.000,0.000,12.947,,
577.627350,2026-03-10 17:52:17.990,ARDUINO_PSI,Arduino,0.000,0.000,12.957,,
577.727544,2026-03-10 17:52:18.090,ARDUINO_PSI,Arduino,0.000,0.000,12.957,,
577.827538,2026-03-10 17:52:18.190,ARDUINO_PSI,Arduino,0.000,0.000,12.954,,
577.927636,2026-03-10 17:52:18.291,ARDUINO_PSI,Arduino,0.000,0.000,12.961,,
578.027278,2026-03-10 17:52:18.390,ARDUINO_PSI,Arduino,0.000,0.000,12.963,,
578.127732,2026-03-10 17:52:18.491,ARDUINO_PSI,Arduino,0.000,0.000,12.959,,
578.227232,2026-03-10 17:52:18.590,ARDUINO_PSI,Arduino,0.000,0.000,12.966,,
578.327621,2026-03-10 17:52:18.691,ARDUINO_PSI,Arduino,0.000,0.000,12.963,,
578.427035,2026-03-10 17:52:18.790,ARDUINO_PSI,Arduino,0.000,0.000,12.973,,
578.528412,2026-03-10 17:52:18.891,ARDUINO_PSI,Arduino,0.000,0.000,12.975,,
578.627511,2026-03-10 17:52:18.990,ARDUINO_PSI,Arduino,0.000,0.000,12.979,,
578.727215,2026-03-10 17:52:19.090,ARDUINO_PSI,Arduino,0.000,0.000,12.991,,
578.827343,2026-03-10 17:52:19.190,ARDUINO_PSI,Arduino,0.000,0.000,12.995,,
578.926843,2026-03-10 17:52:19.290,ARDUINO_PSI,Arduino,0.000,0.000,13.002,,
579.027447,2026-03-10 17:52:19.390,ARDUINO_PSI,Arduino,0.000,0.000,13.000,,
579.126985,2026-03-10 17:52:19.490,ARDUINO_PSI,Arduino,0.000,0.000,12.995,,
579.228421,2026-03-10 17:52:19.591,ARDUINO_PSI,Arduino,0.000,0.000,13.005,,
579.327802,2026-03-10 17:52:19.691,ARDUINO_PSI,Arduino,0.000,0.000,13.000,,
579.427433,2026-03-10 17:52:19.790,ARDUINO_PSI,Arduino,0.000,0.000,12.995,,
579.527768,2026-03-10 17:52:19.891,ARDUINO_PSI,Arduino,0.000,0.000,12.998,,
579.627431,2026-03-10 17:52:19.990,ARDUINO_PSI,Arduino,0.000,0.000,12.982,,
579.728104,2026-03-10 17:52:20.091,ARDUINO_PSI,Arduino,0.000,0.000,12.989,,
579.827396,2026-03-10 17:52:20.190,ARDUINO_PSI,Arduino,0.000,0.000,12.989,,
579.928389,2026-03-10 17:52:20.291,ARDUINO_PSI,Arduino,0.000,0.000,12.986,,
580.027843,2026-03-10 17:52:20.391,ARDUINO_PSI,Arduino,0.000,0.000,12.982,,
580.127385,2026-03-10 17:52:20.490,ARDUINO_PSI,Arduino,0.000,0.000,12.986,,
580.227412,2026-03-10 17:52:20.590,ARDUINO_PSI,Arduino,0.000,0.000,12.979,,
580.327594,2026-03-10 17:52:20.691,ARDUINO_PSI,Arduino,0.000,0.000,12.973,,
580.427974,2026-03-10 17:52:20.791,ARDUINO_PSI,Arduino,0.000,0.000,12.963,,
580.528005,2026-03-10 17:52:20.891,ARDUINO_PSI,Arduino,0.000,0.000,12.963,,
580.627274,2026-03-10 17:52:20.990,ARDUINO_PSI,Arduino,0.000,0.000,12.963,,
580.729227,2026-03-10 17:52:21.092,ARDUINO_PSI,Arduino,0.000,0.000,12.966,,
580.827310,2026-03-10 17:52:21.190,ARDUINO_PSI,Arduino,0.000,0.000,12.959,,
580.927543,2026-03-10 17:52:21.290,ARDUINO_PSI,Arduino,0.000,0.000,12.961,,
581.028959,2026-03-10 17:52:21.392,ARDUINO_PSI,Arduino,0.000,0.000,12.954,,
581.128481,2026-03-10 17:52:21.491,ARDUINO_PSI,Arduino,0.000,0.000,12.961,,
581.228171,2026-03-10 17:52:21.591,ARDUINO_PSI,Arduino,0.000,0.000,12.957,,
581.327679,2026-03-10 17:52:21.691,ARDUINO_PSI,Arduino,0.000,0.000,12.957,,
581.427321,2026-03-10 17:52:21.790,ARDUINO_PSI,Arduino,0.000,0.000,12.954,,
581.527634,2026-03-10 17:52:21.891,ARDUINO_PSI,Arduino,0.000,0.000,12.954,,
581.627802,2026-03-10 17:52:21.991,ARDUINO_PSI,Arduino,0.000,0.000,12.975,,
581.727431,2026-03-10 17:52:22.090,ARDUINO_PSI,Arduino,0.000,0.000,12.968,,
581.827416,2026-03-10 17:52:22.190,ARDUINO_PSI,Arduino,0.000,0.000,12.970,,
581.927225,2026-03-10 17:52:22.290,ARDUINO_PSI,Arduino,0.000,0.000,12.961,,
582.027616,2026-03-10 17:52:22.391,ARDUINO_PSI,Arduino,0.000,0.000,12.970,,
582.127774,2026-03-10 17:52:22.491,ARDUINO_PSI,Arduino,0.000,0.000,12.982,,
582.227614,2026-03-10 17:52:22.591,ARDUINO_PSI,Arduino,0.000,0.000,12.991,,
582.327580,2026-03-10 17:52:22.691,ARDUINO_PSI,Arduino,0.000,0.000,12.984,,
582.428223,2026-03-10 17:52:22.791,ARDUINO_PSI,Arduino,0.000,0.000,12.986,,
582.528577,2026-03-10 17:52:22.892,ARDUINO_PSI,Arduino,0.000,0.000,12.989,,
582.628095,2026-03-10 17:52:22.991,ARDUINO_PSI,Arduino,0.000,0.000,12.993,,
582.728025,2026-03-10 17:52:23.091,ARDUINO_PSI,Arduino,0.000,0.000,13.000,,
582.827492,2026-03-10 17:52:23.190,ARDUINO_PSI,Arduino,0.000,0.000,13.007,,
582.927552,2026-03-10 17:52:23.291,ARDUINO_PSI,Arduino,0.000,0.000,13.002,,
583.028407,2026-03-10 17:52:23.391,ARDUINO_PSI,Arduino,0.000,0.000,13.009,,
583.128476,2026-03-10 17:52:23.491,ARDUINO_PSI,Arduino,0.000,0.000,13.002,,
583.227389,2026-03-10 17:52:23.590,ARDUINO_PSI,Arduino,0.000,0.000,13.002,,
583.327304,2026-03-10 17:52:23.690,ARDUINO_PSI,Arduino,0.000,0.000,12.995,,
583.427545,2026-03-10 17:52:23.790,ARDUINO_PSI,Arduino,0.000,0.000,12.989,,
583.528303,2026-03-10 17:52:23.891,ARDUINO_PSI,Arduino,0.000,0.000,12.989,,
583.627884,2026-03-10 17:52:23.991,ARDUINO_PSI,Arduino,0.000,0.000,12.973,,
583.727520,2026-03-10 17:52:24.090,ARDUINO_PSI,Arduino,0.000,0.000,12.975,,
583.828536,2026-03-10 17:52:24.191,ARDUINO_PSI,Arduino,0.000,0.000,12.970,,
583.927907,2026-03-10 17:52:24.291,ARDUINO_PSI,Arduino,0.000,0.000,12.975,,
584.027497,2026-03-10 17:52:24.390,ARDUINO_PSI,Arduino,0.000,0.000,12.973,,
584.127361,2026-03-10 17:52:24.490,ARDUINO_PSI,Arduino,0.000,0.000,12.959,,
584.228157,2026-03-10 17:52:24.591,ARDUINO_PSI,Arduino,0.000,0.000,12.957,,
584.328519,2026-03-10 17:52:24.691,ARDUINO_PSI,Arduino,0.000,0.000,12.957,,
584.427440,2026-03-10 17:52:24.790,ARDUINO_PSI,Arduino,0.000,0.000,12.957,,
584.527971,2026-03-10 17:52:24.891,ARDUINO_PSI,Arduino,0.000,0.000,12.954,,
584.627287,2026-03-10 17:52:24.990,ARDUINO_PSI,Arduino,0.000,0.000,12.943,,
584.727330,2026-03-10 17:52:25.090,ARDUINO_PSI,Arduino,0.000,0.000,12.934,,
584.828183,2026-03-10 17:52:25.191,ARDUINO_PSI,Arduino,0.000,0.000,12.925,,
584.927851,2026-03-10 17:52:25.291,ARDUINO_PSI,Arduino,0.000,0.000,12.929,,
585.027906,2026-03-10 17:52:25.391,ARDUINO_PSI,Arduino,0.000,0.000,12.922,,
585.127203,2026-03-10 17:52:25.490,ARDUINO_PSI,Arduino,0.000,0.000,12.920,,
585.228681,2026-03-10 17:52:25.592,ARDUINO_PSI,Arduino,0.000,0.000,12.918,,
585.327068,2026-03-10 17:52:25.690,ARDUINO_PSI,Arduino,0.000,0.000,12.925,,
585.427385,2026-03-10 17:52:25.790,ARDUINO_PSI,Arduino,0.000,0.000,12.938,,
585.527275,2026-03-10 17:52:25.890,ARDUINO_PSI,Arduino,0.000,0.000,12.934,,
585.627918,2026-03-10 17:52:25.991,ARDUINO_PSI,Arduino,0.000,0.000,12.929,,
585.728047,2026-03-10 17:52:26.091,ARDUINO_PSI,Arduino,0.000,0.000,12.938,,
585.827265,2026-03-10 17:52:26.190,ARDUINO_PSI,Arduino,0.000,0.000,12.941,,
585.927376,2026-03-10 17:52:26.290,ARDUINO_PSI,Arduino,0.000,0.000,12.938,,
586.028568,2026-03-10 17:52:26.392,ARDUINO_PSI,Arduino,0.000,0.000,12.950,,
586.127402,2026-03-10 17:52:26.490,ARDUINO_PSI,Arduino,0.000,0.000,12.957,,
586.227393,2026-03-10 17:52:26.590,ARDUINO_PSI,Arduino,0.000,0.000,12.961,,
586.327081,2026-03-10 17:52:26.690,ARDUINO_PSI,Arduino,0.000,0.000,12.966,,
586.427165,2026-03-10 17:52:26.790,ARDUINO_PSI,Arduino,0.000,0.000,12.963,,
586.528158,2026-03-10 17:52:26.891,ARDUINO_PSI,Arduino,0.000,0.000,12.957,,
586.627274,2026-03-10 17:52:26.990,ARDUINO_PSI,Arduino,0.000,0.000,12.961,,
586.728214,2026-03-10 17:52:27.091,ARDUINO_PSI,Arduino,0.000,0.000,12.966,,
586.827327,2026-03-10 17:52:27.190,ARDUINO_PSI,Arduino,0.000,0.000,12.966,,
586.928009,2026-03-10 17:52:27.291,ARDUINO_PSI,Arduino,0.000,0.000,12.963,,
587.028597,2026-03-10 17:52:27.392,ARDUINO_PSI,Arduino,0.000,0.000,12.968,,
587.127312,2026-03-10 17:52:27.490,ARDUINO_PSI,Arduino,0.000,0.000,12.982,,
587.228050,2026-03-10 17:52:27.591,ARDUINO_PSI,Arduino,0.000,0.000,12.979,,
587.327300,2026-03-10 17:52:27.690,ARDUINO_PSI,Arduino,0.000,0.000,12.975,,
587.428141,2026-03-10 17:52:27.791,ARDUINO_PSI,Arduino,0.000,0.000,12.984,,
587.528241,2026-03-10 17:52:27.891,ARDUINO_PSI,Arduino,0.000,0.000,12.991,,
587.627818,2026-03-10 17:52:27.991,ARDUINO_PSI,Arduino,0.000,0.000,12.995,,
587.727397,2026-03-10 17:52:28.090,ARDUINO_PSI,Arduino,0.000,0.000,12.982,,
587.827553,2026-03-10 17:52:28.191,ARDUINO_PSI,Arduino,0.000,0.000,12.977,,
587.927927,2026-03-10 17:52:28.291,ARDUINO_PSI,Arduino,0.000,0.000,12.982,,
588.027304,2026-03-10 17:52:28.390,ARDUINO_PSI,Arduino,0.000,0.000,12.977,,
588.127273,2026-03-10 17:52:28.490,ARDUINO_PSI,Arduino,0.000,0.000,12.975,,
588.227184,2026-03-10 17:52:28.590,ARDUINO_PSI,Arduino,0.000,0.000,12.968,,
588.327740,2026-03-10 17:52:28.691,ARDUINO_PSI,Arduino,0.000,0.000,12.970,,
588.427895,2026-03-10 17:52:28.791,ARDUINO_PSI,Arduino,0.000,0.000,12.977,,
588.529361,2026-03-10 17:52:28.892,ARDUINO_PSI,Arduino,0.000,0.000,12.991,,
588.627290,2026-03-10 17:52:28.990,ARDUINO_PSI,Arduino,0.000,0.000,12.998,,
588.727498,2026-03-10 17:52:29.090,ARDUINO_PSI,Arduino,0.000,0.000,12.986,,
588.827318,2026-03-10 17:52:29.190,ARDUINO_PSI,Arduino,0.000,0.000,12.977,,
588.927288,2026-03-10 17:52:29.290,ARDUINO_PSI,Arduino,0.000,0.000,12.984,,
589.027453,2026-03-10 17:52:29.390,ARDUINO_PSI,Arduino,0.000,0.000,12.975,,
589.128399,2026-03-10 17:52:29.491,ARDUINO_PSI,Arduino,0.000,0.000,12.975,,
589.228070,2026-03-10 17:52:29.591,ARDUINO_PSI,Arduino,0.000,0.000,12.977,,
589.328382,2026-03-10 17:52:29.691,ARDUINO_PSI,Arduino,0.000,0.000,12.977,,
589.428242,2026-03-10 17:52:29.791,ARDUINO_PSI,Arduino,0.000,0.000,12.973,,
589.527285,2026-03-10 17:52:29.890,ARDUINO_PSI,Arduino,0.000,0.000,12.963,,
589.627098,2026-03-10 17:52:29.990,ARDUINO_PSI,Arduino,0.000,0.000,12.959,,
589.727324,2026-03-10 17:52:30.090,ARDUINO_PSI,Arduino,0.000,0.000,12.975,,
589.826843,2026-03-10 17:52:30.190,ARDUINO_PSI,Arduino,0.000,0.000,12.977,,
589.927301,2026-03-10 17:52:30.290,ARDUINO_PSI,Arduino,0.000,0.000,12.968,,
590.028788,2026-03-10 17:52:30.392,ARDUINO_PSI,Arduino,0.000,0.000,12.966,,
590.127190,2026-03-10 17:52:30.490,ARDUINO_PSI,Arduino,0.000,0.000,12.954,,
590.227592,2026-03-10 17:52:30.591,ARDUINO_PSI,Arduino,0.000,0.000,12.957,,
590.326776,2026-03-10 17:52:30.690,ARDUINO_PSI,Arduino,0.000,0.000,12.945,,
590.427849,2026-03-10 17:52:30.791,ARDUINO_PSI,Arduino,0.000,0.000,12.936,,
590.527455,2026-03-10 17:52:30.890,ARDUINO_PSI,Arduino,0.000,0.000,12.925,,
590.626992,2026-03-10 17:52:30.990,ARDUINO_PSI,Arduino,0.000,0.000,12.922,,
590.727306,2026-03-10 17:52:31.090,ARDUINO_PSI,Arduino,0.000,0.000,12.934,,
590.827512,2026-03-10 17:52:31.190,ARDUINO_PSI,Arduino,0.000,0.000,12.952,,
590.928156,2026-03-10 17:52:31.291,ARDUINO_PSI,Arduino,0.000,0.000,12.947,,
591.027391,2026-03-10 17:52:31.390,ARDUINO_PSI,Arduino,0.000,0.000,12.947,,
591.127347,2026-03-10 17:52:31.490,ARDUINO_PSI,Arduino,0.000,0.000,12.936,,
591.228285,2026-03-10 17:52:31.591,ARDUINO_PSI,Arduino,0.000,0.000,12.931,,
591.327563,2026-03-10 17:52:31.691,ARDUINO_PSI,Arduino,0.000,0.000,12.936,,
591.427145,2026-03-10 17:52:31.790,ARDUINO_PSI,Arduino,0.000,0.000,12.929,,
591.527738,2026-03-10 17:52:31.891,ARDUINO_PSI,Arduino,0.000,0.000,12.943,,
591.627213,2026-03-10 17:52:31.990,ARDUINO_PSI,Arduino,0.000,0.000,12.957,,
591.728361,2026-03-10 17:52:32.091,ARDUINO_PSI,Arduino,0.000,0.000,12.954,,
591.827361,2026-03-10 17:52:32.190,ARDUINO_PSI,Arduino,0.000,0.000,12.968,,
591.927484,2026-03-10 17:52:32.290,ARDUINO_PSI,Arduino,0.000,0.000,12.966,,
592.027940,2026-03-10 17:52:32.391,ARDUINO_PSI,Arduino,0.000,0.000,12.966,,
592.128202,2026-03-10 17:52:32.491,ARDUINO_PSI,Arduino,0.000,0.000,12.977,,
592.227883,2026-03-10 17:52:32.591,ARDUINO_PSI,Arduino,0.000,0.000,12.984,,
592.329069,2026-03-10 17:52:32.692,ARDUINO_PSI,Arduino,0.000,0.000,12.989,,
592.427522,2026-03-10 17:52:32.790,ARDUINO_PSI,Arduino,0.000,0.000,12.993,,
592.529008,2026-03-10 17:52:32.892,ARDUINO_PSI,Arduino,0.000,0.000,12.998,,
592.627289,2026-03-10 17:52:32.990,ARDUINO_PSI,Arduino,0.000,0.000,12.989,,
592.727505,2026-03-10 17:52:33.090,ARDUINO_PSI,Arduino,0.000,0.000,12.982,,
592.827542,2026-03-10 17:52:33.190,ARDUINO_PSI,Arduino,0.000,0.000,12.979,,
592.927239,2026-03-10 17:52:33.290,ARDUINO_PSI,Arduino,0.000,0.000,12.973,,
593.027397,2026-03-10 17:52:33.390,ARDUINO_PSI,Arduino,0.000,0.000,12.968,,
593.127130,2026-03-10 17:52:33.490,ARDUINO_PSI,Arduino,0.000,0.000,12.984,,
593.227347,2026-03-10 17:52:33.590,ARDUINO_PSI,Arduino,0.000,0.000,12.995,,
593.327392,2026-03-10 17:52:33.690,ARDUINO_PSI,Arduino,0.000,0.000,12.998,,
593.427401,2026-03-10 17:52:33.790,ARDUINO_PSI,Arduino,0.000,0.000,12.998,,
593.528541,2026-03-10 17:52:33.891,ARDUINO_PSI,Arduino,0.000,0.000,12.993,,
593.627263,2026-03-10 17:52:33.990,ARDUINO_PSI,Arduino,0.000,0.000,12.979,,
593.727310,2026-03-10 17:52:34.090,ARDUINO_PSI,Arduino,0.000,0.000,12.973,,
593.827219,2026-03-10 17:52:34.190,ARDUINO_PSI,Arduino,0.000,0.000,12.966,,
593.928627,2026-03-10 17:52:34.292,ARDUINO_PSI,Arduino,0.000,0.000,12.968,,
594.027725,2026-03-10 17:52:34.391,ARDUINO_PSI,Arduino,0.000,0.000,12.966,,
594.127305,2026-03-10 17:52:34.490,ARDUINO_PSI,Arduino,0.000,0.000,12.959,,
594.227441,2026-03-10 17:52:34.590,ARDUINO_PSI,Arduino,0.000,0.000,12.952,,
594.327276,2026-03-10 17:52:34.690,ARDUINO_PSI,Arduino,0.000,0.000,12.952,,
594.428536,2026-03-10 17:52:34.791,ARDUINO_PSI,Arduino,0.000,0.000,12.947,,
594.527398,2026-03-10 17:52:34.890,ARDUINO_PSI,Arduino,0.000,0.000,12.947,,
594.627251,2026-03-10 17:52:34.990,ARDUINO_PSI,Arduino,0.000,0.000,12.959,,
594.727291,2026-03-10 17:52:35.090,ARDUINO_PSI,Arduino,0.000,0.000,12.959,,
594.827367,2026-03-10 17:52:35.190,ARDUINO_PSI,Arduino,0.000,0.000,12.943,,
594.926810,2026-03-10 17:52:35.290,ARDUINO_PSI,Arduino,0.000,0.000,12.957,,
595.027383,2026-03-10 17:52:35.390,ARDUINO_PSI,Arduino,0.000,0.000,12.963,,
595.127229,2026-03-10 17:52:35.490,ARDUINO_PSI,Arduino,0.000,0.000,12.952,,
595.227317,2026-03-10 17:52:35.590,ARDUINO_PSI,Arduino,0.000,0.000,12.941,,
595.327295,2026-03-10 17:52:35.690,ARDUINO_PSI,Arduino,0.000,0.000,12.936,,
595.428298,2026-03-10 17:52:35.791,ARDUINO_PSI,Arduino,0.000,0.000,12.929,,
595.528452,2026-03-10 17:52:35.891,ARDUINO_PSI,Arduino,0.000,0.000,12.925,,
595.627594,2026-03-10 17:52:35.991,ARDUINO_PSI,Arduino,0.000,0.000,12.934,,
595.727341,2026-03-10 17:52:36.090,ARDUINO_PSI,Arduino,0.000,0.000,12.934,,
595.827753,2026-03-10 17:52:36.191,ARDUINO_PSI,Arduino,0.000,0.000,12.931,,
595.927325,2026-03-10 17:52:36.290,ARDUINO_PSI,Arduino,0.000,0.000,12.941,,
596.027327,2026-03-10 17:52:36.390,ARDUINO_PSI,Arduino,0.000,0.000,12.945,,
596.127710,2026-03-10 17:52:36.491,ARDUINO_PSI,Arduino,0.000,0.000,12.954,,
596.227094,2026-03-10 17:52:36.590,ARDUINO_PSI,Arduino,0.000,0.000,12.961,,
596.327934,2026-03-10 17:52:36.691,ARDUINO_PSI,Arduino,0.000,0.000,12.970,,
596.427379,2026-03-10 17:52:36.790,ARDUINO_PSI,Arduino,0.000,0.000,12.982,,
596.526806,2026-03-10 17:52:36.890,ARDUINO_PSI,Arduino,0.000,0.000,12.982,,
596.628528,2026-03-10 17:52:36.991,ARDUINO_PSI,Arduino,0.000,0.000,12.986,,
596.728794,2026-03-10 17:52:37.092,ARDUINO_PSI,Arduino,0.000,0.000,12.986,,
596.826960,2026-03-10 17:52:37.190,ARDUINO_PSI,Arduino,0.000,0.000,12.993,,
596.928201,2026-03-10 17:52:37.291,ARDUINO_PSI,Arduino,0.000,0.000,12.991,,
597.027977,2026-03-10 17:52:37.391,ARDUINO_PSI,Arduino,0.000,0.000,12.986,,
597.127264,2026-03-10 17:52:37.490,ARDUINO_PSI,Arduino,0.000,0.000,12.986,,
597.227297,2026-03-10 17:52:37.590,ARDUINO_PSI,Arduino,0.000,0.000,12.984,,
597.327353,2026-03-10 17:52:37.690,ARDUINO_PSI,Arduino,0.000,0.000,12.986,,
597.428570,2026-03-10 17:52:37.792,ARDUINO_PSI,Arduino,0.000,0.000,12.986,,
597.528166,2026-03-10 17:52:37.891,ARDUINO_PSI,Arduino,0.000,0.000,12.984,,
597.627574,2026-03-10 17:52:37.991,ARDUINO_PSI,Arduino,0.000,0.000,12.993,,
597.727151,2026-03-10 17:52:38.090,ARDUINO_PSI,Arduino,0.000,0.000,12.991,,
597.827139,2026-03-10 17:52:38.190,ARDUINO_PSI,Arduino,0.000,0.000,12.986,,
597.928608,2026-03-10 17:52:38.292,ARDUINO_PSI,Arduino,0.000,0.000,12.984,,
598.027497,2026-03-10 17:52:38.390,ARDUINO_PSI,Arduino,0.000,0.000,12.984,,
598.127310,2026-03-10 17:52:38.490,ARDUINO_PSI,Arduino,0.000,0.000,12.977,,
598.227722,2026-03-10 17:52:38.591,ARDUINO_PSI,Arduino,0.000,0.000,12.973,,
598.328638,2026-03-10 17:52:38.692,ARDUINO_PSI,Arduino,0.000,0.000,12.968,,
598.427399,2026-03-10 17:52:38.790,ARDUINO_PSI,Arduino,0.000,0.000,12.963,,
598.527663,2026-03-10 17:52:38.891,ARDUINO_PSI,Arduino,0.000,0.000,12.970,,
598.627274,2026-03-10 17:52:38.990,ARDUINO_PSI,Arduino,0.000,0.000,12.961,,
598.728833,2026-03-10 17:52:39.092,ARDUINO_PSI,Arduino,0.000,0.000,12.968,,
598.828283,2026-03-10 17:52:39.191,ARDUINO_PSI,Arduino,0.000,0.000,12.968,,
598.926782,2026-03-10 17:52:39.290,ARDUINO_PSI,Arduino,0.000,0.000,12.970,,
599.028687,2026-03-10 17:52:39.392,ARDUINO_PSI,Arduino,0.000,0.000,12.970,,
599.127491,2026-03-10 17:52:39.490,ARDUINO_PSI,Arduino,0.000,0.000,12.970,,
599.227282,2026-03-10 17:52:39.590,ARDUINO_PSI,Arduino,0.000,0.000,12.991,,
599.327428,2026-03-10 17:52:39.690,ARDUINO_PSI,Arduino,0.000,0.000,12.986,,
599.427364,2026-03-10 17:52:39.790,ARDUINO_PSI,Arduino,0.000,0.000,12.986,,
599.527354,2026-03-10 17:52:39.890,ARDUINO_PSI,Arduino,0.000,0.000,12.986,,
599.627787,2026-03-10 17:52:39.991,ARDUINO_PSI,Arduino,0.000,0.000,12.973,,
599.727954,2026-03-10 17:52:40.091,ARDUINO_PSI,Arduino,0.000,0.000,12.975,,
599.828087,2026-03-10 17:52:40.191,ARDUINO_PSI,Arduino,0.000,0.000,12.984,,
599.927558,2026-03-10 17:52:40.291,ARDUINO_PSI,Arduino,0.000,0.000,12.989,,
600.027597,2026-03-10 17:52:40.391,ARDUINO_PSI,Arduino,0.000,0.000,12.995,,
600.127282,2026-03-10 17:52:40.490,ARDUINO_PSI,Arduino,0.000,0.000,13.002,,
600.226930,2026-03-10 17:52:40.590,ARDUINO_PSI,Arduino,0.000,0.000,13.005,,
600.326884,2026-03-10 17:52:40.690,ARDUINO_PSI,Arduino,0.000,0.000,12.991,,
600.427404,2026-03-10 17:52:40.790,ARDUINO_PSI,Arduino,0.000,0.000,12.993,,
600.527704,2026-03-10 17:52:40.891,ARDUINO_PSI,Arduino,0.000,0.000,12.984,,
600.628625,2026-03-10 17:52:40.992,ARDUINO_PSI,Arduino,0.000,0.000,12.984,,
600.727722,2026-03-10 17:52:41.091,ARDUINO_PSI,Arduino,0.000,0.000,12.982,,
600.827350,2026-03-10 17:52:41.190,ARDUINO_PSI,Arduino,0.000,0.000,12.982,,
600.928455,2026-03-10 17:52:41.291,ARDUINO_PSI,Arduino,0.000,0.000,12.970,,
601.029129,2026-03-10 17:52:41.392,ARDUINO_PSI,Arduino,0.000,0.000,12.984,,
601.126949,2026-03-10 17:52:41.490,ARDUINO_PSI,Arduino,0.000,0.000,12.989,,
601.227323,2026-03-10 17:52:41.590,ARDUINO_PSI,Arduino,0.000,0.000,12.975,,
601.327306,2026-03-10 17:52:41.690,ARDUINO_PSI,Arduino,0.000,0.000,12.975,,
601.427442,2026-03-10 17:52:41.790,ARDUINO_PSI,Arduino,0.000,0.000,12.986,,
601.528041,2026-03-10 17:52:41.891,ARDUINO_PSI,Arduino,0.000,0.000,12.986,,
601.628220,2026-03-10 17:52:41.991,ARDUINO_PSI,Arduino,0.000,0.000,12.991,,
601.727419,2026-03-10 17:52:42.090,ARDUINO_PSI,Arduino,0.000,0.000,12.991,,
601.826927,2026-03-10 17:52:42.190,ARDUINO_PSI,Arduino,0.000,0.000,12.989,,
601.927957,2026-03-10 17:52:42.291,ARDUINO_PSI,Arduino,0.000,0.000,12.986,,
602.027225,2026-03-10 17:52:42.390,ARDUINO_PSI,Arduino,0.000,0.000,12.970,,
602.128015,2026-03-10 17:52:42.491,ARDUINO_PSI,Arduino,0.000,0.000,12.968,,
602.228445,2026-03-10 17:52:42.591,ARDUINO_PSI,Arduino,0.000,0.000,12.973,,
602.328678,2026-03-10 17:52:42.692,ARDUINO_PSI,Arduino,0.000,0.000,12.982,,
602.427376,2026-03-10 17:52:42.790,ARDUINO_PSI,Arduino,0.000,0.000,12.984,,
602.527267,2026-03-10 17:52:42.890,ARDUINO_PSI,Arduino,0.000,0.000,12.989,,
602.627892,2026-03-10 17:52:42.991,ARDUINO_PSI,Arduino,0.000,0.000,12.991,,
602.727261,2026-03-10 17:52:43.090,ARDUINO_PSI,Arduino,0.000,0.000,12.989,,
602.827321,2026-03-10 17:52:43.190,ARDUINO_PSI,Arduino,0.000,0.000,12.984,,
602.927453,2026-03-10 17:52:43.290,ARDUINO_PSI,Arduino,0.000,0.000,12.991,,
603.027382,2026-03-10 17:52:43.390,ARDUINO_PSI,Arduino,0.000,0.000,12.973,,
603.127972,2026-03-10 17:52:43.491,ARDUINO_PSI,Arduino,0.000,0.000,12.975,,
603.227226,2026-03-10 17:52:43.590,ARDUINO_PSI,Arduino,0.000,0.000,12.977,,
603.327311,2026-03-10 17:52:43.690,ARDUINO_PSI,Arduino,0.000,0.000,12.989,,
603.427846,2026-03-10 17:52:43.791,ARDUINO_PSI,Arduino,0.000,0.000,12.970,,
603.528157,2026-03-10 17:52:43.891,ARDUINO_PSI,Arduino,0.000,0.000,12.982,,
603.628283,2026-03-10 17:52:43.991,ARDUINO_PSI,Arduino,0.000,0.000,12.984,,
603.728686,2026-03-10 17:52:44.092,ARDUINO_PSI,Arduino,0.000,0.000,12.984,,
603.828453,2026-03-10 17:52:44.191,ARDUINO_PSI,Arduino,0.000,0.000,12.973,,
603.927723,2026-03-10 17:52:44.291,ARDUINO_PSI,Arduino,0.000,0.000,12.966,,
604.028055,2026-03-10 17:52:44.391,ARDUINO_PSI,Arduino,0.000,0.000,12.979,,
604.127395,2026-03-10 17:52:44.490,ARDUINO_PSI,Arduino,0.000,0.000,12.973,,
604.227413,2026-03-10 17:52:44.590,ARDUINO_PSI,Arduino,0.000,0.000,12.966,,
604.327385,2026-03-10 17:52:44.690,ARDUINO_PSI,Arduino,0.000,0.000,12.966,,
604.427365,2026-03-10 17:52:44.790,ARDUINO_PSI,Arduino,0.000,0.000,12.957,,
604.527847,2026-03-10 17:52:44.891,ARDUINO_PSI,Arduino,0.000,0.000,12.952,,
604.627221,2026-03-10 17:52:44.990,ARDUINO_PSI,Arduino,0.000,0.000,12.952,,
604.727983,2026-03-10 17:52:45.091,ARDUINO_PSI,Arduino,0.000,0.000,12.950,,
604.828162,2026-03-10 17:52:45.191,ARDUINO_PSI,Arduino,0.000,0.000,12.952,,
604.927596,2026-03-10 17:52:45.291,ARDUINO_PSI,Arduino,0.000,0.000,12.954,,
605.027356,2026-03-10 17:52:45.390,ARDUINO_PSI,Arduino,0.000,0.000,12.961,,
605.127539,2026-03-10 17:52:45.490,ARDUINO_PSI,Arduino,0.000,0.000,12.950,,
605.227438,2026-03-10 17:52:45.590,ARDUINO_PSI,Arduino,0.000,0.000,12.950,,
605.326960,2026-03-10 17:52:45.690,ARDUINO_PSI,Arduino,0.000,0.000,12.954,,
605.427332,2026-03-10 17:52:45.790,ARDUINO_PSI,Arduino,0.000,0.000,12.957,,
605.527346,2026-03-10 17:52:45.890,ARDUINO_PSI,Arduino,0.000,0.000,12.957,,
605.627512,2026-03-10 17:52:45.990,ARDUINO_PSI,Arduino,0.000,0.000,12.957,,
605.727421,2026-03-10 17:52:46.090,ARDUINO_PSI,Arduino,0.000,0.000,12.957,,
605.828204,2026-03-10 17:52:46.191,ARDUINO_PSI,Arduino,0.000,0.000,12.959,,
605.927643,2026-03-10 17:52:46.291,ARDUINO_PSI,Arduino,0.000,0.000,12.966,,
606.028046,2026-03-10 17:52:46.391,ARDUINO_PSI,Arduino,0.000,0.000,12.963,,
606.127196,2026-03-10 17:52:46.490,ARDUINO_PSI,Arduino,0.000,0.000,12.963,,
606.227000,2026-03-10 17:52:46.590,ARDUINO_PSI,Arduino,0.000,0.000,12.970,,
606.326907,2026-03-10 17:52:46.690,ARDUINO_PSI,Arduino,0.000,0.000,12.973,,
606.427412,2026-03-10 17:52:46.790,ARDUINO_PSI,Arduino,0.000,0.000,12.977,,
606.527518,2026-03-10 17:52:46.890,ARDUINO_PSI,Arduino,0.000,0.000,12.973,,
606.628452,2026-03-10 17:52:46.991,ARDUINO_PSI,Arduino,0.000,0.000,12.970,,
606.727406,2026-03-10 17:52:47.090,ARDUINO_PSI,Arduino,0.000,0.000,12.973,,
606.827282,2026-03-10 17:52:47.190,ARDUINO_PSI,Arduino,0.000,0.000,12.977,,
606.927604,2026-03-10 17:52:47.291,ARDUINO_PSI,Arduino,0.000,0.000,12.970,,
607.027476,2026-03-10 17:52:47.390,ARDUINO_PSI,Arduino,0.000,0.000,12.966,,
607.127311,2026-03-10 17:52:47.490,ARDUINO_PSI,Arduino,0.000,0.000,12.968,,
607.227792,2026-03-10 17:52:47.591,ARDUINO_PSI,Arduino,0.000,0.000,12.966,,
607.328388,2026-03-10 17:52:47.691,ARDUINO_PSI,Arduino,0.000,0.000,12.957,,
607.427396,2026-03-10 17:52:47.790,ARDUINO_PSI,Arduino,0.000,0.000,12.973,,
607.527416,2026-03-10 17:52:47.890,ARDUINO_PSI,Arduino,0.000,0.000,12.963,,
607.628444,2026-03-10 17:52:47.991,ARDUINO_PSI,Arduino,0.000,0.000,12.957,,
607.727336,2026-03-10 17:52:48.090,ARDUINO_PSI,Arduino,0.000,0.000,12.957,,
607.827336,2026-03-10 17:52:48.190,ARDUINO_PSI,Arduino,0.000,0.000,12.968,,
607.927940,2026-03-10 17:52:48.291,ARDUINO_PSI,Arduino,0.000,0.000,12.952,,
608.028548,2026-03-10 17:52:48.392,ARDUINO_PSI,Arduino,0.000,0.000,12.945,,
608.127941,2026-03-10 17:52:48.491,ARDUINO_PSI,Arduino,0.000,0.000,12.945,,
608.226839,2026-03-10 17:52:48.590,ARDUINO_PSI,Arduino,0.000,0.000,12.943,,
608.328007,2026-03-10 17:52:48.691,ARDUINO_PSI,Arduino,0.000,0.000,12.934,,
608.427476,2026-03-10 17:52:48.790,ARDUINO_PSI,Arduino,0.000,0.000,12.931,,
608.527461,2026-03-10 17:52:48.890,ARDUINO_PSI,Arduino,0.000,0.000,12.941,,
608.627316,2026-03-10 17:52:48.990,ARDUINO_PSI,Arduino,0.000,0.000,12.947,,
608.727359,2026-03-10 17:52:49.090,ARDUINO_PSI,Arduino,0.000,0.000,12.943,,
608.827466,2026-03-10 17:52:49.190,ARDUINO_PSI,Arduino,0.000,0.000,12.945,,
608.928160,2026-03-10 17:52:49.291,ARDUINO_PSI,Arduino,0.000,0.000,12.945,,
609.027575,2026-03-10 17:52:49.391,ARDUINO_PSI,Arduino,0.000,0.000,12.952,,
609.127184,2026-03-10 17:52:49.490,ARDUINO_PSI,Arduino,0.000,0.000,12.954,,
609.227639,2026-03-10 17:52:49.591,ARDUINO_PSI,Arduino,0.000,0.000,12.952,,
609.327560,2026-03-10 17:52:49.691,ARDUINO_PSI,Arduino,0.000,0.000,12.950,,
609.427125,2026-03-10 17:52:49.790,ARDUINO_PSI,Arduino,0.000,0.000,12.934,,
609.527280,2026-03-10 17:52:49.890,ARDUINO_PSI,Arduino,0.000,0.000,12.941,,
609.627786,2026-03-10 17:52:49.991,ARDUINO_PSI,Arduino,0.000,0.000,12.947,,
609.727111,2026-03-10 17:52:50.090,ARDUINO_PSI,Arduino,0.000,0.000,12.950,,
609.827125,2026-03-10 17:52:50.190,ARDUINO_PSI,Arduino,0.000,0.000,12.936,,
609.927033,2026-03-10 17:52:50.290,ARDUINO_PSI,Arduino,0.000,0.000,12.959,,
610.026900,2026-03-10 17:52:50.390,ARDUINO_PSI,Arduino,0.000,0.000,12.966,,
610.127586,2026-03-10 17:52:50.491,ARDUINO_PSI,Arduino,0.000,0.000,12.973,,
610.227454,2026-03-10 17:52:50.590,ARDUINO_PSI,Arduino,0.000,0.000,12.970,,
610.327700,2026-03-10 17:52:50.691,ARDUINO_PSI,Arduino,0.000,0.000,12.975,,
610.427259,2026-03-10 17:52:50.790,ARDUINO_PSI,Arduino,0.000,0.000,12.977,,
610.527242,2026-03-10 17:52:50.890,ARDUINO_PSI,Arduino,0.000,0.000,12.977,,
610.627149,2026-03-10 17:52:50.990,ARDUINO_PSI,Arduino,0.000,0.000,12.977,,
610.727582,2026-03-10 17:52:51.091,ARDUINO_PSI,Arduino,0.000,0.000,12.982,,
610.827034,2026-03-10 17:52:51.190,ARDUINO_PSI,Arduino,0.000,0.000,12.982,,
610.927424,2026-03-10 17:52:51.290,ARDUINO_PSI,Arduino,0.000,0.000,12.984,,
611.027605,2026-03-10 17:52:51.391,ARDUINO_PSI,Arduino,0.000,0.000,12.991,,
611.127322,2026-03-10 17:52:51.490,ARDUINO_PSI,Arduino,0.000,0.000,12.993,,
611.227124,2026-03-10 17:52:51.590,ARDUINO_PSI,Arduino,0.000,0.000,12.995,,
611.326773,2026-03-10 17:52:51.690,ARDUINO_PSI,Arduino,0.000,0.000,12.989,,
611.427099,2026-03-10 17:52:51.790,ARDUINO_PSI,Arduino,0.000,0.000,13.011,,
611.527211,2026-03-10 17:52:51.890,ARDUINO_PSI,Arduino,0.000,0.000,13.000,,
611.627042,2026-03-10 17:52:51.990,ARDUINO_PSI,Arduino,0.000,0.000,12.989,,
611.727413,2026-03-10 17:52:52.090,ARDUINO_PSI,Arduino,0.000,0.000,12.982,,
611.827249,2026-03-10 17:52:52.190,ARDUINO_PSI,Arduino,0.000,0.000,12.991,,
611.927028,2026-03-10 17:52:52.290,ARDUINO_PSI,Arduino,0.000,0.000,12.986,,
612.027511,2026-03-10 17:52:52.390,ARDUINO_PSI,Arduino,0.000,0.000,12.973,,
612.127269,2026-03-10 17:52:52.490,ARDUINO_PSI,Arduino,0.000,0.000,12.963,,
612.227064,2026-03-10 17:52:52.590,ARDUINO_PSI,Arduino,0.000,0.000,12.966,,
612.327832,2026-03-10 17:52:52.691,ARDUINO_PSI,Arduino,0.000,0.000,12.970,,
612.427107,2026-03-10 17:52:52.790,ARDUINO_PSI,Arduino,0.000,0.000,12.973,,
612.527285,2026-03-10 17:52:52.890,ARDUINO_PSI,Arduino,0.000,0.000,12.977,,
612.627087,2026-03-10 17:52:52.990,ARDUINO_PSI,Arduino,0.000,0.000,12.970,,
612.727282,2026-03-10 17:52:53.090,ARDUINO_PSI,Arduino,0.000,0.000,12.970,,
612.827678,2026-03-10 17:52:53.191,ARDUINO_PSI,Arduino,0.000,0.000,12.970,,
612.927414,2026-03-10 17:52:53.290,ARDUINO_PSI,Arduino,0.000,0.000,12.963,,
613.027429,2026-03-10 17:52:53.390,ARDUINO_PSI,Arduino,0.000,0.000,12.963,,
613.127103,2026-03-10 17:52:53.490,ARDUINO_PSI,Arduino,0.000,0.000,12.968,,
613.227094,2026-03-10 17:52:53.590,ARDUINO_PSI,Arduino,0.000,0.000,12.975,,
613.326867,2026-03-10 17:52:53.690,ARDUINO_PSI,Arduino,0.000,0.000,12.977,,
613.426827,2026-03-10 17:52:53.790,ARDUINO_PSI,Arduino,0.000,0.000,12.966,,
613.527429,2026-03-10 17:52:53.890,ARDUINO_PSI,Arduino,0.000,0.000,12.968,,
613.626770,2026-03-10 17:52:53.990,ARDUINO_PSI,Arduino,0.000,0.000,12.975,,
613.727002,2026-03-10 17:52:54.090,ARDUINO_PSI,Arduino,0.000,0.000,12.984,,
613.826864,2026-03-10 17:52:54.190,ARDUINO_PSI,Arduino,0.000,0.000,12.986,,
613.927171,2026-03-10 17:52:54.290,ARDUINO_PSI,Arduino,0.000,0.000,12.984,,
614.028189,2026-03-10 17:52:54.391,ARDUINO_PSI,Arduino,0.000,0.000,12.993,,
614.127281,2026-03-10 17:52:54.490,ARDUINO_PSI,Arduino,0.000,0.000,13.002,,
614.227360,2026-03-10 17:52:54.590,ARDUINO_PSI,Arduino,0.000,0.000,13.007,,
614.327142,2026-03-10 17:52:54.690,ARDUINO_PSI,Arduino,0.000,0.000,12.998,,
614.428116,2026-03-10 17:52:54.791,ARDUINO_PSI,Arduino,0.000,0.000,13.005,,
614.527063,2026-03-10 17:52:54.890,ARDUINO_PSI,Arduino,0.000,0.000,12.995,,
614.627104,2026-03-10 17:52:54.990,ARDUINO_PSI,Arduino,0.000,0.000,13.000,,
614.727142,2026-03-10 17:52:55.090,ARDUINO_PSI,Arduino,0.000,0.000,12.993,,
614.827058,2026-03-10 17:52:55.190,ARDUINO_PSI,Arduino,0.000,0.000,13.005,,
614.926986,2026-03-10 17:52:55.290,ARDUINO_PSI,Arduino,0.000,0.000,13.011,,
615.027223,2026-03-10 17:52:55.390,ARDUINO_PSI,Arduino,0.000,0.000,13.009,,
615.127228,2026-03-10 17:52:55.490,ARDUINO_PSI,Arduino,0.000,0.000,12.993,,
615.228093,2026-03-10 17:52:55.591,ARDUINO_PSI,Arduino,0.000,0.000,12.984,,
615.327161,2026-03-10 17:52:55.690,ARDUINO_PSI,Arduino,0.000,0.000,12.989,,
615.427131,2026-03-10 17:52:55.790,ARDUINO_PSI,Arduino,0.000,0.000,12.998,,
615.527358,2026-03-10 17:52:55.890,ARDUINO_PSI,Arduino,0.000,0.000,13.005,,
615.627429,2026-03-10 17:52:55.990,ARDUINO_PSI,Arduino,0.000,0.000,13.007,,
615.727422,2026-03-10 17:52:56.090,ARDUINO_PSI,Arduino,0.000,0.000,13.007,,
615.827412,2026-03-10 17:52:56.190,ARDUINO_PSI,Arduino,0.000,0.000,13.007,,
615.927151,2026-03-10 17:52:56.290,ARDUINO_PSI,Arduino,0.000,0.000,13.002,,
616.027124,2026-03-10 17:52:56.390,ARDUINO_PSI,Arduino,0.000,0.000,12.998,,
616.128949,2026-03-10 17:52:56.492,ARDUINO_PSI,Arduino,0.000,0.000,12.991,,
616.227087,2026-03-10 17:52:56.590,ARDUINO_PSI,Arduino,0.000,0.000,12.986,,
616.327315,2026-03-10 17:52:56.690,ARDUINO_PSI,Arduino,0.000,0.000,12.986,,
616.427022,2026-03-10 17:52:56.790,ARDUINO_PSI,Arduino,0.000,0.000,12.984,,
616.527475,2026-03-10 17:52:56.890,ARDUINO_PSI,Arduino,0.000,0.000,12.986,,
616.627097,2026-03-10 17:52:56.990,ARDUINO_PSI,Arduino,0.000,0.000,12.975,,
616.727170,2026-03-10 17:52:57.090,ARDUINO_PSI,Arduino,0.000,0.000,12.973,,
616.827169,2026-03-10 17:52:57.190,ARDUINO_PSI,Arduino,0.000,0.000,12.957,,
616.927110,2026-03-10 17:52:57.290,ARDUINO_PSI,Arduino,0.000,0.000,12.947,,
617.027681,2026-03-10 17:52:57.391,ARDUINO_PSI,Arduino,0.000,0.000,12.952,,
617.127651,2026-03-10 17:52:57.491,ARDUINO_PSI,Arduino,0.000,0.000,12.963,,
617.227949,2026-03-10 17:52:57.591,ARDUINO_PSI,Arduino,0.000,0.000,12.966,,
617.327248,2026-03-10 17:52:57.690,ARDUINO_PSI,Arduino,0.000,0.000,12.966,,
617.427399,2026-03-10 17:52:57.790,ARDUINO_PSI,Arduino,0.000,0.000,12.952,,
617.527140,2026-03-10 17:52:57.890,ARDUINO_PSI,Arduino,0.000,0.000,12.952,,
617.627506,2026-03-10 17:52:57.990,ARDUINO_PSI,Arduino,0.000,0.000,12.943,,
617.727026,2026-03-10 17:52:58.090,ARDUINO_PSI,Arduino,0.000,0.000,12.936,,
617.827368,2026-03-10 17:52:58.190,ARDUINO_PSI,Arduino,0.000,0.000,12.934,,
617.927295,2026-03-10 17:52:58.290,ARDUINO_PSI,Arduino,0.000,0.000,12.936,,
618.027477,2026-03-10 17:52:58.390,ARDUINO_PSI,Arduino,0.000,0.000,12.938,,
618.127219,2026-03-10 17:52:58.490,ARDUINO_PSI,Arduino,0.000,0.000,12.945,,
618.227255,2026-03-10 17:52:58.590,ARDUINO_PSI,Arduino,0.000,0.000,12.947,,
618.328246,2026-03-10 17:52:58.691,ARDUINO_PSI,Arduino,0.000,0.000,12.938,,
618.427373,2026-03-10 17:52:58.790,ARDUINO_PSI,Arduino,0.000,0.000,12.929,,
618.527188,2026-03-10 17:52:58.890,ARDUINO_PSI,Arduino,0.000,0.000,12.934,,
618.627040,2026-03-10 17:52:58.990,ARDUINO_PSI,Arduino,0.000,0.000,12.941,,
618.727170,2026-03-10 17:52:59.090,ARDUINO_PSI,Arduino,0.000,0.000,12.950,,
618.827407,2026-03-10 17:52:59.190,ARDUINO_PSI,Arduino,0.000,0.000,12.952,,
618.927085,2026-03-10 17:52:59.290,ARDUINO_PSI,Arduino,0.000,0.000,12.961,,
619.027304,2026-03-10 17:52:59.390,ARDUINO_PSI,Arduino,0.000,0.000,12.950,,
619.126977,2026-03-10 17:52:59.490,ARDUINO_PSI,Arduino,0.000,0.000,12.938,,
619.227261,2026-03-10 17:52:59.590,ARDUINO_PSI,Arduino,0.000,0.000,12.938,,
619.328277,2026-03-10 17:52:59.691,ARDUINO_PSI,Arduino,0.000,0.000,12.941,,
619.427361,2026-03-10 17:52:59.790,ARDUINO_PSI,Arduino,0.000,0.000,12.938,,
619.527248,2026-03-10 17:52:59.890,ARDUINO_PSI,Arduino,0.000,0.000,12.936,,
619.626993,2026-03-10 17:52:59.990,ARDUINO_PSI,Arduino,0.000,0.000,12.938,,
619.727036,2026-03-10 17:53:00.090,ARDUINO_PSI,Arduino,0.000,0.000,12.934,,
619.827385,2026-03-10 17:53:00.190,ARDUINO_PSI,Arduino,0.000,0.000,12.929,,
619.927266,2026-03-10 17:53:00.290,ARDUINO_PSI,Arduino,0.000,0.000,12.929,,
620.027345,2026-03-10 17:53:00.390,ARDUINO_PSI,Arduino,0.000,0.000,12.931,,
620.127076,2026-03-10 17:53:00.490,ARDUINO_PSI,Arduino,0.000,0.000,12.934,,
620.227235,2026-03-10 17:53:00.590,ARDUINO_PSI,Arduino,0.000,0.000,12.934,,
620.327294,2026-03-10 17:53:00.690,ARDUINO_PSI,Arduino,0.000,0.000,12.947,,
620.427254,2026-03-10 17:53:00.790,ARDUINO_PSI,Arduino,0.000,0.000,12.954,,
620.527413,2026-03-10 17:53:00.890,ARDUINO_PSI,Arduino,0.000,0.000,12.945,,
620.627154,2026-03-10 17:53:00.990,ARDUINO_PSI,Arduino,0.000,0.000,12.941,,
620.727251,2026-03-10 17:53:01.090,ARDUINO_PSI,Arduino,0.000,0.000,12.947,,
620.827136,2026-03-10 17:53:01.190,ARDUINO_PSI,Arduino,0.000,0.000,12.947,,
620.927247,2026-03-10 17:53:01.290,ARDUINO_PSI,Arduino,0.000,0.000,12.954,,
621.027257,2026-03-10 17:53:01.390,ARDUINO_PSI,Arduino,0.000,0.000,12.963,,
621.127132,2026-03-10 17:53:01.490,ARDUINO_PSI,Arduino,0.000,0.000,12.970,,
621.227320,2026-03-10 17:53:01.590,ARDUINO_PSI,Arduino,0.000,0.000,12.966,,
621.327285,2026-03-10 17:53:01.690,ARDUINO_PSI,Arduino,0.000,0.000,12.970,,
621.427036,2026-03-10 17:53:01.790,ARDUINO_PSI,Arduino,0.000,0.000,12.973,,
621.526867,2026-03-10 17:53:01.890,ARDUINO_PSI,Arduino,0.000,0.000,12.970,,
621.627017,2026-03-10 17:53:01.990,ARDUINO_PSI,Arduino,0.000,0.000,12.977,,
621.727270,2026-03-10 17:53:02.090,ARDUINO_PSI,Arduino,0.000,0.000,12.986,,
621.827681,2026-03-10 17:53:02.191,ARDUINO_PSI,Arduino,0.000,0.000,12.993,,
621.927592,2026-03-10 17:53:02.291,ARDUINO_PSI,Arduino,0.000,0.000,12.989,,
622.027116,2026-03-10 17:53:02.390,ARDUINO_PSI,Arduino,0.000,0.000,12.993,,
622.127074,2026-03-10 17:53:02.490,ARDUINO_PSI,Arduino,0.000,0.000,12.989,,
622.227155,2026-03-10 17:53:02.590,ARDUINO_PSI,Arduino,0.000,0.000,12.982,,
622.327820,2026-03-10 17:53:02.691,ARDUINO_PSI,Arduino,0.000,0.000,12.977,,
622.426904,2026-03-10 17:53:02.790,ARDUINO_PSI,Arduino,0.000,0.000,12.973,,
622.527285,2026-03-10 17:53:02.890,ARDUINO_PSI,Arduino,0.000,0.000,12.973,,
622.627256,2026-03-10 17:53:02.990,ARDUINO_PSI,Arduino,0.000,0.000,12.989,,
622.727303,2026-03-10 17:53:03.090,ARDUINO_PSI,Arduino,0.000,0.000,12.991,,
622.827327,2026-03-10 17:53:03.190,ARDUINO_PSI,Arduino,0.000,0.000,12.991,,
622.927084,2026-03-10 17:53:03.290,ARDUINO_PSI,Arduino,0.000,0.000,12.986,,
623.027416,2026-03-10 17:53:03.390,ARDUINO_PSI,Arduino,0.000,0.000,12.979,,
623.127293,2026-03-10 17:53:03.490,ARDUINO_PSI,Arduino,0.000,0.000,12.986,,
623.227367,2026-03-10 17:53:03.590,ARDUINO_PSI,Arduino,0.000,0.000,12.998,,
623.327609,2026-03-10 17:53:03.691,ARDUINO_PSI,Arduino,0.000,0.000,12.993,,
623.427360,2026-03-10 17:53:03.790,ARDUINO_PSI,Arduino,0.000,0.000,13.002,,
623.527089,2026-03-10 17:53:03.890,ARDUINO_PSI,Arduino,0.000,0.000,13.000,,
623.626822,2026-03-10 17:53:03.990,ARDUINO_PSI,Arduino,0.000,0.000,13.000,,
623.727013,2026-03-10 17:53:04.090,ARDUINO_PSI,Arduino,0.000,0.000,12.989,,
623.827123,2026-03-10 17:53:04.190,ARDUINO_PSI,Arduino,0.000,0.000,12.986,,
623.926989,2026-03-10 17:53:04.290,ARDUINO_PSI,Arduino,0.000,0.000,12.993,,
624.027294,2026-03-10 17:53:04.390,ARDUINO_PSI,Arduino,0.000,0.000,12.986,,
624.127353,2026-03-10 17:53:04.490,ARDUINO_PSI,Arduino,0.000,0.000,12.984,,
624.227140,2026-03-10 17:53:04.590,ARDUINO_PSI,Arduino,0.000,0.000,12.993,,
624.326827,2026-03-10 17:53:04.690,ARDUINO_PSI,Arduino,0.000,0.000,12.995,,
624.427360,2026-03-10 17:53:04.790,ARDUINO_PSI,Arduino,0.000,0.000,12.991,,
624.527130,2026-03-10 17:53:04.890,ARDUINO_PSI,Arduino,0.000,0.000,12.991,,
624.627062,2026-03-10 17:53:04.990,ARDUINO_PSI,Arduino,0.000,0.000,12.973,,
624.727562,2026-03-10 17:53:05.091,ARDUINO_PSI,Arduino,0.000,0.000,12.977,,
624.826766,2026-03-10 17:53:05.190,ARDUINO_PSI,Arduino,0.000,0.000,12.979,,
624.927458,2026-03-10 17:53:05.290,ARDUINO_PSI,Arduino,0.000,0.000,12.977,,
625.027141,2026-03-10 17:53:05.390,ARDUINO_PSI,Arduino,0.000,0.000,12.986,,
625.126997,2026-03-10 17:53:05.490,ARDUINO_PSI,Arduino,0.000,0.000,12.977,,
625.227059,2026-03-10 17:53:05.590,ARDUINO_PSI,Arduino,0.000,0.000,12.966,,
625.326854,2026-03-10 17:53:05.690,ARDUINO_PSI,Arduino,0.000,0.000,12.963,,
625.427049,2026-03-10 17:53:05.790,ARDUINO_PSI,Arduino,0.000,0.000,12.968,,
625.527411,2026-03-10 17:53:05.890,ARDUINO_PSI,Arduino,0.000,0.000,12.975,,
625.627023,2026-03-10 17:53:05.990,ARDUINO_PSI,Arduino,0.000,0.000,12.959,,
625.726984,2026-03-10 17:53:06.090,ARDUINO_PSI,Arduino,0.000,0.000,12.977,,
625.827221,2026-03-10 17:53:06.190,ARDUINO_PSI,Arduino,0.000,0.000,12.975,,
625.927287,2026-03-10 17:53:06.290,ARDUINO_PSI,Arduino,0.000,0.000,12.977,,
626.026873,2026-03-10 17:53:06.390,ARDUINO_PSI,Arduino,0.000,0.000,12.977,,
626.126793,2026-03-10 17:53:06.490,ARDUINO_PSI,Arduino,0.000,0.000,12.975,,
626.227254,2026-03-10 17:53:06.590,ARDUINO_PSI,Arduino,0.000,0.000,12.986,,
626.327567,2026-03-10 17:53:06.691,ARDUINO_PSI,Arduino,0.000,0.000,12.982,,
626.427053,2026-03-10 17:53:06.790,ARDUINO_PSI,Arduino,0.000,0.000,12.991,,
626.527349,2026-03-10 17:53:06.890,ARDUINO_PSI,Arduino,0.000,0.000,12.995,,
626.627259,2026-03-10 17:53:06.990,ARDUINO_PSI,Arduino,0.000,0.000,13.005,,
626.727224,2026-03-10 17:53:07.090,ARDUINO_PSI,Arduino,0.000,0.000,12.984,,
626.826972,2026-03-10 17:53:07.190,ARDUINO_PSI,Arduino,0.000,0.000,12.975,,
626.927366,2026-03-10 17:53:07.290,ARDUINO_PSI,Arduino,0.000,0.000,12.973,,
627.027354,2026-03-10 17:53:07.390,ARDUINO_PSI,Arduino,0.000,0.000,12.975,,
627.127214,2026-03-10 17:53:07.490,ARDUINO_PSI,Arduino,0.000,0.000,12.982,,
627.227260,2026-03-10 17:53:07.590,ARDUINO_PSI,Arduino,0.000,0.000,12.982,,
627.326800,2026-03-10 17:53:07.690,ARDUINO_PSI,Arduino,0.000,0.000,12.973,,
627.427080,2026-03-10 17:53:07.790,ARDUINO_PSI,Arduino,0.000,0.000,12.961,,
627.527236,2026-03-10 17:53:07.890,ARDUINO_PSI,Arduino,0.000,0.000,12.963,,
627.627079,2026-03-10 17:53:07.990,ARDUINO_PSI,Arduino,0.000,0.000,12.977,,
627.727411,2026-03-10 17:53:08.090,ARDUINO_PSI,Arduino,0.000,0.000,12.961,,
627.826940,2026-03-10 17:53:08.190,ARDUINO_PSI,Arduino,0.000,0.000,12.963,,
627.927621,2026-03-10 17:53:08.291,ARDUINO_PSI,Arduino,0.000,0.000,12.950,,
628.027273,2026-03-10 17:53:08.390,ARDUINO_PSI,Arduino,0.000,0.000,12.963,,
628.127505,2026-03-10 17:53:08.490,ARDUINO_PSI,Arduino,0.000,0.000,12.966,,
628.227049,2026-03-10 17:53:08.590,ARDUINO_PSI,Arduino,0.000,0.000,12.961,,
628.326767,2026-03-10 17:53:08.690,ARDUINO_PSI,Arduino,0.000,0.000,12.966,,
628.427049,2026-03-10 17:53:08.790,ARDUINO_PSI,Arduino,0.000,0.000,12.963,,
628.527097,2026-03-10 17:53:08.890,ARDUINO_PSI,Arduino,0.000,0.000,12.963,,
628.627310,2026-03-10 17:53:08.990,ARDUINO_PSI,Arduino,0.000,0.000,12.952,,
628.726831,2026-03-10 17:53:09.090,ARDUINO_PSI,Arduino,0.000,0.000,12.957,,
628.827244,2026-03-10 17:53:09.190,ARDUINO_PSI,Arduino,0.000,0.000,12.966,,
628.927564,2026-03-10 17:53:09.291,ARDUINO_PSI,Arduino,0.000,0.000,12.977,,
629.027287,2026-03-10 17:53:09.390,ARDUINO_PSI,Arduino,0.000,0.000,12.968,,
629.127118,2026-03-10 17:53:09.490,ARDUINO_PSI,Arduino,0.000,0.000,12.966,,
629.227419,2026-03-10 17:53:09.590,ARDUINO_PSI,Arduino,0.000,0.000,12.977,,
629.327558,2026-03-10 17:53:09.691,ARDUINO_PSI,Arduino,0.000,0.000,12.979,,
629.427542,2026-03-10 17:53:09.790,ARDUINO_PSI,Arduino,0.000,0.000,12.982,,
629.527169,2026-03-10 17:53:09.890,ARDUINO_PSI,Arduino,0.000,0.000,12.970,,
629.626867,2026-03-10 17:53:09.990,ARDUINO_PSI,Arduino,0.000,0.000,12.973,,
629.727294,2026-03-10 17:53:10.090,ARDUINO_PSI,Arduino,0.000,0.000,12.966,,
629.827112,2026-03-10 17:53:10.190,ARDUINO_PSI,Arduino,0.000,0.000,12.968,,
629.927050,2026-03-10 17:53:10.290,ARDUINO_PSI,Arduino,0.000,0.000,12.979,,
630.027076,2026-03-10 17:53:10.390,ARDUINO_PSI,Arduino,0.000,0.000,12.963,,
630.127333,2026-03-10 17:53:10.490,ARDUINO_PSI,Arduino,0.000,0.000,12.975,,
630.227391,2026-03-10 17:53:10.590,ARDUINO_PSI,Arduino,0.000,0.000,12.966,,
630.326836,2026-03-10 17:53:10.690,ARDUINO_PSI,Arduino,0.000,0.000,12.963,,
630.427726,2026-03-10 17:53:10.791,ARDUINO_PSI,Arduino,0.000,0.000,12.963,,
630.526944,2026-03-10 17:53:10.890,ARDUINO_PSI,Arduino,0.000,0.000,12.968,,
630.627014,2026-03-10 17:53:10.990,ARDUINO_PSI,Arduino,0.000,0.000,12.970,,
630.727423,2026-03-10 17:53:11.090,ARDUINO_PSI,Arduino,0.000,0.000,12.979,,
630.827038,2026-03-10 17:53:11.190,ARDUINO_PSI,Arduino,0.000,0.000,12.975,,
630.927200,2026-03-10 17:53:11.290,ARDUINO_PSI,Arduino,0.000,0.000,12.975,,
631.027032,2026-03-10 17:53:11.390,ARDUINO_PSI,Arduino,0.000,0.000,12.984,,
631.128693,2026-03-10 17:53:11.492,ARDUINO_PSI,Arduino,0.000,0.000,12.973,,
631.227433,2026-03-10 17:53:11.590,ARDUINO_PSI,Arduino,0.000,0.000,12.979,,
631.327556,2026-03-10 17:53:11.691,ARDUINO_PSI,Arduino,0.000,0.000,12.989,,
631.426844,2026-03-10 17:53:11.790,ARDUINO_PSI,Arduino,0.000,0.000,12.993,,
631.527340,2026-03-10 17:53:11.890,ARDUINO_PSI,Arduino,0.000,0.000,13.002,,
631.627411,2026-03-10 17:53:11.990,ARDUINO_PSI,Arduino,0.000,0.000,12.995,,
631.727069,2026-03-10 17:53:12.090,ARDUINO_PSI,Arduino,0.000,0.000,13.009,,
631.827402,2026-03-10 17:53:12.190,ARDUINO_PSI,Arduino,0.000,0.000,13.005,,
631.927518,2026-03-10 17:53:12.290,ARDUINO_PSI,Arduino,0.000,0.000,12.986,,
632.028495,2026-03-10 17:53:12.391,ARDUINO_PSI,Arduino,0.000,0.000,12.993,,
632.127387,2026-03-10 17:53:12.490,ARDUINO_PSI,Arduino,0.000,0.000,12.977,,
632.227369,2026-03-10 17:53:12.590,ARDUINO_PSI,Arduino,0.000,0.000,12.973,,
632.326752,2026-03-10 17:53:12.690,ARDUINO_PSI,Arduino,0.000,0.000,12.977,,
632.427035,2026-03-10 17:53:12.790,ARDUINO_PSI,Arduino,0.000,0.000,12.977,,
632.527951,2026-03-10 17:53:12.891,ARDUINO_PSI,Arduino,0.000,0.000,12.977,,
632.627129,2026-03-10 17:53:12.990,ARDUINO_PSI,Arduino,0.000,0.000,12.993,,
632.727220,2026-03-10 17:53:13.090,ARDUINO_PSI,Arduino,0.000,0.000,12.993,,
632.827148,2026-03-10 17:53:13.190,ARDUINO_PSI,Arduino,0.000,0.000,12.998,,
632.927159,2026-03-10 17:53:13.290,ARDUINO_PSI,Arduino,0.000,0.000,12.986,,
633.026873,2026-03-10 17:53:13.390,ARDUINO_PSI,Arduino,0.000,0.000,12.984,,
633.127125,2026-03-10 17:53:13.490,ARDUINO_PSI,Arduino,0.000,0.000,12.993,,
633.226966,2026-03-10 17:53:13.590,ARDUINO_PSI,Arduino,0.000,0.000,12.991,,
633.328218,2026-03-10 17:53:13.691,ARDUINO_PSI,Arduino,0.000,0.000,12.998,,
633.427158,2026-03-10 17:53:13.790,ARDUINO_PSI,Arduino,0.000,0.000,12.991,,
633.527062,2026-03-10 17:53:13.890,ARDUINO_PSI,Arduino,0.000,0.000,12.989,,
633.627108,2026-03-10 17:53:13.990,ARDUINO_PSI,Arduino,0.000,0.000,12.995,,
633.727040,2026-03-10 17:53:14.090,ARDUINO_PSI,Arduino,0.000,0.000,12.986,,
633.827227,2026-03-10 17:53:14.190,ARDUINO_PSI,Arduino,0.000,0.000,13.002,,
633.927422,2026-03-10 17:53:14.290,ARDUINO_PSI,Arduino,0.000,0.000,13.002,,
634.027030,2026-03-10 17:53:14.390,ARDUINO_PSI,Arduino,0.000,0.000,13.000,,
634.127767,2026-03-10 17:53:14.491,ARDUINO_PSI,Arduino,0.000,0.000,13.007,,
634.227463,2026-03-10 17:53:14.590,ARDUINO_PSI,Arduino,0.000,0.000,13.014,,
634.326783,2026-03-10 17:53:14.690,ARDUINO_PSI,Arduino,0.000,0.000,13.005,,
634.427040,2026-03-10 17:53:14.790,ARDUINO_PSI,Arduino,0.000,0.000,13.000,,
634.527077,2026-03-10 17:53:14.890,ARDUINO_PSI,Arduino,0.000,0.000,13.000,,
634.627304,2026-03-10 17:53:14.990,ARDUINO_PSI,Arduino,0.000,0.000,12.986,,
634.727151,2026-03-10 17:53:15.090,ARDUINO_PSI,Arduino,0.000,0.000,12.982,,
634.827437,2026-03-10 17:53:15.190,ARDUINO_PSI,Arduino,0.000,0.000,12.975,,
634.927039,2026-03-10 17:53:15.290,ARDUINO_PSI,Arduino,0.000,0.000,12.979,,
635.027216,2026-03-10 17:53:15.390,ARDUINO_PSI,Arduino,0.000,0.000,12.970,,
635.126807,2026-03-10 17:53:15.490,ARDUINO_PSI,Arduino,0.000,0.000,12.975,,
635.226828,2026-03-10 17:53:15.590,ARDUINO_PSI,Arduino,0.000,0.000,12.963,,
635.327335,2026-03-10 17:53:15.690,ARDUINO_PSI,Arduino,0.000,0.000,12.959,,
635.428510,2026-03-10 17:53:15.791,ARDUINO_PSI,Arduino,0.000,0.000,12.957,,
635.527168,2026-03-10 17:53:15.890,ARDUINO_PSI,Arduino,0.000,0.000,12.959,,
635.627214,2026-03-10 17:53:15.990,ARDUINO_PSI,Arduino,0.000,0.000,12.954,,
635.726844,2026-03-10 17:53:16.090,ARDUINO_PSI,Arduino,0.000,0.000,12.959,,
635.826818,2026-03-10 17:53:16.190,ARDUINO_PSI,Arduino,0.000,0.000,12.947,,
635.927366,2026-03-10 17:53:16.290,ARDUINO_PSI,Arduino,0.000,0.000,12.957,,
636.027220,2026-03-10 17:53:16.390,ARDUINO_PSI,Arduino,0.000,0.000,12.957,,
636.127000,2026-03-10 17:53:16.490,ARDUINO_PSI,Arduino,0.000,0.000,12.952,,
636.227253,2026-03-10 17:53:16.590,ARDUINO_PSI,Arduino,0.000,0.000,12.947,,
636.326948,2026-03-10 17:53:16.690,ARDUINO_PSI,Arduino,0.000,0.000,12.954,,
636.426946,2026-03-10 17:53:16.790,ARDUINO_PSI,Arduino,0.000,0.000,12.954,,
636.527436,2026-03-10 17:53:16.890,ARDUINO_PSI,Arduino,0.000,0.000,12.963,,
636.627030,2026-03-10 17:53:16.990,ARDUINO_PSI,Arduino,0.000,0.000,12.963,,
636.727199,2026-03-10 17:53:17.090,ARDUINO_PSI,Arduino,0.000,0.000,12.961,,
636.827483,2026-03-10 17:53:17.190,ARDUINO_PSI,Arduino,0.000,0.000,12.959,,
636.926692,2026-03-10 17:53:17.290,ARDUINO_PSI,Arduino,0.000,0.000,12.950,,
637.026951,2026-03-10 17:53:17.390,ARDUINO_PSI,Arduino,0.000,0.000,12.954,,
637.126748,2026-03-10 17:53:17.490,ARDUINO_PSI,Arduino,0.000,0.000,12.952,,
637.227061,2026-03-10 17:53:17.590,ARDUINO_PSI,Arduino,0.000,0.000,12.959,,
637.327291,2026-03-10 17:53:17.690,ARDUINO_PSI,Arduino,0.000,0.000,12.954,,
637.427071,2026-03-10 17:53:17.790,ARDUINO_PSI,Arduino,0.000,0.000,12.957,,
637.527057,2026-03-10 17:53:17.890,ARDUINO_PSI,Arduino,0.000,0.000,12.957,,
637.628298,2026-03-10 17:53:17.991,ARDUINO_PSI,Arduino,0.000,0.000,12.961,,
637.727239,2026-03-10 17:53:18.090,ARDUINO_PSI,Arduino,0.000,0.000,12.961,,
637.827098,2026-03-10 17:53:18.190,ARDUINO_PSI,Arduino,0.000,0.000,12.961,,
637.926974,2026-03-10 17:53:18.290,ARDUINO_PSI,Arduino,0.000,0.000,12.959,,
638.027283,2026-03-10 17:53:18.390,ARDUINO_PSI,Arduino,0.000,0.000,12.954,,
638.127099,2026-03-10 17:53:18.490,ARDUINO_PSI,Arduino,0.000,0.000,12.959,,
638.227453,2026-03-10 17:53:18.590,ARDUINO_PSI,Arduino,0.000,0.000,12.957,,
638.327548,2026-03-10 17:53:18.690,ARDUINO_PSI,Arduino,0.000,0.000,12.959,,
638.426761,2026-03-10 17:53:18.790,ARDUINO_PSI,Arduino,0.000,0.000,12.963,,
638.527502,2026-03-10 17:53:18.890,ARDUINO_PSI,Arduino,0.000,0.000,12.947,,
638.627584,2026-03-10 17:53:18.991,ARDUINO_PSI,Arduino,0.000,0.000,12.959,,
638.727288,2026-03-10 17:53:19.090,ARDUINO_PSI,Arduino,0.000,0.000,12.954,,
638.827535,2026-03-10 17:53:19.190,ARDUINO_PSI,Arduino,0.000,0.000,12.961,,
638.927058,2026-03-10 17:53:19.290,ARDUINO_PSI,Arduino,0.000,0.000,12.968,,
639.027196,2026-03-10 17:53:19.390,ARDUINO_PSI,Arduino,0.000,0.000,12.973,,
639.127059,2026-03-10 17:53:19.490,ARDUINO_PSI,Arduino,0.000,0.000,12.970,,
639.227269,2026-03-10 17:53:19.590,ARDUINO_PSI,Arduino,0.000,0.000,12.968,,
639.326857,2026-03-10 17:53:19.690,ARDUINO_PSI,Arduino,0.000,0.000,12.963,,
639.427568,2026-03-10 17:53:19.791,ARDUINO_PSI,Arduino,0.000,0.000,12.963,,
639.527545,2026-03-10 17:53:19.890,ARDUINO_PSI,Arduino,0.000,0.000,12.957,,
639.627303,2026-03-10 17:53:19.990,ARDUINO_PSI,Arduino,0.000,0.000,12.957,,
639.727415,2026-03-10 17:53:20.090,ARDUINO_PSI,Arduino,0.000,0.000,12.947,,
639.826984,2026-03-10 17:53:20.190,ARDUINO_PSI,Arduino,0.000,0.000,12.950,,
639.927080,2026-03-10 17:53:20.290,ARDUINO_PSI,Arduino,0.000,0.000,12.959,,
640.027063,2026-03-10 17:53:20.390,ARDUINO_PSI,Arduino,0.000,0.000,12.966,,
640.127205,2026-03-10 17:53:20.490,ARDUINO_PSI,Arduino,0.000,0.000,12.977,,
640.227563,2026-03-10 17:53:20.591,ARDUINO_PSI,Arduino,0.000,0.000,12.984,,
640.326829,2026-03-10 17:53:20.690,ARDUINO_PSI,Arduino,0.000,0.000,12.970,,
640.427279,2026-03-10 17:53:20.790,ARDUINO_PSI,Arduino,0.000,0.000,12.968,,
640.526912,2026-03-10 17:53:20.890,ARDUINO_PSI,Arduino,0.000,0.000,12.982,,
640.627079,2026-03-10 17:53:20.990,ARDUINO_PSI,Arduino,0.000,0.000,12.973,,
640.726906,2026-03-10 17:53:21.090,ARDUINO_PSI,Arduino,0.000,0.000,12.991,,
640.827042,2026-03-10 17:53:21.190,ARDUINO_PSI,Arduino,0.000,0.000,12.991,,
640.927063,2026-03-10 17:53:21.290,ARDUINO_PSI,Arduino,0.000,0.000,12.984,,
641.027249,2026-03-10 17:53:21.390,ARDUINO_PSI,Arduino,0.000,0.000,12.970,,
641.127354,2026-03-10 17:53:21.490,ARDUINO_PSI,Arduino,0.000,0.000,12.970,,
641.227086,2026-03-10 17:53:21.590,ARDUINO_PSI,Arduino,0.000,0.000,12.963,,
641.327386,2026-03-10 17:53:21.690,ARDUINO_PSI,Arduino,0.000,0.000,12.963,,
641.427239,2026-03-10 17:53:21.790,ARDUINO_PSI,Arduino,0.000,0.000,12.968,,
641.527327,2026-03-10 17:53:21.890,ARDUINO_PSI,Arduino,0.000,0.000,12.975,,
641.627033,2026-03-10 17:53:21.990,ARDUINO_PSI,Arduino,0.000,0.000,12.968,,
641.727449,2026-03-10 17:53:22.090,ARDUINO_PSI,Arduino,0.000,0.000,12.977,,
641.827938,2026-03-10 17:53:22.191,ARDUINO_PSI,Arduino,0.000,0.000,12.973,,
641.927237,2026-03-10 17:53:22.290,ARDUINO_PSI,Arduino,0.000,0.000,12.968,,
642.027302,2026-03-10 17:53:22.390,ARDUINO_PSI,Arduino,0.000,0.000,12.973,,
642.126851,2026-03-10 17:53:22.490,ARDUINO_PSI,Arduino,0.000,0.000,12.957,,
642.227365,2026-03-10 17:53:22.590,ARDUINO_PSI,Arduino,0.000,0.000,12.954,,
642.326947,2026-03-10 17:53:22.690,ARDUINO_PSI,Arduino,0.000,0.000,12.970,,
642.427070,2026-03-10 17:53:22.790,ARDUINO_PSI,Arduino,0.000,0.000,12.977,,
642.527401,2026-03-10 17:53:22.890,ARDUINO_PSI,Arduino,0.000,0.000,12.973,,
642.627165,2026-03-10 17:53:22.990,ARDUINO_PSI,Arduino,0.000,0.000,12.968,,
642.727346,2026-03-10 17:53:23.090,ARDUINO_PSI,Arduino,0.000,0.000,12.952,,
642.827034,2026-03-10 17:53:23.190,ARDUINO_PSI,Arduino,0.000,0.000,12.947,,
642.926872,2026-03-10 17:53:23.290,ARDUINO_PSI,Arduino,0.000,0.000,12.954,,
643.027412,2026-03-10 17:53:23.390,ARDUINO_PSI,Arduino,0.000,0.000,12.959,,
643.127100,2026-03-10 17:53:23.490,ARDUINO_PSI,Arduino,0.000,0.000,12.954,,
643.227058,2026-03-10 17:53:23.590,ARDUINO_PSI,Arduino,0.000,0.000,12.963,,
643.326854,2026-03-10 17:53:23.690,ARDUINO_PSI,Arduino,0.000,0.000,12.961,,
643.427033,2026-03-10 17:53:23.790,ARDUINO_PSI,Arduino,0.000,0.000,12.966,,
643.527370,2026-03-10 17:53:23.890,ARDUINO_PSI,Arduino,0.000,0.000,12.966,,
643.627067,2026-03-10 17:53:23.990,ARDUINO_PSI,Arduino,0.000,0.000,12.970,,
643.727515,2026-03-10 17:53:24.090,ARDUINO_PSI,Arduino,0.000,0.000,12.963,,
643.827097,2026-03-10 17:53:24.190,ARDUINO_PSI,Arduino,0.000,0.000,12.968,,
643.927688,2026-03-10 17:53:24.291,ARDUINO_PSI,Arduino,0.000,0.000,12.961,,
644.028928,2026-03-10 17:53:24.392,ARDUINO_PSI,Arduino,0.000,0.000,12.954,,
644.127225,2026-03-10 17:53:24.490,ARDUINO_PSI,Arduino,0.000,0.000,12.957,,
644.227051,2026-03-10 17:53:24.590,ARDUINO_PSI,Arduino,0.000,0.000,12.961,,
644.327524,2026-03-10 17:53:24.690,ARDUINO_PSI,Arduino,0.000,0.000,12.954,,
644.427153,2026-03-10 17:53:24.790,ARDUINO_PSI,Arduino,0.000,0.000,12.943,,
644.527132,2026-03-10 17:53:24.890,ARDUINO_PSI,Arduino,0.000,0.000,12.943,,
644.627596,2026-03-10 17:53:24.991,ARDUINO_PSI,Arduino,0.000,0.000,12.943,,
644.727063,2026-03-10 17:53:25.090,ARDUINO_PSI,Arduino,0.000,0.000,12.943,,
644.827678,2026-03-10 17:53:25.191,ARDUINO_PSI,Arduino,0.000,0.000,12.947,,
644.927028,2026-03-10 17:53:25.290,ARDUINO_PSI,Arduino,0.000,0.000,12.954,,
645.027460,2026-03-10 17:53:25.390,ARDUINO_PSI,Arduino,0.000,0.000,12.959,,
645.127516,2026-03-10 17:53:25.490,ARDUINO_PSI,Arduino,0.000,0.000,12.963,,
645.227258,2026-03-10 17:53:25.590,ARDUINO_PSI,Arduino,0.000,0.000,12.966,,
645.328361,2026-03-10 17:53:25.691,ARDUINO_PSI,Arduino,0.000,0.000,12.968,,
645.426933,2026-03-10 17:53:25.790,ARDUINO_PSI,Arduino,0.000,0.000,12.961,,
645.527679,2026-03-10 17:53:25.891,ARDUINO_PSI,Arduino,0.000,0.000,12.963,,
645.626800,2026-03-10 17:53:25.990,ARDUINO_PSI,Arduino,0.000,0.000,12.959,,
645.727345,2026-03-10 17:53:26.090,ARDUINO_PSI,Arduino,0.000,0.000,12.952,,
645.826883,2026-03-10 17:53:26.190,ARDUINO_PSI,Arduino,0.000,0.000,12.959,,
645.927153,2026-03-10 17:53:26.290,ARDUINO_PSI,Arduino,0.000,0.000,12.961,,
646.027363,2026-03-10 17:53:26.390,ARDUINO_PSI,Arduino,0.000,0.000,12.957,,
646.127060,2026-03-10 17:53:26.490,ARDUINO_PSI,Arduino,0.000,0.000,12.952,,
646.227041,2026-03-10 17:53:26.590,ARDUINO_PSI,Arduino,0.000,0.000,12.941,,
646.327668,2026-03-10 17:53:26.691,ARDUINO_PSI,Arduino,0.000,0.000,12.936,,
646.427124,2026-03-10 17:53:26.790,ARDUINO_PSI,Arduino,0.000,0.000,12.941,,
646.526968,2026-03-10 17:53:26.890,ARDUINO_PSI,Arduino,0.000,0.000,12.941,,
646.627055,2026-03-10 17:53:26.990,ARDUINO_PSI,Arduino,0.000,0.000,12.947,,
646.727224,2026-03-10 17:53:27.090,ARDUINO_PSI,Arduino,0.000,0.000,12.952,,
646.827179,2026-03-10 17:53:27.190,ARDUINO_PSI,Arduino,0.000,0.000,12.950,,
646.927419,2026-03-10 17:53:27.290,ARDUINO_PSI,Arduino,0.000,0.000,12.945,,
647.028454,2026-03-10 17:53:27.391,ARDUINO_PSI,Arduino,0.000,0.000,12.941,,
647.128203,2026-03-10 17:53:27.491,ARDUINO_PSI,Arduino,0.000,0.000,12.941,,
647.227451,2026-03-10 17:53:27.590,ARDUINO_PSI,Arduino,0.000,0.000,12.929,,
647.327250,2026-03-10 17:53:27.690,ARDUINO_PSI,Arduino,0.000,0.000,12.929,,
647.427242,2026-03-10 17:53:27.790,ARDUINO_PSI,Arduino,0.000,0.000,12.920,,
647.527676,2026-03-10 17:53:27.891,ARDUINO_PSI,Arduino,0.000,0.000,12.911,,
647.627080,2026-03-10 17:53:27.990,ARDUINO_PSI,Arduino,0.000,0.000,12.913,,
647.727034,2026-03-10 17:53:28.090,ARDUINO_PSI,Arduino,0.000,0.000,12.918,,
647.826927,2026-03-10 17:53:28.190,ARDUINO_PSI,Arduino,0.000,0.000,12.911,,
647.926986,2026-03-10 17:53:28.290,ARDUINO_PSI,Arduino,0.000,0.000,12.909,,
648.027298,2026-03-10 17:53:28.390,ARDUINO_PSI,Arduino,0.000,0.000,12.904,,
648.127073,2026-03-10 17:53:28.490,ARDUINO_PSI,Arduino,0.000,0.000,12.906,,
648.227154,2026-03-10 17:53:28.590,ARDUINO_PSI,Arduino,0.000,0.000,12.913,,
648.326859,2026-03-10 17:53:28.690,ARDUINO_PSI,Arduino,0.000,0.000,12.925,,
648.427161,2026-03-10 17:53:28.790,ARDUINO_PSI,Arduino,0.000,0.000,12.925,,
648.527322,2026-03-10 17:53:28.890,ARDUINO_PSI,Arduino,0.000,0.000,12.920,,
648.627229,2026-03-10 17:53:28.990,ARDUINO_PSI,Arduino,0.000,0.000,12.915,,
648.727388,2026-03-10 17:53:29.090,ARDUINO_PSI,Arduino,0.000,0.000,12.915,,
648.827251,2026-03-10 17:53:29.190,ARDUINO_PSI,Arduino,0.000,0.000,12.918,,
648.927226,2026-03-10 17:53:29.290,ARDUINO_PSI,Arduino,0.000,0.000,12.913,,
649.027195,2026-03-10 17:53:29.390,ARDUINO_PSI,Arduino,0.000,0.000,12.918,,
649.127214,2026-03-10 17:53:29.490,ARDUINO_PSI,Arduino,0.000,0.000,12.920,,
649.226817,2026-03-10 17:53:29.590,ARDUINO_PSI,Arduino,0.000,0.000,12.925,,
649.327397,2026-03-10 17:53:29.690,ARDUINO_PSI,Arduino,0.000,0.000,12.925,,
649.427318,2026-03-10 17:53:29.790,ARDUINO_PSI,Arduino,0.000,0.000,12.929,,
649.527098,2026-03-10 17:53:29.890,ARDUINO_PSI,Arduino,0.000,0.000,12.936,,
649.627042,2026-03-10 17:53:29.990,ARDUINO_PSI,Arduino,0.000,0.000,12.934,,
649.727001,2026-03-10 17:53:30.090,ARDUINO_PSI,Arduino,0.000,0.000,12.927,,
649.827227,2026-03-10 17:53:30.190,ARDUINO_PSI,Arduino,0.000,0.000,12.931,,
649.927131,2026-03-10 17:53:30.290,ARDUINO_PSI,Arduino,0.000,0.000,12.938,,
650.027717,2026-03-10 17:53:30.391,ARDUINO_PSI,Arduino,0.000,0.000,12.954,,
650.127473,2026-03-10 17:53:30.490,ARDUINO_PSI,Arduino,0.000,0.000,12.959,,
650.227121,2026-03-10 17:53:30.590,ARDUINO_PSI,Arduino,0.000,0.000,12.954,,
650.327399,2026-03-10 17:53:30.690,ARDUINO_PSI,Arduino,0.000,0.000,12.950,,
650.428177,2026-03-10 17:53:30.791,ARDUINO_PSI,Arduino,0.000,0.000,12.941,,
650.527164,2026-03-10 17:53:30.890,ARDUINO_PSI,Arduino,0.000,0.000,12.947,,
650.627059,2026-03-10 17:53:30.990,ARDUINO_PSI,Arduino,0.000,0.000,12.947,,
650.727352,2026-03-10 17:53:31.090,ARDUINO_PSI,Arduino,0.000,0.000,12.950,,
650.826995,2026-03-10 17:53:31.190,ARDUINO_PSI,Arduino,0.000,0.000,12.950,,
650.927354,2026-03-10 17:53:31.290,ARDUINO_PSI,Arduino,0.000,0.000,12.950,,
651.027323,2026-03-10 17:53:31.390,ARDUINO_PSI,Arduino,0.000,0.000,12.947,,
651.127331,2026-03-10 17:53:31.490,ARDUINO_PSI,Arduino,0.000,0.000,12.938,,
651.227136,2026-03-10 17:53:31.590,ARDUINO_PSI,Arduino,0.000,0.000,12.936,,
651.327289,2026-03-10 17:53:31.690,ARDUINO_PSI,Arduino,0.000,0.000,12.941,,
651.426817,2026-03-10 17:53:31.790,ARDUINO_PSI,Arduino,0.000,0.000,12.943,,
651.527293,2026-03-10 17:53:31.890,ARDUINO_PSI,Arduino,0.000,0.000,12.941,,
651.626817,2026-03-10 17:53:31.990,ARDUINO_PSI,Arduino,0.000,0.000,12.945,,
651.727258,2026-03-10 17:53:32.090,ARDUINO_PSI,Arduino,0.000,0.000,12.954,,
651.826888,2026-03-10 17:53:32.190,ARDUINO_PSI,Arduino,0.000,0.000,12.957,,
651.926828,2026-03-10 17:53:32.290,ARDUINO_PSI,Arduino,0.000,0.000,12.957,,
652.027061,2026-03-10 17:53:32.390,ARDUINO_PSI,Arduino,0.000,0.000,12.950,,
652.126882,2026-03-10 17:53:32.490,ARDUINO_PSI,Arduino,0.000,0.000,12.954,,
652.227531,2026-03-10 17:53:32.590,ARDUINO_PSI,Arduino,0.000,0.000,12.959,,
652.326779,2026-03-10 17:53:32.690,ARDUINO_PSI,Arduino,0.000,0.000,12.947,,
652.427713,2026-03-10 17:53:32.791,ARDUINO_PSI,Arduino,0.000,0.000,12.952,,
652.527128,2026-03-10 17:53:32.890,ARDUINO_PSI,Arduino,0.000,0.000,12.950,,
652.627287,2026-03-10 17:53:32.990,ARDUINO_PSI,Arduino,0.000,0.000,12.950,,
652.727406,2026-03-10 17:53:33.090,ARDUINO_PSI,Arduino,0.000,0.000,12.945,,
652.827244,2026-03-10 17:53:33.190,ARDUINO_PSI,Arduino,0.000,0.000,12.957,,
652.927124,2026-03-10 17:53:33.290,ARDUINO_PSI,Arduino,0.000,0.000,12.952,,
653.027311,2026-03-10 17:53:33.390,ARDUINO_PSI,Arduino,0.000,0.000,12.957,,
653.127434,2026-03-10 17:53:33.490,ARDUINO_PSI,Arduino,0.000,0.000,12.952,,
653.227386,2026-03-10 17:53:33.590,ARDUINO_PSI,Arduino,0.000,0.000,12.963,,
653.327665,2026-03-10 17:53:33.691,ARDUINO_PSI,Arduino,0.000,0.000,12.957,,
653.427256,2026-03-10 17:53:33.790,ARDUINO_PSI,Arduino,0.000,0.000,12.959,,
653.527178,2026-03-10 17:53:33.890,ARDUINO_PSI,Arduino,0.000,0.000,12.963,,
653.627315,2026-03-10 17:53:33.990,ARDUINO_PSI,Arduino,0.000,0.000,12.959,,
653.727484,2026-03-10 17:53:34.090,ARDUINO_PSI,Arduino,0.000,0.000,12.954,,
653.827131,2026-03-10 17:53:34.190,ARDUINO_PSI,Arduino,0.000,0.000,12.954,,
653.927273,2026-03-10 17:53:34.290,ARDUINO_PSI,Arduino,0.000,0.000,12.959,,
654.027720,2026-03-10 17:53:34.391,ARDUINO_PSI,Arduino,0.000,0.000,12.966,,
654.127245,2026-03-10 17:53:34.490,ARDUINO_PSI,Arduino,0.000,0.000,12.957,,
654.227421,2026-03-10 17:53:34.590,ARDUINO_PSI,Arduino,0.000,0.000,12.963,,
654.326750,2026-03-10 17:53:34.690,ARDUINO_PSI,Arduino,0.000,0.000,12.961,,
654.427150,2026-03-10 17:53:34.790,ARDUINO_PSI,Arduino,0.000,0.000,12.954,,
654.527069,2026-03-10 17:53:34.890,ARDUINO_PSI,Arduino,0.000,0.000,12.959,,
654.627312,2026-03-10 17:53:34.990,ARDUINO_PSI,Arduino,0.000,0.000,12.963,,
654.726874,2026-03-10 17:53:35.090,ARDUINO_PSI,Arduino,0.000,0.000,12.968,,
654.827070,2026-03-10 17:53:35.190,ARDUINO_PSI,Arduino,0.000,0.000,12.947,,
654.927267,2026-03-10 17:53:35.290,ARDUINO_PSI,Arduino,0.000,0.000,12.954,,
655.027049,2026-03-10 17:53:35.390,ARDUINO_PSI,Arduino,0.000,0.000,12.957,,
655.126961,2026-03-10 17:53:35.490,ARDUINO_PSI,Arduino,0.000,0.000,12.961,,
655.227366,2026-03-10 17:53:35.590,ARDUINO_PSI,Arduino,0.000,0.000,12.952,,
655.326752,2026-03-10 17:53:35.690,ARDUINO_PSI,Arduino,0.000,0.000,12.954,,
655.427380,2026-03-10 17:53:35.790,ARDUINO_PSI,Arduino,0.000,0.000,12.952,,
655.527314,2026-03-10 17:53:35.890,ARDUINO_PSI,Arduino,0.000,0.000,12.945,,
655.627168,2026-03-10 17:53:35.990,ARDUINO_PSI,Arduino,0.000,0.000,12.952,,
655.727063,2026-03-10 17:53:36.090,ARDUINO_PSI,Arduino,0.000,0.000,12.945,,
655.827375,2026-03-10 17:53:36.190,ARDUINO_PSI,Arduino,0.000,0.000,12.943,,
655.927309,2026-03-10 17:53:36.290,ARDUINO_PSI,Arduino,0.000,0.000,12.929,,
656.026973,2026-03-10 17:53:36.390,ARDUINO_PSI,Arduino,0.000,0.000,12.922,,
656.127301,2026-03-10 17:53:36.490,ARDUINO_PSI,Arduino,0.000,0.000,12.922,,
656.227080,2026-03-10 17:53:36.590,ARDUINO_PSI,Arduino,0.000,0.000,12.918,,
656.327293,2026-03-10 17:53:36.690,ARDUINO_PSI,Arduino,0.000,0.000,12.929,,
656.427413,2026-03-10 17:53:36.790,ARDUINO_PSI,Arduino,0.000,0.000,12.927,,
656.527295,2026-03-10 17:53:36.890,ARDUINO_PSI,Arduino,0.000,0.000,12.922,,
656.627340,2026-03-10 17:53:36.990,ARDUINO_PSI,Arduino,0.000,0.000,12.911,,
656.728028,2026-03-10 17:53:37.091,ARDUINO_PSI,Arduino,0.000,0.000,12.918,,
656.827323,2026-03-10 17:53:37.190,ARDUINO_PSI,Arduino,0.000,0.000,12.922,,
656.927848,2026-03-10 17:53:37.291,ARDUINO_PSI,Arduino,0.000,0.000,12.929,,
657.027395,2026-03-10 17:53:37.390,ARDUINO_PSI,Arduino,0.000,0.000,12.931,,
657.127609,2026-03-10 17:53:37.491,ARDUINO_PSI,Arduino,0.000,0.000,12.925,,
657.227066,2026-03-10 17:53:37.590,ARDUINO_PSI,Arduino,0.000,0.000,12.927,,
657.327361,2026-03-10 17:53:37.690,ARDUINO_PSI,Arduino,0.000,0.000,12.927,,
657.427068,2026-03-10 17:53:37.790,ARDUINO_PSI,Arduino,0.000,0.000,12.931,,
657.527354,2026-03-10 17:53:37.890,ARDUINO_PSI,Arduino,0.000,0.000,12.938,,
657.627010,2026-03-10 17:53:37.990,ARDUINO_PSI,Arduino,0.000,0.000,12.925,,
657.727040,2026-03-10 17:53:38.090,ARDUINO_PSI,Arduino,0.000,0.000,12.934,,
657.826832,2026-03-10 17:53:38.190,ARDUINO_PSI,Arduino,0.000,0.000,12.925,,
657.927386,2026-03-10 17:53:38.290,ARDUINO_PSI,Arduino,0.000,0.000,12.936,,
658.027211,2026-03-10 17:53:38.390,ARDUINO_PSI,Arduino,0.000,0.000,12.936,,
658.126794,2026-03-10 17:53:38.490,ARDUINO_PSI,Arduino,0.000,0.000,12.936,,
658.227414,2026-03-10 17:53:38.590,ARDUINO_PSI,Arduino,0.000,0.000,12.925,,
658.326737,2026-03-10 17:53:38.690,ARDUINO_PSI,Arduino,0.000,0.000,12.922,,
658.426771,2026-03-10 17:53:38.790,ARDUINO_PSI,Arduino,0.000,0.000,12.934,,
658.527431,2026-03-10 17:53:38.890,ARDUINO_PSI,Arduino,0.000,0.000,12.936,,
658.627135,2026-03-10 17:53:38.990,ARDUINO_PSI,Arduino,0.000,0.000,12.938,,
658.727093,2026-03-10 17:53:39.090,ARDUINO_PSI,Arduino,0.000,0.000,12.927,,
658.827074,2026-03-10 17:53:39.190,ARDUINO_PSI,Arduino,0.000,0.000,12.929,,
658.927750,2026-03-10 17:53:39.291,ARDUINO_PSI,Arduino,0.000,0.000,12.913,,
659.026969,2026-03-10 17:53:39.390,ARDUINO_PSI,Arduino,0.000,0.000,12.911,,
659.127328,2026-03-10 17:53:39.490,ARDUINO_PSI,Arduino,0.000,0.000,12.922,,
659.227293,2026-03-10 17:53:39.590,ARDUINO_PSI,Arduino,0.000,0.000,12.918,,
659.327447,2026-03-10 17:53:39.690,ARDUINO_PSI,Arduino,0.000,0.000,12.915,,
659.427503,2026-03-10 17:53:39.790,ARDUINO_PSI,Arduino,0.000,0.000,12.918,,
659.527096,2026-03-10 17:53:39.890,ARDUINO_PSI,Arduino,0.000,0.000,12.913,,
659.627323,2026-03-10 17:53:39.990,ARDUINO_PSI,Arduino,0.000,0.000,12.918,,
659.727146,2026-03-10 17:53:40.090,ARDUINO_PSI,Arduino,0.000,0.000,12.922,,
659.827351,2026-03-10 17:53:40.190,ARDUINO_PSI,Arduino,0.000,0.000,12.925,,
659.927225,2026-03-10 17:53:40.290,ARDUINO_PSI,Arduino,0.000,0.000,12.934,,
660.027587,2026-03-10 17:53:40.391,ARDUINO_PSI,Arduino,0.000,0.000,12.945,,
660.127145,2026-03-10 17:53:40.490,ARDUINO_PSI,Arduino,0.000,0.000,12.954,,
660.227375,2026-03-10 17:53:40.590,ARDUINO_PSI,Arduino,0.000,0.000,12.957,,
660.328989,2026-03-10 17:53:40.692,ARDUINO_PSI,Arduino,0.000,0.000,12.959,,
660.427174,2026-03-10 17:53:40.790,ARDUINO_PSI,Arduino,0.000,0.000,12.959,,
660.527456,2026-03-10 17:53:40.890,ARDUINO_PSI,Arduino,0.000,0.000,12.963,,
660.627201,2026-03-10 17:53:40.990,ARDUINO_PSI,Arduino,0.000,0.000,12.970,,
660.727416,2026-03-10 17:53:41.090,ARDUINO_PSI,Arduino,0.000,0.000,12.963,,
660.827188,2026-03-10 17:53:41.190,ARDUINO_PSI,Arduino,0.000,0.000,12.957,,
660.927072,2026-03-10 17:53:41.290,ARDUINO_PSI,Arduino,0.000,0.000,12.961,,
661.027418,2026-03-10 17:53:41.390,ARDUINO_PSI,Arduino,0.000,0.000,12.959,,
661.126810,2026-03-10 17:53:41.490,ARDUINO_PSI,Arduino,0.000,0.000,12.954,,
661.227401,2026-03-10 17:53:41.590,ARDUINO_PSI,Arduino,0.000,0.000,12.954,,
661.327003,2026-03-10 17:53:41.690,ARDUINO_PSI,Arduino,0.000,0.000,12.959,,
661.427389,2026-03-10 17:53:41.790,ARDUINO_PSI,Arduino,0.000,0.000,12.950,,
661.527101,2026-03-10 17:53:41.890,ARDUINO_PSI,Arduino,0.000,0.000,12.957,,
661.627224,2026-03-10 17:53:41.990,ARDUINO_PSI,Arduino,0.000,0.000,12.959,,
661.727168,2026-03-10 17:53:42.090,ARDUINO_PSI,Arduino,0.000,0.000,12.952,,
661.827192,2026-03-10 17:53:42.190,ARDUINO_PSI,Arduino,0.000,0.000,12.957,,
661.927484,2026-03-10 17:53:42.290,ARDUINO_PSI,Arduino,0.000,0.000,12.936,,
662.027324,2026-03-10 17:53:42.390,ARDUINO_PSI,Arduino,0.000,0.000,12.931,,
662.127657,2026-03-10 17:53:42.491,ARDUINO_PSI,Arduino,0.000,0.000,12.920,,
662.227684,2026-03-10 17:53:42.591,ARDUINO_PSI,Arduino,0.000,0.000,12.927,,
662.326918,2026-03-10 17:53:42.690,ARDUINO_PSI,Arduino,0.000,0.000,12.929,,
662.427148,2026-03-10 17:53:42.790,ARDUINO_PSI,Arduino,0.000,0.000,12.918,,
662.527289,2026-03-10 17:53:42.890,ARDUINO_PSI,Arduino,0.000,0.000,12.913,,
662.627196,2026-03-10 17:53:42.990,ARDUINO_PSI,Arduino,0.000,0.000,12.915,,
662.727599,2026-03-10 17:53:43.091,ARDUINO_PSI,Arduino,0.000,0.000,12.918,,
662.827026,2026-03-10 17:53:43.190,ARDUINO_PSI,Arduino,0.000,0.000,12.929,,
662.927422,2026-03-10 17:53:43.290,ARDUINO_PSI,Arduino,0.000,0.000,12.931,,
663.027582,2026-03-10 17:53:43.391,ARDUINO_PSI,Arduino,0.000,0.000,12.936,,
663.127260,2026-03-10 17:53:43.490,ARDUINO_PSI,Arduino,0.000,0.000,12.941,,
663.227187,2026-03-10 17:53:43.590,ARDUINO_PSI,Arduino,0.000,0.000,12.954,,
663.327621,2026-03-10 17:53:43.691,ARDUINO_PSI,Arduino,0.000,0.000,12.959,,
663.427342,2026-03-10 17:53:43.790,ARDUINO_PSI,Arduino,0.000,0.000,12.959,,
663.527465,2026-03-10 17:53:43.890,ARDUINO_PSI,Arduino,0.000,0.000,12.959,,
663.627282,2026-03-10 17:53:43.990,ARDUINO_PSI,Arduino,0.000,0.000,12.954,,
663.727326,2026-03-10 17:53:44.090,ARDUINO_PSI,Arduino,0.000,0.000,12.959,,
663.827300,2026-03-10 17:53:44.190,ARDUINO_PSI,Arduino,0.000,0.000,12.959,,
663.927033,2026-03-10 17:53:44.290,ARDUINO_PSI,Arduino,0.000,0.000,12.959,,
664.027250,2026-03-10 17:53:44.390,ARDUINO_PSI,Arduino,0.000,0.000,12.950,,
664.127402,2026-03-10 17:53:44.490,ARDUINO_PSI,Arduino,0.000,0.000,12.945,,
664.227139,2026-03-10 17:53:44.590,ARDUINO_PSI,Arduino,0.000,0.000,12.941,,
664.327231,2026-03-10 17:53:44.690,ARDUINO_PSI,Arduino,0.000,0.000,12.931,,
664.426971,2026-03-10 17:53:44.790,ARDUINO_PSI,Arduino,0.000,0.000,12.941,,
664.527283,2026-03-10 17:53:44.890,ARDUINO_PSI,Arduino,0.000,0.000,12.938,,
664.627064,2026-03-10 17:53:44.990,ARDUINO_PSI,Arduino,0.000,0.000,12.931,,
664.727330,2026-03-10 17:53:45.090,ARDUINO_PSI,Arduino,0.000,0.000,12.927,,
664.827220,2026-03-10 17:53:45.190,ARDUINO_PSI,Arduino,0.000,0.000,12.925,,
664.927064,2026-03-10 17:53:45.290,ARDUINO_PSI,Arduino,0.000,0.000,12.925,,
665.028304,2026-03-10 17:53:45.391,ARDUINO_PSI,Arduino,0.000,0.000,12.925,,
665.126996,2026-03-10 17:53:45.490,ARDUINO_PSI,Arduino,0.000,0.000,12.920,,
665.227849,2026-03-10 17:53:45.591,ARDUINO_PSI,Arduino,0.000,0.000,12.906,,
665.327459,2026-03-10 17:53:45.690,ARDUINO_PSI,Arduino,0.000,0.000,12.899,,
665.427393,2026-03-10 17:53:45.790,ARDUINO_PSI,Arduino,0.000,0.000,12.911,,
665.527053,2026-03-10 17:53:45.890,ARDUINO_PSI,Arduino,0.000,0.000,12.909,,
665.627046,2026-03-10 17:53:45.990,ARDUINO_PSI,Arduino,0.000,0.000,12.913,,
665.727202,2026-03-10 17:53:46.090,ARDUINO_PSI,Arduino,0.000,0.000,12.902,,
665.827124,2026-03-10 17:53:46.190,ARDUINO_PSI,Arduino,0.000,0.000,12.906,,
665.927560,2026-03-10 17:53:46.291,ARDUINO_PSI,Arduino,0.000,0.000,12.915,,
666.027322,2026-03-10 17:53:46.390,ARDUINO_PSI,Arduino,0.000,0.000,12.925,,
666.127439,2026-03-10 17:53:46.490,ARDUINO_PSI,Arduino,0.000,0.000,12.931,,
666.227035,2026-03-10 17:53:46.590,ARDUINO_PSI,Arduino,0.000,0.000,12.929,,
666.327821,2026-03-10 17:53:46.691,ARDUINO_PSI,Arduino,0.000,0.000,12.943,,
666.427237,2026-03-10 17:53:46.790,ARDUINO_PSI,Arduino,0.000,0.000,12.934,,
666.527951,2026-03-10 17:53:46.891,ARDUINO_PSI,Arduino,0.000,0.000,12.931,,
666.628744,2026-03-10 17:53:46.992,ARDUINO_PSI,Arduino,0.000,0.000,12.934,,
666.727910,2026-03-10 17:53:47.091,ARDUINO_PSI,Arduino,0.000,0.000,12.943,,
666.828243,2026-03-10 17:53:47.191,ARDUINO_PSI,Arduino,0.000,0.000,12.936,,
666.927882,2026-03-10 17:53:47.291,ARDUINO_PSI,Arduino,0.000,0.000,12.938,,
667.027711,2026-03-10 17:53:47.391,ARDUINO_PSI,Arduino,0.000,0.000,12.945,,
667.127200,2026-03-10 17:53:47.490,ARDUINO_PSI,Arduino,0.000,0.000,12.947,,
667.227216,2026-03-10 17:53:47.590,ARDUINO_PSI,Arduino,0.000,0.000,12.947,,
667.326987,2026-03-10 17:53:47.690,ARDUINO_PSI,Arduino,0.000,0.000,12.952,,
667.427271,2026-03-10 17:53:47.790,ARDUINO_PSI,Arduino,0.000,0.000,12.950,,
667.527902,2026-03-10 17:53:47.891,ARDUINO_PSI,Arduino,0.000,0.000,12.950,,
667.626822,2026-03-10 17:53:47.990,ARDUINO_PSI,Arduino,0.000,0.000,12.947,,
667.727068,2026-03-10 17:53:48.090,ARDUINO_PSI,Arduino,0.000,0.000,12.950,,
667.826966,2026-03-10 17:53:48.190,ARDUINO_PSI,Arduino,0.000,0.000,12.950,,
667.927305,2026-03-10 17:53:48.290,ARDUINO_PSI,Arduino,0.000,0.000,12.941,,
668.027713,2026-03-10 17:53:48.391,ARDUINO_PSI,Arduino,0.000,0.000,12.945,,
668.127063,2026-03-10 17:53:48.490,ARDUINO_PSI,Arduino,0.000,0.000,12.947,,
668.226908,2026-03-10 17:53:48.590,ARDUINO_PSI,Arduino,0.000,0.000,12.950,,
668.327437,2026-03-10 17:53:48.690,ARDUINO_PSI,Arduino,0.000,0.000,12.941,,
668.427086,2026-03-10 17:53:48.790,ARDUINO_PSI,Arduino,0.000,0.000,12.954,,
668.527838,2026-03-10 17:53:48.891,ARDUINO_PSI,Arduino,0.000,0.000,12.959,,
668.626771,2026-03-10 17:53:48.990,ARDUINO_PSI,Arduino,0.000,0.000,12.966,,
668.727047,2026-03-10 17:53:49.090,ARDUINO_PSI,Arduino,0.000,0.000,12.968,,
668.827321,2026-03-10 17:53:49.190,ARDUINO_PSI,Arduino,0.000,0.000,12.979,,
668.927264,2026-03-10 17:53:49.290,ARDUINO_PSI,Arduino,0.000,0.000,12.973,,
669.027382,2026-03-10 17:53:49.390,ARDUINO_PSI,Arduino,0.000,0.000,12.968,,
669.127231,2026-03-10 17:53:49.490,ARDUINO_PSI,Arduino,0.000,0.000,12.975,,
669.226849,2026-03-10 17:53:49.590,ARDUINO_PSI,Arduino,0.000,0.000,12.986,,
669.327300,2026-03-10 17:53:49.690,ARDUINO_PSI,Arduino,0.000,0.000,12.975,,
669.427427,2026-03-10 17:53:49.790,ARDUINO_PSI,Arduino,0.000,0.000,12.975,,
669.527256,2026-03-10 17:53:49.890,ARDUINO_PSI,Arduino,0.000,0.000,12.982,,
669.627265,2026-03-10 17:53:49.990,ARDUINO_PSI,Arduino,0.000,0.000,12.982,,
669.727184,2026-03-10 17:53:50.090,ARDUINO_PSI,Arduino,0.000,0.000,12.993,,
669.827120,2026-03-10 17:53:50.190,ARDUINO_PSI,Arduino,0.000,0.000,12.989,,
669.927037,2026-03-10 17:53:50.290,ARDUINO_PSI,Arduino,0.000,0.000,12.991,,
670.027262,2026-03-10 17:53:50.390,ARDUINO_PSI,Arduino,0.000,0.000,12.989,,
670.127570,2026-03-10 17:53:50.491,ARDUINO_PSI,Arduino,0.000,0.000,12.993,,
670.226902,2026-03-10 17:53:50.590,ARDUINO_PSI,Arduino,0.000,0.000,12.993,,
670.327651,2026-03-10 17:53:50.691,ARDUINO_PSI,Arduino,0.000,0.000,12.995,,
670.427343,2026-03-10 17:53:50.790,ARDUINO_PSI,Arduino,0.000,0.000,13.002,,
670.527255,2026-03-10 17:53:50.890,ARDUINO_PSI,Arduino,0.000,0.000,12.998,,
670.627647,2026-03-10 17:53:50.991,ARDUINO_PSI,Arduino,0.000,0.000,13.000,,
670.727143,2026-03-10 17:53:51.090,ARDUINO_PSI,Arduino,0.000,0.000,12.989,,
670.827412,2026-03-10 17:53:51.190,ARDUINO_PSI,Arduino,0.000,0.000,12.979,,
670.927258,2026-03-10 17:53:51.290,ARDUINO_PSI,Arduino,0.000,0.000,12.982,,
671.027534,2026-03-10 17:53:51.390,ARDUINO_PSI,Arduino,0.000,0.000,12.975,,
671.127187,2026-03-10 17:53:51.490,ARDUINO_PSI,Arduino,0.000,0.000,12.973,,
671.227582,2026-03-10 17:53:51.591,ARDUINO_PSI,Arduino,0.000,0.000,12.963,,
671.327006,2026-03-10 17:53:51.690,ARDUINO_PSI,Arduino,0.000,0.000,12.963,,
671.427012,2026-03-10 17:53:51.790,ARDUINO_PSI,Arduino,0.000,0.000,12.959,,
671.528403,2026-03-10 17:53:51.891,ARDUINO_PSI,Arduino,0.000,0.000,12.950,,
671.627323,2026-03-10 17:53:51.990,ARDUINO_PSI,Arduino,0.000,0.000,12.952,,
671.727037,2026-03-10 17:53:52.090,ARDUINO_PSI,Arduino,0.000,0.000,12.943,,
671.827012,2026-03-10 17:53:52.190,ARDUINO_PSI,Arduino,0.000,0.000,12.947,,
671.927341,2026-03-10 17:53:52.290,ARDUINO_PSI,Arduino,0.000,0.000,12.950,,
672.027520,2026-03-10 17:53:52.390,ARDUINO_PSI,Arduino,0.000,0.000,12.957,,
672.127177,2026-03-10 17:53:52.490,ARDUINO_PSI,Arduino,0.000,0.000,12.954,,
672.227838,2026-03-10 17:53:52.591,ARDUINO_PSI,Arduino,0.000,0.000,12.952,,
672.326747,2026-03-10 17:53:52.690,ARDUINO_PSI,Arduino,0.000,0.000,12.947,,
672.427653,2026-03-10 17:53:52.791,ARDUINO_PSI,Arduino,0.000,0.000,12.934,,
672.528010,2026-03-10 17:53:52.891,ARDUINO_PSI,Arduino,0.000,0.000,12.931,,
672.627225,2026-03-10 17:53:52.990,ARDUINO_PSI,Arduino,0.000,0.000,12.936,,
672.727573,2026-03-10 17:53:53.091,ARDUINO_PSI,Arduino,0.000,0.000,12.947,,
672.827376,2026-03-10 17:53:53.190,ARDUINO_PSI,Arduino,0.000,0.000,12.952,,
672.926808,2026-03-10 17:53:53.290,ARDUINO_PSI,Arduino,0.000,0.000,12.957,,
673.028134,2026-03-10 17:53:53.391,ARDUINO_PSI,Arduino,0.000,0.000,12.957,,
673.127044,2026-03-10 17:53:53.490,ARDUINO_PSI,Arduino,0.000,0.000,12.952,,
673.227297,2026-03-10 17:53:53.590,ARDUINO_PSI,Arduino,0.000,0.000,12.952,,
673.326844,2026-03-10 17:53:53.690,ARDUINO_PSI,Arduino,0.000,0.000,12.950,,
673.427433,2026-03-10 17:53:53.790,ARDUINO_PSI,Arduino,0.000,0.000,12.945,,
673.529124,2026-03-10 17:53:53.892,ARDUINO_PSI,Arduino,0.000,0.000,12.954,,
673.627282,2026-03-10 17:53:53.990,ARDUINO_PSI,Arduino,0.000,0.000,12.950,,
673.727040,2026-03-10 17:53:54.090,ARDUINO_PSI,Arduino,0.000,0.000,12.947,,
673.827190,2026-03-10 17:53:54.190,ARDUINO_PSI,Arduino,0.000,0.000,12.950,,
673.927107,2026-03-10 17:53:54.290,ARDUINO_PSI,Arduino,0.000,0.000,12.943,,
674.028407,2026-03-10 17:53:54.391,ARDUINO_PSI,Arduino,0.000,0.000,12.931,,
674.127217,2026-03-10 17:53:54.490,ARDUINO_PSI,Arduino,0.000,0.000,12.934,,
674.227273,2026-03-10 17:53:54.590,ARDUINO_PSI,Arduino,0.000,0.000,12.945,,
674.327125,2026-03-10 17:53:54.690,ARDUINO_PSI,Arduino,0.000,0.000,12.954,,
674.426916,2026-03-10 17:53:54.790,ARDUINO_PSI,Arduino,0.000,0.000,12.961,,
674.527034,2026-03-10 17:53:54.890,ARDUINO_PSI,Arduino,0.000,0.000,12.970,,
674.627038,2026-03-10 17:53:54.990,ARDUINO_PSI,Arduino,0.000,0.000,12.957,,
674.726944,2026-03-10 17:53:55.090,ARDUINO_PSI,Arduino,0.000,0.000,12.957,,
674.827093,2026-03-10 17:53:55.190,ARDUINO_PSI,Arduino,0.000,0.000,12.947,,
674.927056,2026-03-10 17:53:55.290,ARDUINO_PSI,Arduino,0.000,0.000,12.952,,
675.028731,2026-03-10 17:53:55.392,ARDUINO_PSI,Arduino,0.000,0.000,12.963,,
675.127016,2026-03-10 17:53:55.490,ARDUINO_PSI,Arduino,0.000,0.000,12.961,,
675.227252,2026-03-10 17:53:55.590,ARDUINO_PSI,Arduino,0.000,0.000,12.973,,
675.327052,2026-03-10 17:53:55.690,ARDUINO_PSI,Arduino,0.000,0.000,12.975,,
675.427091,2026-03-10 17:53:55.790,ARDUINO_PSI,Arduino,0.000,0.000,12.979,,
675.528358,2026-03-10 17:53:55.891,ARDUINO_PSI,Arduino,0.000,0.000,12.970,,
675.627261,2026-03-10 17:53:55.990,ARDUINO_PSI,Arduino,0.000,0.000,12.966,,
675.727311,2026-03-10 17:53:56.090,ARDUINO_PSI,Arduino,0.000,0.000,12.977,,
675.827075,2026-03-10 17:53:56.190,ARDUINO_PSI,Arduino,0.000,0.000,12.966,,
675.927131,2026-03-10 17:53:56.290,ARDUINO_PSI,Arduino,0.000,0.000,12.968,,
676.027666,2026-03-10 17:53:56.391,ARDUINO_PSI,Arduino,0.000,0.000,12.968,,
676.127010,2026-03-10 17:53:56.490,ARDUINO_PSI,Arduino,0.000,0.000,12.954,,
676.227352,2026-03-10 17:53:56.590,ARDUINO_PSI,Arduino,0.000,0.000,12.947,,
676.327433,2026-03-10 17:53:56.690,ARDUINO_PSI,Arduino,0.000,0.000,12.936,,
676.427869,2026-03-10 17:53:56.791,ARDUINO_PSI,Arduino,0.000,0.000,12.938,,
676.528059,2026-03-10 17:53:56.891,ARDUINO_PSI,Arduino,0.000,0.000,12.931,,
676.626725,2026-03-10 17:53:56.990,ARDUINO_PSI,Arduino,0.000,0.000,12.941,,
676.726766,2026-03-10 17:53:57.090,ARDUINO_PSI,Arduino,0.000,0.000,12.929,,
676.826847,2026-03-10 17:53:57.190,ARDUINO_PSI,Arduino,0.000,0.000,12.931,,
676.926982,2026-03-10 17:53:57.290,ARDUINO_PSI,Arduino,0.000,0.000,12.918,,
677.027214,2026-03-10 17:53:57.390,ARDUINO_PSI,Arduino,0.000,0.000,12.909,,
677.128079,2026-03-10 17:53:57.491,ARDUINO_PSI,Arduino,0.000,0.000,12.918,,
677.227990,2026-03-10 17:53:57.591,ARDUINO_PSI,Arduino,0.000,0.000,12.906,,
677.328266,2026-03-10 17:53:57.691,ARDUINO_PSI,Arduino,0.000,0.000,12.902,,
677.427549,2026-03-10 17:53:57.790,ARDUINO_PSI,Arduino,0.000,0.000,12.897,,
677.528334,2026-03-10 17:53:57.891,ARDUINO_PSI,Arduino,0.000,0.000,12.899,,
677.627576,2026-03-10 17:53:57.991,ARDUINO_PSI,Arduino,0.000,0.000,12.902,,
677.726746,2026-03-10 17:53:58.090,ARDUINO_PSI,Arduino,0.000,0.000,12.893,,
677.827522,2026-03-10 17:53:58.190,ARDUINO_PSI,Arduino,0.000,0.000,12.904,,
677.927290,2026-03-10 17:53:58.290,ARDUINO_PSI,Arduino,0.000,0.000,12.906,,
678.029180,2026-03-10 17:53:58.392,ARDUINO_PSI,Arduino,0.000,0.000,12.927,,
678.127103,2026-03-10 17:53:58.490,ARDUINO_PSI,Arduino,0.000,0.000,12.931,,
678.227154,2026-03-10 17:53:58.590,ARDUINO_PSI,Arduino,0.000,0.000,12.934,,
678.327233,2026-03-10 17:53:58.690,ARDUINO_PSI,Arduino,0.000,0.000,12.947,,
678.427215,2026-03-10 17:53:58.790,ARDUINO_PSI,Arduino,0.000,0.000,12.941,,
678.529120,2026-03-10 17:53:58.892,ARDUINO_PSI,Arduino,0.000,0.000,12.941,,
678.626972,2026-03-10 17:53:58.990,ARDUINO_PSI,Arduino,0.000,0.000,12.927,,
678.727248,2026-03-10 17:53:59.090,ARDUINO_PSI,Arduino,0.000,0.000,12.931,,
678.827004,2026-03-10 17:53:59.190,ARDUINO_PSI,Arduino,0.000,0.000,12.931,,
678.927171,2026-03-10 17:53:59.290,ARDUINO_PSI,Arduino,0.000,0.000,12.941,,
679.027446,2026-03-10 17:53:59.390,ARDUINO_PSI,Arduino,0.000,0.000,12.943,,
679.127210,2026-03-10 17:53:59.490,ARDUINO_PSI,Arduino,0.000,0.000,12.936,,
679.227297,2026-03-10 17:53:59.590,ARDUINO_PSI,Arduino,0.000,0.000,12.934,,
679.327465,2026-03-10 17:53:59.690,ARDUINO_PSI,Arduino,0.000,0.000,12.945,,
679.427158,2026-03-10 17:53:59.790,ARDUINO_PSI,Arduino,0.000,0.000,12.959,,
679.526745,2026-03-10 17:53:59.890,ARDUINO_PSI,Arduino,0.000,0.000,12.959,,
679.627383,2026-03-10 17:53:59.990,ARDUINO_PSI,Arduino,0.000,0.000,12.968,,
679.727334,2026-03-10 17:54:00.090,ARDUINO_PSI,Arduino,0.000,0.000,12.966,,
679.827096,2026-03-10 17:54:00.190,ARDUINO_PSI,Arduino,0.000,0.000,12.952,,
679.927472,2026-03-10 17:54:00.290,ARDUINO_PSI,Arduino,0.000,0.000,12.954,,
680.029796,2026-03-10 17:54:00.393,ARDUINO_PSI,Arduino,0.000,0.000,12.931,,
680.127033,2026-03-10 17:54:00.490,ARDUINO_PSI,Arduino,0.000,0.000,12.945,,
680.227145,2026-03-10 17:54:00.590,ARDUINO_PSI,Arduino,0.000,0.000,12.931,,
680.327316,2026-03-10 17:54:00.690,ARDUINO_PSI,Arduino,0.000,0.000,12.925,,
680.427076,2026-03-10 17:54:00.790,ARDUINO_PSI,Arduino,0.000,0.000,12.927,,
680.528981,2026-03-10 17:54:00.892,ARDUINO_PSI,Arduino,0.000,0.000,12.929,,
680.627269,2026-03-10 17:54:00.990,ARDUINO_PSI,Arduino,0.000,0.000,12.941,,
680.727236,2026-03-10 17:54:01.090,ARDUINO_PSI,Arduino,0.000,0.000,12.943,,
680.827221,2026-03-10 17:54:01.190,ARDUINO_PSI,Arduino,0.000,0.000,12.943,,
680.927099,2026-03-10 17:54:01.290,ARDUINO_PSI,Arduino,0.000,0.000,12.936,,
681.027030,2026-03-10 17:54:01.390,ARDUINO_PSI,Arduino,0.000,0.000,12.929,,
681.127455,2026-03-10 17:54:01.490,ARDUINO_PSI,Arduino,0.000,0.000,12.925,,
681.227335,2026-03-10 17:54:01.590,ARDUINO_PSI,Arduino,0.000,0.000,12.934,,
681.326964,2026-03-10 17:54:01.690,ARDUINO_PSI,Arduino,0.000,0.000,12.931,,
681.427332,2026-03-10 17:54:01.790,ARDUINO_PSI,Arduino,0.000,0.000,12.918,,
681.529366,2026-03-10 17:54:01.892,ARDUINO_PSI,Arduino,0.000,0.000,12.913,,
681.627238,2026-03-10 17:54:01.990,ARDUINO_PSI,Arduino,0.000,0.000,12.911,,
681.727401,2026-03-10 17:54:02.090,ARDUINO_PSI,Arduino,0.000,0.000,12.925,,
681.827353,2026-03-10 17:54:02.190,ARDUINO_PSI,Arduino,0.000,0.000,12.938,,
681.926951,2026-03-10 17:54:02.290,ARDUINO_PSI,Arduino,0.000,0.000,12.934,,
682.029168,2026-03-10 17:54:02.392,ARDUINO_PSI,Arduino,0.000,0.000,12.945,,
682.127102,2026-03-10 17:54:02.490,ARDUINO_PSI,Arduino,0.000,0.000,12.938,,
682.227657,2026-03-10 17:54:02.591,ARDUINO_PSI,Arduino,0.000,0.000,12.961,,
682.326810,2026-03-10 17:54:02.690,ARDUINO_PSI,Arduino,0.000,0.000,12.970,,
682.426949,2026-03-10 17:54:02.790,ARDUINO_PSI,Arduino,0.000,0.000,12.968,,
682.528180,2026-03-10 17:54:02.891,ARDUINO_PSI,Arduino,0.000,0.000,12.963,,
682.627264,2026-03-10 17:54:02.990,ARDUINO_PSI,Arduino,0.000,0.000,12.961,,
682.726851,2026-03-10 17:54:03.090,ARDUINO_PSI,Arduino,0.000,0.000,12.959,,
682.827183,2026-03-10 17:54:03.190,ARDUINO_PSI,Arduino,0.000,0.000,12.957,,
682.927441,2026-03-10 17:54:03.290,ARDUINO_PSI,Arduino,0.000,0.000,12.968,,
683.026739,2026-03-10 17:54:03.390,ARDUINO_PSI,Arduino,0.000,0.000,12.968,,
683.126796,2026-03-10 17:54:03.490,ARDUINO_PSI,Arduino,0.000,0.000,12.973,,
683.227384,2026-03-10 17:54:03.590,ARDUINO_PSI,Arduino,0.000,0.000,12.968,,
683.327288,2026-03-10 17:54:03.690,ARDUINO_PSI,Arduino,0.000,0.000,12.970,,
683.427277,2026-03-10 17:54:03.790,ARDUINO_PSI,Arduino,0.000,0.000,12.986,,
683.529873,2026-03-10 17:54:03.893,ARDUINO_PSI,Arduino,0.000,0.000,12.989,,
683.628091,2026-03-10 17:54:03.991,ARDUINO_PSI,Arduino,0.000,0.000,12.991,,
683.727280,2026-03-10 17:54:04.090,ARDUINO_PSI,Arduino,0.000,0.000,12.993,,
683.827439,2026-03-10 17:54:04.190,ARDUINO_PSI,Arduino,0.000,0.000,13.002,,
683.927036,2026-03-10 17:54:04.290,ARDUINO_PSI,Arduino,0.000,0.000,13.011,,
684.030119,2026-03-10 17:54:04.393,ARDUINO_PSI,Arduino,0.000,0.000,13.016,,
684.127170,2026-03-10 17:54:04.490,ARDUINO_PSI,Arduino,0.000,0.000,13.007,,
684.227100,2026-03-10 17:54:04.590,ARDUINO_PSI,Arduino,0.000,0.000,12.984,,
684.327418,2026-03-10 17:54:04.690,ARDUINO_PSI,Arduino,0.000,0.000,12.973,,
684.427426,2026-03-10 17:54:04.790,ARDUINO_PSI,Arduino,0.000,0.000,12.982,,
684.530344,2026-03-10 17:54:04.893,ARDUINO_PSI,Arduino,0.000,0.000,12.986,,
684.627186,2026-03-10 17:54:04.990,ARDUINO_PSI,Arduino,0.000,0.000,12.982,,
684.726806,2026-03-10 17:54:05.090,ARDUINO_PSI,Arduino,0.000,0.000,12.979,,
684.827207,2026-03-10 17:54:05.190,ARDUINO_PSI,Arduino,0.000,0.000,12.986,,
684.927531,2026-03-10 17:54:05.290,ARDUINO_PSI,Arduino,0.000,0.000,12.977,,
685.026961,2026-03-10 17:54:05.390,ARDUINO_PSI,Arduino,0.000,0.000,12.982,,
685.127156,2026-03-10 17:54:05.490,ARDUINO_PSI,Arduino,0.000,0.000,12.991,,
685.227025,2026-03-10 17:54:05.590,ARDUINO_PSI,Arduino,0.000,0.000,12.995,,
685.327523,2026-03-10 17:54:05.690,ARDUINO_PSI,Arduino,0.000,0.000,12.986,,
685.426905,2026-03-10 17:54:05.790,ARDUINO_PSI,Arduino,0.000,0.000,12.975,,
685.527100,2026-03-10 17:54:05.890,ARDUINO_PSI,Arduino,0.000,0.000,12.968,,
685.627262,2026-03-10 17:54:05.990,ARDUINO_PSI,Arduino,0.000,0.000,12.963,,
685.727246,2026-03-10 17:54:06.090,ARDUINO_PSI,Arduino,0.000,0.000,12.963,,
685.827657,2026-03-10 17:54:06.191,ARDUINO_PSI,Arduino,0.000,0.000,12.943,,
685.927600,2026-03-10 17:54:06.291,ARDUINO_PSI,Arduino,0.000,0.000,12.938,,
686.029549,2026-03-10 17:54:06.392,ARDUINO_PSI,Arduino,0.000,0.000,12.927,,
686.127355,2026-03-10 17:54:06.490,ARDUINO_PSI,Arduino,0.000,0.000,12.938,,
686.227113,2026-03-10 17:54:06.590,ARDUINO_PSI,Arduino,0.000,0.000,12.959,,
686.327310,2026-03-10 17:54:06.690,ARDUINO_PSI,Arduino,0.000,0.000,12.961,,
686.426797,2026-03-10 17:54:06.790,ARDUINO_PSI,Arduino,0.000,0.000,12.950,,
686.530017,2026-03-10 17:54:06.893,ARDUINO_PSI,Arduino,0.000,0.000,12.952,,
686.628022,2026-03-10 17:54:06.991,ARDUINO_PSI,Arduino,0.000,0.000,12.952,,
686.728208,2026-03-10 17:54:07.091,ARDUINO_PSI,Arduino,0.000,0.000,12.959,,
686.827046,2026-03-10 17:54:07.190,ARDUINO_PSI,Arduino,0.000,0.000,12.966,,
686.927277,2026-03-10 17:54:07.290,ARDUINO_PSI,Arduino,0.000,0.000,12.959,,
687.030789,2026-03-10 17:54:07.394,ARDUINO_PSI,Arduino,0.000,0.000,12.961,,
687.126950,2026-03-10 17:54:07.490,ARDUINO_PSI,Arduino,0.000,0.000,12.959,,
687.226991,2026-03-10 17:54:07.590,ARDUINO_PSI,Arduino,0.000,0.000,12.961,,
687.327232,2026-03-10 17:54:07.690,ARDUINO_PSI,Arduino,0.000,0.000,12.979,,
687.427111,2026-03-10 17:54:07.790,ARDUINO_PSI,Arduino,0.000,0.000,12.982,,
687.530168,2026-03-10 17:54:07.893,ARDUINO_PSI,Arduino,0.000,0.000,12.993,,
687.626771,2026-03-10 17:54:07.990,ARDUINO_PSI,Arduino,0.000,0.000,13.000,,
687.727265,2026-03-10 17:54:08.090,ARDUINO_PSI,Arduino,0.000,0.000,12.979,,
687.827165,2026-03-10 17:54:08.190,ARDUINO_PSI,Arduino,0.000,0.000,12.986,,
687.927108,2026-03-10 17:54:08.290,ARDUINO_PSI,Arduino,0.000,0.000,12.984,,
688.027355,2026-03-10 17:54:08.390,ARDUINO_PSI,Arduino,0.000,0.000,12.986,,
688.127285,2026-03-10 17:54:08.490,ARDUINO_PSI,Arduino,0.000,0.000,12.975,,
688.227075,2026-03-10 17:54:08.590,ARDUINO_PSI,Arduino,0.000,0.000,12.968,,
688.326813,2026-03-10 17:54:08.690,ARDUINO_PSI,Arduino,0.000,0.000,12.970,,
688.427153,2026-03-10 17:54:08.790,ARDUINO_PSI,Arduino,0.000,0.000,12.970,,
688.527425,2026-03-10 17:54:08.890,ARDUINO_PSI,Arduino,0.000,0.000,12.975,,
688.627427,2026-03-10 17:54:08.990,ARDUINO_PSI,Arduino,0.000,0.000,12.979,,
688.727208,2026-03-10 17:54:09.090,ARDUINO_PSI,Arduino,0.000,0.000,12.982,,
688.827301,2026-03-10 17:54:09.190,ARDUINO_PSI,Arduino,0.000,0.000,12.984,,
688.927060,2026-03-10 17:54:09.290,ARDUINO_PSI,Arduino,0.000,0.000,12.991,,
689.027242,2026-03-10 17:54:09.390,ARDUINO_PSI,Arduino,0.000,0.000,12.991,,
689.127238,2026-03-10 17:54:09.490,ARDUINO_PSI,Arduino,0.000,0.000,12.989,,
689.227395,2026-03-10 17:54:09.590,ARDUINO_PSI,Arduino,0.000,0.000,12.982,,
689.327327,2026-03-10 17:54:09.690,ARDUINO_PSI,Arduino,0.000,0.000,12.968,,
689.426785,2026-03-10 17:54:09.790,ARDUINO_PSI,Arduino,0.000,0.000,12.975,,
689.527078,2026-03-10 17:54:09.890,ARDUINO_PSI,Arduino,0.000,0.000,12.982,,
689.627225,2026-03-10 17:54:09.990,ARDUINO_PSI,Arduino,0.000,0.000,12.984,,
689.727272,2026-03-10 17:54:10.090,ARDUINO_PSI,Arduino,0.000,0.000,12.982,,
689.827486,2026-03-10 17:54:10.190,ARDUINO_PSI,Arduino,0.000,0.000,12.973,,
689.927226,2026-03-10 17:54:10.290,ARDUINO_PSI,Arduino,0.000,0.000,12.966,,
690.026779,2026-03-10 17:54:10.390,ARDUINO_PSI,Arduino,0.000,0.000,12.961,,
690.127356,2026-03-10 17:54:10.490,ARDUINO_PSI,Arduino,0.000,0.000,12.970,,
690.227362,2026-03-10 17:54:10.590,ARDUINO_PSI,Arduino,0.000,0.000,12.966,,
690.328141,2026-03-10 17:54:10.691,ARDUINO_PSI,Arduino,0.000,0.000,12.966,,
690.427090,2026-03-10 17:54:10.790,ARDUINO_PSI,Arduino,0.000,0.000,12.970,,
690.527109,2026-03-10 17:54:10.890,ARDUINO_PSI,Arduino,0.000,0.000,12.963,,
690.626956,2026-03-10 17:54:10.990,ARDUINO_PSI,Arduino,0.000,0.000,12.963,,
690.726740,2026-03-10 17:54:11.090,ARDUINO_PSI,Arduino,0.000,0.000,12.966,,
690.827514,2026-03-10 17:54:11.190,ARDUINO_PSI,Arduino,0.000,0.000,12.957,,
690.926991,2026-03-10 17:54:11.290,ARDUINO_PSI,Arduino,0.000,0.000,12.954,,
691.028506,2026-03-10 17:54:11.391,ARDUINO_PSI,Arduino,0.000,0.000,12.954,,
691.126742,2026-03-10 17:54:11.490,ARDUINO_PSI,Arduino,0.000,0.000,12.959,,
691.227039,2026-03-10 17:54:11.590,ARDUINO_PSI,Arduino,0.000,0.000,12.961,,
691.326748,2026-03-10 17:54:11.690,ARDUINO_PSI,Arduino,0.000,0.000,12.966,,
691.427184,2026-03-10 17:54:11.790,ARDUINO_PSI,Arduino,0.000,0.000,12.963,,
691.527281,2026-03-10 17:54:11.890,ARDUINO_PSI,Arduino,0.000,0.000,12.950,,
691.627360,2026-03-10 17:54:11.990,ARDUINO_PSI,Arduino,0.000,0.000,12.943,,
691.727359,2026-03-10 17:54:12.090,ARDUINO_PSI,Arduino,0.000,0.000,12.950,,
691.827302,2026-03-10 17:54:12.190,ARDUINO_PSI,Arduino,0.000,0.000,12.961,,
691.927110,2026-03-10 17:54:12.290,ARDUINO_PSI,Arduino,0.000,0.000,12.966,,
692.027105,2026-03-10 17:54:12.390,ARDUINO_PSI,Arduino,0.000,0.000,12.968,,
692.127383,2026-03-10 17:54:12.490,ARDUINO_PSI,Arduino,0.000,0.000,12.970,,
692.227322,2026-03-10 17:54:12.590,ARDUINO_PSI,Arduino,0.000,0.000,12.970,,
692.327457,2026-03-10 17:54:12.690,ARDUINO_PSI,Arduino,0.000,0.000,12.968,,
692.428317,2026-03-10 17:54:12.791,ARDUINO_PSI,Arduino,0.000,0.000,12.963,,
692.527161,2026-03-10 17:54:12.890,ARDUINO_PSI,Arduino,0.000,0.000,12.968,,
692.627067,2026-03-10 17:54:12.990,ARDUINO_PSI,Arduino,0.000,0.000,12.963,,
692.726902,2026-03-10 17:54:13.090,ARDUINO_PSI,Arduino,0.000,0.000,12.961,,
692.827184,2026-03-10 17:54:13.190,ARDUINO_PSI,Arduino,0.000,0.000,12.968,,
692.927210,2026-03-10 17:54:13.290,ARDUINO_PSI,Arduino,0.000,0.000,12.973,,
693.026764,2026-03-10 17:54:13.390,ARDUINO_PSI,Arduino,0.000,0.000,12.973,,
693.127332,2026-03-10 17:54:13.490,ARDUINO_PSI,Arduino,0.000,0.000,12.966,,
693.226743,2026-03-10 17:54:13.590,ARDUINO_PSI,Arduino,0.000,0.000,12.957,,
693.327456,2026-03-10 17:54:13.690,ARDUINO_PSI,Arduino,0.000,0.000,12.952,,
693.427288,2026-03-10 17:54:13.790,ARDUINO_PSI,Arduino,0.000,0.000,12.957,,
693.526998,2026-03-10 17:54:13.890,ARDUINO_PSI,Arduino,0.000,0.000,12.947,,
693.627079,2026-03-10 17:54:13.990,ARDUINO_PSI,Arduino,0.000,0.000,12.957,,
693.727099,2026-03-10 17:54:14.090,ARDUINO_PSI,Arduino,0.000,0.000,12.952,,
693.827138,2026-03-10 17:54:14.190,ARDUINO_PSI,Arduino,0.000,0.000,12.947,,
693.927591,2026-03-10 17:54:14.291,ARDUINO_PSI,Arduino,0.000,0.000,12.954,,
694.027168,2026-03-10 17:54:14.390,ARDUINO_PSI,Arduino,0.000,0.000,12.947,,
694.126904,2026-03-10 17:54:14.490,ARDUINO_PSI,Arduino,0.000,0.000,12.947,,
694.226779,2026-03-10 17:54:14.590,ARDUINO_PSI,Arduino,0.000,0.000,12.950,,
694.326794,2026-03-10 17:54:14.690,ARDUINO_PSI,Arduino,0.000,0.000,12.945,,
694.426970,2026-03-10 17:54:14.790,ARDUINO_PSI,Arduino,0.000,0.000,12.950,,
694.527140,2026-03-10 17:54:14.890,ARDUINO_PSI,Arduino,0.000,0.000,12.947,,
694.626944,2026-03-10 17:54:14.990,ARDUINO_PSI,Arduino,0.000,0.000,12.947,,
694.727361,2026-03-10 17:54:15.090,ARDUINO_PSI,Arduino,0.000,0.000,12.945,,
694.827206,2026-03-10 17:54:15.190,ARDUINO_PSI,Arduino,0.000,0.000,12.943,,
694.927034,2026-03-10 17:54:15.290,ARDUINO_PSI,Arduino,0.000,0.000,12.936,,
695.027240,2026-03-10 17:54:15.390,ARDUINO_PSI,Arduino,0.000,0.000,12.936,,
695.126744,2026-03-10 17:54:15.490,ARDUINO_PSI,Arduino,0.000,0.000,12.934,,
695.226708,2026-03-10 17:54:15.590,ARDUINO_PSI,Arduino,0.000,0.000,12.943,,
695.327544,2026-03-10 17:54:15.690,ARDUINO_PSI,Arduino,0.000,0.000,12.943,,
695.427434,2026-03-10 17:54:15.790,ARDUINO_PSI,Arduino,0.000,0.000,12.931,,
695.527284,2026-03-10 17:54:15.890,ARDUINO_PSI,Arduino,0.000,0.000,12.954,,
695.627547,2026-03-10 17:54:15.990,ARDUINO_PSI,Arduino,0.000,0.000,12.945,,
695.727196,2026-03-10 17:54:16.090,ARDUINO_PSI,Arduino,0.000,0.000,12.947,,
695.827292,2026-03-10 17:54:16.190,ARDUINO_PSI,Arduino,0.000,0.000,12.954,,
695.926979,2026-03-10 17:54:16.290,ARDUINO_PSI,Arduino,0.000,0.000,12.952,,
696.027022,2026-03-10 17:54:16.390,ARDUINO_PSI,Arduino,0.000,0.000,12.963,,
696.127199,2026-03-10 17:54:16.490,ARDUINO_PSI,Arduino,0.000,0.000,12.959,,
696.227337,2026-03-10 17:54:16.590,ARDUINO_PSI,Arduino,0.000,0.000,12.963,,
696.326779,2026-03-10 17:54:16.690,ARDUINO_PSI,Arduino,0.000,0.000,12.979,,
696.427318,2026-03-10 17:54:16.790,ARDUINO_PSI,Arduino,0.000,0.000,12.968,,
696.526868,2026-03-10 17:54:16.890,ARDUINO_PSI,Arduino,0.000,0.000,12.959,,
696.627204,2026-03-10 17:54:16.990,ARDUINO_PSI,Arduino,0.000,0.000,12.954,,
696.727427,2026-03-10 17:54:17.090,ARDUINO_PSI,Arduino,0.000,0.000,12.947,,
696.827192,2026-03-10 17:54:17.190,ARDUINO_PSI,Arduino,0.000,0.000,12.947,,
696.927225,2026-03-10 17:54:17.290,ARDUINO_PSI,Arduino,0.000,0.000,12.952,,
697.027335,2026-03-10 17:54:17.390,ARDUINO_PSI,Arduino,0.000,0.000,12.943,,
697.126995,2026-03-10 17:54:17.490,ARDUINO_PSI,Arduino,0.000,0.000,12.952,,
697.227336,2026-03-10 17:54:17.590,ARDUINO_PSI,Arduino,0.000,0.000,12.945,,
697.327412,2026-03-10 17:54:17.690,ARDUINO_PSI,Arduino,0.000,0.000,12.952,,
697.426805,2026-03-10 17:54:17.790,ARDUINO_PSI,Arduino,0.000,0.000,12.961,,
697.526938,2026-03-10 17:54:17.890,ARDUINO_PSI,Arduino,0.000,0.000,12.954,,
697.627163,2026-03-10 17:54:17.990,ARDUINO_PSI,Arduino,0.000,0.000,12.952,,
697.727160,2026-03-10 17:54:18.090,ARDUINO_PSI,Arduino,0.000,0.000,12.957,,
697.827351,2026-03-10 17:54:18.190,ARDUINO_PSI,Arduino,0.000,0.000,12.950,,
697.927193,2026-03-10 17:54:18.290,ARDUINO_PSI,Arduino,0.000,0.000,12.952,,
698.027065,2026-03-10 17:54:18.390,ARDUINO_PSI,Arduino,0.000,0.000,12.952,,
698.126745,2026-03-10 17:54:18.490,ARDUINO_PSI,Arduino,0.000,0.000,12.954,,
698.227242,2026-03-10 17:54:18.590,ARDUINO_PSI,Arduino,0.000,0.000,12.945,,
698.328245,2026-03-10 17:54:18.691,ARDUINO_PSI,Arduino,0.000,0.000,12.934,,
698.428075,2026-03-10 17:54:18.791,ARDUINO_PSI,Arduino,0.000,0.000,12.943,,
698.528176,2026-03-10 17:54:18.891,ARDUINO_PSI,Arduino,0.000,0.000,12.947,,
698.627250,2026-03-10 17:54:18.990,ARDUINO_PSI,Arduino,0.000,0.000,12.952,,
698.727142,2026-03-10 17:54:19.090,ARDUINO_PSI,Arduino,0.000,0.000,12.957,,
698.826737,2026-03-10 17:54:19.190,ARDUINO_PSI,Arduino,0.000,0.000,12.952,,
698.926966,2026-03-10 17:54:19.290,ARDUINO_PSI,Arduino,0.000,0.000,12.952,,
699.027135,2026-03-10 17:54:19.390,ARDUINO_PSI,Arduino,0.000,0.000,12.950,,
699.127512,2026-03-10 17:54:19.490,ARDUINO_PSI,Arduino,0.000,0.000,12.952,,
699.227255,2026-03-10 17:54:19.590,ARDUINO_PSI,Arduino,0.000,0.000,12.952,,
699.327895,2026-03-10 17:54:19.691,ARDUINO_PSI,Arduino,0.000,0.000,12.950,,
699.428064,2026-03-10 17:54:19.791,ARDUINO_PSI,Arduino,0.000,0.000,12.947,,
699.527266,2026-03-10 17:54:19.890,ARDUINO_PSI,Arduino,0.000,0.000,12.936,,
699.627330,2026-03-10 17:54:19.990,ARDUINO_PSI,Arduino,0.000,0.000,12.941,,
699.727675,2026-03-10 17:54:20.091,ARDUINO_PSI,Arduino,0.000,0.000,12.943,,
699.827397,2026-03-10 17:54:20.190,ARDUINO_PSI,Arduino,0.000,0.000,12.945,,
699.927348,2026-03-10 17:54:20.290,ARDUINO_PSI,Arduino,0.000,0.000,12.941,,
700.028550,2026-03-10 17:54:20.391,ARDUINO_PSI,Arduino,0.000,0.000,12.938,,
700.127339,2026-03-10 17:54:20.490,ARDUINO_PSI,Arduino,0.000,0.000,12.943,,
700.227359,2026-03-10 17:54:20.590,ARDUINO_PSI,Arduino,0.000,0.000,12.950,,
700.327503,2026-03-10 17:54:20.690,ARDUINO_PSI,Arduino,0.000,0.000,12.943,,
700.428526,2026-03-10 17:54:20.791,ARDUINO_PSI,Arduino,0.000,0.000,12.945,,
700.528223,2026-03-10 17:54:20.891,ARDUINO_PSI,Arduino,0.000,0.000,12.954,,
700.627207,2026-03-10 17:54:20.990,ARDUINO_PSI,Arduino,0.000,0.000,12.963,,
700.727562,2026-03-10 17:54:21.091,ARDUINO_PSI,Arduino,0.000,0.000,12.963,,
700.828428,2026-03-10 17:54:21.191,ARDUINO_PSI,Arduino,0.000,0.000,12.963,,
700.927128,2026-03-10 17:54:21.290,ARDUINO_PSI,Arduino,0.000,0.000,12.957,,
701.027347,2026-03-10 17:54:21.390,ARDUINO_PSI,Arduino,0.000,0.000,12.968,,
701.127724,2026-03-10 17:54:21.491,ARDUINO_PSI,Arduino,0.000,0.000,12.963,,
701.228425,2026-03-10 17:54:21.591,ARDUINO_PSI,Arduino,0.000,0.000,12.970,,
701.327150,2026-03-10 17:54:21.690,ARDUINO_PSI,Arduino,0.000,0.000,12.968,,
701.427218,2026-03-10 17:54:21.790,ARDUINO_PSI,Arduino,0.000,0.000,12.975,,
701.528137,2026-03-10 17:54:21.891,ARDUINO_PSI,Arduino,0.000,0.000,12.991,,
701.628185,2026-03-10 17:54:21.991,ARDUINO_PSI,Arduino,0.000,0.000,12.998,,
701.728735,2026-03-10 17:54:22.092,ARDUINO_PSI,Arduino,0.000,0.000,12.998,,
701.828299,2026-03-10 17:54:22.191,ARDUINO_PSI,Arduino,0.000,0.000,13.005,,
701.927170,2026-03-10 17:54:22.290,ARDUINO_PSI,Arduino,0.000,0.000,13.009,,
702.027318,2026-03-10 17:54:22.390,ARDUINO_PSI,Arduino,0.000,0.000,13.007,,
702.128080,2026-03-10 17:54:22.491,ARDUINO_PSI,Arduino,0.000,0.000,13.002,,
702.227904,2026-03-10 17:54:22.591,ARDUINO_PSI,Arduino,0.000,0.000,13.002,,
702.328548,2026-03-10 17:54:22.691,ARDUINO_PSI,Arduino,0.000,0.000,13.009,,
702.427396,2026-03-10 17:54:22.790,ARDUINO_PSI,Arduino,0.000,0.000,13.002,,
702.528504,2026-03-10 17:54:22.891,ARDUINO_PSI,Arduino,0.000,0.000,13.005,,
702.628219,2026-03-10 17:54:22.991,ARDUINO_PSI,Arduino,0.000,0.000,13.000,,
702.727261,2026-03-10 17:54:23.090,ARDUINO_PSI,Arduino,0.000,0.000,12.989,,
702.828345,2026-03-10 17:54:23.191,ARDUINO_PSI,Arduino,0.000,0.000,12.989,,
702.927188,2026-03-10 17:54:23.290,ARDUINO_PSI,Arduino,0.000,0.000,12.991,,
703.028215,2026-03-10 17:54:23.391,ARDUINO_PSI,Arduino,0.000,0.000,12.982,,
703.127729,2026-03-10 17:54:23.491,ARDUINO_PSI,Arduino,0.000,0.000,12.977,,
703.227215,2026-03-10 17:54:23.590,ARDUINO_PSI,Arduino,0.000,0.000,12.975,,
703.326862,2026-03-10 17:54:23.690,ARDUINO_PSI,Arduino,0.000,0.000,12.975,,
703.427642,2026-03-10 17:54:23.791,ARDUINO_PSI,Arduino,0.000,0.000,12.957,,
703.528467,2026-03-10 17:54:23.891,ARDUINO_PSI,Arduino,0.000,0.000,12.952,,
703.627634,2026-03-10 17:54:23.991,ARDUINO_PSI,Arduino,0.000,0.000,12.943,,
703.728003,2026-03-10 17:54:24.091,ARDUINO_PSI,Arduino,0.000,0.000,12.938,,
703.826820,2026-03-10 17:54:24.190,ARDUINO_PSI,Arduino,0.000,0.000,12.931,,
703.929264,2026-03-10 17:54:24.292,ARDUINO_PSI,Arduino,0.000,0.000,12.927,,
704.027212,2026-03-10 17:54:24.390,ARDUINO_PSI,Arduino,0.000,0.000,12.925,,
704.127427,2026-03-10 17:54:24.490,ARDUINO_PSI,Arduino,0.000,0.000,12.918,,
704.227109,2026-03-10 17:54:24.590,ARDUINO_PSI,Arduino,0.000,0.000,12.927,,
704.328258,2026-03-10 17:54:24.691,ARDUINO_PSI,Arduino,0.000,0.000,12.934,,
704.427968,2026-03-10 17:54:24.791,ARDUINO_PSI,Arduino,0.000,0.000,12.934,,
704.527654,2026-03-10 17:54:24.891,ARDUINO_PSI,Arduino,0.000,0.000,12.922,,
704.628054,2026-03-10 17:54:24.991,ARDUINO_PSI,Arduino,0.000,0.000,12.920,,
704.727405,2026-03-10 17:54:25.090,ARDUINO_PSI,Arduino,0.000,0.000,12.927,,
704.827257,2026-03-10 17:54:25.190,ARDUINO_PSI,Arduino,0.000,0.000,12.938,,
704.927896,2026-03-10 17:54:25.291,ARDUINO_PSI,Arduino,0.000,0.000,12.941,,
705.028161,2026-03-10 17:54:25.391,ARDUINO_PSI,Arduino,0.000,0.000,12.945,,
705.127164,2026-03-10 17:54:25.490,ARDUINO_PSI,Arduino,0.000,0.000,12.945,,
705.227078,2026-03-10 17:54:25.590,ARDUINO_PSI,Arduino,0.000,0.000,12.943,,
705.327486,2026-03-10 17:54:25.690,ARDUINO_PSI,Arduino,0.000,0.000,12.952,,
705.427368,2026-03-10 17:54:25.790,ARDUINO_PSI,Arduino,0.000,0.000,12.963,,
705.527534,2026-03-10 17:54:25.890,ARDUINO_PSI,Arduino,0.000,0.000,12.959,,
705.628223,2026-03-10 17:54:25.991,ARDUINO_PSI,Arduino,0.000,0.000,12.961,,
705.727344,2026-03-10 17:54:26.090,ARDUINO_PSI,Arduino,0.000,0.000,12.963,,
705.827237,2026-03-10 17:54:26.190,ARDUINO_PSI,Arduino,0.000,0.000,12.968,,
705.927237,2026-03-10 17:54:26.290,ARDUINO_PSI,Arduino,0.000,0.000,12.968,,
706.027490,2026-03-10 17:54:26.390,ARDUINO_PSI,Arduino,0.000,0.000,12.963,,
706.127560,2026-03-10 17:54:26.491,ARDUINO_PSI,Arduino,0.000,0.000,12.966,,
706.227279,2026-03-10 17:54:26.590,ARDUINO_PSI,Arduino,0.000,0.000,12.966,,
706.328046,2026-03-10 17:54:26.691,ARDUINO_PSI,Arduino,0.000,0.000,12.970,,
706.428043,2026-03-10 17:54:26.791,ARDUINO_PSI,Arduino,0.000,0.000,12.973,,
706.527243,2026-03-10 17:54:26.890,ARDUINO_PSI,Arduino,0.000,0.000,12.991,,
706.627183,2026-03-10 17:54:26.990,ARDUINO_PSI,Arduino,0.000,0.000,12.982,,
706.727306,2026-03-10 17:54:27.090,ARDUINO_PSI,Arduino,0.000,0.000,12.979,,
706.827917,2026-03-10 17:54:27.191,ARDUINO_PSI,Arduino,0.000,0.000,12.968,,
706.927412,2026-03-10 17:54:27.290,ARDUINO_PSI,Arduino,0.000,0.000,12.977,,
707.028342,2026-03-10 17:54:27.391,ARDUINO_PSI,Arduino,0.000,0.000,12.975,,
707.128437,2026-03-10 17:54:27.491,ARDUINO_PSI,Arduino,0.000,0.000,12.968,,
707.228668,2026-03-10 17:54:27.592,ARDUINO_PSI,Arduino,0.000,0.000,12.968,,
707.328501,2026-03-10 17:54:27.691,ARDUINO_PSI,Arduino,0.000,0.000,12.966,,
707.427312,2026-03-10 17:54:27.790,ARDUINO_PSI,Arduino,0.000,0.000,12.961,,
707.528275,2026-03-10 17:54:27.891,ARDUINO_PSI,Arduino,0.000,0.000,12.952,,
707.627330,2026-03-10 17:54:27.990,ARDUINO_PSI,Arduino,0.000,0.000,12.959,,
707.727338,2026-03-10 17:54:28.090,ARDUINO_PSI,Arduino,0.000,0.000,12.959,,
707.828459,2026-03-10 17:54:28.191,ARDUINO_PSI,Arduino,0.000,0.000,12.959,,
707.928346,2026-03-10 17:54:28.291,ARDUINO_PSI,Arduino,0.000,0.000,12.952,,
708.027414,2026-03-10 17:54:28.390,ARDUINO_PSI,Arduino,0.000,0.000,12.959,,
708.127087,2026-03-10 17:54:28.490,ARDUINO_PSI,Arduino,0.000,0.000,12.963,,
708.227211,2026-03-10 17:54:28.590,ARDUINO_PSI,Arduino,0.000,0.000,12.966,,
708.327933,2026-03-10 17:54:28.691,ARDUINO_PSI,Arduino,0.000,0.000,12.947,,
708.428747,2026-03-10 17:54:28.792,ARDUINO_PSI,Arduino,0.000,0.000,12.957,,
708.527221,2026-03-10 17:54:28.890,ARDUINO_PSI,Arduino,0.000,0.000,12.947,,
708.627194,2026-03-10 17:54:28.990,ARDUINO_PSI,Arduino,0.000,0.000,12.954,,
708.728041,2026-03-10 17:54:29.091,ARDUINO_PSI,Arduino,0.000,0.000,12.963,,
708.828270,2026-03-10 17:54:29.191,ARDUINO_PSI,Arduino,0.000,0.000,12.963,,
708.928201,2026-03-10 17:54:29.291,ARDUINO_PSI,Arduino,0.000,0.000,12.954,,
709.028261,2026-03-10 17:54:29.391,ARDUINO_PSI,Arduino,0.000,0.000,12.952,,
709.127288,2026-03-10 17:54:29.490,ARDUINO_PSI,Arduino,0.000,0.000,12.968,,
709.227274,2026-03-10 17:54:29.590,ARDUINO_PSI,Arduino,0.000,0.000,12.966,,
709.327824,2026-03-10 17:54:29.691,ARDUINO_PSI,Arduino,0.000,0.000,12.959,,
709.427268,2026-03-10 17:54:29.790,ARDUINO_PSI,Arduino,0.000,0.000,12.957,,
709.527285,2026-03-10 17:54:29.890,ARDUINO_PSI,Arduino,0.000,0.000,12.970,,
709.627942,2026-03-10 17:54:29.991,ARDUINO_PSI,Arduino,0.000,0.000,12.957,,
709.727310,2026-03-10 17:54:30.090,ARDUINO_PSI,Arduino,0.000,0.000,12.959,,
709.827380,2026-03-10 17:54:30.190,ARDUINO_PSI,Arduino,0.000,0.000,12.968,,
709.927282,2026-03-10 17:54:30.290,ARDUINO_PSI,Arduino,0.000,0.000,12.977,,
710.028350,2026-03-10 17:54:30.391,ARDUINO_PSI,Arduino,0.000,0.000,12.977,,
710.127255,2026-03-10 17:54:30.490,ARDUINO_PSI,Arduino,0.000,0.000,12.977,,
710.227419,2026-03-10 17:54:30.590,ARDUINO_PSI,Arduino,0.000,0.000,12.970,,
710.327536,2026-03-10 17:54:30.690,ARDUINO_PSI,Arduino,0.000,0.000,12.975,,
710.428639,2026-03-10 17:54:30.792,ARDUINO_PSI,Arduino,0.000,0.000,12.975,,
710.528408,2026-03-10 17:54:30.891,ARDUINO_PSI,Arduino,0.000,0.000,12.975,,
710.627237,2026-03-10 17:54:30.990,ARDUINO_PSI,Arduino,0.000,0.000,12.968,,
710.727443,2026-03-10 17:54:31.090,ARDUINO_PSI,Arduino,0.000,0.000,12.966,,
710.827865,2026-03-10 17:54:31.191,ARDUINO_PSI,Arduino,0.000,0.000,12.970,,
710.928451,2026-03-10 17:54:31.291,ARDUINO_PSI,Arduino,0.000,0.000,12.968,,
711.027240,2026-03-10 17:54:31.390,ARDUINO_PSI,Arduino,0.000,0.000,12.973,,
711.127303,2026-03-10 17:54:31.490,ARDUINO_PSI,Arduino,0.000,0.000,12.961,,
711.227205,2026-03-10 17:54:31.590,ARDUINO_PSI,Arduino,0.000,0.000,12.968,,
711.327845,2026-03-10 17:54:31.691,ARDUINO_PSI,Arduino,0.000,0.000,12.963,,
711.427193,2026-03-10 17:54:31.790,ARDUINO_PSI,Arduino,0.000,0.000,12.961,,
711.528471,2026-03-10 17:54:31.891,ARDUINO_PSI,Arduino,0.000,0.000,12.959,,
711.627101,2026-03-10 17:54:31.990,ARDUINO_PSI,Arduino,0.000,0.000,12.968,,
711.727333,2026-03-10 17:54:32.090,ARDUINO_PSI,Arduino,0.000,0.000,12.968,,
711.827282,2026-03-10 17:54:32.190,ARDUINO_PSI,Arduino,0.000,0.000,12.961,,
711.928389,2026-03-10 17:54:32.291,ARDUINO_PSI,Arduino,0.000,0.000,12.954,,
712.027238,2026-03-10 17:54:32.390,ARDUINO_PSI,Arduino,0.000,0.000,12.952,,
712.128305,2026-03-10 17:54:32.491,ARDUINO_PSI,Arduino,0.000,0.000,12.947,,
712.228458,2026-03-10 17:54:32.591,ARDUINO_PSI,Arduino,0.000,0.000,12.941,,
712.327274,2026-03-10 17:54:32.690,ARDUINO_PSI,Arduino,0.000,0.000,12.936,,
712.426777,2026-03-10 17:54:32.790,ARDUINO_PSI,Arduino,0.000,0.000,12.938,,
712.527344,2026-03-10 17:54:32.890,ARDUINO_PSI,Arduino,0.000,0.000,12.936,,
712.627692,2026-03-10 17:54:32.991,ARDUINO_PSI,Arduino,0.000,0.000,12.936,,
712.727362,2026-03-10 17:54:33.090,ARDUINO_PSI,Arduino,0.000,0.000,12.925,,
712.827322,2026-03-10 17:54:33.190,ARDUINO_PSI,Arduino,0.000,0.000,12.936,,
712.928607,2026-03-10 17:54:33.292,ARDUINO_PSI,Arduino,0.000,0.000,12.938,,
713.027189,2026-03-10 17:54:33.390,ARDUINO_PSI,Arduino,0.000,0.000,12.941,,
713.127273,2026-03-10 17:54:33.490,ARDUINO_PSI,Arduino,0.000,0.000,12.945,,
713.227224,2026-03-10 17:54:33.590,ARDUINO_PSI,Arduino,0.000,0.000,12.943,,
713.327195,2026-03-10 17:54:33.690,ARDUINO_PSI,Arduino,0.000,0.000,12.947,,
713.427627,2026-03-10 17:54:33.791,ARDUINO_PSI,Arduino,0.000,0.000,12.959,,
713.529810,2026-03-10 17:54:33.893,ARDUINO_PSI,Arduino,0.000,0.000,12.957,,
713.628341,2026-03-10 17:54:33.991,ARDUINO_PSI,Arduino,0.000,0.000,12.950,,
713.727482,2026-03-10 17:54:34.090,ARDUINO_PSI,Arduino,0.000,0.000,12.952,,
713.828464,2026-03-10 17:54:34.191,ARDUINO_PSI,Arduino,0.000,0.000,12.941,,
713.928382,2026-03-10 17:54:34.291,ARDUINO_PSI,Arduino,0.000,0.000,12.947,,
714.028383,2026-03-10 17:54:34.391,ARDUINO_PSI,Arduino,0.000,0.000,12.947,,
714.127370,2026-03-10 17:54:34.490,ARDUINO_PSI,Arduino,0.000,0.000,12.952,,
714.227856,2026-03-10 17:54:34.591,ARDUINO_PSI,Arduino,0.000,0.000,12.950,,
714.328768,2026-03-10 17:54:34.692,ARDUINO_PSI,Arduino,0.000,0.000,12.957,,
714.427449,2026-03-10 17:54:34.790,ARDUINO_PSI,Arduino,0.000,0.000,12.959,,
714.527749,2026-03-10 17:54:34.891,ARDUINO_PSI,Arduino,0.000,0.000,12.968,,
714.628324,2026-03-10 17:54:34.991,ARDUINO_PSI,Arduino,0.000,0.000,12.977,,
714.727304,2026-03-10 17:54:35.090,ARDUINO_PSI,Arduino,0.000,0.000,12.991,,
714.827353,2026-03-10 17:54:35.190,ARDUINO_PSI,Arduino,0.000,0.000,12.984,,
714.928766,2026-03-10 17:54:35.292,ARDUINO_PSI,Arduino,0.000,0.000,12.984,,
715.027235,2026-03-10 17:54:35.390,ARDUINO_PSI,Arduino,0.000,0.000,12.979,,
715.127514,2026-03-10 17:54:35.490,ARDUINO_PSI,Arduino,0.000,0.000,12.977,,
715.228648,2026-03-10 17:54:35.592,ARDUINO_PSI,Arduino,0.000,0.000,12.977,,
715.327335,2026-03-10 17:54:35.690,ARDUINO_PSI,Arduino,0.000,0.000,12.970,,
715.428011,2026-03-10 17:54:35.791,ARDUINO_PSI,Arduino,0.000,0.000,12.961,,
715.527254,2026-03-10 17:54:35.890,ARDUINO_PSI,Arduino,0.000,0.000,12.961,,
715.626723,2026-03-10 17:54:35.990,ARDUINO_PSI,Arduino,0.000,0.000,12.961,,
715.727345,2026-03-10 17:54:36.090,ARDUINO_PSI,Arduino,0.000,0.000,12.959,,
715.827789,2026-03-10 17:54:36.191,ARDUINO_PSI,Arduino,0.000,0.000,12.950,,
715.927188,2026-03-10 17:54:36.290,ARDUINO_PSI,Arduino,0.000,0.000,12.936,,
716.027199,2026-03-10 17:54:36.390,ARDUINO_PSI,Arduino,0.000,0.000,12.952,,
716.127259,2026-03-10 17:54:36.490,ARDUINO_PSI,Arduino,0.000,0.000,12.950,,
716.227363,2026-03-10 17:54:36.590,ARDUINO_PSI,Arduino,0.000,0.000,12.970,,
716.326695,2026-03-10 17:54:36.690,ARDUINO_PSI,Arduino,0.000,0.000,12.959,,
716.427901,2026-03-10 17:54:36.791,ARDUINO_PSI,Arduino,0.000,0.000,12.952,,
716.527167,2026-03-10 17:54:36.890,ARDUINO_PSI,Arduino,0.000,0.000,12.941,,
716.628014,2026-03-10 17:54:36.991,ARDUINO_PSI,Arduino,0.000,0.000,12.934,,
716.729316,2026-03-10 17:54:37.092,ARDUINO_PSI,Arduino,0.000,0.000,12.920,,
716.827504,2026-03-10 17:54:37.190,ARDUINO_PSI,Arduino,0.000,0.000,12.922,,
716.927630,2026-03-10 17:54:37.291,ARDUINO_PSI,Arduino,0.000,0.000,12.922,,
717.027371,2026-03-10 17:54:37.390,ARDUINO_PSI,Arduino,0.000,0.000,12.927,,
717.128334,2026-03-10 17:54:37.491,ARDUINO_PSI,Arduino,0.000,0.000,12.918,,
717.228413,2026-03-10 17:54:37.591,ARDUINO_PSI,Arduino,0.000,0.000,12.909,,
717.327444,2026-03-10 17:54:37.690,ARDUINO_PSI,Arduino,0.000,0.000,12.913,,
717.428035,2026-03-10 17:54:37.791,ARDUINO_PSI,Arduino,0.000,0.000,12.920,,
717.527370,2026-03-10 17:54:37.890,ARDUINO_PSI,Arduino,0.000,0.000,12.922,,
717.628277,2026-03-10 17:54:37.991,ARDUINO_PSI,Arduino,0.000,0.000,12.925,,
717.727863,2026-03-10 17:54:38.091,ARDUINO_PSI,Arduino,0.000,0.000,12.927,,
717.827356,2026-03-10 17:54:38.190,ARDUINO_PSI,Arduino,0.000,0.000,12.938,,
717.926997,2026-03-10 17:54:38.290,ARDUINO_PSI,Arduino,0.000,0.000,12.950,,
718.028263,2026-03-10 17:54:38.391,ARDUINO_PSI,Arduino,0.000,0.000,12.947,,
718.127849,2026-03-10 17:54:38.491,ARDUINO_PSI,Arduino,0.000,0.000,12.950,,
718.227265,2026-03-10 17:54:38.590,ARDUINO_PSI,Arduino,0.000,0.000,12.943,,
718.328232,2026-03-10 17:54:38.691,ARDUINO_PSI,Arduino,0.000,0.000,12.950,,
718.427978,2026-03-10 17:54:38.791,ARDUINO_PSI,Arduino,0.000,0.000,12.945,,
718.527716,2026-03-10 17:54:38.891,ARDUINO_PSI,Arduino,0.000,0.000,12.945,,
718.628101,2026-03-10 17:54:38.991,ARDUINO_PSI,Arduino,0.000,0.000,12.941,,
718.727129,2026-03-10 17:54:39.090,ARDUINO_PSI,Arduino,0.000,0.000,12.950,,
718.827301,2026-03-10 17:54:39.190,ARDUINO_PSI,Arduino,0.000,0.000,12.954,,
718.928100,2026-03-10 17:54:39.291,ARDUINO_PSI,Arduino,0.000,0.000,12.943,,
719.027524,2026-03-10 17:54:39.390,ARDUINO_PSI,Arduino,0.000,0.000,12.936,,
719.127196,2026-03-10 17:54:39.490,ARDUINO_PSI,Arduino,0.000,0.000,12.952,,
719.228081,2026-03-10 17:54:39.591,ARDUINO_PSI,Arduino,0.000,0.000,12.963,,
719.328093,2026-03-10 17:54:39.691,ARDUINO_PSI,Arduino,0.000,0.000,12.970,,
719.427419,2026-03-10 17:54:39.790,ARDUINO_PSI,Arduino,0.000,0.000,12.966,,
719.528686,2026-03-10 17:54:39.892,ARDUINO_PSI,Arduino,0.000,0.000,12.973,,
719.628316,2026-03-10 17:54:39.991,ARDUINO_PSI,Arduino,0.000,0.000,12.975,,
719.726875,2026-03-10 17:54:40.090,ARDUINO_PSI,Arduino,0.000,0.000,12.968,,
719.827202,2026-03-10 17:54:40.190,ARDUINO_PSI,Arduino,0.000,0.000,12.966,,
719.928213,2026-03-10 17:54:40.291,ARDUINO_PSI,Arduino,0.000,0.000,12.975,,
720.027345,2026-03-10 17:54:40.390,ARDUINO_PSI,Arduino,0.000,0.000,12.973,,
720.127458,2026-03-10 17:54:40.490,ARDUINO_PSI,Arduino,0.000,0.000,12.979,,
720.227338,2026-03-10 17:54:40.590,ARDUINO_PSI,Arduino,0.000,0.000,12.973,,
720.328189,2026-03-10 17:54:40.691,ARDUINO_PSI,Arduino,0.000,0.000,12.968,,
720.427166,2026-03-10 17:54:40.790,ARDUINO_PSI,Arduino,0.000,0.000,12.970,,
720.528872,2026-03-10 17:54:40.892,ARDUINO_PSI,Arduino,0.000,0.000,12.968,,
720.627808,2026-03-10 17:54:40.991,ARDUINO_PSI,Arduino,0.000,0.000,12.970,,
720.727442,2026-03-10 17:54:41.090,ARDUINO_PSI,Arduino,0.000,0.000,12.966,,
720.827314,2026-03-10 17:54:41.190,ARDUINO_PSI,Arduino,0.000,0.000,12.957,,
720.927591,2026-03-10 17:54:41.291,ARDUINO_PSI,Arduino,0.000,0.000,12.963,,
721.028402,2026-03-10 17:54:41.391,ARDUINO_PSI,Arduino,0.000,0.000,12.973,,
721.127218,2026-03-10 17:54:41.490,ARDUINO_PSI,Arduino,0.000,0.000,12.952,,
721.227397,2026-03-10 17:54:41.590,ARDUINO_PSI,Arduino,0.000,0.000,12.945,,
721.326829,2026-03-10 17:54:41.690,ARDUINO_PSI,Arduino,0.000,0.000,12.936,,
721.428130,2026-03-10 17:54:41.791,ARDUINO_PSI,Arduino,0.000,0.000,12.936,,
721.527406,2026-03-10 17:54:41.890,ARDUINO_PSI,Arduino,0.000,0.000,12.931,,
721.628179,2026-03-10 17:54:41.991,ARDUINO_PSI,Arduino,0.000,0.000,12.929,,
721.727373,2026-03-10 17:54:42.090,ARDUINO_PSI,Arduino,0.000,0.000,12.936,,
721.827456,2026-03-10 17:54:42.190,ARDUINO_PSI,Arduino,0.000,0.000,12.943,,
721.928614,2026-03-10 17:54:42.292,ARDUINO_PSI,Arduino,0.000,0.000,12.931,,
722.027592,2026-03-10 17:54:42.391,ARDUINO_PSI,Arduino,0.000,0.000,12.918,,
722.127371,2026-03-10 17:54:42.490,ARDUINO_PSI,Arduino,0.000,0.000,12.911,,
722.227488,2026-03-10 17:54:42.590,ARDUINO_PSI,Arduino,0.000,0.000,12.918,,
722.327259,2026-03-10 17:54:42.690,ARDUINO_PSI,Arduino,0.000,0.000,12.915,,
722.427195,2026-03-10 17:54:42.790,ARDUINO_PSI,Arduino,0.000,0.000,12.911,,
722.528565,2026-03-10 17:54:42.892,ARDUINO_PSI,Arduino,0.000,0.000,12.920,,
722.627255,2026-03-10 17:54:42.990,ARDUINO_PSI,Arduino,0.000,0.000,12.922,,
722.727801,2026-03-10 17:54:43.091,ARDUINO_PSI,Arduino,0.000,0.000,12.927,,
722.827235,2026-03-10 17:54:43.190,ARDUINO_PSI,Arduino,0.000,0.000,12.931,,
722.927484,2026-03-10 17:54:43.290,ARDUINO_PSI,Arduino,0.000,0.000,12.927,,
723.027283,2026-03-10 17:54:43.390,ARDUINO_PSI,Arduino,0.000,0.000,12.929,,
723.128059,2026-03-10 17:54:43.491,ARDUINO_PSI,Arduino,0.000,0.000,12.934,,
723.228691,2026-03-10 17:54:43.592,ARDUINO_PSI,Arduino,0.000,0.000,12.934,,
723.326751,2026-03-10 17:54:43.690,ARDUINO_PSI,Arduino,0.000,0.000,12.936,,
723.427051,2026-03-10 17:54:43.790,ARDUINO_PSI,Arduino,0.000,0.000,12.929,,
723.527355,2026-03-10 17:54:43.890,ARDUINO_PSI,Arduino,0.000,0.000,12.920,,
723.627179,2026-03-10 17:54:43.990,ARDUINO_PSI,Arduino,0.000,0.000,12.918,,
723.728451,2026-03-10 17:54:44.091,ARDUINO_PSI,Arduino,0.000,0.000,12.925,,
723.827336,2026-03-10 17:54:44.190,ARDUINO_PSI,Arduino,0.000,0.000,12.915,,
723.927718,2026-03-10 17:54:44.291,ARDUINO_PSI,Arduino,0.000,0.000,12.915,,
724.027368,2026-03-10 17:54:44.390,ARDUINO_PSI,Arduino,0.000,0.000,12.931,,
724.128425,2026-03-10 17:54:44.491,ARDUINO_PSI,Arduino,0.000,0.000,12.925,,
724.227351,2026-03-10 17:54:44.590,ARDUINO_PSI,Arduino,0.000,0.000,12.915,,
724.327337,2026-03-10 17:54:44.690,ARDUINO_PSI,Arduino,0.000,0.000,12.913,,
724.427326,2026-03-10 17:54:44.790,ARDUINO_PSI,Arduino,0.000,0.000,12.922,,
724.528175,2026-03-10 17:54:44.891,ARDUINO_PSI,Arduino,0.000,0.000,12.929,,
724.627637,2026-03-10 17:54:44.991,ARDUINO_PSI,Arduino,0.000,0.000,12.931,,
724.727349,2026-03-10 17:54:45.090,ARDUINO_PSI,Arduino,0.000,0.000,12.936,,
724.827279,2026-03-10 17:54:45.190,ARDUINO_PSI,Arduino,0.000,0.000,12.938,,
724.926749,2026-03-10 17:54:45.290,ARDUINO_PSI,Arduino,0.000,0.000,12.947,,
725.027443,2026-03-10 17:54:45.390,ARDUINO_PSI,Arduino,0.000,0.000,12.938,,
725.128401,2026-03-10 17:54:45.491,ARDUINO_PSI,Arduino,0.000,0.000,12.938,,
725.227356,2026-03-10 17:54:45.590,ARDUINO_PSI,Arduino,0.000,0.000,12.941,,
725.327481,2026-03-10 17:54:45.690,ARDUINO_PSI,Arduino,0.000,0.000,12.954,,
725.427285,2026-03-10 17:54:45.790,ARDUINO_PSI,Arduino,0.000,0.000,12.957,,
725.527314,2026-03-10 17:54:45.890,ARDUINO_PSI,Arduino,0.000,0.000,12.959,,
725.627174,2026-03-10 17:54:45.990,ARDUINO_PSI,Arduino,0.000,0.000,12.957,,
725.727264,2026-03-10 17:54:46.090,ARDUINO_PSI,Arduino,0.000,0.000,12.947,,
725.827065,2026-03-10 17:54:46.190,ARDUINO_PSI,Arduino,0.000,0.000,12.952,,
725.927266,2026-03-10 17:54:46.290,ARDUINO_PSI,Arduino,0.000,0.000,12.959,,
726.027665,2026-03-10 17:54:46.391,ARDUINO_PSI,Arduino,0.000,0.000,12.943,,
726.127246,2026-03-10 17:54:46.490,ARDUINO_PSI,Arduino,0.000,0.000,12.943,,
726.227499,2026-03-10 17:54:46.590,ARDUINO_PSI,Arduino,0.000,0.000,12.950,,
726.326782,2026-03-10 17:54:46.690,ARDUINO_PSI,Arduino,0.000,0.000,12.957,,
726.426816,2026-03-10 17:54:46.790,ARDUINO_PSI,Arduino,0.000,0.000,12.947,,
726.527183,2026-03-10 17:54:46.890,ARDUINO_PSI,Arduino,0.000,0.000,12.936,,
726.627181,2026-03-10 17:54:46.990,ARDUINO_PSI,Arduino,0.000,0.000,12.934,,
726.726813,2026-03-10 17:54:47.090,ARDUINO_PSI,Arduino,0.000,0.000,12.936,,
726.828188,2026-03-10 17:54:47.191,ARDUINO_PSI,Arduino,0.000,0.000,12.931,,
726.927220,2026-03-10 17:54:47.290,ARDUINO_PSI,Arduino,0.000,0.000,12.945,,
727.027802,2026-03-10 17:54:47.391,ARDUINO_PSI,Arduino,0.000,0.000,12.947,,
727.128416,2026-03-10 17:54:47.491,ARDUINO_PSI,Arduino,0.000,0.000,12.950,,
727.227394,2026-03-10 17:54:47.590,ARDUINO_PSI,Arduino,0.000,0.000,12.952,,
727.327256,2026-03-10 17:54:47.690,ARDUINO_PSI,Arduino,0.000,0.000,12.943,,
727.428071,2026-03-10 17:54:47.791,ARDUINO_PSI,Arduino,0.000,0.000,12.936,,
727.528031,2026-03-10 17:54:47.891,ARDUINO_PSI,Arduino,0.000,0.000,12.943,,
727.627479,2026-03-10 17:54:47.990,ARDUINO_PSI,Arduino,0.000,0.000,12.943,,
727.727770,2026-03-10 17:54:48.091,ARDUINO_PSI,Arduino,0.000,0.000,12.943,,
727.827266,2026-03-10 17:54:48.190,ARDUINO_PSI,Arduino,0.000,0.000,12.947,,
727.928558,2026-03-10 17:54:48.292,ARDUINO_PSI,Arduino,0.000,0.000,12.941,,
728.027309,2026-03-10 17:54:48.390,ARDUINO_PSI,Arduino,0.000,0.000,12.938,,
728.127208,2026-03-10 17:54:48.490,ARDUINO_PSI,Arduino,0.000,0.000,12.957,,
728.228246,2026-03-10 17:54:48.591,ARDUINO_PSI,Arduino,0.000,0.000,12.943,,
728.328091,2026-03-10 17:54:48.691,ARDUINO_PSI,Arduino,0.000,0.000,12.938,,
728.428046,2026-03-10 17:54:48.791,ARDUINO_PSI,Arduino,0.000,0.000,12.941,,
728.527806,2026-03-10 17:54:48.891,ARDUINO_PSI,Arduino,0.000,0.000,12.936,,
728.627750,2026-03-10 17:54:48.991,ARDUINO_PSI,Arduino,0.000,0.000,12.927,,
728.727583,2026-03-10 17:54:49.091,ARDUINO_PSI,Arduino,0.000,0.000,12.922,,
728.828088,2026-03-10 17:54:49.191,ARDUINO_PSI,Arduino,0.000,0.000,12.922,,
728.928167,2026-03-10 17:54:49.291,ARDUINO_PSI,Arduino,0.000,0.000,12.911,,
729.028384,2026-03-10 17:54:49.391,ARDUINO_PSI,Arduino,0.000,0.000,12.906,,
729.127478,2026-03-10 17:54:49.490,ARDUINO_PSI,Arduino,0.000,0.000,12.906,,
729.227386,2026-03-10 17:54:49.590,ARDUINO_PSI,Arduino,0.000,0.000,12.911,,
729.327335,2026-03-10 17:54:49.690,ARDUINO_PSI,Arduino,0.000,0.000,12.911,,
729.426896,2026-03-10 17:54:49.790,ARDUINO_PSI,Arduino,0.000,0.000,12.918,,
729.527174,2026-03-10 17:54:49.890,ARDUINO_PSI,Arduino,0.000,0.000,12.909,,
729.627130,2026-03-10 17:54:49.990,ARDUINO_PSI,Arduino,0.000,0.000,12.911,,
729.727246,2026-03-10 17:54:50.090,ARDUINO_PSI,Arduino,0.000,0.000,12.904,,
729.827430,2026-03-10 17:54:50.190,ARDUINO_PSI,Arduino,0.000,0.000,12.899,,
729.927483,2026-03-10 17:54:50.290,ARDUINO_PSI,Arduino,0.000,0.000,12.904,,
730.027486,2026-03-10 17:54:50.390,ARDUINO_PSI,Arduino,0.000,0.000,12.911,,
730.127666,2026-03-10 17:54:50.491,ARDUINO_PSI,Arduino,0.000,0.000,12.899,,
730.226775,2026-03-10 17:54:50.590,ARDUINO_PSI,Arduino,0.000,0.000,12.918,,
730.327475,2026-03-10 17:54:50.690,ARDUINO_PSI,Arduino,0.000,0.000,12.911,,
730.427552,2026-03-10 17:54:50.791,ARDUINO_PSI,Arduino,0.000,0.000,12.902,,
730.527131,2026-03-10 17:54:50.890,ARDUINO_PSI,Arduino,0.000,0.000,12.897,,
730.627130,2026-03-10 17:54:50.990,ARDUINO_PSI,Arduino,0.000,0.000,12.906,,
730.728696,2026-03-10 17:54:51.092,ARDUINO_PSI,Arduino,0.000,0.000,12.913,,
730.826811,2026-03-10 17:54:51.190,ARDUINO_PSI,Arduino,0.000,0.000,12.913,,
730.928608,2026-03-10 17:54:51.292,ARDUINO_PSI,Arduino,0.000,0.000,12.909,,
731.027190,2026-03-10 17:54:51.390,ARDUINO_PSI,Arduino,0.000,0.000,12.904,,
731.127397,2026-03-10 17:54:51.490,ARDUINO_PSI,Arduino,0.000,0.000,12.909,,
731.226986,2026-03-10 17:54:51.590,ARDUINO_PSI,Arduino,0.000,0.000,12.899,,
731.327358,2026-03-10 17:54:51.690,ARDUINO_PSI,Arduino,0.000,0.000,12.902,,
731.428127,2026-03-10 17:54:51.791,ARDUINO_PSI,Arduino,0.000,0.000,12.918,,
731.527365,2026-03-10 17:54:51.890,ARDUINO_PSI,Arduino,0.000,0.000,12.920,,
731.627180,2026-03-10 17:54:51.990,ARDUINO_PSI,Arduino,0.000,0.000,12.920,,
731.727510,2026-03-10 17:54:52.090,ARDUINO_PSI,Arduino,0.000,0.000,12.943,,
731.827165,2026-03-10 17:54:52.190,ARDUINO_PSI,Arduino,0.000,0.000,12.936,,
731.927051,2026-03-10 17:54:52.290,ARDUINO_PSI,Arduino,0.000,0.000,12.929,,
732.027286,2026-03-10 17:54:52.390,ARDUINO_PSI,Arduino,0.000,0.000,12.925,,
732.128517,2026-03-10 17:54:52.491,ARDUINO_PSI,Arduino,0.000,0.000,12.925,,
732.227046,2026-03-10 17:54:52.590,ARDUINO_PSI,Arduino,0.000,0.000,12.915,,
732.326677,2026-03-10 17:54:52.690,ARDUINO_PSI,Arduino,0.000,0.000,12.922,,
732.427880,2026-03-10 17:54:52.791,ARDUINO_PSI,Arduino,0.000,0.000,12.945,,
732.527180,2026-03-10 17:54:52.890,ARDUINO_PSI,Arduino,0.000,0.000,12.963,,
732.627103,2026-03-10 17:54:52.990,ARDUINO_PSI,Arduino,0.000,0.000,12.966,,
732.728082,2026-03-10 17:54:53.091,ARDUINO_PSI,Arduino,0.000,0.000,12.966,,
732.827305,2026-03-10 17:54:53.190,ARDUINO_PSI,Arduino,0.000,0.000,12.963,,
732.926997,2026-03-10 17:54:53.290,ARDUINO_PSI,Arduino,0.000,0.000,12.963,,
733.027434,2026-03-10 17:54:53.390,ARDUINO_PSI,Arduino,0.000,0.000,12.982,,
733.127323,2026-03-10 17:54:53.490,ARDUINO_PSI,Arduino,0.000,0.000,12.993,,
733.227356,2026-03-10 17:54:53.590,ARDUINO_PSI,Arduino,0.000,0.000,12.995,,
733.327299,2026-03-10 17:54:53.690,ARDUINO_PSI,Arduino,0.000,0.000,12.991,,
733.427386,2026-03-10 17:54:53.790,ARDUINO_PSI,Arduino,0.000,0.000,12.968,,
733.527094,2026-03-10 17:54:53.890,ARDUINO_PSI,Arduino,0.000,0.000,12.979,,
733.627057,2026-03-10 17:54:53.990,ARDUINO_PSI,Arduino,0.000,0.000,12.979,,
733.726947,2026-03-10 17:54:54.090,ARDUINO_PSI,Arduino,0.000,0.000,12.966,,
733.826767,2026-03-10 17:54:54.190,ARDUINO_PSI,Arduino,0.000,0.000,12.970,,
733.928677,2026-03-10 17:54:54.292,ARDUINO_PSI,Arduino,0.000,0.000,12.975,,
734.027167,2026-03-10 17:54:54.390,ARDUINO_PSI,Arduino,0.000,0.000,12.982,,
734.127252,2026-03-10 17:54:54.490,ARDUINO_PSI,Arduino,0.000,0.000,12.989,,
734.227032,2026-03-10 17:54:54.590,ARDUINO_PSI,Arduino,0.000,0.000,12.995,,
734.327291,2026-03-10 17:54:54.690,ARDUINO_PSI,Arduino,0.000,0.000,12.993,,
734.427036,2026-03-10 17:54:54.790,ARDUINO_PSI,Arduino,0.000,0.000,12.977,,
734.527281,2026-03-10 17:54:54.890,ARDUINO_PSI,Arduino,0.000,0.000,12.959,,
734.628745,2026-03-10 17:54:54.992,ARDUINO_PSI,Arduino,0.000,0.000,12.947,,
734.726758,2026-03-10 17:54:55.090,ARDUINO_PSI,Arduino,0.000,0.000,12.938,,
734.827863,2026-03-10 17:54:55.191,ARDUINO_PSI,Arduino,0.000,0.000,12.941,,
734.927508,2026-03-10 17:54:55.290,ARDUINO_PSI,Arduino,0.000,0.000,12.945,,
735.027751,2026-03-10 17:54:55.391,ARDUINO_PSI,Arduino,0.000,0.000,12.938,,
735.128522,2026-03-10 17:54:55.491,ARDUINO_PSI,Arduino,0.000,0.000,12.922,,
735.228162,2026-03-10 17:54:55.591,ARDUINO_PSI,Arduino,0.000,0.000,12.927,,
735.327298,2026-03-10 17:54:55.690,ARDUINO_PSI,Arduino,0.000,0.000,12.938,,
735.426888,2026-03-10 17:54:55.790,ARDUINO_PSI,Arduino,0.000,0.000,12.941,,
735.527345,2026-03-10 17:54:55.890,ARDUINO_PSI,Arduino,0.000,0.000,12.931,,
735.628066,2026-03-10 17:54:55.991,ARDUINO_PSI,Arduino,0.000,0.000,12.936,,
735.728816,2026-03-10 17:54:56.092,ARDUINO_PSI,Arduino,0.000,0.000,12.925,,
735.827206,2026-03-10 17:54:56.190,ARDUINO_PSI,Arduino,0.000,0.000,12.934,,
735.927136,2026-03-10 17:54:56.290,ARDUINO_PSI,Arduino,0.000,0.000,12.941,,
736.027459,2026-03-10 17:54:56.390,ARDUINO_PSI,Arduino,0.000,0.000,12.936,,
736.127255,2026-03-10 17:54:56.490,ARDUINO_PSI,Arduino,0.000,0.000,12.929,,
736.226967,2026-03-10 17:54:56.590,ARDUINO_PSI,Arduino,0.000,0.000,12.918,,
736.327487,2026-03-10 17:54:56.690,ARDUINO_PSI,Arduino,0.000,0.000,12.927,,
736.427525,2026-03-10 17:54:56.790,ARDUINO_PSI,Arduino,0.000,0.000,12.929,,
736.527337,2026-03-10 17:54:56.890,ARDUINO_PSI,Arduino,0.000,0.000,12.938,,
736.628227,2026-03-10 17:54:56.991,ARDUINO_PSI,Arduino,0.000,0.000,12.945,,
736.728312,2026-03-10 17:54:57.091,ARDUINO_PSI,Arduino,0.000,0.000,12.950,,
736.826769,2026-03-10 17:54:57.190,ARDUINO_PSI,Arduino,0.000,0.000,12.957,,
736.926728,2026-03-10 17:54:57.290,ARDUINO_PSI,Arduino,0.000,0.000,12.952,,
737.026799,2026-03-10 17:54:57.390,ARDUINO_PSI,Arduino,0.000,0.000,12.954,,
737.128017,2026-03-10 17:54:57.491,ARDUINO_PSI,Arduino,0.000,0.000,12.957,,
737.227216,2026-03-10 17:54:57.590,ARDUINO_PSI,Arduino,0.000,0.000,12.945,,
737.327263,2026-03-10 17:54:57.690,ARDUINO_PSI,Arduino,0.000,0.000,12.947,,
737.426726,2026-03-10 17:54:57.790,ARDUINO_PSI,Arduino,0.000,0.000,12.959,,
737.527193,2026-03-10 17:54:57.890,ARDUINO_PSI,Arduino,0.000,0.000,12.957,,
737.627044,2026-03-10 17:54:57.990,ARDUINO_PSI,Arduino,0.000,0.000,12.954,,
737.727578,2026-03-10 17:54:58.091,ARDUINO_PSI,Arduino,0.000,0.000,12.968,,
737.828195,2026-03-10 17:54:58.191,ARDUINO_PSI,Arduino,0.000,0.000,12.950,,
737.927152,2026-03-10 17:54:58.290,ARDUINO_PSI,Arduino,0.000,0.000,12.950,,
738.028346,2026-03-10 17:54:58.391,ARDUINO_PSI,Arduino,0.000,0.000,12.947,,
738.127268,2026-03-10 17:54:58.490,ARDUINO_PSI,Arduino,0.000,0.000,12.952,,
738.233905,2026-03-10 17:54:58.597,ARDUINO_PSI,Arduino,0.000,0.000,12.954,,
738.327250,2026-03-10 17:54:58.690,ARDUINO_PSI,Arduino,0.000,0.000,12.950,,
738.427314,2026-03-10 17:54:58.790,ARDUINO_PSI,Arduino,0.000,0.000,12.957,,
738.526799,2026-03-10 17:54:58.890,ARDUINO_PSI,Arduino,0.000,0.000,12.954,,
738.627340,2026-03-10 17:54:58.990,ARDUINO_PSI,Arduino,0.000,0.000,12.957,,
739.500977,2026-03-10 17:54:59.864,ARDUINO_PSI,Arduino,0.000,0.000,12.952,,
739.543056,2026-03-10 17:54:59.906,ARDUINO_PSI,Arduino,0.000,0.000,12.952,,
739.545999,2026-03-10 17:54:59.909,ARDUINO_PSI,Arduino,0.000,0.000,12.950,,
739.547126,2026-03-10 17:54:59.910,ARDUINO_PSI,Arduino,0.000,0.000,12.943,,
739.548289,2026-03-10 17:54:59.911,ARDUINO_PSI,Arduino,0.000,0.000,12.941,,
739.549309,2026-03-10 17:54:59.912,ARDUINO_PSI,Arduino,0.000,0.000,12.941,,
739.550578,2026-03-10 17:54:59.914,ARDUINO_PSI,Arduino,0.000,0.000,12.936,,
739.552499,2026-03-10 17:54:59.915,ARDUINO_PSI,Arduino,0.000,0.000,12.934,,
739.553649,2026-03-10 17:54:59.917,ARDUINO_PSI,Arduino,0.000,0.000,12.943,,
739.627638,2026-03-10 17:54:59.991,ARDUINO_PSI,Arduino,0.000,0.000,12.943,,
739.727483,2026-03-10 17:55:00.090,ARDUINO_PSI,Arduino,0.000,0.000,12.947,,
739.826769,2026-03-10 17:55:00.190,ARDUINO_PSI,Arduino,0.000,0.000,12.968,,
739.926916,2026-03-10 17:55:00.290,ARDUINO_PSI,Arduino,0.000,0.000,12.966,,
740.026846,2026-03-10 17:55:00.390,ARDUINO_PSI,Arduino,0.000,0.000,12.959,,
740.126913,2026-03-10 17:55:00.490,ARDUINO_PSI,Arduino,0.000,0.000,12.959,,
740.226927,2026-03-10 17:55:00.590,ARDUINO_PSI,Arduino,0.000,0.000,12.959,,
740.327029,2026-03-10 17:55:00.690,ARDUINO_PSI,Arduino,0.000,0.000,12.954,,
740.427108,2026-03-10 17:55:00.790,ARDUINO_PSI,Arduino,0.000,0.000,12.947,,
740.527586,2026-03-10 17:55:00.891,ARDUINO_PSI,Arduino,0.000,0.000,12.954,,
740.627510,2026-03-10 17:55:00.990,ARDUINO_PSI,Arduino,0.000,0.000,12.947,,
740.727538,2026-03-10 17:55:01.090,ARDUINO_PSI,Arduino,0.000,0.000,12.952,,
740.827559,2026-03-10 17:55:01.191,ARDUINO_PSI,Arduino,0.000,0.000,12.959,,
740.926961,2026-03-10 17:55:01.290,ARDUINO_PSI,Arduino,0.000,0.000,12.959,,
741.027159,2026-03-10 17:55:01.390,ARDUINO_PSI,Arduino,0.000,0.000,12.952,,
741.126947,2026-03-10 17:55:01.490,ARDUINO_PSI,Arduino,0.000,0.000,12.952,,
741.227240,2026-03-10 17:55:01.590,ARDUINO_PSI,Arduino,0.000,0.000,12.954,,
741.326928,2026-03-10 17:55:01.690,ARDUINO_PSI,Arduino,0.000,0.000,12.945,,
741.426850,2026-03-10 17:55:01.790,ARDUINO_PSI,Arduino,0.000,0.000,12.952,,
741.526840,2026-03-10 17:55:01.890,ARDUINO_PSI,Arduino,0.000,0.000,12.941,,
741.626781,2026-03-10 17:55:01.990,ARDUINO_PSI,Arduino,0.000,0.000,12.936,,
741.728012,2026-03-10 17:55:02.091,ARDUINO_PSI,Arduino,0.000,0.000,12.922,,
741.827627,2026-03-10 17:55:02.191,ARDUINO_PSI,Arduino,0.000,0.000,12.913,,
741.927554,2026-03-10 17:55:02.290,ARDUINO_PSI,Arduino,0.000,0.000,12.904,,
742.027820,2026-03-10 17:55:02.391,ARDUINO_PSI,Arduino,0.000,0.000,12.913,,
742.127532,2026-03-10 17:55:02.490,ARDUINO_PSI,Arduino,0.000,0.000,12.902,,
742.227429,2026-03-10 17:55:02.590,ARDUINO_PSI,Arduino,0.000,0.000,12.904,,
742.327663,2026-03-10 17:55:02.691,ARDUINO_PSI,Arduino,0.000,0.000,12.911,,
742.427737,2026-03-10 17:55:02.791,ARDUINO_PSI,Arduino,0.000,0.000,12.915,,
742.528022,2026-03-10 17:55:02.891,ARDUINO_PSI,Arduino,0.000,0.000,12.906,,
742.641801,2026-03-10 17:55:03.005,ARDUINO_PSI,Arduino,0.000,0.000,12.915,,
742.727969,2026-03-10 17:55:03.091,ARDUINO_PSI,Arduino,0.000,0.000,12.918,,
742.826836,2026-03-10 17:55:03.190,ARDUINO_PSI,Arduino,0.000,0.000,12.913,,
742.926866,2026-03-10 17:55:03.290,ARDUINO_PSI,Arduino,0.000,0.000,12.913,,
743.026921,2026-03-10 17:55:03.390,ARDUINO_PSI,Arduino,0.000,0.000,12.929,,
743.126789,2026-03-10 17:55:03.490,ARDUINO_PSI,Arduino,0.000,0.000,12.934,,
743.226811,2026-03-10 17:55:03.590,ARDUINO_PSI,Arduino,0.000,0.000,12.929,,
743.326940,2026-03-10 17:55:03.690,ARDUINO_PSI,Arduino,0.000,0.000,12.934,,
743.426973,2026-03-10 17:55:03.790,ARDUINO_PSI,Arduino,0.000,0.000,12.929,,
743.526921,2026-03-10 17:55:03.890,ARDUINO_PSI,Arduino,0.000,0.000,12.931,,
743.627551,2026-03-10 17:55:03.990,ARDUINO_PSI,Arduino,0.000,0.000,12.927,,
743.726995,2026-03-10 17:55:04.090,ARDUINO_PSI,Arduino,0.000,0.000,12.950,,
743.827164,2026-03-10 17:55:04.190,ARDUINO_PSI,Arduino,0.000,0.000,12.950,,
743.927605,2026-03-10 17:55:04.291,ARDUINO_PSI,Arduino,0.000,0.000,12.959,,
744.027237,2026-03-10 17:55:04.390,ARDUINO_PSI,Arduino,0.000,0.000,12.959,,
744.127315,2026-03-10 17:55:04.490,ARDUINO_PSI,Arduino,0.000,0.000,12.963,,
744.226715,2026-03-10 17:55:04.590,ARDUINO_PSI,Arduino,0.000,0.000,12.961,,
744.326743,2026-03-10 17:55:04.690,ARDUINO_PSI,Arduino,0.000,0.000,12.970,,
744.426722,2026-03-10 17:55:04.790,ARDUINO_PSI,Arduino,0.000,0.000,12.968,,
744.526736,2026-03-10 17:55:04.890,ARDUINO_PSI,Arduino,0.000,0.000,12.968,,
744.626702,2026-03-10 17:55:04.990,ARDUINO_PSI,Arduino,0.000,0.000,12.968,,
744.727131,2026-03-10 17:55:05.090,ARDUINO_PSI,Arduino,0.000,0.000,12.954,,
744.827391,2026-03-10 17:55:05.190,ARDUINO_PSI,Arduino,0.000,0.000,12.957,,
744.927472,2026-03-10 17:55:05.290,ARDUINO_PSI,Arduino,0.000,0.000,12.959,,
745.027309,2026-03-10 17:55:05.390,ARDUINO_PSI,Arduino,0.000,0.000,12.947,,
745.127294,2026-03-10 17:55:05.490,ARDUINO_PSI,Arduino,0.000,0.000,12.952,,
745.227137,2026-03-10 17:55:05.590,ARDUINO_PSI,Arduino,0.000,0.000,12.963,,
745.327411,2026-03-10 17:55:05.690,ARDUINO_PSI,Arduino,0.000,0.000,12.963,,
745.427502,2026-03-10 17:55:05.790,ARDUINO_PSI,Arduino,0.000,0.000,12.950,,
745.526813,2026-03-10 17:55:05.890,ARDUINO_PSI,Arduino,0.000,0.000,12.947,,
745.626984,2026-03-10 17:55:05.990,ARDUINO_PSI,Arduino,0.000,0.000,12.943,,
745.727290,2026-03-10 17:55:06.090,ARDUINO_PSI,Arduino,0.000,0.000,12.929,,
745.827943,2026-03-10 17:55:06.191,ARDUINO_PSI,Arduino,0.000,0.000,12.938,,
745.927225,2026-03-10 17:55:06.290,ARDUINO_PSI,Arduino,0.000,0.000,12.938,,
746.027083,2026-03-10 17:55:06.390,ARDUINO_PSI,Arduino,0.000,0.000,12.941,,
746.127218,2026-03-10 17:55:06.490,ARDUINO_PSI,Arduino,0.000,0.000,12.947,,
746.227892,2026-03-10 17:55:06.591,ARDUINO_PSI,Arduino,0.000,0.000,12.952,,
746.326913,2026-03-10 17:55:06.690,ARDUINO_PSI,Arduino,0.000,0.000,12.938,,
746.427084,2026-03-10 17:55:06.790,ARDUINO_PSI,Arduino,0.000,0.000,12.938,,
746.528131,2026-03-10 17:55:06.891,ARDUINO_PSI,Arduino,0.000,0.000,12.936,,
746.628515,2026-03-10 17:55:06.991,ARDUINO_PSI,Arduino,0.000,0.000,12.931,,
746.726727,2026-03-10 17:55:07.090,ARDUINO_PSI,Arduino,0.000,0.000,12.947,,
746.827282,2026-03-10 17:55:07.190,ARDUINO_PSI,Arduino,0.000,0.000,12.938,,
746.928584,2026-03-10 17:55:07.292,ARDUINO_PSI,Arduino,0.000,0.000,12.934,,
747.027154,2026-03-10 17:55:07.390,ARDUINO_PSI,Arduino,0.000,0.000,12.936,,
747.126957,2026-03-10 17:55:07.490,ARDUINO_PSI,Arduino,0.000,0.000,12.938,,
747.227255,2026-03-10 17:55:07.590,ARDUINO_PSI,Arduino,0.000,0.000,12.927,,
747.327957,2026-03-10 17:55:07.691,ARDUINO_PSI,Arduino,0.000,0.000,12.920,,
747.428535,2026-03-10 17:55:07.791,ARDUINO_PSI,Arduino,0.000,0.000,12.934,,
747.529562,2026-03-10 17:55:07.893,ARDUINO_PSI,Arduino,0.000,0.000,12.931,,
747.627346,2026-03-10 17:55:07.990,ARDUINO_PSI,Arduino,0.000,0.000,12.945,,
747.727857,2026-03-10 17:55:08.091,ARDUINO_PSI,Arduino,0.000,0.000,12.950,,
747.828340,2026-03-10 17:55:08.191,ARDUINO_PSI,Arduino,0.000,0.000,12.934,,
747.927929,2026-03-10 17:55:08.291,ARDUINO_PSI,Arduino,0.000,0.000,12.929,,
748.027987,2026-03-10 17:55:08.391,ARDUINO_PSI,Arduino,0.000,0.000,12.927,,
748.127163,2026-03-10 17:55:08.490,ARDUINO_PSI,Arduino,0.000,0.000,12.925,,
748.228242,2026-03-10 17:55:08.591,ARDUINO_PSI,Arduino,0.000,0.000,12.934,,
748.327531,2026-03-10 17:55:08.690,ARDUINO_PSI,Arduino,0.000,0.000,12.947,,
748.427161,2026-03-10 17:55:08.790,ARDUINO_PSI,Arduino,0.000,0.000,12.954,,
748.527708,2026-03-10 17:55:08.891,ARDUINO_PSI,Arduino,0.000,0.000,12.957,,
748.628289,2026-03-10 17:55:08.991,ARDUINO_PSI,Arduino,0.000,0.000,12.954,,
748.727108,2026-03-10 17:55:09.090,ARDUINO_PSI,Arduino,0.000,0.000,12.945,,
748.827035,2026-03-10 17:55:09.190,ARDUINO_PSI,Arduino,0.000,0.000,12.938,,
748.926832,2026-03-10 17:55:09.290,ARDUINO_PSI,Arduino,0.000,0.000,12.941,,
749.027114,2026-03-10 17:55:09.390,ARDUINO_PSI,Arduino,0.000,0.000,12.941,,
749.127232,2026-03-10 17:55:09.490,ARDUINO_PSI,Arduino,0.000,0.000,12.927,,
749.227338,2026-03-10 17:55:09.590,ARDUINO_PSI,Arduino,0.000,0.000,12.945,,
749.326770,2026-03-10 17:55:09.690,ARDUINO_PSI,Arduino,0.000,0.000,12.954,,
749.426764,2026-03-10 17:55:09.790,ARDUINO_PSI,Arduino,0.000,0.000,12.943,,
749.527133,2026-03-10 17:55:09.890,ARDUINO_PSI,Arduino,0.000,0.000,12.943,,
749.627413,2026-03-10 17:55:09.990,ARDUINO_PSI,Arduino,0.000,0.000,12.941,,
749.726872,2026-03-10 17:55:10.090,ARDUINO_PSI,Arduino,0.000,0.000,12.938,,
749.826899,2026-03-10 17:55:10.190,ARDUINO_PSI,Arduino,0.000,0.000,12.947,,
749.927142,2026-03-10 17:55:10.290,ARDUINO_PSI,Arduino,0.000,0.000,12.952,,
750.027762,2026-03-10 17:55:10.391,ARDUINO_PSI,Arduino,0.000,0.000,12.947,,
750.127375,2026-03-10 17:55:10.490,ARDUINO_PSI,Arduino,0.000,0.000,12.943,,
750.226782,2026-03-10 17:55:10.590,ARDUINO_PSI,Arduino,0.000,0.000,12.929,,
750.327112,2026-03-10 17:55:10.690,ARDUINO_PSI,Arduino,0.000,0.000,12.913,,
750.427559,2026-03-10 17:55:10.791,ARDUINO_PSI,Arduino,0.000,0.000,12.913,,
750.526856,2026-03-10 17:55:10.890,ARDUINO_PSI,Arduino,0.000,0.000,12.915,,
750.628443,2026-03-10 17:55:10.991,ARDUINO_PSI,Arduino,0.000,0.000,12.918,,
750.727837,2026-03-10 17:55:11.091,ARDUINO_PSI,Arduino,0.000,0.000,12.920,,
750.828102,2026-03-10 17:55:11.191,ARDUINO_PSI,Arduino,0.000,0.000,12.918,,
750.928185,2026-03-10 17:55:11.291,ARDUINO_PSI,Arduino,0.000,0.000,12.918,,
751.029477,2026-03-10 17:55:11.392,ARDUINO_PSI,Arduino,0.000,0.000,12.927,,
751.126739,2026-03-10 17:55:11.490,ARDUINO_PSI,Arduino,0.000,0.000,12.931,,
751.227157,2026-03-10 17:55:11.590,ARDUINO_PSI,Arduino,0.000,0.000,12.920,,
751.327110,2026-03-10 17:55:11.690,ARDUINO_PSI,Arduino,0.000,0.000,12.925,,
751.426727,2026-03-10 17:55:11.790,ARDUINO_PSI,Arduino,0.000,0.000,12.925,,
751.527145,2026-03-10 17:55:11.890,ARDUINO_PSI,Arduino,0.000,0.000,12.929,,
751.627050,2026-03-10 17:55:11.990,ARDUINO_PSI,Arduino,0.000,0.000,12.925,,
751.727827,2026-03-10 17:55:12.091,ARDUINO_PSI,Arduino,0.000,0.000,12.929,,
751.829157,2026-03-10 17:55:12.192,ARDUINO_PSI,Arduino,0.000,0.000,12.925,,
751.926971,2026-03-10 17:55:12.290,ARDUINO_PSI,Arduino,0.000,0.000,12.927,,
752.027020,2026-03-10 17:55:12.390,ARDUINO_PSI,Arduino,0.000,0.000,12.934,,
752.126777,2026-03-10 17:55:12.490,ARDUINO_PSI,Arduino,0.000,0.000,12.941,,
752.227658,2026-03-10 17:55:12.591,ARDUINO_PSI,Arduino,0.000,0.000,12.936,,
752.327018,2026-03-10 17:55:12.690,ARDUINO_PSI,Arduino,0.000,0.000,12.943,,
752.427072,2026-03-10 17:55:12.790,ARDUINO_PSI,Arduino,0.000,0.000,12.941,,
752.526926,2026-03-10 17:55:12.890,ARDUINO_PSI,Arduino,0.000,0.000,12.936,,
752.626745,2026-03-10 17:55:12.990,ARDUINO_PSI,Arduino,0.000,0.000,12.934,,
752.727241,2026-03-10 17:55:13.090,ARDUINO_PSI,Arduino,0.000,0.000,12.925,,
752.827026,2026-03-10 17:55:13.190,ARDUINO_PSI,Arduino,0.000,0.000,12.925,,
752.927295,2026-03-10 17:55:13.290,ARDUINO_PSI,Arduino,0.000,0.000,12.927,,
753.029514,2026-03-10 17:55:13.392,ARDUINO_PSI,Arduino,0.000,0.000,12.929,,
753.128203,2026-03-10 17:55:13.491,ARDUINO_PSI,Arduino,0.000,0.000,12.922,,
753.227759,2026-03-10 17:55:13.591,ARDUINO_PSI,Arduino,0.000,0.000,12.927,,
753.327344,2026-03-10 17:55:13.690,ARDUINO_PSI,Arduino,0.000,0.000,12.927,,
753.427113,2026-03-10 17:55:13.790,ARDUINO_PSI,Arduino,0.000,0.000,12.941,,
753.527564,2026-03-10 17:55:13.891,ARDUINO_PSI,Arduino,0.000,0.000,12.929,,
753.627271,2026-03-10 17:55:13.990,ARDUINO_PSI,Arduino,0.000,0.000,12.929,,
753.727310,2026-03-10 17:55:14.090,ARDUINO_PSI,Arduino,0.000,0.000,12.915,,
753.827301,2026-03-10 17:55:14.190,ARDUINO_PSI,Arduino,0.000,0.000,12.915,,
753.927102,2026-03-10 17:55:14.290,ARDUINO_PSI,Arduino,0.000,0.000,12.925,,
754.028984,2026-03-10 17:55:14.392,ARDUINO_PSI,Arduino,0.000,0.000,12.918,,
754.128647,2026-03-10 17:55:14.492,ARDUINO_PSI,Arduino,0.000,0.000,12.913,,
754.226925,2026-03-10 17:55:14.590,ARDUINO_PSI,Arduino,0.000,0.000,12.911,,
754.328233,2026-03-10 17:55:14.691,ARDUINO_PSI,Arduino,0.000,0.000,12.915,,
754.427761,2026-03-10 17:55:14.791,ARDUINO_PSI,Arduino,0.000,0.000,12.909,,
754.527405,2026-03-10 17:55:14.890,ARDUINO_PSI,Arduino,0.000,0.000,12.909,,
754.627174,2026-03-10 17:55:14.990,ARDUINO_PSI,Arduino,0.000,0.000,12.913,,
754.727116,2026-03-10 17:55:15.090,ARDUINO_PSI,Arduino,0.000,0.000,12.931,,
754.827216,2026-03-10 17:55:15.190,ARDUINO_PSI,Arduino,0.000,0.000,12.952,,
754.927285,2026-03-10 17:55:15.290,ARDUINO_PSI,Arduino,0.000,0.000,12.959,,
755.027050,2026-03-10 17:55:15.390,ARDUINO_PSI,Arduino,0.000,0.000,12.945,,
755.126933,2026-03-10 17:55:15.490,ARDUINO_PSI,Arduino,0.000,0.000,12.950,,
755.226766,2026-03-10 17:55:15.590,ARDUINO_PSI,Arduino,0.000,0.000,12.954,,
755.326904,2026-03-10 17:55:15.690,ARDUINO_PSI,Arduino,0.000,0.000,12.961,,
755.427300,2026-03-10 17:55:15.790,ARDUINO_PSI,Arduino,0.000,0.000,12.945,,
755.527021,2026-03-10 17:55:15.890,ARDUINO_PSI,Arduino,0.000,0.000,12.950,,
755.627292,2026-03-10 17:55:15.990,ARDUINO_PSI,Arduino,0.000,0.000,12.954,,
755.727168,2026-03-10 17:55:16.090,ARDUINO_PSI,Arduino,0.000,0.000,12.966,,
755.827294,2026-03-10 17:55:16.190,ARDUINO_PSI,Arduino,0.000,0.000,12.961,,
755.926937,2026-03-10 17:55:16.290,ARDUINO_PSI,Arduino,0.000,0.000,12.947,,
756.029415,2026-03-10 17:55:16.392,ARDUINO_PSI,Arduino,0.000,0.000,12.954,,
756.127069,2026-03-10 17:55:16.490,ARDUINO_PSI,Arduino,0.000,0.000,12.943,,
756.227348,2026-03-10 17:55:16.590,ARDUINO_PSI,Arduino,0.000,0.000,12.945,,
756.326814,2026-03-10 17:55:16.690,ARDUINO_PSI,Arduino,0.000,0.000,12.941,,
756.426781,2026-03-10 17:55:16.790,ARDUINO_PSI,Arduino,0.000,0.000,12.938,,
756.527044,2026-03-10 17:55:16.890,ARDUINO_PSI,Arduino,0.000,0.000,12.943,,
756.627329,2026-03-10 17:55:16.990,ARDUINO_PSI,Arduino,0.000,0.000,12.945,,
756.728422,2026-03-10 17:55:17.091,ARDUINO_PSI,Arduino,0.000,0.000,12.927,,
756.826883,2026-03-10 17:55:17.190,ARDUINO_PSI,Arduino,0.000,0.000,12.925,,
756.927052,2026-03-10 17:55:17.290,ARDUINO_PSI,Arduino,0.000,0.000,12.922,,
757.027055,2026-03-10 17:55:17.390,ARDUINO_PSI,Arduino,0.000,0.000,12.925,,
757.127546,2026-03-10 17:55:17.490,ARDUINO_PSI,Arduino,0.000,0.000,12.922,,
757.227334,2026-03-10 17:55:17.590,ARDUINO_PSI,Arduino,0.000,0.000,12.918,,
757.326725,2026-03-10 17:55:17.690,ARDUINO_PSI,Arduino,0.000,0.000,12.902,,
757.426984,2026-03-10 17:55:17.790,ARDUINO_PSI,Arduino,0.000,0.000,12.909,,
757.527269,2026-03-10 17:55:17.890,ARDUINO_PSI,Arduino,0.000,0.000,12.911,,
757.628430,2026-03-10 17:55:17.991,ARDUINO_PSI,Arduino,0.000,0.000,12.904,,
757.727310,2026-03-10 17:55:18.090,ARDUINO_PSI,Arduino,0.000,0.000,12.904,,
757.827030,2026-03-10 17:55:18.190,ARDUINO_PSI,Arduino,0.000,0.000,12.904,,
757.928537,2026-03-10 17:55:18.291,ARDUINO_PSI,Arduino,0.000,0.000,12.913,,
758.029967,2026-03-10 17:55:18.393,ARDUINO_PSI,Arduino,0.000,0.000,12.918,,
758.126890,2026-03-10 17:55:18.490,ARDUINO_PSI,Arduino,0.000,0.000,12.925,,
758.227141,2026-03-10 17:55:18.590,ARDUINO_PSI,Arduino,0.000,0.000,12.927,,
758.326861,2026-03-10 17:55:18.690,ARDUINO_PSI,Arduino,0.000,0.000,12.925,,
758.427256,2026-03-10 17:55:18.790,ARDUINO_PSI,Arduino,0.000,0.000,12.927,,
758.526867,2026-03-10 17:55:18.890,ARDUINO_PSI,Arduino,0.000,0.000,12.922,,
758.627055,2026-03-10 17:55:18.990,ARDUINO_PSI,Arduino,0.000,0.000,12.920,,
758.727281,2026-03-10 17:55:19.090,ARDUINO_PSI,Arduino,0.000,0.000,12.929,,
758.827197,2026-03-10 17:55:19.190,ARDUINO_PSI,Arduino,0.000,0.000,12.920,,
758.926815,2026-03-10 17:55:19.290,ARDUINO_PSI,Arduino,0.000,0.000,12.915,,
759.027369,2026-03-10 17:55:19.390,ARDUINO_PSI,Arduino,0.000,0.000,12.915,,
759.127271,2026-03-10 17:55:19.490,ARDUINO_PSI,Arduino,0.000,0.000,12.922,,
759.227340,2026-03-10 17:55:19.590,ARDUINO_PSI,Arduino,0.000,0.000,12.915,,
759.327235,2026-03-10 17:55:19.690,ARDUINO_PSI,Arduino,0.000,0.000,12.918,,
759.427417,2026-03-10 17:55:19.790,ARDUINO_PSI,Arduino,0.000,0.000,12.922,,
759.527112,2026-03-10 17:55:19.890,ARDUINO_PSI,Arduino,0.000,0.000,12.925,,
759.626684,2026-03-10 17:55:19.990,ARDUINO_PSI,Arduino,0.000,0.000,12.925,,
759.727296,2026-03-10 17:55:20.090,ARDUINO_PSI,Arduino,0.000,0.000,12.922,,
759.827746,2026-03-10 17:55:20.191,ARDUINO_PSI,Arduino,0.000,0.000,12.922,,
759.927242,2026-03-10 17:55:20.290,ARDUINO_PSI,Arduino,0.000,0.000,12.925,,
760.027350,2026-03-10 17:55:20.390,ARDUINO_PSI,Arduino,0.000,0.000,12.920,,
760.127227,2026-03-10 17:55:20.490,ARDUINO_PSI,Arduino,0.000,0.000,12.920,,
760.227215,2026-03-10 17:55:20.590,ARDUINO_PSI,Arduino,0.000,0.000,12.918,,
760.327400,2026-03-10 17:55:20.690,ARDUINO_PSI,Arduino,0.000,0.000,12.918,,
760.427129,2026-03-10 17:55:20.790,ARDUINO_PSI,Arduino,0.000,0.000,12.927,,
760.527408,2026-03-10 17:55:20.890,ARDUINO_PSI,Arduino,0.000,0.000,12.925,,
760.627331,2026-03-10 17:55:20.990,ARDUINO_PSI,Arduino,0.000,0.000,12.920,,
760.726779,2026-03-10 17:55:21.090,ARDUINO_PSI,Arduino,0.000,0.000,12.918,,
760.827381,2026-03-10 17:55:21.190,ARDUINO_PSI,Arduino,0.000,0.000,12.922,,
760.927362,2026-03-10 17:55:21.290,ARDUINO_PSI,Arduino,0.000,0.000,12.925,,
761.027344,2026-03-10 17:55:21.390,ARDUINO_PSI,Arduino,0.000,0.000,12.918,,
761.127518,2026-03-10 17:55:21.490,ARDUINO_PSI,Arduino,0.000,0.000,12.906,,
761.227314,2026-03-10 17:55:21.590,ARDUINO_PSI,Arduino,0.000,0.000,12.920,,
761.326809,2026-03-10 17:55:21.690,ARDUINO_PSI,Arduino,0.000,0.000,12.915,,
761.427197,2026-03-10 17:55:21.790,ARDUINO_PSI,Arduino,0.000,0.000,12.913,,
761.527577,2026-03-10 17:55:21.891,ARDUINO_PSI,Arduino,0.000,0.000,12.909,,
761.626837,2026-03-10 17:55:21.990,ARDUINO_PSI,Arduino,0.000,0.000,12.915,,
761.726785,2026-03-10 17:55:22.090,ARDUINO_PSI,Arduino,0.000,0.000,12.918,,
761.826766,2026-03-10 17:55:22.190,ARDUINO_PSI,Arduino,0.000,0.000,12.920,,
761.927459,2026-03-10 17:55:22.290,ARDUINO_PSI,Arduino,0.000,0.000,12.911,,
762.027314,2026-03-10 17:55:22.390,ARDUINO_PSI,Arduino,0.000,0.000,12.911,,
762.127234,2026-03-10 17:55:22.490,ARDUINO_PSI,Arduino,0.000,0.000,12.913,,
762.227385,2026-03-10 17:55:22.590,ARDUINO_PSI,Arduino,0.000,0.000,12.911,,
762.326737,2026-03-10 17:55:22.690,ARDUINO_PSI,Arduino,0.000,0.000,12.909,,
762.427173,2026-03-10 17:55:22.790,ARDUINO_PSI,Arduino,0.000,0.000,12.915,,
762.527426,2026-03-10 17:55:22.890,ARDUINO_PSI,Arduino,0.000,0.000,12.920,,
762.627273,2026-03-10 17:55:22.990,ARDUINO_PSI,Arduino,0.000,0.000,12.922,,
762.727473,2026-03-10 17:55:23.090,ARDUINO_PSI,Arduino,0.000,0.000,12.918,,
762.826772,2026-03-10 17:55:23.190,ARDUINO_PSI,Arduino,0.000,0.000,12.902,,
762.927301,2026-03-10 17:55:23.290,ARDUINO_PSI,Arduino,0.000,0.000,12.888,,
763.027463,2026-03-10 17:55:23.390,ARDUINO_PSI,Arduino,0.000,0.000,12.904,,
763.127194,2026-03-10 17:55:23.490,ARDUINO_PSI,Arduino,0.000,0.000,12.913,,
763.227295,2026-03-10 17:55:23.590,ARDUINO_PSI,Arduino,0.000,0.000,12.897,,
763.327817,2026-03-10 17:55:23.691,ARDUINO_PSI,Arduino,0.000,0.000,12.902,,
763.427306,2026-03-10 17:55:23.790,ARDUINO_PSI,Arduino,0.000,0.000,12.899,,
763.527189,2026-03-10 17:55:23.890,ARDUINO_PSI,Arduino,0.000,0.000,12.897,,
763.627129,2026-03-10 17:55:23.990,ARDUINO_PSI,Arduino,0.000,0.000,12.890,,
763.727326,2026-03-10 17:55:24.090,ARDUINO_PSI,Arduino,0.000,0.000,12.881,,
763.827330,2026-03-10 17:55:24.190,ARDUINO_PSI,Arduino,0.000,0.000,12.879,,
763.926696,2026-03-10 17:55:24.290,ARDUINO_PSI,Arduino,0.000,0.000,12.879,,
764.027243,2026-03-10 17:55:24.390,ARDUINO_PSI,Arduino,0.000,0.000,12.870,,
764.127243,2026-03-10 17:55:24.490,ARDUINO_PSI,Arduino,0.000,0.000,12.863,,
764.227441,2026-03-10 17:55:24.590,ARDUINO_PSI,Arduino,0.000,0.000,12.870,,
764.327546,2026-03-10 17:55:24.691,ARDUINO_PSI,Arduino,0.000,0.000,12.870,,
764.427255,2026-03-10 17:55:24.790,ARDUINO_PSI,Arduino,0.000,0.000,12.867,,
764.527384,2026-03-10 17:55:24.890,ARDUINO_PSI,Arduino,0.000,0.000,12.870,,
764.627134,2026-03-10 17:55:24.990,ARDUINO_PSI,Arduino,0.000,0.000,12.870,,
764.727199,2026-03-10 17:55:25.090,ARDUINO_PSI,Arduino,0.000,0.000,12.886,,
764.827057,2026-03-10 17:55:25.190,ARDUINO_PSI,Arduino,0.000,0.000,12.904,,
764.927081,2026-03-10 17:55:25.290,ARDUINO_PSI,Arduino,0.000,0.000,12.902,,
765.027211,2026-03-10 17:55:25.390,ARDUINO_PSI,Arduino,0.000,0.000,12.888,,
765.127509,2026-03-10 17:55:25.490,ARDUINO_PSI,Arduino,0.000,0.000,12.893,,
765.227399,2026-03-10 17:55:25.590,ARDUINO_PSI,Arduino,0.000,0.000,12.895,,
765.345234,2026-03-10 17:55:25.708,ARDUINO_PSI,Arduino,0.000,0.000,12.902,,
765.426773,2026-03-10 17:55:25.790,ARDUINO_PSI,Arduino,0.000,0.000,12.904,,
765.527220,2026-03-10 17:55:25.890,ARDUINO_PSI,Arduino,0.000,0.000,12.909,,
765.627045,2026-03-10 17:55:25.990,ARDUINO_PSI,Arduino,0.000,0.000,12.918,,
765.727926,2026-03-10 17:55:26.091,ARDUINO_PSI,Arduino,0.000,0.000,12.915,,
765.827148,2026-03-10 17:55:26.190,ARDUINO_PSI,Arduino,0.000,0.000,12.918,,
765.927220,2026-03-10 17:55:26.290,ARDUINO_PSI,Arduino,0.000,0.000,12.922,,
766.027082,2026-03-10 17:55:26.390,ARDUINO_PSI,Arduino,0.000,0.000,12.936,,
766.127296,2026-03-10 17:55:26.490,ARDUINO_PSI,Arduino,0.000,0.000,12.945,,
766.227239,2026-03-10 17:55:26.590,ARDUINO_PSI,Arduino,0.000,0.000,12.936,,
766.327070,2026-03-10 17:55:26.690,ARDUINO_PSI,Arduino,0.000,0.000,12.938,,
766.427047,2026-03-10 17:55:26.790,ARDUINO_PSI,Arduino,0.000,0.000,12.929,,
766.527122,2026-03-10 17:55:26.890,ARDUINO_PSI,Arduino,0.000,0.000,12.938,,
766.627634,2026-03-10 17:55:26.991,ARDUINO_PSI,Arduino,0.000,0.000,12.945,,
766.727195,2026-03-10 17:55:27.090,ARDUINO_PSI,Arduino,0.000,0.000,12.934,,
766.827332,2026-03-10 17:55:27.190,ARDUINO_PSI,Arduino,0.000,0.000,12.929,,
766.926843,2026-03-10 17:55:27.290,ARDUINO_PSI,Arduino,0.000,0.000,12.943,,
767.026681,2026-03-10 17:55:27.390,ARDUINO_PSI,Arduino,0.000,0.000,12.957,,
767.126741,2026-03-10 17:55:27.490,ARDUINO_PSI,Arduino,0.000,0.000,12.950,,
767.226963,2026-03-10 17:55:27.590,ARDUINO_PSI,Arduino,0.000,0.000,12.957,,
767.540224,2026-03-10 17:55:27.903,ARDUINO_PSI,Arduino,0.000,0.000,12.945,,
767.541358,2026-03-10 17:55:27.904,ARDUINO_PSI,Arduino,0.000,0.000,12.943,,
767.542606,2026-03-10 17:55:27.906,ARDUINO_PSI,Arduino,0.000,0.000,12.936,,
767.627250,2026-03-10 17:55:27.990,ARDUINO_PSI,Arduino,0.000,0.000,12.931,,
767.727269,2026-03-10 17:55:28.090,ARDUINO_PSI,Arduino,0.000,0.000,12.947,,
767.827378,2026-03-10 17:55:28.190,ARDUINO_PSI,Arduino,0.000,0.000,12.943,,
767.928511,2026-03-10 17:55:28.291,ARDUINO_PSI,Arduino,0.000,0.000,12.941,,
768.027467,2026-03-10 17:55:28.390,ARDUINO_PSI,Arduino,0.000,0.000,12.938,,
768.039003,2026-03-10 17:55:28.402,WJ_VOLTAGE,WJ1,0.000,0.000,0,0,"HV=OFF, Fault=NO"
768.128100,2026-03-10 17:55:28.491,ARDUINO_PSI,Arduino,0.000,0.000,12.934,,
768.226833,2026-03-10 17:55:28.590,ARDUINO_PSI,Arduino,0.000,0.000,12.941,,
768.327192,2026-03-10 17:55:28.690,ARDUINO_PSI,Arduino,0.000,0.000,12.950,,
768.428087,2026-03-10 17:55:28.791,ARDUINO_PSI,Arduino,0.000,0.000,12.945,,
768.527549,2026-03-10 17:55:28.891,ARDUINO_PSI,Arduino,0.000,0.000,12.925,,
768.554475,2026-03-10 17:55:28.917,WJ_VOLTAGE,WJ1,0.000,0.000,0,0,"HV=OFF, Fault=NO"
768.627262,2026-03-10 17:55:28.990,ARDUINO_PSI,Arduino,0.000,0.000,12.918,,
768.727096,2026-03-10 17:55:29.090,ARDUINO_PSI,Arduino,0.000,0.000,12.920,,
768.827589,2026-03-10 17:55:29.191,ARDUINO_PSI,Arduino,0.000,0.000,12.913,,
768.927352,2026-03-10 17:55:29.290,ARDUINO_PSI,Arduino,0.000,0.000,12.915,,
769.027643,2026-03-10 17:55:29.391,ARDUINO_PSI,Arduino,0.000,0.000,12.906,,
769.084734,2026-03-10 17:55:29.448,WJ_VOLTAGE,WJ1,0.000,0.000,0,0,"HV=OFF, Fault=NO"
769.126808,2026-03-10 17:55:29.490,ARDUINO_PSI,Arduino,0.000,0.000,12.906,,
769.227021,2026-03-10 17:55:29.590,ARDUINO_PSI,Arduino,0.000,0.000,12.904,,
769.327256,2026-03-10 17:55:29.690,ARDUINO_PSI,Arduino,0.000,0.000,12.913,,
769.427303,2026-03-10 17:55:29.790,ARDUINO_PSI,Arduino,0.000,0.000,12.920,,
769.529556,2026-03-10 17:55:29.893,ARDUINO_PSI,Arduino,0.000,0.000,12.925,,
769.613385,2026-03-10 17:55:29.976,WJ_VOLTAGE,WJ1,0.000,0.000,0,0,"HV=OFF, Fault=NO"
769.626783,2026-03-10 17:55:29.990,ARDUINO_PSI,Arduino,0.000,0.000,12.925,,
769.727255,2026-03-10 17:55:30.090,ARDUINO_PSI,Arduino,0.000,0.000,12.920,,
769.827503,2026-03-10 17:55:30.190,ARDUINO_PSI,Arduino,0.000,0.000,12.915,,
769.928094,2026-03-10 17:55:30.291,ARDUINO_PSI,Arduino,0.000,0.000,12.911,,
770.026891,2026-03-10 17:55:30.390,ARDUINO_PSI,Arduino,0.000,0.000,12.906,,
770.127532,2026-03-10 17:55:30.490,ARDUINO_PSI,Arduino,0.000,0.000,12.904,,
770.138901,2026-03-10 17:55:30.502,WJ_VOLTAGE,WJ1,0.000,0.000,0,0,"HV=OFF, Fault=NO"
770.227888,2026-03-10 17:55:30.591,ARDUINO_PSI,Arduino,0.000,0.000,12.897,,
770.327405,2026-03-10 17:55:30.690,ARDUINO_PSI,Arduino,0.000,0.000,12.890,,
770.427427,2026-03-10 17:55:30.790,ARDUINO_PSI,Arduino,0.000,0.000,12.897,,
770.526972,2026-03-10 17:55:30.890,ARDUINO_PSI,Arduino,0.000,0.000,12.909,,
770.629009,2026-03-10 17:55:30.992,ARDUINO_PSI,Arduino,0.000,0.000,12.913,,
770.667894,2026-03-10 17:55:31.031,WJ_VOLTAGE,WJ1,0.000,0.000,0,0,"HV=OFF, Fault=NO"
770.727517,2026-03-10 17:55:31.090,ARDUINO_PSI,Arduino,0.000,0.000,12.918,,
771.004653,2026-03-10 17:55:31.368,ARDUINO_PSI,Arduino,0.000,0.000,12.915,,
771.005807,2026-03-10 17:55:31.369,ARDUINO_PSI,Arduino,0.000,0.000,12.918,,
771.027059,2026-03-10 17:55:31.390,ARDUINO_PSI,Arduino,0.000,0.000,12.922,,
771.127600,2026-03-10 17:55:31.491,ARDUINO_PSI,Arduino,0.000,0.000,12.920,,
771.197439,2026-03-10 17:55:31.560,WJ_VOLTAGE,WJ1,0.000,0.000,0,0,"HV=OFF, Fault=NO"
771.227068,2026-03-10 17:55:31.590,ARDUINO_PSI,Arduino,0.000,0.000,12.913,,
771.326796,2026-03-10 17:55:31.690,ARDUINO_PSI,Arduino,0.000,0.000,12.911,,
771.427319,2026-03-10 17:55:31.790,ARDUINO_PSI,Arduino,0.000,0.000,12.920,,
771.526532,2026-03-10 17:55:31.889,WJ_VOLTAGE,WJ2,0.000,0.000,0,0,"HV=OFF, Fault=NO"
771.539324,2026-03-10 17:55:31.902,ARDUINO_PSI,Arduino,0.000,0.000,12.915,,
771.627585,2026-03-10 17:55:31.991,ARDUINO_PSI,Arduino,0.000,0.000,12.920,,
771.729492,2026-03-10 17:55:32.092,WJ_VOLTAGE,WJ1,0.000,0.000,0,0,"HV=OFF, Fault=NO"
771.731736,2026-03-10 17:55:32.095,ARDUINO_PSI,Arduino,0.000,0.000,12.911,,
771.827562,2026-03-10 17:55:32.191,ARDUINO_PSI,Arduino,0.000,0.000,12.915,,
771.927350,2026-03-10 17:55:32.290,ARDUINO_PSI,Arduino,0.000,0.000,12.915,,
772.027051,2026-03-10 17:55:32.390,ARDUINO_PSI,Arduino,0.000,0.000,12.915,,
772.054890,2026-03-10 17:55:32.418,WJ_VOLTAGE,WJ2,0.000,0.000,0,0,"HV=OFF, Fault=NO"
772.128168,2026-03-10 17:55:32.491,ARDUINO_PSI,Arduino,0.000,0.000,12.920,,
772.228404,2026-03-10 17:55:32.591,ARDUINO_PSI,Arduino,0.000,0.000,12.931,,
772.259455,2026-03-10 17:55:32.622,WJ_VOLTAGE,WJ1,0.000,0.000,0,0,"HV=OFF, Fault=NO"
772.328546,2026-03-10 17:55:32.691,ARDUINO_PSI,Arduino,0.000,0.000,12.931,,
772.428455,2026-03-10 17:55:32.791,ARDUINO_PSI,Arduino,0.000,0.000,12.931,,
772.527561,2026-03-10 17:55:32.891,ARDUINO_PSI,Arduino,0.000,0.000,12.920,,
772.587344,2026-03-10 17:55:32.950,WJ_VOLTAGE,WJ2,0.000,0.000,0,0,"HV=OFF, Fault=NO"
772.627473,2026-03-10 17:55:32.990,ARDUINO_PSI,Arduino,0.000,0.000,12.911,,
772.728075,2026-03-10 17:55:33.091,ARDUINO_PSI,Arduino,0.000,0.000,12.904,,
772.788106,2026-03-10 17:55:33.151,WJ_VOLTAGE,WJ1,0.000,0.000,0,0,"HV=OFF, Fault=NO"
772.826844,2026-03-10 17:55:33.190,ARDUINO_PSI,Arduino,0.000,0.000,12.902,,
772.926892,2026-03-10 17:55:33.290,ARDUINO_PSI,Arduino,0.000,0.000,12.893,,
773.026998,2026-03-10 17:55:33.390,ARDUINO_PSI,Arduino,0.000,0.000,12.893,,
773.118208,2026-03-10 17:55:33.481,WJ_VOLTAGE,WJ2,0.000,0.000,0,0,"HV=OFF, Fault=NO"
773.127140,2026-03-10 17:55:33.490,ARDUINO_PSI,Arduino,0.000,0.000,12.893,,
773.226998,2026-03-10 17:55:33.590,ARDUINO_PSI,Arduino,0.000,0.000,12.897,,
773.305880,2026-03-10 17:55:33.669,WJ_VOLTAGE,WJ1,0.000,0.000,0,0,"HV=OFF, Fault=NO"
773.326808,2026-03-10 17:55:33.690,ARDUINO_PSI,Arduino,0.000,0.000,12.893,,
773.426835,2026-03-10 17:55:33.790,ARDUINO_PSI,Arduino,0.000,0.000,12.893,,
773.527053,2026-03-10 17:55:33.890,ARDUINO_PSI,Arduino,0.000,0.000,12.902,,
773.627560,2026-03-10 17:55:33.991,ARDUINO_PSI,Arduino,0.000,0.000,12.899,,
773.649928,2026-03-10 17:55:34.013,WJ_VOLTAGE,WJ2,0.000,0.000,0,0,"HV=OFF, Fault=NO"
773.727653,2026-03-10 17:55:34.091,ARDUINO_PSI,Arduino,0.000,0.000,12.909,,
773.827782,2026-03-10 17:55:34.191,ARDUINO_PSI,Arduino,0.000,0.000,12.911,,
773.836353,2026-03-10 17:55:34.199,WJ_VOLTAGE,WJ1,0.000,0.000,0,0,"HV=OFF, Fault=NO"
773.928382,2026-03-10 17:55:34.291,ARDUINO_PSI,Arduino,0.000,0.000,12.918,,
774.027715,2026-03-10 17:55:34.391,ARDUINO_PSI,Arduino,0.000,0.000,12.909,,
774.127532,2026-03-10 17:55:34.490,ARDUINO_PSI,Arduino,0.000,0.000,12.902,,
774.177720,2026-03-10 17:55:34.541,WJ_VOLTAGE,WJ2,0.000,0.000,0,0,"HV=OFF, Fault=NO"
774.227608,2026-03-10 17:55:34.591,ARDUINO_PSI,Arduino,0.000,0.000,12.893,,
774.327621,2026-03-10 17:55:34.691,ARDUINO_PSI,Arduino,0.000,0.000,12.895,,
774.366940,2026-03-10 17:55:34.730,WJ_VOLTAGE,WJ1,0.000,0.000,0,0,"HV=OFF, Fault=NO"
774.427682,2026-03-10 17:55:34.791,ARDUINO_PSI,Arduino,0.000,0.000,12.883,,
774.529806,2026-03-10 17:55:34.893,ARDUINO_PSI,Arduino,0.000,0.000,12.904,,
774.627807,2026-03-10 17:55:34.991,ARDUINO_PSI,Arduino,0.000,0.000,12.913,,
774.707678,2026-03-10 17:55:35.071,WJ_VOLTAGE,WJ2,0.000,0.000,0,0,"HV=OFF, Fault=NO"
774.727324,2026-03-10 17:55:35.090,ARDUINO_PSI,Arduino,0.000,0.000,12.918,,
774.827682,2026-03-10 17:55:35.191,ARDUINO_PSI,Arduino,0.000,0.000,12.927,,
774.892373,2026-03-10 17:55:35.255,WJ_VOLTAGE,WJ1,0.000,0.000,0,0,"HV=OFF, Fault=NO"
774.927503,2026-03-10 17:55:35.290,ARDUINO_PSI,Arduino,0.000,0.000,12.915,,
775.027373,2026-03-10 17:55:35.390,ARDUINO_PSI,Arduino,0.000,0.000,12.913,,
775.127445,2026-03-10 17:55:35.490,ARDUINO_PSI,Arduino,0.000,0.000,12.911,,
775.228210,2026-03-10 17:55:35.591,ARDUINO_PSI,Arduino,0.000,0.000,12.922,,
775.235562,2026-03-10 17:55:35.599,WJ_VOLTAGE,WJ2,0.000,0.000,0,0,"HV=OFF, Fault=NO"
775.328274,2026-03-10 17:55:35.691,ARDUINO_PSI,Arduino,0.000,0.000,12.925,,
775.410541,2026-03-10 17:55:35.773,WJ_VOLTAGE,WJ1,0.000,0.000,0,0,"HV=OFF, Fault=NO"
775.426992,2026-03-10 17:55:35.790,ARDUINO_PSI,Arduino,0.000,0.000,12.909,,
775.528113,2026-03-10 17:55:35.891,ARDUINO_PSI,Arduino,0.000,0.000,12.913,,
775.628050,2026-03-10 17:55:35.991,ARDUINO_PSI,Arduino,0.000,0.000,12.904,,
775.727792,2026-03-10 17:55:36.091,ARDUINO_PSI,Arduino,0.000,0.000,12.902,,
775.769947,2026-03-10 17:55:36.133,WJ_VOLTAGE,WJ2,0.000,0.000,0,0,"HV=OFF, Fault=NO"
775.827656,2026-03-10 17:55:36.191,ARDUINO_PSI,Arduino,0.000,0.000,12.902,,
775.927240,2026-03-10 17:55:36.290,ARDUINO_PSI,Arduino,0.000,0.000,12.902,,
775.939211,2026-03-10 17:55:36.302,WJ_VOLTAGE,WJ1,0.000,0.000,0,0,"HV=OFF, Fault=NO"
776.028158,2026-03-10 17:55:36.391,ARDUINO_PSI,Arduino,0.000,0.000,12.899,,
776.127633,2026-03-10 17:55:36.491,ARDUINO_PSI,Arduino,0.000,0.000,12.902,,
776.227898,2026-03-10 17:55:36.591,ARDUINO_PSI,Arduino,0.000,0.000,12.906,,
776.297025,2026-03-10 17:55:36.660,WJ_VOLTAGE,WJ2,0.000,0.000,0,0,"HV=OFF, Fault=NO"
776.326976,2026-03-10 17:55:36.690,ARDUINO_PSI,Arduino,0.000,0.000,12.902,,
776.428042,2026-03-10 17:55:36.791,ARDUINO_PSI,Arduino,0.000,0.000,12.902,,
776.464891,2026-03-10 17:55:36.828,WJ_VOLTAGE,WJ1,0.000,0.000,0,0,"HV=OFF, Fault=NO"
776.528566,2026-03-10 17:55:36.892,ARDUINO_PSI,Arduino,0.000,0.000,12.893,,
776.628147,2026-03-10 17:55:36.991,ARDUINO_PSI,Arduino,0.000,0.000,12.893,,
776.727492,2026-03-10 17:55:37.090,ARDUINO_PSI,Arduino,0.000,0.000,12.902,,
776.823677,2026-03-10 17:55:37.187,WJ_VOLTAGE,WJ2,0.000,0.000,0,0,"HV=OFF, Fault=NO"
776.830742,2026-03-10 17:55:37.194,ARDUINO_PSI,Arduino,0.000,0.000,12.904,,
776.927779,2026-03-10 17:55:37.291,ARDUINO_PSI,Arduino,0.000,0.000,12.911,,
776.994865,2026-03-10 17:55:37.358,WJ_VOLTAGE,WJ1,0.000,0.000,0,0,"HV=OFF, Fault=NO"
777.028000,2026-03-10 17:55:37.391,ARDUINO_PSI,Arduino,0.000,0.000,12.906,,
777.127910,2026-03-10 17:55:37.491,ARDUINO_PSI,Arduino,0.000,0.000,12.913,,
777.227728,2026-03-10 17:55:37.591,ARDUINO_PSI,Arduino,0.000,0.000,12.902,,
777.327806,2026-03-10 17:55:37.691,ARDUINO_PSI,Arduino,0.000,0.000,12.893,,
777.348536,2026-03-10 17:55:37.711,WJ_VOLTAGE,WJ2,0.000,0.000,0,0,"HV=OFF, Fault=NO"
777.427886,2026-03-10 17:55:37.791,ARDUINO_PSI,Arduino,0.000,0.000,12.899,,
777.522116,2026-03-10 17:55:37.885,WJ_VOLTAGE,WJ1,0.000,0.000,0,0,"HV=OFF, Fault=NO"
777.534138,2026-03-10 17:55:37.897,ARDUINO_PSI,Arduino,0.000,0.000,12.895,,
777.628442,2026-03-10 17:55:37.991,ARDUINO_PSI,Arduino,0.000,0.000,12.906,,
777.727188,2026-03-10 17:55:38.090,ARDUINO_PSI,Arduino,0.000,0.000,12.909,,
777.827925,2026-03-10 17:55:38.191,ARDUINO_PSI,Arduino,0.000,0.000,12.906,,
777.867792,2026-03-10 17:55:38.231,WJ_VOLTAGE,WJ2,0.000,0.000,0,0,"HV=OFF, Fault=NO"
777.927389,2026-03-10 17:55:38.290,ARDUINO_PSI,Arduino,0.000,0.000,12.915,,
778.028138,2026-03-10 17:55:38.391,ARDUINO_PSI,Arduino,0.000,0.000,12.920,,
778.054487,2026-03-10 17:55:38.417,WJ_VOLTAGE,WJ1,0.000,0.000,0,0,"HV=OFF, Fault=NO"
778.127895,2026-03-10 17:55:38.491,ARDUINO_PSI,Arduino,0.000,0.000,12.922,,
778.227987,2026-03-10 17:55:38.591,ARDUINO_PSI,Arduino,0.000,0.000,12.922,,
778.327975,2026-03-10 17:55:38.691,ARDUINO_PSI,Arduino,0.000,0.000,12.918,,
778.398535,2026-03-10 17:55:38.761,WJ_VOLTAGE,WJ2,0.000,0.000,0,0,"HV=OFF, Fault=NO"
778.427222,2026-03-10 17:55:38.790,ARDUINO_PSI,Arduino,0.000,0.000,12.922,,
778.527536,2026-03-10 17:55:38.890,ARDUINO_PSI,Arduino,0.000,0.000,12.918,,
778.584521,2026-03-10 17:55:38.947,WJ_VOLTAGE,WJ1,0.000,0.000,0,0,"HV=OFF, Fault=NO"
778.627482,2026-03-10 17:55:38.990,ARDUINO_PSI,Arduino,0.000,0.000,12.911,,
778.727661,2026-03-10 17:55:39.091,ARDUINO_PSI,Arduino,0.000,0.000,12.899,,
778.827472,2026-03-10 17:55:39.190,ARDUINO_PSI,Arduino,0.000,0.000,12.893,,
778.930258,2026-03-10 17:55:39.293,WJ_VOLTAGE,WJ2,0.000,0.000,0,0,"HV=OFF, Fault=NO"
778.932484,2026-03-10 17:55:39.295,ARDUINO_PSI,Arduino,0.000,0.000,12.899,,
779.027651,2026-03-10 17:55:39.391,ARDUINO_PSI,Arduino,0.000,0.000,12.904,,
779.116368,2026-03-10 17:55:39.479,WJ_VOLTAGE,WJ1,0.000,0.000,0,0,"HV=OFF, Fault=NO"
779.128797,2026-03-10 17:55:39.492,ARDUINO_PSI,Arduino,0.000,0.000,12.904,,
779.227815,2026-03-10 17:55:39.591,ARDUINO_PSI,Arduino,0.000,0.000,12.911,,
779.327511,2026-03-10 17:55:39.690,ARDUINO_PSI,Arduino,0.000,0.000,12.920,,
779.427526,2026-03-10 17:55:39.790,ARDUINO_PSI,Arduino,0.000,0.000,12.920,,
779.457630,2026-03-10 17:55:39.821,WJ_VOLTAGE,WJ2,0.000,0.000,0,0,"HV=OFF, Fault=NO"
779.527316,2026-03-10 17:55:39.890,ARDUINO_PSI,Arduino,0.000,0.000,12.925,,
779.627587,2026-03-10 17:55:39.991,ARDUINO_PSI,Arduino,0.000,0.000,12.915,,
779.645866,2026-03-10 17:55:40.009,WJ_VOLTAGE,WJ1,0.000,0.000,0,0,"HV=OFF, Fault=NO"
779.727692,2026-03-10 17:55:40.091,ARDUINO_PSI,Arduino,0.000,0.000,12.925,,
779.827568,2026-03-10 17:55:40.191,ARDUINO_PSI,Arduino,0.000,0.000,12.934,,
779.928446,2026-03-10 17:55:40.291,ARDUINO_PSI,Arduino,0.000,0.000,12.929,,
779.987564,2026-03-10 17:55:40.351,WJ_VOLTAGE,WJ2,0.000,0.000,0,0,"HV=OFF, Fault=NO"
780.027640,2026-03-10 17:55:40.391,ARDUINO_PSI,Arduino,0.000,0.000,12.936,,
780.127840,2026-03-10 17:55:40.491,ARDUINO_PSI,Arduino,0.000,0.000,12.934,,
780.174848,2026-03-10 17:55:40.538,WJ_VOLTAGE,WJ1,0.000,0.000,0,0,"HV=OFF, Fault=NO"
780.227622,2026-03-10 17:55:40.591,ARDUINO_PSI,Arduino,0.000,0.000,12.927,,
780.328014,2026-03-10 17:55:40.691,ARDUINO_PSI,Arduino,0.000,0.000,12.929,,
780.427103,2026-03-10 17:55:40.790,ARDUINO_PSI,Arduino,0.000,0.000,12.938,,
780.517243,2026-03-10 17:55:40.880,WJ_VOLTAGE,WJ2,0.000,0.000,0,0,"HV=OFF, Fault=NO"
780.526875,2026-03-10 17:55:40.890,ARDUINO_PSI,Arduino,0.000,0.000,12.943,,
780.627386,2026-03-10 17:55:40.990,ARDUINO_PSI,Arduino,0.000,0.000,12.950,,
780.705143,2026-03-10 17:55:41.068,WJ_VOLTAGE,WJ1,0.000,0.000,0,0,"HV=OFF, Fault=NO"
780.727600,2026-03-10 17:55:41.091,ARDUINO_PSI,Arduino,0.000,0.000,12.959,,
780.828227,2026-03-10 17:55:41.191,ARDUINO_PSI,Arduino,0.000,0.000,12.963,,
780.927573,2026-03-10 17:55:41.291,ARDUINO_PSI,Arduino,0.000,0.000,12.954,,
781.027558,2026-03-10 17:55:41.391,ARDUINO_PSI,Arduino,0.000,0.000,12.947,,
781.045874,2026-03-10 17:55:41.409,WJ_VOLTAGE,WJ2,0.000,0.000,0,0,"HV=OFF, Fault=NO"
781.127504,2026-03-10 17:55:41.490,ARDUINO_PSI,Arduino,0.000,0.000,12.945,,
781.227513,2026-03-10 17:55:41.590,ARDUINO_PSI,Arduino,0.000,0.000,12.936,,
781.232440,2026-03-10 17:55:41.595,WJ_VOLTAGE,WJ1,0.000,0.000,0,0,"HV=OFF, Fault=NO"
781.327162,2026-03-10 17:55:41.690,ARDUINO_PSI,Arduino,0.000,0.000,12.922,,
781.427626,2026-03-10 17:55:41.791,ARDUINO_PSI,Arduino,0.000,0.000,12.922,,
781.527600,2026-03-10 17:55:41.891,ARDUINO_PSI,Arduino,0.000,0.000,12.925,,
781.570072,2026-03-10 17:55:41.933,WJ_VOLTAGE,WJ2,0.000,0.000,0,0,"HV=OFF, Fault=NO"
781.627620,2026-03-10 17:55:41.991,ARDUINO_PSI,Arduino,0.000,0.000,12.920,,
781.727513,2026-03-10 17:55:42.090,ARDUINO_PSI,Arduino,0.000,0.000,12.899,,
781.754937,2026-03-10 17:55:42.118,WJ_VOLTAGE,WJ1,0.000,0.000,0,0,"HV=OFF, Fault=NO"
781.827585,2026-03-10 17:55:42.191,ARDUINO_PSI,Arduino,0.000,0.000,12.895,,
781.927557,2026-03-10 17:55:42.291,ARDUINO_PSI,Arduino,0.000,0.000,12.893,,
782.027678,2026-03-10 17:55:42.391,ARDUINO_PSI,Arduino,0.000,0.000,12.890,,
782.097649,2026-03-10 17:55:42.461,WJ_VOLTAGE,WJ2,0.000,0.000,0,0,"HV=OFF, Fault=NO"
782.127466,2026-03-10 17:55:42.490,ARDUINO_PSI,Arduino,0.000,0.000,12.897,,
782.227697,2026-03-10 17:55:42.591,ARDUINO_PSI,Arduino,0.000,0.000,12.897,,
782.283752,2026-03-10 17:55:42.647,WJ_VOLTAGE,WJ1,0.000,0.000,0,0,"HV=OFF, Fault=NO"
782.327558,2026-03-10 17:55:42.691,ARDUINO_PSI,Arduino,0.000,0.000,12.893,,
782.427532,2026-03-10 17:55:42.790,ARDUINO_PSI,Arduino,0.000,0.000,12.881,,
782.527617,2026-03-10 17:55:42.891,ARDUINO_PSI,Arduino,0.000,0.000,12.870,,
782.613528,2026-03-10 17:55:42.976,WJ_VOLTAGE,WJ2,0.000,0.000,0,0,"HV=OFF, Fault=NO"
782.626912,2026-03-10 17:55:42.990,ARDUINO_PSI,Arduino,0.000,0.000,12.867,,
782.728469,2026-03-10 17:55:43.091,ARDUINO_PSI,Arduino,0.000,0.000,12.856,,
782.800663,2026-03-10 17:55:43.164,WJ_VOLTAGE,WJ1,0.000,0.000,0,0,"HV=OFF, Fault=NO"
782.827614,2026-03-10 17:55:43.191,ARDUINO_PSI,Arduino,0.000,0.000,12.851,,
782.927793,2026-03-10 17:55:43.291,ARDUINO_PSI,Arduino,0.000,0.000,12.861,,
783.026920,2026-03-10 17:55:43.390,ARDUINO_PSI,Arduino,0.000,0.000,12.865,,
783.127519,2026-03-10 17:55:43.490,ARDUINO_PSI,Arduino,0.000,0.000,12.861,,
783.144841,2026-03-10 17:55:43.508,WJ_VOLTAGE,WJ2,0.000,0.000,0,0,"HV=OFF, Fault=NO"
783.227579,2026-03-10 17:55:43.591,ARDUINO_PSI,Arduino,0.000,0.000,12.863,,
783.327557,2026-03-10 17:55:43.691,ARDUINO_PSI,Arduino,0.000,0.000,12.863,,
783.330839,2026-03-10 17:55:43.694,WJ_VOLTAGE,WJ1,0.000,0.000,0,0,"HV=OFF, Fault=NO"
783.427843,2026-03-10 17:55:43.791,ARDUINO_PSI,Arduino,0.000,0.000,12.861,,
783.527900,2026-03-10 17:55:43.891,ARDUINO_PSI,Arduino,0.000,0.000,12.856,,
783.627620,2026-03-10 17:55:43.991,ARDUINO_PSI,Arduino,0.000,0.000,12.863,,
783.673879,2026-03-10 17:55:44.037,WJ_VOLTAGE,WJ2,0.000,0.000,0,0,"HV=OFF, Fault=NO"
783.727679,2026-03-10 17:55:44.091,ARDUINO_PSI,Arduino,0.000,0.000,12.865,,
783.827580,2026-03-10 17:55:44.191,ARDUINO_PSI,Arduino,0.000,0.000,12.863,,
783.858291,2026-03-10 17:55:44.221,WJ_VOLTAGE,WJ1,0.000,0.000,0,0,"HV=OFF, Fault=NO"
783.927342,2026-03-10 17:55:44.290,ARDUINO_PSI,Arduino,0.000,0.000,12.870,,
784.027627,2026-03-10 17:55:44.391,ARDUINO_PSI,Arduino,0.000,0.000,12.874,,
784.127558,2026-03-10 17:55:44.491,ARDUINO_PSI,Arduino,0.000,0.000,12.872,,
784.203189,2026-03-10 17:55:44.566,WJ_VOLTAGE,WJ2,0.000,0.000,0,0,"HV=OFF, Fault=NO"
784.227467,2026-03-10 17:55:44.590,ARDUINO_PSI,Arduino,0.000,0.000,12.881,,
784.327557,2026-03-10 17:55:44.691,ARDUINO_PSI,Arduino,0.000,0.000,12.888,,
784.392560,2026-03-10 17:55:44.756,WJ_VOLTAGE,WJ1,0.000,0.000,0,0,"HV=OFF, Fault=NO"
784.427450,2026-03-10 17:55:44.790,ARDUINO_PSI,Arduino,0.000,0.000,12.897,,
784.527580,2026-03-10 17:55:44.891,ARDUINO_PSI,Arduino,0.000,0.000,12.902,,
784.627511,2026-03-10 17:55:44.990,ARDUINO_PSI,Arduino,0.000,0.000,12.895,,
784.727537,2026-03-10 17:55:45.090,ARDUINO_PSI,Arduino,0.000,0.000,12.902,,
784.735840,2026-03-10 17:55:45.099,WJ_VOLTAGE,WJ2,0.000,0.000,0,0,"HV=OFF, Fault=NO"
784.827633,2026-03-10 17:55:45.191,ARDUINO_PSI,Arduino,0.000,0.000,12.904,,
784.924350,2026-03-10 17:55:45.287,WJ_VOLTAGE,WJ1,0.000,0.000,0,0,"HV=OFF, Fault=NO"
784.934265,2026-03-10 17:55:45.297,ARDUINO_PSI,Arduino,0.000,0.000,12.902,,
785.027723,2026-03-10 17:55:45.391,ARDUINO_PSI,Arduino,0.000,0.000,12.899,,
785.127457,2026-03-10 17:55:45.490,ARDUINO_PSI,Arduino,0.000,0.000,12.902,,
785.227610,2026-03-10 17:55:45.591,ARDUINO_PSI,Arduino,0.000,0.000,12.915,,
785.266304,2026-03-10 17:55:45.629,WJ_VOLTAGE,WJ2,0.000,0.000,0,0,"HV=OFF, Fault=NO"
785.327276,2026-03-10 17:55:45.690,ARDUINO_PSI,Arduino,0.000,0.000,12.920,,
785.427573,2026-03-10 17:55:45.791,ARDUINO_PSI,Arduino,0.000,0.000,12.929,,
785.454500,2026-03-10 17:55:45.817,WJ_VOLTAGE,WJ1,0.000,0.000,0,0,"HV=OFF, Fault=NO"
785.527603,2026-03-10 17:55:45.891,ARDUINO_PSI,Arduino,0.000,0.000,12.922,,
785.627567,2026-03-10 17:55:45.991,ARDUINO_PSI,Arduino,0.000,0.000,12.925,,
785.726987,2026-03-10 17:55:46.090,ARDUINO_PSI,Arduino,0.000,0.000,12.922,,
785.796693,2026-03-10 17:55:46.160,WJ_VOLTAGE,WJ2,0.000,0.000,0,0,"HV=OFF, Fault=NO"
785.827427,2026-03-10 17:55:46.190,ARDUINO_PSI,Arduino,0.000,0.000,12.929,,
785.927440,2026-03-10 17:55:46.290,ARDUINO_PSI,Arduino,0.000,0.000,12.925,,
785.981272,2026-03-10 17:55:46.344,WJ_VOLTAGE,WJ1,0.000,0.000,0,0,"HV=OFF, Fault=NO"
786.029037,2026-03-10 17:55:46.392,ARDUINO_PSI,Arduino,0.000,0.000,12.913,,
786.127650,2026-03-10 17:55:46.491,ARDUINO_PSI,Arduino,0.000,0.000,12.918,,
786.227623,2026-03-10 17:55:46.591,ARDUINO_PSI,Arduino,0.000,0.000,12.913,,
786.324295,2026-03-10 17:55:46.687,WJ_VOLTAGE,WJ2,0.000,0.000,0,0,"HV=OFF, Fault=NO"
786.331278,2026-03-10 17:55:46.694,ARDUINO_PSI,Arduino,0.000,0.000,12.913,,
786.427583,2026-03-10 17:55:46.791,ARDUINO_PSI,Arduino,0.000,0.000,12.911,,
786.511715,2026-03-10 17:55:46.875,WJ_VOLTAGE,WJ1,0.000,0.000,0,0,"HV=OFF, Fault=NO"
786.526763,2026-03-10 17:55:46.890,ARDUINO_PSI,Arduino,0.000,0.000,12.920,,
786.627566,2026-03-10 17:55:46.991,ARDUINO_PSI,Arduino,0.000,0.000,12.925,,
786.727611,2026-03-10 17:55:47.091,ARDUINO_PSI,Arduino,0.000,0.000,12.927,,
786.827661,2026-03-10 17:55:47.191,ARDUINO_PSI,Arduino,0.000,0.000,12.931,,
786.853402,2026-03-10 17:55:47.216,WJ_VOLTAGE,WJ2,0.000,0.000,0,0,"HV=OFF, Fault=NO"
786.927589,2026-03-10 17:55:47.291,ARDUINO_PSI,Arduino,0.000,0.000,12.943,,
787.027570,2026-03-10 17:55:47.391,ARDUINO_PSI,Arduino,0.000,0.000,12.941,,
787.042417,2026-03-10 17:55:47.405,WJ_VOLTAGE,WJ1,0.000,0.000,0,0,"HV=OFF, Fault=NO"
787.127448,2026-03-10 17:55:47.490,ARDUINO_PSI,Arduino,0.000,0.000,12.943,,
787.227697,2026-03-10 17:55:47.591,ARDUINO_PSI,Arduino,0.000,0.000,12.927,,
787.327488,2026-03-10 17:55:47.690,ARDUINO_PSI,Arduino,0.000,0.000,12.922,,
787.383620,2026-03-10 17:55:47.747,WJ_VOLTAGE,WJ2,0.000,0.000,0,0,"HV=OFF, Fault=NO"
787.427626,2026-03-10 17:55:47.791,ARDUINO_PSI,Arduino,0.000,0.000,12.913,,
787.527085,2026-03-10 17:55:47.890,ARDUINO_PSI,Arduino,0.000,0.000,12.913,,
787.573195,2026-03-10 17:55:47.936,WJ_VOLTAGE,WJ1,0.000,0.000,0,0,"HV=OFF, Fault=NO"
787.627609,2026-03-10 17:55:47.991,ARDUINO_PSI,Arduino,0.000,0.000,12.904,,
787.727018,2026-03-10 17:55:48.090,ARDUINO_PSI,Arduino,0.000,0.000,12.906,,
787.827517,2026-03-10 17:55:48.190,ARDUINO_PSI,Arduino,0.000,0.000,12.902,,
787.916620,2026-03-10 17:55:48.280,WJ_VOLTAGE,WJ2,0.000,0.000,0,0,"HV=OFF, Fault=NO"
787.926860,2026-03-10 17:55:48.290,ARDUINO_PSI,Arduino,0.000,0.000,12.895,,
788.027609,2026-03-10 17:55:48.391,ARDUINO_PSI,Arduino,0.000,0.000,12.909,,
788.103110,2026-03-10 17:55:48.466,WJ_VOLTAGE,WJ1,0.000,0.000,0,0,"HV=OFF, Fault=NO"
788.127584,2026-03-10 17:55:48.491,ARDUINO_PSI,Arduino,0.000,0.000,12.911,,
788.227779,2026-03-10 17:55:48.591,ARDUINO_PSI,Arduino,0.000,0.000,12.918,,
788.327247,2026-03-10 17:55:48.690,ARDUINO_PSI,Arduino,0.000,0.000,12.915,,
788.427155,2026-03-10 17:55:48.790,ARDUINO_PSI,Arduino,0.000,0.000,12.915,,
788.442873,2026-03-10 17:55:48.806,WJ_VOLTAGE,WJ2,0.000,0.000,0,0,"HV=OFF, Fault=NO"
788.527271,2026-03-10 17:55:48.890,ARDUINO_PSI,Arduino,0.000,0.000,12.909,,
788.627660,2026-03-10 17:55:48.991,ARDUINO_PSI,Arduino,0.000,0.000,12.909,,
788.633109,2026-03-10 17:55:48.996,WJ_VOLTAGE,WJ1,0.000,0.000,0,0,"HV=OFF, Fault=NO"
788.727669,2026-03-10 17:55:49.091,ARDUINO_PSI,Arduino,0.000,0.000,12.895,,
788.827351,2026-03-10 17:55:49.190,ARDUINO_PSI,Arduino,0.000,0.000,12.888,,
788.927637,2026-03-10 17:55:49.291,ARDUINO_PSI,Arduino,0.000,0.000,12.870,,
788.973877,2026-03-10 17:55:49.337,WJ_VOLTAGE,WJ2,0.000,0.000,0,0,"HV=OFF, Fault=NO"
789.027686,2026-03-10 17:55:49.391,ARDUINO_PSI,Arduino,0.000,0.000,12.877,,
789.127507,2026-03-10 17:55:49.490,ARDUINO_PSI,Arduino,0.000,0.000,12.874,,
789.161543,2026-03-10 17:55:49.524,WJ_VOLTAGE,WJ1,0.000,0.000,0,0,"HV=OFF, Fault=NO"
789.227560,2026-03-10 17:55:49.591,ARDUINO_PSI,Arduino,0.000,0.000,12.883,,
789.327617,2026-03-10 17:55:49.691,ARDUINO_PSI,Arduino,0.000,0.000,12.893,,
789.427523,2026-03-10 17:55:49.790,ARDUINO_PSI,Arduino,0.000,0.000,12.909,,
789.504204,2026-03-10 17:55:49.867,WJ_VOLTAGE,WJ2,0.000,0.000,0,0,"HV=OFF, Fault=NO"
789.526813,2026-03-10 17:55:49.890,ARDUINO_PSI,Arduino,0.000,0.000,12.913,,
789.627663,2026-03-10 17:55:49.991,ARDUINO_PSI,Arduino,0.000,0.000,12.918,,
789.691680,2026-03-10 17:55:50.055,WJ_VOLTAGE,WJ1,0.000,0.000,0,0,"HV=OFF, Fault=NO"
789.727423,2026-03-10 17:55:50.090,ARDUINO_PSI,Arduino,0.000,0.000,12.927,,
789.827676,2026-03-10 17:55:50.191,ARDUINO_PSI,Arduino,0.000,0.000,12.920,,
789.927529,2026-03-10 17:55:50.290,ARDUINO_PSI,Arduino,0.000,0.000,12.906,,
790.027368,2026-03-10 17:55:50.390,ARDUINO_PSI,Arduino,0.000,0.000,12.897,,
790.033030,2026-03-10 17:55:50.396,WJ_VOLTAGE,WJ2,0.000,0.000,0,0,"HV=OFF, Fault=NO"
790.127416,2026-03-10 17:55:50.490,ARDUINO_PSI,Arduino,0.000,0.000,12.886,,
790.216452,2026-03-10 17:55:50.579,WJ_VOLTAGE,WJ1,0.000,0.000,0,0,"HV=OFF, Fault=NO"
790.226881,2026-03-10 17:55:50.590,ARDUINO_PSI,Arduino,0.000,0.000,12.863,,
790.327612,2026-03-10 17:55:50.691,ARDUINO_PSI,Arduino,0.000,0.000,12.863,,
790.428078,2026-03-10 17:55:50.791,ARDUINO_PSI,Arduino,0.000,0.000,12.867,,
790.527479,2026-03-10 17:55:50.890,ARDUINO_PSI,Arduino,0.000,0.000,12.872,,
790.561226,2026-03-10 17:55:50.924,WJ_VOLTAGE,WJ2,0.000,0.000,0,0,"HV=OFF, Fault=NO"
790.627137,2026-03-10 17:55:50.990,ARDUINO_PSI,Arduino,0.000,0.000,12.870,,
790.727917,2026-03-10 17:55:51.091,ARDUINO_PSI,Arduino,0.000,0.000,12.879,,
790.748939,2026-03-10 17:55:51.112,WJ_VOLTAGE,WJ1,0.000,0.000,0,0,"HV=OFF, Fault=NO"
790.827294,2026-03-10 17:55:51.190,ARDUINO_PSI,Arduino,0.000,0.000,12.890,,
790.927593,2026-03-10 17:55:51.291,ARDUINO_PSI,Arduino,0.000,0.000,12.897,,
791.027908,2026-03-10 17:55:51.391,ARDUINO_PSI,Arduino,0.000,0.000,12.899,,
791.091746,2026-03-10 17:55:51.455,WJ_VOLTAGE,WJ2,0.000,0.000,0,0,"HV=OFF, Fault=NO"
791.126878,2026-03-10 17:55:51.490,ARDUINO_PSI,Arduino,0.000,0.000,12.899,,
791.227794,2026-03-10 17:55:51.591,ARDUINO_PSI,Arduino,0.000,0.000,12.890,,
791.278364,2026-03-10 17:55:51.641,WJ_VOLTAGE,WJ1,0.000,0.000,0,0,"HV=OFF, Fault=NO"
791.327016,2026-03-10 17:55:51.690,ARDUINO_PSI,Arduino,0.000,0.000,12.888,,
791.427552,2026-03-10 17:55:51.791,ARDUINO_PSI,Arduino,0.000,0.000,12.879,,
791.527602,2026-03-10 17:55:51.891,ARDUINO_PSI,Arduino,0.000,0.000,12.879,,
791.619229,2026-03-10 17:55:51.982,WJ_VOLTAGE,WJ2,0.000,0.000,0,0,"HV=OFF, Fault=NO"
791.630487,2026-03-10 17:55:51.993,ARDUINO_PSI,Arduino,0.000,0.000,12.865,,
791.728055,2026-03-10 17:55:52.091,ARDUINO_PSI,Arduino,0.000,0.000,12.861,,
791.806916,2026-03-10 17:55:52.170,WJ_VOLTAGE,WJ1,0.000,0.000,0,0,"HV=OFF, Fault=NO"
791.827334,2026-03-10 17:55:52.190,ARDUINO_PSI,Arduino,0.000,0.000,12.863,,
791.927512,2026-03-10 17:55:52.290,ARDUINO_PSI,Arduino,0.000,0.000,12.877,,
792.026895,2026-03-10 17:55:52.390,ARDUINO_PSI,Arduino,0.000,0.000,12.872,,
792.127503,2026-03-10 17:55:52.490,ARDUINO_PSI,Arduino,0.000,0.000,12.886,,
792.153725,2026-03-10 17:55:52.517,WJ_VOLTAGE,WJ2,0.000,0.000,0,0,"HV=OFF, Fault=NO"
792.228041,2026-03-10 17:55:52.591,ARDUINO_PSI,Arduino,0.000,0.000,12.897,,
792.327626,2026-03-10 17:55:52.691,ARDUINO_PSI,Arduino,0.000,0.000,12.893,,
792.332782,2026-03-10 17:55:52.696,WJ_VOLTAGE,WJ1,0.000,0.000,0,0,"HV=OFF, Fault=NO"
792.427460,2026-03-10 17:55:52.790,ARDUINO_PSI,Arduino,0.000,0.000,12.883,,
792.527761,2026-03-10 17:55:52.891,ARDUINO_PSI,Arduino,0.000,0.000,12.886,,
792.628103,2026-03-10 17:55:52.991,ARDUINO_PSI,Arduino,0.000,0.000,12.883,,
792.676784,2026-03-10 17:55:53.040,WJ_VOLTAGE,WJ2,0.000,0.000,0,0,"HV=OFF, Fault=NO"
792.726871,2026-03-10 17:55:53.090,ARDUINO_PSI,Arduino,0.000,0.000,12.872,,
792.827653,2026-03-10 17:55:53.191,ARDUINO_PSI,Arduino,0.000,0.000,12.867,,
792.863533,2026-03-10 17:55:53.226,WJ_VOLTAGE,WJ1,0.000,0.000,0,0,"HV=OFF, Fault=NO"
792.927112,2026-03-10 17:55:53.290,ARDUINO_PSI,Arduino,0.000,0.000,12.863,,
793.027559,2026-03-10 17:55:53.391,ARDUINO_PSI,Arduino,0.000,0.000,12.858,,
793.127615,2026-03-10 17:55:53.491,ARDUINO_PSI,Arduino,0.000,0.000,12.865,,
793.212552,2026-03-10 17:55:53.576,WJ_VOLTAGE,WJ2,0.000,0.000,0,0,"HV=OFF, Fault=NO"
793.227524,2026-03-10 17:55:53.590,ARDUINO_PSI,Arduino,0.000,0.000,12.867,,
793.328288,2026-03-10 17:55:53.691,ARDUINO_PSI,Arduino,0.000,0.000,12.865,,
793.396714,2026-03-10 17:55:53.760,WJ_VOLTAGE,WJ1,0.000,0.000,0,0,"HV=OFF, Fault=NO"
793.426873,2026-03-10 17:55:53.790,ARDUINO_PSI,Arduino,0.000,0.000,12.863,,
793.527176,2026-03-10 17:55:53.890,ARDUINO_PSI,Arduino,0.000,0.000,12.865,,
793.627723,2026-03-10 17:55:53.991,ARDUINO_PSI,Arduino,0.000,0.000,12.874,,
793.728130,2026-03-10 17:55:54.091,ARDUINO_PSI,Arduino,0.000,0.000,12.870,,
793.737910,2026-03-10 17:55:54.101,WJ_VOLTAGE,WJ2,0.000,0.000,0,0,"HV=OFF, Fault=NO"
793.827587,2026-03-10 17:55:54.191,ARDUINO_PSI,Arduino,0.000,0.000,12.874,,
793.928681,2026-03-10 17:55:54.292,WJ_VOLTAGE,WJ1,0.000,0.000,0,0,"HV=OFF, Fault=NO"
793.937238,2026-03-10 17:55:54.300,ARDUINO_PSI,Arduino,0.000,0.000,12.870,,
794.027231,2026-03-10 17:55:54.390,ARDUINO_PSI,Arduino,0.000,0.000,12.877,,
794.128719,2026-03-10 17:55:54.492,ARDUINO_PSI,Arduino,0.000,0.000,12.867,,
794.227471,2026-03-10 17:55:54.590,ARDUINO_PSI,Arduino,0.000,0.000,12.872,,
794.266161,2026-03-10 17:55:54.629,WJ_VOLTAGE,WJ2,0.000,0.000,0,0,"HV=OFF, Fault=NO"
794.327746,2026-03-10 17:55:54.691,ARDUINO_PSI,Arduino,0.000,0.000,12.879,,
794.427624,2026-03-10 17:55:54.791,ARDUINO_PSI,Arduino,0.000,0.000,12.881,,
794.452731,2026-03-10 17:55:54.816,WJ_VOLTAGE,WJ1,0.000,0.000,0,0,"HV=OFF, Fault=NO"
794.527536,2026-03-10 17:55:54.890,ARDUINO_PSI,Arduino,0.000,0.000,12.872,,
794.627779,2026-03-10 17:55:54.991,ARDUINO_PSI,Arduino,0.000,0.000,12.877,,
794.727836,2026-03-10 17:55:55.091,ARDUINO_PSI,Arduino,0.000,0.000,12.881,,
794.796904,2026-03-10 17:55:55.160,WJ_VOLTAGE,WJ2,0.000,0.000,0,0,"HV=OFF, Fault=NO"
794.827219,2026-03-10 17:55:55.190,ARDUINO_PSI,Arduino,0.000,0.000,12.888,,
794.927160,2026-03-10 17:55:55.290,ARDUINO_PSI,Arduino,0.000,0.000,12.893,,
794.985093,2026-03-10 17:55:55.348,WJ_VOLTAGE,WJ1,0.000,0.000,0,0,"HV=OFF, Fault=NO"
795.026843,2026-03-10 17:55:55.390,ARDUINO_PSI,Arduino,0.000,0.000,12.886,,
795.127682,2026-03-10 17:55:55.491,ARDUINO_PSI,Arduino,0.000,0.000,12.879,,
795.227539,2026-03-10 17:55:55.590,ARDUINO_PSI,Arduino,0.000,0.000,12.877,,
795.326392,2026-03-10 17:55:55.689,WJ_VOLTAGE,WJ2,0.000,0.000,0,0,"HV=OFF, Fault=NO"
795.331455,2026-03-10 17:55:55.694,ARDUINO_PSI,Arduino,0.000,0.000,12.881,,
795.427551,2026-03-10 17:55:55.791,ARDUINO_PSI,Arduino,0.000,0.000,12.883,,
795.515214,2026-03-10 17:55:55.878,WJ_VOLTAGE,WJ1,0.000,0.000,0,0,"HV=OFF, Fault=NO"
795.526767,2026-03-10 17:55:55.890,ARDUINO_PSI,Arduino,0.000,0.000,12.881,,
795.627319,2026-03-10 17:55:55.990,ARDUINO_PSI,Arduino,0.000,0.000,12.867,,
795.727885,2026-03-10 17:55:56.091,ARDUINO_PSI,Arduino,0.000,0.000,12.863,,
795.827338,2026-03-10 17:55:56.190,ARDUINO_PSI,Arduino,0.000,0.000,12.872,,
795.856465,2026-03-10 17:55:56.219,WJ_VOLTAGE,WJ2,0.000,0.000,0,0,"HV=OFF, Fault=NO"
795.927727,2026-03-10 17:55:56.291,ARDUINO_PSI,Arduino,0.000,0.000,12.879,,
796.027393,2026-03-10 17:55:56.390,ARDUINO_PSI,Arduino,0.000,0.000,12.883,,
796.046201,2026-03-10 17:55:56.409,WJ_VOLTAGE,WJ1,0.000,0.000,0,0,"HV=OFF, Fault=NO"
796.127559,2026-03-10 17:55:56.491,ARDUINO_PSI,Arduino,0.000,0.000,12.879,,
796.227570,2026-03-10 17:55:56.591,ARDUINO_PSI,Arduino,0.000,0.000,12.874,,
796.327038,2026-03-10 17:55:56.690,ARDUINO_PSI,Arduino,0.000,0.000,12.877,,
796.388592,2026-03-10 17:55:56.752,WJ_VOLTAGE,WJ2,0.000,0.000,0,0,"HV=OFF, Fault=NO"
796.427022,2026-03-10 17:55:56.790,ARDUINO_PSI,Arduino,0.000,0.000,12.879,,
796.527505,2026-03-10 17:55:56.890,ARDUINO_PSI,Arduino,0.000,0.000,12.883,,
796.576316,2026-03-10 17:55:56.939,WJ_VOLTAGE,WJ1,0.000,0.000,0,0,"HV=OFF, Fault=NO"
796.627385,2026-03-10 17:55:56.990,ARDUINO_PSI,Arduino,0.000,0.000,12.874,,
796.727429,2026-03-10 17:55:57.090,ARDUINO_PSI,Arduino,0.000,0.000,12.874,,
796.827447,2026-03-10 17:55:57.190,ARDUINO_PSI,Arduino,0.000,0.000,12.861,,
796.915906,2026-03-10 17:55:57.279,WJ_VOLTAGE,WJ2,0.000,0.000,0,0,"HV=OFF, Fault=NO"
796.929580,2026-03-10 17:55:57.293,ARDUINO_PSI,Arduino,0.000,0.000,12.863,,
797.027388,2026-03-10 17:55:57.390,ARDUINO_PSI,Arduino,0.000,0.000,12.872,,
797.102923,2026-03-10 17:55:57.466,WJ_VOLTAGE,WJ1,0.000,0.000,0,0,"HV=OFF, Fault=NO"
797.127091,2026-03-10 17:55:57.490,ARDUINO_PSI,Arduino,0.000,0.000,12.863,,
797.227656,2026-03-10 17:55:57.591,ARDUINO_PSI,Arduino,0.000,0.000,12.872,,
797.326812,2026-03-10 17:55:57.690,ARDUINO_PSI,Arduino,0.000,0.000,12.863,,
797.427887,2026-03-10 17:55:57.791,ARDUINO_PSI,Arduino,0.000,0.000,12.872,,
797.447189,2026-03-10 17:55:57.810,WJ_VOLTAGE,WJ2,0.000,0.000,0,0,"HV=OFF, Fault=NO"
797.528015,2026-03-10 17:55:57.891,ARDUINO_PSI,Arduino,0.000,0.000,12.872,,
797.627797,2026-03-10 17:55:57.991,ARDUINO_PSI,Arduino,0.000,0.000,12.881,,
797.633089,2026-03-10 17:55:57.996,WJ_VOLTAGE,WJ1,0.000,0.000,0,0,"HV=OFF, Fault=NO"
797.727427,2026-03-10 17:55:58.090,ARDUINO_PSI,Arduino,0.000,0.000,12.895,,
797.827644,2026-03-10 17:55:58.191,ARDUINO_PSI,Arduino,0.000,0.000,12.888,,
797.927509,2026-03-10 17:55:58.290,ARDUINO_PSI,Arduino,0.000,0.000,12.881,,
797.973839,2026-03-10 17:55:58.337,WJ_VOLTAGE,WJ2,0.000,0.000,0,0,"HV=OFF, Fault=NO"
798.027193,2026-03-10 17:55:58.390,ARDUINO_PSI,Arduino,0.000,0.000,12.872,,
798.127863,2026-03-10 17:55:58.491,ARDUINO_PSI,Arduino,0.000,0.000,12.883,,
798.161403,2026-03-10 17:55:58.524,WJ_VOLTAGE,WJ1,0.000,0.000,0,0,"HV=OFF, Fault=NO"
798.227515,2026-03-10 17:55:58.590,ARDUINO_PSI,Arduino,0.000,0.000,12.886,,
798.327698,2026-03-10 17:55:58.691,ARDUINO_PSI,Arduino,0.000,0.000,12.874,,
798.427585,2026-03-10 17:55:58.791,ARDUINO_PSI,Arduino,0.000,0.000,12.872,,
798.504811,2026-03-10 17:55:58.868,WJ_VOLTAGE,WJ2,0.000,0.000,0,0,"HV=OFF, Fault=NO"
798.526824,2026-03-10 17:55:58.890,ARDUINO_PSI,Arduino,0.000,0.000,12.867,,
798.629151,2026-03-10 17:55:58.992,ARDUINO_PSI,Arduino,0.000,0.000,12.874,,
798.692645,2026-03-10 17:55:59.056,WJ_VOLTAGE,WJ1,0.000,0.000,0,0,"HV=OFF, Fault=NO"
798.726990,2026-03-10 17:55:59.090,ARDUINO_PSI,Arduino,0.000,0.000,12.870,,
798.827433,2026-03-10 17:55:59.190,ARDUINO_PSI,Arduino,0.000,0.000,12.872,,
798.927369,2026-03-10 17:55:59.290,ARDUINO_PSI,Arduino,0.000,0.000,12.874,,
799.027545,2026-03-10 17:55:59.390,ARDUINO_PSI,Arduino,0.000,0.000,12.863,,
799.032323,2026-03-10 17:55:59.395,WJ_VOLTAGE,WJ2,0.000,0.000,0,0,"HV=OFF, Fault=NO"
799.127711,2026-03-10 17:55:59.491,ARDUINO_PSI,Arduino,0.000,0.000,12.870,,
799.220818,2026-03-10 17:55:59.584,WJ_VOLTAGE,WJ1,0.000,0.000,0,0,"HV=OFF, Fault=NO"
799.227433,2026-03-10 17:55:59.590,ARDUINO_PSI,Arduino,0.000,0.000,12.881,,
799.327736,2026-03-10 17:55:59.691,ARDUINO_PSI,Arduino,0.000,0.000,12.886,,
799.427447,2026-03-10 17:55:59.790,ARDUINO_PSI,Arduino,0.000,0.000,12.874,,
799.528106,2026-03-10 17:55:59.891,ARDUINO_PSI,Arduino,0.000,0.000,12.872,,
799.561976,2026-03-10 17:55:59.925,WJ_VOLTAGE,WJ2,0.000,0.000,0,0,"HV=OFF, Fault=NO"
799.627526,2026-03-10 17:55:59.990,ARDUINO_PSI,Arduino,0.000,0.000,12.863,,
799.728254,2026-03-10 17:56:00.091,ARDUINO_PSI,Arduino,0.000,0.000,12.854,,
799.749770,2026-03-10 17:56:00.113,WJ_VOLTAGE,WJ1,0.000,0.000,0,0,"HV=OFF, Fault=NO"
799.827645,2026-03-10 17:56:00.191,ARDUINO_PSI,Arduino,0.000,0.000,12.851,,
799.927582,2026-03-10 17:56:00.291,ARDUINO_PSI,Arduino,0.000,0.000,12.849,,
800.028434,2026-03-10 17:56:00.391,ARDUINO_PSI,Arduino,0.000,0.000,12.854,,
800.093027,2026-03-10 17:56:00.456,WJ_VOLTAGE,WJ2,0.000,0.000,0,0,"HV=OFF, Fault=NO"
800.126954,2026-03-10 17:56:00.490,ARDUINO_PSI,Arduino,0.000,0.000,12.856,,
800.227439,2026-03-10 17:56:00.590,ARDUINO_PSI,Arduino,0.000,0.000,12.851,,
800.281183,2026-03-10 17:56:00.644,WJ_VOLTAGE,WJ1,0.000,0.000,0,0,"HV=OFF, Fault=NO"
800.327770,2026-03-10 17:56:00.691,ARDUINO_PSI,Arduino,0.000,0.000,12.856,,
800.427700,2026-03-10 17:56:00.791,ARDUINO_PSI,Arduino,0.000,0.000,12.851,,
800.528549,2026-03-10 17:56:00.891,ARDUINO_PSI,Arduino,0.000,0.000,12.861,,
800.624147,2026-03-10 17:56:00.987,WJ_VOLTAGE,WJ2,0.000,0.000,0,0,"HV=OFF, Fault=NO"
800.634995,2026-03-10 17:56:00.998,ARDUINO_PSI,Arduino,0.000,0.000,12.863,,
800.727495,2026-03-10 17:56:01.090,ARDUINO_PSI,Arduino,0.000,0.000,12.863,,
800.810637,2026-03-10 17:56:01.174,WJ_VOLTAGE,WJ1,0.000,0.000,0,0,"HV=OFF, Fault=NO"
800.826858,2026-03-10 17:56:01.190,ARDUINO_PSI,Arduino,0.000,0.000,12.867,,
800.927613,2026-03-10 17:56:01.291,ARDUINO_PSI,Arduino,0.000,0.000,12.858,,
801.026770,2026-03-10 17:56:01.390,ARDUINO_PSI,Arduino,0.000,0.000,12.856,,
801.127443,2026-03-10 17:56:01.490,ARDUINO_PSI,Arduino,0.000,0.000,12.865,,
801.157342,2026-03-10 17:56:01.520,WJ_VOLTAGE,WJ2,0.000,0.000,0,0,"HV=OFF, Fault=NO"
801.227491,2026-03-10 17:56:01.590,ARDUINO_PSI,Arduino,0.000,0.000,12.851,,
801.327091,2026-03-10 17:56:01.690,ARDUINO_PSI,Arduino,0.000,0.000,12.858,,
801.342380,2026-03-10 17:56:01.705,WJ_VOLTAGE,WJ1,0.000,0.000,0,0,"HV=OFF, Fault=NO"
801.427538,2026-03-10 17:56:01.790,ARDUINO_PSI,Arduino,0.000,0.000,12.865,,
801.527553,2026-03-10 17:56:01.891,ARDUINO_PSI,Arduino,0.000,0.000,12.872,,
801.627438,2026-03-10 17:56:01.990,ARDUINO_PSI,Arduino,0.000,0.000,12.881,,
801.688598,2026-03-10 17:56:02.052,WJ_VOLTAGE,WJ2,0.000,0.000,0,0,"HV=OFF, Fault=NO"
801.727157,2026-03-10 17:56:02.090,ARDUINO_PSI,Arduino,0.000,0.000,12.888,,
801.827579,2026-03-10 17:56:02.191,ARDUINO_PSI,Arduino,0.000,0.000,12.893,,
801.875283,2026-03-10 17:56:02.238,WJ_VOLTAGE,WJ1,0.000,0.000,0,0,"HV=OFF, Fault=NO"
801.927512,2026-03-10 17:56:02.290,ARDUINO_PSI,Arduino,0.000,0.000,12.893,,
802.028012,2026-03-10 17:56:02.391,ARDUINO_PSI,Arduino,0.000,0.000,12.902,,
802.127372,2026-03-10 17:56:02.490,ARDUINO_PSI,Arduino,0.000,0.000,12.895,,
802.219043,2026-03-10 17:56:02.582,WJ_VOLTAGE,WJ2,0.000,0.000,0,0,"HV=OFF, Fault=NO"
802.227812,2026-03-10 17:56:02.591,ARDUINO_PSI,Arduino,0.000,0.000,12.909,,
802.327679,2026-03-10 17:56:02.691,ARDUINO_PSI,Arduino,0.000,0.000,12.920,,
802.405802,2026-03-10 17:56:02.769,WJ_VOLTAGE,WJ1,0.000,0.000,0,0,"HV=OFF, Fault=NO"
802.427055,2026-03-10 17:56:02.790,ARDUINO_PSI,Arduino,0.000,0.000,12.920,,
802.527650,2026-03-10 17:56:02.891,ARDUINO_PSI,Arduino,0.000,0.000,12.922,,
802.627599,2026-03-10 17:56:02.991,ARDUINO_PSI,Arduino,0.000,0.000,12.915,,
802.727910,2026-03-10 17:56:03.091,ARDUINO_PSI,Arduino,0.000,0.000,12.925,,
802.748957,2026-03-10 17:56:03.112,WJ_VOLTAGE,WJ2,0.000,0.000,0,0,"HV=OFF, Fault=NO"
802.827553,2026-03-10 17:56:03.191,ARDUINO_PSI,Arduino,0.000,0.000,12.936,,
802.927668,2026-03-10 17:56:03.291,ARDUINO_PSI,Arduino,0.000,0.000,12.943,,
802.935735,2026-03-10 17:56:03.299,WJ_VOLTAGE,WJ1,0.000,0.000,0,0,"HV=OFF, Fault=NO"
803.027677,2026-03-10 17:56:03.391,ARDUINO_PSI,Arduino,0.000,0.000,12.943,,
803.127717,2026-03-10 17:56:03.491,ARDUINO_PSI,Arduino,0.000,0.000,12.938,,
803.227582,2026-03-10 17:56:03.591,ARDUINO_PSI,Arduino,0.000,0.000,12.936,,
803.279162,2026-03-10 17:56:03.642,WJ_VOLTAGE,WJ2,0.000,0.000,0,0,"HV=OFF, Fault=NO"
803.327425,2026-03-10 17:56:03.690,ARDUINO_PSI,Arduino,0.000,0.000,12.925,,
803.428376,2026-03-10 17:56:03.791,ARDUINO_PSI,Arduino,0.000,0.000,12.927,,
803.464870,2026-03-10 17:56:03.828,WJ_VOLTAGE,WJ1,0.000,0.000,0,0,"HV=OFF, Fault=NO"
803.527557,2026-03-10 17:56:03.891,ARDUINO_PSI,Arduino,0.000,0.000,12.918,,
803.628192,2026-03-10 17:56:03.991,ARDUINO_PSI,Arduino,0.000,0.000,12.925,,
803.727992,2026-03-10 17:56:04.091,ARDUINO_PSI,Arduino,0.000,0.000,12.920,,
803.806845,2026-03-10 17:56:04.170,WJ_VOLTAGE,WJ2,0.000,0.000,0,0,"HV=OFF, Fault=NO"
803.827112,2026-03-10 17:56:04.190,ARDUINO_PSI,Arduino,0.000,0.000,12.922,,
803.928671,2026-03-10 17:56:04.292,ARDUINO_PSI,Arduino,0.000,0.000,12.931,,
803.994371,2026-03-10 17:56:04.357,WJ_VOLTAGE,WJ1,0.000,0.000,0,0,"HV=OFF, Fault=NO"
804.026768,2026-03-10 17:56:04.390,ARDUINO_PSI,Arduino,0.000,0.000,12.934,,
804.126870,2026-03-10 17:56:04.490,ARDUINO_PSI,Arduino,0.000,0.000,12.947,,
804.227785,2026-03-10 17:56:04.591,ARDUINO_PSI,Arduino,0.000,0.000,12.952,,
804.327516,2026-03-10 17:56:04.690,ARDUINO_PSI,Arduino,0.000,0.000,12.945,,
804.336624,2026-03-10 17:56:04.700,WJ_VOLTAGE,WJ2,0.000,0.000,0,0,"HV=OFF, Fault=NO"
804.428390,2026-03-10 17:56:04.791,ARDUINO_PSI,Arduino,0.000,0.000,12.950,,
804.527048,2026-03-10 17:56:04.890,WJ_VOLTAGE,WJ1,0.000,0.000,0,0,"HV=OFF, Fault=NO"
804.535141,2026-03-10 17:56:04.898,ARDUINO_PSI,Arduino,0.000,0.000,12.950,,
804.627634,2026-03-10 17:56:04.991,ARDUINO_PSI,Arduino,0.000,0.000,12.943,,
804.727982,2026-03-10 17:56:05.091,ARDUINO_PSI,Arduino,0.000,0.000,12.931,,
804.827538,2026-03-10 17:56:05.190,ARDUINO_PSI,Arduino,0.000,0.000,12.925,,
804.869046,2026-03-10 17:56:05.232,WJ_VOLTAGE,WJ2,0.000,0.000,0,0,"HV=OFF, Fault=NO"
804.927551,2026-03-10 17:56:05.291,ARDUINO_PSI,Arduino,0.000,0.000,12.929,,
805.028196,2026-03-10 17:56:05.391,ARDUINO_PSI,Arduino,0.000,0.000,12.931,,
805.053132,2026-03-10 17:56:05.416,WJ_VOLTAGE,WJ1,0.000,0.000,0,0,"HV=OFF, Fault=NO"
805.127368,2026-03-10 17:56:05.490,ARDUINO_PSI,Arduino,0.000,0.000,12.931,,
805.227546,2026-03-10 17:56:05.590,ARDUINO_PSI,Arduino,0.000,0.000,12.934,,
805.327965,2026-03-10 17:56:05.691,ARDUINO_PSI,Arduino,0.000,0.000,12.929,,
805.396108,2026-03-10 17:56:05.759,WJ_VOLTAGE,WJ2,0.000,0.000,0,0,"HV=OFF, Fault=NO"
805.426855,2026-03-10 17:56:05.790,ARDUINO_PSI,Arduino,0.000,0.000,12.922,,
805.527798,2026-03-10 17:56:05.891,ARDUINO_PSI,Arduino,0.000,0.000,12.929,,
805.579986,2026-03-10 17:56:05.943,WJ_VOLTAGE,WJ1,0.000,0.000,0,0,"HV=OFF, Fault=NO"
805.626891,2026-03-10 17:56:05.990,ARDUINO_PSI,Arduino,0.000,0.000,12.927,,
805.727712,2026-03-10 17:56:06.091,ARDUINO_PSI,Arduino,0.000,0.000,12.925,,
805.827196,2026-03-10 17:56:06.190,ARDUINO_PSI,Arduino,0.000,0.000,12.927,,
805.926462,2026-03-10 17:56:06.289,WJ_VOLTAGE,WJ2,0.000,0.000,0,0,"HV=OFF, Fault=NO"
805.937691,2026-03-10 17:56:06.301,ARDUINO_PSI,Arduino,0.000,0.000,12.931,,
806.029642,2026-03-10 17:56:06.393,ARDUINO_PSI,Arduino,0.000,0.000,12.915,,
806.097544,2026-03-10 17:56:06.460,WJ_VOLTAGE,WJ1,0.000,0.000,0,0,"HV=OFF, Fault=NO"
806.127491,2026-03-10 17:56:06.490,ARDUINO_PSI,Arduino,0.000,0.000,12.909,,
806.227662,2026-03-10 17:56:06.591,ARDUINO_PSI,Arduino,0.000,0.000,12.895,,
806.327697,2026-03-10 17:56:06.691,ARDUINO_PSI,Arduino,0.000,0.000,12.895,,
806.427554,2026-03-10 17:56:06.791,ARDUINO_PSI,Arduino,0.000,0.000,12.904,,
806.455371,2026-03-10 17:56:06.818,WJ_VOLTAGE,WJ2,0.000,0.000,0,0,"HV=OFF, Fault=NO"
806.527448,2026-03-10 17:56:06.890,ARDUINO_PSI,Arduino,0.000,0.000,12.893,,
806.624849,2026-03-10 17:56:06.988,WJ_VOLTAGE,WJ1,0.000,0.000,0,0,"HV=OFF, Fault=NO"
806.638382,2026-03-10 17:56:07.001,ARDUINO_PSI,Arduino,0.000,0.000,12.911,,
806.727675,2026-03-10 17:56:07.091,ARDUINO_PSI,Arduino,0.000,0.000,12.911,,
806.827799,2026-03-10 17:56:07.191,ARDUINO_PSI,Arduino,0.000,0.000,12.913,,
806.927571,2026-03-10 17:56:07.291,ARDUINO_PSI,Arduino,0.000,0.000,12.904,,
806.986034,2026-03-10 17:56:07.349,WJ_VOLTAGE,WJ2,0.000,0.000,0,0,"HV=OFF, Fault=NO"
807.027082,2026-03-10 17:56:07.390,ARDUINO_PSI,Arduino,0.000,0.000,12.911,,
807.127920,2026-03-10 17:56:07.491,ARDUINO_PSI,Arduino,0.000,0.000,12.913,,
807.146253,2026-03-10 17:56:07.509,WJ_VOLTAGE,WJ1,0.000,0.000,0,0,"HV=OFF, Fault=NO"
807.227379,2026-03-10 17:56:07.590,ARDUINO_PSI,Arduino,0.000,0.000,12.915,,
807.327862,2026-03-10 17:56:07.691,ARDUINO_PSI,Arduino,0.000,0.000,12.920,,
807.427286,2026-03-10 17:56:07.790,ARDUINO_PSI,Arduino,0.000,0.000,12.918,,
807.516651,2026-03-10 17:56:07.880,WJ_VOLTAGE,WJ2,0.000,0.000,0,0,"HV=OFF, Fault=NO"
807.528046,2026-03-10 17:56:07.891,ARDUINO_PSI,Arduino,0.000,0.000,12.913,,
807.627434,2026-03-10 17:56:07.990,ARDUINO_PSI,Arduino,0.000,0.000,12.904,,
807.674592,2026-03-10 17:56:08.038,WJ_VOLTAGE,WJ1,0.000,0.000,0,0,"HV=OFF, Fault=NO"
807.727368,2026-03-10 17:56:08.090,ARDUINO_PSI,Arduino,0.000,0.000,12.899,,
807.827736,2026-03-10 17:56:08.191,ARDUINO_PSI,Arduino,0.000,0.000,12.888,,
807.927510,2026-03-10 17:56:08.290,ARDUINO_PSI,Arduino,0.000,0.000,12.874,,
808.029578,2026-03-10 17:56:08.393,ARDUINO_PSI,Arduino,0.000,0.000,12.870,,
808.048302,2026-03-10 17:56:08.411,WJ_VOLTAGE,WJ2,0.000,0.000,0,0,"HV=OFF, Fault=NO"
808.128044,2026-03-10 17:56:08.491,ARDUINO_PSI,Arduino,0.000,0.000,12.863,,
808.204674,2026-03-10 17:56:08.568,WJ_VOLTAGE,WJ1,0.000,0.000,0,0,"HV=OFF, Fault=NO"
808.226960,2026-03-10 17:56:08.590,ARDUINO_PSI,Arduino,0.000,0.000,12.863,,
808.327798,2026-03-10 17:56:08.691,ARDUINO_PSI,Arduino,0.000,0.000,12.858,,
808.427427,2026-03-10 17:56:08.790,ARDUINO_PSI,Arduino,0.000,0.000,12.849,,
808.528557,2026-03-10 17:56:08.892,ARDUINO_PSI,Arduino,0.000,0.000,12.847,,
808.574488,2026-03-10 17:56:08.937,WJ_VOLTAGE,WJ2,0.000,0.000,0,0,"HV=OFF, Fault=NO"
808.627436,2026-03-10 17:56:08.990,ARDUINO_PSI,Arduino,0.000,0.000,12.849,,
808.727593,2026-03-10 17:56:09.091,ARDUINO_PSI,Arduino,0.000,0.000,12.856,,
808.734934,2026-03-10 17:56:09.098,WJ_VOLTAGE,WJ1,0.000,0.000,0,0,"HV=OFF, Fault=NO"
808.826838,2026-03-10 17:56:09.190,ARDUINO_PSI,Arduino,0.000,0.000,12.849,,
808.927625,2026-03-10 17:56:09.291,ARDUINO_PSI,Arduino,0.000,0.000,12.854,,
809.027532,2026-03-10 17:56:09.390,ARDUINO_PSI,Arduino,0.000,0.000,12.847,,
809.105680,2026-03-10 17:56:09.469,WJ_VOLTAGE,WJ2,0.000,0.000,0,0,"HV=OFF, Fault=NO"
809.128110,2026-03-10 17:56:09.491,ARDUINO_PSI,Arduino,0.000,0.000,12.847,,
809.227608,2026-03-10 17:56:09.591,ARDUINO_PSI,Arduino,0.000,0.000,12.847,,
809.262387,2026-03-10 17:56:09.625,WJ_VOLTAGE,WJ1,0.000,0.000,0,0,"HV=OFF, Fault=NO"
809.326966,2026-03-10 17:56:09.690,ARDUINO_PSI,Arduino,0.000,0.000,12.847,,
809.427532,2026-03-10 17:56:09.790,ARDUINO_PSI,Arduino,0.000,0.000,12.849,,
809.528050,2026-03-10 17:56:09.891,ARDUINO_PSI,Arduino,0.000,0.000,12.851,,
809.627432,2026-03-10 17:56:09.990,ARDUINO_PSI,Arduino,0.000,0.000,12.856,,
809.633426,2026-03-10 17:56:09.996,WJ_VOLTAGE,WJ2,0.000,0.000,0,0,"HV=OFF, Fault=NO"
809.727787,2026-03-10 17:56:10.091,ARDUINO_PSI,Arduino,0.000,0.000,12.858,,
809.790166,2026-03-10 17:56:10.153,WJ_VOLTAGE,WJ1,0.000,0.000,0,0,"HV=OFF, Fault=NO"
809.827135,2026-03-10 17:56:10.190,ARDUINO_PSI,Arduino,0.000,0.000,12.867,,
809.927580,2026-03-10 17:56:10.291,ARDUINO_PSI,Arduino,0.000,0.000,12.865,,
810.027477,2026-03-10 17:56:10.390,ARDUINO_PSI,Arduino,0.000,0.000,12.877,,
810.128143,2026-03-10 17:56:10.491,ARDUINO_PSI,Arduino,0.000,0.000,12.872,,
810.163242,2026-03-10 17:56:10.526,WJ_VOLTAGE,WJ2,0.000,0.000,0,0,"HV=OFF, Fault=NO"
810.227686,2026-03-10 17:56:10.591,ARDUINO_PSI,Arduino,0.000,0.000,12.870,,
810.317256,2026-03-10 17:56:10.680,WJ_VOLTAGE,WJ1,0.000,0.000,0,0,"HV=OFF, Fault=NO"
810.328452,2026-03-10 17:56:10.691,ARDUINO_PSI,Arduino,0.000,0.000,12.867,,
810.427897,2026-03-10 17:56:10.791,ARDUINO_PSI,Arduino,0.000,0.000,12.861,,
810.529715,2026-03-10 17:56:10.893,ARDUINO_PSI,Arduino,0.000,0.000,12.877,,
810.627519,2026-03-10 17:56:10.990,ARDUINO_PSI,Arduino,0.000,0.000,12.863,,
810.693730,2026-03-10 17:56:11.057,WJ_VOLTAGE,WJ2,0.000,0.000,0,0,"HV=OFF, Fault=NO"
810.726881,2026-03-10 17:56:11.090,ARDUINO_PSI,Arduino,0.000,0.000,12.856,,
810.827350,2026-03-10 17:56:11.190,ARDUINO_PSI,Arduino,0.000,0.000,12.858,,
810.847461,2026-03-10 17:56:11.210,WJ_VOLTAGE,WJ1,0.000,0.000,0,0,"HV=OFF, Fault=NO"
810.926786,2026-03-10 17:56:11.290,ARDUINO_PSI,Arduino,0.000,0.000,12.847,,
811.027852,2026-03-10 17:56:11.391,ARDUINO_PSI,Arduino,0.000,0.000,12.856,,
811.127894,2026-03-10 17:56:11.491,ARDUINO_PSI,Arduino,0.000,0.000,12.858,,
811.222960,2026-03-10 17:56:11.586,WJ_VOLTAGE,WJ2,0.000,0.000,0,0,"HV=OFF, Fault=NO"
811.231964,2026-03-10 17:56:11.595,ARDUINO_PSI,Arduino,0.000,0.000,12.865,,
811.327561,2026-03-10 17:56:11.691,ARDUINO_PSI,Arduino,0.000,0.000,12.870,,
811.378480,2026-03-10 17:56:11.741,WJ_VOLTAGE,WJ1,0.000,0.000,0,0,"HV=OFF, Fault=NO"
811.427544,2026-03-10 17:56:11.790,ARDUINO_PSI,Arduino,0.000,0.000,12.874,,
811.527656,2026-03-10 17:56:11.891,ARDUINO_PSI,Arduino,0.000,0.000,12.877,,
811.627421,2026-03-10 17:56:11.990,ARDUINO_PSI,Arduino,0.000,0.000,12.881,,
811.726845,2026-03-10 17:56:12.090,ARDUINO_PSI,Arduino,0.000,0.000,12.872,,
811.746040,2026-03-10 17:56:12.109,WJ_VOLTAGE,WJ2,0.000,0.000,0,0,"HV=OFF, Fault=NO"
811.827584,2026-03-10 17:56:12.191,ARDUINO_PSI,Arduino,0.000,0.000,12.867,,
811.902740,2026-03-10 17:56:12.266,WJ_VOLTAGE,WJ1,0.000,0.000,0,0,"HV=OFF, Fault=NO"
811.927042,2026-03-10 17:56:12.290,ARDUINO_PSI,Arduino,0.000,0.000,12.861,,
812.027640,2026-03-10 17:56:12.391,ARDUINO_PSI,Arduino,0.000,0.000,12.856,,
812.127632,2026-03-10 17:56:12.491,ARDUINO_PSI,Arduino,0.000,0.000,12.865,,
812.228582,2026-03-10 17:56:12.592,ARDUINO_PSI,Arduino,0.000,0.000,12.872,,
812.275814,2026-03-10 17:56:12.639,WJ_VOLTAGE,WJ2,0.000,0.000,0,0,"HV=OFF, Fault=NO"
812.327342,2026-03-10 17:56:12.690,ARDUINO_PSI,Arduino,0.000,0.000,12.879,,
812.427599,2026-03-10 17:56:12.791,ARDUINO_PSI,Arduino,0.000,0.000,12.893,,
812.433746,2026-03-10 17:56:12.797,WJ_VOLTAGE,WJ1,0.000,0.000,0,0,"HV=OFF, Fault=NO"
812.527577,2026-03-10 17:56:12.891,ARDUINO_PSI,Arduino,0.000,0.000,12.886,,
812.627382,2026-03-10 17:56:12.990,ARDUINO_PSI,Arduino,0.000,0.000,12.893,,
812.727440,2026-03-10 17:56:13.090,ARDUINO_PSI,Arduino,0.000,0.000,12.897,,
812.807008,2026-03-10 17:56:13.170,WJ_VOLTAGE,WJ2,0.000,0.000,0,0,"HV=OFF, Fault=NO"
812.827086,2026-03-10 17:56:13.190,ARDUINO_PSI,Arduino,0.000,0.000,12.895,,
812.927475,2026-03-10 17:56:13.290,ARDUINO_PSI,Arduino,0.000,0.000,12.906,,
812.962846,2026-03-10 17:56:13.326,WJ_VOLTAGE,WJ1,0.000,0.000,0,0,"HV=OFF, Fault=NO"
813.027437,2026-03-10 17:56:13.390,ARDUINO_PSI,Arduino,0.000,0.000,12.906,,
813.127842,2026-03-10 17:56:13.491,ARDUINO_PSI,Arduino,0.000,0.000,12.909,,
813.227820,2026-03-10 17:56:13.591,ARDUINO_PSI,Arduino,0.000,0.000,12.893,,
813.327724,2026-03-10 17:56:13.691,ARDUINO_PSI,Arduino,0.000,0.000,12.886,,
813.335274,2026-03-10 17:56:13.698,WJ_VOLTAGE,WJ2,0.000,0.000,0,0,"HV=OFF, Fault=NO"
813.427756,2026-03-10 17:56:13.791,ARDUINO_PSI,Arduino,0.000,0.000,12.881,,
813.490650,2026-03-10 17:56:13.854,WJ_VOLTAGE,WJ1,0.000,0.000,0,0,"HV=OFF, Fault=NO"
813.527006,2026-03-10 17:56:13.890,ARDUINO_PSI,Arduino,0.000,0.000,12.886,,
813.627504,2026-03-10 17:56:13.990,ARDUINO_PSI,Arduino,0.000,0.000,12.895,,
813.727440,2026-03-10 17:56:14.090,ARDUINO_PSI,Arduino,0.000,0.000,12.904,,
813.827625,2026-03-10 17:56:14.191,ARDUINO_PSI,Arduino,0.000,0.000,12.904,,
813.864440,2026-03-10 17:56:14.227,WJ_VOLTAGE,WJ2,0.000,0.000,0,0,"HV=OFF, Fault=NO"
813.927454,2026-03-10 17:56:14.290,ARDUINO_PSI,Arduino,0.000,0.000,12.920,,
814.019633,2026-03-10 17:56:14.383,WJ_VOLTAGE,WJ1,0.000,0.000,0,0,"HV=OFF, Fault=NO"
814.031405,2026-03-10 17:56:14.394,ARDUINO_PSI,Arduino,0.000,0.000,12.931,,
814.127807,2026-03-10 17:56:14.491,ARDUINO_PSI,Arduino,0.000,0.000,12.922,,
814.228203,2026-03-10 17:56:14.591,ARDUINO_PSI,Arduino,0.000,0.000,12.920,,
814.327969,2026-03-10 17:56:14.691,ARDUINO_PSI,Arduino,0.000,0.000,12.909,,
814.395283,2026-03-10 17:56:14.758,WJ_VOLTAGE,WJ2,0.000,0.000,0,0,"HV=OFF, Fault=NO"
814.427428,2026-03-10 17:56:14.790,ARDUINO_PSI,Arduino,0.000,0.000,12.899,,
814.526906,2026-03-10 17:56:14.890,ARDUINO_PSI,Arduino,0.000,0.000,12.895,,
814.537212,2026-03-10 17:56:14.900,WJ_VOLTAGE,WJ1,0.000,0.000,0,0,"HV=OFF, Fault=NO"
814.627660,2026-03-10 17:56:14.991,ARDUINO_PSI,Arduino,0.000,0.000,12.888,,
814.727614,2026-03-10 17:56:15.091,ARDUINO_PSI,Arduino,0.000,0.000,12.886,,
814.827272,2026-03-10 17:56:15.190,ARDUINO_PSI,Arduino,0.000,0.000,12.888,,
814.926371,2026-03-10 17:56:15.289,WJ_VOLTAGE,WJ2,0.000,0.000,0,0,"HV=OFF, Fault=NO"
814.941395,2026-03-10 17:56:15.304,ARDUINO_PSI,Arduino,0.000,0.000,12.886,,
815.027530,2026-03-10 17:56:15.390,ARDUINO_PSI,Arduino,0.000,0.000,12.879,,
815.065462,2026-03-10 17:56:15.428,WJ_VOLTAGE,WJ1,0.000,0.000,0,0,"HV=OFF, Fault=NO"
815.128006,2026-03-10 17:56:15.491,ARDUINO_PSI,Arduino,0.000,0.000,12.872,,
815.226784,2026-03-10 17:56:15.590,ARDUINO_PSI,Arduino,0.000,0.000,12.879,,
815.327263,2026-03-10 17:56:15.690,ARDUINO_PSI,Arduino,0.000,0.000,12.883,,
815.427716,2026-03-10 17:56:15.791,ARDUINO_PSI,Arduino,0.000,0.000,12.879,,
815.456948,2026-03-10 17:56:15.820,WJ_VOLTAGE,WJ2,0.000,0.000,0,0,"HV=OFF, Fault=NO"
815.527709,2026-03-10 17:56:15.891,ARDUINO_PSI,Arduino,0.000,0.000,12.870,,
815.597328,2026-03-10 17:56:15.960,WJ_VOLTAGE,WJ1,0.000,0.000,0,0,"HV=OFF, Fault=NO"
815.627088,2026-03-10 17:56:15.990,ARDUINO_PSI,Arduino,0.000,0.000,12.861,,
815.727638,2026-03-10 17:56:16.091,ARDUINO_PSI,Arduino,0.000,0.000,12.863,,
815.827639,2026-03-10 17:56:16.191,ARDUINO_PSI,Arduino,0.000,0.000,12.865,,
815.927286,2026-03-10 17:56:16.290,ARDUINO_PSI,Arduino,0.000,0.000,12.851,,
815.985648,2026-03-10 17:56:16.349,WJ_VOLTAGE,WJ2,0.000,0.000,0,0,"HV=OFF, Fault=NO"
816.027501,2026-03-10 17:56:16.390,ARDUINO_PSI,Arduino,0.000,0.000,12.842,,
816.128888,2026-03-10 17:56:16.492,WJ_VOLTAGE,WJ1,0.000,0.000,0,0,"HV=OFF, Fault=NO"
816.132296,2026-03-10 17:56:16.495,ARDUINO_PSI,Arduino,0.000,0.000,12.854,,
816.228756,2026-03-10 17:56:16.592,ARDUINO_PSI,Arduino,0.000,0.000,12.851,,
816.326949,2026-03-10 17:56:16.690,ARDUINO_PSI,Arduino,0.000,0.000,12.872,,
816.427442,2026-03-10 17:56:16.790,ARDUINO_PSI,Arduino,0.000,0.000,12.886,,
816.513859,2026-03-10 17:56:16.877,WJ_VOLTAGE,WJ2,0.000,0.000,0,0,"HV=OFF, Fault=NO"
816.528262,2026-03-10 17:56:16.891,ARDUINO_PSI,Arduino,0.000,0.000,12.886,,
816.627603,2026-03-10 17:56:16.991,ARDUINO_PSI,Arduino,0.000,0.000,12.899,,
816.653687,2026-03-10 17:56:17.017,WJ_VOLTAGE,WJ1,0.000,0.000,0,0,"HV=OFF, Fault=NO"
816.727705,2026-03-10 17:56:17.091,ARDUINO_PSI,Arduino,0.000,0.000,12.899,,
816.827559,2026-03-10 17:56:17.191,ARDUINO_PSI,Arduino,0.000,0.000,12.906,,
816.927546,2026-03-10 17:56:17.290,ARDUINO_PSI,Arduino,0.000,0.000,12.899,,
817.027677,2026-03-10 17:56:17.391,ARDUINO_PSI,Arduino,0.000,0.000,12.902,,
817.039898,2026-03-10 17:56:17.403,WJ_VOLTAGE,WJ2,0.000,0.000,0,0,"HV=OFF, Fault=NO"
817.128448,2026-03-10 17:56:17.491,ARDUINO_PSI,Arduino,0.000,0.000,12.909,,
817.182658,2026-03-10 17:56:17.546,WJ_VOLTAGE,WJ1,0.000,0.000,0,0,"HV=OFF, Fault=NO"
817.228167,2026-03-10 17:56:17.591,ARDUINO_PSI,Arduino,0.000,0.000,12.925,,
817.326940,2026-03-10 17:56:17.690,ARDUINO_PSI,Arduino,0.000,0.000,12.918,,
817.427649,2026-03-10 17:56:17.791,ARDUINO_PSI,Arduino,0.000,0.000,12.927,,
817.527624,2026-03-10 17:56:17.891,ARDUINO_PSI,Arduino,0.000,0.000,12.934,,
817.573713,2026-03-10 17:56:17.937,WJ_VOLTAGE,WJ2,0.000,0.000,0,0,"HV=OFF, Fault=NO"
817.627631,2026-03-10 17:56:17.991,ARDUINO_PSI,Arduino,0.000,0.000,12.943,,
817.713525,2026-03-10 17:56:18.076,WJ_VOLTAGE,WJ1,0.000,0.000,0,0,"HV=OFF, Fault=NO"
817.726758,2026-03-10 17:56:18.090,ARDUINO_PSI,Arduino,0.000,0.000,12.947,,
817.827280,2026-03-10 17:56:18.190,ARDUINO_PSI,Arduino,0.000,0.000,12.943,,
817.927674,2026-03-10 17:56:18.291,ARDUINO_PSI,Arduino,0.000,0.000,12.954,,
818.027890,2026-03-10 17:56:18.391,ARDUINO_PSI,Arduino,0.000,0.000,12.945,,
818.101919,2026-03-10 17:56:18.465,WJ_VOLTAGE,WJ2,0.000,0.000,0,0,"HV=OFF, Fault=NO"
818.127225,2026-03-10 17:56:18.490,ARDUINO_PSI,Arduino,0.000,0.000,12.952,,
818.229124,2026-03-10 17:56:18.592,ARDUINO_PSI,Arduino,0.000,0.000,12.959,,
818.243722,2026-03-10 17:56:18.607,WJ_VOLTAGE,WJ1,0.000,0.000,0,0,"HV=OFF, Fault=NO"
818.327593,2026-03-10 17:56:18.691,ARDUINO_PSI,Arduino,0.000,0.000,12.945,,
818.427509,2026-03-10 17:56:18.790,ARDUINO_PSI,Arduino,0.000,0.000,12.931,,
818.528311,2026-03-10 17:56:18.891,ARDUINO_PSI,Arduino,0.000,0.000,12.931,,
818.627500,2026-03-10 17:56:18.990,ARDUINO_PSI,Arduino,0.000,0.000,12.920,,
818.632385,2026-03-10 17:56:18.995,WJ_VOLTAGE,WJ2,0.000,0.000,0,0,"HV=OFF, Fault=NO"
818.727719,2026-03-10 17:56:19.091,ARDUINO_PSI,Arduino,0.000,0.000,12.918,,
818.772529,2026-03-10 17:56:19.135,WJ_VOLTAGE,WJ1,0.000,0.000,0,0,"HV=OFF, Fault=NO"
818.826879,2026-03-10 17:56:19.190,ARDUINO_PSI,Arduino,0.000,0.000,12.913,,
818.927645,2026-03-10 17:56:19.291,ARDUINO_PSI,Arduino,0.000,0.000,12.915,,
819.027558,2026-03-10 17:56:19.391,ARDUINO_PSI,Arduino,0.000,0.000,12.922,,
819.126785,2026-03-10 17:56:19.490,ARDUINO_PSI,Arduino,0.000,0.000,12.915,,
819.155909,2026-03-10 17:56:19.519,WJ_VOLTAGE,WJ2,0.000,0.000,0,0,"HV=OFF, Fault=NO"
819.228111,2026-03-10 17:56:19.591,ARDUINO_PSI,Arduino,0.000,0.000,12.902,,
819.295646,2026-03-10 17:56:19.659,WJ_VOLTAGE,WJ1,0.000,0.000,0,0,"HV=OFF, Fault=NO"
819.326927,2026-03-10 17:56:19.690,ARDUINO_PSI,Arduino,0.000,0.000,12.902,,
819.428661,2026-03-10 17:56:19.792,ARDUINO_PSI,Arduino,0.000,0.000,12.909,,
819.527672,2026-03-10 17:56:19.891,ARDUINO_PSI,Arduino,0.000,0.000,12.906,,
819.627720,2026-03-10 17:56:19.991,ARDUINO_PSI,Arduino,0.000,0.000,12.897,,
819.686200,2026-03-10 17:56:20.049,WJ_VOLTAGE,WJ2,0.000,0.000,0,0,"HV=OFF, Fault=NO"
819.728014,2026-03-10 17:56:20.091,ARDUINO_PSI,Arduino,0.000,0.000,12.893,,
819.825499,2026-03-10 17:56:20.188,WJ_VOLTAGE,WJ1,0.000,0.000,0,0,"HV=OFF, Fault=NO"
819.837059,2026-03-10 17:56:20.200,ARDUINO_PSI,Arduino,0.000,0.000,12.897,,
819.927460,2026-03-10 17:56:20.290,ARDUINO_PSI,Arduino,0.000,0.000,12.895,,
820.028838,2026-03-10 17:56:20.392,ARDUINO_PSI,Arduino,0.000,0.000,12.902,,
820.127366,2026-03-10 17:56:20.490,ARDUINO_PSI,Arduino,0.000,0.000,12.897,,
820.215908,2026-03-10 17:56:20.579,WJ_VOLTAGE,WJ2,0.000,0.000,0,0,"HV=OFF, Fault=NO"
820.227130,2026-03-10 17:56:20.590,ARDUINO_PSI,Arduino,0.000,0.000,12.888,,
820.327435,2026-03-10 17:56:20.690,ARDUINO_PSI,Arduino,0.000,0.000,12.893,,
820.356812,2026-03-10 17:56:20.720,WJ_VOLTAGE,WJ1,0.000,0.000,0,0,"HV=OFF, Fault=NO"
820.427530,2026-03-10 17:56:20.790,ARDUINO_PSI,Arduino,0.000,0.000,12.886,,
820.527565,2026-03-10 17:56:20.891,ARDUINO_PSI,Arduino,0.000,0.000,12.895,,
820.627838,2026-03-10 17:56:20.991,ARDUINO_PSI,Arduino,0.000,0.000,12.897,,
820.728636,2026-03-10 17:56:21.092,ARDUINO_PSI,Arduino,0.000,0.000,12.906,,
820.744994,2026-03-10 17:56:21.108,WJ_VOLTAGE,WJ2,0.000,0.000,0,0,"HV=OFF, Fault=NO"
820.827932,2026-03-10 17:56:21.191,ARDUINO_PSI,Arduino,0.000,0.000,12.911,,
820.883165,2026-03-10 17:56:21.246,WJ_VOLTAGE,WJ1,0.000,0.000,0,0,"HV=OFF, Fault=NO"
820.927406,2026-03-10 17:56:21.290,ARDUINO_PSI,Arduino,0.000,0.000,12.902,,
821.029066,2026-03-10 17:56:21.392,ARDUINO_PSI,Arduino,0.000,0.000,12.895,,
821.128156,2026-03-10 17:56:21.491,ARDUINO_PSI,Arduino,0.000,0.000,12.890,,
821.227694,2026-03-10 17:56:21.591,ARDUINO_PSI,Arduino,0.000,0.000,12.895,,
821.270691,2026-03-10 17:56:21.634,WJ_VOLTAGE,WJ2,0.000,0.000,0,0,"HV=OFF, Fault=NO"
821.328024,2026-03-10 17:56:21.691,ARDUINO_PSI,Arduino,0.000,0.000,12.895,,
821.411350,2026-03-10 17:56:21.774,WJ_VOLTAGE,WJ1,0.000,0.000,0,0,"HV=OFF, Fault=NO"
821.427394,2026-03-10 17:56:21.790,ARDUINO_PSI,Arduino,0.000,0.000,12.883,,
821.528947,2026-03-10 17:56:21.892,ARDUINO_PSI,Arduino,0.000,0.000,12.872,,
821.627872,2026-03-10 17:56:21.991,ARDUINO_PSI,Arduino,0.000,0.000,12.872,,
821.728742,2026-03-10 17:56:22.092,ARDUINO_PSI,Arduino,0.000,0.000,12.874,,
821.797210,2026-03-10 17:56:22.160,WJ_VOLTAGE,WJ2,0.000,0.000,0,0,"HV=OFF, Fault=NO"
821.827487,2026-03-10 17:56:22.190,ARDUINO_PSI,Arduino,0.000,0.000,12.874,,
821.928074,2026-03-10 17:56:22.291,ARDUINO_PSI,Arduino,0.000,0.000,12.877,,
821.936804,2026-03-10 17:56:22.300,WJ_VOLTAGE,WJ1,0.000,0.000,0,0,"HV=OFF, Fault=NO"
822.028877,2026-03-10 17:56:22.392,ARDUINO_PSI,Arduino,0.000,0.000,12.881,,
822.127843,2026-03-10 17:56:22.491,ARDUINO_PSI,Arduino,0.000,0.000,12.874,,
822.227564,2026-03-10 17:56:22.591,ARDUINO_PSI,Arduino,0.000,0.000,12.874,,
822.324041,2026-03-10 17:56:22.687,WJ_VOLTAGE,WJ2,0.000,0.000,0,0,"HV=OFF, Fault=NO"
822.329603,2026-03-10 17:56:22.693,ARDUINO_PSI,Arduino,0.000,0.000,12.877,,
822.428255,2026-03-10 17:56:22.791,ARDUINO_PSI,Arduino,0.000,0.000,12.883,,
822.465755,2026-03-10 17:56:22.829,WJ_VOLTAGE,WJ1,0.000,0.000,0,0,"HV=OFF, Fault=NO"
822.528870,2026-03-10 17:56:22.892,ARDUINO_PSI,Arduino,0.000,0.000,12.872,,
822.627303,2026-03-10 17:56:22.990,ARDUINO_PSI,Arduino,0.000,0.000,12.870,,
822.728728,2026-03-10 17:56:23.092,ARDUINO_PSI,Arduino,0.000,0.000,12.867,,
822.826878,2026-03-10 17:56:23.190,ARDUINO_PSI,Arduino,0.000,0.000,12.861,,
822.852785,2026-03-10 17:56:23.216,WJ_VOLTAGE,WJ2,0.000,0.000,0,0,"HV=OFF, Fault=NO"
822.927550,2026-03-10 17:56:23.291,ARDUINO_PSI,Arduino,0.000,0.000,12.877,,
822.996779,2026-03-10 17:56:23.360,WJ_VOLTAGE,WJ1,0.000,0.000,0,0,"HV=OFF, Fault=NO"
823.027274,2026-03-10 17:56:23.390,ARDUINO_PSI,Arduino,0.000,0.000,12.874,,
823.127539,2026-03-10 17:56:23.490,ARDUINO_PSI,Arduino,0.000,0.000,12.879,,
823.228559,2026-03-10 17:56:23.592,ARDUINO_PSI,Arduino,0.000,0.000,12.888,,
823.328248,2026-03-10 17:56:23.691,ARDUINO_PSI,Arduino,0.000,0.000,12.888,,
823.383748,2026-03-10 17:56:23.747,WJ_VOLTAGE,WJ2,0.000,0.000,0,0,"HV=OFF, Fault=NO"
823.427995,2026-03-10 17:56:23.791,ARDUINO_PSI,Arduino,0.000,0.000,12.888,,
823.527035,2026-03-10 17:56:23.890,WJ_VOLTAGE,WJ1,0.000,0.000,0,0,"HV=OFF, Fault=NO"
823.536971,2026-03-10 17:56:23.900,ARDUINO_PSI,Arduino,0.000,0.000,12.899,,
823.628371,2026-03-10 17:56:23.991,ARDUINO_PSI,Arduino,0.000,0.000,12.895,,
823.727032,2026-03-10 17:56:24.090,ARDUINO_PSI,Arduino,0.000,0.000,12.890,,
823.828550,2026-03-10 17:56:24.192,ARDUINO_PSI,Arduino,0.000,0.000,12.899,,
823.912861,2026-03-10 17:56:24.276,WJ_VOLTAGE,WJ2,0.000,0.000,0,0,"HV=OFF, Fault=NO"
823.927277,2026-03-10 17:56:24.290,ARDUINO_PSI,Arduino,0.000,0.000,12.883,,
824.027705,2026-03-10 17:56:24.391,ARDUINO_PSI,Arduino,0.000,0.000,12.883,,
824.050894,2026-03-10 17:56:24.414,WJ_VOLTAGE,WJ1,0.000,0.000,0,0,"HV=OFF, Fault=NO"
824.128160,2026-03-10 17:56:24.491,ARDUINO_PSI,Arduino,0.000,0.000,12.888,,
824.227534,2026-03-10 17:56:24.590,ARDUINO_PSI,Arduino,0.000,0.000,12.893,,
824.327366,2026-03-10 17:56:24.690,ARDUINO_PSI,Arduino,0.000,0.000,12.890,,
824.428621,2026-03-10 17:56:24.792,ARDUINO_PSI,Arduino,0.000,0.000,12.888,,
824.442921,2026-03-10 17:56:24.806,WJ_VOLTAGE,WJ2,0.000,0.000,0,0,"HV=OFF, Fault=NO"
824.527478,2026-03-10 17:56:24.890,ARDUINO_PSI,Arduino,0.000,0.000,12.888,,
824.580861,2026-03-10 17:56:24.944,WJ_VOLTAGE,WJ1,0.000,0.000,0,0,"HV=OFF, Fault=NO"
824.628306,2026-03-10 17:56:24.991,ARDUINO_PSI,Arduino,0.000,0.000,12.888,,
824.728087,2026-03-10 17:56:25.091,ARDUINO_PSI,Arduino,0.000,0.000,12.883,,
824.827503,2026-03-10 17:56:25.190,ARDUINO_PSI,Arduino,0.000,0.000,12.886,,
824.928367,2026-03-10 17:56:25.291,ARDUINO_PSI,Arduino,0.000,0.000,12.886,,
824.959543,2026-03-10 17:56:25.322,WJ_VOLTAGE,WJ2,0.000,0.000,0,0,"HV=OFF, Fault=NO"
825.028473,2026-03-10 17:56:25.391,ARDUINO_PSI,Arduino,0.000,0.000,12.890,,
825.116624,2026-03-10 17:56:25.480,WJ_VOLTAGE,WJ1,0.000,0.000,0,0,"HV=OFF, Fault=NO"
825.126767,2026-03-10 17:56:25.490,ARDUINO_PSI,Arduino,0.000,0.000,12.897,,
825.227317,2026-03-10 17:56:25.590,ARDUINO_PSI,Arduino,0.000,0.000,12.877,,
825.328369,2026-03-10 17:56:25.691,ARDUINO_PSI,Arduino,0.000,0.000,12.877,,
825.428268,2026-03-10 17:56:25.791,ARDUINO_PSI,Arduino,0.000,0.000,12.877,,
825.491789,2026-03-10 17:56:25.855,WJ_VOLTAGE,WJ2,0.000,0.000,0,0,"HV=OFF, Fault=NO"
825.527107,2026-03-10 17:56:25.890,ARDUINO_PSI,Arduino,0.000,0.000,12.870,,
825.627848,2026-03-10 17:56:25.991,ARDUINO_PSI,Arduino,0.000,0.000,12.881,,
825.646653,2026-03-10 17:56:26.010,WJ_VOLTAGE,WJ1,0.000,0.000,0,0,"HV=OFF, Fault=NO"
825.727650,2026-03-10 17:56:26.091,ARDUINO_PSI,Arduino,0.000,0.000,12.888,,
825.828057,2026-03-10 17:56:26.191,ARDUINO_PSI,Arduino,0.000,0.000,12.879,,
825.928042,2026-03-10 17:56:26.291,ARDUINO_PSI,Arduino,0.000,0.000,12.888,,
826.019157,2026-03-10 17:56:26.382,WJ_VOLTAGE,WJ2,0.000,0.000,0,0,"HV=OFF, Fault=NO"
826.034025,2026-03-10 17:56:26.397,ARDUINO_PSI,Arduino,0.000,0.000,12.883,,
826.127878,2026-03-10 17:56:26.491,ARDUINO_PSI,Arduino,0.000,0.000,12.872,,
826.177562,2026-03-10 17:56:26.541,WJ_VOLTAGE,WJ1,0.000,0.000,0,0,"HV=OFF, Fault=NO"
826.227696,2026-03-10 17:56:26.591,ARDUINO_PSI,Arduino,0.000,0.000,12.877,,
826.327964,2026-03-10 17:56:26.691,ARDUINO_PSI,Arduino,0.000,0.000,12.886,,
826.428151,2026-03-10 17:56:26.791,ARDUINO_PSI,Arduino,0.000,0.000,12.895,,
826.527692,2026-03-10 17:56:26.891,ARDUINO_PSI,Arduino,0.000,0.000,12.890,,
826.548452,2026-03-10 17:56:26.911,WJ_VOLTAGE,WJ2,0.000,0.000,0,0,"HV=OFF, Fault=NO"
826.628430,2026-03-10 17:56:26.991,ARDUINO_PSI,Arduino,0.000,0.000,12.895,,
826.703801,2026-03-10 17:56:27.067,WJ_VOLTAGE,WJ1,0.000,0.000,0,0,"HV=OFF, Fault=NO"
826.727122,2026-03-10 17:56:27.090,ARDUINO_PSI,Arduino,0.000,0.000,12.902,,
826.828043,2026-03-10 17:56:27.191,ARDUINO_PSI,Arduino,0.000,0.000,12.899,,
826.928435,2026-03-10 17:56:27.291,ARDUINO_PSI,Arduino,0.000,0.000,12.890,,
827.028450,2026-03-10 17:56:27.391,ARDUINO_PSI,Arduino,0.000,0.000,12.888,,
827.079569,2026-03-10 17:56:27.443,WJ_VOLTAGE,WJ2,0.000,0.000,0,0,"HV=OFF, Fault=NO"
827.128248,2026-03-10 17:56:27.491,ARDUINO_PSI,Arduino,0.000,0.000,12.895,,
827.227807,2026-03-10 17:56:27.591,ARDUINO_PSI,Arduino,0.000,0.000,12.899,,
827.232482,2026-03-10 17:56:27.595,WJ_VOLTAGE,WJ1,0.000,0.000,0,0,"HV=OFF, Fault=NO"
827.327019,2026-03-10 17:56:27.690,ARDUINO_PSI,Arduino,0.000,0.000,12.904,,
827.427672,2026-03-10 17:56:27.791,ARDUINO_PSI,Arduino,0.000,0.000,12.899,,
827.528423,2026-03-10 17:56:27.891,ARDUINO_PSI,Arduino,0.000,0.000,12.906,,
827.607974,2026-03-10 17:56:27.971,WJ_VOLTAGE,WJ2,0.000,0.000,0,0,"HV=OFF, Fault=NO"
827.627502,2026-03-10 17:56:27.990,ARDUINO_PSI,Arduino,0.000,0.000,12.895,,
827.727576,2026-03-10 17:56:28.091,ARDUINO_PSI,Arduino,0.000,0.000,12.895,,
827.762406,2026-03-10 17:56:28.125,WJ_VOLTAGE,WJ1,0.000,0.000,0,0,"HV=OFF, Fault=NO"
827.827740,2026-03-10 17:56:28.191,ARDUINO_PSI,Arduino,0.000,0.000,12.888,,
827.928830,2026-03-10 17:56:28.292,ARDUINO_PSI,Arduino,0.000,0.000,12.881,,
828.027212,2026-03-10 17:56:28.390,ARDUINO_PSI,Arduino,0.000,0.000,12.883,,
828.128192,2026-03-10 17:56:28.491,ARDUINO_PSI,Arduino,0.000,0.000,12.893,,
828.136689,2026-03-10 17:56:28.500,WJ_VOLTAGE,WJ2,0.000,0.000,0,0,"HV=OFF, Fault=NO"
828.227819,2026-03-10 17:56:28.591,ARDUINO_PSI,Arduino,0.000,0.000,12.888,,
828.290922,2026-03-10 17:56:28.654,WJ_VOLTAGE,WJ1,0.000,0.000,0,0,"HV=OFF, Fault=NO"
828.327482,2026-03-10 17:56:28.690,ARDUINO_PSI,Arduino,0.000,0.000,12.881,,
828.427717,2026-03-10 17:56:28.791,ARDUINO_PSI,Arduino,0.000,0.000,12.867,,
828.528108,2026-03-10 17:56:28.891,ARDUINO_PSI,Arduino,0.000,0.000,12.881,,
828.628347,2026-03-10 17:56:28.991,ARDUINO_PSI,Arduino,0.000,0.000,12.874,,
828.661951,2026-03-10 17:56:29.025,WJ_VOLTAGE,WJ2,0.000,0.000,0,0,"HV=OFF, Fault=NO"
828.728544,2026-03-10 17:56:29.091,ARDUINO_PSI,Arduino,0.000,0.000,12.879,,
828.817588,2026-03-10 17:56:29.181,WJ_VOLTAGE,WJ1,0.000,0.000,0,0,"HV=OFF, Fault=NO"
828.830192,2026-03-10 17:56:29.193,ARDUINO_PSI,Arduino,0.000,0.000,12.867,,
828.927501,2026-03-10 17:56:29.290,ARDUINO_PSI,Arduino,0.000,0.000,12.874,,
829.027691,2026-03-10 17:56:29.391,ARDUINO_PSI,Arduino,0.000,0.000,12.867,,
829.128343,2026-03-10 17:56:29.491,ARDUINO_PSI,Arduino,0.000,0.000,12.858,,
829.191186,2026-03-10 17:56:29.554,WJ_VOLTAGE,WJ2,0.000,0.000,0,0,"HV=OFF, Fault=NO"
829.227912,2026-03-10 17:56:29.591,ARDUINO_PSI,Arduino,0.000,0.000,12.865,,
829.328579,2026-03-10 17:56:29.692,ARDUINO_PSI,Arduino,0.000,0.000,12.867,,
829.347020,2026-03-10 17:56:29.710,WJ_VOLTAGE,WJ1,0.000,0.000,0,0,"HV=OFF, Fault=NO"
829.427751,2026-03-10 17:56:29.791,ARDUINO_PSI,Arduino,0.000,0.000,12.879,,
829.527625,2026-03-10 17:56:29.891,ARDUINO_PSI,Arduino,0.000,0.000,12.877,,
829.627840,2026-03-10 17:56:29.991,ARDUINO_PSI,Arduino,0.000,0.000,12.886,,
829.723190,2026-03-10 17:56:30.086,WJ_VOLTAGE,WJ2,0.000,0.000,0,0,"HV=OFF, Fault=NO"
829.737872,2026-03-10 17:56:30.101,ARDUINO_PSI,Arduino,0.000,0.000,12.877,,
829.829212,2026-03-10 17:56:30.192,ARDUINO_PSI,Arduino,0.000,0.000,12.888,,
829.879787,2026-03-10 17:56:30.243,WJ_VOLTAGE,WJ1,0.000,0.000,0,0,"HV=OFF, Fault=NO"
829.928059,2026-03-10 17:56:30.291,ARDUINO_PSI,Arduino,0.000,0.000,12.899,,
830.028799,2026-03-10 17:56:30.392,ARDUINO_PSI,Arduino,0.000,0.000,12.888,,
830.128136,2026-03-10 17:56:30.491,ARDUINO_PSI,Arduino,0.000,0.000,12.886,,
830.227680,2026-03-10 17:56:30.591,ARDUINO_PSI,Arduino,0.000,0.000,12.881,,
830.251877,2026-03-10 17:56:30.615,WJ_VOLTAGE,WJ2,0.000,0.000,0,0,"HV=OFF, Fault=NO"
830.328309,2026-03-10 17:56:30.691,ARDUINO_PSI,Arduino,0.000,0.000,12.883,,
830.408950,2026-03-10 17:56:30.772,WJ_VOLTAGE,WJ1,0.000,0.000,0,0,"HV=OFF, Fault=NO"
830.426887,2026-03-10 17:56:30.790,ARDUINO_PSI,Arduino,0.000,0.000,12.886,,
830.528531,2026-03-10 17:56:30.891,ARDUINO_PSI,Arduino,0.000,0.000,12.883,,
830.628171,2026-03-10 17:56:30.991,ARDUINO_PSI,Arduino,0.000,0.000,12.879,,
830.728241,2026-03-10 17:56:31.091,ARDUINO_PSI,Arduino,0.000,0.000,12.863,,
830.779524,2026-03-10 17:56:31.142,WJ_VOLTAGE,WJ2,0.000,0.000,0,0,"HV=OFF, Fault=NO"
830.827258,2026-03-10 17:56:31.190,ARDUINO_PSI,Arduino,0.000,0.000,12.872,,
830.928505,2026-03-10 17:56:31.291,ARDUINO_PSI,Arduino,0.000,0.000,12.870,,
830.934315,2026-03-10 17:56:31.297,WJ_VOLTAGE,WJ1,0.000,0.000,0,0,"HV=OFF, Fault=NO"
831.028302,2026-03-10 17:56:31.391,ARDUINO_PSI,Arduino,0.000,0.000,12.872,,
831.128364,2026-03-10 17:56:31.491,ARDUINO_PSI,Arduino,0.000,0.000,12.867,,
831.228636,2026-03-10 17:56:31.592,ARDUINO_PSI,Arduino,0.000,0.000,12.870,,
831.308107,2026-03-10 17:56:31.671,WJ_VOLTAGE,WJ2,0.000,0.000,0,0,"HV=OFF, Fault=NO"
831.326970,2026-03-10 17:56:31.690,ARDUINO_PSI,Arduino,0.000,0.000,12.865,,
831.427609,2026-03-10 17:56:31.791,ARDUINO_PSI,Arduino,0.000,0.000,12.851,,
831.463563,2026-03-10 17:56:31.827,WJ_VOLTAGE,WJ1,0.000,0.000,0,0,"HV=OFF, Fault=NO"
831.528054,2026-03-10 17:56:31.891,ARDUINO_PSI,Arduino,0.000,0.000,12.842,,
831.627577,2026-03-10 17:56:31.991,ARDUINO_PSI,Arduino,0.000,0.000,12.842,,
831.727149,2026-03-10 17:56:32.090,ARDUINO_PSI,Arduino,0.000,0.000,12.851,,
831.828139,2026-03-10 17:56:32.191,ARDUINO_PSI,Arduino,0.000,0.000,12.845,,
831.840143,2026-03-10 17:56:32.203,WJ_VOLTAGE,WJ2,0.000,0.000,0,0,"HV=OFF, Fault=NO"
831.928444,2026-03-10 17:56:32.291,ARDUINO_PSI,Arduino,0.000,0.000,12.851,,
831.995914,2026-03-10 17:56:32.359,WJ_VOLTAGE,WJ1,0.000,0.000,0,0,"HV=OFF, Fault=NO"
832.027001,2026-03-10 17:56:32.390,ARDUINO_PSI,Arduino,0.000,0.000,12.863,,
832.127588,2026-03-10 17:56:32.491,ARDUINO_PSI,Arduino,0.000,0.000,12.863,,
832.228537,2026-03-10 17:56:32.591,ARDUINO_PSI,Arduino,0.000,0.000,12.870,,
832.327232,2026-03-10 17:56:32.690,ARDUINO_PSI,Arduino,0.000,0.000,12.863,,
832.367348,2026-03-10 17:56:32.730,WJ_VOLTAGE,WJ2,0.000,0.000,0,0,"HV=OFF, Fault=NO"
832.428897,2026-03-10 17:56:32.792,ARDUINO_PSI,Arduino,0.000,0.000,12.872,,
832.522819,2026-03-10 17:56:32.886,WJ_VOLTAGE,WJ1,0.000,0.000,0,0,"HV=OFF, Fault=NO"
832.534417,2026-03-10 17:56:32.897,ARDUINO_PSI,Arduino,0.000,0.000,12.872,,
832.628989,2026-03-10 17:56:32.992,ARDUINO_PSI,Arduino,0.000,0.000,12.881,,
832.727642,2026-03-10 17:56:33.091,ARDUINO_PSI,Arduino,0.000,0.000,12.888,,
832.827507,2026-03-10 17:56:33.190,ARDUINO_PSI,Arduino,0.000,0.000,12.893,,
832.896322,2026-03-10 17:56:33.259,WJ_VOLTAGE,WJ2,0.000,0.000,0,0,"HV=OFF, Fault=NO"
832.928436,2026-03-10 17:56:33.291,ARDUINO_PSI,Arduino,0.000,0.000,12.890,,
833.028150,2026-03-10 17:56:33.391,ARDUINO_PSI,Arduino,0.000,0.000,12.899,,
833.051792,2026-03-10 17:56:33.415,WJ_VOLTAGE,WJ1,0.000,0.000,0,0,"HV=OFF, Fault=NO"
833.126994,2026-03-10 17:56:33.490,ARDUINO_PSI,Arduino,0.000,0.000,12.904,,
833.227731,2026-03-10 17:56:33.591,ARDUINO_PSI,Arduino,0.000,0.000,12.902,,
833.327217,2026-03-10 17:56:33.690,ARDUINO_PSI,Arduino,0.000,0.000,12.899,,
833.424843,2026-03-10 17:56:33.788,WJ_VOLTAGE,WJ2,0.000,0.000,0,0,"HV=OFF, Fault=NO"
833.434596,2026-03-10 17:56:33.798,ARDUINO_PSI,Arduino,0.000,0.000,12.899,,
833.527555,2026-03-10 17:56:33.891,ARDUINO_PSI,Arduino,0.000,0.000,12.906,,
833.580927,2026-03-10 17:56:33.944,WJ_VOLTAGE,WJ1,0.000,0.000,0,0,"HV=OFF, Fault=NO"
833.627989,2026-03-10 17:56:33.991,ARDUINO_PSI,Arduino,0.000,0.000,12.911,,
833.728407,2026-03-10 17:56:34.091,ARDUINO_PSI,Arduino,0.000,0.000,12.899,,
833.828072,2026-03-10 17:56:34.191,ARDUINO_PSI,Arduino,0.000,0.000,12.904,,
833.928011,2026-03-10 17:56:34.291,ARDUINO_PSI,Arduino,0.000,0.000,12.897,,
833.952551,2026-03-10 17:56:34.315,WJ_VOLTAGE,WJ2,0.000,0.000,0,0,"HV=OFF, Fault=NO"
834.027563,2026-03-10 17:56:34.391,ARDUINO_PSI,Arduino,0.000,0.000,12.881,,
834.111943,2026-03-10 17:56:34.475,WJ_VOLTAGE,WJ1,0.000,0.000,0,0,"HV=OFF, Fault=NO"
834.127079,2026-03-10 17:56:34.490,ARDUINO_PSI,Arduino,0.000,0.000,12.886,,
834.227761,2026-03-10 17:56:34.591,ARDUINO_PSI,Arduino,0.000,0.000,12.879,,
834.327080,2026-03-10 17:56:34.690,ARDUINO_PSI,Arduino,0.000,0.000,12.886,,
834.426952,2026-03-10 17:56:34.790,ARDUINO_PSI,Arduino,0.000,0.000,12.877,,
834.482788,2026-03-10 17:56:34.846,WJ_VOLTAGE,WJ2,0.000,0.000,0,0,"HV=OFF, Fault=NO"
834.528373,2026-03-10 17:56:34.891,ARDUINO_PSI,Arduino,0.000,0.000,12.870,,
834.627408,2026-03-10 17:56:34.990,ARDUINO_PSI,Arduino,0.000,0.000,12.867,,
834.640232,2026-03-10 17:56:35.003,WJ_VOLTAGE,WJ1,0.000,0.000,0,0,"HV=OFF, Fault=NO"
834.727653,2026-03-10 17:56:35.091,ARDUINO_PSI,Arduino,0.000,0.000,12.865,,
834.827874,2026-03-10 17:56:35.191,ARDUINO_PSI,Arduino,0.000,0.000,12.863,,
834.927892,2026-03-10 17:56:35.291,ARDUINO_PSI,Arduino,0.000,0.000,12.858,,
835.013968,2026-03-10 17:56:35.377,WJ_VOLTAGE,WJ2,0.000,0.000,0,0,"HV=OFF, Fault=NO"
835.027121,2026-03-10 17:56:35.390,ARDUINO_PSI,Arduino,0.000,0.000,12.851,,
835.127392,2026-03-10 17:56:35.490,ARDUINO_PSI,Arduino,0.000,0.000,12.851,,
835.167955,2026-03-10 17:56:35.531,WJ_VOLTAGE,WJ1,0.000,0.000,0,0,"HV=OFF, Fault=NO"
835.227075,2026-03-10 17:56:35.590,ARDUINO_PSI,Arduino,0.000,0.000,12.842,,
835.327236,2026-03-10 17:56:35.690,ARDUINO_PSI,Arduino,0.000,0.000,12.840,,
835.427822,2026-03-10 17:56:35.791,ARDUINO_PSI,Arduino,0.000,0.000,12.842,,
835.527563,2026-03-10 17:56:35.891,ARDUINO_PSI,Arduino,0.000,0.000,12.835,,
835.543514,2026-03-10 17:56:35.906,WJ_VOLTAGE,WJ2,0.000,0.000,0,0,"HV=OFF, Fault=NO"
835.626902,2026-03-10 17:56:35.990,ARDUINO_PSI,Arduino,0.000,0.000,12.835,,
835.686178,2026-03-10 17:56:36.049,WJ_VOLTAGE,WJ1,0.000,0.000,0,0,"HV=OFF, Fault=NO"
835.727420,2026-03-10 17:56:36.090,ARDUINO_PSI,Arduino,0.000,0.000,12.833,,
835.826855,2026-03-10 17:56:36.190,ARDUINO_PSI,Arduino,0.000,0.000,12.833,,
835.927414,2026-03-10 17:56:36.290,ARDUINO_PSI,Arduino,0.000,0.000,12.835,,
836.027578,2026-03-10 17:56:36.391,ARDUINO_PSI,Arduino,0.000,0.000,12.851,,
836.075269,2026-03-10 17:56:36.438,WJ_VOLTAGE,WJ2,0.000,0.000,0,0,"HV=OFF, Fault=NO"
836.127486,2026-03-10 17:56:36.490,ARDUINO_PSI,Arduino,0.000,0.000,12.845,,
836.215306,2026-03-10 17:56:36.578,WJ_VOLTAGE,WJ1,0.000,0.000,0,0,"HV=OFF, Fault=NO"
836.226879,2026-03-10 17:56:36.590,ARDUINO_PSI,Arduino,0.000,0.000,12.842,,
836.327357,2026-03-10 17:56:36.690,ARDUINO_PSI,Arduino,0.000,0.000,12.838,,
836.428192,2026-03-10 17:56:36.791,ARDUINO_PSI,Arduino,0.000,0.000,12.849,,
836.527538,2026-03-10 17:56:36.890,ARDUINO_PSI,Arduino,0.000,0.000,12.842,,
836.604565,2026-03-10 17:56:36.968,WJ_VOLTAGE,WJ2,0.000,0.000,0,0,"HV=OFF, Fault=NO"
836.627256,2026-03-10 17:56:36.990,ARDUINO_PSI,Arduino,0.000,0.000,12.842,,
836.727002,2026-03-10 17:56:37.090,ARDUINO_PSI,Arduino,0.000,0.000,12.840,,
836.746045,2026-03-10 17:56:37.109,WJ_VOLTAGE,WJ1,0.000,0.000,0,0,"HV=OFF, Fault=NO"
836.827528,2026-03-10 17:56:37.190,ARDUINO_PSI,Arduino,0.000,0.000,12.851,,
836.927972,2026-03-10 17:56:37.291,ARDUINO_PSI,Arduino,0.000,0.000,12.863,,
837.027512,2026-03-10 17:56:37.390,ARDUINO_PSI,Arduino,0.000,0.000,12.861,,
837.128243,2026-03-10 17:56:37.491,ARDUINO_PSI,Arduino,0.000,0.000,12.861,,
837.134072,2026-03-10 17:56:37.497,WJ_VOLTAGE,WJ2,0.000,0.000,0,0,"HV=OFF, Fault=NO"
837.228304,2026-03-10 17:56:37.591,ARDUINO_PSI,Arduino,0.000,0.000,12.863,,
837.272836,2026-03-10 17:56:37.636,WJ_VOLTAGE,WJ1,0.000,0.000,0,0,"HV=OFF, Fault=NO"
837.327336,2026-03-10 17:56:37.690,ARDUINO_PSI,Arduino,0.000,0.000,12.858,,
837.427666,2026-03-10 17:56:37.791,ARDUINO_PSI,Arduino,0.000,0.000,12.872,,
837.527588,2026-03-10 17:56:37.891,ARDUINO_PSI,Arduino,0.000,0.000,12.877,,
837.628024,2026-03-10 17:56:37.991,ARDUINO_PSI,Arduino,0.000,0.000,12.874,,
837.661317,2026-03-10 17:56:38.024,WJ_VOLTAGE,WJ2,0.000,0.000,0,0,"HV=OFF, Fault=NO"
837.728512,2026-03-10 17:56:38.091,ARDUINO_PSI,Arduino,0.000,0.000,12.874,,
837.801854,2026-03-10 17:56:38.165,WJ_VOLTAGE,WJ1,0.000,0.000,0,0,"HV=OFF, Fault=NO"
837.827473,2026-03-10 17:56:38.190,ARDUINO_PSI,Arduino,0.000,0.000,12.865,,
837.927596,2026-03-10 17:56:38.291,ARDUINO_PSI,Arduino,0.000,0.000,12.851,,
838.027696,2026-03-10 17:56:38.391,ARDUINO_PSI,Arduino,0.000,0.000,12.842,,
838.127472,2026-03-10 17:56:38.490,ARDUINO_PSI,Arduino,0.000,0.000,12.849,,
838.191071,2026-03-10 17:56:38.554,WJ_VOLTAGE,WJ2,0.000,0.000,0,0,"HV=OFF, Fault=NO"
838.228487,2026-03-10 17:56:38.591,ARDUINO_PSI,Arduino,0.000,0.000,12.851,,
838.328414,2026-03-10 17:56:38.691,ARDUINO_PSI,Arduino,0.000,0.000,12.854,,
838.330453,2026-03-10 17:56:38.693,WJ_VOLTAGE,WJ1,0.000,0.000,0,0,"HV=OFF, Fault=NO"
838.428297,2026-03-10 17:56:38.791,ARDUINO_PSI,Arduino,0.000,0.000,12.851,,
838.528853,2026-03-10 17:56:38.892,ARDUINO_PSI,Arduino,0.000,0.000,12.867,,
838.627738,2026-03-10 17:56:38.991,ARDUINO_PSI,Arduino,0.000,0.000,12.863,,
838.718647,2026-03-10 17:56:39.082,WJ_VOLTAGE,WJ2,0.000,0.000,0,0,"HV=OFF, Fault=NO"
838.727221,2026-03-10 17:56:39.090,ARDUINO_PSI,Arduino,0.000,0.000,12.863,,
838.827734,2026-03-10 17:56:39.191,ARDUINO_PSI,Arduino,0.000,0.000,12.849,,
838.860282,2026-03-10 17:56:39.223,WJ_VOLTAGE,WJ1,0.000,0.000,0,0,"HV=OFF, Fault=NO"
838.927801,2026-03-10 17:56:39.291,ARDUINO_PSI,Arduino,0.000,0.000,12.838,,
839.027871,2026-03-10 17:56:39.391,ARDUINO_PSI,Arduino,0.000,0.000,12.840,,
839.127469,2026-03-10 17:56:39.490,ARDUINO_PSI,Arduino,0.000,0.000,12.842,,
839.227483,2026-03-10 17:56:39.590,ARDUINO_PSI,Arduino,0.000,0.000,12.845,,
839.249197,2026-03-10 17:56:39.612,WJ_VOLTAGE,WJ2,0.000,0.000,0,0,"HV=OFF, Fault=NO"
839.327129,2026-03-10 17:56:39.690,ARDUINO_PSI,Arduino,0.000,0.000,12.854,,
839.386590,2026-03-10 17:56:39.750,WJ_VOLTAGE,WJ1,0.000,0.000,0,0,"HV=OFF, Fault=NO"
839.428114,2026-03-10 17:56:39.791,ARDUINO_PSI,Arduino,0.000,0.000,12.838,,
839.527853,2026-03-10 17:56:39.891,ARDUINO_PSI,Arduino,0.000,0.000,12.845,,
839.627467,2026-03-10 17:56:39.990,ARDUINO_PSI,Arduino,0.000,0.000,12.845,,
839.729632,2026-03-10 17:56:40.093,ARDUINO_PSI,Arduino,0.000,0.000,12.847,,
839.773614,2026-03-10 17:56:40.137,WJ_VOLTAGE,WJ2,0.000,0.000,0,0,"HV=OFF, Fault=NO"
839.827530,2026-03-10 17:56:40.190,ARDUINO_PSI,Arduino,0.000,0.000,12.851,,
839.914293,2026-03-10 17:56:40.277,WJ_VOLTAGE,WJ1,0.000,0.000,0,0,"HV=OFF, Fault=NO"
839.928854,2026-03-10 17:56:40.292,ARDUINO_PSI,Arduino,0.000,0.000,12.858,,
840.027556,2026-03-10 17:56:40.391,ARDUINO_PSI,Arduino,0.000,0.000,12.867,,
840.127594,2026-03-10 17:56:40.491,ARDUINO_PSI,Arduino,0.000,0.000,12.870,,
840.228358,2026-03-10 17:56:40.591,ARDUINO_PSI,Arduino,0.000,0.000,12.872,,
840.301388,2026-03-10 17:56:40.664,WJ_VOLTAGE,WJ2,0.000,0.000,0,0,"HV=OFF, Fault=NO"
840.327350,2026-03-10 17:56:40.690,ARDUINO_PSI,Arduino,0.000,0.000,12.867,,
840.428490,2026-03-10 17:56:40.791,ARDUINO_PSI,Arduino,0.000,0.000,12.865,,
840.441601,2026-03-10 17:56:40.805,WJ_VOLTAGE,WJ1,0.000,0.000,0,0,"HV=OFF, Fault=NO"
840.527859,2026-03-10 17:56:40.891,ARDUINO_PSI,Arduino,0.000,0.000,12.856,,
840.628248,2026-03-10 17:56:40.991,ARDUINO_PSI,Arduino,0.000,0.000,12.867,,
840.727638,2026-03-10 17:56:41.091,ARDUINO_PSI,Arduino,0.000,0.000,12.863,,
840.828070,2026-03-10 17:56:41.191,ARDUINO_PSI,Arduino,0.000,0.000,12.867,,
840.833157,2026-03-10 17:56:41.196,WJ_VOLTAGE,WJ2,0.000,0.000,0,0,"HV=OFF, Fault=NO"
840.927559,2026-03-10 17:56:41.291,ARDUINO_PSI,Arduino,0.000,0.000,12.877,,
840.972656,2026-03-10 17:56:41.336,WJ_VOLTAGE,WJ1,0.000,0.000,0,0,"HV=OFF, Fault=NO"
841.027443,2026-03-10 17:56:41.390,ARDUINO_PSI,Arduino,0.000,0.000,12.865,,
841.127891,2026-03-10 17:56:41.491,ARDUINO_PSI,Arduino,0.000,0.000,12.861,,
841.227347,2026-03-10 17:56:41.590,ARDUINO_PSI,Arduino,0.000,0.000,12.856,,
841.327474,2026-03-10 17:56:41.690,ARDUINO_PSI,Arduino,0.000,0.000,12.861,,
841.362165,2026-03-10 17:56:41.725,WJ_VOLTAGE,WJ2,0.000,0.000,0,0,"HV=OFF, Fault=NO"
841.428761,2026-03-10 17:56:41.792,ARDUINO_PSI,Arduino,0.000,0.000,12.861,,
841.503510,2026-03-10 17:56:41.866,WJ_VOLTAGE,WJ1,0.000,0.000,0,0,"HV=OFF, Fault=NO"
841.527428,2026-03-10 17:56:41.890,ARDUINO_PSI,Arduino,0.000,0.000,12.849,,
841.628115,2026-03-10 17:56:41.991,ARDUINO_PSI,Arduino,0.000,0.000,12.847,,
841.727934,2026-03-10 17:56:42.091,ARDUINO_PSI,Arduino,0.000,0.000,12.856,,
841.827699,2026-03-10 17:56:42.191,ARDUINO_PSI,Arduino,0.000,0.000,12.858,,
841.890710,2026-03-10 17:56:42.254,WJ_VOLTAGE,WJ2,0.000,0.000,0,0,"HV=OFF, Fault=NO"
841.926834,2026-03-10 17:56:42.290,ARDUINO_PSI,Arduino,0.000,0.000,12.858,,
842.027627,2026-03-10 17:56:42.391,ARDUINO_PSI,Arduino,0.000,0.000,12.854,,
842.033319,2026-03-10 17:56:42.396,WJ_VOLTAGE,WJ1,0.000,0.000,0,0,"HV=OFF, Fault=NO"
842.127577,2026-03-10 17:56:42.491,ARDUINO_PSI,Arduino,0.000,0.000,12.849,,
842.227481,2026-03-10 17:56:42.590,ARDUINO_PSI,Arduino,0.000,0.000,12.854,,
842.328675,2026-03-10 17:56:42.692,ARDUINO_PSI,Arduino,0.000,0.000,12.858,,
842.423674,2026-03-10 17:56:42.787,WJ_VOLTAGE,WJ2,0.000,0.000,0,0,"HV=OFF, Fault=NO"
842.438110,2026-03-10 17:56:42.801,ARDUINO_PSI,Arduino,0.000,0.000,12.863,,
842.528701,2026-03-10 17:56:42.892,ARDUINO_PSI,Arduino,0.000,0.000,12.863,,
842.563950,2026-03-10 17:56:42.927,WJ_VOLTAGE,WJ1,0.000,0.000,0,0,"HV=OFF, Fault=NO"
842.627673,2026-03-10 17:56:42.991,ARDUINO_PSI,Arduino,0.000,0.000,12.847,,
842.727493,2026-03-10 17:56:43.090,ARDUINO_PSI,Arduino,0.000,0.000,12.856,,
842.827779,2026-03-10 17:56:43.191,ARDUINO_PSI,Arduino,0.000,0.000,12.854,,
842.927608,2026-03-10 17:56:43.291,ARDUINO_PSI,Arduino,0.000,0.000,12.849,,
842.953140,2026-03-10 17:56:43.316,WJ_VOLTAGE,WJ2,0.000,0.000,0,0,"HV=OFF, Fault=NO"
843.026812,2026-03-10 17:56:43.390,ARDUINO_PSI,Arduino,0.000,0.000,12.861,,
843.094897,2026-03-10 17:56:43.458,WJ_VOLTAGE,WJ1,0.000,0.000,0,0,"HV=OFF, Fault=NO"
843.127970,2026-03-10 17:56:43.491,ARDUINO_PSI,Arduino,0.000,0.000,12.867,,
843.227924,2026-03-10 17:56:43.591,ARDUINO_PSI,Arduino,0.000,0.000,12.874,,
843.327602,2026-03-10 17:56:43.691,ARDUINO_PSI,Arduino,0.000,0.000,12.865,,
843.427570,2026-03-10 17:56:43.791,ARDUINO_PSI,Arduino,0.000,0.000,12.883,,
843.486025,2026-03-10 17:56:43.849,WJ_VOLTAGE,WJ2,0.000,0.000,0,0,"HV=OFF, Fault=NO"
843.526883,2026-03-10 17:56:43.890,ARDUINO_PSI,Arduino,0.000,0.000,12.893,,
843.625633,2026-03-10 17:56:43.989,WJ_VOLTAGE,WJ1,0.000,0.000,0,0,"HV=OFF, Fault=NO"
843.638689,2026-03-10 17:56:44.002,ARDUINO_PSI,Arduino,0.000,0.000,12.893,,
843.727740,2026-03-10 17:56:44.091,ARDUINO_PSI,Arduino,0.000,0.000,12.899,,
843.827142,2026-03-10 17:56:44.190,ARDUINO_PSI,Arduino,0.000,0.000,12.895,,
843.927802,2026-03-10 17:56:44.291,ARDUINO_PSI,Arduino,0.000,0.000,12.902,,
844.013637,2026-03-10 17:56:44.377,WJ_VOLTAGE,WJ2,0.000,0.000,0,0,"HV=OFF, Fault=NO"
844.027597,2026-03-10 17:56:44.391,ARDUINO_PSI,Arduino,0.000,0.000,12.897,,
844.127402,2026-03-10 17:56:44.490,ARDUINO_PSI,Arduino,0.000,0.000,12.906,,
844.153815,2026-03-10 17:56:44.517,WJ_VOLTAGE,WJ1,0.000,0.000,0,0,"HV=OFF, Fault=NO"
844.227597,2026-03-10 17:56:44.591,ARDUINO_PSI,Arduino,0.000,0.000,12.904,,
844.327796,2026-03-10 17:56:44.691,ARDUINO_PSI,Arduino,0.000,0.000,12.906,,
844.428788,2026-03-10 17:56:44.792,ARDUINO_PSI,Arduino,0.000,0.000,12.904,,
844.528342,2026-03-10 17:56:44.891,ARDUINO_PSI,Arduino,0.000,0.000,12.913,,
844.541024,2026-03-10 17:56:44.904,WJ_VOLTAGE,WJ2,0.000,0.000,0,0,"HV=OFF, Fault=NO"
844.628200,2026-03-10 17:56:44.991,ARDUINO_PSI,Arduino,0.000,0.000,12.925,,
844.681846,2026-03-10 17:56:45.045,WJ_VOLTAGE,WJ1,0.000,0.000,0,0,"HV=OFF, Fault=NO"
844.727511,2026-03-10 17:56:45.090,ARDUINO_PSI,Arduino,0.000,0.000,12.929,,
844.828084,2026-03-10 17:56:45.191,ARDUINO_PSI,Arduino,0.000,0.000,12.938,,
844.927530,2026-03-10 17:56:45.290,ARDUINO_PSI,Arduino,0.000,0.000,12.950,,
845.028708,2026-03-10 17:56:45.392,ARDUINO_PSI,Arduino,0.000,0.000,12.947,,
845.059370,2026-03-10 17:56:45.422,WJ_VOLTAGE,WJ2,0.000,0.000,0,0,"HV=OFF, Fault=NO"
845.128471,2026-03-10 17:56:45.491,ARDUINO_PSI,Arduino,0.000,0.000,12.938,,
845.215306,2026-03-10 17:56:45.578,WJ_VOLTAGE,WJ1,0.000,0.000,0,0,"HV=OFF, Fault=NO"
845.228534,2026-03-10 17:56:45.591,ARDUINO_PSI,Arduino,0.000,0.000,12.929,,
845.327624,2026-03-10 17:56:45.691,ARDUINO_PSI,Arduino,0.000,0.000,12.925,,
845.428395,2026-03-10 17:56:45.791,ARDUINO_PSI,Arduino,0.000,0.000,12.918,,
845.527567,2026-03-10 17:56:45.891,ARDUINO_PSI,Arduino,0.000,0.000,12.911,,
845.586644,2026-03-10 17:56:45.950,WJ_VOLTAGE,WJ2,0.000,0.000,0,0,"HV=OFF, Fault=NO"
845.628140,2026-03-10 17:56:45.991,ARDUINO_PSI,Arduino,0.000,0.000,12.906,,
845.728343,2026-03-10 17:56:46.091,ARDUINO_PSI,Arduino,0.000,0.000,12.890,,
845.744433,2026-03-10 17:56:46.107,WJ_VOLTAGE,WJ1,0.000,0.000,0,0,"HV=OFF, Fault=NO"
845.828032,2026-03-10 17:56:46.191,ARDUINO_PSI,Arduino,0.000,0.000,12.895,,
845.928219,2026-03-10 17:56:46.291,ARDUINO_PSI,Arduino,0.000,0.000,12.890,,
846.027262,2026-03-10 17:56:46.390,ARDUINO_PSI,Arduino,0.000,0.000,12.899,,
846.119894,2026-03-10 17:56:46.483,WJ_VOLTAGE,WJ2,0.000,0.000,0,0,"HV=OFF, Fault=NO"
846.130837,2026-03-10 17:56:46.494,ARDUINO_PSI,Arduino,0.000,0.000,12.883,,
846.228022,2026-03-10 17:56:46.591,ARDUINO_PSI,Arduino,0.000,0.000,12.888,,
846.275901,2026-03-10 17:56:46.639,WJ_VOLTAGE,WJ1,0.000,0.000,0,0,"HV=OFF, Fault=NO"
846.327119,2026-03-10 17:56:46.690,ARDUINO_PSI,Arduino,0.000,0.000,12.890,,
846.428218,2026-03-10 17:56:46.791,ARDUINO_PSI,Arduino,0.000,0.000,12.886,,
846.528320,2026-03-10 17:56:46.891,ARDUINO_PSI,Arduino,0.000,0.000,12.881,,
846.627225,2026-03-10 17:56:46.990,ARDUINO_PSI,Arduino,0.000,0.000,12.881,,
846.649898,2026-03-10 17:56:47.013,WJ_VOLTAGE,WJ2,0.000,0.000,0,0,"HV=OFF, Fault=NO"
846.727481,2026-03-10 17:56:47.090,ARDUINO_PSI,Arduino,0.000,0.000,12.879,,
846.806634,2026-03-10 17:56:47.170,WJ_VOLTAGE,WJ1,0.000,0.000,0,0,"HV=OFF, Fault=NO"
846.826830,2026-03-10 17:56:47.190,ARDUINO_PSI,Arduino,0.000,0.000,12.872,,
846.928090,2026-03-10 17:56:47.291,ARDUINO_PSI,Arduino,0.000,0.000,12.867,,
847.027866,2026-03-10 17:56:47.391,ARDUINO_PSI,Arduino,0.000,0.000,12.867,,
847.127855,2026-03-10 17:56:47.491,ARDUINO_PSI,Arduino,0.000,0.000,12.872,,
847.180449,2026-03-10 17:56:47.543,WJ_VOLTAGE,WJ2,0.000,0.000,0,0,"HV=OFF, Fault=NO"
847.227225,2026-03-10 17:56:47.590,ARDUINO_PSI,Arduino,0.000,0.000,12.888,,
847.327651,2026-03-10 17:56:47.691,ARDUINO_PSI,Arduino,0.000,0.000,12.895,,
847.334473,2026-03-10 17:56:47.697,WJ_VOLTAGE,WJ1,0.000,0.000,0,0,"HV=OFF, Fault=NO"
847.428831,2026-03-10 17:56:47.792,ARDUINO_PSI,Arduino,0.000,0.000,12.906,,
847.528238,2026-03-10 17:56:47.891,ARDUINO_PSI,Arduino,0.000,0.000,12.897,,
847.627640,2026-03-10 17:56:47.991,ARDUINO_PSI,Arduino,0.000,0.000,12.897,,
847.696728,2026-03-10 17:56:48.060,WJ_VOLTAGE,WJ2,0.000,0.000,0,0,"HV=OFF, Fault=NO"
847.727810,2026-03-10 17:56:48.091,ARDUINO_PSI,Arduino,0.000,0.000,12.911,,
847.827530,2026-03-10 17:56:48.190,ARDUINO_PSI,Arduino,0.000,0.000,12.913,,
847.866727,2026-03-10 17:56:48.230,WJ_VOLTAGE,WJ1,0.000,0.000,0,0,"HV=OFF, Fault=NO"
847.928618,2026-03-10 17:56:48.292,ARDUINO_PSI,Arduino,0.000,0.000,12.913,,
848.027570,2026-03-10 17:56:48.391,ARDUINO_PSI,Arduino,0.000,0.000,12.911,,
848.128426,2026-03-10 17:56:48.491,ARDUINO_PSI,Arduino,0.000,0.000,12.913,,
848.224566,2026-03-10 17:56:48.588,WJ_VOLTAGE,WJ2,0.000,0.000,0,0,"HV=OFF, Fault=NO"
848.231098,2026-03-10 17:56:48.594,ARDUINO_PSI,Arduino,0.000,0.000,12.906,,
848.327142,2026-03-10 17:56:48.690,ARDUINO_PSI,Arduino,0.000,0.000,12.890,,
848.397080,2026-03-10 17:56:48.760,WJ_VOLTAGE,WJ1,0.000,0.000,0,0,"HV=OFF, Fault=NO"
848.429988,2026-03-10 17:56:48.793,ARDUINO_PSI,Arduino,0.000,0.000,12.893,,
848.527607,2026-03-10 17:56:48.891,ARDUINO_PSI,Arduino,0.000,0.000,12.893,,
848.627834,2026-03-10 17:56:48.991,ARDUINO_PSI,Arduino,0.000,0.000,12.888,,
848.727697,2026-03-10 17:56:49.091,ARDUINO_PSI,Arduino,0.000,0.000,12.881,,
848.754331,2026-03-10 17:56:49.117,WJ_VOLTAGE,WJ2,0.000,0.000,0,0,"HV=OFF, Fault=NO"
848.828832,2026-03-10 17:56:49.192,ARDUINO_PSI,Arduino,0.000,0.000,12.879,,
848.926560,2026-03-10 17:56:49.290,WJ_VOLTAGE,WJ1,0.000,0.000,0,0,"HV=OFF, Fault=NO"
848.936955,2026-03-10 17:56:49.300,ARDUINO_PSI,Arduino,0.000,0.000,12.886,,
849.028478,2026-03-10 17:56:49.391,ARDUINO_PSI,Arduino,0.000,0.000,12.895,,
849.126846,2026-03-10 17:56:49.490,ARDUINO_PSI,Arduino,0.000,0.000,12.904,,
849.227090,2026-03-10 17:56:49.590,ARDUINO_PSI,Arduino,0.000,0.000,12.893,,
849.284736,2026-03-10 17:56:49.648,WJ_VOLTAGE,WJ2,0.000,0.000,0,0,"HV=OFF, Fault=NO"
849.326758,2026-03-10 17:56:49.690,ARDUINO_PSI,Arduino,0.000,0.000,12.895,,
849.427648,2026-03-10 17:56:49.791,ARDUINO_PSI,Arduino,0.000,0.000,12.890,,
849.455007,2026-03-10 17:56:49.818,WJ_VOLTAGE,WJ1,0.000,0.000,0,0,"HV=OFF, Fault=NO"
849.527668,2026-03-10 17:56:49.891,ARDUINO_PSI,Arduino,0.000,0.000,12.899,,
849.627252,2026-03-10 17:56:49.990,ARDUINO_PSI,Arduino,0.000,0.000,12.906,,
849.727685,2026-03-10 17:56:50.091,ARDUINO_PSI,Arduino,0.000,0.000,12.893,,
849.814909,2026-03-10 17:56:50.178,WJ_VOLTAGE,WJ2,0.000,0.000,0,0,"HV=OFF, Fault=NO"
849.826733,2026-03-10 17:56:50.190,ARDUINO_PSI,Arduino,0.000,0.000,12.890,,
849.927394,2026-03-10 17:56:50.290,ARDUINO_PSI,Arduino,0.000,0.000,12.893,,
849.986008,2026-03-10 17:56:50.349,WJ_VOLTAGE,WJ1,0.000,0.000,0,0,"HV=OFF, Fault=NO"
850.027148,2026-03-10 17:56:50.390,ARDUINO_PSI,Arduino,0.000,0.000,12.893,,
850.127627,2026-03-10 17:56:50.491,ARDUINO_PSI,Arduino,0.000,0.000,12.897,,
850.227483,2026-03-10 17:56:50.590,ARDUINO_PSI,Arduino,0.000,0.000,12.893,,
850.326762,2026-03-10 17:56:50.690,ARDUINO_PSI,Arduino,0.000,0.000,12.913,,
850.347358,2026-03-10 17:56:50.710,WJ_VOLTAGE,WJ2,0.000,0.000,0,0,"HV=OFF, Fault=NO"
850.427181,2026-03-10 17:56:50.790,ARDUINO_PSI,Arduino,0.000,0.000,12.911,,
850.517604,2026-03-10 17:56:50.881,WJ_VOLTAGE,WJ1,0.000,0.000,0,0,"HV=OFF, Fault=NO"
850.528515,2026-03-10 17:56:50.891,ARDUINO_PSI,Arduino,0.000,0.000,12.911,,
850.627478,2026-03-10 17:56:50.990,ARDUINO_PSI,Arduino,0.000,0.000,12.920,,
850.727790,2026-03-10 17:56:51.091,ARDUINO_PSI,Arduino,0.000,0.000,12.929,,
850.828513,2026-03-10 17:56:51.191,ARDUINO_PSI,Arduino,0.000,0.000,12.929,,
850.873268,2026-03-10 17:56:51.236,WJ_VOLTAGE,WJ2,0.000,0.000,0,0,"HV=OFF, Fault=NO"
850.926945,2026-03-10 17:56:51.290,ARDUINO_PSI,Arduino,0.000,0.000,12.920,,
851.027338,2026-03-10 17:56:51.390,ARDUINO_PSI,Arduino,0.000,0.000,12.902,,
851.045777,2026-03-10 17:56:51.409,WJ_VOLTAGE,WJ1,0.000,0.000,0,0,"HV=OFF, Fault=NO"
851.128186,2026-03-10 17:56:51.491,ARDUINO_PSI,Arduino,0.000,0.000,12.897,,
851.227561,2026-03-10 17:56:51.591,ARDUINO_PSI,Arduino,0.000,0.000,12.895,,
851.327133,2026-03-10 17:56:51.690,ARDUINO_PSI,Arduino,0.000,0.000,12.890,,
851.407340,2026-03-10 17:56:51.770,WJ_VOLTAGE,WJ2,0.000,0.000,0,0,"HV=OFF, Fault=NO"
851.426972,2026-03-10 17:56:51.790,ARDUINO_PSI,Arduino,0.000,0.000,12.890,,
851.527821,2026-03-10 17:56:51.891,ARDUINO_PSI,Arduino,0.000,0.000,12.904,,
851.577089,2026-03-10 17:56:51.940,WJ_VOLTAGE,WJ1,0.000,0.000,0,0,"HV=OFF, Fault=NO"
851.626974,2026-03-10 17:56:51.990,ARDUINO_PSI,Arduino,0.000,0.000,12.899,,
851.727553,2026-03-10 17:56:52.091,ARDUINO_PSI,Arduino,0.000,0.000,12.906,,
851.826954,2026-03-10 17:56:52.190,ARDUINO_PSI,Arduino,0.000,0.000,12.913,,
851.927922,2026-03-10 17:56:52.291,ARDUINO_PSI,Arduino,0.000,0.000,12.918,,
851.933757,2026-03-10 17:56:52.297,WJ_VOLTAGE,WJ2,0.000,0.000,0,0,"HV=OFF, Fault=NO"
852.027395,2026-03-10 17:56:52.390,ARDUINO_PSI,Arduino,0.000,0.000,12.925,,
852.107053,2026-03-10 17:56:52.470,WJ_VOLTAGE,WJ1,0.000,0.000,0,0,"HV=OFF, Fault=NO"
852.126881,2026-03-10 17:56:52.490,ARDUINO_PSI,Arduino,0.000,0.000,12.922,,
852.227657,2026-03-10 17:56:52.591,ARDUINO_PSI,Arduino,0.000,0.000,12.925,,
852.329318,2026-03-10 17:56:52.692,ARDUINO_PSI,Arduino,0.000,0.000,12.909,,
852.427603,2026-03-10 17:56:52.791,ARDUINO_PSI,Arduino,0.000,0.000,12.906,,
852.461825,2026-03-10 17:56:52.825,WJ_VOLTAGE,WJ2,0.000,0.000,0,0,"HV=OFF, Fault=NO"
852.527131,2026-03-10 17:56:52.890,ARDUINO_PSI,Arduino,0.000,0.000,12.911,,
852.626898,2026-03-10 17:56:52.990,ARDUINO_PSI,Arduino,0.000,0.000,12.913,,
852.632496,2026-03-10 17:56:52.995,WJ_VOLTAGE,WJ1,0.000,0.000,0,0,"HV=OFF, Fault=NO"
852.727356,2026-03-10 17:56:53.090,ARDUINO_PSI,Arduino,0.000,0.000,12.909,,
852.828377,2026-03-10 17:56:53.191,ARDUINO_PSI,Arduino,0.000,0.000,12.909,,
852.926801,2026-03-10 17:56:53.290,ARDUINO_PSI,Arduino,0.000,0.000,12.927,,
852.991016,2026-03-10 17:56:53.354,WJ_VOLTAGE,WJ2,0.000,0.000,0,0,"HV=OFF, Fault=NO"
853.027095,2026-03-10 17:56:53.390,ARDUINO_PSI,Arduino,0.000,0.000,12.929,,
853.127418,2026-03-10 17:56:53.490,ARDUINO_PSI,Arduino,0.000,0.000,12.920,,
853.163597,2026-03-10 17:56:53.527,WJ_VOLTAGE,WJ1,0.000,0.000,0,0,"HV=OFF, Fault=NO"
853.227398,2026-03-10 17:56:53.590,ARDUINO_PSI,Arduino,0.000,0.000,12.929,,
853.327670,2026-03-10 17:56:53.691,ARDUINO_PSI,Arduino,0.000,0.000,12.938,,
853.428010,2026-03-10 17:56:53.791,ARDUINO_PSI,Arduino,0.000,0.000,12.936,,
853.522243,2026-03-10 17:56:53.885,WJ_VOLTAGE,WJ2,0.000,0.000,0,0,"HV=OFF, Fault=NO"
853.533402,2026-03-10 17:56:53.896,ARDUINO_PSI,Arduino,0.000,0.000,12.927,,
853.627650,2026-03-10 17:56:53.991,ARDUINO_PSI,Arduino,0.000,0.000,12.927,,
853.692770,2026-03-10 17:56:54.056,WJ_VOLTAGE,WJ1,0.000,0.000,0,0,"HV=OFF, Fault=NO"
853.726872,2026-03-10 17:56:54.090,ARDUINO_PSI,Arduino,0.000,0.000,12.934,,
853.827101,2026-03-10 17:56:54.190,ARDUINO_PSI,Arduino,0.000,0.000,12.922,,
853.928565,2026-03-10 17:56:54.292,ARDUINO_PSI,Arduino,0.000,0.000,12.911,,
854.027509,2026-03-10 17:56:54.390,ARDUINO_PSI,Arduino,0.000,0.000,12.906,,
854.037887,2026-03-10 17:56:54.401,WJ_VOLTAGE,WJ2,0.000,0.000,0,0,"HV=OFF, Fault=NO"
854.127785,2026-03-10 17:56:54.491,ARDUINO_PSI,Arduino,0.000,0.000,12.897,,
854.222219,2026-03-10 17:56:54.585,WJ_VOLTAGE,WJ1,0.000,0.000,0,0,"HV=OFF, Fault=NO"
854.233544,2026-03-10 17:56:54.596,ARDUINO_PSI,Arduino,0.000,0.000,12.911,,
854.327790,2026-03-10 17:56:54.691,ARDUINO_PSI,Arduino,0.000,0.000,12.920,,
854.428291,2026-03-10 17:56:54.791,ARDUINO_PSI,Arduino,0.000,0.000,12.934,,
854.528751,2026-03-10 17:56:54.892,ARDUINO_PSI,Arduino,0.000,0.000,12.927,,
854.578326,2026-03-10 17:56:54.941,WJ_VOLTAGE,WJ2,0.000,0.000,0,0,"HV=OFF, Fault=NO"
854.627482,2026-03-10 17:56:54.990,ARDUINO_PSI,Arduino,0.000,0.000,12.913,,
854.727690,2026-03-10 17:56:55.091,ARDUINO_PSI,Arduino,0.000,0.000,12.904,,
854.749037,2026-03-10 17:56:55.112,WJ_VOLTAGE,WJ1,0.000,0.000,0,0,"HV=OFF, Fault=NO"
854.827751,2026-03-10 17:56:55.191,ARDUINO_PSI,Arduino,0.000,0.000,12.904,,
854.928328,2026-03-10 17:56:55.291,ARDUINO_PSI,Arduino,0.000,0.000,12.881,,
855.027870,2026-03-10 17:56:55.391,ARDUINO_PSI,Arduino,0.000,0.000,12.881,,
855.107941,2026-03-10 17:56:55.471,WJ_VOLTAGE,WJ2,0.000,0.000,0,0,"HV=OFF, Fault=NO"
855.126832,2026-03-10 17:56:55.490,ARDUINO_PSI,Arduino,0.000,0.000,12.895,,
855.228372,2026-03-10 17:56:55.591,ARDUINO_PSI,Arduino,0.000,0.000,12.881,,
855.278482,2026-03-10 17:56:55.641,WJ_VOLTAGE,WJ1,0.000,0.000,0,0,"HV=OFF, Fault=NO"
855.326766,2026-03-10 17:56:55.690,ARDUINO_PSI,Arduino,0.000,0.000,12.883,,
855.427161,2026-03-10 17:56:55.790,ARDUINO_PSI,Arduino,0.000,0.000,12.877,,
855.527689,2026-03-10 17:56:55.891,ARDUINO_PSI,Arduino,0.000,0.000,12.883,,
855.627159,2026-03-10 17:56:55.990,ARDUINO_PSI,Arduino,0.000,0.000,12.890,,
855.637572,2026-03-10 17:56:56.001,WJ_VOLTAGE,WJ2,0.000,0.000,0,0,"HV=OFF, Fault=NO"
855.727345,2026-03-10 17:56:56.090,ARDUINO_PSI,Arduino,0.000,0.000,12.902,,
855.807346,2026-03-10 17:56:56.170,WJ_VOLTAGE,WJ1,0.000,0.000,0,0,"HV=OFF, Fault=NO"
855.826953,2026-03-10 17:56:56.190,ARDUINO_PSI,Arduino,0.000,0.000,12.904,,
855.927353,2026-03-10 17:56:56.290,ARDUINO_PSI,Arduino,0.000,0.000,12.918,,
856.027768,2026-03-10 17:56:56.391,ARDUINO_PSI,Arduino,0.000,0.000,12.920,,
856.127548,2026-03-10 17:56:56.490,ARDUINO_PSI,Arduino,0.000,0.000,12.929,,
856.163765,2026-03-10 17:56:56.527,WJ_VOLTAGE,WJ2,0.000,0.000,0,0,"HV=OFF, Fault=NO"
856.227055,2026-03-10 17:56:56.590,ARDUINO_PSI,Arduino,0.000,0.000,12.922,,
856.326772,2026-03-10 17:56:56.690,ARDUINO_PSI,Arduino,0.000,0.000,12.918,,
856.336661,2026-03-10 17:56:56.700,WJ_VOLTAGE,WJ1,0.000,0.000,0,0,"HV=OFF, Fault=NO"
856.427920,2026-03-10 17:56:56.791,ARDUINO_PSI,Arduino,0.000,0.000,12.904,,
856.526846,2026-03-10 17:56:56.890,ARDUINO_PSI,Arduino,0.000,0.000,12.913,,
856.626769,2026-03-10 17:56:56.990,ARDUINO_PSI,Arduino,0.000,0.000,12.922,,
856.682195,2026-03-10 17:56:57.045,WJ_VOLTAGE,WJ2,0.000,0.000,0,0,"HV=OFF, Fault=NO"
856.727007,2026-03-10 17:56:57.090,ARDUINO_PSI,Arduino,0.000,0.000,12.929,,
856.866761,2026-03-10 17:56:57.230,WJ_COMMAND,WJ1,SET_PROGRAM,5.0kV_2.0mA,,,SET_PROGRAM 5.0kV_2.0mA
856.959911,2026-03-10 17:56:57.323,WJ_COMMAND,WJ2,SET_PROGRAM,5.0kV_2.0mA,,,SET_PROGRAM 5.0kV_2.0mA
856.961695,2026-03-10 17:56:57.325,WJ_VOLTAGE,WJ1,0.000,0.000,0,0,"HV=OFF, Fault=NO"
856.962449,2026-03-10 17:56:57.325,ARDUINO_PSI,Arduino,0.000,0.000,12.920,,
856.965476,2026-03-10 17:56:57.328,WJ_VOLTAGE,WJ2,0.000,0.000,0,0,"HV=OFF, Fault=NO"
856.966708,2026-03-10 17:56:57.330,ARDUINO_PSI,Arduino,0.000,0.000,12.925,,
857.027313,2026-03-10 17:56:57.390,ARDUINO_PSI,Arduino,0.000,0.000,12.922,,
857.127117,2026-03-10 17:56:57.490,ARDUINO_PSI,Arduino,0.000,0.000,12.922,,
857.228940,2026-03-10 17:56:57.592,ARDUINO_PSI,Arduino,0.000,0.000,12.925,,
857.317178,2026-03-10 17:56:57.680,WJ_VOLTAGE,WJ1,0.000,0.000,0,0,"HV=OFF, Fault=NO"
857.326967,2026-03-10 17:56:57.690,ARDUINO_PSI,Arduino,0.000,0.000,12.925,,
857.411663,2026-03-10 17:56:57.775,WJ_VOLTAGE,WJ2,0.000,0.000,0,0,"HV=OFF, Fault=NO"
857.426674,2026-03-10 17:56:57.790,ARDUINO_PSI,Arduino,0.000,0.000,12.918,,
857.527422,2026-03-10 17:56:57.890,ARDUINO_PSI,Arduino,0.000,0.000,12.902,,
857.627474,2026-03-10 17:56:57.990,ARDUINO_PSI,Arduino,0.000,0.000,12.904,,
857.727491,2026-03-10 17:56:58.090,ARDUINO_PSI,Arduino,0.000,0.000,12.890,,
857.827757,2026-03-10 17:56:58.191,ARDUINO_PSI,Arduino,0.000,0.000,12.893,,
857.848334,2026-03-10 17:56:58.211,WJ_VOLTAGE,WJ1,0.000,0.000,0,0,"HV=OFF, Fault=NO"
857.927841,2026-03-10 17:56:58.291,ARDUINO_PSI,Arduino,0.000,0.000,12.890,,
857.943393,2026-03-10 17:56:58.306,WJ_VOLTAGE,WJ2,0.000,0.000,0,0,"HV=OFF, Fault=NO"
858.065646,2026-03-10 17:56:58.429,WJ_COMMAND,WJ1,HV_ON,,,,HV_ON 
858.158154,2026-03-10 17:56:58.521,WJ_COMMAND,WJ2,HV_ON,,,,HV_ON 
858.161369,2026-03-10 17:56:58.524,WJ_VOLTAGE,WJ1,0.000,0.000,0,0,"HV=OFF, Fault=NO"
858.163482,2026-03-10 17:56:58.526,ARDUINO_PSI,Arduino,0.000,0.000,12.893,,
858.165760,2026-03-10 17:56:58.529,WJ_VOLTAGE,WJ2,0.000,0.000,0,0,"HV=OFF, Fault=NO"
858.166406,2026-03-10 17:56:58.529,ARDUINO_PSI,Arduino,0.000,0.000,12.902,,
858.228384,2026-03-10 17:56:58.591,ARDUINO_PSI,Arduino,0.000,0.000,12.909,,
858.327563,2026-03-10 17:56:58.691,ARDUINO_PSI,Arduino,0.000,0.000,12.902,,
858.427392,2026-03-10 17:56:58.790,ARDUINO_PSI,Arduino,0.000,0.000,12.911,,
858.527515,2026-03-10 17:56:58.890,ARDUINO_PSI,Arduino,0.000,0.000,12.899,,
858.628054,2026-03-10 17:56:58.991,ARDUINO_PSI,Arduino,0.000,0.000,12.893,,
858.728850,2026-03-10 17:56:59.092,ARDUINO_PSI,Arduino,0.000,0.000,12.893,,
858.828621,2026-03-10 17:56:59.192,ARDUINO_PSI,Arduino,0.000,0.000,12.902,,
858.927418,2026-03-10 17:56:59.290,ARDUINO_PSI,Arduino,0.000,0.000,12.902,,
859.029881,2026-03-10 17:56:59.393,ARDUINO_PSI,Arduino,0.000,0.000,12.906,,
859.126917,2026-03-10 17:56:59.490,ARDUINO_PSI,Arduino,0.000,0.000,12.902,,
859.227474,2026-03-10 17:56:59.590,ARDUINO_PSI,Arduino,0.000,0.000,12.909,,
859.250543,2026-03-10 17:56:59.613,WJ_VOLTAGE,WJ1,4.985,0.006,0,0,"HV=OFF, Fault=NO"
859.327505,2026-03-10 17:56:59.690,ARDUINO_PSI,Arduino,0.000,0.000,12.899,,
859.343119,2026-03-10 17:56:59.706,WJ_VOLTAGE,WJ2,4.985,0.006,0,0,"HV=OFF, Fault=NO"
859.427286,2026-03-10 17:56:59.790,ARDUINO_PSI,Arduino,0.000,0.000,12.915,,
859.528390,2026-03-10 17:56:59.891,ARDUINO_PSI,Arduino,0.000,0.000,12.927,,
859.627587,2026-03-10 17:56:59.991,ARDUINO_PSI,Arduino,0.000,0.000,12.918,,
859.727553,2026-03-10 17:57:00.091,ARDUINO_PSI,Arduino,0.000,0.000,12.915,,
859.779958,2026-03-10 17:57:00.143,WJ_VOLTAGE,WJ1,4.985,0.000,0,0,"HV=OFF, Fault=NO"
859.827000,2026-03-10 17:57:00.190,ARDUINO_PSI,Arduino,0.000,0.000,12.911,,
859.873772,2026-03-10 17:57:00.237,WJ_VOLTAGE,WJ2,4.985,0.000,0,0,"HV=OFF, Fault=NO"
859.927276,2026-03-10 17:57:00.290,ARDUINO_PSI,Arduino,0.000,0.000,12.899,,
860.028176,2026-03-10 17:57:00.391,ARDUINO_PSI,Arduino,0.000,0.000,12.899,,
860.127317,2026-03-10 17:57:00.490,ARDUINO_PSI,Arduino,0.000,0.000,12.886,,
860.227722,2026-03-10 17:57:00.591,ARDUINO_PSI,Arduino,0.000,0.000,12.867,,
860.312057,2026-03-10 17:57:00.675,WJ_VOLTAGE,WJ1,4.985,0.000,0,0,"HV=OFF, Fault=NO"
860.326631,2026-03-10 17:57:00.690,ARDUINO_PSI,Arduino,0.000,0.000,12.877,,
860.404461,2026-03-10 17:57:00.767,WJ_VOLTAGE,WJ2,4.985,0.000,0,0,"HV=OFF, Fault=NO"
860.427220,2026-03-10 17:57:00.790,ARDUINO_PSI,Arduino,0.000,0.000,12.863,,
860.526872,2026-03-10 17:57:00.890,ARDUINO_PSI,Arduino,0.000,0.000,12.872,,
860.627039,2026-03-10 17:57:00.990,ARDUINO_PSI,Arduino,0.000,0.000,12.872,,
860.726826,2026-03-10 17:57:01.090,ARDUINO_PSI,Arduino,0.000,0.000,12.877,,
860.827575,2026-03-10 17:57:01.191,ARDUINO_PSI,Arduino,0.000,0.000,12.874,,
860.842189,2026-03-10 17:57:01.205,WJ_VOLTAGE,WJ1,4.985,0.000,0,0,"HV=OFF, Fault=NO"
860.927352,2026-03-10 17:57:01.290,ARDUINO_PSI,Arduino,0.000,0.000,12.881,,
860.936134,2026-03-10 17:57:01.299,WJ_VOLTAGE,WJ2,4.985,0.000,0,0,"HV=OFF, Fault=NO"
861.027683,2026-03-10 17:57:01.391,ARDUINO_PSI,Arduino,0.000,0.000,12.883,,
861.127514,2026-03-10 17:57:01.490,ARDUINO_PSI,Arduino,0.000,0.000,12.883,,
861.228148,2026-03-10 17:57:01.591,ARDUINO_PSI,Arduino,0.000,0.000,12.883,,
861.328126,2026-03-10 17:57:01.691,ARDUINO_PSI,Arduino,0.000,0.000,12.897,,
861.372032,2026-03-10 17:57:01.735,WJ_VOLTAGE,WJ1,4.985,0.000,0,0,"HV=OFF, Fault=NO"
861.427419,2026-03-10 17:57:01.790,ARDUINO_PSI,Arduino,0.000,0.000,12.890,,
861.463821,2026-03-10 17:57:01.827,WJ_VOLTAGE,WJ2,4.985,0.000,0,0,"HV=OFF, Fault=NO"
861.527517,2026-03-10 17:57:01.890,ARDUINO_PSI,Arduino,0.000,0.000,12.877,,
861.626774,2026-03-10 17:57:01.990,ARDUINO_PSI,Arduino,0.000,0.000,12.879,,
861.727559,2026-03-10 17:57:02.091,ARDUINO_PSI,Arduino,0.000,0.000,12.881,,
861.826688,2026-03-10 17:57:02.190,ARDUINO_PSI,Arduino,0.000,0.000,12.895,,
861.904204,2026-03-10 17:57:02.267,WJ_VOLTAGE,WJ1,4.985,0.000,0,0,"HV=OFF, Fault=NO"
861.926968,2026-03-10 17:57:02.290,ARDUINO_PSI,Arduino,0.000,0.000,12.897,,
861.998081,2026-03-10 17:57:02.361,WJ_VOLTAGE,WJ2,4.985,0.000,0,0,"HV=OFF, Fault=NO"
862.027387,2026-03-10 17:57:02.390,ARDUINO_PSI,Arduino,0.000,0.000,12.904,,
862.127484,2026-03-10 17:57:02.490,ARDUINO_PSI,Arduino,0.000,0.000,12.904,,
862.227436,2026-03-10 17:57:02.590,ARDUINO_PSI,Arduino,0.000,0.000,12.913,,
862.327930,2026-03-10 17:57:02.691,ARDUINO_PSI,Arduino,0.000,0.000,12.920,,
862.427476,2026-03-10 17:57:02.790,ARDUINO_PSI,Arduino,0.000,0.000,12.918,,
862.432940,2026-03-10 17:57:02.796,WJ_VOLTAGE,WJ1,4.985,0.000,0,0,"HV=OFF, Fault=NO"
862.528367,2026-03-10 17:57:02.891,WJ_VOLTAGE,WJ2,4.985,0.000,0,0,"HV=OFF, Fault=NO"
862.535238,2026-03-10 17:57:02.898,ARDUINO_PSI,Arduino,0.000,0.000,12.918,,
862.628567,2026-03-10 17:57:02.992,ARDUINO_PSI,Arduino,0.000,0.000,12.922,,
862.727805,2026-03-10 17:57:03.091,ARDUINO_PSI,Arduino,0.000,0.000,12.915,,
862.827515,2026-03-10 17:57:03.190,ARDUINO_PSI,Arduino,0.000,0.000,12.918,,
862.927804,2026-03-10 17:57:03.291,ARDUINO_PSI,Arduino,0.000,0.000,12.918,,
862.962603,2026-03-10 17:57:03.326,WJ_VOLTAGE,WJ1,4.985,0.000,0,0,"HV=OFF, Fault=NO"
863.028923,2026-03-10 17:57:03.392,ARDUINO_PSI,Arduino,0.000,0.000,12.918,,
863.056107,2026-03-10 17:57:03.419,WJ_VOLTAGE,WJ2,4.985,0.000,0,0,"HV=OFF, Fault=NO"
863.127482,2026-03-10 17:57:03.490,ARDUINO_PSI,Arduino,0.000,0.000,12.911,,
863.227754,2026-03-10 17:57:03.591,ARDUINO_PSI,Arduino,0.000,0.000,12.909,,
863.327321,2026-03-10 17:57:03.690,ARDUINO_PSI,Arduino,0.000,0.000,12.897,,
863.427343,2026-03-10 17:57:03.790,ARDUINO_PSI,Arduino,0.000,0.000,12.895,,
863.494721,2026-03-10 17:57:03.858,WJ_VOLTAGE,WJ1,4.985,0.000,0,0,"HV=OFF, Fault=NO"
863.526847,2026-03-10 17:57:03.890,ARDUINO_PSI,Arduino,0.000,0.000,12.899,,
863.585529,2026-03-10 17:57:03.948,WJ_VOLTAGE,WJ2,4.985,0.000,0,0,"HV=OFF, Fault=NO"
863.627076,2026-03-10 17:57:03.990,ARDUINO_PSI,Arduino,0.000,0.000,12.897,,
863.727517,2026-03-10 17:57:04.090,ARDUINO_PSI,Arduino,0.000,0.000,12.906,,
863.828198,2026-03-10 17:57:04.191,ARDUINO_PSI,Arduino,0.000,0.000,12.890,,
863.927838,2026-03-10 17:57:04.291,ARDUINO_PSI,Arduino,0.000,0.000,12.886,,
864.022464,2026-03-10 17:57:04.385,WJ_VOLTAGE,WJ1,4.985,0.000,0,0,"HV=OFF, Fault=NO"
864.036895,2026-03-10 17:57:04.400,ARDUINO_PSI,Arduino,0.000,0.000,12.867,,
864.116652,2026-03-10 17:57:04.480,WJ_VOLTAGE,WJ2,4.985,0.000,0,0,"HV=OFF, Fault=NO"
864.132041,2026-03-10 17:57:04.495,ARDUINO_PSI,Arduino,0.000,0.000,12.870,,
864.227430,2026-03-10 17:57:04.590,ARDUINO_PSI,Arduino,0.000,0.000,12.879,,
864.327005,2026-03-10 17:57:04.690,ARDUINO_PSI,Arduino,0.000,0.000,12.863,,
864.427104,2026-03-10 17:57:04.790,ARDUINO_PSI,Arduino,0.000,0.000,12.870,,
864.526927,2026-03-10 17:57:04.890,ARDUINO_PSI,Arduino,0.000,0.000,12.863,,
864.552433,2026-03-10 17:57:04.915,WJ_VOLTAGE,WJ1,4.985,0.000,0,0,"HV=OFF, Fault=NO"
864.627416,2026-03-10 17:57:04.990,ARDUINO_PSI,Arduino,0.000,0.000,12.870,,
864.646936,2026-03-10 17:57:05.010,WJ_VOLTAGE,WJ2,4.985,0.000,0,0,"HV=OFF, Fault=NO"
864.727220,2026-03-10 17:57:05.090,ARDUINO_PSI,Arduino,0.000,0.000,12.867,,
864.827865,2026-03-10 17:57:05.191,ARDUINO_PSI,Arduino,0.000,0.000,12.865,,
864.927274,2026-03-10 17:57:05.290,ARDUINO_PSI,Arduino,0.000,0.000,12.858,,
865.028513,2026-03-10 17:57:05.391,ARDUINO_PSI,Arduino,0.000,0.000,12.872,,
865.079101,2026-03-10 17:57:05.442,WJ_VOLTAGE,WJ1,4.985,0.000,0,0,"HV=OFF, Fault=NO"
865.126937,2026-03-10 17:57:05.490,ARDUINO_PSI,Arduino,0.000,0.000,12.874,,
865.173881,2026-03-10 17:57:05.537,WJ_VOLTAGE,WJ2,4.985,0.000,0,0,"HV=OFF, Fault=NO"
865.226845,2026-03-10 17:57:05.590,ARDUINO_PSI,Arduino,0.000,0.000,12.883,,
865.326757,2026-03-10 17:57:05.690,ARDUINO_PSI,Arduino,0.000,0.000,12.872,,
865.427110,2026-03-10 17:57:05.790,ARDUINO_PSI,Arduino,0.000,0.000,12.879,,
865.528895,2026-03-10 17:57:05.892,ARDUINO_PSI,Arduino,0.000,0.000,12.877,,
865.613091,2026-03-10 17:57:05.976,WJ_VOLTAGE,WJ1,4.985,0.000,0,0,"HV=OFF, Fault=NO"
865.626915,2026-03-10 17:57:05.990,ARDUINO_PSI,Arduino,0.000,0.000,12.881,,
865.705737,2026-03-10 17:57:06.069,WJ_VOLTAGE,WJ2,4.985,0.000,0,0,"HV=OFF, Fault=NO"
865.726863,2026-03-10 17:57:06.090,ARDUINO_PSI,Arduino,0.000,0.000,12.872,,
865.827411,2026-03-10 17:57:06.190,ARDUINO_PSI,Arduino,0.000,0.000,12.874,,
865.927272,2026-03-10 17:57:06.290,ARDUINO_PSI,Arduino,0.000,0.000,12.886,,
866.029656,2026-03-10 17:57:06.393,ARDUINO_PSI,Arduino,0.000,0.000,12.906,,
866.127745,2026-03-10 17:57:06.491,ARDUINO_PSI,Arduino,0.000,0.000,12.909,,
866.142458,2026-03-10 17:57:06.505,WJ_VOLTAGE,WJ1,4.985,0.000,0,0,"HV=OFF, Fault=NO"
866.228619,2026-03-10 17:57:06.592,ARDUINO_PSI,Arduino,0.000,0.000,12.909,,
866.235023,2026-03-10 17:57:06.598,WJ_VOLTAGE,WJ2,4.985,0.000,0,0,"HV=OFF, Fault=NO"
866.327556,2026-03-10 17:57:06.690,ARDUINO_PSI,Arduino,0.000,0.000,12.902,,
866.427955,2026-03-10 17:57:06.791,ARDUINO_PSI,Arduino,0.000,0.000,12.906,,
866.526910,2026-03-10 17:57:06.890,ARDUINO_PSI,Arduino,0.000,0.000,12.899,,
866.627584,2026-03-10 17:57:06.991,ARDUINO_PSI,Arduino,0.000,0.000,12.895,,
866.673555,2026-03-10 17:57:07.037,WJ_VOLTAGE,WJ1,4.985,0.000,0,0,"HV=OFF, Fault=NO"
866.726792,2026-03-10 17:57:07.090,ARDUINO_PSI,Arduino,0.000,0.000,12.897,,
866.751349,2026-03-10 17:57:07.114,WJ_VOLTAGE,WJ2,4.985,0.000,0,0,"HV=OFF, Fault=NO"
866.827293,2026-03-10 17:57:07.190,ARDUINO_PSI,Arduino,0.000,0.000,12.890,,
866.926904,2026-03-10 17:57:07.290,ARDUINO_PSI,Arduino,0.000,0.000,12.899,,
867.027572,2026-03-10 17:57:07.391,ARDUINO_PSI,Arduino,0.000,0.000,12.897,,
867.127304,2026-03-10 17:57:07.490,ARDUINO_PSI,Arduino,0.000,0.000,12.902,,
867.192689,2026-03-10 17:57:07.556,WJ_VOLTAGE,WJ1,4.985,0.000,0,0,"HV=OFF, Fault=NO"
867.226805,2026-03-10 17:57:07.590,ARDUINO_PSI,Arduino,0.000,0.000,12.899,,
867.271273,2026-03-10 17:57:07.634,WJ_VOLTAGE,WJ2,4.985,0.000,0,0,"HV=OFF, Fault=NO"
867.327284,2026-03-10 17:57:07.690,ARDUINO_PSI,Arduino,0.000,0.000,12.909,,
867.427415,2026-03-10 17:57:07.790,ARDUINO_PSI,Arduino,0.000,0.000,12.904,,
867.527352,2026-03-10 17:57:07.890,ARDUINO_PSI,Arduino,0.000,0.000,12.911,,
867.627645,2026-03-10 17:57:07.991,ARDUINO_PSI,Arduino,0.000,0.000,12.909,,
867.723580,2026-03-10 17:57:08.087,WJ_VOLTAGE,WJ1,4.985,0.000,0,0,"HV=OFF, Fault=NO"
867.735194,2026-03-10 17:57:08.098,ARDUINO_PSI,Arduino,0.000,0.000,12.911,,
867.804947,2026-03-10 17:57:08.168,WJ_VOLTAGE,WJ2,4.985,0.000,0,0,"HV=OFF, Fault=NO"
867.826816,2026-03-10 17:57:08.190,ARDUINO_PSI,Arduino,0.000,0.000,12.913,,
867.926930,2026-03-10 17:57:08.290,ARDUINO_PSI,Arduino,0.000,0.000,12.911,,
868.027516,2026-03-10 17:57:08.390,ARDUINO_PSI,Arduino,0.000,0.000,12.893,,
868.127379,2026-03-10 17:57:08.490,ARDUINO_PSI,Arduino,0.000,0.000,12.890,,
868.227255,2026-03-10 17:57:08.590,ARDUINO_PSI,Arduino,0.000,0.000,12.883,,
868.247541,2026-03-10 17:57:08.610,WJ_VOLTAGE,WJ1,4.985,0.000,0,0,"HV=OFF, Fault=NO"
868.327025,2026-03-10 17:57:08.690,WJ_VOLTAGE,WJ2,4.985,0.000,0,0,"HV=OFF, Fault=NO"
868.332241,2026-03-10 17:57:08.695,ARDUINO_PSI,Arduino,0.000,0.000,12.893,,
868.427527,2026-03-10 17:57:08.790,ARDUINO_PSI,Arduino,0.000,0.000,12.899,,
868.527280,2026-03-10 17:57:08.890,ARDUINO_PSI,Arduino,0.000,0.000,12.909,,
868.627125,2026-03-10 17:57:08.990,ARDUINO_PSI,Arduino,0.000,0.000,12.911,,
868.727066,2026-03-10 17:57:09.090,ARDUINO_PSI,Arduino,0.000,0.000,12.918,,
868.780588,2026-03-10 17:57:09.144,WJ_VOLTAGE,WJ1,4.985,0.000,0,0,"HV=OFF, Fault=NO"
868.827336,2026-03-10 17:57:09.190,ARDUINO_PSI,Arduino,0.000,0.000,12.925,,
868.860087,2026-03-10 17:57:09.223,WJ_VOLTAGE,WJ2,4.985,0.000,0,0,"HV=OFF, Fault=NO"
868.927284,2026-03-10 17:57:09.290,ARDUINO_PSI,Arduino,0.000,0.000,12.913,,
869.027343,2026-03-10 17:57:09.390,ARDUINO_PSI,Arduino,0.000,0.000,12.893,,
869.127412,2026-03-10 17:57:09.490,ARDUINO_PSI,Arduino,0.000,0.000,12.883,,
869.227407,2026-03-10 17:57:09.590,ARDUINO_PSI,Arduino,0.000,0.000,12.874,,
869.310570,2026-03-10 17:57:09.674,WJ_VOLTAGE,WJ1,4.985,0.000,0,0,"HV=OFF, Fault=NO"
869.326774,2026-03-10 17:57:09.690,ARDUINO_PSI,Arduino,0.000,0.000,12.886,,
869.388430,2026-03-10 17:57:09.751,WJ_VOLTAGE,WJ2,4.985,0.000,0,0,"HV=OFF, Fault=NO"
869.427373,2026-03-10 17:57:09.790,ARDUINO_PSI,Arduino,0.000,0.000,12.886,,
869.527738,2026-03-10 17:57:09.891,ARDUINO_PSI,Arduino,0.000,0.000,12.872,,
869.627453,2026-03-10 17:57:09.990,ARDUINO_PSI,Arduino,0.000,0.000,12.867,,
869.727564,2026-03-10 17:57:10.091,ARDUINO_PSI,Arduino,0.000,0.000,12.861,,
869.827398,2026-03-10 17:57:10.190,ARDUINO_PSI,Arduino,0.000,0.000,12.851,,
869.837858,2026-03-10 17:57:10.201,WJ_VOLTAGE,WJ1,4.985,0.000,0,0,"HV=OFF, Fault=NO"
869.914531,2026-03-10 17:57:10.277,WJ_COMMAND,WJ1,HV_OFF,,,,HV_OFF 
869.992066,2026-03-10 17:57:10.355,WJ_COMMAND,WJ2,HV_OFF,,,,HV_OFF 
869.994221,2026-03-10 17:57:10.357,WJ_VOLTAGE,WJ2,4.985,0.000,0,0,"HV=OFF, Fault=NO"
869.995299,2026-03-10 17:57:10.358,ARDUINO_PSI,Arduino,0.000,0.000,12.845,,
870.026825,2026-03-10 17:57:10.390,ARDUINO_PSI,Arduino,0.000,0.000,12.861,,
870.128011,2026-03-10 17:57:10.491,ARDUINO_PSI,Arduino,0.000,0.000,12.865,,
870.228212,2026-03-10 17:57:10.591,ARDUINO_PSI,Arduino,0.000,0.000,12.872,,
870.327403,2026-03-10 17:57:10.690,ARDUINO_PSI,Arduino,0.000,0.000,12.865,,
870.429214,2026-03-10 17:57:10.792,ARDUINO_PSI,Arduino,0.000,0.000,12.854,,
870.446993,2026-03-10 17:57:10.810,WJ_VOLTAGE,WJ2,4.985,0.000,0,0,"HV=OFF, Fault=NO"
870.526928,2026-03-10 17:57:10.890,ARDUINO_PSI,Arduino,0.000,0.000,12.847,,
870.627564,2026-03-10 17:57:10.991,ARDUINO_PSI,Arduino,0.000,0.000,12.842,,
870.786522,2026-03-10 17:57:11.149,WJ_COMMAND,WJ1,HV_OFF,,,,HV_OFF 
870.879476,2026-03-10 17:57:11.242,WJ_COMMAND,WJ2,HV_OFF,,,,HV_OFF 
870.880707,2026-03-10 17:57:11.244,WJ_VOLTAGE,WJ1,4.106,0.000,0,0,"HV=OFF, Fault=NO"
870.881416,2026-03-10 17:57:11.244,ARDUINO_PSI,Arduino,0.000,0.000,12.840,,
870.882737,2026-03-10 17:57:11.246,WJ_VOLTAGE,WJ2,4.106,0.000,0,0,"HV=OFF, Fault=NO"
870.884066,2026-03-10 17:57:11.247,ARDUINO_PSI,Arduino,0.000,0.000,12.835,,
870.926909,2026-03-10 17:57:11.290,ARDUINO_PSI,Arduino,0.000,0.000,12.851,,
871.027001,2026-03-10 17:57:11.390,ARDUINO_PSI,Arduino,0.000,0.000,12.863,,
871.127713,2026-03-10 17:57:11.491,ARDUINO_PSI,Arduino,0.000,0.000,12.865,,
871.226995,2026-03-10 17:57:11.590,ARDUINO_PSI,Arduino,0.000,0.000,12.870,,
871.237292,2026-03-10 17:57:11.600,WJ_VOLTAGE,WJ1,3.812,0.000,0,0,"HV=OFF, Fault=NO"
871.327750,2026-03-10 17:57:11.691,ARDUINO_PSI,Arduino,0.000,0.000,12.867,,
871.331320,2026-03-10 17:57:11.694,WJ_VOLTAGE,WJ2,3.715,0.000,0,0,"HV=OFF, Fault=NO"
871.428437,2026-03-10 17:57:11.791,ARDUINO_PSI,Arduino,0.000,0.000,12.867,,
871.527527,2026-03-10 17:57:11.890,ARDUINO_PSI,Arduino,0.000,0.000,12.877,,
871.627235,2026-03-10 17:57:11.990,ARDUINO_PSI,Arduino,0.000,0.000,12.886,,
871.727373,2026-03-10 17:57:12.090,ARDUINO_PSI,Arduino,0.000,0.000,12.888,,
871.768763,2026-03-10 17:57:12.132,WJ_VOLTAGE,WJ1,3.421,0.000,0,0,"HV=OFF, Fault=NO"
871.826993,2026-03-10 17:57:12.190,ARDUINO_PSI,Arduino,0.000,0.000,12.902,,
871.862871,2026-03-10 17:57:12.226,WJ_VOLTAGE,WJ2,3.324,0.000,0,0,"HV=OFF, Fault=NO"
871.927067,2026-03-10 17:57:12.290,ARDUINO_PSI,Arduino,0.000,0.000,12.909,,
872.027668,2026-03-10 17:57:12.391,ARDUINO_PSI,Arduino,0.000,0.000,12.895,,
872.127976,2026-03-10 17:57:12.491,ARDUINO_PSI,Arduino,0.000,0.000,12.902,,
872.251793,2026-03-10 17:57:12.615,ARDUINO_PSI,Arduino,0.000,0.000,12.886,,
872.474820,2026-03-10 17:57:12.838,WJ_VOLTAGE,WJ1,3.030,0.000,0,0,"HV=OFF, Fault=NO"
872.475952,2026-03-10 17:57:12.839,ARDUINO_PSI,Arduino,0.000,0.000,12.897,,
872.476444,2026-03-10 17:57:12.839,WJ_VOLTAGE,WJ2,2.933,0.000,0,0,"HV=OFF, Fault=NO"
872.477036,2026-03-10 17:57:12.840,ARDUINO_PSI,Arduino,0.000,0.000,12.895,,
