timestamp_sec,datetime,event_type,source,param1,param2,param3,param4,notes
5.515461,2026-03-10 18:19:14.197,INFO,SYSTEM,,,,,GUI started successfully
5.951315,2026-03-10 18:19:14.633,WJ_VOLTAGE,WJ1,0.000,0.000,0,0,"HV=OFF, Fault=NO"
6.482187,2026-03-10 18:19:15.164,WJ_VOLTAGE,WJ1,0.000,0.000,0,0,"HV=OFF, Fault=NO"
7.008866,2026-03-10 18:19:15.691,WJ_VOLTAGE,WJ1,0.000,0.000,0,0,"HV=OFF, Fault=NO"
7.536625,2026-03-10 18:19:16.218,WJ_VOLTAGE,WJ1,0.000,0.000,0,0,"HV=OFF, Fault=NO"
8.068266,2026-03-10 18:19:16.750,WJ_VOLTAGE,WJ1,0.000,0.000,0,0,"HV=OFF, Fault=NO"
8.598146,2026-03-10 18:19:17.280,WJ_VOLTAGE,WJ1,0.000,0.000,0,0,"HV=OFF, Fault=NO"
9.125621,2026-03-10 18:19:17.807,WJ_VOLTAGE,WJ1,0.000,0.000,0,0,"HV=OFF, Fault=NO"
10.344370,2026-03-10 18:19:19.026,ARDUINO_SWITCH,Arduino,0,1,,,DO00 ON
10.346487,2026-03-10 18:19:19.028,ARDUINO_SWITCH,Arduino,4,1,,,DO04 ON
10.349110,2026-03-10 18:19:19.031,WJ_VOLTAGE,WJ1,0.000,0.000,0,0,"HV=OFF, Fault=NO"
10.350115,2026-03-10 18:19:19.032,WJ_VOLTAGE,WJ1,0.000,0.000,0,0,"HV=OFF, Fault=NO"
10.444026,2026-03-10 18:19:19.126,ARDUINO_PSI,Arduino,0.000,0.000,12.202,,
10.543236,2026-03-10 18:19:19.225,ARDUINO_PSI,Arduino,0.000,0.000,12.198,,
10.643751,2026-03-10 18:19:19.325,ARDUINO_PSI,Arduino,0.000,0.000,12.204,,
10.709328,2026-03-10 18:19:19.391,WJ_VOLTAGE,WJ1,0.000,0.000,0,0,"HV=OFF, Fault=NO"
10.743419,2026-03-10 18:19:19.425,ARDUINO_PSI,Arduino,0.000,0.000,12.193,,
10.844538,2026-03-10 18:19:19.526,ARDUINO_PSI,Arduino,0.000,0.000,12.195,,
10.943852,2026-03-10 18:19:19.626,ARDUINO_PSI,Arduino,0.000,0.000,12.193,,
11.044198,2026-03-10 18:19:19.726,ARDUINO_PSI,Arduino,0.000,0.000,12.193,,
11.144553,2026-03-10 18:19:19.826,ARDUINO_PSI,Arduino,0.000,0.000,12.191,,
11.241697,2026-03-10 18:19:19.923,WJ_VOLTAGE,WJ1,0.000,0.000,0,0,"HV=OFF, Fault=NO"
11.247058,2026-03-10 18:19:19.929,ARDUINO_PSI,Arduino,0.000,0.000,12.184,,
11.343183,2026-03-10 18:19:20.025,ARDUINO_PSI,Arduino,0.000,0.000,12.175,,
11.444015,2026-03-10 18:19:20.126,ARDUINO_PSI,Arduino,0.000,0.000,12.179,,
11.543832,2026-03-10 18:19:20.225,ARDUINO_PSI,Arduino,0.000,0.000,12.166,,
11.643869,2026-03-10 18:19:20.326,ARDUINO_PSI,Arduino,0.000,0.000,12.166,,
11.743905,2026-03-10 18:19:20.426,ARDUINO_PSI,Arduino,0.000,0.000,12.175,,
11.770989,2026-03-10 18:19:20.453,WJ_VOLTAGE,WJ1,0.000,0.000,0,0,"HV=OFF, Fault=NO"
11.943726,2026-03-10 18:19:20.625,ARDUINO_PSI,Arduino,0.000,0.000,12.186,,
12.044752,2026-03-10 18:19:20.726,ARDUINO_PSI,Arduino,0.000,0.000,12.179,,
12.143762,2026-03-10 18:19:20.825,ARDUINO_PSI,Arduino,0.000,0.000,12.182,,
12.243614,2026-03-10 18:19:20.925,ARDUINO_PSI,Arduino,0.000,0.000,12.198,,
12.302397,2026-03-10 18:19:20.984,WJ_VOLTAGE,WJ1,0.000,0.000,0,0,"HV=OFF, Fault=NO"
12.343349,2026-03-10 18:19:21.025,ARDUINO_PSI,Arduino,0.000,0.000,12.198,,
12.443562,2026-03-10 18:19:21.125,ARDUINO_PSI,Arduino,0.000,0.000,12.191,,
12.544072,2026-03-10 18:19:21.226,ARDUINO_PSI,Arduino,0.000,0.000,12.191,,
12.643740,2026-03-10 18:19:21.325,ARDUINO_PSI,Arduino,0.000,0.000,12.182,,
12.743830,2026-03-10 18:19:21.425,ARDUINO_PSI,Arduino,0.000,0.000,12.204,,
12.829503,2026-03-10 18:19:21.511,WJ_VOLTAGE,WJ1,0.000,0.000,0,0,"HV=OFF, Fault=NO"
12.843289,2026-03-10 18:19:21.525,ARDUINO_PSI,Arduino,0.000,0.000,12.209,,
12.943163,2026-03-10 18:19:21.625,ARDUINO_PSI,Arduino,0.000,0.000,12.230,,
13.044576,2026-03-10 18:19:21.726,ARDUINO_PSI,Arduino,0.000,0.000,12.259,,
13.143979,2026-03-10 18:19:21.826,ARDUINO_PSI,Arduino,0.000,0.000,12.294,,
13.243527,2026-03-10 18:19:21.925,ARDUINO_PSI,Arduino,0.000,0.000,12.328,,
13.346415,2026-03-10 18:19:22.028,ARDUINO_PSI,Arduino,0.000,0.000,12.348,,
13.356943,2026-03-10 18:19:22.039,WJ_VOLTAGE,WJ1,0.000,0.000,0,0,"HV=OFF, Fault=NO"
13.443644,2026-03-10 18:19:22.125,ARDUINO_PSI,Arduino,0.000,0.000,12.369,,
13.544019,2026-03-10 18:19:22.226,ARDUINO_PSI,Arduino,0.000,0.000,12.419,,
13.643633,2026-03-10 18:19:22.325,ARDUINO_PSI,Arduino,0.000,0.000,12.467,,
13.743783,2026-03-10 18:19:22.425,ARDUINO_PSI,Arduino,0.000,0.000,12.504,,
13.844282,2026-03-10 18:19:22.526,ARDUINO_PSI,Arduino,0.000,0.000,12.527,,
13.887136,2026-03-10 18:19:22.569,WJ_VOLTAGE,WJ1,0.000,0.000,0,0,"HV=OFF, Fault=NO"
13.943208,2026-03-10 18:19:22.625,ARDUINO_PSI,Arduino,0.000,0.000,12.559,,
14.043487,2026-03-10 18:19:22.725,ARDUINO_PSI,Arduino,0.000,0.000,12.602,,
14.144108,2026-03-10 18:19:22.826,ARDUINO_PSI,Arduino,0.000,0.000,12.630,,
14.243932,2026-03-10 18:19:22.926,ARDUINO_PSI,Arduino,0.000,0.000,12.652,,
14.343949,2026-03-10 18:19:23.026,ARDUINO_PSI,Arduino,0.000,0.000,12.668,,
14.420226,2026-03-10 18:19:23.102,WJ_VOLTAGE,WJ1,0.000,0.000,0,0,"HV=OFF, Fault=NO"
14.443692,2026-03-10 18:19:23.125,ARDUINO_PSI,Arduino,0.000,0.000,12.696,,
14.543199,2026-03-10 18:19:23.225,ARDUINO_PSI,Arduino,0.000,0.000,12.719,,
14.644180,2026-03-10 18:19:23.326,ARDUINO_PSI,Arduino,0.000,0.000,12.764,,
14.743191,2026-03-10 18:19:23.425,ARDUINO_PSI,Arduino,0.000,0.000,12.790,,
14.843064,2026-03-10 18:19:23.525,ARDUINO_PSI,Arduino,0.000,0.000,12.812,,
14.914071,2026-03-10 18:19:23.596,WJ_VOLTAGE,WJ1,0.000,0.000,0,0,"HV=OFF, Fault=NO"
14.943779,2026-03-10 18:19:23.625,ARDUINO_PSI,Arduino,0.000,0.000,12.835,,
15.044479,2026-03-10 18:19:23.726,ARDUINO_PSI,Arduino,0.000,0.000,12.845,,
15.143158,2026-03-10 18:19:23.825,ARDUINO_PSI,Arduino,0.000,0.000,12.845,,
15.243793,2026-03-10 18:19:23.925,ARDUINO_PSI,Arduino,0.000,0.000,12.840,,
15.344759,2026-03-10 18:19:24.026,ARDUINO_PSI,Arduino,0.000,0.000,12.856,,
15.453960,2026-03-10 18:19:24.136,WJ_VOLTAGE,WJ1,0.000,0.000,0,0,"HV=OFF, Fault=NO"
15.454507,2026-03-10 18:19:24.136,ARDUINO_PSI,Arduino,0.000,0.000,12.867,,
15.543112,2026-03-10 18:19:24.225,ARDUINO_PSI,Arduino,0.000,0.000,12.858,,
15.643170,2026-03-10 18:19:24.325,ARDUINO_PSI,Arduino,0.000,0.000,12.849,,
15.743262,2026-03-10 18:19:24.425,ARDUINO_PSI,Arduino,0.000,0.000,12.847,,
15.844004,2026-03-10 18:19:24.526,ARDUINO_PSI,Arduino,0.000,0.000,12.845,,
15.943919,2026-03-10 18:19:24.626,ARDUINO_PSI,Arduino,0.000,0.000,12.849,,
15.952615,2026-03-10 18:19:24.634,WJ_VOLTAGE,WJ1,0.000,0.000,0,0,"HV=OFF, Fault=NO"
16.043246,2026-03-10 18:19:24.725,ARDUINO_PSI,Arduino,0.000,0.000,12.847,,
16.143928,2026-03-10 18:19:24.826,ARDUINO_PSI,Arduino,0.000,0.000,12.838,,
16.244054,2026-03-10 18:19:24.926,ARDUINO_PSI,Arduino,0.000,0.000,12.845,,
16.344167,2026-03-10 18:19:25.026,ARDUINO_PSI,Arduino,0.000,0.000,12.851,,
16.443761,2026-03-10 18:19:25.125,ARDUINO_PSI,Arduino,0.000,0.000,12.854,,
16.483407,2026-03-10 18:19:25.165,WJ_VOLTAGE,WJ1,0.000,0.000,0,0,"HV=OFF, Fault=NO"
16.544889,2026-03-10 18:19:25.227,ARDUINO_PSI,Arduino,0.000,0.000,12.861,,
16.643374,2026-03-10 18:19:25.325,ARDUINO_PSI,Arduino,0.000,0.000,12.845,,
16.743674,2026-03-10 18:19:25.425,ARDUINO_PSI,Arduino,0.000,0.000,12.840,,
16.844154,2026-03-10 18:19:25.526,ARDUINO_PSI,Arduino,0.000,0.000,12.842,,
16.943894,2026-03-10 18:19:25.626,ARDUINO_PSI,Arduino,0.000,0.000,12.835,,
17.010517,2026-03-10 18:19:25.692,WJ_VOLTAGE,WJ1,0.000,0.000,0,0,"HV=OFF, Fault=NO"
17.043681,2026-03-10 18:19:25.725,ARDUINO_PSI,Arduino,0.000,0.000,12.824,,
17.144069,2026-03-10 18:19:25.826,ARDUINO_PSI,Arduino,0.000,0.000,12.826,,
17.243852,2026-03-10 18:19:25.926,ARDUINO_PSI,Arduino,0.000,0.000,12.828,,
17.343766,2026-03-10 18:19:26.025,ARDUINO_PSI,Arduino,0.000,0.000,12.826,,
17.443899,2026-03-10 18:19:26.126,ARDUINO_PSI,Arduino,0.000,0.000,12.817,,
17.540204,2026-03-10 18:19:26.222,WJ_VOLTAGE,WJ1,0.000,0.000,0,0,"HV=OFF, Fault=NO"
17.542985,2026-03-10 18:19:26.225,ARDUINO_PSI,Arduino,0.000,0.000,12.808,,
17.643859,2026-03-10 18:19:26.326,ARDUINO_PSI,Arduino,0.000,0.000,12.799,,
17.744739,2026-03-10 18:19:26.426,ARDUINO_PSI,Arduino,0.000,0.000,12.794,,
17.923472,2026-03-10 18:19:26.605,ARDUINO_PSI,Arduino,0.000,0.000,12.790,,
17.943212,2026-03-10 18:19:26.625,ARDUINO_PSI,Arduino,0.000,0.000,12.780,,
18.043807,2026-03-10 18:19:26.725,ARDUINO_PSI,Arduino,0.000,0.000,12.771,,
18.071083,2026-03-10 18:19:26.753,WJ_VOLTAGE,WJ1,0.000,0.000,0,0,"HV=OFF, Fault=NO"
18.143676,2026-03-10 18:19:26.825,ARDUINO_PSI,Arduino,0.000,0.000,12.769,,
18.243708,2026-03-10 18:19:26.925,ARDUINO_PSI,Arduino,0.000,0.000,12.771,,
18.344113,2026-03-10 18:19:27.026,ARDUINO_PSI,Arduino,0.000,0.000,12.771,,
18.400574,2026-03-10 18:19:27.082,WJ_VOLTAGE,WJ2,0.000,0.000,0,0,"HV=OFF, Fault=NO"
18.443615,2026-03-10 18:19:27.125,ARDUINO_PSI,Arduino,0.000,0.000,12.776,,
18.543749,2026-03-10 18:19:27.225,ARDUINO_PSI,Arduino,0.000,0.000,12.783,,
18.602993,2026-03-10 18:19:27.285,WJ_VOLTAGE,WJ1,0.000,0.000,0,0,"HV=OFF, Fault=NO"
18.643772,2026-03-10 18:19:27.325,ARDUINO_PSI,Arduino,0.000,0.000,12.787,,
18.743226,2026-03-10 18:19:27.425,ARDUINO_PSI,Arduino,0.000,0.000,12.785,,
18.843449,2026-03-10 18:19:27.525,ARDUINO_PSI,Arduino,0.000,0.000,12.778,,
18.927112,2026-03-10 18:19:27.609,WJ_VOLTAGE,WJ2,0.000,0.000,0,0,"HV=OFF, Fault=NO"
18.943486,2026-03-10 18:19:27.625,ARDUINO_PSI,Arduino,0.000,0.000,12.771,,
19.043200,2026-03-10 18:19:27.725,ARDUINO_PSI,Arduino,0.000,0.000,12.769,,
19.131553,2026-03-10 18:19:27.813,WJ_VOLTAGE,WJ1,0.000,0.000,0,0,"HV=OFF, Fault=NO"
19.143855,2026-03-10 18:19:27.826,ARDUINO_PSI,Arduino,0.000,0.000,12.764,,
19.244240,2026-03-10 18:19:27.926,ARDUINO_PSI,Arduino,0.000,0.000,12.776,,
19.343691,2026-03-10 18:19:28.025,ARDUINO_PSI,Arduino,0.000,0.000,12.764,,
19.443728,2026-03-10 18:19:28.125,ARDUINO_PSI,Arduino,0.000,0.000,12.760,,
19.458386,2026-03-10 18:19:28.140,WJ_VOLTAGE,WJ2,0.000,0.000,0,0,"HV=OFF, Fault=NO"
19.544281,2026-03-10 18:19:28.226,ARDUINO_PSI,Arduino,0.000,0.000,12.778,,
19.643790,2026-03-10 18:19:28.325,ARDUINO_PSI,Arduino,0.000,0.000,12.785,,
19.659268,2026-03-10 18:19:28.341,WJ_VOLTAGE,WJ1,0.000,0.000,0,0,"HV=OFF, Fault=NO"
19.743792,2026-03-10 18:19:28.425,ARDUINO_PSI,Arduino,0.000,0.000,12.783,,
19.843348,2026-03-10 18:19:28.525,ARDUINO_PSI,Arduino,0.000,0.000,12.792,,
20.051752,2026-03-10 18:19:28.733,WJ_VOLTAGE,WJ1,0.000,0.000,0,0,"HV=OFF, Fault=NO"
20.052241,2026-03-10 18:19:28.734,ARDUINO_PSI,Arduino,0.000,0.000,12.790,,
20.053524,2026-03-10 18:19:28.735,WJ_VOLTAGE,WJ2,0.000,0.000,0,0,"HV=OFF, Fault=NO"
20.053849,2026-03-10 18:19:28.735,ARDUINO_PSI,Arduino,0.000,0.000,12.796,,
20.143596,2026-03-10 18:19:28.825,ARDUINO_PSI,Arduino,0.000,0.000,12.808,,
20.243840,2026-03-10 18:19:28.925,ARDUINO_PSI,Arduino,0.000,0.000,12.801,,
20.343914,2026-03-10 18:19:29.026,ARDUINO_PSI,Arduino,0.000,0.000,12.803,,
20.443770,2026-03-10 18:19:29.125,ARDUINO_PSI,Arduino,0.000,0.000,12.806,,
20.517330,2026-03-10 18:19:29.199,WJ_VOLTAGE,WJ2,0.000,0.000,0,0,"HV=OFF, Fault=NO"
20.543738,2026-03-10 18:19:29.225,ARDUINO_PSI,Arduino,0.000,0.000,12.801,,
20.562651,2026-03-10 18:19:29.244,WJ_VOLTAGE,WJ1,0.000,0.000,0,0,"HV=OFF, Fault=NO"
20.643736,2026-03-10 18:19:29.325,ARDUINO_PSI,Arduino,0.000,0.000,12.801,,
20.743852,2026-03-10 18:19:29.426,ARDUINO_PSI,Arduino,0.000,0.000,12.803,,
20.843883,2026-03-10 18:19:29.526,ARDUINO_PSI,Arduino,0.000,0.000,12.796,,
20.943750,2026-03-10 18:19:29.625,ARDUINO_PSI,Arduino,0.000,0.000,12.787,,
21.044298,2026-03-10 18:19:29.726,ARDUINO_PSI,Arduino,0.000,0.000,12.794,,
21.046804,2026-03-10 18:19:29.728,WJ_VOLTAGE,WJ2,0.000,0.000,0,0,"HV=OFF, Fault=NO"
21.092448,2026-03-10 18:19:29.774,WJ_VOLTAGE,WJ1,0.000,0.000,0,0,"HV=OFF, Fault=NO"
21.143540,2026-03-10 18:19:29.825,ARDUINO_PSI,Arduino,0.000,0.000,12.799,,
21.243714,2026-03-10 18:19:29.925,ARDUINO_PSI,Arduino,0.000,0.000,12.799,,
21.344112,2026-03-10 18:19:30.026,ARDUINO_PSI,Arduino,0.000,0.000,12.801,,
21.443735,2026-03-10 18:19:30.125,ARDUINO_PSI,Arduino,0.000,0.000,12.801,,
21.543894,2026-03-10 18:19:30.226,ARDUINO_PSI,Arduino,0.000,0.000,12.785,,
21.574749,2026-03-10 18:19:30.256,WJ_VOLTAGE,WJ2,0.000,0.000,0,0,"HV=OFF, Fault=NO"
21.622715,2026-03-10 18:19:30.304,WJ_VOLTAGE,WJ1,0.000,0.000,0,0,"HV=OFF, Fault=NO"
21.643282,2026-03-10 18:19:30.325,ARDUINO_PSI,Arduino,0.000,0.000,12.785,,
21.743909,2026-03-10 18:19:30.426,ARDUINO_PSI,Arduino,0.000,0.000,12.790,,
21.843707,2026-03-10 18:19:30.525,ARDUINO_PSI,Arduino,0.000,0.000,12.790,,
21.943654,2026-03-10 18:19:30.625,ARDUINO_PSI,Arduino,0.000,0.000,12.794,,
22.043184,2026-03-10 18:19:30.725,ARDUINO_PSI,Arduino,0.000,0.000,12.787,,
22.104227,2026-03-10 18:19:30.786,WJ_VOLTAGE,WJ2,0.000,0.000,0,0,"HV=OFF, Fault=NO"
22.143722,2026-03-10 18:19:30.825,ARDUINO_PSI,Arduino,0.000,0.000,12.778,,
22.151692,2026-03-10 18:19:30.833,WJ_VOLTAGE,WJ1,0.000,0.000,0,0,"HV=OFF, Fault=NO"
22.243934,2026-03-10 18:19:30.926,ARDUINO_PSI,Arduino,0.000,0.000,12.780,,
22.343903,2026-03-10 18:19:31.026,ARDUINO_PSI,Arduino,0.000,0.000,12.783,,
22.443885,2026-03-10 18:19:31.126,ARDUINO_PSI,Arduino,0.000,0.000,12.774,,
22.544088,2026-03-10 18:19:31.226,ARDUINO_PSI,Arduino,0.000,0.000,12.771,,
22.633245,2026-03-10 18:19:31.315,WJ_VOLTAGE,WJ2,0.000,0.000,0,0,"HV=OFF, Fault=NO"
22.643052,2026-03-10 18:19:31.325,ARDUINO_PSI,Arduino,0.000,0.000,12.762,,
22.679790,2026-03-10 18:19:31.361,WJ_VOLTAGE,WJ1,0.000,0.000,0,0,"HV=OFF, Fault=NO"
22.743728,2026-03-10 18:19:31.425,ARDUINO_PSI,Arduino,0.000,0.000,12.753,,
22.843749,2026-03-10 18:19:31.525,ARDUINO_PSI,Arduino,0.000,0.000,12.764,,
22.943940,2026-03-10 18:19:31.626,ARDUINO_PSI,Arduino,0.000,0.000,12.767,,
23.043026,2026-03-10 18:19:31.725,ARDUINO_PSI,Arduino,0.000,0.000,12.774,,
23.143074,2026-03-10 18:19:31.825,ARDUINO_PSI,Arduino,0.000,0.000,12.771,,
23.164779,2026-03-10 18:19:31.846,WJ_VOLTAGE,WJ2,0.000,0.000,0,0,"HV=OFF, Fault=NO"
23.211749,2026-03-10 18:19:31.893,WJ_VOLTAGE,WJ1,0.000,0.000,0,0,"HV=OFF, Fault=NO"
23.243139,2026-03-10 18:19:31.925,ARDUINO_PSI,Arduino,0.000,0.000,12.771,,
23.344077,2026-03-10 18:19:32.026,ARDUINO_PSI,Arduino,0.000,0.000,12.778,,
23.443928,2026-03-10 18:19:32.126,ARDUINO_PSI,Arduino,0.000,0.000,12.792,,
23.543678,2026-03-10 18:19:32.225,ARDUINO_PSI,Arduino,0.000,0.000,12.794,,
23.643637,2026-03-10 18:19:32.325,ARDUINO_PSI,Arduino,0.000,0.000,12.799,,
23.693650,2026-03-10 18:19:32.375,WJ_VOLTAGE,WJ2,0.000,0.000,0,0,"HV=OFF, Fault=NO"
23.739473,2026-03-10 18:19:32.421,WJ_VOLTAGE,WJ1,0.000,0.000,0,0,"HV=OFF, Fault=NO"
23.743450,2026-03-10 18:19:32.425,ARDUINO_PSI,Arduino,0.000,0.000,12.794,,
23.843791,2026-03-10 18:19:32.525,ARDUINO_PSI,Arduino,0.000,0.000,12.780,,
23.943749,2026-03-10 18:19:32.625,ARDUINO_PSI,Arduino,0.000,0.000,12.780,,
24.045168,2026-03-10 18:19:32.727,ARDUINO_PSI,Arduino,0.000,0.000,12.790,,
24.143466,2026-03-10 18:19:32.825,ARDUINO_PSI,Arduino,0.000,0.000,12.792,,
24.220094,2026-03-10 18:19:32.902,WJ_VOLTAGE,WJ2,0.000,0.000,0,0,"HV=OFF, Fault=NO"
24.243096,2026-03-10 18:19:32.925,ARDUINO_PSI,Arduino,0.000,0.000,12.783,,
24.265540,2026-03-10 18:19:32.947,WJ_VOLTAGE,WJ1,0.000,0.000,0,0,"HV=OFF, Fault=NO"
24.344266,2026-03-10 18:19:33.026,ARDUINO_PSI,Arduino,0.000,0.000,12.780,,
24.443676,2026-03-10 18:19:33.125,ARDUINO_PSI,Arduino,0.000,0.000,12.783,,
24.544386,2026-03-10 18:19:33.226,ARDUINO_PSI,Arduino,0.000,0.000,12.785,,
24.643252,2026-03-10 18:19:33.325,ARDUINO_PSI,Arduino,0.000,0.000,12.783,,
24.743704,2026-03-10 18:19:33.425,ARDUINO_PSI,Arduino,0.000,0.000,12.801,,
24.748045,2026-03-10 18:19:33.430,WJ_VOLTAGE,WJ2,0.000,0.000,0,0,"HV=OFF, Fault=NO"
24.794388,2026-03-10 18:19:33.476,WJ_VOLTAGE,WJ1,0.000,0.000,0,0,"HV=OFF, Fault=NO"
24.843542,2026-03-10 18:19:33.525,ARDUINO_PSI,Arduino,0.000,0.000,12.794,,
24.943183,2026-03-10 18:19:33.625,ARDUINO_PSI,Arduino,0.000,0.000,12.806,,
25.044239,2026-03-10 18:19:33.726,ARDUINO_PSI,Arduino,0.000,0.000,12.803,,
25.143346,2026-03-10 18:19:33.825,ARDUINO_PSI,Arduino,0.000,0.000,12.796,,
25.243899,2026-03-10 18:19:33.926,ARDUINO_PSI,Arduino,0.000,0.000,12.785,,
25.277445,2026-03-10 18:19:33.959,WJ_VOLTAGE,WJ2,0.000,0.000,0,0,"HV=OFF, Fault=NO"
25.325397,2026-03-10 18:19:34.007,WJ_VOLTAGE,WJ1,0.000,0.000,0,0,"HV=OFF, Fault=NO"
25.343216,2026-03-10 18:19:34.025,ARDUINO_PSI,Arduino,0.000,0.000,12.785,,
25.443805,2026-03-10 18:19:34.125,ARDUINO_PSI,Arduino,0.000,0.000,12.769,,
25.543226,2026-03-10 18:19:34.225,ARDUINO_PSI,Arduino,0.000,0.000,12.764,,
25.644053,2026-03-10 18:19:34.326,ARDUINO_PSI,Arduino,0.000,0.000,12.762,,
25.743760,2026-03-10 18:19:34.425,ARDUINO_PSI,Arduino,0.000,0.000,12.769,,
25.806932,2026-03-10 18:19:34.489,WJ_VOLTAGE,WJ2,0.000,0.000,0,0,"HV=OFF, Fault=NO"
25.843855,2026-03-10 18:19:34.526,ARDUINO_PSI,Arduino,0.000,0.000,12.780,,
25.851216,2026-03-10 18:19:34.533,WJ_VOLTAGE,WJ1,0.000,0.000,0,0,"HV=OFF, Fault=NO"
25.943728,2026-03-10 18:19:34.625,ARDUINO_PSI,Arduino,0.000,0.000,12.783,,
26.044147,2026-03-10 18:19:34.726,ARDUINO_PSI,Arduino,0.000,0.000,12.774,,
26.143795,2026-03-10 18:19:34.825,ARDUINO_PSI,Arduino,0.000,0.000,12.778,,
26.243770,2026-03-10 18:19:34.925,ARDUINO_PSI,Arduino,0.000,0.000,12.790,,
26.335985,2026-03-10 18:19:35.018,WJ_VOLTAGE,WJ2,0.000,0.000,0,0,"HV=OFF, Fault=NO"
26.343100,2026-03-10 18:19:35.025,ARDUINO_PSI,Arduino,0.000,0.000,12.787,,
26.383326,2026-03-10 18:19:35.065,WJ_VOLTAGE,WJ1,0.000,0.000,0,0,"HV=OFF, Fault=NO"
26.444685,2026-03-10 18:19:35.126,ARDUINO_PSI,Arduino,0.000,0.000,12.794,,
26.543866,2026-03-10 18:19:35.226,ARDUINO_PSI,Arduino,0.000,0.000,12.794,,
26.643694,2026-03-10 18:19:35.325,ARDUINO_PSI,Arduino,0.000,0.000,12.801,,
26.743652,2026-03-10 18:19:35.425,ARDUINO_PSI,Arduino,0.000,0.000,12.783,,
26.843802,2026-03-10 18:19:35.525,ARDUINO_PSI,Arduino,0.000,0.000,12.776,,
26.866865,2026-03-10 18:19:35.549,WJ_VOLTAGE,WJ2,0.000,0.000,0,0,"HV=OFF, Fault=NO"
26.915222,2026-03-10 18:19:35.597,WJ_VOLTAGE,WJ1,0.000,0.000,0,0,"HV=OFF, Fault=NO"
26.943649,2026-03-10 18:19:35.625,ARDUINO_PSI,Arduino,0.000,0.000,12.771,,
27.044183,2026-03-10 18:19:35.726,ARDUINO_PSI,Arduino,0.000,0.000,12.758,,
27.143888,2026-03-10 18:19:35.826,ARDUINO_PSI,Arduino,0.000,0.000,12.771,,
27.243726,2026-03-10 18:19:35.925,ARDUINO_PSI,Arduino,0.000,0.000,12.785,,
27.343386,2026-03-10 18:19:36.025,ARDUINO_PSI,Arduino,0.000,0.000,12.774,,
27.395888,2026-03-10 18:19:36.078,WJ_VOLTAGE,WJ2,0.000,0.000,0,0,"HV=OFF, Fault=NO"
27.443231,2026-03-10 18:19:36.125,WJ_VOLTAGE,WJ1,0.000,0.000,0,0,"HV=OFF, Fault=NO"
27.443766,2026-03-10 18:19:36.125,ARDUINO_PSI,Arduino,0.000,0.000,12.774,,
27.543693,2026-03-10 18:19:36.225,ARDUINO_PSI,Arduino,0.000,0.000,12.771,,
27.643776,2026-03-10 18:19:36.325,ARDUINO_PSI,Arduino,0.000,0.000,12.771,,
27.743728,2026-03-10 18:19:36.425,ARDUINO_PSI,Arduino,0.000,0.000,12.774,,
27.843663,2026-03-10 18:19:36.525,ARDUINO_PSI,Arduino,0.000,0.000,12.771,,
27.926069,2026-03-10 18:19:36.608,WJ_VOLTAGE,WJ2,0.000,0.000,0,0,"HV=OFF, Fault=NO"
27.943105,2026-03-10 18:19:36.625,ARDUINO_PSI,Arduino,0.000,0.000,12.760,,
27.971335,2026-03-10 18:19:36.653,WJ_VOLTAGE,WJ1,0.000,0.000,0,0,"HV=OFF, Fault=NO"
28.044426,2026-03-10 18:19:36.726,ARDUINO_PSI,Arduino,0.000,0.000,12.764,,
28.143910,2026-03-10 18:19:36.826,ARDUINO_PSI,Arduino,0.000,0.000,12.764,,
28.244083,2026-03-10 18:19:36.926,ARDUINO_PSI,Arduino,0.000,0.000,12.764,,
28.343165,2026-03-10 18:19:37.025,ARDUINO_PSI,Arduino,0.000,0.000,12.762,,
28.444249,2026-03-10 18:19:37.126,ARDUINO_PSI,Arduino,0.000,0.000,12.751,,
28.451948,2026-03-10 18:19:37.134,WJ_VOLTAGE,WJ2,0.000,0.000,0,0,"HV=OFF, Fault=NO"
28.499819,2026-03-10 18:19:37.181,WJ_VOLTAGE,WJ1,0.000,0.000,0,0,"HV=OFF, Fault=NO"
28.543533,2026-03-10 18:19:37.225,ARDUINO_PSI,Arduino,0.000,0.000,12.762,,
28.643186,2026-03-10 18:19:37.325,ARDUINO_PSI,Arduino,0.000,0.000,12.764,,
28.743747,2026-03-10 18:19:37.425,ARDUINO_PSI,Arduino,0.000,0.000,12.764,,
28.844556,2026-03-10 18:19:37.526,ARDUINO_PSI,Arduino,0.000,0.000,12.776,,
28.943618,2026-03-10 18:19:37.625,ARDUINO_PSI,Arduino,0.000,0.000,12.776,,
28.974550,2026-03-10 18:19:37.656,WJ_VOLTAGE,WJ2,0.000,0.000,0,0,"HV=OFF, Fault=NO"
29.021285,2026-03-10 18:19:37.703,WJ_VOLTAGE,WJ1,0.000,0.000,0,0,"HV=OFF, Fault=NO"
29.043218,2026-03-10 18:19:37.725,ARDUINO_PSI,Arduino,0.000,0.000,12.785,,
29.143079,2026-03-10 18:19:37.825,ARDUINO_PSI,Arduino,0.000,0.000,12.778,,
29.243163,2026-03-10 18:19:37.925,ARDUINO_PSI,Arduino,0.000,0.000,12.774,,
29.343823,2026-03-10 18:19:38.025,ARDUINO_PSI,Arduino,0.000,0.000,12.776,,
29.443892,2026-03-10 18:19:38.126,ARDUINO_PSI,Arduino,0.000,0.000,12.780,,
29.503157,2026-03-10 18:19:38.185,WJ_VOLTAGE,WJ2,0.000,0.000,0,0,"HV=OFF, Fault=NO"
29.543864,2026-03-10 18:19:38.226,ARDUINO_PSI,Arduino,0.000,0.000,12.790,,
29.548758,2026-03-10 18:19:38.230,WJ_VOLTAGE,WJ1,0.000,0.000,0,0,"HV=OFF, Fault=NO"
29.643811,2026-03-10 18:19:38.325,ARDUINO_PSI,Arduino,0.000,0.000,12.783,,
29.743738,2026-03-10 18:19:38.425,ARDUINO_PSI,Arduino,0.000,0.000,12.776,,
29.844523,2026-03-10 18:19:38.526,ARDUINO_PSI,Arduino,0.000,0.000,12.769,,
29.943829,2026-03-10 18:19:38.625,ARDUINO_PSI,Arduino,0.000,0.000,12.771,,
30.031184,2026-03-10 18:19:38.713,WJ_VOLTAGE,WJ2,0.000,0.000,0,0,"HV=OFF, Fault=NO"
30.043668,2026-03-10 18:19:38.725,ARDUINO_PSI,Arduino,0.000,0.000,12.771,,
30.077719,2026-03-10 18:19:38.759,WJ_VOLTAGE,WJ1,0.000,0.000,0,0,"HV=OFF, Fault=NO"
30.143724,2026-03-10 18:19:38.825,ARDUINO_PSI,Arduino,0.000,0.000,12.760,,
30.243857,2026-03-10 18:19:38.926,ARDUINO_PSI,Arduino,0.000,0.000,12.764,,
30.343957,2026-03-10 18:19:39.026,ARDUINO_PSI,Arduino,0.000,0.000,12.762,,
30.443741,2026-03-10 18:19:39.125,ARDUINO_PSI,Arduino,0.000,0.000,12.764,,
30.543779,2026-03-10 18:19:39.225,ARDUINO_PSI,Arduino,0.000,0.000,12.764,,
30.563927,2026-03-10 18:19:39.246,WJ_VOLTAGE,WJ2,0.000,0.000,0,0,"HV=OFF, Fault=NO"
30.609043,2026-03-10 18:19:39.291,WJ_VOLTAGE,WJ1,0.000,0.000,0,0,"HV=OFF, Fault=NO"
30.643761,2026-03-10 18:19:39.325,ARDUINO_PSI,Arduino,0.000,0.000,12.755,,
30.743873,2026-03-10 18:19:39.426,ARDUINO_PSI,Arduino,0.000,0.000,12.769,,
30.843902,2026-03-10 18:19:39.526,ARDUINO_PSI,Arduino,0.000,0.000,12.769,,
30.944094,2026-03-10 18:19:39.626,ARDUINO_PSI,Arduino,0.000,0.000,12.758,,
31.044633,2026-03-10 18:19:39.726,ARDUINO_PSI,Arduino,0.000,0.000,12.751,,
31.091573,2026-03-10 18:19:39.773,WJ_VOLTAGE,WJ2,0.000,0.000,0,0,"HV=OFF, Fault=NO"
31.137662,2026-03-10 18:19:39.819,WJ_VOLTAGE,WJ1,0.000,0.000,0,0,"HV=OFF, Fault=NO"
31.143852,2026-03-10 18:19:39.826,ARDUINO_PSI,Arduino,0.000,0.000,12.744,,
31.244589,2026-03-10 18:19:39.926,ARDUINO_PSI,Arduino,0.000,0.000,12.746,,
31.343638,2026-03-10 18:19:40.025,ARDUINO_PSI,Arduino,0.000,0.000,12.748,,
31.443754,2026-03-10 18:19:40.125,ARDUINO_PSI,Arduino,0.000,0.000,12.742,,
31.543776,2026-03-10 18:19:40.225,ARDUINO_PSI,Arduino,0.000,0.000,12.735,,
31.618908,2026-03-10 18:19:40.301,WJ_VOLTAGE,WJ2,0.000,0.000,0,0,"HV=OFF, Fault=NO"
31.643648,2026-03-10 18:19:40.325,ARDUINO_PSI,Arduino,0.000,0.000,12.751,,
31.664293,2026-03-10 18:19:40.346,WJ_VOLTAGE,WJ1,0.000,0.000,0,0,"HV=OFF, Fault=NO"
31.743800,2026-03-10 18:19:40.425,ARDUINO_PSI,Arduino,0.000,0.000,12.755,,
31.843871,2026-03-10 18:19:40.526,ARDUINO_PSI,Arduino,0.000,0.000,12.760,,
31.943675,2026-03-10 18:19:40.625,ARDUINO_PSI,Arduino,0.000,0.000,12.764,,
32.043161,2026-03-10 18:19:40.725,ARDUINO_PSI,Arduino,0.000,0.000,12.764,,
32.143989,2026-03-10 18:19:40.826,ARDUINO_PSI,Arduino,0.000,0.000,12.774,,
32.150450,2026-03-10 18:19:40.832,WJ_VOLTAGE,WJ2,0.000,0.000,0,0,"HV=OFF, Fault=NO"
32.196801,2026-03-10 18:19:40.878,WJ_VOLTAGE,WJ1,0.000,0.000,0,0,"HV=OFF, Fault=NO"
32.243725,2026-03-10 18:19:40.925,ARDUINO_PSI,Arduino,0.000,0.000,12.769,,
32.343704,2026-03-10 18:19:41.025,ARDUINO_PSI,Arduino,0.000,0.000,12.780,,
32.443685,2026-03-10 18:19:41.125,ARDUINO_PSI,Arduino,0.000,0.000,12.778,,
32.543832,2026-03-10 18:19:41.225,ARDUINO_PSI,Arduino,0.000,0.000,12.771,,
32.643807,2026-03-10 18:19:41.325,ARDUINO_PSI,Arduino,0.000,0.000,12.783,,
32.678553,2026-03-10 18:19:41.360,WJ_VOLTAGE,WJ2,0.000,0.000,0,0,"HV=OFF, Fault=NO"
32.725366,2026-03-10 18:19:41.407,WJ_VOLTAGE,WJ1,0.000,0.000,0,0,"HV=OFF, Fault=NO"
32.743091,2026-03-10 18:19:41.425,ARDUINO_PSI,Arduino,0.000,0.000,12.778,,
32.843931,2026-03-10 18:19:41.526,ARDUINO_PSI,Arduino,0.000,0.000,12.769,,
32.944173,2026-03-10 18:19:41.626,ARDUINO_PSI,Arduino,0.000,0.000,12.769,,
33.043813,2026-03-10 18:19:41.725,ARDUINO_PSI,Arduino,0.000,0.000,12.769,,
33.143894,2026-03-10 18:19:41.826,ARDUINO_PSI,Arduino,0.000,0.000,12.778,,
33.212199,2026-03-10 18:19:41.894,WJ_VOLTAGE,WJ2,0.000,0.000,0,0,"HV=OFF, Fault=NO"
33.243150,2026-03-10 18:19:41.925,ARDUINO_PSI,Arduino,0.000,0.000,12.785,,
33.255764,2026-03-10 18:19:41.937,WJ_VOLTAGE,WJ1,0.000,0.000,0,0,"HV=OFF, Fault=NO"
33.343835,2026-03-10 18:19:42.025,ARDUINO_PSI,Arduino,0.000,0.000,12.787,,
33.443880,2026-03-10 18:19:42.126,ARDUINO_PSI,Arduino,0.000,0.000,12.787,,
33.544011,2026-03-10 18:19:42.226,ARDUINO_PSI,Arduino,0.000,0.000,12.780,,
33.643832,2026-03-10 18:19:42.325,ARDUINO_PSI,Arduino,0.000,0.000,12.762,,
33.739835,2026-03-10 18:19:42.421,WJ_VOLTAGE,WJ2,0.000,0.000,0,0,"HV=OFF, Fault=NO"
33.744936,2026-03-10 18:19:42.427,ARDUINO_PSI,Arduino,0.000,0.000,12.755,,
33.785175,2026-03-10 18:19:42.467,WJ_VOLTAGE,WJ1,0.000,0.000,0,0,"HV=OFF, Fault=NO"
33.843743,2026-03-10 18:19:42.525,ARDUINO_PSI,Arduino,0.000,0.000,12.764,,
33.944008,2026-03-10 18:19:42.626,ARDUINO_PSI,Arduino,0.000,0.000,12.764,,
34.043990,2026-03-10 18:19:42.726,ARDUINO_PSI,Arduino,0.000,0.000,12.771,,
34.143778,2026-03-10 18:19:42.825,ARDUINO_PSI,Arduino,0.000,0.000,12.764,,
34.243931,2026-03-10 18:19:42.926,ARDUINO_PSI,Arduino,0.000,0.000,12.753,,
34.269143,2026-03-10 18:19:42.951,WJ_VOLTAGE,WJ2,0.000,0.000,0,0,"HV=OFF, Fault=NO"
34.316307,2026-03-10 18:19:42.998,WJ_VOLTAGE,WJ1,0.000,0.000,0,0,"HV=OFF, Fault=NO"
34.343801,2026-03-10 18:19:43.025,ARDUINO_PSI,Arduino,0.000,0.000,12.755,,
34.443715,2026-03-10 18:19:43.125,ARDUINO_PSI,Arduino,0.000,0.000,12.758,,
34.544039,2026-03-10 18:19:43.226,ARDUINO_PSI,Arduino,0.000,0.000,12.760,,
34.643877,2026-03-10 18:19:43.326,ARDUINO_PSI,Arduino,0.000,0.000,12.751,,
34.743662,2026-03-10 18:19:43.425,ARDUINO_PSI,Arduino,0.000,0.000,12.755,,
34.799578,2026-03-10 18:19:43.481,WJ_VOLTAGE,WJ2,0.000,0.000,0,0,"HV=OFF, Fault=NO"
34.843176,2026-03-10 18:19:43.525,ARDUINO_PSI,Arduino,0.000,0.000,12.769,,
34.845669,2026-03-10 18:19:43.527,WJ_VOLTAGE,WJ1,0.000,0.000,0,0,"HV=OFF, Fault=NO"
34.943412,2026-03-10 18:19:43.625,ARDUINO_PSI,Arduino,0.000,0.000,12.785,,
35.043901,2026-03-10 18:19:43.726,ARDUINO_PSI,Arduino,0.000,0.000,12.785,,
35.144096,2026-03-10 18:19:43.826,ARDUINO_PSI,Arduino,0.000,0.000,12.780,,
35.243856,2026-03-10 18:19:43.926,ARDUINO_PSI,Arduino,0.000,0.000,12.776,,
35.331839,2026-03-10 18:19:44.013,WJ_VOLTAGE,WJ2,0.000,0.000,0,0,"HV=OFF, Fault=NO"
35.343650,2026-03-10 18:19:44.025,ARDUINO_PSI,Arduino,0.000,0.000,12.783,,
35.377291,2026-03-10 18:19:44.059,WJ_VOLTAGE,WJ1,0.000,0.000,0,0,"HV=OFF, Fault=NO"
35.443127,2026-03-10 18:19:44.125,ARDUINO_PSI,Arduino,0.000,0.000,12.790,,
35.543644,2026-03-10 18:19:44.225,ARDUINO_PSI,Arduino,0.000,0.000,12.792,,
35.643842,2026-03-10 18:19:44.325,ARDUINO_PSI,Arduino,0.000,0.000,12.792,,
35.746538,2026-03-10 18:19:44.428,ARDUINO_PSI,Arduino,0.000,0.000,12.796,,
35.843481,2026-03-10 18:19:44.525,ARDUINO_PSI,Arduino,0.000,0.000,12.783,,
35.860729,2026-03-10 18:19:44.542,WJ_VOLTAGE,WJ2,0.000,0.000,0,0,"HV=OFF, Fault=NO"
35.908099,2026-03-10 18:19:44.590,WJ_VOLTAGE,WJ1,0.000,0.000,0,0,"HV=OFF, Fault=NO"
35.944133,2026-03-10 18:19:44.626,ARDUINO_PSI,Arduino,0.000,0.000,12.780,,
36.043851,2026-03-10 18:19:44.726,ARDUINO_PSI,Arduino,0.000,0.000,12.778,,
36.143864,2026-03-10 18:19:44.826,ARDUINO_PSI,Arduino,0.000,0.000,12.787,,
36.243889,2026-03-10 18:19:44.926,ARDUINO_PSI,Arduino,0.000,0.000,12.799,,
36.343417,2026-03-10 18:19:45.025,ARDUINO_PSI,Arduino,0.000,0.000,12.792,,
36.391675,2026-03-10 18:19:45.073,WJ_VOLTAGE,WJ2,0.000,0.000,0,0,"HV=OFF, Fault=NO"
36.438537,2026-03-10 18:19:45.120,WJ_VOLTAGE,WJ1,0.000,0.000,0,0,"HV=OFF, Fault=NO"
36.443596,2026-03-10 18:19:45.125,ARDUINO_PSI,Arduino,0.000,0.000,12.808,,
36.543835,2026-03-10 18:19:45.225,ARDUINO_PSI,Arduino,0.000,0.000,12.810,,
36.643268,2026-03-10 18:19:45.325,ARDUINO_PSI,Arduino,0.000,0.000,12.815,,
36.743738,2026-03-10 18:19:45.425,ARDUINO_PSI,Arduino,0.000,0.000,12.817,,
36.843712,2026-03-10 18:19:45.525,ARDUINO_PSI,Arduino,0.000,0.000,12.808,,
36.920728,2026-03-10 18:19:45.602,WJ_VOLTAGE,WJ2,0.000,0.000,0,0,"HV=OFF, Fault=NO"
36.943229,2026-03-10 18:19:45.625,ARDUINO_PSI,Arduino,0.000,0.000,12.801,,
36.965580,2026-03-10 18:19:45.647,WJ_VOLTAGE,WJ1,0.000,0.000,0,0,"HV=OFF, Fault=NO"
37.044706,2026-03-10 18:19:45.726,ARDUINO_PSI,Arduino,0.000,0.000,12.799,,
37.143965,2026-03-10 18:19:45.826,ARDUINO_PSI,Arduino,0.000,0.000,12.792,,
37.243899,2026-03-10 18:19:45.926,ARDUINO_PSI,Arduino,0.000,0.000,12.785,,
37.343827,2026-03-10 18:19:46.025,ARDUINO_PSI,Arduino,0.000,0.000,12.780,,
37.443869,2026-03-10 18:19:46.126,ARDUINO_PSI,Arduino,0.000,0.000,12.774,,
37.450398,2026-03-10 18:19:46.132,WJ_VOLTAGE,WJ2,0.000,0.000,0,0,"HV=OFF, Fault=NO"
37.495160,2026-03-10 18:19:46.177,WJ_VOLTAGE,WJ1,0.000,0.000,0,0,"HV=OFF, Fault=NO"
37.543845,2026-03-10 18:19:46.225,ARDUINO_PSI,Arduino,0.000,0.000,12.776,,
37.643833,2026-03-10 18:19:46.325,ARDUINO_PSI,Arduino,0.000,0.000,12.790,,
37.743752,2026-03-10 18:19:46.425,ARDUINO_PSI,Arduino,0.000,0.000,12.783,,
37.843729,2026-03-10 18:19:46.525,ARDUINO_PSI,Arduino,0.000,0.000,12.787,,
37.944058,2026-03-10 18:19:46.626,ARDUINO_PSI,Arduino,0.000,0.000,12.794,,
37.974860,2026-03-10 18:19:46.657,WJ_VOLTAGE,WJ2,0.000,0.000,0,0,"HV=OFF, Fault=NO"
38.022621,2026-03-10 18:19:46.704,WJ_VOLTAGE,WJ1,0.000,0.000,0,0,"HV=OFF, Fault=NO"
38.043133,2026-03-10 18:19:46.725,ARDUINO_PSI,Arduino,0.000,0.000,12.803,,
38.143294,2026-03-10 18:19:46.825,ARDUINO_PSI,Arduino,0.000,0.000,12.801,,
38.243086,2026-03-10 18:19:46.925,ARDUINO_PSI,Arduino,0.000,0.000,12.792,,
38.343876,2026-03-10 18:19:47.026,ARDUINO_PSI,Arduino,0.000,0.000,12.792,,
38.443901,2026-03-10 18:19:47.126,ARDUINO_PSI,Arduino,0.000,0.000,12.787,,
38.503273,2026-03-10 18:19:47.185,WJ_VOLTAGE,WJ2,0.000,0.000,0,0,"HV=OFF, Fault=NO"
38.543118,2026-03-10 18:19:47.225,ARDUINO_PSI,Arduino,0.000,0.000,12.778,,
38.549346,2026-03-10 18:19:47.231,WJ_VOLTAGE,WJ1,0.000,0.000,0,0,"HV=OFF, Fault=NO"
38.643841,2026-03-10 18:19:47.325,ARDUINO_PSI,Arduino,0.000,0.000,12.776,,
38.743746,2026-03-10 18:19:47.425,ARDUINO_PSI,Arduino,0.000,0.000,12.776,,
38.843796,2026-03-10 18:19:47.525,ARDUINO_PSI,Arduino,0.000,0.000,12.780,,
38.943888,2026-03-10 18:19:47.626,ARDUINO_PSI,Arduino,0.000,0.000,12.787,,
39.032055,2026-03-10 18:19:47.714,WJ_VOLTAGE,WJ2,0.000,0.000,0,0,"HV=OFF, Fault=NO"
39.043989,2026-03-10 18:19:47.726,ARDUINO_PSI,Arduino,0.000,0.000,12.803,,
39.078732,2026-03-10 18:19:47.760,WJ_VOLTAGE,WJ1,0.000,0.000,0,0,"HV=OFF, Fault=NO"
39.143897,2026-03-10 18:19:47.826,ARDUINO_PSI,Arduino,0.000,0.000,12.810,,
39.243793,2026-03-10 18:19:47.925,ARDUINO_PSI,Arduino,0.000,0.000,12.822,,
39.343474,2026-03-10 18:19:48.025,ARDUINO_PSI,Arduino,0.000,0.000,12.828,,
39.443416,2026-03-10 18:19:48.125,ARDUINO_PSI,Arduino,0.000,0.000,12.842,,
39.543671,2026-03-10 18:19:48.225,ARDUINO_PSI,Arduino,0.000,0.000,12.854,,
39.564220,2026-03-10 18:19:48.246,WJ_VOLTAGE,WJ2,0.000,0.000,0,0,"HV=OFF, Fault=NO"
39.610135,2026-03-10 18:19:48.292,WJ_VOLTAGE,WJ1,0.000,0.000,0,0,"HV=OFF, Fault=NO"
39.644263,2026-03-10 18:19:48.326,ARDUINO_PSI,Arduino,0.000,0.000,12.851,,
39.743196,2026-03-10 18:19:48.425,ARDUINO_PSI,Arduino,0.000,0.000,12.847,,
39.844043,2026-03-10 18:19:48.526,ARDUINO_PSI,Arduino,0.000,0.000,12.858,,
39.943087,2026-03-10 18:19:48.625,ARDUINO_PSI,Arduino,0.000,0.000,12.856,,
40.043077,2026-03-10 18:19:48.725,ARDUINO_PSI,Arduino,0.000,0.000,12.847,,
40.097687,2026-03-10 18:19:48.779,WJ_VOLTAGE,WJ2,0.000,0.000,0,0,"HV=OFF, Fault=NO"
40.142707,2026-03-10 18:19:48.824,WJ_VOLTAGE,WJ1,0.000,0.000,0,0,"HV=OFF, Fault=NO"
40.146971,2026-03-10 18:19:48.829,ARDUINO_PSI,Arduino,0.000,0.000,12.861,,
40.243876,2026-03-10 18:19:48.926,ARDUINO_PSI,Arduino,0.000,0.000,12.861,,
40.344516,2026-03-10 18:19:49.026,ARDUINO_PSI,Arduino,0.000,0.000,12.858,,
40.443935,2026-03-10 18:19:49.126,ARDUINO_PSI,Arduino,0.000,0.000,12.847,,
40.543710,2026-03-10 18:19:49.225,ARDUINO_PSI,Arduino,0.000,0.000,12.851,,
40.625758,2026-03-10 18:19:49.307,WJ_VOLTAGE,WJ2,0.000,0.000,0,0,"HV=OFF, Fault=NO"
40.643268,2026-03-10 18:19:49.325,ARDUINO_PSI,Arduino,0.000,0.000,12.854,,
40.671289,2026-03-10 18:19:49.353,WJ_VOLTAGE,WJ1,0.000,0.000,0,0,"HV=OFF, Fault=NO"
40.743152,2026-03-10 18:19:49.425,ARDUINO_PSI,Arduino,0.000,0.000,12.854,,
40.843851,2026-03-10 18:19:49.526,ARDUINO_PSI,Arduino,0.000,0.000,12.847,,
40.943648,2026-03-10 18:19:49.625,ARDUINO_PSI,Arduino,0.000,0.000,12.847,,
41.043692,2026-03-10 18:19:49.725,ARDUINO_PSI,Arduino,0.000,0.000,12.847,,
41.143640,2026-03-10 18:19:49.825,ARDUINO_PSI,Arduino,0.000,0.000,12.845,,
41.155353,2026-03-10 18:19:49.837,WJ_VOLTAGE,WJ2,0.000,0.000,0,0,"HV=OFF, Fault=NO"
41.203108,2026-03-10 18:19:49.885,WJ_VOLTAGE,WJ1,0.000,0.000,0,0,"HV=OFF, Fault=NO"
41.243715,2026-03-10 18:19:49.925,ARDUINO_PSI,Arduino,0.000,0.000,12.835,,
41.344025,2026-03-10 18:19:50.026,ARDUINO_PSI,Arduino,0.000,0.000,12.833,,
41.443745,2026-03-10 18:19:50.125,ARDUINO_PSI,Arduino,0.000,0.000,12.835,,
41.544031,2026-03-10 18:19:50.226,ARDUINO_PSI,Arduino,0.000,0.000,12.817,,
41.643666,2026-03-10 18:19:50.325,ARDUINO_PSI,Arduino,0.000,0.000,12.815,,
41.684292,2026-03-10 18:19:50.366,WJ_VOLTAGE,WJ2,0.000,0.000,0,0,"HV=OFF, Fault=NO"
41.732721,2026-03-10 18:19:50.414,WJ_VOLTAGE,WJ1,0.000,0.000,0,0,"HV=OFF, Fault=NO"
41.743098,2026-03-10 18:19:50.425,ARDUINO_PSI,Arduino,0.000,0.000,12.817,,
41.843774,2026-03-10 18:19:50.525,ARDUINO_PSI,Arduino,0.000,0.000,12.799,,
41.943871,2026-03-10 18:19:50.626,ARDUINO_PSI,Arduino,0.000,0.000,12.801,,
42.043082,2026-03-10 18:19:50.725,ARDUINO_PSI,Arduino,0.000,0.000,12.803,,
42.143737,2026-03-10 18:19:50.825,ARDUINO_PSI,Arduino,0.000,0.000,12.787,,
42.211706,2026-03-10 18:19:50.893,WJ_VOLTAGE,WJ2,0.000,0.000,0,0,"HV=OFF, Fault=NO"
42.243322,2026-03-10 18:19:50.925,ARDUINO_PSI,Arduino,0.000,0.000,12.787,,
42.256408,2026-03-10 18:19:50.938,WJ_VOLTAGE,WJ1,0.000,0.000,0,0,"HV=OFF, Fault=NO"
42.343840,2026-03-10 18:19:51.025,ARDUINO_PSI,Arduino,0.000,0.000,12.787,,
42.443179,2026-03-10 18:19:51.125,ARDUINO_PSI,Arduino,0.000,0.000,12.792,,
42.543144,2026-03-10 18:19:51.225,ARDUINO_PSI,Arduino,0.000,0.000,12.792,,
42.643866,2026-03-10 18:19:51.326,ARDUINO_PSI,Arduino,0.000,0.000,12.783,,
42.738947,2026-03-10 18:19:51.421,WJ_VOLTAGE,WJ2,0.000,0.000,0,0,"HV=OFF, Fault=NO"
42.743098,2026-03-10 18:19:51.425,ARDUINO_PSI,Arduino,0.000,0.000,12.787,,
42.785327,2026-03-10 18:19:51.467,WJ_VOLTAGE,WJ1,0.000,0.000,0,0,"HV=OFF, Fault=NO"
42.843924,2026-03-10 18:19:51.526,ARDUINO_PSI,Arduino,0.000,0.000,12.794,,
42.943628,2026-03-10 18:19:51.625,ARDUINO_PSI,Arduino,0.000,0.000,12.792,,
43.043818,2026-03-10 18:19:51.725,ARDUINO_PSI,Arduino,0.000,0.000,12.783,,
43.143882,2026-03-10 18:19:51.826,ARDUINO_PSI,Arduino,0.000,0.000,12.780,,
43.243402,2026-03-10 18:19:51.925,ARDUINO_PSI,Arduino,0.000,0.000,12.780,,
43.269506,2026-03-10 18:19:51.951,WJ_VOLTAGE,WJ2,0.000,0.000,0,0,"HV=OFF, Fault=NO"
43.317014,2026-03-10 18:19:51.999,WJ_VOLTAGE,WJ1,0.000,0.000,0,0,"HV=OFF, Fault=NO"
43.343158,2026-03-10 18:19:52.025,ARDUINO_PSI,Arduino,0.000,0.000,12.774,,
43.443102,2026-03-10 18:19:52.125,ARDUINO_PSI,Arduino,0.000,0.000,12.771,,
43.543093,2026-03-10 18:19:52.225,ARDUINO_PSI,Arduino,0.000,0.000,12.783,,
43.643617,2026-03-10 18:19:52.325,ARDUINO_PSI,Arduino,0.000,0.000,12.785,,
43.743662,2026-03-10 18:19:52.425,ARDUINO_PSI,Arduino,0.000,0.000,12.799,,
43.801406,2026-03-10 18:19:52.483,WJ_VOLTAGE,WJ2,0.000,0.000,0,0,"HV=OFF, Fault=NO"
43.843811,2026-03-10 18:19:52.525,ARDUINO_PSI,Arduino,0.000,0.000,12.812,,
43.848592,2026-03-10 18:19:52.530,WJ_VOLTAGE,WJ1,0.000,0.000,0,0,"HV=OFF, Fault=NO"
43.943668,2026-03-10 18:19:52.625,ARDUINO_PSI,Arduino,0.000,0.000,12.806,,
44.043950,2026-03-10 18:19:52.726,ARDUINO_PSI,Arduino,0.000,0.000,12.803,,
44.143832,2026-03-10 18:19:52.825,ARDUINO_PSI,Arduino,0.000,0.000,12.808,,
44.243094,2026-03-10 18:19:52.925,ARDUINO_PSI,Arduino,0.000,0.000,12.815,,
44.328230,2026-03-10 18:19:53.010,WJ_VOLTAGE,WJ2,0.000,0.000,0,0,"HV=OFF, Fault=NO"
44.343371,2026-03-10 18:19:53.025,ARDUINO_PSI,Arduino,0.000,0.000,12.810,,
44.376572,2026-03-10 18:19:53.058,WJ_VOLTAGE,WJ1,0.000,0.000,0,0,"HV=OFF, Fault=NO"
44.443991,2026-03-10 18:19:53.126,ARDUINO_PSI,Arduino,0.000,0.000,12.824,,
44.543889,2026-03-10 18:19:53.226,ARDUINO_PSI,Arduino,0.000,0.000,12.835,,
44.643195,2026-03-10 18:19:53.325,ARDUINO_PSI,Arduino,0.000,0.000,12.842,,
44.743426,2026-03-10 18:19:53.425,ARDUINO_PSI,Arduino,0.000,0.000,12.840,,
44.843091,2026-03-10 18:19:53.525,ARDUINO_PSI,Arduino,0.000,0.000,12.831,,
44.856755,2026-03-10 18:19:53.538,WJ_VOLTAGE,WJ2,0.000,0.000,0,0,"HV=OFF, Fault=NO"
44.903273,2026-03-10 18:19:53.585,WJ_VOLTAGE,WJ1,0.000,0.000,0,0,"HV=OFF, Fault=NO"
44.943645,2026-03-10 18:19:53.625,ARDUINO_PSI,Arduino,0.000,0.000,12.826,,
45.043696,2026-03-10 18:19:53.725,ARDUINO_PSI,Arduino,0.000,0.000,12.828,,
45.143763,2026-03-10 18:19:53.825,ARDUINO_PSI,Arduino,0.000,0.000,12.835,,
45.244096,2026-03-10 18:19:53.926,ARDUINO_PSI,Arduino,0.000,0.000,12.838,,
45.343721,2026-03-10 18:19:54.025,ARDUINO_PSI,Arduino,0.000,0.000,12.845,,
45.385812,2026-03-10 18:19:54.067,WJ_VOLTAGE,WJ2,0.000,0.000,0,0,"HV=OFF, Fault=NO"
45.433955,2026-03-10 18:19:54.116,WJ_VOLTAGE,WJ1,0.000,0.000,0,0,"HV=OFF, Fault=NO"
45.443363,2026-03-10 18:19:54.125,ARDUINO_PSI,Arduino,0.000,0.000,12.840,,
45.543681,2026-03-10 18:19:54.225,ARDUINO_PSI,Arduino,0.000,0.000,12.828,,
45.643590,2026-03-10 18:19:54.325,ARDUINO_PSI,Arduino,0.000,0.000,12.838,,
45.744071,2026-03-10 18:19:54.426,ARDUINO_PSI,Arduino,0.000,0.000,12.831,,
45.843719,2026-03-10 18:19:54.525,ARDUINO_PSI,Arduino,0.000,0.000,12.828,,
45.915514,2026-03-10 18:19:54.597,WJ_VOLTAGE,WJ2,0.000,0.000,0,0,"HV=OFF, Fault=NO"
45.943210,2026-03-10 18:19:54.625,ARDUINO_PSI,Arduino,0.000,0.000,12.822,,
45.961558,2026-03-10 18:19:54.643,WJ_VOLTAGE,WJ1,0.000,0.000,0,0,"HV=OFF, Fault=NO"
46.044106,2026-03-10 18:19:54.726,ARDUINO_PSI,Arduino,0.000,0.000,12.824,,
46.145633,2026-03-10 18:19:54.827,ARDUINO_PSI,Arduino,0.000,0.000,12.833,,
46.243773,2026-03-10 18:19:54.925,ARDUINO_PSI,Arduino,0.000,0.000,12.828,,
46.343433,2026-03-10 18:19:55.025,ARDUINO_PSI,Arduino,0.000,0.000,12.822,,
46.446933,2026-03-10 18:19:55.129,WJ_VOLTAGE,WJ2,0.000,0.000,0,0,"HV=OFF, Fault=NO"
46.448187,2026-03-10 18:19:55.130,ARDUINO_PSI,Arduino,0.000,0.000,12.808,,
46.491802,2026-03-10 18:19:55.173,WJ_VOLTAGE,WJ1,0.000,0.000,0,0,"HV=OFF, Fault=NO"
46.543662,2026-03-10 18:19:55.225,ARDUINO_PSI,Arduino,0.000,0.000,12.799,,
46.643870,2026-03-10 18:19:55.326,ARDUINO_PSI,Arduino,0.000,0.000,12.808,,
46.743255,2026-03-10 18:19:55.425,ARDUINO_PSI,Arduino,0.000,0.000,12.808,,
46.843812,2026-03-10 18:19:55.525,ARDUINO_PSI,Arduino,0.000,0.000,12.808,,
46.943695,2026-03-10 18:19:55.625,ARDUINO_PSI,Arduino,0.000,0.000,12.808,,
46.974879,2026-03-10 18:19:55.657,WJ_VOLTAGE,WJ2,0.000,0.000,0,0,"HV=OFF, Fault=NO"
47.023341,2026-03-10 18:19:55.705,WJ_VOLTAGE,WJ1,0.000,0.000,0,0,"HV=OFF, Fault=NO"
47.043175,2026-03-10 18:19:55.725,ARDUINO_PSI,Arduino,0.000,0.000,12.817,,
47.143905,2026-03-10 18:19:55.826,ARDUINO_PSI,Arduino,0.000,0.000,12.817,,
47.243453,2026-03-10 18:19:55.925,ARDUINO_PSI,Arduino,0.000,0.000,12.815,,
47.343907,2026-03-10 18:19:56.026,ARDUINO_PSI,Arduino,0.000,0.000,12.810,,
47.443838,2026-03-10 18:19:56.125,ARDUINO_PSI,Arduino,0.000,0.000,12.819,,
47.504058,2026-03-10 18:19:56.186,WJ_VOLTAGE,WJ2,0.000,0.000,0,0,"HV=OFF, Fault=NO"
47.543736,2026-03-10 18:19:56.225,ARDUINO_PSI,Arduino,0.000,0.000,12.819,,
47.549696,2026-03-10 18:19:56.231,WJ_VOLTAGE,WJ1,0.000,0.000,0,0,"HV=OFF, Fault=NO"
47.643626,2026-03-10 18:19:56.325,ARDUINO_PSI,Arduino,0.000,0.000,12.812,,
47.744001,2026-03-10 18:19:56.426,ARDUINO_PSI,Arduino,0.000,0.000,12.810,,
47.844027,2026-03-10 18:19:56.526,ARDUINO_PSI,Arduino,0.000,0.000,12.806,,
47.943170,2026-03-10 18:19:56.625,ARDUINO_PSI,Arduino,0.000,0.000,12.822,,
48.032949,2026-03-10 18:19:56.715,WJ_VOLTAGE,WJ2,0.000,0.000,0,0,"HV=OFF, Fault=NO"
48.043801,2026-03-10 18:19:56.725,ARDUINO_PSI,Arduino,0.000,0.000,12.817,,
48.078731,2026-03-10 18:19:56.760,WJ_VOLTAGE,WJ1,0.000,0.000,0,0,"HV=OFF, Fault=NO"
48.143893,2026-03-10 18:19:56.826,ARDUINO_PSI,Arduino,0.000,0.000,12.810,,
48.243869,2026-03-10 18:19:56.926,ARDUINO_PSI,Arduino,0.000,0.000,12.822,,
48.344649,2026-03-10 18:19:57.026,ARDUINO_PSI,Arduino,0.000,0.000,12.833,,
48.444042,2026-03-10 18:19:57.126,ARDUINO_PSI,Arduino,0.000,0.000,12.849,,
48.543872,2026-03-10 18:19:57.226,ARDUINO_PSI,Arduino,0.000,0.000,12.856,,
48.558343,2026-03-10 18:19:57.240,WJ_VOLTAGE,WJ2,0.000,0.000,0,0,"HV=OFF, Fault=NO"
48.604702,2026-03-10 18:19:57.286,WJ_VOLTAGE,WJ1,0.000,0.000,0,0,"HV=OFF, Fault=NO"
48.644551,2026-03-10 18:19:57.326,ARDUINO_PSI,Arduino,0.000,0.000,12.856,,
48.744604,2026-03-10 18:19:57.426,ARDUINO_PSI,Arduino,0.000,0.000,12.849,,
48.843355,2026-03-10 18:19:57.525,ARDUINO_PSI,Arduino,0.000,0.000,12.858,,
48.944717,2026-03-10 18:19:57.626,ARDUINO_PSI,Arduino,0.000,0.000,12.856,,
49.043136,2026-03-10 18:19:57.725,ARDUINO_PSI,Arduino,0.000,0.000,12.840,,
49.075379,2026-03-10 18:19:57.757,WJ_VOLTAGE,WJ2,0.000,0.000,0,0,"HV=OFF, Fault=NO"
49.138319,2026-03-10 18:19:57.820,WJ_VOLTAGE,WJ1,0.000,0.000,0,0,"HV=OFF, Fault=NO"
49.143295,2026-03-10 18:19:57.825,ARDUINO_PSI,Arduino,0.000,0.000,12.826,,
49.244611,2026-03-10 18:19:57.926,ARDUINO_PSI,Arduino,0.000,0.000,12.826,,
49.343818,2026-03-10 18:19:58.025,ARDUINO_PSI,Arduino,0.000,0.000,12.824,,
49.444900,2026-03-10 18:19:58.127,ARDUINO_PSI,Arduino,0.000,0.000,12.815,,
49.543947,2026-03-10 18:19:58.226,ARDUINO_PSI,Arduino,0.000,0.000,12.810,,
49.605706,2026-03-10 18:19:58.287,WJ_VOLTAGE,WJ2,0.000,0.000,0,0,"HV=OFF, Fault=NO"
49.643787,2026-03-10 18:19:58.325,ARDUINO_PSI,Arduino,0.000,0.000,12.808,,
49.668944,2026-03-10 18:19:58.351,WJ_VOLTAGE,WJ1,0.000,0.000,0,0,"HV=OFF, Fault=NO"
49.743170,2026-03-10 18:19:58.425,ARDUINO_PSI,Arduino,0.000,0.000,12.803,,
49.843481,2026-03-10 18:19:58.525,ARDUINO_PSI,Arduino,0.000,0.000,12.808,,
49.943872,2026-03-10 18:19:58.626,ARDUINO_PSI,Arduino,0.000,0.000,12.794,,
50.043970,2026-03-10 18:19:58.726,ARDUINO_PSI,Arduino,0.000,0.000,12.787,,
50.125780,2026-03-10 18:19:58.807,WJ_VOLTAGE,WJ2,0.000,0.000,0,0,"HV=OFF, Fault=NO"
50.143383,2026-03-10 18:19:58.825,ARDUINO_PSI,Arduino,0.000,0.000,12.785,,
50.188127,2026-03-10 18:19:58.870,WJ_VOLTAGE,WJ1,0.000,0.000,0,0,"HV=OFF, Fault=NO"
50.243886,2026-03-10 18:19:58.926,ARDUINO_PSI,Arduino,0.000,0.000,12.776,,
50.344601,2026-03-10 18:19:59.026,ARDUINO_PSI,Arduino,0.000,0.000,12.771,,
50.444066,2026-03-10 18:19:59.126,ARDUINO_PSI,Arduino,0.000,0.000,12.764,,
50.543901,2026-03-10 18:19:59.226,ARDUINO_PSI,Arduino,0.000,0.000,12.755,,
50.643591,2026-03-10 18:19:59.325,ARDUINO_PSI,Arduino,0.000,0.000,12.748,,
50.653560,2026-03-10 18:19:59.335,WJ_VOLTAGE,WJ2,0.000,0.000,0,0,"HV=OFF, Fault=NO"
50.715932,2026-03-10 18:19:59.398,WJ_VOLTAGE,WJ1,0.000,0.000,0,0,"HV=OFF, Fault=NO"
50.743893,2026-03-10 18:19:59.426,ARDUINO_PSI,Arduino,0.000,0.000,12.742,,
50.843214,2026-03-10 18:19:59.525,ARDUINO_PSI,Arduino,0.000,0.000,12.746,,
50.944658,2026-03-10 18:19:59.626,ARDUINO_PSI,Arduino,0.000,0.000,12.744,,
51.043451,2026-03-10 18:19:59.725,ARDUINO_PSI,Arduino,0.000,0.000,12.764,,
51.143911,2026-03-10 18:19:59.826,ARDUINO_PSI,Arduino,0.000,0.000,12.778,,
51.183005,2026-03-10 18:19:59.865,WJ_VOLTAGE,WJ2,0.000,0.000,0,0,"HV=OFF, Fault=NO"
51.243843,2026-03-10 18:19:59.925,ARDUINO_PSI,Arduino,0.000,0.000,12.771,,
51.250508,2026-03-10 18:19:59.932,WJ_VOLTAGE,WJ1,0.000,0.000,0,0,"HV=OFF, Fault=NO"
51.343245,2026-03-10 18:20:00.025,ARDUINO_PSI,Arduino,0.000,0.000,12.774,,
51.443381,2026-03-10 18:20:00.125,ARDUINO_PSI,Arduino,0.000,0.000,12.778,,
51.543137,2026-03-10 18:20:00.225,ARDUINO_PSI,Arduino,0.000,0.000,12.783,,
51.644624,2026-03-10 18:20:00.326,ARDUINO_PSI,Arduino,0.000,0.000,12.796,,
51.716001,2026-03-10 18:20:00.398,WJ_VOLTAGE,WJ2,0.000,0.000,0,0,"HV=OFF, Fault=NO"
51.743733,2026-03-10 18:20:00.425,ARDUINO_PSI,Arduino,0.000,0.000,12.803,,
51.762015,2026-03-10 18:20:00.444,WJ_VOLTAGE,WJ1,0.000,0.000,0,0,"HV=OFF, Fault=NO"
51.844623,2026-03-10 18:20:00.526,ARDUINO_PSI,Arduino,0.000,0.000,12.812,,
51.943891,2026-03-10 18:20:00.626,ARDUINO_PSI,Arduino,0.000,0.000,12.817,,
52.043190,2026-03-10 18:20:00.725,ARDUINO_PSI,Arduino,0.000,0.000,12.824,,
52.145364,2026-03-10 18:20:00.827,ARDUINO_PSI,Arduino,0.000,0.000,12.822,,
52.246191,2026-03-10 18:20:00.928,WJ_VOLTAGE,WJ2,0.000,0.000,0,0,"HV=OFF, Fault=NO"
52.247893,2026-03-10 18:20:00.930,ARDUINO_PSI,Arduino,0.000,0.000,12.819,,
52.292660,2026-03-10 18:20:00.974,WJ_VOLTAGE,WJ1,0.000,0.000,0,0,"HV=OFF, Fault=NO"
52.343907,2026-03-10 18:20:01.026,ARDUINO_PSI,Arduino,0.000,0.000,12.815,,
52.444957,2026-03-10 18:20:01.127,ARDUINO_PSI,Arduino,0.000,0.000,12.815,,
52.544461,2026-03-10 18:20:01.226,ARDUINO_PSI,Arduino,0.000,0.000,12.812,,
52.643903,2026-03-10 18:20:01.326,ARDUINO_PSI,Arduino,0.000,0.000,12.817,,
52.744701,2026-03-10 18:20:01.426,ARDUINO_PSI,Arduino,0.000,0.000,12.817,,
52.771250,2026-03-10 18:20:01.453,WJ_VOLTAGE,WJ2,0.000,0.000,0,0,"HV=OFF, Fault=NO"
52.816989,2026-03-10 18:20:01.499,WJ_VOLTAGE,WJ1,0.000,0.000,0,0,"HV=OFF, Fault=NO"
52.843121,2026-03-10 18:20:01.525,ARDUINO_PSI,Arduino,0.000,0.000,12.817,,
52.944438,2026-03-10 18:20:01.626,ARDUINO_PSI,Arduino,0.000,0.000,12.833,,
53.043998,2026-03-10 18:20:01.726,ARDUINO_PSI,Arduino,0.000,0.000,12.824,,
53.143881,2026-03-10 18:20:01.826,ARDUINO_PSI,Arduino,0.000,0.000,12.819,,
53.243474,2026-03-10 18:20:01.925,ARDUINO_PSI,Arduino,0.000,0.000,12.817,,
53.298676,2026-03-10 18:20:01.980,WJ_VOLTAGE,WJ2,0.000,0.000,0,0,"HV=OFF, Fault=NO"
53.346939,2026-03-10 18:20:02.029,WJ_VOLTAGE,WJ1,0.000,0.000,0,0,"HV=OFF, Fault=NO"
53.347546,2026-03-10 18:20:02.029,ARDUINO_PSI,Arduino,0.000,0.000,12.817,,
53.444635,2026-03-10 18:20:02.126,ARDUINO_PSI,Arduino,0.000,0.000,12.819,,
53.543719,2026-03-10 18:20:02.225,ARDUINO_PSI,Arduino,0.000,0.000,12.828,,
53.644087,2026-03-10 18:20:02.326,ARDUINO_PSI,Arduino,0.000,0.000,12.819,,
53.743424,2026-03-10 18:20:02.425,ARDUINO_PSI,Arduino,0.000,0.000,12.810,,
53.827470,2026-03-10 18:20:02.509,WJ_VOLTAGE,WJ2,0.000,0.000,0,0,"HV=OFF, Fault=NO"
53.843175,2026-03-10 18:20:02.525,ARDUINO_PSI,Arduino,0.000,0.000,12.815,,
53.872474,2026-03-10 18:20:02.554,WJ_VOLTAGE,WJ1,0.000,0.000,0,0,"HV=OFF, Fault=NO"
53.943776,2026-03-10 18:20:02.625,ARDUINO_PSI,Arduino,0.000,0.000,12.806,,
54.043406,2026-03-10 18:20:02.725,ARDUINO_PSI,Arduino,0.000,0.000,12.808,,
54.143913,2026-03-10 18:20:02.826,ARDUINO_PSI,Arduino,0.000,0.000,12.815,,
54.243392,2026-03-10 18:20:02.925,ARDUINO_PSI,Arduino,0.000,0.000,12.828,,
54.343144,2026-03-10 18:20:03.025,ARDUINO_PSI,Arduino,0.000,0.000,12.842,,
54.356326,2026-03-10 18:20:03.038,WJ_VOLTAGE,WJ2,0.000,0.000,0,0,"HV=OFF, Fault=NO"
54.403923,2026-03-10 18:20:03.086,WJ_VOLTAGE,WJ1,0.000,0.000,0,0,"HV=OFF, Fault=NO"
54.443888,2026-03-10 18:20:03.126,ARDUINO_PSI,Arduino,0.000,0.000,12.835,,
54.543853,2026-03-10 18:20:03.226,ARDUINO_PSI,Arduino,0.000,0.000,12.847,,
54.643834,2026-03-10 18:20:03.325,ARDUINO_PSI,Arduino,0.000,0.000,12.840,,
54.743941,2026-03-10 18:20:03.426,ARDUINO_PSI,Arduino,0.000,0.000,12.849,,
54.843365,2026-03-10 18:20:03.525,ARDUINO_PSI,Arduino,0.000,0.000,12.840,,
54.886828,2026-03-10 18:20:03.568,WJ_VOLTAGE,WJ2,0.000,0.000,0,0,"HV=OFF, Fault=NO"
54.933843,2026-03-10 18:20:03.615,WJ_VOLTAGE,WJ1,0.000,0.000,0,0,"HV=OFF, Fault=NO"
54.943064,2026-03-10 18:20:03.625,ARDUINO_PSI,Arduino,0.000,0.000,12.833,,
55.043469,2026-03-10 18:20:03.725,ARDUINO_PSI,Arduino,0.000,0.000,12.838,,
55.144016,2026-03-10 18:20:03.826,ARDUINO_PSI,Arduino,0.000,0.000,12.842,,
55.243851,2026-03-10 18:20:03.926,ARDUINO_PSI,Arduino,0.000,0.000,12.838,,
55.344137,2026-03-10 18:20:04.026,ARDUINO_PSI,Arduino,0.000,0.000,12.847,,
55.417908,2026-03-10 18:20:04.100,WJ_VOLTAGE,WJ2,0.000,0.000,0,0,"HV=OFF, Fault=NO"
55.443395,2026-03-10 18:20:04.125,ARDUINO_PSI,Arduino,0.000,0.000,12.833,,
55.464930,2026-03-10 18:20:04.147,WJ_VOLTAGE,WJ1,0.000,0.000,0,0,"HV=OFF, Fault=NO"
55.544331,2026-03-10 18:20:04.226,ARDUINO_PSI,Arduino,0.000,0.000,12.838,,
55.643764,2026-03-10 18:20:04.325,ARDUINO_PSI,Arduino,0.000,0.000,12.847,,
55.743890,2026-03-10 18:20:04.426,ARDUINO_PSI,Arduino,0.000,0.000,12.842,,
55.843422,2026-03-10 18:20:04.525,ARDUINO_PSI,Arduino,0.000,0.000,12.842,,
55.943880,2026-03-10 18:20:04.626,ARDUINO_PSI,Arduino,0.000,0.000,12.854,,
55.946801,2026-03-10 18:20:04.628,WJ_VOLTAGE,WJ2,0.000,0.000,0,0,"HV=OFF, Fault=NO"
55.994114,2026-03-10 18:20:04.676,WJ_VOLTAGE,WJ1,0.000,0.000,0,0,"HV=OFF, Fault=NO"
56.043782,2026-03-10 18:20:04.725,ARDUINO_PSI,Arduino,0.000,0.000,12.858,,
56.143782,2026-03-10 18:20:04.825,ARDUINO_PSI,Arduino,0.000,0.000,12.858,,
56.243675,2026-03-10 18:20:04.925,ARDUINO_PSI,Arduino,0.000,0.000,12.851,,
56.343840,2026-03-10 18:20:05.025,ARDUINO_PSI,Arduino,0.000,0.000,12.847,,
56.443545,2026-03-10 18:20:05.125,ARDUINO_PSI,Arduino,0.000,0.000,12.851,,
56.473623,2026-03-10 18:20:05.155,WJ_VOLTAGE,WJ2,0.000,0.000,0,0,"HV=OFF, Fault=NO"
56.521619,2026-03-10 18:20:05.203,WJ_VOLTAGE,WJ1,0.000,0.000,0,0,"HV=OFF, Fault=NO"
56.543696,2026-03-10 18:20:05.225,ARDUINO_PSI,Arduino,0.000,0.000,12.838,,
56.644066,2026-03-10 18:20:05.326,ARDUINO_PSI,Arduino,0.000,0.000,12.840,,
56.743657,2026-03-10 18:20:05.425,ARDUINO_PSI,Arduino,0.000,0.000,12.828,,
56.843889,2026-03-10 18:20:05.526,ARDUINO_PSI,Arduino,0.000,0.000,12.833,,
56.943639,2026-03-10 18:20:05.625,ARDUINO_PSI,Arduino,0.000,0.000,12.833,,
57.000461,2026-03-10 18:20:05.682,WJ_VOLTAGE,WJ2,0.000,0.000,0,0,"HV=OFF, Fault=NO"
57.043717,2026-03-10 18:20:05.725,ARDUINO_PSI,Arduino,0.000,0.000,12.831,,
57.049531,2026-03-10 18:20:05.731,WJ_VOLTAGE,WJ1,0.000,0.000,0,0,"HV=OFF, Fault=NO"
57.143864,2026-03-10 18:20:05.826,ARDUINO_PSI,Arduino,0.000,0.000,12.831,,
57.243817,2026-03-10 18:20:05.925,ARDUINO_PSI,Arduino,0.000,0.000,12.838,,
57.343744,2026-03-10 18:20:06.025,ARDUINO_PSI,Arduino,0.000,0.000,12.826,,
57.443757,2026-03-10 18:20:06.125,ARDUINO_PSI,Arduino,0.000,0.000,12.833,,
57.531653,2026-03-10 18:20:06.213,WJ_VOLTAGE,WJ2,0.000,0.000,0,0,"HV=OFF, Fault=NO"
57.543076,2026-03-10 18:20:06.225,ARDUINO_PSI,Arduino,0.000,0.000,12.826,,
57.578724,2026-03-10 18:20:06.260,WJ_VOLTAGE,WJ1,0.000,0.000,0,0,"HV=OFF, Fault=NO"
57.643235,2026-03-10 18:20:06.325,ARDUINO_PSI,Arduino,0.000,0.000,12.822,,
57.743330,2026-03-10 18:20:06.425,ARDUINO_PSI,Arduino,0.000,0.000,12.826,,
57.843956,2026-03-10 18:20:06.526,ARDUINO_PSI,Arduino,0.000,0.000,12.817,,
57.943369,2026-03-10 18:20:06.625,ARDUINO_PSI,Arduino,0.000,0.000,12.817,,
58.043282,2026-03-10 18:20:06.725,ARDUINO_PSI,Arduino,0.000,0.000,12.808,,
58.060626,2026-03-10 18:20:06.742,WJ_VOLTAGE,WJ2,0.000,0.000,0,0,"HV=OFF, Fault=NO"
58.106782,2026-03-10 18:20:06.788,WJ_VOLTAGE,WJ1,0.000,0.000,0,0,"HV=OFF, Fault=NO"
58.143454,2026-03-10 18:20:06.825,ARDUINO_PSI,Arduino,0.000,0.000,12.801,,
58.244243,2026-03-10 18:20:06.926,ARDUINO_PSI,Arduino,0.000,0.000,12.783,,
58.343681,2026-03-10 18:20:07.025,ARDUINO_PSI,Arduino,0.000,0.000,12.783,,
58.443647,2026-03-10 18:20:07.125,ARDUINO_PSI,Arduino,0.000,0.000,12.783,,
58.543261,2026-03-10 18:20:07.225,ARDUINO_PSI,Arduino,0.000,0.000,12.787,,
58.589727,2026-03-10 18:20:07.271,WJ_VOLTAGE,WJ2,0.000,0.000,0,0,"HV=OFF, Fault=NO"
58.637679,2026-03-10 18:20:07.319,WJ_VOLTAGE,WJ1,0.000,0.000,0,0,"HV=OFF, Fault=NO"
58.643347,2026-03-10 18:20:07.325,ARDUINO_PSI,Arduino,0.000,0.000,12.794,,
58.743978,2026-03-10 18:20:07.426,ARDUINO_PSI,Arduino,0.000,0.000,12.806,,
58.843107,2026-03-10 18:20:07.525,ARDUINO_PSI,Arduino,0.000,0.000,12.796,,
58.943746,2026-03-10 18:20:07.625,ARDUINO_PSI,Arduino,0.000,0.000,12.790,,
59.043113,2026-03-10 18:20:07.725,ARDUINO_PSI,Arduino,0.000,0.000,12.785,,
59.119903,2026-03-10 18:20:07.802,WJ_VOLTAGE,WJ2,0.000,0.000,0,0,"HV=OFF, Fault=NO"
59.143223,2026-03-10 18:20:07.825,ARDUINO_PSI,Arduino,0.000,0.000,12.785,,
59.165457,2026-03-10 18:20:07.847,WJ_VOLTAGE,WJ1,0.000,0.000,0,0,"HV=OFF, Fault=NO"
59.244320,2026-03-10 18:20:07.926,ARDUINO_PSI,Arduino,0.000,0.000,12.796,,
59.343705,2026-03-10 18:20:08.025,ARDUINO_PSI,Arduino,0.000,0.000,12.801,,
59.443834,2026-03-10 18:20:08.125,ARDUINO_PSI,Arduino,0.000,0.000,12.808,,
59.543440,2026-03-10 18:20:08.225,ARDUINO_PSI,Arduino,0.000,0.000,12.817,,
59.643270,2026-03-10 18:20:08.325,ARDUINO_PSI,Arduino,0.000,0.000,12.815,,
59.650082,2026-03-10 18:20:08.332,WJ_VOLTAGE,WJ2,0.000,0.000,0,0,"HV=OFF, Fault=NO"
59.697729,2026-03-10 18:20:08.379,WJ_VOLTAGE,WJ1,0.000,0.000,0,0,"HV=OFF, Fault=NO"
59.744192,2026-03-10 18:20:08.426,ARDUINO_PSI,Arduino,0.000,0.000,12.824,,
59.843938,2026-03-10 18:20:08.526,ARDUINO_PSI,Arduino,0.000,0.000,12.815,,
59.943797,2026-03-10 18:20:08.625,ARDUINO_PSI,Arduino,0.000,0.000,12.806,,
60.043434,2026-03-10 18:20:08.725,ARDUINO_PSI,Arduino,0.000,0.000,12.815,,
60.180770,2026-03-10 18:20:08.862,WJ_VOLTAGE,WJ2,0.000,0.000,0,0,"HV=OFF, Fault=NO"
60.226392,2026-03-10 18:20:08.908,WJ_VOLTAGE,WJ1,0.000,0.000,0,0,"HV=OFF, Fault=NO"
60.244506,2026-03-10 18:20:08.926,ARDUINO_PSI,Arduino,0.000,0.000,12.826,,
60.344725,2026-03-10 18:20:09.026,ARDUINO_PSI,Arduino,0.000,0.000,12.819,,
60.443759,2026-03-10 18:20:09.125,ARDUINO_PSI,Arduino,0.000,0.000,12.826,,
60.544595,2026-03-10 18:20:09.226,ARDUINO_PSI,Arduino,0.000,0.000,12.826,,
60.643740,2026-03-10 18:20:09.325,ARDUINO_PSI,Arduino,0.000,0.000,12.810,,
60.707993,2026-03-10 18:20:09.390,WJ_VOLTAGE,WJ2,0.000,0.000,0,0,"HV=OFF, Fault=NO"
60.743779,2026-03-10 18:20:09.425,ARDUINO_PSI,Arduino,0.000,0.000,12.808,,
60.755255,2026-03-10 18:20:09.437,WJ_VOLTAGE,WJ1,0.000,0.000,0,0,"HV=OFF, Fault=NO"
60.843787,2026-03-10 18:20:09.525,ARDUINO_PSI,Arduino,0.000,0.000,12.812,,
60.944434,2026-03-10 18:20:09.626,ARDUINO_PSI,Arduino,0.000,0.000,12.817,,
61.044022,2026-03-10 18:20:09.726,ARDUINO_PSI,Arduino,0.000,0.000,12.812,,
61.143962,2026-03-10 18:20:09.826,ARDUINO_PSI,Arduino,0.000,0.000,12.796,,
61.240924,2026-03-10 18:20:09.923,WJ_VOLTAGE,WJ2,0.000,0.000,0,0,"HV=OFF, Fault=NO"
61.246798,2026-03-10 18:20:09.928,ARDUINO_PSI,Arduino,0.000,0.000,12.792,,
61.286406,2026-03-10 18:20:09.968,WJ_VOLTAGE,WJ1,0.000,0.000,0,0,"HV=OFF, Fault=NO"
61.343394,2026-03-10 18:20:10.025,ARDUINO_PSI,Arduino,0.000,0.000,12.778,,
61.443782,2026-03-10 18:20:10.125,ARDUINO_PSI,Arduino,0.000,0.000,12.774,,
61.543660,2026-03-10 18:20:10.225,ARDUINO_PSI,Arduino,0.000,0.000,12.764,,
61.643792,2026-03-10 18:20:10.325,ARDUINO_PSI,Arduino,0.000,0.000,12.758,,
61.743717,2026-03-10 18:20:10.425,ARDUINO_PSI,Arduino,0.000,0.000,12.760,,
61.758452,2026-03-10 18:20:10.440,WJ_VOLTAGE,WJ2,0.000,0.000,0,0,"HV=OFF, Fault=NO"
61.805215,2026-03-10 18:20:10.487,WJ_VOLTAGE,WJ1,0.000,0.000,0,0,"HV=OFF, Fault=NO"
61.843569,2026-03-10 18:20:10.525,ARDUINO_PSI,Arduino,0.000,0.000,12.758,,
61.944093,2026-03-10 18:20:10.626,ARDUINO_PSI,Arduino,0.000,0.000,12.764,,
62.043155,2026-03-10 18:20:10.725,ARDUINO_PSI,Arduino,0.000,0.000,12.755,,
62.143770,2026-03-10 18:20:10.825,ARDUINO_PSI,Arduino,0.000,0.000,12.751,,
62.243206,2026-03-10 18:20:10.925,ARDUINO_PSI,Arduino,0.000,0.000,12.755,,
62.290812,2026-03-10 18:20:10.972,WJ_VOLTAGE,WJ2,0.000,0.000,0,0,"HV=OFF, Fault=NO"
62.337077,2026-03-10 18:20:11.019,WJ_VOLTAGE,WJ1,0.000,0.000,0,0,"HV=OFF, Fault=NO"
62.343498,2026-03-10 18:20:11.025,ARDUINO_PSI,Arduino,0.000,0.000,12.771,,
62.444037,2026-03-10 18:20:11.126,ARDUINO_PSI,Arduino,0.000,0.000,12.755,,
62.543696,2026-03-10 18:20:11.225,ARDUINO_PSI,Arduino,0.000,0.000,12.746,,
62.643874,2026-03-10 18:20:11.326,ARDUINO_PSI,Arduino,0.000,0.000,12.748,,
62.743664,2026-03-10 18:20:11.425,ARDUINO_PSI,Arduino,0.000,0.000,12.751,,
62.814769,2026-03-10 18:20:11.496,WJ_VOLTAGE,WJ2,0.000,0.000,0,0,"HV=OFF, Fault=NO"
62.843316,2026-03-10 18:20:11.525,ARDUINO_PSI,Arduino,0.000,0.000,12.753,,
62.860521,2026-03-10 18:20:11.542,WJ_VOLTAGE,WJ1,0.000,0.000,0,0,"HV=OFF, Fault=NO"
62.943166,2026-03-10 18:20:11.625,ARDUINO_PSI,Arduino,0.000,0.000,12.748,,
63.044076,2026-03-10 18:20:11.726,ARDUINO_PSI,Arduino,0.000,0.000,12.751,,
63.143561,2026-03-10 18:20:11.825,ARDUINO_PSI,Arduino,0.000,0.000,12.751,,
63.243677,2026-03-10 18:20:11.925,ARDUINO_PSI,Arduino,0.000,0.000,12.751,,
63.343752,2026-03-10 18:20:12.025,ARDUINO_PSI,Arduino,0.000,0.000,12.751,,
63.350132,2026-03-10 18:20:12.032,WJ_VOLTAGE,WJ2,0.000,0.000,0,0,"HV=OFF, Fault=NO"
63.393693,2026-03-10 18:20:12.075,WJ_VOLTAGE,WJ1,0.000,0.000,0,0,"HV=OFF, Fault=NO"
63.443454,2026-03-10 18:20:12.125,ARDUINO_PSI,Arduino,0.000,0.000,12.751,,
63.543850,2026-03-10 18:20:12.226,ARDUINO_PSI,Arduino,0.000,0.000,12.753,,
63.643671,2026-03-10 18:20:12.325,ARDUINO_PSI,Arduino,0.000,0.000,12.758,,
63.744019,2026-03-10 18:20:12.426,ARDUINO_PSI,Arduino,0.000,0.000,12.762,,
63.843813,2026-03-10 18:20:12.525,ARDUINO_PSI,Arduino,0.000,0.000,12.762,,
63.872022,2026-03-10 18:20:12.554,WJ_VOLTAGE,WJ2,0.000,0.000,0,0,"HV=OFF, Fault=NO"
63.919394,2026-03-10 18:20:12.601,WJ_VOLTAGE,WJ1,0.000,0.000,0,0,"HV=OFF, Fault=NO"
63.943951,2026-03-10 18:20:12.626,ARDUINO_PSI,Arduino,0.000,0.000,12.755,,
64.044451,2026-03-10 18:20:12.726,ARDUINO_PSI,Arduino,0.000,0.000,12.753,,
64.143935,2026-03-10 18:20:12.826,ARDUINO_PSI,Arduino,0.000,0.000,12.762,,
64.244036,2026-03-10 18:20:12.926,ARDUINO_PSI,Arduino,0.000,0.000,12.774,,
64.343766,2026-03-10 18:20:13.025,ARDUINO_PSI,Arduino,0.000,0.000,12.767,,
64.401772,2026-03-10 18:20:13.083,WJ_VOLTAGE,WJ2,0.000,0.000,0,0,"HV=OFF, Fault=NO"
64.443649,2026-03-10 18:20:13.125,ARDUINO_PSI,Arduino,0.000,0.000,12.778,,
64.448382,2026-03-10 18:20:13.130,WJ_VOLTAGE,WJ1,0.000,0.000,0,0,"HV=OFF, Fault=NO"
64.543855,2026-03-10 18:20:13.226,ARDUINO_PSI,Arduino,0.000,0.000,12.785,,
64.643957,2026-03-10 18:20:13.326,ARDUINO_PSI,Arduino,0.000,0.000,12.796,,
64.743658,2026-03-10 18:20:13.425,ARDUINO_PSI,Arduino,0.000,0.000,12.799,,
64.843737,2026-03-10 18:20:13.525,ARDUINO_PSI,Arduino,0.000,0.000,12.799,,
64.930702,2026-03-10 18:20:13.612,WJ_VOLTAGE,WJ2,0.000,0.000,0,0,"HV=OFF, Fault=NO"
64.943788,2026-03-10 18:20:13.625,ARDUINO_PSI,Arduino,0.000,0.000,12.806,,
64.976836,2026-03-10 18:20:13.658,WJ_VOLTAGE,WJ1,0.000,0.000,0,0,"HV=OFF, Fault=NO"
65.043130,2026-03-10 18:20:13.725,ARDUINO_PSI,Arduino,0.000,0.000,12.808,,
65.143924,2026-03-10 18:20:13.826,ARDUINO_PSI,Arduino,0.000,0.000,12.815,,
65.243841,2026-03-10 18:20:13.925,ARDUINO_PSI,Arduino,0.000,0.000,12.808,,
65.343793,2026-03-10 18:20:14.025,ARDUINO_PSI,Arduino,0.000,0.000,12.822,,
65.443919,2026-03-10 18:20:14.126,ARDUINO_PSI,Arduino,0.000,0.000,12.833,,
65.459941,2026-03-10 18:20:14.142,WJ_VOLTAGE,WJ2,0.000,0.000,0,0,"HV=OFF, Fault=NO"
65.506757,2026-03-10 18:20:14.188,WJ_VOLTAGE,WJ1,0.000,0.000,0,0,"HV=OFF, Fault=NO"
65.543693,2026-03-10 18:20:14.225,ARDUINO_PSI,Arduino,0.000,0.000,12.828,,
65.644245,2026-03-10 18:20:14.326,ARDUINO_PSI,Arduino,0.000,0.000,12.835,,
65.743216,2026-03-10 18:20:14.425,ARDUINO_PSI,Arduino,0.000,0.000,12.822,,
65.844523,2026-03-10 18:20:14.526,ARDUINO_PSI,Arduino,0.000,0.000,12.824,,
65.943767,2026-03-10 18:20:14.625,ARDUINO_PSI,Arduino,0.000,0.000,12.826,,
65.987954,2026-03-10 18:20:14.670,WJ_VOLTAGE,WJ2,0.000,0.000,0,0,"HV=OFF, Fault=NO"
66.034531,2026-03-10 18:20:14.716,WJ_VOLTAGE,WJ1,0.000,0.000,0,0,"HV=OFF, Fault=NO"
66.043094,2026-03-10 18:20:14.725,ARDUINO_PSI,Arduino,0.000,0.000,12.831,,
66.143941,2026-03-10 18:20:14.826,ARDUINO_PSI,Arduino,0.000,0.000,12.824,,
66.243679,2026-03-10 18:20:14.925,ARDUINO_PSI,Arduino,0.000,0.000,12.812,,
66.343828,2026-03-10 18:20:15.025,ARDUINO_PSI,Arduino,0.000,0.000,12.799,,
66.443218,2026-03-10 18:20:15.125,ARDUINO_PSI,Arduino,0.000,0.000,12.785,,
66.520131,2026-03-10 18:20:15.202,WJ_VOLTAGE,WJ2,0.000,0.000,0,0,"HV=OFF, Fault=NO"
66.543682,2026-03-10 18:20:15.225,ARDUINO_PSI,Arduino,0.000,0.000,12.778,,
66.565641,2026-03-10 18:20:15.247,WJ_VOLTAGE,WJ1,0.000,0.000,0,0,"HV=OFF, Fault=NO"
66.644310,2026-03-10 18:20:15.326,ARDUINO_PSI,Arduino,0.000,0.000,12.769,,
66.744044,2026-03-10 18:20:15.426,ARDUINO_PSI,Arduino,0.000,0.000,12.769,,
66.843796,2026-03-10 18:20:15.525,ARDUINO_PSI,Arduino,0.000,0.000,12.764,,
66.943749,2026-03-10 18:20:15.625,ARDUINO_PSI,Arduino,0.000,0.000,12.762,,
67.044560,2026-03-10 18:20:15.726,ARDUINO_PSI,Arduino,0.000,0.000,12.751,,
67.051397,2026-03-10 18:20:15.733,WJ_VOLTAGE,WJ2,0.000,0.000,0,0,"HV=OFF, Fault=NO"
67.094811,2026-03-10 18:20:15.776,WJ_VOLTAGE,WJ1,0.000,0.000,0,0,"HV=OFF, Fault=NO"
67.143461,2026-03-10 18:20:15.825,ARDUINO_PSI,Arduino,0.000,0.000,12.751,,
67.243238,2026-03-10 18:20:15.925,ARDUINO_PSI,Arduino,0.000,0.000,12.758,,
67.344011,2026-03-10 18:20:16.026,ARDUINO_PSI,Arduino,0.000,0.000,12.753,,
67.443712,2026-03-10 18:20:16.125,ARDUINO_PSI,Arduino,0.000,0.000,12.751,,
67.544384,2026-03-10 18:20:16.226,ARDUINO_PSI,Arduino,0.000,0.000,12.744,,
67.576982,2026-03-10 18:20:16.259,WJ_VOLTAGE,WJ2,0.000,0.000,0,0,"HV=OFF, Fault=NO"
67.623508,2026-03-10 18:20:16.305,WJ_VOLTAGE,WJ1,0.000,0.000,0,0,"HV=OFF, Fault=NO"
67.643348,2026-03-10 18:20:16.325,ARDUINO_PSI,Arduino,0.000,0.000,12.730,,
67.743944,2026-03-10 18:20:16.426,ARDUINO_PSI,Arduino,0.000,0.000,12.735,,
67.843962,2026-03-10 18:20:16.526,ARDUINO_PSI,Arduino,0.000,0.000,12.732,,
67.943796,2026-03-10 18:20:16.625,ARDUINO_PSI,Arduino,0.000,0.000,12.737,,
68.043200,2026-03-10 18:20:16.725,ARDUINO_PSI,Arduino,0.000,0.000,12.726,,
68.106152,2026-03-10 18:20:16.788,WJ_VOLTAGE,WJ2,0.000,0.000,0,0,"HV=OFF, Fault=NO"
68.143266,2026-03-10 18:20:16.825,ARDUINO_PSI,Arduino,0.000,0.000,12.735,,
68.152405,2026-03-10 18:20:16.834,WJ_VOLTAGE,WJ1,0.000,0.000,0,0,"HV=OFF, Fault=NO"
68.244044,2026-03-10 18:20:16.926,ARDUINO_PSI,Arduino,0.000,0.000,12.735,,
68.343171,2026-03-10 18:20:17.025,ARDUINO_PSI,Arduino,0.000,0.000,12.751,,
68.443707,2026-03-10 18:20:17.125,ARDUINO_PSI,Arduino,0.000,0.000,12.753,,
68.543501,2026-03-10 18:20:17.225,ARDUINO_PSI,Arduino,0.000,0.000,12.753,,
68.635992,2026-03-10 18:20:17.318,WJ_VOLTAGE,WJ2,0.000,0.000,0,0,"HV=OFF, Fault=NO"
68.650700,2026-03-10 18:20:17.332,ARDUINO_PSI,Arduino,0.000,0.000,12.748,,
68.681755,2026-03-10 18:20:17.363,WJ_VOLTAGE,WJ1,0.000,0.000,0,0,"HV=OFF, Fault=NO"
68.743996,2026-03-10 18:20:17.426,ARDUINO_PSI,Arduino,0.000,0.000,12.751,,
68.843792,2026-03-10 18:20:17.525,ARDUINO_PSI,Arduino,0.000,0.000,12.755,,
68.943331,2026-03-10 18:20:17.625,ARDUINO_PSI,Arduino,0.000,0.000,12.762,,
69.043959,2026-03-10 18:20:17.726,ARDUINO_PSI,Arduino,0.000,0.000,12.769,,
69.143900,2026-03-10 18:20:17.826,ARDUINO_PSI,Arduino,0.000,0.000,12.767,,
69.165402,2026-03-10 18:20:17.847,WJ_VOLTAGE,WJ2,0.000,0.000,0,0,"HV=OFF, Fault=NO"
69.209752,2026-03-10 18:20:17.891,WJ_VOLTAGE,WJ1,0.000,0.000,0,0,"HV=OFF, Fault=NO"
69.243280,2026-03-10 18:20:17.925,ARDUINO_PSI,Arduino,0.000,0.000,12.755,,
69.343811,2026-03-10 18:20:18.025,ARDUINO_PSI,Arduino,0.000,0.000,12.753,,
69.444727,2026-03-10 18:20:18.126,ARDUINO_PSI,Arduino,0.000,0.000,12.746,,
69.543949,2026-03-10 18:20:18.226,ARDUINO_PSI,Arduino,0.000,0.000,12.748,,
69.643797,2026-03-10 18:20:18.325,ARDUINO_PSI,Arduino,0.000,0.000,12.751,,
69.695077,2026-03-10 18:20:18.377,WJ_VOLTAGE,WJ2,0.000,0.000,0,0,"HV=OFF, Fault=NO"
69.742365,2026-03-10 18:20:18.424,WJ_VOLTAGE,WJ1,0.000,0.000,0,0,"HV=OFF, Fault=NO"
69.751931,2026-03-10 18:20:18.434,ARDUINO_PSI,Arduino,0.000,0.000,12.751,,
69.844087,2026-03-10 18:20:18.526,ARDUINO_PSI,Arduino,0.000,0.000,12.748,,
69.943662,2026-03-10 18:20:18.625,ARDUINO_PSI,Arduino,0.000,0.000,12.744,,
70.043334,2026-03-10 18:20:18.725,ARDUINO_PSI,Arduino,0.000,0.000,12.748,,
70.143723,2026-03-10 18:20:18.825,ARDUINO_PSI,Arduino,0.000,0.000,12.744,,
70.223043,2026-03-10 18:20:18.905,WJ_VOLTAGE,WJ2,0.000,0.000,0,0,"HV=OFF, Fault=NO"
70.243768,2026-03-10 18:20:18.925,ARDUINO_PSI,Arduino,0.000,0.000,12.739,,
70.268351,2026-03-10 18:20:18.950,WJ_VOLTAGE,WJ1,0.000,0.000,0,0,"HV=OFF, Fault=NO"
70.343832,2026-03-10 18:20:19.025,ARDUINO_PSI,Arduino,0.000,0.000,12.726,,
70.443109,2026-03-10 18:20:19.125,ARDUINO_PSI,Arduino,0.000,0.000,12.735,,
70.543743,2026-03-10 18:20:19.225,ARDUINO_PSI,Arduino,0.000,0.000,12.737,,
70.643240,2026-03-10 18:20:19.325,ARDUINO_PSI,Arduino,0.000,0.000,12.746,,
70.743679,2026-03-10 18:20:19.425,ARDUINO_PSI,Arduino,0.000,0.000,12.730,,
70.752067,2026-03-10 18:20:19.434,WJ_VOLTAGE,WJ2,0.000,0.000,0,0,"HV=OFF, Fault=NO"
70.799488,2026-03-10 18:20:19.481,WJ_VOLTAGE,WJ1,0.000,0.000,0,0,"HV=OFF, Fault=NO"
70.844120,2026-03-10 18:20:19.526,ARDUINO_PSI,Arduino,0.000,0.000,12.721,,
70.943261,2026-03-10 18:20:19.625,ARDUINO_PSI,Arduino,0.000,0.000,12.710,,
71.044613,2026-03-10 18:20:19.726,ARDUINO_PSI,Arduino,0.000,0.000,12.719,,
71.144503,2026-03-10 18:20:19.826,ARDUINO_PSI,Arduino,0.000,0.000,12.728,,
71.244439,2026-03-10 18:20:19.926,ARDUINO_PSI,Arduino,0.000,0.000,12.735,,
71.284289,2026-03-10 18:20:19.966,WJ_VOLTAGE,WJ2,0.000,0.000,0,0,"HV=OFF, Fault=NO"
71.331746,2026-03-10 18:20:20.013,WJ_VOLTAGE,WJ1,0.000,0.000,0,0,"HV=OFF, Fault=NO"
71.343191,2026-03-10 18:20:20.025,ARDUINO_PSI,Arduino,0.000,0.000,12.739,,
71.443955,2026-03-10 18:20:20.126,ARDUINO_PSI,Arduino,0.000,0.000,12.737,,
71.544847,2026-03-10 18:20:20.227,ARDUINO_PSI,Arduino,0.000,0.000,12.744,,
71.643915,2026-03-10 18:20:20.326,ARDUINO_PSI,Arduino,0.000,0.000,12.751,,
71.744860,2026-03-10 18:20:20.427,ARDUINO_PSI,Arduino,0.000,0.000,12.751,,
71.814760,2026-03-10 18:20:20.496,WJ_VOLTAGE,WJ2,0.000,0.000,0,0,"HV=OFF, Fault=NO"
71.844523,2026-03-10 18:20:20.526,ARDUINO_PSI,Arduino,0.000,0.000,12.758,,
71.858784,2026-03-10 18:20:20.540,WJ_VOLTAGE,WJ1,0.000,0.000,0,0,"HV=OFF, Fault=NO"
71.944149,2026-03-10 18:20:20.626,ARDUINO_PSI,Arduino,0.000,0.000,12.755,,
72.045204,2026-03-10 18:20:20.727,ARDUINO_PSI,Arduino,0.000,0.000,12.758,,
72.143746,2026-03-10 18:20:20.825,ARDUINO_PSI,Arduino,0.000,0.000,12.758,,
72.244336,2026-03-10 18:20:20.926,ARDUINO_PSI,Arduino,0.000,0.000,12.751,,
72.343254,2026-03-10 18:20:21.025,WJ_VOLTAGE,WJ2,0.000,0.000,0,0,"HV=OFF, Fault=NO"
72.355147,2026-03-10 18:20:21.037,ARDUINO_PSI,Arduino,0.000,0.000,12.760,,
72.388464,2026-03-10 18:20:21.070,WJ_VOLTAGE,WJ1,0.000,0.000,0,0,"HV=OFF, Fault=NO"
72.443878,2026-03-10 18:20:21.126,ARDUINO_PSI,Arduino,0.000,0.000,12.746,,
72.544628,2026-03-10 18:20:21.226,ARDUINO_PSI,Arduino,0.000,0.000,12.744,,
72.644698,2026-03-10 18:20:21.326,ARDUINO_PSI,Arduino,0.000,0.000,12.748,,
72.744501,2026-03-10 18:20:21.426,ARDUINO_PSI,Arduino,0.000,0.000,12.760,,
72.844331,2026-03-10 18:20:21.526,ARDUINO_PSI,Arduino,0.000,0.000,12.771,,
72.873244,2026-03-10 18:20:21.555,WJ_VOLTAGE,WJ2,0.000,0.000,0,0,"HV=OFF, Fault=NO"
72.917571,2026-03-10 18:20:21.599,WJ_VOLTAGE,WJ1,0.000,0.000,0,0,"HV=OFF, Fault=NO"
72.943210,2026-03-10 18:20:21.625,ARDUINO_PSI,Arduino,0.000,0.000,12.771,,
73.043322,2026-03-10 18:20:21.725,ARDUINO_PSI,Arduino,0.000,0.000,12.771,,
73.143220,2026-03-10 18:20:21.825,ARDUINO_PSI,Arduino,0.000,0.000,12.771,,
73.243223,2026-03-10 18:20:21.925,ARDUINO_PSI,Arduino,0.000,0.000,12.771,,
73.343146,2026-03-10 18:20:22.025,ARDUINO_PSI,Arduino,0.000,0.000,12.758,,
73.389354,2026-03-10 18:20:22.071,WJ_VOLTAGE,WJ2,0.000,0.000,0,0,"HV=OFF, Fault=NO"
73.437073,2026-03-10 18:20:22.119,WJ_VOLTAGE,WJ1,0.000,0.000,0,0,"HV=OFF, Fault=NO"
73.446675,2026-03-10 18:20:22.128,ARDUINO_PSI,Arduino,0.000,0.000,12.760,,
73.543896,2026-03-10 18:20:22.226,ARDUINO_PSI,Arduino,0.000,0.000,12.762,,
73.643546,2026-03-10 18:20:22.325,ARDUINO_PSI,Arduino,0.000,0.000,12.755,,
73.743579,2026-03-10 18:20:22.425,ARDUINO_PSI,Arduino,0.000,0.000,12.751,,
73.843806,2026-03-10 18:20:22.525,ARDUINO_PSI,Arduino,0.000,0.000,12.751,,
73.922162,2026-03-10 18:20:22.604,WJ_VOLTAGE,WJ2,0.000,0.000,0,0,"HV=OFF, Fault=NO"
73.944122,2026-03-10 18:20:22.626,ARDUINO_PSI,Arduino,0.000,0.000,12.755,,
73.968409,2026-03-10 18:20:22.650,WJ_VOLTAGE,WJ1,0.000,0.000,0,0,"HV=OFF, Fault=NO"
74.045866,2026-03-10 18:20:22.728,ARDUINO_PSI,Arduino,0.000,0.000,12.758,,
74.144007,2026-03-10 18:20:22.826,ARDUINO_PSI,Arduino,0.000,0.000,12.753,,
74.243786,2026-03-10 18:20:22.925,ARDUINO_PSI,Arduino,0.000,0.000,12.760,,
74.344447,2026-03-10 18:20:23.026,ARDUINO_PSI,Arduino,0.000,0.000,12.760,,
74.444010,2026-03-10 18:20:23.126,ARDUINO_PSI,Arduino,0.000,0.000,12.776,,
74.452572,2026-03-10 18:20:23.134,WJ_VOLTAGE,WJ2,0.000,0.000,0,0,"HV=OFF, Fault=NO"
74.498489,2026-03-10 18:20:23.180,WJ_VOLTAGE,WJ1,0.000,0.000,0,0,"HV=OFF, Fault=NO"
74.545199,2026-03-10 18:20:23.227,ARDUINO_PSI,Arduino,0.000,0.000,12.783,,
74.643781,2026-03-10 18:20:23.325,ARDUINO_PSI,Arduino,0.000,0.000,12.776,,
74.745133,2026-03-10 18:20:23.427,ARDUINO_PSI,Arduino,0.000,0.000,12.762,,
74.844089,2026-03-10 18:20:23.526,ARDUINO_PSI,Arduino,0.000,0.000,12.760,,
74.944891,2026-03-10 18:20:23.627,ARDUINO_PSI,Arduino,0.000,0.000,12.769,,
74.983695,2026-03-10 18:20:23.665,WJ_VOLTAGE,WJ2,0.000,0.000,0,0,"HV=OFF, Fault=NO"
75.028934,2026-03-10 18:20:23.711,WJ_VOLTAGE,WJ1,0.000,0.000,0,0,"HV=OFF, Fault=NO"
75.043122,2026-03-10 18:20:23.725,ARDUINO_PSI,Arduino,0.000,0.000,12.758,,
75.144071,2026-03-10 18:20:23.826,ARDUINO_PSI,Arduino,0.000,0.000,12.762,,
75.245056,2026-03-10 18:20:23.927,ARDUINO_PSI,Arduino,0.000,0.000,12.762,,
75.344870,2026-03-10 18:20:24.027,ARDUINO_PSI,Arduino,0.000,0.000,12.769,,
75.444542,2026-03-10 18:20:24.126,ARDUINO_PSI,Arduino,0.000,0.000,12.774,,
75.515456,2026-03-10 18:20:24.197,WJ_VOLTAGE,WJ2,0.000,0.000,0,0,"HV=OFF, Fault=NO"
75.543631,2026-03-10 18:20:24.225,ARDUINO_PSI,Arduino,0.000,0.000,12.774,,
75.559316,2026-03-10 18:20:24.241,WJ_VOLTAGE,WJ1,0.000,0.000,0,0,"HV=OFF, Fault=NO"
75.643363,2026-03-10 18:20:24.325,ARDUINO_PSI,Arduino,0.000,0.000,12.778,,
75.744004,2026-03-10 18:20:24.426,ARDUINO_PSI,Arduino,0.000,0.000,12.787,,
75.844544,2026-03-10 18:20:24.526,ARDUINO_PSI,Arduino,0.000,0.000,12.794,,
75.943830,2026-03-10 18:20:24.625,ARDUINO_PSI,Arduino,0.000,0.000,12.794,,
76.047008,2026-03-10 18:20:24.729,WJ_VOLTAGE,WJ2,0.000,0.000,0,0,"HV=OFF, Fault=NO"
76.049640,2026-03-10 18:20:24.731,ARDUINO_PSI,Arduino,0.000,0.000,12.799,,
76.077845,2026-03-10 18:20:24.759,WJ_VOLTAGE,WJ1,0.000,0.000,0,0,"HV=OFF, Fault=NO"
76.145013,2026-03-10 18:20:24.827,ARDUINO_PSI,Arduino,0.000,0.000,12.810,,
76.244773,2026-03-10 18:20:24.926,ARDUINO_PSI,Arduino,0.000,0.000,12.817,,
76.343837,2026-03-10 18:20:25.025,ARDUINO_PSI,Arduino,0.000,0.000,12.808,,
76.443992,2026-03-10 18:20:25.126,ARDUINO_PSI,Arduino,0.000,0.000,12.801,,
76.543818,2026-03-10 18:20:25.225,ARDUINO_PSI,Arduino,0.000,0.000,12.792,,
76.578000,2026-03-10 18:20:25.260,WJ_VOLTAGE,WJ2,0.000,0.000,0,0,"HV=OFF, Fault=NO"
76.609708,2026-03-10 18:20:25.291,WJ_VOLTAGE,WJ1,0.000,0.000,0,0,"HV=OFF, Fault=NO"
76.643570,2026-03-10 18:20:25.325,ARDUINO_PSI,Arduino,0.000,0.000,12.801,,
76.743954,2026-03-10 18:20:25.426,ARDUINO_PSI,Arduino,0.000,0.000,12.799,,
76.843794,2026-03-10 18:20:25.525,ARDUINO_PSI,Arduino,0.000,0.000,12.801,,
76.943853,2026-03-10 18:20:25.626,ARDUINO_PSI,Arduino,0.000,0.000,12.796,,
77.043459,2026-03-10 18:20:25.725,ARDUINO_PSI,Arduino,0.000,0.000,12.803,,
77.104637,2026-03-10 18:20:25.786,WJ_VOLTAGE,WJ2,0.000,0.000,0,0,"HV=OFF, Fault=NO"
77.134747,2026-03-10 18:20:25.816,WJ_VOLTAGE,WJ1,0.000,0.000,0,0,"HV=OFF, Fault=NO"
77.143180,2026-03-10 18:20:25.825,ARDUINO_PSI,Arduino,0.000,0.000,12.794,,
77.244030,2026-03-10 18:20:25.926,ARDUINO_PSI,Arduino,0.000,0.000,12.796,,
77.344656,2026-03-10 18:20:26.026,ARDUINO_PSI,Arduino,0.000,0.000,12.792,,
77.444881,2026-03-10 18:20:26.127,ARDUINO_PSI,Arduino,0.000,0.000,12.785,,
77.543304,2026-03-10 18:20:26.225,ARDUINO_PSI,Arduino,0.000,0.000,12.790,,
77.637338,2026-03-10 18:20:26.319,WJ_VOLTAGE,WJ2,0.000,0.000,0,0,"HV=OFF, Fault=NO"
77.651874,2026-03-10 18:20:26.334,ARDUINO_PSI,Arduino,0.000,0.000,12.780,,
77.667657,2026-03-10 18:20:26.349,WJ_VOLTAGE,WJ1,0.000,0.000,0,0,"HV=OFF, Fault=NO"
77.744325,2026-03-10 18:20:26.426,ARDUINO_PSI,Arduino,0.000,0.000,12.783,,
77.843959,2026-03-10 18:20:26.526,ARDUINO_PSI,Arduino,0.000,0.000,12.769,,
77.944393,2026-03-10 18:20:26.626,ARDUINO_PSI,Arduino,0.000,0.000,12.771,,
78.043694,2026-03-10 18:20:26.725,ARDUINO_PSI,Arduino,0.000,0.000,12.762,,
78.144869,2026-03-10 18:20:26.827,ARDUINO_PSI,Arduino,0.000,0.000,12.739,,
78.166474,2026-03-10 18:20:26.848,WJ_VOLTAGE,WJ2,0.000,0.000,0,0,"HV=OFF, Fault=NO"
78.195371,2026-03-10 18:20:26.877,WJ_VOLTAGE,WJ1,0.000,0.000,0,0,"HV=OFF, Fault=NO"
78.243936,2026-03-10 18:20:26.926,ARDUINO_PSI,Arduino,0.000,0.000,12.737,,
78.344189,2026-03-10 18:20:27.026,ARDUINO_PSI,Arduino,0.000,0.000,12.755,,
78.444698,2026-03-10 18:20:27.126,ARDUINO_PSI,Arduino,0.000,0.000,12.755,,
78.544493,2026-03-10 18:20:27.226,ARDUINO_PSI,Arduino,0.000,0.000,12.771,,
78.644588,2026-03-10 18:20:27.326,ARDUINO_PSI,Arduino,0.000,0.000,12.767,,
78.694146,2026-03-10 18:20:27.376,WJ_VOLTAGE,WJ2,0.000,0.000,0,0,"HV=OFF, Fault=NO"
78.723846,2026-03-10 18:20:27.405,WJ_VOLTAGE,WJ1,0.000,0.000,0,0,"HV=OFF, Fault=NO"
78.743633,2026-03-10 18:20:27.425,ARDUINO_PSI,Arduino,0.000,0.000,12.780,,
78.843930,2026-03-10 18:20:27.526,ARDUINO_PSI,Arduino,0.000,0.000,12.774,,
78.944330,2026-03-10 18:20:27.626,ARDUINO_PSI,Arduino,0.000,0.000,12.771,,
79.043671,2026-03-10 18:20:27.725,ARDUINO_PSI,Arduino,0.000,0.000,12.774,,
79.145006,2026-03-10 18:20:27.827,ARDUINO_PSI,Arduino,0.000,0.000,12.771,,
79.222952,2026-03-10 18:20:27.905,WJ_VOLTAGE,WJ2,0.000,0.000,0,0,"HV=OFF, Fault=NO"
79.243644,2026-03-10 18:20:27.925,ARDUINO_PSI,Arduino,0.000,0.000,12.762,,
79.253711,2026-03-10 18:20:27.935,WJ_VOLTAGE,WJ1,0.000,0.000,0,0,"HV=OFF, Fault=NO"
79.344588,2026-03-10 18:20:28.026,ARDUINO_PSI,Arduino,0.000,0.000,12.767,,
79.443802,2026-03-10 18:20:28.125,ARDUINO_PSI,Arduino,0.000,0.000,12.762,,
79.543860,2026-03-10 18:20:28.226,ARDUINO_PSI,Arduino,0.000,0.000,12.742,,
79.644884,2026-03-10 18:20:28.327,ARDUINO_PSI,Arduino,0.000,0.000,12.751,,
79.743966,2026-03-10 18:20:28.426,ARDUINO_PSI,Arduino,0.000,0.000,12.744,,
79.753650,2026-03-10 18:20:28.435,WJ_VOLTAGE,WJ2,0.000,0.000,0,0,"HV=OFF, Fault=NO"
79.784473,2026-03-10 18:20:28.466,WJ_VOLTAGE,WJ1,0.000,0.000,0,0,"HV=OFF, Fault=NO"
79.844691,2026-03-10 18:20:28.526,ARDUINO_PSI,Arduino,0.000,0.000,12.753,,
79.943928,2026-03-10 18:20:28.626,ARDUINO_PSI,Arduino,0.000,0.000,12.753,,
80.045509,2026-03-10 18:20:28.727,ARDUINO_PSI,Arduino,0.000,0.000,12.751,,
80.144552,2026-03-10 18:20:28.826,ARDUINO_PSI,Arduino,0.000,0.000,12.764,,
80.244523,2026-03-10 18:20:28.926,ARDUINO_PSI,Arduino,0.000,0.000,12.769,,
80.284931,2026-03-10 18:20:28.967,WJ_VOLTAGE,WJ2,0.000,0.000,0,0,"HV=OFF, Fault=NO"
80.316089,2026-03-10 18:20:28.998,WJ_VOLTAGE,WJ1,0.000,0.000,0,0,"HV=OFF, Fault=NO"
80.343635,2026-03-10 18:20:29.025,ARDUINO_PSI,Arduino,0.000,0.000,12.753,,
80.443849,2026-03-10 18:20:29.126,ARDUINO_PSI,Arduino,0.000,0.000,12.753,,
80.544324,2026-03-10 18:20:29.226,ARDUINO_PSI,Arduino,0.000,0.000,12.739,,
80.643899,2026-03-10 18:20:29.326,ARDUINO_PSI,Arduino,0.000,0.000,12.735,,
80.743995,2026-03-10 18:20:29.426,ARDUINO_PSI,Arduino,0.000,0.000,12.723,,
80.818141,2026-03-10 18:20:29.500,WJ_VOLTAGE,WJ2,0.000,0.000,0,0,"HV=OFF, Fault=NO"
80.843909,2026-03-10 18:20:29.526,ARDUINO_PSI,Arduino,0.000,0.000,12.730,,
80.847399,2026-03-10 18:20:29.529,WJ_VOLTAGE,WJ1,0.000,0.000,0,0,"HV=OFF, Fault=NO"
80.943890,2026-03-10 18:20:29.626,ARDUINO_PSI,Arduino,0.000,0.000,12.730,,
81.045438,2026-03-10 18:20:29.727,ARDUINO_PSI,Arduino,0.000,0.000,12.730,,
81.144090,2026-03-10 18:20:29.826,ARDUINO_PSI,Arduino,0.000,0.000,12.732,,
81.244575,2026-03-10 18:20:29.926,ARDUINO_PSI,Arduino,0.000,0.000,12.732,,
81.344569,2026-03-10 18:20:30.026,ARDUINO_PSI,Arduino,0.000,0.000,12.739,,
81.347571,2026-03-10 18:20:30.029,WJ_VOLTAGE,WJ2,0.000,0.000,0,0,"HV=OFF, Fault=NO"
81.378231,2026-03-10 18:20:30.060,WJ_VOLTAGE,WJ1,0.000,0.000,0,0,"HV=OFF, Fault=NO"
81.443526,2026-03-10 18:20:30.125,ARDUINO_PSI,Arduino,0.000,0.000,12.751,,
81.544607,2026-03-10 18:20:30.226,ARDUINO_PSI,Arduino,0.000,0.000,12.767,,
81.644334,2026-03-10 18:20:30.326,ARDUINO_PSI,Arduino,0.000,0.000,12.760,,
81.743947,2026-03-10 18:20:30.426,ARDUINO_PSI,Arduino,0.000,0.000,12.755,,
81.843883,2026-03-10 18:20:30.526,ARDUINO_PSI,Arduino,0.000,0.000,12.746,,
81.877972,2026-03-10 18:20:30.560,WJ_VOLTAGE,WJ2,0.000,0.000,0,0,"HV=OFF, Fault=NO"
81.908455,2026-03-10 18:20:30.590,WJ_VOLTAGE,WJ1,0.000,0.000,0,0,"HV=OFF, Fault=NO"
81.943810,2026-03-10 18:20:30.625,ARDUINO_PSI,Arduino,0.000,0.000,12.753,,
82.044157,2026-03-10 18:20:30.726,ARDUINO_PSI,Arduino,0.000,0.000,12.758,,
82.143768,2026-03-10 18:20:30.825,ARDUINO_PSI,Arduino,0.000,0.000,12.748,,
82.244657,2026-03-10 18:20:30.926,ARDUINO_PSI,Arduino,0.000,0.000,12.737,,
82.344521,2026-03-10 18:20:31.026,ARDUINO_PSI,Arduino,0.000,0.000,12.746,,
82.408824,2026-03-10 18:20:31.090,WJ_VOLTAGE,WJ2,0.000,0.000,0,0,"HV=OFF, Fault=NO"
82.437916,2026-03-10 18:20:31.120,WJ_VOLTAGE,WJ1,0.000,0.000,0,0,"HV=OFF, Fault=NO"
82.443964,2026-03-10 18:20:31.126,ARDUINO_PSI,Arduino,0.000,0.000,12.742,,
82.544027,2026-03-10 18:20:31.226,ARDUINO_PSI,Arduino,0.000,0.000,12.737,,
82.643904,2026-03-10 18:20:31.326,ARDUINO_PSI,Arduino,0.000,0.000,12.751,,
82.743928,2026-03-10 18:20:31.426,ARDUINO_PSI,Arduino,0.000,0.000,12.760,,
82.843698,2026-03-10 18:20:31.525,ARDUINO_PSI,Arduino,0.000,0.000,12.760,,
82.935216,2026-03-10 18:20:31.617,WJ_VOLTAGE,WJ2,0.000,0.000,0,0,"HV=OFF, Fault=NO"
82.944898,2026-03-10 18:20:31.627,ARDUINO_PSI,Arduino,0.000,0.000,12.758,,
82.966019,2026-03-10 18:20:31.648,WJ_VOLTAGE,WJ1,0.000,0.000,0,0,"HV=OFF, Fault=NO"
83.045301,2026-03-10 18:20:31.727,ARDUINO_PSI,Arduino,0.000,0.000,12.753,,
83.144699,2026-03-10 18:20:31.826,ARDUINO_PSI,Arduino,0.000,0.000,12.748,,
83.244049,2026-03-10 18:20:31.926,ARDUINO_PSI,Arduino,0.000,0.000,12.748,,
83.343931,2026-03-10 18:20:32.026,ARDUINO_PSI,Arduino,0.000,0.000,12.742,,
83.444281,2026-03-10 18:20:32.126,ARDUINO_PSI,Arduino,0.000,0.000,12.739,,
83.465937,2026-03-10 18:20:32.148,WJ_VOLTAGE,WJ2,0.000,0.000,0,0,"HV=OFF, Fault=NO"
83.497580,2026-03-10 18:20:32.179,WJ_VOLTAGE,WJ1,0.000,0.000,0,0,"HV=OFF, Fault=NO"
83.544176,2026-03-10 18:20:32.226,ARDUINO_PSI,Arduino,0.000,0.000,12.728,,
83.644667,2026-03-10 18:20:32.326,ARDUINO_PSI,Arduino,0.000,0.000,12.739,,
83.743666,2026-03-10 18:20:32.425,ARDUINO_PSI,Arduino,0.000,0.000,12.737,,
83.843919,2026-03-10 18:20:32.526,ARDUINO_PSI,Arduino,0.000,0.000,12.744,,
83.944704,2026-03-10 18:20:32.626,ARDUINO_PSI,Arduino,0.000,0.000,12.726,,
83.989131,2026-03-10 18:20:32.671,WJ_VOLTAGE,WJ2,0.000,0.000,0,0,"HV=OFF, Fault=NO"
84.020384,2026-03-10 18:20:32.702,WJ_VOLTAGE,WJ1,0.000,0.000,0,0,"HV=OFF, Fault=NO"
84.043277,2026-03-10 18:20:32.725,ARDUINO_PSI,Arduino,0.000,0.000,12.737,,
84.144896,2026-03-10 18:20:32.827,ARDUINO_PSI,Arduino,0.000,0.000,12.737,,
84.244891,2026-03-10 18:20:32.927,ARDUINO_PSI,Arduino,0.000,0.000,12.739,,
84.345295,2026-03-10 18:20:33.027,ARDUINO_PSI,Arduino,0.000,0.000,12.732,,
84.443892,2026-03-10 18:20:33.126,ARDUINO_PSI,Arduino,0.000,0.000,12.732,,
84.518384,2026-03-10 18:20:33.200,WJ_VOLTAGE,WJ2,0.000,0.000,0,0,"HV=OFF, Fault=NO"
84.543665,2026-03-10 18:20:33.225,ARDUINO_PSI,Arduino,0.000,0.000,12.732,,
84.549547,2026-03-10 18:20:33.231,WJ_VOLTAGE,WJ1,0.000,0.000,0,0,"HV=OFF, Fault=NO"
84.645126,2026-03-10 18:20:33.327,ARDUINO_PSI,Arduino,0.000,0.000,12.726,,
84.744395,2026-03-10 18:20:33.426,ARDUINO_PSI,Arduino,0.000,0.000,12.730,,
84.844143,2026-03-10 18:20:33.526,ARDUINO_PSI,Arduino,0.000,0.000,12.721,,
84.943763,2026-03-10 18:20:33.625,ARDUINO_PSI,Arduino,0.000,0.000,12.728,,
85.045096,2026-03-10 18:20:33.727,ARDUINO_PSI,Arduino,0.000,0.000,12.719,,
85.049900,2026-03-10 18:20:33.732,WJ_VOLTAGE,WJ2,0.000,0.000,0,0,"HV=OFF, Fault=NO"
85.080755,2026-03-10 18:20:33.762,WJ_VOLTAGE,WJ1,0.000,0.000,0,0,"HV=OFF, Fault=NO"
85.144953,2026-03-10 18:20:33.827,ARDUINO_PSI,Arduino,0.000,0.000,12.716,,
85.244609,2026-03-10 18:20:33.926,ARDUINO_PSI,Arduino,0.000,0.000,12.719,,
85.343802,2026-03-10 18:20:34.025,ARDUINO_PSI,Arduino,0.000,0.000,12.716,,
85.443669,2026-03-10 18:20:34.125,ARDUINO_PSI,Arduino,0.000,0.000,12.719,,
85.543213,2026-03-10 18:20:34.225,ARDUINO_PSI,Arduino,0.000,0.000,12.726,,
85.582414,2026-03-10 18:20:34.264,WJ_VOLTAGE,WJ2,0.000,0.000,0,0,"HV=OFF, Fault=NO"
85.614166,2026-03-10 18:20:34.296,WJ_VOLTAGE,WJ1,0.000,0.000,0,0,"HV=OFF, Fault=NO"
85.643710,2026-03-10 18:20:34.325,ARDUINO_PSI,Arduino,0.000,0.000,12.719,,
85.743794,2026-03-10 18:20:34.425,ARDUINO_PSI,Arduino,0.000,0.000,12.732,,
85.844681,2026-03-10 18:20:34.526,ARDUINO_PSI,Arduino,0.000,0.000,12.735,,
85.944666,2026-03-10 18:20:34.626,ARDUINO_PSI,Arduino,0.000,0.000,12.742,,
86.044773,2026-03-10 18:20:34.726,ARDUINO_PSI,Arduino,0.000,0.000,12.735,,
86.113288,2026-03-10 18:20:34.795,WJ_VOLTAGE,WJ2,0.000,0.000,0,0,"HV=OFF, Fault=NO"
86.142186,2026-03-10 18:20:34.824,WJ_VOLTAGE,WJ1,0.000,0.000,0,0,"HV=OFF, Fault=NO"
86.149606,2026-03-10 18:20:34.831,ARDUINO_PSI,Arduino,0.000,0.000,12.744,,
86.244895,2026-03-10 18:20:34.927,ARDUINO_PSI,Arduino,0.000,0.000,12.742,,
86.344721,2026-03-10 18:20:35.026,ARDUINO_PSI,Arduino,0.000,0.000,12.753,,
86.446993,2026-03-10 18:20:35.129,ARDUINO_PSI,Arduino,0.000,0.000,12.760,,
86.544307,2026-03-10 18:20:35.226,ARDUINO_PSI,Arduino,0.000,0.000,12.780,,
86.637871,2026-03-10 18:20:35.320,WJ_VOLTAGE,WJ2,0.000,0.000,0,0,"HV=OFF, Fault=NO"
86.654726,2026-03-10 18:20:35.336,ARDUINO_PSI,Arduino,0.000,0.000,12.776,,
86.669125,2026-03-10 18:20:35.351,WJ_VOLTAGE,WJ1,0.000,0.000,0,0,"HV=OFF, Fault=NO"
86.743881,2026-03-10 18:20:35.426,ARDUINO_PSI,Arduino,0.000,0.000,12.774,,
86.844607,2026-03-10 18:20:35.526,ARDUINO_PSI,Arduino,0.000,0.000,12.776,,
86.944620,2026-03-10 18:20:35.626,ARDUINO_PSI,Arduino,0.000,0.000,12.764,,
87.043692,2026-03-10 18:20:35.725,ARDUINO_PSI,Arduino,0.000,0.000,12.771,,
87.143976,2026-03-10 18:20:35.826,ARDUINO_PSI,Arduino,0.000,0.000,12.767,,
87.167447,2026-03-10 18:20:35.849,WJ_VOLTAGE,WJ2,0.000,0.000,0,0,"HV=OFF, Fault=NO"
87.197268,2026-03-10 18:20:35.879,WJ_VOLTAGE,WJ1,0.000,0.000,0,0,"HV=OFF, Fault=NO"
87.245182,2026-03-10 18:20:35.927,ARDUINO_PSI,Arduino,0.000,0.000,12.771,,
87.344879,2026-03-10 18:20:36.027,ARDUINO_PSI,Arduino,0.000,0.000,12.780,,
87.444561,2026-03-10 18:20:36.126,ARDUINO_PSI,Arduino,0.000,0.000,12.778,,
87.543621,2026-03-10 18:20:36.225,ARDUINO_PSI,Arduino,0.000,0.000,12.771,,
87.644525,2026-03-10 18:20:36.326,ARDUINO_PSI,Arduino,0.000,0.000,12.774,,
87.698895,2026-03-10 18:20:36.381,WJ_VOLTAGE,WJ2,0.000,0.000,0,0,"HV=OFF, Fault=NO"
87.726722,2026-03-10 18:20:36.408,WJ_VOLTAGE,WJ1,0.000,0.000,0,0,"HV=OFF, Fault=NO"
87.743253,2026-03-10 18:20:36.425,ARDUINO_PSI,Arduino,0.000,0.000,12.762,,
87.843926,2026-03-10 18:20:36.526,ARDUINO_PSI,Arduino,0.000,0.000,12.753,,
87.943866,2026-03-10 18:20:36.626,ARDUINO_PSI,Arduino,0.000,0.000,12.764,,
88.044637,2026-03-10 18:20:36.726,ARDUINO_PSI,Arduino,0.000,0.000,12.755,,
88.143893,2026-03-10 18:20:36.826,ARDUINO_PSI,Arduino,0.000,0.000,12.744,,
88.225383,2026-03-10 18:20:36.907,WJ_VOLTAGE,WJ2,0.000,0.000,0,0,"HV=OFF, Fault=NO"
88.243590,2026-03-10 18:20:36.925,ARDUINO_PSI,Arduino,0.000,0.000,12.753,,
88.255613,2026-03-10 18:20:36.937,WJ_VOLTAGE,WJ1,0.000,0.000,0,0,"HV=OFF, Fault=NO"
88.344521,2026-03-10 18:20:37.026,ARDUINO_PSI,Arduino,0.000,0.000,12.744,,
88.444236,2026-03-10 18:20:37.126,ARDUINO_PSI,Arduino,0.000,0.000,12.742,,
88.544479,2026-03-10 18:20:37.226,ARDUINO_PSI,Arduino,0.000,0.000,12.732,,
88.643278,2026-03-10 18:20:37.325,ARDUINO_PSI,Arduino,0.000,0.000,12.730,,
88.744382,2026-03-10 18:20:37.426,ARDUINO_PSI,Arduino,0.000,0.000,12.732,,
88.753133,2026-03-10 18:20:37.435,WJ_VOLTAGE,WJ2,0.000,0.000,0,0,"HV=OFF, Fault=NO"
88.799263,2026-03-10 18:20:37.481,WJ_VOLTAGE,WJ1,0.000,0.000,0,0,"HV=OFF, Fault=NO"
88.845064,2026-03-10 18:20:37.527,ARDUINO_PSI,Arduino,0.000,0.000,12.742,,
88.943766,2026-03-10 18:20:37.625,ARDUINO_PSI,Arduino,0.000,0.000,12.739,,
89.045386,2026-03-10 18:20:37.727,ARDUINO_PSI,Arduino,0.000,0.000,12.739,,
89.143132,2026-03-10 18:20:37.825,ARDUINO_PSI,Arduino,0.000,0.000,12.744,,
89.243201,2026-03-10 18:20:37.925,ARDUINO_PSI,Arduino,0.000,0.000,12.742,,
89.281142,2026-03-10 18:20:37.963,WJ_VOLTAGE,WJ2,0.000,0.000,0,0,"HV=OFF, Fault=NO"
89.327441,2026-03-10 18:20:38.009,WJ_VOLTAGE,WJ1,0.000,0.000,0,0,"HV=OFF, Fault=NO"
89.343222,2026-03-10 18:20:38.025,ARDUINO_PSI,Arduino,0.000,0.000,12.739,,
89.444869,2026-03-10 18:20:38.127,ARDUINO_PSI,Arduino,0.000,0.000,12.730,,
89.543996,2026-03-10 18:20:38.226,ARDUINO_PSI,Arduino,0.000,0.000,12.746,,
89.643932,2026-03-10 18:20:38.326,ARDUINO_PSI,Arduino,0.000,0.000,12.739,,
89.744923,2026-03-10 18:20:38.427,ARDUINO_PSI,Arduino,0.000,0.000,12.744,,
89.807673,2026-03-10 18:20:38.489,WJ_VOLTAGE,WJ2,0.000,0.000,0,0,"HV=OFF, Fault=NO"
89.844506,2026-03-10 18:20:38.526,ARDUINO_PSI,Arduino,0.000,0.000,12.758,,
89.854936,2026-03-10 18:20:38.537,WJ_VOLTAGE,WJ1,0.000,0.000,0,0,"HV=OFF, Fault=NO"
89.943699,2026-03-10 18:20:38.625,ARDUINO_PSI,Arduino,0.000,0.000,12.746,,
90.044419,2026-03-10 18:20:38.726,ARDUINO_PSI,Arduino,0.000,0.000,12.758,,
90.144950,2026-03-10 18:20:38.827,ARDUINO_PSI,Arduino,0.000,0.000,12.758,,
90.245312,2026-03-10 18:20:38.927,ARDUINO_PSI,Arduino,0.000,0.000,12.755,,
90.340298,2026-03-10 18:20:39.022,WJ_VOLTAGE,WJ2,0.000,0.000,0,0,"HV=OFF, Fault=NO"
90.353609,2026-03-10 18:20:39.035,ARDUINO_PSI,Arduino,0.000,0.000,12.751,,
90.385979,2026-03-10 18:20:39.068,WJ_VOLTAGE,WJ1,0.000,0.000,0,0,"HV=OFF, Fault=NO"
90.443928,2026-03-10 18:20:39.126,ARDUINO_PSI,Arduino,0.000,0.000,12.751,,
90.543752,2026-03-10 18:20:39.225,ARDUINO_PSI,Arduino,0.000,0.000,12.760,,
90.644660,2026-03-10 18:20:39.326,ARDUINO_PSI,Arduino,0.000,0.000,12.767,,
90.743817,2026-03-10 18:20:39.425,ARDUINO_PSI,Arduino,0.000,0.000,12.767,,
90.844471,2026-03-10 18:20:39.526,ARDUINO_PSI,Arduino,0.000,0.000,12.755,,
90.865230,2026-03-10 18:20:39.547,WJ_VOLTAGE,WJ2,0.000,0.000,0,0,"HV=OFF, Fault=NO"
90.914064,2026-03-10 18:20:39.596,WJ_VOLTAGE,WJ1,0.000,0.000,0,0,"HV=OFF, Fault=NO"
90.944230,2026-03-10 18:20:39.626,ARDUINO_PSI,Arduino,0.000,0.000,12.760,,
91.044001,2026-03-10 18:20:39.726,ARDUINO_PSI,Arduino,0.000,0.000,12.760,,
91.144071,2026-03-10 18:20:39.826,ARDUINO_PSI,Arduino,0.000,0.000,12.760,,
91.243894,2026-03-10 18:20:39.926,ARDUINO_PSI,Arduino,0.000,0.000,12.767,,
91.344642,2026-03-10 18:20:40.026,ARDUINO_PSI,Arduino,0.000,0.000,12.760,,
91.393948,2026-03-10 18:20:40.076,WJ_VOLTAGE,WJ2,0.000,0.000,0,0,"HV=OFF, Fault=NO"
91.441791,2026-03-10 18:20:40.123,WJ_VOLTAGE,WJ1,0.000,0.000,0,0,"HV=OFF, Fault=NO"
91.451320,2026-03-10 18:20:40.133,ARDUINO_PSI,Arduino,0.000,0.000,12.769,,
91.543963,2026-03-10 18:20:40.226,ARDUINO_PSI,Arduino,0.000,0.000,12.767,,
91.644566,2026-03-10 18:20:40.326,ARDUINO_PSI,Arduino,0.000,0.000,12.774,,
91.744607,2026-03-10 18:20:40.426,ARDUINO_PSI,Arduino,0.000,0.000,12.785,,
91.843463,2026-03-10 18:20:40.525,ARDUINO_PSI,Arduino,0.000,0.000,12.780,,
91.923758,2026-03-10 18:20:40.605,WJ_VOLTAGE,WJ2,0.000,0.000,0,0,"HV=OFF, Fault=NO"
91.943703,2026-03-10 18:20:40.625,ARDUINO_PSI,Arduino,0.000,0.000,12.790,,
91.970244,2026-03-10 18:20:40.652,WJ_VOLTAGE,WJ1,0.000,0.000,0,0,"HV=OFF, Fault=NO"
92.045064,2026-03-10 18:20:40.727,ARDUINO_PSI,Arduino,0.000,0.000,12.780,,
92.144393,2026-03-10 18:20:40.826,ARDUINO_PSI,Arduino,0.000,0.000,12.778,,
92.243652,2026-03-10 18:20:40.925,ARDUINO_PSI,Arduino,0.000,0.000,12.780,,
92.343953,2026-03-10 18:20:41.026,ARDUINO_PSI,Arduino,0.000,0.000,12.785,,
92.443852,2026-03-10 18:20:41.126,ARDUINO_PSI,Arduino,0.000,0.000,12.780,,
92.456212,2026-03-10 18:20:41.138,WJ_VOLTAGE,WJ2,0.000,0.000,0,0,"HV=OFF, Fault=NO"
92.487446,2026-03-10 18:20:41.169,WJ_VOLTAGE,WJ1,0.000,0.000,0,0,"HV=OFF, Fault=NO"
92.543883,2026-03-10 18:20:41.226,ARDUINO_PSI,Arduino,0.000,0.000,12.771,,
92.643846,2026-03-10 18:20:41.325,ARDUINO_PSI,Arduino,0.000,0.000,12.760,,
92.743886,2026-03-10 18:20:41.426,ARDUINO_PSI,Arduino,0.000,0.000,12.758,,
92.843871,2026-03-10 18:20:41.526,ARDUINO_PSI,Arduino,0.000,0.000,12.764,,
92.944316,2026-03-10 18:20:41.626,ARDUINO_PSI,Arduino,0.000,0.000,12.774,,
92.987683,2026-03-10 18:20:41.669,WJ_VOLTAGE,WJ2,0.000,0.000,0,0,"HV=OFF, Fault=NO"
93.018093,2026-03-10 18:20:41.700,WJ_VOLTAGE,WJ1,0.000,0.000,0,0,"HV=OFF, Fault=NO"
93.043166,2026-03-10 18:20:41.725,ARDUINO_PSI,Arduino,0.000,0.000,12.776,,
93.143872,2026-03-10 18:20:41.826,ARDUINO_PSI,Arduino,0.000,0.000,12.785,,
93.243892,2026-03-10 18:20:41.926,ARDUINO_PSI,Arduino,0.000,0.000,12.783,,
93.343806,2026-03-10 18:20:42.025,ARDUINO_PSI,Arduino,0.000,0.000,12.790,,
93.444644,2026-03-10 18:20:42.126,ARDUINO_PSI,Arduino,0.000,0.000,12.780,,
93.514705,2026-03-10 18:20:42.196,WJ_VOLTAGE,WJ2,0.000,0.000,0,0,"HV=OFF, Fault=NO"
93.543582,2026-03-10 18:20:42.225,ARDUINO_PSI,Arduino,0.000,0.000,12.783,,
93.545688,2026-03-10 18:20:42.227,WJ_VOLTAGE,WJ1,0.000,0.000,0,0,"HV=OFF, Fault=NO"
93.643878,2026-03-10 18:20:42.326,ARDUINO_PSI,Arduino,0.000,0.000,12.785,,
93.743999,2026-03-10 18:20:42.426,ARDUINO_PSI,Arduino,0.000,0.000,12.778,,
93.844250,2026-03-10 18:20:42.526,ARDUINO_PSI,Arduino,0.000,0.000,12.767,,
93.944567,2026-03-10 18:20:42.626,ARDUINO_PSI,Arduino,0.000,0.000,12.762,,
94.042172,2026-03-10 18:20:42.724,WJ_VOLTAGE,WJ2,0.000,0.000,0,0,"HV=OFF, Fault=NO"
94.049058,2026-03-10 18:20:42.731,ARDUINO_PSI,Arduino,0.000,0.000,12.764,,
94.072503,2026-03-10 18:20:42.754,WJ_VOLTAGE,WJ1,0.000,0.000,0,0,"HV=OFF, Fault=NO"
94.143938,2026-03-10 18:20:42.826,ARDUINO_PSI,Arduino,0.000,0.000,12.764,,
94.243970,2026-03-10 18:20:42.926,ARDUINO_PSI,Arduino,0.000,0.000,12.755,,
94.343881,2026-03-10 18:20:43.026,ARDUINO_PSI,Arduino,0.000,0.000,12.758,,
94.444177,2026-03-10 18:20:43.126,ARDUINO_PSI,Arduino,0.000,0.000,12.753,,
94.544795,2026-03-10 18:20:43.226,ARDUINO_PSI,Arduino,0.000,0.000,12.751,,
94.562560,2026-03-10 18:20:43.244,WJ_VOLTAGE,WJ2,0.000,0.000,0,0,"HV=OFF, Fault=NO"
94.591605,2026-03-10 18:20:43.273,WJ_VOLTAGE,WJ1,0.000,0.000,0,0,"HV=OFF, Fault=NO"
94.643894,2026-03-10 18:20:43.326,ARDUINO_PSI,Arduino,0.000,0.000,12.767,,
94.744730,2026-03-10 18:20:43.426,ARDUINO_PSI,Arduino,0.000,0.000,12.760,,
94.844912,2026-03-10 18:20:43.527,ARDUINO_PSI,Arduino,0.000,0.000,12.758,,
94.944103,2026-03-10 18:20:43.626,ARDUINO_PSI,Arduino,0.000,0.000,12.751,,
95.045212,2026-03-10 18:20:43.727,ARDUINO_PSI,Arduino,0.000,0.000,12.755,,
95.091532,2026-03-10 18:20:43.773,WJ_VOLTAGE,WJ2,0.000,0.000,0,0,"HV=OFF, Fault=NO"
95.123142,2026-03-10 18:20:43.805,WJ_VOLTAGE,WJ1,0.000,0.000,0,0,"HV=OFF, Fault=NO"
95.143832,2026-03-10 18:20:43.825,ARDUINO_PSI,Arduino,0.000,0.000,12.744,,
95.244492,2026-03-10 18:20:43.926,ARDUINO_PSI,Arduino,0.000,0.000,12.742,,
95.343839,2026-03-10 18:20:44.025,ARDUINO_PSI,Arduino,0.000,0.000,12.739,,
95.444533,2026-03-10 18:20:44.126,ARDUINO_PSI,Arduino,0.000,0.000,12.744,,
95.543963,2026-03-10 18:20:44.226,ARDUINO_PSI,Arduino,0.000,0.000,12.732,,
95.619183,2026-03-10 18:20:44.301,WJ_VOLTAGE,WJ2,0.000,0.000,0,0,"HV=OFF, Fault=NO"
95.643760,2026-03-10 18:20:44.325,ARDUINO_PSI,Arduino,0.000,0.000,12.728,,
95.649481,2026-03-10 18:20:44.331,WJ_VOLTAGE,WJ1,0.000,0.000,0,0,"HV=OFF, Fault=NO"
95.744165,2026-03-10 18:20:44.426,ARDUINO_PSI,Arduino,0.000,0.000,12.723,,
95.844662,2026-03-10 18:20:44.526,ARDUINO_PSI,Arduino,0.000,0.000,12.732,,
95.943963,2026-03-10 18:20:44.626,ARDUINO_PSI,Arduino,0.000,0.000,12.735,,
96.044768,2026-03-10 18:20:44.726,ARDUINO_PSI,Arduino,0.000,0.000,12.737,,
96.143982,2026-03-10 18:20:44.826,ARDUINO_PSI,Arduino,0.000,0.000,12.753,,
96.147293,2026-03-10 18:20:44.829,WJ_VOLTAGE,WJ2,0.000,0.000,0,0,"HV=OFF, Fault=NO"
96.177929,2026-03-10 18:20:44.860,WJ_VOLTAGE,WJ1,0.000,0.000,0,0,"HV=OFF, Fault=NO"
96.243860,2026-03-10 18:20:44.926,ARDUINO_PSI,Arduino,0.000,0.000,12.760,,
96.344520,2026-03-10 18:20:45.026,ARDUINO_PSI,Arduino,0.000,0.000,12.755,,
96.443796,2026-03-10 18:20:45.125,ARDUINO_PSI,Arduino,0.000,0.000,12.762,,
96.544616,2026-03-10 18:20:45.226,ARDUINO_PSI,Arduino,0.000,0.000,12.764,,
96.644588,2026-03-10 18:20:45.326,ARDUINO_PSI,Arduino,0.000,0.000,12.755,,
96.676552,2026-03-10 18:20:45.358,WJ_VOLTAGE,WJ2,0.000,0.000,0,0,"HV=OFF, Fault=NO"
96.706101,2026-03-10 18:20:45.388,WJ_VOLTAGE,WJ1,0.000,0.000,0,0,"HV=OFF, Fault=NO"
96.744640,2026-03-10 18:20:45.426,ARDUINO_PSI,Arduino,0.000,0.000,12.753,,
96.844057,2026-03-10 18:20:45.526,ARDUINO_PSI,Arduino,0.000,0.000,12.769,,
96.944738,2026-03-10 18:20:45.626,ARDUINO_PSI,Arduino,0.000,0.000,12.767,,
97.043850,2026-03-10 18:20:45.725,ARDUINO_PSI,Arduino,0.000,0.000,12.769,,
97.144030,2026-03-10 18:20:45.826,ARDUINO_PSI,Arduino,0.000,0.000,12.778,,
97.201734,2026-03-10 18:20:45.883,WJ_VOLTAGE,WJ2,0.000,0.000,0,0,"HV=OFF, Fault=NO"
97.232119,2026-03-10 18:20:45.914,WJ_VOLTAGE,WJ1,0.000,0.000,0,0,"HV=OFF, Fault=NO"
97.243179,2026-03-10 18:20:45.925,ARDUINO_PSI,Arduino,0.000,0.000,12.771,,
97.343927,2026-03-10 18:20:46.026,ARDUINO_PSI,Arduino,0.000,0.000,12.764,,
97.444592,2026-03-10 18:20:46.126,ARDUINO_PSI,Arduino,0.000,0.000,12.762,,
97.544488,2026-03-10 18:20:46.226,ARDUINO_PSI,Arduino,0.000,0.000,12.764,,
97.644083,2026-03-10 18:20:46.326,ARDUINO_PSI,Arduino,0.000,0.000,12.762,,
97.733159,2026-03-10 18:20:46.415,WJ_VOLTAGE,WJ2,0.000,0.000,0,0,"HV=OFF, Fault=NO"
97.747993,2026-03-10 18:20:46.430,ARDUINO_PSI,Arduino,0.000,0.000,12.760,,
97.764401,2026-03-10 18:20:46.446,WJ_VOLTAGE,WJ1,0.000,0.000,0,0,"HV=OFF, Fault=NO"
97.844211,2026-03-10 18:20:46.526,ARDUINO_PSI,Arduino,0.000,0.000,12.764,,
97.944124,2026-03-10 18:20:46.626,ARDUINO_PSI,Arduino,0.000,0.000,12.758,,
98.047886,2026-03-10 18:20:46.730,ARDUINO_PSI,Arduino,0.000,0.000,12.764,,
98.144611,2026-03-10 18:20:46.826,ARDUINO_PSI,Arduino,0.000,0.000,12.758,,
98.243855,2026-03-10 18:20:46.926,ARDUINO_PSI,Arduino,0.000,0.000,12.753,,
98.262495,2026-03-10 18:20:46.944,WJ_VOLTAGE,WJ2,0.000,0.000,0,0,"HV=OFF, Fault=NO"
98.293886,2026-03-10 18:20:46.976,WJ_VOLTAGE,WJ1,0.000,0.000,0,0,"HV=OFF, Fault=NO"
98.343674,2026-03-10 18:20:47.025,ARDUINO_PSI,Arduino,0.000,0.000,12.762,,
98.443868,2026-03-10 18:20:47.126,ARDUINO_PSI,Arduino,0.000,0.000,12.748,,
98.543917,2026-03-10 18:20:47.226,ARDUINO_PSI,Arduino,0.000,0.000,12.751,,
98.644645,2026-03-10 18:20:47.326,ARDUINO_PSI,Arduino,0.000,0.000,12.753,,
98.744005,2026-03-10 18:20:47.426,ARDUINO_PSI,Arduino,0.000,0.000,12.753,,
98.793603,2026-03-10 18:20:47.475,WJ_VOLTAGE,WJ2,0.000,0.000,0,0,"HV=OFF, Fault=NO"
98.823241,2026-03-10 18:20:47.505,WJ_VOLTAGE,WJ1,0.000,0.000,0,0,"HV=OFF, Fault=NO"
98.843121,2026-03-10 18:20:47.525,ARDUINO_PSI,Arduino,0.000,0.000,12.735,,
98.943810,2026-03-10 18:20:47.625,ARDUINO_PSI,Arduino,0.000,0.000,12.737,,
99.044094,2026-03-10 18:20:47.726,ARDUINO_PSI,Arduino,0.000,0.000,12.742,,
99.144235,2026-03-10 18:20:47.826,ARDUINO_PSI,Arduino,0.000,0.000,12.732,,
99.244577,2026-03-10 18:20:47.926,ARDUINO_PSI,Arduino,0.000,0.000,12.737,,
99.323109,2026-03-10 18:20:48.005,WJ_VOLTAGE,WJ2,0.000,0.000,0,0,"HV=OFF, Fault=NO"
99.344055,2026-03-10 18:20:48.026,ARDUINO_PSI,Arduino,0.000,0.000,12.744,,
99.353005,2026-03-10 18:20:48.035,WJ_VOLTAGE,WJ1,0.000,0.000,0,0,"HV=OFF, Fault=NO"
99.443790,2026-03-10 18:20:48.125,ARDUINO_PSI,Arduino,0.000,0.000,12.753,,
99.544253,2026-03-10 18:20:48.226,ARDUINO_PSI,Arduino,0.000,0.000,12.748,,
99.644545,2026-03-10 18:20:48.326,ARDUINO_PSI,Arduino,0.000,0.000,12.751,,
99.745107,2026-03-10 18:20:48.427,ARDUINO_PSI,Arduino,0.000,0.000,12.758,,
99.843110,2026-03-10 18:20:48.525,WJ_VOLTAGE,WJ2,0.000,0.000,0,0,"HV=OFF, Fault=NO"
99.854412,2026-03-10 18:20:48.536,ARDUINO_PSI,Arduino,0.000,0.000,12.751,,
99.872356,2026-03-10 18:20:48.554,WJ_VOLTAGE,WJ1,0.000,0.000,0,0,"HV=OFF, Fault=NO"
99.943938,2026-03-10 18:20:48.626,ARDUINO_PSI,Arduino,0.000,0.000,12.760,,
100.044841,2026-03-10 18:20:48.726,ARDUINO_PSI,Arduino,0.000,0.000,12.760,,
100.144727,2026-03-10 18:20:48.826,ARDUINO_PSI,Arduino,0.000,0.000,12.762,,
100.245007,2026-03-10 18:20:48.927,ARDUINO_PSI,Arduino,0.000,0.000,12.769,,
100.344187,2026-03-10 18:20:49.026,ARDUINO_PSI,Arduino,0.000,0.000,12.769,,
100.373390,2026-03-10 18:20:49.055,WJ_VOLTAGE,WJ2,0.000,0.000,0,0,"HV=OFF, Fault=NO"
100.403632,2026-03-10 18:20:49.085,WJ_VOLTAGE,WJ1,0.000,0.000,0,0,"HV=OFF, Fault=NO"
100.443659,2026-03-10 18:20:49.125,ARDUINO_PSI,Arduino,0.000,0.000,12.776,,
100.544854,2026-03-10 18:20:49.227,ARDUINO_PSI,Arduino,0.000,0.000,12.785,,
100.644740,2026-03-10 18:20:49.326,ARDUINO_PSI,Arduino,0.000,0.000,12.776,,
100.744441,2026-03-10 18:20:49.426,ARDUINO_PSI,Arduino,0.000,0.000,12.783,,
100.844275,2026-03-10 18:20:49.526,ARDUINO_PSI,Arduino,0.000,0.000,12.785,,
100.899931,2026-03-10 18:20:49.582,WJ_VOLTAGE,WJ2,0.000,0.000,0,0,"HV=OFF, Fault=NO"
100.931268,2026-03-10 18:20:49.613,WJ_VOLTAGE,WJ1,0.000,0.000,0,0,"HV=OFF, Fault=NO"
100.943203,2026-03-10 18:20:49.625,ARDUINO_PSI,Arduino,0.000,0.000,12.792,,
101.044425,2026-03-10 18:20:49.726,ARDUINO_PSI,Arduino,0.000,0.000,12.785,,
101.143913,2026-03-10 18:20:49.826,ARDUINO_PSI,Arduino,0.000,0.000,12.790,,
101.243830,2026-03-10 18:20:49.925,ARDUINO_PSI,Arduino,0.000,0.000,12.783,,
101.343646,2026-03-10 18:20:50.025,ARDUINO_PSI,Arduino,0.000,0.000,12.787,,
101.443361,2026-03-10 18:20:50.125,WJ_VOLTAGE,WJ2,0.000,0.000,0,0,"HV=OFF, Fault=NO"
101.455143,2026-03-10 18:20:50.137,ARDUINO_PSI,Arduino,0.000,0.000,12.783,,
101.456886,2026-03-10 18:20:50.139,WJ_VOLTAGE,WJ1,0.000,0.000,0,0,"HV=OFF, Fault=NO"
101.543265,2026-03-10 18:20:50.225,ARDUINO_PSI,Arduino,0.000,0.000,12.787,,
101.644344,2026-03-10 18:20:50.326,ARDUINO_PSI,Arduino,0.000,0.000,12.780,,
101.743626,2026-03-10 18:20:50.425,ARDUINO_PSI,Arduino,0.000,0.000,12.787,,
101.843209,2026-03-10 18:20:50.525,ARDUINO_PSI,Arduino,0.000,0.000,12.792,,
101.943857,2026-03-10 18:20:50.626,ARDUINO_PSI,Arduino,0.000,0.000,12.778,,
101.972384,2026-03-10 18:20:50.654,WJ_VOLTAGE,WJ2,0.000,0.000,0,0,"HV=OFF, Fault=NO"
101.986835,2026-03-10 18:20:50.668,WJ_VOLTAGE,WJ1,0.000,0.000,0,0,"HV=OFF, Fault=NO"
102.043790,2026-03-10 18:20:50.725,ARDUINO_PSI,Arduino,0.000,0.000,12.783,,
102.143814,2026-03-10 18:20:50.825,ARDUINO_PSI,Arduino,0.000,0.000,12.774,,
102.243959,2026-03-10 18:20:50.926,ARDUINO_PSI,Arduino,0.000,0.000,12.760,,
102.343683,2026-03-10 18:20:51.025,ARDUINO_PSI,Arduino,0.000,0.000,12.758,,
102.443442,2026-03-10 18:20:51.125,ARDUINO_PSI,Arduino,0.000,0.000,12.760,,
102.490618,2026-03-10 18:20:51.172,WJ_VOLTAGE,WJ2,0.000,0.000,0,0,"HV=OFF, Fault=NO"
102.505530,2026-03-10 18:20:51.187,WJ_VOLTAGE,WJ1,0.000,0.000,0,0,"HV=OFF, Fault=NO"
102.543241,2026-03-10 18:20:51.225,ARDUINO_PSI,Arduino,0.000,0.000,12.760,,
102.643770,2026-03-10 18:20:51.325,ARDUINO_PSI,Arduino,0.000,0.000,12.771,,
102.743318,2026-03-10 18:20:51.425,ARDUINO_PSI,Arduino,0.000,0.000,12.774,,
102.843844,2026-03-10 18:20:51.526,ARDUINO_PSI,Arduino,0.000,0.000,12.771,,
102.943775,2026-03-10 18:20:51.625,ARDUINO_PSI,Arduino,0.000,0.000,12.771,,
103.023411,2026-03-10 18:20:51.705,WJ_VOLTAGE,WJ2,0.000,0.000,0,0,"HV=OFF, Fault=NO"
103.038563,2026-03-10 18:20:51.720,WJ_VOLTAGE,WJ1,0.000,0.000,0,0,"HV=OFF, Fault=NO"
103.044481,2026-03-10 18:20:51.726,ARDUINO_PSI,Arduino,0.000,0.000,12.764,,
103.143711,2026-03-10 18:20:51.825,ARDUINO_PSI,Arduino,0.000,0.000,12.764,,
103.243707,2026-03-10 18:20:51.925,ARDUINO_PSI,Arduino,0.000,0.000,12.764,,
103.343881,2026-03-10 18:20:52.026,ARDUINO_PSI,Arduino,0.000,0.000,12.755,,
103.444061,2026-03-10 18:20:52.126,ARDUINO_PSI,Arduino,0.000,0.000,12.762,,
103.543724,2026-03-10 18:20:52.225,ARDUINO_PSI,Arduino,0.000,0.000,12.760,,
103.553053,2026-03-10 18:20:52.235,WJ_VOLTAGE,WJ2,0.000,0.000,0,0,"HV=OFF, Fault=NO"
103.566829,2026-03-10 18:20:52.248,WJ_VOLTAGE,WJ1,0.000,0.000,0,0,"HV=OFF, Fault=NO"
103.644042,2026-03-10 18:20:52.326,ARDUINO_PSI,Arduino,0.000,0.000,12.764,,
103.743757,2026-03-10 18:20:52.425,ARDUINO_PSI,Arduino,0.000,0.000,12.764,,
103.843909,2026-03-10 18:20:52.526,ARDUINO_PSI,Arduino,0.000,0.000,12.753,,
103.944051,2026-03-10 18:20:52.626,ARDUINO_PSI,Arduino,0.000,0.000,12.758,,
104.043881,2026-03-10 18:20:52.726,ARDUINO_PSI,Arduino,0.000,0.000,12.748,,
104.084581,2026-03-10 18:20:52.766,WJ_VOLTAGE,WJ2,0.000,0.000,0,0,"HV=OFF, Fault=NO"
104.099686,2026-03-10 18:20:52.781,WJ_VOLTAGE,WJ1,0.000,0.000,0,0,"HV=OFF, Fault=NO"
104.143599,2026-03-10 18:20:52.825,ARDUINO_PSI,Arduino,0.000,0.000,12.758,,
104.243892,2026-03-10 18:20:52.926,ARDUINO_PSI,Arduino,0.000,0.000,12.769,,
104.344540,2026-03-10 18:20:53.026,ARDUINO_PSI,Arduino,0.000,0.000,12.769,,
104.443918,2026-03-10 18:20:53.126,ARDUINO_PSI,Arduino,0.000,0.000,12.776,,
104.543936,2026-03-10 18:20:53.226,ARDUINO_PSI,Arduino,0.000,0.000,12.774,,
104.613752,2026-03-10 18:20:53.295,WJ_VOLTAGE,WJ2,0.000,0.000,0,0,"HV=OFF, Fault=NO"
104.627768,2026-03-10 18:20:53.309,WJ_VOLTAGE,WJ1,0.000,0.000,0,0,"HV=OFF, Fault=NO"
104.643250,2026-03-10 18:20:53.325,ARDUINO_PSI,Arduino,0.000,0.000,12.774,,
104.743759,2026-03-10 18:20:53.425,ARDUINO_PSI,Arduino,0.000,0.000,12.769,,
104.843641,2026-03-10 18:20:53.525,ARDUINO_PSI,Arduino,0.000,0.000,12.771,,
104.943250,2026-03-10 18:20:53.625,ARDUINO_PSI,Arduino,0.000,0.000,12.764,,
105.043218,2026-03-10 18:20:53.725,ARDUINO_PSI,Arduino,0.000,0.000,12.774,,
105.130709,2026-03-10 18:20:53.812,WJ_VOLTAGE,WJ2,0.000,0.000,0,0,"HV=OFF, Fault=NO"
105.143182,2026-03-10 18:20:53.825,ARDUINO_PSI,Arduino,0.000,0.000,12.769,,
105.162878,2026-03-10 18:20:53.845,WJ_VOLTAGE,WJ1,0.000,0.000,0,0,"HV=OFF, Fault=NO"
105.243867,2026-03-10 18:20:53.926,ARDUINO_PSI,Arduino,0.000,0.000,12.790,,
105.343839,2026-03-10 18:20:54.025,ARDUINO_PSI,Arduino,0.000,0.000,12.790,,
105.443916,2026-03-10 18:20:54.126,ARDUINO_PSI,Arduino,0.000,0.000,12.790,,
105.543713,2026-03-10 18:20:54.225,ARDUINO_PSI,Arduino,0.000,0.000,12.794,,
105.643874,2026-03-10 18:20:54.326,ARDUINO_PSI,Arduino,0.000,0.000,12.794,,
105.660877,2026-03-10 18:20:54.343,WJ_VOLTAGE,WJ2,0.000,0.000,0,0,"HV=OFF, Fault=NO"
105.691220,2026-03-10 18:20:54.373,WJ_VOLTAGE,WJ1,0.000,0.000,0,0,"HV=OFF, Fault=NO"
105.743209,2026-03-10 18:20:54.425,ARDUINO_PSI,Arduino,0.000,0.000,12.787,,
105.843778,2026-03-10 18:20:54.525,ARDUINO_PSI,Arduino,0.000,0.000,12.785,,
105.943097,2026-03-10 18:20:54.625,ARDUINO_PSI,Arduino,0.000,0.000,12.783,,
106.043535,2026-03-10 18:20:54.725,ARDUINO_PSI,Arduino,0.000,0.000,12.790,,
106.143706,2026-03-10 18:20:54.825,ARDUINO_PSI,Arduino,0.000,0.000,12.776,,
106.208795,2026-03-10 18:20:54.890,WJ_VOLTAGE,WJ2,0.000,0.000,0,0,"HV=OFF, Fault=NO"
106.239635,2026-03-10 18:20:54.921,WJ_VOLTAGE,WJ1,0.000,0.000,0,0,"HV=OFF, Fault=NO"
106.246675,2026-03-10 18:20:54.928,ARDUINO_PSI,Arduino,0.000,0.000,12.771,,
106.343892,2026-03-10 18:20:55.026,ARDUINO_PSI,Arduino,0.000,0.000,12.776,,
106.443435,2026-03-10 18:20:55.125,ARDUINO_PSI,Arduino,0.000,0.000,12.778,,
106.543181,2026-03-10 18:20:55.225,ARDUINO_PSI,Arduino,0.000,0.000,12.760,,
106.643712,2026-03-10 18:20:55.325,ARDUINO_PSI,Arduino,0.000,0.000,12.764,,
106.737709,2026-03-10 18:20:55.419,WJ_VOLTAGE,WJ2,0.000,0.000,0,0,"HV=OFF, Fault=NO"
106.744091,2026-03-10 18:20:55.426,ARDUINO_PSI,Arduino,0.000,0.000,12.774,,
106.768880,2026-03-10 18:20:55.451,WJ_VOLTAGE,WJ1,0.000,0.000,0,0,"HV=OFF, Fault=NO"
106.843453,2026-03-10 18:20:55.525,ARDUINO_PSI,Arduino,0.000,0.000,12.771,,
106.943381,2026-03-10 18:20:55.625,ARDUINO_PSI,Arduino,0.000,0.000,12.774,,
107.043237,2026-03-10 18:20:55.725,ARDUINO_PSI,Arduino,0.000,0.000,12.767,,
107.144090,2026-03-10 18:20:55.826,ARDUINO_PSI,Arduino,0.000,0.000,12.769,,
107.243700,2026-03-10 18:20:55.925,ARDUINO_PSI,Arduino,0.000,0.000,12.760,,
107.256028,2026-03-10 18:20:55.938,WJ_VOLTAGE,WJ2,0.000,0.000,0,0,"HV=OFF, Fault=NO"
107.287561,2026-03-10 18:20:55.969,WJ_VOLTAGE,WJ1,0.000,0.000,0,0,"HV=OFF, Fault=NO"
107.343949,2026-03-10 18:20:56.026,ARDUINO_PSI,Arduino,0.000,0.000,12.762,,
107.443696,2026-03-10 18:20:56.125,ARDUINO_PSI,Arduino,0.000,0.000,12.755,,
107.543705,2026-03-10 18:20:56.225,ARDUINO_PSI,Arduino,0.000,0.000,12.748,,
107.643614,2026-03-10 18:20:56.325,ARDUINO_PSI,Arduino,0.000,0.000,12.739,,
107.743316,2026-03-10 18:20:56.425,ARDUINO_PSI,Arduino,0.000,0.000,12.748,,
107.785851,2026-03-10 18:20:56.468,WJ_VOLTAGE,WJ2,0.000,0.000,0,0,"HV=OFF, Fault=NO"
107.816883,2026-03-10 18:20:56.499,WJ_VOLTAGE,WJ1,0.000,0.000,0,0,"HV=OFF, Fault=NO"
107.843458,2026-03-10 18:20:56.525,ARDUINO_PSI,Arduino,0.000,0.000,12.753,,
107.943782,2026-03-10 18:20:56.625,ARDUINO_PSI,Arduino,0.000,0.000,12.755,,
108.044462,2026-03-10 18:20:56.726,ARDUINO_PSI,Arduino,0.000,0.000,12.760,,
108.143590,2026-03-10 18:20:56.825,ARDUINO_PSI,Arduino,0.000,0.000,12.764,,
108.243877,2026-03-10 18:20:56.926,ARDUINO_PSI,Arduino,0.000,0.000,12.764,,
108.311575,2026-03-10 18:20:56.993,WJ_VOLTAGE,WJ2,0.000,0.000,0,0,"HV=OFF, Fault=NO"
108.342263,2026-03-10 18:20:57.024,WJ_VOLTAGE,WJ1,0.000,0.000,0,0,"HV=OFF, Fault=NO"
108.349762,2026-03-10 18:20:57.031,ARDUINO_PSI,Arduino,0.000,0.000,12.753,,
108.443443,2026-03-10 18:20:57.125,ARDUINO_PSI,Arduino,0.000,0.000,12.760,,
108.543613,2026-03-10 18:20:57.225,ARDUINO_PSI,Arduino,0.000,0.000,12.769,,
108.643573,2026-03-10 18:20:57.325,ARDUINO_PSI,Arduino,0.000,0.000,12.769,,
108.743774,2026-03-10 18:20:57.425,ARDUINO_PSI,Arduino,0.000,0.000,12.764,,
108.841252,2026-03-10 18:20:57.523,WJ_VOLTAGE,WJ2,0.000,0.000,0,0,"HV=OFF, Fault=NO"
108.853609,2026-03-10 18:20:57.535,ARDUINO_PSI,Arduino,0.000,0.000,12.776,,
108.871113,2026-03-10 18:20:57.553,WJ_VOLTAGE,WJ1,0.000,0.000,0,0,"HV=OFF, Fault=NO"
108.943138,2026-03-10 18:20:57.625,ARDUINO_PSI,Arduino,0.000,0.000,12.774,,
109.043720,2026-03-10 18:20:57.725,ARDUINO_PSI,Arduino,0.000,0.000,12.764,,
109.143326,2026-03-10 18:20:57.825,ARDUINO_PSI,Arduino,0.000,0.000,12.771,,
109.243265,2026-03-10 18:20:57.925,ARDUINO_PSI,Arduino,0.000,0.000,12.780,,
109.343221,2026-03-10 18:20:58.025,ARDUINO_PSI,Arduino,0.000,0.000,12.780,,
109.370708,2026-03-10 18:20:58.052,WJ_VOLTAGE,WJ2,0.000,0.000,0,0,"HV=OFF, Fault=NO"
109.402051,2026-03-10 18:20:58.084,WJ_VOLTAGE,WJ1,0.000,0.000,0,0,"HV=OFF, Fault=NO"
109.443197,2026-03-10 18:20:58.125,ARDUINO_PSI,Arduino,0.000,0.000,12.778,,
109.960769,2026-03-10 18:20:58.642,WJ_COMMAND,WJ1,SET_PROGRAM,30.0kV_2.0mA,,,SET_PROGRAM 30.0kV_2.0mA
110.085882,2026-03-10 18:20:58.768,WJ_COMMAND,WJ2,SET_PROGRAM,30.0kV_2.0mA,,,SET_PROGRAM 30.0kV_2.0mA
110.087850,2026-03-10 18:20:58.770,ARDUINO_PSI,Arduino,0.000,0.000,12.780,,
110.091043,2026-03-10 18:20:58.773,ARDUINO_PSI,Arduino,0.000,0.000,12.792,,
110.094031,2026-03-10 18:20:58.776,ARDUINO_PSI,Arduino,0.000,0.000,12.790,,
110.097146,2026-03-10 18:20:58.779,ARDUINO_PSI,Arduino,0.000,0.000,12.787,,
110.099167,2026-03-10 18:20:58.781,WJ_VOLTAGE,WJ2,0.000,0.000,0,0,"HV=OFF, Fault=NO"
110.100104,2026-03-10 18:20:58.782,ARDUINO_PSI,Arduino,0.000,0.000,12.794,,
110.102606,2026-03-10 18:20:58.784,ARDUINO_PSI,Arduino,0.000,0.000,12.790,,
110.143294,2026-03-10 18:20:58.825,ARDUINO_PSI,Arduino,0.000,0.000,12.801,,
110.243949,2026-03-10 18:20:58.926,ARDUINO_PSI,Arduino,0.000,0.000,12.812,,
110.343872,2026-03-10 18:20:59.026,ARDUINO_PSI,Arduino,0.000,0.000,12.828,,
110.443925,2026-03-10 18:20:59.126,ARDUINO_PSI,Arduino,0.000,0.000,12.808,,
110.492526,2026-03-10 18:20:59.174,WJ_VOLTAGE,WJ1,0.000,0.000,0,0,"HV=OFF, Fault=NO"
110.542253,2026-03-10 18:20:59.224,WJ_VOLTAGE,WJ2,0.000,0.000,0,0,"HV=OFF, Fault=NO"
110.552129,2026-03-10 18:20:59.234,ARDUINO_PSI,Arduino,0.000,0.000,12.812,,
110.774172,2026-03-10 18:20:59.456,WJ_COMMAND,WJ1,HV_ON,,,,HV_ON 
110.867863,2026-03-10 18:20:59.550,WJ_COMMAND,WJ2,HV_ON,,,,HV_ON 
110.869462,2026-03-10 18:20:59.551,ARDUINO_PSI,Arduino,0.000,0.000,12.806,,
110.874122,2026-03-10 18:20:59.556,WJ_VOLTAGE,WJ1,0.000,0.000,0,0,"HV=OFF, Fault=NO"
110.876843,2026-03-10 18:20:59.558,ARDUINO_PSI,Arduino,0.000,0.000,12.810,,
110.881552,2026-03-10 18:20:59.563,WJ_VOLTAGE,WJ2,0.000,0.000,0,0,"HV=OFF, Fault=NO"
110.882616,2026-03-10 18:20:59.564,ARDUINO_PSI,Arduino,0.000,0.000,12.801,,
110.943838,2026-03-10 18:20:59.625,ARDUINO_PSI,Arduino,0.000,0.000,12.801,,
111.043943,2026-03-10 18:20:59.726,ARDUINO_PSI,Arduino,0.000,0.000,12.803,,
111.143816,2026-03-10 18:20:59.825,ARDUINO_PSI,Arduino,0.000,0.000,12.803,,
111.243983,2026-03-10 18:20:59.926,ARDUINO_PSI,Arduino,0.000,0.000,12.796,,
111.343650,2026-03-10 18:21:00.025,ARDUINO_PSI,Arduino,0.000,0.000,12.783,,
111.443568,2026-03-10 18:21:00.125,ARDUINO_PSI,Arduino,0.000,0.000,12.790,,
111.543994,2026-03-10 18:21:00.226,ARDUINO_PSI,Arduino,0.000,0.000,12.792,,
111.643977,2026-03-10 18:21:00.326,ARDUINO_PSI,Arduino,0.000,0.000,12.794,,
111.743753,2026-03-10 18:21:00.425,ARDUINO_PSI,Arduino,0.000,0.000,12.790,,
111.843838,2026-03-10 18:21:00.525,ARDUINO_PSI,Arduino,0.000,0.000,12.803,,
111.943686,2026-03-10 18:21:00.625,ARDUINO_PSI,Arduino,0.000,0.000,12.796,,
111.960112,2026-03-10 18:21:00.642,WJ_VOLTAGE,WJ1,1.760,2.000,0,0,"HV=OFF, Fault=NO"
112.043234,2026-03-10 18:21:00.725,ARDUINO_PSI,Arduino,0.000,0.000,12.790,,
112.053378,2026-03-10 18:21:00.735,WJ_VOLTAGE,WJ2,1.857,2.000,0,0,"HV=OFF, Fault=NO"
112.144440,2026-03-10 18:21:00.826,ARDUINO_PSI,Arduino,0.000,0.000,12.780,,
112.244097,2026-03-10 18:21:00.926,ARDUINO_PSI,Arduino,0.000,0.000,12.762,,
112.343694,2026-03-10 18:21:01.025,ARDUINO_PSI,Arduino,0.000,0.000,12.753,,
112.443749,2026-03-10 18:21:01.125,ARDUINO_PSI,Arduino,0.000,0.000,12.758,,
112.490198,2026-03-10 18:21:01.172,WJ_VOLTAGE,WJ1,3.030,2.000,0,0,"HV=OFF, Fault=NO"
112.543729,2026-03-10 18:21:01.225,ARDUINO_PSI,Arduino,0.000,0.000,12.748,,
112.583541,2026-03-10 18:21:01.265,WJ_VOLTAGE,WJ2,3.324,2.000,0,0,"HV=OFF, Fault=NO"
112.644996,2026-03-10 18:21:01.327,ARDUINO_PSI,Arduino,0.000,0.000,12.746,,
112.743892,2026-03-10 18:21:01.426,ARDUINO_PSI,Arduino,0.000,0.000,12.737,,
112.843724,2026-03-10 18:21:01.525,ARDUINO_PSI,Arduino,0.000,0.000,12.739,,
112.943193,2026-03-10 18:21:01.625,ARDUINO_PSI,Arduino,0.000,0.000,12.751,,
113.020646,2026-03-10 18:21:01.702,WJ_VOLTAGE,WJ1,4.203,2.000,0,0,"HV=OFF, Fault=NO"
113.043151,2026-03-10 18:21:01.725,ARDUINO_PSI,Arduino,0.000,0.000,12.753,,
113.114851,2026-03-10 18:21:01.796,WJ_VOLTAGE,WJ2,4.790,2.000,0,0,"HV=OFF, Fault=NO"
113.143179,2026-03-10 18:21:01.825,ARDUINO_PSI,Arduino,0.000,0.000,12.744,,
113.243261,2026-03-10 18:21:01.925,ARDUINO_PSI,Arduino,0.000,0.000,12.753,,
113.344018,2026-03-10 18:21:02.026,ARDUINO_PSI,Arduino,0.000,0.000,12.771,,
113.443734,2026-03-10 18:21:02.125,ARDUINO_PSI,Arduino,0.000,0.000,12.767,,
113.543840,2026-03-10 18:21:02.225,ARDUINO_PSI,Arduino,0.000,0.000,12.769,,
113.551081,2026-03-10 18:21:02.233,WJ_VOLTAGE,WJ1,5.572,2.000,0,0,"HV=OFF, Fault=NO"
113.645768,2026-03-10 18:21:02.327,WJ_VOLTAGE,WJ2,6.158,2.000,0,0,"HV=OFF, Fault=NO"
113.650085,2026-03-10 18:21:02.332,ARDUINO_PSI,Arduino,0.000,0.000,12.762,,
113.743789,2026-03-10 18:21:02.425,ARDUINO_PSI,Arduino,0.000,0.000,12.753,,
113.843929,2026-03-10 18:21:02.526,ARDUINO_PSI,Arduino,0.000,0.000,12.744,,
113.943664,2026-03-10 18:21:02.625,ARDUINO_PSI,Arduino,0.000,0.000,12.751,,
114.043633,2026-03-10 18:21:02.725,ARDUINO_PSI,Arduino,0.000,0.000,12.748,,
114.079797,2026-03-10 18:21:02.761,WJ_VOLTAGE,WJ1,6.745,2.000,0,0,"HV=OFF, Fault=NO"
114.143756,2026-03-10 18:21:02.825,ARDUINO_PSI,Arduino,0.000,0.000,12.748,,
114.171988,2026-03-10 18:21:02.854,WJ_VOLTAGE,WJ2,7.625,2.000,0,0,"HV=OFF, Fault=NO"
114.243993,2026-03-10 18:21:02.926,ARDUINO_PSI,Arduino,0.000,0.000,12.755,,
114.344739,2026-03-10 18:21:03.026,ARDUINO_PSI,Arduino,0.000,0.000,12.748,,
114.443725,2026-03-10 18:21:03.125,ARDUINO_PSI,Arduino,0.000,0.000,12.742,,
114.543834,2026-03-10 18:21:03.225,ARDUINO_PSI,Arduino,0.000,0.000,12.739,,
114.611236,2026-03-10 18:21:03.293,WJ_VOLTAGE,WJ1,8.016,2.000,0,0,"HV=OFF, Fault=NO"
114.643322,2026-03-10 18:21:03.325,ARDUINO_PSI,Arduino,0.000,0.000,12.753,,
114.704447,2026-03-10 18:21:03.386,WJ_VOLTAGE,WJ2,9.091,2.000,0,0,"HV=OFF, Fault=NO"
114.743975,2026-03-10 18:21:03.426,ARDUINO_PSI,Arduino,0.000,0.000,12.755,,
114.843727,2026-03-10 18:21:03.525,ARDUINO_PSI,Arduino,0.000,0.000,12.746,,
114.944443,2026-03-10 18:21:03.626,ARDUINO_PSI,Arduino,0.000,0.000,12.735,,
115.044246,2026-03-10 18:21:03.726,ARDUINO_PSI,Arduino,0.000,0.000,12.742,,
115.139088,2026-03-10 18:21:03.821,WJ_VOLTAGE,WJ1,9.482,2.000,0,0,"HV=OFF, Fault=NO"
115.152991,2026-03-10 18:21:03.835,ARDUINO_PSI,Arduino,0.000,0.000,12.751,,
115.233122,2026-03-10 18:21:03.915,WJ_VOLTAGE,WJ2,10.362,2.000,0,0,"HV=OFF, Fault=NO"
115.247264,2026-03-10 18:21:03.929,ARDUINO_PSI,Arduino,0.000,0.000,12.735,,
115.343747,2026-03-10 18:21:04.025,ARDUINO_PSI,Arduino,0.000,0.000,12.721,,
115.444012,2026-03-10 18:21:04.126,ARDUINO_PSI,Arduino,0.000,0.000,12.719,,
115.543710,2026-03-10 18:21:04.225,ARDUINO_PSI,Arduino,0.000,0.000,12.714,,
115.643661,2026-03-10 18:21:04.325,ARDUINO_PSI,Arduino,0.000,0.000,12.721,,
115.665931,2026-03-10 18:21:04.348,WJ_VOLTAGE,WJ1,10.753,2.000,0,0,"HV=OFF, Fault=NO"
115.744545,2026-03-10 18:21:04.426,ARDUINO_PSI,Arduino,0.000,0.000,12.728,,
115.761358,2026-03-10 18:21:04.443,WJ_VOLTAGE,WJ2,11.828,2.000,0,0,"HV=OFF, Fault=NO"
115.843800,2026-03-10 18:21:04.525,ARDUINO_PSI,Arduino,0.000,0.000,12.723,,
115.943782,2026-03-10 18:21:04.625,ARDUINO_PSI,Arduino,0.000,0.000,12.712,,
116.043665,2026-03-10 18:21:04.725,ARDUINO_PSI,Arduino,0.000,0.000,12.712,,
116.143772,2026-03-10 18:21:04.825,ARDUINO_PSI,Arduino,0.000,0.000,12.716,,
116.198242,2026-03-10 18:21:04.880,WJ_VOLTAGE,WJ1,11.926,2.000,0,0,"HV=OFF, Fault=NO"
116.243535,2026-03-10 18:21:04.925,ARDUINO_PSI,Arduino,0.000,0.000,12.721,,
116.289942,2026-03-10 18:21:04.972,WJ_VOLTAGE,WJ2,13.196,2.000,0,0,"HV=OFF, Fault=NO"
116.343869,2026-03-10 18:21:05.026,ARDUINO_PSI,Arduino,0.000,0.000,12.721,,
116.443243,2026-03-10 18:21:05.125,ARDUINO_PSI,Arduino,0.000,0.000,12.737,,
116.543815,2026-03-10 18:21:05.225,ARDUINO_PSI,Arduino,0.000,0.000,12.746,,
116.643800,2026-03-10 18:21:05.325,ARDUINO_PSI,Arduino,0.000,0.000,12.735,,
116.727444,2026-03-10 18:21:05.409,WJ_VOLTAGE,WJ1,13.294,2.000,0,0,"HV=OFF, Fault=NO"
116.743158,2026-03-10 18:21:05.425,ARDUINO_PSI,Arduino,0.000,0.000,12.732,,
116.821008,2026-03-10 18:21:05.503,WJ_VOLTAGE,WJ2,14.663,2.000,0,0,"HV=OFF, Fault=NO"
116.843264,2026-03-10 18:21:05.525,ARDUINO_PSI,Arduino,0.000,0.000,12.737,,
116.943957,2026-03-10 18:21:05.626,ARDUINO_PSI,Arduino,0.000,0.000,12.744,,
117.044523,2026-03-10 18:21:05.726,ARDUINO_PSI,Arduino,0.000,0.000,12.730,,
117.144477,2026-03-10 18:21:05.826,ARDUINO_PSI,Arduino,0.000,0.000,12.735,,
117.243890,2026-03-10 18:21:05.926,ARDUINO_PSI,Arduino,0.000,0.000,12.742,,
117.254319,2026-03-10 18:21:05.936,WJ_VOLTAGE,WJ1,14.565,2.000,0,0,"HV=OFF, Fault=NO"
117.343850,2026-03-10 18:21:06.026,ARDUINO_PSI,Arduino,0.000,0.000,12.746,,
117.350675,2026-03-10 18:21:06.032,WJ_VOLTAGE,WJ2,16.129,2.000,0,0,"HV=OFF, Fault=NO"
117.443765,2026-03-10 18:21:06.125,ARDUINO_PSI,Arduino,0.000,0.000,12.744,,
117.544392,2026-03-10 18:21:06.226,ARDUINO_PSI,Arduino,0.000,0.000,12.748,,
117.643341,2026-03-10 18:21:06.325,ARDUINO_PSI,Arduino,0.000,0.000,12.744,,
117.743630,2026-03-10 18:21:06.425,ARDUINO_PSI,Arduino,0.000,0.000,12.748,,
117.783679,2026-03-10 18:21:06.465,WJ_VOLTAGE,WJ1,15.738,2.000,0,0,"HV=OFF, Fault=NO"
117.843819,2026-03-10 18:21:06.525,ARDUINO_PSI,Arduino,0.000,0.000,12.755,,
117.877088,2026-03-10 18:21:06.559,WJ_VOLTAGE,WJ2,17.400,2.000,0,0,"HV=OFF, Fault=NO"
117.943837,2026-03-10 18:21:06.625,ARDUINO_PSI,Arduino,0.000,0.000,12.760,,
118.044402,2026-03-10 18:21:06.726,ARDUINO_PSI,Arduino,0.000,0.000,12.776,,
118.143879,2026-03-10 18:21:06.826,ARDUINO_PSI,Arduino,0.000,0.000,12.778,,
118.243961,2026-03-10 18:21:06.926,ARDUINO_PSI,Arduino,0.000,0.000,12.776,,
118.316142,2026-03-10 18:21:06.998,WJ_VOLTAGE,WJ1,17.009,2.000,0,0,"HV=OFF, Fault=NO"
118.343308,2026-03-10 18:21:07.025,ARDUINO_PSI,Arduino,0.000,0.000,12.790,,
118.409642,2026-03-10 18:21:07.091,WJ_VOLTAGE,WJ2,18.866,2.000,0,0,"HV=OFF, Fault=NO"
118.443288,2026-03-10 18:21:07.125,ARDUINO_PSI,Arduino,0.000,0.000,12.778,,
118.543740,2026-03-10 18:21:07.225,ARDUINO_PSI,Arduino,0.000,0.000,12.774,,
118.643888,2026-03-10 18:21:07.326,ARDUINO_PSI,Arduino,0.000,0.000,12.778,,
118.743702,2026-03-10 18:21:07.425,ARDUINO_PSI,Arduino,0.000,0.000,12.783,,
118.845848,2026-03-10 18:21:07.528,WJ_VOLTAGE,WJ1,18.280,2.000,0,0,"HV=OFF, Fault=NO"
118.848174,2026-03-10 18:21:07.530,ARDUINO_PSI,Arduino,0.000,0.000,12.790,,
118.940523,2026-03-10 18:21:07.622,WJ_VOLTAGE,WJ2,20.332,2.000,0,0,"HV=OFF, Fault=NO"
118.951290,2026-03-10 18:21:07.633,ARDUINO_PSI,Arduino,0.000,0.000,12.787,,
119.044379,2026-03-10 18:21:07.726,ARDUINO_PSI,Arduino,0.000,0.000,12.792,,
119.143885,2026-03-10 18:21:07.826,ARDUINO_PSI,Arduino,0.000,0.000,12.790,,
119.243863,2026-03-10 18:21:07.926,ARDUINO_PSI,Arduino,0.000,0.000,12.790,,
119.343531,2026-03-10 18:21:08.025,ARDUINO_PSI,Arduino,0.000,0.000,12.790,,
119.375912,2026-03-10 18:21:08.058,WJ_VOLTAGE,WJ1,19.550,2.000,0,0,"HV=OFF, Fault=NO"
119.443845,2026-03-10 18:21:08.126,ARDUINO_PSI,Arduino,0.000,0.000,12.799,,
119.470183,2026-03-10 18:21:08.152,WJ_VOLTAGE,WJ2,21.701,2.006,0,0,"HV=OFF, Fault=NO"
119.543808,2026-03-10 18:21:08.225,ARDUINO_PSI,Arduino,0.000,0.000,12.796,,
119.643326,2026-03-10 18:21:08.325,ARDUINO_PSI,Arduino,0.000,0.000,12.808,,
119.743871,2026-03-10 18:21:08.426,ARDUINO_PSI,Arduino,0.000,0.000,12.801,,
119.844136,2026-03-10 18:21:08.526,ARDUINO_PSI,Arduino,0.000,0.000,12.792,,
119.906133,2026-03-10 18:21:08.588,WJ_VOLTAGE,WJ1,20.821,2.000,0,0,"HV=OFF, Fault=NO"
119.943221,2026-03-10 18:21:08.625,ARDUINO_PSI,Arduino,0.000,0.000,12.801,,
119.999619,2026-03-10 18:21:08.681,WJ_VOLTAGE,WJ2,23.167,2.006,0,0,"HV=OFF, Fault=NO"
120.043812,2026-03-10 18:21:08.725,ARDUINO_PSI,Arduino,0.000,0.000,12.787,,
120.144008,2026-03-10 18:21:08.826,ARDUINO_PSI,Arduino,0.000,0.000,12.780,,
120.243604,2026-03-10 18:21:08.925,ARDUINO_PSI,Arduino,0.000,0.000,12.780,,
120.343866,2026-03-10 18:21:09.026,ARDUINO_PSI,Arduino,0.000,0.000,12.771,,
120.435434,2026-03-10 18:21:09.117,WJ_VOLTAGE,WJ1,22.092,2.000,0,0,"HV=OFF, Fault=NO"
120.445004,2026-03-10 18:21:09.127,ARDUINO_PSI,Arduino,0.000,0.000,12.780,,
120.530817,2026-03-10 18:21:09.212,WJ_VOLTAGE,WJ2,24.438,2.000,0,0,"HV=OFF, Fault=NO"
120.543160,2026-03-10 18:21:09.225,ARDUINO_PSI,Arduino,0.000,0.000,12.783,,
120.644779,2026-03-10 18:21:09.326,ARDUINO_PSI,Arduino,0.000,0.000,12.787,,
120.743831,2026-03-10 18:21:09.425,ARDUINO_PSI,Arduino,0.000,0.000,12.790,,
120.843949,2026-03-10 18:21:09.526,ARDUINO_PSI,Arduino,0.000,0.000,12.785,,
120.943765,2026-03-10 18:21:09.625,ARDUINO_PSI,Arduino,0.000,0.000,12.776,,
120.965188,2026-03-10 18:21:09.647,WJ_VOLTAGE,WJ1,23.363,2.000,0,0,"HV=OFF, Fault=NO"
121.043841,2026-03-10 18:21:09.725,ARDUINO_PSI,Arduino,0.000,0.000,12.783,,
121.058397,2026-03-10 18:21:09.740,WJ_VOLTAGE,WJ2,25.904,2.000,0,0,"HV=OFF, Fault=NO"
121.143875,2026-03-10 18:21:09.826,ARDUINO_PSI,Arduino,0.000,0.000,12.771,,
121.243732,2026-03-10 18:21:09.925,ARDUINO_PSI,Arduino,0.000,0.000,12.764,,
121.343825,2026-03-10 18:21:10.025,ARDUINO_PSI,Arduino,0.000,0.000,12.767,,
121.443754,2026-03-10 18:21:10.125,ARDUINO_PSI,Arduino,0.000,0.000,12.764,,
121.494400,2026-03-10 18:21:10.176,WJ_VOLTAGE,WJ1,24.633,2.000,0,0,"HV=OFF, Fault=NO"
121.543415,2026-03-10 18:21:10.225,ARDUINO_PSI,Arduino,0.000,0.000,12.762,,
121.586039,2026-03-10 18:21:10.268,WJ_VOLTAGE,WJ2,27.370,2.006,0,0,"HV=OFF, Fault=NO"
121.644159,2026-03-10 18:21:10.326,ARDUINO_PSI,Arduino,0.000,0.000,12.744,,
121.743824,2026-03-10 18:21:10.425,ARDUINO_PSI,Arduino,0.000,0.000,12.744,,
121.843682,2026-03-10 18:21:10.525,ARDUINO_PSI,Arduino,0.000,0.000,12.758,,
121.943987,2026-03-10 18:21:10.626,ARDUINO_PSI,Arduino,0.000,0.000,12.767,,
122.023014,2026-03-10 18:21:10.705,WJ_VOLTAGE,WJ1,25.904,2.000,0,0,"HV=OFF, Fault=NO"
122.043250,2026-03-10 18:21:10.725,ARDUINO_PSI,Arduino,0.000,0.000,12.767,,
122.118933,2026-03-10 18:21:10.801,WJ_VOLTAGE,WJ2,28.739,2.000,0,0,"HV=OFF, Fault=NO"
122.143351,2026-03-10 18:21:10.825,ARDUINO_PSI,Arduino,0.000,0.000,12.769,,
122.243797,2026-03-10 18:21:10.925,ARDUINO_PSI,Arduino,0.000,0.000,12.767,,
122.343891,2026-03-10 18:21:11.026,ARDUINO_PSI,Arduino,0.000,0.000,12.762,,
122.443736,2026-03-10 18:21:11.125,ARDUINO_PSI,Arduino,0.000,0.000,12.753,,
122.544845,2026-03-10 18:21:11.226,ARDUINO_PSI,Arduino,0.000,0.000,12.753,,
122.551678,2026-03-10 18:21:11.233,WJ_VOLTAGE,WJ1,27.175,2.000,0,0,"HV=OFF, Fault=NO"
122.643964,2026-03-10 18:21:11.326,ARDUINO_PSI,Arduino,0.000,0.000,12.746,,
122.661382,2026-03-10 18:21:11.343,WJ_VOLTAGE,WJ2,30.010,1.284,0,0,"HV=OFF, Fault=NO"
122.743904,2026-03-10 18:21:11.426,ARDUINO_PSI,Arduino,0.000,0.000,12.735,,
122.843549,2026-03-10 18:21:11.525,ARDUINO_PSI,Arduino,0.000,0.000,12.728,,
122.943540,2026-03-10 18:21:11.625,ARDUINO_PSI,Arduino,0.000,0.000,12.739,,
123.044148,2026-03-10 18:21:11.726,ARDUINO_PSI,Arduino,0.000,0.000,12.739,,
123.079140,2026-03-10 18:21:11.761,WJ_VOLTAGE,WJ1,28.446,2.000,0,0,"HV=OFF, Fault=NO"
123.143815,2026-03-10 18:21:11.825,ARDUINO_PSI,Arduino,0.000,0.000,12.742,,
123.188110,2026-03-10 18:21:11.870,WJ_VOLTAGE,WJ2,30.010,0.346,0,0,"HV=OFF, Fault=NO"
123.243260,2026-03-10 18:21:11.925,ARDUINO_PSI,Arduino,0.000,0.000,12.742,,
123.344062,2026-03-10 18:21:12.026,ARDUINO_PSI,Arduino,0.000,0.000,12.737,,
123.443194,2026-03-10 18:21:12.125,ARDUINO_PSI,Arduino,0.000,0.000,12.735,,
123.543613,2026-03-10 18:21:12.225,ARDUINO_PSI,Arduino,0.000,0.000,12.732,,
123.611323,2026-03-10 18:21:12.293,WJ_VOLTAGE,WJ1,29.619,2.000,0,0,"HV=OFF, Fault=NO"
123.643315,2026-03-10 18:21:12.325,ARDUINO_PSI,Arduino,0.000,0.000,12.748,,
123.720129,2026-03-10 18:21:12.402,WJ_VOLTAGE,WJ2,30.010,0.088,0,0,"HV=OFF, Fault=NO"
123.743227,2026-03-10 18:21:12.425,ARDUINO_PSI,Arduino,0.000,0.000,12.751,,
123.843153,2026-03-10 18:21:12.525,ARDUINO_PSI,Arduino,0.000,0.000,12.746,,
123.943932,2026-03-10 18:21:12.626,ARDUINO_PSI,Arduino,0.000,0.000,12.728,,
124.044479,2026-03-10 18:21:12.726,ARDUINO_PSI,Arduino,0.000,0.000,12.723,,
124.132233,2026-03-10 18:21:12.814,WJ_VOLTAGE,WJ1,30.010,0.493,0,0,"HV=OFF, Fault=NO"
124.143149,2026-03-10 18:21:12.825,ARDUINO_PSI,Arduino,0.000,0.000,12.726,,
124.243725,2026-03-10 18:21:12.925,ARDUINO_PSI,Arduino,0.000,0.000,12.732,,
124.254235,2026-03-10 18:21:12.936,WJ_VOLTAGE,WJ2,30.010,0.047,0,0,"HV=OFF, Fault=NO"
124.343928,2026-03-10 18:21:13.026,ARDUINO_PSI,Arduino,0.000,0.000,12.721,,
124.443601,2026-03-10 18:21:13.125,ARDUINO_PSI,Arduino,0.000,0.000,12.719,,
124.544687,2026-03-10 18:21:13.226,ARDUINO_PSI,Arduino,0.000,0.000,12.705,,
124.644113,2026-03-10 18:21:13.326,ARDUINO_PSI,Arduino,0.000,0.000,12.705,,
124.653679,2026-03-10 18:21:13.335,WJ_VOLTAGE,WJ1,30.010,0.164,0,0,"HV=OFF, Fault=NO"
124.744557,2026-03-10 18:21:13.426,ARDUINO_PSI,Arduino,0.000,0.000,12.714,,
124.778324,2026-03-10 18:21:13.460,WJ_VOLTAGE,WJ2,30.010,0.029,0,0,"HV=OFF, Fault=NO"
124.843856,2026-03-10 18:21:13.526,ARDUINO_PSI,Arduino,0.000,0.000,12.714,,
124.943332,2026-03-10 18:21:13.625,ARDUINO_PSI,Arduino,0.000,0.000,12.716,,
125.043468,2026-03-10 18:21:13.725,ARDUINO_PSI,Arduino,0.000,0.000,12.710,,
125.144030,2026-03-10 18:21:13.826,ARDUINO_PSI,Arduino,0.000,0.000,12.723,,
125.181740,2026-03-10 18:21:13.863,WJ_VOLTAGE,WJ1,30.010,0.065,0,0,"HV=OFF, Fault=NO"
125.243984,2026-03-10 18:21:13.926,ARDUINO_PSI,Arduino,0.000,0.000,12.721,,
125.304169,2026-03-10 18:21:13.986,WJ_VOLTAGE,WJ2,30.010,0.018,0,0,"HV=OFF, Fault=NO"
125.343740,2026-03-10 18:21:14.025,ARDUINO_PSI,Arduino,0.000,0.000,12.723,,
125.443695,2026-03-10 18:21:14.125,ARDUINO_PSI,Arduino,0.000,0.000,12.721,,
125.543887,2026-03-10 18:21:14.226,ARDUINO_PSI,Arduino,0.000,0.000,12.712,,
125.643284,2026-03-10 18:21:14.325,ARDUINO_PSI,Arduino,0.000,0.000,12.700,,
125.707349,2026-03-10 18:21:14.389,WJ_VOLTAGE,WJ1,30.010,0.035,0,0,"HV=OFF, Fault=NO"
125.743250,2026-03-10 18:21:14.425,ARDUINO_PSI,Arduino,0.000,0.000,12.712,,
125.831323,2026-03-10 18:21:14.513,WJ_VOLTAGE,WJ2,30.010,0.018,0,0,"HV=OFF, Fault=NO"
125.848637,2026-03-10 18:21:14.530,ARDUINO_PSI,Arduino,0.000,0.000,12.698,,
125.943801,2026-03-10 18:21:14.625,ARDUINO_PSI,Arduino,0.000,0.000,12.705,,
126.044057,2026-03-10 18:21:14.726,ARDUINO_PSI,Arduino,0.000,0.000,12.716,,
126.143720,2026-03-10 18:21:14.825,ARDUINO_PSI,Arduino,0.000,0.000,12.721,,
126.235864,2026-03-10 18:21:14.918,WJ_VOLTAGE,WJ1,30.010,0.023,0,0,"HV=OFF, Fault=NO"
126.247162,2026-03-10 18:21:14.929,ARDUINO_PSI,Arduino,0.000,0.000,12.721,,
126.343744,2026-03-10 18:21:15.025,ARDUINO_PSI,Arduino,0.000,0.000,12.742,,
126.356673,2026-03-10 18:21:15.038,WJ_VOLTAGE,WJ2,30.010,0.012,0,0,"HV=OFF, Fault=NO"
126.444002,2026-03-10 18:21:15.126,ARDUINO_PSI,Arduino,0.000,0.000,12.753,,
126.544016,2026-03-10 18:21:15.226,ARDUINO_PSI,Arduino,0.000,0.000,12.755,,
126.644785,2026-03-10 18:21:15.326,ARDUINO_PSI,Arduino,0.000,0.000,12.762,,
126.744350,2026-03-10 18:21:15.426,ARDUINO_PSI,Arduino,0.000,0.000,12.769,,
126.760349,2026-03-10 18:21:15.442,WJ_VOLTAGE,WJ1,30.010,0.023,0,0,"HV=OFF, Fault=NO"
126.844773,2026-03-10 18:21:15.526,ARDUINO_PSI,Arduino,0.000,0.000,12.778,,
126.886229,2026-03-10 18:21:15.568,WJ_VOLTAGE,WJ2,30.010,0.012,0,0,"HV=OFF, Fault=NO"
126.943131,2026-03-10 18:21:15.625,ARDUINO_PSI,Arduino,0.000,0.000,12.778,,
127.043264,2026-03-10 18:21:15.725,ARDUINO_PSI,Arduino,0.000,0.000,12.780,,
127.143902,2026-03-10 18:21:15.826,ARDUINO_PSI,Arduino,0.000,0.000,12.767,,
127.244111,2026-03-10 18:21:15.926,ARDUINO_PSI,Arduino,0.000,0.000,12.769,,
127.292734,2026-03-10 18:21:15.974,WJ_VOLTAGE,WJ1,30.010,0.023,0,0,"HV=OFF, Fault=NO"
127.343848,2026-03-10 18:21:16.026,ARDUINO_PSI,Arduino,0.000,0.000,12.776,,
127.417886,2026-03-10 18:21:16.100,WJ_VOLTAGE,WJ2,30.010,0.018,0,0,"HV=OFF, Fault=NO"
127.443213,2026-03-10 18:21:16.125,ARDUINO_PSI,Arduino,0.000,0.000,12.780,,
127.543844,2026-03-10 18:21:16.225,ARDUINO_PSI,Arduino,0.000,0.000,12.780,,
127.643822,2026-03-10 18:21:16.325,ARDUINO_PSI,Arduino,0.000,0.000,12.783,,
127.744003,2026-03-10 18:21:16.426,ARDUINO_PSI,Arduino,0.000,0.000,12.771,,
127.821742,2026-03-10 18:21:16.503,WJ_VOLTAGE,WJ1,30.010,0.018,0,0,"HV=OFF, Fault=NO"
127.843157,2026-03-10 18:21:16.525,ARDUINO_PSI,Arduino,0.000,0.000,12.771,,
127.945565,2026-03-10 18:21:16.627,WJ_VOLTAGE,WJ2,30.010,0.006,0,0,"HV=OFF, Fault=NO"
127.949080,2026-03-10 18:21:16.631,ARDUINO_PSI,Arduino,0.000,0.000,12.780,,
128.043160,2026-03-10 18:21:16.725,ARDUINO_PSI,Arduino,0.000,0.000,12.774,,
128.144209,2026-03-10 18:21:16.826,ARDUINO_PSI,Arduino,0.000,0.000,12.769,,
128.243281,2026-03-10 18:21:16.925,ARDUINO_PSI,Arduino,0.000,0.000,12.760,,
128.343972,2026-03-10 18:21:17.026,ARDUINO_PSI,Arduino,0.000,0.000,12.748,,
128.349748,2026-03-10 18:21:17.031,WJ_VOLTAGE,WJ1,30.010,0.018,0,0,"HV=OFF, Fault=NO"
128.443697,2026-03-10 18:21:17.125,ARDUINO_PSI,Arduino,0.000,0.000,12.742,,
128.472171,2026-03-10 18:21:17.154,WJ_VOLTAGE,WJ2,30.010,0.012,0,0,"HV=OFF, Fault=NO"
128.543935,2026-03-10 18:21:17.226,ARDUINO_PSI,Arduino,0.000,0.000,12.742,,
128.643837,2026-03-10 18:21:17.325,ARDUINO_PSI,Arduino,0.000,0.000,12.732,,
128.743804,2026-03-10 18:21:17.425,ARDUINO_PSI,Arduino,0.000,0.000,12.726,,
128.843662,2026-03-10 18:21:17.525,ARDUINO_PSI,Arduino,0.000,0.000,12.712,,
128.872848,2026-03-10 18:21:17.554,WJ_VOLTAGE,WJ1,30.010,0.018,0,0,"HV=OFF, Fault=NO"
128.943871,2026-03-10 18:21:17.626,ARDUINO_PSI,Arduino,0.000,0.000,12.714,,
128.999198,2026-03-10 18:21:17.681,WJ_VOLTAGE,WJ2,30.010,0.012,0,0,"HV=OFF, Fault=NO"
129.043342,2026-03-10 18:21:17.725,ARDUINO_PSI,Arduino,0.000,0.000,12.710,,
129.144206,2026-03-10 18:21:17.826,ARDUINO_PSI,Arduino,0.000,0.000,12.721,,
129.244913,2026-03-10 18:21:17.927,ARDUINO_PSI,Arduino,0.000,0.000,12.719,,
129.343986,2026-03-10 18:21:18.026,ARDUINO_PSI,Arduino,0.000,0.000,12.721,,
129.407712,2026-03-10 18:21:18.089,WJ_VOLTAGE,WJ1,30.010,0.018,0,0,"HV=OFF, Fault=NO"
129.443365,2026-03-10 18:21:18.125,ARDUINO_PSI,Arduino,0.000,0.000,12.719,,
129.533689,2026-03-10 18:21:18.215,WJ_VOLTAGE,WJ2,30.010,0.012,0,0,"HV=OFF, Fault=NO"
129.544643,2026-03-10 18:21:18.226,ARDUINO_PSI,Arduino,0.000,0.000,12.723,,
129.644000,2026-03-10 18:21:18.326,ARDUINO_PSI,Arduino,0.000,0.000,12.728,,
129.743264,2026-03-10 18:21:18.425,ARDUINO_PSI,Arduino,0.000,0.000,12.737,,
129.843908,2026-03-10 18:21:18.526,ARDUINO_PSI,Arduino,0.000,0.000,12.746,,
129.938868,2026-03-10 18:21:18.621,WJ_VOLTAGE,WJ1,30.010,0.018,0,0,"HV=OFF, Fault=NO"
129.948281,2026-03-10 18:21:18.630,ARDUINO_PSI,Arduino,0.000,0.000,12.746,,
130.043625,2026-03-10 18:21:18.725,ARDUINO_PSI,Arduino,0.000,0.000,12.751,,
130.064849,2026-03-10 18:21:18.747,WJ_VOLTAGE,WJ2,30.010,0.012,0,0,"HV=OFF, Fault=NO"
130.144773,2026-03-10 18:21:18.826,ARDUINO_PSI,Arduino,0.000,0.000,12.751,,
130.243855,2026-03-10 18:21:18.926,ARDUINO_PSI,Arduino,0.000,0.000,12.753,,
130.343593,2026-03-10 18:21:19.025,ARDUINO_PSI,Arduino,0.000,0.000,12.762,,
130.443872,2026-03-10 18:21:19.126,ARDUINO_PSI,Arduino,0.000,0.000,12.769,,
130.469602,2026-03-10 18:21:19.151,WJ_VOLTAGE,WJ1,30.010,0.018,0,0,"HV=OFF, Fault=NO"
130.543920,2026-03-10 18:21:19.226,ARDUINO_PSI,Arduino,0.000,0.000,12.774,,
130.594648,2026-03-10 18:21:19.276,WJ_VOLTAGE,WJ2,30.010,0.012,0,0,"HV=OFF, Fault=NO"
130.643532,2026-03-10 18:21:19.325,ARDUINO_PSI,Arduino,0.000,0.000,12.780,,
130.743820,2026-03-10 18:21:19.425,ARDUINO_PSI,Arduino,0.000,0.000,12.774,,
130.843883,2026-03-10 18:21:19.526,ARDUINO_PSI,Arduino,0.000,0.000,12.774,,
130.943845,2026-03-10 18:21:19.626,ARDUINO_PSI,Arduino,0.000,0.000,12.760,,
130.996683,2026-03-10 18:21:19.678,WJ_VOLTAGE,WJ1,30.010,0.012,0,0,"HV=OFF, Fault=NO"
131.044011,2026-03-10 18:21:19.726,ARDUINO_PSI,Arduino,0.000,0.000,12.758,,
131.122920,2026-03-10 18:21:19.805,WJ_VOLTAGE,WJ2,30.010,0.012,0,0,"HV=OFF, Fault=NO"
131.143118,2026-03-10 18:21:19.825,ARDUINO_PSI,Arduino,0.000,0.000,12.751,,
131.244130,2026-03-10 18:21:19.926,ARDUINO_PSI,Arduino,0.000,0.000,12.753,,
131.343742,2026-03-10 18:21:20.025,ARDUINO_PSI,Arduino,0.000,0.000,12.746,,
131.443687,2026-03-10 18:21:20.125,ARDUINO_PSI,Arduino,0.000,0.000,12.753,,
131.527096,2026-03-10 18:21:20.209,WJ_VOLTAGE,WJ1,30.010,0.012,0,0,"HV=OFF, Fault=NO"
131.543131,2026-03-10 18:21:20.225,ARDUINO_PSI,Arduino,0.000,0.000,12.746,,
131.643962,2026-03-10 18:21:20.326,ARDUINO_PSI,Arduino,0.000,0.000,12.739,,
131.651253,2026-03-10 18:21:20.333,WJ_VOLTAGE,WJ2,30.010,0.012,0,0,"HV=OFF, Fault=NO"
131.743999,2026-03-10 18:21:20.426,ARDUINO_PSI,Arduino,0.000,0.000,12.730,,
131.843723,2026-03-10 18:21:20.525,ARDUINO_PSI,Arduino,0.000,0.000,12.737,,
131.943642,2026-03-10 18:21:20.625,ARDUINO_PSI,Arduino,0.000,0.000,12.728,,
132.043939,2026-03-10 18:21:20.726,ARDUINO_PSI,Arduino,0.000,0.000,12.726,,
132.052286,2026-03-10 18:21:20.734,WJ_VOLTAGE,WJ1,30.010,0.012,0,0,"HV=OFF, Fault=NO"
132.143478,2026-03-10 18:21:20.825,ARDUINO_PSI,Arduino,0.000,0.000,12.723,,
132.177478,2026-03-10 18:21:20.859,WJ_VOLTAGE,WJ2,30.010,0.012,0,0,"HV=OFF, Fault=NO"
132.243727,2026-03-10 18:21:20.925,ARDUINO_PSI,Arduino,0.000,0.000,12.719,,
132.343832,2026-03-10 18:21:21.025,ARDUINO_PSI,Arduino,0.000,0.000,12.723,,
132.443141,2026-03-10 18:21:21.125,ARDUINO_PSI,Arduino,0.000,0.000,12.714,,
132.543940,2026-03-10 18:21:21.226,ARDUINO_PSI,Arduino,0.000,0.000,12.714,,
132.583121,2026-03-10 18:21:21.265,WJ_VOLTAGE,WJ1,30.010,0.012,0,0,"HV=OFF, Fault=NO"
132.643948,2026-03-10 18:21:21.326,ARDUINO_PSI,Arduino,0.000,0.000,12.710,,
132.707073,2026-03-10 18:21:21.389,WJ_VOLTAGE,WJ2,30.010,0.012,0,0,"HV=OFF, Fault=NO"
132.743798,2026-03-10 18:21:21.425,ARDUINO_PSI,Arduino,0.000,0.000,12.719,,
132.843647,2026-03-10 18:21:21.525,ARDUINO_PSI,Arduino,0.000,0.000,12.723,,
132.943156,2026-03-10 18:21:21.625,ARDUINO_PSI,Arduino,0.000,0.000,12.735,,
133.044307,2026-03-10 18:21:21.726,ARDUINO_PSI,Arduino,0.000,0.000,12.746,,
133.112662,2026-03-10 18:21:21.794,WJ_VOLTAGE,WJ1,30.010,0.012,0,0,"HV=OFF, Fault=NO"
133.143308,2026-03-10 18:21:21.825,ARDUINO_PSI,Arduino,0.000,0.000,12.755,,
133.239063,2026-03-10 18:21:21.921,WJ_VOLTAGE,WJ2,30.010,0.012,0,0,"HV=OFF, Fault=NO"
133.251829,2026-03-10 18:21:21.933,ARDUINO_PSI,Arduino,0.000,0.000,12.758,,
133.343988,2026-03-10 18:21:22.026,ARDUINO_PSI,Arduino,0.000,0.000,12.755,,
133.443820,2026-03-10 18:21:22.125,ARDUINO_PSI,Arduino,0.000,0.000,12.742,,
133.543416,2026-03-10 18:21:22.225,ARDUINO_PSI,Arduino,0.000,0.000,12.748,,
133.643549,2026-03-10 18:21:22.325,WJ_VOLTAGE,WJ1,30.010,0.012,0,0,"HV=OFF, Fault=NO"
133.654942,2026-03-10 18:21:22.337,ARDUINO_PSI,Arduino,0.000,0.000,12.748,,
133.744081,2026-03-10 18:21:22.426,ARDUINO_PSI,Arduino,0.000,0.000,12.748,,
133.767657,2026-03-10 18:21:22.449,WJ_VOLTAGE,WJ2,30.010,0.012,0,0,"HV=OFF, Fault=NO"
133.844002,2026-03-10 18:21:22.526,ARDUINO_PSI,Arduino,0.000,0.000,12.746,,
133.943879,2026-03-10 18:21:22.626,ARDUINO_PSI,Arduino,0.000,0.000,12.742,,
134.043907,2026-03-10 18:21:22.726,ARDUINO_PSI,Arduino,0.000,0.000,12.751,,
134.143326,2026-03-10 18:21:22.825,ARDUINO_PSI,Arduino,0.000,0.000,12.753,,
134.172974,2026-03-10 18:21:22.855,WJ_VOLTAGE,WJ1,30.010,0.012,0,0,"HV=OFF, Fault=NO"
134.243745,2026-03-10 18:21:22.925,ARDUINO_PSI,Arduino,0.000,0.000,12.751,,
134.297669,2026-03-10 18:21:22.979,WJ_VOLTAGE,WJ2,30.010,0.012,0,0,"HV=OFF, Fault=NO"
134.344084,2026-03-10 18:21:23.026,ARDUINO_PSI,Arduino,0.000,0.000,12.751,,
134.443824,2026-03-10 18:21:23.125,ARDUINO_PSI,Arduino,0.000,0.000,12.760,,
134.543959,2026-03-10 18:21:23.226,ARDUINO_PSI,Arduino,0.000,0.000,12.774,,
134.643830,2026-03-10 18:21:23.325,ARDUINO_PSI,Arduino,0.000,0.000,12.774,,
134.704738,2026-03-10 18:21:23.386,WJ_VOLTAGE,WJ1,30.010,0.012,0,0,"HV=OFF, Fault=NO"
134.743900,2026-03-10 18:21:23.426,ARDUINO_PSI,Arduino,0.000,0.000,12.780,,
134.829043,2026-03-10 18:21:23.511,WJ_VOLTAGE,WJ2,30.010,0.012,0,0,"HV=OFF, Fault=NO"
134.844256,2026-03-10 18:21:23.526,ARDUINO_PSI,Arduino,0.000,0.000,12.783,,
134.943627,2026-03-10 18:21:23.625,ARDUINO_PSI,Arduino,0.000,0.000,12.780,,
135.043337,2026-03-10 18:21:23.725,ARDUINO_PSI,Arduino,0.000,0.000,12.767,,
135.143242,2026-03-10 18:21:23.825,ARDUINO_PSI,Arduino,0.000,0.000,12.771,,
135.231921,2026-03-10 18:21:23.914,WJ_VOLTAGE,WJ1,30.010,0.012,0,0,"HV=OFF, Fault=NO"
135.243183,2026-03-10 18:21:23.925,ARDUINO_PSI,Arduino,0.000,0.000,12.780,,
135.343889,2026-03-10 18:21:24.026,ARDUINO_PSI,Arduino,0.000,0.000,12.783,,
135.355908,2026-03-10 18:21:24.038,WJ_VOLTAGE,WJ2,30.010,0.012,0,0,"HV=OFF, Fault=NO"
135.444115,2026-03-10 18:21:24.126,ARDUINO_PSI,Arduino,0.000,0.000,12.794,,
135.543863,2026-03-10 18:21:24.226,ARDUINO_PSI,Arduino,0.000,0.000,12.787,,
135.643749,2026-03-10 18:21:24.325,ARDUINO_PSI,Arduino,0.000,0.000,12.794,,
135.743983,2026-03-10 18:21:24.426,ARDUINO_PSI,Arduino,0.000,0.000,12.794,,
135.760186,2026-03-10 18:21:24.442,WJ_VOLTAGE,WJ1,30.010,0.012,0,0,"HV=OFF, Fault=NO"
135.844059,2026-03-10 18:21:24.526,ARDUINO_PSI,Arduino,0.000,0.000,12.803,,
135.899336,2026-03-10 18:21:24.581,WJ_VOLTAGE,WJ2,30.010,0.012,0,0,"HV=OFF, Fault=NO"
135.943711,2026-03-10 18:21:24.625,ARDUINO_PSI,Arduino,0.000,0.000,12.822,,
136.044068,2026-03-10 18:21:24.726,ARDUINO_PSI,Arduino,0.000,0.000,12.808,,
136.143815,2026-03-10 18:21:24.825,ARDUINO_PSI,Arduino,0.000,0.000,12.803,,
136.243836,2026-03-10 18:21:24.925,ARDUINO_PSI,Arduino,0.000,0.000,12.808,,
136.287975,2026-03-10 18:21:24.970,WJ_VOLTAGE,WJ1,30.010,0.012,0,0,"HV=OFF, Fault=NO"
136.343983,2026-03-10 18:21:25.026,ARDUINO_PSI,Arduino,0.000,0.000,12.801,,
136.427948,2026-03-10 18:21:25.110,WJ_VOLTAGE,WJ2,30.010,0.012,0,0,"HV=OFF, Fault=NO"
136.443090,2026-03-10 18:21:25.125,ARDUINO_PSI,Arduino,0.000,0.000,12.792,,
136.543837,2026-03-10 18:21:25.225,ARDUINO_PSI,Arduino,0.000,0.000,12.780,,
136.644795,2026-03-10 18:21:25.326,ARDUINO_PSI,Arduino,0.000,0.000,12.783,,
136.743849,2026-03-10 18:21:25.426,ARDUINO_PSI,Arduino,0.000,0.000,12.774,,
136.816715,2026-03-10 18:21:25.498,WJ_VOLTAGE,WJ1,30.010,0.012,0,0,"HV=OFF, Fault=NO"
136.843684,2026-03-10 18:21:25.525,ARDUINO_PSI,Arduino,0.000,0.000,12.771,,
136.943901,2026-03-10 18:21:25.626,ARDUINO_PSI,Arduino,0.000,0.000,12.769,,
136.956448,2026-03-10 18:21:25.638,WJ_VOLTAGE,WJ2,30.010,0.012,0,0,"HV=OFF, Fault=NO"
137.044126,2026-03-10 18:21:25.726,ARDUINO_PSI,Arduino,0.000,0.000,12.776,,
137.143704,2026-03-10 18:21:25.825,ARDUINO_PSI,Arduino,0.000,0.000,12.760,,
137.243883,2026-03-10 18:21:25.926,ARDUINO_PSI,Arduino,0.000,0.000,12.751,,
137.343757,2026-03-10 18:21:26.025,ARDUINO_PSI,Arduino,0.000,0.000,12.762,,
137.350040,2026-03-10 18:21:26.032,WJ_VOLTAGE,WJ1,30.010,0.012,0,0,"HV=OFF, Fault=NO"
137.444031,2026-03-10 18:21:26.126,ARDUINO_PSI,Arduino,0.000,0.000,12.769,,
137.484972,2026-03-10 18:21:26.167,WJ_VOLTAGE,WJ2,30.010,0.012,0,0,"HV=OFF, Fault=NO"
137.543905,2026-03-10 18:21:26.226,ARDUINO_PSI,Arduino,0.000,0.000,12.776,,
137.643695,2026-03-10 18:21:26.325,ARDUINO_PSI,Arduino,0.000,0.000,12.771,,
137.743263,2026-03-10 18:21:26.425,ARDUINO_PSI,Arduino,0.000,0.000,12.769,,
137.844430,2026-03-10 18:21:26.526,ARDUINO_PSI,Arduino,0.000,0.000,12.771,,
137.876707,2026-03-10 18:21:26.558,WJ_VOLTAGE,WJ1,30.010,0.012,0,0,"HV=OFF, Fault=NO"
137.943895,2026-03-10 18:21:26.626,ARDUINO_PSI,Arduino,0.000,0.000,12.753,,
138.017280,2026-03-10 18:21:26.699,WJ_VOLTAGE,WJ2,30.010,0.012,0,0,"HV=OFF, Fault=NO"
138.043190,2026-03-10 18:21:26.725,ARDUINO_PSI,Arduino,0.000,0.000,12.753,,
138.143784,2026-03-10 18:21:26.825,ARDUINO_PSI,Arduino,0.000,0.000,12.753,,
138.243968,2026-03-10 18:21:26.926,ARDUINO_PSI,Arduino,0.000,0.000,12.748,,
138.343871,2026-03-10 18:21:27.026,ARDUINO_PSI,Arduino,0.000,0.000,12.760,,
138.406273,2026-03-10 18:21:27.088,WJ_VOLTAGE,WJ1,30.010,0.006,0,0,"HV=OFF, Fault=NO"
138.443453,2026-03-10 18:21:27.125,ARDUINO_PSI,Arduino,0.000,0.000,12.760,,
138.543887,2026-03-10 18:21:27.226,ARDUINO_PSI,Arduino,0.000,0.000,12.760,,
138.550526,2026-03-10 18:21:27.232,WJ_VOLTAGE,WJ2,30.010,0.006,0,0,"HV=OFF, Fault=NO"
138.644091,2026-03-10 18:21:27.326,ARDUINO_PSI,Arduino,0.000,0.000,12.746,,
138.743873,2026-03-10 18:21:27.426,ARDUINO_PSI,Arduino,0.000,0.000,12.746,,
138.843992,2026-03-10 18:21:27.526,ARDUINO_PSI,Arduino,0.000,0.000,12.742,,
138.933929,2026-03-10 18:21:27.616,WJ_VOLTAGE,WJ1,30.010,0.012,0,0,"HV=OFF, Fault=NO"
138.943069,2026-03-10 18:21:27.625,ARDUINO_PSI,Arduino,0.000,0.000,12.748,,
139.043823,2026-03-10 18:21:27.725,ARDUINO_PSI,Arduino,0.000,0.000,12.739,,
139.076526,2026-03-10 18:21:27.758,WJ_VOLTAGE,WJ2,30.010,0.006,0,0,"HV=OFF, Fault=NO"
139.144044,2026-03-10 18:21:27.826,ARDUINO_PSI,Arduino,0.000,0.000,12.742,,
139.243936,2026-03-10 18:21:27.926,ARDUINO_PSI,Arduino,0.000,0.000,12.753,,
139.343358,2026-03-10 18:21:28.025,ARDUINO_PSI,Arduino,0.000,0.000,12.748,,
139.443352,2026-03-10 18:21:28.125,ARDUINO_PSI,Arduino,0.000,0.000,12.739,,
139.467533,2026-03-10 18:21:28.149,WJ_VOLTAGE,WJ1,30.010,0.012,0,0,"HV=OFF, Fault=NO"
139.543844,2026-03-10 18:21:28.225,ARDUINO_PSI,Arduino,0.000,0.000,12.742,,
139.609638,2026-03-10 18:21:28.291,WJ_VOLTAGE,WJ2,30.010,0.006,0,0,"HV=OFF, Fault=NO"
139.643355,2026-03-10 18:21:28.325,ARDUINO_PSI,Arduino,0.000,0.000,12.739,,
139.744007,2026-03-10 18:21:28.426,ARDUINO_PSI,Arduino,0.000,0.000,12.742,,
139.843245,2026-03-10 18:21:28.525,ARDUINO_PSI,Arduino,0.000,0.000,12.737,,
139.943909,2026-03-10 18:21:28.626,ARDUINO_PSI,Arduino,0.000,0.000,12.744,,
139.996846,2026-03-10 18:21:28.678,WJ_VOLTAGE,WJ1,30.010,0.012,0,0,"HV=OFF, Fault=NO"
140.044006,2026-03-10 18:21:28.726,ARDUINO_PSI,Arduino,0.000,0.000,12.751,,
140.139220,2026-03-10 18:21:28.821,WJ_VOLTAGE,WJ2,30.010,0.006,0,0,"HV=OFF, Fault=NO"
140.152383,2026-03-10 18:21:28.834,ARDUINO_PSI,Arduino,0.000,0.000,12.758,,
140.243891,2026-03-10 18:21:28.926,ARDUINO_PSI,Arduino,0.000,0.000,12.764,,
140.343730,2026-03-10 18:21:29.025,ARDUINO_PSI,Arduino,0.000,0.000,12.751,,
140.443784,2026-03-10 18:21:29.125,ARDUINO_PSI,Arduino,0.000,0.000,12.758,,
140.527940,2026-03-10 18:21:29.210,WJ_VOLTAGE,WJ1,30.010,0.006,0,0,"HV=OFF, Fault=NO"
140.543251,2026-03-10 18:21:29.225,ARDUINO_PSI,Arduino,0.000,0.000,12.758,,
140.643902,2026-03-10 18:21:29.326,ARDUINO_PSI,Arduino,0.000,0.000,12.771,,
140.666949,2026-03-10 18:21:29.349,WJ_VOLTAGE,WJ2,30.010,0.006,0,0,"HV=OFF, Fault=NO"
140.743902,2026-03-10 18:21:29.426,ARDUINO_PSI,Arduino,0.000,0.000,12.771,,
140.843906,2026-03-10 18:21:29.526,ARDUINO_PSI,Arduino,0.000,0.000,12.778,,
140.943968,2026-03-10 18:21:29.626,ARDUINO_PSI,Arduino,0.000,0.000,12.776,,
141.043124,2026-03-10 18:21:29.725,ARDUINO_PSI,Arduino,0.000,0.000,12.787,,
141.057168,2026-03-10 18:21:29.739,WJ_VOLTAGE,WJ1,30.010,0.006,0,0,"HV=OFF, Fault=NO"
141.143977,2026-03-10 18:21:29.826,ARDUINO_PSI,Arduino,0.000,0.000,12.796,,
141.196464,2026-03-10 18:21:29.878,WJ_VOLTAGE,WJ2,30.010,0.006,0,0,"HV=OFF, Fault=NO"
141.243793,2026-03-10 18:21:29.925,ARDUINO_PSI,Arduino,0.000,0.000,12.787,,
141.343770,2026-03-10 18:21:30.025,ARDUINO_PSI,Arduino,0.000,0.000,12.783,,
141.443965,2026-03-10 18:21:30.126,ARDUINO_PSI,Arduino,0.000,0.000,12.792,,
141.543905,2026-03-10 18:21:30.226,ARDUINO_PSI,Arduino,0.000,0.000,12.787,,
141.585266,2026-03-10 18:21:30.267,WJ_VOLTAGE,WJ1,30.010,0.006,0,0,"HV=OFF, Fault=NO"
141.643359,2026-03-10 18:21:30.325,ARDUINO_PSI,Arduino,0.000,0.000,12.787,,
141.726298,2026-03-10 18:21:30.408,WJ_VOLTAGE,WJ2,30.010,0.006,0,0,"HV=OFF, Fault=NO"
141.743220,2026-03-10 18:21:30.425,ARDUINO_PSI,Arduino,0.000,0.000,12.783,,
141.843499,2026-03-10 18:21:30.525,ARDUINO_PSI,Arduino,0.000,0.000,12.764,,
141.943812,2026-03-10 18:21:30.625,ARDUINO_PSI,Arduino,0.000,0.000,12.753,,
142.043247,2026-03-10 18:21:30.725,ARDUINO_PSI,Arduino,0.000,0.000,12.748,,
142.111782,2026-03-10 18:21:30.793,WJ_VOLTAGE,WJ1,30.010,0.006,0,0,"HV=OFF, Fault=NO"
142.143329,2026-03-10 18:21:30.825,ARDUINO_PSI,Arduino,0.000,0.000,12.748,,
142.243906,2026-03-10 18:21:30.926,ARDUINO_PSI,Arduino,0.000,0.000,12.746,,
142.251210,2026-03-10 18:21:30.933,WJ_VOLTAGE,WJ2,30.010,0.006,0,0,"HV=OFF, Fault=NO"
142.344071,2026-03-10 18:21:31.026,ARDUINO_PSI,Arduino,0.000,0.000,12.748,,
142.443775,2026-03-10 18:21:31.125,ARDUINO_PSI,Arduino,0.000,0.000,12.751,,
142.543350,2026-03-10 18:21:31.225,ARDUINO_PSI,Arduino,0.000,0.000,12.758,,
142.640751,2026-03-10 18:21:31.322,WJ_VOLTAGE,WJ1,30.010,0.006,0,0,"HV=OFF, Fault=NO"
142.652441,2026-03-10 18:21:31.334,ARDUINO_PSI,Arduino,0.000,0.000,12.751,,
142.744038,2026-03-10 18:21:31.426,ARDUINO_PSI,Arduino,0.000,0.000,12.762,,
142.782149,2026-03-10 18:21:31.464,WJ_VOLTAGE,WJ2,30.010,0.006,0,0,"HV=OFF, Fault=NO"
142.843134,2026-03-10 18:21:31.525,ARDUINO_PSI,Arduino,0.000,0.000,12.755,,
142.944074,2026-03-10 18:21:31.626,ARDUINO_PSI,Arduino,0.000,0.000,12.758,,
143.044310,2026-03-10 18:21:31.726,ARDUINO_PSI,Arduino,0.000,0.000,12.746,,
143.143767,2026-03-10 18:21:31.825,ARDUINO_PSI,Arduino,0.000,0.000,12.739,,
143.171341,2026-03-10 18:21:31.853,WJ_VOLTAGE,WJ1,30.010,0.012,0,0,"HV=OFF, Fault=NO"
143.243763,2026-03-10 18:21:31.925,ARDUINO_PSI,Arduino,0.000,0.000,12.742,,
143.309052,2026-03-10 18:21:31.991,WJ_VOLTAGE,WJ2,30.010,0.006,0,0,"HV=OFF, Fault=NO"
143.343334,2026-03-10 18:21:32.025,ARDUINO_PSI,Arduino,0.000,0.000,12.730,,
143.444053,2026-03-10 18:21:32.126,ARDUINO_PSI,Arduino,0.000,0.000,12.730,,
143.543752,2026-03-10 18:21:32.225,ARDUINO_PSI,Arduino,0.000,0.000,12.744,,
143.643877,2026-03-10 18:21:32.326,ARDUINO_PSI,Arduino,0.000,0.000,12.753,,
143.697034,2026-03-10 18:21:32.379,WJ_VOLTAGE,WJ1,30.010,0.006,0,0,"HV=OFF, Fault=NO"
143.743959,2026-03-10 18:21:32.426,ARDUINO_PSI,Arduino,0.000,0.000,12.755,,
143.836051,2026-03-10 18:21:32.518,WJ_VOLTAGE,WJ2,30.010,0.006,0,0,"HV=OFF, Fault=NO"
143.846644,2026-03-10 18:21:32.528,ARDUINO_PSI,Arduino,0.000,0.000,12.762,,
143.943944,2026-03-10 18:21:32.626,ARDUINO_PSI,Arduino,0.000,0.000,12.774,,
144.044069,2026-03-10 18:21:32.726,ARDUINO_PSI,Arduino,0.000,0.000,12.776,,
144.144069,2026-03-10 18:21:32.826,ARDUINO_PSI,Arduino,0.000,0.000,12.783,,
144.227819,2026-03-10 18:21:32.909,WJ_VOLTAGE,WJ1,30.010,0.006,0,0,"HV=OFF, Fault=NO"
144.245306,2026-03-10 18:21:32.927,ARDUINO_PSI,Arduino,0.000,0.000,12.787,,
144.344449,2026-03-10 18:21:33.026,ARDUINO_PSI,Arduino,0.000,0.000,12.785,,
144.369355,2026-03-10 18:21:33.051,WJ_VOLTAGE,WJ2,30.010,0.006,0,0,"HV=OFF, Fault=NO"
144.443903,2026-03-10 18:21:33.126,ARDUINO_PSI,Arduino,0.000,0.000,12.780,,
144.543263,2026-03-10 18:21:33.225,ARDUINO_PSI,Arduino,0.000,0.000,12.769,,
144.644012,2026-03-10 18:21:33.326,ARDUINO_PSI,Arduino,0.000,0.000,12.758,,
144.743987,2026-03-10 18:21:33.426,ARDUINO_PSI,Arduino,0.000,0.000,12.751,,
144.748527,2026-03-10 18:21:33.430,WJ_VOLTAGE,WJ1,30.010,0.006,0,0,"HV=OFF, Fault=NO"
144.843385,2026-03-10 18:21:33.525,ARDUINO_PSI,Arduino,0.000,0.000,12.748,,
144.890053,2026-03-10 18:21:33.572,WJ_VOLTAGE,WJ2,30.010,0.006,0,0,"HV=OFF, Fault=NO"
144.943845,2026-03-10 18:21:33.626,ARDUINO_PSI,Arduino,0.000,0.000,12.753,,
145.043926,2026-03-10 18:21:33.726,ARDUINO_PSI,Arduino,0.000,0.000,12.764,,
145.143824,2026-03-10 18:21:33.825,ARDUINO_PSI,Arduino,0.000,0.000,12.767,,
145.243730,2026-03-10 18:21:33.925,ARDUINO_PSI,Arduino,0.000,0.000,12.767,,
145.277267,2026-03-10 18:21:33.959,WJ_VOLTAGE,WJ1,30.010,0.006,0,0,"HV=OFF, Fault=NO"
145.343735,2026-03-10 18:21:34.025,ARDUINO_PSI,Arduino,0.000,0.000,12.778,,
145.420301,2026-03-10 18:21:34.102,WJ_VOLTAGE,WJ2,30.010,0.006,0,0,"HV=OFF, Fault=NO"
145.443204,2026-03-10 18:21:34.125,ARDUINO_PSI,Arduino,0.000,0.000,12.769,,
145.543906,2026-03-10 18:21:34.226,ARDUINO_PSI,Arduino,0.000,0.000,12.755,,
145.643836,2026-03-10 18:21:34.325,ARDUINO_PSI,Arduino,0.000,0.000,12.755,,
145.743926,2026-03-10 18:21:34.426,ARDUINO_PSI,Arduino,0.000,0.000,12.760,,
145.807380,2026-03-10 18:21:34.489,WJ_VOLTAGE,WJ1,30.010,0.006,0,0,"HV=OFF, Fault=NO"
145.843443,2026-03-10 18:21:34.525,ARDUINO_PSI,Arduino,0.000,0.000,12.762,,
145.944013,2026-03-10 18:21:34.626,ARDUINO_PSI,Arduino,0.000,0.000,12.767,,
145.949657,2026-03-10 18:21:34.631,WJ_VOLTAGE,WJ2,30.010,0.006,0,0,"HV=OFF, Fault=NO"
146.044002,2026-03-10 18:21:34.726,ARDUINO_PSI,Arduino,0.000,0.000,12.774,,
146.144104,2026-03-10 18:21:34.826,ARDUINO_PSI,Arduino,0.000,0.000,12.762,,
146.243364,2026-03-10 18:21:34.925,ARDUINO_PSI,Arduino,0.000,0.000,12.753,,
146.339094,2026-03-10 18:21:35.021,WJ_VOLTAGE,WJ1,30.010,0.006,0,0,"HV=OFF, Fault=NO"
146.356638,2026-03-10 18:21:35.038,ARDUINO_PSI,Arduino,0.000,0.000,12.758,,
146.899254,2026-03-10 18:21:35.581,WJ_COMMAND,WJ1,HV_OFF,,,,HV_OFF 
146.989941,2026-03-10 18:21:35.672,WJ_COMMAND,WJ2,HV_OFF,,,,HV_OFF 
146.991280,2026-03-10 18:21:35.673,ARDUINO_PSI,Arduino,0.000,0.000,12.753,,
146.994649,2026-03-10 18:21:35.676,WJ_VOLTAGE,WJ2,30.010,0.006,0,0,"HV=OFF, Fault=NO"
146.996006,2026-03-10 18:21:35.678,ARDUINO_PSI,Arduino,0.000,0.000,12.769,,
146.997641,2026-03-10 18:21:35.679,ARDUINO_PSI,Arduino,0.000,0.000,12.778,,
146.998942,2026-03-10 18:21:35.681,ARDUINO_PSI,Arduino,0.000,0.000,12.778,,
146.999946,2026-03-10 18:21:35.682,ARDUINO_PSI,Arduino,0.000,0.000,12.780,,
147.002674,2026-03-10 18:21:35.684,WJ_VOLTAGE,WJ2,30.010,0.000,0,0,"HV=OFF, Fault=NO"
147.003362,2026-03-10 18:21:35.685,ARDUINO_PSI,Arduino,0.000,0.000,12.764,,
147.043344,2026-03-10 18:21:35.725,ARDUINO_PSI,Arduino,0.000,0.000,12.762,,
147.143800,2026-03-10 18:21:35.825,ARDUINO_PSI,Arduino,0.000,0.000,12.764,,
147.243894,2026-03-10 18:21:35.926,ARDUINO_PSI,Arduino,0.000,0.000,12.755,,
147.343491,2026-03-10 18:21:36.025,ARDUINO_PSI,Arduino,0.000,0.000,12.755,,
147.430175,2026-03-10 18:21:36.112,WJ_VOLTAGE,WJ1,25.318,0.000,0,0,"HV=OFF, Fault=NO"
147.444849,2026-03-10 18:21:36.126,WJ_VOLTAGE,WJ2,29.717,0.000,0,0,"HV=OFF, Fault=NO"
147.445877,2026-03-10 18:21:36.128,ARDUINO_PSI,Arduino,0.000,0.000,12.758,,
147.543834,2026-03-10 18:21:36.225,ARDUINO_PSI,Arduino,0.000,0.000,12.764,,
147.643890,2026-03-10 18:21:36.326,ARDUINO_PSI,Arduino,0.000,0.000,12.755,,
147.743782,2026-03-10 18:21:36.425,ARDUINO_PSI,Arduino,0.000,0.000,12.744,,
147.843224,2026-03-10 18:21:36.525,ARDUINO_PSI,Arduino,0.000,0.000,12.739,,
147.944709,2026-03-10 18:21:36.626,ARDUINO_PSI,Arduino,0.000,0.000,12.735,,
147.959844,2026-03-10 18:21:36.641,WJ_VOLTAGE,WJ1,22.678,0.000,0,0,"HV=OFF, Fault=NO"
147.974240,2026-03-10 18:21:36.656,WJ_VOLTAGE,WJ2,24.536,0.000,0,0,"HV=OFF, Fault=NO"
148.044111,2026-03-10 18:21:36.726,ARDUINO_PSI,Arduino,0.000,0.000,12.735,,
148.143870,2026-03-10 18:21:36.826,ARDUINO_PSI,Arduino,0.000,0.000,12.744,,
148.243971,2026-03-10 18:21:36.926,ARDUINO_PSI,Arduino,0.000,0.000,12.746,,
148.343654,2026-03-10 18:21:37.025,ARDUINO_PSI,Arduino,0.000,0.000,12.758,,
148.443853,2026-03-10 18:21:37.126,ARDUINO_PSI,Arduino,0.000,0.000,12.755,,
148.489337,2026-03-10 18:21:37.171,WJ_VOLTAGE,WJ1,20.332,0.000,0,0,"HV=OFF, Fault=NO"
148.503482,2026-03-10 18:21:37.185,WJ_VOLTAGE,WJ2,21.701,0.000,0,0,"HV=OFF, Fault=NO"
148.543766,2026-03-10 18:21:37.225,ARDUINO_PSI,Arduino,0.000,0.000,12.744,,
148.644535,2026-03-10 18:21:37.326,ARDUINO_PSI,Arduino,0.000,0.000,12.735,,
148.743229,2026-03-10 18:21:37.425,ARDUINO_PSI,Arduino,0.000,0.000,12.739,,
148.843836,2026-03-10 18:21:37.525,ARDUINO_PSI,Arduino,0.000,0.000,12.742,,
148.943849,2026-03-10 18:21:37.626,ARDUINO_PSI,Arduino,0.000,0.000,12.748,,
149.040620,2026-03-10 18:21:37.722,WJ_VOLTAGE,WJ1,18.280,0.000,0,0,"HV=OFF, Fault=NO"
149.041959,2026-03-10 18:21:37.724,WJ_VOLTAGE,WJ2,19.159,0.000,0,0,"HV=OFF, Fault=NO"
149.056564,2026-03-10 18:21:37.738,ARDUINO_PSI,Arduino,0.000,0.000,12.751,,
149.143252,2026-03-10 18:21:37.825,ARDUINO_PSI,Arduino,0.000,0.000,12.691,,
149.243168,2026-03-10 18:21:37.925,ARDUINO_PSI,Arduino,0.000,0.000,12.668,,
149.343880,2026-03-10 18:21:38.026,ARDUINO_PSI,Arduino,0.000,0.000,12.657,,
149.443936,2026-03-10 18:21:38.126,ARDUINO_PSI,Arduino,0.000,0.000,12.650,,
149.542426,2026-03-10 18:21:38.224,WJ_VOLTAGE,WJ1,16.129,0.000,0,0,"HV=OFF, Fault=NO"
149.552168,2026-03-10 18:21:38.234,ARDUINO_PSI,Arduino,0.000,0.000,12.650,,
149.555890,2026-03-10 18:21:38.238,WJ_VOLTAGE,WJ2,16.911,0.000,0,0,"HV=OFF, Fault=NO"
149.643958,2026-03-10 18:21:38.326,ARDUINO_PSI,Arduino,0.000,0.000,12.657,,
149.743244,2026-03-10 18:21:38.425,ARDUINO_PSI,Arduino,0.000,0.000,12.668,,
149.844015,2026-03-10 18:21:38.526,ARDUINO_PSI,Arduino,0.000,0.000,12.682,,
149.943724,2026-03-10 18:21:38.625,ARDUINO_PSI,Arduino,0.000,0.000,12.682,,
150.044252,2026-03-10 18:21:38.726,ARDUINO_PSI,Arduino,0.000,0.000,12.680,,
150.074666,2026-03-10 18:21:38.756,WJ_VOLTAGE,WJ1,14.663,0.000,0,0,"HV=OFF, Fault=NO"
150.078202,2026-03-10 18:21:38.760,WJ_VOLTAGE,WJ2,14.956,0.000,0,0,"HV=OFF, Fault=NO"
150.143936,2026-03-10 18:21:38.826,ARDUINO_PSI,Arduino,0.000,0.000,12.684,,
150.243965,2026-03-10 18:21:38.926,ARDUINO_PSI,Arduino,0.000,0.000,12.687,,
150.343798,2026-03-10 18:21:39.025,ARDUINO_PSI,Arduino,0.000,0.000,12.689,,
150.443736,2026-03-10 18:21:39.125,ARDUINO_PSI,Arduino,0.000,0.000,12.691,,
150.543850,2026-03-10 18:21:39.226,ARDUINO_PSI,Arduino,0.000,0.000,12.696,,
150.599860,2026-03-10 18:21:39.282,WJ_VOLTAGE,WJ2,13.392,0.000,0,0,"HV=OFF, Fault=NO"
150.603602,2026-03-10 18:21:39.285,WJ_VOLTAGE,WJ1,12.903,0.000,0,0,"HV=OFF, Fault=NO"
150.644649,2026-03-10 18:21:39.326,ARDUINO_PSI,Arduino,0.000,0.000,12.700,,
150.743893,2026-03-10 18:21:39.426,ARDUINO_PSI,Arduino,0.000,0.000,12.698,,
150.843841,2026-03-10 18:21:39.526,ARDUINO_PSI,Arduino,0.000,0.000,12.698,,
150.943779,2026-03-10 18:21:39.625,ARDUINO_PSI,Arduino,0.000,0.000,12.700,,
151.043975,2026-03-10 18:21:39.726,ARDUINO_PSI,Arduino,0.000,0.000,12.703,,
151.129573,2026-03-10 18:21:39.811,WJ_VOLTAGE,WJ1,11.632,0.000,0,0,"HV=OFF, Fault=NO"
151.133497,2026-03-10 18:21:39.815,WJ_VOLTAGE,WJ2,11.828,0.000,0,0,"HV=OFF, Fault=NO"
151.144530,2026-03-10 18:21:39.826,ARDUINO_PSI,Arduino,0.000,0.000,12.755,,
151.243875,2026-03-10 18:21:39.926,ARDUINO_PSI,Arduino,0.000,0.000,12.796,,
151.343801,2026-03-10 18:21:40.025,ARDUINO_PSI,Arduino,0.000,0.000,12.810,,
151.443987,2026-03-10 18:21:40.126,ARDUINO_PSI,Arduino,0.000,0.000,12.817,,
151.543290,2026-03-10 18:21:40.225,ARDUINO_PSI,Arduino,0.000,0.000,12.806,,
151.644051,2026-03-10 18:21:40.326,ARDUINO_PSI,Arduino,0.000,0.000,12.803,,
151.656399,2026-03-10 18:21:40.338,WJ_VOLTAGE,WJ1,10.459,0.000,0,0,"HV=OFF, Fault=NO"
151.659126,2026-03-10 18:21:40.341,WJ_VOLTAGE,WJ2,10.557,0.000,0,0,"HV=OFF, Fault=NO"
151.743875,2026-03-10 18:21:40.426,ARDUINO_PSI,Arduino,0.000,0.000,12.806,,
151.844082,2026-03-10 18:21:40.526,ARDUINO_PSI,Arduino,0.000,0.000,12.799,,
151.943809,2026-03-10 18:21:40.625,ARDUINO_PSI,Arduino,0.000,0.000,12.787,,
152.044217,2026-03-10 18:21:40.726,ARDUINO_PSI,Arduino,0.000,0.000,12.780,,
152.143840,2026-03-10 18:21:40.825,ARDUINO_PSI,Arduino,0.000,0.000,12.776,,
152.189952,2026-03-10 18:21:40.872,WJ_VOLTAGE,WJ2,9.384,0.000,0,0,"HV=OFF, Fault=NO"
152.192918,2026-03-10 18:21:40.875,WJ_VOLTAGE,WJ1,9.384,0.000,0,0,"HV=OFF, Fault=NO"
152.243981,2026-03-10 18:21:40.926,ARDUINO_PSI,Arduino,0.000,0.000,12.783,,
152.343698,2026-03-10 18:21:41.025,ARDUINO_PSI,Arduino,0.000,0.000,12.769,,
152.444082,2026-03-10 18:21:41.126,ARDUINO_PSI,Arduino,0.000,0.000,12.774,,
152.543762,2026-03-10 18:21:41.225,ARDUINO_PSI,Arduino,0.000,0.000,12.769,,
152.643557,2026-03-10 18:21:41.325,ARDUINO_PSI,Arduino,0.000,0.000,12.778,,
152.716332,2026-03-10 18:21:41.398,WJ_VOLTAGE,WJ1,8.504,0.000,0,0,"HV=OFF, Fault=NO"
152.720394,2026-03-10 18:21:41.402,WJ_VOLTAGE,WJ2,8.309,0.000,0,0,"HV=OFF, Fault=NO"
152.743281,2026-03-10 18:21:41.425,ARDUINO_PSI,Arduino,0.000,0.000,12.778,,
152.843306,2026-03-10 18:21:41.525,ARDUINO_PSI,Arduino,0.000,0.000,12.774,,
152.943996,2026-03-10 18:21:41.626,ARDUINO_PSI,Arduino,0.000,0.000,12.767,,
153.044361,2026-03-10 18:21:41.726,ARDUINO_PSI,Arduino,0.000,0.000,12.760,,
153.143971,2026-03-10 18:21:41.826,ARDUINO_PSI,Arduino,0.000,0.000,12.774,,
153.246065,2026-03-10 18:21:41.928,WJ_VOLTAGE,WJ1,7.625,0.000,0,0,"HV=OFF, Fault=NO"
153.248640,2026-03-10 18:21:41.930,WJ_VOLTAGE,WJ2,7.429,0.000,0,0,"HV=OFF, Fault=NO"
153.249310,2026-03-10 18:21:41.931,ARDUINO_PSI,Arduino,0.000,0.000,12.753,,
153.343776,2026-03-10 18:21:42.025,ARDUINO_PSI,Arduino,0.000,0.000,12.744,,
153.444402,2026-03-10 18:21:42.126,ARDUINO_PSI,Arduino,0.000,0.000,12.748,,
153.543985,2026-03-10 18:21:42.226,ARDUINO_PSI,Arduino,0.000,0.000,12.753,,
153.643987,2026-03-10 18:21:42.326,ARDUINO_PSI,Arduino,0.000,0.000,12.755,,
153.743931,2026-03-10 18:21:42.426,ARDUINO_PSI,Arduino,0.000,0.000,12.755,,
153.775812,2026-03-10 18:21:42.457,WJ_VOLTAGE,WJ2,6.549,0.000,0,0,"HV=OFF, Fault=NO"
153.778932,2026-03-10 18:21:42.461,WJ_VOLTAGE,WJ1,6.843,0.000,0,0,"HV=OFF, Fault=NO"
153.843819,2026-03-10 18:21:42.525,ARDUINO_PSI,Arduino,0.000,0.000,12.758,,
153.943940,2026-03-10 18:21:42.626,ARDUINO_PSI,Arduino,0.000,0.000,12.758,,
154.043215,2026-03-10 18:21:42.725,ARDUINO_PSI,Arduino,0.000,0.000,12.764,,
154.143638,2026-03-10 18:21:42.825,ARDUINO_PSI,Arduino,0.000,0.000,12.760,,
154.244030,2026-03-10 18:21:42.926,ARDUINO_PSI,Arduino,0.000,0.000,12.760,,
154.307116,2026-03-10 18:21:42.989,WJ_VOLTAGE,WJ2,5.767,0.000,0,0,"HV=OFF, Fault=NO"
154.310993,2026-03-10 18:21:42.993,WJ_VOLTAGE,WJ1,6.158,0.000,0,0,"HV=OFF, Fault=NO"
154.343915,2026-03-10 18:21:43.026,ARDUINO_PSI,Arduino,0.000,0.000,12.755,,
154.443978,2026-03-10 18:21:43.126,ARDUINO_PSI,Arduino,0.000,0.000,12.758,,
154.543778,2026-03-10 18:21:43.225,ARDUINO_PSI,Arduino,0.000,0.000,12.769,,
154.643820,2026-03-10 18:21:43.325,ARDUINO_PSI,Arduino,0.000,0.000,12.767,,
154.743865,2026-03-10 18:21:43.426,ARDUINO_PSI,Arduino,0.000,0.000,12.774,,
154.836123,2026-03-10 18:21:43.518,WJ_VOLTAGE,WJ1,5.474,0.000,0,0,"HV=OFF, Fault=NO"
154.840785,2026-03-10 18:21:43.522,WJ_VOLTAGE,WJ2,5.181,0.000,0,0,"HV=OFF, Fault=NO"
154.850441,2026-03-10 18:21:43.532,ARDUINO_PSI,Arduino,0.000,0.000,12.769,,
154.943905,2026-03-10 18:21:43.626,ARDUINO_PSI,Arduino,0.000,0.000,12.771,,
155.043896,2026-03-10 18:21:43.726,ARDUINO_PSI,Arduino,0.000,0.000,12.771,,
155.143902,2026-03-10 18:21:43.826,ARDUINO_PSI,Arduino,0.000,0.000,12.774,,
155.243722,2026-03-10 18:21:43.925,ARDUINO_PSI,Arduino,0.000,0.000,12.780,,
155.343811,2026-03-10 18:21:44.025,ARDUINO_PSI,Arduino,0.000,0.000,12.790,,
155.353194,2026-03-10 18:21:44.035,WJ_VOLTAGE,WJ1,4.985,0.000,0,0,"HV=OFF, Fault=NO"
155.354432,2026-03-10 18:21:44.036,WJ_VOLTAGE,WJ2,4.594,0.000,0,0,"HV=OFF, Fault=NO"
155.443776,2026-03-10 18:21:44.125,ARDUINO_PSI,Arduino,0.000,0.000,12.776,,
155.543794,2026-03-10 18:21:44.225,ARDUINO_PSI,Arduino,0.000,0.000,12.783,,
155.643882,2026-03-10 18:21:44.326,ARDUINO_PSI,Arduino,0.000,0.000,12.799,,
155.743771,2026-03-10 18:21:44.425,ARDUINO_PSI,Arduino,0.000,0.000,12.780,,
155.843199,2026-03-10 18:21:44.525,ARDUINO_PSI,Arduino,0.000,0.000,12.785,,
155.880243,2026-03-10 18:21:44.562,WJ_VOLTAGE,WJ1,4.497,0.000,0,0,"HV=OFF, Fault=NO"
155.882446,2026-03-10 18:21:44.564,WJ_VOLTAGE,WJ2,4.106,0.000,0,0,"HV=OFF, Fault=NO"
155.943861,2026-03-10 18:21:44.626,ARDUINO_PSI,Arduino,0.000,0.000,12.780,,
156.044055,2026-03-10 18:21:44.726,ARDUINO_PSI,Arduino,0.000,0.000,12.778,,
156.144642,2026-03-10 18:21:44.826,ARDUINO_PSI,Arduino,0.000,0.000,12.785,,
156.243935,2026-03-10 18:21:44.926,ARDUINO_PSI,Arduino,0.000,0.000,12.776,,
156.343953,2026-03-10 18:21:45.026,ARDUINO_PSI,Arduino,0.000,0.000,12.776,,
156.411928,2026-03-10 18:21:45.094,WJ_VOLTAGE,WJ1,4.008,0.000,0,0,"HV=OFF, Fault=NO"
156.415597,2026-03-10 18:21:45.097,WJ_VOLTAGE,WJ2,3.617,0.000,0,0,"HV=OFF, Fault=NO"
156.443311,2026-03-10 18:21:45.125,ARDUINO_PSI,Arduino,0.000,0.000,12.776,,
156.543754,2026-03-10 18:21:45.225,ARDUINO_PSI,Arduino,0.000,0.000,12.769,,
156.643798,2026-03-10 18:21:45.325,ARDUINO_PSI,Arduino,0.000,0.000,12.778,,
156.743538,2026-03-10 18:21:45.425,ARDUINO_PSI,Arduino,0.000,0.000,12.780,,
156.843123,2026-03-10 18:21:45.525,ARDUINO_PSI,Arduino,0.000,0.000,12.790,,
156.943358,2026-03-10 18:21:45.625,WJ_VOLTAGE,WJ2,3.226,0.000,0,0,"HV=OFF, Fault=NO"
156.944690,2026-03-10 18:21:45.626,WJ_VOLTAGE,WJ1,3.617,0.000,0,0,"HV=OFF, Fault=NO"
156.949700,2026-03-10 18:21:45.631,ARDUINO_PSI,Arduino,0.000,0.000,12.792,,
157.043228,2026-03-10 18:21:45.725,ARDUINO_PSI,Arduino,0.000,0.000,12.796,,
157.143897,2026-03-10 18:21:45.826,ARDUINO_PSI,Arduino,0.000,0.000,12.787,,
157.243986,2026-03-10 18:21:45.926,ARDUINO_PSI,Arduino,0.000,0.000,12.792,,
157.343845,2026-03-10 18:21:46.026,ARDUINO_PSI,Arduino,0.000,0.000,12.785,,
157.444000,2026-03-10 18:21:46.126,ARDUINO_PSI,Arduino,0.000,0.000,12.790,,
157.473588,2026-03-10 18:21:46.155,WJ_VOLTAGE,WJ2,2.835,0.000,0,0,"HV=OFF, Fault=NO"
157.476630,2026-03-10 18:21:46.158,WJ_VOLTAGE,WJ1,3.226,0.000,0,0,"HV=OFF, Fault=NO"
157.543202,2026-03-10 18:21:46.225,ARDUINO_PSI,Arduino,0.000,0.000,12.776,,
157.644084,2026-03-10 18:21:46.326,ARDUINO_PSI,Arduino,0.000,0.000,12.758,,
157.744060,2026-03-10 18:21:46.426,ARDUINO_PSI,Arduino,0.000,0.000,12.760,,
157.843951,2026-03-10 18:21:46.526,ARDUINO_PSI,Arduino,0.000,0.000,12.746,,
157.943860,2026-03-10 18:21:46.626,ARDUINO_PSI,Arduino,0.000,0.000,12.762,,
158.002442,2026-03-10 18:21:46.684,WJ_VOLTAGE,WJ2,2.542,0.000,0,0,"HV=OFF, Fault=NO"
158.003789,2026-03-10 18:21:46.685,WJ_VOLTAGE,WJ1,2.933,0.000,0,0,"HV=OFF, Fault=NO"
158.043731,2026-03-10 18:21:46.725,ARDUINO_PSI,Arduino,0.000,0.000,12.769,,
158.143993,2026-03-10 18:21:46.826,ARDUINO_PSI,Arduino,0.000,0.000,12.762,,
158.243810,2026-03-10 18:21:46.925,ARDUINO_PSI,Arduino,0.000,0.000,12.762,,
158.344208,2026-03-10 18:21:47.026,ARDUINO_PSI,Arduino,0.000,0.000,12.767,,
158.443987,2026-03-10 18:21:47.126,ARDUINO_PSI,Arduino,0.000,0.000,12.764,,
158.531574,2026-03-10 18:21:47.213,WJ_VOLTAGE,WJ1,2.639,0.000,0,0,"HV=OFF, Fault=NO"
158.532825,2026-03-10 18:21:47.214,WJ_VOLTAGE,WJ2,2.248,0.000,0,0,"HV=OFF, Fault=NO"
158.543541,2026-03-10 18:21:47.225,ARDUINO_PSI,Arduino,0.000,0.000,12.764,,
158.643965,2026-03-10 18:21:47.326,ARDUINO_PSI,Arduino,0.000,0.000,12.758,,
158.743737,2026-03-10 18:21:47.425,ARDUINO_PSI,Arduino,0.000,0.000,12.751,,
158.844684,2026-03-10 18:21:47.526,ARDUINO_PSI,Arduino,0.000,0.000,12.753,,
158.943764,2026-03-10 18:21:47.625,ARDUINO_PSI,Arduino,0.000,0.000,12.748,,
159.044078,2026-03-10 18:21:47.726,ARDUINO_PSI,Arduino,0.000,0.000,12.742,,
159.064715,2026-03-10 18:21:47.746,WJ_VOLTAGE,WJ2,1.955,0.000,0,0,"HV=OFF, Fault=NO"
159.066038,2026-03-10 18:21:47.748,WJ_VOLTAGE,WJ1,2.346,0.000,0,0,"HV=OFF, Fault=NO"
159.144967,2026-03-10 18:21:47.827,ARDUINO_PSI,Arduino,0.000,0.000,12.735,,
159.243903,2026-03-10 18:21:47.926,ARDUINO_PSI,Arduino,0.000,0.000,12.746,,
159.344020,2026-03-10 18:21:48.026,ARDUINO_PSI,Arduino,0.000,0.000,12.753,,
159.443959,2026-03-10 18:21:48.126,ARDUINO_PSI,Arduino,0.000,0.000,12.746,,
159.545042,2026-03-10 18:21:48.227,ARDUINO_PSI,Arduino,0.000,0.000,12.758,,
159.592994,2026-03-10 18:21:48.275,WJ_VOLTAGE,WJ1,2.053,0.000,0,0,"HV=OFF, Fault=NO"
159.596788,2026-03-10 18:21:48.278,WJ_VOLTAGE,WJ2,1.760,0.000,0,0,"HV=OFF, Fault=NO"
159.644068,2026-03-10 18:21:48.326,ARDUINO_PSI,Arduino,0.000,0.000,12.758,,
159.743957,2026-03-10 18:21:48.426,ARDUINO_PSI,Arduino,0.000,0.000,12.767,,
159.844106,2026-03-10 18:21:48.526,ARDUINO_PSI,Arduino,0.000,0.000,12.778,,
159.943909,2026-03-10 18:21:48.626,ARDUINO_PSI,Arduino,0.000,0.000,12.774,,
160.043291,2026-03-10 18:21:48.725,ARDUINO_PSI,Arduino,0.000,0.000,12.764,,
160.123191,2026-03-10 18:21:48.805,WJ_VOLTAGE,WJ1,1.857,0.000,0,0,"HV=OFF, Fault=NO"
160.124529,2026-03-10 18:21:48.806,WJ_VOLTAGE,WJ2,1.564,0.000,0,0,"HV=OFF, Fault=NO"
160.143211,2026-03-10 18:21:48.825,ARDUINO_PSI,Arduino,0.000,0.000,12.760,,
160.243793,2026-03-10 18:21:48.925,ARDUINO_PSI,Arduino,0.000,0.000,12.753,,
160.343961,2026-03-10 18:21:49.026,ARDUINO_PSI,Arduino,0.000,0.000,12.748,,
160.443322,2026-03-10 18:21:49.125,ARDUINO_PSI,Arduino,0.000,0.000,12.751,,
160.543719,2026-03-10 18:21:49.225,ARDUINO_PSI,Arduino,0.000,0.000,12.748,,
160.643919,2026-03-10 18:21:49.326,ARDUINO_PSI,Arduino,0.000,0.000,12.748,,
160.653303,2026-03-10 18:21:49.335,WJ_VOLTAGE,WJ2,1.369,0.000,0,0,"HV=OFF, Fault=NO"
160.654623,2026-03-10 18:21:49.336,WJ_VOLTAGE,WJ1,1.662,0.000,0,0,"HV=OFF, Fault=NO"
160.743421,2026-03-10 18:21:49.425,ARDUINO_PSI,Arduino,0.000,0.000,12.753,,
160.843309,2026-03-10 18:21:49.525,ARDUINO_PSI,Arduino,0.000,0.000,12.755,,
160.943270,2026-03-10 18:21:49.625,ARDUINO_PSI,Arduino,0.000,0.000,12.778,,
161.043201,2026-03-10 18:21:49.725,ARDUINO_PSI,Arduino,0.000,0.000,12.776,,
161.143241,2026-03-10 18:21:49.825,ARDUINO_PSI,Arduino,0.000,0.000,12.771,,
161.184387,2026-03-10 18:21:49.866,WJ_VOLTAGE,WJ2,1.271,0.000,0,0,"HV=OFF, Fault=NO"
161.185782,2026-03-10 18:21:49.867,WJ_VOLTAGE,WJ1,1.466,0.000,0,0,"HV=OFF, Fault=NO"
161.243419,2026-03-10 18:21:49.925,ARDUINO_PSI,Arduino,0.000,0.000,12.762,,
161.344039,2026-03-10 18:21:50.026,ARDUINO_PSI,Arduino,0.000,0.000,12.755,,
161.443774,2026-03-10 18:21:50.125,ARDUINO_PSI,Arduino,0.000,0.000,12.758,,
161.543977,2026-03-10 18:21:50.226,ARDUINO_PSI,Arduino,0.000,0.000,12.746,,
161.643952,2026-03-10 18:21:50.326,ARDUINO_PSI,Arduino,0.000,0.000,12.751,,
161.716757,2026-03-10 18:21:50.398,WJ_VOLTAGE,WJ1,1.369,0.000,0,0,"HV=OFF, Fault=NO"
161.720343,2026-03-10 18:21:50.402,WJ_VOLTAGE,WJ2,1.075,0.000,0,0,"HV=OFF, Fault=NO"
161.743326,2026-03-10 18:21:50.425,ARDUINO_PSI,Arduino,0.000,0.000,12.748,,
161.843905,2026-03-10 18:21:50.526,ARDUINO_PSI,Arduino,0.000,0.000,12.746,,
161.943973,2026-03-10 18:21:50.626,ARDUINO_PSI,Arduino,0.000,0.000,12.746,,
162.043891,2026-03-10 18:21:50.726,ARDUINO_PSI,Arduino,0.000,0.000,12.739,,
162.143915,2026-03-10 18:21:50.826,ARDUINO_PSI,Arduino,0.000,0.000,12.737,,
162.244697,2026-03-10 18:21:50.926,ARDUINO_PSI,Arduino,0.000,0.000,12.748,,
162.249267,2026-03-10 18:21:50.931,WJ_VOLTAGE,WJ2,0.978,0.000,0,0,"HV=OFF, Fault=NO"
162.252780,2026-03-10 18:21:50.934,WJ_VOLTAGE,WJ1,1.173,0.000,0,0,"HV=OFF, Fault=NO"
162.343946,2026-03-10 18:21:51.026,ARDUINO_PSI,Arduino,0.000,0.000,12.748,,
162.443905,2026-03-10 18:21:51.126,ARDUINO_PSI,Arduino,0.000,0.000,12.744,,
162.543827,2026-03-10 18:21:51.225,ARDUINO_PSI,Arduino,0.000,0.000,12.748,,
162.643652,2026-03-10 18:21:51.325,ARDUINO_PSI,Arduino,0.000,0.000,12.744,,
162.744185,2026-03-10 18:21:51.426,ARDUINO_PSI,Arduino,0.000,0.000,12.730,,
162.775955,2026-03-10 18:21:51.458,WJ_VOLTAGE,WJ2,0.880,0.000,0,0,"HV=OFF, Fault=NO"
162.777738,2026-03-10 18:21:51.459,WJ_VOLTAGE,WJ1,1.075,0.000,0,0,"HV=OFF, Fault=NO"
162.844062,2026-03-10 18:21:51.526,ARDUINO_PSI,Arduino,0.000,0.000,12.719,,
162.943508,2026-03-10 18:21:51.625,ARDUINO_PSI,Arduino,0.000,0.000,12.698,,
163.043239,2026-03-10 18:21:51.725,ARDUINO_PSI,Arduino,0.000,0.000,12.698,,
163.143936,2026-03-10 18:21:51.826,ARDUINO_PSI,Arduino,0.000,0.000,12.705,,
163.243727,2026-03-10 18:21:51.925,ARDUINO_PSI,Arduino,0.000,0.000,12.705,,
163.306566,2026-03-10 18:21:51.988,WJ_VOLTAGE,WJ1,0.978,0.000,0,0,"HV=OFF, Fault=NO"
163.309470,2026-03-10 18:21:51.991,WJ_VOLTAGE,WJ2,0.782,0.000,0,0,"HV=OFF, Fault=NO"
163.343650,2026-03-10 18:21:52.025,ARDUINO_PSI,Arduino,0.000,0.000,12.719,,
163.444200,2026-03-10 18:21:52.126,ARDUINO_PSI,Arduino,0.000,0.000,12.735,,
163.544228,2026-03-10 18:21:52.226,ARDUINO_PSI,Arduino,0.000,0.000,12.748,,
163.643792,2026-03-10 18:21:52.325,ARDUINO_PSI,Arduino,0.000,0.000,12.755,,
163.743872,2026-03-10 18:21:52.426,ARDUINO_PSI,Arduino,0.000,0.000,12.755,,
163.823746,2026-03-10 18:21:52.505,WJ_VOLTAGE,WJ2,0.684,0.000,0,0,"HV=OFF, Fault=NO"
163.826586,2026-03-10 18:21:52.508,WJ_VOLTAGE,WJ1,0.880,0.000,0,0,"HV=OFF, Fault=NO"
163.843159,2026-03-10 18:21:52.525,ARDUINO_PSI,Arduino,0.000,0.000,12.760,,
163.943821,2026-03-10 18:21:52.625,ARDUINO_PSI,Arduino,0.000,0.000,12.760,,
164.043166,2026-03-10 18:21:52.725,ARDUINO_PSI,Arduino,0.000,0.000,12.762,,
164.143875,2026-03-10 18:21:52.826,ARDUINO_PSI,Arduino,0.000,0.000,12.769,,
164.243884,2026-03-10 18:21:52.926,ARDUINO_PSI,Arduino,0.000,0.000,12.760,,
164.343980,2026-03-10 18:21:53.026,ARDUINO_PSI,Arduino,0.000,0.000,12.762,,
164.353922,2026-03-10 18:21:53.036,WJ_VOLTAGE,WJ1,0.782,0.000,0,0,"HV=OFF, Fault=NO"
164.367990,2026-03-10 18:21:53.050,WJ_VOLTAGE,WJ2,0.587,0.000,0,0,"HV=OFF, Fault=NO"
164.443953,2026-03-10 18:21:53.126,ARDUINO_PSI,Arduino,0.000,0.000,12.771,,
164.543779,2026-03-10 18:21:53.225,ARDUINO_PSI,Arduino,0.000,0.000,12.769,,
164.643754,2026-03-10 18:21:53.325,ARDUINO_PSI,Arduino,0.000,0.000,12.785,,
164.744048,2026-03-10 18:21:53.426,ARDUINO_PSI,Arduino,0.000,0.000,12.783,,
164.843589,2026-03-10 18:21:53.525,ARDUINO_PSI,Arduino,0.000,0.000,12.785,,
164.882367,2026-03-10 18:21:53.564,WJ_VOLTAGE,WJ1,0.684,0.000,0,0,"HV=OFF, Fault=NO"
164.897446,2026-03-10 18:21:53.579,WJ_VOLTAGE,WJ2,0.489,0.000,0,0,"HV=OFF, Fault=NO"
164.943391,2026-03-10 18:21:53.625,ARDUINO_PSI,Arduino,0.000,0.000,12.790,,
165.043733,2026-03-10 18:21:53.725,ARDUINO_PSI,Arduino,0.000,0.000,12.801,,
165.143795,2026-03-10 18:21:53.825,ARDUINO_PSI,Arduino,0.000,0.000,12.790,,
165.243803,2026-03-10 18:21:53.925,ARDUINO_PSI,Arduino,0.000,0.000,12.794,,
165.343753,2026-03-10 18:21:54.025,ARDUINO_PSI,Arduino,0.000,0.000,12.794,,
165.414538,2026-03-10 18:21:54.096,WJ_VOLTAGE,WJ1,0.587,0.000,0,0,"HV=OFF, Fault=NO"
165.426180,2026-03-10 18:21:54.108,WJ_VOLTAGE,WJ2,0.489,0.000,0,0,"HV=OFF, Fault=NO"
165.443230,2026-03-10 18:21:54.125,ARDUINO_PSI,Arduino,0.000,0.000,12.780,,
165.543666,2026-03-10 18:21:54.225,ARDUINO_PSI,Arduino,0.000,0.000,12.780,,
165.643707,2026-03-10 18:21:54.325,ARDUINO_PSI,Arduino,0.000,0.000,12.764,,
165.743195,2026-03-10 18:21:54.425,ARDUINO_PSI,Arduino,0.000,0.000,12.767,,
165.843668,2026-03-10 18:21:54.525,ARDUINO_PSI,Arduino,0.000,0.000,12.758,,
165.944529,2026-03-10 18:21:54.626,ARDUINO_PSI,Arduino,0.000,0.000,12.748,,
165.946245,2026-03-10 18:21:54.628,WJ_VOLTAGE,WJ1,0.587,0.000,0,0,"HV=OFF, Fault=NO"
165.960485,2026-03-10 18:21:54.642,WJ_VOLTAGE,WJ2,0.391,0.000,0,0,"HV=OFF, Fault=NO"
166.044713,2026-03-10 18:21:54.726,ARDUINO_PSI,Arduino,0.000,0.000,12.755,,
166.143776,2026-03-10 18:21:54.825,ARDUINO_PSI,Arduino,0.000,0.000,12.746,,
166.243196,2026-03-10 18:21:54.925,ARDUINO_PSI,Arduino,0.000,0.000,12.769,,
166.343933,2026-03-10 18:21:55.026,ARDUINO_PSI,Arduino,0.000,0.000,12.767,,
166.443929,2026-03-10 18:21:55.126,ARDUINO_PSI,Arduino,0.000,0.000,12.762,,
166.475428,2026-03-10 18:21:55.157,WJ_VOLTAGE,WJ1,0.489,0.000,0,0,"HV=OFF, Fault=NO"
166.490545,2026-03-10 18:21:55.172,WJ_VOLTAGE,WJ2,0.391,0.000,0,0,"HV=OFF, Fault=NO"
166.543690,2026-03-10 18:21:55.225,ARDUINO_PSI,Arduino,0.000,0.000,12.760,,
166.644393,2026-03-10 18:21:55.326,ARDUINO_PSI,Arduino,0.000,0.000,12.744,,
166.744048,2026-03-10 18:21:55.426,ARDUINO_PSI,Arduino,0.000,0.000,12.751,,
166.843857,2026-03-10 18:21:55.526,ARDUINO_PSI,Arduino,0.000,0.000,12.751,,
166.944134,2026-03-10 18:21:55.626,ARDUINO_PSI,Arduino,0.000,0.000,12.748,,
167.006901,2026-03-10 18:21:55.689,WJ_VOLTAGE,WJ1,0.489,0.000,0,0,"HV=OFF, Fault=NO"
167.022384,2026-03-10 18:21:55.704,WJ_VOLTAGE,WJ2,0.293,0.000,0,0,"HV=OFF, Fault=NO"
167.043234,2026-03-10 18:21:55.725,ARDUINO_PSI,Arduino,0.000,0.000,12.742,,
167.143972,2026-03-10 18:21:55.826,ARDUINO_PSI,Arduino,0.000,0.000,12.762,,
167.243832,2026-03-10 18:21:55.925,ARDUINO_PSI,Arduino,0.000,0.000,12.755,,
167.343918,2026-03-10 18:21:56.026,ARDUINO_PSI,Arduino,0.000,0.000,12.744,,
167.443892,2026-03-10 18:21:56.126,ARDUINO_PSI,Arduino,0.000,0.000,12.753,,
167.536434,2026-03-10 18:21:56.218,WJ_VOLTAGE,WJ1,0.391,0.000,0,0,"HV=OFF, Fault=NO"
167.543725,2026-03-10 18:21:56.225,ARDUINO_PSI,Arduino,0.000,0.000,12.758,,
167.551904,2026-03-10 18:21:56.234,WJ_VOLTAGE,WJ2,0.293,0.000,0,0,"HV=OFF, Fault=NO"
167.643313,2026-03-10 18:21:56.325,ARDUINO_PSI,Arduino,0.000,0.000,12.778,,
167.743727,2026-03-10 18:21:56.425,ARDUINO_PSI,Arduino,0.000,0.000,12.778,,
167.843761,2026-03-10 18:21:56.525,ARDUINO_PSI,Arduino,0.000,0.000,12.780,,
167.943911,2026-03-10 18:21:56.626,ARDUINO_PSI,Arduino,0.000,0.000,12.780,,
168.044508,2026-03-10 18:21:56.726,ARDUINO_PSI,Arduino,0.000,0.000,12.767,,
168.070362,2026-03-10 18:21:56.752,WJ_VOLTAGE,WJ1,0.391,0.000,0,0,"HV=OFF, Fault=NO"
168.082658,2026-03-10 18:21:56.764,WJ_VOLTAGE,WJ2,0.293,0.000,0,0,"HV=OFF, Fault=NO"
168.144383,2026-03-10 18:21:56.826,ARDUINO_PSI,Arduino,0.000,0.000,12.783,,
168.243774,2026-03-10 18:21:56.925,ARDUINO_PSI,Arduino,0.000,0.000,12.776,,
168.343843,2026-03-10 18:21:57.025,ARDUINO_PSI,Arduino,0.000,0.000,12.787,,
168.443184,2026-03-10 18:21:57.125,ARDUINO_PSI,Arduino,0.000,0.000,12.783,,
168.543845,2026-03-10 18:21:57.225,ARDUINO_PSI,Arduino,0.000,0.000,12.780,,
168.598797,2026-03-10 18:21:57.280,WJ_VOLTAGE,WJ1,0.293,0.000,0,0,"HV=OFF, Fault=NO"
168.610656,2026-03-10 18:21:57.292,WJ_VOLTAGE,WJ2,0.293,0.000,0,0,"HV=OFF, Fault=NO"
168.643213,2026-03-10 18:21:57.325,ARDUINO_PSI,Arduino,0.000,0.000,12.787,,
168.743919,2026-03-10 18:21:57.426,ARDUINO_PSI,Arduino,0.000,0.000,12.783,,
168.844270,2026-03-10 18:21:57.526,ARDUINO_PSI,Arduino,0.000,0.000,12.783,,
168.943925,2026-03-10 18:21:57.626,ARDUINO_PSI,Arduino,0.000,0.000,12.787,,
169.043335,2026-03-10 18:21:57.725,ARDUINO_PSI,Arduino,0.000,0.000,12.787,,
169.125030,2026-03-10 18:21:57.807,WJ_VOLTAGE,WJ1,0.293,0.000,0,0,"HV=OFF, Fault=NO"
169.143351,2026-03-10 18:21:57.825,ARDUINO_PSI,Arduino,0.000,0.000,12.776,,
169.154620,2026-03-10 18:21:57.836,WJ_VOLTAGE,WJ2,0.196,0.000,0,0,"HV=OFF, Fault=NO"
169.243768,2026-03-10 18:21:57.925,ARDUINO_PSI,Arduino,0.000,0.000,12.769,,
169.343209,2026-03-10 18:21:58.025,ARDUINO_PSI,Arduino,0.000,0.000,12.764,,
169.443879,2026-03-10 18:21:58.126,ARDUINO_PSI,Arduino,0.000,0.000,12.751,,
169.544060,2026-03-10 18:21:58.226,ARDUINO_PSI,Arduino,0.000,0.000,12.737,,
169.643851,2026-03-10 18:21:58.326,ARDUINO_PSI,Arduino,0.000,0.000,12.723,,
169.654026,2026-03-10 18:21:58.336,WJ_VOLTAGE,WJ1,0.293,0.000,0,0,"HV=OFF, Fault=NO"
169.684086,2026-03-10 18:21:58.366,WJ_VOLTAGE,WJ2,0.196,0.000,0,0,"HV=OFF, Fault=NO"
169.743666,2026-03-10 18:21:58.425,ARDUINO_PSI,Arduino,0.000,0.000,12.721,,
169.843966,2026-03-10 18:21:58.526,ARDUINO_PSI,Arduino,0.000,0.000,12.721,,
169.943982,2026-03-10 18:21:58.626,ARDUINO_PSI,Arduino,0.000,0.000,12.732,,
170.043729,2026-03-10 18:21:58.725,ARDUINO_PSI,Arduino,0.000,0.000,12.737,,
170.143778,2026-03-10 18:21:58.825,ARDUINO_PSI,Arduino,0.000,0.000,12.719,,
170.182042,2026-03-10 18:21:58.864,WJ_VOLTAGE,WJ1,0.196,0.000,0,0,"HV=OFF, Fault=NO"
170.213009,2026-03-10 18:21:58.895,WJ_VOLTAGE,WJ2,0.196,0.000,0,0,"HV=OFF, Fault=NO"
170.243535,2026-03-10 18:21:58.925,ARDUINO_PSI,Arduino,0.000,0.000,12.719,,
170.343961,2026-03-10 18:21:59.026,ARDUINO_PSI,Arduino,0.000,0.000,12.703,,
170.443806,2026-03-10 18:21:59.125,ARDUINO_PSI,Arduino,0.000,0.000,12.700,,
170.543899,2026-03-10 18:21:59.226,ARDUINO_PSI,Arduino,0.000,0.000,12.707,,
170.643806,2026-03-10 18:21:59.325,ARDUINO_PSI,Arduino,0.000,0.000,12.705,,
170.713050,2026-03-10 18:21:59.395,WJ_VOLTAGE,WJ1,0.196,0.000,0,0,"HV=OFF, Fault=NO"
170.742526,2026-03-10 18:21:59.424,WJ_VOLTAGE,WJ2,0.196,0.000,0,0,"HV=OFF, Fault=NO"
170.748195,2026-03-10 18:21:59.430,ARDUINO_PSI,Arduino,0.000,0.000,12.705,,
170.843227,2026-03-10 18:21:59.525,ARDUINO_PSI,Arduino,0.000,0.000,12.714,,
170.943728,2026-03-10 18:21:59.625,ARDUINO_PSI,Arduino,0.000,0.000,12.707,,
171.043599,2026-03-10 18:21:59.725,ARDUINO_PSI,Arduino,0.000,0.000,12.703,,
171.144033,2026-03-10 18:21:59.826,ARDUINO_PSI,Arduino,0.000,0.000,12.700,,
171.243743,2026-03-10 18:21:59.925,ARDUINO_PSI,Arduino,0.000,0.000,12.712,,
171.257840,2026-03-10 18:21:59.939,WJ_VOLTAGE,WJ1,0.196,0.000,0,0,"HV=OFF, Fault=NO"
171.272612,2026-03-10 18:21:59.954,WJ_VOLTAGE,WJ2,0.196,0.000,0,0,"HV=OFF, Fault=NO"
171.343221,2026-03-10 18:22:00.025,ARDUINO_PSI,Arduino,0.000,0.000,12.710,,
171.443853,2026-03-10 18:22:00.126,ARDUINO_PSI,Arduino,0.000,0.000,12.714,,
171.543963,2026-03-10 18:22:00.226,ARDUINO_PSI,Arduino,0.000,0.000,12.719,,
171.643947,2026-03-10 18:22:00.326,ARDUINO_PSI,Arduino,0.000,0.000,12.716,,
171.743743,2026-03-10 18:22:00.425,ARDUINO_PSI,Arduino,0.000,0.000,12.721,,
171.787585,2026-03-10 18:22:00.469,WJ_VOLTAGE,WJ1,0.196,0.000,0,0,"HV=OFF, Fault=NO"
171.802044,2026-03-10 18:22:00.484,WJ_VOLTAGE,WJ2,0.098,0.000,0,0,"HV=OFF, Fault=NO"
171.843348,2026-03-10 18:22:00.525,ARDUINO_PSI,Arduino,0.000,0.000,12.723,,
171.944013,2026-03-10 18:22:00.626,ARDUINO_PSI,Arduino,0.000,0.000,12.728,,
172.044444,2026-03-10 18:22:00.726,ARDUINO_PSI,Arduino,0.000,0.000,12.735,,
172.143798,2026-03-10 18:22:00.825,ARDUINO_PSI,Arduino,0.000,0.000,12.753,,
172.243878,2026-03-10 18:22:00.926,ARDUINO_PSI,Arduino,0.000,0.000,12.742,,
172.319714,2026-03-10 18:22:01.001,WJ_VOLTAGE,WJ1,0.196,0.000,0,0,"HV=OFF, Fault=NO"
172.333344,2026-03-10 18:22:01.015,WJ_VOLTAGE,WJ2,0.098,0.000,0,0,"HV=OFF, Fault=NO"
172.343173,2026-03-10 18:22:01.025,ARDUINO_PSI,Arduino,0.000,0.000,12.739,,
172.443742,2026-03-10 18:22:01.125,ARDUINO_PSI,Arduino,0.000,0.000,12.739,,
172.543807,2026-03-10 18:22:01.225,ARDUINO_PSI,Arduino,0.000,0.000,12.730,,
172.644489,2026-03-10 18:22:01.326,ARDUINO_PSI,Arduino,0.000,0.000,12.721,,
172.743824,2026-03-10 18:22:01.425,ARDUINO_PSI,Arduino,0.000,0.000,12.726,,
172.843747,2026-03-10 18:22:01.525,ARDUINO_PSI,Arduino,0.000,0.000,12.723,,
172.846037,2026-03-10 18:22:01.528,WJ_VOLTAGE,WJ1,0.196,0.000,0,0,"HV=OFF, Fault=NO"
172.861820,2026-03-10 18:22:01.543,WJ_VOLTAGE,WJ2,0.098,0.000,0,0,"HV=OFF, Fault=NO"
172.943201,2026-03-10 18:22:01.625,ARDUINO_PSI,Arduino,0.000,0.000,12.735,,
173.044476,2026-03-10 18:22:01.726,ARDUINO_PSI,Arduino,0.000,0.000,12.742,,
173.143875,2026-03-10 18:22:01.826,ARDUINO_PSI,Arduino,0.000,0.000,12.732,,
173.243736,2026-03-10 18:22:01.925,ARDUINO_PSI,Arduino,0.000,0.000,12.735,,
173.343885,2026-03-10 18:22:02.026,ARDUINO_PSI,Arduino,0.000,0.000,12.737,,
173.379890,2026-03-10 18:22:02.062,WJ_VOLTAGE,WJ1,0.196,0.000,0,0,"HV=OFF, Fault=NO"
173.394916,2026-03-10 18:22:02.077,WJ_VOLTAGE,WJ2,0.098,0.000,0,0,"HV=OFF, Fault=NO"
173.443499,2026-03-10 18:22:02.125,ARDUINO_PSI,Arduino,0.000,0.000,12.732,,
173.543213,2026-03-10 18:22:02.225,ARDUINO_PSI,Arduino,0.000,0.000,12.739,,
173.643962,2026-03-10 18:22:02.326,ARDUINO_PSI,Arduino,0.000,0.000,12.735,,
173.743826,2026-03-10 18:22:02.425,ARDUINO_PSI,Arduino,0.000,0.000,12.728,,
173.843547,2026-03-10 18:22:02.525,ARDUINO_PSI,Arduino,0.000,0.000,12.723,,
173.906333,2026-03-10 18:22:02.588,WJ_VOLTAGE,WJ1,0.196,0.000,0,0,"HV=OFF, Fault=NO"
173.920634,2026-03-10 18:22:02.602,WJ_VOLTAGE,WJ2,0.098,0.000,0,0,"HV=OFF, Fault=NO"
173.943138,2026-03-10 18:22:02.625,ARDUINO_PSI,Arduino,0.000,0.000,12.721,,
174.044296,2026-03-10 18:22:02.726,ARDUINO_PSI,Arduino,0.000,0.000,12.723,,
174.143842,2026-03-10 18:22:02.825,ARDUINO_PSI,Arduino,0.000,0.000,12.712,,
174.243951,2026-03-10 18:22:02.926,ARDUINO_PSI,Arduino,0.000,0.000,12.710,,
174.343957,2026-03-10 18:22:03.026,ARDUINO_PSI,Arduino,0.000,0.000,12.719,,
174.433598,2026-03-10 18:22:03.115,WJ_VOLTAGE,WJ1,0.196,0.000,0,0,"HV=OFF, Fault=NO"
174.451335,2026-03-10 18:22:03.133,WJ_VOLTAGE,WJ2,0.098,0.000,0,0,"HV=OFF, Fault=NO"
174.452102,2026-03-10 18:22:03.134,ARDUINO_PSI,Arduino,0.000,0.000,12.726,,
174.543828,2026-03-10 18:22:03.225,ARDUINO_PSI,Arduino,0.000,0.000,12.732,,
174.643325,2026-03-10 18:22:03.325,ARDUINO_PSI,Arduino,0.000,0.000,12.746,,
174.744008,2026-03-10 18:22:03.426,ARDUINO_PSI,Arduino,0.000,0.000,12.746,,
174.843844,2026-03-10 18:22:03.525,ARDUINO_PSI,Arduino,0.000,0.000,12.742,,
174.943787,2026-03-10 18:22:03.625,ARDUINO_PSI,Arduino,0.000,0.000,12.723,,
174.962008,2026-03-10 18:22:03.644,WJ_VOLTAGE,WJ1,0.196,0.000,0,0,"HV=OFF, Fault=NO"
174.976612,2026-03-10 18:22:03.658,WJ_VOLTAGE,WJ2,0.098,0.000,0,0,"HV=OFF, Fault=NO"
175.043737,2026-03-10 18:22:03.725,ARDUINO_PSI,Arduino,0.000,0.000,12.721,,
175.143990,2026-03-10 18:22:03.826,ARDUINO_PSI,Arduino,0.000,0.000,12.730,,
175.243713,2026-03-10 18:22:03.925,ARDUINO_PSI,Arduino,0.000,0.000,12.732,,
175.343844,2026-03-10 18:22:04.025,ARDUINO_PSI,Arduino,0.000,0.000,12.742,,
175.444033,2026-03-10 18:22:04.126,ARDUINO_PSI,Arduino,0.000,0.000,12.751,,
175.490835,2026-03-10 18:22:04.172,WJ_VOLTAGE,WJ1,0.196,0.000,0,0,"HV=OFF, Fault=NO"
175.506026,2026-03-10 18:22:04.188,WJ_VOLTAGE,WJ2,0.098,0.000,0,0,"HV=OFF, Fault=NO"
175.543342,2026-03-10 18:22:04.225,ARDUINO_PSI,Arduino,0.000,0.000,12.737,,
175.644456,2026-03-10 18:22:04.326,ARDUINO_PSI,Arduino,0.000,0.000,12.751,,
175.743728,2026-03-10 18:22:04.425,ARDUINO_PSI,Arduino,0.000,0.000,12.755,,
175.843884,2026-03-10 18:22:04.526,ARDUINO_PSI,Arduino,0.000,0.000,12.760,,
175.943899,2026-03-10 18:22:04.626,ARDUINO_PSI,Arduino,0.000,0.000,12.758,,
176.014849,2026-03-10 18:22:04.696,WJ_VOLTAGE,WJ1,0.098,0.000,0,0,"HV=OFF, Fault=NO"
176.030631,2026-03-10 18:22:04.712,WJ_VOLTAGE,WJ2,0.098,0.000,0,0,"HV=OFF, Fault=NO"
176.043206,2026-03-10 18:22:04.725,ARDUINO_PSI,Arduino,0.000,0.000,12.742,,
176.143918,2026-03-10 18:22:04.826,ARDUINO_PSI,Arduino,0.000,0.000,12.753,,
176.243931,2026-03-10 18:22:04.926,ARDUINO_PSI,Arduino,0.000,0.000,12.760,,
176.343598,2026-03-10 18:22:05.025,ARDUINO_PSI,Arduino,0.000,0.000,12.762,,
176.443972,2026-03-10 18:22:05.126,ARDUINO_PSI,Arduino,0.000,0.000,12.762,,
176.543913,2026-03-10 18:22:05.226,ARDUINO_PSI,Arduino,0.000,0.000,12.774,,
176.549790,2026-03-10 18:22:05.231,WJ_VOLTAGE,WJ1,0.098,0.000,0,0,"HV=OFF, Fault=NO"
176.561078,2026-03-10 18:22:05.243,WJ_VOLTAGE,WJ2,0.098,0.000,0,0,"HV=OFF, Fault=NO"
176.643918,2026-03-10 18:22:05.326,ARDUINO_PSI,Arduino,0.000,0.000,12.760,,
176.744030,2026-03-10 18:22:05.426,ARDUINO_PSI,Arduino,0.000,0.000,12.746,,
176.843472,2026-03-10 18:22:05.525,ARDUINO_PSI,Arduino,0.000,0.000,12.751,,
176.943775,2026-03-10 18:22:05.625,ARDUINO_PSI,Arduino,0.000,0.000,12.758,,
177.043806,2026-03-10 18:22:05.725,ARDUINO_PSI,Arduino,0.000,0.000,12.764,,
177.078354,2026-03-10 18:22:05.760,WJ_VOLTAGE,WJ1,0.098,0.000,0,0,"HV=OFF, Fault=NO"
177.107397,2026-03-10 18:22:05.789,WJ_VOLTAGE,WJ2,0.098,0.000,0,0,"HV=OFF, Fault=NO"
177.143268,2026-03-10 18:22:05.825,ARDUINO_PSI,Arduino,0.000,0.000,12.767,,
177.243882,2026-03-10 18:22:05.926,ARDUINO_PSI,Arduino,0.000,0.000,12.758,,
177.343210,2026-03-10 18:22:06.025,ARDUINO_PSI,Arduino,0.000,0.000,12.767,,
177.443634,2026-03-10 18:22:06.125,ARDUINO_PSI,Arduino,0.000,0.000,12.762,,
177.543964,2026-03-10 18:22:06.226,ARDUINO_PSI,Arduino,0.000,0.000,12.764,,
177.605658,2026-03-10 18:22:06.287,WJ_VOLTAGE,WJ1,0.098,0.000,0,0,"HV=OFF, Fault=NO"
177.633946,2026-03-10 18:22:06.316,WJ_VOLTAGE,WJ2,0.000,0.000,0,0,"HV=OFF, Fault=NO"
177.643181,2026-03-10 18:22:06.325,ARDUINO_PSI,Arduino,0.000,0.000,12.751,,
177.743799,2026-03-10 18:22:06.425,ARDUINO_PSI,Arduino,0.000,0.000,12.758,,
177.843889,2026-03-10 18:22:06.526,ARDUINO_PSI,Arduino,0.000,0.000,12.755,,
177.943850,2026-03-10 18:22:06.626,ARDUINO_PSI,Arduino,0.000,0.000,12.746,,
178.043302,2026-03-10 18:22:06.725,ARDUINO_PSI,Arduino,0.000,0.000,12.755,,
178.134422,2026-03-10 18:22:06.816,WJ_VOLTAGE,WJ1,0.098,0.000,0,0,"HV=OFF, Fault=NO"
178.153004,2026-03-10 18:22:06.835,ARDUINO_PSI,Arduino,0.000,0.000,12.742,,
178.164783,2026-03-10 18:22:06.846,WJ_VOLTAGE,WJ2,0.000,0.000,0,0,"HV=OFF, Fault=NO"
178.243726,2026-03-10 18:22:06.925,ARDUINO_PSI,Arduino,0.000,0.000,12.748,,
178.343937,2026-03-10 18:22:07.026,ARDUINO_PSI,Arduino,0.000,0.000,12.751,,
178.443695,2026-03-10 18:22:07.125,ARDUINO_PSI,Arduino,0.000,0.000,12.755,,
178.543690,2026-03-10 18:22:07.225,ARDUINO_PSI,Arduino,0.000,0.000,12.751,,
178.643847,2026-03-10 18:22:07.326,ARDUINO_PSI,Arduino,0.000,0.000,12.762,,
178.665259,2026-03-10 18:22:07.347,WJ_VOLTAGE,WJ1,0.098,0.000,0,0,"HV=OFF, Fault=NO"
178.694847,2026-03-10 18:22:07.376,WJ_VOLTAGE,WJ2,0.000,0.000,0,0,"HV=OFF, Fault=NO"
178.743482,2026-03-10 18:22:07.425,ARDUINO_PSI,Arduino,0.000,0.000,12.780,,
178.844039,2026-03-10 18:22:07.526,ARDUINO_PSI,Arduino,0.000,0.000,12.783,,
178.943811,2026-03-10 18:22:07.625,ARDUINO_PSI,Arduino,0.000,0.000,12.790,,
179.043787,2026-03-10 18:22:07.725,ARDUINO_PSI,Arduino,0.000,0.000,12.794,,
179.144042,2026-03-10 18:22:07.826,ARDUINO_PSI,Arduino,0.000,0.000,12.790,,
179.194095,2026-03-10 18:22:07.876,WJ_VOLTAGE,WJ1,0.098,0.000,0,0,"HV=OFF, Fault=NO"
179.223844,2026-03-10 18:22:07.905,WJ_VOLTAGE,WJ2,0.000,0.000,0,0,"HV=OFF, Fault=NO"
179.243171,2026-03-10 18:22:07.925,ARDUINO_PSI,Arduino,0.000,0.000,12.796,,
179.344366,2026-03-10 18:22:08.026,ARDUINO_PSI,Arduino,0.000,0.000,12.780,,
179.443269,2026-03-10 18:22:08.125,ARDUINO_PSI,Arduino,0.000,0.000,12.783,,
179.543656,2026-03-10 18:22:08.225,ARDUINO_PSI,Arduino,0.000,0.000,12.780,,
179.643722,2026-03-10 18:22:08.325,ARDUINO_PSI,Arduino,0.000,0.000,12.783,,
179.720877,2026-03-10 18:22:08.403,WJ_VOLTAGE,WJ1,0.098,0.000,0,0,"HV=OFF, Fault=NO"
179.743384,2026-03-10 18:22:08.425,ARDUINO_PSI,Arduino,0.000,0.000,12.771,,
179.749368,2026-03-10 18:22:08.431,WJ_VOLTAGE,WJ2,0.000,0.000,0,0,"HV=OFF, Fault=NO"
179.843891,2026-03-10 18:22:08.526,ARDUINO_PSI,Arduino,0.000,0.000,12.771,,
179.943331,2026-03-10 18:22:08.625,ARDUINO_PSI,Arduino,0.000,0.000,12.792,,
180.043728,2026-03-10 18:22:08.725,ARDUINO_PSI,Arduino,0.000,0.000,12.785,,
180.143779,2026-03-10 18:22:08.825,ARDUINO_PSI,Arduino,0.000,0.000,12.799,,
180.244010,2026-03-10 18:22:08.926,ARDUINO_PSI,Arduino,0.000,0.000,12.787,,
180.249228,2026-03-10 18:22:08.931,WJ_VOLTAGE,WJ1,0.098,0.000,0,0,"HV=OFF, Fault=NO"
180.276131,2026-03-10 18:22:08.958,WJ_VOLTAGE,WJ2,0.000,0.000,0,0,"HV=OFF, Fault=NO"
180.343249,2026-03-10 18:22:09.025,ARDUINO_PSI,Arduino,0.000,0.000,12.778,,
180.443894,2026-03-10 18:22:09.126,ARDUINO_PSI,Arduino,0.000,0.000,12.774,,
180.543821,2026-03-10 18:22:09.225,ARDUINO_PSI,Arduino,0.000,0.000,12.778,,
180.643871,2026-03-10 18:22:09.326,ARDUINO_PSI,Arduino,0.000,0.000,12.774,,
180.743940,2026-03-10 18:22:09.426,ARDUINO_PSI,Arduino,0.000,0.000,12.767,,
180.776198,2026-03-10 18:22:09.458,WJ_VOLTAGE,WJ1,0.098,0.000,0,0,"HV=OFF, Fault=NO"
180.806921,2026-03-10 18:22:09.489,WJ_VOLTAGE,WJ2,0.000,0.000,0,0,"HV=OFF, Fault=NO"
180.843220,2026-03-10 18:22:09.525,ARDUINO_PSI,Arduino,0.000,0.000,12.769,,
180.943933,2026-03-10 18:22:09.626,ARDUINO_PSI,Arduino,0.000,0.000,12.771,,
181.043605,2026-03-10 18:22:09.725,ARDUINO_PSI,Arduino,0.000,0.000,12.758,,
181.144533,2026-03-10 18:22:09.826,ARDUINO_PSI,Arduino,0.000,0.000,12.753,,
181.243737,2026-03-10 18:22:09.925,ARDUINO_PSI,Arduino,0.000,0.000,12.760,,
181.305600,2026-03-10 18:22:09.987,WJ_VOLTAGE,WJ1,0.098,0.000,0,0,"HV=OFF, Fault=NO"
181.335809,2026-03-10 18:22:10.017,WJ_VOLTAGE,WJ2,0.000,0.000,0,0,"HV=OFF, Fault=NO"
181.344031,2026-03-10 18:22:10.026,ARDUINO_PSI,Arduino,0.000,0.000,12.762,,
181.443679,2026-03-10 18:22:10.125,ARDUINO_PSI,Arduino,0.000,0.000,12.767,,
181.543701,2026-03-10 18:22:10.225,ARDUINO_PSI,Arduino,0.000,0.000,12.769,,
181.643929,2026-03-10 18:22:10.326,ARDUINO_PSI,Arduino,0.000,0.000,12.771,,
181.744061,2026-03-10 18:22:10.426,ARDUINO_PSI,Arduino,0.000,0.000,12.767,,
181.835022,2026-03-10 18:22:10.517,WJ_VOLTAGE,WJ1,0.098,0.000,0,0,"HV=OFF, Fault=NO"
181.847093,2026-03-10 18:22:10.529,ARDUINO_PSI,Arduino,0.000,0.000,12.758,,
181.864722,2026-03-10 18:22:10.546,WJ_VOLTAGE,WJ2,0.000,0.000,0,0,"HV=OFF, Fault=NO"
181.944110,2026-03-10 18:22:10.626,ARDUINO_PSI,Arduino,0.000,0.000,12.746,,
182.044436,2026-03-10 18:22:10.726,ARDUINO_PSI,Arduino,0.000,0.000,12.755,,
182.144037,2026-03-10 18:22:10.826,ARDUINO_PSI,Arduino,0.000,0.000,12.739,,
182.243830,2026-03-10 18:22:10.925,ARDUINO_PSI,Arduino,0.000,0.000,12.737,,
182.343819,2026-03-10 18:22:11.025,ARDUINO_PSI,Arduino,0.000,0.000,12.737,,
182.365415,2026-03-10 18:22:11.047,WJ_VOLTAGE,WJ1,0.098,0.000,0,0,"HV=OFF, Fault=NO"
182.393295,2026-03-10 18:22:11.075,WJ_VOLTAGE,WJ2,0.000,0.000,0,0,"HV=OFF, Fault=NO"
182.443127,2026-03-10 18:22:11.125,ARDUINO_PSI,Arduino,0.000,0.000,12.744,,
182.543420,2026-03-10 18:22:11.225,ARDUINO_PSI,Arduino,0.000,0.000,12.730,,
182.643318,2026-03-10 18:22:11.325,ARDUINO_PSI,Arduino,0.000,0.000,12.728,,
182.743888,2026-03-10 18:22:11.426,ARDUINO_PSI,Arduino,0.000,0.000,12.730,,
182.844574,2026-03-10 18:22:11.526,ARDUINO_PSI,Arduino,0.000,0.000,12.716,,
182.890826,2026-03-10 18:22:11.572,WJ_VOLTAGE,WJ1,0.098,0.000,0,0,"HV=OFF, Fault=NO"
182.921120,2026-03-10 18:22:11.603,WJ_VOLTAGE,WJ2,0.000,0.000,0,0,"HV=OFF, Fault=NO"
182.943297,2026-03-10 18:22:11.625,ARDUINO_PSI,Arduino,0.000,0.000,12.700,,
183.044920,2026-03-10 18:22:11.727,ARDUINO_PSI,Arduino,0.000,0.000,12.707,,
183.144007,2026-03-10 18:22:11.826,ARDUINO_PSI,Arduino,0.000,0.000,12.716,,
183.244026,2026-03-10 18:22:11.926,ARDUINO_PSI,Arduino,0.000,0.000,12.707,,
183.343782,2026-03-10 18:22:12.025,ARDUINO_PSI,Arduino,0.000,0.000,12.705,,
183.419257,2026-03-10 18:22:12.101,WJ_VOLTAGE,WJ1,0.098,0.000,0,0,"HV=OFF, Fault=NO"
183.443212,2026-03-10 18:22:12.125,ARDUINO_PSI,Arduino,0.000,0.000,12.696,,
183.448558,2026-03-10 18:22:12.130,WJ_VOLTAGE,WJ2,0.000,0.000,0,0,"HV=OFF, Fault=NO"
183.543533,2026-03-10 18:22:12.225,ARDUINO_PSI,Arduino,0.000,0.000,12.705,,
183.643848,2026-03-10 18:22:12.326,ARDUINO_PSI,Arduino,0.000,0.000,12.705,,
183.743783,2026-03-10 18:22:12.425,ARDUINO_PSI,Arduino,0.000,0.000,12.707,,
183.844104,2026-03-10 18:22:12.526,ARDUINO_PSI,Arduino,0.000,0.000,12.710,,
183.943881,2026-03-10 18:22:12.626,ARDUINO_PSI,Arduino,0.000,0.000,12.716,,
183.950583,2026-03-10 18:22:12.632,WJ_VOLTAGE,WJ1,0.000,0.000,0,0,"HV=OFF, Fault=NO"
183.980971,2026-03-10 18:22:12.663,WJ_VOLTAGE,WJ2,0.000,0.000,0,0,"HV=OFF, Fault=NO"
184.043186,2026-03-10 18:22:12.725,ARDUINO_PSI,Arduino,0.000,0.000,12.712,,
184.143874,2026-03-10 18:22:12.826,ARDUINO_PSI,Arduino,0.000,0.000,12.723,,
184.244040,2026-03-10 18:22:12.926,ARDUINO_PSI,Arduino,0.000,0.000,12.732,,
184.343981,2026-03-10 18:22:13.026,ARDUINO_PSI,Arduino,0.000,0.000,12.730,,
184.443824,2026-03-10 18:22:13.125,ARDUINO_PSI,Arduino,0.000,0.000,12.723,,
184.482310,2026-03-10 18:22:13.164,WJ_VOLTAGE,WJ1,0.098,0.000,0,0,"HV=OFF, Fault=NO"
184.510288,2026-03-10 18:22:13.192,WJ_VOLTAGE,WJ2,0.000,0.000,0,0,"HV=OFF, Fault=NO"
184.543214,2026-03-10 18:22:13.225,ARDUINO_PSI,Arduino,0.000,0.000,12.719,,
184.644133,2026-03-10 18:22:13.326,ARDUINO_PSI,Arduino,0.000,0.000,12.714,,
184.743721,2026-03-10 18:22:13.425,ARDUINO_PSI,Arduino,0.000,0.000,12.707,,
184.843950,2026-03-10 18:22:13.526,ARDUINO_PSI,Arduino,0.000,0.000,12.716,,
184.943928,2026-03-10 18:22:13.626,ARDUINO_PSI,Arduino,0.000,0.000,12.728,,
185.010149,2026-03-10 18:22:13.692,WJ_VOLTAGE,WJ1,0.098,0.000,0,0,"HV=OFF, Fault=NO"
185.039949,2026-03-10 18:22:13.722,WJ_VOLTAGE,WJ2,0.000,0.000,0,0,"HV=OFF, Fault=NO"
185.047150,2026-03-10 18:22:13.729,ARDUINO_PSI,Arduino,0.000,0.000,12.737,,
185.143964,2026-03-10 18:22:13.826,ARDUINO_PSI,Arduino,0.000,0.000,12.748,,
185.244003,2026-03-10 18:22:13.926,ARDUINO_PSI,Arduino,0.000,0.000,12.751,,
185.343202,2026-03-10 18:22:14.025,ARDUINO_PSI,Arduino,0.000,0.000,12.753,,
185.443868,2026-03-10 18:22:14.126,ARDUINO_PSI,Arduino,0.000,0.000,12.755,,
185.540773,2026-03-10 18:22:14.222,WJ_VOLTAGE,WJ1,0.000,0.000,0,0,"HV=OFF, Fault=NO"
185.555986,2026-03-10 18:22:14.238,ARDUINO_PSI,Arduino,0.000,0.000,12.753,,
185.570278,2026-03-10 18:22:14.252,WJ_VOLTAGE,WJ2,0.000,0.000,0,0,"HV=OFF, Fault=NO"
185.643996,2026-03-10 18:22:14.326,ARDUINO_PSI,Arduino,0.000,0.000,12.758,,
185.743406,2026-03-10 18:22:14.425,ARDUINO_PSI,Arduino,0.000,0.000,12.774,,
185.843934,2026-03-10 18:22:14.526,ARDUINO_PSI,Arduino,0.000,0.000,12.771,,
185.944113,2026-03-10 18:22:14.626,ARDUINO_PSI,Arduino,0.000,0.000,12.776,,
186.044415,2026-03-10 18:22:14.726,ARDUINO_PSI,Arduino,0.000,0.000,12.785,,
186.068949,2026-03-10 18:22:14.751,WJ_VOLTAGE,WJ1,0.000,0.000,0,0,"HV=OFF, Fault=NO"
186.099600,2026-03-10 18:22:14.781,WJ_VOLTAGE,WJ2,0.000,0.000,0,0,"HV=OFF, Fault=NO"
186.143818,2026-03-10 18:22:14.825,ARDUINO_PSI,Arduino,0.000,0.000,12.780,,
186.243971,2026-03-10 18:22:14.926,ARDUINO_PSI,Arduino,0.000,0.000,12.776,,
186.343817,2026-03-10 18:22:15.025,ARDUINO_PSI,Arduino,0.000,0.000,12.778,,
186.444484,2026-03-10 18:22:15.126,ARDUINO_PSI,Arduino,0.000,0.000,12.780,,
186.543738,2026-03-10 18:22:15.225,ARDUINO_PSI,Arduino,0.000,0.000,12.794,,
186.600348,2026-03-10 18:22:15.282,WJ_VOLTAGE,WJ1,0.000,0.000,0,0,"HV=OFF, Fault=NO"
186.631002,2026-03-10 18:22:15.313,WJ_VOLTAGE,WJ2,0.000,0.000,0,0,"HV=OFF, Fault=NO"
186.643184,2026-03-10 18:22:15.325,ARDUINO_PSI,Arduino,0.000,0.000,12.801,,
186.743387,2026-03-10 18:22:15.425,ARDUINO_PSI,Arduino,0.000,0.000,12.808,,
186.843842,2026-03-10 18:22:15.525,ARDUINO_PSI,Arduino,0.000,0.000,12.803,,
186.943850,2026-03-10 18:22:15.625,ARDUINO_PSI,Arduino,0.000,0.000,12.801,,
187.043851,2026-03-10 18:22:15.726,ARDUINO_PSI,Arduino,0.000,0.000,12.785,,
187.131676,2026-03-10 18:22:15.813,WJ_VOLTAGE,WJ1,0.000,0.000,0,0,"HV=OFF, Fault=NO"
187.143387,2026-03-10 18:22:15.825,ARDUINO_PSI,Arduino,0.000,0.000,12.780,,
187.161936,2026-03-10 18:22:15.844,WJ_VOLTAGE,WJ2,0.000,0.000,0,0,"HV=OFF, Fault=NO"
187.243964,2026-03-10 18:22:15.926,ARDUINO_PSI,Arduino,0.000,0.000,12.771,,
187.343782,2026-03-10 18:22:16.025,ARDUINO_PSI,Arduino,0.000,0.000,12.778,,
187.443856,2026-03-10 18:22:16.126,ARDUINO_PSI,Arduino,0.000,0.000,12.780,,
187.543752,2026-03-10 18:22:16.225,ARDUINO_PSI,Arduino,0.000,0.000,12.783,,
187.643846,2026-03-10 18:22:16.326,ARDUINO_PSI,Arduino,0.000,0.000,12.780,,
187.659564,2026-03-10 18:22:16.341,WJ_VOLTAGE,WJ1,0.000,0.000,0,0,"HV=OFF, Fault=NO"
187.689891,2026-03-10 18:22:16.372,WJ_VOLTAGE,WJ2,0.000,0.000,0,0,"HV=OFF, Fault=NO"
187.743633,2026-03-10 18:22:16.425,ARDUINO_PSI,Arduino,0.000,0.000,12.767,,
187.844167,2026-03-10 18:22:16.526,ARDUINO_PSI,Arduino,0.000,0.000,12.780,,
187.943776,2026-03-10 18:22:16.625,ARDUINO_PSI,Arduino,0.000,0.000,12.769,,
188.043244,2026-03-10 18:22:16.725,ARDUINO_PSI,Arduino,0.000,0.000,12.774,,
188.143415,2026-03-10 18:22:16.825,ARDUINO_PSI,Arduino,0.000,0.000,12.774,,
188.188962,2026-03-10 18:22:16.871,WJ_VOLTAGE,WJ1,0.000,0.000,0,0,"HV=OFF, Fault=NO"
188.217379,2026-03-10 18:22:16.899,WJ_VOLTAGE,WJ2,0.000,0.000,0,0,"HV=OFF, Fault=NO"
188.243401,2026-03-10 18:22:16.925,ARDUINO_PSI,Arduino,0.000,0.000,12.778,,
188.344063,2026-03-10 18:22:17.026,ARDUINO_PSI,Arduino,0.000,0.000,12.780,,
188.443938,2026-03-10 18:22:17.126,ARDUINO_PSI,Arduino,0.000,0.000,12.776,,
188.543776,2026-03-10 18:22:17.225,ARDUINO_PSI,Arduino,0.000,0.000,12.764,,
188.643779,2026-03-10 18:22:17.325,ARDUINO_PSI,Arduino,0.000,0.000,12.771,,
188.716277,2026-03-10 18:22:17.398,WJ_VOLTAGE,WJ1,0.000,0.000,0,0,"HV=OFF, Fault=NO"
188.743318,2026-03-10 18:22:17.425,ARDUINO_PSI,Arduino,0.000,0.000,12.767,,
188.745226,2026-03-10 18:22:17.427,WJ_VOLTAGE,WJ2,0.000,0.000,0,0,"HV=OFF, Fault=NO"
188.843838,2026-03-10 18:22:17.525,ARDUINO_PSI,Arduino,0.000,0.000,12.774,,
188.943853,2026-03-10 18:22:17.626,ARDUINO_PSI,Arduino,0.000,0.000,12.771,,
189.043479,2026-03-10 18:22:17.725,ARDUINO_PSI,Arduino,0.000,0.000,12.778,,
189.143872,2026-03-10 18:22:17.826,ARDUINO_PSI,Arduino,0.000,0.000,12.776,,
189.243793,2026-03-10 18:22:17.925,ARDUINO_PSI,Arduino,0.000,0.000,12.792,,
189.250463,2026-03-10 18:22:17.932,WJ_VOLTAGE,WJ1,0.000,0.000,0,0,"HV=OFF, Fault=NO"
189.277956,2026-03-10 18:22:17.960,WJ_VOLTAGE,WJ2,0.000,0.000,0,0,"HV=OFF, Fault=NO"
189.343548,2026-03-10 18:22:18.025,ARDUINO_PSI,Arduino,0.000,0.000,12.787,,
189.444087,2026-03-10 18:22:18.126,ARDUINO_PSI,Arduino,0.000,0.000,12.787,,
189.543809,2026-03-10 18:22:18.225,ARDUINO_PSI,Arduino,0.000,0.000,12.785,,
189.643740,2026-03-10 18:22:18.325,ARDUINO_PSI,Arduino,0.000,0.000,12.792,,
189.743844,2026-03-10 18:22:18.425,ARDUINO_PSI,Arduino,0.000,0.000,12.801,,
189.774073,2026-03-10 18:22:18.456,WJ_VOLTAGE,WJ1,0.000,0.000,0,0,"HV=OFF, Fault=NO"
189.805772,2026-03-10 18:22:18.487,WJ_VOLTAGE,WJ2,0.000,0.000,0,0,"HV=OFF, Fault=NO"
189.843879,2026-03-10 18:22:18.526,ARDUINO_PSI,Arduino,0.000,0.000,12.799,,
189.943703,2026-03-10 18:22:18.625,ARDUINO_PSI,Arduino,0.000,0.000,12.787,,
190.044501,2026-03-10 18:22:18.726,ARDUINO_PSI,Arduino,0.000,0.000,12.780,,
190.143871,2026-03-10 18:22:18.826,ARDUINO_PSI,Arduino,0.000,0.000,12.776,,
190.243875,2026-03-10 18:22:18.926,ARDUINO_PSI,Arduino,0.000,0.000,12.776,,
190.303360,2026-03-10 18:22:18.985,WJ_VOLTAGE,WJ1,0.000,0.000,0,0,"HV=OFF, Fault=NO"
190.333955,2026-03-10 18:22:19.016,WJ_VOLTAGE,WJ2,0.000,0.000,0,0,"HV=OFF, Fault=NO"
190.343144,2026-03-10 18:22:19.025,ARDUINO_PSI,Arduino,0.000,0.000,12.774,,
190.443791,2026-03-10 18:22:19.125,ARDUINO_PSI,Arduino,0.000,0.000,12.774,,
190.543709,2026-03-10 18:22:19.225,ARDUINO_PSI,Arduino,0.000,0.000,12.778,,
190.643283,2026-03-10 18:22:19.325,ARDUINO_PSI,Arduino,0.000,0.000,12.769,,
190.744429,2026-03-10 18:22:19.426,ARDUINO_PSI,Arduino,0.000,0.000,12.769,,
190.832689,2026-03-10 18:22:19.514,WJ_VOLTAGE,WJ1,0.000,0.000,0,0,"HV=OFF, Fault=NO"
190.843046,2026-03-10 18:22:19.525,ARDUINO_PSI,Arduino,0.000,0.000,12.771,,
190.864131,2026-03-10 18:22:19.546,WJ_VOLTAGE,WJ2,0.000,0.000,0,0,"HV=OFF, Fault=NO"
190.943985,2026-03-10 18:22:19.626,ARDUINO_PSI,Arduino,0.000,0.000,12.774,,
191.043819,2026-03-10 18:22:19.725,ARDUINO_PSI,Arduino,0.000,0.000,12.778,,
191.144113,2026-03-10 18:22:19.826,ARDUINO_PSI,Arduino,0.000,0.000,12.771,,
191.244788,2026-03-10 18:22:19.926,ARDUINO_PSI,Arduino,0.000,0.000,12.760,,
191.344312,2026-03-10 18:22:20.026,ARDUINO_PSI,Arduino,0.000,0.000,12.751,,
191.366001,2026-03-10 18:22:20.048,WJ_VOLTAGE,WJ1,0.000,0.000,0,0,"HV=OFF, Fault=NO"
191.378475,2026-03-10 18:22:20.060,WJ_VOLTAGE,WJ2,0.000,0.000,0,0,"HV=OFF, Fault=NO"
191.444174,2026-03-10 18:22:20.126,ARDUINO_PSI,Arduino,0.000,0.000,12.744,,
191.543813,2026-03-10 18:22:20.225,ARDUINO_PSI,Arduino,0.000,0.000,12.737,,
191.644867,2026-03-10 18:22:20.327,ARDUINO_PSI,Arduino,0.000,0.000,12.728,,
191.743700,2026-03-10 18:22:20.425,ARDUINO_PSI,Arduino,0.000,0.000,12.728,,
191.844634,2026-03-10 18:22:20.526,ARDUINO_PSI,Arduino,0.000,0.000,12.719,,
191.912260,2026-03-10 18:22:20.594,WJ_VOLTAGE,WJ2,0.000,0.000,0,0,"HV=OFF, Fault=NO"
191.916047,2026-03-10 18:22:20.598,WJ_VOLTAGE,WJ1,0.000,0.000,0,0,"HV=OFF, Fault=NO"
191.943492,2026-03-10 18:22:20.625,ARDUINO_PSI,Arduino,0.000,0.000,12.735,,
192.044149,2026-03-10 18:22:20.726,ARDUINO_PSI,Arduino,0.000,0.000,12.732,,
192.144482,2026-03-10 18:22:20.826,ARDUINO_PSI,Arduino,0.000,0.000,12.746,,
192.244998,2026-03-10 18:22:20.927,ARDUINO_PSI,Arduino,0.000,0.000,12.742,,
192.344730,2026-03-10 18:22:21.026,ARDUINO_PSI,Arduino,0.000,0.000,12.746,,
192.438966,2026-03-10 18:22:21.121,WJ_VOLTAGE,WJ1,0.000,0.000,0,0,"HV=OFF, Fault=NO"
192.443358,2026-03-10 18:22:21.125,WJ_VOLTAGE,WJ2,0.000,0.000,0,0,"HV=OFF, Fault=NO"
192.453940,2026-03-10 18:22:21.136,ARDUINO_PSI,Arduino,0.000,0.000,12.753,,
192.543573,2026-03-10 18:22:21.225,ARDUINO_PSI,Arduino,0.000,0.000,12.744,,
192.643286,2026-03-10 18:22:21.325,ARDUINO_PSI,Arduino,0.000,0.000,12.742,,
192.743780,2026-03-10 18:22:21.425,ARDUINO_PSI,Arduino,0.000,0.000,12.735,,
192.843302,2026-03-10 18:22:21.525,ARDUINO_PSI,Arduino,0.000,0.000,12.732,,
192.944792,2026-03-10 18:22:21.626,ARDUINO_PSI,Arduino,0.000,0.000,12.735,,
192.965582,2026-03-10 18:22:21.647,WJ_VOLTAGE,WJ1,0.000,0.000,0,0,"HV=OFF, Fault=NO"
192.968235,2026-03-10 18:22:21.650,WJ_VOLTAGE,WJ2,0.000,0.000,0,0,"HV=OFF, Fault=NO"
193.044489,2026-03-10 18:22:21.726,ARDUINO_PSI,Arduino,0.000,0.000,12.728,,
193.143999,2026-03-10 18:22:21.826,ARDUINO_PSI,Arduino,0.000,0.000,12.735,,
193.243833,2026-03-10 18:22:21.925,ARDUINO_PSI,Arduino,0.000,0.000,12.735,,
193.343862,2026-03-10 18:22:22.026,ARDUINO_PSI,Arduino,0.000,0.000,12.735,,
193.443967,2026-03-10 18:22:22.126,ARDUINO_PSI,Arduino,0.000,0.000,12.737,,
193.494472,2026-03-10 18:22:22.176,WJ_VOLTAGE,WJ1,0.000,0.000,0,0,"HV=OFF, Fault=NO"
193.498188,2026-03-10 18:22:22.180,WJ_VOLTAGE,WJ2,0.000,0.000,0,0,"HV=OFF, Fault=NO"
193.543730,2026-03-10 18:22:22.225,ARDUINO_PSI,Arduino,0.000,0.000,12.748,,
193.644233,2026-03-10 18:22:22.326,ARDUINO_PSI,Arduino,0.000,0.000,12.751,,
193.744148,2026-03-10 18:22:22.426,ARDUINO_PSI,Arduino,0.000,0.000,12.758,,
193.844202,2026-03-10 18:22:22.526,ARDUINO_PSI,Arduino,0.000,0.000,12.753,,
193.944681,2026-03-10 18:22:22.626,ARDUINO_PSI,Arduino,0.000,0.000,12.742,,
194.023712,2026-03-10 18:22:22.705,WJ_VOLTAGE,WJ1,0.000,0.000,0,0,"HV=OFF, Fault=NO"
194.024993,2026-03-10 18:22:22.707,WJ_VOLTAGE,WJ2,0.000,0.000,0,0,"HV=OFF, Fault=NO"
194.043254,2026-03-10 18:22:22.725,ARDUINO_PSI,Arduino,0.000,0.000,12.742,,
194.144027,2026-03-10 18:22:22.826,ARDUINO_PSI,Arduino,0.000,0.000,12.730,,
194.243606,2026-03-10 18:22:22.925,ARDUINO_PSI,Arduino,0.000,0.000,12.728,,
194.344049,2026-03-10 18:22:23.026,ARDUINO_PSI,Arduino,0.000,0.000,12.719,,
194.444723,2026-03-10 18:22:23.126,ARDUINO_PSI,Arduino,0.000,0.000,12.710,,
194.543917,2026-03-10 18:22:23.226,ARDUINO_PSI,Arduino,0.000,0.000,12.712,,
194.551831,2026-03-10 18:22:23.233,WJ_VOLTAGE,WJ1,0.000,0.000,0,0,"HV=OFF, Fault=NO"
194.564745,2026-03-10 18:22:23.246,WJ_VOLTAGE,WJ2,0.000,0.000,0,0,"HV=OFF, Fault=NO"
194.644115,2026-03-10 18:22:23.326,ARDUINO_PSI,Arduino,0.000,0.000,12.716,,
194.743961,2026-03-10 18:22:23.426,ARDUINO_PSI,Arduino,0.000,0.000,12.723,,
194.843936,2026-03-10 18:22:23.526,ARDUINO_PSI,Arduino,0.000,0.000,12.714,,
194.945071,2026-03-10 18:22:23.627,ARDUINO_PSI,Arduino,0.000,0.000,12.700,,
195.044190,2026-03-10 18:22:23.726,ARDUINO_PSI,Arduino,0.000,0.000,12.712,,
195.069871,2026-03-10 18:22:23.752,WJ_VOLTAGE,WJ1,0.000,0.000,0,0,"HV=OFF, Fault=NO"
195.084079,2026-03-10 18:22:23.766,WJ_VOLTAGE,WJ2,0.000,0.000,0,0,"HV=OFF, Fault=NO"
195.143924,2026-03-10 18:22:23.826,ARDUINO_PSI,Arduino,0.000,0.000,12.710,,
195.243229,2026-03-10 18:22:23.925,ARDUINO_PSI,Arduino,0.000,0.000,12.712,,
195.343423,2026-03-10 18:22:24.025,ARDUINO_PSI,Arduino,0.000,0.000,12.728,,
195.444832,2026-03-10 18:22:24.126,ARDUINO_PSI,Arduino,0.000,0.000,12.739,,
195.544033,2026-03-10 18:22:24.226,ARDUINO_PSI,Arduino,0.000,0.000,12.739,,
195.601735,2026-03-10 18:22:24.283,WJ_VOLTAGE,WJ1,0.000,0.000,0,0,"HV=OFF, Fault=NO"
195.616151,2026-03-10 18:22:24.298,WJ_VOLTAGE,WJ2,0.000,0.000,0,0,"HV=OFF, Fault=NO"
195.643475,2026-03-10 18:22:24.325,ARDUINO_PSI,Arduino,0.000,0.000,12.732,,
195.743863,2026-03-10 18:22:24.426,ARDUINO_PSI,Arduino,0.000,0.000,12.723,,
195.844266,2026-03-10 18:22:24.526,ARDUINO_PSI,Arduino,0.000,0.000,12.735,,
195.944011,2026-03-10 18:22:24.626,ARDUINO_PSI,Arduino,0.000,0.000,12.730,,
196.044968,2026-03-10 18:22:24.727,ARDUINO_PSI,Arduino,0.000,0.000,12.742,,
196.128779,2026-03-10 18:22:24.810,WJ_VOLTAGE,WJ1,0.000,0.000,0,0,"HV=OFF, Fault=NO"
196.141943,2026-03-10 18:22:24.824,WJ_VOLTAGE,WJ2,0.000,0.000,0,0,"HV=OFF, Fault=NO"
196.148834,2026-03-10 18:22:24.830,ARDUINO_PSI,Arduino,0.000,0.000,12.755,,
196.244085,2026-03-10 18:22:24.926,ARDUINO_PSI,Arduino,0.000,0.000,12.764,,
196.344210,2026-03-10 18:22:25.026,ARDUINO_PSI,Arduino,0.000,0.000,12.771,,
196.443993,2026-03-10 18:22:25.126,ARDUINO_PSI,Arduino,0.000,0.000,12.780,,
196.544731,2026-03-10 18:22:25.226,ARDUINO_PSI,Arduino,0.000,0.000,12.790,,
196.644470,2026-03-10 18:22:25.326,ARDUINO_PSI,Arduino,0.000,0.000,12.792,,
196.657374,2026-03-10 18:22:25.339,WJ_VOLTAGE,WJ1,0.000,0.000,0,0,"HV=OFF, Fault=NO"
196.672173,2026-03-10 18:22:25.354,WJ_VOLTAGE,WJ2,0.000,0.000,0,0,"HV=OFF, Fault=NO"
196.744121,2026-03-10 18:22:25.426,ARDUINO_PSI,Arduino,0.000,0.000,12.792,,
196.844638,2026-03-10 18:22:25.526,ARDUINO_PSI,Arduino,0.000,0.000,12.799,,
196.944767,2026-03-10 18:22:25.626,ARDUINO_PSI,Arduino,0.000,0.000,12.808,,
197.043982,2026-03-10 18:22:25.726,ARDUINO_PSI,Arduino,0.000,0.000,12.803,,
197.143879,2026-03-10 18:22:25.826,ARDUINO_PSI,Arduino,0.000,0.000,12.794,,
197.185896,2026-03-10 18:22:25.868,WJ_VOLTAGE,WJ1,0.000,0.000,0,0,"HV=OFF, Fault=NO"
197.200588,2026-03-10 18:22:25.882,WJ_VOLTAGE,WJ2,0.000,0.000,0,0,"HV=OFF, Fault=NO"
197.243341,2026-03-10 18:22:25.925,ARDUINO_PSI,Arduino,0.000,0.000,12.801,,
197.343764,2026-03-10 18:22:26.025,ARDUINO_PSI,Arduino,0.000,0.000,12.794,,
197.443904,2026-03-10 18:22:26.126,ARDUINO_PSI,Arduino,0.000,0.000,12.776,,
197.543249,2026-03-10 18:22:26.225,ARDUINO_PSI,Arduino,0.000,0.000,12.764,,
197.644112,2026-03-10 18:22:26.326,ARDUINO_PSI,Arduino,0.000,0.000,12.774,,
197.720839,2026-03-10 18:22:26.402,WJ_VOLTAGE,WJ2,0.000,0.000,0,0,"HV=OFF, Fault=NO"
197.724552,2026-03-10 18:22:26.406,WJ_VOLTAGE,WJ1,0.000,0.000,0,0,"HV=OFF, Fault=NO"
197.743535,2026-03-10 18:22:26.425,ARDUINO_PSI,Arduino,0.000,0.000,12.778,,
197.844098,2026-03-10 18:22:26.526,ARDUINO_PSI,Arduino,0.000,0.000,12.764,,
197.944838,2026-03-10 18:22:26.626,ARDUINO_PSI,Arduino,0.000,0.000,12.780,,
198.044370,2026-03-10 18:22:26.726,ARDUINO_PSI,Arduino,0.000,0.000,12.767,,
198.144663,2026-03-10 18:22:26.826,ARDUINO_PSI,Arduino,0.000,0.000,12.767,,
198.244023,2026-03-10 18:22:26.926,ARDUINO_PSI,Arduino,0.000,0.000,12.771,,
198.252250,2026-03-10 18:22:26.934,WJ_VOLTAGE,WJ1,0.000,0.000,0,0,"HV=OFF, Fault=NO"
198.254859,2026-03-10 18:22:26.937,WJ_VOLTAGE,WJ2,0.000,0.000,0,0,"HV=OFF, Fault=NO"
198.344021,2026-03-10 18:22:27.026,ARDUINO_PSI,Arduino,0.000,0.000,12.769,,
198.444756,2026-03-10 18:22:27.126,ARDUINO_PSI,Arduino,0.000,0.000,12.760,,
198.543274,2026-03-10 18:22:27.225,ARDUINO_PSI,Arduino,0.000,0.000,12.760,,
198.644019,2026-03-10 18:22:27.326,ARDUINO_PSI,Arduino,0.000,0.000,12.748,,
198.743855,2026-03-10 18:22:27.426,ARDUINO_PSI,Arduino,0.000,0.000,12.753,,
198.774171,2026-03-10 18:22:27.456,WJ_VOLTAGE,WJ1,0.000,0.000,0,0,"HV=OFF, Fault=NO"
198.775434,2026-03-10 18:22:27.457,WJ_VOLTAGE,WJ2,0.000,0.000,0,0,"HV=OFF, Fault=NO"
198.843758,2026-03-10 18:22:27.525,ARDUINO_PSI,Arduino,0.000,0.000,12.758,,
198.944284,2026-03-10 18:22:27.626,ARDUINO_PSI,Arduino,0.000,0.000,12.762,,
199.043235,2026-03-10 18:22:27.725,ARDUINO_PSI,Arduino,0.000,0.000,12.764,,
199.143975,2026-03-10 18:22:27.826,ARDUINO_PSI,Arduino,0.000,0.000,12.769,,
199.243949,2026-03-10 18:22:27.926,ARDUINO_PSI,Arduino,0.000,0.000,12.769,,
199.306371,2026-03-10 18:22:27.988,WJ_VOLTAGE,WJ2,0.000,0.000,0,0,"HV=OFF, Fault=NO"
199.309180,2026-03-10 18:22:27.991,WJ_VOLTAGE,WJ1,0.000,0.000,0,0,"HV=OFF, Fault=NO"
199.343895,2026-03-10 18:22:28.026,ARDUINO_PSI,Arduino,0.000,0.000,12.760,,
199.444122,2026-03-10 18:22:28.126,ARDUINO_PSI,Arduino,0.000,0.000,12.774,,
199.543207,2026-03-10 18:22:28.225,ARDUINO_PSI,Arduino,0.000,0.000,12.780,,
199.643895,2026-03-10 18:22:28.326,ARDUINO_PSI,Arduino,0.000,0.000,12.783,,
199.743284,2026-03-10 18:22:28.425,ARDUINO_PSI,Arduino,0.000,0.000,12.780,,
199.839458,2026-03-10 18:22:28.521,WJ_VOLTAGE,WJ1,0.000,0.000,0,0,"HV=OFF, Fault=NO"
199.840904,2026-03-10 18:22:28.523,WJ_VOLTAGE,WJ2,0.000,0.000,0,0,"HV=OFF, Fault=NO"
199.851086,2026-03-10 18:22:28.533,ARDUINO_PSI,Arduino,0.000,0.000,12.783,,
199.944068,2026-03-10 18:22:28.626,ARDUINO_PSI,Arduino,0.000,0.000,12.787,,
200.043937,2026-03-10 18:22:28.726,ARDUINO_PSI,Arduino,0.000,0.000,12.801,,
200.144719,2026-03-10 18:22:28.826,ARDUINO_PSI,Arduino,0.000,0.000,12.803,,
200.243970,2026-03-10 18:22:28.926,ARDUINO_PSI,Arduino,0.000,0.000,12.792,,
200.344880,2026-03-10 18:22:29.027,ARDUINO_PSI,Arduino,0.000,0.000,12.787,,
200.367448,2026-03-10 18:22:29.049,WJ_VOLTAGE,WJ2,0.000,0.000,0,0,"HV=OFF, Fault=NO"
200.370348,2026-03-10 18:22:29.052,WJ_VOLTAGE,WJ1,0.000,0.000,0,0,"HV=OFF, Fault=NO"
200.444367,2026-03-10 18:22:29.126,ARDUINO_PSI,Arduino,0.000,0.000,12.799,,
200.543638,2026-03-10 18:22:29.225,ARDUINO_PSI,Arduino,0.000,0.000,12.792,,
200.645611,2026-03-10 18:22:29.327,ARDUINO_PSI,Arduino,0.000,0.000,12.799,,
200.744350,2026-03-10 18:22:29.426,ARDUINO_PSI,Arduino,0.000,0.000,12.803,,
200.844544,2026-03-10 18:22:29.526,ARDUINO_PSI,Arduino,0.000,0.000,12.792,,
200.899337,2026-03-10 18:22:29.581,WJ_VOLTAGE,WJ2,0.000,0.000,0,0,"HV=OFF, Fault=NO"
200.901787,2026-03-10 18:22:29.583,WJ_VOLTAGE,WJ1,0.000,0.000,0,0,"HV=OFF, Fault=NO"
200.944054,2026-03-10 18:22:29.626,ARDUINO_PSI,Arduino,0.000,0.000,12.783,,
201.043803,2026-03-10 18:22:29.725,ARDUINO_PSI,Arduino,0.000,0.000,12.771,,
201.144925,2026-03-10 18:22:29.827,ARDUINO_PSI,Arduino,0.000,0.000,12.767,,
201.244693,2026-03-10 18:22:29.926,ARDUINO_PSI,Arduino,0.000,0.000,12.758,,
201.343587,2026-03-10 18:22:30.025,ARDUINO_PSI,Arduino,0.000,0.000,12.758,,
201.423577,2026-03-10 18:22:30.105,WJ_VOLTAGE,WJ2,0.000,0.000,0,0,"HV=OFF, Fault=NO"
201.425105,2026-03-10 18:22:30.107,WJ_VOLTAGE,WJ1,0.000,0.000,0,0,"HV=OFF, Fault=NO"
201.443246,2026-03-10 18:22:30.125,ARDUINO_PSI,Arduino,0.000,0.000,12.746,,
201.543823,2026-03-10 18:22:30.225,ARDUINO_PSI,Arduino,0.000,0.000,12.744,,
201.644144,2026-03-10 18:22:30.326,ARDUINO_PSI,Arduino,0.000,0.000,12.742,,
201.743630,2026-03-10 18:22:30.425,ARDUINO_PSI,Arduino,0.000,0.000,12.746,,
201.843305,2026-03-10 18:22:30.525,ARDUINO_PSI,Arduino,0.000,0.000,12.755,,
201.944657,2026-03-10 18:22:30.626,ARDUINO_PSI,Arduino,0.000,0.000,12.758,,
201.956785,2026-03-10 18:22:30.638,WJ_VOLTAGE,WJ1,0.000,0.000,0,0,"HV=OFF, Fault=NO"
201.959531,2026-03-10 18:22:30.641,WJ_VOLTAGE,WJ2,0.000,0.000,0,0,"HV=OFF, Fault=NO"
202.043807,2026-03-10 18:22:30.725,ARDUINO_PSI,Arduino,0.000,0.000,12.748,,
202.144148,2026-03-10 18:22:30.826,ARDUINO_PSI,Arduino,0.000,0.000,12.735,,
202.244238,2026-03-10 18:22:30.926,ARDUINO_PSI,Arduino,0.000,0.000,12.737,,
202.344635,2026-03-10 18:22:31.026,ARDUINO_PSI,Arduino,0.000,0.000,12.744,,
202.443359,2026-03-10 18:22:31.125,ARDUINO_PSI,Arduino,0.000,0.000,12.742,,
202.482347,2026-03-10 18:22:31.164,WJ_VOLTAGE,WJ1,0.000,0.000,0,0,"HV=OFF, Fault=NO"
202.483862,2026-03-10 18:22:31.166,WJ_VOLTAGE,WJ2,0.000,0.000,0,0,"HV=OFF, Fault=NO"
202.543978,2026-03-10 18:22:31.226,ARDUINO_PSI,Arduino,0.000,0.000,12.739,,
202.644094,2026-03-10 18:22:31.326,ARDUINO_PSI,Arduino,0.000,0.000,12.742,,
202.744526,2026-03-10 18:22:31.426,ARDUINO_PSI,Arduino,0.000,0.000,12.728,,
202.843931,2026-03-10 18:22:31.526,ARDUINO_PSI,Arduino,0.000,0.000,12.730,,
202.944662,2026-03-10 18:22:31.626,ARDUINO_PSI,Arduino,0.000,0.000,12.737,,
203.014562,2026-03-10 18:22:31.696,WJ_VOLTAGE,WJ2,0.000,0.000,0,0,"HV=OFF, Fault=NO"
203.016437,2026-03-10 18:22:31.698,WJ_VOLTAGE,WJ1,0.000,0.000,0,0,"HV=OFF, Fault=NO"
203.043349,2026-03-10 18:22:31.725,ARDUINO_PSI,Arduino,0.000,0.000,12.751,,
203.144117,2026-03-10 18:22:31.826,ARDUINO_PSI,Arduino,0.000,0.000,12.751,,
203.243967,2026-03-10 18:22:31.926,ARDUINO_PSI,Arduino,0.000,0.000,12.753,,
203.344138,2026-03-10 18:22:32.026,ARDUINO_PSI,Arduino,0.000,0.000,12.760,,
203.443400,2026-03-10 18:22:32.125,ARDUINO_PSI,Arduino,0.000,0.000,12.762,,
203.545989,2026-03-10 18:22:32.228,WJ_VOLTAGE,WJ2,0.000,0.000,0,0,"HV=OFF, Fault=NO"
203.550027,2026-03-10 18:22:32.232,WJ_VOLTAGE,WJ1,0.000,0.000,0,0,"HV=OFF, Fault=NO"
203.553336,2026-03-10 18:22:32.235,ARDUINO_PSI,Arduino,0.000,0.000,12.764,,
203.643970,2026-03-10 18:22:32.326,ARDUINO_PSI,Arduino,0.000,0.000,12.760,,
203.745687,2026-03-10 18:22:32.427,ARDUINO_PSI,Arduino,0.000,0.000,12.751,,
203.844067,2026-03-10 18:22:32.526,ARDUINO_PSI,Arduino,0.000,0.000,12.742,,
203.943904,2026-03-10 18:22:32.626,ARDUINO_PSI,Arduino,0.000,0.000,12.735,,
204.043771,2026-03-10 18:22:32.725,ARDUINO_PSI,Arduino,0.000,0.000,12.735,,
204.076080,2026-03-10 18:22:32.758,WJ_VOLTAGE,WJ2,0.000,0.000,0,0,"HV=OFF, Fault=NO"
204.077401,2026-03-10 18:22:32.759,WJ_VOLTAGE,WJ1,0.000,0.000,0,0,"HV=OFF, Fault=NO"
204.144345,2026-03-10 18:22:32.826,ARDUINO_PSI,Arduino,0.000,0.000,12.742,,
204.243964,2026-03-10 18:22:32.926,ARDUINO_PSI,Arduino,0.000,0.000,12.737,,
204.343786,2026-03-10 18:22:33.025,ARDUINO_PSI,Arduino,0.000,0.000,12.735,,
204.444357,2026-03-10 18:22:33.126,ARDUINO_PSI,Arduino,0.000,0.000,12.726,,
204.543783,2026-03-10 18:22:33.225,ARDUINO_PSI,Arduino,0.000,0.000,12.728,,
204.605060,2026-03-10 18:22:33.287,WJ_VOLTAGE,WJ1,0.000,0.000,0,0,"HV=OFF, Fault=NO"
204.608956,2026-03-10 18:22:33.291,WJ_VOLTAGE,WJ2,0.000,0.000,0,0,"HV=OFF, Fault=NO"
204.643324,2026-03-10 18:22:33.325,ARDUINO_PSI,Arduino,0.000,0.000,12.732,,
204.744433,2026-03-10 18:22:33.426,ARDUINO_PSI,Arduino,0.000,0.000,12.732,,
204.844025,2026-03-10 18:22:33.526,ARDUINO_PSI,Arduino,0.000,0.000,12.739,,
204.944103,2026-03-10 18:22:33.626,ARDUINO_PSI,Arduino,0.000,0.000,12.730,,
205.043490,2026-03-10 18:22:33.725,ARDUINO_PSI,Arduino,0.000,0.000,12.728,,
205.134740,2026-03-10 18:22:33.816,WJ_VOLTAGE,WJ2,0.000,0.000,0,0,"HV=OFF, Fault=NO"
205.137749,2026-03-10 18:22:33.819,WJ_VOLTAGE,WJ1,0.000,0.000,0,0,"HV=OFF, Fault=NO"
205.146965,2026-03-10 18:22:33.829,ARDUINO_PSI,Arduino,0.000,0.000,12.730,,
205.244439,2026-03-10 18:22:33.926,ARDUINO_PSI,Arduino,0.000,0.000,12.723,,
205.343909,2026-03-10 18:22:34.026,ARDUINO_PSI,Arduino,0.000,0.000,12.726,,
205.444763,2026-03-10 18:22:34.126,ARDUINO_PSI,Arduino,0.000,0.000,12.732,,
205.629201,2026-03-10 18:22:34.311,WJ_COMMAND,WJ1,SET_PROGRAM,75.0kV_2.0mA,,,SET_PROGRAM 75.0kV_2.0mA
205.722656,2026-03-10 18:22:34.404,WJ_COMMAND,WJ2,SET_PROGRAM,75.0kV_2.0mA,,,SET_PROGRAM 75.0kV_2.0mA
205.724204,2026-03-10 18:22:34.406,ARDUINO_PSI,Arduino,0.000,0.000,12.732,,
205.730878,2026-03-10 18:22:34.413,WJ_VOLTAGE,WJ1,0.000,0.000,0,0,"HV=OFF, Fault=NO"
205.732658,2026-03-10 18:22:34.414,ARDUINO_PSI,Arduino,0.000,0.000,12.726,,
205.735872,2026-03-10 18:22:34.418,WJ_VOLTAGE,WJ2,0.000,0.000,0,0,"HV=OFF, Fault=NO"
205.743743,2026-03-10 18:22:34.425,ARDUINO_PSI,Arduino,0.000,0.000,12.737,,
205.843201,2026-03-10 18:22:34.525,ARDUINO_PSI,Arduino,0.000,0.000,12.737,,
205.943672,2026-03-10 18:22:34.625,ARDUINO_PSI,Arduino,0.000,0.000,12.716,,
206.045047,2026-03-10 18:22:34.727,ARDUINO_PSI,Arduino,0.000,0.000,12.705,,
206.085207,2026-03-10 18:22:34.767,WJ_VOLTAGE,WJ1,0.000,0.000,0,0,"HV=OFF, Fault=NO"
206.143935,2026-03-10 18:22:34.826,ARDUINO_PSI,Arduino,0.000,0.000,12.716,,
206.178641,2026-03-10 18:22:34.860,WJ_VOLTAGE,WJ2,0.000,0.000,0,0,"HV=OFF, Fault=NO"
206.243931,2026-03-10 18:22:34.926,ARDUINO_PSI,Arduino,0.000,0.000,12.714,,
206.343932,2026-03-10 18:22:35.026,ARDUINO_PSI,Arduino,0.000,0.000,12.721,,
206.444102,2026-03-10 18:22:35.126,ARDUINO_PSI,Arduino,0.000,0.000,12.723,,
206.544461,2026-03-10 18:22:35.226,ARDUINO_PSI,Arduino,0.000,0.000,12.719,,
206.615840,2026-03-10 18:22:35.297,WJ_VOLTAGE,WJ1,0.098,0.000,0,0,"HV=OFF, Fault=NO"
206.643922,2026-03-10 18:22:35.326,ARDUINO_PSI,Arduino,0.000,0.000,12.710,,
206.707537,2026-03-10 18:22:35.389,WJ_VOLTAGE,WJ2,0.000,0.000,0,0,"HV=OFF, Fault=NO"
206.744476,2026-03-10 18:22:35.426,ARDUINO_PSI,Arduino,0.000,0.000,12.728,,
206.844464,2026-03-10 18:22:35.526,ARDUINO_PSI,Arduino,0.000,0.000,12.716,,
206.943830,2026-03-10 18:22:35.625,ARDUINO_PSI,Arduino,0.000,0.000,12.728,,
207.044275,2026-03-10 18:22:35.726,ARDUINO_PSI,Arduino,0.000,0.000,12.735,,
207.145187,2026-03-10 18:22:35.827,WJ_VOLTAGE,WJ1,0.000,0.000,0,0,"HV=OFF, Fault=NO"
207.147814,2026-03-10 18:22:35.829,ARDUINO_PSI,Arduino,0.000,0.000,12.730,,
207.238798,2026-03-10 18:22:35.920,WJ_VOLTAGE,WJ2,0.000,0.000,0,0,"HV=OFF, Fault=NO"
207.254361,2026-03-10 18:22:35.936,ARDUINO_PSI,Arduino,0.000,0.000,12.739,,
207.343828,2026-03-10 18:22:36.025,ARDUINO_PSI,Arduino,0.000,0.000,12.746,,
207.443538,2026-03-10 18:22:36.125,ARDUINO_PSI,Arduino,0.000,0.000,12.742,,
207.543913,2026-03-10 18:22:36.226,ARDUINO_PSI,Arduino,0.000,0.000,12.739,,
207.644210,2026-03-10 18:22:36.326,ARDUINO_PSI,Arduino,0.000,0.000,12.746,,
207.675102,2026-03-10 18:22:36.357,WJ_VOLTAGE,WJ1,0.000,0.000,0,0,"HV=OFF, Fault=NO"
207.744236,2026-03-10 18:22:36.426,ARDUINO_PSI,Arduino,0.000,0.000,12.751,,
207.768175,2026-03-10 18:22:36.450,WJ_VOLTAGE,WJ2,0.000,0.000,0,0,"HV=OFF, Fault=NO"
207.844029,2026-03-10 18:22:36.526,ARDUINO_PSI,Arduino,0.000,0.000,12.762,,
207.943927,2026-03-10 18:22:36.626,ARDUINO_PSI,Arduino,0.000,0.000,12.774,,
208.044712,2026-03-10 18:22:36.726,ARDUINO_PSI,Arduino,0.000,0.000,12.776,,
208.143226,2026-03-10 18:22:36.825,ARDUINO_PSI,Arduino,0.000,0.000,12.760,,
208.203164,2026-03-10 18:22:36.885,WJ_VOLTAGE,WJ1,0.000,0.000,0,0,"HV=OFF, Fault=NO"
208.243551,2026-03-10 18:22:36.925,ARDUINO_PSI,Arduino,0.000,0.000,12.774,,
208.297719,2026-03-10 18:22:36.979,WJ_VOLTAGE,WJ2,0.000,0.000,0,0,"HV=OFF, Fault=NO"
208.343898,2026-03-10 18:22:37.026,ARDUINO_PSI,Arduino,0.000,0.000,12.771,,
208.444886,2026-03-10 18:22:37.127,ARDUINO_PSI,Arduino,0.000,0.000,12.762,,
208.543738,2026-03-10 18:22:37.225,ARDUINO_PSI,Arduino,0.000,0.000,12.774,,
208.643414,2026-03-10 18:22:37.325,ARDUINO_PSI,Arduino,0.000,0.000,12.785,,
208.733705,2026-03-10 18:22:37.415,WJ_VOLTAGE,WJ1,0.000,0.000,0,0,"HV=OFF, Fault=NO"
208.743144,2026-03-10 18:22:37.425,ARDUINO_PSI,Arduino,0.000,0.000,12.776,,
208.829048,2026-03-10 18:22:37.511,WJ_VOLTAGE,WJ2,0.000,0.000,0,0,"HV=OFF, Fault=NO"
208.843215,2026-03-10 18:22:37.525,ARDUINO_PSI,Arduino,0.000,0.000,12.776,,
208.944059,2026-03-10 18:22:37.626,ARDUINO_PSI,Arduino,0.000,0.000,12.771,,
209.043469,2026-03-10 18:22:37.725,ARDUINO_PSI,Arduino,0.000,0.000,12.753,,
209.143269,2026-03-10 18:22:37.825,ARDUINO_PSI,Arduino,0.000,0.000,12.758,,
209.243226,2026-03-10 18:22:37.925,ARDUINO_PSI,Arduino,0.000,0.000,12.758,,
209.264089,2026-03-10 18:22:37.946,WJ_VOLTAGE,WJ1,0.000,0.000,0,0,"HV=OFF, Fault=NO"
209.343808,2026-03-10 18:22:38.025,ARDUINO_PSI,Arduino,0.000,0.000,12.753,,
209.356922,2026-03-10 18:22:38.039,WJ_VOLTAGE,WJ2,0.000,0.000,0,0,"HV=OFF, Fault=NO"
209.443223,2026-03-10 18:22:38.125,ARDUINO_PSI,Arduino,0.000,0.000,12.746,,
209.544662,2026-03-10 18:22:38.226,ARDUINO_PSI,Arduino,0.000,0.000,12.737,,
209.644001,2026-03-10 18:22:38.326,ARDUINO_PSI,Arduino,0.000,0.000,12.739,,
209.743937,2026-03-10 18:22:38.426,ARDUINO_PSI,Arduino,0.000,0.000,12.728,,
209.790968,2026-03-10 18:22:38.473,WJ_VOLTAGE,WJ1,0.000,0.000,0,0,"HV=OFF, Fault=NO"
209.844130,2026-03-10 18:22:38.526,ARDUINO_PSI,Arduino,0.000,0.000,12.723,,
209.883566,2026-03-10 18:22:38.565,WJ_VOLTAGE,WJ2,0.000,0.000,0,0,"HV=OFF, Fault=NO"
209.944663,2026-03-10 18:22:38.626,ARDUINO_PSI,Arduino,0.000,0.000,12.726,,
210.045333,2026-03-10 18:22:38.727,ARDUINO_PSI,Arduino,0.000,0.000,12.730,,
210.144123,2026-03-10 18:22:38.826,ARDUINO_PSI,Arduino,0.000,0.000,12.732,,
210.243286,2026-03-10 18:22:38.925,ARDUINO_PSI,Arduino,0.000,0.000,12.732,,
210.317874,2026-03-10 18:22:39.000,WJ_VOLTAGE,WJ1,0.000,0.000,0,0,"HV=OFF, Fault=NO"
210.343183,2026-03-10 18:22:39.025,ARDUINO_PSI,Arduino,0.000,0.000,12.730,,
210.412200,2026-03-10 18:22:39.094,WJ_VOLTAGE,WJ2,0.000,0.000,0,0,"HV=OFF, Fault=NO"
210.443353,2026-03-10 18:22:39.125,ARDUINO_PSI,Arduino,0.000,0.000,12.737,,
210.544297,2026-03-10 18:22:39.226,ARDUINO_PSI,Arduino,0.000,0.000,12.739,,
210.644060,2026-03-10 18:22:39.326,ARDUINO_PSI,Arduino,0.000,0.000,12.723,,
210.743317,2026-03-10 18:22:39.425,ARDUINO_PSI,Arduino,0.000,0.000,12.728,,
210.843697,2026-03-10 18:22:39.525,ARDUINO_PSI,Arduino,0.000,0.000,12.732,,
210.848708,2026-03-10 18:22:39.530,WJ_VOLTAGE,WJ1,0.000,0.000,0,0,"HV=OFF, Fault=NO"
210.940447,2026-03-10 18:22:39.622,WJ_VOLTAGE,WJ2,0.000,0.000,0,0,"HV=OFF, Fault=NO"
210.950219,2026-03-10 18:22:39.632,ARDUINO_PSI,Arduino,0.000,0.000,12.744,,
211.043898,2026-03-10 18:22:39.726,ARDUINO_PSI,Arduino,0.000,0.000,12.746,,
211.144144,2026-03-10 18:22:39.826,ARDUINO_PSI,Arduino,0.000,0.000,12.751,,
211.244047,2026-03-10 18:22:39.926,ARDUINO_PSI,Arduino,0.000,0.000,12.755,,
211.344249,2026-03-10 18:22:40.026,ARDUINO_PSI,Arduino,0.000,0.000,12.746,,
211.379049,2026-03-10 18:22:40.061,WJ_VOLTAGE,WJ1,0.000,0.000,0,0,"HV=OFF, Fault=NO"
211.443852,2026-03-10 18:22:40.126,ARDUINO_PSI,Arduino,0.000,0.000,12.764,,
211.471289,2026-03-10 18:22:40.153,WJ_VOLTAGE,WJ2,0.000,0.000,0,0,"HV=OFF, Fault=NO"
211.544100,2026-03-10 18:22:40.226,ARDUINO_PSI,Arduino,0.000,0.000,12.769,,
211.643907,2026-03-10 18:22:40.326,ARDUINO_PSI,Arduino,0.000,0.000,12.767,,
211.743786,2026-03-10 18:22:40.425,ARDUINO_PSI,Arduino,0.000,0.000,12.771,,
211.844224,2026-03-10 18:22:40.526,ARDUINO_PSI,Arduino,0.000,0.000,12.762,,
211.907303,2026-03-10 18:22:40.589,WJ_VOLTAGE,WJ1,0.000,0.000,0,0,"HV=OFF, Fault=NO"
211.943289,2026-03-10 18:22:40.625,ARDUINO_PSI,Arduino,0.000,0.000,12.767,,
211.999524,2026-03-10 18:22:40.681,WJ_VOLTAGE,WJ2,0.000,0.000,0,0,"HV=OFF, Fault=NO"
212.044859,2026-03-10 18:22:40.727,ARDUINO_PSI,Arduino,0.000,0.000,12.769,,
212.144039,2026-03-10 18:22:40.826,ARDUINO_PSI,Arduino,0.000,0.000,12.810,,
212.243892,2026-03-10 18:22:40.926,ARDUINO_PSI,Arduino,0.000,0.000,12.799,,
212.344125,2026-03-10 18:22:41.026,ARDUINO_PSI,Arduino,0.000,0.000,12.799,,
212.433725,2026-03-10 18:22:41.115,WJ_VOLTAGE,WJ1,0.000,0.000,0,0,"HV=OFF, Fault=NO"
212.443194,2026-03-10 18:22:41.125,ARDUINO_PSI,Arduino,0.000,0.000,12.792,,
212.527188,2026-03-10 18:22:41.209,WJ_VOLTAGE,WJ2,0.000,0.000,0,0,"HV=OFF, Fault=NO"
212.543220,2026-03-10 18:22:41.225,ARDUINO_PSI,Arduino,0.000,0.000,12.785,,
212.644040,2026-03-10 18:22:41.326,ARDUINO_PSI,Arduino,0.000,0.000,12.806,,
212.744794,2026-03-10 18:22:41.426,ARDUINO_PSI,Arduino,0.000,0.000,12.808,,
212.843924,2026-03-10 18:22:41.526,ARDUINO_PSI,Arduino,0.000,0.000,12.808,,
212.944812,2026-03-10 18:22:41.626,ARDUINO_PSI,Arduino,0.000,0.000,12.806,,
212.962593,2026-03-10 18:22:41.644,WJ_VOLTAGE,WJ1,0.000,0.000,0,0,"HV=OFF, Fault=NO"
213.044010,2026-03-10 18:22:41.726,ARDUINO_PSI,Arduino,0.000,0.000,12.806,,
213.054676,2026-03-10 18:22:41.736,WJ_VOLTAGE,WJ2,0.000,0.000,0,0,"HV=OFF, Fault=NO"
213.143860,2026-03-10 18:22:41.826,ARDUINO_PSI,Arduino,0.000,0.000,12.810,,
213.243819,2026-03-10 18:22:41.925,ARDUINO_PSI,Arduino,0.000,0.000,12.803,,
213.344038,2026-03-10 18:22:42.026,ARDUINO_PSI,Arduino,0.000,0.000,12.810,,
213.444010,2026-03-10 18:22:42.126,ARDUINO_PSI,Arduino,0.000,0.000,12.796,,
213.488102,2026-03-10 18:22:42.170,WJ_VOLTAGE,WJ1,0.098,0.000,0,0,"HV=OFF, Fault=NO"
213.543309,2026-03-10 18:22:42.225,ARDUINO_PSI,Arduino,0.000,0.000,12.790,,
213.582949,2026-03-10 18:22:42.265,WJ_VOLTAGE,WJ2,0.000,0.000,0,0,"HV=OFF, Fault=NO"
213.643864,2026-03-10 18:22:42.326,ARDUINO_PSI,Arduino,0.000,0.000,12.790,,
213.743426,2026-03-10 18:22:42.425,ARDUINO_PSI,Arduino,0.000,0.000,12.787,,
213.843480,2026-03-10 18:22:42.525,ARDUINO_PSI,Arduino,0.000,0.000,12.794,,
213.943763,2026-03-10 18:22:42.625,ARDUINO_PSI,Arduino,0.000,0.000,12.792,,
214.018169,2026-03-10 18:22:42.700,WJ_VOLTAGE,WJ1,0.000,0.000,0,0,"HV=OFF, Fault=NO"
214.043231,2026-03-10 18:22:42.725,ARDUINO_PSI,Arduino,0.000,0.000,12.796,,
214.113558,2026-03-10 18:22:42.795,WJ_VOLTAGE,WJ2,0.000,0.000,0,0,"HV=OFF, Fault=NO"
214.143385,2026-03-10 18:22:42.825,ARDUINO_PSI,Arduino,0.000,0.000,12.753,,
214.244184,2026-03-10 18:22:42.926,ARDUINO_PSI,Arduino,0.000,0.000,12.760,,
214.344342,2026-03-10 18:22:43.026,ARDUINO_PSI,Arduino,0.000,0.000,12.760,,
214.444006,2026-03-10 18:22:43.126,ARDUINO_PSI,Arduino,0.000,0.000,12.764,,
214.543955,2026-03-10 18:22:43.226,ARDUINO_PSI,Arduino,0.000,0.000,12.769,,
214.550215,2026-03-10 18:22:43.232,WJ_VOLTAGE,WJ1,0.000,0.000,0,0,"HV=OFF, Fault=NO"
214.642344,2026-03-10 18:22:43.324,WJ_VOLTAGE,WJ2,0.000,0.000,0,0,"HV=OFF, Fault=NO"
214.652483,2026-03-10 18:22:43.334,ARDUINO_PSI,Arduino,0.000,0.000,12.764,,
214.743988,2026-03-10 18:22:43.426,ARDUINO_PSI,Arduino,0.000,0.000,12.771,,
214.844620,2026-03-10 18:22:43.526,ARDUINO_PSI,Arduino,0.000,0.000,12.783,,
214.943875,2026-03-10 18:22:43.626,ARDUINO_PSI,Arduino,0.000,0.000,12.778,,
215.043970,2026-03-10 18:22:43.726,ARDUINO_PSI,Arduino,0.000,0.000,12.783,,
215.065870,2026-03-10 18:22:43.748,WJ_VOLTAGE,WJ1,0.000,0.000,0,0,"HV=OFF, Fault=NO"
215.144068,2026-03-10 18:22:43.826,ARDUINO_PSI,Arduino,0.000,0.000,12.767,,
215.158548,2026-03-10 18:22:43.840,WJ_VOLTAGE,WJ2,0.000,0.000,0,0,"HV=OFF, Fault=NO"
215.244182,2026-03-10 18:22:43.926,ARDUINO_PSI,Arduino,0.000,0.000,12.776,,
215.344270,2026-03-10 18:22:44.026,ARDUINO_PSI,Arduino,0.000,0.000,12.769,,
215.444627,2026-03-10 18:22:44.126,ARDUINO_PSI,Arduino,0.000,0.000,12.767,,
215.543960,2026-03-10 18:22:44.226,ARDUINO_PSI,Arduino,0.000,0.000,12.776,,
215.593329,2026-03-10 18:22:44.275,WJ_VOLTAGE,WJ1,0.000,0.000,0,0,"HV=OFF, Fault=NO"
215.643153,2026-03-10 18:22:44.325,ARDUINO_PSI,Arduino,0.000,0.000,12.778,,
215.687292,2026-03-10 18:22:44.369,WJ_VOLTAGE,WJ2,0.000,0.000,0,0,"HV=OFF, Fault=NO"
215.743886,2026-03-10 18:22:44.426,ARDUINO_PSI,Arduino,0.000,0.000,12.771,,
215.843824,2026-03-10 18:22:44.525,ARDUINO_PSI,Arduino,0.000,0.000,12.771,,
215.943244,2026-03-10 18:22:44.625,ARDUINO_PSI,Arduino,0.000,0.000,12.776,,
216.043671,2026-03-10 18:22:44.725,ARDUINO_PSI,Arduino,0.000,0.000,12.771,,
216.126816,2026-03-10 18:22:44.808,WJ_VOLTAGE,WJ1,0.000,0.000,0,0,"HV=OFF, Fault=NO"
216.143514,2026-03-10 18:22:44.825,ARDUINO_PSI,Arduino,0.000,0.000,12.776,,
216.218536,2026-03-10 18:22:44.900,WJ_VOLTAGE,WJ2,0.000,0.000,0,0,"HV=OFF, Fault=NO"
216.244377,2026-03-10 18:22:44.926,ARDUINO_PSI,Arduino,0.000,0.000,12.769,,
216.343862,2026-03-10 18:22:45.026,ARDUINO_PSI,Arduino,0.000,0.000,12.769,,
216.443883,2026-03-10 18:22:45.126,ARDUINO_PSI,Arduino,0.000,0.000,12.780,,
216.544235,2026-03-10 18:22:45.226,ARDUINO_PSI,Arduino,0.000,0.000,12.771,,
216.643854,2026-03-10 18:22:45.326,ARDUINO_PSI,Arduino,0.000,0.000,12.769,,
216.653327,2026-03-10 18:22:45.335,WJ_VOLTAGE,WJ1,0.000,0.000,0,0,"HV=OFF, Fault=NO"
216.744016,2026-03-10 18:22:45.426,ARDUINO_PSI,Arduino,0.000,0.000,12.748,,
216.750015,2026-03-10 18:22:45.432,WJ_VOLTAGE,WJ2,0.000,0.000,0,0,"HV=OFF, Fault=NO"
216.843896,2026-03-10 18:22:45.526,ARDUINO_PSI,Arduino,0.000,0.000,12.737,,
216.943915,2026-03-10 18:22:45.626,ARDUINO_PSI,Arduino,0.000,0.000,12.732,,
217.045040,2026-03-10 18:22:45.727,ARDUINO_PSI,Arduino,0.000,0.000,12.723,,
217.143909,2026-03-10 18:22:45.826,ARDUINO_PSI,Arduino,0.000,0.000,12.737,,
217.183949,2026-03-10 18:22:45.866,WJ_VOLTAGE,WJ1,0.000,0.000,0,0,"HV=OFF, Fault=NO"
217.243964,2026-03-10 18:22:45.926,ARDUINO_PSI,Arduino,0.000,0.000,12.735,,
217.278393,2026-03-10 18:22:45.960,WJ_VOLTAGE,WJ2,0.000,0.000,0,0,"HV=OFF, Fault=NO"
217.343958,2026-03-10 18:22:46.026,ARDUINO_PSI,Arduino,0.000,0.000,12.732,,
217.443749,2026-03-10 18:22:46.125,ARDUINO_PSI,Arduino,0.000,0.000,12.739,,
217.544872,2026-03-10 18:22:46.227,ARDUINO_PSI,Arduino,0.000,0.000,12.730,,
217.643215,2026-03-10 18:22:46.325,ARDUINO_PSI,Arduino,0.000,0.000,12.730,,
217.716404,2026-03-10 18:22:46.398,WJ_VOLTAGE,WJ1,0.000,0.000,0,0,"HV=OFF, Fault=NO"
217.743870,2026-03-10 18:22:46.426,ARDUINO_PSI,Arduino,0.000,0.000,12.732,,
217.809705,2026-03-10 18:22:46.491,WJ_VOLTAGE,WJ2,0.000,0.000,0,0,"HV=OFF, Fault=NO"
217.843203,2026-03-10 18:22:46.525,ARDUINO_PSI,Arduino,0.000,0.000,12.739,,
217.943303,2026-03-10 18:22:46.625,ARDUINO_PSI,Arduino,0.000,0.000,12.742,,
218.043678,2026-03-10 18:22:46.725,ARDUINO_PSI,Arduino,0.000,0.000,12.746,,
218.144743,2026-03-10 18:22:46.826,ARDUINO_PSI,Arduino,0.000,0.000,12.751,,
218.243874,2026-03-10 18:22:46.926,ARDUINO_PSI,Arduino,0.000,0.000,12.751,,
218.246960,2026-03-10 18:22:46.929,WJ_VOLTAGE,WJ1,0.000,0.000,0,0,"HV=OFF, Fault=NO"
218.341162,2026-03-10 18:22:47.023,WJ_VOLTAGE,WJ2,0.000,0.000,0,0,"HV=OFF, Fault=NO"
218.350339,2026-03-10 18:22:47.032,ARDUINO_PSI,Arduino,0.000,0.000,12.746,,
218.443880,2026-03-10 18:22:47.126,ARDUINO_PSI,Arduino,0.000,0.000,12.742,,
218.543978,2026-03-10 18:22:47.226,ARDUINO_PSI,Arduino,0.000,0.000,12.748,,
218.644765,2026-03-10 18:22:47.326,ARDUINO_PSI,Arduino,0.000,0.000,12.742,,
218.744026,2026-03-10 18:22:47.426,ARDUINO_PSI,Arduino,0.000,0.000,12.748,,
218.766014,2026-03-10 18:22:47.448,WJ_VOLTAGE,WJ1,0.000,0.000,0,0,"HV=OFF, Fault=NO"
218.844465,2026-03-10 18:22:47.526,ARDUINO_PSI,Arduino,0.000,0.000,12.751,,
218.874218,2026-03-10 18:22:47.556,WJ_VOLTAGE,WJ2,0.000,0.000,0,0,"HV=OFF, Fault=NO"
218.943903,2026-03-10 18:22:47.626,ARDUINO_PSI,Arduino,0.000,0.000,12.758,,
219.044857,2026-03-10 18:22:47.727,ARDUINO_PSI,Arduino,0.000,0.000,12.758,,
219.144616,2026-03-10 18:22:47.826,ARDUINO_PSI,Arduino,0.000,0.000,12.748,,
219.244321,2026-03-10 18:22:47.926,ARDUINO_PSI,Arduino,0.000,0.000,12.746,,
219.295720,2026-03-10 18:22:47.977,WJ_VOLTAGE,WJ1,0.000,0.000,0,0,"HV=OFF, Fault=NO"
219.343953,2026-03-10 18:22:48.026,ARDUINO_PSI,Arduino,0.000,0.000,12.753,,
219.403989,2026-03-10 18:22:48.086,WJ_VOLTAGE,WJ2,0.000,0.000,0,0,"HV=OFF, Fault=NO"
219.443949,2026-03-10 18:22:48.126,ARDUINO_PSI,Arduino,0.000,0.000,12.758,,
219.544017,2026-03-10 18:22:48.226,ARDUINO_PSI,Arduino,0.000,0.000,12.764,,
219.643895,2026-03-10 18:22:48.326,ARDUINO_PSI,Arduino,0.000,0.000,12.764,,
219.744001,2026-03-10 18:22:48.426,ARDUINO_PSI,Arduino,0.000,0.000,12.762,,
219.824582,2026-03-10 18:22:48.506,WJ_VOLTAGE,WJ1,0.000,0.000,0,0,"HV=OFF, Fault=NO"
219.843131,2026-03-10 18:22:48.525,ARDUINO_PSI,Arduino,0.000,0.000,12.767,,
219.933167,2026-03-10 18:22:48.615,WJ_VOLTAGE,WJ2,0.000,0.000,0,0,"HV=OFF, Fault=NO"
219.943327,2026-03-10 18:22:48.625,ARDUINO_PSI,Arduino,0.000,0.000,12.760,,
220.043509,2026-03-10 18:22:48.725,ARDUINO_PSI,Arduino,0.000,0.000,12.748,,
220.143352,2026-03-10 18:22:48.825,ARDUINO_PSI,Arduino,0.000,0.000,12.748,,
220.244163,2026-03-10 18:22:48.926,ARDUINO_PSI,Arduino,0.000,0.000,12.753,,
220.344735,2026-03-10 18:22:49.026,ARDUINO_PSI,Arduino,0.000,0.000,12.760,,
220.352419,2026-03-10 18:22:49.034,WJ_VOLTAGE,WJ1,0.000,0.000,0,0,"HV=OFF, Fault=NO"
220.444019,2026-03-10 18:22:49.126,ARDUINO_PSI,Arduino,0.000,0.000,12.764,,
220.462823,2026-03-10 18:22:49.144,WJ_VOLTAGE,WJ2,0.000,0.000,0,0,"HV=OFF, Fault=NO"
220.543865,2026-03-10 18:22:49.226,ARDUINO_PSI,Arduino,0.000,0.000,12.767,,
220.643442,2026-03-10 18:22:49.325,ARDUINO_PSI,Arduino,0.000,0.000,12.767,,
220.743923,2026-03-10 18:22:49.426,ARDUINO_PSI,Arduino,0.000,0.000,12.778,,
220.843643,2026-03-10 18:22:49.525,ARDUINO_PSI,Arduino,0.000,0.000,12.778,,
220.884153,2026-03-10 18:22:49.566,WJ_VOLTAGE,WJ1,0.000,0.000,0,0,"HV=OFF, Fault=NO"
220.943295,2026-03-10 18:22:49.625,ARDUINO_PSI,Arduino,0.000,0.000,12.771,,
220.993994,2026-03-10 18:22:49.676,WJ_VOLTAGE,WJ2,0.000,0.000,0,0,"HV=OFF, Fault=NO"
221.043599,2026-03-10 18:22:49.725,ARDUINO_PSI,Arduino,0.000,0.000,12.780,,
221.143876,2026-03-10 18:22:49.826,ARDUINO_PSI,Arduino,0.000,0.000,12.792,,
221.244023,2026-03-10 18:22:49.926,ARDUINO_PSI,Arduino,0.000,0.000,12.790,,
221.343808,2026-03-10 18:22:50.025,ARDUINO_PSI,Arduino,0.000,0.000,12.790,,
221.416321,2026-03-10 18:22:50.098,WJ_VOLTAGE,WJ1,0.000,0.000,0,0,"HV=OFF, Fault=NO"
221.444381,2026-03-10 18:22:50.126,ARDUINO_PSI,Arduino,0.000,0.000,12.780,,
221.524468,2026-03-10 18:22:50.206,WJ_VOLTAGE,WJ2,0.000,0.000,0,0,"HV=OFF, Fault=NO"
221.543131,2026-03-10 18:22:50.225,ARDUINO_PSI,Arduino,0.000,0.000,12.780,,
221.643378,2026-03-10 18:22:50.325,ARDUINO_PSI,Arduino,0.000,0.000,12.774,,
221.743216,2026-03-10 18:22:50.425,ARDUINO_PSI,Arduino,0.000,0.000,12.778,,
221.845712,2026-03-10 18:22:50.527,ARDUINO_PSI,Arduino,0.000,0.000,12.780,,
221.943887,2026-03-10 18:22:50.626,ARDUINO_PSI,Arduino,0.000,0.000,12.776,,
221.946212,2026-03-10 18:22:50.628,WJ_VOLTAGE,WJ1,0.000,0.000,0,0,"HV=OFF, Fault=NO"
222.043844,2026-03-10 18:22:50.725,ARDUINO_PSI,Arduino,0.000,0.000,12.778,,
222.053694,2026-03-10 18:22:50.735,WJ_VOLTAGE,WJ2,0.000,0.000,0,0,"HV=OFF, Fault=NO"
222.144010,2026-03-10 18:22:50.826,ARDUINO_PSI,Arduino,0.000,0.000,12.778,,
222.243317,2026-03-10 18:22:50.925,ARDUINO_PSI,Arduino,0.000,0.000,12.778,,
222.343661,2026-03-10 18:22:51.025,ARDUINO_PSI,Arduino,0.000,0.000,12.776,,
222.444003,2026-03-10 18:22:51.126,ARDUINO_PSI,Arduino,0.000,0.000,12.764,,
222.472890,2026-03-10 18:22:51.155,WJ_VOLTAGE,WJ1,0.000,0.000,0,0,"HV=OFF, Fault=NO"
222.544385,2026-03-10 18:22:51.226,ARDUINO_PSI,Arduino,0.000,0.000,12.760,,
222.581641,2026-03-10 18:22:51.263,WJ_VOLTAGE,WJ2,0.000,0.000,0,0,"HV=OFF, Fault=NO"
222.643546,2026-03-10 18:22:51.325,ARDUINO_PSI,Arduino,0.000,0.000,12.769,,
222.743872,2026-03-10 18:22:51.426,ARDUINO_PSI,Arduino,0.000,0.000,12.764,,
222.844059,2026-03-10 18:22:51.526,ARDUINO_PSI,Arduino,0.000,0.000,12.767,,
222.944028,2026-03-10 18:22:51.626,ARDUINO_PSI,Arduino,0.000,0.000,12.767,,
223.002826,2026-03-10 18:22:51.684,WJ_VOLTAGE,WJ1,0.000,0.000,0,0,"HV=OFF, Fault=NO"
223.043384,2026-03-10 18:22:51.725,ARDUINO_PSI,Arduino,0.000,0.000,12.764,,
223.111433,2026-03-10 18:22:51.793,WJ_VOLTAGE,WJ2,0.000,0.000,0,0,"HV=OFF, Fault=NO"
223.143392,2026-03-10 18:22:51.825,ARDUINO_PSI,Arduino,0.000,0.000,12.762,,
223.243838,2026-03-10 18:22:51.925,ARDUINO_PSI,Arduino,0.000,0.000,12.774,,
223.344367,2026-03-10 18:22:52.026,ARDUINO_PSI,Arduino,0.000,0.000,12.769,,
223.443735,2026-03-10 18:22:52.125,ARDUINO_PSI,Arduino,0.000,0.000,12.783,,
223.532124,2026-03-10 18:22:52.214,WJ_VOLTAGE,WJ1,0.000,0.000,0,0,"HV=OFF, Fault=NO"
223.547480,2026-03-10 18:22:52.229,ARDUINO_PSI,Arduino,0.000,0.000,12.778,,
223.638991,2026-03-10 18:22:52.321,WJ_VOLTAGE,WJ2,0.000,0.000,0,0,"HV=OFF, Fault=NO"
223.646948,2026-03-10 18:22:52.329,ARDUINO_PSI,Arduino,0.000,0.000,12.778,,
223.743434,2026-03-10 18:22:52.425,ARDUINO_PSI,Arduino,0.000,0.000,12.780,,
223.844310,2026-03-10 18:22:52.526,ARDUINO_PSI,Arduino,0.000,0.000,12.764,,
223.944206,2026-03-10 18:22:52.626,ARDUINO_PSI,Arduino,0.000,0.000,12.769,,
224.043453,2026-03-10 18:22:52.725,ARDUINO_PSI,Arduino,0.000,0.000,12.771,,
224.059590,2026-03-10 18:22:52.741,WJ_VOLTAGE,WJ1,0.000,0.000,0,0,"HV=OFF, Fault=NO"
224.143390,2026-03-10 18:22:52.825,ARDUINO_PSI,Arduino,0.000,0.000,12.769,,
224.167536,2026-03-10 18:22:52.849,WJ_VOLTAGE,WJ2,0.000,0.000,0,0,"HV=OFF, Fault=NO"
224.243172,2026-03-10 18:22:52.925,ARDUINO_PSI,Arduino,0.000,0.000,12.769,,
224.343665,2026-03-10 18:22:53.025,ARDUINO_PSI,Arduino,0.000,0.000,12.774,,
224.443792,2026-03-10 18:22:53.125,ARDUINO_PSI,Arduino,0.000,0.000,12.771,,
224.544411,2026-03-10 18:22:53.226,ARDUINO_PSI,Arduino,0.000,0.000,12.771,,
224.575955,2026-03-10 18:22:53.258,WJ_VOLTAGE,WJ1,0.000,0.000,0,0,"HV=OFF, Fault=NO"
224.643933,2026-03-10 18:22:53.326,ARDUINO_PSI,Arduino,0.000,0.000,12.755,,
224.699327,2026-03-10 18:22:53.381,WJ_VOLTAGE,WJ2,0.000,0.000,0,0,"HV=OFF, Fault=NO"
224.743666,2026-03-10 18:22:53.425,ARDUINO_PSI,Arduino,0.000,0.000,12.755,,
224.843944,2026-03-10 18:22:53.526,ARDUINO_PSI,Arduino,0.000,0.000,12.755,,
224.943946,2026-03-10 18:22:53.626,ARDUINO_PSI,Arduino,0.000,0.000,12.764,,
225.044237,2026-03-10 18:22:53.726,ARDUINO_PSI,Arduino,0.000,0.000,12.771,,
225.107142,2026-03-10 18:22:53.789,WJ_VOLTAGE,WJ1,0.000,0.000,0,0,"HV=OFF, Fault=NO"
225.143359,2026-03-10 18:22:53.825,ARDUINO_PSI,Arduino,0.000,0.000,12.767,,
225.233351,2026-03-10 18:22:53.915,WJ_VOLTAGE,WJ2,0.000,0.000,0,0,"HV=OFF, Fault=NO"
225.244390,2026-03-10 18:22:53.926,ARDUINO_PSI,Arduino,0.000,0.000,12.760,,
225.343938,2026-03-10 18:22:54.026,ARDUINO_PSI,Arduino,0.000,0.000,12.760,,
225.443434,2026-03-10 18:22:54.125,ARDUINO_PSI,Arduino,0.000,0.000,12.764,,
225.543208,2026-03-10 18:22:54.225,ARDUINO_PSI,Arduino,0.000,0.000,12.776,,
225.637922,2026-03-10 18:22:54.320,WJ_VOLTAGE,WJ1,0.000,0.000,0,0,"HV=OFF, Fault=NO"
225.645229,2026-03-10 18:22:54.327,ARDUINO_PSI,Arduino,0.000,0.000,12.785,,
225.744167,2026-03-10 18:22:54.426,ARDUINO_PSI,Arduino,0.000,0.000,12.780,,
225.761785,2026-03-10 18:22:54.443,WJ_VOLTAGE,WJ2,0.000,0.000,0,0,"HV=OFF, Fault=NO"
225.843841,2026-03-10 18:22:54.525,ARDUINO_PSI,Arduino,0.000,0.000,12.785,,
225.944084,2026-03-10 18:22:54.626,ARDUINO_PSI,Arduino,0.000,0.000,12.785,,
226.043356,2026-03-10 18:22:54.725,ARDUINO_PSI,Arduino,0.000,0.000,12.783,,
226.143916,2026-03-10 18:22:54.826,ARDUINO_PSI,Arduino,0.000,0.000,12.780,,
226.168418,2026-03-10 18:22:54.850,WJ_VOLTAGE,WJ1,0.000,0.000,0,0,"HV=OFF, Fault=NO"
226.244605,2026-03-10 18:22:54.926,ARDUINO_PSI,Arduino,0.000,0.000,12.785,,
226.291076,2026-03-10 18:22:54.973,WJ_VOLTAGE,WJ2,0.000,0.000,0,0,"HV=OFF, Fault=NO"
226.343662,2026-03-10 18:22:55.025,ARDUINO_PSI,Arduino,0.000,0.000,12.776,,
226.444199,2026-03-10 18:22:55.126,ARDUINO_PSI,Arduino,0.000,0.000,12.783,,
226.543950,2026-03-10 18:22:55.226,ARDUINO_PSI,Arduino,0.000,0.000,12.790,,
226.643858,2026-03-10 18:22:55.326,ARDUINO_PSI,Arduino,0.000,0.000,12.794,,
226.692987,2026-03-10 18:22:55.375,WJ_VOLTAGE,WJ1,0.000,0.000,0,0,"HV=OFF, Fault=NO"
226.743674,2026-03-10 18:22:55.425,ARDUINO_PSI,Arduino,0.000,0.000,12.796,,
226.816603,2026-03-10 18:22:55.498,WJ_VOLTAGE,WJ2,0.000,0.000,0,0,"HV=OFF, Fault=NO"
226.843748,2026-03-10 18:22:55.525,ARDUINO_PSI,Arduino,0.000,0.000,12.783,,
226.943765,2026-03-10 18:22:55.625,ARDUINO_PSI,Arduino,0.000,0.000,12.780,,
227.044391,2026-03-10 18:22:55.726,ARDUINO_PSI,Arduino,0.000,0.000,12.774,,
227.144074,2026-03-10 18:22:55.826,ARDUINO_PSI,Arduino,0.000,0.000,12.776,,
227.221881,2026-03-10 18:22:55.904,WJ_VOLTAGE,WJ1,0.000,0.000,0,0,"HV=OFF, Fault=NO"
227.243298,2026-03-10 18:22:55.925,ARDUINO_PSI,Arduino,0.000,0.000,12.776,,
227.343801,2026-03-10 18:22:56.025,ARDUINO_PSI,Arduino,0.000,0.000,12.780,,
227.346193,2026-03-10 18:22:56.028,WJ_VOLTAGE,WJ2,0.000,0.000,0,0,"HV=OFF, Fault=NO"
227.443715,2026-03-10 18:22:56.125,ARDUINO_PSI,Arduino,0.000,0.000,12.769,,
227.543921,2026-03-10 18:22:56.226,ARDUINO_PSI,Arduino,0.000,0.000,12.762,,
227.644060,2026-03-10 18:22:56.326,ARDUINO_PSI,Arduino,0.000,0.000,12.760,,
227.744700,2026-03-10 18:22:56.426,ARDUINO_PSI,Arduino,0.000,0.000,12.764,,
227.752782,2026-03-10 18:22:56.434,WJ_VOLTAGE,WJ1,0.000,0.000,0,0,"HV=OFF, Fault=NO"
227.844750,2026-03-10 18:22:56.526,ARDUINO_PSI,Arduino,0.000,0.000,12.767,,
227.875180,2026-03-10 18:22:56.557,WJ_VOLTAGE,WJ2,0.000,0.000,0,0,"HV=OFF, Fault=NO"
227.943765,2026-03-10 18:22:56.625,ARDUINO_PSI,Arduino,0.000,0.000,12.769,,
228.043998,2026-03-10 18:22:56.726,ARDUINO_PSI,Arduino,0.000,0.000,12.771,,
228.143823,2026-03-10 18:22:56.825,ARDUINO_PSI,Arduino,0.000,0.000,12.771,,
228.247288,2026-03-10 18:22:56.929,ARDUINO_PSI,Arduino,0.000,0.000,12.767,,
228.319580,2026-03-10 18:22:57.001,WJ_VOLTAGE,WJ1,0.000,0.000,0,0,"HV=OFF, Fault=NO"
228.343153,2026-03-10 18:22:57.025,ARDUINO_PSI,Arduino,0.000,0.000,12.783,,
228.556797,2026-03-10 18:22:57.238,WJ_COMMAND,WJ1,HV_ON,,,,HV_ON 
228.649863,2026-03-10 18:22:57.332,WJ_COMMAND,WJ2,HV_ON,,,,HV_ON 
228.651341,2026-03-10 18:22:57.333,WJ_VOLTAGE,WJ2,0.000,0.000,0,0,"HV=OFF, Fault=NO"
228.652164,2026-03-10 18:22:57.334,ARDUINO_PSI,Arduino,0.000,0.000,12.776,,
228.654816,2026-03-10 18:22:57.336,WJ_VOLTAGE,WJ1,0.000,0.000,0,0,"HV=OFF, Fault=NO"
228.655885,2026-03-10 18:22:57.338,ARDUINO_PSI,Arduino,0.000,0.000,12.778,,
228.657664,2026-03-10 18:22:57.339,WJ_VOLTAGE,WJ2,0.000,0.000,0,0,"HV=OFF, Fault=NO"
228.658505,2026-03-10 18:22:57.340,ARDUINO_PSI,Arduino,0.000,0.000,12.785,,
228.743884,2026-03-10 18:22:57.426,ARDUINO_PSI,Arduino,0.000,0.000,12.787,,
228.843798,2026-03-10 18:22:57.525,ARDUINO_PSI,Arduino,0.000,0.000,12.790,,
228.943866,2026-03-10 18:22:57.626,ARDUINO_PSI,Arduino,0.000,0.000,12.792,,
229.043609,2026-03-10 18:22:57.725,ARDUINO_PSI,Arduino,0.000,0.000,12.794,,
229.143998,2026-03-10 18:22:57.826,ARDUINO_PSI,Arduino,0.000,0.000,12.796,,
229.244502,2026-03-10 18:22:57.926,ARDUINO_PSI,Arduino,0.000,0.000,12.792,,
229.343928,2026-03-10 18:22:58.026,ARDUINO_PSI,Arduino,0.000,0.000,12.792,,
229.443962,2026-03-10 18:22:58.126,ARDUINO_PSI,Arduino,0.000,0.000,12.794,,
229.543928,2026-03-10 18:22:58.226,ARDUINO_PSI,Arduino,0.000,0.000,12.799,,
229.643903,2026-03-10 18:22:58.326,ARDUINO_PSI,Arduino,0.000,0.000,12.810,,
229.743974,2026-03-10 18:22:58.426,WJ_VOLTAGE,WJ1,1.760,2.000,0,0,"HV=OFF, Fault=NO"
229.745453,2026-03-10 18:22:58.427,ARDUINO_PSI,Arduino,0.000,0.000,12.812,,
229.836008,2026-03-10 18:22:58.518,WJ_VOLTAGE,WJ2,1.955,2.000,0,0,"HV=OFF, Fault=NO"
229.845503,2026-03-10 18:22:58.527,ARDUINO_PSI,Arduino,0.000,0.000,12.815,,
229.943903,2026-03-10 18:22:58.626,ARDUINO_PSI,Arduino,0.000,0.000,12.806,,
230.043309,2026-03-10 18:22:58.725,ARDUINO_PSI,Arduino,0.000,0.000,12.808,,
230.143761,2026-03-10 18:22:58.825,ARDUINO_PSI,Arduino,0.000,0.000,12.810,,
230.243895,2026-03-10 18:22:58.926,ARDUINO_PSI,Arduino,0.000,0.000,12.808,,
230.272440,2026-03-10 18:22:58.954,WJ_VOLTAGE,WJ1,3.030,2.000,0,0,"HV=OFF, Fault=NO"
230.343598,2026-03-10 18:22:59.025,ARDUINO_PSI,Arduino,0.000,0.000,12.794,,
230.367590,2026-03-10 18:22:59.049,WJ_VOLTAGE,WJ2,3.421,2.000,0,0,"HV=OFF, Fault=NO"
230.444194,2026-03-10 18:22:59.126,ARDUINO_PSI,Arduino,0.000,0.000,12.803,,
230.543865,2026-03-10 18:22:59.226,ARDUINO_PSI,Arduino,0.000,0.000,12.799,,
230.644122,2026-03-10 18:22:59.326,ARDUINO_PSI,Arduino,0.000,0.000,12.799,,
230.743849,2026-03-10 18:22:59.426,ARDUINO_PSI,Arduino,0.000,0.000,12.796,,
230.803015,2026-03-10 18:22:59.485,WJ_VOLTAGE,WJ1,4.301,2.000,0,0,"HV=OFF, Fault=NO"
230.843805,2026-03-10 18:22:59.525,ARDUINO_PSI,Arduino,0.000,0.000,12.801,,
230.895613,2026-03-10 18:22:59.577,WJ_VOLTAGE,WJ2,4.790,2.000,0,0,"HV=OFF, Fault=NO"
230.943240,2026-03-10 18:22:59.625,ARDUINO_PSI,Arduino,0.000,0.000,12.803,,
231.044574,2026-03-10 18:22:59.726,ARDUINO_PSI,Arduino,0.000,0.000,12.801,,
231.143884,2026-03-10 18:22:59.826,ARDUINO_PSI,Arduino,0.000,0.000,12.803,,
231.243426,2026-03-10 18:22:59.925,ARDUINO_PSI,Arduino,0.000,0.000,12.806,,
231.332592,2026-03-10 18:23:00.014,WJ_VOLTAGE,WJ1,5.474,2.000,0,0,"HV=OFF, Fault=NO"
231.344370,2026-03-10 18:23:00.026,ARDUINO_PSI,Arduino,0.000,0.000,12.799,,
231.425182,2026-03-10 18:23:00.107,WJ_VOLTAGE,WJ2,6.061,2.000,0,0,"HV=OFF, Fault=NO"
231.443266,2026-03-10 18:23:00.125,ARDUINO_PSI,Arduino,0.000,0.000,12.810,,
231.543985,2026-03-10 18:23:00.226,ARDUINO_PSI,Arduino,0.000,0.000,12.803,,
231.643511,2026-03-10 18:23:00.325,ARDUINO_PSI,Arduino,0.000,0.000,12.794,,
231.743819,2026-03-10 18:23:00.425,ARDUINO_PSI,Arduino,0.000,0.000,12.794,,
231.843519,2026-03-10 18:23:00.525,ARDUINO_PSI,Arduino,0.000,0.000,12.792,,
231.861291,2026-03-10 18:23:00.543,WJ_VOLTAGE,WJ1,6.745,2.000,0,0,"HV=OFF, Fault=NO"
231.943775,2026-03-10 18:23:00.625,ARDUINO_PSI,Arduino,0.000,0.000,12.792,,
231.956573,2026-03-10 18:23:00.638,WJ_VOLTAGE,WJ2,7.527,2.000,0,0,"HV=OFF, Fault=NO"
232.044424,2026-03-10 18:23:00.726,ARDUINO_PSI,Arduino,0.000,0.000,12.799,,
232.143780,2026-03-10 18:23:00.825,ARDUINO_PSI,Arduino,0.000,0.000,12.787,,
232.243855,2026-03-10 18:23:00.926,ARDUINO_PSI,Arduino,0.000,0.000,12.790,,
232.343953,2026-03-10 18:23:01.026,ARDUINO_PSI,Arduino,0.000,0.000,12.799,,
232.390888,2026-03-10 18:23:01.073,WJ_VOLTAGE,WJ1,8.016,2.000,0,0,"HV=OFF, Fault=NO"
232.443489,2026-03-10 18:23:01.125,ARDUINO_PSI,Arduino,0.000,0.000,12.799,,
232.484605,2026-03-10 18:23:01.166,WJ_VOLTAGE,WJ2,8.993,2.000,0,0,"HV=OFF, Fault=NO"
232.543762,2026-03-10 18:23:01.225,ARDUINO_PSI,Arduino,0.000,0.000,12.796,,
232.644771,2026-03-10 18:23:01.326,ARDUINO_PSI,Arduino,0.000,0.000,12.783,,
232.744634,2026-03-10 18:23:01.426,ARDUINO_PSI,Arduino,0.000,0.000,12.769,,
232.843909,2026-03-10 18:23:01.526,ARDUINO_PSI,Arduino,0.000,0.000,12.774,,
232.919885,2026-03-10 18:23:01.602,WJ_VOLTAGE,WJ1,9.286,2.000,0,0,"HV=OFF, Fault=NO"
232.943930,2026-03-10 18:23:01.626,ARDUINO_PSI,Arduino,0.000,0.000,12.767,,
233.012067,2026-03-10 18:23:01.694,WJ_VOLTAGE,WJ2,10.362,2.000,0,0,"HV=OFF, Fault=NO"
233.043418,2026-03-10 18:23:01.725,ARDUINO_PSI,Arduino,0.000,0.000,12.767,,
233.143919,2026-03-10 18:23:01.826,ARDUINO_PSI,Arduino,0.000,0.000,12.762,,
233.243447,2026-03-10 18:23:01.925,ARDUINO_PSI,Arduino,0.000,0.000,12.760,,
233.343782,2026-03-10 18:23:02.025,ARDUINO_PSI,Arduino,0.000,0.000,12.762,,
233.443925,2026-03-10 18:23:02.126,ARDUINO_PSI,Arduino,0.000,0.000,12.746,,
233.449063,2026-03-10 18:23:02.131,WJ_VOLTAGE,WJ1,10.557,2.000,0,0,"HV=OFF, Fault=NO"
233.541293,2026-03-10 18:23:02.223,WJ_VOLTAGE,WJ2,11.828,2.000,0,0,"HV=OFF, Fault=NO"
233.553222,2026-03-10 18:23:02.235,ARDUINO_PSI,Arduino,0.000,0.000,12.751,,
233.644002,2026-03-10 18:23:02.326,ARDUINO_PSI,Arduino,0.000,0.000,12.755,,
233.744087,2026-03-10 18:23:02.426,ARDUINO_PSI,Arduino,0.000,0.000,12.746,,
233.844193,2026-03-10 18:23:02.526,ARDUINO_PSI,Arduino,0.000,0.000,12.746,,
233.943732,2026-03-10 18:23:02.625,ARDUINO_PSI,Arduino,0.000,0.000,12.746,,
233.976977,2026-03-10 18:23:02.659,WJ_VOLTAGE,WJ1,11.828,2.000,0,0,"HV=OFF, Fault=NO"
234.043803,2026-03-10 18:23:02.725,ARDUINO_PSI,Arduino,0.000,0.000,12.735,,
234.070871,2026-03-10 18:23:02.753,WJ_VOLTAGE,WJ2,13.099,2.000,0,0,"HV=OFF, Fault=NO"
234.143926,2026-03-10 18:23:02.826,ARDUINO_PSI,Arduino,0.000,0.000,12.737,,
234.244035,2026-03-10 18:23:02.926,ARDUINO_PSI,Arduino,0.000,0.000,12.739,,
234.343910,2026-03-10 18:23:03.026,ARDUINO_PSI,Arduino,0.000,0.000,12.726,,
234.443731,2026-03-10 18:23:03.125,ARDUINO_PSI,Arduino,0.000,0.000,12.728,,
234.508429,2026-03-10 18:23:03.190,WJ_VOLTAGE,WJ1,13.099,2.000,0,0,"HV=OFF, Fault=NO"
234.543477,2026-03-10 18:23:03.225,ARDUINO_PSI,Arduino,0.000,0.000,12.723,,
234.602646,2026-03-10 18:23:03.284,WJ_VOLTAGE,WJ2,14.565,2.000,0,0,"HV=OFF, Fault=NO"
234.643817,2026-03-10 18:23:03.325,ARDUINO_PSI,Arduino,0.000,0.000,12.728,,
234.744060,2026-03-10 18:23:03.426,ARDUINO_PSI,Arduino,0.000,0.000,12.732,,
234.843884,2026-03-10 18:23:03.526,ARDUINO_PSI,Arduino,0.000,0.000,12.728,,
234.944539,2026-03-10 18:23:03.626,ARDUINO_PSI,Arduino,0.000,0.000,12.732,,
235.038043,2026-03-10 18:23:03.720,WJ_VOLTAGE,WJ1,14.467,2.000,0,0,"HV=OFF, Fault=NO"
235.045389,2026-03-10 18:23:03.727,ARDUINO_PSI,Arduino,0.000,0.000,12.730,,
235.131320,2026-03-10 18:23:03.813,WJ_VOLTAGE,WJ2,16.031,2.000,0,0,"HV=OFF, Fault=NO"
235.145636,2026-03-10 18:23:03.827,ARDUINO_PSI,Arduino,0.000,0.000,12.735,,
235.243934,2026-03-10 18:23:03.926,ARDUINO_PSI,Arduino,0.000,0.000,12.735,,
235.344046,2026-03-10 18:23:04.026,ARDUINO_PSI,Arduino,0.000,0.000,12.742,,
235.443747,2026-03-10 18:23:04.125,ARDUINO_PSI,Arduino,0.000,0.000,12.742,,
235.543759,2026-03-10 18:23:04.225,ARDUINO_PSI,Arduino,0.000,0.000,12.744,,
235.566744,2026-03-10 18:23:04.248,WJ_VOLTAGE,WJ1,15.738,2.000,0,0,"HV=OFF, Fault=NO"
235.644312,2026-03-10 18:23:04.326,ARDUINO_PSI,Arduino,0.000,0.000,12.739,,
235.660241,2026-03-10 18:23:04.342,WJ_VOLTAGE,WJ2,17.498,2.000,0,0,"HV=OFF, Fault=NO"
235.743871,2026-03-10 18:23:04.426,ARDUINO_PSI,Arduino,0.000,0.000,12.744,,
235.843262,2026-03-10 18:23:04.525,ARDUINO_PSI,Arduino,0.000,0.000,12.744,,
235.943758,2026-03-10 18:23:04.625,ARDUINO_PSI,Arduino,0.000,0.000,12.742,,
236.043908,2026-03-10 18:23:04.726,ARDUINO_PSI,Arduino,0.000,0.000,12.746,,
236.096201,2026-03-10 18:23:04.778,WJ_VOLTAGE,WJ1,17.009,2.000,0,0,"HV=OFF, Fault=NO"
236.143822,2026-03-10 18:23:04.825,ARDUINO_PSI,Arduino,0.000,0.000,12.748,,
236.188851,2026-03-10 18:23:04.871,WJ_VOLTAGE,WJ2,18.866,2.000,0,0,"HV=OFF, Fault=NO"
236.243975,2026-03-10 18:23:04.926,ARDUINO_PSI,Arduino,0.000,0.000,12.748,,
236.343955,2026-03-10 18:23:05.026,ARDUINO_PSI,Arduino,0.000,0.000,12.758,,
236.443743,2026-03-10 18:23:05.125,ARDUINO_PSI,Arduino,0.000,0.000,12.753,,
236.543831,2026-03-10 18:23:05.225,ARDUINO_PSI,Arduino,0.000,0.000,12.755,,
236.621825,2026-03-10 18:23:05.303,WJ_VOLTAGE,WJ1,18.280,2.000,0,0,"HV=OFF, Fault=NO"
236.643304,2026-03-10 18:23:05.325,ARDUINO_PSI,Arduino,0.000,0.000,12.762,,
236.716527,2026-03-10 18:23:05.398,WJ_VOLTAGE,WJ2,20.235,2.000,0,0,"HV=OFF, Fault=NO"
236.743332,2026-03-10 18:23:05.425,ARDUINO_PSI,Arduino,0.000,0.000,12.769,,
236.844026,2026-03-10 18:23:05.526,ARDUINO_PSI,Arduino,0.000,0.000,12.769,,
236.943898,2026-03-10 18:23:05.626,ARDUINO_PSI,Arduino,0.000,0.000,12.755,,
237.043619,2026-03-10 18:23:05.725,ARDUINO_PSI,Arduino,0.000,0.000,12.762,,
237.143465,2026-03-10 18:23:05.825,ARDUINO_PSI,Arduino,0.000,0.000,12.764,,
237.148815,2026-03-10 18:23:05.830,WJ_VOLTAGE,WJ1,19.550,2.000,0,0,"HV=OFF, Fault=NO"
237.244076,2026-03-10 18:23:05.926,ARDUINO_PSI,Arduino,0.000,0.000,12.758,,
237.258840,2026-03-10 18:23:05.940,WJ_VOLTAGE,WJ2,21.799,2.000,0,0,"HV=OFF, Fault=NO"
237.343465,2026-03-10 18:23:06.025,ARDUINO_PSI,Arduino,0.000,0.000,12.762,,
237.444692,2026-03-10 18:23:06.126,ARDUINO_PSI,Arduino,0.000,0.000,12.767,,
237.543945,2026-03-10 18:23:06.226,ARDUINO_PSI,Arduino,0.000,0.000,12.769,,
237.643816,2026-03-10 18:23:06.325,ARDUINO_PSI,Arduino,0.000,0.000,12.767,,
237.678716,2026-03-10 18:23:06.360,WJ_VOLTAGE,WJ1,20.821,2.000,0,0,"HV=OFF, Fault=NO"
237.743848,2026-03-10 18:23:06.426,ARDUINO_PSI,Arduino,0.000,0.000,12.760,,
237.789677,2026-03-10 18:23:06.471,WJ_VOLTAGE,WJ2,23.069,2.000,0,0,"HV=OFF, Fault=NO"
237.843989,2026-03-10 18:23:06.526,ARDUINO_PSI,Arduino,0.000,0.000,12.762,,
237.943844,2026-03-10 18:23:06.626,ARDUINO_PSI,Arduino,0.000,0.000,12.767,,
238.044381,2026-03-10 18:23:06.726,ARDUINO_PSI,Arduino,0.000,0.000,12.762,,
238.143919,2026-03-10 18:23:06.826,ARDUINO_PSI,Arduino,0.000,0.000,12.753,,
238.212636,2026-03-10 18:23:06.894,WJ_VOLTAGE,WJ1,22.092,2.000,0,0,"HV=OFF, Fault=NO"
238.243192,2026-03-10 18:23:06.925,ARDUINO_PSI,Arduino,0.000,0.000,12.760,,
238.321120,2026-03-10 18:23:07.003,WJ_VOLTAGE,WJ2,24.536,2.006,0,0,"HV=OFF, Fault=NO"
238.343217,2026-03-10 18:23:07.025,ARDUINO_PSI,Arduino,0.000,0.000,12.767,,
238.444002,2026-03-10 18:23:07.126,ARDUINO_PSI,Arduino,0.000,0.000,12.771,,
238.543635,2026-03-10 18:23:07.225,ARDUINO_PSI,Arduino,0.000,0.000,12.771,,
238.644205,2026-03-10 18:23:07.326,ARDUINO_PSI,Arduino,0.000,0.000,12.758,,
238.737823,2026-03-10 18:23:07.419,WJ_VOLTAGE,WJ1,23.363,2.000,0,0,"HV=OFF, Fault=NO"
238.758058,2026-03-10 18:23:07.440,ARDUINO_PSI,Arduino,0.000,0.000,12.755,,
238.844139,2026-03-10 18:23:07.526,ARDUINO_PSI,Arduino,0.000,0.000,12.758,,
238.849642,2026-03-10 18:23:07.531,WJ_VOLTAGE,WJ2,25.904,2.000,0,0,"HV=OFF, Fault=NO"
238.944007,2026-03-10 18:23:07.626,ARDUINO_PSI,Arduino,0.000,0.000,12.780,,
239.044457,2026-03-10 18:23:07.726,ARDUINO_PSI,Arduino,0.000,0.000,12.783,,
239.143844,2026-03-10 18:23:07.825,ARDUINO_PSI,Arduino,0.000,0.000,12.785,,
239.243299,2026-03-10 18:23:07.925,ARDUINO_PSI,Arduino,0.000,0.000,12.780,,
239.264826,2026-03-10 18:23:07.946,WJ_VOLTAGE,WJ1,24.633,2.000,0,0,"HV=OFF, Fault=NO"
239.344015,2026-03-10 18:23:08.026,ARDUINO_PSI,Arduino,0.000,0.000,12.764,,
239.375957,2026-03-10 18:23:08.058,WJ_VOLTAGE,WJ2,27.370,2.006,0,0,"HV=OFF, Fault=NO"
239.443981,2026-03-10 18:23:08.126,ARDUINO_PSI,Arduino,0.000,0.000,12.764,,
239.544424,2026-03-10 18:23:08.226,ARDUINO_PSI,Arduino,0.000,0.000,12.751,,
239.644315,2026-03-10 18:23:08.326,ARDUINO_PSI,Arduino,0.000,0.000,12.753,,
239.744044,2026-03-10 18:23:08.426,ARDUINO_PSI,Arduino,0.000,0.000,12.758,,
239.798032,2026-03-10 18:23:08.480,WJ_VOLTAGE,WJ1,25.904,2.000,0,0,"HV=OFF, Fault=NO"
239.844398,2026-03-10 18:23:08.526,ARDUINO_PSI,Arduino,0.000,0.000,12.746,,
239.907446,2026-03-10 18:23:08.589,WJ_VOLTAGE,WJ2,28.837,2.006,0,0,"HV=OFF, Fault=NO"
239.943560,2026-03-10 18:23:08.625,ARDUINO_PSI,Arduino,0.000,0.000,12.751,,
240.044405,2026-03-10 18:23:08.726,ARDUINO_PSI,Arduino,0.000,0.000,12.753,,
240.143429,2026-03-10 18:23:08.825,ARDUINO_PSI,Arduino,0.000,0.000,12.774,,
240.244081,2026-03-10 18:23:08.926,ARDUINO_PSI,Arduino,0.000,0.000,12.760,,
240.326124,2026-03-10 18:23:09.008,WJ_VOLTAGE,WJ1,27.175,2.000,0,0,"HV=OFF, Fault=NO"
240.343191,2026-03-10 18:23:09.025,ARDUINO_PSI,Arduino,0.000,0.000,12.762,,
240.434556,2026-03-10 18:23:09.116,WJ_VOLTAGE,WJ2,30.108,2.006,0,0,"HV=OFF, Fault=NO"
240.451306,2026-03-10 18:23:09.133,ARDUINO_PSI,Arduino,0.000,0.000,12.760,,
240.544202,2026-03-10 18:23:09.226,ARDUINO_PSI,Arduino,0.000,0.000,12.767,,
240.643428,2026-03-10 18:23:09.325,ARDUINO_PSI,Arduino,0.000,0.000,12.774,,
240.743264,2026-03-10 18:23:09.425,ARDUINO_PSI,Arduino,0.000,0.000,12.776,,
240.843162,2026-03-10 18:23:09.525,ARDUINO_PSI,Arduino,0.000,0.000,12.760,,
240.857815,2026-03-10 18:23:09.539,WJ_VOLTAGE,WJ1,28.446,2.000,0,0,"HV=OFF, Fault=NO"
240.943399,2026-03-10 18:23:09.625,ARDUINO_PSI,Arduino,0.000,0.000,12.748,,
240.967874,2026-03-10 18:23:09.650,WJ_VOLTAGE,WJ2,31.574,2.000,0,0,"HV=OFF, Fault=NO"
241.043757,2026-03-10 18:23:09.725,ARDUINO_PSI,Arduino,0.000,0.000,12.748,,
241.143865,2026-03-10 18:23:09.826,ARDUINO_PSI,Arduino,0.000,0.000,12.735,,
241.243354,2026-03-10 18:23:09.925,ARDUINO_PSI,Arduino,0.000,0.000,12.746,,
241.343209,2026-03-10 18:23:10.025,ARDUINO_PSI,Arduino,0.000,0.000,12.751,,
241.378718,2026-03-10 18:23:10.060,WJ_VOLTAGE,WJ1,29.619,2.000,0,0,"HV=OFF, Fault=NO"
241.443739,2026-03-10 18:23:10.125,ARDUINO_PSI,Arduino,0.000,0.000,12.751,,
241.502923,2026-03-10 18:23:10.185,WJ_VOLTAGE,WJ2,32.942,2.000,0,0,"HV=OFF, Fault=NO"
241.543297,2026-03-10 18:23:10.225,ARDUINO_PSI,Arduino,0.000,0.000,12.748,,
241.643547,2026-03-10 18:23:10.325,ARDUINO_PSI,Arduino,0.000,0.000,12.753,,
241.743814,2026-03-10 18:23:10.425,ARDUINO_PSI,Arduino,0.000,0.000,12.753,,
241.843884,2026-03-10 18:23:10.526,ARDUINO_PSI,Arduino,0.000,0.000,12.769,,
241.906921,2026-03-10 18:23:10.589,WJ_VOLTAGE,WJ1,30.890,2.000,0,0,"HV=OFF, Fault=NO"
241.943853,2026-03-10 18:23:10.626,ARDUINO_PSI,Arduino,0.000,0.000,12.769,,
242.031131,2026-03-10 18:23:10.713,WJ_VOLTAGE,WJ2,34.409,2.000,0,0,"HV=OFF, Fault=NO"
242.043206,2026-03-10 18:23:10.725,ARDUINO_PSI,Arduino,0.000,0.000,12.787,,
242.144102,2026-03-10 18:23:10.826,ARDUINO_PSI,Arduino,0.000,0.000,12.778,,
242.243911,2026-03-10 18:23:10.926,ARDUINO_PSI,Arduino,0.000,0.000,12.787,,
242.343837,2026-03-10 18:23:11.025,ARDUINO_PSI,Arduino,0.000,0.000,12.787,,
242.435033,2026-03-10 18:23:11.117,WJ_VOLTAGE,WJ1,32.160,2.000,0,0,"HV=OFF, Fault=NO"
242.449688,2026-03-10 18:23:11.131,ARDUINO_PSI,Arduino,0.000,0.000,12.792,,
242.543258,2026-03-10 18:23:11.225,ARDUINO_PSI,Arduino,0.000,0.000,12.792,,
242.557555,2026-03-10 18:23:11.239,WJ_VOLTAGE,WJ2,35.875,2.006,0,0,"HV=OFF, Fault=NO"
242.643973,2026-03-10 18:23:11.326,ARDUINO_PSI,Arduino,0.000,0.000,12.796,,
242.743808,2026-03-10 18:23:11.425,ARDUINO_PSI,Arduino,0.000,0.000,12.796,,
242.843917,2026-03-10 18:23:11.526,ARDUINO_PSI,Arduino,0.000,0.000,12.803,,
242.943930,2026-03-10 18:23:11.626,ARDUINO_PSI,Arduino,0.000,0.000,12.799,,
242.962907,2026-03-10 18:23:11.645,WJ_VOLTAGE,WJ1,33.431,2.000,0,0,"HV=OFF, Fault=NO"
243.044375,2026-03-10 18:23:11.726,ARDUINO_PSI,Arduino,0.000,0.000,12.787,,
243.087546,2026-03-10 18:23:11.769,WJ_VOLTAGE,WJ2,37.146,2.006,0,0,"HV=OFF, Fault=NO"
243.143394,2026-03-10 18:23:11.825,ARDUINO_PSI,Arduino,0.000,0.000,12.794,,
243.243915,2026-03-10 18:23:11.926,ARDUINO_PSI,Arduino,0.000,0.000,12.794,,
243.343420,2026-03-10 18:23:12.025,ARDUINO_PSI,Arduino,0.000,0.000,12.796,,
243.444144,2026-03-10 18:23:12.126,ARDUINO_PSI,Arduino,0.000,0.000,12.808,,
243.492617,2026-03-10 18:23:12.174,WJ_VOLTAGE,WJ1,34.702,2.000,0,0,"HV=OFF, Fault=NO"
243.543851,2026-03-10 18:23:12.226,ARDUINO_PSI,Arduino,0.000,0.000,12.815,,
243.616253,2026-03-10 18:23:12.298,WJ_VOLTAGE,WJ2,38.514,2.006,0,0,"HV=OFF, Fault=NO"
243.643413,2026-03-10 18:23:12.325,ARDUINO_PSI,Arduino,0.000,0.000,12.810,,
243.743871,2026-03-10 18:23:12.426,ARDUINO_PSI,Arduino,0.000,0.000,12.815,,
243.844056,2026-03-10 18:23:12.526,ARDUINO_PSI,Arduino,0.000,0.000,12.815,,
243.943348,2026-03-10 18:23:12.625,ARDUINO_PSI,Arduino,0.000,0.000,12.819,,
244.020090,2026-03-10 18:23:12.702,WJ_VOLTAGE,WJ1,36.070,2.000,0,0,"HV=OFF, Fault=NO"
244.043352,2026-03-10 18:23:12.725,ARDUINO_PSI,Arduino,0.000,0.000,12.806,,
244.145906,2026-03-10 18:23:12.828,WJ_VOLTAGE,WJ2,39.980,2.006,0,0,"HV=OFF, Fault=NO"
244.149588,2026-03-10 18:23:12.831,ARDUINO_PSI,Arduino,0.000,0.000,12.803,,
244.243775,2026-03-10 18:23:12.925,ARDUINO_PSI,Arduino,0.000,0.000,12.810,,
244.343874,2026-03-10 18:23:13.026,ARDUINO_PSI,Arduino,0.000,0.000,12.806,,
244.443244,2026-03-10 18:23:13.125,ARDUINO_PSI,Arduino,0.000,0.000,12.796,,
244.543664,2026-03-10 18:23:13.225,ARDUINO_PSI,Arduino,0.000,0.000,12.790,,
244.551381,2026-03-10 18:23:13.233,WJ_VOLTAGE,WJ1,37.146,2.000,0,0,"HV=OFF, Fault=NO"
244.644698,2026-03-10 18:23:13.326,ARDUINO_PSI,Arduino,0.000,0.000,12.785,,
244.675000,2026-03-10 18:23:13.357,WJ_VOLTAGE,WJ2,41.447,2.000,0,0,"HV=OFF, Fault=NO"
244.743786,2026-03-10 18:23:13.425,ARDUINO_PSI,Arduino,0.000,0.000,12.785,,
244.844070,2026-03-10 18:23:13.526,ARDUINO_PSI,Arduino,0.000,0.000,12.790,,
244.943868,2026-03-10 18:23:13.626,ARDUINO_PSI,Arduino,0.000,0.000,12.799,,
245.043313,2026-03-10 18:23:13.725,ARDUINO_PSI,Arduino,0.000,0.000,12.808,,
245.079290,2026-03-10 18:23:13.761,WJ_VOLTAGE,WJ1,38.416,2.000,0,0,"HV=OFF, Fault=NO"
245.143923,2026-03-10 18:23:13.826,ARDUINO_PSI,Arduino,0.000,0.000,12.808,,
245.202552,2026-03-10 18:23:13.884,WJ_VOLTAGE,WJ2,42.815,2.000,0,0,"HV=OFF, Fault=NO"
245.243604,2026-03-10 18:23:13.925,ARDUINO_PSI,Arduino,0.000,0.000,12.808,,
245.343648,2026-03-10 18:23:14.025,ARDUINO_PSI,Arduino,0.000,0.000,12.810,,
245.443913,2026-03-10 18:23:14.126,ARDUINO_PSI,Arduino,0.000,0.000,12.796,,
245.543854,2026-03-10 18:23:14.226,ARDUINO_PSI,Arduino,0.000,0.000,12.801,,
245.606478,2026-03-10 18:23:14.288,WJ_VOLTAGE,WJ1,39.687,2.006,0,0,"HV=OFF, Fault=NO"
245.643260,2026-03-10 18:23:14.325,ARDUINO_PSI,Arduino,0.000,0.000,12.794,,
245.731743,2026-03-10 18:23:14.413,WJ_VOLTAGE,WJ2,44.184,2.006,0,0,"HV=OFF, Fault=NO"
245.745587,2026-03-10 18:23:14.427,ARDUINO_PSI,Arduino,0.000,0.000,12.794,,
245.844013,2026-03-10 18:23:14.526,ARDUINO_PSI,Arduino,0.000,0.000,12.792,,
245.944202,2026-03-10 18:23:14.626,ARDUINO_PSI,Arduino,0.000,0.000,12.769,,
246.043580,2026-03-10 18:23:14.725,ARDUINO_PSI,Arduino,0.000,0.000,12.771,,
246.134116,2026-03-10 18:23:14.816,WJ_VOLTAGE,WJ1,40.958,2.000,0,0,"HV=OFF, Fault=NO"
246.143137,2026-03-10 18:23:14.825,ARDUINO_PSI,Arduino,0.000,0.000,12.764,,
246.243992,2026-03-10 18:23:14.926,ARDUINO_PSI,Arduino,0.000,0.000,12.753,,
246.259724,2026-03-10 18:23:14.941,WJ_VOLTAGE,WJ2,45.552,2.006,0,0,"HV=OFF, Fault=NO"
246.344221,2026-03-10 18:23:15.026,ARDUINO_PSI,Arduino,0.000,0.000,12.739,,
246.443969,2026-03-10 18:23:15.126,ARDUINO_PSI,Arduino,0.000,0.000,12.746,,
246.543757,2026-03-10 18:23:15.225,ARDUINO_PSI,Arduino,0.000,0.000,12.744,,
246.643914,2026-03-10 18:23:15.326,ARDUINO_PSI,Arduino,0.000,0.000,12.748,,
246.666227,2026-03-10 18:23:15.348,WJ_VOLTAGE,WJ1,42.326,2.000,0,0,"HV=OFF, Fault=NO"
246.744168,2026-03-10 18:23:15.426,ARDUINO_PSI,Arduino,0.000,0.000,12.746,,
246.789804,2026-03-10 18:23:15.471,WJ_VOLTAGE,WJ2,47.019,2.006,0,0,"HV=OFF, Fault=NO"
246.843624,2026-03-10 18:23:15.525,ARDUINO_PSI,Arduino,0.000,0.000,12.737,,
246.943933,2026-03-10 18:23:15.626,ARDUINO_PSI,Arduino,0.000,0.000,12.728,,
247.044493,2026-03-10 18:23:15.726,ARDUINO_PSI,Arduino,0.000,0.000,12.726,,
247.144169,2026-03-10 18:23:15.826,ARDUINO_PSI,Arduino,0.000,0.000,12.723,,
247.196788,2026-03-10 18:23:15.878,WJ_VOLTAGE,WJ1,43.597,2.000,0,0,"HV=OFF, Fault=NO"
247.243967,2026-03-10 18:23:15.926,ARDUINO_PSI,Arduino,0.000,0.000,12.728,,
247.324111,2026-03-10 18:23:16.006,WJ_VOLTAGE,WJ2,48.387,2.006,0,0,"HV=OFF, Fault=NO"
247.343247,2026-03-10 18:23:16.025,ARDUINO_PSI,Arduino,0.000,0.000,12.721,,
247.443926,2026-03-10 18:23:16.126,ARDUINO_PSI,Arduino,0.000,0.000,12.719,,
247.544651,2026-03-10 18:23:16.226,ARDUINO_PSI,Arduino,0.000,0.000,12.712,,
247.644880,2026-03-10 18:23:16.327,ARDUINO_PSI,Arduino,0.000,0.000,12.721,,
247.716472,2026-03-10 18:23:16.398,WJ_VOLTAGE,WJ1,44.770,2.000,0,0,"HV=OFF, Fault=NO"
247.743339,2026-03-10 18:23:16.425,ARDUINO_PSI,Arduino,0.000,0.000,12.705,,
247.843768,2026-03-10 18:23:16.525,ARDUINO_PSI,Arduino,0.000,0.000,12.694,,
247.854580,2026-03-10 18:23:16.536,WJ_VOLTAGE,WJ2,49.853,2.006,0,0,"HV=OFF, Fault=NO"
247.943910,2026-03-10 18:23:16.626,ARDUINO_PSI,Arduino,0.000,0.000,12.700,,
248.043523,2026-03-10 18:23:16.725,ARDUINO_PSI,Arduino,0.000,0.000,12.698,,
248.144218,2026-03-10 18:23:16.826,ARDUINO_PSI,Arduino,0.000,0.000,12.703,,
248.243805,2026-03-10 18:23:16.925,ARDUINO_PSI,Arduino,0.000,0.000,12.700,,
248.250536,2026-03-10 18:23:16.932,WJ_VOLTAGE,WJ1,46.041,2.006,0,0,"HV=OFF, Fault=NO"
248.343871,2026-03-10 18:23:17.026,ARDUINO_PSI,Arduino,0.000,0.000,12.712,,
248.387703,2026-03-10 18:23:17.069,WJ_VOLTAGE,WJ2,51.222,2.006,0,0,"HV=OFF, Fault=NO"
248.443521,2026-03-10 18:23:17.125,ARDUINO_PSI,Arduino,0.000,0.000,12.698,,
248.543747,2026-03-10 18:23:17.225,ARDUINO_PSI,Arduino,0.000,0.000,12.705,,
248.643873,2026-03-10 18:23:17.326,ARDUINO_PSI,Arduino,0.000,0.000,12.700,,
248.743684,2026-03-10 18:23:17.425,ARDUINO_PSI,Arduino,0.000,0.000,12.707,,
248.775215,2026-03-10 18:23:17.457,WJ_VOLTAGE,WJ1,47.312,2.000,0,0,"HV=OFF, Fault=NO"
248.843993,2026-03-10 18:23:17.526,ARDUINO_PSI,Arduino,0.000,0.000,12.714,,
248.916593,2026-03-10 18:23:17.598,WJ_VOLTAGE,WJ2,52.590,2.006,0,0,"HV=OFF, Fault=NO"
248.943794,2026-03-10 18:23:17.625,ARDUINO_PSI,Arduino,0.000,0.000,12.728,,
249.043833,2026-03-10 18:23:17.725,ARDUINO_PSI,Arduino,0.000,0.000,12.726,,
249.143894,2026-03-10 18:23:17.826,ARDUINO_PSI,Arduino,0.000,0.000,12.719,,
249.243848,2026-03-10 18:23:17.926,ARDUINO_PSI,Arduino,0.000,0.000,12.712,,
249.304510,2026-03-10 18:23:17.986,WJ_VOLTAGE,WJ1,48.583,2.006,0,0,"HV=OFF, Fault=NO"
249.343600,2026-03-10 18:23:18.025,ARDUINO_PSI,Arduino,0.000,0.000,12.719,,
249.444719,2026-03-10 18:23:18.126,ARDUINO_PSI,Arduino,0.000,0.000,12.712,,
249.450399,2026-03-10 18:23:18.132,WJ_VOLTAGE,WJ2,53.959,2.006,0,0,"HV=OFF, Fault=NO"
249.543787,2026-03-10 18:23:18.225,ARDUINO_PSI,Arduino,0.000,0.000,12.710,,
249.643910,2026-03-10 18:23:18.326,ARDUINO_PSI,Arduino,0.000,0.000,12.707,,
249.743426,2026-03-10 18:23:18.425,ARDUINO_PSI,Arduino,0.000,0.000,12.719,,
249.836484,2026-03-10 18:23:18.518,WJ_VOLTAGE,WJ1,49.756,2.000,0,0,"HV=OFF, Fault=NO"
249.844121,2026-03-10 18:23:18.526,ARDUINO_PSI,Arduino,0.000,0.000,12.726,,
249.944606,2026-03-10 18:23:18.626,ARDUINO_PSI,Arduino,0.000,0.000,12.723,,
249.963632,2026-03-10 18:23:18.645,WJ_VOLTAGE,WJ2,55.327,2.006,0,0,"HV=OFF, Fault=NO"
250.044257,2026-03-10 18:23:18.726,ARDUINO_PSI,Arduino,0.000,0.000,12.726,,
250.144781,2026-03-10 18:23:18.826,ARDUINO_PSI,Arduino,0.000,0.000,12.730,,
250.243863,2026-03-10 18:23:18.926,ARDUINO_PSI,Arduino,0.000,0.000,12.730,,
250.343972,2026-03-10 18:23:19.026,ARDUINO_PSI,Arduino,0.000,0.000,12.723,,
250.370780,2026-03-10 18:23:19.052,WJ_VOLTAGE,WJ1,51.124,2.000,0,0,"HV=OFF, Fault=NO"
250.443987,2026-03-10 18:23:19.126,ARDUINO_PSI,Arduino,0.000,0.000,12.742,,
250.495295,2026-03-10 18:23:19.177,WJ_VOLTAGE,WJ2,56.794,2.006,0,0,"HV=OFF, Fault=NO"
250.543245,2026-03-10 18:23:19.225,ARDUINO_PSI,Arduino,0.000,0.000,12.746,,
250.644003,2026-03-10 18:23:19.326,ARDUINO_PSI,Arduino,0.000,0.000,12.742,,
250.744191,2026-03-10 18:23:19.426,ARDUINO_PSI,Arduino,0.000,0.000,12.748,,
250.844167,2026-03-10 18:23:19.526,ARDUINO_PSI,Arduino,0.000,0.000,12.744,,
250.900077,2026-03-10 18:23:19.582,WJ_VOLTAGE,WJ1,52.297,2.006,0,0,"HV=OFF, Fault=NO"
250.943852,2026-03-10 18:23:19.626,ARDUINO_PSI,Arduino,0.000,0.000,12.735,,
251.025134,2026-03-10 18:23:19.707,WJ_VOLTAGE,WJ2,58.065,2.006,0,0,"HV=OFF, Fault=NO"
251.043291,2026-03-10 18:23:19.725,ARDUINO_PSI,Arduino,0.000,0.000,12.744,,
251.144121,2026-03-10 18:23:19.826,ARDUINO_PSI,Arduino,0.000,0.000,12.746,,
251.244014,2026-03-10 18:23:19.926,ARDUINO_PSI,Arduino,0.000,0.000,12.746,,
251.343934,2026-03-10 18:23:20.026,ARDUINO_PSI,Arduino,0.000,0.000,12.744,,
251.431248,2026-03-10 18:23:20.113,WJ_VOLTAGE,WJ1,53.568,2.006,0,0,"HV=OFF, Fault=NO"
251.443142,2026-03-10 18:23:20.125,ARDUINO_PSI,Arduino,0.000,0.000,12.748,,
251.544106,2026-03-10 18:23:20.226,ARDUINO_PSI,Arduino,0.000,0.000,12.760,,
251.555329,2026-03-10 18:23:20.237,WJ_VOLTAGE,WJ2,59.531,2.006,0,0,"HV=OFF, Fault=NO"
251.643994,2026-03-10 18:23:20.326,ARDUINO_PSI,Arduino,0.000,0.000,12.764,,
251.743985,2026-03-10 18:23:20.426,ARDUINO_PSI,Arduino,0.000,0.000,12.760,,
251.844612,2026-03-10 18:23:20.526,ARDUINO_PSI,Arduino,0.000,0.000,12.762,,
251.943885,2026-03-10 18:23:20.626,ARDUINO_PSI,Arduino,0.000,0.000,12.778,,
251.960567,2026-03-10 18:23:20.642,WJ_VOLTAGE,WJ1,54.839,2.000,0,0,"HV=OFF, Fault=NO"
252.044337,2026-03-10 18:23:20.726,ARDUINO_PSI,Arduino,0.000,0.000,12.778,,
252.086322,2026-03-10 18:23:20.768,WJ_VOLTAGE,WJ2,60.899,2.006,0,0,"HV=OFF, Fault=NO"
252.144155,2026-03-10 18:23:20.826,ARDUINO_PSI,Arduino,0.000,0.000,12.764,,
252.243943,2026-03-10 18:23:20.926,ARDUINO_PSI,Arduino,0.000,0.000,12.769,,
252.343997,2026-03-10 18:23:21.026,ARDUINO_PSI,Arduino,0.000,0.000,12.771,,
252.443580,2026-03-10 18:23:21.125,ARDUINO_PSI,Arduino,0.000,0.000,12.755,,
252.492878,2026-03-10 18:23:21.175,WJ_VOLTAGE,WJ1,56.012,2.006,0,0,"HV=OFF, Fault=NO"
252.543965,2026-03-10 18:23:21.226,ARDUINO_PSI,Arduino,0.000,0.000,12.742,,
252.617723,2026-03-10 18:23:21.299,WJ_VOLTAGE,WJ2,62.366,2.006,0,0,"HV=OFF, Fault=NO"
252.643644,2026-03-10 18:23:21.325,ARDUINO_PSI,Arduino,0.000,0.000,12.744,,
252.743941,2026-03-10 18:23:21.426,ARDUINO_PSI,Arduino,0.000,0.000,12.737,,
252.843969,2026-03-10 18:23:21.526,ARDUINO_PSI,Arduino,0.000,0.000,12.742,,
252.943264,2026-03-10 18:23:21.625,ARDUINO_PSI,Arduino,0.000,0.000,12.746,,
253.021912,2026-03-10 18:23:21.704,WJ_VOLTAGE,WJ1,57.283,2.006,0,0,"HV=OFF, Fault=NO"
253.043253,2026-03-10 18:23:21.725,ARDUINO_PSI,Arduino,0.000,0.000,12.748,,
253.143971,2026-03-10 18:23:21.826,ARDUINO_PSI,Arduino,0.000,0.000,12.751,,
253.149540,2026-03-10 18:23:21.831,WJ_VOLTAGE,WJ2,63.734,2.006,0,0,"HV=OFF, Fault=NO"
253.243809,2026-03-10 18:23:21.925,ARDUINO_PSI,Arduino,0.000,0.000,12.751,,
253.343804,2026-03-10 18:23:22.025,ARDUINO_PSI,Arduino,0.000,0.000,12.762,,
253.444134,2026-03-10 18:23:22.126,ARDUINO_PSI,Arduino,0.000,0.000,12.755,,
253.543862,2026-03-10 18:23:22.226,ARDUINO_PSI,Arduino,0.000,0.000,12.751,,
253.554543,2026-03-10 18:23:22.236,WJ_VOLTAGE,WJ1,58.651,2.006,0,0,"HV=OFF, Fault=NO"
253.643997,2026-03-10 18:23:22.326,ARDUINO_PSI,Arduino,0.000,0.000,12.746,,
253.663416,2026-03-10 18:23:22.345,WJ_VOLTAGE,WJ2,65.005,2.006,0,0,"HV=OFF, Fault=NO"
253.743957,2026-03-10 18:23:22.426,ARDUINO_PSI,Arduino,0.000,0.000,12.742,,
253.843916,2026-03-10 18:23:22.526,ARDUINO_PSI,Arduino,0.000,0.000,12.742,,
253.943959,2026-03-10 18:23:22.626,ARDUINO_PSI,Arduino,0.000,0.000,12.735,,
254.044071,2026-03-10 18:23:22.726,ARDUINO_PSI,Arduino,0.000,0.000,12.742,,
254.084150,2026-03-10 18:23:22.766,WJ_VOLTAGE,WJ1,59.922,2.006,0,0,"HV=OFF, Fault=NO"
254.143852,2026-03-10 18:23:22.826,ARDUINO_PSI,Arduino,0.000,0.000,12.760,,
254.194130,2026-03-10 18:23:22.876,WJ_VOLTAGE,WJ2,66.373,2.006,0,0,"HV=OFF, Fault=NO"
254.243349,2026-03-10 18:23:22.925,ARDUINO_PSI,Arduino,0.000,0.000,12.764,,
254.343925,2026-03-10 18:23:23.026,ARDUINO_PSI,Arduino,0.000,0.000,12.762,,
254.444048,2026-03-10 18:23:23.126,ARDUINO_PSI,Arduino,0.000,0.000,12.776,,
254.543878,2026-03-10 18:23:23.226,ARDUINO_PSI,Arduino,0.000,0.000,12.785,,
254.614219,2026-03-10 18:23:23.296,WJ_VOLTAGE,WJ1,61.095,2.006,0,0,"HV=OFF, Fault=NO"
254.643647,2026-03-10 18:23:23.325,ARDUINO_PSI,Arduino,0.000,0.000,12.792,,
254.724480,2026-03-10 18:23:23.406,WJ_VOLTAGE,WJ2,67.840,2.006,0,0,"HV=OFF, Fault=NO"
254.745264,2026-03-10 18:23:23.427,ARDUINO_PSI,Arduino,0.000,0.000,12.783,,
254.843975,2026-03-10 18:23:23.526,ARDUINO_PSI,Arduino,0.000,0.000,12.776,,
254.943166,2026-03-10 18:23:23.625,ARDUINO_PSI,Arduino,0.000,0.000,12.776,,
255.044225,2026-03-10 18:23:23.726,ARDUINO_PSI,Arduino,0.000,0.000,12.760,,
255.144151,2026-03-10 18:23:23.826,ARDUINO_PSI,Arduino,0.000,0.000,12.748,,
255.159784,2026-03-10 18:23:23.841,WJ_VOLTAGE,WJ1,62.366,2.006,0,0,"HV=OFF, Fault=NO"
255.244009,2026-03-10 18:23:23.926,ARDUINO_PSI,Arduino,0.000,0.000,12.760,,
255.255518,2026-03-10 18:23:23.937,WJ_VOLTAGE,WJ2,69.208,2.006,0,0,"HV=OFF, Fault=NO"
255.343956,2026-03-10 18:23:24.026,ARDUINO_PSI,Arduino,0.000,0.000,12.748,,
255.443872,2026-03-10 18:23:24.126,ARDUINO_PSI,Arduino,0.000,0.000,12.760,,
255.544021,2026-03-10 18:23:24.226,ARDUINO_PSI,Arduino,0.000,0.000,12.758,,
255.643964,2026-03-10 18:23:24.326,ARDUINO_PSI,Arduino,0.000,0.000,12.751,,
255.688912,2026-03-10 18:23:24.371,WJ_VOLTAGE,WJ1,63.539,2.006,0,0,"HV=OFF, Fault=NO"
255.744016,2026-03-10 18:23:24.426,ARDUINO_PSI,Arduino,0.000,0.000,12.755,,
255.783850,2026-03-10 18:23:24.465,WJ_VOLTAGE,WJ2,70.577,2.006,0,0,"HV=OFF, Fault=NO"
255.843416,2026-03-10 18:23:24.525,ARDUINO_PSI,Arduino,0.000,0.000,12.758,,
255.944029,2026-03-10 18:23:24.626,ARDUINO_PSI,Arduino,0.000,0.000,12.746,,
256.044970,2026-03-10 18:23:24.727,ARDUINO_PSI,Arduino,0.000,0.000,12.735,,
256.143720,2026-03-10 18:23:24.825,ARDUINO_PSI,Arduino,0.000,0.000,12.726,,
256.215898,2026-03-10 18:23:24.898,WJ_VOLTAGE,WJ1,64.809,2.006,0,0,"HV=OFF, Fault=NO"
256.243361,2026-03-10 18:23:24.925,ARDUINO_PSI,Arduino,0.000,0.000,12.716,,
256.311136,2026-03-10 18:23:24.993,WJ_VOLTAGE,WJ2,71.945,2.006,0,0,"HV=OFF, Fault=NO"
256.343207,2026-03-10 18:23:25.025,ARDUINO_PSI,Arduino,0.000,0.000,12.716,,
256.444059,2026-03-10 18:23:25.126,ARDUINO_PSI,Arduino,0.000,0.000,12.703,,
256.544024,2026-03-10 18:23:25.226,ARDUINO_PSI,Arduino,0.000,0.000,12.698,,
256.643718,2026-03-10 18:23:25.325,ARDUINO_PSI,Arduino,0.000,0.000,12.694,,
256.744190,2026-03-10 18:23:25.426,WJ_VOLTAGE,WJ1,65.982,2.006,0,0,"HV=OFF, Fault=NO"
256.753317,2026-03-10 18:23:25.435,ARDUINO_PSI,Arduino,0.000,0.000,12.703,,
256.837499,2026-03-10 18:23:25.519,WJ_VOLTAGE,WJ2,73.216,2.006,0,0,"HV=OFF, Fault=NO"
256.853674,2026-03-10 18:23:25.535,ARDUINO_PSI,Arduino,0.000,0.000,12.710,,
256.943954,2026-03-10 18:23:25.626,ARDUINO_PSI,Arduino,0.000,0.000,12.716,,
257.043549,2026-03-10 18:23:25.725,ARDUINO_PSI,Arduino,0.000,0.000,12.735,,
257.144001,2026-03-10 18:23:25.826,ARDUINO_PSI,Arduino,0.000,0.000,12.730,,
257.244754,2026-03-10 18:23:25.926,ARDUINO_PSI,Arduino,0.000,0.000,12.675,,
257.260202,2026-03-10 18:23:25.942,WJ_VOLTAGE,WJ1,67.253,2.006,0,0,"HV=OFF, Fault=NO"
257.344104,2026-03-10 18:23:26.026,ARDUINO_PSI,Arduino,0.000,0.000,12.657,,
257.376121,2026-03-10 18:23:26.058,WJ_VOLTAGE,WJ2,74.682,2.006,0,0,"HV=OFF, Fault=NO"
257.443283,2026-03-10 18:23:26.125,ARDUINO_PSI,Arduino,0.000,0.000,12.646,,
257.544019,2026-03-10 18:23:26.226,ARDUINO_PSI,Arduino,0.000,0.000,12.650,,
257.644269,2026-03-10 18:23:26.326,ARDUINO_PSI,Arduino,0.000,0.000,12.648,,
257.743388,2026-03-10 18:23:26.425,ARDUINO_PSI,Arduino,0.000,0.000,12.662,,
257.793171,2026-03-10 18:23:26.475,WJ_VOLTAGE,WJ1,66.667,0.575,0,0,"HV=OFF, Fault=NO"
257.843293,2026-03-10 18:23:26.525,ARDUINO_PSI,Arduino,0.000,0.000,12.657,,
257.902189,2026-03-10 18:23:26.584,WJ_VOLTAGE,WJ2,49.951,0.012,0,0,"HV=OFF, Fault=NO"
257.943936,2026-03-10 18:23:26.626,ARDUINO_PSI,Arduino,0.000,0.000,12.673,,
258.043530,2026-03-10 18:23:26.725,ARDUINO_PSI,Arduino,0.000,0.000,12.684,,
258.144023,2026-03-10 18:23:26.826,ARDUINO_PSI,Arduino,0.000,0.000,12.689,,
258.243231,2026-03-10 18:23:26.925,ARDUINO_PSI,Arduino,0.000,0.000,12.691,,
258.324253,2026-03-10 18:23:27.006,WJ_VOLTAGE,WJ1,75.073,0.070,0,0,"HV=OFF, Fault=NO"
258.343247,2026-03-10 18:23:27.025,ARDUINO_PSI,Arduino,0.000,0.000,12.705,,
258.432387,2026-03-10 18:23:27.114,WJ_VOLTAGE,WJ2,7.527,0.000,0,0,"HV=OFF, Fault=NO"
258.443222,2026-03-10 18:23:27.125,ARDUINO_PSI,Arduino,0.000,0.000,12.721,,
258.543224,2026-03-10 18:23:27.225,ARDUINO_PSI,Arduino,0.000,0.000,12.719,,
258.643340,2026-03-10 18:23:27.325,ARDUINO_PSI,Arduino,0.000,0.000,12.714,,
258.743851,2026-03-10 18:23:27.426,ARDUINO_PSI,Arduino,0.000,0.000,12.703,,
258.842140,2026-03-10 18:23:27.524,WJ_VOLTAGE,WJ1,75.073,0.018,0,0,"HV=OFF, Fault=NO"
258.853899,2026-03-10 18:23:27.536,ARDUINO_PSI,Arduino,0.000,0.000,12.710,,
258.944029,2026-03-10 18:23:27.626,ARDUINO_PSI,Arduino,0.000,0.000,12.703,,
258.952887,2026-03-10 18:23:27.635,WJ_VOLTAGE,WJ2,7.331,0.000,0,0,"HV=OFF, Fault=NO"
259.044173,2026-03-10 18:23:27.726,ARDUINO_PSI,Arduino,0.000,0.000,12.687,,
259.143965,2026-03-10 18:23:27.826,ARDUINO_PSI,Arduino,0.000,0.000,12.710,,
259.244076,2026-03-10 18:23:27.926,ARDUINO_PSI,Arduino,0.000,0.000,12.758,,
259.354781,2026-03-10 18:23:28.036,WJ_COMMAND,WJ1,HV_OFF,,,,HV_OFF 
259.447501,2026-03-10 18:23:28.129,WJ_COMMAND,WJ2,HV_OFF,,,,HV_OFF 
259.449914,2026-03-10 18:23:28.132,WJ_VOLTAGE,WJ1,75.073,0.006,0,0,"HV=OFF, Fault=NO"
259.450709,2026-03-10 18:23:28.132,ARDUINO_PSI,Arduino,0.000,0.000,12.774,,
259.452372,2026-03-10 18:23:28.134,WJ_VOLTAGE,WJ2,6.647,0.000,0,0,"HV=OFF, Fault=NO"
259.453359,2026-03-10 18:23:28.135,ARDUINO_PSI,Arduino,0.000,0.000,12.780,,
259.555147,2026-03-10 18:23:28.237,WJ_COMMAND,WJ1,HV_OFF,,,,HV_OFF 
259.649108,2026-03-10 18:23:28.331,WJ_COMMAND,WJ2,HV_OFF,,,,HV_OFF 
259.659579,2026-03-10 18:23:28.341,WJ_VOLTAGE,WJ1,75.073,0.000,0,0,"HV=OFF, Fault=NO"
259.660260,2026-03-10 18:23:28.342,ARDUINO_PSI,Arduino,0.000,0.000,12.785,,
259.661473,2026-03-10 18:23:28.343,WJ_VOLTAGE,WJ2,5.963,0.000,0,0,"HV=OFF, Fault=NO"
259.662020,2026-03-10 18:23:28.344,ARDUINO_PSI,Arduino,0.000,0.000,12.787,,
259.759964,2026-03-10 18:23:28.442,WJ_COMMAND,WJ1,HV_OFF,,,,HV_OFF 
259.852434,2026-03-10 18:23:28.534,WJ_COMMAND,WJ2,HV_OFF,,,,HV_OFF 
259.863555,2026-03-10 18:23:28.545,WJ_VOLTAGE,WJ1,66.667,0.000,0,0,"HV=OFF, Fault=NO"
259.864386,2026-03-10 18:23:28.546,ARDUINO_PSI,Arduino,0.000,0.000,12.780,,
259.865667,2026-03-10 18:23:28.547,WJ_VOLTAGE,WJ2,5.376,0.000,0,0,"HV=OFF, Fault=NO"
259.866213,2026-03-10 18:23:28.548,ARDUINO_PSI,Arduino,0.000,0.000,12.769,,
259.944054,2026-03-10 18:23:28.626,ARDUINO_PSI,Arduino,0.000,0.000,12.764,,
260.043495,2026-03-10 18:23:28.725,ARDUINO_PSI,Arduino,0.000,0.000,12.760,,
260.143817,2026-03-10 18:23:28.825,ARDUINO_PSI,Arduino,0.000,0.000,12.758,,
260.210927,2026-03-10 18:23:28.893,WJ_VOLTAGE,WJ1,63.245,0.000,0,0,"HV=OFF, Fault=NO"
260.243619,2026-03-10 18:23:28.925,ARDUINO_PSI,Arduino,0.000,0.000,12.755,,
260.305399,2026-03-10 18:23:28.987,WJ_VOLTAGE,WJ2,5.181,0.000,0,0,"HV=OFF, Fault=NO"
260.343789,2026-03-10 18:23:29.025,ARDUINO_PSI,Arduino,0.000,0.000,12.751,,
260.443931,2026-03-10 18:23:29.126,ARDUINO_PSI,Arduino,0.000,0.000,12.735,,
260.543475,2026-03-10 18:23:29.225,ARDUINO_PSI,Arduino,0.000,0.000,12.742,,
260.643627,2026-03-10 18:23:29.325,ARDUINO_PSI,Arduino,0.000,0.000,12.753,,
260.729808,2026-03-10 18:23:29.411,WJ_VOLTAGE,WJ1,56.696,0.000,0,0,"HV=OFF, Fault=NO"
260.743301,2026-03-10 18:23:29.425,ARDUINO_PSI,Arduino,0.000,0.000,12.774,,
260.824870,2026-03-10 18:23:29.507,WJ_VOLTAGE,WJ2,4.594,0.000,0,0,"HV=OFF, Fault=NO"
260.843206,2026-03-10 18:23:29.525,ARDUINO_PSI,Arduino,0.000,0.000,12.767,,
260.944137,2026-03-10 18:23:29.626,ARDUINO_PSI,Arduino,0.000,0.000,12.755,,
261.044144,2026-03-10 18:23:29.726,ARDUINO_PSI,Arduino,0.000,0.000,12.758,,
261.144001,2026-03-10 18:23:29.826,ARDUINO_PSI,Arduino,0.000,0.000,12.751,,
261.243377,2026-03-10 18:23:29.925,ARDUINO_PSI,Arduino,0.000,0.000,12.739,,
261.255968,2026-03-10 18:23:29.938,WJ_VOLTAGE,WJ1,50.733,0.000,0,0,"HV=OFF, Fault=NO"
261.344064,2026-03-10 18:23:30.026,ARDUINO_PSI,Arduino,0.000,0.000,12.748,,
261.351267,2026-03-10 18:23:30.033,WJ_VOLTAGE,WJ2,4.203,0.000,0,0,"HV=OFF, Fault=NO"
261.443924,2026-03-10 18:23:30.126,ARDUINO_PSI,Arduino,0.000,0.000,12.748,,
261.543781,2026-03-10 18:23:30.225,ARDUINO_PSI,Arduino,0.000,0.000,12.742,,
261.644005,2026-03-10 18:23:30.326,ARDUINO_PSI,Arduino,0.000,0.000,12.746,,
261.743843,2026-03-10 18:23:30.425,ARDUINO_PSI,Arduino,0.000,0.000,12.753,,
261.788081,2026-03-10 18:23:30.470,WJ_VOLTAGE,WJ1,45.455,0.000,0,0,"HV=OFF, Fault=NO"
261.843281,2026-03-10 18:23:30.525,ARDUINO_PSI,Arduino,0.000,0.000,12.755,,
261.879483,2026-03-10 18:23:30.561,WJ_VOLTAGE,WJ2,3.715,0.000,0,0,"HV=OFF, Fault=NO"
261.943547,2026-03-10 18:23:30.625,ARDUINO_PSI,Arduino,0.000,0.000,12.748,,
262.043261,2026-03-10 18:23:30.725,ARDUINO_PSI,Arduino,0.000,0.000,12.748,,
262.143296,2026-03-10 18:23:30.825,ARDUINO_PSI,Arduino,0.000,0.000,12.742,,
262.243217,2026-03-10 18:23:30.925,ARDUINO_PSI,Arduino,0.000,0.000,12.739,,
262.316931,2026-03-10 18:23:30.999,WJ_VOLTAGE,WJ1,40.665,0.000,0,0,"HV=OFF, Fault=NO"
262.343786,2026-03-10 18:23:31.025,ARDUINO_PSI,Arduino,0.000,0.000,12.735,,
262.395707,2026-03-10 18:23:31.077,WJ_VOLTAGE,WJ2,3.324,0.000,0,0,"HV=OFF, Fault=NO"
262.443319,2026-03-10 18:23:31.125,ARDUINO_PSI,Arduino,0.000,0.000,12.744,,
262.544080,2026-03-10 18:23:31.226,ARDUINO_PSI,Arduino,0.000,0.000,12.735,,
262.643162,2026-03-10 18:23:31.325,ARDUINO_PSI,Arduino,0.000,0.000,12.728,,
262.743944,2026-03-10 18:23:31.426,ARDUINO_PSI,Arduino,0.000,0.000,12.716,,
262.844052,2026-03-10 18:23:31.526,ARDUINO_PSI,Arduino,0.000,0.000,12.712,,
262.850389,2026-03-10 18:23:31.532,WJ_VOLTAGE,WJ1,36.461,0.000,0,0,"HV=OFF, Fault=NO"
262.925207,2026-03-10 18:23:31.607,WJ_VOLTAGE,WJ2,2.933,0.000,0,0,"HV=OFF, Fault=NO"
262.943211,2026-03-10 18:23:31.625,ARDUINO_PSI,Arduino,0.000,0.000,12.712,,
263.044013,2026-03-10 18:23:31.726,ARDUINO_PSI,Arduino,0.000,0.000,12.723,,
263.153563,2026-03-10 18:23:31.835,ARDUINO_PSI,Arduino,0.000,0.000,12.719,,
263.243321,2026-03-10 18:23:31.925,ARDUINO_PSI,Arduino,0.000,0.000,12.726,,
263.343295,2026-03-10 18:23:32.025,ARDUINO_PSI,Arduino,0.000,0.000,12.716,,
263.375645,2026-03-10 18:23:32.057,WJ_VOLTAGE,WJ1,32.649,0.000,0,0,"HV=OFF, Fault=NO"
263.443607,2026-03-10 18:23:32.125,ARDUINO_PSI,Arduino,0.000,0.000,12.707,,
263.454639,2026-03-10 18:23:32.136,WJ_VOLTAGE,WJ2,2.639,0.000,0,0,"HV=OFF, Fault=NO"
263.543943,2026-03-10 18:23:32.226,ARDUINO_PSI,Arduino,0.000,0.000,12.712,,
263.644010,2026-03-10 18:23:32.326,ARDUINO_PSI,Arduino,0.000,0.000,12.710,,
263.744189,2026-03-10 18:23:32.426,ARDUINO_PSI,Arduino,0.000,0.000,12.698,,
263.844111,2026-03-10 18:23:32.526,ARDUINO_PSI,Arduino,0.000,0.000,12.698,,
263.909591,2026-03-10 18:23:32.591,WJ_VOLTAGE,WJ1,29.423,0.000,0,0,"HV=OFF, Fault=NO"
263.943855,2026-03-10 18:23:32.626,ARDUINO_PSI,Arduino,0.000,0.000,12.705,,
263.986372,2026-03-10 18:23:32.668,WJ_VOLTAGE,WJ2,2.346,0.000,0,0,"HV=OFF, Fault=NO"
264.043934,2026-03-10 18:23:32.726,ARDUINO_PSI,Arduino,0.000,0.000,12.707,,
264.144248,2026-03-10 18:23:32.826,ARDUINO_PSI,Arduino,0.000,0.000,12.723,,
264.244007,2026-03-10 18:23:32.926,ARDUINO_PSI,Arduino,0.000,0.000,12.721,,
264.343206,2026-03-10 18:23:33.025,ARDUINO_PSI,Arduino,0.000,0.000,12.719,,
264.438679,2026-03-10 18:23:33.120,WJ_VOLTAGE,WJ1,26.491,0.000,0,0,"HV=OFF, Fault=NO"
264.447531,2026-03-10 18:23:33.129,ARDUINO_PSI,Arduino,0.000,0.000,12.714,,
264.516706,2026-03-10 18:23:33.198,WJ_VOLTAGE,WJ2,2.053,0.000,0,0,"HV=OFF, Fault=NO"
264.543630,2026-03-10 18:23:33.225,ARDUINO_PSI,Arduino,0.000,0.000,12.723,,
264.643972,2026-03-10 18:23:33.326,ARDUINO_PSI,Arduino,0.000,0.000,12.714,,
264.744003,2026-03-10 18:23:33.426,ARDUINO_PSI,Arduino,0.000,0.000,12.714,,
264.843925,2026-03-10 18:23:33.526,ARDUINO_PSI,Arduino,0.000,0.000,12.712,,
264.943924,2026-03-10 18:23:33.626,ARDUINO_PSI,Arduino,0.000,0.000,12.732,,
264.968928,2026-03-10 18:23:33.651,WJ_VOLTAGE,WJ1,23.949,0.000,0,0,"HV=OFF, Fault=NO"
265.044079,2026-03-10 18:23:33.726,ARDUINO_PSI,Arduino,0.000,0.000,12.728,,
265.047019,2026-03-10 18:23:33.729,WJ_VOLTAGE,WJ2,1.857,0.000,0,0,"HV=OFF, Fault=NO"
265.144086,2026-03-10 18:23:33.826,ARDUINO_PSI,Arduino,0.000,0.000,12.730,,
265.243945,2026-03-10 18:23:33.926,ARDUINO_PSI,Arduino,0.000,0.000,12.726,,
265.344080,2026-03-10 18:23:34.026,ARDUINO_PSI,Arduino,0.000,0.000,12.739,,
265.443725,2026-03-10 18:23:34.125,ARDUINO_PSI,Arduino,0.000,0.000,12.753,,
265.501660,2026-03-10 18:23:34.183,WJ_VOLTAGE,WJ1,21.701,0.000,0,0,"HV=OFF, Fault=NO"
265.543770,2026-03-10 18:23:34.225,ARDUINO_PSI,Arduino,0.000,0.000,12.753,,
265.578803,2026-03-10 18:23:34.260,WJ_VOLTAGE,WJ2,1.662,0.000,0,0,"HV=OFF, Fault=NO"
265.657756,2026-03-10 18:23:34.339,ARDUINO_PSI,Arduino,0.000,0.000,12.755,,
265.743223,2026-03-10 18:23:34.425,ARDUINO_PSI,Arduino,0.000,0.000,12.767,,
265.843684,2026-03-10 18:23:34.525,ARDUINO_PSI,Arduino,0.000,0.000,12.778,,
265.943278,2026-03-10 18:23:34.625,ARDUINO_PSI,Arduino,0.000,0.000,12.767,,
266.015964,2026-03-10 18:23:34.698,WJ_VOLTAGE,WJ1,19.550,0.000,0,0,"HV=OFF, Fault=NO"
266.043463,2026-03-10 18:23:34.725,ARDUINO_PSI,Arduino,0.000,0.000,12.767,,
266.109352,2026-03-10 18:23:34.791,WJ_VOLTAGE,WJ2,1.466,0.000,0,0,"HV=OFF, Fault=NO"
266.143353,2026-03-10 18:23:34.825,ARDUINO_PSI,Arduino,0.000,0.000,12.764,,
266.243887,2026-03-10 18:23:34.926,ARDUINO_PSI,Arduino,0.000,0.000,12.780,,
266.343366,2026-03-10 18:23:35.025,ARDUINO_PSI,Arduino,0.000,0.000,12.792,,
266.444040,2026-03-10 18:23:35.126,ARDUINO_PSI,Arduino,0.000,0.000,12.799,,
266.543041,2026-03-10 18:23:35.225,WJ_VOLTAGE,WJ1,17.791,0.000,0,0,"HV=OFF, Fault=NO"
266.556808,2026-03-10 18:23:35.238,ARDUINO_PSI,Arduino,0.000,0.000,12.808,,
266.635898,2026-03-10 18:23:35.318,WJ_VOLTAGE,WJ2,1.271,0.000,0,0,"HV=OFF, Fault=NO"
266.649816,2026-03-10 18:23:35.331,ARDUINO_PSI,Arduino,0.000,0.000,12.808,,
266.744014,2026-03-10 18:23:35.426,ARDUINO_PSI,Arduino,0.000,0.000,12.808,,
266.844369,2026-03-10 18:23:35.526,ARDUINO_PSI,Arduino,0.000,0.000,12.815,,
266.944029,2026-03-10 18:23:35.626,ARDUINO_PSI,Arduino,0.000,0.000,12.817,,
267.043469,2026-03-10 18:23:35.725,ARDUINO_PSI,Arduino,0.000,0.000,12.815,,
267.073526,2026-03-10 18:23:35.755,WJ_VOLTAGE,WJ1,16.129,0.000,0,0,"HV=OFF, Fault=NO"
267.144143,2026-03-10 18:23:35.826,ARDUINO_PSI,Arduino,0.000,0.000,12.806,,
267.166410,2026-03-10 18:23:35.848,WJ_VOLTAGE,WJ2,1.173,0.000,0,0,"HV=OFF, Fault=NO"
267.244468,2026-03-10 18:23:35.926,ARDUINO_PSI,Arduino,0.000,0.000,12.803,,
267.344049,2026-03-10 18:23:36.026,ARDUINO_PSI,Arduino,0.000,0.000,12.803,,
267.443911,2026-03-10 18:23:36.126,ARDUINO_PSI,Arduino,0.000,0.000,12.801,,
267.543333,2026-03-10 18:23:36.225,ARDUINO_PSI,Arduino,0.000,0.000,12.792,,
267.603234,2026-03-10 18:23:36.285,WJ_VOLTAGE,WJ1,14.565,0.000,0,0,"HV=OFF, Fault=NO"
267.644143,2026-03-10 18:23:36.326,ARDUINO_PSI,Arduino,0.000,0.000,12.790,,
267.694977,2026-03-10 18:23:36.377,WJ_VOLTAGE,WJ2,1.075,0.000,0,0,"HV=OFF, Fault=NO"
267.745107,2026-03-10 18:23:36.427,ARDUINO_PSI,Arduino,0.000,0.000,12.783,,
267.911829,2026-03-10 18:23:36.593,WJ_COMMAND,WJ1,HV_OFF,,,,HV_OFF 
268.003197,2026-03-10 18:23:36.685,WJ_COMMAND,WJ2,HV_OFF,,,,HV_OFF 
268.006204,2026-03-10 18:23:36.688,WJ_VOLTAGE,WJ1,13.196,0.000,0,0,"HV=OFF, Fault=NO"
268.007778,2026-03-10 18:23:36.689,ARDUINO_PSI,Arduino,0.000,0.000,12.771,,
268.010502,2026-03-10 18:23:36.692,WJ_VOLTAGE,WJ2,0.978,0.000,0,0,"HV=OFF, Fault=NO"
268.011469,2026-03-10 18:23:36.693,ARDUINO_PSI,Arduino,0.000,0.000,12.790,,
268.112545,2026-03-10 18:23:36.794,WJ_COMMAND,WJ1,HV_OFF,,,,HV_OFF 
268.205326,2026-03-10 18:23:36.887,WJ_COMMAND,WJ2,HV_OFF,,,,HV_OFF 
268.214313,2026-03-10 18:23:36.896,WJ_VOLTAGE,WJ1,12.610,0.000,0,0,"HV=OFF, Fault=NO"
268.215024,2026-03-10 18:23:36.897,ARDUINO_PSI,Arduino,0.000,0.000,12.780,,
268.216287,2026-03-10 18:23:36.898,WJ_VOLTAGE,WJ2,0.880,0.000,0,0,"HV=OFF, Fault=NO"
268.216853,2026-03-10 18:23:36.898,ARDUINO_PSI,Arduino,0.000,0.000,12.769,,
268.314860,2026-03-10 18:23:36.997,WJ_COMMAND,WJ1,HV_OFF,,,,HV_OFF 
268.407844,2026-03-10 18:23:37.089,WJ_COMMAND,WJ2,HV_OFF,,,,HV_OFF 
268.421556,2026-03-10 18:23:37.103,WJ_VOLTAGE,WJ1,12.121,0.000,0,0,"HV=OFF, Fault=NO"
268.422236,2026-03-10 18:23:37.104,ARDUINO_PSI,Arduino,0.000,0.000,12.760,,
268.423797,2026-03-10 18:23:37.105,WJ_VOLTAGE,WJ2,0.880,0.000,0,0,"HV=OFF, Fault=NO"
268.424494,2026-03-10 18:23:37.106,ARDUINO_PSI,Arduino,0.000,0.000,12.746,,
268.517255,2026-03-10 18:23:37.199,WJ_COMMAND,WJ1,HV_OFF,,,,HV_OFF 
268.610303,2026-03-10 18:23:37.292,WJ_COMMAND,WJ2,HV_OFF,,,,HV_OFF 
268.622971,2026-03-10 18:23:37.305,WJ_VOLTAGE,WJ1,11.535,0.000,0,0,"HV=OFF, Fault=NO"
268.623644,2026-03-10 18:23:37.305,ARDUINO_PSI,Arduino,0.000,0.000,12.746,,
268.624948,2026-03-10 18:23:37.307,WJ_VOLTAGE,WJ2,0.782,0.000,0,0,"HV=OFF, Fault=NO"
268.625607,2026-03-10 18:23:37.307,ARDUINO_PSI,Arduino,0.000,0.000,12.746,,
268.720829,2026-03-10 18:23:37.402,WJ_COMMAND,WJ1,HV_OFF,,,,HV_OFF 
268.814146,2026-03-10 18:23:37.496,WJ_COMMAND,WJ2,HV_OFF,,,,HV_OFF 
268.829593,2026-03-10 18:23:37.511,WJ_VOLTAGE,WJ1,11.144,0.000,0,0,"HV=OFF, Fault=NO"
268.830505,2026-03-10 18:23:37.512,ARDUINO_PSI,Arduino,0.000,0.000,12.746,,
268.832244,2026-03-10 18:23:37.514,WJ_VOLTAGE,WJ2,0.782,0.000,0,0,"HV=OFF, Fault=NO"
268.832904,2026-03-10 18:23:37.515,ARDUINO_PSI,Arduino,0.000,0.000,12.751,,
268.843769,2026-03-10 18:23:37.525,ARDUINO_PSI,Arduino,0.000,0.000,12.748,,
268.943986,2026-03-10 18:23:37.626,ARDUINO_PSI,Arduino,0.000,0.000,12.730,,
269.043351,2026-03-10 18:23:37.725,ARDUINO_PSI,Arduino,0.000,0.000,12.726,,
269.143353,2026-03-10 18:23:37.825,ARDUINO_PSI,Arduino,0.000,0.000,12.732,,
269.171821,2026-03-10 18:23:37.853,WJ_VOLTAGE,WJ1,10.753,0.000,0,0,"HV=OFF, Fault=NO"
269.243332,2026-03-10 18:23:37.925,ARDUINO_PSI,Arduino,0.000,0.000,12.748,,
269.265801,2026-03-10 18:23:37.947,WJ_VOLTAGE,WJ2,0.782,0.000,0,0,"HV=OFF, Fault=NO"
269.343222,2026-03-10 18:23:38.025,ARDUINO_PSI,Arduino,0.000,0.000,12.744,,
269.444111,2026-03-10 18:23:38.126,ARDUINO_PSI,Arduino,0.000,0.000,12.744,,
269.544577,2026-03-10 18:23:38.226,ARDUINO_PSI,Arduino,0.000,0.000,12.753,,
269.643985,2026-03-10 18:23:38.326,ARDUINO_PSI,Arduino,0.000,0.000,12.751,,
269.699219,2026-03-10 18:23:38.381,WJ_VOLTAGE,WJ1,9.775,0.000,0,0,"HV=OFF, Fault=NO"
269.743830,2026-03-10 18:23:38.425,ARDUINO_PSI,Arduino,0.000,0.000,12.755,,
269.792877,2026-03-10 18:23:38.475,WJ_VOLTAGE,WJ2,0.684,0.000,0,0,"HV=OFF, Fault=NO"
269.843940,2026-03-10 18:23:38.526,ARDUINO_PSI,Arduino,0.000,0.000,12.762,,
269.943928,2026-03-10 18:23:38.626,ARDUINO_PSI,Arduino,0.000,0.000,12.758,,
270.044114,2026-03-10 18:23:38.726,ARDUINO_PSI,Arduino,0.000,0.000,12.762,,
270.144117,2026-03-10 18:23:38.826,ARDUINO_PSI,Arduino,0.000,0.000,12.769,,
270.227863,2026-03-10 18:23:38.910,WJ_VOLTAGE,WJ1,8.798,0.000,0,0,"HV=OFF, Fault=NO"
270.243793,2026-03-10 18:23:38.925,ARDUINO_PSI,Arduino,0.000,0.000,12.769,,
270.322153,2026-03-10 18:23:39.004,WJ_VOLTAGE,WJ2,0.587,0.000,0,0,"HV=OFF, Fault=NO"
270.343140,2026-03-10 18:23:39.025,ARDUINO_PSI,Arduino,0.000,0.000,12.774,,
270.443894,2026-03-10 18:23:39.126,ARDUINO_PSI,Arduino,0.000,0.000,12.762,,
270.544003,2026-03-10 18:23:39.226,ARDUINO_PSI,Arduino,0.000,0.000,12.751,,
270.643783,2026-03-10 18:23:39.325,ARDUINO_PSI,Arduino,0.000,0.000,12.753,,
270.743960,2026-03-10 18:23:39.426,ARDUINO_PSI,Arduino,0.000,0.000,12.760,,
270.757662,2026-03-10 18:23:39.439,WJ_VOLTAGE,WJ1,8.016,0.000,0,0,"HV=OFF, Fault=NO"
270.843807,2026-03-10 18:23:39.525,ARDUINO_PSI,Arduino,0.000,0.000,12.762,,
270.850737,2026-03-10 18:23:39.532,WJ_VOLTAGE,WJ2,0.489,0.000,0,0,"HV=OFF, Fault=NO"
270.943508,2026-03-10 18:23:39.625,ARDUINO_PSI,Arduino,0.000,0.000,12.776,,
271.043310,2026-03-10 18:23:39.725,ARDUINO_PSI,Arduino,0.000,0.000,12.783,,
271.143995,2026-03-10 18:23:39.826,ARDUINO_PSI,Arduino,0.000,0.000,12.774,,
271.244084,2026-03-10 18:23:39.926,ARDUINO_PSI,Arduino,0.000,0.000,12.760,,
271.279453,2026-03-10 18:23:39.961,WJ_VOLTAGE,WJ1,7.234,0.000,0,0,"HV=OFF, Fault=NO"
271.343380,2026-03-10 18:23:40.025,ARDUINO_PSI,Arduino,0.000,0.000,12.758,,
271.373730,2026-03-10 18:23:40.055,WJ_VOLTAGE,WJ2,0.489,0.000,0,0,"HV=OFF, Fault=NO"
271.443319,2026-03-10 18:23:40.125,ARDUINO_PSI,Arduino,0.000,0.000,12.753,,
271.544199,2026-03-10 18:23:40.226,ARDUINO_PSI,Arduino,0.000,0.000,12.758,,
271.643764,2026-03-10 18:23:40.325,ARDUINO_PSI,Arduino,0.000,0.000,12.764,,
271.744023,2026-03-10 18:23:40.426,ARDUINO_PSI,Arduino,0.000,0.000,12.764,,
271.811120,2026-03-10 18:23:40.493,WJ_VOLTAGE,WJ1,6.549,0.000,0,0,"HV=OFF, Fault=NO"
271.843310,2026-03-10 18:23:40.525,ARDUINO_PSI,Arduino,0.000,0.000,12.771,,
271.904065,2026-03-10 18:23:40.586,WJ_VOLTAGE,WJ2,0.391,0.000,0,0,"HV=OFF, Fault=NO"
271.943806,2026-03-10 18:23:40.625,ARDUINO_PSI,Arduino,0.000,0.000,12.767,,
272.043264,2026-03-10 18:23:40.725,ARDUINO_PSI,Arduino,0.000,0.000,12.762,,
272.143404,2026-03-10 18:23:40.825,ARDUINO_PSI,Arduino,0.000,0.000,12.762,,
272.243982,2026-03-10 18:23:40.926,ARDUINO_PSI,Arduino,0.000,0.000,12.774,,
272.328374,2026-03-10 18:23:41.010,WJ_VOLTAGE,WJ1,5.865,0.000,0,0,"HV=OFF, Fault=NO"
272.343146,2026-03-10 18:23:41.025,ARDUINO_PSI,Arduino,0.000,0.000,12.764,,
272.423446,2026-03-10 18:23:41.105,WJ_VOLTAGE,WJ2,0.391,0.000,0,0,"HV=OFF, Fault=NO"
272.443304,2026-03-10 18:23:41.125,ARDUINO_PSI,Arduino,0.000,0.000,12.771,,
272.543945,2026-03-10 18:23:41.226,ARDUINO_PSI,Arduino,0.000,0.000,12.778,,
272.644079,2026-03-10 18:23:41.326,ARDUINO_PSI,Arduino,0.000,0.000,12.787,,
272.744100,2026-03-10 18:23:41.426,ARDUINO_PSI,Arduino,0.000,0.000,12.785,,
272.844213,2026-03-10 18:23:41.526,ARDUINO_PSI,Arduino,0.000,0.000,12.794,,
272.860007,2026-03-10 18:23:41.542,WJ_VOLTAGE,WJ1,5.376,0.000,0,0,"HV=OFF, Fault=NO"
272.943214,2026-03-10 18:23:41.625,ARDUINO_PSI,Arduino,0.000,0.000,12.796,,
272.952340,2026-03-10 18:23:41.634,WJ_VOLTAGE,WJ2,0.293,0.000,0,0,"HV=OFF, Fault=NO"
273.044046,2026-03-10 18:23:41.726,ARDUINO_PSI,Arduino,0.000,0.000,12.794,,
273.143219,2026-03-10 18:23:41.825,ARDUINO_PSI,Arduino,0.000,0.000,12.806,,
273.243449,2026-03-10 18:23:41.925,ARDUINO_PSI,Arduino,0.000,0.000,12.808,,
273.343482,2026-03-10 18:23:42.025,ARDUINO_PSI,Arduino,0.000,0.000,12.819,,
273.389490,2026-03-10 18:23:42.071,WJ_VOLTAGE,WJ1,4.888,0.000,0,0,"HV=OFF, Fault=NO"
273.443867,2026-03-10 18:23:42.126,ARDUINO_PSI,Arduino,0.000,0.000,12.812,,
273.483678,2026-03-10 18:23:42.165,WJ_VOLTAGE,WJ2,0.293,0.000,0,0,"HV=OFF, Fault=NO"
273.544133,2026-03-10 18:23:42.226,ARDUINO_PSI,Arduino,0.000,0.000,12.803,,
273.643952,2026-03-10 18:23:42.326,ARDUINO_PSI,Arduino,0.000,0.000,12.808,,
273.744029,2026-03-10 18:23:42.426,ARDUINO_PSI,Arduino,0.000,0.000,12.801,,
273.843354,2026-03-10 18:23:42.525,ARDUINO_PSI,Arduino,0.000,0.000,12.796,,
273.920987,2026-03-10 18:23:42.603,WJ_VOLTAGE,WJ1,4.301,0.000,0,0,"HV=OFF, Fault=NO"
273.943531,2026-03-10 18:23:42.625,ARDUINO_PSI,Arduino,0.000,0.000,12.801,,
274.013808,2026-03-10 18:23:42.695,WJ_VOLTAGE,WJ2,0.293,0.000,0,0,"HV=OFF, Fault=NO"
274.043665,2026-03-10 18:23:42.725,ARDUINO_PSI,Arduino,0.000,0.000,12.806,,
274.143410,2026-03-10 18:23:42.825,ARDUINO_PSI,Arduino,0.000,0.000,12.810,,
274.243330,2026-03-10 18:23:42.925,ARDUINO_PSI,Arduino,0.000,0.000,12.796,,
274.343361,2026-03-10 18:23:43.025,ARDUINO_PSI,Arduino,0.000,0.000,12.801,,
274.443734,2026-03-10 18:23:43.125,ARDUINO_PSI,Arduino,0.000,0.000,12.794,,
274.453386,2026-03-10 18:23:43.135,WJ_VOLTAGE,WJ1,3.910,0.000,0,0,"HV=OFF, Fault=NO"
274.543915,2026-03-10 18:23:43.226,ARDUINO_PSI,Arduino,0.000,0.000,12.785,,
274.548908,2026-03-10 18:23:43.231,WJ_VOLTAGE,WJ2,0.196,0.000,0,0,"HV=OFF, Fault=NO"
274.643961,2026-03-10 18:23:43.326,ARDUINO_PSI,Arduino,0.000,0.000,12.785,,
274.744270,2026-03-10 18:23:43.426,ARDUINO_PSI,Arduino,0.000,0.000,12.769,,
274.844015,2026-03-10 18:23:43.526,ARDUINO_PSI,Arduino,0.000,0.000,12.755,,
274.943342,2026-03-10 18:23:43.625,ARDUINO_PSI,Arduino,0.000,0.000,12.744,,
274.982347,2026-03-10 18:23:43.664,WJ_VOLTAGE,WJ1,3.519,0.000,0,0,"HV=OFF, Fault=NO"
275.043244,2026-03-10 18:23:43.725,ARDUINO_PSI,Arduino,0.000,0.000,12.746,,
275.075542,2026-03-10 18:23:43.757,WJ_VOLTAGE,WJ2,0.196,0.000,0,0,"HV=OFF, Fault=NO"
275.143544,2026-03-10 18:23:43.825,ARDUINO_PSI,Arduino,0.000,0.000,12.748,,
275.243282,2026-03-10 18:23:43.925,ARDUINO_PSI,Arduino,0.000,0.000,12.744,,
275.344651,2026-03-10 18:23:44.026,ARDUINO_PSI,Arduino,0.000,0.000,12.728,,
275.443242,2026-03-10 18:23:44.125,ARDUINO_PSI,Arduino,0.000,0.000,12.746,,
275.513433,2026-03-10 18:23:44.195,WJ_VOLTAGE,WJ1,3.226,0.000,0,0,"HV=OFF, Fault=NO"
275.543309,2026-03-10 18:23:44.225,ARDUINO_PSI,Arduino,0.000,0.000,12.755,,
275.608264,2026-03-10 18:23:44.290,WJ_VOLTAGE,WJ2,0.196,0.000,0,0,"HV=OFF, Fault=NO"
275.643975,2026-03-10 18:23:44.326,ARDUINO_PSI,Arduino,0.000,0.000,12.739,,
275.743428,2026-03-10 18:23:44.425,ARDUINO_PSI,Arduino,0.000,0.000,12.748,,
275.843658,2026-03-10 18:23:44.525,ARDUINO_PSI,Arduino,0.000,0.000,12.742,,
275.944272,2026-03-10 18:23:44.626,ARDUINO_PSI,Arduino,0.000,0.000,12.748,,
276.043432,2026-03-10 18:23:44.725,ARDUINO_PSI,Arduino,0.000,0.000,12.746,,
276.045250,2026-03-10 18:23:44.727,WJ_VOLTAGE,WJ1,2.933,0.000,0,0,"HV=OFF, Fault=NO"
276.140282,2026-03-10 18:23:44.822,WJ_VOLTAGE,WJ2,0.196,0.000,0,0,"HV=OFF, Fault=NO"
276.156168,2026-03-10 18:23:44.838,ARDUINO_PSI,Arduino,0.000,0.000,12.744,,
276.244047,2026-03-10 18:23:44.926,ARDUINO_PSI,Arduino,0.000,0.000,12.744,,
276.344200,2026-03-10 18:23:45.026,ARDUINO_PSI,Arduino,0.000,0.000,12.742,,
276.443852,2026-03-10 18:23:45.126,ARDUINO_PSI,Arduino,0.000,0.000,12.742,,
276.543301,2026-03-10 18:23:45.225,ARDUINO_PSI,Arduino,0.000,0.000,12.744,,
276.573416,2026-03-10 18:23:45.255,WJ_VOLTAGE,WJ1,2.639,0.000,0,0,"HV=OFF, Fault=NO"
276.644006,2026-03-10 18:23:45.326,ARDUINO_PSI,Arduino,0.000,0.000,12.735,,
276.667504,2026-03-10 18:23:45.349,WJ_VOLTAGE,WJ2,0.196,0.000,0,0,"HV=OFF, Fault=NO"
277.207588,2026-03-10 18:23:45.889,ARDUINO_PSI,Arduino,0.000,0.000,12.744,,
277.208835,2026-03-10 18:23:45.890,ARDUINO_PSI,Arduino,0.000,0.000,12.748,,
277.210944,2026-03-10 18:23:45.893,ARDUINO_PSI,Arduino,0.000,0.000,12.744,,
277.212296,2026-03-10 18:23:45.894,ARDUINO_PSI,Arduino,0.000,0.000,12.751,,
277.213848,2026-03-10 18:23:45.895,WJ_VOLTAGE,WJ1,2.346,0.000,0,0,"HV=OFF, Fault=NO"
277.214643,2026-03-10 18:23:45.897,ARDUINO_PSI,Arduino,0.000,0.000,12.755,,
277.216501,2026-03-10 18:23:45.898,WJ_VOLTAGE,WJ2,0.098,0.000,0,0,"HV=OFF, Fault=NO"
277.243237,2026-03-10 18:23:45.925,ARDUINO_PSI,Arduino,0.000,0.000,12.762,,
277.343881,2026-03-10 18:23:46.026,ARDUINO_PSI,Arduino,0.000,0.000,12.774,,
277.443705,2026-03-10 18:23:46.125,ARDUINO_PSI,Arduino,0.000,0.000,12.764,,
277.543352,2026-03-10 18:23:46.225,ARDUINO_PSI,Arduino,0.000,0.000,12.753,,
277.636232,2026-03-10 18:23:46.318,WJ_VOLTAGE,WJ1,2.248,0.000,0,0,"HV=OFF, Fault=NO"
277.648046,2026-03-10 18:23:46.330,ARDUINO_PSI,Arduino,0.000,0.000,12.767,,
277.742206,2026-03-10 18:23:46.424,WJ_VOLTAGE,WJ2,0.098,0.000,0,0,"HV=OFF, Fault=NO"
277.757370,2026-03-10 18:23:46.439,ARDUINO_PSI,Arduino,0.000,0.000,12.758,,
277.843288,2026-03-10 18:23:46.525,ARDUINO_PSI,Arduino,0.000,0.000,12.753,,
277.944469,2026-03-10 18:23:46.626,ARDUINO_PSI,Arduino,0.000,0.000,12.742,,
278.044113,2026-03-10 18:23:46.726,ARDUINO_PSI,Arduino,0.000,0.000,12.739,,
278.144067,2026-03-10 18:23:46.826,ARDUINO_PSI,Arduino,0.000,0.000,12.726,,
278.149276,2026-03-10 18:23:46.831,WJ_VOLTAGE,WJ1,1.955,0.000,0,0,"HV=OFF, Fault=NO"
278.244066,2026-03-10 18:23:46.926,ARDUINO_PSI,Arduino,0.000,0.000,12.737,,
278.273577,2026-03-10 18:23:46.955,WJ_VOLTAGE,WJ2,0.098,0.000,0,0,"HV=OFF, Fault=NO"
278.343286,2026-03-10 18:23:47.025,ARDUINO_PSI,Arduino,0.000,0.000,12.751,,
278.444071,2026-03-10 18:23:47.126,ARDUINO_PSI,Arduino,0.000,0.000,12.753,,
278.544012,2026-03-10 18:23:47.226,ARDUINO_PSI,Arduino,0.000,0.000,12.758,,
278.644064,2026-03-10 18:23:47.326,ARDUINO_PSI,Arduino,0.000,0.000,12.774,,
278.678229,2026-03-10 18:23:47.360,WJ_VOLTAGE,WJ1,1.760,0.000,0,0,"HV=OFF, Fault=NO"
278.744020,2026-03-10 18:23:47.426,ARDUINO_PSI,Arduino,0.000,0.000,12.776,,
278.804042,2026-03-10 18:23:47.486,WJ_VOLTAGE,WJ2,0.098,0.000,0,0,"HV=OFF, Fault=NO"
278.843976,2026-03-10 18:23:47.526,ARDUINO_PSI,Arduino,0.000,0.000,12.769,,
278.944014,2026-03-10 18:23:47.626,ARDUINO_PSI,Arduino,0.000,0.000,12.780,,
279.043737,2026-03-10 18:23:47.725,ARDUINO_PSI,Arduino,0.000,0.000,12.774,,
279.680772,2026-03-10 18:23:48.362,ARDUINO_PSI,Arduino,0.000,0.000,12.764,,
279.682604,2026-03-10 18:23:48.364,WJ_VOLTAGE,WJ1,1.662,0.000,0,0,"HV=OFF, Fault=NO"
279.683403,2026-03-10 18:23:48.365,ARDUINO_PSI,Arduino,0.000,0.000,12.758,,
279.684691,2026-03-10 18:23:48.366,WJ_VOLTAGE,WJ2,0.098,0.000,0,0,"HV=OFF, Fault=NO"
279.685313,2026-03-10 18:23:48.367,ARDUINO_PSI,Arduino,0.000,0.000,12.758,,
279.686363,2026-03-10 18:23:48.368,ARDUINO_PSI,Arduino,0.000,0.000,12.753,,
279.687241,2026-03-10 18:23:48.369,ARDUINO_PSI,Arduino,0.000,0.000,12.751,,
279.688266,2026-03-10 18:23:48.370,ARDUINO_PSI,Arduino,0.000,0.000,12.746,,
279.736840,2026-03-10 18:23:48.418,WJ_VOLTAGE,WJ1,1.466,0.000,0,0,"HV=OFF, Fault=NO"
279.744916,2026-03-10 18:23:48.427,ARDUINO_PSI,Arduino,0.000,0.000,12.755,,
279.843138,2026-03-10 18:23:48.525,ARDUINO_PSI,Arduino,0.000,0.000,12.760,,
279.862817,2026-03-10 18:23:48.544,WJ_VOLTAGE,WJ2,0.098,0.000,0,0,"HV=OFF, Fault=NO"
279.943318,2026-03-10 18:23:48.625,ARDUINO_PSI,Arduino,0.000,0.000,12.762,,
280.043358,2026-03-10 18:23:48.725,ARDUINO_PSI,Arduino,0.000,0.000,12.755,,
280.143372,2026-03-10 18:23:48.825,ARDUINO_PSI,Arduino,0.000,0.000,12.767,,
280.243294,2026-03-10 18:23:48.925,ARDUINO_PSI,Arduino,0.000,0.000,12.760,,
280.268812,2026-03-10 18:23:48.950,WJ_VOLTAGE,WJ1,1.369,0.000,0,0,"HV=OFF, Fault=NO"
280.343865,2026-03-10 18:23:49.026,ARDUINO_PSI,Arduino,0.000,0.000,12.751,,
280.395338,2026-03-10 18:23:49.077,WJ_VOLTAGE,WJ2,0.098,0.000,0,0,"HV=OFF, Fault=NO"
280.443804,2026-03-10 18:23:49.125,ARDUINO_PSI,Arduino,0.000,0.000,12.753,,
280.543919,2026-03-10 18:23:49.226,ARDUINO_PSI,Arduino,0.000,0.000,12.744,,
280.644778,2026-03-10 18:23:49.326,ARDUINO_PSI,Arduino,0.000,0.000,12.742,,
280.743737,2026-03-10 18:23:49.425,ARDUINO_PSI,Arduino,0.000,0.000,12.746,,
280.801187,2026-03-10 18:23:49.483,WJ_VOLTAGE,WJ1,1.271,0.000,0,0,"HV=OFF, Fault=NO"
280.843250,2026-03-10 18:23:49.525,ARDUINO_PSI,Arduino,0.000,0.000,12.751,,
280.923969,2026-03-10 18:23:49.606,WJ_VOLTAGE,WJ2,0.098,0.000,0,0,"HV=OFF, Fault=NO"
280.943238,2026-03-10 18:23:49.625,ARDUINO_PSI,Arduino,0.000,0.000,12.742,,
281.043893,2026-03-10 18:23:49.726,ARDUINO_PSI,Arduino,0.000,0.000,12.744,,
281.144153,2026-03-10 18:23:49.826,ARDUINO_PSI,Arduino,0.000,0.000,12.746,,
281.243994,2026-03-10 18:23:49.926,ARDUINO_PSI,Arduino,0.000,0.000,12.755,,
281.331901,2026-03-10 18:23:50.014,WJ_VOLTAGE,WJ1,1.173,0.000,0,0,"HV=OFF, Fault=NO"
281.345204,2026-03-10 18:23:50.027,ARDUINO_PSI,Arduino,0.000,0.000,12.744,,
281.443148,2026-03-10 18:23:50.125,ARDUINO_PSI,Arduino,0.000,0.000,12.744,,
281.455948,2026-03-10 18:23:50.138,WJ_VOLTAGE,WJ2,0.098,0.000,0,0,"HV=OFF, Fault=NO"
281.543296,2026-03-10 18:23:50.225,ARDUINO_PSI,Arduino,0.000,0.000,12.748,,
281.643401,2026-03-10 18:23:50.325,ARDUINO_PSI,Arduino,0.000,0.000,12.760,,
281.743239,2026-03-10 18:23:50.425,ARDUINO_PSI,Arduino,0.000,0.000,12.764,,
281.843882,2026-03-10 18:23:50.526,ARDUINO_PSI,Arduino,0.000,0.000,12.755,,
281.848963,2026-03-10 18:23:50.531,WJ_VOLTAGE,WJ1,1.075,0.000,0,0,"HV=OFF, Fault=NO"
281.943992,2026-03-10 18:23:50.626,ARDUINO_PSI,Arduino,0.000,0.000,12.753,,
281.989653,2026-03-10 18:23:50.671,WJ_VOLTAGE,WJ2,0.098,0.000,0,0,"HV=OFF, Fault=NO"
282.043313,2026-03-10 18:23:50.725,ARDUINO_PSI,Arduino,0.000,0.000,12.753,,
282.143973,2026-03-10 18:23:50.826,ARDUINO_PSI,Arduino,0.000,0.000,12.753,,
282.243355,2026-03-10 18:23:50.925,ARDUINO_PSI,Arduino,0.000,0.000,12.753,,
282.343827,2026-03-10 18:23:51.025,ARDUINO_PSI,Arduino,0.000,0.000,12.767,,
282.382694,2026-03-10 18:23:51.064,WJ_VOLTAGE,WJ1,0.978,0.000,0,0,"HV=OFF, Fault=NO"
282.444026,2026-03-10 18:23:51.126,ARDUINO_PSI,Arduino,0.000,0.000,12.764,,
282.509277,2026-03-10 18:23:51.191,WJ_VOLTAGE,WJ2,0.098,0.000,0,0,"HV=OFF, Fault=NO"
282.543894,2026-03-10 18:23:51.226,ARDUINO_PSI,Arduino,0.000,0.000,12.769,,
282.643686,2026-03-10 18:23:51.325,ARDUINO_PSI,Arduino,0.000,0.000,12.758,,
282.743338,2026-03-10 18:23:51.425,ARDUINO_PSI,Arduino,0.000,0.000,12.758,,
282.844720,2026-03-10 18:23:51.526,ARDUINO_PSI,Arduino,0.000,0.000,12.767,,
282.914924,2026-03-10 18:23:51.597,WJ_VOLTAGE,WJ1,0.880,0.000,0,0,"HV=OFF, Fault=NO"
282.943384,2026-03-10 18:23:51.625,ARDUINO_PSI,Arduino,0.000,0.000,12.776,,
283.038761,2026-03-10 18:23:51.720,WJ_VOLTAGE,WJ2,0.098,0.000,0,0,"HV=OFF, Fault=NO"
283.048942,2026-03-10 18:23:51.731,ARDUINO_PSI,Arduino,0.000,0.000,12.776,,
283.144101,2026-03-10 18:23:51.826,ARDUINO_PSI,Arduino,0.000,0.000,12.783,,
283.243924,2026-03-10 18:23:51.926,ARDUINO_PSI,Arduino,0.000,0.000,12.783,,
283.343869,2026-03-10 18:23:52.026,ARDUINO_PSI,Arduino,0.000,0.000,12.787,,
283.444560,2026-03-10 18:23:52.126,WJ_VOLTAGE,WJ1,0.782,0.000,0,0,"HV=OFF, Fault=NO"
283.457165,2026-03-10 18:23:52.139,ARDUINO_PSI,Arduino,0.000,0.000,12.796,,
283.543850,2026-03-10 18:23:52.226,ARDUINO_PSI,Arduino,0.000,0.000,12.790,,
283.569088,2026-03-10 18:23:52.251,WJ_VOLTAGE,WJ2,0.000,0.000,0,0,"HV=OFF, Fault=NO"
283.644430,2026-03-10 18:23:52.326,ARDUINO_PSI,Arduino,0.000,0.000,12.783,,
283.744027,2026-03-10 18:23:52.426,ARDUINO_PSI,Arduino,0.000,0.000,12.780,,
283.843983,2026-03-10 18:23:52.526,ARDUINO_PSI,Arduino,0.000,0.000,12.780,,
283.943804,2026-03-10 18:23:52.625,ARDUINO_PSI,Arduino,0.000,0.000,12.783,,
283.970394,2026-03-10 18:23:52.652,WJ_VOLTAGE,WJ1,0.782,0.000,0,0,"HV=OFF, Fault=NO"
284.043273,2026-03-10 18:23:52.725,ARDUINO_PSI,Arduino,0.000,0.000,12.792,,
284.126675,2026-03-10 18:23:52.808,WJ_VOLTAGE,WJ2,0.000,0.000,0,0,"HV=OFF, Fault=NO"
284.144950,2026-03-10 18:23:52.827,ARDUINO_PSI,Arduino,0.000,0.000,12.758,,
284.245571,2026-03-10 18:23:52.927,ARDUINO_PSI,Arduino,0.000,0.000,12.748,,
284.343813,2026-03-10 18:23:53.025,ARDUINO_PSI,Arduino,0.000,0.000,12.739,,
284.443992,2026-03-10 18:23:53.126,ARDUINO_PSI,Arduino,0.000,0.000,12.732,,
284.501160,2026-03-10 18:23:53.183,WJ_VOLTAGE,WJ1,0.684,0.000,0,0,"HV=OFF, Fault=NO"
284.543427,2026-03-10 18:23:53.225,ARDUINO_PSI,Arduino,0.000,0.000,12.737,,
284.626091,2026-03-10 18:23:53.308,WJ_VOLTAGE,WJ2,0.000,0.000,0,0,"HV=OFF, Fault=NO"
284.643298,2026-03-10 18:23:53.325,ARDUINO_PSI,Arduino,0.000,0.000,12.748,,
284.743948,2026-03-10 18:23:53.426,ARDUINO_PSI,Arduino,0.000,0.000,12.744,,
284.844028,2026-03-10 18:23:53.526,ARDUINO_PSI,Arduino,0.000,0.000,12.742,,
284.944016,2026-03-10 18:23:53.626,ARDUINO_PSI,Arduino,0.000,0.000,12.746,,
285.029000,2026-03-10 18:23:53.711,WJ_VOLTAGE,WJ1,0.684,0.000,0,0,"HV=OFF, Fault=NO"
285.045140,2026-03-10 18:23:53.727,ARDUINO_PSI,Arduino,0.000,0.000,12.742,,
285.143847,2026-03-10 18:23:53.826,ARDUINO_PSI,Arduino,0.000,0.000,12.721,,
285.153972,2026-03-10 18:23:53.836,WJ_VOLTAGE,WJ2,0.000,0.000,0,0,"HV=OFF, Fault=NO"
285.267056,2026-03-10 18:23:53.949,ARDUINO_PSI,Arduino,0.000,0.000,12.719,,
285.343298,2026-03-10 18:23:54.025,ARDUINO_PSI,Arduino,0.000,0.000,12.719,,
285.443409,2026-03-10 18:23:54.125,ARDUINO_PSI,Arduino,0.000,0.000,12.712,,
285.543859,2026-03-10 18:23:54.226,ARDUINO_PSI,Arduino,0.000,0.000,12.721,,
285.557446,2026-03-10 18:23:54.239,WJ_VOLTAGE,WJ1,0.587,0.000,0,0,"HV=OFF, Fault=NO"
285.644049,2026-03-10 18:23:54.326,ARDUINO_PSI,Arduino,0.000,0.000,12.723,,
285.682739,2026-03-10 18:23:54.364,WJ_VOLTAGE,WJ2,0.000,0.000,0,0,"HV=OFF, Fault=NO"
285.744480,2026-03-10 18:23:54.426,ARDUINO_PSI,Arduino,0.000,0.000,12.719,,
285.844141,2026-03-10 18:23:54.526,ARDUINO_PSI,Arduino,0.000,0.000,12.728,,
285.943765,2026-03-10 18:23:54.625,ARDUINO_PSI,Arduino,0.000,0.000,12.730,,
286.043296,2026-03-10 18:23:54.725,ARDUINO_PSI,Arduino,0.000,0.000,12.730,,
286.088197,2026-03-10 18:23:54.770,WJ_VOLTAGE,WJ1,0.000,0.000,0,0,"HV=OFF, Fault=NO"
286.143639,2026-03-10 18:23:54.825,ARDUINO_PSI,Arduino,0.000,0.000,12.764,,
286.212415,2026-03-10 18:23:54.894,WJ_VOLTAGE,WJ2,0.000,0.000,0,0,"HV=OFF, Fault=NO"
286.243358,2026-03-10 18:23:54.925,ARDUINO_PSI,Arduino,0.000,0.000,12.767,,
286.375022,2026-03-10 18:23:55.057,ARDUINO_PSI,Arduino,0.000,0.000,12.760,,
286.444691,2026-03-10 18:23:55.126,ARDUINO_PSI,Arduino,0.000,0.000,12.774,,
286.543734,2026-03-10 18:23:55.225,ARDUINO_PSI,Arduino,0.000,0.000,12.774,,
286.617637,2026-03-10 18:23:55.299,WJ_VOLTAGE,WJ1,0.000,0.000,0,0,"HV=OFF, Fault=NO"
286.643432,2026-03-10 18:23:55.325,ARDUINO_PSI,Arduino,0.000,0.000,12.778,,
286.743787,2026-03-10 18:23:55.425,WJ_VOLTAGE,WJ2,0.000,0.000,0,0,"HV=OFF, Fault=NO"
286.755566,2026-03-10 18:23:55.437,ARDUINO_PSI,Arduino,0.000,0.000,12.787,,
286.843848,2026-03-10 18:23:55.526,ARDUINO_PSI,Arduino,0.000,0.000,12.778,,
286.944109,2026-03-10 18:23:55.626,ARDUINO_PSI,Arduino,0.000,0.000,12.767,,
287.044313,2026-03-10 18:23:55.726,ARDUINO_PSI,Arduino,0.000,0.000,12.769,,
287.144062,2026-03-10 18:23:55.826,ARDUINO_PSI,Arduino,0.000,0.000,12.780,,
287.151205,2026-03-10 18:23:55.833,WJ_VOLTAGE,WJ1,0.000,0.000,0,0,"HV=OFF, Fault=NO"
287.243996,2026-03-10 18:23:55.926,ARDUINO_PSI,Arduino,0.000,0.000,12.787,,
287.272789,2026-03-10 18:23:55.954,WJ_VOLTAGE,WJ2,0.000,0.000,0,0,"HV=OFF, Fault=NO"
287.343975,2026-03-10 18:23:56.026,ARDUINO_PSI,Arduino,0.000,0.000,12.785,,
287.444829,2026-03-10 18:23:56.127,ARDUINO_PSI,Arduino,0.000,0.000,12.785,,
287.543814,2026-03-10 18:23:56.225,ARDUINO_PSI,Arduino,0.000,0.000,12.787,,
287.643952,2026-03-10 18:23:56.326,ARDUINO_PSI,Arduino,0.000,0.000,12.776,,
287.676779,2026-03-10 18:23:56.358,WJ_VOLTAGE,WJ1,0.000,0.000,0,0,"HV=OFF, Fault=NO"
287.743790,2026-03-10 18:23:56.425,ARDUINO_PSI,Arduino,0.000,0.000,12.776,,
287.802649,2026-03-10 18:23:56.484,WJ_VOLTAGE,WJ2,0.000,0.000,0,0,"HV=OFF, Fault=NO"
287.843706,2026-03-10 18:23:56.525,ARDUINO_PSI,Arduino,0.000,0.000,12.776,,
287.943917,2026-03-10 18:23:56.626,ARDUINO_PSI,Arduino,0.000,0.000,12.778,,
288.044539,2026-03-10 18:23:56.726,ARDUINO_PSI,Arduino,0.000,0.000,12.771,,
288.144187,2026-03-10 18:23:56.826,ARDUINO_PSI,Arduino,0.000,0.000,12.762,,
288.210295,2026-03-10 18:23:56.892,WJ_VOLTAGE,WJ1,0.000,0.000,0,0,"HV=OFF, Fault=NO"
288.243206,2026-03-10 18:23:56.925,ARDUINO_PSI,Arduino,0.000,0.000,12.767,,
288.333974,2026-03-10 18:23:57.016,WJ_VOLTAGE,WJ2,0.000,0.000,0,0,"HV=OFF, Fault=NO"
288.348408,2026-03-10 18:23:57.030,ARDUINO_PSI,Arduino,0.000,0.000,12.774,,
288.443877,2026-03-10 18:23:57.126,ARDUINO_PSI,Arduino,0.000,0.000,12.758,,
288.544288,2026-03-10 18:23:57.226,ARDUINO_PSI,Arduino,0.000,0.000,12.755,,
288.644010,2026-03-10 18:23:57.326,ARDUINO_PSI,Arduino,0.000,0.000,12.746,,
288.740351,2026-03-10 18:23:57.422,WJ_VOLTAGE,WJ1,0.000,0.000,0,0,"HV=OFF, Fault=NO"
288.755724,2026-03-10 18:23:57.437,ARDUINO_PSI,Arduino,0.000,0.000,12.737,,
288.843798,2026-03-10 18:23:57.525,ARDUINO_PSI,Arduino,0.000,0.000,12.742,,
288.866057,2026-03-10 18:23:57.548,WJ_VOLTAGE,WJ2,0.000,0.000,0,0,"HV=OFF, Fault=NO"
288.943591,2026-03-10 18:23:57.625,ARDUINO_PSI,Arduino,0.000,0.000,12.746,,
289.044574,2026-03-10 18:23:57.726,ARDUINO_PSI,Arduino,0.000,0.000,12.751,,
289.143941,2026-03-10 18:23:57.826,ARDUINO_PSI,Arduino,0.000,0.000,12.748,,
289.243182,2026-03-10 18:23:57.925,ARDUINO_PSI,Arduino,0.000,0.000,12.753,,
289.266513,2026-03-10 18:23:57.948,WJ_VOLTAGE,WJ1,0.000,0.000,0,0,"HV=OFF, Fault=NO"
289.344614,2026-03-10 18:23:58.026,ARDUINO_PSI,Arduino,0.000,0.000,12.748,,
289.391783,2026-03-10 18:23:58.073,WJ_VOLTAGE,WJ2,0.000,0.000,0,0,"HV=OFF, Fault=NO"
289.443824,2026-03-10 18:23:58.125,ARDUINO_PSI,Arduino,0.000,0.000,12.760,,
289.543633,2026-03-10 18:23:58.225,ARDUINO_PSI,Arduino,0.000,0.000,12.755,,
289.643531,2026-03-10 18:23:58.325,ARDUINO_PSI,Arduino,0.000,0.000,12.769,,
289.743781,2026-03-10 18:23:58.425,ARDUINO_PSI,Arduino,0.000,0.000,12.771,,
289.796983,2026-03-10 18:23:58.479,WJ_VOLTAGE,WJ1,0.000,0.000,0,0,"HV=OFF, Fault=NO"
289.843766,2026-03-10 18:23:58.525,ARDUINO_PSI,Arduino,0.000,0.000,12.769,,
289.919555,2026-03-10 18:23:58.601,WJ_VOLTAGE,WJ2,0.000,0.000,0,0,"HV=OFF, Fault=NO"
289.943357,2026-03-10 18:23:58.625,ARDUINO_PSI,Arduino,0.000,0.000,12.762,,
290.043265,2026-03-10 18:23:58.725,ARDUINO_PSI,Arduino,0.000,0.000,12.767,,
290.143941,2026-03-10 18:23:58.826,ARDUINO_PSI,Arduino,0.000,0.000,12.771,,
290.243297,2026-03-10 18:23:58.925,ARDUINO_PSI,Arduino,0.000,0.000,12.771,,
290.323564,2026-03-10 18:23:59.005,WJ_VOLTAGE,WJ1,0.000,0.000,0,0,"HV=OFF, Fault=NO"
290.343146,2026-03-10 18:23:59.025,ARDUINO_PSI,Arduino,0.000,0.000,12.762,,
290.443834,2026-03-10 18:23:59.125,ARDUINO_PSI,Arduino,0.000,0.000,12.774,,
290.450462,2026-03-10 18:23:59.132,WJ_VOLTAGE,WJ2,0.000,0.000,0,0,"HV=OFF, Fault=NO"
290.543897,2026-03-10 18:23:59.226,ARDUINO_PSI,Arduino,0.000,0.000,12.780,,
290.644405,2026-03-10 18:23:59.326,ARDUINO_PSI,Arduino,0.000,0.000,12.774,,
290.743974,2026-03-10 18:23:59.426,ARDUINO_PSI,Arduino,0.000,0.000,12.780,,
290.843951,2026-03-10 18:23:59.526,ARDUINO_PSI,Arduino,0.000,0.000,12.787,,
290.853409,2026-03-10 18:23:59.535,WJ_VOLTAGE,WJ1,0.000,0.000,0,0,"HV=OFF, Fault=NO"
290.943915,2026-03-10 18:23:59.626,ARDUINO_PSI,Arduino,0.000,0.000,12.778,,
290.975949,2026-03-10 18:23:59.658,WJ_VOLTAGE,WJ2,0.000,0.000,0,0,"HV=OFF, Fault=NO"
291.043701,2026-03-10 18:23:59.725,ARDUINO_PSI,Arduino,0.000,0.000,12.764,,
291.143893,2026-03-10 18:23:59.826,ARDUINO_PSI,Arduino,0.000,0.000,12.774,,
291.243689,2026-03-10 18:23:59.925,ARDUINO_PSI,Arduino,0.000,0.000,12.771,,
291.343869,2026-03-10 18:24:00.026,ARDUINO_PSI,Arduino,0.000,0.000,12.767,,
291.380936,2026-03-10 18:24:00.063,WJ_VOLTAGE,WJ1,0.000,0.000,0,0,"HV=OFF, Fault=NO"
291.443875,2026-03-10 18:24:00.126,ARDUINO_PSI,Arduino,0.000,0.000,12.764,,
291.508161,2026-03-10 18:24:00.190,WJ_VOLTAGE,WJ2,0.000,0.000,0,0,"HV=OFF, Fault=NO"
291.543337,2026-03-10 18:24:00.225,ARDUINO_PSI,Arduino,0.000,0.000,12.755,,
291.643272,2026-03-10 18:24:00.325,ARDUINO_PSI,Arduino,0.000,0.000,12.744,,
291.743303,2026-03-10 18:24:00.425,ARDUINO_PSI,Arduino,0.000,0.000,12.744,,
291.844136,2026-03-10 18:24:00.526,ARDUINO_PSI,Arduino,0.000,0.000,12.746,,
291.914964,2026-03-10 18:24:00.597,WJ_VOLTAGE,WJ1,0.000,0.000,0,0,"HV=OFF, Fault=NO"
291.943363,2026-03-10 18:24:00.625,ARDUINO_PSI,Arduino,0.000,0.000,12.758,,
292.039846,2026-03-10 18:24:00.721,WJ_VOLTAGE,WJ2,0.000,0.000,0,0,"HV=OFF, Fault=NO"
292.048726,2026-03-10 18:24:00.730,ARDUINO_PSI,Arduino,0.000,0.000,12.764,,
292.144070,2026-03-10 18:24:00.826,ARDUINO_PSI,Arduino,0.000,0.000,12.760,,
292.244268,2026-03-10 18:24:00.926,ARDUINO_PSI,Arduino,0.000,0.000,12.769,,
292.344564,2026-03-10 18:24:01.026,ARDUINO_PSI,Arduino,0.000,0.000,12.778,,
292.433819,2026-03-10 18:24:01.115,WJ_VOLTAGE,WJ1,0.000,0.000,0,0,"HV=OFF, Fault=NO"
292.444681,2026-03-10 18:24:01.126,ARDUINO_PSI,Arduino,0.000,0.000,12.778,,
292.543859,2026-03-10 18:24:01.226,ARDUINO_PSI,Arduino,0.000,0.000,12.762,,
292.572179,2026-03-10 18:24:01.254,WJ_VOLTAGE,WJ2,0.000,0.000,0,0,"HV=OFF, Fault=NO"
292.644281,2026-03-10 18:24:01.326,ARDUINO_PSI,Arduino,0.000,0.000,12.762,,
292.743862,2026-03-10 18:24:01.426,ARDUINO_PSI,Arduino,0.000,0.000,12.760,,
292.844062,2026-03-10 18:24:01.526,ARDUINO_PSI,Arduino,0.000,0.000,12.760,,
292.943857,2026-03-10 18:24:01.626,ARDUINO_PSI,Arduino,0.000,0.000,12.760,,
292.965881,2026-03-10 18:24:01.648,WJ_VOLTAGE,WJ1,0.000,0.000,0,0,"HV=OFF, Fault=NO"
293.044573,2026-03-10 18:24:01.726,ARDUINO_PSI,Arduino,0.000,0.000,12.762,,
293.092063,2026-03-10 18:24:01.774,WJ_VOLTAGE,WJ2,0.000,0.000,0,0,"HV=OFF, Fault=NO"
293.143902,2026-03-10 18:24:01.826,ARDUINO_PSI,Arduino,0.000,0.000,12.748,,
293.244006,2026-03-10 18:24:01.926,ARDUINO_PSI,Arduino,0.000,0.000,12.735,,
293.343786,2026-03-10 18:24:02.025,ARDUINO_PSI,Arduino,0.000,0.000,12.744,,
293.443561,2026-03-10 18:24:02.125,ARDUINO_PSI,Arduino,0.000,0.000,12.737,,
293.497407,2026-03-10 18:24:02.179,WJ_VOLTAGE,WJ1,0.000,0.000,0,0,"HV=OFF, Fault=NO"
293.543954,2026-03-10 18:24:02.226,ARDUINO_PSI,Arduino,0.000,0.000,12.737,,
293.622300,2026-03-10 18:24:02.304,WJ_VOLTAGE,WJ2,0.000,0.000,0,0,"HV=OFF, Fault=NO"
293.643216,2026-03-10 18:24:02.325,ARDUINO_PSI,Arduino,0.000,0.000,12.739,,
293.744110,2026-03-10 18:24:02.426,ARDUINO_PSI,Arduino,0.000,0.000,12.751,,
293.844352,2026-03-10 18:24:02.526,ARDUINO_PSI,Arduino,0.000,0.000,12.751,,
293.944005,2026-03-10 18:24:02.626,ARDUINO_PSI,Arduino,0.000,0.000,12.748,,
294.027703,2026-03-10 18:24:02.709,WJ_VOLTAGE,WJ1,0.000,0.000,0,0,"HV=OFF, Fault=NO"
294.043281,2026-03-10 18:24:02.725,ARDUINO_PSI,Arduino,0.000,0.000,12.742,,
294.144023,2026-03-10 18:24:02.826,ARDUINO_PSI,Arduino,0.000,0.000,12.758,,
294.153012,2026-03-10 18:24:02.835,WJ_VOLTAGE,WJ2,0.000,0.000,0,0,"HV=OFF, Fault=NO"
294.243921,2026-03-10 18:24:02.926,ARDUINO_PSI,Arduino,0.000,0.000,12.744,,
294.343240,2026-03-10 18:24:03.025,ARDUINO_PSI,Arduino,0.000,0.000,12.730,,
294.443967,2026-03-10 18:24:03.126,ARDUINO_PSI,Arduino,0.000,0.000,12.732,,
294.543891,2026-03-10 18:24:03.226,ARDUINO_PSI,Arduino,0.000,0.000,12.746,,
294.554901,2026-03-10 18:24:03.237,WJ_VOLTAGE,WJ1,0.000,0.000,0,0,"HV=OFF, Fault=NO"
294.644079,2026-03-10 18:24:03.326,ARDUINO_PSI,Arduino,0.000,0.000,12.746,,
294.678825,2026-03-10 18:24:03.360,WJ_VOLTAGE,WJ2,0.000,0.000,0,0,"HV=OFF, Fault=NO"
294.743874,2026-03-10 18:24:03.426,ARDUINO_PSI,Arduino,0.000,0.000,12.744,,
294.843946,2026-03-10 18:24:03.526,ARDUINO_PSI,Arduino,0.000,0.000,12.735,,
294.944209,2026-03-10 18:24:03.626,ARDUINO_PSI,Arduino,0.000,0.000,12.746,,
295.044084,2026-03-10 18:24:03.726,ARDUINO_PSI,Arduino,0.000,0.000,12.742,,
295.085811,2026-03-10 18:24:03.767,WJ_VOLTAGE,WJ1,0.000,0.000,0,0,"HV=OFF, Fault=NO"
295.144155,2026-03-10 18:24:03.826,ARDUINO_PSI,Arduino,0.000,0.000,12.751,,
295.209627,2026-03-10 18:24:03.891,WJ_VOLTAGE,WJ2,0.000,0.000,0,0,"HV=OFF, Fault=NO"
295.243247,2026-03-10 18:24:03.925,ARDUINO_PSI,Arduino,0.000,0.000,12.760,,
295.344022,2026-03-10 18:24:04.026,ARDUINO_PSI,Arduino,0.000,0.000,12.751,,
295.443838,2026-03-10 18:24:04.125,ARDUINO_PSI,Arduino,0.000,0.000,12.755,,
295.543282,2026-03-10 18:24:04.225,ARDUINO_PSI,Arduino,0.000,0.000,12.769,,
295.611314,2026-03-10 18:24:04.293,WJ_VOLTAGE,WJ1,0.000,0.000,0,0,"HV=OFF, Fault=NO"
295.643344,2026-03-10 18:24:04.325,ARDUINO_PSI,Arduino,0.000,0.000,12.764,,
295.738845,2026-03-10 18:24:04.421,WJ_VOLTAGE,WJ2,0.000,0.000,0,0,"HV=OFF, Fault=NO"
295.757569,2026-03-10 18:24:04.439,ARDUINO_PSI,Arduino,0.000,0.000,12.760,,
295.844007,2026-03-10 18:24:04.526,ARDUINO_PSI,Arduino,0.000,0.000,12.753,,
295.943950,2026-03-10 18:24:04.626,ARDUINO_PSI,Arduino,0.000,0.000,12.755,,
296.044050,2026-03-10 18:24:04.726,ARDUINO_PSI,Arduino,0.000,0.000,12.762,,
296.142469,2026-03-10 18:24:04.824,WJ_VOLTAGE,WJ1,0.000,0.000,0,0,"HV=OFF, Fault=NO"
296.148592,2026-03-10 18:24:04.830,ARDUINO_PSI,Arduino,0.000,0.000,12.753,,
296.244103,2026-03-10 18:24:04.926,ARDUINO_PSI,Arduino,0.000,0.000,12.751,,
296.268651,2026-03-10 18:24:04.950,WJ_VOLTAGE,WJ2,0.000,0.000,0,0,"HV=OFF, Fault=NO"
296.344421,2026-03-10 18:24:05.026,ARDUINO_PSI,Arduino,0.000,0.000,12.753,,
296.443907,2026-03-10 18:24:05.126,ARDUINO_PSI,Arduino,0.000,0.000,12.744,,
296.543908,2026-03-10 18:24:05.226,ARDUINO_PSI,Arduino,0.000,0.000,12.737,,
296.643745,2026-03-10 18:24:05.325,ARDUINO_PSI,Arduino,0.000,0.000,12.737,,
296.671603,2026-03-10 18:24:05.353,WJ_VOLTAGE,WJ1,0.000,0.000,0,0,"HV=OFF, Fault=NO"
296.743678,2026-03-10 18:24:05.425,ARDUINO_PSI,Arduino,0.000,0.000,12.730,,
296.796744,2026-03-10 18:24:05.478,WJ_VOLTAGE,WJ2,0.000,0.000,0,0,"HV=OFF, Fault=NO"
296.843471,2026-03-10 18:24:05.525,ARDUINO_PSI,Arduino,0.000,0.000,12.732,,
296.943812,2026-03-10 18:24:05.625,ARDUINO_PSI,Arduino,0.000,0.000,12.716,,
297.043931,2026-03-10 18:24:05.726,ARDUINO_PSI,Arduino,0.000,0.000,12.723,,
297.144175,2026-03-10 18:24:05.826,ARDUINO_PSI,Arduino,0.000,0.000,12.719,,
297.201634,2026-03-10 18:24:05.883,WJ_VOLTAGE,WJ1,0.000,0.000,0,0,"HV=OFF, Fault=NO"
297.244072,2026-03-10 18:24:05.926,ARDUINO_PSI,Arduino,0.000,0.000,12.714,,
297.325929,2026-03-10 18:24:06.008,WJ_VOLTAGE,WJ2,0.000,0.000,0,0,"HV=OFF, Fault=NO"
297.343135,2026-03-10 18:24:06.025,ARDUINO_PSI,Arduino,0.000,0.000,12.721,,
297.443968,2026-03-10 18:24:06.126,ARDUINO_PSI,Arduino,0.000,0.000,12.721,,
297.543772,2026-03-10 18:24:06.225,ARDUINO_PSI,Arduino,0.000,0.000,12.712,,
297.644028,2026-03-10 18:24:06.326,ARDUINO_PSI,Arduino,0.000,0.000,12.712,,
297.728572,2026-03-10 18:24:06.410,WJ_VOLTAGE,WJ1,0.000,0.000,0,0,"HV=OFF, Fault=NO"
297.745869,2026-03-10 18:24:06.428,ARDUINO_PSI,Arduino,0.000,0.000,12.712,,
297.843716,2026-03-10 18:24:06.525,ARDUINO_PSI,Arduino,0.000,0.000,12.719,,
297.852832,2026-03-10 18:24:06.534,WJ_VOLTAGE,WJ2,0.000,0.000,0,0,"HV=OFF, Fault=NO"
297.943532,2026-03-10 18:24:06.625,ARDUINO_PSI,Arduino,0.000,0.000,12.710,,
298.045394,2026-03-10 18:24:06.727,ARDUINO_PSI,Arduino,0.000,0.000,12.705,,
298.143991,2026-03-10 18:24:06.826,ARDUINO_PSI,Arduino,0.000,0.000,12.700,,
298.243454,2026-03-10 18:24:06.925,ARDUINO_PSI,Arduino,0.000,0.000,12.700,,
298.256378,2026-03-10 18:24:06.938,WJ_VOLTAGE,WJ1,0.000,0.000,0,0,"HV=OFF, Fault=NO"
298.344365,2026-03-10 18:24:07.026,ARDUINO_PSI,Arduino,0.000,0.000,12.700,,
298.380167,2026-03-10 18:24:07.062,WJ_VOLTAGE,WJ2,0.000,0.000,0,0,"HV=OFF, Fault=NO"
298.443952,2026-03-10 18:24:07.126,ARDUINO_PSI,Arduino,0.000,0.000,12.707,,
298.543677,2026-03-10 18:24:07.225,ARDUINO_PSI,Arduino,0.000,0.000,12.710,,
298.644002,2026-03-10 18:24:07.326,ARDUINO_PSI,Arduino,0.000,0.000,12.721,,
298.743768,2026-03-10 18:24:07.425,ARDUINO_PSI,Arduino,0.000,0.000,12.723,,
298.784193,2026-03-10 18:24:07.466,WJ_VOLTAGE,WJ1,0.000,0.000,0,0,"HV=OFF, Fault=NO"
298.843424,2026-03-10 18:24:07.525,ARDUINO_PSI,Arduino,0.000,0.000,12.716,,
298.910048,2026-03-10 18:24:07.592,WJ_VOLTAGE,WJ2,0.000,0.000,0,0,"HV=OFF, Fault=NO"
298.943260,2026-03-10 18:24:07.625,ARDUINO_PSI,Arduino,0.000,0.000,12.721,,
299.043913,2026-03-10 18:24:07.726,ARDUINO_PSI,Arduino,0.000,0.000,12.721,,
299.144065,2026-03-10 18:24:07.826,ARDUINO_PSI,Arduino,0.000,0.000,12.710,,
299.243878,2026-03-10 18:24:07.926,ARDUINO_PSI,Arduino,0.000,0.000,12.719,,
299.316128,2026-03-10 18:24:07.998,WJ_VOLTAGE,WJ1,0.000,0.000,0,0,"HV=OFF, Fault=NO"
299.343333,2026-03-10 18:24:08.025,ARDUINO_PSI,Arduino,0.000,0.000,12.726,,
299.439475,2026-03-10 18:24:08.121,WJ_VOLTAGE,WJ2,0.000,0.000,0,0,"HV=OFF, Fault=NO"
299.450666,2026-03-10 18:24:08.132,ARDUINO_PSI,Arduino,0.000,0.000,12.728,,
299.544029,2026-03-10 18:24:08.226,ARDUINO_PSI,Arduino,0.000,0.000,12.728,,
299.643776,2026-03-10 18:24:08.325,ARDUINO_PSI,Arduino,0.000,0.000,12.744,,
299.743829,2026-03-10 18:24:08.425,ARDUINO_PSI,Arduino,0.000,0.000,12.737,,
299.843022,2026-03-10 18:24:08.525,WJ_VOLTAGE,WJ1,0.000,0.000,0,0,"HV=OFF, Fault=NO"
299.853385,2026-03-10 18:24:08.535,ARDUINO_PSI,Arduino,0.000,0.000,12.723,,
299.943906,2026-03-10 18:24:08.626,ARDUINO_PSI,Arduino,0.000,0.000,12.723,,
299.983021,2026-03-10 18:24:08.665,WJ_VOLTAGE,WJ2,0.000,0.000,0,0,"HV=OFF, Fault=NO"
300.044820,2026-03-10 18:24:08.726,ARDUINO_PSI,Arduino,0.000,0.000,12.714,,
300.143854,2026-03-10 18:24:08.826,ARDUINO_PSI,Arduino,0.000,0.000,12.719,,
300.243777,2026-03-10 18:24:08.925,ARDUINO_PSI,Arduino,0.000,0.000,12.719,,
300.343180,2026-03-10 18:24:09.025,ARDUINO_PSI,Arduino,0.000,0.000,12.716,,
300.372127,2026-03-10 18:24:09.054,WJ_VOLTAGE,WJ1,0.000,0.000,0,0,"HV=OFF, Fault=NO"
300.443873,2026-03-10 18:24:09.126,ARDUINO_PSI,Arduino,0.000,0.000,12.719,,
300.512837,2026-03-10 18:24:09.194,WJ_VOLTAGE,WJ2,0.000,0.000,0,0,"HV=OFF, Fault=NO"
300.543283,2026-03-10 18:24:09.225,ARDUINO_PSI,Arduino,0.000,0.000,12.726,,
300.643954,2026-03-10 18:24:09.326,ARDUINO_PSI,Arduino,0.000,0.000,12.712,,
300.744173,2026-03-10 18:24:09.426,ARDUINO_PSI,Arduino,0.000,0.000,12.714,,
300.844146,2026-03-10 18:24:09.526,ARDUINO_PSI,Arduino,0.000,0.000,12.732,,
300.902463,2026-03-10 18:24:09.584,WJ_VOLTAGE,WJ1,0.000,0.000,0,0,"HV=OFF, Fault=NO"
300.943989,2026-03-10 18:24:09.626,ARDUINO_PSI,Arduino,0.000,0.000,12.739,,
301.041878,2026-03-10 18:24:09.724,WJ_VOLTAGE,WJ2,0.000,0.000,0,0,"HV=OFF, Fault=NO"
301.056854,2026-03-10 18:24:09.738,ARDUINO_PSI,Arduino,0.000,0.000,12.735,,
301.143947,2026-03-10 18:24:09.826,ARDUINO_PSI,Arduino,0.000,0.000,12.735,,
301.243987,2026-03-10 18:24:09.926,ARDUINO_PSI,Arduino,0.000,0.000,12.728,,
301.343880,2026-03-10 18:24:10.026,ARDUINO_PSI,Arduino,0.000,0.000,12.716,,
301.431732,2026-03-10 18:24:10.113,WJ_VOLTAGE,WJ1,0.000,0.000,0,0,"HV=OFF, Fault=NO"
301.443245,2026-03-10 18:24:10.125,ARDUINO_PSI,Arduino,0.000,0.000,12.710,,
301.543834,2026-03-10 18:24:10.225,ARDUINO_PSI,Arduino,0.000,0.000,12.710,,
301.573754,2026-03-10 18:24:10.255,WJ_VOLTAGE,WJ2,0.000,0.000,0,0,"HV=OFF, Fault=NO"
301.643989,2026-03-10 18:24:10.326,ARDUINO_PSI,Arduino,0.000,0.000,12.707,,
301.744115,2026-03-10 18:24:10.426,ARDUINO_PSI,Arduino,0.000,0.000,12.719,,
301.843991,2026-03-10 18:24:10.526,ARDUINO_PSI,Arduino,0.000,0.000,12.728,,
301.944056,2026-03-10 18:24:10.626,ARDUINO_PSI,Arduino,0.000,0.000,12.732,,
301.959379,2026-03-10 18:24:10.641,WJ_VOLTAGE,WJ1,0.000,0.000,0,0,"HV=OFF, Fault=NO"
302.043267,2026-03-10 18:24:10.725,ARDUINO_PSI,Arduino,0.000,0.000,12.739,,
302.101085,2026-03-10 18:24:10.783,WJ_VOLTAGE,WJ2,0.000,0.000,0,0,"HV=OFF, Fault=NO"
302.143325,2026-03-10 18:24:10.825,ARDUINO_PSI,Arduino,0.000,0.000,12.744,,
302.243831,2026-03-10 18:24:10.925,ARDUINO_PSI,Arduino,0.000,0.000,12.748,,
302.343468,2026-03-10 18:24:11.025,ARDUINO_PSI,Arduino,0.000,0.000,12.751,,
302.443469,2026-03-10 18:24:11.125,ARDUINO_PSI,Arduino,0.000,0.000,12.748,,
302.492488,2026-03-10 18:24:11.174,WJ_VOLTAGE,WJ1,0.000,0.000,0,0,"HV=OFF, Fault=NO"
302.544238,2026-03-10 18:24:11.226,ARDUINO_PSI,Arduino,0.000,0.000,12.748,,
302.631241,2026-03-10 18:24:11.313,WJ_VOLTAGE,WJ2,0.000,0.000,0,0,"HV=OFF, Fault=NO"
302.643614,2026-03-10 18:24:11.325,ARDUINO_PSI,Arduino,0.000,0.000,12.760,,
302.744413,2026-03-10 18:24:11.426,ARDUINO_PSI,Arduino,0.000,0.000,12.760,,
302.844743,2026-03-10 18:24:11.526,ARDUINO_PSI,Arduino,0.000,0.000,12.746,,
302.944085,2026-03-10 18:24:11.626,ARDUINO_PSI,Arduino,0.000,0.000,12.744,,
303.021645,2026-03-10 18:24:11.703,WJ_VOLTAGE,WJ1,0.000,0.000,0,0,"HV=OFF, Fault=NO"
303.043325,2026-03-10 18:24:11.725,ARDUINO_PSI,Arduino,0.000,0.000,12.751,,
303.144065,2026-03-10 18:24:11.826,ARDUINO_PSI,Arduino,0.000,0.000,12.753,,
303.161278,2026-03-10 18:24:11.843,WJ_VOLTAGE,WJ2,0.000,0.000,0,0,"HV=OFF, Fault=NO"
303.244002,2026-03-10 18:24:11.926,ARDUINO_PSI,Arduino,0.000,0.000,12.751,,
303.344726,2026-03-10 18:24:12.026,ARDUINO_PSI,Arduino,0.000,0.000,12.755,,
303.443769,2026-03-10 18:24:12.125,ARDUINO_PSI,Arduino,0.000,0.000,12.755,,
303.544062,2026-03-10 18:24:12.226,ARDUINO_PSI,Arduino,0.000,0.000,12.760,,
303.553064,2026-03-10 18:24:12.235,WJ_VOLTAGE,WJ1,0.000,0.000,0,0,"HV=OFF, Fault=NO"
303.643757,2026-03-10 18:24:12.325,ARDUINO_PSI,Arduino,0.000,0.000,12.748,,
303.689905,2026-03-10 18:24:12.372,WJ_VOLTAGE,WJ2,0.000,0.000,0,0,"HV=OFF, Fault=NO"
303.743871,2026-03-10 18:24:12.426,ARDUINO_PSI,Arduino,0.000,0.000,12.735,,
303.843951,2026-03-10 18:24:12.526,ARDUINO_PSI,Arduino,0.000,0.000,12.737,,
303.944131,2026-03-10 18:24:12.626,ARDUINO_PSI,Arduino,0.000,0.000,12.730,,
304.044905,2026-03-10 18:24:12.727,ARDUINO_PSI,Arduino,0.000,0.000,12.723,,
304.076817,2026-03-10 18:24:12.758,WJ_VOLTAGE,WJ1,0.000,0.000,0,0,"HV=OFF, Fault=NO"
304.143402,2026-03-10 18:24:12.825,ARDUINO_PSI,Arduino,0.000,0.000,12.730,,
304.217389,2026-03-10 18:24:12.899,WJ_VOLTAGE,WJ2,0.000,0.000,0,0,"HV=OFF, Fault=NO"
304.243425,2026-03-10 18:24:12.925,ARDUINO_PSI,Arduino,0.000,0.000,12.726,,
304.343787,2026-03-10 18:24:13.025,ARDUINO_PSI,Arduino,0.000,0.000,12.737,,
304.444020,2026-03-10 18:24:13.126,ARDUINO_PSI,Arduino,0.000,0.000,12.742,,
304.543930,2026-03-10 18:24:13.226,ARDUINO_PSI,Arduino,0.000,0.000,12.737,,
304.605587,2026-03-10 18:24:13.287,WJ_VOLTAGE,WJ1,0.000,0.000,0,0,"HV=OFF, Fault=NO"
304.643667,2026-03-10 18:24:13.325,ARDUINO_PSI,Arduino,0.000,0.000,12.728,,
304.744539,2026-03-10 18:24:13.426,ARDUINO_PSI,Arduino,0.000,0.000,12.732,,
304.749725,2026-03-10 18:24:13.431,WJ_VOLTAGE,WJ2,0.000,0.000,0,0,"HV=OFF, Fault=NO"
304.843916,2026-03-10 18:24:13.526,ARDUINO_PSI,Arduino,0.000,0.000,12.748,,
304.944061,2026-03-10 18:24:13.626,ARDUINO_PSI,Arduino,0.000,0.000,12.755,,
305.043343,2026-03-10 18:24:13.725,ARDUINO_PSI,Arduino,0.000,0.000,12.755,,
305.135874,2026-03-10 18:24:13.818,WJ_VOLTAGE,WJ1,0.000,0.000,0,0,"HV=OFF, Fault=NO"
305.153795,2026-03-10 18:24:13.835,ARDUINO_PSI,Arduino,0.000,0.000,12.769,,
305.244167,2026-03-10 18:24:13.926,ARDUINO_PSI,Arduino,0.000,0.000,12.780,,
305.275340,2026-03-10 18:24:13.957,WJ_VOLTAGE,WJ2,0.000,0.000,0,0,"HV=OFF, Fault=NO"
305.344137,2026-03-10 18:24:14.026,ARDUINO_PSI,Arduino,0.000,0.000,12.776,,
305.444248,2026-03-10 18:24:14.126,ARDUINO_PSI,Arduino,0.000,0.000,12.771,,
305.543865,2026-03-10 18:24:14.226,ARDUINO_PSI,Arduino,0.000,0.000,12.760,,
305.643869,2026-03-10 18:24:14.326,ARDUINO_PSI,Arduino,0.000,0.000,12.762,,
305.665312,2026-03-10 18:24:14.347,WJ_VOLTAGE,WJ1,0.000,0.000,0,0,"HV=OFF, Fault=NO"
305.743960,2026-03-10 18:24:14.426,ARDUINO_PSI,Arduino,0.000,0.000,12.787,,
305.804833,2026-03-10 18:24:14.486,WJ_VOLTAGE,WJ2,0.000,0.000,0,0,"HV=OFF, Fault=NO"
305.843229,2026-03-10 18:24:14.525,ARDUINO_PSI,Arduino,0.000,0.000,12.792,,
305.944190,2026-03-10 18:24:14.626,ARDUINO_PSI,Arduino,0.000,0.000,12.803,,
306.044396,2026-03-10 18:24:14.726,ARDUINO_PSI,Arduino,0.000,0.000,12.803,,
306.143841,2026-03-10 18:24:14.825,ARDUINO_PSI,Arduino,0.000,0.000,12.794,,
306.194252,2026-03-10 18:24:14.876,WJ_VOLTAGE,WJ1,0.000,0.000,0,0,"HV=OFF, Fault=NO"
306.243312,2026-03-10 18:24:14.925,ARDUINO_PSI,Arduino,0.000,0.000,12.812,,
306.334252,2026-03-10 18:24:15.016,WJ_VOLTAGE,WJ2,0.000,0.000,0,0,"HV=OFF, Fault=NO"
306.345873,2026-03-10 18:24:15.028,ARDUINO_PSI,Arduino,0.000,0.000,12.796,,
306.443717,2026-03-10 18:24:15.125,ARDUINO_PSI,Arduino,0.000,0.000,12.787,,
306.543701,2026-03-10 18:24:15.225,ARDUINO_PSI,Arduino,0.000,0.000,12.787,,
306.643974,2026-03-10 18:24:15.326,ARDUINO_PSI,Arduino,0.000,0.000,12.783,,
306.721926,2026-03-10 18:24:15.404,WJ_VOLTAGE,WJ1,0.000,0.000,0,0,"HV=OFF, Fault=NO"
306.743269,2026-03-10 18:24:15.425,ARDUINO_PSI,Arduino,0.000,0.000,12.771,,
306.844897,2026-03-10 18:24:15.527,ARDUINO_PSI,Arduino,0.000,0.000,12.755,,
306.860410,2026-03-10 18:24:15.542,WJ_VOLTAGE,WJ2,0.000,0.000,0,0,"HV=OFF, Fault=NO"
306.943745,2026-03-10 18:24:15.625,ARDUINO_PSI,Arduino,0.000,0.000,12.758,,
307.044250,2026-03-10 18:24:15.726,ARDUINO_PSI,Arduino,0.000,0.000,12.751,,
307.143772,2026-03-10 18:24:15.825,ARDUINO_PSI,Arduino,0.000,0.000,12.751,,
307.243950,2026-03-10 18:24:15.926,ARDUINO_PSI,Arduino,0.000,0.000,12.748,,
307.250287,2026-03-10 18:24:15.932,WJ_VOLTAGE,WJ1,0.000,0.000,0,0,"HV=OFF, Fault=NO"
307.343250,2026-03-10 18:24:16.025,ARDUINO_PSI,Arduino,0.000,0.000,12.755,,
307.405144,2026-03-10 18:24:16.087,WJ_VOLTAGE,WJ2,0.000,0.000,0,0,"HV=OFF, Fault=NO"
307.443273,2026-03-10 18:24:16.125,ARDUINO_PSI,Arduino,0.000,0.000,12.758,,
307.544069,2026-03-10 18:24:16.226,ARDUINO_PSI,Arduino,0.000,0.000,12.767,,
307.643610,2026-03-10 18:24:16.325,ARDUINO_PSI,Arduino,0.000,0.000,12.767,,
307.744178,2026-03-10 18:24:16.426,ARDUINO_PSI,Arduino,0.000,0.000,12.753,,
307.777418,2026-03-10 18:24:16.459,WJ_VOLTAGE,WJ1,0.000,0.000,0,0,"HV=OFF, Fault=NO"
307.843350,2026-03-10 18:24:16.525,ARDUINO_PSI,Arduino,0.000,0.000,12.742,,
307.934297,2026-03-10 18:24:16.616,WJ_VOLTAGE,WJ2,0.000,0.000,0,0,"HV=OFF, Fault=NO"
307.949042,2026-03-10 18:24:16.631,ARDUINO_PSI,Arduino,0.000,0.000,12.744,,
308.043229,2026-03-10 18:24:16.725,ARDUINO_PSI,Arduino,0.000,0.000,12.753,,
308.143857,2026-03-10 18:24:16.826,ARDUINO_PSI,Arduino,0.000,0.000,12.758,,
308.244218,2026-03-10 18:24:16.926,ARDUINO_PSI,Arduino,0.000,0.000,12.751,,
308.308864,2026-03-10 18:24:16.991,WJ_VOLTAGE,WJ1,0.000,0.000,0,0,"HV=OFF, Fault=NO"
308.343189,2026-03-10 18:24:17.025,ARDUINO_PSI,Arduino,0.000,0.000,12.764,,
308.443751,2026-03-10 18:24:17.125,ARDUINO_PSI,Arduino,0.000,0.000,12.769,,
308.466832,2026-03-10 18:24:17.148,WJ_VOLTAGE,WJ2,0.000,0.000,0,0,"HV=OFF, Fault=NO"
308.544025,2026-03-10 18:24:17.226,ARDUINO_PSI,Arduino,0.000,0.000,12.774,,
308.644087,2026-03-10 18:24:17.326,ARDUINO_PSI,Arduino,0.000,0.000,12.780,,
308.744154,2026-03-10 18:24:17.426,ARDUINO_PSI,Arduino,0.000,0.000,12.783,,
308.837566,2026-03-10 18:24:17.519,WJ_VOLTAGE,WJ1,0.000,0.000,0,0,"HV=OFF, Fault=NO"
308.853658,2026-03-10 18:24:17.535,ARDUINO_PSI,Arduino,0.000,0.000,12.790,,
308.943997,2026-03-10 18:24:17.626,ARDUINO_PSI,Arduino,0.000,0.000,12.783,,
308.993044,2026-03-10 18:24:17.675,WJ_VOLTAGE,WJ2,0.000,0.000,0,0,"HV=OFF, Fault=NO"
309.043982,2026-03-10 18:24:17.726,ARDUINO_PSI,Arduino,0.000,0.000,12.792,,
309.144214,2026-03-10 18:24:17.826,ARDUINO_PSI,Arduino,0.000,0.000,12.785,,
309.243873,2026-03-10 18:24:17.926,ARDUINO_PSI,Arduino,0.000,0.000,12.787,,
309.344136,2026-03-10 18:24:18.026,ARDUINO_PSI,Arduino,0.000,0.000,12.778,,
309.363755,2026-03-10 18:24:18.045,WJ_VOLTAGE,WJ1,0.000,0.000,0,0,"HV=OFF, Fault=NO"
309.443977,2026-03-10 18:24:18.126,ARDUINO_PSI,Arduino,0.000,0.000,12.785,,
309.520840,2026-03-10 18:24:18.202,WJ_VOLTAGE,WJ2,0.000,0.000,0,0,"HV=OFF, Fault=NO"
309.543982,2026-03-10 18:24:18.226,ARDUINO_PSI,Arduino,0.000,0.000,12.792,,
309.644213,2026-03-10 18:24:18.326,ARDUINO_PSI,Arduino,0.000,0.000,12.787,,
309.743825,2026-03-10 18:24:18.425,ARDUINO_PSI,Arduino,0.000,0.000,12.776,,
309.843998,2026-03-10 18:24:18.526,ARDUINO_PSI,Arduino,0.000,0.000,12.785,,
309.896736,2026-03-10 18:24:18.578,WJ_VOLTAGE,WJ1,0.000,0.000,0,0,"HV=OFF, Fault=NO"
309.943237,2026-03-10 18:24:18.625,ARDUINO_PSI,Arduino,0.000,0.000,12.778,,
310.044237,2026-03-10 18:24:18.726,ARDUINO_PSI,Arduino,0.000,0.000,12.776,,
310.052430,2026-03-10 18:24:18.734,WJ_VOLTAGE,WJ2,0.000,0.000,0,0,"HV=OFF, Fault=NO"
310.143914,2026-03-10 18:24:18.826,ARDUINO_PSI,Arduino,0.000,0.000,12.776,,
310.243837,2026-03-10 18:24:18.925,ARDUINO_PSI,Arduino,0.000,0.000,12.764,,
310.343775,2026-03-10 18:24:19.025,ARDUINO_PSI,Arduino,0.000,0.000,12.769,,
310.421435,2026-03-10 18:24:19.103,WJ_VOLTAGE,WJ1,0.000,0.000,0,0,"HV=OFF, Fault=NO"
310.443197,2026-03-10 18:24:19.125,ARDUINO_PSI,Arduino,0.000,0.000,12.769,,
310.544300,2026-03-10 18:24:19.226,ARDUINO_PSI,Arduino,0.000,0.000,12.767,,
310.574662,2026-03-10 18:24:19.256,WJ_VOLTAGE,WJ2,0.000,0.000,0,0,"HV=OFF, Fault=NO"
310.643829,2026-03-10 18:24:19.325,ARDUINO_PSI,Arduino,0.000,0.000,12.762,,
310.744137,2026-03-10 18:24:19.426,ARDUINO_PSI,Arduino,0.000,0.000,12.774,,
310.844546,2026-03-10 18:24:19.526,ARDUINO_PSI,Arduino,0.000,0.000,12.771,,
310.944254,2026-03-10 18:24:19.626,ARDUINO_PSI,Arduino,0.000,0.000,12.774,,
310.948182,2026-03-10 18:24:19.630,WJ_VOLTAGE,WJ1,0.000,0.000,0,0,"HV=OFF, Fault=NO"
311.044125,2026-03-10 18:24:19.726,ARDUINO_PSI,Arduino,0.000,0.000,12.760,,
311.103390,2026-03-10 18:24:19.785,WJ_VOLTAGE,WJ2,0.000,0.000,0,0,"HV=OFF, Fault=NO"
311.144708,2026-03-10 18:24:19.826,ARDUINO_PSI,Arduino,0.000,0.000,12.755,,
311.243281,2026-03-10 18:24:19.925,ARDUINO_PSI,Arduino,0.000,0.000,12.748,,
311.344096,2026-03-10 18:24:20.026,ARDUINO_PSI,Arduino,0.000,0.000,12.748,,
311.444757,2026-03-10 18:24:20.126,ARDUINO_PSI,Arduino,0.000,0.000,12.742,,
311.477484,2026-03-10 18:24:20.159,WJ_VOLTAGE,WJ1,0.000,0.000,0,0,"HV=OFF, Fault=NO"
311.544730,2026-03-10 18:24:20.226,ARDUINO_PSI,Arduino,0.000,0.000,12.739,,
311.633789,2026-03-10 18:24:20.315,WJ_VOLTAGE,WJ2,0.000,0.000,0,0,"HV=OFF, Fault=NO"
311.645823,2026-03-10 18:24:20.327,ARDUINO_PSI,Arduino,0.000,0.000,12.742,,
311.744128,2026-03-10 18:24:20.426,ARDUINO_PSI,Arduino,0.000,0.000,12.746,,
311.844312,2026-03-10 18:24:20.526,ARDUINO_PSI,Arduino,0.000,0.000,12.739,,
311.944087,2026-03-10 18:24:20.626,ARDUINO_PSI,Arduino,0.000,0.000,12.744,,
312.003221,2026-03-10 18:24:20.685,WJ_VOLTAGE,WJ1,0.000,0.000,0,0,"HV=OFF, Fault=NO"
312.043914,2026-03-10 18:24:20.726,ARDUINO_PSI,Arduino,0.000,0.000,12.737,,
312.143552,2026-03-10 18:24:20.825,ARDUINO_PSI,Arduino,0.000,0.000,12.735,,
312.159632,2026-03-10 18:24:20.841,WJ_VOLTAGE,WJ2,0.000,0.000,0,0,"HV=OFF, Fault=NO"
312.243991,2026-03-10 18:24:20.926,ARDUINO_PSI,Arduino,0.000,0.000,12.739,,
312.345172,2026-03-10 18:24:21.027,ARDUINO_PSI,Arduino,0.000,0.000,12.721,,
312.443968,2026-03-10 18:24:21.126,ARDUINO_PSI,Arduino,0.000,0.000,12.721,,
312.535453,2026-03-10 18:24:21.217,WJ_VOLTAGE,WJ1,0.000,0.000,0,0,"HV=OFF, Fault=NO"
312.551096,2026-03-10 18:24:21.233,ARDUINO_PSI,Arduino,0.000,0.000,12.721,,
312.644221,2026-03-10 18:24:21.326,ARDUINO_PSI,Arduino,0.000,0.000,12.735,,
312.689289,2026-03-10 18:24:21.371,WJ_VOLTAGE,WJ2,0.000,0.000,0,0,"HV=OFF, Fault=NO"
312.743351,2026-03-10 18:24:21.425,ARDUINO_PSI,Arduino,0.000,0.000,12.730,,
312.843280,2026-03-10 18:24:21.525,ARDUINO_PSI,Arduino,0.000,0.000,12.721,,
312.944811,2026-03-10 18:24:21.626,ARDUINO_PSI,Arduino,0.000,0.000,12.705,,
313.043935,2026-03-10 18:24:21.726,ARDUINO_PSI,Arduino,0.000,0.000,12.719,,
313.062804,2026-03-10 18:24:21.744,WJ_VOLTAGE,WJ1,0.000,0.000,0,0,"HV=OFF, Fault=NO"
313.144160,2026-03-10 18:24:21.826,ARDUINO_PSI,Arduino,0.000,0.000,12.735,,
313.219695,2026-03-10 18:24:21.901,WJ_VOLTAGE,WJ2,0.000,0.000,0,0,"HV=OFF, Fault=NO"
313.243250,2026-03-10 18:24:21.925,ARDUINO_PSI,Arduino,0.000,0.000,12.735,,
313.344703,2026-03-10 18:24:22.026,ARDUINO_PSI,Arduino,0.000,0.000,12.753,,
313.443947,2026-03-10 18:24:22.126,ARDUINO_PSI,Arduino,0.000,0.000,12.758,,
313.544885,2026-03-10 18:24:22.227,ARDUINO_PSI,Arduino,0.000,0.000,12.764,,
313.583097,2026-03-10 18:24:22.265,WJ_VOLTAGE,WJ1,0.000,0.000,0,0,"HV=OFF, Fault=NO"
313.644055,2026-03-10 18:24:22.326,ARDUINO_PSI,Arduino,0.000,0.000,12.760,,
313.743979,2026-03-10 18:24:22.426,ARDUINO_PSI,Arduino,0.000,0.000,12.771,,
313.752455,2026-03-10 18:24:22.434,WJ_VOLTAGE,WJ2,0.000,0.000,0,0,"HV=OFF, Fault=NO"
313.844564,2026-03-10 18:24:22.526,ARDUINO_PSI,Arduino,0.000,0.000,12.769,,
313.944521,2026-03-10 18:24:22.626,ARDUINO_PSI,Arduino,0.000,0.000,12.758,,
314.044993,2026-03-10 18:24:22.727,ARDUINO_PSI,Arduino,0.000,0.000,12.758,,
314.111789,2026-03-10 18:24:22.793,WJ_VOLTAGE,WJ1,0.000,0.000,0,0,"HV=OFF, Fault=NO"
314.143770,2026-03-10 18:24:22.825,ARDUINO_PSI,Arduino,0.000,0.000,12.764,,
314.244737,2026-03-10 18:24:22.926,ARDUINO_PSI,Arduino,0.000,0.000,12.774,,
314.283119,2026-03-10 18:24:22.965,WJ_VOLTAGE,WJ2,0.000,0.000,0,0,"HV=OFF, Fault=NO"
314.344205,2026-03-10 18:24:23.026,ARDUINO_PSI,Arduino,0.000,0.000,12.783,,
314.443648,2026-03-10 18:24:23.125,ARDUINO_PSI,Arduino,0.000,0.000,12.790,,
314.544591,2026-03-10 18:24:23.226,ARDUINO_PSI,Arduino,0.000,0.000,12.787,,
314.642188,2026-03-10 18:24:23.324,WJ_VOLTAGE,WJ1,0.000,0.000,0,0,"HV=OFF, Fault=NO"
314.660555,2026-03-10 18:24:23.342,ARDUINO_PSI,Arduino,0.000,0.000,12.776,,
314.744758,2026-03-10 18:24:23.426,ARDUINO_PSI,Arduino,0.000,0.000,12.778,,
314.816537,2026-03-10 18:24:23.498,WJ_VOLTAGE,WJ2,0.000,0.000,0,0,"HV=OFF, Fault=NO"
314.843963,2026-03-10 18:24:23.526,ARDUINO_PSI,Arduino,0.000,0.000,12.783,,
314.944231,2026-03-10 18:24:23.626,ARDUINO_PSI,Arduino,0.000,0.000,12.787,,
315.044479,2026-03-10 18:24:23.726,ARDUINO_PSI,Arduino,0.000,0.000,12.783,,
315.144614,2026-03-10 18:24:23.826,ARDUINO_PSI,Arduino,0.000,0.000,12.778,,
315.172377,2026-03-10 18:24:23.854,WJ_VOLTAGE,WJ1,0.000,0.000,0,0,"HV=OFF, Fault=NO"
315.244358,2026-03-10 18:24:23.926,ARDUINO_PSI,Arduino,0.000,0.000,12.790,,
315.343294,2026-03-10 18:24:24.025,WJ_VOLTAGE,WJ2,0.000,0.000,0,0,"HV=OFF, Fault=NO"
315.349120,2026-03-10 18:24:24.031,ARDUINO_PSI,Arduino,0.000,0.000,12.769,,
315.444555,2026-03-10 18:24:24.126,ARDUINO_PSI,Arduino,0.000,0.000,12.769,,
315.543372,2026-03-10 18:24:24.225,ARDUINO_PSI,Arduino,0.000,0.000,12.769,,
315.644630,2026-03-10 18:24:24.326,ARDUINO_PSI,Arduino,0.000,0.000,12.771,,
315.704868,2026-03-10 18:24:24.387,WJ_VOLTAGE,WJ1,0.000,0.000,0,0,"HV=OFF, Fault=NO"
315.743968,2026-03-10 18:24:24.426,ARDUINO_PSI,Arduino,0.000,0.000,12.767,,
315.844508,2026-03-10 18:24:24.526,ARDUINO_PSI,Arduino,0.000,0.000,12.771,,
315.873493,2026-03-10 18:24:24.555,WJ_VOLTAGE,WJ2,0.000,0.000,0,0,"HV=OFF, Fault=NO"
315.944221,2026-03-10 18:24:24.626,ARDUINO_PSI,Arduino,0.000,0.000,12.776,,
316.043837,2026-03-10 18:24:24.725,ARDUINO_PSI,Arduino,0.000,0.000,12.776,,
316.143991,2026-03-10 18:24:24.826,ARDUINO_PSI,Arduino,0.000,0.000,12.764,,
316.234288,2026-03-10 18:24:24.916,WJ_VOLTAGE,WJ1,0.000,0.000,0,0,"HV=OFF, Fault=NO"
316.246009,2026-03-10 18:24:24.928,ARDUINO_PSI,Arduino,0.000,0.000,12.760,,
316.344135,2026-03-10 18:24:25.026,ARDUINO_PSI,Arduino,0.000,0.000,12.764,,
316.402913,2026-03-10 18:24:25.085,WJ_VOLTAGE,WJ2,0.000,0.000,0,0,"HV=OFF, Fault=NO"
316.443910,2026-03-10 18:24:25.126,ARDUINO_PSI,Arduino,0.000,0.000,12.764,,
316.545234,2026-03-10 18:24:25.227,ARDUINO_PSI,Arduino,0.000,0.000,12.764,,
316.645268,2026-03-10 18:24:25.327,ARDUINO_PSI,Arduino,0.000,0.000,12.771,,
316.744099,2026-03-10 18:24:25.426,ARDUINO_PSI,Arduino,0.000,0.000,12.767,,
316.766494,2026-03-10 18:24:25.448,WJ_VOLTAGE,WJ1,0.000,0.000,0,0,"HV=OFF, Fault=NO"
316.844663,2026-03-10 18:24:25.526,ARDUINO_PSI,Arduino,0.000,0.000,12.762,,
316.935106,2026-03-10 18:24:25.617,WJ_VOLTAGE,WJ2,0.000,0.000,0,0,"HV=OFF, Fault=NO"
316.946820,2026-03-10 18:24:25.628,ARDUINO_PSI,Arduino,0.000,0.000,12.769,,
317.044303,2026-03-10 18:24:25.726,ARDUINO_PSI,Arduino,0.000,0.000,12.771,,
317.144384,2026-03-10 18:24:25.826,ARDUINO_PSI,Arduino,0.000,0.000,12.760,,
317.244747,2026-03-10 18:24:25.926,ARDUINO_PSI,Arduino,0.000,0.000,12.751,,
317.295612,2026-03-10 18:24:25.977,WJ_VOLTAGE,WJ1,0.000,0.000,0,0,"HV=OFF, Fault=NO"
317.343281,2026-03-10 18:24:26.025,ARDUINO_PSI,Arduino,0.000,0.000,12.762,,
317.444264,2026-03-10 18:24:26.126,ARDUINO_PSI,Arduino,0.000,0.000,12.762,,
317.465395,2026-03-10 18:24:26.147,WJ_VOLTAGE,WJ2,0.000,0.000,0,0,"HV=OFF, Fault=NO"
317.544052,2026-03-10 18:24:26.226,ARDUINO_PSI,Arduino,0.000,0.000,12.764,,
317.644053,2026-03-10 18:24:26.326,ARDUINO_PSI,Arduino,0.000,0.000,12.762,,
317.745135,2026-03-10 18:24:26.427,ARDUINO_PSI,Arduino,0.000,0.000,12.755,,
317.824089,2026-03-10 18:24:26.506,WJ_VOLTAGE,WJ1,0.000,0.000,0,0,"HV=OFF, Fault=NO"
317.843231,2026-03-10 18:24:26.525,ARDUINO_PSI,Arduino,0.000,0.000,12.751,,
317.944005,2026-03-10 18:24:26.626,ARDUINO_PSI,Arduino,0.000,0.000,12.748,,
317.994636,2026-03-10 18:24:26.676,WJ_VOLTAGE,WJ2,0.000,0.000,0,0,"HV=OFF, Fault=NO"
318.043297,2026-03-10 18:24:26.725,ARDUINO_PSI,Arduino,0.000,0.000,12.760,,
318.144081,2026-03-10 18:24:26.826,ARDUINO_PSI,Arduino,0.000,0.000,12.767,,
318.244859,2026-03-10 18:24:26.927,ARDUINO_PSI,Arduino,0.000,0.000,12.771,,
318.344087,2026-03-10 18:24:27.026,ARDUINO_PSI,Arduino,0.000,0.000,12.758,,
318.352073,2026-03-10 18:24:27.034,WJ_VOLTAGE,WJ1,0.000,0.000,0,0,"HV=OFF, Fault=NO"
318.444539,2026-03-10 18:24:27.126,ARDUINO_PSI,Arduino,0.000,0.000,12.744,,
318.524388,2026-03-10 18:24:27.206,WJ_VOLTAGE,WJ2,0.000,0.000,0,0,"HV=OFF, Fault=NO"
318.543749,2026-03-10 18:24:27.225,ARDUINO_PSI,Arduino,0.000,0.000,12.748,,
318.644469,2026-03-10 18:24:27.326,ARDUINO_PSI,Arduino,0.000,0.000,12.746,,
318.743899,2026-03-10 18:24:27.426,ARDUINO_PSI,Arduino,0.000,0.000,12.748,,
318.844168,2026-03-10 18:24:27.526,ARDUINO_PSI,Arduino,0.000,0.000,12.753,,
318.883613,2026-03-10 18:24:27.565,WJ_VOLTAGE,WJ1,0.000,0.000,0,0,"HV=OFF, Fault=NO"
318.943891,2026-03-10 18:24:27.626,ARDUINO_PSI,Arduino,0.000,0.000,12.758,,
319.045529,2026-03-10 18:24:27.727,ARDUINO_PSI,Arduino,0.000,0.000,12.760,,
319.055178,2026-03-10 18:24:27.737,WJ_VOLTAGE,WJ2,0.000,0.000,0,0,"HV=OFF, Fault=NO"
319.144043,2026-03-10 18:24:27.826,ARDUINO_PSI,Arduino,0.000,0.000,12.778,,
319.244749,2026-03-10 18:24:27.926,ARDUINO_PSI,Arduino,0.000,0.000,12.776,,
319.343515,2026-03-10 18:24:28.025,ARDUINO_PSI,Arduino,0.000,0.000,12.776,,
319.411801,2026-03-10 18:24:28.093,WJ_VOLTAGE,WJ1,0.000,0.000,0,0,"HV=OFF, Fault=NO"
319.444079,2026-03-10 18:24:28.126,ARDUINO_PSI,Arduino,0.000,0.000,12.776,,
319.543912,2026-03-10 18:24:28.226,ARDUINO_PSI,Arduino,0.000,0.000,12.778,,
319.583267,2026-03-10 18:24:28.265,WJ_VOLTAGE,WJ2,0.000,0.000,0,0,"HV=OFF, Fault=NO"
319.644607,2026-03-10 18:24:28.326,ARDUINO_PSI,Arduino,0.000,0.000,12.778,,
319.744907,2026-03-10 18:24:28.427,ARDUINO_PSI,Arduino,0.000,0.000,12.785,,
319.843254,2026-03-10 18:24:28.525,ARDUINO_PSI,Arduino,0.000,0.000,12.778,,
319.942235,2026-03-10 18:24:28.624,WJ_VOLTAGE,WJ1,0.000,0.000,0,0,"HV=OFF, Fault=NO"
319.954303,2026-03-10 18:24:28.636,ARDUINO_PSI,Arduino,0.000,0.000,12.783,,
320.044564,2026-03-10 18:24:28.726,ARDUINO_PSI,Arduino,0.000,0.000,12.774,,
320.112747,2026-03-10 18:24:28.794,WJ_VOLTAGE,WJ2,0.000,0.000,0,0,"HV=OFF, Fault=NO"
320.143325,2026-03-10 18:24:28.825,ARDUINO_PSI,Arduino,0.000,0.000,12.760,,
320.244350,2026-03-10 18:24:28.926,ARDUINO_PSI,Arduino,0.000,0.000,12.748,,
320.343755,2026-03-10 18:24:29.025,ARDUINO_PSI,Arduino,0.000,0.000,12.762,,
320.443694,2026-03-10 18:24:29.125,ARDUINO_PSI,Arduino,0.000,0.000,12.758,,
320.471395,2026-03-10 18:24:29.153,WJ_VOLTAGE,WJ1,0.000,0.000,0,0,"HV=OFF, Fault=NO"
320.543931,2026-03-10 18:24:29.226,ARDUINO_PSI,Arduino,0.000,0.000,12.762,,
320.642585,2026-03-10 18:24:29.324,WJ_VOLTAGE,WJ2,0.000,0.000,0,0,"HV=OFF, Fault=NO"
320.653629,2026-03-10 18:24:29.335,ARDUINO_PSI,Arduino,0.000,0.000,12.764,,
320.743894,2026-03-10 18:24:29.426,ARDUINO_PSI,Arduino,0.000,0.000,12.778,,
320.843738,2026-03-10 18:24:29.525,ARDUINO_PSI,Arduino,0.000,0.000,12.778,,
320.944035,2026-03-10 18:24:29.626,ARDUINO_PSI,Arduino,0.000,0.000,12.776,,
320.999231,2026-03-10 18:24:29.681,WJ_VOLTAGE,WJ1,0.000,0.000,0,0,"HV=OFF, Fault=NO"
321.043782,2026-03-10 18:24:29.725,ARDUINO_PSI,Arduino,0.000,0.000,12.764,,
321.144641,2026-03-10 18:24:29.826,ARDUINO_PSI,Arduino,0.000,0.000,12.753,,
321.170895,2026-03-10 18:24:29.853,WJ_VOLTAGE,WJ2,0.000,0.000,0,0,"HV=OFF, Fault=NO"
321.243847,2026-03-10 18:24:29.926,ARDUINO_PSI,Arduino,0.000,0.000,12.753,,
321.343853,2026-03-10 18:24:30.026,ARDUINO_PSI,Arduino,0.000,0.000,12.748,,
321.443544,2026-03-10 18:24:30.125,ARDUINO_PSI,Arduino,0.000,0.000,12.758,,
321.528119,2026-03-10 18:24:30.210,WJ_VOLTAGE,WJ1,0.000,0.000,0,0,"HV=OFF, Fault=NO"
321.543163,2026-03-10 18:24:30.225,ARDUINO_PSI,Arduino,0.000,0.000,12.746,,
321.644257,2026-03-10 18:24:30.326,ARDUINO_PSI,Arduino,0.000,0.000,12.755,,
321.698674,2026-03-10 18:24:30.380,WJ_VOLTAGE,WJ2,0.000,0.000,0,0,"HV=OFF, Fault=NO"
321.743261,2026-03-10 18:24:30.425,ARDUINO_PSI,Arduino,0.000,0.000,12.744,,
321.843913,2026-03-10 18:24:30.526,ARDUINO_PSI,Arduino,0.000,0.000,12.755,,
321.944531,2026-03-10 18:24:30.626,ARDUINO_PSI,Arduino,0.000,0.000,12.755,,
322.043959,2026-03-10 18:24:30.726,ARDUINO_PSI,Arduino,0.000,0.000,12.767,,
322.055570,2026-03-10 18:24:30.737,WJ_VOLTAGE,WJ1,0.000,0.000,0,0,"HV=OFF, Fault=NO"
322.144105,2026-03-10 18:24:30.826,ARDUINO_PSI,Arduino,0.000,0.000,12.785,,
322.227439,2026-03-10 18:24:30.909,WJ_VOLTAGE,WJ2,0.000,0.000,0,0,"HV=OFF, Fault=NO"
322.243256,2026-03-10 18:24:30.925,ARDUINO_PSI,Arduino,0.000,0.000,12.792,,
322.344108,2026-03-10 18:24:31.026,ARDUINO_PSI,Arduino,0.000,0.000,12.780,,
322.443770,2026-03-10 18:24:31.125,ARDUINO_PSI,Arduino,0.000,0.000,12.785,,
322.544501,2026-03-10 18:24:31.226,ARDUINO_PSI,Arduino,0.000,0.000,12.767,,
322.585788,2026-03-10 18:24:31.267,WJ_VOLTAGE,WJ1,0.000,0.000,0,0,"HV=OFF, Fault=NO"
322.645098,2026-03-10 18:24:31.327,ARDUINO_PSI,Arduino,0.000,0.000,12.755,,
322.743874,2026-03-10 18:24:31.426,ARDUINO_PSI,Arduino,0.000,0.000,12.746,,
322.756633,2026-03-10 18:24:31.438,WJ_VOLTAGE,WJ2,0.000,0.000,0,0,"HV=OFF, Fault=NO"
322.845009,2026-03-10 18:24:31.527,ARDUINO_PSI,Arduino,0.000,0.000,12.751,,
322.943548,2026-03-10 18:24:31.625,ARDUINO_PSI,Arduino,0.000,0.000,12.753,,
323.044003,2026-03-10 18:24:31.726,ARDUINO_PSI,Arduino,0.000,0.000,12.755,,
323.116801,2026-03-10 18:24:31.798,WJ_VOLTAGE,WJ1,0.000,0.000,0,0,"HV=OFF, Fault=NO"
323.143757,2026-03-10 18:24:31.825,ARDUINO_PSI,Arduino,0.000,0.000,12.769,,
323.244703,2026-03-10 18:24:31.926,ARDUINO_PSI,Arduino,0.000,0.000,12.778,,
323.284574,2026-03-10 18:24:31.966,WJ_VOLTAGE,WJ2,0.000,0.000,0,0,"HV=OFF, Fault=NO"
323.345094,2026-03-10 18:24:32.027,ARDUINO_PSI,Arduino,0.000,0.000,12.776,,
323.443978,2026-03-10 18:24:32.126,ARDUINO_PSI,Arduino,0.000,0.000,12.774,,
323.544720,2026-03-10 18:24:32.226,ARDUINO_PSI,Arduino,0.000,0.000,12.774,,
323.645539,2026-03-10 18:24:32.327,WJ_VOLTAGE,WJ1,0.000,0.000,0,0,"HV=OFF, Fault=NO"
323.647249,2026-03-10 18:24:32.329,ARDUINO_PSI,Arduino,0.000,0.000,12.776,,
323.744069,2026-03-10 18:24:32.426,ARDUINO_PSI,Arduino,0.000,0.000,12.783,,
323.804009,2026-03-10 18:24:32.486,WJ_VOLTAGE,WJ2,0.000,0.000,0,0,"HV=OFF, Fault=NO"
323.843184,2026-03-10 18:24:32.525,ARDUINO_PSI,Arduino,0.000,0.000,12.790,,
323.944526,2026-03-10 18:24:32.626,ARDUINO_PSI,Arduino,0.000,0.000,12.785,,
324.044708,2026-03-10 18:24:32.726,ARDUINO_PSI,Arduino,0.000,0.000,12.787,,
324.144807,2026-03-10 18:24:32.826,ARDUINO_PSI,Arduino,0.000,0.000,12.771,,
324.181609,2026-03-10 18:24:32.863,WJ_VOLTAGE,WJ1,0.000,0.000,0,0,"HV=OFF, Fault=NO"
324.244380,2026-03-10 18:24:32.926,ARDUINO_PSI,Arduino,0.000,0.000,12.767,,
324.336393,2026-03-10 18:24:33.018,WJ_VOLTAGE,WJ2,0.000,0.000,0,0,"HV=OFF, Fault=NO"
324.353537,2026-03-10 18:24:33.035,ARDUINO_PSI,Arduino,0.000,0.000,12.776,,
324.444342,2026-03-10 18:24:33.126,ARDUINO_PSI,Arduino,0.000,0.000,12.778,,
324.544861,2026-03-10 18:24:33.227,ARDUINO_PSI,Arduino,0.000,0.000,12.778,,
324.644359,2026-03-10 18:24:33.326,ARDUINO_PSI,Arduino,0.000,0.000,12.792,,
324.711358,2026-03-10 18:24:33.393,WJ_VOLTAGE,WJ1,0.000,0.000,0,0,"HV=OFF, Fault=NO"
324.743877,2026-03-10 18:24:33.426,ARDUINO_PSI,Arduino,0.000,0.000,12.783,,
324.844683,2026-03-10 18:24:33.526,ARDUINO_PSI,Arduino,0.000,0.000,12.785,,
324.853169,2026-03-10 18:24:33.535,WJ_VOLTAGE,WJ2,0.000,0.000,0,0,"HV=OFF, Fault=NO"
324.944236,2026-03-10 18:24:33.626,ARDUINO_PSI,Arduino,0.000,0.000,12.783,,
325.044529,2026-03-10 18:24:33.726,ARDUINO_PSI,Arduino,0.000,0.000,12.778,,
325.144080,2026-03-10 18:24:33.826,ARDUINO_PSI,Arduino,0.000,0.000,12.771,,
325.245518,2026-03-10 18:24:33.927,WJ_VOLTAGE,WJ1,0.000,0.000,0,0,"HV=OFF, Fault=NO"
325.249076,2026-03-10 18:24:33.931,ARDUINO_PSI,Arduino,0.000,0.000,12.769,,
325.343837,2026-03-10 18:24:34.025,ARDUINO_PSI,Arduino,0.000,0.000,12.783,,
325.384796,2026-03-10 18:24:34.066,WJ_VOLTAGE,WJ2,0.000,0.000,0,0,"HV=OFF, Fault=NO"
325.444417,2026-03-10 18:24:34.126,ARDUINO_PSI,Arduino,0.000,0.000,12.783,,
325.543906,2026-03-10 18:24:34.226,ARDUINO_PSI,Arduino,0.000,0.000,12.774,,
325.644050,2026-03-10 18:24:34.326,ARDUINO_PSI,Arduino,0.000,0.000,12.764,,
325.743977,2026-03-10 18:24:34.426,ARDUINO_PSI,Arduino,0.000,0.000,12.769,,
325.772601,2026-03-10 18:24:34.454,WJ_VOLTAGE,WJ1,0.000,0.000,0,0,"HV=OFF, Fault=NO"
325.843968,2026-03-10 18:24:34.526,ARDUINO_PSI,Arduino,0.000,0.000,12.753,,
325.911455,2026-03-10 18:24:34.593,WJ_VOLTAGE,WJ2,0.000,0.000,0,0,"HV=OFF, Fault=NO"
325.943280,2026-03-10 18:24:34.625,ARDUINO_PSI,Arduino,0.000,0.000,12.753,,
326.044352,2026-03-10 18:24:34.726,ARDUINO_PSI,Arduino,0.000,0.000,12.751,,
326.143968,2026-03-10 18:24:34.826,ARDUINO_PSI,Arduino,0.000,0.000,12.758,,
326.244760,2026-03-10 18:24:34.926,ARDUINO_PSI,Arduino,0.000,0.000,12.751,,
326.367696,2026-03-10 18:24:35.049,WJ_VOLTAGE,WJ1,0.000,0.000,0,0,"HV=OFF, Fault=NO"
326.369423,2026-03-10 18:24:35.051,ARDUINO_PSI,Arduino,0.000,0.000,12.751,,
326.443734,2026-03-10 18:24:35.125,WJ_VOLTAGE,WJ2,0.000,0.000,0,0,"HV=OFF, Fault=NO"
326.456587,2026-03-10 18:24:35.138,ARDUINO_PSI,Arduino,0.000,0.000,12.758,,
326.544184,2026-03-10 18:24:35.226,ARDUINO_PSI,Arduino,0.000,0.000,12.762,,
326.644885,2026-03-10 18:24:35.327,ARDUINO_PSI,Arduino,0.000,0.000,12.751,,
326.745057,2026-03-10 18:24:35.427,ARDUINO_PSI,Arduino,0.000,0.000,12.764,,
326.832081,2026-03-10 18:24:35.514,WJ_VOLTAGE,WJ1,0.000,0.000,0,0,"HV=OFF, Fault=NO"
326.847722,2026-03-10 18:24:35.529,ARDUINO_PSI,Arduino,0.000,0.000,12.760,,
326.944361,2026-03-10 18:24:35.626,ARDUINO_PSI,Arduino,0.000,0.000,12.753,,
326.985493,2026-03-10 18:24:35.667,WJ_VOLTAGE,WJ2,0.000,0.000,0,0,"HV=OFF, Fault=NO"
327.044560,2026-03-10 18:24:35.726,ARDUINO_PSI,Arduino,0.000,0.000,12.769,,
327.143776,2026-03-10 18:24:35.825,ARDUINO_PSI,Arduino,0.000,0.000,12.758,,
327.244779,2026-03-10 18:24:35.926,ARDUINO_PSI,Arduino,0.000,0.000,12.751,,
327.386543,2026-03-10 18:24:36.068,ARDUINO_PSI,Arduino,0.000,0.000,12.746,,
327.391920,2026-03-10 18:24:36.074,WJ_VOLTAGE,WJ1,0.000,0.000,0,0,"HV=OFF, Fault=NO"
327.444484,2026-03-10 18:24:36.126,ARDUINO_PSI,Arduino,0.000,0.000,12.735,,
327.516799,2026-03-10 18:24:36.198,WJ_VOLTAGE,WJ2,0.000,0.000,0,0,"HV=OFF, Fault=NO"
327.543920,2026-03-10 18:24:36.226,ARDUINO_PSI,Arduino,0.000,0.000,12.742,,
327.643917,2026-03-10 18:24:36.326,ARDUINO_PSI,Arduino,0.000,0.000,12.744,,
327.744265,2026-03-10 18:24:36.426,ARDUINO_PSI,Arduino,0.000,0.000,12.732,,
327.844797,2026-03-10 18:24:36.526,ARDUINO_PSI,Arduino,0.000,0.000,12.739,,
327.905556,2026-03-10 18:24:36.587,WJ_VOLTAGE,WJ1,0.000,0.000,0,0,"HV=OFF, Fault=NO"
327.943916,2026-03-10 18:24:36.626,ARDUINO_PSI,Arduino,0.000,0.000,12.748,,
328.043934,2026-03-10 18:24:36.726,ARDUINO_PSI,Arduino,0.000,0.000,12.746,,
328.049446,2026-03-10 18:24:36.731,WJ_VOLTAGE,WJ2,0.000,0.000,0,0,"HV=OFF, Fault=NO"
328.144124,2026-03-10 18:24:36.826,ARDUINO_PSI,Arduino,0.000,0.000,12.751,,
328.244940,2026-03-10 18:24:36.927,ARDUINO_PSI,Arduino,0.000,0.000,12.755,,
328.343781,2026-03-10 18:24:37.025,ARDUINO_PSI,Arduino,0.000,0.000,12.753,,
328.436823,2026-03-10 18:24:37.118,WJ_VOLTAGE,WJ1,0.000,0.000,0,0,"HV=OFF, Fault=NO"
328.451886,2026-03-10 18:24:37.134,ARDUINO_PSI,Arduino,0.000,0.000,12.751,,
328.543919,2026-03-10 18:24:37.226,ARDUINO_PSI,Arduino,0.000,0.000,12.753,,
328.576756,2026-03-10 18:24:37.258,WJ_VOLTAGE,WJ2,0.000,0.000,0,0,"HV=OFF, Fault=NO"
328.643978,2026-03-10 18:24:37.326,ARDUINO_PSI,Arduino,0.000,0.000,12.764,,
328.744059,2026-03-10 18:24:37.426,ARDUINO_PSI,Arduino,0.000,0.000,12.760,,
328.844348,2026-03-10 18:24:37.526,ARDUINO_PSI,Arduino,0.000,0.000,12.760,,
328.944549,2026-03-10 18:24:37.626,ARDUINO_PSI,Arduino,0.000,0.000,12.767,,
328.964133,2026-03-10 18:24:37.646,WJ_VOLTAGE,WJ1,0.000,0.000,0,0,"HV=OFF, Fault=NO"
329.043995,2026-03-10 18:24:37.726,ARDUINO_PSI,Arduino,0.000,0.000,12.758,,
329.106797,2026-03-10 18:24:37.788,WJ_VOLTAGE,WJ2,0.000,0.000,0,0,"HV=OFF, Fault=NO"
329.143596,2026-03-10 18:24:37.825,ARDUINO_PSI,Arduino,0.000,0.000,12.758,,
329.243327,2026-03-10 18:24:37.925,ARDUINO_PSI,Arduino,0.000,0.000,12.755,,
329.343260,2026-03-10 18:24:38.025,ARDUINO_PSI,Arduino,0.000,0.000,12.753,,
329.444256,2026-03-10 18:24:38.126,ARDUINO_PSI,Arduino,0.000,0.000,12.758,,
329.499951,2026-03-10 18:24:38.182,WJ_VOLTAGE,WJ1,0.000,0.000,0,0,"HV=OFF, Fault=NO"
329.544161,2026-03-10 18:24:38.226,ARDUINO_PSI,Arduino,0.000,0.000,12.758,,
329.624422,2026-03-10 18:24:38.306,WJ_VOLTAGE,WJ2,0.000,0.000,0,0,"HV=OFF, Fault=NO"
329.643629,2026-03-10 18:24:38.325,ARDUINO_PSI,Arduino,0.000,0.000,12.758,,
329.744149,2026-03-10 18:24:38.426,ARDUINO_PSI,Arduino,0.000,0.000,12.758,,
329.843962,2026-03-10 18:24:38.526,ARDUINO_PSI,Arduino,0.000,0.000,12.755,,
329.943923,2026-03-10 18:24:38.626,ARDUINO_PSI,Arduino,0.000,0.000,12.753,,
330.029657,2026-03-10 18:24:38.711,WJ_VOLTAGE,WJ1,0.000,0.000,0,0,"HV=OFF, Fault=NO"
330.043696,2026-03-10 18:24:38.725,ARDUINO_PSI,Arduino,0.000,0.000,12.762,,
330.144317,2026-03-10 18:24:38.826,ARDUINO_PSI,Arduino,0.000,0.000,12.760,,
330.155465,2026-03-10 18:24:38.837,WJ_VOLTAGE,WJ2,0.000,0.000,0,0,"HV=OFF, Fault=NO"
330.244990,2026-03-10 18:24:38.927,ARDUINO_PSI,Arduino,0.000,0.000,12.769,,
330.344555,2026-03-10 18:24:39.026,ARDUINO_PSI,Arduino,0.000,0.000,12.774,,
330.444603,2026-03-10 18:24:39.126,ARDUINO_PSI,Arduino,0.000,0.000,12.771,,
330.544825,2026-03-10 18:24:39.226,ARDUINO_PSI,Arduino,0.000,0.000,12.780,,
330.561649,2026-03-10 18:24:39.243,WJ_VOLTAGE,WJ1,0.000,0.000,0,0,"HV=OFF, Fault=NO"
330.645068,2026-03-10 18:24:39.327,ARDUINO_PSI,Arduino,0.000,0.000,12.769,,
330.687296,2026-03-10 18:24:39.369,WJ_VOLTAGE,WJ2,0.000,0.000,0,0,"HV=OFF, Fault=NO"
330.744732,2026-03-10 18:24:39.426,ARDUINO_PSI,Arduino,0.000,0.000,12.771,,
330.844893,2026-03-10 18:24:39.527,ARDUINO_PSI,Arduino,0.000,0.000,12.764,,
330.943824,2026-03-10 18:24:39.625,ARDUINO_PSI,Arduino,0.000,0.000,12.764,,
331.044277,2026-03-10 18:24:39.726,ARDUINO_PSI,Arduino,0.000,0.000,12.767,,
331.091686,2026-03-10 18:24:39.773,WJ_VOLTAGE,WJ1,0.000,0.000,0,0,"HV=OFF, Fault=NO"
331.144327,2026-03-10 18:24:39.826,ARDUINO_PSI,Arduino,0.000,0.000,12.776,,
331.216417,2026-03-10 18:24:39.898,WJ_VOLTAGE,WJ2,0.000,0.000,0,0,"HV=OFF, Fault=NO"
331.243255,2026-03-10 18:24:39.925,ARDUINO_PSI,Arduino,0.000,0.000,12.771,,
331.343926,2026-03-10 18:24:40.026,ARDUINO_PSI,Arduino,0.000,0.000,12.774,,
331.444803,2026-03-10 18:24:40.126,ARDUINO_PSI,Arduino,0.000,0.000,12.774,,
331.544161,2026-03-10 18:24:40.226,ARDUINO_PSI,Arduino,0.000,0.000,12.771,,
331.621652,2026-03-10 18:24:40.303,WJ_VOLTAGE,WJ1,0.000,0.000,0,0,"HV=OFF, Fault=NO"
331.643430,2026-03-10 18:24:40.325,ARDUINO_PSI,Arduino,0.000,0.000,12.776,,
331.745637,2026-03-10 18:24:40.427,WJ_VOLTAGE,WJ2,0.000,0.000,0,0,"HV=OFF, Fault=NO"
331.750048,2026-03-10 18:24:40.432,ARDUINO_PSI,Arduino,0.000,0.000,12.783,,
331.844053,2026-03-10 18:24:40.526,ARDUINO_PSI,Arduino,0.000,0.000,12.771,,
331.945982,2026-03-10 18:24:40.628,ARDUINO_PSI,Arduino,0.000,0.000,12.769,,
332.045370,2026-03-10 18:24:40.727,ARDUINO_PSI,Arduino,0.000,0.000,12.769,,
332.144897,2026-03-10 18:24:40.827,ARDUINO_PSI,Arduino,0.000,0.000,12.755,,
332.151202,2026-03-10 18:24:40.833,WJ_VOLTAGE,WJ1,0.000,0.000,0,0,"HV=OFF, Fault=NO"
332.243801,2026-03-10 18:24:40.925,ARDUINO_PSI,Arduino,0.000,0.000,12.742,,
332.274534,2026-03-10 18:24:40.956,WJ_VOLTAGE,WJ2,0.000,0.000,0,0,"HV=OFF, Fault=NO"
332.344192,2026-03-10 18:24:41.026,ARDUINO_PSI,Arduino,0.000,0.000,12.737,,
332.445175,2026-03-10 18:24:41.127,ARDUINO_PSI,Arduino,0.000,0.000,12.735,,
332.543889,2026-03-10 18:24:41.226,ARDUINO_PSI,Arduino,0.000,0.000,12.730,,
332.643908,2026-03-10 18:24:41.326,ARDUINO_PSI,Arduino,0.000,0.000,12.735,,
332.679171,2026-03-10 18:24:41.361,WJ_VOLTAGE,WJ1,0.000,0.000,0,0,"HV=OFF, Fault=NO"
332.744182,2026-03-10 18:24:41.426,ARDUINO_PSI,Arduino,0.000,0.000,12.730,,
332.803421,2026-03-10 18:24:41.485,WJ_VOLTAGE,WJ2,0.000,0.000,0,0,"HV=OFF, Fault=NO"
332.844205,2026-03-10 18:24:41.526,ARDUINO_PSI,Arduino,0.000,0.000,12.730,,
332.944823,2026-03-10 18:24:41.626,ARDUINO_PSI,Arduino,0.000,0.000,12.735,,
333.043804,2026-03-10 18:24:41.725,ARDUINO_PSI,Arduino,0.000,0.000,12.728,,
333.145134,2026-03-10 18:24:41.827,ARDUINO_PSI,Arduino,0.000,0.000,12.730,,
333.208493,2026-03-10 18:24:41.890,WJ_VOLTAGE,WJ1,0.000,0.000,0,0,"HV=OFF, Fault=NO"
333.243819,2026-03-10 18:24:41.925,ARDUINO_PSI,Arduino,0.000,0.000,12.735,,
333.333748,2026-03-10 18:24:42.015,WJ_VOLTAGE,WJ2,0.000,0.000,0,0,"HV=OFF, Fault=NO"
333.348997,2026-03-10 18:24:42.031,ARDUINO_PSI,Arduino,0.000,0.000,12.739,,
333.444025,2026-03-10 18:24:42.126,ARDUINO_PSI,Arduino,0.000,0.000,12.737,,
333.544649,2026-03-10 18:24:42.226,ARDUINO_PSI,Arduino,0.000,0.000,12.735,,
333.645057,2026-03-10 18:24:42.327,ARDUINO_PSI,Arduino,0.000,0.000,12.730,,
333.736603,2026-03-10 18:24:42.418,WJ_VOLTAGE,WJ1,0.000,0.000,0,0,"HV=OFF, Fault=NO"
333.751453,2026-03-10 18:24:42.433,ARDUINO_PSI,Arduino,0.000,0.000,12.735,,
333.844423,2026-03-10 18:24:42.526,ARDUINO_PSI,Arduino,0.000,0.000,12.739,,
333.861817,2026-03-10 18:24:42.543,WJ_VOLTAGE,WJ2,0.000,0.000,0,0,"HV=OFF, Fault=NO"
333.944720,2026-03-10 18:24:42.626,ARDUINO_PSI,Arduino,0.000,0.000,12.744,,
334.043926,2026-03-10 18:24:42.726,ARDUINO_PSI,Arduino,0.000,0.000,12.737,,
334.143339,2026-03-10 18:24:42.825,ARDUINO_PSI,Arduino,0.000,0.000,12.758,,
334.243983,2026-03-10 18:24:42.926,ARDUINO_PSI,Arduino,0.000,0.000,12.762,,
334.266852,2026-03-10 18:24:42.948,WJ_VOLTAGE,WJ1,0.000,0.000,0,0,"HV=OFF, Fault=NO"
334.345029,2026-03-10 18:24:43.027,ARDUINO_PSI,Arduino,0.000,0.000,12.767,,
334.392771,2026-03-10 18:24:43.074,WJ_VOLTAGE,WJ2,0.000,0.000,0,0,"HV=OFF, Fault=NO"
334.444328,2026-03-10 18:24:43.126,ARDUINO_PSI,Arduino,0.000,0.000,12.764,,
334.543286,2026-03-10 18:24:43.225,ARDUINO_PSI,Arduino,0.000,0.000,12.753,,
334.644641,2026-03-10 18:24:43.326,ARDUINO_PSI,Arduino,0.000,0.000,12.760,,
334.745195,2026-03-10 18:24:43.427,ARDUINO_PSI,Arduino,0.000,0.000,12.760,,
334.800123,2026-03-10 18:24:43.482,WJ_VOLTAGE,WJ1,0.000,0.000,0,0,"HV=OFF, Fault=NO"
334.844988,2026-03-10 18:24:43.527,ARDUINO_PSI,Arduino,0.000,0.000,12.760,,
334.924150,2026-03-10 18:24:43.606,WJ_VOLTAGE,WJ2,0.000,0.000,0,0,"HV=OFF, Fault=NO"
334.943350,2026-03-10 18:24:43.625,ARDUINO_PSI,Arduino,0.000,0.000,12.746,,
335.043882,2026-03-10 18:24:43.726,ARDUINO_PSI,Arduino,0.000,0.000,12.751,,
335.144238,2026-03-10 18:24:43.826,ARDUINO_PSI,Arduino,0.000,0.000,12.739,,
335.245075,2026-03-10 18:24:43.927,ARDUINO_PSI,Arduino,0.000,0.000,12.748,,
335.326908,2026-03-10 18:24:44.009,WJ_VOLTAGE,WJ1,0.000,0.000,0,0,"HV=OFF, Fault=NO"
335.343791,2026-03-10 18:24:44.025,ARDUINO_PSI,Arduino,0.000,0.000,12.737,,
335.443918,2026-03-10 18:24:44.126,ARDUINO_PSI,Arduino,0.000,0.000,12.748,,
335.450910,2026-03-10 18:24:44.133,WJ_VOLTAGE,WJ2,0.000,0.000,0,0,"HV=OFF, Fault=NO"
335.544233,2026-03-10 18:24:44.226,ARDUINO_PSI,Arduino,0.000,0.000,12.767,,
335.644249,2026-03-10 18:24:44.326,ARDUINO_PSI,Arduino,0.000,0.000,12.762,,
335.744195,2026-03-10 18:24:44.426,ARDUINO_PSI,Arduino,0.000,0.000,12.764,,
335.844916,2026-03-10 18:24:44.527,ARDUINO_PSI,Arduino,0.000,0.000,12.758,,
335.854697,2026-03-10 18:24:44.536,WJ_VOLTAGE,WJ1,0.000,0.000,0,0,"HV=OFF, Fault=NO"
335.944358,2026-03-10 18:24:44.626,ARDUINO_PSI,Arduino,0.000,0.000,12.748,,
335.982499,2026-03-10 18:24:44.664,WJ_VOLTAGE,WJ2,0.000,0.000,0,0,"HV=OFF, Fault=NO"
336.043831,2026-03-10 18:24:44.725,ARDUINO_PSI,Arduino,0.000,0.000,12.751,,
336.143979,2026-03-10 18:24:44.826,ARDUINO_PSI,Arduino,0.000,0.000,12.730,,
336.245110,2026-03-10 18:24:44.927,ARDUINO_PSI,Arduino,0.000,0.000,12.737,,
336.344601,2026-03-10 18:24:45.026,ARDUINO_PSI,Arduino,0.000,0.000,12.728,,
336.382985,2026-03-10 18:24:45.065,WJ_VOLTAGE,WJ1,0.000,0.000,0,0,"HV=OFF, Fault=NO"
336.443998,2026-03-10 18:24:45.126,ARDUINO_PSI,Arduino,0.000,0.000,12.735,,
336.507839,2026-03-10 18:24:45.189,WJ_VOLTAGE,WJ2,0.000,0.000,0,0,"HV=OFF, Fault=NO"
336.543964,2026-03-10 18:24:45.226,ARDUINO_PSI,Arduino,0.000,0.000,12.744,,
336.643962,2026-03-10 18:24:45.326,ARDUINO_PSI,Arduino,0.000,0.000,12.742,,
336.744075,2026-03-10 18:24:45.426,ARDUINO_PSI,Arduino,0.000,0.000,12.753,,
336.843990,2026-03-10 18:24:45.526,ARDUINO_PSI,Arduino,0.000,0.000,12.755,,
336.916158,2026-03-10 18:24:45.598,WJ_VOLTAGE,WJ1,0.000,0.000,0,0,"HV=OFF, Fault=NO"
336.943315,2026-03-10 18:24:45.625,ARDUINO_PSI,Arduino,0.000,0.000,12.760,,
337.039957,2026-03-10 18:24:45.722,WJ_VOLTAGE,WJ2,0.000,0.000,0,0,"HV=OFF, Fault=NO"
337.049686,2026-03-10 18:24:45.731,ARDUINO_PSI,Arduino,0.000,0.000,12.753,,
337.143355,2026-03-10 18:24:45.825,ARDUINO_PSI,Arduino,0.000,0.000,12.748,,
337.245159,2026-03-10 18:24:45.927,ARDUINO_PSI,Arduino,0.000,0.000,12.748,,
337.344040,2026-03-10 18:24:46.026,ARDUINO_PSI,Arduino,0.000,0.000,12.758,,
337.444007,2026-03-10 18:24:46.126,WJ_VOLTAGE,WJ1,0.000,0.000,0,0,"HV=OFF, Fault=NO"
337.457990,2026-03-10 18:24:46.140,ARDUINO_PSI,Arduino,0.000,0.000,12.753,,
337.544853,2026-03-10 18:24:46.227,ARDUINO_PSI,Arduino,0.000,0.000,12.746,,
337.567744,2026-03-10 18:24:46.249,WJ_VOLTAGE,WJ2,0.000,0.000,0,0,"HV=OFF, Fault=NO"
337.644598,2026-03-10 18:24:46.326,ARDUINO_PSI,Arduino,0.000,0.000,12.744,,
337.743925,2026-03-10 18:24:46.426,ARDUINO_PSI,Arduino,0.000,0.000,12.730,,
337.844315,2026-03-10 18:24:46.526,ARDUINO_PSI,Arduino,0.000,0.000,12.746,,
337.944027,2026-03-10 18:24:46.626,ARDUINO_PSI,Arduino,0.000,0.000,12.751,,
337.972359,2026-03-10 18:24:46.654,WJ_VOLTAGE,WJ1,0.000,0.000,0,0,"HV=OFF, Fault=NO"
338.044540,2026-03-10 18:24:46.726,ARDUINO_PSI,Arduino,0.000,0.000,12.751,,
338.096243,2026-03-10 18:24:46.778,WJ_VOLTAGE,WJ2,0.000,0.000,0,0,"HV=OFF, Fault=NO"
338.143627,2026-03-10 18:24:46.825,ARDUINO_PSI,Arduino,0.000,0.000,12.762,,
338.243725,2026-03-10 18:24:46.925,ARDUINO_PSI,Arduino,0.000,0.000,12.758,,
338.344273,2026-03-10 18:24:47.026,ARDUINO_PSI,Arduino,0.000,0.000,12.767,,
338.443914,2026-03-10 18:24:47.126,ARDUINO_PSI,Arduino,0.000,0.000,12.760,,
338.501426,2026-03-10 18:24:47.183,WJ_VOLTAGE,WJ1,0.000,0.000,0,0,"HV=OFF, Fault=NO"
338.543811,2026-03-10 18:24:47.225,ARDUINO_PSI,Arduino,0.000,0.000,12.769,,
338.626258,2026-03-10 18:24:47.308,WJ_VOLTAGE,WJ2,0.000,0.000,0,0,"HV=OFF, Fault=NO"
338.643574,2026-03-10 18:24:47.325,ARDUINO_PSI,Arduino,0.000,0.000,12.762,,
338.744093,2026-03-10 18:24:47.426,ARDUINO_PSI,Arduino,0.000,0.000,12.755,,
338.844682,2026-03-10 18:24:47.526,ARDUINO_PSI,Arduino,0.000,0.000,12.751,,
338.944179,2026-03-10 18:24:47.626,ARDUINO_PSI,Arduino,0.000,0.000,12.760,,
339.028780,2026-03-10 18:24:47.710,WJ_VOLTAGE,WJ1,0.000,0.000,0,0,"HV=OFF, Fault=NO"
339.043344,2026-03-10 18:24:47.725,ARDUINO_PSI,Arduino,0.000,0.000,12.767,,
339.144200,2026-03-10 18:24:47.826,ARDUINO_PSI,Arduino,0.000,0.000,12.778,,
339.154307,2026-03-10 18:24:47.836,WJ_VOLTAGE,WJ2,0.000,0.000,0,0,"HV=OFF, Fault=NO"
339.244378,2026-03-10 18:24:47.926,ARDUINO_PSI,Arduino,0.000,0.000,12.783,,
339.344100,2026-03-10 18:24:48.026,ARDUINO_PSI,Arduino,0.000,0.000,12.783,,
339.443919,2026-03-10 18:24:48.126,ARDUINO_PSI,Arduino,0.000,0.000,12.769,,
339.543875,2026-03-10 18:24:48.226,ARDUINO_PSI,Arduino,0.000,0.000,12.774,,
339.558247,2026-03-10 18:24:48.240,WJ_VOLTAGE,WJ1,0.000,0.000,0,0,"HV=OFF, Fault=NO"
339.644002,2026-03-10 18:24:48.326,ARDUINO_PSI,Arduino,0.000,0.000,12.783,,
339.684426,2026-03-10 18:24:48.366,WJ_VOLTAGE,WJ2,0.000,0.000,0,0,"HV=OFF, Fault=NO"
339.744390,2026-03-10 18:24:48.426,ARDUINO_PSI,Arduino,0.000,0.000,12.796,,
339.844329,2026-03-10 18:24:48.526,ARDUINO_PSI,Arduino,0.000,0.000,12.801,,
339.945663,2026-03-10 18:24:48.627,ARDUINO_PSI,Arduino,0.000,0.000,12.806,,
340.044435,2026-03-10 18:24:48.726,ARDUINO_PSI,Arduino,0.000,0.000,12.796,,
340.088380,2026-03-10 18:24:48.770,WJ_VOLTAGE,WJ1,0.000,0.000,0,0,"HV=OFF, Fault=NO"
340.144535,2026-03-10 18:24:48.826,ARDUINO_PSI,Arduino,0.000,0.000,12.785,,
340.216544,2026-03-10 18:24:48.898,WJ_VOLTAGE,WJ2,0.000,0.000,0,0,"HV=OFF, Fault=NO"
340.244721,2026-03-10 18:24:48.926,ARDUINO_PSI,Arduino,0.000,0.000,12.785,,
340.344788,2026-03-10 18:24:49.026,ARDUINO_PSI,Arduino,0.000,0.000,12.785,,
340.444065,2026-03-10 18:24:49.126,ARDUINO_PSI,Arduino,0.000,0.000,12.796,,
340.544012,2026-03-10 18:24:49.226,ARDUINO_PSI,Arduino,0.000,0.000,12.787,,
340.617147,2026-03-10 18:24:49.299,WJ_VOLTAGE,WJ1,0.000,0.000,0,0,"HV=OFF, Fault=NO"
340.644159,2026-03-10 18:24:49.326,ARDUINO_PSI,Arduino,0.000,0.000,12.799,,
340.739816,2026-03-10 18:24:49.421,WJ_VOLTAGE,WJ2,0.000,0.000,0,0,"HV=OFF, Fault=NO"
340.759098,2026-03-10 18:24:49.441,ARDUINO_PSI,Arduino,0.000,0.000,12.799,,
340.844255,2026-03-10 18:24:49.526,ARDUINO_PSI,Arduino,0.000,0.000,12.812,,
340.943222,2026-03-10 18:24:49.625,ARDUINO_PSI,Arduino,0.000,0.000,12.803,,
341.043786,2026-03-10 18:24:49.725,ARDUINO_PSI,Arduino,0.000,0.000,12.792,,
341.144557,2026-03-10 18:24:49.826,ARDUINO_PSI,Arduino,0.000,0.000,12.796,,
341.148846,2026-03-10 18:24:49.830,WJ_VOLTAGE,WJ1,0.000,0.000,0,0,"HV=OFF, Fault=NO"
341.243790,2026-03-10 18:24:49.925,ARDUINO_PSI,Arduino,0.000,0.000,12.778,,
341.270372,2026-03-10 18:24:49.952,WJ_VOLTAGE,WJ2,0.000,0.000,0,0,"HV=OFF, Fault=NO"
341.343996,2026-03-10 18:24:50.026,ARDUINO_PSI,Arduino,0.000,0.000,12.769,,
341.443739,2026-03-10 18:24:50.125,ARDUINO_PSI,Arduino,0.000,0.000,12.783,,
341.543902,2026-03-10 18:24:50.226,ARDUINO_PSI,Arduino,0.000,0.000,12.785,,
341.643917,2026-03-10 18:24:50.326,ARDUINO_PSI,Arduino,0.000,0.000,12.785,,
341.672494,2026-03-10 18:24:50.354,WJ_VOLTAGE,WJ1,0.000,0.000,0,0,"HV=OFF, Fault=NO"
341.744597,2026-03-10 18:24:50.426,ARDUINO_PSI,Arduino,0.000,0.000,12.787,,
341.799690,2026-03-10 18:24:50.481,WJ_VOLTAGE,WJ2,0.000,0.000,0,0,"HV=OFF, Fault=NO"
341.843418,2026-03-10 18:24:50.525,ARDUINO_PSI,Arduino,0.000,0.000,12.771,,
341.943973,2026-03-10 18:24:50.626,ARDUINO_PSI,Arduino,0.000,0.000,12.758,,
342.043478,2026-03-10 18:24:50.725,ARDUINO_PSI,Arduino,0.000,0.000,12.769,,
342.144317,2026-03-10 18:24:50.826,ARDUINO_PSI,Arduino,0.000,0.000,12.771,,
342.200552,2026-03-10 18:24:50.882,WJ_VOLTAGE,WJ1,0.000,0.000,0,0,"HV=OFF, Fault=NO"
342.243694,2026-03-10 18:24:50.925,ARDUINO_PSI,Arduino,0.000,0.000,12.774,,
342.325160,2026-03-10 18:24:51.007,WJ_VOLTAGE,WJ2,0.000,0.000,0,0,"HV=OFF, Fault=NO"
342.343125,2026-03-10 18:24:51.025,ARDUINO_PSI,Arduino,0.000,0.000,12.767,,
342.443946,2026-03-10 18:24:51.126,ARDUINO_PSI,Arduino,0.000,0.000,12.767,,
342.543969,2026-03-10 18:24:51.226,ARDUINO_PSI,Arduino,0.000,0.000,12.767,,
342.643974,2026-03-10 18:24:51.326,ARDUINO_PSI,Arduino,0.000,0.000,12.758,,
342.728621,2026-03-10 18:24:51.410,WJ_VOLTAGE,WJ1,0.000,0.000,0,0,"HV=OFF, Fault=NO"
342.743222,2026-03-10 18:24:51.425,ARDUINO_PSI,Arduino,0.000,0.000,12.762,,
342.844031,2026-03-10 18:24:51.526,ARDUINO_PSI,Arduino,0.000,0.000,12.762,,
342.849974,2026-03-10 18:24:51.532,WJ_VOLTAGE,WJ2,0.000,0.000,0,0,"HV=OFF, Fault=NO"
342.943886,2026-03-10 18:24:51.626,ARDUINO_PSI,Arduino,0.000,0.000,12.764,,
343.044095,2026-03-10 18:24:51.726,ARDUINO_PSI,Arduino,0.000,0.000,12.764,,
343.143920,2026-03-10 18:24:51.826,ARDUINO_PSI,Arduino,0.000,0.000,12.751,,
343.243969,2026-03-10 18:24:51.926,ARDUINO_PSI,Arduino,0.000,0.000,12.753,,
343.255496,2026-03-10 18:24:51.937,WJ_VOLTAGE,WJ1,0.000,0.000,0,0,"HV=OFF, Fault=NO"
343.343950,2026-03-10 18:24:52.026,ARDUINO_PSI,Arduino,0.000,0.000,12.762,,
343.379130,2026-03-10 18:24:52.061,WJ_VOLTAGE,WJ2,0.000,0.000,0,0,"HV=OFF, Fault=NO"
343.443965,2026-03-10 18:24:52.126,ARDUINO_PSI,Arduino,0.000,0.000,12.753,,
343.543873,2026-03-10 18:24:52.226,ARDUINO_PSI,Arduino,0.000,0.000,12.746,,
343.644124,2026-03-10 18:24:52.326,ARDUINO_PSI,Arduino,0.000,0.000,12.748,,
343.743773,2026-03-10 18:24:52.425,ARDUINO_PSI,Arduino,0.000,0.000,12.742,,
343.786170,2026-03-10 18:24:52.468,WJ_VOLTAGE,WJ1,0.000,0.000,0,0,"HV=OFF, Fault=NO"
343.843346,2026-03-10 18:24:52.525,ARDUINO_PSI,Arduino,0.000,0.000,12.746,,
343.912828,2026-03-10 18:24:52.594,WJ_VOLTAGE,WJ2,0.000,0.000,0,0,"HV=OFF, Fault=NO"
343.943324,2026-03-10 18:24:52.625,ARDUINO_PSI,Arduino,0.000,0.000,12.755,,
344.043335,2026-03-10 18:24:52.725,ARDUINO_PSI,Arduino,0.000,0.000,12.753,,
344.144277,2026-03-10 18:24:52.826,ARDUINO_PSI,Arduino,0.000,0.000,12.764,,
344.243315,2026-03-10 18:24:52.925,ARDUINO_PSI,Arduino,0.000,0.000,12.764,,
344.306604,2026-03-10 18:24:52.988,WJ_VOLTAGE,WJ1,0.000,0.000,0,0,"HV=OFF, Fault=NO"
344.343765,2026-03-10 18:24:53.025,ARDUINO_PSI,Arduino,0.000,0.000,12.767,,
344.445769,2026-03-10 18:24:53.127,WJ_VOLTAGE,WJ2,0.000,0.000,0,0,"HV=OFF, Fault=NO"
344.457250,2026-03-10 18:24:53.139,ARDUINO_PSI,Arduino,0.000,0.000,12.758,,
344.543848,2026-03-10 18:24:53.226,ARDUINO_PSI,Arduino,0.000,0.000,12.755,,
344.643805,2026-03-10 18:24:53.325,ARDUINO_PSI,Arduino,0.000,0.000,12.755,,
344.743296,2026-03-10 18:24:53.425,ARDUINO_PSI,Arduino,0.000,0.000,12.739,,
344.823118,2026-03-10 18:24:53.505,WJ_VOLTAGE,WJ1,0.000,0.000,0,0,"HV=OFF, Fault=NO"
344.843306,2026-03-10 18:24:53.525,ARDUINO_PSI,Arduino,0.000,0.000,12.744,,
344.945229,2026-03-10 18:24:53.627,ARDUINO_PSI,Arduino,0.000,0.000,12.748,,
344.978001,2026-03-10 18:24:53.660,WJ_VOLTAGE,WJ2,0.000,0.000,0,0,"HV=OFF, Fault=NO"
345.043759,2026-03-10 18:24:53.725,ARDUINO_PSI,Arduino,0.000,0.000,12.748,,
345.144092,2026-03-10 18:24:53.826,ARDUINO_PSI,Arduino,0.000,0.000,12.758,,
345.244686,2026-03-10 18:24:53.926,ARDUINO_PSI,Arduino,0.000,0.000,12.760,,
345.339308,2026-03-10 18:24:54.021,WJ_VOLTAGE,WJ1,0.000,0.000,0,0,"HV=OFF, Fault=NO"
345.349545,2026-03-10 18:24:54.031,ARDUINO_PSI,Arduino,0.000,0.000,12.753,,
345.443951,2026-03-10 18:24:54.126,ARDUINO_PSI,Arduino,0.000,0.000,12.751,,
345.510712,2026-03-10 18:24:54.192,WJ_VOLTAGE,WJ2,0.000,0.000,0,0,"HV=OFF, Fault=NO"
345.543309,2026-03-10 18:24:54.225,ARDUINO_PSI,Arduino,0.000,0.000,12.744,,
345.643931,2026-03-10 18:24:54.326,ARDUINO_PSI,Arduino,0.000,0.000,12.739,,
345.743866,2026-03-10 18:24:54.426,ARDUINO_PSI,Arduino,0.000,0.000,12.751,,
345.843781,2026-03-10 18:24:54.525,ARDUINO_PSI,Arduino,0.000,0.000,12.748,,
345.865793,2026-03-10 18:24:54.547,WJ_VOLTAGE,WJ1,0.000,0.000,0,0,"HV=OFF, Fault=NO"
345.944383,2026-03-10 18:24:54.626,ARDUINO_PSI,Arduino,0.000,0.000,12.742,,
346.036209,2026-03-10 18:24:54.718,WJ_VOLTAGE,WJ2,0.000,0.000,0,0,"HV=OFF, Fault=NO"
346.049328,2026-03-10 18:24:54.731,ARDUINO_PSI,Arduino,0.000,0.000,12.732,,
346.144803,2026-03-10 18:24:54.826,ARDUINO_PSI,Arduino,0.000,0.000,12.728,,
346.244079,2026-03-10 18:24:54.926,ARDUINO_PSI,Arduino,0.000,0.000,12.726,,
346.343988,2026-03-10 18:24:55.026,ARDUINO_PSI,Arduino,0.000,0.000,12.742,,
346.393695,2026-03-10 18:24:55.075,WJ_VOLTAGE,WJ1,0.000,0.000,0,0,"HV=OFF, Fault=NO"
346.443406,2026-03-10 18:24:55.125,ARDUINO_PSI,Arduino,0.000,0.000,12.739,,
346.543940,2026-03-10 18:24:55.226,ARDUINO_PSI,Arduino,0.000,0.000,12.732,,
346.566889,2026-03-10 18:24:55.249,WJ_VOLTAGE,WJ2,0.000,0.000,0,0,"HV=OFF, Fault=NO"
346.643947,2026-03-10 18:24:55.326,ARDUINO_PSI,Arduino,0.000,0.000,12.737,,
346.743935,2026-03-10 18:24:55.426,ARDUINO_PSI,Arduino,0.000,0.000,12.737,,
346.845394,2026-03-10 18:24:55.527,ARDUINO_PSI,Arduino,0.000,0.000,12.721,,
346.935544,2026-03-10 18:24:55.617,WJ_VOLTAGE,WJ1,0.000,0.000,0,0,"HV=OFF, Fault=NO"
346.953592,2026-03-10 18:24:55.635,ARDUINO_PSI,Arduino,0.000,0.000,12.721,,
347.043412,2026-03-10 18:24:55.725,ARDUINO_PSI,Arduino,0.000,0.000,12.732,,
347.088949,2026-03-10 18:24:55.771,WJ_VOLTAGE,WJ2,0.000,0.000,0,0,"HV=OFF, Fault=NO"
347.143787,2026-03-10 18:24:55.825,ARDUINO_PSI,Arduino,0.000,0.000,12.732,,
347.244483,2026-03-10 18:24:55.926,ARDUINO_PSI,Arduino,0.000,0.000,12.737,,
347.344116,2026-03-10 18:24:56.026,ARDUINO_PSI,Arduino,0.000,0.000,12.739,,
347.445347,2026-03-10 18:24:56.127,ARDUINO_PSI,Arduino,0.000,0.000,12.758,,
347.466741,2026-03-10 18:24:56.148,WJ_VOLTAGE,WJ1,0.000,0.000,0,0,"HV=OFF, Fault=NO"
347.544178,2026-03-10 18:24:56.226,ARDUINO_PSI,Arduino,0.000,0.000,12.758,,
347.622397,2026-03-10 18:24:56.304,WJ_VOLTAGE,WJ2,0.000,0.000,0,0,"HV=OFF, Fault=NO"
347.643783,2026-03-10 18:24:56.325,ARDUINO_PSI,Arduino,0.000,0.000,12.748,,
347.743932,2026-03-10 18:24:56.426,ARDUINO_PSI,Arduino,0.000,0.000,12.737,,
347.844762,2026-03-10 18:24:56.526,ARDUINO_PSI,Arduino,0.000,0.000,12.744,,
347.943775,2026-03-10 18:24:56.625,ARDUINO_PSI,Arduino,0.000,0.000,12.748,,
347.995729,2026-03-10 18:24:56.677,WJ_VOLTAGE,WJ1,0.000,0.000,0,0,"HV=OFF, Fault=NO"
348.043348,2026-03-10 18:24:56.725,ARDUINO_PSI,Arduino,0.000,0.000,12.760,,
348.144158,2026-03-10 18:24:56.826,ARDUINO_PSI,Arduino,0.000,0.000,12.767,,
348.151560,2026-03-10 18:24:56.833,WJ_VOLTAGE,WJ2,0.000,0.000,0,0,"HV=OFF, Fault=NO"
348.244441,2026-03-10 18:24:56.926,ARDUINO_PSI,Arduino,0.000,0.000,12.769,,
348.344066,2026-03-10 18:24:57.026,ARDUINO_PSI,Arduino,0.000,0.000,12.751,,
348.443914,2026-03-10 18:24:57.126,ARDUINO_PSI,Arduino,0.000,0.000,12.760,,
348.523131,2026-03-10 18:24:57.205,WJ_VOLTAGE,WJ1,0.000,0.000,0,0,"HV=OFF, Fault=NO"
348.543236,2026-03-10 18:24:57.225,ARDUINO_PSI,Arduino,0.000,0.000,12.753,,
348.643836,2026-03-10 18:24:57.325,ARDUINO_PSI,Arduino,0.000,0.000,12.760,,
348.681063,2026-03-10 18:24:57.363,WJ_VOLTAGE,WJ2,0.000,0.000,0,0,"HV=OFF, Fault=NO"
348.743756,2026-03-10 18:24:57.425,ARDUINO_PSI,Arduino,0.000,0.000,12.758,,
348.844068,2026-03-10 18:24:57.526,ARDUINO_PSI,Arduino,0.000,0.000,12.758,,
348.943839,2026-03-10 18:24:57.625,ARDUINO_PSI,Arduino,0.000,0.000,12.753,,
349.043731,2026-03-10 18:24:57.725,ARDUINO_PSI,Arduino,0.000,0.000,12.746,,
349.053542,2026-03-10 18:24:57.735,WJ_VOLTAGE,WJ1,0.000,0.000,0,0,"HV=OFF, Fault=NO"
349.144052,2026-03-10 18:24:57.826,ARDUINO_PSI,Arduino,0.000,0.000,12.746,,
349.208672,2026-03-10 18:24:57.890,WJ_VOLTAGE,WJ2,0.000,0.000,0,0,"HV=OFF, Fault=NO"
349.243400,2026-03-10 18:24:57.925,ARDUINO_PSI,Arduino,0.000,0.000,12.762,,
349.344003,2026-03-10 18:24:58.026,ARDUINO_PSI,Arduino,0.000,0.000,12.762,,
349.443953,2026-03-10 18:24:58.126,ARDUINO_PSI,Arduino,0.000,0.000,12.751,,
349.544669,2026-03-10 18:24:58.226,ARDUINO_PSI,Arduino,0.000,0.000,12.744,,
349.584498,2026-03-10 18:24:58.266,WJ_VOLTAGE,WJ1,0.000,0.000,0,0,"HV=OFF, Fault=NO"
349.643986,2026-03-10 18:24:58.326,ARDUINO_PSI,Arduino,0.000,0.000,12.751,,
349.740249,2026-03-10 18:24:58.422,WJ_VOLTAGE,WJ2,0.000,0.000,0,0,"HV=OFF, Fault=NO"
349.754817,2026-03-10 18:24:58.436,ARDUINO_PSI,Arduino,0.000,0.000,12.762,,
349.844109,2026-03-10 18:24:58.526,ARDUINO_PSI,Arduino,0.000,0.000,12.748,,
349.943946,2026-03-10 18:24:58.626,ARDUINO_PSI,Arduino,0.000,0.000,12.748,,
350.044522,2026-03-10 18:24:58.726,ARDUINO_PSI,Arduino,0.000,0.000,12.742,,
350.112192,2026-03-10 18:24:58.794,WJ_VOLTAGE,WJ1,0.000,0.000,0,0,"HV=OFF, Fault=NO"
350.143379,2026-03-10 18:24:58.825,ARDUINO_PSI,Arduino,0.000,0.000,12.737,,
350.244006,2026-03-10 18:24:58.926,ARDUINO_PSI,Arduino,0.000,0.000,12.726,,
350.283610,2026-03-10 18:24:58.965,WJ_VOLTAGE,WJ2,0.000,0.000,0,0,"HV=OFF, Fault=NO"
350.344425,2026-03-10 18:24:59.026,ARDUINO_PSI,Arduino,0.000,0.000,12.730,,
350.443801,2026-03-10 18:24:59.125,ARDUINO_PSI,Arduino,0.000,0.000,12.726,,
350.543779,2026-03-10 18:24:59.225,ARDUINO_PSI,Arduino,0.000,0.000,12.737,,
350.639913,2026-03-10 18:24:59.322,WJ_VOLTAGE,WJ1,0.000,0.000,0,0,"HV=OFF, Fault=NO"
350.653552,2026-03-10 18:24:59.335,ARDUINO_PSI,Arduino,0.000,0.000,12.739,,
350.743377,2026-03-10 18:24:59.425,ARDUINO_PSI,Arduino,0.000,0.000,12.753,,
350.810190,2026-03-10 18:24:59.492,WJ_VOLTAGE,WJ2,0.000,0.000,0,0,"HV=OFF, Fault=NO"
350.843285,2026-03-10 18:24:59.525,ARDUINO_PSI,Arduino,0.000,0.000,12.769,,
350.944537,2026-03-10 18:24:59.626,ARDUINO_PSI,Arduino,0.000,0.000,12.762,,
351.043589,2026-03-10 18:24:59.725,ARDUINO_PSI,Arduino,0.000,0.000,12.769,,
351.143911,2026-03-10 18:24:59.826,ARDUINO_PSI,Arduino,0.000,0.000,12.767,,
351.167311,2026-03-10 18:24:59.849,WJ_VOLTAGE,WJ1,0.000,0.000,0,0,"HV=OFF, Fault=NO"
351.244085,2026-03-10 18:24:59.926,ARDUINO_PSI,Arduino,0.000,0.000,12.753,,
351.338469,2026-03-10 18:25:00.020,WJ_VOLTAGE,WJ2,0.000,0.000,0,0,"HV=OFF, Fault=NO"
351.346719,2026-03-10 18:25:00.028,ARDUINO_PSI,Arduino,0.000,0.000,12.748,,
351.444661,2026-03-10 18:25:00.126,ARDUINO_PSI,Arduino,0.000,0.000,12.751,,
351.543954,2026-03-10 18:25:00.226,ARDUINO_PSI,Arduino,0.000,0.000,12.753,,
351.644791,2026-03-10 18:25:00.326,ARDUINO_PSI,Arduino,0.000,0.000,12.755,,
351.700421,2026-03-10 18:25:00.382,WJ_VOLTAGE,WJ1,0.000,0.000,0,0,"HV=OFF, Fault=NO"
351.745001,2026-03-10 18:25:00.427,ARDUINO_PSI,Arduino,0.000,0.000,12.751,,
351.843878,2026-03-10 18:25:00.526,ARDUINO_PSI,Arduino,0.000,0.000,12.755,,
351.855880,2026-03-10 18:25:00.538,WJ_VOLTAGE,WJ2,0.000,0.000,0,0,"HV=OFF, Fault=NO"
351.943995,2026-03-10 18:25:00.626,ARDUINO_PSI,Arduino,0.000,0.000,12.755,,
352.044099,2026-03-10 18:25:00.726,ARDUINO_PSI,Arduino,0.000,0.000,12.751,,
352.143961,2026-03-10 18:25:00.826,ARDUINO_PSI,Arduino,0.000,0.000,12.751,,
352.228523,2026-03-10 18:25:00.910,WJ_VOLTAGE,WJ1,0.000,0.000,0,0,"HV=OFF, Fault=NO"
352.243307,2026-03-10 18:25:00.925,ARDUINO_PSI,Arduino,0.000,0.000,12.771,,
352.344001,2026-03-10 18:25:01.026,ARDUINO_PSI,Arduino,0.000,0.000,12.764,,
352.383155,2026-03-10 18:25:01.065,WJ_VOLTAGE,WJ2,0.000,0.000,0,0,"HV=OFF, Fault=NO"
352.444402,2026-03-10 18:25:01.126,ARDUINO_PSI,Arduino,0.000,0.000,12.764,,
352.543884,2026-03-10 18:25:01.226,ARDUINO_PSI,Arduino,0.000,0.000,12.758,,
352.644275,2026-03-10 18:25:01.326,ARDUINO_PSI,Arduino,0.000,0.000,12.744,,
352.744117,2026-03-10 18:25:01.426,ARDUINO_PSI,Arduino,0.000,0.000,12.744,,
352.756312,2026-03-10 18:25:01.438,WJ_VOLTAGE,WJ1,0.000,0.000,0,0,"HV=OFF, Fault=NO"
352.843351,2026-03-10 18:25:01.525,ARDUINO_PSI,Arduino,0.000,0.000,12.748,,
352.911679,2026-03-10 18:25:01.593,WJ_VOLTAGE,WJ2,0.000,0.000,0,0,"HV=OFF, Fault=NO"
352.943184,2026-03-10 18:25:01.625,ARDUINO_PSI,Arduino,0.000,0.000,12.746,,
353.044065,2026-03-10 18:25:01.726,ARDUINO_PSI,Arduino,0.000,0.000,12.744,,
353.143949,2026-03-10 18:25:01.826,ARDUINO_PSI,Arduino,0.000,0.000,12.737,,
353.243782,2026-03-10 18:25:01.925,ARDUINO_PSI,Arduino,0.000,0.000,12.742,,
353.273412,2026-03-10 18:25:01.955,WJ_VOLTAGE,WJ1,0.000,0.000,0,0,"HV=OFF, Fault=NO"
353.343217,2026-03-10 18:25:02.025,ARDUINO_PSI,Arduino,0.000,0.000,12.744,,
353.433181,2026-03-10 18:25:02.115,WJ_VOLTAGE,WJ2,0.000,0.000,0,0,"HV=OFF, Fault=NO"
353.449859,2026-03-10 18:25:02.132,ARDUINO_PSI,Arduino,0.000,0.000,12.742,,
353.543832,2026-03-10 18:25:02.225,ARDUINO_PSI,Arduino,0.000,0.000,12.737,,
353.644138,2026-03-10 18:25:02.326,ARDUINO_PSI,Arduino,0.000,0.000,12.739,,
353.743678,2026-03-10 18:25:02.425,ARDUINO_PSI,Arduino,0.000,0.000,12.723,,
353.801244,2026-03-10 18:25:02.483,WJ_VOLTAGE,WJ1,0.000,0.000,0,0,"HV=OFF, Fault=NO"
353.843559,2026-03-10 18:25:02.525,ARDUINO_PSI,Arduino,0.000,0.000,12.728,,
353.943795,2026-03-10 18:25:02.625,ARDUINO_PSI,Arduino,0.000,0.000,12.716,,
353.957855,2026-03-10 18:25:02.640,WJ_VOLTAGE,WJ2,0.000,0.000,0,0,"HV=OFF, Fault=NO"
354.044112,2026-03-10 18:25:02.726,ARDUINO_PSI,Arduino,0.000,0.000,12.732,,
354.144042,2026-03-10 18:25:02.826,ARDUINO_PSI,Arduino,0.000,0.000,12.732,,
354.244329,2026-03-10 18:25:02.926,ARDUINO_PSI,Arduino,0.000,0.000,12.728,,
354.333243,2026-03-10 18:25:03.015,WJ_VOLTAGE,WJ1,0.000,0.000,0,0,"HV=OFF, Fault=NO"
354.350790,2026-03-10 18:25:03.032,ARDUINO_PSI,Arduino,0.000,0.000,12.746,,
354.444037,2026-03-10 18:25:03.126,ARDUINO_PSI,Arduino,0.000,0.000,12.742,,
354.487375,2026-03-10 18:25:03.169,WJ_VOLTAGE,WJ2,0.000,0.000,0,0,"HV=OFF, Fault=NO"
354.543812,2026-03-10 18:25:03.225,ARDUINO_PSI,Arduino,0.000,0.000,12.744,,
354.643847,2026-03-10 18:25:03.326,ARDUINO_PSI,Arduino,0.000,0.000,12.746,,
354.743913,2026-03-10 18:25:03.426,ARDUINO_PSI,Arduino,0.000,0.000,12.737,,
354.844015,2026-03-10 18:25:03.526,ARDUINO_PSI,Arduino,0.000,0.000,12.730,,
354.860353,2026-03-10 18:25:03.542,WJ_VOLTAGE,WJ1,0.000,0.000,0,0,"HV=OFF, Fault=NO"
354.943928,2026-03-10 18:25:03.626,ARDUINO_PSI,Arduino,0.000,0.000,12.730,,
355.016740,2026-03-10 18:25:03.698,WJ_VOLTAGE,WJ2,0.000,0.000,0,0,"HV=OFF, Fault=NO"
355.043279,2026-03-10 18:25:03.725,ARDUINO_PSI,Arduino,0.000,0.000,12.728,,
355.143441,2026-03-10 18:25:03.825,ARDUINO_PSI,Arduino,0.000,0.000,12.732,,
355.243838,2026-03-10 18:25:03.925,ARDUINO_PSI,Arduino,0.000,0.000,12.739,,
355.344088,2026-03-10 18:25:04.026,ARDUINO_PSI,Arduino,0.000,0.000,12.742,,
355.376921,2026-03-10 18:25:04.059,WJ_VOLTAGE,WJ1,0.000,0.000,0,0,"HV=OFF, Fault=NO"
355.443943,2026-03-10 18:25:04.126,ARDUINO_PSI,Arduino,0.000,0.000,12.742,,
355.533681,2026-03-10 18:25:04.215,WJ_VOLTAGE,WJ2,0.000,0.000,0,0,"HV=OFF, Fault=NO"
355.545725,2026-03-10 18:25:04.227,ARDUINO_PSI,Arduino,0.000,0.000,12.739,,
355.643949,2026-03-10 18:25:04.326,ARDUINO_PSI,Arduino,0.000,0.000,12.730,,
355.744051,2026-03-10 18:25:04.426,ARDUINO_PSI,Arduino,0.000,0.000,12.737,,
355.844136,2026-03-10 18:25:04.526,ARDUINO_PSI,Arduino,0.000,0.000,12.726,,
355.909345,2026-03-10 18:25:04.591,WJ_VOLTAGE,WJ1,0.000,0.000,0,0,"HV=OFF, Fault=NO"
355.943678,2026-03-10 18:25:04.625,ARDUINO_PSI,Arduino,0.000,0.000,12.730,,
356.044126,2026-03-10 18:25:04.726,ARDUINO_PSI,Arduino,0.000,0.000,12.726,,
356.062872,2026-03-10 18:25:04.745,WJ_VOLTAGE,WJ2,0.000,0.000,0,0,"HV=OFF, Fault=NO"
356.143889,2026-03-10 18:25:04.826,ARDUINO_PSI,Arduino,0.000,0.000,12.730,,
356.243952,2026-03-10 18:25:04.926,ARDUINO_PSI,Arduino,0.000,0.000,12.723,,
356.343854,2026-03-10 18:25:05.026,ARDUINO_PSI,Arduino,0.000,0.000,12.719,,
356.439225,2026-03-10 18:25:05.121,WJ_VOLTAGE,WJ1,0.000,0.000,0,0,"HV=OFF, Fault=NO"
356.455307,2026-03-10 18:25:05.137,ARDUINO_PSI,Arduino,0.000,0.000,12.723,,
356.544341,2026-03-10 18:25:05.226,ARDUINO_PSI,Arduino,0.000,0.000,12.726,,
356.591157,2026-03-10 18:25:05.273,WJ_VOLTAGE,WJ2,0.000,0.000,0,0,"HV=OFF, Fault=NO"
356.643679,2026-03-10 18:25:05.325,ARDUINO_PSI,Arduino,0.000,0.000,12.726,,
356.743909,2026-03-10 18:25:05.426,ARDUINO_PSI,Arduino,0.000,0.000,12.728,,
356.843804,2026-03-10 18:25:05.525,ARDUINO_PSI,Arduino,0.000,0.000,12.730,,
356.943987,2026-03-10 18:25:05.626,ARDUINO_PSI,Arduino,0.000,0.000,12.739,,
356.965523,2026-03-10 18:25:05.647,WJ_VOLTAGE,WJ1,0.000,0.000,0,0,"HV=OFF, Fault=NO"
357.044014,2026-03-10 18:25:05.726,ARDUINO_PSI,Arduino,0.000,0.000,12.732,,
357.121893,2026-03-10 18:25:05.804,WJ_VOLTAGE,WJ2,0.000,0.000,0,0,"HV=OFF, Fault=NO"
357.143293,2026-03-10 18:25:05.825,ARDUINO_PSI,Arduino,0.000,0.000,12.737,,
357.244159,2026-03-10 18:25:05.926,ARDUINO_PSI,Arduino,0.000,0.000,12.730,,
357.343240,2026-03-10 18:25:06.025,ARDUINO_PSI,Arduino,0.000,0.000,12.726,,
357.443915,2026-03-10 18:25:06.126,ARDUINO_PSI,Arduino,0.000,0.000,12.732,,
357.499144,2026-03-10 18:25:06.181,WJ_VOLTAGE,WJ1,0.000,0.000,0,0,"HV=OFF, Fault=NO"
357.543252,2026-03-10 18:25:06.225,ARDUINO_PSI,Arduino,0.000,0.000,12.744,,
357.643903,2026-03-10 18:25:06.326,ARDUINO_PSI,Arduino,0.000,0.000,12.744,,
357.653490,2026-03-10 18:25:06.335,WJ_VOLTAGE,WJ2,0.000,0.000,0,0,"HV=OFF, Fault=NO"
357.744586,2026-03-10 18:25:06.426,ARDUINO_PSI,Arduino,0.000,0.000,12.742,,
357.843629,2026-03-10 18:25:06.525,ARDUINO_PSI,Arduino,0.000,0.000,12.753,,
357.943534,2026-03-10 18:25:06.625,ARDUINO_PSI,Arduino,0.000,0.000,12.751,,
358.025044,2026-03-10 18:25:06.707,WJ_VOLTAGE,WJ1,0.000,0.000,0,0,"HV=OFF, Fault=NO"
358.043264,2026-03-10 18:25:06.725,ARDUINO_PSI,Arduino,0.000,0.000,12.742,,
358.143839,2026-03-10 18:25:06.825,ARDUINO_PSI,Arduino,0.000,0.000,12.735,,
358.181514,2026-03-10 18:25:06.863,WJ_VOLTAGE,WJ2,0.000,0.000,0,0,"HV=OFF, Fault=NO"
358.243728,2026-03-10 18:25:06.925,ARDUINO_PSI,Arduino,0.000,0.000,12.744,,
358.343856,2026-03-10 18:25:07.026,ARDUINO_PSI,Arduino,0.000,0.000,12.728,,
358.443777,2026-03-10 18:25:07.125,ARDUINO_PSI,Arduino,0.000,0.000,12.735,,
358.543719,2026-03-10 18:25:07.225,ARDUINO_PSI,Arduino,0.000,0.000,12.737,,
358.571743,2026-03-10 18:25:07.253,WJ_VOLTAGE,WJ1,0.000,0.000,0,0,"HV=OFF, Fault=NO"
358.643205,2026-03-10 18:25:07.325,ARDUINO_PSI,Arduino,0.000,0.000,12.735,,
358.700223,2026-03-10 18:25:07.382,WJ_VOLTAGE,WJ2,0.000,0.000,0,0,"HV=OFF, Fault=NO"
358.743372,2026-03-10 18:25:07.425,ARDUINO_PSI,Arduino,0.000,0.000,12.739,,
358.843970,2026-03-10 18:25:07.526,ARDUINO_PSI,Arduino,0.000,0.000,12.742,,
358.944148,2026-03-10 18:25:07.626,ARDUINO_PSI,Arduino,0.000,0.000,12.737,,
359.044375,2026-03-10 18:25:07.726,ARDUINO_PSI,Arduino,0.000,0.000,12.748,,
359.092281,2026-03-10 18:25:07.774,WJ_VOLTAGE,WJ1,0.000,0.000,0,0,"HV=OFF, Fault=NO"
359.143976,2026-03-10 18:25:07.826,ARDUINO_PSI,Arduino,0.000,0.000,12.742,,
359.230310,2026-03-10 18:25:07.912,WJ_VOLTAGE,WJ2,0.000,0.000,0,0,"HV=OFF, Fault=NO"
359.243240,2026-03-10 18:25:07.925,ARDUINO_PSI,Arduino,0.000,0.000,12.732,,
359.344023,2026-03-10 18:25:08.026,ARDUINO_PSI,Arduino,0.000,0.000,12.732,,
359.444043,2026-03-10 18:25:08.126,ARDUINO_PSI,Arduino,0.000,0.000,12.719,,
359.543955,2026-03-10 18:25:08.226,ARDUINO_PSI,Arduino,0.000,0.000,12.714,,
359.617442,2026-03-10 18:25:08.299,WJ_VOLTAGE,WJ1,0.000,0.000,0,0,"HV=OFF, Fault=NO"
359.643484,2026-03-10 18:25:08.325,ARDUINO_PSI,Arduino,0.000,0.000,12.716,,
359.744077,2026-03-10 18:25:08.426,ARDUINO_PSI,Arduino,0.000,0.000,12.721,,
359.757804,2026-03-10 18:25:08.439,WJ_VOLTAGE,WJ2,0.000,0.000,0,0,"HV=OFF, Fault=NO"
359.844135,2026-03-10 18:25:08.526,ARDUINO_PSI,Arduino,0.000,0.000,12.716,,
359.944373,2026-03-10 18:25:08.626,ARDUINO_PSI,Arduino,0.000,0.000,12.728,,
360.044191,2026-03-10 18:25:08.726,ARDUINO_PSI,Arduino,0.000,0.000,12.728,,
360.143925,2026-03-10 18:25:08.826,ARDUINO_PSI,Arduino,0.000,0.000,12.728,,
360.149635,2026-03-10 18:25:08.831,WJ_VOLTAGE,WJ1,0.000,0.000,0,0,"HV=OFF, Fault=NO"
360.243956,2026-03-10 18:25:08.926,ARDUINO_PSI,Arduino,0.000,0.000,12.714,,
360.286882,2026-03-10 18:25:08.969,WJ_VOLTAGE,WJ2,0.000,0.000,0,0,"HV=OFF, Fault=NO"
360.343885,2026-03-10 18:25:09.026,ARDUINO_PSI,Arduino,0.000,0.000,12.723,,
360.443873,2026-03-10 18:25:09.126,ARDUINO_PSI,Arduino,0.000,0.000,12.721,,
360.543303,2026-03-10 18:25:09.225,ARDUINO_PSI,Arduino,0.000,0.000,12.707,,
360.644054,2026-03-10 18:25:09.326,ARDUINO_PSI,Arduino,0.000,0.000,12.707,,
360.676104,2026-03-10 18:25:09.358,WJ_VOLTAGE,WJ1,0.000,0.000,0,0,"HV=OFF, Fault=NO"
360.743838,2026-03-10 18:25:09.425,ARDUINO_PSI,Arduino,0.000,0.000,12.703,,
360.816811,2026-03-10 18:25:09.498,WJ_VOLTAGE,WJ2,0.000,0.000,0,0,"HV=OFF, Fault=NO"
360.843822,2026-03-10 18:25:09.525,ARDUINO_PSI,Arduino,0.000,0.000,12.698,,
360.944084,2026-03-10 18:25:09.626,ARDUINO_PSI,Arduino,0.000,0.000,12.696,,
361.044312,2026-03-10 18:25:09.726,ARDUINO_PSI,Arduino,0.000,0.000,12.696,,
361.144075,2026-03-10 18:25:09.826,ARDUINO_PSI,Arduino,0.000,0.000,12.691,,
361.203386,2026-03-10 18:25:09.885,WJ_VOLTAGE,WJ1,0.000,0.000,0,0,"HV=OFF, Fault=NO"
361.243922,2026-03-10 18:25:09.926,ARDUINO_PSI,Arduino,0.000,0.000,12.710,,
361.342147,2026-03-10 18:25:10.024,WJ_VOLTAGE,WJ2,0.000,0.000,0,0,"HV=OFF, Fault=NO"
361.348257,2026-03-10 18:25:10.030,ARDUINO_PSI,Arduino,0.000,0.000,12.703,,
361.444121,2026-03-10 18:25:10.126,ARDUINO_PSI,Arduino,0.000,0.000,12.726,,
361.544866,2026-03-10 18:25:10.227,ARDUINO_PSI,Arduino,0.000,0.000,12.728,,
361.643923,2026-03-10 18:25:10.326,ARDUINO_PSI,Arduino,0.000,0.000,12.739,,
361.733551,2026-03-10 18:25:10.415,WJ_VOLTAGE,WJ1,0.000,0.000,0,0,"HV=OFF, Fault=NO"
361.745787,2026-03-10 18:25:10.427,ARDUINO_PSI,Arduino,0.000,0.000,12.742,,
361.844373,2026-03-10 18:25:10.526,ARDUINO_PSI,Arduino,0.000,0.000,12.748,,
361.875136,2026-03-10 18:25:10.557,WJ_VOLTAGE,WJ2,0.000,0.000,0,0,"HV=OFF, Fault=NO"
361.943898,2026-03-10 18:25:10.626,ARDUINO_PSI,Arduino,0.000,0.000,12.748,,
362.045882,2026-03-10 18:25:10.728,ARDUINO_PSI,Arduino,0.000,0.000,12.753,,
362.144089,2026-03-10 18:25:10.826,ARDUINO_PSI,Arduino,0.000,0.000,12.748,,
362.243657,2026-03-10 18:25:10.925,ARDUINO_PSI,Arduino,0.000,0.000,12.751,,
362.262998,2026-03-10 18:25:10.945,WJ_VOLTAGE,WJ1,0.000,0.000,0,0,"HV=OFF, Fault=NO"
362.343294,2026-03-10 18:25:11.025,ARDUINO_PSI,Arduino,0.000,0.000,12.751,,
362.403663,2026-03-10 18:25:11.085,WJ_VOLTAGE,WJ2,0.000,0.000,0,0,"HV=OFF, Fault=NO"
362.444004,2026-03-10 18:25:11.126,ARDUINO_PSI,Arduino,0.000,0.000,12.744,,
362.544287,2026-03-10 18:25:11.226,ARDUINO_PSI,Arduino,0.000,0.000,12.753,,
362.644031,2026-03-10 18:25:11.326,ARDUINO_PSI,Arduino,0.000,0.000,12.762,,
362.743924,2026-03-10 18:25:11.426,ARDUINO_PSI,Arduino,0.000,0.000,12.771,,
362.795854,2026-03-10 18:25:11.478,WJ_VOLTAGE,WJ1,0.000,0.000,0,0,"HV=OFF, Fault=NO"
362.843617,2026-03-10 18:25:11.525,ARDUINO_PSI,Arduino,0.000,0.000,12.771,,
362.936990,2026-03-10 18:25:11.619,WJ_VOLTAGE,WJ2,0.000,0.000,0,0,"HV=OFF, Fault=NO"
362.954684,2026-03-10 18:25:11.636,ARDUINO_PSI,Arduino,0.000,0.000,12.774,,
363.043706,2026-03-10 18:25:11.725,ARDUINO_PSI,Arduino,0.000,0.000,12.767,,
363.143326,2026-03-10 18:25:11.825,ARDUINO_PSI,Arduino,0.000,0.000,12.771,,
363.243279,2026-03-10 18:25:11.925,ARDUINO_PSI,Arduino,0.000,0.000,12.760,,
363.328057,2026-03-10 18:25:12.010,WJ_VOLTAGE,WJ1,0.000,0.000,0,0,"HV=OFF, Fault=NO"
363.343888,2026-03-10 18:25:12.026,ARDUINO_PSI,Arduino,0.000,0.000,12.762,,
363.443941,2026-03-10 18:25:12.126,ARDUINO_PSI,Arduino,0.000,0.000,12.748,,
363.466408,2026-03-10 18:25:12.148,WJ_VOLTAGE,WJ2,0.000,0.000,0,0,"HV=OFF, Fault=NO"
363.544005,2026-03-10 18:25:12.226,ARDUINO_PSI,Arduino,0.000,0.000,12.748,,
363.644085,2026-03-10 18:25:12.326,ARDUINO_PSI,Arduino,0.000,0.000,12.744,,
363.744085,2026-03-10 18:25:12.426,ARDUINO_PSI,Arduino,0.000,0.000,12.735,,
363.843972,2026-03-10 18:25:12.526,ARDUINO_PSI,Arduino,0.000,0.000,12.737,,
363.855903,2026-03-10 18:25:12.538,WJ_VOLTAGE,WJ1,0.000,0.000,0,0,"HV=OFF, Fault=NO"
363.944214,2026-03-10 18:25:12.626,ARDUINO_PSI,Arduino,0.000,0.000,12.737,,
363.995750,2026-03-10 18:25:12.677,WJ_VOLTAGE,WJ2,0.000,0.000,0,0,"HV=OFF, Fault=NO"
364.043800,2026-03-10 18:25:12.725,ARDUINO_PSI,Arduino,0.000,0.000,12.735,,
364.144636,2026-03-10 18:25:12.826,ARDUINO_PSI,Arduino,0.000,0.000,12.751,,
364.243896,2026-03-10 18:25:12.926,ARDUINO_PSI,Arduino,0.000,0.000,12.758,,
364.343931,2026-03-10 18:25:13.026,ARDUINO_PSI,Arduino,0.000,0.000,12.760,,
364.382892,2026-03-10 18:25:13.065,WJ_VOLTAGE,WJ1,0.000,0.000,0,0,"HV=OFF, Fault=NO"
364.444123,2026-03-10 18:25:13.126,ARDUINO_PSI,Arduino,0.000,0.000,12.764,,
364.523783,2026-03-10 18:25:13.205,WJ_VOLTAGE,WJ2,0.000,0.000,0,0,"HV=OFF, Fault=NO"
364.543372,2026-03-10 18:25:13.225,ARDUINO_PSI,Arduino,0.000,0.000,12.771,,
364.643926,2026-03-10 18:25:13.326,ARDUINO_PSI,Arduino,0.000,0.000,12.760,,
364.743285,2026-03-10 18:25:13.425,ARDUINO_PSI,Arduino,0.000,0.000,12.742,,
364.843959,2026-03-10 18:25:13.526,ARDUINO_PSI,Arduino,0.000,0.000,12.748,,
364.914195,2026-03-10 18:25:13.596,WJ_VOLTAGE,WJ1,0.000,0.000,0,0,"HV=OFF, Fault=NO"
364.943398,2026-03-10 18:25:13.625,ARDUINO_PSI,Arduino,0.000,0.000,12.751,,
365.044324,2026-03-10 18:25:13.726,ARDUINO_PSI,Arduino,0.000,0.000,12.755,,
365.055048,2026-03-10 18:25:13.737,WJ_VOLTAGE,WJ2,0.000,0.000,0,0,"HV=OFF, Fault=NO"
365.143768,2026-03-10 18:25:13.825,ARDUINO_PSI,Arduino,0.000,0.000,12.767,,
365.243920,2026-03-10 18:25:13.926,ARDUINO_PSI,Arduino,0.000,0.000,12.760,,
365.343839,2026-03-10 18:25:14.025,ARDUINO_PSI,Arduino,0.000,0.000,12.767,,
365.444086,2026-03-10 18:25:14.126,WJ_VOLTAGE,WJ1,0.000,0.000,0,0,"HV=OFF, Fault=NO"
365.458114,2026-03-10 18:25:14.140,ARDUINO_PSI,Arduino,0.000,0.000,12.767,,
365.543953,2026-03-10 18:25:14.226,ARDUINO_PSI,Arduino,0.000,0.000,12.771,,
365.583112,2026-03-10 18:25:14.265,WJ_VOLTAGE,WJ2,0.000,0.000,0,0,"HV=OFF, Fault=NO"
365.644022,2026-03-10 18:25:14.326,ARDUINO_PSI,Arduino,0.000,0.000,12.774,,
365.743511,2026-03-10 18:25:14.425,ARDUINO_PSI,Arduino,0.000,0.000,12.785,,
365.844084,2026-03-10 18:25:14.526,ARDUINO_PSI,Arduino,0.000,0.000,12.783,,
365.943891,2026-03-10 18:25:14.626,ARDUINO_PSI,Arduino,0.000,0.000,12.783,,
365.975810,2026-03-10 18:25:14.657,WJ_VOLTAGE,WJ1,0.000,0.000,0,0,"HV=OFF, Fault=NO"
366.044895,2026-03-10 18:25:14.727,ARDUINO_PSI,Arduino,0.000,0.000,12.783,,
366.115896,2026-03-10 18:25:14.798,WJ_VOLTAGE,WJ2,0.000,0.000,0,0,"HV=OFF, Fault=NO"
366.143260,2026-03-10 18:25:14.825,ARDUINO_PSI,Arduino,0.000,0.000,12.767,,
366.243922,2026-03-10 18:25:14.926,ARDUINO_PSI,Arduino,0.000,0.000,12.760,,
366.344014,2026-03-10 18:25:15.026,ARDUINO_PSI,Arduino,0.000,0.000,12.753,,
366.443295,2026-03-10 18:25:15.125,ARDUINO_PSI,Arduino,0.000,0.000,12.753,,
366.503900,2026-03-10 18:25:15.186,WJ_VOLTAGE,WJ1,0.000,0.000,0,0,"HV=OFF, Fault=NO"
366.543510,2026-03-10 18:25:15.225,ARDUINO_PSI,Arduino,0.000,0.000,12.744,,
366.645976,2026-03-10 18:25:15.328,WJ_VOLTAGE,WJ2,0.000,0.000,0,0,"HV=OFF, Fault=NO"
366.648990,2026-03-10 18:25:15.331,ARDUINO_PSI,Arduino,0.000,0.000,12.753,,
366.743806,2026-03-10 18:25:15.425,ARDUINO_PSI,Arduino,0.000,0.000,12.785,,
366.844025,2026-03-10 18:25:15.526,ARDUINO_PSI,Arduino,0.000,0.000,12.780,,
366.943854,2026-03-10 18:25:15.626,ARDUINO_PSI,Arduino,0.000,0.000,12.780,,
367.035600,2026-03-10 18:25:15.717,WJ_VOLTAGE,WJ1,0.000,0.000,0,0,"HV=OFF, Fault=NO"
367.047656,2026-03-10 18:25:15.729,ARDUINO_PSI,Arduino,0.000,0.000,12.778,,
367.144344,2026-03-10 18:25:15.826,ARDUINO_PSI,Arduino,0.000,0.000,12.764,,
367.174790,2026-03-10 18:25:15.856,WJ_VOLTAGE,WJ2,0.000,0.000,0,0,"HV=OFF, Fault=NO"
367.243948,2026-03-10 18:25:15.926,ARDUINO_PSI,Arduino,0.000,0.000,12.780,,
367.344156,2026-03-10 18:25:16.026,ARDUINO_PSI,Arduino,0.000,0.000,12.774,,
367.443182,2026-03-10 18:25:16.125,ARDUINO_PSI,Arduino,0.000,0.000,12.764,,
367.544019,2026-03-10 18:25:16.226,ARDUINO_PSI,Arduino,0.000,0.000,12.760,,
367.567614,2026-03-10 18:25:16.249,WJ_VOLTAGE,WJ1,0.000,0.000,0,0,"HV=OFF, Fault=NO"
367.644017,2026-03-10 18:25:16.326,ARDUINO_PSI,Arduino,0.000,0.000,12.758,,
367.704933,2026-03-10 18:25:16.387,WJ_VOLTAGE,WJ2,0.000,0.000,0,0,"HV=OFF, Fault=NO"
367.743964,2026-03-10 18:25:16.426,ARDUINO_PSI,Arduino,0.000,0.000,12.760,,
367.843936,2026-03-10 18:25:16.526,ARDUINO_PSI,Arduino,0.000,0.000,12.769,,
367.944118,2026-03-10 18:25:16.626,ARDUINO_PSI,Arduino,0.000,0.000,12.764,,
368.043328,2026-03-10 18:25:16.725,ARDUINO_PSI,Arduino,0.000,0.000,12.767,,
368.093932,2026-03-10 18:25:16.776,WJ_VOLTAGE,WJ1,0.000,0.000,0,0,"HV=OFF, Fault=NO"
368.144088,2026-03-10 18:25:16.826,ARDUINO_PSI,Arduino,0.000,0.000,12.776,,
368.234495,2026-03-10 18:25:16.916,WJ_VOLTAGE,WJ2,0.000,0.000,0,0,"HV=OFF, Fault=NO"
368.249442,2026-03-10 18:25:16.931,ARDUINO_PSI,Arduino,0.000,0.000,12.780,,
368.344072,2026-03-10 18:25:17.026,ARDUINO_PSI,Arduino,0.000,0.000,12.785,,
368.443887,2026-03-10 18:25:17.126,ARDUINO_PSI,Arduino,0.000,0.000,12.799,,
368.543342,2026-03-10 18:25:17.225,ARDUINO_PSI,Arduino,0.000,0.000,12.796,,
368.619510,2026-03-10 18:25:17.301,WJ_VOLTAGE,WJ1,0.000,0.000,0,0,"HV=OFF, Fault=NO"
368.643224,2026-03-10 18:25:17.325,ARDUINO_PSI,Arduino,0.000,0.000,12.796,,
368.743946,2026-03-10 18:25:17.426,ARDUINO_PSI,Arduino,0.000,0.000,12.767,,
368.758459,2026-03-10 18:25:17.440,WJ_VOLTAGE,WJ2,0.000,0.000,0,0,"HV=OFF, Fault=NO"
368.844060,2026-03-10 18:25:17.526,ARDUINO_PSI,Arduino,0.000,0.000,12.764,,
368.943665,2026-03-10 18:25:17.625,ARDUINO_PSI,Arduino,0.000,0.000,12.751,,
369.043295,2026-03-10 18:25:17.725,ARDUINO_PSI,Arduino,0.000,0.000,12.748,,
369.136411,2026-03-10 18:25:17.818,WJ_VOLTAGE,WJ1,0.000,0.000,0,0,"HV=OFF, Fault=NO"
369.152539,2026-03-10 18:25:17.834,ARDUINO_PSI,Arduino,0.000,0.000,12.751,,
369.243852,2026-03-10 18:25:17.926,ARDUINO_PSI,Arduino,0.000,0.000,12.753,,
369.292438,2026-03-10 18:25:17.974,WJ_VOLTAGE,WJ2,0.000,0.000,0,0,"HV=OFF, Fault=NO"
369.343981,2026-03-10 18:25:18.026,ARDUINO_PSI,Arduino,0.000,0.000,12.760,,
369.443388,2026-03-10 18:25:18.125,ARDUINO_PSI,Arduino,0.000,0.000,12.764,,
369.544295,2026-03-10 18:25:18.226,ARDUINO_PSI,Arduino,0.000,0.000,12.764,,
369.643863,2026-03-10 18:25:18.326,ARDUINO_PSI,Arduino,0.000,0.000,12.767,,
369.670308,2026-03-10 18:25:18.352,WJ_VOLTAGE,WJ1,0.000,0.000,0,0,"HV=OFF, Fault=NO"
369.744028,2026-03-10 18:25:18.426,ARDUINO_PSI,Arduino,0.000,0.000,12.762,,
369.811263,2026-03-10 18:25:18.493,WJ_VOLTAGE,WJ2,0.000,0.000,0,0,"HV=OFF, Fault=NO"
369.843316,2026-03-10 18:25:18.525,ARDUINO_PSI,Arduino,0.000,0.000,12.744,,
369.944069,2026-03-10 18:25:18.626,ARDUINO_PSI,Arduino,0.000,0.000,12.748,,
370.043692,2026-03-10 18:25:18.725,ARDUINO_PSI,Arduino,0.000,0.000,12.753,,
370.143984,2026-03-10 18:25:18.826,ARDUINO_PSI,Arduino,0.000,0.000,12.753,,
370.201671,2026-03-10 18:25:18.883,WJ_VOLTAGE,WJ1,0.000,0.000,0,0,"HV=OFF, Fault=NO"
370.243980,2026-03-10 18:25:18.926,ARDUINO_PSI,Arduino,0.000,0.000,12.758,,
370.339426,2026-03-10 18:25:19.021,WJ_VOLTAGE,WJ2,0.000,0.000,0,0,"HV=OFF, Fault=NO"
370.348190,2026-03-10 18:25:19.030,ARDUINO_PSI,Arduino,0.000,0.000,12.755,,
370.444030,2026-03-10 18:25:19.126,ARDUINO_PSI,Arduino,0.000,0.000,12.744,,
370.543931,2026-03-10 18:25:19.226,ARDUINO_PSI,Arduino,0.000,0.000,12.751,,
370.643838,2026-03-10 18:25:19.325,ARDUINO_PSI,Arduino,0.000,0.000,12.744,,
370.727015,2026-03-10 18:25:19.409,WJ_VOLTAGE,WJ1,0.000,0.000,0,0,"HV=OFF, Fault=NO"
370.743180,2026-03-10 18:25:19.425,ARDUINO_PSI,Arduino,0.000,0.000,12.760,,
370.844043,2026-03-10 18:25:19.526,ARDUINO_PSI,Arduino,0.000,0.000,12.767,,
370.867005,2026-03-10 18:25:19.549,WJ_VOLTAGE,WJ2,0.000,0.000,0,0,"HV=OFF, Fault=NO"
370.943308,2026-03-10 18:25:19.625,ARDUINO_PSI,Arduino,0.000,0.000,12.767,,
371.044787,2026-03-10 18:25:19.726,ARDUINO_PSI,Arduino,0.000,0.000,12.767,,
371.144069,2026-03-10 18:25:19.826,ARDUINO_PSI,Arduino,0.000,0.000,12.762,,
371.243946,2026-03-10 18:25:19.926,ARDUINO_PSI,Arduino,0.000,0.000,12.760,,
371.252065,2026-03-10 18:25:19.934,WJ_VOLTAGE,WJ1,0.000,0.000,0,0,"HV=OFF, Fault=NO"
371.344877,2026-03-10 18:25:20.027,ARDUINO_PSI,Arduino,0.000,0.000,12.767,,
371.393372,2026-03-10 18:25:20.075,WJ_VOLTAGE,WJ2,0.000,0.000,0,0,"HV=OFF, Fault=NO"
371.444099,2026-03-10 18:25:20.126,ARDUINO_PSI,Arduino,0.000,0.000,12.764,,
371.543956,2026-03-10 18:25:20.226,ARDUINO_PSI,Arduino,0.000,0.000,12.760,,
371.643845,2026-03-10 18:25:20.325,ARDUINO_PSI,Arduino,0.000,0.000,12.748,,
371.744008,2026-03-10 18:25:20.426,ARDUINO_PSI,Arduino,0.000,0.000,12.748,,
371.781122,2026-03-10 18:25:20.463,WJ_VOLTAGE,WJ1,0.000,0.000,0,0,"HV=OFF, Fault=NO"
371.844240,2026-03-10 18:25:20.526,ARDUINO_PSI,Arduino,0.000,0.000,12.753,,
371.921082,2026-03-10 18:25:20.603,WJ_VOLTAGE,WJ2,0.000,0.000,0,0,"HV=OFF, Fault=NO"
371.943231,2026-03-10 18:25:20.625,ARDUINO_PSI,Arduino,0.000,0.000,12.748,,
372.044194,2026-03-10 18:25:20.726,ARDUINO_PSI,Arduino,0.000,0.000,12.739,,
372.143585,2026-03-10 18:25:20.825,ARDUINO_PSI,Arduino,0.000,0.000,12.744,,
372.243831,2026-03-10 18:25:20.925,ARDUINO_PSI,Arduino,0.000,0.000,12.753,,
372.299886,2026-03-10 18:25:20.982,WJ_VOLTAGE,WJ1,0.000,0.000,0,0,"HV=OFF, Fault=NO"
372.343897,2026-03-10 18:25:21.026,ARDUINO_PSI,Arduino,0.000,0.000,12.758,,
372.440677,2026-03-10 18:25:21.122,WJ_VOLTAGE,WJ2,0.000,0.000,0,0,"HV=OFF, Fault=NO"
372.460130,2026-03-10 18:25:21.142,ARDUINO_PSI,Arduino,0.000,0.000,12.762,,
372.545617,2026-03-10 18:25:21.227,ARDUINO_PSI,Arduino,0.000,0.000,12.758,,
372.643933,2026-03-10 18:25:21.326,ARDUINO_PSI,Arduino,0.000,0.000,12.753,,
372.743990,2026-03-10 18:25:21.426,ARDUINO_PSI,Arduino,0.000,0.000,12.751,,
372.829656,2026-03-10 18:25:21.511,WJ_VOLTAGE,WJ1,0.000,0.000,0,0,"HV=OFF, Fault=NO"
372.844777,2026-03-10 18:25:21.526,ARDUINO_PSI,Arduino,0.000,0.000,12.742,,
372.943947,2026-03-10 18:25:21.626,ARDUINO_PSI,Arduino,0.000,0.000,12.746,,
372.970406,2026-03-10 18:25:21.652,WJ_VOLTAGE,WJ2,0.000,0.000,0,0,"HV=OFF, Fault=NO"
373.044809,2026-03-10 18:25:21.726,ARDUINO_PSI,Arduino,0.000,0.000,12.746,,
373.144035,2026-03-10 18:25:21.826,ARDUINO_PSI,Arduino,0.000,0.000,12.762,,
373.243917,2026-03-10 18:25:21.926,ARDUINO_PSI,Arduino,0.000,0.000,12.764,,
373.343782,2026-03-10 18:25:22.025,ARDUINO_PSI,Arduino,0.000,0.000,12.751,,
373.360063,2026-03-10 18:25:22.042,WJ_VOLTAGE,WJ1,0.000,0.000,0,0,"HV=OFF, Fault=NO"
373.445089,2026-03-10 18:25:22.127,ARDUINO_PSI,Arduino,0.000,0.000,12.748,,
373.499901,2026-03-10 18:25:22.182,WJ_VOLTAGE,WJ2,0.000,0.000,0,0,"HV=OFF, Fault=NO"
373.543456,2026-03-10 18:25:22.225,ARDUINO_PSI,Arduino,0.000,0.000,12.751,,
373.643987,2026-03-10 18:25:22.326,ARDUINO_PSI,Arduino,0.000,0.000,12.764,,
373.744141,2026-03-10 18:25:22.426,ARDUINO_PSI,Arduino,0.000,0.000,12.755,,
373.843327,2026-03-10 18:25:22.525,ARDUINO_PSI,Arduino,0.000,0.000,12.755,,
373.888028,2026-03-10 18:25:22.570,WJ_VOLTAGE,WJ1,0.000,0.000,0,0,"HV=OFF, Fault=NO"
373.945072,2026-03-10 18:25:22.627,ARDUINO_PSI,Arduino,0.000,0.000,12.746,,
374.028807,2026-03-10 18:25:22.710,WJ_VOLTAGE,WJ2,0.000,0.000,0,0,"HV=OFF, Fault=NO"
374.043299,2026-03-10 18:25:22.725,ARDUINO_PSI,Arduino,0.000,0.000,12.751,,
374.145265,2026-03-10 18:25:22.827,ARDUINO_PSI,Arduino,0.000,0.000,12.746,,
374.243870,2026-03-10 18:25:22.926,ARDUINO_PSI,Arduino,0.000,0.000,12.728,,
374.343894,2026-03-10 18:25:23.026,ARDUINO_PSI,Arduino,0.000,0.000,12.723,,
374.419471,2026-03-10 18:25:23.101,WJ_VOLTAGE,WJ1,0.000,0.000,0,0,"HV=OFF, Fault=NO"
374.443449,2026-03-10 18:25:23.125,ARDUINO_PSI,Arduino,0.000,0.000,12.716,,
374.544186,2026-03-10 18:25:23.226,ARDUINO_PSI,Arduino,0.000,0.000,12.707,,
374.561333,2026-03-10 18:25:23.243,WJ_VOLTAGE,WJ2,0.000,0.000,0,0,"HV=OFF, Fault=NO"
374.643971,2026-03-10 18:25:23.326,ARDUINO_PSI,Arduino,0.000,0.000,12.712,,
374.743805,2026-03-10 18:25:23.425,ARDUINO_PSI,Arduino,0.000,0.000,12.705,,
374.844953,2026-03-10 18:25:23.527,ARDUINO_PSI,Arduino,0.000,0.000,12.700,,
374.944041,2026-03-10 18:25:23.626,ARDUINO_PSI,Arduino,0.000,0.000,12.705,,
374.949580,2026-03-10 18:25:23.631,WJ_VOLTAGE,WJ1,0.000,0.000,0,0,"HV=OFF, Fault=NO"
375.043686,2026-03-10 18:25:23.725,ARDUINO_PSI,Arduino,0.000,0.000,12.710,,
375.089147,2026-03-10 18:25:23.771,WJ_VOLTAGE,WJ2,0.000,0.000,0,0,"HV=OFF, Fault=NO"
375.143953,2026-03-10 18:25:23.826,ARDUINO_PSI,Arduino,0.000,0.000,12.698,,
375.243282,2026-03-10 18:25:23.925,ARDUINO_PSI,Arduino,0.000,0.000,12.694,,
375.343968,2026-03-10 18:25:24.026,ARDUINO_PSI,Arduino,0.000,0.000,12.705,,
375.443931,2026-03-10 18:25:24.126,ARDUINO_PSI,Arduino,0.000,0.000,12.712,,
375.477511,2026-03-10 18:25:24.159,WJ_VOLTAGE,WJ1,0.000,0.000,0,0,"HV=OFF, Fault=NO"
375.543524,2026-03-10 18:25:24.225,ARDUINO_PSI,Arduino,0.000,0.000,12.712,,
375.619521,2026-03-10 18:25:24.301,WJ_VOLTAGE,WJ2,0.000,0.000,0,0,"HV=OFF, Fault=NO"
375.643404,2026-03-10 18:25:24.325,ARDUINO_PSI,Arduino,0.000,0.000,12.710,,
375.743793,2026-03-10 18:25:24.425,ARDUINO_PSI,Arduino,0.000,0.000,12.714,,
375.844033,2026-03-10 18:25:24.526,ARDUINO_PSI,Arduino,0.000,0.000,12.723,,
375.944074,2026-03-10 18:25:24.626,ARDUINO_PSI,Arduino,0.000,0.000,12.737,,
375.996168,2026-03-10 18:25:24.678,WJ_VOLTAGE,WJ1,0.000,0.000,0,0,"HV=OFF, Fault=NO"
376.043453,2026-03-10 18:25:24.725,ARDUINO_PSI,Arduino,0.000,0.000,12.732,,
376.143895,2026-03-10 18:25:24.826,ARDUINO_PSI,Arduino,0.000,0.000,12.726,,
376.149386,2026-03-10 18:25:24.831,WJ_VOLTAGE,WJ2,0.000,0.000,0,0,"HV=OFF, Fault=NO"
376.243745,2026-03-10 18:25:24.925,ARDUINO_PSI,Arduino,0.000,0.000,12.744,,
376.344581,2026-03-10 18:25:25.026,ARDUINO_PSI,Arduino,0.000,0.000,12.742,,
376.444620,2026-03-10 18:25:25.126,ARDUINO_PSI,Arduino,0.000,0.000,12.744,,
376.526170,2026-03-10 18:25:25.208,WJ_VOLTAGE,WJ1,0.000,0.000,0,0,"HV=OFF, Fault=NO"
376.543248,2026-03-10 18:25:25.225,ARDUINO_PSI,Arduino,0.000,0.000,12.755,,
376.643985,2026-03-10 18:25:25.326,ARDUINO_PSI,Arduino,0.000,0.000,12.748,,
376.684041,2026-03-10 18:25:25.366,WJ_VOLTAGE,WJ2,0.000,0.000,0,0,"HV=OFF, Fault=NO"
376.744055,2026-03-10 18:25:25.426,ARDUINO_PSI,Arduino,0.000,0.000,12.753,,
376.843929,2026-03-10 18:25:25.526,ARDUINO_PSI,Arduino,0.000,0.000,12.764,,
376.944035,2026-03-10 18:25:25.626,ARDUINO_PSI,Arduino,0.000,0.000,12.762,,
377.044156,2026-03-10 18:25:25.726,ARDUINO_PSI,Arduino,0.000,0.000,12.767,,
377.058688,2026-03-10 18:25:25.740,WJ_VOLTAGE,WJ1,0.000,0.000,0,0,"HV=OFF, Fault=NO"
377.144290,2026-03-10 18:25:25.826,ARDUINO_PSI,Arduino,0.000,0.000,12.771,,
377.216374,2026-03-10 18:25:25.898,WJ_VOLTAGE,WJ2,0.000,0.000,0,0,"HV=OFF, Fault=NO"
377.243775,2026-03-10 18:25:25.925,ARDUINO_PSI,Arduino,0.000,0.000,12.762,,
377.344170,2026-03-10 18:25:26.026,ARDUINO_PSI,Arduino,0.000,0.000,12.760,,
377.443842,2026-03-10 18:25:26.125,ARDUINO_PSI,Arduino,0.000,0.000,12.758,,
377.544082,2026-03-10 18:25:26.226,ARDUINO_PSI,Arduino,0.000,0.000,12.762,,
377.590268,2026-03-10 18:25:26.272,WJ_VOLTAGE,WJ1,0.000,0.000,0,0,"HV=OFF, Fault=NO"
377.643405,2026-03-10 18:25:26.325,ARDUINO_PSI,Arduino,0.000,0.000,12.758,,
377.743811,2026-03-10 18:25:26.425,ARDUINO_PSI,Arduino,0.000,0.000,12.758,,
377.749106,2026-03-10 18:25:26.431,WJ_VOLTAGE,WJ2,0.000,0.000,0,0,"HV=OFF, Fault=NO"
377.844093,2026-03-10 18:25:26.526,ARDUINO_PSI,Arduino,0.000,0.000,12.744,,
377.943990,2026-03-10 18:25:26.626,ARDUINO_PSI,Arduino,0.000,0.000,12.730,,
378.043878,2026-03-10 18:25:26.726,ARDUINO_PSI,Arduino,0.000,0.000,12.732,,
378.118087,2026-03-10 18:25:26.800,WJ_VOLTAGE,WJ1,0.000,0.000,0,0,"HV=OFF, Fault=NO"
378.143940,2026-03-10 18:25:26.826,ARDUINO_PSI,Arduino,0.000,0.000,12.735,,
378.243933,2026-03-10 18:25:26.926,ARDUINO_PSI,Arduino,0.000,0.000,12.712,,
378.274905,2026-03-10 18:25:26.957,WJ_VOLTAGE,WJ2,0.000,0.000,0,0,"HV=OFF, Fault=NO"
378.343382,2026-03-10 18:25:27.025,ARDUINO_PSI,Arduino,0.000,0.000,12.705,,
378.443947,2026-03-10 18:25:27.126,ARDUINO_PSI,Arduino,0.000,0.000,12.700,,
378.543944,2026-03-10 18:25:27.226,ARDUINO_PSI,Arduino,0.000,0.000,12.710,,
378.644169,2026-03-10 18:25:27.326,ARDUINO_PSI,Arduino,0.000,0.000,12.728,,
378.649712,2026-03-10 18:25:27.331,WJ_VOLTAGE,WJ1,0.000,0.000,0,0,"HV=OFF, Fault=NO"
378.744034,2026-03-10 18:25:27.426,ARDUINO_PSI,Arduino,0.000,0.000,12.726,,
378.803422,2026-03-10 18:25:27.485,WJ_VOLTAGE,WJ2,0.000,0.000,0,0,"HV=OFF, Fault=NO"
378.843969,2026-03-10 18:25:27.526,ARDUINO_PSI,Arduino,0.000,0.000,12.723,,
378.943681,2026-03-10 18:25:27.625,ARDUINO_PSI,Arduino,0.000,0.000,12.721,,
379.043944,2026-03-10 18:25:27.726,ARDUINO_PSI,Arduino,0.000,0.000,12.723,,
379.144231,2026-03-10 18:25:27.826,ARDUINO_PSI,Arduino,0.000,0.000,12.719,,
379.178174,2026-03-10 18:25:27.860,WJ_VOLTAGE,WJ1,0.000,0.000,0,0,"HV=OFF, Fault=NO"
379.244229,2026-03-10 18:25:27.926,ARDUINO_PSI,Arduino,0.000,0.000,12.721,,
379.333429,2026-03-10 18:25:28.015,WJ_VOLTAGE,WJ2,0.000,0.000,0,0,"HV=OFF, Fault=NO"
379.350032,2026-03-10 18:25:28.032,ARDUINO_PSI,Arduino,0.000,0.000,12.719,,
379.443795,2026-03-10 18:25:28.125,ARDUINO_PSI,Arduino,0.000,0.000,12.716,,
379.543655,2026-03-10 18:25:28.225,ARDUINO_PSI,Arduino,0.000,0.000,12.721,,
379.643874,2026-03-10 18:25:28.326,ARDUINO_PSI,Arduino,0.000,0.000,12.732,,
379.709243,2026-03-10 18:25:28.391,WJ_VOLTAGE,WJ1,0.000,0.000,0,0,"HV=OFF, Fault=NO"
379.743853,2026-03-10 18:25:28.426,ARDUINO_PSI,Arduino,0.000,0.000,12.735,,
379.843324,2026-03-10 18:25:28.525,ARDUINO_PSI,Arduino,0.000,0.000,12.735,,
379.850007,2026-03-10 18:25:28.532,WJ_VOLTAGE,WJ2,0.000,0.000,0,0,"HV=OFF, Fault=NO"
379.944059,2026-03-10 18:25:28.626,ARDUINO_PSI,Arduino,0.000,0.000,12.748,,
380.044375,2026-03-10 18:25:28.726,ARDUINO_PSI,Arduino,0.000,0.000,12.751,,
380.143422,2026-03-10 18:25:28.825,ARDUINO_PSI,Arduino,0.000,0.000,12.758,,
380.243398,2026-03-10 18:25:28.925,WJ_VOLTAGE,WJ1,0.000,0.000,0,0,"HV=OFF, Fault=NO"
380.253499,2026-03-10 18:25:28.935,ARDUINO_PSI,Arduino,0.000,0.000,12.769,,
380.343977,2026-03-10 18:25:29.026,ARDUINO_PSI,Arduino,0.000,0.000,12.783,,
380.381868,2026-03-10 18:25:29.064,WJ_VOLTAGE,WJ2,0.000,0.000,0,0,"HV=OFF, Fault=NO"
380.443529,2026-03-10 18:25:29.125,ARDUINO_PSI,Arduino,0.000,0.000,12.796,,
380.543362,2026-03-10 18:25:29.225,ARDUINO_PSI,Arduino,0.000,0.000,12.796,,
380.644311,2026-03-10 18:25:29.326,ARDUINO_PSI,Arduino,0.000,0.000,12.774,,
380.744010,2026-03-10 18:25:29.426,ARDUINO_PSI,Arduino,0.000,0.000,12.769,,
380.771227,2026-03-10 18:25:29.453,WJ_VOLTAGE,WJ1,0.000,0.000,0,0,"HV=OFF, Fault=NO"
380.844051,2026-03-10 18:25:29.526,ARDUINO_PSI,Arduino,0.000,0.000,12.767,,
380.910791,2026-03-10 18:25:29.592,WJ_VOLTAGE,WJ2,0.000,0.000,0,0,"HV=OFF, Fault=NO"
380.943411,2026-03-10 18:25:29.625,ARDUINO_PSI,Arduino,0.000,0.000,12.774,,
381.044732,2026-03-10 18:25:29.726,ARDUINO_PSI,Arduino,0.000,0.000,12.774,,
381.144109,2026-03-10 18:25:29.826,ARDUINO_PSI,Arduino,0.000,0.000,12.767,,
381.244042,2026-03-10 18:25:29.926,ARDUINO_PSI,Arduino,0.000,0.000,12.767,,
381.299729,2026-03-10 18:25:29.981,WJ_VOLTAGE,WJ1,0.000,0.000,0,0,"HV=OFF, Fault=NO"
381.343366,2026-03-10 18:25:30.025,ARDUINO_PSI,Arduino,0.000,0.000,12.764,,
381.442676,2026-03-10 18:25:30.124,WJ_VOLTAGE,WJ2,0.000,0.000,0,0,"HV=OFF, Fault=NO"
381.457956,2026-03-10 18:25:30.140,ARDUINO_PSI,Arduino,0.000,0.000,12.774,,
381.544692,2026-03-10 18:25:30.226,ARDUINO_PSI,Arduino,0.000,0.000,12.774,,
381.643989,2026-03-10 18:25:30.326,ARDUINO_PSI,Arduino,0.000,0.000,12.771,,
381.744029,2026-03-10 18:25:30.426,ARDUINO_PSI,Arduino,0.000,0.000,12.762,,
381.831897,2026-03-10 18:25:30.514,WJ_VOLTAGE,WJ1,0.000,0.000,0,0,"HV=OFF, Fault=NO"
381.848148,2026-03-10 18:25:30.530,ARDUINO_PSI,Arduino,0.000,0.000,12.760,,
381.943506,2026-03-10 18:25:30.625,ARDUINO_PSI,Arduino,0.000,0.000,12.760,,
381.972951,2026-03-10 18:25:30.655,WJ_VOLTAGE,WJ2,0.000,0.000,0,0,"HV=OFF, Fault=NO"
382.044870,2026-03-10 18:25:30.727,ARDUINO_PSI,Arduino,0.000,0.000,12.767,,
382.143979,2026-03-10 18:25:30.826,ARDUINO_PSI,Arduino,0.000,0.000,12.753,,
382.243972,2026-03-10 18:25:30.926,ARDUINO_PSI,Arduino,0.000,0.000,12.758,,
382.343723,2026-03-10 18:25:31.025,ARDUINO_PSI,Arduino,0.000,0.000,12.748,,
382.360094,2026-03-10 18:25:31.042,WJ_VOLTAGE,WJ1,0.000,0.000,0,0,"HV=OFF, Fault=NO"
382.443853,2026-03-10 18:25:31.126,ARDUINO_PSI,Arduino,0.000,0.000,12.739,,
382.502424,2026-03-10 18:25:31.184,WJ_VOLTAGE,WJ2,0.000,0.000,0,0,"HV=OFF, Fault=NO"
382.543532,2026-03-10 18:25:31.225,ARDUINO_PSI,Arduino,0.000,0.000,12.735,,
382.643324,2026-03-10 18:25:31.325,ARDUINO_PSI,Arduino,0.000,0.000,12.746,,
382.743874,2026-03-10 18:25:31.426,ARDUINO_PSI,Arduino,0.000,0.000,12.744,,
382.843910,2026-03-10 18:25:31.526,ARDUINO_PSI,Arduino,0.000,0.000,12.751,,
382.894335,2026-03-10 18:25:31.576,WJ_VOLTAGE,WJ1,0.000,0.000,0,0,"HV=OFF, Fault=NO"
382.943384,2026-03-10 18:25:31.625,ARDUINO_PSI,Arduino,0.000,0.000,12.751,,
383.018578,2026-03-10 18:25:31.700,WJ_VOLTAGE,WJ2,0.000,0.000,0,0,"HV=OFF, Fault=NO"
383.043847,2026-03-10 18:25:31.725,ARDUINO_PSI,Arduino,0.000,0.000,12.737,,
383.144026,2026-03-10 18:25:31.826,ARDUINO_PSI,Arduino,0.000,0.000,12.744,,
383.243692,2026-03-10 18:25:31.925,ARDUINO_PSI,Arduino,0.000,0.000,12.753,,
383.343968,2026-03-10 18:25:32.026,ARDUINO_PSI,Arduino,0.000,0.000,12.755,,
383.423024,2026-03-10 18:25:32.105,WJ_VOLTAGE,WJ1,0.000,0.000,0,0,"HV=OFF, Fault=NO"
383.443343,2026-03-10 18:25:32.125,ARDUINO_PSI,Arduino,0.000,0.000,12.753,,
383.544305,2026-03-10 18:25:32.226,ARDUINO_PSI,Arduino,0.000,0.000,12.753,,
383.556324,2026-03-10 18:25:32.238,WJ_VOLTAGE,WJ2,0.000,0.000,0,0,"HV=OFF, Fault=NO"
383.644007,2026-03-10 18:25:32.326,ARDUINO_PSI,Arduino,0.000,0.000,12.746,,
383.744047,2026-03-10 18:25:32.426,ARDUINO_PSI,Arduino,0.000,0.000,12.746,,
383.844167,2026-03-10 18:25:32.526,ARDUINO_PSI,Arduino,0.000,0.000,12.753,,
383.943180,2026-03-10 18:25:32.625,ARDUINO_PSI,Arduino,0.000,0.000,12.746,,
383.948853,2026-03-10 18:25:32.631,WJ_VOLTAGE,WJ1,0.000,0.000,0,0,"HV=OFF, Fault=NO"
384.044700,2026-03-10 18:25:32.726,ARDUINO_PSI,Arduino,0.000,0.000,12.746,,
384.075028,2026-03-10 18:25:32.757,WJ_VOLTAGE,WJ2,0.000,0.000,0,0,"HV=OFF, Fault=NO"
384.143897,2026-03-10 18:25:32.826,ARDUINO_PSI,Arduino,0.000,0.000,12.751,,
384.244044,2026-03-10 18:25:32.926,ARDUINO_PSI,Arduino,0.000,0.000,12.742,,
384.344043,2026-03-10 18:25:33.026,ARDUINO_PSI,Arduino,0.000,0.000,12.744,,
384.444023,2026-03-10 18:25:33.126,ARDUINO_PSI,Arduino,0.000,0.000,12.737,,
384.478057,2026-03-10 18:25:33.160,WJ_VOLTAGE,WJ1,0.000,0.000,0,0,"HV=OFF, Fault=NO"
384.543896,2026-03-10 18:25:33.226,ARDUINO_PSI,Arduino,0.000,0.000,12.737,,
384.602553,2026-03-10 18:25:33.284,WJ_VOLTAGE,WJ2,0.000,0.000,0,0,"HV=OFF, Fault=NO"
384.643475,2026-03-10 18:25:33.325,ARDUINO_PSI,Arduino,0.000,0.000,12.728,,
384.743991,2026-03-10 18:25:33.426,ARDUINO_PSI,Arduino,0.000,0.000,12.728,,
384.843414,2026-03-10 18:25:33.525,ARDUINO_PSI,Arduino,0.000,0.000,12.726,,
384.944368,2026-03-10 18:25:33.626,ARDUINO_PSI,Arduino,0.000,0.000,12.719,,
385.007890,2026-03-10 18:25:33.690,WJ_VOLTAGE,WJ1,0.000,0.000,0,0,"HV=OFF, Fault=NO"
385.043715,2026-03-10 18:25:33.725,ARDUINO_PSI,Arduino,0.000,0.000,12.735,,
385.133073,2026-03-10 18:25:33.815,WJ_VOLTAGE,WJ2,0.000,0.000,0,0,"HV=OFF, Fault=NO"
385.151435,2026-03-10 18:25:33.833,ARDUINO_PSI,Arduino,0.000,0.000,12.735,,
385.243940,2026-03-10 18:25:33.926,ARDUINO_PSI,Arduino,0.000,0.000,12.732,,
385.344057,2026-03-10 18:25:34.026,ARDUINO_PSI,Arduino,0.000,0.000,12.737,,
385.444720,2026-03-10 18:25:34.126,ARDUINO_PSI,Arduino,0.000,0.000,12.710,,
385.539571,2026-03-10 18:25:34.221,WJ_VOLTAGE,WJ1,0.000,0.000,0,0,"HV=OFF, Fault=NO"
385.559009,2026-03-10 18:25:34.241,ARDUINO_PSI,Arduino,0.000,0.000,12.705,,
385.644116,2026-03-10 18:25:34.326,ARDUINO_PSI,Arduino,0.000,0.000,12.710,,
385.663760,2026-03-10 18:25:34.345,WJ_VOLTAGE,WJ2,0.000,0.000,0,0,"HV=OFF, Fault=NO"
385.744373,2026-03-10 18:25:34.426,ARDUINO_PSI,Arduino,0.000,0.000,12.712,,
385.843984,2026-03-10 18:25:34.526,ARDUINO_PSI,Arduino,0.000,0.000,12.703,,
385.943848,2026-03-10 18:25:34.625,ARDUINO_PSI,Arduino,0.000,0.000,12.707,,
386.044240,2026-03-10 18:25:34.726,ARDUINO_PSI,Arduino,0.000,0.000,12.705,,
386.069539,2026-03-10 18:25:34.751,WJ_VOLTAGE,WJ1,0.000,0.000,0,0,"HV=OFF, Fault=NO"
386.144625,2026-03-10 18:25:34.826,ARDUINO_PSI,Arduino,0.000,0.000,12.700,,
386.192444,2026-03-10 18:25:34.874,WJ_VOLTAGE,WJ2,0.000,0.000,0,0,"HV=OFF, Fault=NO"
386.244088,2026-03-10 18:25:34.926,ARDUINO_PSI,Arduino,0.000,0.000,12.703,,
386.343246,2026-03-10 18:25:35.025,ARDUINO_PSI,Arduino,0.000,0.000,12.696,,
386.443864,2026-03-10 18:25:35.126,ARDUINO_PSI,Arduino,0.000,0.000,12.696,,
386.543718,2026-03-10 18:25:35.225,ARDUINO_PSI,Arduino,0.000,0.000,12.696,,
386.597048,2026-03-10 18:25:35.279,WJ_VOLTAGE,WJ1,0.000,0.000,0,0,"HV=OFF, Fault=NO"
386.644033,2026-03-10 18:25:35.326,ARDUINO_PSI,Arduino,0.000,0.000,12.700,,
386.722128,2026-03-10 18:25:35.404,WJ_VOLTAGE,WJ2,0.000,0.000,0,0,"HV=OFF, Fault=NO"
386.743361,2026-03-10 18:25:35.425,ARDUINO_PSI,Arduino,0.000,0.000,12.705,,
386.843892,2026-03-10 18:25:35.526,ARDUINO_PSI,Arduino,0.000,0.000,12.707,,
386.943373,2026-03-10 18:25:35.625,ARDUINO_PSI,Arduino,0.000,0.000,12.712,,
387.044875,2026-03-10 18:25:35.727,ARDUINO_PSI,Arduino,0.000,0.000,12.710,,
387.115790,2026-03-10 18:25:35.797,WJ_VOLTAGE,WJ1,0.000,0.000,0,0,"HV=OFF, Fault=NO"
387.143855,2026-03-10 18:25:35.826,ARDUINO_PSI,Arduino,0.000,0.000,12.705,,
387.243249,2026-03-10 18:25:35.925,ARDUINO_PSI,Arduino,0.000,0.000,12.698,,
387.254952,2026-03-10 18:25:35.937,WJ_VOLTAGE,WJ2,0.000,0.000,0,0,"HV=OFF, Fault=NO"
387.344344,2026-03-10 18:25:36.026,ARDUINO_PSI,Arduino,0.000,0.000,12.689,,
387.443928,2026-03-10 18:25:36.126,ARDUINO_PSI,Arduino,0.000,0.000,12.721,,
387.543841,2026-03-10 18:25:36.225,ARDUINO_PSI,Arduino,0.000,0.000,12.719,,
387.644358,2026-03-10 18:25:36.326,WJ_VOLTAGE,WJ1,0.000,0.000,0,0,"HV=OFF, Fault=NO"
387.646054,2026-03-10 18:25:36.328,ARDUINO_PSI,Arduino,0.000,0.000,12.719,,
387.744013,2026-03-10 18:25:36.426,ARDUINO_PSI,Arduino,0.000,0.000,12.732,,
387.785984,2026-03-10 18:25:36.468,WJ_VOLTAGE,WJ2,0.000,0.000,0,0,"HV=OFF, Fault=NO"
387.844110,2026-03-10 18:25:36.526,ARDUINO_PSI,Arduino,0.000,0.000,12.744,,
387.943740,2026-03-10 18:25:36.625,ARDUINO_PSI,Arduino,0.000,0.000,12.739,,
388.044196,2026-03-10 18:25:36.726,ARDUINO_PSI,Arduino,0.000,0.000,12.735,,
388.144287,2026-03-10 18:25:36.826,ARDUINO_PSI,Arduino,0.000,0.000,12.739,,
388.176550,2026-03-10 18:25:36.858,WJ_VOLTAGE,WJ1,0.000,0.000,0,0,"HV=OFF, Fault=NO"
388.243950,2026-03-10 18:25:36.926,ARDUINO_PSI,Arduino,0.000,0.000,12.744,,
388.319096,2026-03-10 18:25:37.001,WJ_VOLTAGE,WJ2,0.000,0.000,0,0,"HV=OFF, Fault=NO"
388.343472,2026-03-10 18:25:37.025,ARDUINO_PSI,Arduino,0.000,0.000,12.753,,
388.443942,2026-03-10 18:25:37.126,ARDUINO_PSI,Arduino,0.000,0.000,12.762,,
388.543952,2026-03-10 18:25:37.226,ARDUINO_PSI,Arduino,0.000,0.000,12.758,,
388.644010,2026-03-10 18:25:37.326,ARDUINO_PSI,Arduino,0.000,0.000,12.758,,
388.705910,2026-03-10 18:25:37.388,WJ_VOLTAGE,WJ1,0.000,0.000,0,0,"HV=OFF, Fault=NO"
388.744070,2026-03-10 18:25:37.426,ARDUINO_PSI,Arduino,0.000,0.000,12.769,,
388.844055,2026-03-10 18:25:37.526,ARDUINO_PSI,Arduino,0.000,0.000,12.764,,
388.850010,2026-03-10 18:25:37.532,WJ_VOLTAGE,WJ2,0.000,0.000,0,0,"HV=OFF, Fault=NO"
388.943869,2026-03-10 18:25:37.626,ARDUINO_PSI,Arduino,0.000,0.000,12.762,,
389.043976,2026-03-10 18:25:37.726,ARDUINO_PSI,Arduino,0.000,0.000,12.753,,
389.144622,2026-03-10 18:25:37.826,ARDUINO_PSI,Arduino,0.000,0.000,12.760,,
389.223641,2026-03-10 18:25:37.905,WJ_VOLTAGE,WJ1,0.000,0.000,0,0,"HV=OFF, Fault=NO"
389.243284,2026-03-10 18:25:37.925,ARDUINO_PSI,Arduino,0.000,0.000,12.767,,
389.343241,2026-03-10 18:25:38.025,ARDUINO_PSI,Arduino,0.000,0.000,12.783,,
389.366095,2026-03-10 18:25:38.048,WJ_VOLTAGE,WJ2,0.000,0.000,0,0,"HV=OFF, Fault=NO"
389.444031,2026-03-10 18:25:38.126,ARDUINO_PSI,Arduino,0.000,0.000,12.778,,
389.544029,2026-03-10 18:25:38.226,ARDUINO_PSI,Arduino,0.000,0.000,12.776,,
389.643975,2026-03-10 18:25:38.326,ARDUINO_PSI,Arduino,0.000,0.000,12.769,,
389.743938,2026-03-10 18:25:38.426,ARDUINO_PSI,Arduino,0.000,0.000,12.764,,
389.756734,2026-03-10 18:25:38.438,WJ_VOLTAGE,WJ1,0.000,0.000,0,0,"HV=OFF, Fault=NO"
389.843967,2026-03-10 18:25:38.526,ARDUINO_PSI,Arduino,0.000,0.000,12.762,,
389.896802,2026-03-10 18:25:38.578,WJ_VOLTAGE,WJ2,0.000,0.000,0,0,"HV=OFF, Fault=NO"
389.943435,2026-03-10 18:25:38.625,ARDUINO_PSI,Arduino,0.000,0.000,12.755,,
390.044431,2026-03-10 18:25:38.726,ARDUINO_PSI,Arduino,0.000,0.000,12.764,,
390.144049,2026-03-10 18:25:38.826,ARDUINO_PSI,Arduino,0.000,0.000,12.776,,
390.243582,2026-03-10 18:25:38.925,ARDUINO_PSI,Arduino,0.000,0.000,12.780,,
390.285212,2026-03-10 18:25:38.967,WJ_VOLTAGE,WJ1,0.000,0.000,0,0,"HV=OFF, Fault=NO"
390.344026,2026-03-10 18:25:39.026,ARDUINO_PSI,Arduino,0.000,0.000,12.771,,
390.427160,2026-03-10 18:25:39.109,WJ_VOLTAGE,WJ2,0.000,0.000,0,0,"HV=OFF, Fault=NO"
390.443622,2026-03-10 18:25:39.125,ARDUINO_PSI,Arduino,0.000,0.000,12.767,,
390.543965,2026-03-10 18:25:39.226,ARDUINO_PSI,Arduino,0.000,0.000,12.771,,
390.643936,2026-03-10 18:25:39.326,ARDUINO_PSI,Arduino,0.000,0.000,12.778,,
390.744102,2026-03-10 18:25:39.426,ARDUINO_PSI,Arduino,0.000,0.000,12.764,,
390.816135,2026-03-10 18:25:39.498,WJ_VOLTAGE,WJ1,0.000,0.000,0,0,"HV=OFF, Fault=NO"
390.843370,2026-03-10 18:25:39.525,ARDUINO_PSI,Arduino,0.000,0.000,12.774,,
390.944007,2026-03-10 18:25:39.626,ARDUINO_PSI,Arduino,0.000,0.000,12.767,,
390.952043,2026-03-10 18:25:39.634,WJ_VOLTAGE,WJ2,0.000,0.000,0,0,"HV=OFF, Fault=NO"
391.043756,2026-03-10 18:25:39.725,ARDUINO_PSI,Arduino,0.000,0.000,12.762,,
391.143974,2026-03-10 18:25:39.826,ARDUINO_PSI,Arduino,0.000,0.000,12.758,,
391.244098,2026-03-10 18:25:39.926,ARDUINO_PSI,Arduino,0.000,0.000,12.755,,
391.344924,2026-03-10 18:25:40.027,WJ_VOLTAGE,WJ1,0.000,0.000,0,0,"HV=OFF, Fault=NO"
391.348173,2026-03-10 18:25:40.030,ARDUINO_PSI,Arduino,0.000,0.000,12.744,,
391.444109,2026-03-10 18:25:40.126,ARDUINO_PSI,Arduino,0.000,0.000,12.732,,
391.484861,2026-03-10 18:25:40.167,WJ_VOLTAGE,WJ2,0.000,0.000,0,0,"HV=OFF, Fault=NO"
391.543964,2026-03-10 18:25:40.226,ARDUINO_PSI,Arduino,0.000,0.000,12.735,,
391.643974,2026-03-10 18:25:40.326,ARDUINO_PSI,Arduino,0.000,0.000,12.732,,
391.744356,2026-03-10 18:25:40.426,ARDUINO_PSI,Arduino,0.000,0.000,12.732,,
391.844136,2026-03-10 18:25:40.526,ARDUINO_PSI,Arduino,0.000,0.000,12.737,,
391.871849,2026-03-10 18:25:40.553,WJ_VOLTAGE,WJ1,0.000,0.000,0,0,"HV=OFF, Fault=NO"
391.943977,2026-03-10 18:25:40.626,ARDUINO_PSI,Arduino,0.000,0.000,12.751,,
392.011328,2026-03-10 18:25:40.693,WJ_VOLTAGE,WJ2,0.000,0.000,0,0,"HV=OFF, Fault=NO"
392.043381,2026-03-10 18:25:40.725,ARDUINO_PSI,Arduino,0.000,0.000,12.746,,
392.143948,2026-03-10 18:25:40.826,ARDUINO_PSI,Arduino,0.000,0.000,12.739,,
392.244439,2026-03-10 18:25:40.926,ARDUINO_PSI,Arduino,0.000,0.000,12.735,,
392.344046,2026-03-10 18:25:41.026,ARDUINO_PSI,Arduino,0.000,0.000,12.748,,
392.400414,2026-03-10 18:25:41.082,WJ_VOLTAGE,WJ1,0.000,0.000,0,0,"HV=OFF, Fault=NO"
392.443862,2026-03-10 18:25:41.126,ARDUINO_PSI,Arduino,0.000,0.000,12.746,,
392.542052,2026-03-10 18:25:41.224,WJ_VOLTAGE,WJ2,0.000,0.000,0,0,"HV=OFF, Fault=NO"
392.558416,2026-03-10 18:25:41.240,ARDUINO_PSI,Arduino,0.000,0.000,12.746,,
392.643462,2026-03-10 18:25:41.325,ARDUINO_PSI,Arduino,0.000,0.000,12.735,,
392.744058,2026-03-10 18:25:41.426,ARDUINO_PSI,Arduino,0.000,0.000,12.746,,
392.844251,2026-03-10 18:25:41.526,ARDUINO_PSI,Arduino,0.000,0.000,12.739,,
392.929919,2026-03-10 18:25:41.612,WJ_VOLTAGE,WJ1,0.000,0.000,0,0,"HV=OFF, Fault=NO"
392.943161,2026-03-10 18:25:41.625,ARDUINO_PSI,Arduino,0.000,0.000,12.739,,
393.044702,2026-03-10 18:25:41.726,ARDUINO_PSI,Arduino,0.000,0.000,12.746,,
393.072863,2026-03-10 18:25:41.755,WJ_VOLTAGE,WJ2,0.000,0.000,0,0,"HV=OFF, Fault=NO"
393.143944,2026-03-10 18:25:41.826,ARDUINO_PSI,Arduino,0.000,0.000,12.748,,
393.243931,2026-03-10 18:25:41.926,ARDUINO_PSI,Arduino,0.000,0.000,12.744,,
393.343829,2026-03-10 18:25:42.025,ARDUINO_PSI,Arduino,0.000,0.000,12.742,,
393.444075,2026-03-10 18:25:42.126,ARDUINO_PSI,Arduino,0.000,0.000,12.751,,
393.459418,2026-03-10 18:25:42.141,WJ_VOLTAGE,WJ1,0.000,0.000,0,0,"HV=OFF, Fault=NO"
393.543688,2026-03-10 18:25:42.225,ARDUINO_PSI,Arduino,0.000,0.000,12.753,,
393.599983,2026-03-10 18:25:42.282,WJ_VOLTAGE,WJ2,0.000,0.000,0,0,"HV=OFF, Fault=NO"
393.643610,2026-03-10 18:25:42.325,ARDUINO_PSI,Arduino,0.000,0.000,12.767,,
393.744091,2026-03-10 18:25:42.426,ARDUINO_PSI,Arduino,0.000,0.000,12.769,,
393.843977,2026-03-10 18:25:42.526,ARDUINO_PSI,Arduino,0.000,0.000,12.776,,
393.943874,2026-03-10 18:25:42.626,ARDUINO_PSI,Arduino,0.000,0.000,12.760,,
393.988894,2026-03-10 18:25:42.671,WJ_VOLTAGE,WJ1,0.000,0.000,0,0,"HV=OFF, Fault=NO"
394.044205,2026-03-10 18:25:42.726,ARDUINO_PSI,Arduino,0.000,0.000,12.751,,
394.128671,2026-03-10 18:25:42.810,WJ_VOLTAGE,WJ2,0.000,0.000,0,0,"HV=OFF, Fault=NO"
394.144882,2026-03-10 18:25:42.827,ARDUINO_PSI,Arduino,0.000,0.000,12.753,,
394.243931,2026-03-10 18:25:42.926,ARDUINO_PSI,Arduino,0.000,0.000,12.746,,
394.343980,2026-03-10 18:25:43.026,ARDUINO_PSI,Arduino,0.000,0.000,12.744,,
394.443974,2026-03-10 18:25:43.126,ARDUINO_PSI,Arduino,0.000,0.000,12.758,,
394.517829,2026-03-10 18:25:43.199,WJ_VOLTAGE,WJ1,0.000,0.000,0,0,"HV=OFF, Fault=NO"
394.543334,2026-03-10 18:25:43.225,ARDUINO_PSI,Arduino,0.000,0.000,12.751,,
394.644129,2026-03-10 18:25:43.326,ARDUINO_PSI,Arduino,0.000,0.000,12.760,,
394.659968,2026-03-10 18:25:43.342,WJ_VOLTAGE,WJ2,0.000,0.000,0,0,"HV=OFF, Fault=NO"
394.744006,2026-03-10 18:25:43.426,ARDUINO_PSI,Arduino,0.000,0.000,12.746,,
394.844253,2026-03-10 18:25:43.526,ARDUINO_PSI,Arduino,0.000,0.000,12.732,,
394.943460,2026-03-10 18:25:43.625,ARDUINO_PSI,Arduino,0.000,0.000,12.739,,
395.044376,2026-03-10 18:25:43.726,ARDUINO_PSI,Arduino,0.000,0.000,12.751,,
395.052689,2026-03-10 18:25:43.734,WJ_VOLTAGE,WJ1,0.000,0.000,0,0,"HV=OFF, Fault=NO"
395.143998,2026-03-10 18:25:43.826,ARDUINO_PSI,Arduino,0.000,0.000,12.755,,
395.190864,2026-03-10 18:25:43.873,WJ_VOLTAGE,WJ2,0.000,0.000,0,0,"HV=OFF, Fault=NO"
395.244062,2026-03-10 18:25:43.926,ARDUINO_PSI,Arduino,0.000,0.000,12.760,,
395.344024,2026-03-10 18:25:44.026,ARDUINO_PSI,Arduino,0.000,0.000,12.760,,
395.443832,2026-03-10 18:25:44.125,ARDUINO_PSI,Arduino,0.000,0.000,12.764,,
395.543945,2026-03-10 18:25:44.226,ARDUINO_PSI,Arduino,0.000,0.000,12.771,,
395.580563,2026-03-10 18:25:44.262,WJ_VOLTAGE,WJ1,0.000,0.000,0,0,"HV=OFF, Fault=NO"
395.643952,2026-03-10 18:25:44.326,ARDUINO_PSI,Arduino,0.000,0.000,12.769,,
395.720820,2026-03-10 18:25:44.402,WJ_VOLTAGE,WJ2,0.000,0.000,0,0,"HV=OFF, Fault=NO"
395.743904,2026-03-10 18:25:44.426,ARDUINO_PSI,Arduino,0.000,0.000,12.764,,
395.844756,2026-03-10 18:25:44.526,ARDUINO_PSI,Arduino,0.000,0.000,12.755,,
395.944153,2026-03-10 18:25:44.626,ARDUINO_PSI,Arduino,0.000,0.000,12.762,,
396.044345,2026-03-10 18:25:44.726,ARDUINO_PSI,Arduino,0.000,0.000,12.771,,
396.107947,2026-03-10 18:25:44.790,WJ_VOLTAGE,WJ1,0.000,0.000,0,0,"HV=OFF, Fault=NO"
396.143384,2026-03-10 18:25:44.825,ARDUINO_PSI,Arduino,0.000,0.000,12.762,,
396.244270,2026-03-10 18:25:44.926,ARDUINO_PSI,Arduino,0.000,0.000,12.778,,
396.250193,2026-03-10 18:25:44.932,WJ_VOLTAGE,WJ2,0.000,0.000,0,0,"HV=OFF, Fault=NO"
396.344067,2026-03-10 18:25:45.026,ARDUINO_PSI,Arduino,0.000,0.000,12.771,,
396.443911,2026-03-10 18:25:45.126,ARDUINO_PSI,Arduino,0.000,0.000,12.760,,
396.544081,2026-03-10 18:25:45.226,ARDUINO_PSI,Arduino,0.000,0.000,12.764,,
396.638649,2026-03-10 18:25:45.320,WJ_VOLTAGE,WJ1,0.000,0.000,0,0,"HV=OFF, Fault=NO"
396.650781,2026-03-10 18:25:45.332,ARDUINO_PSI,Arduino,0.000,0.000,12.762,,
396.745162,2026-03-10 18:25:45.427,ARDUINO_PSI,Arduino,0.000,0.000,12.767,,
396.777542,2026-03-10 18:25:45.459,WJ_VOLTAGE,WJ2,0.000,0.000,0,0,"HV=OFF, Fault=NO"
396.843985,2026-03-10 18:25:45.526,ARDUINO_PSI,Arduino,0.000,0.000,12.785,,
396.944001,2026-03-10 18:25:45.626,ARDUINO_PSI,Arduino,0.000,0.000,12.785,,
397.044066,2026-03-10 18:25:45.726,ARDUINO_PSI,Arduino,0.000,0.000,12.780,,
397.144281,2026-03-10 18:25:45.826,ARDUINO_PSI,Arduino,0.000,0.000,12.776,,
397.165699,2026-03-10 18:25:45.847,WJ_VOLTAGE,WJ1,0.000,0.000,0,0,"HV=OFF, Fault=NO"
397.244322,2026-03-10 18:25:45.926,ARDUINO_PSI,Arduino,0.000,0.000,12.783,,
397.306161,2026-03-10 18:25:45.988,WJ_VOLTAGE,WJ2,0.000,0.000,0,0,"HV=OFF, Fault=NO"
397.343862,2026-03-10 18:25:46.026,ARDUINO_PSI,Arduino,0.000,0.000,12.787,,
397.443880,2026-03-10 18:25:46.126,ARDUINO_PSI,Arduino,0.000,0.000,12.790,,
397.544013,2026-03-10 18:25:46.226,ARDUINO_PSI,Arduino,0.000,0.000,12.780,,
397.644679,2026-03-10 18:25:46.326,ARDUINO_PSI,Arduino,0.000,0.000,12.774,,
397.696256,2026-03-10 18:25:46.378,WJ_VOLTAGE,WJ1,0.000,0.000,0,0,"HV=OFF, Fault=NO"
397.743487,2026-03-10 18:25:46.425,ARDUINO_PSI,Arduino,0.000,0.000,12.780,,
397.836632,2026-03-10 18:25:46.518,WJ_VOLTAGE,WJ2,0.000,0.000,0,0,"HV=OFF, Fault=NO"
397.845678,2026-03-10 18:25:46.527,ARDUINO_PSI,Arduino,0.000,0.000,12.776,,
397.944089,2026-03-10 18:25:46.626,ARDUINO_PSI,Arduino,0.000,0.000,12.771,,
398.044655,2026-03-10 18:25:46.726,ARDUINO_PSI,Arduino,0.000,0.000,12.778,,
398.143888,2026-03-10 18:25:46.826,ARDUINO_PSI,Arduino,0.000,0.000,12.794,,
398.226590,2026-03-10 18:25:46.908,WJ_VOLTAGE,WJ1,0.000,0.000,0,0,"HV=OFF, Fault=NO"
398.244845,2026-03-10 18:25:46.926,ARDUINO_PSI,Arduino,0.000,0.000,12.787,,
398.344050,2026-03-10 18:25:47.026,ARDUINO_PSI,Arduino,0.000,0.000,12.778,,
398.364393,2026-03-10 18:25:47.046,WJ_VOLTAGE,WJ2,0.000,0.000,0,0,"HV=OFF, Fault=NO"
398.443965,2026-03-10 18:25:47.126,ARDUINO_PSI,Arduino,0.000,0.000,12.790,,
398.543940,2026-03-10 18:25:47.226,ARDUINO_PSI,Arduino,0.000,0.000,12.792,,
398.644024,2026-03-10 18:25:47.326,ARDUINO_PSI,Arduino,0.000,0.000,12.785,,
398.744035,2026-03-10 18:25:47.426,ARDUINO_PSI,Arduino,0.000,0.000,12.792,,
398.750984,2026-03-10 18:25:47.433,WJ_VOLTAGE,WJ1,0.000,0.000,0,0,"HV=OFF, Fault=NO"
398.843446,2026-03-10 18:25:47.525,ARDUINO_PSI,Arduino,0.000,0.000,12.783,,
398.892334,2026-03-10 18:25:47.574,WJ_VOLTAGE,WJ2,0.000,0.000,0,0,"HV=OFF, Fault=NO"
398.943298,2026-03-10 18:25:47.625,ARDUINO_PSI,Arduino,0.000,0.000,12.790,,
399.045308,2026-03-10 18:25:47.727,ARDUINO_PSI,Arduino,0.000,0.000,12.790,,
399.144234,2026-03-10 18:25:47.826,ARDUINO_PSI,Arduino,0.000,0.000,12.783,,
399.244074,2026-03-10 18:25:47.926,ARDUINO_PSI,Arduino,0.000,0.000,12.776,,
399.283407,2026-03-10 18:25:47.965,WJ_VOLTAGE,WJ1,0.000,0.000,0,0,"HV=OFF, Fault=NO"
399.344261,2026-03-10 18:25:48.026,ARDUINO_PSI,Arduino,0.000,0.000,12.776,,
399.422984,2026-03-10 18:25:48.105,WJ_VOLTAGE,WJ2,0.000,0.000,0,0,"HV=OFF, Fault=NO"
399.443260,2026-03-10 18:25:48.125,ARDUINO_PSI,Arduino,0.000,0.000,12.776,,
399.544055,2026-03-10 18:25:48.226,ARDUINO_PSI,Arduino,0.000,0.000,12.776,,
399.644032,2026-03-10 18:25:48.326,ARDUINO_PSI,Arduino,0.000,0.000,12.787,,
399.743805,2026-03-10 18:25:48.425,ARDUINO_PSI,Arduino,0.000,0.000,12.787,,
399.811778,2026-03-10 18:25:48.493,WJ_VOLTAGE,WJ1,0.000,0.000,0,0,"HV=OFF, Fault=NO"
399.843296,2026-03-10 18:25:48.525,ARDUINO_PSI,Arduino,0.000,0.000,12.792,,
399.945417,2026-03-10 18:25:48.627,ARDUINO_PSI,Arduino,0.000,0.000,12.806,,
399.952726,2026-03-10 18:25:48.634,WJ_VOLTAGE,WJ2,0.000,0.000,0,0,"HV=OFF, Fault=NO"
400.045714,2026-03-10 18:25:48.727,ARDUINO_PSI,Arduino,0.000,0.000,12.803,,
400.144027,2026-03-10 18:25:48.826,ARDUINO_PSI,Arduino,0.000,0.000,12.787,,
400.243947,2026-03-10 18:25:48.926,ARDUINO_PSI,Arduino,0.000,0.000,12.778,,
400.341863,2026-03-10 18:25:49.024,WJ_VOLTAGE,WJ1,0.000,0.000,0,0,"HV=OFF, Fault=NO"
400.352383,2026-03-10 18:25:49.034,ARDUINO_PSI,Arduino,0.000,0.000,12.783,,
400.444021,2026-03-10 18:25:49.126,ARDUINO_PSI,Arduino,0.000,0.000,12.778,,
400.482442,2026-03-10 18:25:49.164,WJ_VOLTAGE,WJ2,0.000,0.000,0,0,"HV=OFF, Fault=NO"
400.544119,2026-03-10 18:25:49.226,ARDUINO_PSI,Arduino,0.000,0.000,12.774,,
400.644050,2026-03-10 18:25:49.326,ARDUINO_PSI,Arduino,0.000,0.000,12.780,,
400.743707,2026-03-10 18:25:49.425,ARDUINO_PSI,Arduino,0.000,0.000,12.790,,
400.843885,2026-03-10 18:25:49.526,ARDUINO_PSI,Arduino,0.000,0.000,12.806,,
400.867136,2026-03-10 18:25:49.549,WJ_VOLTAGE,WJ1,0.000,0.000,0,0,"HV=OFF, Fault=NO"
400.943866,2026-03-10 18:25:49.626,ARDUINO_PSI,Arduino,0.000,0.000,12.801,,
401.007582,2026-03-10 18:25:49.689,WJ_VOLTAGE,WJ2,0.000,0.000,0,0,"HV=OFF, Fault=NO"
401.044079,2026-03-10 18:25:49.726,ARDUINO_PSI,Arduino,0.000,0.000,12.801,,
401.143237,2026-03-10 18:25:49.825,ARDUINO_PSI,Arduino,0.000,0.000,12.808,,
401.243889,2026-03-10 18:25:49.926,ARDUINO_PSI,Arduino,0.000,0.000,12.806,,
401.343797,2026-03-10 18:25:50.025,ARDUINO_PSI,Arduino,0.000,0.000,12.803,,
401.397274,2026-03-10 18:25:50.079,WJ_VOLTAGE,WJ1,0.000,0.000,0,0,"HV=OFF, Fault=NO"
401.443583,2026-03-10 18:25:50.125,ARDUINO_PSI,Arduino,0.000,0.000,12.799,,
401.536966,2026-03-10 18:25:50.219,WJ_VOLTAGE,WJ2,0.000,0.000,0,0,"HV=OFF, Fault=NO"
401.555379,2026-03-10 18:25:50.237,ARDUINO_PSI,Arduino,0.000,0.000,12.790,,
401.644058,2026-03-10 18:25:50.326,ARDUINO_PSI,Arduino,0.000,0.000,12.785,,
401.743592,2026-03-10 18:25:50.425,ARDUINO_PSI,Arduino,0.000,0.000,12.776,,
401.843719,2026-03-10 18:25:50.525,ARDUINO_PSI,Arduino,0.000,0.000,12.771,,
401.926965,2026-03-10 18:25:50.609,WJ_VOLTAGE,WJ1,0.000,0.000,0,0,"HV=OFF, Fault=NO"
401.943286,2026-03-10 18:25:50.625,ARDUINO_PSI,Arduino,0.000,0.000,12.753,,
402.044124,2026-03-10 18:25:50.726,ARDUINO_PSI,Arduino,0.000,0.000,12.742,,
402.066286,2026-03-10 18:25:50.748,WJ_VOLTAGE,WJ2,0.000,0.000,0,0,"HV=OFF, Fault=NO"
402.144177,2026-03-10 18:25:50.826,ARDUINO_PSI,Arduino,0.000,0.000,12.755,,
402.243887,2026-03-10 18:25:50.926,ARDUINO_PSI,Arduino,0.000,0.000,12.774,,
402.344255,2026-03-10 18:25:51.026,ARDUINO_PSI,Arduino,0.000,0.000,12.771,,
402.443891,2026-03-10 18:25:51.126,ARDUINO_PSI,Arduino,0.000,0.000,12.769,,
402.455228,2026-03-10 18:25:51.137,WJ_VOLTAGE,WJ1,0.000,0.000,0,0,"HV=OFF, Fault=NO"
402.544075,2026-03-10 18:25:51.226,ARDUINO_PSI,Arduino,0.000,0.000,12.774,,
402.598830,2026-03-10 18:25:51.280,WJ_VOLTAGE,WJ2,0.000,0.000,0,0,"HV=OFF, Fault=NO"
402.643460,2026-03-10 18:25:51.325,ARDUINO_PSI,Arduino,0.000,0.000,12.769,,
402.743940,2026-03-10 18:25:51.426,ARDUINO_PSI,Arduino,0.000,0.000,12.758,,
402.844307,2026-03-10 18:25:51.526,ARDUINO_PSI,Arduino,0.000,0.000,12.746,,
402.943259,2026-03-10 18:25:51.625,ARDUINO_PSI,Arduino,0.000,0.000,12.739,,
402.986477,2026-03-10 18:25:51.668,WJ_VOLTAGE,WJ1,0.000,0.000,0,0,"HV=OFF, Fault=NO"
403.043629,2026-03-10 18:25:51.725,ARDUINO_PSI,Arduino,0.000,0.000,12.732,,
403.113649,2026-03-10 18:25:51.795,WJ_VOLTAGE,WJ2,0.000,0.000,0,0,"HV=OFF, Fault=NO"
403.143389,2026-03-10 18:25:51.825,ARDUINO_PSI,Arduino,0.000,0.000,12.737,,
403.243535,2026-03-10 18:25:51.925,ARDUINO_PSI,Arduino,0.000,0.000,12.730,,
403.343278,2026-03-10 18:25:52.025,ARDUINO_PSI,Arduino,0.000,0.000,12.732,,
403.443697,2026-03-10 18:25:52.125,ARDUINO_PSI,Arduino,0.000,0.000,12.735,,
403.519793,2026-03-10 18:25:52.201,WJ_VOLTAGE,WJ1,0.000,0.000,0,0,"HV=OFF, Fault=NO"
403.543278,2026-03-10 18:25:52.225,ARDUINO_PSI,Arduino,0.000,0.000,12.744,,
403.643857,2026-03-10 18:25:52.326,WJ_VOLTAGE,WJ2,0.000,0.000,0,0,"HV=OFF, Fault=NO"
403.644872,2026-03-10 18:25:52.327,ARDUINO_PSI,Arduino,0.000,0.000,12.744,,
403.744020,2026-03-10 18:25:52.426,ARDUINO_PSI,Arduino,0.000,0.000,12.746,,
403.844333,2026-03-10 18:25:52.526,ARDUINO_PSI,Arduino,0.000,0.000,12.746,,
403.943975,2026-03-10 18:25:52.626,ARDUINO_PSI,Arduino,0.000,0.000,12.760,,
404.044088,2026-03-10 18:25:52.726,ARDUINO_PSI,Arduino,0.000,0.000,12.764,,
404.047778,2026-03-10 18:25:52.729,WJ_VOLTAGE,WJ1,0.000,0.000,0,0,"HV=OFF, Fault=NO"
404.143871,2026-03-10 18:25:52.826,ARDUINO_PSI,Arduino,0.000,0.000,12.762,,
404.168904,2026-03-10 18:25:52.851,WJ_VOLTAGE,WJ2,0.000,0.000,0,0,"HV=OFF, Fault=NO"
404.243385,2026-03-10 18:25:52.925,ARDUINO_PSI,Arduino,0.000,0.000,12.751,,
404.343934,2026-03-10 18:25:53.026,ARDUINO_PSI,Arduino,0.000,0.000,12.769,,
404.444037,2026-03-10 18:25:53.126,ARDUINO_PSI,Arduino,0.000,0.000,12.764,,
404.543834,2026-03-10 18:25:53.225,ARDUINO_PSI,Arduino,0.000,0.000,12.758,,
404.572331,2026-03-10 18:25:53.254,WJ_VOLTAGE,WJ1,0.000,0.000,0,0,"HV=OFF, Fault=NO"
404.644078,2026-03-10 18:25:53.326,ARDUINO_PSI,Arduino,0.000,0.000,12.762,,
404.699549,2026-03-10 18:25:53.381,WJ_VOLTAGE,WJ2,0.000,0.000,0,0,"HV=OFF, Fault=NO"
404.743932,2026-03-10 18:25:53.426,ARDUINO_PSI,Arduino,0.000,0.000,12.751,,
404.843761,2026-03-10 18:25:53.525,ARDUINO_PSI,Arduino,0.000,0.000,12.751,,
405.117542,2026-03-10 18:25:53.799,WJ_COMMAND,WJ1,HV_ON,,,,HV_ON 
405.212129,2026-03-10 18:25:53.894,WJ_COMMAND,WJ2,HV_ON,,,,HV_ON 
405.213082,2026-03-10 18:25:53.895,ARDUINO_PSI,Arduino,0.000,0.000,12.755,,
405.214487,2026-03-10 18:25:53.896,WJ_VOLTAGE,WJ1,0.000,0.000,0,0,"HV=OFF, Fault=NO"
405.215294,2026-03-10 18:25:53.897,ARDUINO_PSI,Arduino,0.000,0.000,12.760,,
405.216652,2026-03-10 18:25:53.898,WJ_VOLTAGE,WJ2,0.000,0.000,0,0,"HV=OFF, Fault=NO"
405.217680,2026-03-10 18:25:53.899,ARDUINO_PSI,Arduino,0.000,0.000,12.755,,
405.243386,2026-03-10 18:25:53.925,ARDUINO_PSI,Arduino,0.000,0.000,12.758,,
405.343335,2026-03-10 18:25:54.025,ARDUINO_PSI,Arduino,0.000,0.000,12.746,,
405.443339,2026-03-10 18:25:54.125,ARDUINO_PSI,Arduino,0.000,0.000,12.748,,
405.543911,2026-03-10 18:25:54.226,ARDUINO_PSI,Arduino,0.000,0.000,12.742,,
405.643905,2026-03-10 18:25:54.326,ARDUINO_PSI,Arduino,0.000,0.000,12.742,,
405.743295,2026-03-10 18:25:54.425,ARDUINO_PSI,Arduino,0.000,0.000,12.746,,
405.843176,2026-03-10 18:25:54.525,ARDUINO_PSI,Arduino,0.000,0.000,12.758,,
405.943787,2026-03-10 18:25:54.625,ARDUINO_PSI,Arduino,0.000,0.000,12.758,,
406.043752,2026-03-10 18:25:54.725,ARDUINO_PSI,Arduino,0.000,0.000,12.748,,
406.144288,2026-03-10 18:25:54.826,ARDUINO_PSI,Arduino,0.000,0.000,12.744,,
406.243955,2026-03-10 18:25:54.926,ARDUINO_PSI,Arduino,0.000,0.000,12.744,,
406.287547,2026-03-10 18:25:54.969,WJ_VOLTAGE,WJ1,0.000,0.000,0,0,"HV=OFF, Fault=NO"
406.343231,2026-03-10 18:25:55.025,ARDUINO_PSI,Arduino,0.000,0.000,12.739,,
406.399028,2026-03-10 18:25:55.081,WJ_VOLTAGE,WJ2,0.000,0.000,0,0,"HV=OFF, Fault=NO"
406.443506,2026-03-10 18:25:55.125,ARDUINO_PSI,Arduino,0.000,0.000,12.746,,
406.544127,2026-03-10 18:25:55.226,ARDUINO_PSI,Arduino,0.000,0.000,12.753,,
406.644074,2026-03-10 18:25:55.326,ARDUINO_PSI,Arduino,0.000,0.000,12.755,,
406.744034,2026-03-10 18:25:55.426,ARDUINO_PSI,Arduino,0.000,0.000,12.762,,
406.811844,2026-03-10 18:25:55.493,WJ_VOLTAGE,WJ1,0.000,0.000,0,0,"HV=OFF, Fault=NO"
406.843416,2026-03-10 18:25:55.525,ARDUINO_PSI,Arduino,0.000,0.000,12.758,,
406.921936,2026-03-10 18:25:55.604,WJ_VOLTAGE,WJ2,0.000,0.012,0,0,"HV=OFF, Fault=NO"
406.943230,2026-03-10 18:25:55.625,ARDUINO_PSI,Arduino,0.000,0.000,12.755,,
407.043692,2026-03-10 18:25:55.725,ARDUINO_PSI,Arduino,0.000,0.000,12.744,,
407.143886,2026-03-10 18:25:55.826,ARDUINO_PSI,Arduino,0.000,0.000,12.744,,
407.244016,2026-03-10 18:25:55.926,ARDUINO_PSI,Arduino,0.000,0.000,12.742,,
407.342092,2026-03-10 18:25:56.024,WJ_VOLTAGE,WJ1,0.000,0.000,0,0,"HV=OFF, Fault=NO"
407.363648,2026-03-10 18:25:56.045,ARDUINO_PSI,Arduino,0.000,0.000,12.753,,
407.444021,2026-03-10 18:25:56.126,ARDUINO_PSI,Arduino,0.000,0.000,12.753,,
407.452184,2026-03-10 18:25:56.134,WJ_VOLTAGE,WJ2,0.000,0.000,0,0,"HV=OFF, Fault=NO"
407.544100,2026-03-10 18:25:56.226,ARDUINO_PSI,Arduino,0.000,0.000,12.755,,
407.643883,2026-03-10 18:25:56.326,ARDUINO_PSI,Arduino,0.000,0.000,12.739,,
407.743978,2026-03-10 18:25:56.426,ARDUINO_PSI,Arduino,0.000,0.000,12.739,,
407.843564,2026-03-10 18:25:56.525,ARDUINO_PSI,Arduino,0.000,0.000,12.737,,
407.872832,2026-03-10 18:25:56.554,WJ_VOLTAGE,WJ1,0.000,0.000,0,0,"HV=OFF, Fault=NO"
407.944758,2026-03-10 18:25:56.626,ARDUINO_PSI,Arduino,0.000,0.000,12.737,,
407.980795,2026-03-10 18:25:56.662,WJ_VOLTAGE,WJ2,0.000,0.000,0,0,"HV=OFF, Fault=NO"
408.044702,2026-03-10 18:25:56.726,ARDUINO_PSI,Arduino,0.000,0.000,12.742,,
408.144730,2026-03-10 18:25:56.826,ARDUINO_PSI,Arduino,0.000,0.000,12.742,,
408.244009,2026-03-10 18:25:56.926,ARDUINO_PSI,Arduino,0.000,0.000,12.744,,
408.344002,2026-03-10 18:25:57.026,ARDUINO_PSI,Arduino,0.000,0.000,12.742,,
408.404290,2026-03-10 18:25:57.086,WJ_VOLTAGE,WJ1,0.000,0.000,0,0,"HV=OFF, Fault=NO"
408.443308,2026-03-10 18:25:57.125,ARDUINO_PSI,Arduino,0.000,0.000,12.739,,
408.511916,2026-03-10 18:25:57.194,WJ_VOLTAGE,WJ2,0.000,0.000,0,0,"HV=OFF, Fault=NO"
408.543214,2026-03-10 18:25:57.225,ARDUINO_PSI,Arduino,0.000,0.000,12.732,,
408.711122,2026-03-10 18:25:57.393,WJ_COMMAND,WJ1,SET_PROGRAM,75.0kV_2.0mA,,,SET_PROGRAM 75.0kV_2.0mA
408.805061,2026-03-10 18:25:57.487,WJ_COMMAND,WJ2,SET_PROGRAM,75.0kV_2.0mA,,,SET_PROGRAM 75.0kV_2.0mA
408.807972,2026-03-10 18:25:57.490,WJ_VOLTAGE,WJ1,0.000,0.000,0,0,"HV=OFF, Fault=NO"
408.809624,2026-03-10 18:25:57.491,ARDUINO_PSI,Arduino,0.000,0.000,12.726,,
408.812556,2026-03-10 18:25:57.494,WJ_VOLTAGE,WJ2,0.000,0.000,0,0,"HV=OFF, Fault=NO"
408.814081,2026-03-10 18:25:57.496,ARDUINO_PSI,Arduino,0.000,0.000,12.728,,
408.843364,2026-03-10 18:25:57.525,ARDUINO_PSI,Arduino,0.000,0.000,12.721,,
408.944029,2026-03-10 18:25:57.626,ARDUINO_PSI,Arduino,0.000,0.000,12.721,,
409.043576,2026-03-10 18:25:57.725,ARDUINO_PSI,Arduino,0.000,0.000,12.721,,
409.144026,2026-03-10 18:25:57.826,ARDUINO_PSI,Arduino,0.000,0.000,12.716,,
409.164980,2026-03-10 18:25:57.847,WJ_VOLTAGE,WJ1,0.098,0.727,0,0,"HV=OFF, Fault=NO"
409.244065,2026-03-10 18:25:57.926,ARDUINO_PSI,Arduino,0.000,0.000,12.721,,
409.257427,2026-03-10 18:25:57.939,WJ_VOLTAGE,WJ2,0.098,0.716,0,0,"HV=OFF, Fault=NO"
409.344072,2026-03-10 18:25:58.026,ARDUINO_PSI,Arduino,0.000,0.000,12.719,,
409.551639,2026-03-10 18:25:58.233,WJ_COMMAND,WJ1,HV_ON,,,,HV_ON 
409.643400,2026-03-10 18:25:58.325,WJ_COMMAND,WJ2,HV_ON,,,,HV_ON 
409.644176,2026-03-10 18:25:58.326,ARDUINO_PSI,Arduino,0.000,0.000,12.712,,
409.645635,2026-03-10 18:25:58.327,WJ_VOLTAGE,WJ1,1.955,2.000,0,0,"HV=OFF, Fault=NO"
409.646421,2026-03-10 18:25:58.328,ARDUINO_PSI,Arduino,0.000,0.000,12.728,,
409.648013,2026-03-10 18:25:58.330,WJ_VOLTAGE,WJ2,2.053,2.000,0,0,"HV=OFF, Fault=NO"
409.648905,2026-03-10 18:25:58.331,ARDUINO_PSI,Arduino,0.000,0.000,12.735,,
409.743836,2026-03-10 18:25:58.425,ARDUINO_PSI,Arduino,0.000,0.000,12.723,,
409.844221,2026-03-10 18:25:58.526,ARDUINO_PSI,Arduino,0.000,0.000,12.723,,
409.944246,2026-03-10 18:25:58.626,ARDUINO_PSI,Arduino,0.000,0.000,12.710,,
410.005207,2026-03-10 18:25:58.687,WJ_VOLTAGE,WJ1,2.639,2.000,0,0,"HV=OFF, Fault=NO"
410.043275,2026-03-10 18:25:58.725,ARDUINO_PSI,Arduino,0.000,0.000,12.714,,
410.099998,2026-03-10 18:25:58.782,WJ_VOLTAGE,WJ2,2.835,2.000,0,0,"HV=OFF, Fault=NO"
410.143622,2026-03-10 18:25:58.825,ARDUINO_PSI,Arduino,0.000,0.000,12.723,,
410.243321,2026-03-10 18:25:58.925,ARDUINO_PSI,Arduino,0.000,0.000,12.714,,
410.343822,2026-03-10 18:25:59.025,ARDUINO_PSI,Arduino,0.000,0.000,12.705,,
410.443993,2026-03-10 18:25:59.126,ARDUINO_PSI,Arduino,0.000,0.000,12.700,,
410.524252,2026-03-10 18:25:59.206,WJ_VOLTAGE,WJ1,3.910,2.000,0,0,"HV=OFF, Fault=NO"
410.543270,2026-03-10 18:25:59.225,ARDUINO_PSI,Arduino,0.000,0.000,12.710,,
410.618595,2026-03-10 18:25:59.300,WJ_VOLTAGE,WJ2,4.203,2.000,0,0,"HV=OFF, Fault=NO"
410.643333,2026-03-10 18:25:59.325,ARDUINO_PSI,Arduino,0.000,0.000,12.712,,
410.744078,2026-03-10 18:25:59.426,ARDUINO_PSI,Arduino,0.000,0.000,12.710,,
410.843814,2026-03-10 18:25:59.525,ARDUINO_PSI,Arduino,0.000,0.000,12.714,,
410.943812,2026-03-10 18:25:59.625,ARDUINO_PSI,Arduino,0.000,0.000,12.721,,
411.043664,2026-03-10 18:25:59.725,ARDUINO_PSI,Arduino,0.000,0.000,12.726,,
411.053970,2026-03-10 18:25:59.736,WJ_VOLTAGE,WJ1,5.181,2.000,0,0,"HV=OFF, Fault=NO"
411.144057,2026-03-10 18:25:59.826,ARDUINO_PSI,Arduino,0.000,0.000,12.739,,
411.150154,2026-03-10 18:25:59.832,WJ_VOLTAGE,WJ2,4.692,0.874,0,0,"HV=OFF, Fault=NO"
411.243360,2026-03-10 18:25:59.925,ARDUINO_PSI,Arduino,0.000,0.000,12.735,,
411.343893,2026-03-10 18:26:00.026,ARDUINO_PSI,Arduino,0.000,0.000,12.732,,
411.443749,2026-03-10 18:26:00.125,ARDUINO_PSI,Arduino,0.000,0.000,12.737,,
411.544117,2026-03-10 18:26:00.226,ARDUINO_PSI,Arduino,0.000,0.000,12.728,,
411.583572,2026-03-10 18:26:00.265,WJ_VOLTAGE,WJ1,6.354,2.000,0,0,"HV=OFF, Fault=NO"
411.643639,2026-03-10 18:26:00.325,ARDUINO_PSI,Arduino,0.000,0.000,12.719,,
411.674849,2026-03-10 18:26:00.356,WJ_VOLTAGE,WJ2,4.888,0.370,0,0,"HV=OFF, Fault=NO"
411.743975,2026-03-10 18:26:00.426,ARDUINO_PSI,Arduino,0.000,0.000,12.735,,
411.844166,2026-03-10 18:26:00.526,ARDUINO_PSI,Arduino,0.000,0.000,12.728,,
411.944054,2026-03-10 18:26:00.626,ARDUINO_PSI,Arduino,0.000,0.000,12.735,,
412.044080,2026-03-10 18:26:00.726,ARDUINO_PSI,Arduino,0.000,0.000,12.732,,
412.111397,2026-03-10 18:26:00.793,WJ_VOLTAGE,WJ1,7.625,2.000,0,0,"HV=OFF, Fault=NO"
412.143552,2026-03-10 18:26:00.825,ARDUINO_PSI,Arduino,0.000,0.000,12.732,,
412.203148,2026-03-10 18:26:00.885,WJ_VOLTAGE,WJ2,4.985,0.188,0,0,"HV=OFF, Fault=NO"
412.243391,2026-03-10 18:26:00.925,ARDUINO_PSI,Arduino,0.000,0.000,12.746,,
412.343675,2026-03-10 18:26:01.025,ARDUINO_PSI,Arduino,0.000,0.000,12.755,,
412.443973,2026-03-10 18:26:01.126,ARDUINO_PSI,Arduino,0.000,0.000,12.760,,
412.543822,2026-03-10 18:26:01.225,ARDUINO_PSI,Arduino,0.000,0.000,12.748,,
412.638296,2026-03-10 18:26:01.320,WJ_VOLTAGE,WJ1,8.895,2.000,0,0,"HV=OFF, Fault=NO"
412.653985,2026-03-10 18:26:01.336,ARDUINO_PSI,Arduino,0.000,0.000,12.744,,
412.731668,2026-03-10 18:26:01.413,WJ_VOLTAGE,WJ2,5.083,0.111,0,0,"HV=OFF, Fault=NO"
412.743203,2026-03-10 18:26:01.425,ARDUINO_PSI,Arduino,0.000,0.000,12.744,,
412.843877,2026-03-10 18:26:01.526,ARDUINO_PSI,Arduino,0.000,0.000,12.744,,
412.943956,2026-03-10 18:26:01.626,ARDUINO_PSI,Arduino,0.000,0.000,12.732,,
413.043810,2026-03-10 18:26:01.725,ARDUINO_PSI,Arduino,0.000,0.000,12.735,,
413.144000,2026-03-10 18:26:01.826,ARDUINO_PSI,Arduino,0.000,0.000,12.735,,
413.166221,2026-03-10 18:26:01.848,WJ_VOLTAGE,WJ1,10.166,2.000,0,0,"HV=OFF, Fault=NO"
413.243981,2026-03-10 18:26:01.926,ARDUINO_PSI,Arduino,0.000,0.000,12.737,,
413.257194,2026-03-10 18:26:01.939,WJ_VOLTAGE,WJ2,5.083,0.065,0,0,"HV=OFF, Fault=NO"
413.343721,2026-03-10 18:26:02.025,ARDUINO_PSI,Arduino,0.000,0.000,12.739,,
413.444038,2026-03-10 18:26:02.126,ARDUINO_PSI,Arduino,0.000,0.000,12.739,,
413.543721,2026-03-10 18:26:02.225,ARDUINO_PSI,Arduino,0.000,0.000,12.732,,
413.644084,2026-03-10 18:26:02.326,ARDUINO_PSI,Arduino,0.000,0.000,12.746,,
413.690951,2026-03-10 18:26:02.373,WJ_VOLTAGE,WJ1,11.437,2.000,0,0,"HV=OFF, Fault=NO"
413.743929,2026-03-10 18:26:02.426,ARDUINO_PSI,Arduino,0.000,0.000,12.744,,
413.783800,2026-03-10 18:26:02.465,WJ_VOLTAGE,WJ2,5.083,0.029,0,0,"HV=OFF, Fault=NO"
413.844805,2026-03-10 18:26:02.526,ARDUINO_PSI,Arduino,0.000,0.000,12.748,,
413.943801,2026-03-10 18:26:02.625,ARDUINO_PSI,Arduino,0.000,0.000,12.748,,
414.044606,2026-03-10 18:26:02.726,ARDUINO_PSI,Arduino,0.000,0.000,12.758,,
414.144901,2026-03-10 18:26:02.827,ARDUINO_PSI,Arduino,0.000,0.000,12.744,,
414.222970,2026-03-10 18:26:02.905,WJ_VOLTAGE,WJ1,12.708,2.000,0,0,"HV=OFF, Fault=NO"
414.243803,2026-03-10 18:26:02.925,ARDUINO_PSI,Arduino,0.000,0.000,12.742,,
414.317060,2026-03-10 18:26:02.999,WJ_VOLTAGE,WJ2,5.083,0.006,0,0,"HV=OFF, Fault=NO"
414.343284,2026-03-10 18:26:03.025,ARDUINO_PSI,Arduino,0.000,0.000,12.744,,
414.443845,2026-03-10 18:26:03.125,ARDUINO_PSI,Arduino,0.000,0.000,12.744,,
414.543889,2026-03-10 18:26:03.226,ARDUINO_PSI,Arduino,0.000,0.000,12.742,,
414.643903,2026-03-10 18:26:03.326,ARDUINO_PSI,Arduino,0.000,0.000,12.751,,
414.744032,2026-03-10 18:26:03.426,ARDUINO_PSI,Arduino,0.000,0.000,12.753,,
414.749768,2026-03-10 18:26:03.431,WJ_VOLTAGE,WJ1,13.978,2.000,0,0,"HV=OFF, Fault=NO"
414.843601,2026-03-10 18:26:03.525,WJ_VOLTAGE,WJ2,5.083,0.000,0,0,"HV=OFF, Fault=NO"
414.844818,2026-03-10 18:26:03.526,ARDUINO_PSI,Arduino,0.000,0.000,12.748,,
414.944017,2026-03-10 18:26:03.626,ARDUINO_PSI,Arduino,0.000,0.000,12.742,,
415.043460,2026-03-10 18:26:03.725,ARDUINO_PSI,Arduino,0.000,0.000,12.739,,
415.144034,2026-03-10 18:26:03.826,ARDUINO_PSI,Arduino,0.000,0.000,12.730,,
415.244159,2026-03-10 18:26:03.926,ARDUINO_PSI,Arduino,0.000,0.000,12.742,,
415.277783,2026-03-10 18:26:03.959,WJ_VOLTAGE,WJ1,15.249,2.000,0,0,"HV=OFF, Fault=NO"
415.343890,2026-03-10 18:26:04.026,ARDUINO_PSI,Arduino,0.000,0.000,12.742,,
415.370526,2026-03-10 18:26:04.052,WJ_VOLTAGE,WJ2,5.083,0.000,0,0,"HV=OFF, Fault=NO"
415.444083,2026-03-10 18:26:04.126,ARDUINO_PSI,Arduino,0.000,0.000,12.753,,
415.544048,2026-03-10 18:26:04.226,ARDUINO_PSI,Arduino,0.000,0.000,12.755,,
415.643990,2026-03-10 18:26:04.326,ARDUINO_PSI,Arduino,0.000,0.000,12.760,,
415.743968,2026-03-10 18:26:04.426,ARDUINO_PSI,Arduino,0.000,0.000,12.758,,
415.810277,2026-03-10 18:26:04.492,WJ_VOLTAGE,WJ1,16.520,2.000,0,0,"HV=OFF, Fault=NO"
415.843291,2026-03-10 18:26:04.525,ARDUINO_PSI,Arduino,0.000,0.000,12.767,,
415.901952,2026-03-10 18:26:04.584,WJ_VOLTAGE,WJ2,5.083,0.000,0,0,"HV=OFF, Fault=NO"
415.943342,2026-03-10 18:26:04.625,ARDUINO_PSI,Arduino,0.000,0.000,12.771,,
416.044872,2026-03-10 18:26:04.727,ARDUINO_PSI,Arduino,0.000,0.000,12.774,,
416.143990,2026-03-10 18:26:04.826,ARDUINO_PSI,Arduino,0.000,0.000,12.778,,
416.243889,2026-03-10 18:26:04.926,ARDUINO_PSI,Arduino,0.000,0.000,12.764,,
416.340835,2026-03-10 18:26:05.022,WJ_VOLTAGE,WJ1,17.791,2.000,0,0,"HV=OFF, Fault=NO"
416.355781,2026-03-10 18:26:05.037,ARDUINO_PSI,Arduino,0.000,0.000,12.751,,
416.433503,2026-03-10 18:26:05.115,WJ_VOLTAGE,WJ2,5.083,0.000,0,0,"HV=OFF, Fault=NO"
416.447357,2026-03-10 18:26:05.129,ARDUINO_PSI,Arduino,0.000,0.000,12.744,,
416.543956,2026-03-10 18:26:05.226,ARDUINO_PSI,Arduino,0.000,0.000,12.764,,
416.643967,2026-03-10 18:26:05.326,ARDUINO_PSI,Arduino,0.000,0.000,12.762,,
416.743997,2026-03-10 18:26:05.426,ARDUINO_PSI,Arduino,0.000,0.000,12.762,,
416.844827,2026-03-10 18:26:05.526,ARDUINO_PSI,Arduino,0.000,0.000,12.767,,
416.870944,2026-03-10 18:26:05.553,WJ_VOLTAGE,WJ1,19.159,2.000,0,0,"HV=OFF, Fault=NO"
416.943783,2026-03-10 18:26:05.625,ARDUINO_PSI,Arduino,0.000,0.000,12.776,,
416.967002,2026-03-10 18:26:05.649,WJ_VOLTAGE,WJ2,4.985,0.000,0,0,"HV=OFF, Fault=NO"
417.044139,2026-03-10 18:26:05.726,ARDUINO_PSI,Arduino,0.000,0.000,12.769,,
417.143974,2026-03-10 18:26:05.826,ARDUINO_PSI,Arduino,0.000,0.000,12.778,,
417.243908,2026-03-10 18:26:05.926,ARDUINO_PSI,Arduino,0.000,0.000,12.771,,
417.344009,2026-03-10 18:26:06.026,ARDUINO_PSI,Arduino,0.000,0.000,12.762,,
417.399751,2026-03-10 18:26:06.081,WJ_VOLTAGE,WJ1,20.430,2.000,0,0,"HV=OFF, Fault=NO"
417.443871,2026-03-10 18:26:06.126,ARDUINO_PSI,Arduino,0.000,0.000,12.751,,
417.494199,2026-03-10 18:26:06.176,WJ_VOLTAGE,WJ2,4.985,0.000,0,0,"HV=OFF, Fault=NO"
417.543434,2026-03-10 18:26:06.225,ARDUINO_PSI,Arduino,0.000,0.000,12.748,,
417.643947,2026-03-10 18:26:06.326,ARDUINO_PSI,Arduino,0.000,0.000,12.744,,
417.743520,2026-03-10 18:26:06.425,ARDUINO_PSI,Arduino,0.000,0.000,12.737,,
417.843680,2026-03-10 18:26:06.525,ARDUINO_PSI,Arduino,0.000,0.000,12.728,,
417.932719,2026-03-10 18:26:06.614,WJ_VOLTAGE,WJ1,21.701,2.000,0,0,"HV=OFF, Fault=NO"
417.946568,2026-03-10 18:26:06.628,ARDUINO_PSI,Arduino,0.000,0.000,12.728,,
418.024095,2026-03-10 18:26:06.706,WJ_VOLTAGE,WJ2,4.985,0.000,0,0,"HV=OFF, Fault=NO"
418.043201,2026-03-10 18:26:06.725,ARDUINO_PSI,Arduino,0.000,0.000,12.721,,
418.143937,2026-03-10 18:26:06.826,ARDUINO_PSI,Arduino,0.000,0.000,12.719,,
418.243389,2026-03-10 18:26:06.925,ARDUINO_PSI,Arduino,0.000,0.000,12.737,,
418.343265,2026-03-10 18:26:07.025,ARDUINO_PSI,Arduino,0.000,0.000,12.755,,
418.444106,2026-03-10 18:26:07.126,ARDUINO_PSI,Arduino,0.000,0.000,12.758,,
418.459947,2026-03-10 18:26:07.142,WJ_VOLTAGE,WJ1,22.972,2.000,0,0,"HV=OFF, Fault=NO"
418.544120,2026-03-10 18:26:07.226,ARDUINO_PSI,Arduino,0.000,0.000,12.746,,
418.569296,2026-03-10 18:26:07.251,WJ_VOLTAGE,WJ2,4.985,0.000,0,0,"HV=OFF, Fault=NO"
418.643447,2026-03-10 18:26:07.325,ARDUINO_PSI,Arduino,0.000,0.000,12.739,,
418.744116,2026-03-10 18:26:07.426,ARDUINO_PSI,Arduino,0.000,0.000,12.739,,
418.843912,2026-03-10 18:26:07.526,ARDUINO_PSI,Arduino,0.000,0.000,12.737,,
418.943929,2026-03-10 18:26:07.626,ARDUINO_PSI,Arduino,0.000,0.000,12.732,,
418.992490,2026-03-10 18:26:07.674,WJ_VOLTAGE,WJ1,24.242,2.000,0,0,"HV=OFF, Fault=NO"
419.043320,2026-03-10 18:26:07.725,ARDUINO_PSI,Arduino,0.000,0.000,12.735,,
419.102250,2026-03-10 18:26:07.784,WJ_VOLTAGE,WJ2,4.985,0.000,0,0,"HV=OFF, Fault=NO"
419.143405,2026-03-10 18:26:07.825,ARDUINO_PSI,Arduino,0.000,0.000,12.730,,
419.243907,2026-03-10 18:26:07.926,ARDUINO_PSI,Arduino,0.000,0.000,12.719,,
419.343940,2026-03-10 18:26:08.026,ARDUINO_PSI,Arduino,0.000,0.000,12.726,,
419.443965,2026-03-10 18:26:08.126,ARDUINO_PSI,Arduino,0.000,0.000,12.719,,
419.520935,2026-03-10 18:26:08.203,WJ_VOLTAGE,WJ1,25.513,2.000,0,0,"HV=OFF, Fault=NO"
419.543405,2026-03-10 18:26:08.225,ARDUINO_PSI,Arduino,0.000,0.000,12.719,,
419.631069,2026-03-10 18:26:08.313,WJ_VOLTAGE,WJ2,4.985,0.000,0,0,"HV=OFF, Fault=NO"
419.643187,2026-03-10 18:26:08.325,ARDUINO_PSI,Arduino,0.000,0.000,12.719,,
419.768374,2026-03-10 18:26:08.450,WJ_COMMAND,WJ1,SET_PROGRAM,75.0kV_2.0mA,,,SET_PROGRAM 75.0kV_2.0mA
419.861249,2026-03-10 18:26:08.543,WJ_COMMAND,WJ2,SET_PROGRAM,75.0kV_2.0mA,,,SET_PROGRAM 75.0kV_2.0mA
419.864052,2026-03-10 18:26:08.546,WJ_VOLTAGE,WJ1,26.784,2.000,0,0,"HV=OFF, Fault=NO"
419.866421,2026-03-10 18:26:08.548,ARDUINO_PSI,Arduino,0.000,0.000,12.716,,
419.869748,2026-03-10 18:26:08.551,WJ_VOLTAGE,WJ2,4.985,0.000,0,0,"HV=OFF, Fault=NO"
419.870437,2026-03-10 18:26:08.552,ARDUINO_PSI,Arduino,0.000,0.000,12.714,,
419.943916,2026-03-10 18:26:08.626,ARDUINO_PSI,Arduino,0.000,0.000,12.705,,
420.043335,2026-03-10 18:26:08.725,ARDUINO_PSI,Arduino,0.000,0.000,12.694,,
420.143971,2026-03-10 18:26:08.826,ARDUINO_PSI,Arduino,0.000,0.000,12.696,,
420.220547,2026-03-10 18:26:08.902,WJ_VOLTAGE,WJ1,27.273,2.000,0,0,"HV=OFF, Fault=NO"
420.243305,2026-03-10 18:26:08.925,ARDUINO_PSI,Arduino,0.000,0.000,12.678,,
420.314740,2026-03-10 18:26:08.996,WJ_VOLTAGE,WJ2,4.985,0.000,0,0,"HV=OFF, Fault=NO"
420.343301,2026-03-10 18:26:09.025,ARDUINO_PSI,Arduino,0.000,0.000,12.673,,
420.444640,2026-03-10 18:26:09.126,ARDUINO_PSI,Arduino,0.000,0.000,12.673,,
420.543390,2026-03-10 18:26:09.225,ARDUINO_PSI,Arduino,0.000,0.000,12.678,,
420.644318,2026-03-10 18:26:09.326,ARDUINO_PSI,Arduino,0.000,0.000,12.691,,
420.743876,2026-03-10 18:26:09.426,ARDUINO_PSI,Arduino,0.000,0.000,12.684,,
420.748261,2026-03-10 18:26:09.430,WJ_VOLTAGE,WJ1,28.446,2.000,0,0,"HV=OFF, Fault=NO"
420.843603,2026-03-10 18:26:09.525,WJ_VOLTAGE,WJ2,4.985,0.000,0,0,"HV=OFF, Fault=NO"
420.858628,2026-03-10 18:26:09.540,ARDUINO_PSI,Arduino,0.000,0.000,12.678,,
420.944118,2026-03-10 18:26:09.626,ARDUINO_PSI,Arduino,0.000,0.000,12.687,,
421.044781,2026-03-10 18:26:09.726,ARDUINO_PSI,Arduino,0.000,0.000,12.684,,
421.143927,2026-03-10 18:26:09.826,ARDUINO_PSI,Arduino,0.000,0.000,12.684,,
421.244012,2026-03-10 18:26:09.926,ARDUINO_PSI,Arduino,0.000,0.000,12.694,,
421.277577,2026-03-10 18:26:09.959,WJ_VOLTAGE,WJ1,29.717,2.000,0,0,"HV=OFF, Fault=NO"
421.343500,2026-03-10 18:26:10.025,ARDUINO_PSI,Arduino,0.000,0.000,12.700,,
421.370730,2026-03-10 18:26:10.052,WJ_VOLTAGE,WJ2,4.985,0.000,0,0,"HV=OFF, Fault=NO"
421.443311,2026-03-10 18:26:10.125,ARDUINO_PSI,Arduino,0.000,0.000,12.694,,
421.544011,2026-03-10 18:26:10.226,ARDUINO_PSI,Arduino,0.000,0.000,12.696,,
421.643767,2026-03-10 18:26:10.325,ARDUINO_PSI,Arduino,0.000,0.000,12.703,,
421.744031,2026-03-10 18:26:10.426,ARDUINO_PSI,Arduino,0.000,0.000,12.719,,
421.808674,2026-03-10 18:26:10.490,WJ_VOLTAGE,WJ1,30.987,2.000,0,0,"HV=OFF, Fault=NO"
421.843798,2026-03-10 18:26:10.525,ARDUINO_PSI,Arduino,0.000,0.000,12.721,,
421.901683,2026-03-10 18:26:10.583,WJ_VOLTAGE,WJ2,4.985,0.000,0,0,"HV=OFF, Fault=NO"
421.943271,2026-03-10 18:26:10.625,ARDUINO_PSI,Arduino,0.000,0.000,12.732,,
422.043371,2026-03-10 18:26:10.725,ARDUINO_PSI,Arduino,0.000,0.000,12.744,,
422.144292,2026-03-10 18:26:10.826,ARDUINO_PSI,Arduino,0.000,0.000,12.735,,
422.244011,2026-03-10 18:26:10.926,ARDUINO_PSI,Arduino,0.000,0.000,12.746,,
422.336025,2026-03-10 18:26:11.018,WJ_VOLTAGE,WJ1,32.258,2.000,0,0,"HV=OFF, Fault=NO"
422.352795,2026-03-10 18:26:11.034,ARDUINO_PSI,Arduino,0.000,0.000,12.744,,
422.433915,2026-03-10 18:26:11.116,WJ_VOLTAGE,WJ2,4.985,0.000,0,0,"HV=OFF, Fault=NO"
422.452659,2026-03-10 18:26:11.134,ARDUINO_PSI,Arduino,0.000,0.000,12.758,,
422.724135,2026-03-10 18:26:11.406,WJ_COMMAND,WJ1,HV_ON,,,,HV_ON 
422.817891,2026-03-10 18:26:11.500,WJ_COMMAND,WJ2,HV_ON,,,,HV_ON 
422.819263,2026-03-10 18:26:11.501,ARDUINO_PSI,Arduino,0.000,0.000,12.746,,
422.822880,2026-03-10 18:26:11.505,ARDUINO_PSI,Arduino,0.000,0.000,12.751,,
422.826203,2026-03-10 18:26:11.508,WJ_VOLTAGE,WJ1,33.529,2.000,0,0,"HV=OFF, Fault=NO"
422.827407,2026-03-10 18:26:11.509,WJ_VOLTAGE,WJ2,4.985,0.000,0,0,"HV=OFF, Fault=NO"
422.828066,2026-03-10 18:26:11.510,ARDUINO_PSI,Arduino,0.000,0.000,12.755,,
422.843136,2026-03-10 18:26:11.525,ARDUINO_PSI,Arduino,0.000,0.000,12.758,,
422.943968,2026-03-10 18:26:11.626,ARDUINO_PSI,Arduino,0.000,0.000,12.769,,
423.043823,2026-03-10 18:26:11.725,ARDUINO_PSI,Arduino,0.000,0.000,12.769,,
423.143357,2026-03-10 18:26:11.825,ARDUINO_PSI,Arduino,0.000,0.000,12.774,,
423.165018,2026-03-10 18:26:11.847,WJ_VOLTAGE,WJ1,34.213,2.000,0,0,"HV=OFF, Fault=NO"
423.244215,2026-03-10 18:26:11.926,ARDUINO_PSI,Arduino,0.000,0.000,12.774,,
423.274912,2026-03-10 18:26:11.957,WJ_VOLTAGE,WJ2,4.985,0.000,0,0,"HV=OFF, Fault=NO"
423.343895,2026-03-10 18:26:12.026,ARDUINO_PSI,Arduino,0.000,0.000,12.769,,
423.443982,2026-03-10 18:26:12.126,ARDUINO_PSI,Arduino,0.000,0.000,12.776,,
423.543968,2026-03-10 18:26:12.226,ARDUINO_PSI,Arduino,0.000,0.000,12.780,,
423.643838,2026-03-10 18:26:12.325,ARDUINO_PSI,Arduino,0.000,0.000,12.783,,
423.698434,2026-03-10 18:26:12.380,WJ_VOLTAGE,WJ1,35.484,2.000,0,0,"HV=OFF, Fault=NO"
423.743850,2026-03-10 18:26:12.426,ARDUINO_PSI,Arduino,0.000,0.000,12.776,,
423.806132,2026-03-10 18:26:12.488,WJ_VOLTAGE,WJ2,4.985,0.000,0,0,"HV=OFF, Fault=NO"
423.843322,2026-03-10 18:26:12.525,ARDUINO_PSI,Arduino,0.000,0.000,12.769,,
423.943896,2026-03-10 18:26:12.626,ARDUINO_PSI,Arduino,0.000,0.000,12.774,,
424.043701,2026-03-10 18:26:12.725,ARDUINO_PSI,Arduino,0.000,0.000,12.769,,
424.144021,2026-03-10 18:26:12.826,ARDUINO_PSI,Arduino,0.000,0.000,12.776,,
424.233302,2026-03-10 18:26:12.915,WJ_VOLTAGE,WJ1,36.755,2.000,0,0,"HV=OFF, Fault=NO"
424.248135,2026-03-10 18:26:12.930,ARDUINO_PSI,Arduino,0.000,0.000,12.774,,
424.339554,2026-03-10 18:26:13.021,WJ_VOLTAGE,WJ2,4.985,0.000,0,0,"HV=OFF, Fault=NO"
424.355759,2026-03-10 18:26:13.037,ARDUINO_PSI,Arduino,0.000,0.000,12.776,,
424.444065,2026-03-10 18:26:13.126,ARDUINO_PSI,Arduino,0.000,0.000,12.755,,
424.543324,2026-03-10 18:26:13.225,ARDUINO_PSI,Arduino,0.000,0.000,12.758,,
424.644124,2026-03-10 18:26:13.326,ARDUINO_PSI,Arduino,0.000,0.000,12.751,,
424.743366,2026-03-10 18:26:13.425,ARDUINO_PSI,Arduino,0.000,0.000,12.748,,
424.759595,2026-03-10 18:26:13.441,WJ_VOLTAGE,WJ1,37.928,2.000,0,0,"HV=OFF, Fault=NO"
424.844041,2026-03-10 18:26:13.526,ARDUINO_PSI,Arduino,0.000,0.000,12.751,,
424.867881,2026-03-10 18:26:13.550,WJ_VOLTAGE,WJ2,4.985,0.000,0,0,"HV=OFF, Fault=NO"
424.943978,2026-03-10 18:26:13.626,ARDUINO_PSI,Arduino,0.000,0.000,12.732,,
425.044509,2026-03-10 18:26:13.726,ARDUINO_PSI,Arduino,0.000,0.000,12.751,,
425.144030,2026-03-10 18:26:13.826,ARDUINO_PSI,Arduino,0.000,0.000,12.751,,
425.243951,2026-03-10 18:26:13.926,ARDUINO_PSI,Arduino,0.000,0.000,12.746,,
425.288477,2026-03-10 18:26:13.970,WJ_VOLTAGE,WJ1,39.296,2.000,0,0,"HV=OFF, Fault=NO"
425.343561,2026-03-10 18:26:14.025,ARDUINO_PSI,Arduino,0.000,0.000,12.751,,
425.398147,2026-03-10 18:26:14.080,WJ_VOLTAGE,WJ2,4.985,0.000,0,0,"HV=OFF, Fault=NO"
425.443667,2026-03-10 18:26:14.125,ARDUINO_PSI,Arduino,0.000,0.000,12.764,,
425.543802,2026-03-10 18:26:14.225,ARDUINO_PSI,Arduino,0.000,0.000,12.764,,
425.644584,2026-03-10 18:26:14.326,ARDUINO_PSI,Arduino,0.000,0.000,12.748,,
425.743682,2026-03-10 18:26:14.425,ARDUINO_PSI,Arduino,0.000,0.000,12.744,,
425.819209,2026-03-10 18:26:14.501,WJ_VOLTAGE,WJ1,40.469,2.000,0,0,"HV=OFF, Fault=NO"
425.843480,2026-03-10 18:26:14.525,ARDUINO_PSI,Arduino,0.000,0.000,12.746,,
425.930715,2026-03-10 18:26:14.612,WJ_VOLTAGE,WJ2,4.985,0.000,0,0,"HV=OFF, Fault=NO"
425.943857,2026-03-10 18:26:14.626,ARDUINO_PSI,Arduino,0.000,0.000,12.735,,
426.043993,2026-03-10 18:26:14.726,ARDUINO_PSI,Arduino,0.000,0.000,12.742,,
426.143912,2026-03-10 18:26:14.826,ARDUINO_PSI,Arduino,0.000,0.000,12.746,,
426.243708,2026-03-10 18:26:14.925,ARDUINO_PSI,Arduino,0.000,0.000,12.746,,
426.343737,2026-03-10 18:26:15.025,ARDUINO_PSI,Arduino,0.000,0.000,12.746,,
426.350380,2026-03-10 18:26:15.032,WJ_VOLTAGE,WJ1,41.838,2.000,0,0,"HV=OFF, Fault=NO"
426.444094,2026-03-10 18:26:15.126,ARDUINO_PSI,Arduino,0.000,0.000,12.751,,
426.456152,2026-03-10 18:26:15.138,WJ_VOLTAGE,WJ2,4.888,0.000,0,0,"HV=OFF, Fault=NO"
426.543974,2026-03-10 18:26:15.226,ARDUINO_PSI,Arduino,0.000,0.000,12.758,,
426.643931,2026-03-10 18:26:15.326,ARDUINO_PSI,Arduino,0.000,0.000,12.748,,
426.743656,2026-03-10 18:26:15.425,ARDUINO_PSI,Arduino,0.000,0.000,12.753,,
426.844035,2026-03-10 18:26:15.526,ARDUINO_PSI,Arduino,0.000,0.000,12.764,,
426.876686,2026-03-10 18:26:15.558,WJ_VOLTAGE,WJ1,43.109,2.006,0,0,"HV=OFF, Fault=NO"
426.943889,2026-03-10 18:26:15.626,ARDUINO_PSI,Arduino,0.000,0.000,12.764,,
426.984941,2026-03-10 18:26:15.667,WJ_VOLTAGE,WJ2,4.985,0.000,0,0,"HV=OFF, Fault=NO"
427.043971,2026-03-10 18:26:15.726,ARDUINO_PSI,Arduino,0.000,0.000,12.760,,
427.144041,2026-03-10 18:26:15.826,ARDUINO_PSI,Arduino,0.000,0.000,12.746,,
427.244194,2026-03-10 18:26:15.926,ARDUINO_PSI,Arduino,0.000,0.000,12.758,,
427.343836,2026-03-10 18:26:16.025,ARDUINO_PSI,Arduino,0.000,0.000,12.755,,
427.403685,2026-03-10 18:26:16.085,WJ_VOLTAGE,WJ1,44.379,2.006,0,0,"HV=OFF, Fault=NO"
427.443424,2026-03-10 18:26:16.125,ARDUINO_PSI,Arduino,0.000,0.000,12.742,,
427.511836,2026-03-10 18:26:16.193,WJ_VOLTAGE,WJ2,4.985,0.000,0,0,"HV=OFF, Fault=NO"
427.543397,2026-03-10 18:26:16.225,ARDUINO_PSI,Arduino,0.000,0.000,12.730,,
427.643796,2026-03-10 18:26:16.325,ARDUINO_PSI,Arduino,0.000,0.000,12.737,,
427.743916,2026-03-10 18:26:16.426,ARDUINO_PSI,Arduino,0.000,0.000,12.732,,
427.843842,2026-03-10 18:26:16.526,ARDUINO_PSI,Arduino,0.000,0.000,12.728,,
427.934513,2026-03-10 18:26:16.616,WJ_VOLTAGE,WJ1,45.650,2.006,0,0,"HV=OFF, Fault=NO"
427.946143,2026-03-10 18:26:16.628,ARDUINO_PSI,Arduino,0.000,0.000,12.728,,
428.042446,2026-03-10 18:26:16.724,WJ_VOLTAGE,WJ2,4.985,0.000,0,0,"HV=OFF, Fault=NO"
428.048538,2026-03-10 18:26:16.730,ARDUINO_PSI,Arduino,0.000,0.000,12.726,,
428.144107,2026-03-10 18:26:16.826,ARDUINO_PSI,Arduino,0.000,0.000,12.710,,
428.244371,2026-03-10 18:26:16.926,ARDUINO_PSI,Arduino,0.000,0.000,12.712,,
428.344032,2026-03-10 18:26:17.026,ARDUINO_PSI,Arduino,0.000,0.000,12.705,,
428.444414,2026-03-10 18:26:17.126,ARDUINO_PSI,Arduino,0.000,0.000,12.714,,
428.461300,2026-03-10 18:26:17.143,WJ_VOLTAGE,WJ1,46.921,2.000,0,0,"HV=OFF, Fault=NO"
428.544038,2026-03-10 18:26:17.226,ARDUINO_PSI,Arduino,0.000,0.000,12.710,,
428.571334,2026-03-10 18:26:17.253,WJ_VOLTAGE,WJ2,4.888,0.000,0,0,"HV=OFF, Fault=NO"
428.644007,2026-03-10 18:26:17.326,ARDUINO_PSI,Arduino,0.000,0.000,12.705,,
428.743783,2026-03-10 18:26:17.425,ARDUINO_PSI,Arduino,0.000,0.000,12.712,,
428.843887,2026-03-10 18:26:17.526,ARDUINO_PSI,Arduino,0.000,0.000,12.705,,
428.943979,2026-03-10 18:26:17.626,ARDUINO_PSI,Arduino,0.000,0.000,12.707,,
428.993830,2026-03-10 18:26:17.675,WJ_VOLTAGE,WJ1,48.094,2.000,0,0,"HV=OFF, Fault=NO"
429.043306,2026-03-10 18:26:17.725,ARDUINO_PSI,Arduino,0.000,0.000,12.710,,
429.088988,2026-03-10 18:26:17.771,WJ_VOLTAGE,WJ2,4.888,0.000,0,0,"HV=OFF, Fault=NO"
429.143740,2026-03-10 18:26:17.825,ARDUINO_PSI,Arduino,0.000,0.000,12.714,,
429.243295,2026-03-10 18:26:17.925,ARDUINO_PSI,Arduino,0.000,0.000,12.714,,
429.344151,2026-03-10 18:26:18.026,ARDUINO_PSI,Arduino,0.000,0.000,12.719,,
429.443901,2026-03-10 18:26:18.126,ARDUINO_PSI,Arduino,0.000,0.000,12.728,,
429.526997,2026-03-10 18:26:18.209,WJ_VOLTAGE,WJ1,49.365,2.000,0,0,"HV=OFF, Fault=NO"
429.543208,2026-03-10 18:26:18.225,ARDUINO_PSI,Arduino,0.000,0.000,12.735,,
429.620914,2026-03-10 18:26:18.303,WJ_VOLTAGE,WJ2,4.888,0.000,0,0,"HV=OFF, Fault=NO"
429.643283,2026-03-10 18:26:18.325,ARDUINO_PSI,Arduino,0.000,0.000,12.728,,
429.743892,2026-03-10 18:26:18.426,ARDUINO_PSI,Arduino,0.000,0.000,12.739,,
429.843904,2026-03-10 18:26:18.526,ARDUINO_PSI,Arduino,0.000,0.000,12.758,,
429.944098,2026-03-10 18:26:18.626,ARDUINO_PSI,Arduino,0.000,0.000,12.762,,
430.044621,2026-03-10 18:26:18.726,ARDUINO_PSI,Arduino,0.000,0.000,12.769,,
430.054185,2026-03-10 18:26:18.736,WJ_VOLTAGE,WJ1,50.635,2.000,0,0,"HV=OFF, Fault=NO"
430.143914,2026-03-10 18:26:18.826,ARDUINO_PSI,Arduino,0.000,0.000,12.774,,
430.149916,2026-03-10 18:26:18.832,WJ_VOLTAGE,WJ2,4.888,0.000,0,0,"HV=OFF, Fault=NO"
430.243936,2026-03-10 18:26:18.926,ARDUINO_PSI,Arduino,0.000,0.000,12.764,,
430.344038,2026-03-10 18:26:19.026,ARDUINO_PSI,Arduino,0.000,0.000,12.774,,
430.443864,2026-03-10 18:26:19.126,ARDUINO_PSI,Arduino,0.000,0.000,12.764,,
430.543846,2026-03-10 18:26:19.225,ARDUINO_PSI,Arduino,0.000,0.000,12.769,,
430.582978,2026-03-10 18:26:19.265,WJ_VOLTAGE,WJ1,51.906,2.000,0,0,"HV=OFF, Fault=NO"
430.643778,2026-03-10 18:26:19.325,ARDUINO_PSI,Arduino,0.000,0.000,12.794,,
430.674478,2026-03-10 18:26:19.356,WJ_VOLTAGE,WJ2,4.888,0.000,0,0,"HV=OFF, Fault=NO"
430.744001,2026-03-10 18:26:19.426,ARDUINO_PSI,Arduino,0.000,0.000,12.787,,
430.844802,2026-03-10 18:26:19.526,ARDUINO_PSI,Arduino,0.000,0.000,12.785,,
430.944809,2026-03-10 18:26:19.626,ARDUINO_PSI,Arduino,0.000,0.000,12.796,,
431.044657,2026-03-10 18:26:19.726,ARDUINO_PSI,Arduino,0.000,0.000,12.794,,
431.112981,2026-03-10 18:26:19.795,WJ_VOLTAGE,WJ1,53.177,2.006,0,0,"HV=OFF, Fault=NO"
431.143744,2026-03-10 18:26:19.825,ARDUINO_PSI,Arduino,0.000,0.000,12.790,,
431.205675,2026-03-10 18:26:19.887,WJ_VOLTAGE,WJ2,4.888,0.000,0,0,"HV=OFF, Fault=NO"
431.244624,2026-03-10 18:26:19.926,ARDUINO_PSI,Arduino,0.000,0.000,12.780,,
431.344052,2026-03-10 18:26:20.026,ARDUINO_PSI,Arduino,0.000,0.000,12.769,,
431.443999,2026-03-10 18:26:20.126,ARDUINO_PSI,Arduino,0.000,0.000,12.767,,
431.544107,2026-03-10 18:26:20.226,ARDUINO_PSI,Arduino,0.000,0.000,12.767,,
431.643515,2026-03-10 18:26:20.325,WJ_VOLTAGE,WJ1,54.350,2.006,0,0,"HV=OFF, Fault=NO"
431.658199,2026-03-10 18:26:20.340,ARDUINO_PSI,Arduino,0.000,0.000,12.785,,
431.735809,2026-03-10 18:26:20.417,WJ_VOLTAGE,WJ2,4.888,0.000,0,0,"HV=OFF, Fault=NO"
431.746992,2026-03-10 18:26:20.429,ARDUINO_PSI,Arduino,0.000,0.000,12.778,,
431.844151,2026-03-10 18:26:20.526,ARDUINO_PSI,Arduino,0.000,0.000,12.776,,
431.943958,2026-03-10 18:26:20.626,ARDUINO_PSI,Arduino,0.000,0.000,12.778,,
432.045187,2026-03-10 18:26:20.727,ARDUINO_PSI,Arduino,0.000,0.000,12.764,,
432.144812,2026-03-10 18:26:20.826,ARDUINO_PSI,Arduino,0.000,0.000,12.767,,
432.172050,2026-03-10 18:26:20.854,WJ_VOLTAGE,WJ1,55.621,2.006,0,0,"HV=OFF, Fault=NO"
432.244820,2026-03-10 18:26:20.926,ARDUINO_PSI,Arduino,0.000,0.000,12.771,,
432.267036,2026-03-10 18:26:20.949,WJ_VOLTAGE,WJ2,4.888,0.000,0,0,"HV=OFF, Fault=NO"
432.345498,2026-03-10 18:26:21.027,ARDUINO_PSI,Arduino,0.000,0.000,12.774,,
432.444805,2026-03-10 18:26:21.126,ARDUINO_PSI,Arduino,0.000,0.000,12.780,,
432.543940,2026-03-10 18:26:21.226,ARDUINO_PSI,Arduino,0.000,0.000,12.769,,
432.644066,2026-03-10 18:26:21.326,ARDUINO_PSI,Arduino,0.000,0.000,12.755,,
432.697379,2026-03-10 18:26:21.379,WJ_VOLTAGE,WJ1,56.891,2.006,0,0,"HV=OFF, Fault=NO"
432.744882,2026-03-10 18:26:21.427,ARDUINO_PSI,Arduino,0.000,0.000,12.744,,
432.790403,2026-03-10 18:26:21.472,WJ_VOLTAGE,WJ2,4.888,0.000,0,0,"HV=OFF, Fault=NO"
432.843378,2026-03-10 18:26:21.525,ARDUINO_PSI,Arduino,0.000,0.000,12.751,,
432.943903,2026-03-10 18:26:21.626,ARDUINO_PSI,Arduino,0.000,0.000,12.751,,
433.043866,2026-03-10 18:26:21.726,ARDUINO_PSI,Arduino,0.000,0.000,12.735,,
433.145885,2026-03-10 18:26:21.828,ARDUINO_PSI,Arduino,0.000,0.000,12.746,,
433.227395,2026-03-10 18:26:21.909,WJ_VOLTAGE,WJ1,58.065,2.006,0,0,"HV=OFF, Fault=NO"
433.243656,2026-03-10 18:26:21.925,ARDUINO_PSI,Arduino,0.000,0.000,12.751,,
433.320974,2026-03-10 18:26:22.003,WJ_VOLTAGE,WJ2,4.888,0.000,0,0,"HV=OFF, Fault=NO"
433.343432,2026-03-10 18:26:22.025,ARDUINO_PSI,Arduino,0.000,0.000,12.753,,
433.444603,2026-03-10 18:26:22.126,ARDUINO_PSI,Arduino,0.000,0.000,12.764,,
433.544094,2026-03-10 18:26:22.226,ARDUINO_PSI,Arduino,0.000,0.000,12.751,,
433.644821,2026-03-10 18:26:22.326,ARDUINO_PSI,Arduino,0.000,0.000,12.742,,
433.744204,2026-03-10 18:26:22.426,ARDUINO_PSI,Arduino,0.000,0.000,12.737,,
433.756514,2026-03-10 18:26:22.438,WJ_VOLTAGE,WJ1,59.335,2.006,0,0,"HV=OFF, Fault=NO"
433.844983,2026-03-10 18:26:22.527,ARDUINO_PSI,Arduino,0.000,0.000,12.732,,
433.850288,2026-03-10 18:26:22.532,WJ_VOLTAGE,WJ2,4.888,0.000,0,0,"HV=OFF, Fault=NO"
433.944919,2026-03-10 18:26:22.627,ARDUINO_PSI,Arduino,0.000,0.000,12.728,,
434.045280,2026-03-10 18:26:22.727,ARDUINO_PSI,Arduino,0.000,0.000,12.742,,
434.143785,2026-03-10 18:26:22.825,ARDUINO_PSI,Arduino,0.000,0.000,12.742,,
434.243254,2026-03-10 18:26:22.925,ARDUINO_PSI,Arduino,0.000,0.000,12.748,,
434.287097,2026-03-10 18:26:22.969,WJ_VOLTAGE,WJ1,60.508,2.006,0,0,"HV=OFF, Fault=NO"
434.344451,2026-03-10 18:26:23.026,ARDUINO_PSI,Arduino,0.000,0.000,12.739,,
434.382297,2026-03-10 18:26:23.064,WJ_VOLTAGE,WJ2,4.888,0.000,0,0,"HV=OFF, Fault=NO"
434.444123,2026-03-10 18:26:23.126,ARDUINO_PSI,Arduino,0.000,0.000,12.748,,
434.544272,2026-03-10 18:26:23.226,ARDUINO_PSI,Arduino,0.000,0.000,12.758,,
434.644280,2026-03-10 18:26:23.326,ARDUINO_PSI,Arduino,0.000,0.000,12.758,,
434.745797,2026-03-10 18:26:23.427,ARDUINO_PSI,Arduino,0.000,0.000,12.774,,
434.818491,2026-03-10 18:26:23.500,WJ_VOLTAGE,WJ1,61.877,2.006,0,0,"HV=OFF, Fault=NO"
434.843211,2026-03-10 18:26:23.525,ARDUINO_PSI,Arduino,0.000,0.000,12.774,,
434.929331,2026-03-10 18:26:23.611,WJ_VOLTAGE,WJ2,4.888,0.000,0,0,"HV=OFF, Fault=NO"
434.944218,2026-03-10 18:26:23.626,ARDUINO_PSI,Arduino,0.000,0.000,12.755,,
435.045119,2026-03-10 18:26:23.727,ARDUINO_PSI,Arduino,0.000,0.000,12.769,,
435.143838,2026-03-10 18:26:23.825,ARDUINO_PSI,Arduino,0.000,0.000,12.758,,
435.243805,2026-03-10 18:26:23.925,ARDUINO_PSI,Arduino,0.000,0.000,12.769,,
435.344744,2026-03-10 18:26:24.026,ARDUINO_PSI,Arduino,0.000,0.000,12.778,,
435.351702,2026-03-10 18:26:24.033,WJ_VOLTAGE,WJ1,63.148,2.006,0,0,"HV=OFF, Fault=NO"
435.444113,2026-03-10 18:26:24.126,ARDUINO_PSI,Arduino,0.000,0.000,12.771,,
435.459650,2026-03-10 18:26:24.141,WJ_VOLTAGE,WJ2,4.888,0.000,0,0,"HV=OFF, Fault=NO"
435.544123,2026-03-10 18:26:24.226,ARDUINO_PSI,Arduino,0.000,0.000,12.778,,
435.644116,2026-03-10 18:26:24.326,ARDUINO_PSI,Arduino,0.000,0.000,12.776,,
435.744839,2026-03-10 18:26:24.426,ARDUINO_PSI,Arduino,0.000,0.000,12.787,,
435.843797,2026-03-10 18:26:24.525,ARDUINO_PSI,Arduino,0.000,0.000,12.783,,
435.881411,2026-03-10 18:26:24.563,WJ_VOLTAGE,WJ1,64.418,2.006,0,0,"HV=OFF, Fault=NO"
435.944930,2026-03-10 18:26:24.627,ARDUINO_PSI,Arduino,0.000,0.000,12.776,,
435.990957,2026-03-10 18:26:24.673,WJ_VOLTAGE,WJ2,4.888,0.000,0,0,"HV=OFF, Fault=NO"
436.044674,2026-03-10 18:26:24.726,ARDUINO_PSI,Arduino,0.000,0.000,12.767,,
436.144980,2026-03-10 18:26:24.827,ARDUINO_PSI,Arduino,0.000,0.000,12.774,,
436.244023,2026-03-10 18:26:24.926,ARDUINO_PSI,Arduino,0.000,0.000,12.764,,
436.344869,2026-03-10 18:26:25.027,ARDUINO_PSI,Arduino,0.000,0.000,12.762,,
436.411658,2026-03-10 18:26:25.093,WJ_VOLTAGE,WJ1,65.591,2.006,0,0,"HV=OFF, Fault=NO"
436.443625,2026-03-10 18:26:25.125,ARDUINO_PSI,Arduino,0.000,0.000,12.753,,
436.519408,2026-03-10 18:26:25.201,WJ_VOLTAGE,WJ2,4.888,0.000,0,0,"HV=OFF, Fault=NO"
436.543366,2026-03-10 18:26:25.225,ARDUINO_PSI,Arduino,0.000,0.000,12.739,,
436.644221,2026-03-10 18:26:25.326,ARDUINO_PSI,Arduino,0.000,0.000,12.751,,
436.745085,2026-03-10 18:26:25.427,ARDUINO_PSI,Arduino,0.000,0.000,12.758,,
436.845025,2026-03-10 18:26:25.527,ARDUINO_PSI,Arduino,0.000,0.000,12.758,,
436.940520,2026-03-10 18:26:25.622,WJ_VOLTAGE,WJ1,66.862,2.006,0,0,"HV=OFF, Fault=NO"
436.957096,2026-03-10 18:26:25.639,ARDUINO_PSI,Arduino,0.000,0.000,12.760,,
437.045078,2026-03-10 18:26:25.727,ARDUINO_PSI,Arduino,0.000,0.000,12.753,,
437.051061,2026-03-10 18:26:25.733,WJ_VOLTAGE,WJ2,4.888,0.000,0,0,"HV=OFF, Fault=NO"
437.144178,2026-03-10 18:26:25.826,ARDUINO_PSI,Arduino,0.000,0.000,12.767,,
437.244373,2026-03-10 18:26:25.926,ARDUINO_PSI,Arduino,0.000,0.000,12.755,,
437.343969,2026-03-10 18:26:26.026,ARDUINO_PSI,Arduino,0.000,0.000,12.739,,
437.443445,2026-03-10 18:26:26.125,ARDUINO_PSI,Arduino,0.000,0.000,12.735,,
437.472732,2026-03-10 18:26:26.154,WJ_VOLTAGE,WJ1,68.133,2.006,0,0,"HV=OFF, Fault=NO"
437.544139,2026-03-10 18:26:26.226,ARDUINO_PSI,Arduino,0.000,0.000,12.732,,
437.580916,2026-03-10 18:26:26.263,WJ_VOLTAGE,WJ2,4.888,0.000,0,0,"HV=OFF, Fault=NO"
437.643870,2026-03-10 18:26:26.326,ARDUINO_PSI,Arduino,0.000,0.000,12.739,,
437.745407,2026-03-10 18:26:26.427,ARDUINO_PSI,Arduino,0.000,0.000,12.730,,
437.844083,2026-03-10 18:26:26.526,ARDUINO_PSI,Arduino,0.000,0.000,12.732,,
437.944721,2026-03-10 18:26:26.626,ARDUINO_PSI,Arduino,0.000,0.000,12.732,,
437.999904,2026-03-10 18:26:26.682,WJ_VOLTAGE,WJ1,69.306,2.006,0,0,"HV=OFF, Fault=NO"
438.043952,2026-03-10 18:26:26.726,ARDUINO_PSI,Arduino,0.000,0.000,12.732,,
438.110668,2026-03-10 18:26:26.792,WJ_VOLTAGE,WJ2,4.888,0.000,0,0,"HV=OFF, Fault=NO"
438.143278,2026-03-10 18:26:26.825,ARDUINO_PSI,Arduino,0.000,0.000,12.732,,
438.245424,2026-03-10 18:26:26.927,ARDUINO_PSI,Arduino,0.000,0.000,12.735,,
438.344203,2026-03-10 18:26:27.026,ARDUINO_PSI,Arduino,0.000,0.000,12.735,,
438.443991,2026-03-10 18:26:27.126,ARDUINO_PSI,Arduino,0.000,0.000,12.728,,
438.529012,2026-03-10 18:26:27.211,WJ_VOLTAGE,WJ1,70.577,2.006,0,0,"HV=OFF, Fault=NO"
438.546077,2026-03-10 18:26:27.228,ARDUINO_PSI,Arduino,0.000,0.000,12.735,,
438.643583,2026-03-10 18:26:27.325,ARDUINO_PSI,Arduino,0.000,0.000,12.730,,
438.651843,2026-03-10 18:26:27.333,WJ_VOLTAGE,WJ2,4.888,0.000,0,0,"HV=OFF, Fault=NO"
438.744548,2026-03-10 18:26:27.426,ARDUINO_PSI,Arduino,0.000,0.000,12.723,,
438.843916,2026-03-10 18:26:27.526,ARDUINO_PSI,Arduino,0.000,0.000,12.730,,
438.943853,2026-03-10 18:26:27.626,ARDUINO_PSI,Arduino,0.000,0.000,12.735,,
439.043311,2026-03-10 18:26:27.725,ARDUINO_PSI,Arduino,0.000,0.000,12.739,,
439.056153,2026-03-10 18:26:27.738,WJ_VOLTAGE,WJ1,71.750,2.006,0,0,"HV=OFF, Fault=NO"
439.143884,2026-03-10 18:26:27.826,ARDUINO_PSI,Arduino,0.000,0.000,12.719,,
439.180235,2026-03-10 18:26:27.862,WJ_VOLTAGE,WJ2,4.888,0.000,0,0,"HV=OFF, Fault=NO"
439.243907,2026-03-10 18:26:27.926,ARDUINO_PSI,Arduino,0.000,0.000,12.714,,
439.343905,2026-03-10 18:26:28.026,ARDUINO_PSI,Arduino,0.000,0.000,12.712,,
439.443275,2026-03-10 18:26:28.125,ARDUINO_PSI,Arduino,0.000,0.000,12.707,,
439.543698,2026-03-10 18:26:28.225,ARDUINO_PSI,Arduino,0.000,0.000,12.712,,
439.573591,2026-03-10 18:26:28.255,WJ_VOLTAGE,WJ1,73.021,2.006,0,0,"HV=OFF, Fault=NO"
439.643494,2026-03-10 18:26:28.325,ARDUINO_PSI,Arduino,0.000,0.000,12.703,,
439.714582,2026-03-10 18:26:28.396,WJ_VOLTAGE,WJ2,4.888,0.000,0,0,"HV=OFF, Fault=NO"
439.743434,2026-03-10 18:26:28.425,ARDUINO_PSI,Arduino,0.000,0.000,12.719,,
439.844183,2026-03-10 18:26:28.526,ARDUINO_PSI,Arduino,0.000,0.000,12.719,,
439.943915,2026-03-10 18:26:28.626,ARDUINO_PSI,Arduino,0.000,0.000,12.712,,
440.043648,2026-03-10 18:26:28.725,ARDUINO_PSI,Arduino,0.000,0.000,12.719,,
440.103862,2026-03-10 18:26:28.786,WJ_VOLTAGE,WJ1,74.194,2.006,0,0,"HV=OFF, Fault=NO"
440.143393,2026-03-10 18:26:28.825,ARDUINO_PSI,Arduino,0.000,0.000,12.707,,
440.245537,2026-03-10 18:26:28.927,WJ_VOLTAGE,WJ2,4.790,0.000,0,0,"HV=OFF, Fault=NO"
440.250503,2026-03-10 18:26:28.932,ARDUINO_PSI,Arduino,0.000,0.000,12.710,,
440.344093,2026-03-10 18:26:29.026,ARDUINO_PSI,Arduino,0.000,0.000,12.714,,
440.443898,2026-03-10 18:26:29.126,ARDUINO_PSI,Arduino,0.000,0.000,12.716,,
440.543301,2026-03-10 18:26:29.225,ARDUINO_PSI,Arduino,0.000,0.000,12.719,,
440.634265,2026-03-10 18:26:29.316,WJ_VOLTAGE,WJ1,75.073,1.044,0,0,"HV=OFF, Fault=NO"
440.645663,2026-03-10 18:26:29.327,ARDUINO_PSI,Arduino,0.000,0.000,12.703,,
440.744236,2026-03-10 18:26:29.426,ARDUINO_PSI,Arduino,0.000,0.000,12.703,,
440.774025,2026-03-10 18:26:29.456,WJ_VOLTAGE,WJ2,4.888,0.000,0,0,"HV=OFF, Fault=NO"
440.843948,2026-03-10 18:26:29.526,ARDUINO_PSI,Arduino,0.000,0.000,12.698,,
440.944089,2026-03-10 18:26:29.626,ARDUINO_PSI,Arduino,0.000,0.000,12.707,,
441.044520,2026-03-10 18:26:29.726,ARDUINO_PSI,Arduino,0.000,0.000,12.707,,
441.143952,2026-03-10 18:26:29.826,ARDUINO_PSI,Arduino,0.000,0.000,12.730,,
441.162641,2026-03-10 18:26:29.844,WJ_VOLTAGE,WJ1,75.073,0.305,0,0,"HV=OFF, Fault=NO"
441.243993,2026-03-10 18:26:29.926,ARDUINO_PSI,Arduino,0.000,0.000,12.737,,
441.302757,2026-03-10 18:26:29.984,WJ_VOLTAGE,WJ2,4.888,0.000,0,0,"HV=OFF, Fault=NO"
441.343395,2026-03-10 18:26:30.025,ARDUINO_PSI,Arduino,0.000,0.000,12.751,,
441.443945,2026-03-10 18:26:30.126,ARDUINO_PSI,Arduino,0.000,0.000,12.762,,
441.543847,2026-03-10 18:26:30.226,ARDUINO_PSI,Arduino,0.000,0.000,12.753,,
441.643426,2026-03-10 18:26:30.325,ARDUINO_PSI,Arduino,0.000,0.000,12.767,,
441.692514,2026-03-10 18:26:30.374,WJ_VOLTAGE,WJ1,75.073,0.117,0,0,"HV=OFF, Fault=NO"
441.743279,2026-03-10 18:26:30.425,ARDUINO_PSI,Arduino,0.000,0.000,12.769,,
441.832689,2026-03-10 18:26:30.514,WJ_VOLTAGE,WJ2,4.888,0.000,0,0,"HV=OFF, Fault=NO"
441.843769,2026-03-10 18:26:30.525,ARDUINO_PSI,Arduino,0.000,0.000,12.760,,
441.944220,2026-03-10 18:26:30.626,ARDUINO_PSI,Arduino,0.000,0.000,12.771,,
442.044396,2026-03-10 18:26:30.726,ARDUINO_PSI,Arduino,0.000,0.000,12.767,,
442.144254,2026-03-10 18:26:30.826,ARDUINO_PSI,Arduino,0.000,0.000,12.758,,
442.223418,2026-03-10 18:26:30.905,WJ_VOLTAGE,WJ1,75.073,0.065,0,0,"HV=OFF, Fault=NO"
442.243270,2026-03-10 18:26:30.925,ARDUINO_PSI,Arduino,0.000,0.000,12.758,,
442.344629,2026-03-10 18:26:31.026,ARDUINO_PSI,Arduino,0.000,0.000,12.742,,
442.362715,2026-03-10 18:26:31.044,WJ_VOLTAGE,WJ2,4.888,0.000,0,0,"HV=OFF, Fault=NO"
442.443969,2026-03-10 18:26:31.126,ARDUINO_PSI,Arduino,0.000,0.000,12.742,,
442.543765,2026-03-10 18:26:31.225,ARDUINO_PSI,Arduino,0.000,0.000,12.746,,
442.643425,2026-03-10 18:26:31.325,ARDUINO_PSI,Arduino,0.000,0.000,12.753,,
442.743234,2026-03-10 18:26:31.425,ARDUINO_PSI,Arduino,0.000,0.000,12.758,,
442.752168,2026-03-10 18:26:31.434,WJ_VOLTAGE,WJ1,75.073,0.053,0,0,"HV=OFF, Fault=NO"
442.844020,2026-03-10 18:26:31.526,ARDUINO_PSI,Arduino,0.000,0.000,12.746,,
442.894597,2026-03-10 18:26:31.576,WJ_VOLTAGE,WJ2,4.790,0.000,0,0,"HV=OFF, Fault=NO"
442.943910,2026-03-10 18:26:31.626,ARDUINO_PSI,Arduino,0.000,0.000,12.732,,
443.044272,2026-03-10 18:26:31.726,ARDUINO_PSI,Arduino,0.000,0.000,12.730,,
443.143820,2026-03-10 18:26:31.825,ARDUINO_PSI,Arduino,0.000,0.000,12.719,,
443.244206,2026-03-10 18:26:31.926,ARDUINO_PSI,Arduino,0.000,0.000,12.712,,
443.281478,2026-03-10 18:26:31.963,WJ_VOLTAGE,WJ1,75.073,0.041,0,0,"HV=OFF, Fault=NO"
443.343490,2026-03-10 18:26:32.025,ARDUINO_PSI,Arduino,0.000,0.000,12.707,,
443.419734,2026-03-10 18:26:32.101,WJ_VOLTAGE,WJ2,4.790,0.000,0,0,"HV=OFF, Fault=NO"
443.443304,2026-03-10 18:26:32.125,ARDUINO_PSI,Arduino,0.000,0.000,12.691,,
443.543748,2026-03-10 18:26:32.225,ARDUINO_PSI,Arduino,0.000,0.000,12.700,,
443.643942,2026-03-10 18:26:32.326,ARDUINO_PSI,Arduino,0.000,0.000,12.694,,
443.743597,2026-03-10 18:26:32.425,ARDUINO_PSI,Arduino,0.000,0.000,12.696,,
443.813694,2026-03-10 18:26:32.495,WJ_VOLTAGE,WJ1,75.073,0.047,0,0,"HV=OFF, Fault=NO"
443.843727,2026-03-10 18:26:32.525,ARDUINO_PSI,Arduino,0.000,0.000,12.694,,
443.943860,2026-03-10 18:26:32.626,ARDUINO_PSI,Arduino,0.000,0.000,12.696,,
443.953130,2026-03-10 18:26:32.635,WJ_VOLTAGE,WJ2,4.888,0.000,0,0,"HV=OFF, Fault=NO"
444.043415,2026-03-10 18:26:32.725,ARDUINO_PSI,Arduino,0.000,0.000,12.696,,
444.144053,2026-03-10 18:26:32.826,ARDUINO_PSI,Arduino,0.000,0.000,12.698,,
444.243893,2026-03-10 18:26:32.926,ARDUINO_PSI,Arduino,0.000,0.000,12.705,,
444.345181,2026-03-10 18:26:33.027,WJ_VOLTAGE,WJ1,75.073,0.041,0,0,"HV=OFF, Fault=NO"
444.348395,2026-03-10 18:26:33.030,ARDUINO_PSI,Arduino,0.000,0.000,12.726,,
444.444088,2026-03-10 18:26:33.126,ARDUINO_PSI,Arduino,0.000,0.000,12.742,,
444.483185,2026-03-10 18:26:33.165,WJ_VOLTAGE,WJ2,4.888,0.000,0,0,"HV=OFF, Fault=NO"
444.544548,2026-03-10 18:26:33.226,ARDUINO_PSI,Arduino,0.000,0.000,12.746,,
444.644062,2026-03-10 18:26:33.326,ARDUINO_PSI,Arduino,0.000,0.000,12.744,,
444.744003,2026-03-10 18:26:33.426,ARDUINO_PSI,Arduino,0.000,0.000,12.744,,
444.843360,2026-03-10 18:26:33.525,ARDUINO_PSI,Arduino,0.000,0.000,12.739,,
444.873309,2026-03-10 18:26:33.555,WJ_VOLTAGE,WJ1,75.073,0.029,0,0,"HV=OFF, Fault=NO"
444.943961,2026-03-10 18:26:33.626,ARDUINO_PSI,Arduino,0.000,0.000,12.744,,
445.013466,2026-03-10 18:26:33.695,WJ_VOLTAGE,WJ2,4.790,0.000,0,0,"HV=OFF, Fault=NO"
445.043235,2026-03-10 18:26:33.725,ARDUINO_PSI,Arduino,0.000,0.000,12.758,,
445.143984,2026-03-10 18:26:33.826,ARDUINO_PSI,Arduino,0.000,0.000,12.748,,
445.244163,2026-03-10 18:26:33.926,ARDUINO_PSI,Arduino,0.000,0.000,12.762,,
445.344062,2026-03-10 18:26:34.026,ARDUINO_PSI,Arduino,0.000,0.000,12.767,,
445.403674,2026-03-10 18:26:34.085,WJ_VOLTAGE,WJ1,75.073,0.006,0,0,"HV=OFF, Fault=NO"
445.472774,2026-03-10 18:26:34.154,ARDUINO_PSI,Arduino,0.000,0.000,12.783,,
445.543356,2026-03-10 18:26:34.225,WJ_VOLTAGE,WJ2,4.399,0.000,0,0,"HV=OFF, Fault=NO"
445.552939,2026-03-10 18:26:34.235,ARDUINO_PSI,Arduino,0.000,0.000,12.698,,
445.643936,2026-03-10 18:26:34.326,ARDUINO_PSI,Arduino,0.000,0.000,12.678,,
445.744094,2026-03-10 18:26:34.426,ARDUINO_PSI,Arduino,0.000,0.000,12.657,,
445.843336,2026-03-10 18:26:34.525,ARDUINO_PSI,Arduino,0.000,0.000,12.657,,
445.935549,2026-03-10 18:26:34.617,WJ_VOLTAGE,WJ1,75.073,0.000,0,0,"HV=OFF, Fault=NO"
445.952220,2026-03-10 18:26:34.634,ARDUINO_PSI,Arduino,0.000,0.000,12.666,,
446.043680,2026-03-10 18:26:34.725,ARDUINO_PSI,Arduino,0.000,0.000,12.664,,
446.078429,2026-03-10 18:26:34.760,WJ_VOLTAGE,WJ2,3.812,0.000,0,0,"HV=OFF, Fault=NO"
446.144562,2026-03-10 18:26:34.826,ARDUINO_PSI,Arduino,0.000,0.000,12.680,,
446.243797,2026-03-10 18:26:34.925,ARDUINO_PSI,Arduino,0.000,0.000,12.678,,
446.344157,2026-03-10 18:26:35.026,ARDUINO_PSI,Arduino,0.000,0.000,12.678,,
446.444376,2026-03-10 18:26:35.126,ARDUINO_PSI,Arduino,0.000,0.000,12.659,,
446.467646,2026-03-10 18:26:35.149,WJ_VOLTAGE,WJ1,75.073,0.000,0,0,"HV=OFF, Fault=NO"
446.544824,2026-03-10 18:26:35.226,ARDUINO_PSI,Arduino,0.000,0.000,12.655,,
446.609658,2026-03-10 18:26:35.291,WJ_VOLTAGE,WJ2,3.421,0.000,0,0,"HV=OFF, Fault=NO"
446.643895,2026-03-10 18:26:35.326,ARDUINO_PSI,Arduino,0.000,0.000,12.664,,
446.744845,2026-03-10 18:26:35.426,ARDUINO_PSI,Arduino,0.000,0.000,12.662,,
446.845031,2026-03-10 18:26:35.527,ARDUINO_PSI,Arduino,0.000,0.000,12.666,,
446.944905,2026-03-10 18:26:35.627,ARDUINO_PSI,Arduino,0.000,0.000,12.680,,
446.998213,2026-03-10 18:26:35.680,WJ_VOLTAGE,WJ1,75.073,0.000,0,0,"HV=OFF, Fault=NO"
447.044184,2026-03-10 18:26:35.726,ARDUINO_PSI,Arduino,0.000,0.000,12.668,,
447.138424,2026-03-10 18:26:35.820,WJ_VOLTAGE,WJ2,3.226,0.000,0,0,"HV=OFF, Fault=NO"
447.155931,2026-03-10 18:26:35.838,ARDUINO_PSI,Arduino,0.000,0.000,12.680,,
447.244052,2026-03-10 18:26:35.926,ARDUINO_PSI,Arduino,0.000,0.000,12.678,,
447.343600,2026-03-10 18:26:36.025,ARDUINO_PSI,Arduino,0.000,0.000,12.673,,
447.445069,2026-03-10 18:26:36.127,ARDUINO_PSI,Arduino,0.000,0.000,12.662,,
447.529578,2026-03-10 18:26:36.211,WJ_VOLTAGE,WJ1,75.073,0.000,0,0,"HV=OFF, Fault=NO"
447.545382,2026-03-10 18:26:36.227,ARDUINO_PSI,Arduino,0.000,0.000,12.737,,
447.644188,2026-03-10 18:26:36.326,ARDUINO_PSI,Arduino,0.000,0.000,12.760,,
447.668255,2026-03-10 18:26:36.350,WJ_VOLTAGE,WJ2,3.324,0.000,0,0,"HV=OFF, Fault=NO"
447.744026,2026-03-10 18:26:36.426,ARDUINO_PSI,Arduino,0.000,0.000,12.769,,
447.843958,2026-03-10 18:26:36.526,ARDUINO_PSI,Arduino,0.000,0.000,12.778,,
447.943916,2026-03-10 18:26:36.626,ARDUINO_PSI,Arduino,0.000,0.000,12.771,,
448.043988,2026-03-10 18:26:36.726,ARDUINO_PSI,Arduino,0.000,0.000,12.764,,
448.058005,2026-03-10 18:26:36.740,WJ_VOLTAGE,WJ1,75.171,0.000,0,0,"HV=OFF, Fault=NO"
448.259620,2026-03-10 18:26:36.941,WJ_COMMAND,WJ1,HV_OFF,,,,HV_OFF 
448.756508,2026-03-10 18:26:37.438,WJ_COMMAND,WJ2,HV_OFF,,,,HV_OFF 
448.759084,2026-03-10 18:26:37.441,ARDUINO_PSI,Arduino,0.000,0.000,12.760,,
448.763513,2026-03-10 18:26:37.445,WJ_VOLTAGE,WJ2,3.226,0.000,0,0,"HV=OFF, Fault=NO"
448.765603,2026-03-10 18:26:37.447,ARDUINO_PSI,Arduino,0.000,0.000,12.760,,
448.768265,2026-03-10 18:26:37.450,ARDUINO_PSI,Arduino,0.000,0.000,12.758,,
448.771003,2026-03-10 18:26:37.453,ARDUINO_PSI,Arduino,0.000,0.000,12.760,,
448.773138,2026-03-10 18:26:37.455,ARDUINO_PSI,Arduino,0.000,0.000,12.755,,
448.774595,2026-03-10 18:26:37.456,ARDUINO_PSI,Arduino,0.000,0.000,12.758,,
448.777181,2026-03-10 18:26:37.459,WJ_VOLTAGE,WJ1,75.073,0.000,0,0,"HV=OFF, Fault=NO"
448.778494,2026-03-10 18:26:37.460,ARDUINO_PSI,Arduino,0.000,0.000,12.748,,
448.928153,2026-03-10 18:26:37.610,WJ_COMMAND,WJ1,HV_OFF,,,,HV_OFF 
449.021749,2026-03-10 18:26:37.703,WJ_COMMAND,WJ2,HV_OFF,,,,HV_OFF 
449.027827,2026-03-10 18:26:37.709,ARDUINO_PSI,Arduino,0.000,0.000,12.746,,
449.029324,2026-03-10 18:26:37.711,WJ_VOLTAGE,WJ1,75.171,0.000,0,0,"HV=OFF, Fault=NO"
449.030816,2026-03-10 18:26:37.712,WJ_VOLTAGE,WJ2,2.639,0.000,0,0,"HV=OFF, Fault=NO"
449.031522,2026-03-10 18:26:37.713,ARDUINO_PSI,Arduino,0.000,0.000,12.739,,
449.043859,2026-03-10 18:26:37.726,ARDUINO_PSI,Arduino,0.000,0.000,12.732,,
449.143727,2026-03-10 18:26:37.825,ARDUINO_PSI,Arduino,0.000,0.000,12.728,,
449.243813,2026-03-10 18:26:37.925,ARDUINO_PSI,Arduino,0.000,0.000,12.719,,
449.343882,2026-03-10 18:26:38.026,ARDUINO_PSI,Arduino,0.000,0.000,12.723,,
449.384641,2026-03-10 18:26:38.066,WJ_VOLTAGE,WJ1,74.487,0.000,0,0,"HV=OFF, Fault=NO"
449.444704,2026-03-10 18:26:38.126,ARDUINO_PSI,Arduino,0.000,0.000,12.719,,
449.476228,2026-03-10 18:26:38.158,WJ_VOLTAGE,WJ2,2.542,0.000,0,0,"HV=OFF, Fault=NO"
449.544810,2026-03-10 18:26:38.226,ARDUINO_PSI,Arduino,0.000,0.000,12.726,,
449.644015,2026-03-10 18:26:38.326,ARDUINO_PSI,Arduino,0.000,0.000,12.730,,
449.744038,2026-03-10 18:26:38.426,ARDUINO_PSI,Arduino,0.000,0.000,12.732,,
449.844064,2026-03-10 18:26:38.526,ARDUINO_PSI,Arduino,0.000,0.000,12.726,,
449.909935,2026-03-10 18:26:38.592,WJ_VOLTAGE,WJ1,61.975,0.000,0,0,"HV=OFF, Fault=NO"
449.943682,2026-03-10 18:26:38.625,ARDUINO_PSI,Arduino,0.000,0.000,12.721,,
450.003902,2026-03-10 18:26:38.686,WJ_VOLTAGE,WJ2,2.248,0.000,0,0,"HV=OFF, Fault=NO"
450.044456,2026-03-10 18:26:38.726,ARDUINO_PSI,Arduino,0.000,0.000,12.735,,
450.144726,2026-03-10 18:26:38.826,ARDUINO_PSI,Arduino,0.000,0.000,12.723,,
450.245525,2026-03-10 18:26:38.927,ARDUINO_PSI,Arduino,0.000,0.000,12.721,,
450.344051,2026-03-10 18:26:39.026,ARDUINO_PSI,Arduino,0.000,0.000,12.719,,
450.442770,2026-03-10 18:26:39.124,WJ_VOLTAGE,WJ1,55.523,0.000,0,0,"HV=OFF, Fault=NO"
450.452123,2026-03-10 18:26:39.134,ARDUINO_PSI,Arduino,0.000,0.000,12.714,,
450.535419,2026-03-10 18:26:39.217,WJ_VOLTAGE,WJ2,1.955,0.000,0,0,"HV=OFF, Fault=NO"
450.550473,2026-03-10 18:26:39.232,ARDUINO_PSI,Arduino,0.000,0.000,12.726,,
450.644865,2026-03-10 18:26:39.327,ARDUINO_PSI,Arduino,0.000,0.000,12.716,,
450.744862,2026-03-10 18:26:39.427,ARDUINO_PSI,Arduino,0.000,0.000,12.723,,
450.844203,2026-03-10 18:26:39.526,ARDUINO_PSI,Arduino,0.000,0.000,12.735,,
450.945516,2026-03-10 18:26:39.627,ARDUINO_PSI,Arduino,0.000,0.000,12.732,,
450.970860,2026-03-10 18:26:39.653,WJ_VOLTAGE,WJ1,49.658,0.000,0,0,"HV=OFF, Fault=NO"
451.044147,2026-03-10 18:26:39.726,ARDUINO_PSI,Arduino,0.000,0.000,12.739,,
451.063932,2026-03-10 18:26:39.746,WJ_VOLTAGE,WJ2,1.760,0.000,0,0,"HV=OFF, Fault=NO"
451.144779,2026-03-10 18:26:39.826,ARDUINO_PSI,Arduino,0.000,0.000,12.742,,
451.244978,2026-03-10 18:26:39.927,ARDUINO_PSI,Arduino,0.000,0.000,12.744,,
451.344621,2026-03-10 18:26:40.026,ARDUINO_PSI,Arduino,0.000,0.000,12.735,,
451.443915,2026-03-10 18:26:40.126,ARDUINO_PSI,Arduino,0.000,0.000,12.746,,
451.500083,2026-03-10 18:26:40.182,WJ_VOLTAGE,WJ1,44.477,0.000,0,0,"HV=OFF, Fault=NO"
451.545060,2026-03-10 18:26:40.227,ARDUINO_PSI,Arduino,0.000,0.000,12.742,,
451.593146,2026-03-10 18:26:40.275,WJ_VOLTAGE,WJ2,1.564,0.000,0,0,"HV=OFF, Fault=NO"
451.644524,2026-03-10 18:26:40.326,ARDUINO_PSI,Arduino,0.000,0.000,12.742,,
451.744016,2026-03-10 18:26:40.426,ARDUINO_PSI,Arduino,0.000,0.000,12.732,,
451.844739,2026-03-10 18:26:40.526,ARDUINO_PSI,Arduino,0.000,0.000,12.735,,
451.944475,2026-03-10 18:26:40.626,ARDUINO_PSI,Arduino,0.000,0.000,12.735,,
452.026863,2026-03-10 18:26:40.709,WJ_VOLTAGE,WJ1,39.785,0.000,0,0,"HV=OFF, Fault=NO"
452.043815,2026-03-10 18:26:40.725,ARDUINO_PSI,Arduino,0.000,0.000,12.730,,
452.119917,2026-03-10 18:26:40.802,WJ_VOLTAGE,WJ2,1.369,0.000,0,0,"HV=OFF, Fault=NO"
452.143392,2026-03-10 18:26:40.825,ARDUINO_PSI,Arduino,0.000,0.000,12.730,,
452.244282,2026-03-10 18:26:40.926,ARDUINO_PSI,Arduino,0.000,0.000,12.739,,
452.344569,2026-03-10 18:26:41.026,ARDUINO_PSI,Arduino,0.000,0.000,12.732,,
452.444058,2026-03-10 18:26:41.126,ARDUINO_PSI,Arduino,0.000,0.000,12.748,,
452.544529,2026-03-10 18:26:41.226,ARDUINO_PSI,Arduino,0.000,0.000,12.742,,
452.554643,2026-03-10 18:26:41.236,WJ_VOLTAGE,WJ1,35.679,0.000,0,0,"HV=OFF, Fault=NO"
452.644122,2026-03-10 18:26:41.326,ARDUINO_PSI,Arduino,0.000,0.000,12.737,,
452.650519,2026-03-10 18:26:41.332,WJ_VOLTAGE,WJ2,1.271,0.000,0,0,"HV=OFF, Fault=NO"
452.743950,2026-03-10 18:26:41.426,ARDUINO_PSI,Arduino,0.000,0.000,12.726,,
452.844249,2026-03-10 18:26:41.526,ARDUINO_PSI,Arduino,0.000,0.000,12.716,,
452.944088,2026-03-10 18:26:41.626,ARDUINO_PSI,Arduino,0.000,0.000,12.714,,
453.044281,2026-03-10 18:26:41.726,ARDUINO_PSI,Arduino,0.000,0.000,12.716,,
453.083392,2026-03-10 18:26:41.765,WJ_VOLTAGE,WJ1,32.063,0.000,0,0,"HV=OFF, Fault=NO"
453.144850,2026-03-10 18:26:41.827,ARDUINO_PSI,Arduino,0.000,0.000,12.723,,
453.174464,2026-03-10 18:26:41.856,WJ_VOLTAGE,WJ2,1.075,0.000,0,0,"HV=OFF, Fault=NO"
453.244715,2026-03-10 18:26:41.926,ARDUINO_PSI,Arduino,0.000,0.000,12.730,,
453.343533,2026-03-10 18:26:42.025,ARDUINO_PSI,Arduino,0.000,0.000,12.735,,
453.443965,2026-03-10 18:26:42.126,ARDUINO_PSI,Arduino,0.000,0.000,12.726,,
453.544106,2026-03-10 18:26:42.226,ARDUINO_PSI,Arduino,0.000,0.000,12.737,,
453.597775,2026-03-10 18:26:42.279,WJ_VOLTAGE,WJ1,28.837,0.000,0,0,"HV=OFF, Fault=NO"
453.644069,2026-03-10 18:26:42.326,ARDUINO_PSI,Arduino,0.000,0.000,12.735,,
453.706633,2026-03-10 18:26:42.388,WJ_VOLTAGE,WJ2,0.978,0.000,0,0,"HV=OFF, Fault=NO"
453.743668,2026-03-10 18:26:42.425,ARDUINO_PSI,Arduino,0.000,0.000,12.744,,
453.844774,2026-03-10 18:26:42.526,ARDUINO_PSI,Arduino,0.000,0.000,12.739,,
453.944484,2026-03-10 18:26:42.626,ARDUINO_PSI,Arduino,0.000,0.000,12.739,,
454.044920,2026-03-10 18:26:42.727,ARDUINO_PSI,Arduino,0.000,0.000,12.735,,
454.126615,2026-03-10 18:26:42.808,WJ_VOLTAGE,WJ1,26.100,0.000,0,0,"HV=OFF, Fault=NO"
454.144573,2026-03-10 18:26:42.826,ARDUINO_PSI,Arduino,0.000,0.000,12.742,,
454.235171,2026-03-10 18:26:42.917,WJ_VOLTAGE,WJ2,0.880,0.000,0,0,"HV=OFF, Fault=NO"
454.249578,2026-03-10 18:26:42.931,ARDUINO_PSI,Arduino,0.000,0.000,12.735,,
454.344162,2026-03-10 18:26:43.026,ARDUINO_PSI,Arduino,0.000,0.000,12.746,,
454.445233,2026-03-10 18:26:43.127,ARDUINO_PSI,Arduino,0.000,0.000,12.748,,
454.544199,2026-03-10 18:26:43.226,ARDUINO_PSI,Arduino,0.000,0.000,12.760,,
454.643948,2026-03-10 18:26:43.326,ARDUINO_PSI,Arduino,0.000,0.000,12.769,,
454.655113,2026-03-10 18:26:43.337,WJ_VOLTAGE,WJ1,23.558,0.000,0,0,"HV=OFF, Fault=NO"
454.744065,2026-03-10 18:26:43.426,ARDUINO_PSI,Arduino,0.000,0.000,12.780,,
454.767702,2026-03-10 18:26:43.449,WJ_VOLTAGE,WJ2,0.782,0.000,0,0,"HV=OFF, Fault=NO"
454.844676,2026-03-10 18:26:43.526,ARDUINO_PSI,Arduino,0.000,0.000,12.790,,
454.943993,2026-03-10 18:26:43.626,ARDUINO_PSI,Arduino,0.000,0.000,12.790,,
455.043781,2026-03-10 18:26:43.725,ARDUINO_PSI,Arduino,0.000,0.000,12.787,,
455.144620,2026-03-10 18:26:43.826,ARDUINO_PSI,Arduino,0.000,0.000,12.790,,
455.182242,2026-03-10 18:26:43.864,WJ_VOLTAGE,WJ1,21.310,0.000,0,0,"HV=OFF, Fault=NO"
455.243907,2026-03-10 18:26:43.926,ARDUINO_PSI,Arduino,0.000,0.000,12.778,,
455.291687,2026-03-10 18:26:43.973,WJ_VOLTAGE,WJ2,0.684,0.000,0,0,"HV=OFF, Fault=NO"
455.344186,2026-03-10 18:26:44.026,ARDUINO_PSI,Arduino,0.000,0.000,12.778,,
455.444719,2026-03-10 18:26:44.126,ARDUINO_PSI,Arduino,0.000,0.000,12.776,,
455.543767,2026-03-10 18:26:44.225,ARDUINO_PSI,Arduino,0.000,0.000,12.762,,
455.644106,2026-03-10 18:26:44.326,ARDUINO_PSI,Arduino,0.000,0.000,12.762,,
455.711929,2026-03-10 18:26:44.394,WJ_VOLTAGE,WJ1,19.355,0.000,0,0,"HV=OFF, Fault=NO"
455.743718,2026-03-10 18:26:44.425,ARDUINO_PSI,Arduino,0.000,0.000,12.771,,
455.820187,2026-03-10 18:26:44.502,WJ_VOLTAGE,WJ2,0.587,0.000,0,0,"HV=OFF, Fault=NO"
455.843776,2026-03-10 18:26:44.525,ARDUINO_PSI,Arduino,0.000,0.000,12.776,,
455.944235,2026-03-10 18:26:44.626,ARDUINO_PSI,Arduino,0.000,0.000,12.771,,
456.045593,2026-03-10 18:26:44.727,ARDUINO_PSI,Arduino,0.000,0.000,12.776,,
456.144914,2026-03-10 18:26:44.827,ARDUINO_PSI,Arduino,0.000,0.000,12.780,,
456.241192,2026-03-10 18:26:44.923,WJ_VOLTAGE,WJ1,17.498,0.000,0,0,"HV=OFF, Fault=NO"
456.254639,2026-03-10 18:26:44.936,ARDUINO_PSI,Arduino,0.000,0.000,12.769,,
456.344102,2026-03-10 18:26:45.026,ARDUINO_PSI,Arduino,0.000,0.000,12.764,,
456.351167,2026-03-10 18:26:45.033,WJ_VOLTAGE,WJ2,0.587,0.000,0,0,"HV=OFF, Fault=NO"
456.444088,2026-03-10 18:26:45.126,ARDUINO_PSI,Arduino,0.000,0.000,12.748,,
456.543877,2026-03-10 18:26:45.226,ARDUINO_PSI,Arduino,0.000,0.000,12.730,,
456.645598,2026-03-10 18:26:45.327,ARDUINO_PSI,Arduino,0.000,0.000,12.726,,
456.744020,2026-03-10 18:26:45.426,ARDUINO_PSI,Arduino,0.000,0.000,12.721,,
456.772009,2026-03-10 18:26:45.454,WJ_VOLTAGE,WJ1,15.836,0.000,0,0,"HV=OFF, Fault=NO"
456.844718,2026-03-10 18:26:45.526,ARDUINO_PSI,Arduino,0.000,0.000,12.714,,
456.879560,2026-03-10 18:26:45.561,WJ_VOLTAGE,WJ2,0.489,0.000,0,0,"HV=OFF, Fault=NO"
456.945043,2026-03-10 18:26:45.627,ARDUINO_PSI,Arduino,0.000,0.000,12.719,,
457.044383,2026-03-10 18:26:45.726,ARDUINO_PSI,Arduino,0.000,0.000,12.716,,
457.144115,2026-03-10 18:26:45.826,ARDUINO_PSI,Arduino,0.000,0.000,12.716,,
457.244650,2026-03-10 18:26:45.926,ARDUINO_PSI,Arduino,0.000,0.000,12.716,,
457.290598,2026-03-10 18:26:45.972,WJ_VOLTAGE,WJ1,14.272,0.000,0,0,"HV=OFF, Fault=NO"
457.344597,2026-03-10 18:26:46.026,ARDUINO_PSI,Arduino,0.000,0.000,12.726,,
457.398709,2026-03-10 18:26:46.080,WJ_VOLTAGE,WJ2,0.391,0.000,0,0,"HV=OFF, Fault=NO"
457.443658,2026-03-10 18:26:46.125,ARDUINO_PSI,Arduino,0.000,0.000,12.737,,
457.545105,2026-03-10 18:26:46.227,ARDUINO_PSI,Arduino,0.000,0.000,12.748,,
457.644015,2026-03-10 18:26:46.326,ARDUINO_PSI,Arduino,0.000,0.000,12.746,,
457.743845,2026-03-10 18:26:46.425,ARDUINO_PSI,Arduino,0.000,0.000,12.748,,
457.820845,2026-03-10 18:26:46.502,WJ_VOLTAGE,WJ1,12.903,0.000,0,0,"HV=OFF, Fault=NO"
457.843624,2026-03-10 18:26:46.525,ARDUINO_PSI,Arduino,0.000,0.000,12.748,,
457.929941,2026-03-10 18:26:46.612,WJ_VOLTAGE,WJ2,0.391,0.000,0,0,"HV=OFF, Fault=NO"
457.950094,2026-03-10 18:26:46.632,ARDUINO_PSI,Arduino,0.000,0.000,12.762,,
458.044088,2026-03-10 18:26:46.726,ARDUINO_PSI,Arduino,0.000,0.000,12.753,,
458.145046,2026-03-10 18:26:46.827,ARDUINO_PSI,Arduino,0.000,0.000,12.760,,
458.244708,2026-03-10 18:26:46.926,ARDUINO_PSI,Arduino,0.000,0.000,12.769,,
458.344075,2026-03-10 18:26:47.026,ARDUINO_PSI,Arduino,0.000,0.000,12.771,,
458.349783,2026-03-10 18:26:47.031,WJ_VOLTAGE,WJ1,11.730,0.000,0,0,"HV=OFF, Fault=NO"
458.444006,2026-03-10 18:26:47.126,ARDUINO_PSI,Arduino,0.000,0.000,12.767,,
458.456640,2026-03-10 18:26:47.138,WJ_VOLTAGE,WJ2,0.391,0.000,0,0,"HV=OFF, Fault=NO"
458.544022,2026-03-10 18:26:47.226,ARDUINO_PSI,Arduino,0.000,0.000,12.774,,
458.644102,2026-03-10 18:26:47.326,ARDUINO_PSI,Arduino,0.000,0.000,12.780,,
458.745550,2026-03-10 18:26:47.427,ARDUINO_PSI,Arduino,0.000,0.000,12.794,,
458.845217,2026-03-10 18:26:47.527,ARDUINO_PSI,Arduino,0.000,0.000,12.792,,
458.875638,2026-03-10 18:26:47.557,WJ_VOLTAGE,WJ1,10.655,0.000,0,0,"HV=OFF, Fault=NO"
458.943911,2026-03-10 18:26:47.626,ARDUINO_PSI,Arduino,0.000,0.000,12.783,,
458.985069,2026-03-10 18:26:47.667,WJ_VOLTAGE,WJ2,0.293,0.000,0,0,"HV=OFF, Fault=NO"
459.043325,2026-03-10 18:26:47.725,ARDUINO_PSI,Arduino,0.000,0.000,12.783,,
459.145061,2026-03-10 18:26:47.827,ARDUINO_PSI,Arduino,0.000,0.000,12.778,,
459.244431,2026-03-10 18:26:47.926,ARDUINO_PSI,Arduino,0.000,0.000,12.783,,
459.344027,2026-03-10 18:26:48.026,ARDUINO_PSI,Arduino,0.000,0.000,12.776,,
459.407648,2026-03-10 18:26:48.089,WJ_VOLTAGE,WJ1,9.580,0.000,0,0,"HV=OFF, Fault=NO"
459.443761,2026-03-10 18:26:48.125,ARDUINO_PSI,Arduino,0.000,0.000,12.767,,
459.517147,2026-03-10 18:26:48.199,WJ_VOLTAGE,WJ2,0.293,0.000,0,0,"HV=OFF, Fault=NO"
459.543586,2026-03-10 18:26:48.225,ARDUINO_PSI,Arduino,0.000,0.000,12.760,,
459.645392,2026-03-10 18:26:48.327,ARDUINO_PSI,Arduino,0.000,0.000,12.762,,
459.744571,2026-03-10 18:26:48.426,ARDUINO_PSI,Arduino,0.000,0.000,12.753,,
459.843517,2026-03-10 18:26:48.525,ARDUINO_PSI,Arduino,0.000,0.000,12.751,,
459.935146,2026-03-10 18:26:48.617,WJ_VOLTAGE,WJ1,8.700,0.000,0,0,"HV=OFF, Fault=NO"
459.950703,2026-03-10 18:26:48.632,ARDUINO_PSI,Arduino,0.000,0.000,12.746,,
460.044646,2026-03-10 18:26:48.726,WJ_VOLTAGE,WJ2,0.196,0.000,0,0,"HV=OFF, Fault=NO"
460.045586,2026-03-10 18:26:48.727,ARDUINO_PSI,Arduino,0.000,0.000,12.758,,
460.144117,2026-03-10 18:26:48.826,ARDUINO_PSI,Arduino,0.000,0.000,12.751,,
460.245188,2026-03-10 18:26:48.927,ARDUINO_PSI,Arduino,0.000,0.000,12.746,,
460.344714,2026-03-10 18:26:49.026,ARDUINO_PSI,Arduino,0.000,0.000,12.746,,
460.444992,2026-03-10 18:26:49.127,ARDUINO_PSI,Arduino,0.000,0.000,12.753,,
460.463920,2026-03-10 18:26:49.146,WJ_VOLTAGE,WJ1,7.918,0.000,0,0,"HV=OFF, Fault=NO"
460.544021,2026-03-10 18:26:49.226,ARDUINO_PSI,Arduino,0.000,0.000,12.758,,
460.571620,2026-03-10 18:26:49.253,WJ_VOLTAGE,WJ2,0.196,0.000,0,0,"HV=OFF, Fault=NO"
460.644634,2026-03-10 18:26:49.326,ARDUINO_PSI,Arduino,0.000,0.000,12.751,,
460.744169,2026-03-10 18:26:49.426,ARDUINO_PSI,Arduino,0.000,0.000,12.732,,
460.843948,2026-03-10 18:26:49.526,ARDUINO_PSI,Arduino,0.000,0.000,12.730,,
460.944737,2026-03-10 18:26:49.626,ARDUINO_PSI,Arduino,0.000,0.000,12.739,,
460.995971,2026-03-10 18:26:49.678,WJ_VOLTAGE,WJ1,7.038,0.000,0,0,"HV=OFF, Fault=NO"
461.043460,2026-03-10 18:26:49.725,ARDUINO_PSI,Arduino,0.000,0.000,12.744,,
461.090996,2026-03-10 18:26:49.773,WJ_VOLTAGE,WJ2,0.196,0.000,0,0,"HV=OFF, Fault=NO"
461.143365,2026-03-10 18:26:49.825,ARDUINO_PSI,Arduino,0.000,0.000,12.751,,
461.243890,2026-03-10 18:26:49.926,ARDUINO_PSI,Arduino,0.000,0.000,12.758,,
461.344086,2026-03-10 18:26:50.026,ARDUINO_PSI,Arduino,0.000,0.000,12.748,,
461.443843,2026-03-10 18:26:50.125,ARDUINO_PSI,Arduino,0.000,0.000,12.755,,
461.525301,2026-03-10 18:26:50.207,WJ_VOLTAGE,WJ1,6.354,0.000,0,0,"HV=OFF, Fault=NO"
461.543379,2026-03-10 18:26:50.225,ARDUINO_PSI,Arduino,0.000,0.000,12.767,,
461.618742,2026-03-10 18:26:50.300,WJ_VOLTAGE,WJ2,0.196,0.000,0,0,"HV=OFF, Fault=NO"
461.643451,2026-03-10 18:26:50.325,ARDUINO_PSI,Arduino,0.000,0.000,12.755,,
461.744072,2026-03-10 18:26:50.426,ARDUINO_PSI,Arduino,0.000,0.000,12.758,,
461.843813,2026-03-10 18:26:50.525,ARDUINO_PSI,Arduino,0.000,0.000,12.767,,
461.943668,2026-03-10 18:26:50.625,ARDUINO_PSI,Arduino,0.000,0.000,12.762,,
462.044625,2026-03-10 18:26:50.726,ARDUINO_PSI,Arduino,0.000,0.000,12.758,,
462.052672,2026-03-10 18:26:50.734,WJ_VOLTAGE,WJ1,5.767,0.000,0,0,"HV=OFF, Fault=NO"
462.144164,2026-03-10 18:26:50.826,ARDUINO_PSI,Arduino,0.000,0.000,12.760,,
462.150127,2026-03-10 18:26:50.832,WJ_VOLTAGE,WJ2,0.196,0.000,0,0,"HV=OFF, Fault=NO"
462.243882,2026-03-10 18:26:50.926,ARDUINO_PSI,Arduino,0.000,0.000,12.760,,
462.343930,2026-03-10 18:26:51.026,ARDUINO_PSI,Arduino,0.000,0.000,12.760,,
462.443789,2026-03-10 18:26:51.125,ARDUINO_PSI,Arduino,0.000,0.000,12.758,,
462.543769,2026-03-10 18:26:51.225,ARDUINO_PSI,Arduino,0.000,0.000,12.758,,
462.580381,2026-03-10 18:26:51.262,WJ_VOLTAGE,WJ1,5.279,0.000,0,0,"HV=OFF, Fault=NO"
462.644230,2026-03-10 18:26:51.326,ARDUINO_PSI,Arduino,0.000,0.000,12.767,,
462.673717,2026-03-10 18:26:51.355,WJ_VOLTAGE,WJ2,0.098,0.000,0,0,"HV=OFF, Fault=NO"
462.743933,2026-03-10 18:26:51.426,ARDUINO_PSI,Arduino,0.000,0.000,12.771,,
462.843887,2026-03-10 18:26:51.526,ARDUINO_PSI,Arduino,0.000,0.000,12.785,,
462.943964,2026-03-10 18:26:51.626,ARDUINO_PSI,Arduino,0.000,0.000,12.787,,
463.044447,2026-03-10 18:26:51.726,ARDUINO_PSI,Arduino,0.000,0.000,12.785,,
463.111960,2026-03-10 18:26:51.794,WJ_VOLTAGE,WJ1,4.692,0.000,0,0,"HV=OFF, Fault=NO"
463.143376,2026-03-10 18:26:51.825,ARDUINO_PSI,Arduino,0.000,0.000,12.776,,
463.204433,2026-03-10 18:26:51.886,WJ_VOLTAGE,WJ2,0.098,0.000,0,0,"HV=OFF, Fault=NO"
463.243353,2026-03-10 18:26:51.925,ARDUINO_PSI,Arduino,0.000,0.000,12.760,,
463.344022,2026-03-10 18:26:52.026,ARDUINO_PSI,Arduino,0.000,0.000,12.769,,
463.443681,2026-03-10 18:26:52.125,ARDUINO_PSI,Arduino,0.000,0.000,12.764,,
463.544609,2026-03-10 18:26:52.226,ARDUINO_PSI,Arduino,0.000,0.000,12.762,,
463.638381,2026-03-10 18:26:52.320,WJ_VOLTAGE,WJ1,4.301,0.000,0,0,"HV=OFF, Fault=NO"
463.657076,2026-03-10 18:26:52.339,ARDUINO_PSI,Arduino,0.000,0.000,12.774,,
463.730111,2026-03-10 18:26:52.412,WJ_VOLTAGE,WJ2,0.098,0.000,0,0,"HV=OFF, Fault=NO"
463.743359,2026-03-10 18:26:52.425,ARDUINO_PSI,Arduino,0.000,0.000,12.778,,
463.844131,2026-03-10 18:26:52.526,ARDUINO_PSI,Arduino,0.000,0.000,12.767,,
463.944105,2026-03-10 18:26:52.626,ARDUINO_PSI,Arduino,0.000,0.000,12.769,,
464.044306,2026-03-10 18:26:52.726,ARDUINO_PSI,Arduino,0.000,0.000,12.767,,
464.144274,2026-03-10 18:26:52.826,ARDUINO_PSI,Arduino,0.000,0.000,12.774,,
464.166423,2026-03-10 18:26:52.848,WJ_VOLTAGE,WJ1,3.910,0.000,0,0,"HV=OFF, Fault=NO"
464.244917,2026-03-10 18:26:52.927,ARDUINO_PSI,Arduino,0.000,0.000,12.771,,
464.259589,2026-03-10 18:26:52.941,WJ_VOLTAGE,WJ2,0.098,0.000,0,0,"HV=OFF, Fault=NO"
464.344072,2026-03-10 18:26:53.026,ARDUINO_PSI,Arduino,0.000,0.000,12.771,,
464.444297,2026-03-10 18:26:53.126,ARDUINO_PSI,Arduino,0.000,0.000,12.783,,
464.543956,2026-03-10 18:26:53.226,ARDUINO_PSI,Arduino,0.000,0.000,12.780,,
464.643888,2026-03-10 18:26:53.326,ARDUINO_PSI,Arduino,0.000,0.000,12.771,,
464.695015,2026-03-10 18:26:53.377,WJ_VOLTAGE,WJ1,3.519,0.000,0,0,"HV=OFF, Fault=NO"
464.743393,2026-03-10 18:26:53.425,ARDUINO_PSI,Arduino,0.000,0.000,12.774,,
464.789028,2026-03-10 18:26:53.471,WJ_VOLTAGE,WJ2,0.098,0.000,0,0,"HV=OFF, Fault=NO"
464.843875,2026-03-10 18:26:53.526,ARDUINO_PSI,Arduino,0.000,0.000,12.769,,
464.943946,2026-03-10 18:26:53.626,ARDUINO_PSI,Arduino,0.000,0.000,12.764,,
465.043792,2026-03-10 18:26:53.725,ARDUINO_PSI,Arduino,0.000,0.000,12.774,,
465.143632,2026-03-10 18:26:53.825,ARDUINO_PSI,Arduino,0.000,0.000,12.792,,
465.224410,2026-03-10 18:26:53.906,WJ_VOLTAGE,WJ1,3.226,0.000,0,0,"HV=OFF, Fault=NO"
465.243262,2026-03-10 18:26:53.925,ARDUINO_PSI,Arduino,0.000,0.000,12.801,,
465.315339,2026-03-10 18:26:53.997,WJ_VOLTAGE,WJ2,0.098,0.000,0,0,"HV=OFF, Fault=NO"
465.344246,2026-03-10 18:26:54.026,ARDUINO_PSI,Arduino,0.000,0.000,12.799,,
465.443218,2026-03-10 18:26:54.125,ARDUINO_PSI,Arduino,0.000,0.000,12.796,,
465.543855,2026-03-10 18:26:54.226,ARDUINO_PSI,Arduino,0.000,0.000,12.792,,
465.643779,2026-03-10 18:26:54.325,ARDUINO_PSI,Arduino,0.000,0.000,12.778,,
465.743419,2026-03-10 18:26:54.425,ARDUINO_PSI,Arduino,0.000,0.000,12.769,,
465.750146,2026-03-10 18:26:54.432,WJ_VOLTAGE,WJ1,2.933,0.000,0,0,"HV=OFF, Fault=NO"
465.843319,2026-03-10 18:26:54.525,ARDUINO_PSI,Arduino,0.000,0.000,12.771,,
465.845348,2026-03-10 18:26:54.527,WJ_VOLTAGE,WJ2,0.098,0.000,0,0,"HV=OFF, Fault=NO"
465.943306,2026-03-10 18:26:54.625,ARDUINO_PSI,Arduino,0.000,0.000,12.767,,
466.044080,2026-03-10 18:26:54.726,ARDUINO_PSI,Arduino,0.000,0.000,12.767,,
466.143802,2026-03-10 18:26:54.825,ARDUINO_PSI,Arduino,0.000,0.000,12.751,,
466.243887,2026-03-10 18:26:54.926,ARDUINO_PSI,Arduino,0.000,0.000,12.760,,
466.283447,2026-03-10 18:26:54.965,WJ_VOLTAGE,WJ1,2.639,0.000,0,0,"HV=OFF, Fault=NO"
466.343302,2026-03-10 18:26:55.025,ARDUINO_PSI,Arduino,0.000,0.000,12.760,,
466.378111,2026-03-10 18:26:55.060,WJ_VOLTAGE,WJ2,0.098,0.000,0,0,"HV=OFF, Fault=NO"
466.443906,2026-03-10 18:26:55.126,ARDUINO_PSI,Arduino,0.000,0.000,12.748,,
466.543857,2026-03-10 18:26:55.226,ARDUINO_PSI,Arduino,0.000,0.000,12.742,,
466.643725,2026-03-10 18:26:55.325,ARDUINO_PSI,Arduino,0.000,0.000,12.732,,
466.743684,2026-03-10 18:26:55.425,ARDUINO_PSI,Arduino,0.000,0.000,12.723,,
466.817437,2026-03-10 18:26:55.499,WJ_VOLTAGE,WJ1,2.346,0.000,0,0,"HV=OFF, Fault=NO"
466.843567,2026-03-10 18:26:55.525,ARDUINO_PSI,Arduino,0.000,0.000,12.728,,
466.910063,2026-03-10 18:26:55.592,WJ_VOLTAGE,WJ2,0.000,0.000,0,0,"HV=OFF, Fault=NO"
466.943299,2026-03-10 18:26:55.625,ARDUINO_PSI,Arduino,0.000,0.000,12.730,,
467.044160,2026-03-10 18:26:55.726,ARDUINO_PSI,Arduino,0.000,0.000,12.726,,
467.143995,2026-03-10 18:26:55.826,ARDUINO_PSI,Arduino,0.000,0.000,12.707,,
467.244030,2026-03-10 18:26:55.926,ARDUINO_PSI,Arduino,0.000,0.000,12.710,,
467.343793,2026-03-10 18:26:56.025,WJ_VOLTAGE,WJ1,2.151,0.000,0,0,"HV=OFF, Fault=NO"
467.353848,2026-03-10 18:26:56.035,ARDUINO_PSI,Arduino,0.000,0.000,12.723,,
467.444828,2026-03-10 18:26:56.126,ARDUINO_PSI,Arduino,0.000,0.000,12.721,,
467.452363,2026-03-10 18:26:56.134,WJ_VOLTAGE,WJ2,0.000,0.000,0,0,"HV=OFF, Fault=NO"
467.544036,2026-03-10 18:26:56.226,ARDUINO_PSI,Arduino,0.000,0.000,12.726,,
467.643914,2026-03-10 18:26:56.326,ARDUINO_PSI,Arduino,0.000,0.000,12.728,,
467.743884,2026-03-10 18:26:56.426,ARDUINO_PSI,Arduino,0.000,0.000,12.730,,
467.843401,2026-03-10 18:26:56.525,ARDUINO_PSI,Arduino,0.000,0.000,12.723,,
467.871296,2026-03-10 18:26:56.553,WJ_VOLTAGE,WJ1,1.955,0.000,0,0,"HV=OFF, Fault=NO"
467.943403,2026-03-10 18:26:56.625,ARDUINO_PSI,Arduino,0.000,0.000,12.716,,
467.980163,2026-03-10 18:26:56.663,WJ_VOLTAGE,WJ2,0.000,0.000,0,0,"HV=OFF, Fault=NO"
468.043320,2026-03-10 18:26:56.725,ARDUINO_PSI,Arduino,0.000,0.000,12.716,,
468.143786,2026-03-10 18:26:56.825,ARDUINO_PSI,Arduino,0.000,0.000,12.728,,
468.243917,2026-03-10 18:26:56.926,ARDUINO_PSI,Arduino,0.000,0.000,12.730,,
468.343289,2026-03-10 18:26:57.025,ARDUINO_PSI,Arduino,0.000,0.000,12.726,,
468.401400,2026-03-10 18:26:57.083,WJ_VOLTAGE,WJ1,1.760,0.000,0,0,"HV=OFF, Fault=NO"
468.443580,2026-03-10 18:26:57.125,ARDUINO_PSI,Arduino,0.000,0.000,12.721,,
468.510850,2026-03-10 18:26:57.193,WJ_VOLTAGE,WJ2,0.000,0.000,0,0,"HV=OFF, Fault=NO"
468.543341,2026-03-10 18:26:57.225,ARDUINO_PSI,Arduino,0.000,0.000,12.723,,
468.643947,2026-03-10 18:26:57.326,ARDUINO_PSI,Arduino,0.000,0.000,12.739,,
468.743968,2026-03-10 18:26:57.426,ARDUINO_PSI,Arduino,0.000,0.000,12.746,,
468.843451,2026-03-10 18:26:57.525,ARDUINO_PSI,Arduino,0.000,0.000,12.732,,
468.933545,2026-03-10 18:26:57.615,WJ_VOLTAGE,WJ1,1.564,0.000,0,0,"HV=OFF, Fault=NO"
468.946185,2026-03-10 18:26:57.628,ARDUINO_PSI,Arduino,0.000,0.000,12.719,,
469.039926,2026-03-10 18:26:57.722,WJ_VOLTAGE,WJ2,0.000,0.000,0,0,"HV=OFF, Fault=NO"
469.050714,2026-03-10 18:26:57.732,ARDUINO_PSI,Arduino,0.000,0.000,12.712,,
469.143989,2026-03-10 18:26:57.826,ARDUINO_PSI,Arduino,0.000,0.000,12.710,,
469.243789,2026-03-10 18:26:57.925,ARDUINO_PSI,Arduino,0.000,0.000,12.703,,
469.343410,2026-03-10 18:26:58.025,ARDUINO_PSI,Arduino,0.000,0.000,12.703,,
469.443695,2026-03-10 18:26:58.125,ARDUINO_PSI,Arduino,0.000,0.000,12.714,,
469.460101,2026-03-10 18:26:58.142,WJ_VOLTAGE,WJ1,1.466,0.000,0,0,"HV=OFF, Fault=NO"
469.543933,2026-03-10 18:26:58.226,ARDUINO_PSI,Arduino,0.000,0.000,12.707,,
469.568923,2026-03-10 18:26:58.251,WJ_VOLTAGE,WJ2,0.000,0.000,0,0,"HV=OFF, Fault=NO"
469.644018,2026-03-10 18:26:58.326,ARDUINO_PSI,Arduino,0.000,0.000,12.712,,
469.743925,2026-03-10 18:26:58.426,ARDUINO_PSI,Arduino,0.000,0.000,12.710,,
469.843215,2026-03-10 18:26:58.525,ARDUINO_PSI,Arduino,0.000,0.000,12.721,,
469.943924,2026-03-10 18:26:58.626,ARDUINO_PSI,Arduino,0.000,0.000,12.728,,
469.990084,2026-03-10 18:26:58.672,WJ_VOLTAGE,WJ1,1.271,0.000,0,0,"HV=OFF, Fault=NO"
470.043268,2026-03-10 18:26:58.725,ARDUINO_PSI,Arduino,0.000,0.000,12.728,,
470.096754,2026-03-10 18:26:58.778,WJ_VOLTAGE,WJ2,0.000,0.000,0,0,"HV=OFF, Fault=NO"
470.143596,2026-03-10 18:26:58.825,ARDUINO_PSI,Arduino,0.000,0.000,12.721,,
470.243353,2026-03-10 18:26:58.925,ARDUINO_PSI,Arduino,0.000,0.000,12.716,,
470.343908,2026-03-10 18:26:59.026,ARDUINO_PSI,Arduino,0.000,0.000,12.714,,
470.443907,2026-03-10 18:26:59.126,ARDUINO_PSI,Arduino,0.000,0.000,12.714,,
470.518635,2026-03-10 18:26:59.200,WJ_VOLTAGE,WJ1,1.173,0.000,0,0,"HV=OFF, Fault=NO"
470.543375,2026-03-10 18:26:59.225,ARDUINO_PSI,Arduino,0.000,0.000,12.714,,
470.628886,2026-03-10 18:26:59.311,WJ_VOLTAGE,WJ2,0.000,0.000,0,0,"HV=OFF, Fault=NO"
470.643263,2026-03-10 18:26:59.325,ARDUINO_PSI,Arduino,0.000,0.000,12.716,,
470.744111,2026-03-10 18:26:59.426,ARDUINO_PSI,Arduino,0.000,0.000,12.712,,
470.844394,2026-03-10 18:26:59.526,ARDUINO_PSI,Arduino,0.000,0.000,12.726,,
470.943858,2026-03-10 18:26:59.626,ARDUINO_PSI,Arduino,0.000,0.000,12.737,,
471.043875,2026-03-10 18:26:59.726,ARDUINO_PSI,Arduino,0.000,0.000,12.748,,
471.051526,2026-03-10 18:26:59.733,WJ_VOLTAGE,WJ1,1.075,0.000,0,0,"HV=OFF, Fault=NO"
471.144752,2026-03-10 18:26:59.826,ARDUINO_PSI,Arduino,0.000,0.000,12.755,,
471.146432,2026-03-10 18:26:59.828,WJ_VOLTAGE,WJ2,0.000,0.000,0,0,"HV=OFF, Fault=NO"
471.243907,2026-03-10 18:26:59.926,ARDUINO_PSI,Arduino,0.000,0.000,12.762,,
471.343358,2026-03-10 18:27:00.025,ARDUINO_PSI,Arduino,0.000,0.000,12.753,,
471.443271,2026-03-10 18:27:00.125,ARDUINO_PSI,Arduino,0.000,0.000,12.744,,
471.543307,2026-03-10 18:27:00.225,ARDUINO_PSI,Arduino,0.000,0.000,12.746,,
471.581798,2026-03-10 18:27:00.263,WJ_VOLTAGE,WJ1,0.978,0.000,0,0,"HV=OFF, Fault=NO"
471.643831,2026-03-10 18:27:00.325,ARDUINO_PSI,Arduino,0.000,0.000,12.742,,
471.672447,2026-03-10 18:27:00.354,WJ_VOLTAGE,WJ2,0.000,0.000,0,0,"HV=OFF, Fault=NO"
471.744096,2026-03-10 18:27:00.426,ARDUINO_PSI,Arduino,0.000,0.000,12.744,,
471.844164,2026-03-10 18:27:00.526,ARDUINO_PSI,Arduino,0.000,0.000,12.726,,
471.943813,2026-03-10 18:27:00.625,ARDUINO_PSI,Arduino,0.000,0.000,12.730,,
472.044300,2026-03-10 18:27:00.726,ARDUINO_PSI,Arduino,0.000,0.000,12.737,,
472.110803,2026-03-10 18:27:00.792,WJ_VOLTAGE,WJ1,0.880,0.000,0,0,"HV=OFF, Fault=NO"
472.143306,2026-03-10 18:27:00.825,ARDUINO_PSI,Arduino,0.000,0.000,12.737,,
472.204050,2026-03-10 18:27:00.886,WJ_VOLTAGE,WJ2,0.000,0.000,0,0,"HV=OFF, Fault=NO"
472.243201,2026-03-10 18:27:00.925,ARDUINO_PSI,Arduino,0.000,0.000,12.737,,
472.343631,2026-03-10 18:27:01.025,ARDUINO_PSI,Arduino,0.000,0.000,12.742,,
472.444918,2026-03-10 18:27:01.127,ARDUINO_PSI,Arduino,0.000,0.000,12.744,,
472.544989,2026-03-10 18:27:01.227,ARDUINO_PSI,Arduino,0.000,0.000,12.744,,
472.638188,2026-03-10 18:27:01.320,WJ_VOLTAGE,WJ1,0.782,0.000,0,0,"HV=OFF, Fault=NO"
472.648703,2026-03-10 18:27:01.330,ARDUINO_PSI,Arduino,0.000,0.000,12.735,,
472.733692,2026-03-10 18:27:01.415,WJ_VOLTAGE,WJ2,0.000,0.000,0,0,"HV=OFF, Fault=NO"
472.751341,2026-03-10 18:27:01.433,ARDUINO_PSI,Arduino,0.000,0.000,12.744,,
472.844002,2026-03-10 18:27:01.526,ARDUINO_PSI,Arduino,0.000,0.000,12.742,,
472.943869,2026-03-10 18:27:01.626,ARDUINO_PSI,Arduino,0.000,0.000,12.730,,
473.043303,2026-03-10 18:27:01.725,ARDUINO_PSI,Arduino,0.000,0.000,12.723,,
473.143943,2026-03-10 18:27:01.826,ARDUINO_PSI,Arduino,0.000,0.000,12.716,,
473.171173,2026-03-10 18:27:01.853,WJ_VOLTAGE,WJ1,0.782,0.000,0,0,"HV=OFF, Fault=NO"
473.243900,2026-03-10 18:27:01.926,ARDUINO_PSI,Arduino,0.000,0.000,12.712,,
473.265639,2026-03-10 18:27:01.947,WJ_VOLTAGE,WJ2,0.000,0.000,0,0,"HV=OFF, Fault=NO"
473.344512,2026-03-10 18:27:02.026,ARDUINO_PSI,Arduino,0.000,0.000,12.707,,
473.443891,2026-03-10 18:27:02.126,ARDUINO_PSI,Arduino,0.000,0.000,12.710,,
473.544264,2026-03-10 18:27:02.226,ARDUINO_PSI,Arduino,0.000,0.000,12.719,,
473.643917,2026-03-10 18:27:02.326,ARDUINO_PSI,Arduino,0.000,0.000,12.735,,
473.700124,2026-03-10 18:27:02.382,WJ_VOLTAGE,WJ1,0.782,0.000,0,0,"HV=OFF, Fault=NO"
473.743383,2026-03-10 18:27:02.425,ARDUINO_PSI,Arduino,0.000,0.000,12.730,,
473.794227,2026-03-10 18:27:02.476,WJ_VOLTAGE,WJ2,0.000,0.000,0,0,"HV=OFF, Fault=NO"
473.843414,2026-03-10 18:27:02.525,ARDUINO_PSI,Arduino,0.000,0.000,12.730,,
473.943881,2026-03-10 18:27:02.626,ARDUINO_PSI,Arduino,0.000,0.000,12.737,,
474.043310,2026-03-10 18:27:02.725,ARDUINO_PSI,Arduino,0.000,0.000,12.739,,
474.144297,2026-03-10 18:27:02.826,ARDUINO_PSI,Arduino,0.000,0.000,12.737,,
474.228084,2026-03-10 18:27:02.910,WJ_VOLTAGE,WJ1,0.684,0.000,0,0,"HV=OFF, Fault=NO"
474.244863,2026-03-10 18:27:02.927,ARDUINO_PSI,Arduino,0.000,0.000,12.737,,
474.319800,2026-03-10 18:27:03.001,WJ_VOLTAGE,WJ2,0.000,0.000,0,0,"HV=OFF, Fault=NO"
474.343325,2026-03-10 18:27:03.025,ARDUINO_PSI,Arduino,0.000,0.000,12.732,,
474.444040,2026-03-10 18:27:03.126,ARDUINO_PSI,Arduino,0.000,0.000,12.726,,
474.543916,2026-03-10 18:27:03.226,ARDUINO_PSI,Arduino,0.000,0.000,12.728,,
474.644038,2026-03-10 18:27:03.326,ARDUINO_PSI,Arduino,0.000,0.000,12.728,,
474.743805,2026-03-10 18:27:03.425,ARDUINO_PSI,Arduino,0.000,0.000,12.723,,
474.755124,2026-03-10 18:27:03.437,WJ_VOLTAGE,WJ1,0.684,0.000,0,0,"HV=OFF, Fault=NO"
474.843939,2026-03-10 18:27:03.526,ARDUINO_PSI,Arduino,0.000,0.000,12.723,,
474.849753,2026-03-10 18:27:03.531,WJ_VOLTAGE,WJ2,0.000,0.000,0,0,"HV=OFF, Fault=NO"
474.943959,2026-03-10 18:27:03.626,ARDUINO_PSI,Arduino,0.000,0.000,12.735,,
475.044312,2026-03-10 18:27:03.726,ARDUINO_PSI,Arduino,0.000,0.000,12.744,,
475.144173,2026-03-10 18:27:03.826,ARDUINO_PSI,Arduino,0.000,0.000,12.744,,
475.243820,2026-03-10 18:27:03.925,ARDUINO_PSI,Arduino,0.000,0.000,12.742,,
475.283430,2026-03-10 18:27:03.965,WJ_VOLTAGE,WJ1,0.587,0.000,0,0,"HV=OFF, Fault=NO"
475.343805,2026-03-10 18:27:04.025,ARDUINO_PSI,Arduino,0.000,0.000,12.737,,
475.375941,2026-03-10 18:27:04.058,WJ_VOLTAGE,WJ2,0.000,0.000,0,0,"HV=OFF, Fault=NO"
475.443836,2026-03-10 18:27:04.125,ARDUINO_PSI,Arduino,0.000,0.000,12.748,,
475.543921,2026-03-10 18:27:04.226,ARDUINO_PSI,Arduino,0.000,0.000,12.742,,
475.643933,2026-03-10 18:27:04.326,ARDUINO_PSI,Arduino,0.000,0.000,12.732,,
475.743914,2026-03-10 18:27:04.426,ARDUINO_PSI,Arduino,0.000,0.000,12.744,,
475.813445,2026-03-10 18:27:04.495,WJ_VOLTAGE,WJ1,0.587,0.000,0,0,"HV=OFF, Fault=NO"
475.843296,2026-03-10 18:27:04.525,ARDUINO_PSI,Arduino,0.000,0.000,12.764,,
475.908162,2026-03-10 18:27:04.590,WJ_VOLTAGE,WJ2,0.000,0.000,0,0,"HV=OFF, Fault=NO"
475.943293,2026-03-10 18:27:04.625,ARDUINO_PSI,Arduino,0.000,0.000,12.758,,
476.043877,2026-03-10 18:27:04.726,ARDUINO_PSI,Arduino,0.000,0.000,12.744,,
476.143814,2026-03-10 18:27:04.825,ARDUINO_PSI,Arduino,0.000,0.000,12.746,,
476.243859,2026-03-10 18:27:04.926,ARDUINO_PSI,Arduino,0.000,0.000,12.742,,
476.343345,2026-03-10 18:27:05.025,ARDUINO_PSI,Arduino,0.000,0.000,12.746,,
476.346136,2026-03-10 18:27:05.028,WJ_VOLTAGE,WJ1,0.587,0.000,0,0,"HV=OFF, Fault=NO"
476.440987,2026-03-10 18:27:05.123,WJ_VOLTAGE,WJ2,0.000,0.000,0,0,"HV=OFF, Fault=NO"
476.457027,2026-03-10 18:27:05.139,ARDUINO_PSI,Arduino,0.000,0.000,12.755,,
476.543974,2026-03-10 18:27:05.226,ARDUINO_PSI,Arduino,0.000,0.000,12.764,,
476.643935,2026-03-10 18:27:05.326,ARDUINO_PSI,Arduino,0.000,0.000,12.767,,
476.744026,2026-03-10 18:27:05.426,ARDUINO_PSI,Arduino,0.000,0.000,12.767,,
476.844598,2026-03-10 18:27:05.526,ARDUINO_PSI,Arduino,0.000,0.000,12.760,,
476.874973,2026-03-10 18:27:05.557,WJ_VOLTAGE,WJ1,0.587,0.000,0,0,"HV=OFF, Fault=NO"
476.943416,2026-03-10 18:27:05.625,ARDUINO_PSI,Arduino,0.000,0.000,12.753,,
476.968307,2026-03-10 18:27:05.650,WJ_VOLTAGE,WJ2,0.000,0.000,0,0,"HV=OFF, Fault=NO"
477.043940,2026-03-10 18:27:05.726,ARDUINO_PSI,Arduino,0.000,0.000,12.746,,
477.144133,2026-03-10 18:27:05.826,ARDUINO_PSI,Arduino,0.000,0.000,12.751,,
477.244016,2026-03-10 18:27:05.926,ARDUINO_PSI,Arduino,0.000,0.000,12.753,,
477.344042,2026-03-10 18:27:06.026,ARDUINO_PSI,Arduino,0.000,0.000,12.762,,
477.402738,2026-03-10 18:27:06.084,WJ_VOLTAGE,WJ1,0.489,0.000,0,0,"HV=OFF, Fault=NO"
477.443348,2026-03-10 18:27:06.125,ARDUINO_PSI,Arduino,0.000,0.000,12.760,,
477.496624,2026-03-10 18:27:06.178,WJ_VOLTAGE,WJ2,0.000,0.000,0,0,"HV=OFF, Fault=NO"
477.543392,2026-03-10 18:27:06.225,ARDUINO_PSI,Arduino,0.000,0.000,12.762,,
477.643615,2026-03-10 18:27:06.325,ARDUINO_PSI,Arduino,0.000,0.000,12.760,,
477.744472,2026-03-10 18:27:06.426,ARDUINO_PSI,Arduino,0.000,0.000,12.753,,
477.843864,2026-03-10 18:27:06.526,ARDUINO_PSI,Arduino,0.000,0.000,12.742,,
477.933932,2026-03-10 18:27:06.616,WJ_VOLTAGE,WJ1,0.489,0.000,0,0,"HV=OFF, Fault=NO"
477.949758,2026-03-10 18:27:06.631,ARDUINO_PSI,Arduino,0.000,0.000,12.737,,
478.025340,2026-03-10 18:27:06.707,WJ_VOLTAGE,WJ2,0.000,0.000,0,0,"HV=OFF, Fault=NO"
478.043233,2026-03-10 18:27:06.725,ARDUINO_PSI,Arduino,0.000,0.000,12.748,,
478.144131,2026-03-10 18:27:06.826,ARDUINO_PSI,Arduino,0.000,0.000,12.751,,
478.244187,2026-03-10 18:27:06.926,ARDUINO_PSI,Arduino,0.000,0.000,12.764,,
478.344024,2026-03-10 18:27:07.026,ARDUINO_PSI,Arduino,0.000,0.000,12.767,,
478.443916,2026-03-10 18:27:07.126,ARDUINO_PSI,Arduino,0.000,0.000,12.758,,
478.459892,2026-03-10 18:27:07.142,WJ_VOLTAGE,WJ1,0.489,0.000,0,0,"HV=OFF, Fault=NO"
478.544129,2026-03-10 18:27:07.226,ARDUINO_PSI,Arduino,0.000,0.000,12.755,,
478.553108,2026-03-10 18:27:07.235,WJ_VOLTAGE,WJ2,0.000,0.000,0,0,"HV=OFF, Fault=NO"
478.644122,2026-03-10 18:27:07.326,ARDUINO_PSI,Arduino,0.000,0.000,12.753,,
478.743944,2026-03-10 18:27:07.426,ARDUINO_PSI,Arduino,0.000,0.000,12.755,,
478.844036,2026-03-10 18:27:07.526,ARDUINO_PSI,Arduino,0.000,0.000,12.758,,
478.944119,2026-03-10 18:27:07.626,ARDUINO_PSI,Arduino,0.000,0.000,12.755,,
478.988315,2026-03-10 18:27:07.670,WJ_VOLTAGE,WJ1,0.489,0.000,0,0,"HV=OFF, Fault=NO"
479.043452,2026-03-10 18:27:07.725,ARDUINO_PSI,Arduino,0.000,0.000,12.751,,
479.083793,2026-03-10 18:27:07.765,WJ_VOLTAGE,WJ2,0.000,0.000,0,0,"HV=OFF, Fault=NO"
479.143719,2026-03-10 18:27:07.825,ARDUINO_PSI,Arduino,0.000,0.000,12.746,,
479.243808,2026-03-10 18:27:07.925,ARDUINO_PSI,Arduino,0.000,0.000,12.742,,
479.344629,2026-03-10 18:27:08.026,ARDUINO_PSI,Arduino,0.000,0.000,12.746,,
479.443337,2026-03-10 18:27:08.125,ARDUINO_PSI,Arduino,0.000,0.000,12.742,,
479.521896,2026-03-10 18:27:08.204,WJ_VOLTAGE,WJ1,0.489,0.000,0,0,"HV=OFF, Fault=NO"
479.543347,2026-03-10 18:27:08.225,ARDUINO_PSI,Arduino,0.000,0.000,12.742,,
479.617243,2026-03-10 18:27:08.299,WJ_VOLTAGE,WJ2,0.000,0.000,0,0,"HV=OFF, Fault=NO"
479.643378,2026-03-10 18:27:08.325,ARDUINO_PSI,Arduino,0.000,0.000,12.751,,
479.743901,2026-03-10 18:27:08.426,ARDUINO_PSI,Arduino,0.000,0.000,12.755,,
479.843881,2026-03-10 18:27:08.526,ARDUINO_PSI,Arduino,0.000,0.000,12.755,,
479.943978,2026-03-10 18:27:08.626,ARDUINO_PSI,Arduino,0.000,0.000,12.758,,
480.044425,2026-03-10 18:27:08.726,ARDUINO_PSI,Arduino,0.000,0.000,12.758,,
480.052362,2026-03-10 18:27:08.734,WJ_VOLTAGE,WJ1,0.391,0.000,0,0,"HV=OFF, Fault=NO"
480.141004,2026-03-10 18:27:08.823,WJ_VOLTAGE,WJ2,0.000,0.000,0,0,"HV=OFF, Fault=NO"
480.149458,2026-03-10 18:27:08.831,ARDUINO_PSI,Arduino,0.000,0.000,12.762,,
480.244006,2026-03-10 18:27:08.926,ARDUINO_PSI,Arduino,0.000,0.000,12.744,,
480.343252,2026-03-10 18:27:09.025,ARDUINO_PSI,Arduino,0.000,0.000,12.742,,
480.444047,2026-03-10 18:27:09.126,ARDUINO_PSI,Arduino,0.000,0.000,12.746,,
480.544578,2026-03-10 18:27:09.226,ARDUINO_PSI,Arduino,0.000,0.000,12.753,,
480.574009,2026-03-10 18:27:09.256,WJ_VOLTAGE,WJ1,0.391,0.000,0,0,"HV=OFF, Fault=NO"
480.645414,2026-03-10 18:27:09.327,ARDUINO_PSI,Arduino,0.000,0.000,12.758,,
480.668186,2026-03-10 18:27:09.350,WJ_VOLTAGE,WJ2,0.000,0.000,0,0,"HV=OFF, Fault=NO"
480.744125,2026-03-10 18:27:09.426,ARDUINO_PSI,Arduino,0.000,0.000,12.748,,
480.844135,2026-03-10 18:27:09.526,ARDUINO_PSI,Arduino,0.000,0.000,12.748,,
480.943875,2026-03-10 18:27:09.626,ARDUINO_PSI,Arduino,0.000,0.000,12.753,,
481.043289,2026-03-10 18:27:09.725,ARDUINO_PSI,Arduino,0.000,0.000,12.762,,
481.104220,2026-03-10 18:27:09.786,WJ_VOLTAGE,WJ1,0.391,0.000,0,0,"HV=OFF, Fault=NO"
481.143357,2026-03-10 18:27:09.825,ARDUINO_PSI,Arduino,0.000,0.000,12.767,,
481.214390,2026-03-10 18:27:09.896,WJ_VOLTAGE,WJ2,0.000,0.000,0,0,"HV=OFF, Fault=NO"
481.243600,2026-03-10 18:27:09.925,ARDUINO_PSI,Arduino,0.000,0.000,12.780,,
481.344158,2026-03-10 18:27:10.026,ARDUINO_PSI,Arduino,0.000,0.000,12.769,,
481.444093,2026-03-10 18:27:10.126,ARDUINO_PSI,Arduino,0.000,0.000,12.769,,
481.543294,2026-03-10 18:27:10.225,ARDUINO_PSI,Arduino,0.000,0.000,12.771,,
481.635822,2026-03-10 18:27:10.317,WJ_VOLTAGE,WJ1,0.391,0.000,0,0,"HV=OFF, Fault=NO"
481.649478,2026-03-10 18:27:10.331,ARDUINO_PSI,Arduino,0.000,0.000,12.762,,
481.744669,2026-03-10 18:27:10.426,ARDUINO_PSI,Arduino,0.000,0.000,12.760,,
481.746569,2026-03-10 18:27:10.428,WJ_VOLTAGE,WJ2,0.000,0.000,0,0,"HV=OFF, Fault=NO"
481.843961,2026-03-10 18:27:10.526,ARDUINO_PSI,Arduino,0.000,0.000,12.762,,
481.944035,2026-03-10 18:27:10.626,ARDUINO_PSI,Arduino,0.000,0.000,12.769,,
482.044917,2026-03-10 18:27:10.727,ARDUINO_PSI,Arduino,0.000,0.000,12.767,,
482.144193,2026-03-10 18:27:10.826,ARDUINO_PSI,Arduino,0.000,0.000,12.762,,
482.166480,2026-03-10 18:27:10.848,WJ_VOLTAGE,WJ1,0.293,0.000,0,0,"HV=OFF, Fault=NO"
482.244288,2026-03-10 18:27:10.926,ARDUINO_PSI,Arduino,0.000,0.000,12.778,,
482.276704,2026-03-10 18:27:10.958,WJ_VOLTAGE,WJ2,0.000,0.000,0,0,"HV=OFF, Fault=NO"
482.343914,2026-03-10 18:27:11.026,ARDUINO_PSI,Arduino,0.000,0.000,12.783,,
482.443964,2026-03-10 18:27:11.126,ARDUINO_PSI,Arduino,0.000,0.000,12.778,,
482.543805,2026-03-10 18:27:11.225,ARDUINO_PSI,Arduino,0.000,0.000,12.769,,
482.644134,2026-03-10 18:27:11.326,ARDUINO_PSI,Arduino,0.000,0.000,12.771,,
482.698238,2026-03-10 18:27:11.380,WJ_VOLTAGE,WJ1,0.293,0.000,0,0,"HV=OFF, Fault=NO"
482.743507,2026-03-10 18:27:11.425,ARDUINO_PSI,Arduino,0.000,0.000,12.785,,
482.808086,2026-03-10 18:27:11.490,WJ_VOLTAGE,WJ2,0.000,0.000,0,0,"HV=OFF, Fault=NO"
482.843740,2026-03-10 18:27:11.525,ARDUINO_PSI,Arduino,0.000,0.000,12.780,,
482.943857,2026-03-10 18:27:11.626,ARDUINO_PSI,Arduino,0.000,0.000,12.780,,
483.045008,2026-03-10 18:27:11.727,ARDUINO_PSI,Arduino,0.000,0.000,12.771,,
483.143655,2026-03-10 18:27:11.825,ARDUINO_PSI,Arduino,0.000,0.000,12.771,,
483.233215,2026-03-10 18:27:11.915,WJ_VOLTAGE,WJ1,0.293,0.000,0,0,"HV=OFF, Fault=NO"
483.250875,2026-03-10 18:27:11.933,ARDUINO_PSI,Arduino,0.000,0.000,12.758,,
483.342928,2026-03-10 18:27:12.025,WJ_VOLTAGE,WJ2,0.000,0.000,0,0,"HV=OFF, Fault=NO"
483.354968,2026-03-10 18:27:12.037,ARDUINO_PSI,Arduino,0.000,0.000,12.764,,
483.443876,2026-03-10 18:27:12.126,ARDUINO_PSI,Arduino,0.000,0.000,12.760,,
483.543873,2026-03-10 18:27:12.226,ARDUINO_PSI,Arduino,0.000,0.000,12.751,,
483.644829,2026-03-10 18:27:12.326,ARDUINO_PSI,Arduino,0.000,0.000,12.746,,
483.743957,2026-03-10 18:27:12.426,ARDUINO_PSI,Arduino,0.000,0.000,12.753,,
483.760642,2026-03-10 18:27:12.442,WJ_VOLTAGE,WJ1,0.293,0.000,0,0,"HV=OFF, Fault=NO"
483.844079,2026-03-10 18:27:12.526,ARDUINO_PSI,Arduino,0.000,0.000,12.746,,
483.868776,2026-03-10 18:27:12.550,WJ_VOLTAGE,WJ2,0.000,0.000,0,0,"HV=OFF, Fault=NO"
483.943935,2026-03-10 18:27:12.626,ARDUINO_PSI,Arduino,0.000,0.000,12.744,,
484.043328,2026-03-10 18:27:12.725,ARDUINO_PSI,Arduino,0.000,0.000,12.742,,
484.143808,2026-03-10 18:27:12.825,ARDUINO_PSI,Arduino,0.000,0.000,12.751,,
484.243864,2026-03-10 18:27:12.926,ARDUINO_PSI,Arduino,0.000,0.000,12.748,,
484.288162,2026-03-10 18:27:12.970,WJ_VOLTAGE,WJ1,0.293,0.000,0,0,"HV=OFF, Fault=NO"
484.343534,2026-03-10 18:27:13.025,ARDUINO_PSI,Arduino,0.000,0.000,12.748,,
484.398797,2026-03-10 18:27:13.080,WJ_VOLTAGE,WJ2,0.000,0.000,0,0,"HV=OFF, Fault=NO"
484.443515,2026-03-10 18:27:13.125,ARDUINO_PSI,Arduino,0.000,0.000,12.755,,
484.543770,2026-03-10 18:27:13.225,ARDUINO_PSI,Arduino,0.000,0.000,12.760,,
484.644325,2026-03-10 18:27:13.326,ARDUINO_PSI,Arduino,0.000,0.000,12.744,,
484.743801,2026-03-10 18:27:13.425,ARDUINO_PSI,Arduino,0.000,0.000,12.748,,
484.816338,2026-03-10 18:27:13.498,WJ_VOLTAGE,WJ1,0.293,0.000,0,0,"HV=OFF, Fault=NO"
484.843367,2026-03-10 18:27:13.525,ARDUINO_PSI,Arduino,0.000,0.000,12.746,,
484.922764,2026-03-10 18:27:13.604,WJ_VOLTAGE,WJ2,0.000,0.000,0,0,"HV=OFF, Fault=NO"
484.943742,2026-03-10 18:27:13.625,ARDUINO_PSI,Arduino,0.000,0.000,12.751,,
485.044904,2026-03-10 18:27:13.727,ARDUINO_PSI,Arduino,0.000,0.000,12.760,,
485.143824,2026-03-10 18:27:13.825,ARDUINO_PSI,Arduino,0.000,0.000,12.758,,
485.243946,2026-03-10 18:27:13.926,ARDUINO_PSI,Arduino,0.000,0.000,12.769,,
485.341328,2026-03-10 18:27:14.023,WJ_VOLTAGE,WJ1,0.196,0.000,0,0,"HV=OFF, Fault=NO"
485.353285,2026-03-10 18:27:14.035,ARDUINO_PSI,Arduino,0.000,0.000,12.764,,
485.444065,2026-03-10 18:27:14.126,ARDUINO_PSI,Arduino,0.000,0.000,12.771,,
485.450312,2026-03-10 18:27:14.132,WJ_VOLTAGE,WJ2,0.000,0.000,0,0,"HV=OFF, Fault=NO"
485.543604,2026-03-10 18:27:14.225,ARDUINO_PSI,Arduino,0.000,0.000,12.780,,
485.644018,2026-03-10 18:27:14.326,ARDUINO_PSI,Arduino,0.000,0.000,12.785,,
485.743902,2026-03-10 18:27:14.426,ARDUINO_PSI,Arduino,0.000,0.000,12.780,,
485.843926,2026-03-10 18:27:14.526,ARDUINO_PSI,Arduino,0.000,0.000,12.778,,
485.871552,2026-03-10 18:27:14.553,WJ_VOLTAGE,WJ1,0.196,0.000,0,0,"HV=OFF, Fault=NO"
485.944039,2026-03-10 18:27:14.626,ARDUINO_PSI,Arduino,0.000,0.000,12.785,,
485.980109,2026-03-10 18:27:14.662,WJ_VOLTAGE,WJ2,0.000,0.000,0,0,"HV=OFF, Fault=NO"
486.043256,2026-03-10 18:27:14.725,ARDUINO_PSI,Arduino,0.000,0.000,12.794,,
486.143860,2026-03-10 18:27:14.826,ARDUINO_PSI,Arduino,0.000,0.000,12.780,,
486.243964,2026-03-10 18:27:14.926,ARDUINO_PSI,Arduino,0.000,0.000,12.767,,
486.344139,2026-03-10 18:27:15.026,ARDUINO_PSI,Arduino,0.000,0.000,12.758,,
486.405045,2026-03-10 18:27:15.087,WJ_VOLTAGE,WJ1,0.196,0.000,0,0,"HV=OFF, Fault=NO"
486.443321,2026-03-10 18:27:15.125,ARDUINO_PSI,Arduino,0.000,0.000,12.753,,
486.514743,2026-03-10 18:27:15.196,WJ_VOLTAGE,WJ2,0.000,0.000,0,0,"HV=OFF, Fault=NO"
486.543502,2026-03-10 18:27:15.225,ARDUINO_PSI,Arduino,0.000,0.000,12.748,,
486.645196,2026-03-10 18:27:15.327,ARDUINO_PSI,Arduino,0.000,0.000,12.753,,
486.743996,2026-03-10 18:27:15.426,ARDUINO_PSI,Arduino,0.000,0.000,12.744,,
486.843984,2026-03-10 18:27:15.526,ARDUINO_PSI,Arduino,0.000,0.000,12.753,,
486.938107,2026-03-10 18:27:15.620,WJ_VOLTAGE,WJ1,0.196,0.000,0,0,"HV=OFF, Fault=NO"
486.955682,2026-03-10 18:27:15.637,ARDUINO_PSI,Arduino,0.000,0.000,12.753,,
487.029891,2026-03-10 18:27:15.712,WJ_VOLTAGE,WJ2,0.000,0.000,0,0,"HV=OFF, Fault=NO"
487.043204,2026-03-10 18:27:15.725,ARDUINO_PSI,Arduino,0.000,0.000,12.753,,
487.143991,2026-03-10 18:27:15.826,ARDUINO_PSI,Arduino,0.000,0.000,12.758,,
487.244059,2026-03-10 18:27:15.926,ARDUINO_PSI,Arduino,0.000,0.000,12.758,,
487.343919,2026-03-10 18:27:16.026,ARDUINO_PSI,Arduino,0.000,0.000,12.762,,
487.443916,2026-03-10 18:27:16.126,ARDUINO_PSI,Arduino,0.000,0.000,12.755,,
487.466519,2026-03-10 18:27:16.148,WJ_VOLTAGE,WJ1,0.196,0.000,0,0,"HV=OFF, Fault=NO"
487.543942,2026-03-10 18:27:16.226,ARDUINO_PSI,Arduino,0.000,0.000,12.753,,
487.559151,2026-03-10 18:27:16.241,WJ_VOLTAGE,WJ2,0.000,0.000,0,0,"HV=OFF, Fault=NO"
487.644061,2026-03-10 18:27:16.326,ARDUINO_PSI,Arduino,0.000,0.000,12.753,,
487.744030,2026-03-10 18:27:16.426,ARDUINO_PSI,Arduino,0.000,0.000,12.753,,
487.844532,2026-03-10 18:27:16.526,ARDUINO_PSI,Arduino,0.000,0.000,12.751,,
487.943519,2026-03-10 18:27:16.625,ARDUINO_PSI,Arduino,0.000,0.000,12.737,,
487.993365,2026-03-10 18:27:16.675,WJ_VOLTAGE,WJ1,0.196,0.000,0,0,"HV=OFF, Fault=NO"
488.043312,2026-03-10 18:27:16.725,ARDUINO_PSI,Arduino,0.000,0.000,12.730,,
488.086426,2026-03-10 18:27:16.768,WJ_VOLTAGE,WJ2,0.000,0.000,0,0,"HV=OFF, Fault=NO"
488.144026,2026-03-10 18:27:16.826,ARDUINO_PSI,Arduino,0.000,0.000,12.737,,
488.244031,2026-03-10 18:27:16.926,ARDUINO_PSI,Arduino,0.000,0.000,12.746,,
488.343929,2026-03-10 18:27:17.026,ARDUINO_PSI,Arduino,0.000,0.000,12.748,,
488.443840,2026-03-10 18:27:17.125,ARDUINO_PSI,Arduino,0.000,0.000,12.751,,
488.529081,2026-03-10 18:27:17.211,WJ_VOLTAGE,WJ1,0.196,0.000,0,0,"HV=OFF, Fault=NO"
488.543275,2026-03-10 18:27:17.225,ARDUINO_PSI,Arduino,0.000,0.000,12.744,,
488.619804,2026-03-10 18:27:17.301,WJ_VOLTAGE,WJ2,0.000,0.000,0,0,"HV=OFF, Fault=NO"
488.643322,2026-03-10 18:27:17.325,ARDUINO_PSI,Arduino,0.000,0.000,12.746,,
488.744802,2026-03-10 18:27:17.426,ARDUINO_PSI,Arduino,0.000,0.000,12.748,,
488.843913,2026-03-10 18:27:17.526,ARDUINO_PSI,Arduino,0.000,0.000,12.746,,
488.943947,2026-03-10 18:27:17.626,ARDUINO_PSI,Arduino,0.000,0.000,12.735,,
489.043384,2026-03-10 18:27:17.725,ARDUINO_PSI,Arduino,0.000,0.000,12.739,,
489.055508,2026-03-10 18:27:17.737,WJ_VOLTAGE,WJ1,0.196,0.000,0,0,"HV=OFF, Fault=NO"
489.144157,2026-03-10 18:27:17.826,ARDUINO_PSI,Arduino,0.000,0.000,12.746,,
489.150461,2026-03-10 18:27:17.832,WJ_VOLTAGE,WJ2,0.000,0.000,0,0,"HV=OFF, Fault=NO"
489.244228,2026-03-10 18:27:17.926,ARDUINO_PSI,Arduino,0.000,0.000,12.748,,
489.343496,2026-03-10 18:27:18.025,ARDUINO_PSI,Arduino,0.000,0.000,12.735,,
489.444129,2026-03-10 18:27:18.126,ARDUINO_PSI,Arduino,0.000,0.000,12.742,,
489.543825,2026-03-10 18:27:18.225,ARDUINO_PSI,Arduino,0.000,0.000,12.737,,
489.586857,2026-03-10 18:27:18.269,WJ_VOLTAGE,WJ1,0.196,0.000,0,0,"HV=OFF, Fault=NO"
489.643360,2026-03-10 18:27:18.325,ARDUINO_PSI,Arduino,0.000,0.000,12.737,,
489.678233,2026-03-10 18:27:18.360,WJ_VOLTAGE,WJ2,0.000,0.000,0,0,"HV=OFF, Fault=NO"
489.744138,2026-03-10 18:27:18.426,ARDUINO_PSI,Arduino,0.000,0.000,12.726,,
489.843757,2026-03-10 18:27:18.525,ARDUINO_PSI,Arduino,0.000,0.000,12.744,,
489.944240,2026-03-10 18:27:18.626,ARDUINO_PSI,Arduino,0.000,0.000,12.748,,
490.044201,2026-03-10 18:27:18.726,ARDUINO_PSI,Arduino,0.000,0.000,12.755,,
490.117107,2026-03-10 18:27:18.799,WJ_VOLTAGE,WJ1,0.196,0.000,0,0,"HV=OFF, Fault=NO"
490.144015,2026-03-10 18:27:18.826,ARDUINO_PSI,Arduino,0.000,0.000,12.742,,
490.211047,2026-03-10 18:27:18.893,WJ_VOLTAGE,WJ2,0.000,0.000,0,0,"HV=OFF, Fault=NO"
490.243315,2026-03-10 18:27:18.925,ARDUINO_PSI,Arduino,0.000,0.000,12.739,,
490.344064,2026-03-10 18:27:19.026,ARDUINO_PSI,Arduino,0.000,0.000,12.737,,
490.444112,2026-03-10 18:27:19.126,ARDUINO_PSI,Arduino,0.000,0.000,12.732,,
490.543924,2026-03-10 18:27:19.226,ARDUINO_PSI,Arduino,0.000,0.000,12.742,,
490.643831,2026-03-10 18:27:19.325,ARDUINO_PSI,Arduino,0.000,0.000,12.746,,
490.650569,2026-03-10 18:27:19.332,WJ_VOLTAGE,WJ1,0.196,0.000,0,0,"HV=OFF, Fault=NO"
490.741156,2026-03-10 18:27:19.423,WJ_VOLTAGE,WJ2,0.000,0.000,0,0,"HV=OFF, Fault=NO"
490.756477,2026-03-10 18:27:19.438,ARDUINO_PSI,Arduino,0.000,0.000,12.758,,
490.843926,2026-03-10 18:27:19.526,ARDUINO_PSI,Arduino,0.000,0.000,12.751,,
490.944006,2026-03-10 18:27:19.626,ARDUINO_PSI,Arduino,0.000,0.000,12.762,,
491.043849,2026-03-10 18:27:19.726,ARDUINO_PSI,Arduino,0.000,0.000,12.748,,
491.143721,2026-03-10 18:27:19.825,ARDUINO_PSI,Arduino,0.000,0.000,12.744,,
491.174790,2026-03-10 18:27:19.856,WJ_VOLTAGE,WJ1,0.098,0.000,0,0,"HV=OFF, Fault=NO"
491.243964,2026-03-10 18:27:19.926,ARDUINO_PSI,Arduino,0.000,0.000,12.739,,
491.269722,2026-03-10 18:27:19.951,WJ_VOLTAGE,WJ2,0.000,0.000,0,0,"HV=OFF, Fault=NO"
491.344065,2026-03-10 18:27:20.026,ARDUINO_PSI,Arduino,0.000,0.000,12.737,,
491.444030,2026-03-10 18:27:20.126,ARDUINO_PSI,Arduino,0.000,0.000,12.737,,
491.543418,2026-03-10 18:27:20.225,ARDUINO_PSI,Arduino,0.000,0.000,12.737,,
491.643759,2026-03-10 18:27:20.325,ARDUINO_PSI,Arduino,0.000,0.000,12.737,,
491.703016,2026-03-10 18:27:20.385,WJ_VOLTAGE,WJ1,0.098,0.000,0,0,"HV=OFF, Fault=NO"
491.743385,2026-03-10 18:27:20.425,ARDUINO_PSI,Arduino,0.000,0.000,12.739,,
491.796454,2026-03-10 18:27:20.478,WJ_VOLTAGE,WJ2,0.000,0.000,0,0,"HV=OFF, Fault=NO"
491.844067,2026-03-10 18:27:20.526,ARDUINO_PSI,Arduino,0.000,0.000,12.732,,
491.943910,2026-03-10 18:27:20.626,ARDUINO_PSI,Arduino,0.000,0.000,12.739,,
492.043372,2026-03-10 18:27:20.725,ARDUINO_PSI,Arduino,0.000,0.000,12.726,,
492.143897,2026-03-10 18:27:20.826,ARDUINO_PSI,Arduino,0.000,0.000,12.732,,
492.232894,2026-03-10 18:27:20.915,WJ_VOLTAGE,WJ1,0.098,0.000,0,0,"HV=OFF, Fault=NO"
492.243243,2026-03-10 18:27:20.925,ARDUINO_PSI,Arduino,0.000,0.000,12.742,,
492.311627,2026-03-10 18:27:20.993,WJ_VOLTAGE,WJ2,0.000,0.000,0,0,"HV=OFF, Fault=NO"
492.343463,2026-03-10 18:27:21.025,ARDUINO_PSI,Arduino,0.000,0.000,12.753,,
492.443825,2026-03-10 18:27:21.125,ARDUINO_PSI,Arduino,0.000,0.000,12.760,,
492.543899,2026-03-10 18:27:21.226,ARDUINO_PSI,Arduino,0.000,0.000,12.751,,
492.643928,2026-03-10 18:27:21.326,ARDUINO_PSI,Arduino,0.000,0.000,12.744,,
492.743980,2026-03-10 18:27:21.426,ARDUINO_PSI,Arduino,0.000,0.000,12.730,,
492.752788,2026-03-10 18:27:21.434,WJ_VOLTAGE,WJ1,0.098,0.000,0,0,"HV=OFF, Fault=NO"
492.844370,2026-03-10 18:27:21.526,ARDUINO_PSI,Arduino,0.000,0.000,12.742,,
492.849187,2026-03-10 18:27:21.531,WJ_VOLTAGE,WJ2,0.000,0.000,0,0,"HV=OFF, Fault=NO"
492.943998,2026-03-10 18:27:21.626,ARDUINO_PSI,Arduino,0.000,0.000,12.737,,
493.043954,2026-03-10 18:27:21.726,ARDUINO_PSI,Arduino,0.000,0.000,12.744,,
493.144144,2026-03-10 18:27:21.826,ARDUINO_PSI,Arduino,0.000,0.000,12.728,,
493.243943,2026-03-10 18:27:21.926,ARDUINO_PSI,Arduino,0.000,0.000,12.719,,
493.285310,2026-03-10 18:27:21.967,WJ_VOLTAGE,WJ1,0.098,0.000,0,0,"HV=OFF, Fault=NO"
493.344154,2026-03-10 18:27:22.026,ARDUINO_PSI,Arduino,0.000,0.000,12.726,,
493.378113,2026-03-10 18:27:22.060,WJ_VOLTAGE,WJ2,0.000,0.000,0,0,"HV=OFF, Fault=NO"
493.444017,2026-03-10 18:27:22.126,ARDUINO_PSI,Arduino,0.000,0.000,12.721,,
493.543456,2026-03-10 18:27:22.225,ARDUINO_PSI,Arduino,0.000,0.000,12.716,,
493.644137,2026-03-10 18:27:22.326,ARDUINO_PSI,Arduino,0.000,0.000,12.700,,
493.744018,2026-03-10 18:27:22.426,ARDUINO_PSI,Arduino,0.000,0.000,12.710,,
493.815901,2026-03-10 18:27:22.498,WJ_VOLTAGE,WJ1,0.098,0.000,0,0,"HV=OFF, Fault=NO"
493.843243,2026-03-10 18:27:22.525,ARDUINO_PSI,Arduino,0.000,0.000,12.707,,
493.908529,2026-03-10 18:27:22.590,WJ_VOLTAGE,WJ2,0.000,0.000,0,0,"HV=OFF, Fault=NO"
493.943446,2026-03-10 18:27:22.625,ARDUINO_PSI,Arduino,0.000,0.000,12.710,,
494.043528,2026-03-10 18:27:22.725,ARDUINO_PSI,Arduino,0.000,0.000,12.712,,
494.144074,2026-03-10 18:27:22.826,ARDUINO_PSI,Arduino,0.000,0.000,12.707,,
494.243808,2026-03-10 18:27:22.925,ARDUINO_PSI,Arduino,0.000,0.000,12.696,,
494.344321,2026-03-10 18:27:23.026,ARDUINO_PSI,Arduino,0.000,0.000,12.691,,
494.349736,2026-03-10 18:27:23.031,WJ_VOLTAGE,WJ1,0.098,0.000,0,0,"HV=OFF, Fault=NO"
494.440968,2026-03-10 18:27:23.123,WJ_VOLTAGE,WJ2,0.000,0.000,0,0,"HV=OFF, Fault=NO"
494.456254,2026-03-10 18:27:23.138,ARDUINO_PSI,Arduino,0.000,0.000,12.694,,
494.543717,2026-03-10 18:27:23.225,ARDUINO_PSI,Arduino,0.000,0.000,12.698,,
494.644041,2026-03-10 18:27:23.326,ARDUINO_PSI,Arduino,0.000,0.000,12.710,,
494.743718,2026-03-10 18:27:23.425,ARDUINO_PSI,Arduino,0.000,0.000,12.707,,
494.843923,2026-03-10 18:27:23.526,ARDUINO_PSI,Arduino,0.000,0.000,12.712,,
494.875127,2026-03-10 18:27:23.557,WJ_VOLTAGE,WJ1,0.098,0.000,0,0,"HV=OFF, Fault=NO"
494.944109,2026-03-10 18:27:23.626,ARDUINO_PSI,Arduino,0.000,0.000,12.712,,
494.971983,2026-03-10 18:27:23.654,WJ_VOLTAGE,WJ2,0.000,0.000,0,0,"HV=OFF, Fault=NO"
495.043942,2026-03-10 18:27:23.726,ARDUINO_PSI,Arduino,0.000,0.000,12.714,,
495.143968,2026-03-10 18:27:23.826,ARDUINO_PSI,Arduino,0.000,0.000,12.723,,
495.244199,2026-03-10 18:27:23.926,ARDUINO_PSI,Arduino,0.000,0.000,12.726,,
495.343890,2026-03-10 18:27:24.026,ARDUINO_PSI,Arduino,0.000,0.000,12.735,,
495.406000,2026-03-10 18:27:24.088,WJ_VOLTAGE,WJ1,0.098,0.000,0,0,"HV=OFF, Fault=NO"
495.443750,2026-03-10 18:27:24.125,ARDUINO_PSI,Arduino,0.000,0.000,12.735,,
495.503062,2026-03-10 18:27:24.185,WJ_VOLTAGE,WJ2,0.000,0.000,0,0,"HV=OFF, Fault=NO"
495.544083,2026-03-10 18:27:24.226,ARDUINO_PSI,Arduino,0.000,0.000,12.737,,
495.644574,2026-03-10 18:27:24.326,ARDUINO_PSI,Arduino,0.000,0.000,12.755,,
495.713884,2026-03-10 18:27:24.396,WJ_VOLTAGE,WJ2,0.000,0.000,0,0,"HV=OFF, Fault=NO"
495.743291,2026-03-10 18:27:24.425,ARDUINO_PSI,Arduino,0.000,0.000,12.751,,
495.844292,2026-03-10 18:27:24.526,ARDUINO_PSI,Arduino,0.000,0.000,12.753,,
495.937562,2026-03-10 18:27:24.619,WJ_VOLTAGE,WJ1,0.098,0.000,0,0,"HV=OFF, Fault=NO"
495.949120,2026-03-10 18:27:24.631,ARDUINO_PSI,Arduino,0.000,0.000,12.751,,
496.044071,2026-03-10 18:27:24.726,ARDUINO_PSI,Arduino,0.000,0.000,12.767,,
496.143427,2026-03-10 18:27:24.825,ARDUINO_PSI,Arduino,0.000,0.000,12.776,,
496.243398,2026-03-10 18:27:24.925,ARDUINO_PSI,Arduino,0.000,0.000,12.785,,
496.344456,2026-03-10 18:27:25.026,ARDUINO_PSI,Arduino,0.000,0.000,12.787,,
496.443974,2026-03-10 18:27:25.126,ARDUINO_PSI,Arduino,0.000,0.000,12.783,,
496.485826,2026-03-10 18:27:25.167,WJ_VOLTAGE,WJ1,0.098,0.000,0,0,"HV=OFF, Fault=NO"
496.543980,2026-03-10 18:27:25.226,ARDUINO_PSI,Arduino,0.000,0.000,12.792,,
496.643880,2026-03-10 18:27:25.326,ARDUINO_PSI,Arduino,0.000,0.000,12.785,,
496.744053,2026-03-10 18:27:25.426,ARDUINO_PSI,Arduino,0.000,0.000,12.792,,
496.844205,2026-03-10 18:27:25.526,ARDUINO_PSI,Arduino,0.000,0.000,12.780,,
496.943891,2026-03-10 18:27:25.626,ARDUINO_PSI,Arduino,0.000,0.000,12.783,,
497.013944,2026-03-10 18:27:25.696,WJ_VOLTAGE,WJ1,0.098,0.000,0,0,"HV=OFF, Fault=NO"
497.043463,2026-03-10 18:27:25.725,ARDUINO_PSI,Arduino,0.000,0.000,12.780,,
497.144094,2026-03-10 18:27:25.826,ARDUINO_PSI,Arduino,0.000,0.000,12.778,,
497.244022,2026-03-10 18:27:25.926,ARDUINO_PSI,Arduino,0.000,0.000,12.794,,
497.343538,2026-03-10 18:27:26.025,ARDUINO_PSI,Arduino,0.000,0.000,12.785,,
497.443664,2026-03-10 18:27:26.125,ARDUINO_PSI,Arduino,0.000,0.000,12.778,,
497.544205,2026-03-10 18:27:26.226,WJ_VOLTAGE,WJ1,0.098,0.000,0,0,"HV=OFF, Fault=NO"
497.557634,2026-03-10 18:27:26.239,ARDUINO_PSI,Arduino,0.000,0.000,12.783,,
497.644007,2026-03-10 18:27:26.326,ARDUINO_PSI,Arduino,0.000,0.000,12.769,,
497.744009,2026-03-10 18:27:26.426,ARDUINO_PSI,Arduino,0.000,0.000,12.771,,
497.843441,2026-03-10 18:27:26.525,ARDUINO_PSI,Arduino,0.000,0.000,12.769,,
497.943841,2026-03-10 18:27:26.625,ARDUINO_PSI,Arduino,0.000,0.000,12.762,,
498.043950,2026-03-10 18:27:26.726,ARDUINO_PSI,Arduino,0.000,0.000,12.739,,
498.070733,2026-03-10 18:27:26.752,WJ_VOLTAGE,WJ1,0.098,0.000,0,0,"HV=OFF, Fault=NO"
498.144462,2026-03-10 18:27:26.826,ARDUINO_PSI,Arduino,0.000,0.000,12.732,,
498.243868,2026-03-10 18:27:26.926,ARDUINO_PSI,Arduino,0.000,0.000,12.728,,
498.343902,2026-03-10 18:27:27.026,ARDUINO_PSI,Arduino,0.000,0.000,12.728,,
498.443987,2026-03-10 18:27:27.126,ARDUINO_PSI,Arduino,0.000,0.000,12.728,,
498.543842,2026-03-10 18:27:27.225,ARDUINO_PSI,Arduino,0.000,0.000,12.716,,
498.599448,2026-03-10 18:27:27.281,WJ_VOLTAGE,WJ1,0.098,0.000,0,0,"HV=OFF, Fault=NO"
498.644265,2026-03-10 18:27:27.326,ARDUINO_PSI,Arduino,0.000,0.000,12.705,,
498.744077,2026-03-10 18:27:27.426,ARDUINO_PSI,Arduino,0.000,0.000,12.700,,
498.844095,2026-03-10 18:27:27.526,ARDUINO_PSI,Arduino,0.000,0.000,12.705,,
498.944003,2026-03-10 18:27:27.626,ARDUINO_PSI,Arduino,0.000,0.000,12.705,,
499.043785,2026-03-10 18:27:27.725,ARDUINO_PSI,Arduino,0.000,0.000,12.703,,
499.123735,2026-03-10 18:27:27.805,WJ_VOLTAGE,WJ1,0.098,0.000,0,0,"HV=OFF, Fault=NO"
499.143374,2026-03-10 18:27:27.825,ARDUINO_PSI,Arduino,0.000,0.000,12.710,,
499.243998,2026-03-10 18:27:27.926,ARDUINO_PSI,Arduino,0.000,0.000,12.691,,
499.344677,2026-03-10 18:27:28.026,ARDUINO_PSI,Arduino,0.000,0.000,12.694,,
499.444001,2026-03-10 18:27:28.126,ARDUINO_PSI,Arduino,0.000,0.000,12.698,,
499.544027,2026-03-10 18:27:28.226,ARDUINO_PSI,Arduino,0.000,0.000,12.700,,
499.643886,2026-03-10 18:27:28.326,ARDUINO_PSI,Arduino,0.000,0.000,12.710,,
499.651645,2026-03-10 18:27:28.333,WJ_VOLTAGE,WJ1,0.098,0.000,0,0,"HV=OFF, Fault=NO"
499.743961,2026-03-10 18:27:28.426,ARDUINO_PSI,Arduino,0.000,0.000,12.707,,
499.843916,2026-03-10 18:27:28.526,ARDUINO_PSI,Arduino,0.000,0.000,12.703,,
499.944133,2026-03-10 18:27:28.626,ARDUINO_PSI,Arduino,0.000,0.000,12.710,,
500.043324,2026-03-10 18:27:28.725,ARDUINO_PSI,Arduino,0.000,0.000,12.728,,
500.144201,2026-03-10 18:27:28.826,ARDUINO_PSI,Arduino,0.000,0.000,12.723,,
500.182650,2026-03-10 18:27:28.864,WJ_VOLTAGE,WJ1,0.098,0.000,0,0,"HV=OFF, Fault=NO"
500.244153,2026-03-10 18:27:28.926,ARDUINO_PSI,Arduino,0.000,0.000,12.716,,
500.343364,2026-03-10 18:27:29.025,ARDUINO_PSI,Arduino,0.000,0.000,12.710,,
500.443689,2026-03-10 18:27:29.125,ARDUINO_PSI,Arduino,0.000,0.000,12.723,,
500.543426,2026-03-10 18:27:29.225,ARDUINO_PSI,Arduino,0.000,0.000,12.730,,
500.643886,2026-03-10 18:27:29.326,ARDUINO_PSI,Arduino,0.000,0.000,12.735,,
500.708572,2026-03-10 18:27:29.390,WJ_VOLTAGE,WJ1,0.098,0.000,0,0,"HV=OFF, Fault=NO"
500.743442,2026-03-10 18:27:29.425,ARDUINO_PSI,Arduino,0.000,0.000,12.737,,
500.844090,2026-03-10 18:27:29.526,ARDUINO_PSI,Arduino,0.000,0.000,12.735,,
500.944039,2026-03-10 18:27:29.626,ARDUINO_PSI,Arduino,0.000,0.000,12.732,,
501.044072,2026-03-10 18:27:29.726,ARDUINO_PSI,Arduino,0.000,0.000,12.730,,
501.144012,2026-03-10 18:27:29.826,ARDUINO_PSI,Arduino,0.000,0.000,12.723,,
501.237972,2026-03-10 18:27:29.920,WJ_VOLTAGE,WJ1,0.098,0.000,0,0,"HV=OFF, Fault=NO"
501.255767,2026-03-10 18:27:29.937,ARDUINO_PSI,Arduino,0.000,0.000,12.726,,
501.344023,2026-03-10 18:27:30.026,ARDUINO_PSI,Arduino,0.000,0.000,12.723,,
501.444025,2026-03-10 18:27:30.126,ARDUINO_PSI,Arduino,0.000,0.000,12.723,,
501.543952,2026-03-10 18:27:30.226,ARDUINO_PSI,Arduino,0.000,0.000,12.719,,
501.644055,2026-03-10 18:27:30.326,ARDUINO_PSI,Arduino,0.000,0.000,12.719,,
501.743843,2026-03-10 18:27:30.425,ARDUINO_PSI,Arduino,0.000,0.000,12.721,,
501.755153,2026-03-10 18:27:30.437,WJ_VOLTAGE,WJ1,0.098,0.000,0,0,"HV=OFF, Fault=NO"
502.004366,2026-03-10 18:27:30.686,WJ_COMMAND,WJ1,HV_ON,,,,HV_ON 
502.005314,2026-03-10 18:27:30.687,ERROR,WJ2,,,,,WJPowerSupply not connected
502.005662,2026-03-10 18:27:30.687,ARDUINO_PSI,Arduino,0.000,0.000,12.723,,
502.007393,2026-03-10 18:27:30.689,WJ_VOLTAGE,WJ1,0.098,0.000,0,0,"HV=OFF, Fault=NO"
502.008220,2026-03-10 18:27:30.690,ARDUINO_PSI,Arduino,0.000,0.000,12.730,,
502.043421,2026-03-10 18:27:30.725,ARDUINO_PSI,Arduino,0.000,0.000,12.721,,
502.144210,2026-03-10 18:27:30.826,ARDUINO_PSI,Arduino,0.000,0.000,12.728,,
502.243935,2026-03-10 18:27:30.926,ARDUINO_PSI,Arduino,0.000,0.000,12.735,,
502.344000,2026-03-10 18:27:31.026,ARDUINO_PSI,Arduino,0.000,0.000,12.726,,
502.444099,2026-03-10 18:27:31.126,ARDUINO_PSI,Arduino,0.000,0.000,12.721,,
502.543208,2026-03-10 18:27:31.225,ARDUINO_PSI,Arduino,0.000,0.000,12.710,,
502.644184,2026-03-10 18:27:31.326,ARDUINO_PSI,Arduino,0.000,0.000,12.712,,
502.743414,2026-03-10 18:27:31.425,ARDUINO_PSI,Arduino,0.000,0.000,12.716,,
502.844178,2026-03-10 18:27:31.526,ARDUINO_PSI,Arduino,0.000,0.000,12.712,,
502.943926,2026-03-10 18:27:31.626,ARDUINO_PSI,Arduino,0.000,0.000,12.719,,
503.043288,2026-03-10 18:27:31.725,ARDUINO_PSI,Arduino,0.000,0.000,12.723,,
503.144041,2026-03-10 18:27:31.826,ARDUINO_PSI,Arduino,0.000,0.000,12.730,,
503.197081,2026-03-10 18:27:31.879,WJ_VOLTAGE,WJ1,0.000,0.000,0,0,"HV=OFF, Fault=NO"
503.243588,2026-03-10 18:27:31.925,ARDUINO_PSI,Arduino,0.000,0.000,12.735,,
503.344108,2026-03-10 18:27:32.026,ARDUINO_PSI,Arduino,0.000,0.000,12.737,,
503.444259,2026-03-10 18:27:32.126,ARDUINO_PSI,Arduino,0.000,0.000,12.730,,
503.544076,2026-03-10 18:27:32.226,ARDUINO_PSI,Arduino,0.000,0.000,12.730,,
503.643956,2026-03-10 18:27:32.326,ARDUINO_PSI,Arduino,0.000,0.000,12.721,,
503.727884,2026-03-10 18:27:32.410,WJ_VOLTAGE,WJ1,0.000,0.000,0,0,"HV=OFF, Fault=NO"
503.743285,2026-03-10 18:27:32.425,ARDUINO_PSI,Arduino,0.000,0.000,12.721,,
503.843649,2026-03-10 18:27:32.525,ARDUINO_PSI,Arduino,0.000,0.000,12.721,,
503.944034,2026-03-10 18:27:32.626,ARDUINO_PSI,Arduino,0.000,0.000,12.721,,
504.044292,2026-03-10 18:27:32.726,ARDUINO_PSI,Arduino,0.000,0.000,12.728,,
504.144079,2026-03-10 18:27:32.826,ARDUINO_PSI,Arduino,0.000,0.000,12.728,,
504.244029,2026-03-10 18:27:32.926,ARDUINO_PSI,Arduino,0.000,0.000,12.730,,
504.256435,2026-03-10 18:27:32.938,WJ_VOLTAGE,WJ1,0.000,0.000,0,0,"HV=OFF, Fault=NO"
504.343984,2026-03-10 18:27:33.026,ARDUINO_PSI,Arduino,0.000,0.000,12.742,,
504.443951,2026-03-10 18:27:33.126,ARDUINO_PSI,Arduino,0.000,0.000,12.744,,
504.543530,2026-03-10 18:27:33.225,ARDUINO_PSI,Arduino,0.000,0.000,12.742,,
504.643771,2026-03-10 18:27:33.325,ARDUINO_PSI,Arduino,0.000,0.000,12.753,,
504.744098,2026-03-10 18:27:33.426,ARDUINO_PSI,Arduino,0.000,0.000,12.748,,
504.795897,2026-03-10 18:27:33.478,WJ_VOLTAGE,WJ1,0.000,0.000,0,0,"HV=OFF, Fault=NO"
504.843351,2026-03-10 18:27:33.525,ARDUINO_PSI,Arduino,0.000,0.000,12.753,,
504.943969,2026-03-10 18:27:33.626,ARDUINO_PSI,Arduino,0.000,0.000,12.744,,
505.043994,2026-03-10 18:27:33.726,ARDUINO_PSI,Arduino,0.000,0.000,12.732,,
505.143781,2026-03-10 18:27:33.825,ARDUINO_PSI,Arduino,0.000,0.000,12.735,,
505.244123,2026-03-10 18:27:33.926,ARDUINO_PSI,Arduino,0.000,0.000,12.730,,
505.325342,2026-03-10 18:27:34.007,WJ_VOLTAGE,WJ1,0.000,0.000,0,0,"HV=OFF, Fault=NO"
505.344580,2026-03-10 18:27:34.026,ARDUINO_PSI,Arduino,0.000,0.000,12.730,,
505.865167,2026-03-10 18:27:34.547,WJ_COMMAND,WJ1,SET_PROGRAM,10.0kV_2.0mA,,,SET_PROGRAM 10.0kV_2.0mA
505.867143,2026-03-10 18:27:34.549,ERROR,WJ2,,,,,WJPowerSupply not connected
505.868170,2026-03-10 18:27:34.550,ARDUINO_PSI,Arduino,0.000,0.000,12.730,,
505.871569,2026-03-10 18:27:34.553,ARDUINO_PSI,Arduino,0.000,0.000,12.737,,
505.872909,2026-03-10 18:27:34.555,ARDUINO_PSI,Arduino,0.000,0.000,12.744,,
505.873932,2026-03-10 18:27:34.556,ARDUINO_PSI,Arduino,0.000,0.000,12.742,,
505.874977,2026-03-10 18:27:34.557,ARDUINO_PSI,Arduino,0.000,0.000,12.744,,
505.944336,2026-03-10 18:27:34.626,ARDUINO_PSI,Arduino,0.000,0.000,12.742,,
506.044008,2026-03-10 18:27:34.726,ARDUINO_PSI,Arduino,0.000,0.000,12.730,,
506.143896,2026-03-10 18:27:34.826,ARDUINO_PSI,Arduino,0.000,0.000,12.739,,
506.243892,2026-03-10 18:27:34.926,ARDUINO_PSI,Arduino,0.000,0.000,12.732,,
506.343596,2026-03-10 18:27:35.025,ARDUINO_PSI,Arduino,0.000,0.000,12.728,,
506.396679,2026-03-10 18:27:35.078,WJ_VOLTAGE,WJ1,0.000,0.000,0,0,"HV=OFF, Fault=NO"
506.443827,2026-03-10 18:27:35.125,ARDUINO_PSI,Arduino,0.000,0.000,12.719,,
506.543869,2026-03-10 18:27:35.226,ARDUINO_PSI,Arduino,0.000,0.000,12.730,,
506.643500,2026-03-10 18:27:35.325,ARDUINO_PSI,Arduino,0.000,0.000,12.714,,
506.891797,2026-03-10 18:27:35.573,WJ_COMMAND,WJ1,HV_ON,,,,HV_ON 
506.893771,2026-03-10 18:27:35.575,ERROR,WJ2,,,,,WJPowerSupply not connected
506.894822,2026-03-10 18:27:35.576,ARDUINO_PSI,Arduino,0.000,0.000,12.714,,
506.898891,2026-03-10 18:27:35.581,WJ_VOLTAGE,WJ1,0.000,0.000,0,0,"HV=OFF, Fault=NO"
506.899898,2026-03-10 18:27:35.582,ARDUINO_PSI,Arduino,0.000,0.000,12.703,,
506.943509,2026-03-10 18:27:35.625,ARDUINO_PSI,Arduino,0.000,0.000,12.691,,
507.044114,2026-03-10 18:27:35.726,ARDUINO_PSI,Arduino,0.000,0.000,12.694,,
507.144152,2026-03-10 18:27:35.826,ARDUINO_PSI,Arduino,0.000,0.000,12.682,,
507.244325,2026-03-10 18:27:35.926,ARDUINO_PSI,Arduino,0.000,0.000,12.684,,
507.344640,2026-03-10 18:27:36.026,WJ_VOLTAGE,WJ1,0.000,0.088,0,0,"HV=OFF, Fault=NO"
507.356389,2026-03-10 18:27:36.038,ARDUINO_PSI,Arduino,0.000,0.000,12.694,,
507.444012,2026-03-10 18:27:36.126,ARDUINO_PSI,Arduino,0.000,0.000,12.703,,
507.544149,2026-03-10 18:27:36.226,ARDUINO_PSI,Arduino,0.000,0.000,12.700,,
507.643890,2026-03-10 18:27:36.326,ARDUINO_PSI,Arduino,0.000,0.000,12.700,,
507.744022,2026-03-10 18:27:36.426,ARDUINO_PSI,Arduino,0.000,0.000,12.703,,
507.844044,2026-03-10 18:27:36.526,ARDUINO_PSI,Arduino,0.000,0.000,12.710,,
507.875368,2026-03-10 18:27:36.557,WJ_VOLTAGE,WJ1,1.857,2.000,0,0,"HV=OFF, Fault=NO"
507.944160,2026-03-10 18:27:36.626,ARDUINO_PSI,Arduino,0.000,0.000,12.707,,
508.044150,2026-03-10 18:27:36.726,ARDUINO_PSI,Arduino,0.000,0.000,12.710,,
508.143411,2026-03-10 18:27:36.825,ARDUINO_PSI,Arduino,0.000,0.000,12.700,,
508.244168,2026-03-10 18:27:36.926,ARDUINO_PSI,Arduino,0.000,0.000,12.705,,
508.344193,2026-03-10 18:27:37.026,ARDUINO_PSI,Arduino,0.000,0.000,12.703,,
508.406101,2026-03-10 18:27:37.088,WJ_VOLTAGE,WJ1,3.030,2.000,0,0,"HV=OFF, Fault=NO"
508.443506,2026-03-10 18:27:37.125,ARDUINO_PSI,Arduino,0.000,0.000,12.700,,
508.544646,2026-03-10 18:27:37.226,ARDUINO_PSI,Arduino,0.000,0.000,12.696,,
508.644255,2026-03-10 18:27:37.326,ARDUINO_PSI,Arduino,0.000,0.000,12.689,,
508.743654,2026-03-10 18:27:37.425,ARDUINO_PSI,Arduino,0.000,0.000,12.680,,
508.843332,2026-03-10 18:27:37.525,ARDUINO_PSI,Arduino,0.000,0.000,12.687,,
508.934052,2026-03-10 18:27:37.616,WJ_VOLTAGE,WJ1,4.497,2.000,0,0,"HV=OFF, Fault=NO"
508.952924,2026-03-10 18:27:37.635,ARDUINO_PSI,Arduino,0.000,0.000,12.712,,
509.043992,2026-03-10 18:27:37.726,ARDUINO_PSI,Arduino,0.000,0.000,12.723,,
509.143888,2026-03-10 18:27:37.826,ARDUINO_PSI,Arduino,0.000,0.000,12.728,,
509.243624,2026-03-10 18:27:37.925,ARDUINO_PSI,Arduino,0.000,0.000,12.723,,
509.343949,2026-03-10 18:27:38.026,ARDUINO_PSI,Arduino,0.000,0.000,12.716,,
509.444090,2026-03-10 18:27:38.126,ARDUINO_PSI,Arduino,0.000,0.000,12.705,,
509.466363,2026-03-10 18:27:38.148,WJ_VOLTAGE,WJ1,5.670,2.000,0,0,"HV=OFF, Fault=NO"
509.544605,2026-03-10 18:27:38.226,ARDUINO_PSI,Arduino,0.000,0.000,12.705,,
509.644002,2026-03-10 18:27:38.326,ARDUINO_PSI,Arduino,0.000,0.000,12.714,,
509.744078,2026-03-10 18:27:38.426,ARDUINO_PSI,Arduino,0.000,0.000,12.705,,
509.843965,2026-03-10 18:27:38.526,ARDUINO_PSI,Arduino,0.000,0.000,12.698,,
509.944216,2026-03-10 18:27:38.626,ARDUINO_PSI,Arduino,0.000,0.000,12.698,,
509.998369,2026-03-10 18:27:38.680,WJ_VOLTAGE,WJ1,6.940,2.000,0,0,"HV=OFF, Fault=NO"
510.043393,2026-03-10 18:27:38.725,ARDUINO_PSI,Arduino,0.000,0.000,12.691,,
510.144020,2026-03-10 18:27:38.826,ARDUINO_PSI,Arduino,0.000,0.000,12.698,,
510.244010,2026-03-10 18:27:38.926,ARDUINO_PSI,Arduino,0.000,0.000,12.694,,
510.344201,2026-03-10 18:27:39.026,ARDUINO_PSI,Arduino,0.000,0.000,12.698,,
510.444021,2026-03-10 18:27:39.126,ARDUINO_PSI,Arduino,0.000,0.000,12.696,,
510.528190,2026-03-10 18:27:39.210,WJ_VOLTAGE,WJ1,8.211,2.000,0,0,"HV=OFF, Fault=NO"
510.545696,2026-03-10 18:27:39.227,ARDUINO_PSI,Arduino,0.000,0.000,12.687,,
510.644027,2026-03-10 18:27:39.326,ARDUINO_PSI,Arduino,0.000,0.000,12.700,,
510.744141,2026-03-10 18:27:39.426,ARDUINO_PSI,Arduino,0.000,0.000,12.703,,
510.844234,2026-03-10 18:27:39.526,ARDUINO_PSI,Arduino,0.000,0.000,12.700,,
510.943399,2026-03-10 18:27:39.625,ARDUINO_PSI,Arduino,0.000,0.000,12.696,,
511.043215,2026-03-10 18:27:39.725,ARDUINO_PSI,Arduino,0.000,0.000,12.698,,
511.055144,2026-03-10 18:27:39.737,WJ_VOLTAGE,WJ1,9.482,2.000,0,0,"HV=OFF, Fault=NO"
511.143887,2026-03-10 18:27:39.826,ARDUINO_PSI,Arduino,0.000,0.000,12.696,,
511.244033,2026-03-10 18:27:39.926,ARDUINO_PSI,Arduino,0.000,0.000,12.691,,
511.344125,2026-03-10 18:27:40.026,ARDUINO_PSI,Arduino,0.000,0.000,12.689,,
511.444130,2026-03-10 18:27:40.126,ARDUINO_PSI,Arduino,0.000,0.000,12.689,,
511.543904,2026-03-10 18:27:40.226,ARDUINO_PSI,Arduino,0.000,0.000,12.684,,
511.572374,2026-03-10 18:27:40.254,WJ_VOLTAGE,WJ1,9.971,0.674,0,0,"HV=OFF, Fault=NO"
511.644102,2026-03-10 18:27:40.326,ARDUINO_PSI,Arduino,0.000,0.000,12.680,,
511.743751,2026-03-10 18:27:40.425,ARDUINO_PSI,Arduino,0.000,0.000,12.687,,
511.843989,2026-03-10 18:27:40.526,ARDUINO_PSI,Arduino,0.000,0.000,12.689,,
511.943978,2026-03-10 18:27:40.626,ARDUINO_PSI,Arduino,0.000,0.000,12.698,,
512.043316,2026-03-10 18:27:40.725,ARDUINO_PSI,Arduino,0.000,0.000,12.712,,
512.104731,2026-03-10 18:27:40.786,WJ_VOLTAGE,WJ1,9.971,0.194,0,0,"HV=OFF, Fault=NO"
512.143315,2026-03-10 18:27:40.825,ARDUINO_PSI,Arduino,0.000,0.000,12.707,,
512.244060,2026-03-10 18:27:40.926,ARDUINO_PSI,Arduino,0.000,0.000,12.696,,
512.344080,2026-03-10 18:27:41.026,ARDUINO_PSI,Arduino,0.000,0.000,12.691,,
512.444409,2026-03-10 18:27:41.126,ARDUINO_PSI,Arduino,0.000,0.000,12.705,,
512.544140,2026-03-10 18:27:41.226,ARDUINO_PSI,Arduino,0.000,0.000,12.726,,
512.631327,2026-03-10 18:27:41.313,WJ_VOLTAGE,WJ1,9.971,0.065,0,0,"HV=OFF, Fault=NO"
512.645495,2026-03-10 18:27:41.327,ARDUINO_PSI,Arduino,0.000,0.000,12.726,,
512.744020,2026-03-10 18:27:41.426,ARDUINO_PSI,Arduino,0.000,0.000,12.737,,
512.844099,2026-03-10 18:27:41.526,ARDUINO_PSI,Arduino,0.000,0.000,12.737,,
512.944055,2026-03-10 18:27:41.626,ARDUINO_PSI,Arduino,0.000,0.000,12.735,,
513.043508,2026-03-10 18:27:41.725,ARDUINO_PSI,Arduino,0.000,0.000,12.730,,
513.143990,2026-03-10 18:27:41.826,ARDUINO_PSI,Arduino,0.000,0.000,12.735,,
513.163214,2026-03-10 18:27:41.845,WJ_VOLTAGE,WJ1,9.971,0.029,0,0,"HV=OFF, Fault=NO"
513.243830,2026-03-10 18:27:41.925,ARDUINO_PSI,Arduino,0.000,0.000,12.751,,
513.343801,2026-03-10 18:27:42.025,ARDUINO_PSI,Arduino,0.000,0.000,12.753,,
513.443815,2026-03-10 18:27:42.125,ARDUINO_PSI,Arduino,0.000,0.000,12.755,,
513.543517,2026-03-10 18:27:42.225,ARDUINO_PSI,Arduino,0.000,0.000,12.760,,
513.644004,2026-03-10 18:27:42.326,ARDUINO_PSI,Arduino,0.000,0.000,12.751,,
513.695779,2026-03-10 18:27:42.377,WJ_VOLTAGE,WJ1,9.971,0.018,0,0,"HV=OFF, Fault=NO"
513.743614,2026-03-10 18:27:42.425,ARDUINO_PSI,Arduino,0.000,0.000,12.737,,
513.844143,2026-03-10 18:27:42.526,ARDUINO_PSI,Arduino,0.000,0.000,12.730,,
513.944130,2026-03-10 18:27:42.626,ARDUINO_PSI,Arduino,0.000,0.000,12.719,,
514.043312,2026-03-10 18:27:42.725,ARDUINO_PSI,Arduino,0.000,0.000,12.719,,
514.144086,2026-03-10 18:27:42.826,ARDUINO_PSI,Arduino,0.000,0.000,12.712,,
514.225555,2026-03-10 18:27:42.907,WJ_VOLTAGE,WJ1,9.971,0.018,0,0,"HV=OFF, Fault=NO"
514.243483,2026-03-10 18:27:42.925,ARDUINO_PSI,Arduino,0.000,0.000,12.728,,
514.343332,2026-03-10 18:27:43.025,ARDUINO_PSI,Arduino,0.000,0.000,12.732,,
514.444091,2026-03-10 18:27:43.126,ARDUINO_PSI,Arduino,0.000,0.000,12.728,,
514.543961,2026-03-10 18:27:43.226,ARDUINO_PSI,Arduino,0.000,0.000,12.705,,
514.644725,2026-03-10 18:27:43.326,ARDUINO_PSI,Arduino,0.000,0.000,12.710,,
514.743933,2026-03-10 18:27:43.426,ARDUINO_PSI,Arduino,0.000,0.000,12.700,,
514.755773,2026-03-10 18:27:43.437,WJ_VOLTAGE,WJ1,9.971,0.018,0,0,"HV=OFF, Fault=NO"
514.843838,2026-03-10 18:27:43.525,ARDUINO_PSI,Arduino,0.000,0.000,12.714,,
514.943948,2026-03-10 18:27:43.626,ARDUINO_PSI,Arduino,0.000,0.000,12.703,,
515.043377,2026-03-10 18:27:43.725,ARDUINO_PSI,Arduino,0.000,0.000,12.703,,
515.144176,2026-03-10 18:27:43.826,ARDUINO_PSI,Arduino,0.000,0.000,12.705,,
515.244281,2026-03-10 18:27:43.926,ARDUINO_PSI,Arduino,0.000,0.000,12.694,,
515.283838,2026-03-10 18:27:43.965,WJ_VOLTAGE,WJ1,9.971,0.012,0,0,"HV=OFF, Fault=NO"
515.344566,2026-03-10 18:27:44.026,ARDUINO_PSI,Arduino,0.000,0.000,12.694,,
515.444020,2026-03-10 18:27:44.126,ARDUINO_PSI,Arduino,0.000,0.000,12.700,,
515.543965,2026-03-10 18:27:44.226,ARDUINO_PSI,Arduino,0.000,0.000,12.698,,
515.644270,2026-03-10 18:27:44.326,ARDUINO_PSI,Arduino,0.000,0.000,12.700,,
515.743317,2026-03-10 18:27:44.425,ARDUINO_PSI,Arduino,0.000,0.000,12.714,,
515.813799,2026-03-10 18:27:44.495,WJ_VOLTAGE,WJ1,9.971,0.012,0,0,"HV=OFF, Fault=NO"
515.843348,2026-03-10 18:27:44.525,ARDUINO_PSI,Arduino,0.000,0.000,12.712,,
515.943866,2026-03-10 18:27:44.626,ARDUINO_PSI,Arduino,0.000,0.000,12.716,,
516.045210,2026-03-10 18:27:44.727,ARDUINO_PSI,Arduino,0.000,0.000,12.707,,
516.144107,2026-03-10 18:27:44.826,ARDUINO_PSI,Arduino,0.000,0.000,12.707,,
516.244217,2026-03-10 18:27:44.926,ARDUINO_PSI,Arduino,0.000,0.000,12.705,,
516.341841,2026-03-10 18:27:45.024,WJ_VOLTAGE,WJ1,9.971,0.012,0,0,"HV=OFF, Fault=NO"
516.355314,2026-03-10 18:27:45.037,ARDUINO_PSI,Arduino,0.000,0.000,12.712,,
516.443960,2026-03-10 18:27:45.126,ARDUINO_PSI,Arduino,0.000,0.000,12.719,,
516.544014,2026-03-10 18:27:45.226,ARDUINO_PSI,Arduino,0.000,0.000,12.732,,
516.644079,2026-03-10 18:27:45.326,ARDUINO_PSI,Arduino,0.000,0.000,12.742,,
516.744076,2026-03-10 18:27:45.426,ARDUINO_PSI,Arduino,0.000,0.000,12.737,,
516.843937,2026-03-10 18:27:45.526,ARDUINO_PSI,Arduino,0.000,0.000,12.732,,
516.870088,2026-03-10 18:27:45.552,WJ_VOLTAGE,WJ1,9.971,0.012,0,0,"HV=OFF, Fault=NO"
516.943862,2026-03-10 18:27:45.626,ARDUINO_PSI,Arduino,0.000,0.000,12.742,,
517.043537,2026-03-10 18:27:45.725,ARDUINO_PSI,Arduino,0.000,0.000,12.742,,
517.144025,2026-03-10 18:27:45.826,ARDUINO_PSI,Arduino,0.000,0.000,12.739,,
517.244184,2026-03-10 18:27:45.926,ARDUINO_PSI,Arduino,0.000,0.000,12.739,,
517.343433,2026-03-10 18:27:46.025,ARDUINO_PSI,Arduino,0.000,0.000,12.751,,
517.400471,2026-03-10 18:27:46.082,WJ_VOLTAGE,WJ1,9.971,0.012,0,0,"HV=OFF, Fault=NO"
517.443504,2026-03-10 18:27:46.125,ARDUINO_PSI,Arduino,0.000,0.000,12.748,,
517.543990,2026-03-10 18:27:46.226,ARDUINO_PSI,Arduino,0.000,0.000,12.737,,
517.644015,2026-03-10 18:27:46.326,ARDUINO_PSI,Arduino,0.000,0.000,12.737,,
517.744014,2026-03-10 18:27:46.426,ARDUINO_PSI,Arduino,0.000,0.000,12.739,,
517.844169,2026-03-10 18:27:46.526,ARDUINO_PSI,Arduino,0.000,0.000,12.735,,
517.929742,2026-03-10 18:27:46.611,WJ_VOLTAGE,WJ1,9.971,0.012,0,0,"HV=OFF, Fault=NO"
517.943414,2026-03-10 18:27:46.625,ARDUINO_PSI,Arduino,0.000,0.000,12.746,,
518.044100,2026-03-10 18:27:46.726,ARDUINO_PSI,Arduino,0.000,0.000,12.751,,
518.144142,2026-03-10 18:27:46.826,ARDUINO_PSI,Arduino,0.000,0.000,12.764,,
518.243950,2026-03-10 18:27:46.926,ARDUINO_PSI,Arduino,0.000,0.000,12.769,,
518.344423,2026-03-10 18:27:47.026,ARDUINO_PSI,Arduino,0.000,0.000,12.769,,
518.444085,2026-03-10 18:27:47.126,ARDUINO_PSI,Arduino,0.000,0.000,12.760,,
518.453530,2026-03-10 18:27:47.135,WJ_VOLTAGE,WJ1,9.971,0.006,0,0,"HV=OFF, Fault=NO"
518.543246,2026-03-10 18:27:47.225,ARDUINO_PSI,Arduino,0.000,0.000,12.762,,
518.644071,2026-03-10 18:27:47.326,ARDUINO_PSI,Arduino,0.000,0.000,12.762,,
518.744040,2026-03-10 18:27:47.426,ARDUINO_PSI,Arduino,0.000,0.000,12.769,,
518.843832,2026-03-10 18:27:47.525,ARDUINO_PSI,Arduino,0.000,0.000,12.758,,
518.944188,2026-03-10 18:27:47.626,ARDUINO_PSI,Arduino,0.000,0.000,12.758,,
518.984203,2026-03-10 18:27:47.666,WJ_VOLTAGE,WJ1,9.971,0.012,0,0,"HV=OFF, Fault=NO"
519.044067,2026-03-10 18:27:47.726,ARDUINO_PSI,Arduino,0.000,0.000,12.753,,
519.143824,2026-03-10 18:27:47.825,ARDUINO_PSI,Arduino,0.000,0.000,12.746,,
519.243863,2026-03-10 18:27:47.926,ARDUINO_PSI,Arduino,0.000,0.000,12.742,,
519.343539,2026-03-10 18:27:48.025,ARDUINO_PSI,Arduino,0.000,0.000,12.737,,
519.443307,2026-03-10 18:27:48.125,ARDUINO_PSI,Arduino,0.000,0.000,12.748,,
519.512253,2026-03-10 18:27:48.194,WJ_VOLTAGE,WJ1,9.971,0.006,0,0,"HV=OFF, Fault=NO"
519.543432,2026-03-10 18:27:48.225,ARDUINO_PSI,Arduino,0.000,0.000,12.751,,
519.644082,2026-03-10 18:27:48.326,ARDUINO_PSI,Arduino,0.000,0.000,12.753,,
519.744057,2026-03-10 18:27:48.426,ARDUINO_PSI,Arduino,0.000,0.000,12.751,,
519.844259,2026-03-10 18:27:48.526,ARDUINO_PSI,Arduino,0.000,0.000,12.753,,
519.944120,2026-03-10 18:27:48.626,ARDUINO_PSI,Arduino,0.000,0.000,12.739,,
520.042189,2026-03-10 18:27:48.724,WJ_VOLTAGE,WJ1,9.971,0.006,0,0,"HV=OFF, Fault=NO"
520.048250,2026-03-10 18:27:48.730,ARDUINO_PSI,Arduino,0.000,0.000,12.728,,
520.144073,2026-03-10 18:27:48.826,ARDUINO_PSI,Arduino,0.000,0.000,12.716,,
520.244021,2026-03-10 18:27:48.926,ARDUINO_PSI,Arduino,0.000,0.000,12.705,,
520.343775,2026-03-10 18:27:49.025,ARDUINO_PSI,Arduino,0.000,0.000,12.698,,
520.444009,2026-03-10 18:27:49.126,ARDUINO_PSI,Arduino,0.000,0.000,12.698,,
520.544525,2026-03-10 18:27:49.226,ARDUINO_PSI,Arduino,0.000,0.000,12.694,,
520.571351,2026-03-10 18:27:49.253,WJ_VOLTAGE,WJ1,9.971,0.006,0,0,"HV=OFF, Fault=NO"
520.644197,2026-03-10 18:27:49.326,ARDUINO_PSI,Arduino,0.000,0.000,12.682,,
520.744187,2026-03-10 18:27:49.426,ARDUINO_PSI,Arduino,0.000,0.000,12.675,,
520.843805,2026-03-10 18:27:49.525,ARDUINO_PSI,Arduino,0.000,0.000,12.673,,
520.944019,2026-03-10 18:27:49.626,ARDUINO_PSI,Arduino,0.000,0.000,12.668,,
521.043288,2026-03-10 18:27:49.725,ARDUINO_PSI,Arduino,0.000,0.000,12.675,,
521.102355,2026-03-10 18:27:49.784,WJ_VOLTAGE,WJ1,9.971,0.006,0,0,"HV=OFF, Fault=NO"
521.143269,2026-03-10 18:27:49.825,ARDUINO_PSI,Arduino,0.000,0.000,12.682,,
521.243896,2026-03-10 18:27:49.926,ARDUINO_PSI,Arduino,0.000,0.000,12.689,,
521.343339,2026-03-10 18:27:50.025,ARDUINO_PSI,Arduino,0.000,0.000,12.678,,
521.443914,2026-03-10 18:27:50.126,ARDUINO_PSI,Arduino,0.000,0.000,12.675,,
521.544014,2026-03-10 18:27:50.226,ARDUINO_PSI,Arduino,0.000,0.000,12.678,,
521.632573,2026-03-10 18:27:50.314,WJ_VOLTAGE,WJ1,9.971,0.006,0,0,"HV=OFF, Fault=NO"
521.643375,2026-03-10 18:27:50.325,ARDUINO_PSI,Arduino,0.000,0.000,12.675,,
521.744048,2026-03-10 18:27:50.426,ARDUINO_PSI,Arduino,0.000,0.000,12.678,,
521.843909,2026-03-10 18:27:50.526,ARDUINO_PSI,Arduino,0.000,0.000,12.673,,
521.944165,2026-03-10 18:27:50.626,ARDUINO_PSI,Arduino,0.000,0.000,12.682,,
522.043936,2026-03-10 18:27:50.726,ARDUINO_PSI,Arduino,0.000,0.000,12.682,,
522.144070,2026-03-10 18:27:50.826,ARDUINO_PSI,Arduino,0.000,0.000,12.698,,
522.162225,2026-03-10 18:27:50.844,WJ_VOLTAGE,WJ1,9.971,0.006,0,0,"HV=OFF, Fault=NO"
522.243780,2026-03-10 18:27:50.925,ARDUINO_PSI,Arduino,0.000,0.000,12.700,,
522.344134,2026-03-10 18:27:51.026,ARDUINO_PSI,Arduino,0.000,0.000,12.707,,
522.443953,2026-03-10 18:27:51.126,ARDUINO_PSI,Arduino,0.000,0.000,12.712,,
522.543978,2026-03-10 18:27:51.226,ARDUINO_PSI,Arduino,0.000,0.000,12.712,,
522.644834,2026-03-10 18:27:51.326,ARDUINO_PSI,Arduino,0.000,0.000,12.703,,
522.690815,2026-03-10 18:27:51.372,WJ_VOLTAGE,WJ1,9.971,0.006,0,0,"HV=OFF, Fault=NO"
522.743920,2026-03-10 18:27:51.426,ARDUINO_PSI,Arduino,0.000,0.000,12.716,,
522.844085,2026-03-10 18:27:51.526,ARDUINO_PSI,Arduino,0.000,0.000,12.730,,
522.943933,2026-03-10 18:27:51.626,ARDUINO_PSI,Arduino,0.000,0.000,12.723,,
523.043969,2026-03-10 18:27:51.726,ARDUINO_PSI,Arduino,0.000,0.000,12.714,,
523.143804,2026-03-10 18:27:51.825,ARDUINO_PSI,Arduino,0.000,0.000,12.716,,
523.221497,2026-03-10 18:27:51.903,WJ_VOLTAGE,WJ1,9.971,0.006,0,0,"HV=OFF, Fault=NO"
523.243909,2026-03-10 18:27:51.926,ARDUINO_PSI,Arduino,0.000,0.000,12.732,,
523.344366,2026-03-10 18:27:52.026,ARDUINO_PSI,Arduino,0.000,0.000,12.735,,
523.444063,2026-03-10 18:27:52.126,ARDUINO_PSI,Arduino,0.000,0.000,12.732,,
523.544085,2026-03-10 18:27:52.226,ARDUINO_PSI,Arduino,0.000,0.000,12.730,,
523.643352,2026-03-10 18:27:52.325,ARDUINO_PSI,Arduino,0.000,0.000,12.735,,
523.737410,2026-03-10 18:27:52.419,WJ_VOLTAGE,WJ1,9.971,0.006,0,0,"HV=OFF, Fault=NO"
523.750473,2026-03-10 18:27:52.432,ARDUINO_PSI,Arduino,0.000,0.000,12.730,,
523.845019,2026-03-10 18:27:52.527,ARDUINO_PSI,Arduino,0.000,0.000,12.735,,
523.943660,2026-03-10 18:27:52.625,ARDUINO_PSI,Arduino,0.000,0.000,12.732,,
524.043844,2026-03-10 18:27:52.725,ARDUINO_PSI,Arduino,0.000,0.000,12.730,,
524.143575,2026-03-10 18:27:52.825,ARDUINO_PSI,Arduino,0.000,0.000,12.726,,
524.243408,2026-03-10 18:27:52.925,ARDUINO_PSI,Arduino,0.000,0.000,12.730,,
524.254989,2026-03-10 18:27:52.937,WJ_VOLTAGE,WJ1,9.971,0.006,0,0,"HV=OFF, Fault=NO"
524.343346,2026-03-10 18:27:53.025,ARDUINO_PSI,Arduino,0.000,0.000,12.742,,
524.443523,2026-03-10 18:27:53.125,ARDUINO_PSI,Arduino,0.000,0.000,12.742,,
524.543296,2026-03-10 18:27:53.225,ARDUINO_PSI,Arduino,0.000,0.000,12.746,,
524.643326,2026-03-10 18:27:53.325,ARDUINO_PSI,Arduino,0.000,0.000,12.751,,
524.851304,2026-03-10 18:27:53.533,WJ_COMMAND,WJ1,HV_OFF,,,,HV_OFF 
524.852012,2026-03-10 18:27:53.534,ERROR,WJ2,,,,,WJPowerSupply not connected
524.852340,2026-03-10 18:27:53.534,ARDUINO_PSI,Arduino,0.000,0.000,12.739,,
524.853793,2026-03-10 18:27:53.535,WJ_VOLTAGE,WJ1,9.971,0.006,0,0,"HV=OFF, Fault=NO"
524.854652,2026-03-10 18:27:53.536,ARDUINO_PSI,Arduino,0.000,0.000,12.732,,
524.943853,2026-03-10 18:27:53.626,ARDUINO_PSI,Arduino,0.000,0.000,12.735,,
525.043311,2026-03-10 18:27:53.725,ARDUINO_PSI,Arduino,0.000,0.000,12.753,,
525.144354,2026-03-10 18:27:53.826,ARDUINO_PSI,Arduino,0.000,0.000,12.748,,
525.243905,2026-03-10 18:27:53.926,ARDUINO_PSI,Arduino,0.000,0.000,12.739,,
525.289585,2026-03-10 18:27:53.971,WJ_VOLTAGE,WJ1,9.971,0.000,0,0,"HV=OFF, Fault=NO"
525.343676,2026-03-10 18:27:54.025,ARDUINO_PSI,Arduino,0.000,0.000,12.746,,
525.443967,2026-03-10 18:27:54.126,ARDUINO_PSI,Arduino,0.000,0.000,12.739,,
525.544005,2026-03-10 18:27:54.226,ARDUINO_PSI,Arduino,0.000,0.000,12.755,,
525.643872,2026-03-10 18:27:54.326,ARDUINO_PSI,Arduino,0.000,0.000,12.764,,
525.743849,2026-03-10 18:27:54.426,ARDUINO_PSI,Arduino,0.000,0.000,12.769,,
525.819058,2026-03-10 18:27:54.501,WJ_VOLTAGE,WJ1,8.309,0.000,0,0,"HV=OFF, Fault=NO"
525.843321,2026-03-10 18:27:54.525,ARDUINO_PSI,Arduino,0.000,0.000,12.778,,
525.943492,2026-03-10 18:27:54.625,ARDUINO_PSI,Arduino,0.000,0.000,12.769,,
526.044486,2026-03-10 18:27:54.726,ARDUINO_PSI,Arduino,0.000,0.000,12.790,,
526.144646,2026-03-10 18:27:54.826,ARDUINO_PSI,Arduino,0.000,0.000,12.785,,
526.243931,2026-03-10 18:27:54.926,ARDUINO_PSI,Arduino,0.000,0.000,12.776,,
526.343350,2026-03-10 18:27:55.025,ARDUINO_PSI,Arduino,0.000,0.000,12.758,,
526.345943,2026-03-10 18:27:55.028,WJ_VOLTAGE,WJ1,7.429,0.000,0,0,"HV=OFF, Fault=NO"
526.444033,2026-03-10 18:27:55.126,ARDUINO_PSI,Arduino,0.000,0.000,12.753,,
526.544400,2026-03-10 18:27:55.226,ARDUINO_PSI,Arduino,0.000,0.000,12.739,,
526.643571,2026-03-10 18:27:55.325,ARDUINO_PSI,Arduino,0.000,0.000,12.666,,
526.743697,2026-03-10 18:27:55.425,ARDUINO_PSI,Arduino,0.000,0.000,12.643,,
526.844159,2026-03-10 18:27:55.526,ARDUINO_PSI,Arduino,0.000,0.000,12.630,,
526.875923,2026-03-10 18:27:55.558,WJ_VOLTAGE,WJ1,6.647,0.000,0,0,"HV=OFF, Fault=NO"
526.943564,2026-03-10 18:27:55.625,ARDUINO_PSI,Arduino,0.000,0.000,12.630,,
527.044037,2026-03-10 18:27:55.726,ARDUINO_PSI,Arduino,0.000,0.000,12.625,,
527.144066,2026-03-10 18:27:55.826,ARDUINO_PSI,Arduino,0.000,0.000,12.630,,
527.243862,2026-03-10 18:27:55.926,ARDUINO_PSI,Arduino,0.000,0.000,12.627,,
527.343552,2026-03-10 18:27:56.025,ARDUINO_PSI,Arduino,0.000,0.000,12.620,,
527.406694,2026-03-10 18:27:56.088,WJ_VOLTAGE,WJ1,5.865,0.000,0,0,"HV=OFF, Fault=NO"
527.443399,2026-03-10 18:27:56.125,ARDUINO_PSI,Arduino,0.000,0.000,12.627,,
527.543308,2026-03-10 18:27:56.225,ARDUINO_PSI,Arduino,0.000,0.000,12.614,,
527.643312,2026-03-10 18:27:56.325,ARDUINO_PSI,Arduino,0.000,0.000,12.602,,
527.743938,2026-03-10 18:27:56.426,ARDUINO_PSI,Arduino,0.000,0.000,12.604,,
527.843728,2026-03-10 18:27:56.525,ARDUINO_PSI,Arduino,0.000,0.000,12.591,,
527.938394,2026-03-10 18:27:56.620,WJ_VOLTAGE,WJ1,5.279,0.000,0,0,"HV=OFF, Fault=NO"
527.959592,2026-03-10 18:27:56.641,ARDUINO_PSI,Arduino,0.000,0.000,12.595,,
528.043374,2026-03-10 18:27:56.725,ARDUINO_PSI,Arduino,0.000,0.000,12.588,,
528.144082,2026-03-10 18:27:56.826,ARDUINO_PSI,Arduino,0.000,0.000,12.593,,
528.244021,2026-03-10 18:27:56.926,ARDUINO_PSI,Arduino,0.000,0.000,12.602,,
528.343899,2026-03-10 18:27:57.026,ARDUINO_PSI,Arduino,0.000,0.000,12.607,,
528.444208,2026-03-10 18:27:57.126,ARDUINO_PSI,Arduino,0.000,0.000,12.607,,
528.467622,2026-03-10 18:27:57.149,WJ_VOLTAGE,WJ1,4.692,0.000,0,0,"HV=OFF, Fault=NO"
528.544562,2026-03-10 18:27:57.226,ARDUINO_PSI,Arduino,0.000,0.000,12.625,,
528.644071,2026-03-10 18:27:57.326,ARDUINO_PSI,Arduino,0.000,0.000,12.689,,
528.744086,2026-03-10 18:27:57.426,ARDUINO_PSI,Arduino,0.000,0.000,12.723,,
528.844066,2026-03-10 18:27:57.526,ARDUINO_PSI,Arduino,0.000,0.000,12.739,,
528.943776,2026-03-10 18:27:57.625,ARDUINO_PSI,Arduino,0.000,0.000,12.746,,
528.996819,2026-03-10 18:27:57.678,WJ_VOLTAGE,WJ1,4.203,0.000,0,0,"HV=OFF, Fault=NO"
529.043369,2026-03-10 18:27:57.725,ARDUINO_PSI,Arduino,0.000,0.000,12.739,,
529.143372,2026-03-10 18:27:57.825,ARDUINO_PSI,Arduino,0.000,0.000,12.730,,
529.243996,2026-03-10 18:27:57.926,ARDUINO_PSI,Arduino,0.000,0.000,12.721,,
529.344002,2026-03-10 18:27:58.026,ARDUINO_PSI,Arduino,0.000,0.000,12.728,,
529.443610,2026-03-10 18:27:58.125,ARDUINO_PSI,Arduino,0.000,0.000,12.728,,
529.526113,2026-03-10 18:27:58.208,WJ_VOLTAGE,WJ1,3.812,0.000,0,0,"HV=OFF, Fault=NO"
529.543261,2026-03-10 18:27:58.225,ARDUINO_PSI,Arduino,0.000,0.000,12.730,,
529.644063,2026-03-10 18:27:58.326,ARDUINO_PSI,Arduino,0.000,0.000,12.728,,
529.743491,2026-03-10 18:27:58.425,ARDUINO_PSI,Arduino,0.000,0.000,12.721,,
529.843899,2026-03-10 18:27:58.526,ARDUINO_PSI,Arduino,0.000,0.000,12.732,,
529.944050,2026-03-10 18:27:58.626,ARDUINO_PSI,Arduino,0.000,0.000,12.744,,
530.043388,2026-03-10 18:27:58.725,ARDUINO_PSI,Arduino,0.000,0.000,12.732,,
530.056736,2026-03-10 18:27:58.738,WJ_VOLTAGE,WJ1,3.421,0.000,0,0,"HV=OFF, Fault=NO"
530.143831,2026-03-10 18:27:58.825,ARDUINO_PSI,Arduino,0.000,0.000,12.723,,
530.244425,2026-03-10 18:27:58.926,ARDUINO_PSI,Arduino,0.000,0.000,12.716,,
530.344104,2026-03-10 18:27:59.026,ARDUINO_PSI,Arduino,0.000,0.000,12.723,,
530.443941,2026-03-10 18:27:59.126,ARDUINO_PSI,Arduino,0.000,0.000,12.721,,
530.543884,2026-03-10 18:27:59.226,ARDUINO_PSI,Arduino,0.000,0.000,12.710,,
530.588171,2026-03-10 18:27:59.270,WJ_VOLTAGE,WJ1,3.030,0.000,0,0,"HV=OFF, Fault=NO"
530.643499,2026-03-10 18:27:59.325,ARDUINO_PSI,Arduino,0.000,0.000,12.719,,
530.743849,2026-03-10 18:27:59.426,ARDUINO_PSI,Arduino,0.000,0.000,12.719,,
530.843753,2026-03-10 18:27:59.525,ARDUINO_PSI,Arduino,0.000,0.000,12.723,,
530.944109,2026-03-10 18:27:59.626,ARDUINO_PSI,Arduino,0.000,0.000,12.719,,
531.043253,2026-03-10 18:27:59.725,ARDUINO_PSI,Arduino,0.000,0.000,12.721,,
531.104232,2026-03-10 18:27:59.786,WJ_VOLTAGE,WJ1,2.737,0.000,0,0,"HV=OFF, Fault=NO"
531.143695,2026-03-10 18:27:59.825,ARDUINO_PSI,Arduino,0.000,0.000,12.721,,
531.244408,2026-03-10 18:27:59.926,ARDUINO_PSI,Arduino,0.000,0.000,12.723,,
531.343593,2026-03-10 18:28:00.025,ARDUINO_PSI,Arduino,0.000,0.000,12.735,,
531.443996,2026-03-10 18:28:00.126,ARDUINO_PSI,Arduino,0.000,0.000,12.721,,
531.544049,2026-03-10 18:28:00.226,ARDUINO_PSI,Arduino,0.000,0.000,12.719,,
531.633053,2026-03-10 18:28:00.315,WJ_VOLTAGE,WJ1,2.444,0.000,0,0,"HV=OFF, Fault=NO"
531.645019,2026-03-10 18:28:00.327,ARDUINO_PSI,Arduino,0.000,0.000,12.721,,
531.743933,2026-03-10 18:28:00.426,ARDUINO_PSI,Arduino,0.000,0.000,12.732,,
531.844064,2026-03-10 18:28:00.526,ARDUINO_PSI,Arduino,0.000,0.000,12.737,,
531.943683,2026-03-10 18:28:00.625,ARDUINO_PSI,Arduino,0.000,0.000,12.730,,
532.044117,2026-03-10 18:28:00.726,ARDUINO_PSI,Arduino,0.000,0.000,12.739,,
532.143880,2026-03-10 18:28:00.826,ARDUINO_PSI,Arduino,0.000,0.000,12.746,,
532.162682,2026-03-10 18:28:00.844,WJ_VOLTAGE,WJ1,2.248,0.000,0,0,"HV=OFF, Fault=NO"
532.243769,2026-03-10 18:28:00.925,ARDUINO_PSI,Arduino,0.000,0.000,12.746,,
532.343368,2026-03-10 18:28:01.025,ARDUINO_PSI,Arduino,0.000,0.000,12.751,,
532.444236,2026-03-10 18:28:01.126,ARDUINO_PSI,Arduino,0.000,0.000,12.753,,
532.543781,2026-03-10 18:28:01.225,ARDUINO_PSI,Arduino,0.000,0.000,12.746,,
532.643945,2026-03-10 18:28:01.326,ARDUINO_PSI,Arduino,0.000,0.000,12.737,,
532.694592,2026-03-10 18:28:01.376,WJ_VOLTAGE,WJ1,1.955,0.000,0,0,"HV=OFF, Fault=NO"
532.743445,2026-03-10 18:28:01.425,ARDUINO_PSI,Arduino,0.000,0.000,12.730,,
532.843990,2026-03-10 18:28:01.526,ARDUINO_PSI,Arduino,0.000,0.000,12.723,,
532.943727,2026-03-10 18:28:01.625,ARDUINO_PSI,Arduino,0.000,0.000,12.721,,
533.043944,2026-03-10 18:28:01.726,ARDUINO_PSI,Arduino,0.000,0.000,12.712,,
533.143476,2026-03-10 18:28:01.825,ARDUINO_PSI,Arduino,0.000,0.000,12.714,,
533.223385,2026-03-10 18:28:01.905,WJ_VOLTAGE,WJ1,1.760,0.000,0,0,"HV=OFF, Fault=NO"
533.243278,2026-03-10 18:28:01.925,ARDUINO_PSI,Arduino,0.000,0.000,12.712,,
533.344132,2026-03-10 18:28:02.026,ARDUINO_PSI,Arduino,0.000,0.000,12.703,,
533.443756,2026-03-10 18:28:02.125,ARDUINO_PSI,Arduino,0.000,0.000,12.710,,
533.543962,2026-03-10 18:28:02.226,ARDUINO_PSI,Arduino,0.000,0.000,12.707,,
533.644399,2026-03-10 18:28:02.326,ARDUINO_PSI,Arduino,0.000,0.000,12.700,,
533.743783,2026-03-10 18:28:02.425,ARDUINO_PSI,Arduino,0.000,0.000,12.689,,
533.754545,2026-03-10 18:28:02.436,WJ_VOLTAGE,WJ1,1.564,0.000,0,0,"HV=OFF, Fault=NO"
533.843889,2026-03-10 18:28:02.526,ARDUINO_PSI,Arduino,0.000,0.000,12.687,,
533.943484,2026-03-10 18:28:02.625,ARDUINO_PSI,Arduino,0.000,0.000,12.696,,
534.043823,2026-03-10 18:28:02.725,ARDUINO_PSI,Arduino,0.000,0.000,12.687,,
534.143808,2026-03-10 18:28:02.825,ARDUINO_PSI,Arduino,0.000,0.000,12.689,,
534.243812,2026-03-10 18:28:02.925,ARDUINO_PSI,Arduino,0.000,0.000,12.691,,
534.286360,2026-03-10 18:28:02.968,WJ_VOLTAGE,WJ1,1.369,0.000,0,0,"HV=OFF, Fault=NO"
534.343920,2026-03-10 18:28:03.026,ARDUINO_PSI,Arduino,0.000,0.000,12.684,,
534.443402,2026-03-10 18:28:03.125,ARDUINO_PSI,Arduino,0.000,0.000,12.687,,
534.543283,2026-03-10 18:28:03.225,ARDUINO_PSI,Arduino,0.000,0.000,12.694,,
534.643915,2026-03-10 18:28:03.326,ARDUINO_PSI,Arduino,0.000,0.000,12.703,,
534.743945,2026-03-10 18:28:03.426,ARDUINO_PSI,Arduino,0.000,0.000,12.710,,
534.818386,2026-03-10 18:28:03.500,WJ_VOLTAGE,WJ1,1.271,0.000,0,0,"HV=OFF, Fault=NO"
534.843291,2026-03-10 18:28:03.525,ARDUINO_PSI,Arduino,0.000,0.000,12.716,,
534.944080,2026-03-10 18:28:03.626,ARDUINO_PSI,Arduino,0.000,0.000,12.714,,
535.043312,2026-03-10 18:28:03.725,ARDUINO_PSI,Arduino,0.000,0.000,12.716,,
535.144073,2026-03-10 18:28:03.826,ARDUINO_PSI,Arduino,0.000,0.000,12.719,,
535.243799,2026-03-10 18:28:03.925,ARDUINO_PSI,Arduino,0.000,0.000,12.726,,
535.344073,2026-03-10 18:28:04.026,ARDUINO_PSI,Arduino,0.000,0.000,12.716,,
535.349351,2026-03-10 18:28:04.031,WJ_VOLTAGE,WJ1,1.173,0.000,0,0,"HV=OFF, Fault=NO"
535.443910,2026-03-10 18:28:04.126,ARDUINO_PSI,Arduino,0.000,0.000,12.716,,
535.544052,2026-03-10 18:28:04.226,ARDUINO_PSI,Arduino,0.000,0.000,12.719,,
535.644475,2026-03-10 18:28:04.326,ARDUINO_PSI,Arduino,0.000,0.000,12.723,,
535.743921,2026-03-10 18:28:04.426,ARDUINO_PSI,Arduino,0.000,0.000,12.719,,
535.844516,2026-03-10 18:28:04.526,ARDUINO_PSI,Arduino,0.000,0.000,12.714,,
535.878297,2026-03-10 18:28:04.560,WJ_VOLTAGE,WJ1,0.978,0.000,0,0,"HV=OFF, Fault=NO"
535.943494,2026-03-10 18:28:04.625,ARDUINO_PSI,Arduino,0.000,0.000,12.710,,
536.044558,2026-03-10 18:28:04.726,ARDUINO_PSI,Arduino,0.000,0.000,12.719,,
536.144097,2026-03-10 18:28:04.826,ARDUINO_PSI,Arduino,0.000,0.000,12.721,,
536.243977,2026-03-10 18:28:04.926,ARDUINO_PSI,Arduino,0.000,0.000,12.728,,
536.344518,2026-03-10 18:28:05.026,ARDUINO_PSI,Arduino,0.000,0.000,12.730,,
536.409444,2026-03-10 18:28:05.091,WJ_VOLTAGE,WJ1,0.880,0.000,0,0,"HV=OFF, Fault=NO"
536.443562,2026-03-10 18:28:05.125,ARDUINO_PSI,Arduino,0.000,0.000,12.728,,
536.544345,2026-03-10 18:28:05.226,ARDUINO_PSI,Arduino,0.000,0.000,12.732,,
536.643493,2026-03-10 18:28:05.325,ARDUINO_PSI,Arduino,0.000,0.000,12.730,,
536.744280,2026-03-10 18:28:05.426,ARDUINO_PSI,Arduino,0.000,0.000,12.732,,
536.843879,2026-03-10 18:28:05.526,ARDUINO_PSI,Arduino,0.000,0.000,12.726,,
536.936228,2026-03-10 18:28:05.618,WJ_VOLTAGE,WJ1,0.782,0.000,0,0,"HV=OFF, Fault=NO"
536.949967,2026-03-10 18:28:05.632,ARDUINO_PSI,Arduino,0.000,0.000,12.726,,
537.043770,2026-03-10 18:28:05.725,ARDUINO_PSI,Arduino,0.000,0.000,12.723,,
537.144142,2026-03-10 18:28:05.826,ARDUINO_PSI,Arduino,0.000,0.000,12.719,,
537.244034,2026-03-10 18:28:05.926,ARDUINO_PSI,Arduino,0.000,0.000,12.723,,
537.344139,2026-03-10 18:28:06.026,ARDUINO_PSI,Arduino,0.000,0.000,12.721,,
537.444006,2026-03-10 18:28:06.126,ARDUINO_PSI,Arduino,0.000,0.000,12.716,,
537.452751,2026-03-10 18:28:06.134,WJ_VOLTAGE,WJ1,0.782,0.000,0,0,"HV=OFF, Fault=NO"
537.544161,2026-03-10 18:28:06.226,ARDUINO_PSI,Arduino,0.000,0.000,12.730,,
537.643982,2026-03-10 18:28:06.326,ARDUINO_PSI,Arduino,0.000,0.000,12.739,,
537.744185,2026-03-10 18:28:06.426,ARDUINO_PSI,Arduino,0.000,0.000,12.746,,
537.844160,2026-03-10 18:28:06.526,ARDUINO_PSI,Arduino,0.000,0.000,12.737,,
537.943809,2026-03-10 18:28:06.625,ARDUINO_PSI,Arduino,0.000,0.000,12.737,,
537.978686,2026-03-10 18:28:06.660,WJ_VOLTAGE,WJ1,0.684,0.000,0,0,"HV=OFF, Fault=NO"
538.043291,2026-03-10 18:28:06.725,ARDUINO_PSI,Arduino,0.000,0.000,12.726,,
538.143940,2026-03-10 18:28:06.826,ARDUINO_PSI,Arduino,0.000,0.000,12.719,,
538.243886,2026-03-10 18:28:06.926,ARDUINO_PSI,Arduino,0.000,0.000,12.703,,
538.344049,2026-03-10 18:28:07.026,ARDUINO_PSI,Arduino,0.000,0.000,12.705,,
538.443952,2026-03-10 18:28:07.126,ARDUINO_PSI,Arduino,0.000,0.000,12.698,,
538.506378,2026-03-10 18:28:07.188,WJ_VOLTAGE,WJ1,0.587,0.000,0,0,"HV=OFF, Fault=NO"
538.543334,2026-03-10 18:28:07.225,ARDUINO_PSI,Arduino,0.000,0.000,12.705,,
538.644240,2026-03-10 18:28:07.326,ARDUINO_PSI,Arduino,0.000,0.000,12.700,,
538.743811,2026-03-10 18:28:07.425,ARDUINO_PSI,Arduino,0.000,0.000,12.691,,
538.844181,2026-03-10 18:28:07.526,ARDUINO_PSI,Arduino,0.000,0.000,12.689,,
538.943822,2026-03-10 18:28:07.625,ARDUINO_PSI,Arduino,0.000,0.000,12.694,,
539.034755,2026-03-10 18:28:07.716,WJ_VOLTAGE,WJ1,0.489,0.000,0,0,"HV=OFF, Fault=NO"
539.048584,2026-03-10 18:28:07.730,ARDUINO_PSI,Arduino,0.000,0.000,12.710,,
539.144662,2026-03-10 18:28:07.826,ARDUINO_PSI,Arduino,0.000,0.000,12.716,,
539.243838,2026-03-10 18:28:07.925,ARDUINO_PSI,Arduino,0.000,0.000,12.710,,
539.343838,2026-03-10 18:28:08.025,ARDUINO_PSI,Arduino,0.000,0.000,12.726,,
539.444051,2026-03-10 18:28:08.126,ARDUINO_PSI,Arduino,0.000,0.000,12.728,,
539.543466,2026-03-10 18:28:08.225,ARDUINO_PSI,Arduino,0.000,0.000,12.732,,
539.566199,2026-03-10 18:28:08.248,WJ_VOLTAGE,WJ1,0.489,0.000,0,0,"HV=OFF, Fault=NO"
539.644308,2026-03-10 18:28:08.326,ARDUINO_PSI,Arduino,0.000,0.000,12.730,,
539.744013,2026-03-10 18:28:08.426,ARDUINO_PSI,Arduino,0.000,0.000,12.732,,
539.844050,2026-03-10 18:28:08.526,ARDUINO_PSI,Arduino,0.000,0.000,12.744,,
539.944152,2026-03-10 18:28:08.626,ARDUINO_PSI,Arduino,0.000,0.000,12.735,,
540.043845,2026-03-10 18:28:08.725,ARDUINO_PSI,Arduino,0.000,0.000,12.742,,
540.096947,2026-03-10 18:28:08.779,WJ_VOLTAGE,WJ1,0.391,0.000,0,0,"HV=OFF, Fault=NO"
540.143772,2026-03-10 18:28:08.825,ARDUINO_PSI,Arduino,0.000,0.000,12.748,,
540.243890,2026-03-10 18:28:08.926,ARDUINO_PSI,Arduino,0.000,0.000,12.746,,
540.344079,2026-03-10 18:28:09.026,ARDUINO_PSI,Arduino,0.000,0.000,12.735,,
540.443287,2026-03-10 18:28:09.125,ARDUINO_PSI,Arduino,0.000,0.000,12.737,,
540.543364,2026-03-10 18:28:09.225,ARDUINO_PSI,Arduino,0.000,0.000,12.730,,
540.629268,2026-03-10 18:28:09.311,WJ_VOLTAGE,WJ1,0.391,0.000,0,0,"HV=OFF, Fault=NO"
540.643358,2026-03-10 18:28:09.325,ARDUINO_PSI,Arduino,0.000,0.000,12.732,,
540.743615,2026-03-10 18:28:09.425,ARDUINO_PSI,Arduino,0.000,0.000,12.732,,
540.843368,2026-03-10 18:28:09.525,ARDUINO_PSI,Arduino,0.000,0.000,12.737,,
540.943373,2026-03-10 18:28:09.625,ARDUINO_PSI,Arduino,0.000,0.000,12.739,,
541.044323,2026-03-10 18:28:09.726,ARDUINO_PSI,Arduino,0.000,0.000,12.723,,
541.143428,2026-03-10 18:28:09.825,ARDUINO_PSI,Arduino,0.000,0.000,12.721,,
541.155422,2026-03-10 18:28:09.837,WJ_VOLTAGE,WJ1,0.391,0.000,0,0,"HV=OFF, Fault=NO"
541.243263,2026-03-10 18:28:09.925,ARDUINO_PSI,Arduino,0.000,0.000,12.716,,
541.343666,2026-03-10 18:28:10.025,ARDUINO_PSI,Arduino,0.000,0.000,12.710,,
541.443980,2026-03-10 18:28:10.126,ARDUINO_PSI,Arduino,0.000,0.000,12.714,,
541.543324,2026-03-10 18:28:10.225,ARDUINO_PSI,Arduino,0.000,0.000,12.703,,
541.644024,2026-03-10 18:28:10.326,ARDUINO_PSI,Arduino,0.000,0.000,12.700,,
541.685179,2026-03-10 18:28:10.367,WJ_VOLTAGE,WJ1,0.293,0.000,0,0,"HV=OFF, Fault=NO"
541.744305,2026-03-10 18:28:10.426,ARDUINO_PSI,Arduino,0.000,0.000,12.698,,
541.843344,2026-03-10 18:28:10.525,ARDUINO_PSI,Arduino,0.000,0.000,12.698,,
541.944122,2026-03-10 18:28:10.626,ARDUINO_PSI,Arduino,0.000,0.000,12.705,,
542.043792,2026-03-10 18:28:10.725,ARDUINO_PSI,Arduino,0.000,0.000,12.696,,
542.143358,2026-03-10 18:28:10.825,ARDUINO_PSI,Arduino,0.000,0.000,12.687,,
542.197165,2026-03-10 18:28:10.879,WJ_VOLTAGE,WJ1,0.293,0.000,0,0,"HV=OFF, Fault=NO"
542.243399,2026-03-10 18:28:10.925,ARDUINO_PSI,Arduino,0.000,0.000,12.698,,
542.344011,2026-03-10 18:28:11.026,ARDUINO_PSI,Arduino,0.000,0.000,12.700,,
542.444570,2026-03-10 18:28:11.126,ARDUINO_PSI,Arduino,0.000,0.000,12.703,,
542.543890,2026-03-10 18:28:11.226,ARDUINO_PSI,Arduino,0.000,0.000,12.705,,
542.643954,2026-03-10 18:28:11.326,ARDUINO_PSI,Arduino,0.000,0.000,12.707,,
542.728602,2026-03-10 18:28:11.410,WJ_VOLTAGE,WJ1,0.293,0.000,0,0,"HV=OFF, Fault=NO"
542.743258,2026-03-10 18:28:11.425,ARDUINO_PSI,Arduino,0.000,0.000,12.710,,
542.844110,2026-03-10 18:28:11.526,ARDUINO_PSI,Arduino,0.000,0.000,12.710,,
542.943691,2026-03-10 18:28:11.625,ARDUINO_PSI,Arduino,0.000,0.000,12.700,,
543.044264,2026-03-10 18:28:11.726,ARDUINO_PSI,Arduino,0.000,0.000,12.710,,
543.143634,2026-03-10 18:28:11.825,ARDUINO_PSI,Arduino,0.000,0.000,12.726,,
543.243910,2026-03-10 18:28:11.926,ARDUINO_PSI,Arduino,0.000,0.000,12.735,,
543.257943,2026-03-10 18:28:11.940,WJ_VOLTAGE,WJ1,0.196,0.000,0,0,"HV=OFF, Fault=NO"
543.343660,2026-03-10 18:28:12.025,ARDUINO_PSI,Arduino,0.000,0.000,12.730,,
543.443959,2026-03-10 18:28:12.126,ARDUINO_PSI,Arduino,0.000,0.000,12.721,,
543.543422,2026-03-10 18:28:12.225,ARDUINO_PSI,Arduino,0.000,0.000,12.728,,
543.643936,2026-03-10 18:28:12.326,ARDUINO_PSI,Arduino,0.000,0.000,12.732,,
543.744020,2026-03-10 18:28:12.426,ARDUINO_PSI,Arduino,0.000,0.000,12.730,,
543.783658,2026-03-10 18:28:12.465,WJ_VOLTAGE,WJ1,0.196,0.000,0,0,"HV=OFF, Fault=NO"
543.843305,2026-03-10 18:28:12.525,ARDUINO_PSI,Arduino,0.000,0.000,12.721,,
543.944009,2026-03-10 18:28:12.626,ARDUINO_PSI,Arduino,0.000,0.000,12.723,,
544.044027,2026-03-10 18:28:12.726,ARDUINO_PSI,Arduino,0.000,0.000,12.726,,
544.143408,2026-03-10 18:28:12.825,ARDUINO_PSI,Arduino,0.000,0.000,12.739,,
544.244054,2026-03-10 18:28:12.926,ARDUINO_PSI,Arduino,0.000,0.000,12.737,,
544.333583,2026-03-10 18:28:13.015,WJ_VOLTAGE,WJ1,0.196,0.000,0,0,"HV=OFF, Fault=NO"
544.346314,2026-03-10 18:28:13.028,ARDUINO_PSI,Arduino,0.000,0.000,12.751,,
544.444064,2026-03-10 18:28:13.126,ARDUINO_PSI,Arduino,0.000,0.000,12.755,,
544.543274,2026-03-10 18:28:13.225,ARDUINO_PSI,Arduino,0.000,0.000,12.748,,
544.643481,2026-03-10 18:28:13.325,ARDUINO_PSI,Arduino,0.000,0.000,12.744,,
544.743292,2026-03-10 18:28:13.425,ARDUINO_PSI,Arduino,0.000,0.000,12.748,,
544.844010,2026-03-10 18:28:13.526,ARDUINO_PSI,Arduino,0.000,0.000,12.751,,
544.863125,2026-03-10 18:28:13.545,WJ_VOLTAGE,WJ1,0.196,0.000,0,0,"HV=OFF, Fault=NO"
544.943230,2026-03-10 18:28:13.625,ARDUINO_PSI,Arduino,0.000,0.000,12.762,,
545.043273,2026-03-10 18:28:13.725,ARDUINO_PSI,Arduino,0.000,0.000,12.755,,
545.140473,2026-03-10 18:28:13.822,WJ_VOLTAGE,WJ1,0.196,0.000,0,0,"HV=OFF, Fault=NO"
545.151612,2026-03-10 18:28:13.833,ARDUINO_PSI,Arduino,0.000,0.000,12.744,,
545.243710,2026-03-10 18:28:13.925,ARDUINO_PSI,Arduino,0.000,0.000,12.744,,
545.343941,2026-03-10 18:28:14.026,ARDUINO_PSI,Arduino,0.000,0.000,12.742,,
545.443642,2026-03-10 18:28:14.125,ARDUINO_PSI,Arduino,0.000,0.000,12.758,,
545.543287,2026-03-10 18:28:14.225,ARDUINO_PSI,Arduino,0.000,0.000,12.746,,
545.643266,2026-03-10 18:28:14.325,ARDUINO_PSI,Arduino,0.000,0.000,12.732,,
545.743223,2026-03-10 18:28:14.425,ARDUINO_PSI,Arduino,0.000,0.000,12.737,,
545.843338,2026-03-10 18:28:14.525,ARDUINO_PSI,Arduino,0.000,0.000,12.753,,
545.944071,2026-03-10 18:28:14.626,ARDUINO_PSI,Arduino,0.000,0.000,12.742,,
546.044015,2026-03-10 18:28:14.726,ARDUINO_PSI,Arduino,0.000,0.000,12.751,,
546.143867,2026-03-10 18:28:14.826,ARDUINO_PSI,Arduino,0.000,0.000,12.746,,
546.243390,2026-03-10 18:28:14.925,ARDUINO_PSI,Arduino,0.000,0.000,12.751,,
546.343937,2026-03-10 18:28:15.026,ARDUINO_PSI,Arduino,0.000,0.000,12.746,,
546.443746,2026-03-10 18:28:15.125,ARDUINO_PSI,Arduino,0.000,0.000,12.742,,
546.544393,2026-03-10 18:28:15.226,ARDUINO_PSI,Arduino,0.000,0.000,12.746,,
546.643586,2026-03-10 18:28:15.325,ARDUINO_PSI,Arduino,0.000,0.000,12.751,,
546.743851,2026-03-10 18:28:15.426,ARDUINO_PSI,Arduino,0.000,0.000,12.751,,
546.853310,2026-03-10 18:28:15.535,ARDUINO_PSI,Arduino,0.000,0.000,12.751,,
546.943501,2026-03-10 18:28:15.625,ARDUINO_PSI,Arduino,0.000,0.000,12.739,,
547.043376,2026-03-10 18:28:15.725,ARDUINO_PSI,Arduino,0.000,0.000,12.748,,
547.143906,2026-03-10 18:28:15.826,ARDUINO_PSI,Arduino,0.000,0.000,12.753,,
547.244018,2026-03-10 18:28:15.926,ARDUINO_PSI,Arduino,0.000,0.000,12.746,,
547.343840,2026-03-10 18:28:16.025,ARDUINO_PSI,Arduino,0.000,0.000,12.751,,
547.443648,2026-03-10 18:28:16.125,ARDUINO_PSI,Arduino,0.000,0.000,12.748,,
547.543637,2026-03-10 18:28:16.225,ARDUINO_PSI,Arduino,0.000,0.000,12.755,,
547.644457,2026-03-10 18:28:16.326,ARDUINO_PSI,Arduino,0.000,0.000,12.755,,
547.743696,2026-03-10 18:28:16.425,ARDUINO_PSI,Arduino,0.000,0.000,12.755,,
547.843768,2026-03-10 18:28:16.525,ARDUINO_PSI,Arduino,0.000,0.000,12.742,,
547.943789,2026-03-10 18:28:16.625,ARDUINO_PSI,Arduino,0.000,0.000,12.751,,
548.043433,2026-03-10 18:28:16.725,ARDUINO_PSI,Arduino,0.000,0.000,12.742,,
548.148419,2026-03-10 18:28:16.830,ARDUINO_PSI,Arduino,0.000,0.000,12.737,,
548.243346,2026-03-10 18:28:16.925,ARDUINO_PSI,Arduino,0.000,0.000,12.723,,
548.343314,2026-03-10 18:28:17.025,ARDUINO_PSI,Arduino,0.000,0.000,12.712,,
548.443985,2026-03-10 18:28:17.126,ARDUINO_PSI,Arduino,0.000,0.000,12.714,,
548.544060,2026-03-10 18:28:17.226,ARDUINO_PSI,Arduino,0.000,0.000,12.716,,
548.644037,2026-03-10 18:28:17.326,ARDUINO_PSI,Arduino,0.000,0.000,12.723,,
548.743888,2026-03-10 18:28:17.426,ARDUINO_PSI,Arduino,0.000,0.000,12.721,,
548.852819,2026-03-10 18:28:17.534,ARDUINO_PSI,Arduino,0.000,0.000,12.712,,
548.944616,2026-03-10 18:28:17.626,ARDUINO_PSI,Arduino,0.000,0.000,12.726,,
549.043391,2026-03-10 18:28:17.725,ARDUINO_PSI,Arduino,0.000,0.000,12.723,,
549.144000,2026-03-10 18:28:17.826,ARDUINO_PSI,Arduino,0.000,0.000,12.712,,
549.243794,2026-03-10 18:28:17.925,ARDUINO_PSI,Arduino,0.000,0.000,12.716,,
549.344206,2026-03-10 18:28:18.026,ARDUINO_PSI,Arduino,0.000,0.000,12.710,,
549.464450,2026-03-10 18:28:18.146,ARDUINO_PSI,Arduino,0.000,0.000,12.712,,
549.543329,2026-03-10 18:28:18.225,ARDUINO_PSI,Arduino,0.000,0.000,12.703,,
549.643323,2026-03-10 18:28:18.325,ARDUINO_PSI,Arduino,0.000,0.000,12.719,,
549.743381,2026-03-10 18:28:18.425,ARDUINO_PSI,Arduino,0.000,0.000,12.712,,
549.844043,2026-03-10 18:28:18.526,ARDUINO_PSI,Arduino,0.000,0.000,12.723,,
549.943883,2026-03-10 18:28:18.626,ARDUINO_PSI,Arduino,0.000,0.000,12.719,,
550.043906,2026-03-10 18:28:18.726,ARDUINO_PSI,Arduino,0.000,0.000,12.719,,
550.143864,2026-03-10 18:28:18.826,ARDUINO_PSI,Arduino,0.000,0.000,12.726,,
550.243313,2026-03-10 18:28:18.925,ARDUINO_PSI,Arduino,0.000,0.000,12.728,,
550.343474,2026-03-10 18:28:19.025,ARDUINO_PSI,Arduino,0.000,0.000,12.721,,
550.450636,2026-03-10 18:28:19.132,ARDUINO_PSI,Arduino,0.000,0.000,12.730,,
550.543335,2026-03-10 18:28:19.225,ARDUINO_PSI,Arduino,0.000,0.000,12.721,,
550.643435,2026-03-10 18:28:19.325,ARDUINO_PSI,Arduino,0.000,0.000,12.721,,
550.743341,2026-03-10 18:28:19.425,ARDUINO_PSI,Arduino,0.000,0.000,12.716,,
550.844032,2026-03-10 18:28:19.526,ARDUINO_PSI,Arduino,0.000,0.000,12.726,,
550.943765,2026-03-10 18:28:19.625,ARDUINO_PSI,Arduino,0.000,0.000,12.728,,
551.044640,2026-03-10 18:28:19.726,ARDUINO_PSI,Arduino,0.000,0.000,12.723,,
551.143795,2026-03-10 18:28:19.825,ARDUINO_PSI,Arduino,0.000,0.000,12.730,,
551.244337,2026-03-10 18:28:19.926,ARDUINO_PSI,Arduino,0.000,0.000,12.742,,
551.344036,2026-03-10 18:28:20.026,ARDUINO_PSI,Arduino,0.000,0.000,12.748,,
551.443931,2026-03-10 18:28:20.126,ARDUINO_PSI,Arduino,0.000,0.000,12.748,,
551.544132,2026-03-10 18:28:20.226,ARDUINO_PSI,Arduino,0.000,0.000,12.755,,
551.644181,2026-03-10 18:28:20.326,ARDUINO_PSI,Arduino,0.000,0.000,12.732,,
551.744040,2026-03-10 18:28:20.426,ARDUINO_PSI,Arduino,0.000,0.000,12.746,,
551.844677,2026-03-10 18:28:20.526,ARDUINO_PSI,Arduino,0.000,0.000,12.735,,
551.943935,2026-03-10 18:28:20.626,ARDUINO_PSI,Arduino,0.000,0.000,12.742,,
552.045005,2026-03-10 18:28:20.727,ARDUINO_PSI,Arduino,0.000,0.000,12.744,,
552.144274,2026-03-10 18:28:20.826,ARDUINO_PSI,Arduino,0.000,0.000,12.739,,
552.243909,2026-03-10 18:28:20.926,ARDUINO_PSI,Arduino,0.000,0.000,12.737,,
552.344338,2026-03-10 18:28:21.026,ARDUINO_PSI,Arduino,0.000,0.000,12.739,,
552.444004,2026-03-10 18:28:21.126,ARDUINO_PSI,Arduino,0.000,0.000,12.737,,
552.544923,2026-03-10 18:28:21.227,ARDUINO_PSI,Arduino,0.000,0.000,12.746,,
552.644231,2026-03-10 18:28:21.326,ARDUINO_PSI,Arduino,0.000,0.000,12.732,,
552.744156,2026-03-10 18:28:21.426,ARDUINO_PSI,Arduino,0.000,0.000,12.737,,
552.844046,2026-03-10 18:28:21.526,ARDUINO_PSI,Arduino,0.000,0.000,12.735,,
552.944270,2026-03-10 18:28:21.626,ARDUINO_PSI,Arduino,0.000,0.000,12.735,,
553.043938,2026-03-10 18:28:21.726,ARDUINO_PSI,Arduino,0.000,0.000,12.735,,
553.144147,2026-03-10 18:28:21.826,ARDUINO_PSI,Arduino,0.000,0.000,12.735,,
553.244853,2026-03-10 18:28:21.927,ARDUINO_PSI,Arduino,0.000,0.000,12.723,,
553.344809,2026-03-10 18:28:22.026,ARDUINO_PSI,Arduino,0.000,0.000,12.714,,
553.443849,2026-03-10 18:28:22.126,ARDUINO_PSI,Arduino,0.000,0.000,12.714,,
553.543858,2026-03-10 18:28:22.226,ARDUINO_PSI,Arduino,0.000,0.000,12.710,,
553.644222,2026-03-10 18:28:22.326,ARDUINO_PSI,Arduino,0.000,0.000,12.728,,
553.744965,2026-03-10 18:28:22.427,ARDUINO_PSI,Arduino,0.000,0.000,12.721,,
553.843513,2026-03-10 18:28:22.525,ARDUINO_PSI,Arduino,0.000,0.000,12.723,,
553.943360,2026-03-10 18:28:22.625,ARDUINO_PSI,Arduino,0.000,0.000,12.712,,
554.043877,2026-03-10 18:28:22.726,ARDUINO_PSI,Arduino,0.000,0.000,12.710,,
554.143324,2026-03-10 18:28:22.825,ARDUINO_PSI,Arduino,0.000,0.000,12.710,,
554.244599,2026-03-10 18:28:22.926,ARDUINO_PSI,Arduino,0.000,0.000,12.716,,
554.344654,2026-03-10 18:28:23.026,ARDUINO_PSI,Arduino,0.000,0.000,12.737,,
554.444870,2026-03-10 18:28:23.127,ARDUINO_PSI,Arduino,0.000,0.000,12.735,,
554.543893,2026-03-10 18:28:23.226,ARDUINO_PSI,Arduino,0.000,0.000,12.732,,
554.643347,2026-03-10 18:28:23.325,ARDUINO_PSI,Arduino,0.000,0.000,12.744,,
554.743555,2026-03-10 18:28:23.425,ARDUINO_PSI,Arduino,0.000,0.000,12.751,,
554.843622,2026-03-10 18:28:23.525,ARDUINO_PSI,Arduino,0.000,0.000,12.742,,
554.943386,2026-03-10 18:28:23.625,ARDUINO_PSI,Arduino,0.000,0.000,12.739,,
555.044005,2026-03-10 18:28:23.726,ARDUINO_PSI,Arduino,0.000,0.000,12.735,,
555.144074,2026-03-10 18:28:23.826,ARDUINO_PSI,Arduino,0.000,0.000,12.728,,
555.244247,2026-03-10 18:28:23.926,ARDUINO_PSI,Arduino,0.000,0.000,12.730,,
555.344603,2026-03-10 18:28:24.026,ARDUINO_PSI,Arduino,0.000,0.000,12.742,,
555.444786,2026-03-10 18:28:24.126,ARDUINO_PSI,Arduino,0.000,0.000,12.739,,
555.543258,2026-03-10 18:28:24.225,ARDUINO_PSI,Arduino,0.000,0.000,12.755,,
555.643611,2026-03-10 18:28:24.325,ARDUINO_PSI,Arduino,0.000,0.000,12.751,,
555.744704,2026-03-10 18:28:24.426,ARDUINO_PSI,Arduino,0.000,0.000,12.751,,
555.844171,2026-03-10 18:28:24.526,ARDUINO_PSI,Arduino,0.000,0.000,12.755,,
555.943794,2026-03-10 18:28:24.625,ARDUINO_PSI,Arduino,0.000,0.000,12.769,,
556.044100,2026-03-10 18:28:24.726,ARDUINO_PSI,Arduino,0.000,0.000,12.774,,
556.144151,2026-03-10 18:28:24.826,ARDUINO_PSI,Arduino,0.000,0.000,12.774,,
556.244236,2026-03-10 18:28:24.926,ARDUINO_PSI,Arduino,0.000,0.000,12.769,,
556.344079,2026-03-10 18:28:25.026,ARDUINO_PSI,Arduino,0.000,0.000,12.751,,
556.444081,2026-03-10 18:28:25.126,ARDUINO_PSI,Arduino,0.000,0.000,12.744,,
556.544827,2026-03-10 18:28:25.226,ARDUINO_PSI,Arduino,0.000,0.000,12.744,,
556.644780,2026-03-10 18:28:25.326,ARDUINO_PSI,Arduino,0.000,0.000,12.730,,
556.744130,2026-03-10 18:28:25.426,ARDUINO_PSI,Arduino,0.000,0.000,12.726,,
556.844141,2026-03-10 18:28:25.526,ARDUINO_PSI,Arduino,0.000,0.000,12.723,,
556.944711,2026-03-10 18:28:25.626,ARDUINO_PSI,Arduino,0.000,0.000,12.719,,
557.045022,2026-03-10 18:28:25.727,ARDUINO_PSI,Arduino,0.000,0.000,12.732,,
557.144021,2026-03-10 18:28:25.826,ARDUINO_PSI,Arduino,0.000,0.000,12.737,,
557.244035,2026-03-10 18:28:25.926,ARDUINO_PSI,Arduino,0.000,0.000,12.735,,
557.344139,2026-03-10 18:28:26.026,ARDUINO_PSI,Arduino,0.000,0.000,12.728,,
557.444423,2026-03-10 18:28:26.126,ARDUINO_PSI,Arduino,0.000,0.000,12.726,,
557.544024,2026-03-10 18:28:26.226,ARDUINO_PSI,Arduino,0.000,0.000,12.712,,
557.644204,2026-03-10 18:28:26.326,ARDUINO_PSI,Arduino,0.000,0.000,12.721,,
557.743919,2026-03-10 18:28:26.426,ARDUINO_PSI,Arduino,0.000,0.000,12.723,,
557.844449,2026-03-10 18:28:26.526,ARDUINO_PSI,Arduino,0.000,0.000,12.735,,
557.943398,2026-03-10 18:28:26.625,ARDUINO_PSI,Arduino,0.000,0.000,12.728,,
558.043455,2026-03-10 18:28:26.725,ARDUINO_PSI,Arduino,0.000,0.000,12.730,,
558.145059,2026-03-10 18:28:26.827,ARDUINO_PSI,Arduino,0.000,0.000,12.723,,
558.244036,2026-03-10 18:28:26.926,ARDUINO_PSI,Arduino,0.000,0.000,12.730,,
558.343580,2026-03-10 18:28:27.025,ARDUINO_PSI,Arduino,0.000,0.000,12.735,,
558.443719,2026-03-10 18:28:27.125,ARDUINO_PSI,Arduino,0.000,0.000,12.744,,
558.544827,2026-03-10 18:28:27.226,ARDUINO_PSI,Arduino,0.000,0.000,12.737,,
558.643915,2026-03-10 18:28:27.326,ARDUINO_PSI,Arduino,0.000,0.000,12.742,,
558.744054,2026-03-10 18:28:27.426,ARDUINO_PSI,Arduino,0.000,0.000,12.737,,
558.843890,2026-03-10 18:28:27.526,ARDUINO_PSI,Arduino,0.000,0.000,12.746,,
558.943954,2026-03-10 18:28:27.626,ARDUINO_PSI,Arduino,0.000,0.000,12.748,,
559.044674,2026-03-10 18:28:27.726,ARDUINO_PSI,Arduino,0.000,0.000,12.739,,
559.143792,2026-03-10 18:28:27.825,ARDUINO_PSI,Arduino,0.000,0.000,12.739,,
559.243974,2026-03-10 18:28:27.926,ARDUINO_PSI,Arduino,0.000,0.000,12.742,,
559.344223,2026-03-10 18:28:28.026,ARDUINO_PSI,Arduino,0.000,0.000,12.739,,
559.443915,2026-03-10 18:28:28.126,ARDUINO_PSI,Arduino,0.000,0.000,12.744,,
559.544078,2026-03-10 18:28:28.226,ARDUINO_PSI,Arduino,0.000,0.000,12.746,,
559.644397,2026-03-10 18:28:28.326,ARDUINO_PSI,Arduino,0.000,0.000,12.742,,
559.743265,2026-03-10 18:28:28.425,ARDUINO_PSI,Arduino,0.000,0.000,12.732,,
559.843791,2026-03-10 18:28:28.525,ARDUINO_PSI,Arduino,0.000,0.000,12.726,,
559.943393,2026-03-10 18:28:28.625,ARDUINO_PSI,Arduino,0.000,0.000,12.723,,
560.044021,2026-03-10 18:28:28.726,ARDUINO_PSI,Arduino,0.000,0.000,12.721,,
560.144039,2026-03-10 18:28:28.826,ARDUINO_PSI,Arduino,0.000,0.000,12.726,,
560.244596,2026-03-10 18:28:28.926,ARDUINO_PSI,Arduino,0.000,0.000,12.719,,
560.343917,2026-03-10 18:28:29.026,ARDUINO_PSI,Arduino,0.000,0.000,12.723,,
560.443789,2026-03-10 18:28:29.125,ARDUINO_PSI,Arduino,0.000,0.000,12.716,,
560.544015,2026-03-10 18:28:29.226,ARDUINO_PSI,Arduino,0.000,0.000,12.726,,
560.643310,2026-03-10 18:28:29.325,ARDUINO_PSI,Arduino,0.000,0.000,12.721,,
560.744066,2026-03-10 18:28:29.426,ARDUINO_PSI,Arduino,0.000,0.000,12.730,,
560.844021,2026-03-10 18:28:29.526,ARDUINO_PSI,Arduino,0.000,0.000,12.726,,
560.944854,2026-03-10 18:28:29.627,ARDUINO_PSI,Arduino,0.000,0.000,12.730,,
561.043474,2026-03-10 18:28:29.725,ARDUINO_PSI,Arduino,0.000,0.000,12.726,,
561.144034,2026-03-10 18:28:29.826,ARDUINO_PSI,Arduino,0.000,0.000,12.728,,
561.244053,2026-03-10 18:28:29.926,ARDUINO_PSI,Arduino,0.000,0.000,12.735,,
561.344550,2026-03-10 18:28:30.026,ARDUINO_PSI,Arduino,0.000,0.000,12.730,,
561.444870,2026-03-10 18:28:30.127,ARDUINO_PSI,Arduino,0.000,0.000,12.721,,
561.544484,2026-03-10 18:28:30.226,ARDUINO_PSI,Arduino,0.000,0.000,12.721,,
561.643887,2026-03-10 18:28:30.326,ARDUINO_PSI,Arduino,0.000,0.000,12.707,,
561.743852,2026-03-10 18:28:30.426,ARDUINO_PSI,Arduino,0.000,0.000,12.714,,
561.843946,2026-03-10 18:28:30.526,ARDUINO_PSI,Arduino,0.000,0.000,12.714,,
561.943941,2026-03-10 18:28:30.626,ARDUINO_PSI,Arduino,0.000,0.000,12.719,,
562.043483,2026-03-10 18:28:30.725,ARDUINO_PSI,Arduino,0.000,0.000,12.719,,
562.143642,2026-03-10 18:28:30.825,ARDUINO_PSI,Arduino,0.000,0.000,12.730,,
562.243492,2026-03-10 18:28:30.925,ARDUINO_PSI,Arduino,0.000,0.000,12.728,,
562.344351,2026-03-10 18:28:31.026,ARDUINO_PSI,Arduino,0.000,0.000,12.728,,
562.443870,2026-03-10 18:28:31.126,ARDUINO_PSI,Arduino,0.000,0.000,12.723,,
562.543825,2026-03-10 18:28:31.225,ARDUINO_PSI,Arduino,0.000,0.000,12.721,,
562.644103,2026-03-10 18:28:31.326,ARDUINO_PSI,Arduino,0.000,0.000,12.735,,
562.743383,2026-03-10 18:28:31.425,ARDUINO_PSI,Arduino,0.000,0.000,12.723,,
562.844065,2026-03-10 18:28:31.526,ARDUINO_PSI,Arduino,0.000,0.000,12.719,,
562.943897,2026-03-10 18:28:31.626,ARDUINO_PSI,Arduino,0.000,0.000,12.710,,
563.043920,2026-03-10 18:28:31.726,ARDUINO_PSI,Arduino,0.000,0.000,12.719,,
563.144735,2026-03-10 18:28:31.826,ARDUINO_PSI,Arduino,0.000,0.000,12.716,,
563.244222,2026-03-10 18:28:31.926,ARDUINO_PSI,Arduino,0.000,0.000,12.710,,
563.343827,2026-03-10 18:28:32.025,ARDUINO_PSI,Arduino,0.000,0.000,12.710,,
563.443947,2026-03-10 18:28:32.126,ARDUINO_PSI,Arduino,0.000,0.000,12.712,,
563.544114,2026-03-10 18:28:32.226,ARDUINO_PSI,Arduino,0.000,0.000,12.714,,
563.643320,2026-03-10 18:28:32.325,ARDUINO_PSI,Arduino,0.000,0.000,12.728,,
563.743933,2026-03-10 18:28:32.426,ARDUINO_PSI,Arduino,0.000,0.000,12.726,,
563.844808,2026-03-10 18:28:32.526,ARDUINO_PSI,Arduino,0.000,0.000,12.726,,
563.944153,2026-03-10 18:28:32.626,ARDUINO_PSI,Arduino,0.000,0.000,12.723,,
564.046568,2026-03-10 18:28:32.728,ARDUINO_PSI,Arduino,0.000,0.000,12.721,,
564.143875,2026-03-10 18:28:32.826,ARDUINO_PSI,Arduino,0.000,0.000,12.712,,
564.243853,2026-03-10 18:28:32.926,ARDUINO_PSI,Arduino,0.000,0.000,12.723,,
564.343987,2026-03-10 18:28:33.026,ARDUINO_PSI,Arduino,0.000,0.000,12.721,,
564.444670,2026-03-10 18:28:33.126,ARDUINO_PSI,Arduino,0.000,0.000,12.737,,
564.543609,2026-03-10 18:28:33.225,ARDUINO_PSI,Arduino,0.000,0.000,12.735,,
564.643986,2026-03-10 18:28:33.326,ARDUINO_PSI,Arduino,0.000,0.000,12.723,,
564.744314,2026-03-10 18:28:33.426,ARDUINO_PSI,Arduino,0.000,0.000,12.723,,
564.843832,2026-03-10 18:28:33.525,ARDUINO_PSI,Arduino,0.000,0.000,12.732,,
564.944012,2026-03-10 18:28:33.626,ARDUINO_PSI,Arduino,0.000,0.000,12.746,,
565.043857,2026-03-10 18:28:33.726,ARDUINO_PSI,Arduino,0.000,0.000,12.739,,
565.143500,2026-03-10 18:28:33.825,ARDUINO_PSI,Arduino,0.000,0.000,12.742,,
565.243887,2026-03-10 18:28:33.926,ARDUINO_PSI,Arduino,0.000,0.000,12.739,,
565.344006,2026-03-10 18:28:34.026,ARDUINO_PSI,Arduino,0.000,0.000,12.748,,
565.443453,2026-03-10 18:28:34.125,ARDUINO_PSI,Arduino,0.000,0.000,12.748,,
565.544543,2026-03-10 18:28:34.226,ARDUINO_PSI,Arduino,0.000,0.000,12.742,,
565.643909,2026-03-10 18:28:34.326,ARDUINO_PSI,Arduino,0.000,0.000,12.735,,
565.743246,2026-03-10 18:28:34.425,ARDUINO_PSI,Arduino,0.000,0.000,12.742,,
565.843792,2026-03-10 18:28:34.525,ARDUINO_PSI,Arduino,0.000,0.000,12.737,,
565.945176,2026-03-10 18:28:34.627,ARDUINO_PSI,Arduino,0.000,0.000,12.735,,
566.043879,2026-03-10 18:28:34.726,ARDUINO_PSI,Arduino,0.000,0.000,12.737,,
566.143459,2026-03-10 18:28:34.825,ARDUINO_PSI,Arduino,0.000,0.000,12.742,,
566.243414,2026-03-10 18:28:34.925,ARDUINO_PSI,Arduino,0.000,0.000,12.742,,
566.343499,2026-03-10 18:28:35.025,ARDUINO_PSI,Arduino,0.000,0.000,12.748,,
566.444797,2026-03-10 18:28:35.126,ARDUINO_PSI,Arduino,0.000,0.000,12.732,,
566.609187,2026-03-10 18:28:35.291,ARDUINO_PSI,Arduino,0.000,0.000,12.732,,
566.643873,2026-03-10 18:28:35.326,ARDUINO_PSI,Arduino,0.000,0.000,12.732,,
566.743507,2026-03-10 18:28:35.425,ARDUINO_PSI,Arduino,0.000,0.000,12.739,,
566.844812,2026-03-10 18:28:35.526,ARDUINO_PSI,Arduino,0.000,0.000,12.730,,
566.943944,2026-03-10 18:28:35.626,ARDUINO_PSI,Arduino,0.000,0.000,12.716,,
567.044504,2026-03-10 18:28:35.726,ARDUINO_PSI,Arduino,0.000,0.000,12.719,,
567.089958,2026-03-10 18:28:35.772,WJ_VOLTAGE,WJ1,0.000,0.000,0,0,"HV=OFF, Fault=NO"
567.143392,2026-03-10 18:28:35.825,ARDUINO_PSI,Arduino,0.000,0.000,12.719,,
567.348499,2026-03-10 18:28:36.030,ARDUINO_PSI,Arduino,0.000,0.000,12.721,,
567.349702,2026-03-10 18:28:36.031,ARDUINO_PSI,Arduino,0.000,0.000,12.726,,
567.444005,2026-03-10 18:28:36.126,ARDUINO_PSI,Arduino,0.000,0.000,12.719,,
567.544053,2026-03-10 18:28:36.226,ARDUINO_PSI,Arduino,0.000,0.000,12.726,,
567.619040,2026-03-10 18:28:36.301,WJ_VOLTAGE,WJ1,0.000,0.000,0,0,"HV=OFF, Fault=NO"
567.643303,2026-03-10 18:28:36.325,ARDUINO_PSI,Arduino,0.000,0.000,12.719,,
567.743770,2026-03-10 18:28:36.425,ARDUINO_PSI,Arduino,0.000,0.000,12.719,,
567.844162,2026-03-10 18:28:36.526,ARDUINO_PSI,Arduino,0.000,0.000,12.714,,
567.852271,2026-03-10 18:28:36.534,WJ_VOLTAGE,WJ2,0.000,0.000,0,0,"HV=OFF, Fault=NO"
567.944130,2026-03-10 18:28:36.626,ARDUINO_PSI,Arduino,0.000,0.000,12.705,,
568.044081,2026-03-10 18:28:36.726,ARDUINO_PSI,Arduino,0.000,0.000,12.710,,
568.143534,2026-03-10 18:28:36.825,ARDUINO_PSI,Arduino,0.000,0.000,12.700,,
568.147602,2026-03-10 18:28:36.829,WJ_VOLTAGE,WJ1,0.000,0.000,0,0,"HV=OFF, Fault=NO"
568.243337,2026-03-10 18:28:36.925,ARDUINO_PSI,Arduino,0.000,0.000,12.700,,
568.343495,2026-03-10 18:28:37.025,ARDUINO_PSI,Arduino,0.000,0.000,12.689,,
568.382234,2026-03-10 18:28:37.064,WJ_VOLTAGE,WJ2,0.000,0.000,0,0,"HV=OFF, Fault=NO"
568.444064,2026-03-10 18:28:37.126,ARDUINO_PSI,Arduino,0.000,0.000,12.696,,
568.543931,2026-03-10 18:28:37.226,ARDUINO_PSI,Arduino,0.000,0.000,12.698,,
568.643950,2026-03-10 18:28:37.326,ARDUINO_PSI,Arduino,0.000,0.000,12.707,,
568.674194,2026-03-10 18:28:37.356,WJ_VOLTAGE,WJ1,0.000,0.000,0,0,"HV=OFF, Fault=NO"
568.743857,2026-03-10 18:28:37.426,ARDUINO_PSI,Arduino,0.000,0.000,12.707,,
568.844075,2026-03-10 18:28:37.526,ARDUINO_PSI,Arduino,0.000,0.000,12.712,,
568.906161,2026-03-10 18:28:37.588,WJ_VOLTAGE,WJ2,0.000,0.000,0,0,"HV=OFF, Fault=NO"
568.943716,2026-03-10 18:28:37.625,ARDUINO_PSI,Arduino,0.000,0.000,12.716,,
569.043916,2026-03-10 18:28:37.726,ARDUINO_PSI,Arduino,0.000,0.000,12.714,,
569.144075,2026-03-10 18:28:37.826,ARDUINO_PSI,Arduino,0.000,0.000,12.707,,
569.204457,2026-03-10 18:28:37.886,WJ_VOLTAGE,WJ1,0.000,0.000,0,0,"HV=OFF, Fault=NO"
569.243959,2026-03-10 18:28:37.926,ARDUINO_PSI,Arduino,0.000,0.000,12.707,,
569.344125,2026-03-10 18:28:38.026,ARDUINO_PSI,Arduino,0.000,0.000,12.694,,
569.435900,2026-03-10 18:28:38.118,WJ_VOLTAGE,WJ2,0.000,0.000,0,0,"HV=OFF, Fault=NO"
569.449164,2026-03-10 18:28:38.131,ARDUINO_PSI,Arduino,0.000,0.000,12.710,,
569.544045,2026-03-10 18:28:38.226,ARDUINO_PSI,Arduino,0.000,0.000,12.698,,
569.645376,2026-03-10 18:28:38.327,ARDUINO_PSI,Arduino,0.000,0.000,12.698,,
569.733802,2026-03-10 18:28:38.415,WJ_VOLTAGE,WJ1,0.000,0.000,0,0,"HV=OFF, Fault=NO"
569.751947,2026-03-10 18:28:38.434,ARDUINO_PSI,Arduino,0.000,0.000,12.694,,
569.844078,2026-03-10 18:28:38.526,ARDUINO_PSI,Arduino,0.000,0.000,12.689,,
569.944133,2026-03-10 18:28:38.626,ARDUINO_PSI,Arduino,0.000,0.000,12.710,,
569.962525,2026-03-10 18:28:38.644,WJ_VOLTAGE,WJ2,0.000,0.000,0,0,"HV=OFF, Fault=NO"
570.043681,2026-03-10 18:28:38.725,ARDUINO_PSI,Arduino,0.000,0.000,12.716,,
570.144173,2026-03-10 18:28:38.826,ARDUINO_PSI,Arduino,0.000,0.000,12.726,,
570.244163,2026-03-10 18:28:38.926,ARDUINO_PSI,Arduino,0.000,0.000,12.719,,
570.258386,2026-03-10 18:28:38.940,WJ_VOLTAGE,WJ1,0.000,0.000,0,0,"HV=OFF, Fault=NO"
570.344514,2026-03-10 18:28:39.026,ARDUINO_PSI,Arduino,0.000,0.000,12.721,,
570.444250,2026-03-10 18:28:39.126,ARDUINO_PSI,Arduino,0.000,0.000,12.726,,
570.492596,2026-03-10 18:28:39.174,WJ_VOLTAGE,WJ2,0.000,0.000,0,0,"HV=OFF, Fault=NO"
570.543496,2026-03-10 18:28:39.225,ARDUINO_PSI,Arduino,0.000,0.000,12.726,,
570.643465,2026-03-10 18:28:39.325,ARDUINO_PSI,Arduino,0.000,0.000,12.714,,
570.743343,2026-03-10 18:28:39.425,ARDUINO_PSI,Arduino,0.000,0.000,12.710,,
570.788567,2026-03-10 18:28:39.470,WJ_VOLTAGE,WJ1,0.000,0.000,0,0,"HV=OFF, Fault=NO"
570.843923,2026-03-10 18:28:39.526,ARDUINO_PSI,Arduino,0.000,0.000,12.719,,
570.943974,2026-03-10 18:28:39.626,ARDUINO_PSI,Arduino,0.000,0.000,12.712,,
571.008879,2026-03-10 18:28:39.691,WJ_VOLTAGE,WJ2,0.000,0.000,0,0,"HV=OFF, Fault=NO"
571.043843,2026-03-10 18:28:39.725,ARDUINO_PSI,Arduino,0.000,0.000,12.714,,
571.144383,2026-03-10 18:28:39.826,ARDUINO_PSI,Arduino,0.000,0.000,12.721,,
571.244934,2026-03-10 18:28:39.927,ARDUINO_PSI,Arduino,0.000,0.000,12.716,,
571.322369,2026-03-10 18:28:40.004,WJ_VOLTAGE,WJ1,0.000,0.000,0,0,"HV=OFF, Fault=NO"
571.343212,2026-03-10 18:28:40.025,ARDUINO_PSI,Arduino,0.000,0.000,12.716,,
571.444031,2026-03-10 18:28:40.126,ARDUINO_PSI,Arduino,0.000,0.000,12.714,,
571.540230,2026-03-10 18:28:40.222,WJ_VOLTAGE,WJ2,0.000,0.000,0,0,"HV=OFF, Fault=NO"
571.554540,2026-03-10 18:28:40.236,ARDUINO_PSI,Arduino,0.000,0.000,12.735,,
571.643556,2026-03-10 18:28:40.325,ARDUINO_PSI,Arduino,0.000,0.000,12.732,,
571.744683,2026-03-10 18:28:40.426,ARDUINO_PSI,Arduino,0.000,0.000,12.732,,
571.843333,2026-03-10 18:28:40.525,ARDUINO_PSI,Arduino,0.000,0.000,12.748,,
571.847503,2026-03-10 18:28:40.529,WJ_VOLTAGE,WJ1,0.000,0.000,0,0,"HV=OFF, Fault=NO"
571.944310,2026-03-10 18:28:40.626,ARDUINO_PSI,Arduino,0.000,0.000,12.742,,
572.045262,2026-03-10 18:28:40.727,ARDUINO_PSI,Arduino,0.000,0.000,12.737,,
572.065793,2026-03-10 18:28:40.747,WJ_VOLTAGE,WJ2,0.000,0.000,0,0,"HV=OFF, Fault=NO"
572.144243,2026-03-10 18:28:40.826,ARDUINO_PSI,Arduino,0.000,0.000,12.726,,
572.244001,2026-03-10 18:28:40.926,ARDUINO_PSI,Arduino,0.000,0.000,12.728,,
572.345172,2026-03-10 18:28:41.027,ARDUINO_PSI,Arduino,0.000,0.000,12.728,,
572.380301,2026-03-10 18:28:41.062,WJ_VOLTAGE,WJ1,0.000,0.000,0,0,"HV=OFF, Fault=NO"
572.443934,2026-03-10 18:28:41.126,ARDUINO_PSI,Arduino,0.000,0.000,12.721,,
572.545342,2026-03-10 18:28:41.227,ARDUINO_PSI,Arduino,0.000,0.000,12.721,,
572.596905,2026-03-10 18:28:41.279,WJ_VOLTAGE,WJ2,0.000,0.000,0,0,"HV=OFF, Fault=NO"
572.643316,2026-03-10 18:28:41.325,ARDUINO_PSI,Arduino,0.000,0.000,12.721,,
572.744832,2026-03-10 18:28:41.426,ARDUINO_PSI,Arduino,0.000,0.000,12.726,,
572.844795,2026-03-10 18:28:41.526,ARDUINO_PSI,Arduino,0.000,0.000,12.719,,
572.907267,2026-03-10 18:28:41.589,WJ_VOLTAGE,WJ1,0.000,0.000,0,0,"HV=OFF, Fault=NO"
572.943791,2026-03-10 18:28:41.625,ARDUINO_PSI,Arduino,0.000,0.000,12.723,,
573.045316,2026-03-10 18:28:41.727,ARDUINO_PSI,Arduino,0.000,0.000,12.721,,
573.124769,2026-03-10 18:28:41.806,WJ_VOLTAGE,WJ2,0.000,0.000,0,0,"HV=OFF, Fault=NO"
573.143420,2026-03-10 18:28:41.825,ARDUINO_PSI,Arduino,0.000,0.000,12.723,,
573.244135,2026-03-10 18:28:41.926,ARDUINO_PSI,Arduino,0.000,0.000,12.723,,
573.343913,2026-03-10 18:28:42.026,ARDUINO_PSI,Arduino,0.000,0.000,12.739,,
573.433301,2026-03-10 18:28:42.115,WJ_VOLTAGE,WJ1,0.000,0.000,0,0,"HV=OFF, Fault=NO"
573.446759,2026-03-10 18:28:42.128,ARDUINO_PSI,Arduino,0.000,0.000,12.726,,
573.543975,2026-03-10 18:28:42.226,ARDUINO_PSI,Arduino,0.000,0.000,12.714,,
573.644138,2026-03-10 18:28:42.326,ARDUINO_PSI,Arduino,0.000,0.000,12.712,,
573.652290,2026-03-10 18:28:42.334,WJ_VOLTAGE,WJ2,0.000,0.000,0,0,"HV=OFF, Fault=NO"
573.744312,2026-03-10 18:28:42.426,ARDUINO_PSI,Arduino,0.000,0.000,12.710,,
573.843782,2026-03-10 18:28:42.525,ARDUINO_PSI,Arduino,0.000,0.000,12.703,,
573.943977,2026-03-10 18:28:42.626,ARDUINO_PSI,Arduino,0.000,0.000,12.696,,
573.963250,2026-03-10 18:28:42.645,WJ_VOLTAGE,WJ1,0.000,0.000,0,0,"HV=OFF, Fault=NO"
574.043469,2026-03-10 18:28:42.725,ARDUINO_PSI,Arduino,0.000,0.000,12.689,,
574.144762,2026-03-10 18:28:42.826,ARDUINO_PSI,Arduino,0.000,0.000,12.705,,
574.182225,2026-03-10 18:28:42.864,WJ_VOLTAGE,WJ2,0.000,0.000,0,0,"HV=OFF, Fault=NO"
574.243976,2026-03-10 18:28:42.926,ARDUINO_PSI,Arduino,0.000,0.000,12.707,,
574.344331,2026-03-10 18:28:43.026,ARDUINO_PSI,Arduino,0.000,0.000,12.700,,
574.444629,2026-03-10 18:28:43.126,ARDUINO_PSI,Arduino,0.000,0.000,12.707,,
574.495744,2026-03-10 18:28:43.177,WJ_VOLTAGE,WJ1,0.000,0.000,0,0,"HV=OFF, Fault=NO"
574.543837,2026-03-10 18:28:43.225,ARDUINO_PSI,Arduino,0.000,0.000,12.719,,
574.644124,2026-03-10 18:28:43.326,ARDUINO_PSI,Arduino,0.000,0.000,12.723,,
574.711838,2026-03-10 18:28:43.393,WJ_VOLTAGE,WJ2,0.000,0.000,0,0,"HV=OFF, Fault=NO"
574.743263,2026-03-10 18:28:43.425,ARDUINO_PSI,Arduino,0.000,0.000,12.719,,
574.844088,2026-03-10 18:28:43.526,ARDUINO_PSI,Arduino,0.000,0.000,12.721,,
574.944256,2026-03-10 18:28:43.626,ARDUINO_PSI,Arduino,0.000,0.000,12.714,,
575.021989,2026-03-10 18:28:43.704,WJ_VOLTAGE,WJ1,0.000,0.000,0,0,"HV=OFF, Fault=NO"
575.043801,2026-03-10 18:28:43.725,ARDUINO_PSI,Arduino,0.000,0.000,12.723,,
575.144478,2026-03-10 18:28:43.826,ARDUINO_PSI,Arduino,0.000,0.000,12.712,,
575.242755,2026-03-10 18:28:43.924,WJ_VOLTAGE,WJ2,0.000,0.000,0,0,"HV=OFF, Fault=NO"
575.250945,2026-03-10 18:28:43.933,ARDUINO_PSI,Arduino,0.000,0.000,12.716,,
575.343989,2026-03-10 18:28:44.026,ARDUINO_PSI,Arduino,0.000,0.000,12.710,,
575.444181,2026-03-10 18:28:44.126,ARDUINO_PSI,Arduino,0.000,0.000,12.714,,
575.541115,2026-03-10 18:28:44.223,WJ_VOLTAGE,WJ1,0.000,0.000,0,0,"HV=OFF, Fault=NO"
575.556925,2026-03-10 18:28:44.239,ARDUINO_PSI,Arduino,0.000,0.000,12.712,,
575.644019,2026-03-10 18:28:44.326,ARDUINO_PSI,Arduino,0.000,0.000,12.712,,
575.743823,2026-03-10 18:28:44.425,ARDUINO_PSI,Arduino,0.000,0.000,12.712,,
575.772222,2026-03-10 18:28:44.454,WJ_VOLTAGE,WJ2,0.000,0.000,0,0,"HV=OFF, Fault=NO"
575.844244,2026-03-10 18:28:44.526,ARDUINO_PSI,Arduino,0.000,0.000,12.719,,
575.944134,2026-03-10 18:28:44.626,ARDUINO_PSI,Arduino,0.000,0.000,12.721,,
576.044209,2026-03-10 18:28:44.726,ARDUINO_PSI,Arduino,0.000,0.000,12.714,,
576.066844,2026-03-10 18:28:44.748,WJ_VOLTAGE,WJ1,0.000,0.000,0,0,"HV=OFF, Fault=NO"
576.144606,2026-03-10 18:28:44.826,ARDUINO_PSI,Arduino,0.000,0.000,12.710,,
576.244771,2026-03-10 18:28:44.926,ARDUINO_PSI,Arduino,0.000,0.000,12.716,,
576.302202,2026-03-10 18:28:44.984,WJ_VOLTAGE,WJ2,0.000,0.000,0,0,"HV=OFF, Fault=NO"
576.343699,2026-03-10 18:28:45.025,ARDUINO_PSI,Arduino,0.000,0.000,12.721,,
576.444303,2026-03-10 18:28:45.126,ARDUINO_PSI,Arduino,0.000,0.000,12.723,,
576.545746,2026-03-10 18:28:45.227,ARDUINO_PSI,Arduino,0.000,0.000,12.710,,
576.586893,2026-03-10 18:28:45.269,WJ_VOLTAGE,WJ1,0.000,0.000,0,0,"HV=OFF, Fault=NO"
576.643523,2026-03-10 18:28:45.325,ARDUINO_PSI,Arduino,0.000,0.000,12.719,,
576.744313,2026-03-10 18:28:45.426,ARDUINO_PSI,Arduino,0.000,0.000,12.719,,
576.821981,2026-03-10 18:28:45.504,WJ_VOLTAGE,WJ2,0.000,0.000,0,0,"HV=OFF, Fault=NO"
576.843767,2026-03-10 18:28:45.525,ARDUINO_PSI,Arduino,0.000,0.000,12.719,,
576.944129,2026-03-10 18:28:45.626,ARDUINO_PSI,Arduino,0.000,0.000,12.723,,
577.044346,2026-03-10 18:28:45.726,ARDUINO_PSI,Arduino,0.000,0.000,12.714,,
577.118539,2026-03-10 18:28:45.800,WJ_VOLTAGE,WJ1,0.000,0.000,0,0,"HV=OFF, Fault=NO"
577.143296,2026-03-10 18:28:45.825,ARDUINO_PSI,Arduino,0.000,0.000,12.712,,
577.244073,2026-03-10 18:28:45.926,ARDUINO_PSI,Arduino,0.000,0.000,12.714,,
577.344839,2026-03-10 18:28:46.026,ARDUINO_PSI,Arduino,0.000,0.000,12.719,,
577.351428,2026-03-10 18:28:46.033,WJ_VOLTAGE,WJ2,0.000,0.000,0,0,"HV=OFF, Fault=NO"
577.443969,2026-03-10 18:28:46.126,ARDUINO_PSI,Arduino,0.000,0.000,12.721,,
577.543906,2026-03-10 18:28:46.226,ARDUINO_PSI,Arduino,0.000,0.000,12.721,,
577.646486,2026-03-10 18:28:46.328,WJ_VOLTAGE,WJ1,0.000,0.000,0,0,"HV=OFF, Fault=NO"
577.650379,2026-03-10 18:28:46.332,ARDUINO_PSI,Arduino,0.000,0.000,12.723,,
577.744083,2026-03-10 18:28:46.426,ARDUINO_PSI,Arduino,0.000,0.000,12.742,,
577.844649,2026-03-10 18:28:46.526,ARDUINO_PSI,Arduino,0.000,0.000,12.735,,
577.877804,2026-03-10 18:28:46.559,WJ_VOLTAGE,WJ2,0.000,0.000,0,0,"HV=OFF, Fault=NO"
577.944564,2026-03-10 18:28:46.626,ARDUINO_PSI,Arduino,0.000,0.000,12.730,,
578.045502,2026-03-10 18:28:46.727,ARDUINO_PSI,Arduino,0.000,0.000,12.735,,
578.144157,2026-03-10 18:28:46.826,ARDUINO_PSI,Arduino,0.000,0.000,12.721,,
578.193328,2026-03-10 18:28:46.875,WJ_VOLTAGE,WJ1,0.000,0.000,0,0,"HV=OFF, Fault=NO"
578.243843,2026-03-10 18:28:46.925,ARDUINO_PSI,Arduino,0.000,0.000,12.726,,
578.344085,2026-03-10 18:28:47.026,ARDUINO_PSI,Arduino,0.000,0.000,12.721,,
578.411907,2026-03-10 18:28:47.094,WJ_VOLTAGE,WJ2,0.000,0.000,0,0,"HV=OFF, Fault=NO"
578.443451,2026-03-10 18:28:47.125,ARDUINO_PSI,Arduino,0.000,0.000,12.719,,
578.544825,2026-03-10 18:28:47.226,ARDUINO_PSI,Arduino,0.000,0.000,12.712,,
578.645024,2026-03-10 18:28:47.327,ARDUINO_PSI,Arduino,0.000,0.000,12.710,,
578.722141,2026-03-10 18:28:47.404,WJ_VOLTAGE,WJ1,0.000,0.000,0,0,"HV=OFF, Fault=NO"
578.743538,2026-03-10 18:28:47.425,ARDUINO_PSI,Arduino,0.000,0.000,12.710,,
578.845545,2026-03-10 18:28:47.527,ARDUINO_PSI,Arduino,0.000,0.000,12.700,,
578.942765,2026-03-10 18:28:47.624,WJ_VOLTAGE,WJ2,0.000,0.000,0,0,"HV=OFF, Fault=NO"
578.957002,2026-03-10 18:28:47.639,ARDUINO_PSI,Arduino,0.000,0.000,12.696,,
579.044049,2026-03-10 18:28:47.726,ARDUINO_PSI,Arduino,0.000,0.000,12.698,,
579.144492,2026-03-10 18:28:47.826,ARDUINO_PSI,Arduino,0.000,0.000,12.700,,
579.243991,2026-03-10 18:28:47.926,ARDUINO_PSI,Arduino,0.000,0.000,12.698,,
579.255116,2026-03-10 18:28:47.937,WJ_VOLTAGE,WJ1,0.000,0.000,0,0,"HV=OFF, Fault=NO"
579.344202,2026-03-10 18:28:48.026,ARDUINO_PSI,Arduino,0.000,0.000,12.687,,
579.444650,2026-03-10 18:28:48.126,ARDUINO_PSI,Arduino,0.000,0.000,12.675,,
579.468200,2026-03-10 18:28:48.150,WJ_VOLTAGE,WJ2,0.000,0.000,0,0,"HV=OFF, Fault=NO"
579.544010,2026-03-10 18:28:48.226,ARDUINO_PSI,Arduino,0.000,0.000,12.687,,
579.644094,2026-03-10 18:28:48.326,ARDUINO_PSI,Arduino,0.000,0.000,12.700,,
579.743746,2026-03-10 18:28:48.425,ARDUINO_PSI,Arduino,0.000,0.000,12.691,,
579.783453,2026-03-10 18:28:48.465,WJ_VOLTAGE,WJ1,0.000,0.000,0,0,"HV=OFF, Fault=NO"
579.844081,2026-03-10 18:28:48.526,ARDUINO_PSI,Arduino,0.000,0.000,12.687,,
579.944100,2026-03-10 18:28:48.626,ARDUINO_PSI,Arduino,0.000,0.000,12.691,,
579.999866,2026-03-10 18:28:48.682,WJ_VOLTAGE,WJ2,0.000,0.000,0,0,"HV=OFF, Fault=NO"
580.044467,2026-03-10 18:28:48.726,ARDUINO_PSI,Arduino,0.000,0.000,12.689,,
580.144166,2026-03-10 18:28:48.826,ARDUINO_PSI,Arduino,0.000,0.000,12.694,,
580.243623,2026-03-10 18:28:48.925,ARDUINO_PSI,Arduino,0.000,0.000,12.682,,
580.311447,2026-03-10 18:28:48.993,WJ_VOLTAGE,WJ1,0.000,0.000,0,0,"HV=OFF, Fault=NO"
580.343295,2026-03-10 18:28:49.025,ARDUINO_PSI,Arduino,0.000,0.000,12.680,,
580.444190,2026-03-10 18:28:49.126,ARDUINO_PSI,Arduino,0.000,0.000,12.666,,
580.526496,2026-03-10 18:28:49.208,WJ_VOLTAGE,WJ2,0.000,0.000,0,0,"HV=OFF, Fault=NO"
580.543274,2026-03-10 18:28:49.225,ARDUINO_PSI,Arduino,0.000,0.000,12.675,,
580.644268,2026-03-10 18:28:49.326,ARDUINO_PSI,Arduino,0.000,0.000,12.664,,
580.744017,2026-03-10 18:28:49.426,ARDUINO_PSI,Arduino,0.000,0.000,12.662,,
580.842530,2026-03-10 18:28:49.524,WJ_VOLTAGE,WJ1,0.000,0.000,0,0,"HV=OFF, Fault=NO"
580.857425,2026-03-10 18:28:49.539,ARDUINO_PSI,Arduino,0.000,0.000,12.671,,
580.943744,2026-03-10 18:28:49.625,ARDUINO_PSI,Arduino,0.000,0.000,12.678,,
581.044123,2026-03-10 18:28:49.726,ARDUINO_PSI,Arduino,0.000,0.000,12.673,,
581.061222,2026-03-10 18:28:49.743,WJ_VOLTAGE,WJ2,0.000,0.000,0,0,"HV=OFF, Fault=NO"
581.143963,2026-03-10 18:28:49.826,ARDUINO_PSI,Arduino,0.000,0.000,12.678,,
581.243564,2026-03-10 18:28:49.925,ARDUINO_PSI,Arduino,0.000,0.000,12.671,,
581.343721,2026-03-10 18:28:50.025,ARDUINO_PSI,Arduino,0.000,0.000,12.687,,
581.371595,2026-03-10 18:28:50.053,WJ_VOLTAGE,WJ1,0.000,0.000,0,0,"HV=OFF, Fault=NO"
581.443792,2026-03-10 18:28:50.125,ARDUINO_PSI,Arduino,0.000,0.000,12.698,,
581.543355,2026-03-10 18:28:50.225,ARDUINO_PSI,Arduino,0.000,0.000,12.689,,
581.591413,2026-03-10 18:28:50.273,WJ_VOLTAGE,WJ2,0.000,0.000,0,0,"HV=OFF, Fault=NO"
581.643919,2026-03-10 18:28:50.326,ARDUINO_PSI,Arduino,0.000,0.000,12.675,,
581.743986,2026-03-10 18:28:50.426,ARDUINO_PSI,Arduino,0.000,0.000,12.675,,
581.843344,2026-03-10 18:28:50.525,ARDUINO_PSI,Arduino,0.000,0.000,12.678,,
581.903785,2026-03-10 18:28:50.585,WJ_VOLTAGE,WJ1,0.000,0.000,0,0,"HV=OFF, Fault=NO"
581.943395,2026-03-10 18:28:50.625,ARDUINO_PSI,Arduino,0.000,0.000,12.682,,
582.043316,2026-03-10 18:28:50.725,ARDUINO_PSI,Arduino,0.000,0.000,12.691,,
582.120924,2026-03-10 18:28:50.803,WJ_VOLTAGE,WJ2,0.000,0.000,0,0,"HV=OFF, Fault=NO"
582.143293,2026-03-10 18:28:50.825,ARDUINO_PSI,Arduino,0.000,0.000,12.694,,
582.244062,2026-03-10 18:28:50.926,ARDUINO_PSI,Arduino,0.000,0.000,12.700,,
582.344097,2026-03-10 18:28:51.026,ARDUINO_PSI,Arduino,0.000,0.000,12.705,,
582.434721,2026-03-10 18:28:51.116,WJ_VOLTAGE,WJ1,0.000,0.000,0,0,"HV=OFF, Fault=NO"
582.449656,2026-03-10 18:28:51.131,ARDUINO_PSI,Arduino,0.000,0.000,12.714,,
582.544060,2026-03-10 18:28:51.226,ARDUINO_PSI,Arduino,0.000,0.000,12.721,,
582.643854,2026-03-10 18:28:51.326,ARDUINO_PSI,Arduino,0.000,0.000,12.726,,
582.650905,2026-03-10 18:28:51.333,WJ_VOLTAGE,WJ2,0.000,0.000,0,0,"HV=OFF, Fault=NO"
582.743897,2026-03-10 18:28:51.426,ARDUINO_PSI,Arduino,0.000,0.000,12.730,,
582.843723,2026-03-10 18:28:51.525,ARDUINO_PSI,Arduino,0.000,0.000,12.728,,
582.944045,2026-03-10 18:28:51.626,ARDUINO_PSI,Arduino,0.000,0.000,12.737,,
582.959176,2026-03-10 18:28:51.641,WJ_VOLTAGE,WJ1,0.000,0.000,0,0,"HV=OFF, Fault=NO"
583.044010,2026-03-10 18:28:51.726,ARDUINO_PSI,Arduino,0.000,0.000,12.744,,
583.144074,2026-03-10 18:28:51.826,ARDUINO_PSI,Arduino,0.000,0.000,12.742,,
583.180837,2026-03-10 18:28:51.862,WJ_VOLTAGE,WJ2,0.000,0.000,0,0,"HV=OFF, Fault=NO"
583.244171,2026-03-10 18:28:51.926,ARDUINO_PSI,Arduino,0.000,0.000,12.751,,
583.343234,2026-03-10 18:28:52.025,ARDUINO_PSI,Arduino,0.000,0.000,12.748,,
583.443383,2026-03-10 18:28:52.125,ARDUINO_PSI,Arduino,0.000,0.000,12.739,,
583.479487,2026-03-10 18:28:52.161,WJ_VOLTAGE,WJ1,0.000,0.000,0,0,"HV=OFF, Fault=NO"
583.543641,2026-03-10 18:28:52.225,ARDUINO_PSI,Arduino,0.000,0.000,12.742,,
583.695596,2026-03-10 18:28:52.377,WJ_COMMAND,WJ1,SET_PROGRAM,10.0kV_2.0mA,,,SET_PROGRAM 10.0kV_2.0mA
583.787667,2026-03-10 18:28:52.469,WJ_COMMAND,WJ2,SET_PROGRAM,10.0kV_2.0mA,,,SET_PROGRAM 10.0kV_2.0mA
583.789151,2026-03-10 18:28:52.471,WJ_VOLTAGE,WJ1,0.000,0.000,0,0,"HV=OFF, Fault=NO"
583.789935,2026-03-10 18:28:52.472,ARDUINO_PSI,Arduino,0.000,0.000,12.746,,
583.791238,2026-03-10 18:28:52.473,WJ_VOLTAGE,WJ2,0.000,0.000,0,0,"HV=OFF, Fault=NO"
583.791896,2026-03-10 18:28:52.474,ARDUINO_PSI,Arduino,0.000,0.000,12.735,,
583.843538,2026-03-10 18:28:52.525,ARDUINO_PSI,Arduino,0.000,0.000,12.728,,
583.944070,2026-03-10 18:28:52.626,ARDUINO_PSI,Arduino,0.000,0.000,12.716,,
584.043435,2026-03-10 18:28:52.725,ARDUINO_PSI,Arduino,0.000,0.000,12.719,,
584.143955,2026-03-10 18:28:52.826,ARDUINO_PSI,Arduino,0.000,0.000,12.721,,
584.149348,2026-03-10 18:28:52.831,WJ_VOLTAGE,WJ1,0.000,0.000,0,0,"HV=OFF, Fault=NO"
584.245353,2026-03-10 18:28:52.927,WJ_VOLTAGE,WJ2,0.000,0.000,0,0,"HV=OFF, Fault=NO"
584.248253,2026-03-10 18:28:52.930,ARDUINO_PSI,Arduino,0.000,0.000,12.710,,
584.343750,2026-03-10 18:28:53.025,ARDUINO_PSI,Arduino,0.000,0.000,12.710,,
584.444418,2026-03-10 18:28:53.126,ARDUINO_PSI,Arduino,0.000,0.000,12.703,,
584.543917,2026-03-10 18:28:53.226,ARDUINO_PSI,Arduino,0.000,0.000,12.696,,
584.643815,2026-03-10 18:28:53.325,ARDUINO_PSI,Arduino,0.000,0.000,12.705,,
584.679801,2026-03-10 18:28:53.361,WJ_VOLTAGE,WJ1,0.000,0.000,0,0,"HV=OFF, Fault=NO"
584.743610,2026-03-10 18:28:53.425,ARDUINO_PSI,Arduino,0.000,0.000,12.710,,
584.771102,2026-03-10 18:28:53.453,WJ_VOLTAGE,WJ2,0.000,0.000,0,0,"HV=OFF, Fault=NO"
584.844203,2026-03-10 18:28:53.526,ARDUINO_PSI,Arduino,0.000,0.000,12.714,,
585.083572,2026-03-10 18:28:53.765,WJ_COMMAND,WJ1,HV_ON,,,,HV_ON 
585.176309,2026-03-10 18:28:53.858,WJ_COMMAND,WJ2,HV_ON,,,,HV_ON 
585.178374,2026-03-10 18:28:53.860,ARDUINO_PSI,Arduino,0.000,0.000,12.716,,
585.183278,2026-03-10 18:28:53.865,WJ_VOLTAGE,WJ1,0.000,0.000,0,0,"HV=OFF, Fault=NO"
585.184381,2026-03-10 18:28:53.866,ARDUINO_PSI,Arduino,0.000,0.000,12.712,,
585.185687,2026-03-10 18:28:53.867,WJ_VOLTAGE,WJ2,0.000,0.000,0,0,"HV=OFF, Fault=NO"
585.186455,2026-03-10 18:28:53.868,ARDUINO_PSI,Arduino,0.000,0.000,12.719,,
585.243960,2026-03-10 18:28:53.926,ARDUINO_PSI,Arduino,0.000,0.000,12.723,,
585.344044,2026-03-10 18:28:54.026,ARDUINO_PSI,Arduino,0.000,0.000,12.716,,
585.443969,2026-03-10 18:28:54.126,ARDUINO_PSI,Arduino,0.000,0.000,12.723,,
585.535746,2026-03-10 18:28:54.217,WJ_VOLTAGE,WJ1,0.000,0.000,0,0,"HV=OFF, Fault=NO"
585.548085,2026-03-10 18:28:54.230,ARDUINO_PSI,Arduino,0.000,0.000,12.732,,
585.644168,2026-03-10 18:28:54.326,ARDUINO_PSI,Arduino,0.000,0.000,12.730,,
585.743968,2026-03-10 18:28:54.426,ARDUINO_PSI,Arduino,0.000,0.000,12.732,,
585.844145,2026-03-10 18:28:54.526,ARDUINO_PSI,Arduino,0.000,0.000,12.739,,
585.943751,2026-03-10 18:28:54.625,ARDUINO_PSI,Arduino,0.000,0.000,12.746,,
586.044394,2026-03-10 18:28:54.726,ARDUINO_PSI,Arduino,0.000,0.000,12.744,,
586.064783,2026-03-10 18:28:54.746,WJ_VOLTAGE,WJ1,0.000,0.000,0,0,"HV=OFF, Fault=NO"
586.143695,2026-03-10 18:28:54.825,ARDUINO_PSI,Arduino,0.000,0.000,12.735,,
586.243374,2026-03-10 18:28:54.925,ARDUINO_PSI,Arduino,0.000,0.000,12.755,,
586.344167,2026-03-10 18:28:55.026,ARDUINO_PSI,Arduino,0.000,0.000,12.764,,
586.377267,2026-03-10 18:28:55.059,WJ_VOLTAGE,WJ2,1.662,2.000,0,0,"HV=OFF, Fault=NO"
586.443942,2026-03-10 18:28:55.126,ARDUINO_PSI,Arduino,0.000,0.000,12.780,,
586.544078,2026-03-10 18:28:55.226,ARDUINO_PSI,Arduino,0.000,0.000,12.776,,
586.594991,2026-03-10 18:28:55.277,WJ_VOLTAGE,WJ1,0.000,0.000,0,0,"HV=OFF, Fault=NO"
586.643750,2026-03-10 18:28:55.325,ARDUINO_PSI,Arduino,0.000,0.000,12.776,,
586.743914,2026-03-10 18:28:55.426,ARDUINO_PSI,Arduino,0.000,0.000,12.780,,
586.844113,2026-03-10 18:28:55.526,ARDUINO_PSI,Arduino,0.000,0.000,12.778,,
586.907019,2026-03-10 18:28:55.589,WJ_VOLTAGE,WJ2,2.933,2.000,0,0,"HV=OFF, Fault=NO"
586.943475,2026-03-10 18:28:55.625,ARDUINO_PSI,Arduino,0.000,0.000,12.774,,
587.043887,2026-03-10 18:28:55.726,ARDUINO_PSI,Arduino,0.000,0.000,12.767,,
587.109840,2026-03-10 18:28:55.791,WJ_VOLTAGE,WJ1,0.000,0.000,0,0,"HV=OFF, Fault=NO"
587.143369,2026-03-10 18:28:55.825,ARDUINO_PSI,Arduino,0.000,0.000,12.778,,
587.243973,2026-03-10 18:28:55.926,ARDUINO_PSI,Arduino,0.000,0.000,12.771,,
587.343440,2026-03-10 18:28:56.025,ARDUINO_PSI,Arduino,0.000,0.000,12.762,,
587.436998,2026-03-10 18:28:56.119,WJ_VOLTAGE,WJ2,4.203,2.000,0,0,"HV=OFF, Fault=NO"
587.453086,2026-03-10 18:28:56.135,ARDUINO_PSI,Arduino,0.000,0.000,12.760,,
587.544090,2026-03-10 18:28:56.226,ARDUINO_PSI,Arduino,0.000,0.000,12.748,,
587.637922,2026-03-10 18:28:56.320,WJ_VOLTAGE,WJ1,0.000,0.000,0,0,"HV=OFF, Fault=NO"
587.647148,2026-03-10 18:28:56.329,ARDUINO_PSI,Arduino,0.000,0.000,12.748,,
587.743803,2026-03-10 18:28:56.425,ARDUINO_PSI,Arduino,0.000,0.000,12.758,,
587.844152,2026-03-10 18:28:56.526,ARDUINO_PSI,Arduino,0.000,0.000,12.755,,
587.948836,2026-03-10 18:28:56.630,WJ_COMMAND,WJ1,SET_PROGRAM,10.0kV_2.0mA,,,SET_PROGRAM 10.0kV_2.0mA
588.043605,2026-03-10 18:28:56.725,WJ_COMMAND,WJ2,SET_PROGRAM,10.0kV_2.0mA,,,SET_PROGRAM 10.0kV_2.0mA
588.047686,2026-03-10 18:28:56.729,WJ_VOLTAGE,WJ1,0.000,0.000,0,0,"HV=OFF, Fault=NO"
588.050553,2026-03-10 18:28:56.732,ARDUINO_PSI,Arduino,0.000,0.000,12.751,,
588.051944,2026-03-10 18:28:56.734,WJ_VOLTAGE,WJ2,5.376,2.000,0,0,"HV=OFF, Fault=NO"
588.052612,2026-03-10 18:28:56.734,ARDUINO_PSI,Arduino,0.000,0.000,12.742,,
588.143896,2026-03-10 18:28:56.826,ARDUINO_PSI,Arduino,0.000,0.000,12.748,,
588.243933,2026-03-10 18:28:56.926,ARDUINO_PSI,Arduino,0.000,0.000,12.744,,
588.344256,2026-03-10 18:28:57.026,ARDUINO_PSI,Arduino,0.000,0.000,12.730,,
588.401339,2026-03-10 18:28:57.083,WJ_VOLTAGE,WJ1,0.000,0.000,0,0,"HV=OFF, Fault=NO"
588.443359,2026-03-10 18:28:57.125,ARDUINO_PSI,Arduino,0.000,0.000,12.726,,
588.494694,2026-03-10 18:28:57.176,WJ_VOLTAGE,WJ2,6.843,2.000,0,0,"HV=OFF, Fault=NO"
588.543231,2026-03-10 18:28:57.225,ARDUINO_PSI,Arduino,0.000,0.000,12.730,,
588.643458,2026-03-10 18:28:57.325,ARDUINO_PSI,Arduino,0.000,0.000,12.716,,
588.743896,2026-03-10 18:28:57.426,ARDUINO_PSI,Arduino,0.000,0.000,12.714,,
588.843751,2026-03-10 18:28:57.525,ARDUINO_PSI,Arduino,0.000,0.000,12.712,,
588.931655,2026-03-10 18:28:57.613,WJ_VOLTAGE,WJ1,0.000,0.000,0,0,"HV=OFF, Fault=NO"
588.945046,2026-03-10 18:28:57.627,ARDUINO_PSI,Arduino,0.000,0.000,12.705,,
589.023150,2026-03-10 18:28:57.705,WJ_VOLTAGE,WJ2,8.113,2.000,0,0,"HV=OFF, Fault=NO"
589.043331,2026-03-10 18:28:57.725,ARDUINO_PSI,Arduino,0.000,0.000,12.719,,
589.143940,2026-03-10 18:28:57.826,ARDUINO_PSI,Arduino,0.000,0.000,12.705,,
589.243675,2026-03-10 18:28:57.925,ARDUINO_PSI,Arduino,0.000,0.000,12.700,,
589.343274,2026-03-10 18:28:58.025,ARDUINO_PSI,Arduino,0.000,0.000,12.710,,
589.443952,2026-03-10 18:28:58.126,ARDUINO_PSI,Arduino,0.000,0.000,12.710,,
589.457909,2026-03-10 18:28:58.140,WJ_VOLTAGE,WJ1,0.000,0.000,0,0,"HV=OFF, Fault=NO"
589.543356,2026-03-10 18:28:58.225,ARDUINO_PSI,Arduino,0.000,0.000,12.712,,
589.552641,2026-03-10 18:28:58.234,WJ_VOLTAGE,WJ2,9.384,2.000,0,0,"HV=OFF, Fault=NO"
589.644131,2026-03-10 18:28:58.326,ARDUINO_PSI,Arduino,0.000,0.000,12.719,,
589.743287,2026-03-10 18:28:58.425,ARDUINO_PSI,Arduino,0.000,0.000,12.714,,
589.844306,2026-03-10 18:28:58.526,ARDUINO_PSI,Arduino,0.000,0.000,12.714,,
589.944528,2026-03-10 18:28:58.626,ARDUINO_PSI,Arduino,0.000,0.000,12.710,,
589.978186,2026-03-10 18:28:58.660,WJ_VOLTAGE,WJ1,0.000,0.000,0,0,"HV=OFF, Fault=NO"
590.043699,2026-03-10 18:28:58.725,ARDUINO_PSI,Arduino,0.000,0.000,12.719,,
590.087551,2026-03-10 18:28:58.769,WJ_VOLTAGE,WJ2,9.971,0.792,0,0,"HV=OFF, Fault=NO"
590.143393,2026-03-10 18:28:58.825,ARDUINO_PSI,Arduino,0.000,0.000,12.716,,
590.244020,2026-03-10 18:28:58.926,ARDUINO_PSI,Arduino,0.000,0.000,12.712,,
590.344064,2026-03-10 18:28:59.026,ARDUINO_PSI,Arduino,0.000,0.000,12.716,,
590.443379,2026-03-10 18:28:59.125,ARDUINO_PSI,Arduino,0.000,0.000,12.705,,
590.509486,2026-03-10 18:28:59.191,WJ_VOLTAGE,WJ1,0.000,0.000,0,0,"HV=OFF, Fault=NO"
590.543271,2026-03-10 18:28:59.225,ARDUINO_PSI,Arduino,0.000,0.000,12.705,,
590.617751,2026-03-10 18:28:59.299,WJ_VOLTAGE,WJ2,9.971,0.217,0,0,"HV=OFF, Fault=NO"
590.643291,2026-03-10 18:28:59.325,ARDUINO_PSI,Arduino,0.000,0.000,12.714,,
590.743962,2026-03-10 18:28:59.426,ARDUINO_PSI,Arduino,0.000,0.000,12.710,,
590.843724,2026-03-10 18:28:59.525,ARDUINO_PSI,Arduino,0.000,0.000,12.703,,
590.944593,2026-03-10 18:28:59.626,ARDUINO_PSI,Arduino,0.000,0.000,12.703,,
591.038489,2026-03-10 18:28:59.720,WJ_VOLTAGE,WJ1,0.000,0.000,0,0,"HV=OFF, Fault=NO"
591.049617,2026-03-10 18:28:59.731,ARDUINO_PSI,Arduino,0.000,0.000,12.698,,
591.143800,2026-03-10 18:28:59.825,ARDUINO_PSI,Arduino,0.000,0.000,12.714,,
591.149210,2026-03-10 18:28:59.831,WJ_VOLTAGE,WJ2,9.971,0.070,0,0,"HV=OFF, Fault=NO"
591.244211,2026-03-10 18:28:59.926,ARDUINO_PSI,Arduino,0.000,0.000,12.719,,
591.343438,2026-03-10 18:29:00.025,ARDUINO_PSI,Arduino,0.000,0.000,12.721,,
591.443684,2026-03-10 18:29:00.125,ARDUINO_PSI,Arduino,0.000,0.000,12.712,,
591.544053,2026-03-10 18:29:00.226,ARDUINO_PSI,Arduino,0.000,0.000,12.716,,
591.568444,2026-03-10 18:29:00.250,WJ_VOLTAGE,WJ1,0.000,0.000,0,0,"HV=OFF, Fault=NO"
591.643714,2026-03-10 18:29:00.325,ARDUINO_PSI,Arduino,0.000,0.000,12.719,,
591.676208,2026-03-10 18:29:00.358,WJ_VOLTAGE,WJ2,9.971,0.029,0,0,"HV=OFF, Fault=NO"
591.743897,2026-03-10 18:29:00.426,ARDUINO_PSI,Arduino,0.000,0.000,12.721,,
591.843895,2026-03-10 18:29:00.526,ARDUINO_PSI,Arduino,0.000,0.000,12.716,,
591.943946,2026-03-10 18:29:00.626,ARDUINO_PSI,Arduino,0.000,0.000,12.719,,
592.043280,2026-03-10 18:29:00.725,ARDUINO_PSI,Arduino,0.000,0.000,12.719,,
592.100706,2026-03-10 18:29:00.782,WJ_VOLTAGE,WJ1,0.000,0.000,0,0,"HV=OFF, Fault=NO"
592.143325,2026-03-10 18:29:00.825,ARDUINO_PSI,Arduino,0.000,0.000,12.723,,
592.208693,2026-03-10 18:29:00.890,WJ_VOLTAGE,WJ2,9.971,0.023,0,0,"HV=OFF, Fault=NO"
592.243348,2026-03-10 18:29:00.925,ARDUINO_PSI,Arduino,0.000,0.000,12.721,,
592.344061,2026-03-10 18:29:01.026,ARDUINO_PSI,Arduino,0.000,0.000,12.726,,
592.443819,2026-03-10 18:29:01.125,ARDUINO_PSI,Arduino,0.000,0.000,12.735,,
592.543614,2026-03-10 18:29:01.225,ARDUINO_PSI,Arduino,0.000,0.000,12.735,,
592.626117,2026-03-10 18:29:01.308,WJ_VOLTAGE,WJ1,0.000,0.000,0,0,"HV=OFF, Fault=NO"
592.646724,2026-03-10 18:29:01.328,ARDUINO_PSI,Arduino,0.000,0.000,12.735,,
592.734956,2026-03-10 18:29:01.417,WJ_VOLTAGE,WJ2,9.971,0.018,0,0,"HV=OFF, Fault=NO"
592.749994,2026-03-10 18:29:01.432,ARDUINO_PSI,Arduino,0.000,0.000,12.732,,
592.843921,2026-03-10 18:29:01.526,ARDUINO_PSI,Arduino,0.000,0.000,12.732,,
592.944151,2026-03-10 18:29:01.626,ARDUINO_PSI,Arduino,0.000,0.000,12.737,,
593.043786,2026-03-10 18:29:01.725,ARDUINO_PSI,Arduino,0.000,0.000,12.730,,
593.144813,2026-03-10 18:29:01.826,ARDUINO_PSI,Arduino,0.000,0.000,12.719,,
593.153607,2026-03-10 18:29:01.835,WJ_VOLTAGE,WJ1,0.000,0.000,0,0,"HV=OFF, Fault=NO"
593.244107,2026-03-10 18:29:01.926,ARDUINO_PSI,Arduino,0.000,0.000,12.716,,
593.261592,2026-03-10 18:29:01.943,WJ_VOLTAGE,WJ2,9.971,0.012,0,0,"HV=OFF, Fault=NO"
593.343898,2026-03-10 18:29:02.026,ARDUINO_PSI,Arduino,0.000,0.000,12.716,,
593.443781,2026-03-10 18:29:02.125,ARDUINO_PSI,Arduino,0.000,0.000,12.732,,
593.543303,2026-03-10 18:29:02.225,ARDUINO_PSI,Arduino,0.000,0.000,12.732,,
593.644033,2026-03-10 18:29:02.326,ARDUINO_PSI,Arduino,0.000,0.000,12.726,,
593.683599,2026-03-10 18:29:02.365,WJ_VOLTAGE,WJ1,0.000,0.000,0,0,"HV=OFF, Fault=NO"
593.743834,2026-03-10 18:29:02.425,ARDUINO_PSI,Arduino,0.000,0.000,12.737,,
593.790909,2026-03-10 18:29:02.473,WJ_VOLTAGE,WJ2,9.971,0.012,0,0,"HV=OFF, Fault=NO"
593.843886,2026-03-10 18:29:02.526,ARDUINO_PSI,Arduino,0.000,0.000,12.744,,
593.944251,2026-03-10 18:29:02.626,ARDUINO_PSI,Arduino,0.000,0.000,12.751,,
594.044529,2026-03-10 18:29:02.726,ARDUINO_PSI,Arduino,0.000,0.000,12.746,,
594.143837,2026-03-10 18:29:02.825,ARDUINO_PSI,Arduino,0.000,0.000,12.753,,
594.213256,2026-03-10 18:29:02.895,WJ_VOLTAGE,WJ1,0.000,0.000,0,0,"HV=OFF, Fault=NO"
594.243821,2026-03-10 18:29:02.925,ARDUINO_PSI,Arduino,0.000,0.000,12.751,,
594.320793,2026-03-10 18:29:03.002,WJ_VOLTAGE,WJ2,9.971,0.012,0,0,"HV=OFF, Fault=NO"
594.343328,2026-03-10 18:29:03.025,ARDUINO_PSI,Arduino,0.000,0.000,12.753,,
594.443977,2026-03-10 18:29:03.126,ARDUINO_PSI,Arduino,0.000,0.000,12.748,,
594.543803,2026-03-10 18:29:03.225,ARDUINO_PSI,Arduino,0.000,0.000,12.746,,
594.643891,2026-03-10 18:29:03.326,ARDUINO_PSI,Arduino,0.000,0.000,12.742,,
594.743386,2026-03-10 18:29:03.425,WJ_VOLTAGE,WJ1,0.000,0.000,0,0,"HV=OFF, Fault=NO"
594.760330,2026-03-10 18:29:03.442,ARDUINO_PSI,Arduino,0.000,0.000,12.751,,
594.844116,2026-03-10 18:29:03.526,ARDUINO_PSI,Arduino,0.000,0.000,12.744,,
594.850874,2026-03-10 18:29:03.533,WJ_VOLTAGE,WJ2,9.971,0.012,0,0,"HV=OFF, Fault=NO"
594.944406,2026-03-10 18:29:03.626,ARDUINO_PSI,Arduino,0.000,0.000,12.748,,
595.044531,2026-03-10 18:29:03.726,ARDUINO_PSI,Arduino,0.000,0.000,12.748,,
595.144281,2026-03-10 18:29:03.826,ARDUINO_PSI,Arduino,0.000,0.000,12.751,,
595.243816,2026-03-10 18:29:03.925,ARDUINO_PSI,Arduino,0.000,0.000,12.746,,
595.270782,2026-03-10 18:29:03.952,WJ_VOLTAGE,WJ1,0.000,0.000,0,0,"HV=OFF, Fault=NO"
595.344106,2026-03-10 18:29:04.026,ARDUINO_PSI,Arduino,0.000,0.000,12.742,,
595.381346,2026-03-10 18:29:04.063,WJ_VOLTAGE,WJ2,9.971,0.012,0,0,"HV=OFF, Fault=NO"
595.443877,2026-03-10 18:29:04.126,ARDUINO_PSI,Arduino,0.000,0.000,12.742,,
595.543913,2026-03-10 18:29:04.226,ARDUINO_PSI,Arduino,0.000,0.000,12.739,,
595.767107,2026-03-10 18:29:04.449,WJ_COMMAND,WJ1,HV_OFF,,,,HV_OFF 
595.861549,2026-03-10 18:29:04.543,WJ_COMMAND,WJ2,HV_OFF,,,,HV_OFF 
595.863247,2026-03-10 18:29:04.545,ARDUINO_PSI,Arduino,0.000,0.000,12.742,,
595.868923,2026-03-10 18:29:04.551,WJ_VOLTAGE,WJ1,0.000,0.000,0,0,"HV=OFF, Fault=NO"
595.870009,2026-03-10 18:29:04.552,ARDUINO_PSI,Arduino,0.000,0.000,12.730,,
595.871269,2026-03-10 18:29:04.553,WJ_VOLTAGE,WJ2,9.971,0.012,0,0,"HV=OFF, Fault=NO"
595.871905,2026-03-10 18:29:04.554,ARDUINO_PSI,Arduino,0.000,0.000,12.730,,
595.943343,2026-03-10 18:29:04.625,ARDUINO_PSI,Arduino,0.000,0.000,12.721,,
596.044471,2026-03-10 18:29:04.726,ARDUINO_PSI,Arduino,0.000,0.000,12.719,,
596.144518,2026-03-10 18:29:04.826,ARDUINO_PSI,Arduino,0.000,0.000,12.707,,
596.221961,2026-03-10 18:29:04.904,WJ_VOLTAGE,WJ1,0.000,0.000,0,0,"HV=OFF, Fault=NO"
596.243350,2026-03-10 18:29:04.925,ARDUINO_PSI,Arduino,0.000,0.000,12.719,,
596.314730,2026-03-10 18:29:04.996,WJ_VOLTAGE,WJ2,9.971,0.000,0,0,"HV=OFF, Fault=NO"
596.343270,2026-03-10 18:29:05.025,ARDUINO_PSI,Arduino,0.000,0.000,12.714,,
596.443733,2026-03-10 18:29:05.125,ARDUINO_PSI,Arduino,0.000,0.000,12.716,,
596.544019,2026-03-10 18:29:05.226,ARDUINO_PSI,Arduino,0.000,0.000,12.716,,
596.644036,2026-03-10 18:29:05.326,ARDUINO_PSI,Arduino,0.000,0.000,12.721,,
596.743432,2026-03-10 18:29:05.425,ARDUINO_PSI,Arduino,0.000,0.000,12.712,,
596.752201,2026-03-10 18:29:05.434,WJ_VOLTAGE,WJ1,0.000,0.000,0,0,"HV=OFF, Fault=NO"
596.844071,2026-03-10 18:29:05.526,ARDUINO_PSI,Arduino,0.000,0.000,12.712,,
596.850957,2026-03-10 18:29:05.533,WJ_VOLTAGE,WJ2,8.211,0.000,0,0,"HV=OFF, Fault=NO"
596.944034,2026-03-10 18:29:05.626,ARDUINO_PSI,Arduino,0.000,0.000,12.698,,
597.084085,2026-03-10 18:29:05.766,ARDUINO_PSI,Arduino,0.000,0.000,12.707,,
597.143784,2026-03-10 18:29:05.825,ARDUINO_PSI,Arduino,0.000,0.000,12.648,,
597.243461,2026-03-10 18:29:05.925,ARDUINO_PSI,Arduino,0.000,0.000,12.620,,
597.280304,2026-03-10 18:29:05.962,WJ_VOLTAGE,WJ1,0.000,0.000,0,0,"HV=OFF, Fault=NO"
597.344421,2026-03-10 18:29:06.026,ARDUINO_PSI,Arduino,0.000,0.000,12.609,,
597.374664,2026-03-10 18:29:06.056,WJ_VOLTAGE,WJ2,7.331,0.000,0,0,"HV=OFF, Fault=NO"
597.444801,2026-03-10 18:29:06.126,ARDUINO_PSI,Arduino,0.000,0.000,12.602,,
597.543408,2026-03-10 18:29:06.225,ARDUINO_PSI,Arduino,0.000,0.000,12.598,,
597.643608,2026-03-10 18:29:06.325,ARDUINO_PSI,Arduino,0.000,0.000,12.595,,
597.743887,2026-03-10 18:29:06.426,ARDUINO_PSI,Arduino,0.000,0.000,12.600,,
597.812223,2026-03-10 18:29:06.494,WJ_VOLTAGE,WJ1,0.000,0.000,0,0,"HV=OFF, Fault=NO"
597.843359,2026-03-10 18:29:06.525,ARDUINO_PSI,Arduino,0.000,0.000,12.600,,
597.908634,2026-03-10 18:29:06.590,WJ_VOLTAGE,WJ2,6.549,0.000,0,0,"HV=OFF, Fault=NO"
597.943440,2026-03-10 18:29:06.625,ARDUINO_PSI,Arduino,0.000,0.000,12.607,,
598.043974,2026-03-10 18:29:06.726,ARDUINO_PSI,Arduino,0.000,0.000,12.607,,
598.144004,2026-03-10 18:29:06.826,ARDUINO_PSI,Arduino,0.000,0.000,12.602,,
598.243574,2026-03-10 18:29:06.925,ARDUINO_PSI,Arduino,0.000,0.000,12.591,,
598.342447,2026-03-10 18:29:07.024,WJ_VOLTAGE,WJ1,0.000,0.000,0,0,"HV=OFF, Fault=NO"
598.357050,2026-03-10 18:29:07.039,ARDUINO_PSI,Arduino,0.000,0.000,12.591,,
598.435756,2026-03-10 18:29:07.117,WJ_VOLTAGE,WJ2,5.865,0.000,0,0,"HV=OFF, Fault=NO"
598.454819,2026-03-10 18:29:07.136,ARDUINO_PSI,Arduino,0.000,0.000,12.584,,
598.544231,2026-03-10 18:29:07.226,ARDUINO_PSI,Arduino,0.000,0.000,12.584,,
598.643946,2026-03-10 18:29:07.326,ARDUINO_PSI,Arduino,0.000,0.000,12.577,,
598.744012,2026-03-10 18:29:07.426,ARDUINO_PSI,Arduino,0.000,0.000,12.582,,
598.843372,2026-03-10 18:29:07.525,ARDUINO_PSI,Arduino,0.000,0.000,12.586,,
598.872602,2026-03-10 18:29:07.554,WJ_VOLTAGE,WJ1,0.000,0.000,0,0,"HV=OFF, Fault=NO"
598.943965,2026-03-10 18:29:07.626,ARDUINO_PSI,Arduino,0.000,0.000,12.593,,
598.966238,2026-03-10 18:29:07.648,WJ_VOLTAGE,WJ2,5.181,0.000,0,0,"HV=OFF, Fault=NO"
599.044770,2026-03-10 18:29:07.726,ARDUINO_PSI,Arduino,0.000,0.000,12.591,,
599.143899,2026-03-10 18:29:07.826,ARDUINO_PSI,Arduino,0.000,0.000,12.659,,
599.244110,2026-03-10 18:29:07.926,ARDUINO_PSI,Arduino,0.000,0.000,12.691,,
599.344285,2026-03-10 18:29:08.026,ARDUINO_PSI,Arduino,0.000,0.000,12.705,,
599.404969,2026-03-10 18:29:08.087,WJ_VOLTAGE,WJ1,0.000,0.000,0,0,"HV=OFF, Fault=NO"
599.443472,2026-03-10 18:29:08.125,ARDUINO_PSI,Arduino,0.000,0.000,12.698,,
599.499263,2026-03-10 18:29:08.181,WJ_VOLTAGE,WJ2,4.692,0.000,0,0,"HV=OFF, Fault=NO"
599.543989,2026-03-10 18:29:08.226,ARDUINO_PSI,Arduino,0.000,0.000,12.705,,
599.644087,2026-03-10 18:29:08.326,ARDUINO_PSI,Arduino,0.000,0.000,12.710,,
599.745189,2026-03-10 18:29:08.427,ARDUINO_PSI,Arduino,0.000,0.000,12.700,,
599.843892,2026-03-10 18:29:08.526,ARDUINO_PSI,Arduino,0.000,0.000,12.703,,
599.934388,2026-03-10 18:29:08.616,WJ_VOLTAGE,WJ1,0.000,0.000,0,0,"HV=OFF, Fault=NO"
599.948991,2026-03-10 18:29:08.631,ARDUINO_PSI,Arduino,0.000,0.000,12.694,,
600.026690,2026-03-10 18:29:08.708,WJ_VOLTAGE,WJ2,4.203,0.000,0,0,"HV=OFF, Fault=NO"
600.043315,2026-03-10 18:29:08.725,ARDUINO_PSI,Arduino,0.000,0.000,12.712,,
600.144045,2026-03-10 18:29:08.826,ARDUINO_PSI,Arduino,0.000,0.000,12.707,,
600.243651,2026-03-10 18:29:08.925,ARDUINO_PSI,Arduino,0.000,0.000,12.714,,
600.344009,2026-03-10 18:29:09.026,ARDUINO_PSI,Arduino,0.000,0.000,12.712,,
600.443741,2026-03-10 18:29:09.125,ARDUINO_PSI,Arduino,0.000,0.000,12.712,,
600.459299,2026-03-10 18:29:09.141,WJ_VOLTAGE,WJ1,0.000,0.000,0,0,"HV=OFF, Fault=NO"
600.543884,2026-03-10 18:29:09.226,ARDUINO_PSI,Arduino,0.000,0.000,12.719,,
600.552607,2026-03-10 18:29:09.234,WJ_VOLTAGE,WJ2,3.715,0.000,0,0,"HV=OFF, Fault=NO"
600.643893,2026-03-10 18:29:09.326,ARDUINO_PSI,Arduino,0.000,0.000,12.719,,
600.743854,2026-03-10 18:29:09.426,ARDUINO_PSI,Arduino,0.000,0.000,12.719,,
600.843584,2026-03-10 18:29:09.525,ARDUINO_PSI,Arduino,0.000,0.000,12.714,,
600.943922,2026-03-10 18:29:09.626,ARDUINO_PSI,Arduino,0.000,0.000,12.714,,
600.988474,2026-03-10 18:29:09.670,WJ_VOLTAGE,WJ1,0.000,0.000,0,0,"HV=OFF, Fault=NO"
601.043906,2026-03-10 18:29:09.726,ARDUINO_PSI,Arduino,0.000,0.000,12.712,,
601.080709,2026-03-10 18:29:09.762,WJ_VOLTAGE,WJ2,3.324,0.000,0,0,"HV=OFF, Fault=NO"
601.143674,2026-03-10 18:29:09.825,ARDUINO_PSI,Arduino,0.000,0.000,12.703,,
601.243817,2026-03-10 18:29:09.925,ARDUINO_PSI,Arduino,0.000,0.000,12.712,,
601.344075,2026-03-10 18:29:10.026,ARDUINO_PSI,Arduino,0.000,0.000,12.714,,
601.443819,2026-03-10 18:29:10.125,ARDUINO_PSI,Arduino,0.000,0.000,12.723,,
601.518722,2026-03-10 18:29:10.200,WJ_VOLTAGE,WJ1,0.000,0.000,0,0,"HV=OFF, Fault=NO"
601.543449,2026-03-10 18:29:10.225,ARDUINO_PSI,Arduino,0.000,0.000,12.723,,
601.601085,2026-03-10 18:29:10.283,WJ_VOLTAGE,WJ2,3.030,0.000,0,0,"HV=OFF, Fault=NO"
601.643510,2026-03-10 18:29:10.325,ARDUINO_PSI,Arduino,0.000,0.000,12.707,,
601.744122,2026-03-10 18:29:10.426,ARDUINO_PSI,Arduino,0.000,0.000,12.710,,
601.844016,2026-03-10 18:29:10.526,ARDUINO_PSI,Arduino,0.000,0.000,12.705,,
601.943914,2026-03-10 18:29:10.626,ARDUINO_PSI,Arduino,0.000,0.000,12.723,,
602.043869,2026-03-10 18:29:10.726,ARDUINO_PSI,Arduino,0.000,0.000,12.712,,
602.053775,2026-03-10 18:29:10.735,WJ_VOLTAGE,WJ1,0.000,0.000,0,0,"HV=OFF, Fault=NO"
602.134214,2026-03-10 18:29:10.816,WJ_VOLTAGE,WJ2,2.737,0.000,0,0,"HV=OFF, Fault=NO"
602.146842,2026-03-10 18:29:10.828,ARDUINO_PSI,Arduino,0.000,0.000,12.723,,
602.243329,2026-03-10 18:29:10.925,ARDUINO_PSI,Arduino,0.000,0.000,12.721,,
602.343908,2026-03-10 18:29:11.026,ARDUINO_PSI,Arduino,0.000,0.000,12.730,,
602.443770,2026-03-10 18:29:11.125,ARDUINO_PSI,Arduino,0.000,0.000,12.735,,
602.543887,2026-03-10 18:29:11.226,ARDUINO_PSI,Arduino,0.000,0.000,12.735,,
602.586468,2026-03-10 18:29:11.268,WJ_VOLTAGE,WJ1,0.000,0.000,0,0,"HV=OFF, Fault=NO"
602.643988,2026-03-10 18:29:11.326,ARDUINO_PSI,Arduino,0.000,0.000,12.739,,
602.663144,2026-03-10 18:29:11.345,WJ_VOLTAGE,WJ2,2.444,0.000,0,0,"HV=OFF, Fault=NO"
602.743918,2026-03-10 18:29:11.426,ARDUINO_PSI,Arduino,0.000,0.000,12.739,,
602.844056,2026-03-10 18:29:11.526,ARDUINO_PSI,Arduino,0.000,0.000,12.739,,
602.943365,2026-03-10 18:29:11.625,ARDUINO_PSI,Arduino,0.000,0.000,12.737,,
603.044606,2026-03-10 18:29:11.726,ARDUINO_PSI,Arduino,0.000,0.000,12.742,,
603.115357,2026-03-10 18:29:11.797,WJ_VOLTAGE,WJ1,0.000,0.000,0,0,"HV=OFF, Fault=NO"
603.143396,2026-03-10 18:29:11.825,ARDUINO_PSI,Arduino,0.000,0.000,12.739,,
603.193906,2026-03-10 18:29:11.876,WJ_VOLTAGE,WJ2,2.151,0.000,0,0,"HV=OFF, Fault=NO"
603.243832,2026-03-10 18:29:11.925,ARDUINO_PSI,Arduino,0.000,0.000,12.730,,
603.344330,2026-03-10 18:29:12.026,ARDUINO_PSI,Arduino,0.000,0.000,12.723,,
603.443798,2026-03-10 18:29:12.125,ARDUINO_PSI,Arduino,0.000,0.000,12.719,,
603.544017,2026-03-10 18:29:12.226,ARDUINO_PSI,Arduino,0.000,0.000,12.730,,
603.644172,2026-03-10 18:29:12.326,WJ_VOLTAGE,WJ1,0.000,0.000,0,0,"HV=OFF, Fault=NO"
603.657875,2026-03-10 18:29:12.340,ARDUINO_PSI,Arduino,0.000,0.000,12.732,,
603.722897,2026-03-10 18:29:12.405,WJ_VOLTAGE,WJ2,1.955,0.000,0,0,"HV=OFF, Fault=NO"
603.743286,2026-03-10 18:29:12.425,ARDUINO_PSI,Arduino,0.000,0.000,12.751,,
603.843486,2026-03-10 18:29:12.525,ARDUINO_PSI,Arduino,0.000,0.000,12.755,,
603.943520,2026-03-10 18:29:12.625,ARDUINO_PSI,Arduino,0.000,0.000,12.753,,
604.044138,2026-03-10 18:29:12.726,ARDUINO_PSI,Arduino,0.000,0.000,12.758,,
604.143929,2026-03-10 18:29:12.826,ARDUINO_PSI,Arduino,0.000,0.000,12.748,,
604.172784,2026-03-10 18:29:12.854,WJ_VOLTAGE,WJ1,0.000,0.000,0,0,"HV=OFF, Fault=NO"
604.243871,2026-03-10 18:29:12.926,ARDUINO_PSI,Arduino,0.000,0.000,12.751,,
604.251231,2026-03-10 18:29:12.933,WJ_VOLTAGE,WJ2,1.760,0.000,0,0,"HV=OFF, Fault=NO"
604.343573,2026-03-10 18:29:13.025,ARDUINO_PSI,Arduino,0.000,0.000,12.737,,
604.444263,2026-03-10 18:29:13.126,ARDUINO_PSI,Arduino,0.000,0.000,12.753,,
604.544422,2026-03-10 18:29:13.226,ARDUINO_PSI,Arduino,0.000,0.000,12.751,,
604.644063,2026-03-10 18:29:13.326,ARDUINO_PSI,Arduino,0.000,0.000,12.744,,
604.701559,2026-03-10 18:29:13.383,WJ_VOLTAGE,WJ1,0.000,0.000,0,0,"HV=OFF, Fault=NO"
604.743419,2026-03-10 18:29:13.425,ARDUINO_PSI,Arduino,0.000,0.000,12.742,,
604.780645,2026-03-10 18:29:13.462,WJ_VOLTAGE,WJ2,1.564,0.000,0,0,"HV=OFF, Fault=NO"
604.844376,2026-03-10 18:29:13.526,ARDUINO_PSI,Arduino,0.000,0.000,12.739,,
604.944059,2026-03-10 18:29:13.626,ARDUINO_PSI,Arduino,0.000,0.000,12.737,,
605.043643,2026-03-10 18:29:13.725,ARDUINO_PSI,Arduino,0.000,0.000,12.735,,
605.144094,2026-03-10 18:29:13.826,ARDUINO_PSI,Arduino,0.000,0.000,12.732,,
605.243957,2026-03-10 18:29:13.926,ARDUINO_PSI,Arduino,0.000,0.000,12.730,,
605.251670,2026-03-10 18:29:13.933,WJ_VOLTAGE,WJ1,0.000,0.000,0,0,"HV=OFF, Fault=NO"
605.307766,2026-03-10 18:29:13.989,WJ_VOLTAGE,WJ2,1.369,0.000,0,0,"HV=OFF, Fault=NO"
605.343365,2026-03-10 18:29:14.025,ARDUINO_PSI,Arduino,0.000,0.000,12.737,,
605.443367,2026-03-10 18:29:14.125,ARDUINO_PSI,Arduino,0.000,0.000,12.735,,
605.544135,2026-03-10 18:29:14.226,ARDUINO_PSI,Arduino,0.000,0.000,12.735,,
605.643370,2026-03-10 18:29:14.325,ARDUINO_PSI,Arduino,0.000,0.000,12.742,,
605.744026,2026-03-10 18:29:14.426,ARDUINO_PSI,Arduino,0.000,0.000,12.737,,
605.772076,2026-03-10 18:29:14.454,WJ_VOLTAGE,WJ1,0.000,0.000,0,0,"HV=OFF, Fault=NO"
605.834291,2026-03-10 18:29:14.516,WJ_VOLTAGE,WJ2,1.271,0.000,0,0,"HV=OFF, Fault=NO"
605.853380,2026-03-10 18:29:14.535,ARDUINO_PSI,Arduino,0.000,0.000,12.735,,
605.943761,2026-03-10 18:29:14.625,ARDUINO_PSI,Arduino,0.000,0.000,12.735,,
606.044543,2026-03-10 18:29:14.726,ARDUINO_PSI,Arduino,0.000,0.000,12.735,,
606.144109,2026-03-10 18:29:14.826,ARDUINO_PSI,Arduino,0.000,0.000,12.730,,
606.243888,2026-03-10 18:29:14.926,ARDUINO_PSI,Arduino,0.000,0.000,12.737,,
606.302862,2026-03-10 18:29:14.985,WJ_VOLTAGE,WJ1,0.000,0.000,0,0,"HV=OFF, Fault=NO"
606.343541,2026-03-10 18:29:15.025,ARDUINO_PSI,Arduino,0.000,0.000,12.751,,
606.363345,2026-03-10 18:29:15.045,WJ_VOLTAGE,WJ2,1.075,0.000,0,0,"HV=OFF, Fault=NO"
606.443426,2026-03-10 18:29:15.125,ARDUINO_PSI,Arduino,0.000,0.000,12.737,,
606.544173,2026-03-10 18:29:15.226,ARDUINO_PSI,Arduino,0.000,0.000,12.737,,
606.644654,2026-03-10 18:29:15.326,ARDUINO_PSI,Arduino,0.000,0.000,12.744,,
606.743819,2026-03-10 18:29:15.425,ARDUINO_PSI,Arduino,0.000,0.000,12.748,,
606.834302,2026-03-10 18:29:15.516,WJ_VOLTAGE,WJ1,0.000,0.000,0,0,"HV=OFF, Fault=NO"
606.851736,2026-03-10 18:29:15.533,ARDUINO_PSI,Arduino,0.000,0.000,12.760,,
606.894997,2026-03-10 18:29:15.577,WJ_VOLTAGE,WJ2,0.978,0.000,0,0,"HV=OFF, Fault=NO"
606.943370,2026-03-10 18:29:15.625,ARDUINO_PSI,Arduino,0.000,0.000,12.771,,
607.044332,2026-03-10 18:29:15.726,ARDUINO_PSI,Arduino,0.000,0.000,12.771,,
607.144096,2026-03-10 18:29:15.826,ARDUINO_PSI,Arduino,0.000,0.000,12.764,,
607.244790,2026-03-10 18:29:15.926,ARDUINO_PSI,Arduino,0.000,0.000,12.780,,
607.343882,2026-03-10 18:29:16.026,ARDUINO_PSI,Arduino,0.000,0.000,12.780,,
607.363056,2026-03-10 18:29:16.045,WJ_VOLTAGE,WJ1,0.000,0.000,0,0,"HV=OFF, Fault=NO"
607.425503,2026-03-10 18:29:16.107,WJ_VOLTAGE,WJ2,0.880,0.000,0,0,"HV=OFF, Fault=NO"
607.443244,2026-03-10 18:29:16.125,ARDUINO_PSI,Arduino,0.000,0.000,12.785,,
607.543933,2026-03-10 18:29:16.226,ARDUINO_PSI,Arduino,0.000,0.000,12.785,,
607.644105,2026-03-10 18:29:16.326,ARDUINO_PSI,Arduino,0.000,0.000,12.787,,
607.743722,2026-03-10 18:29:16.425,ARDUINO_PSI,Arduino,0.000,0.000,12.774,,
607.844340,2026-03-10 18:29:16.526,ARDUINO_PSI,Arduino,0.000,0.000,12.771,,
607.892675,2026-03-10 18:29:16.574,WJ_VOLTAGE,WJ1,0.000,0.000,0,0,"HV=OFF, Fault=NO"
607.943633,2026-03-10 18:29:16.625,ARDUINO_PSI,Arduino,0.000,0.000,12.780,,
607.955168,2026-03-10 18:29:16.637,WJ_VOLTAGE,WJ2,0.782,0.000,0,0,"HV=OFF, Fault=NO"
608.043949,2026-03-10 18:29:16.726,ARDUINO_PSI,Arduino,0.000,0.000,12.778,,
608.144564,2026-03-10 18:29:16.826,ARDUINO_PSI,Arduino,0.000,0.000,12.790,,
608.565972,2026-03-10 18:29:17.248,ARDUINO_PSI,Arduino,0.000,0.000,12.783,,
608.566534,2026-03-10 18:29:17.248,ARDUINO_PSI,Arduino,0.000,0.000,12.771,,
608.566992,2026-03-10 18:29:17.249,WJ_VOLTAGE,WJ1,0.000,0.000,0,0,"HV=OFF, Fault=NO"
608.568920,2026-03-10 18:29:17.251,ARDUINO_PSI,Arduino,0.000,0.000,12.776,,
608.569361,2026-03-10 18:29:17.251,WJ_VOLTAGE,WJ2,0.684,0.000,0,0,"HV=OFF, Fault=NO"
608.570952,2026-03-10 18:29:17.253,ARDUINO_PSI,Arduino,0.000,0.000,12.769,,
