timestamp_sec,datetime,event_type,source,param1,param2,param3,param4,notes
5.687157,2026-03-16 16:27:57.225,INFO,SYSTEM,,,,,GUI started successfully
5.692601,2026-03-16 16:27:57.230,ARDUINO_PSI,Arduino,0.000,0.000,0.000,,
5.692865,2026-03-16 16:27:57.231,ARDUINO_PSI,Arduino,0.000,0.000,0.000,,
5.693137,2026-03-16 16:27:57.231,ARDUINO_PSI,Arduino,0.000,0.000,0.000,,
5.693355,2026-03-16 16:27:57.231,ARDUINO_PSI,Arduino,0.000,0.000,0.000,,
5.693725,2026-03-16 16:27:57.232,ARDUINO_PSI,Arduino,0.000,0.000,0.000,,
5.694271,2026-03-16 16:27:57.232,ARDUINO_PSI,Arduino,0.000,0.000,0.000,,
5.694506,2026-03-16 16:27:57.232,ARDUINO_PSI,Arduino,0.000,0.000,0.000,,
5.723710,2026-03-16 16:27:57.262,ARDUINO_PSI,Arduino,0.000,0.000,0.000,,
5.724526,2026-03-16 16:27:57.262,ARDUINO_PSI,Arduino,0.000,0.000,0.000,,
5.724758,2026-03-16 16:27:57.263,ARDUINO_PSI,Arduino,0.000,0.000,0.000,,
5.724988,2026-03-16 16:27:57.263,ARDUINO_PSI,Arduino,0.000,0.000,0.000,,
5.725131,2026-03-16 16:27:57.263,ARDUINO_PSI,Arduino,0.000,0.000,0.000,,
5.725328,2026-03-16 16:27:57.263,ARDUINO_PSI,Arduino,0.000,0.000,0.000,,
5.725493,2026-03-16 16:27:57.263,ARDUINO_PSI,Arduino,0.000,0.000,0.000,,
5.888695,2026-03-16 16:27:57.427,ARDUINO_PSI,Arduino,0.000,0.000,0.000,,
5.889902,2026-03-16 16:27:57.428,ARDUINO_PSI,Arduino,0.000,0.000,0.000,,
5.930937,2026-03-16 16:27:57.469,ARDUINO_PSI,Arduino,0.000,0.000,0.000,,
6.030908,2026-03-16 16:27:57.569,ARDUINO_PSI,Arduino,0.000,0.000,0.000,,
6.131035,2026-03-16 16:27:57.669,ARDUINO_PSI,Arduino,0.000,0.000,0.000,,
6.231040,2026-03-16 16:27:57.769,ARDUINO_PSI,Arduino,0.000,0.000,0.000,,
6.330911,2026-03-16 16:27:57.869,ARDUINO_PSI,Arduino,0.000,0.000,0.000,,
6.430912,2026-03-16 16:27:57.969,ARDUINO_PSI,Arduino,0.000,0.000,0.000,,
6.531079,2026-03-16 16:27:58.069,ARDUINO_PSI,Arduino,0.000,0.000,0.000,,
6.631049,2026-03-16 16:27:58.169,ARDUINO_PSI,Arduino,0.000,0.000,0.000,,
6.731104,2026-03-16 16:27:58.269,ARDUINO_PSI,Arduino,0.000,0.000,0.000,,
6.831449,2026-03-16 16:27:58.369,ARDUINO_PSI,Arduino,0.000,0.000,0.000,,
6.931447,2026-03-16 16:27:58.469,ARDUINO_PSI,Arduino,0.000,0.000,0.000,,
7.031061,2026-03-16 16:27:58.569,ARDUINO_PSI,Arduino,0.000,0.000,0.000,,
7.131735,2026-03-16 16:27:58.670,ARDUINO_PSI,Arduino,0.000,0.000,0.000,,
7.231539,2026-03-16 16:27:58.769,ARDUINO_PSI,Arduino,0.000,0.000,0.000,,
7.331314,2026-03-16 16:27:58.869,ARDUINO_PSI,Arduino,0.000,0.000,0.000,,
7.430972,2026-03-16 16:27:58.969,ARDUINO_PSI,Arduino,0.000,0.000,0.000,,
7.531069,2026-03-16 16:27:59.069,ARDUINO_PSI,Arduino,0.000,0.000,0.000,,
7.631181,2026-03-16 16:27:59.169,ARDUINO_PSI,Arduino,0.000,0.000,0.000,,
7.731548,2026-03-16 16:27:59.269,ARDUINO_PSI,Arduino,0.000,0.000,0.000,,
7.831697,2026-03-16 16:27:59.370,ARDUINO_PSI,Arduino,0.000,0.000,0.000,,
7.931502,2026-03-16 16:27:59.469,ARDUINO_PSI,Arduino,0.000,0.000,0.000,,
8.030916,2026-03-16 16:27:59.569,ARDUINO_PSI,Arduino,0.000,0.000,0.000,,
8.131732,2026-03-16 16:27:59.670,ARDUINO_PSI,Arduino,0.000,0.000,0.000,,
8.231658,2026-03-16 16:27:59.770,ARDUINO_PSI,Arduino,0.000,0.000,0.000,,
8.341241,2026-03-16 16:27:59.879,ARDUINO_PSI,Arduino,0.000,0.000,0.000,,
8.430993,2026-03-16 16:27:59.969,ARDUINO_PSI,Arduino,0.000,0.000,0.000,,
8.531616,2026-03-16 16:28:00.069,ARDUINO_PSI,Arduino,0.000,0.000,0.000,,
8.631248,2026-03-16 16:28:00.169,ARDUINO_PSI,Arduino,0.000,0.000,0.000,,
8.731496,2026-03-16 16:28:00.269,ARDUINO_PSI,Arduino,0.000,0.000,0.000,,
8.831729,2026-03-16 16:28:00.370,ARDUINO_PSI,Arduino,0.000,0.000,0.000,,
8.931146,2026-03-16 16:28:00.469,ARDUINO_PSI,Arduino,0.000,0.000,0.000,,
9.030994,2026-03-16 16:28:00.569,ARDUINO_PSI,Arduino,0.000,0.000,0.000,,
9.130938,2026-03-16 16:28:00.669,ARDUINO_PSI,Arduino,0.000,0.000,0.000,,
9.231059,2026-03-16 16:28:00.769,ARDUINO_PSI,Arduino,0.000,0.000,0.000,,
9.330951,2026-03-16 16:28:00.869,ARDUINO_PSI,Arduino,0.000,0.000,0.000,,
9.430983,2026-03-16 16:28:00.969,ARDUINO_PSI,Arduino,0.000,0.000,0.000,,
9.530938,2026-03-16 16:28:01.069,ARDUINO_PSI,Arduino,0.000,0.000,0.000,,
9.631244,2026-03-16 16:28:01.169,ARDUINO_PSI,Arduino,0.000,0.000,0.000,,
9.731071,2026-03-16 16:28:01.269,ARDUINO_PSI,Arduino,0.000,0.000,0.000,,
9.830934,2026-03-16 16:28:01.369,ARDUINO_PSI,Arduino,0.000,0.000,0.000,,
9.959181,2026-03-16 16:28:01.497,ARDUINO_PSI,Arduino,0.000,0.000,0.000,,
10.030939,2026-03-16 16:28:01.569,ARDUINO_PSI,Arduino,0.000,0.000,0.000,,
10.131559,2026-03-16 16:28:01.669,ARDUINO_PSI,Arduino,0.000,0.000,0.000,,
10.230956,2026-03-16 16:28:01.769,ARDUINO_PSI,Arduino,0.000,0.000,0.000,,
10.330951,2026-03-16 16:28:01.869,ARDUINO_PSI,Arduino,0.000,0.000,0.000,,
10.431038,2026-03-16 16:28:01.969,ARDUINO_PSI,Arduino,0.000,0.000,0.000,,
10.530929,2026-03-16 16:28:02.069,ARDUINO_PSI,Arduino,0.000,0.000,0.000,,
10.631130,2026-03-16 16:28:02.169,ARDUINO_PSI,Arduino,0.000,0.000,0.000,,
10.730954,2026-03-16 16:28:02.269,ARDUINO_PSI,Arduino,0.000,0.000,0.000,,
10.874214,2026-03-16 16:28:02.412,ARDUINO_PSI,Arduino,0.000,0.000,0.000,,
10.931202,2026-03-16 16:28:02.469,ARDUINO_PSI,Arduino,0.000,0.000,0.000,,
11.031053,2026-03-16 16:28:02.569,ARDUINO_PSI,Arduino,0.000,0.000,0.000,,
11.131503,2026-03-16 16:28:02.669,ARDUINO_PSI,Arduino,0.000,0.000,0.000,,
11.231390,2026-03-16 16:28:02.769,ARDUINO_PSI,Arduino,0.000,0.000,0.000,,
11.331423,2026-03-16 16:28:02.869,ARDUINO_PSI,Arduino,0.000,0.000,0.000,,
11.431409,2026-03-16 16:28:02.969,ARDUINO_PSI,Arduino,0.000,0.000,0.000,,
11.531471,2026-03-16 16:28:03.069,ARDUINO_PSI,Arduino,0.000,0.000,0.000,,
11.632077,2026-03-16 16:28:03.170,ARDUINO_PSI,Arduino,0.000,0.000,0.000,,
11.833848,2026-03-16 16:28:03.372,ARDUINO_PSI,Arduino,0.000,0.000,0.000,,
11.835056,2026-03-16 16:28:03.373,ARDUINO_PSI,Arduino,0.000,0.000,0.000,,
11.930935,2026-03-16 16:28:03.469,ARDUINO_PSI,Arduino,0.000,0.000,0.000,,
12.030995,2026-03-16 16:28:03.569,ARDUINO_PSI,Arduino,0.000,0.000,0.000,,
12.130970,2026-03-16 16:28:03.669,ARDUINO_PSI,Arduino,0.000,0.000,0.000,,
12.231426,2026-03-16 16:28:03.769,ARDUINO_PSI,Arduino,0.000,0.000,0.000,,
12.331104,2026-03-16 16:28:03.869,ARDUINO_PSI,Arduino,0.000,0.000,0.000,,
12.431156,2026-03-16 16:28:03.969,ARDUINO_PSI,Arduino,0.000,0.000,0.000,,
12.531557,2026-03-16 16:28:04.069,ARDUINO_PSI,Arduino,0.000,0.000,0.000,,
12.645752,2026-03-16 16:28:04.184,ARDUINO_PSI,Arduino,0.000,0.000,0.000,,
12.731072,2026-03-16 16:28:04.269,ARDUINO_PSI,Arduino,0.000,0.000,0.000,,
12.831528,2026-03-16 16:28:04.369,ARDUINO_PSI,Arduino,0.000,0.000,0.000,,
12.930982,2026-03-16 16:28:04.469,ARDUINO_PSI,Arduino,0.000,0.000,0.000,,
13.031113,2026-03-16 16:28:04.569,ARDUINO_PSI,Arduino,0.000,0.000,0.000,,
13.131337,2026-03-16 16:28:04.669,ARDUINO_PSI,Arduino,0.000,0.000,0.000,,
13.231371,2026-03-16 16:28:04.769,ARDUINO_PSI,Arduino,0.000,0.000,0.000,,
13.331217,2026-03-16 16:28:04.869,ARDUINO_PSI,Arduino,0.000,0.000,0.000,,
13.431530,2026-03-16 16:28:04.969,ARDUINO_PSI,Arduino,0.000,0.000,0.000,,
13.531580,2026-03-16 16:28:05.069,ARDUINO_PSI,Arduino,0.000,0.000,0.000,,
13.631047,2026-03-16 16:28:05.169,ARDUINO_PSI,Arduino,0.000,0.000,0.000,,
13.731806,2026-03-16 16:28:05.270,ARDUINO_PSI,Arduino,0.000,0.000,0.000,,
13.831139,2026-03-16 16:28:05.369,ARDUINO_PSI,Arduino,0.000,0.000,0.000,,
13.931449,2026-03-16 16:28:05.469,ARDUINO_PSI,Arduino,0.000,0.000,0.000,,
14.031095,2026-03-16 16:28:05.569,ARDUINO_PSI,Arduino,0.000,0.000,0.000,,
14.131627,2026-03-16 16:28:05.669,ARDUINO_PSI,Arduino,0.000,0.000,0.000,,
14.231634,2026-03-16 16:28:05.770,ARDUINO_PSI,Arduino,0.000,0.000,0.000,,
14.331399,2026-03-16 16:28:05.869,ARDUINO_PSI,Arduino,0.000,0.000,0.000,,
14.431499,2026-03-16 16:28:05.969,ARDUINO_PSI,Arduino,0.000,0.000,0.000,,
14.531416,2026-03-16 16:28:06.069,ARDUINO_PSI,Arduino,0.000,0.000,0.000,,
14.631651,2026-03-16 16:28:06.170,ARDUINO_PSI,Arduino,0.000,0.000,0.000,,
14.731504,2026-03-16 16:28:06.269,ARDUINO_PSI,Arduino,0.000,0.000,0.000,,
14.831393,2026-03-16 16:28:06.369,ARDUINO_PSI,Arduino,0.000,0.000,0.000,,
14.931642,2026-03-16 16:28:06.470,ARDUINO_PSI,Arduino,0.000,0.000,0.000,,
15.031592,2026-03-16 16:28:06.569,ARDUINO_PSI,Arduino,0.000,0.000,0.000,,
15.131239,2026-03-16 16:28:06.669,ARDUINO_PSI,Arduino,0.000,0.000,0.000,,
15.231123,2026-03-16 16:28:06.769,ARDUINO_PSI,Arduino,0.000,0.000,0.000,,
15.331490,2026-03-16 16:28:06.869,ARDUINO_PSI,Arduino,0.000,0.000,0.000,,
15.431507,2026-03-16 16:28:06.969,ARDUINO_PSI,Arduino,0.000,0.000,0.000,,
15.531484,2026-03-16 16:28:07.069,ARDUINO_PSI,Arduino,0.000,0.000,0.000,,
15.631616,2026-03-16 16:28:07.169,ARDUINO_PSI,Arduino,0.000,0.000,0.000,,
15.731527,2026-03-16 16:28:07.269,ARDUINO_PSI,Arduino,0.000,0.000,0.000,,
15.831498,2026-03-16 16:28:07.369,ARDUINO_PSI,Arduino,0.000,0.000,0.000,,
15.931661,2026-03-16 16:28:07.470,ARDUINO_PSI,Arduino,0.000,0.000,0.000,,
16.031515,2026-03-16 16:28:07.569,ARDUINO_PSI,Arduino,0.000,0.000,0.000,,
16.131607,2026-03-16 16:28:07.669,ARDUINO_PSI,Arduino,0.000,0.000,0.000,,
16.231592,2026-03-16 16:28:07.769,ARDUINO_PSI,Arduino,0.000,0.000,0.000,,
16.331572,2026-03-16 16:28:07.869,ARDUINO_PSI,Arduino,0.000,0.000,0.000,,
16.431608,2026-03-16 16:28:07.969,ARDUINO_PSI,Arduino,0.000,0.000,0.000,,
16.531544,2026-03-16 16:28:08.069,ARDUINO_PSI,Arduino,0.000,0.000,0.000,,
16.631522,2026-03-16 16:28:08.169,ARDUINO_PSI,Arduino,0.000,0.000,0.000,,
16.731639,2026-03-16 16:28:08.270,ARDUINO_PSI,Arduino,0.000,0.000,0.000,,
16.831757,2026-03-16 16:28:08.370,ARDUINO_PSI,Arduino,0.000,0.000,0.000,,
16.931140,2026-03-16 16:28:08.469,ARDUINO_PSI,Arduino,0.000,0.000,0.000,,
17.031240,2026-03-16 16:28:08.569,ARDUINO_PSI,Arduino,0.000,0.000,0.000,,
17.131593,2026-03-16 16:28:08.669,ARDUINO_PSI,Arduino,0.000,0.000,0.000,,
17.231697,2026-03-16 16:28:08.770,ARDUINO_PSI,Arduino,0.000,0.000,0.000,,
17.331601,2026-03-16 16:28:08.869,ARDUINO_PSI,Arduino,0.000,0.000,0.000,,
17.431661,2026-03-16 16:28:08.970,ARDUINO_PSI,Arduino,0.000,0.000,0.000,,
17.531542,2026-03-16 16:28:09.069,ARDUINO_PSI,Arduino,0.000,0.000,0.000,,
17.631567,2026-03-16 16:28:09.169,ARDUINO_PSI,Arduino,0.000,0.000,0.000,,
17.731578,2026-03-16 16:28:09.269,ARDUINO_PSI,Arduino,0.000,0.000,0.000,,
17.832021,2026-03-16 16:28:09.370,ARDUINO_PSI,Arduino,0.000,0.000,0.000,,
17.931621,2026-03-16 16:28:09.469,ARDUINO_PSI,Arduino,0.000,0.000,0.000,,
18.031408,2026-03-16 16:28:09.569,ARDUINO_PSI,Arduino,0.000,0.000,0.000,,
18.131561,2026-03-16 16:28:09.669,ARDUINO_PSI,Arduino,0.000,0.000,0.000,,
18.231569,2026-03-16 16:28:09.769,ARDUINO_PSI,Arduino,0.000,0.000,0.000,,
18.331624,2026-03-16 16:28:09.869,ARDUINO_PSI,Arduino,0.000,0.000,0.000,,
18.431723,2026-03-16 16:28:09.970,ARDUINO_PSI,Arduino,0.000,0.000,0.000,,
18.531493,2026-03-16 16:28:10.069,ARDUINO_PSI,Arduino,0.000,0.000,0.000,,
18.631564,2026-03-16 16:28:10.169,ARDUINO_PSI,Arduino,0.000,0.000,0.000,,
18.731887,2026-03-16 16:28:10.270,ARDUINO_PSI,Arduino,0.000,0.000,0.000,,
18.831550,2026-03-16 16:28:10.369,ARDUINO_PSI,Arduino,0.000,0.000,0.000,,
18.931538,2026-03-16 16:28:10.469,ARDUINO_PSI,Arduino,0.000,0.000,0.000,,
19.031488,2026-03-16 16:28:10.569,ARDUINO_PSI,Arduino,0.000,0.000,0.000,,
19.131580,2026-03-16 16:28:10.669,ARDUINO_PSI,Arduino,0.000,0.000,0.000,,
19.231543,2026-03-16 16:28:10.769,ARDUINO_PSI,Arduino,0.000,0.000,0.000,,
19.331514,2026-03-16 16:28:10.869,ARDUINO_PSI,Arduino,0.000,0.000,0.000,,
19.431515,2026-03-16 16:28:10.969,ARDUINO_PSI,Arduino,0.000,0.000,0.000,,
19.531664,2026-03-16 16:28:11.070,ARDUINO_PSI,Arduino,0.000,0.000,0.000,,
19.631671,2026-03-16 16:28:11.170,ARDUINO_PSI,Arduino,0.000,0.000,0.000,,
19.731610,2026-03-16 16:28:11.269,ARDUINO_PSI,Arduino,0.000,0.000,0.000,,
19.831566,2026-03-16 16:28:11.369,ARDUINO_PSI,Arduino,0.000,0.000,0.000,,
19.931759,2026-03-16 16:28:11.470,ARDUINO_PSI,Arduino,0.000,0.000,0.000,,
20.030982,2026-03-16 16:28:11.569,ARDUINO_PSI,Arduino,0.000,0.000,0.000,,
20.131636,2026-03-16 16:28:11.670,ARDUINO_PSI,Arduino,0.000,0.000,0.000,,
20.231534,2026-03-16 16:28:11.769,ARDUINO_PSI,Arduino,0.000,0.000,0.000,,
20.331559,2026-03-16 16:28:11.869,ARDUINO_PSI,Arduino,0.000,0.000,0.000,,
20.431502,2026-03-16 16:28:11.969,ARDUINO_PSI,Arduino,0.000,0.000,0.000,,
20.531305,2026-03-16 16:28:12.069,ARDUINO_PSI,Arduino,0.000,0.000,0.000,,
20.631585,2026-03-16 16:28:12.169,ARDUINO_PSI,Arduino,0.000,0.000,0.000,,
20.731295,2026-03-16 16:28:12.269,ARDUINO_PSI,Arduino,0.000,0.000,0.000,,
20.831060,2026-03-16 16:28:12.369,ARDUINO_PSI,Arduino,0.000,0.000,0.000,,
20.931469,2026-03-16 16:28:12.469,ARDUINO_PSI,Arduino,0.000,0.000,0.000,,
21.031096,2026-03-16 16:28:12.569,ARDUINO_PSI,Arduino,0.000,0.000,0.000,,
21.131025,2026-03-16 16:28:12.669,ARDUINO_PSI,Arduino,0.000,0.000,0.000,,
21.231081,2026-03-16 16:28:12.769,ARDUINO_PSI,Arduino,0.000,0.000,0.000,,
21.330934,2026-03-16 16:28:12.869,ARDUINO_PSI,Arduino,0.000,0.000,0.000,,
21.430928,2026-03-16 16:28:12.969,ARDUINO_PSI,Arduino,0.000,0.000,0.000,,
21.530922,2026-03-16 16:28:13.069,ARDUINO_PSI,Arduino,0.000,0.000,0.000,,
21.631103,2026-03-16 16:28:13.169,ARDUINO_PSI,Arduino,0.000,0.000,0.000,,
21.731057,2026-03-16 16:28:13.269,ARDUINO_PSI,Arduino,0.000,0.000,0.000,,
21.874990,2026-03-16 16:28:13.413,ARDUINO_PSI,Arduino,0.000,0.000,0.000,,
21.931099,2026-03-16 16:28:13.469,ARDUINO_PSI,Arduino,0.000,0.000,0.000,,
22.030971,2026-03-16 16:28:13.569,ARDUINO_PSI,Arduino,0.000,0.000,0.000,,
22.131096,2026-03-16 16:28:13.669,ARDUINO_PSI,Arduino,0.000,0.000,0.000,,
22.231089,2026-03-16 16:28:13.769,ARDUINO_PSI,Arduino,0.000,0.000,0.000,,
22.331038,2026-03-16 16:28:13.869,ARDUINO_PSI,Arduino,0.000,0.000,0.000,,
22.431017,2026-03-16 16:28:13.969,ARDUINO_PSI,Arduino,0.000,0.000,0.000,,
22.531382,2026-03-16 16:28:14.069,ARDUINO_PSI,Arduino,0.000,0.000,0.000,,
22.631369,2026-03-16 16:28:14.169,ARDUINO_PSI,Arduino,0.000,0.000,0.000,,
22.731112,2026-03-16 16:28:14.269,ARDUINO_PSI,Arduino,0.000,0.000,0.000,,
22.831517,2026-03-16 16:28:14.369,ARDUINO_PSI,Arduino,0.000,0.000,0.000,,
22.932891,2026-03-16 16:28:14.471,ARDUINO_PSI,Arduino,0.000,0.000,0.000,,
23.031449,2026-03-16 16:28:14.569,ARDUINO_PSI,Arduino,0.000,0.000,0.000,,
23.131015,2026-03-16 16:28:14.669,ARDUINO_PSI,Arduino,0.000,0.000,0.000,,
23.231168,2026-03-16 16:28:14.769,ARDUINO_PSI,Arduino,0.000,0.000,0.000,,
23.331469,2026-03-16 16:28:14.869,ARDUINO_PSI,Arduino,0.000,0.000,0.000,,
23.431533,2026-03-16 16:28:14.969,ARDUINO_PSI,Arduino,0.000,0.000,0.000,,
23.531709,2026-03-16 16:28:15.070,ARDUINO_PSI,Arduino,0.000,0.000,0.000,,
23.631633,2026-03-16 16:28:15.170,ARDUINO_PSI,Arduino,0.000,0.000,0.000,,
23.731622,2026-03-16 16:28:15.269,ARDUINO_PSI,Arduino,0.000,0.000,0.000,,
23.831026,2026-03-16 16:28:15.369,ARDUINO_PSI,Arduino,0.000,0.000,0.000,,
23.931582,2026-03-16 16:28:15.469,ARDUINO_PSI,Arduino,0.000,0.000,0.000,,
24.031339,2026-03-16 16:28:15.569,ARDUINO_PSI,Arduino,0.000,0.000,0.000,,
24.131470,2026-03-16 16:28:15.669,ARDUINO_PSI,Arduino,0.000,0.000,0.000,,
24.231373,2026-03-16 16:28:15.769,ARDUINO_PSI,Arduino,0.000,0.000,0.000,,
24.331379,2026-03-16 16:28:15.869,ARDUINO_PSI,Arduino,0.000,0.000,0.000,,
24.432428,2026-03-16 16:28:15.970,ARDUINO_PSI,Arduino,0.000,0.000,0.000,,
24.531564,2026-03-16 16:28:16.069,ARDUINO_PSI,Arduino,0.000,0.000,0.000,,
24.672939,2026-03-16 16:28:16.211,ARDUINO_PSI,Arduino,0.000,0.000,0.000,,
24.731046,2026-03-16 16:28:16.269,ARDUINO_PSI,Arduino,0.000,0.000,0.000,,
24.831077,2026-03-16 16:28:16.369,ARDUINO_PSI,Arduino,0.000,0.000,0.000,,
24.931279,2026-03-16 16:28:16.469,ARDUINO_PSI,Arduino,0.000,0.000,0.000,,
25.031054,2026-03-16 16:28:16.569,ARDUINO_PSI,Arduino,0.000,0.000,0.000,,
25.131055,2026-03-16 16:28:16.669,ARDUINO_PSI,Arduino,0.000,0.000,0.000,,
25.231089,2026-03-16 16:28:16.769,ARDUINO_PSI,Arduino,0.000,0.000,0.000,,
25.364044,2026-03-16 16:28:16.902,ARDUINO_PSI,Arduino,0.000,0.000,0.000,,
25.431340,2026-03-16 16:28:16.969,ARDUINO_PSI,Arduino,0.000,0.000,0.000,,
25.531010,2026-03-16 16:28:17.069,ARDUINO_PSI,Arduino,0.000,0.000,0.000,,
25.630961,2026-03-16 16:28:17.169,ARDUINO_PSI,Arduino,0.000,0.000,0.000,,
25.731081,2026-03-16 16:28:17.269,ARDUINO_PSI,Arduino,0.000,0.000,0.000,,
25.831054,2026-03-16 16:28:17.369,ARDUINO_PSI,Arduino,0.000,0.000,0.000,,
25.931054,2026-03-16 16:28:17.469,ARDUINO_PSI,Arduino,0.000,0.000,0.000,,
26.031087,2026-03-16 16:28:17.569,ARDUINO_PSI,Arduino,0.000,0.000,0.000,,
26.131041,2026-03-16 16:28:17.669,ARDUINO_PSI,Arduino,0.000,0.000,0.000,,
26.230997,2026-03-16 16:28:17.769,ARDUINO_PSI,Arduino,0.000,0.000,0.000,,
26.330980,2026-03-16 16:28:17.869,ARDUINO_PSI,Arduino,0.000,0.000,0.000,,
26.431032,2026-03-16 16:28:17.969,ARDUINO_PSI,Arduino,0.000,0.000,0.000,,
26.530973,2026-03-16 16:28:18.069,ARDUINO_PSI,Arduino,0.000,0.000,0.000,,
26.631095,2026-03-16 16:28:18.169,ARDUINO_PSI,Arduino,0.000,0.000,0.000,,
26.731024,2026-03-16 16:28:18.269,ARDUINO_PSI,Arduino,0.000,0.000,0.000,,
26.862173,2026-03-16 16:28:18.400,ARDUINO_PSI,Arduino,0.000,0.000,0.000,,
26.931019,2026-03-16 16:28:18.469,ARDUINO_PSI,Arduino,0.000,0.000,0.000,,
27.031126,2026-03-16 16:28:18.569,ARDUINO_PSI,Arduino,0.000,0.000,0.000,,
27.131495,2026-03-16 16:28:18.669,ARDUINO_PSI,Arduino,0.000,0.000,0.000,,
27.231260,2026-03-16 16:28:18.769,ARDUINO_PSI,Arduino,0.000,0.000,0.000,,
27.344896,2026-03-16 16:28:18.883,ARDUINO_PSI,Arduino,0.000,0.000,0.000,,
27.431565,2026-03-16 16:28:18.969,ARDUINO_PSI,Arduino,0.000,0.000,0.000,,
27.531581,2026-03-16 16:28:19.069,ARDUINO_PSI,Arduino,0.000,0.000,0.000,,
27.631581,2026-03-16 16:28:19.169,ARDUINO_PSI,Arduino,0.000,0.000,0.000,,
27.731634,2026-03-16 16:28:19.270,ARDUINO_PSI,Arduino,0.000,0.000,0.000,,
27.831648,2026-03-16 16:28:19.370,ARDUINO_PSI,Arduino,0.000,0.000,0.000,,
27.976416,2026-03-16 16:28:19.514,ARDUINO_PSI,Arduino,0.000,0.000,0.000,,
28.031502,2026-03-16 16:28:19.569,ARDUINO_PSI,Arduino,0.000,0.000,0.000,,
28.131937,2026-03-16 16:28:19.670,ARDUINO_PSI,Arduino,0.000,0.000,0.000,,
28.231874,2026-03-16 16:28:19.770,ARDUINO_PSI,Arduino,0.000,0.000,0.000,,
28.331103,2026-03-16 16:28:19.869,ARDUINO_PSI,Arduino,0.000,0.000,0.000,,
28.431801,2026-03-16 16:28:19.970,ARDUINO_PSI,Arduino,0.000,0.000,0.000,,
28.531652,2026-03-16 16:28:20.070,ARDUINO_PSI,Arduino,0.000,0.000,0.000,,
28.672638,2026-03-16 16:28:20.211,ARDUINO_PSI,Arduino,0.000,0.000,0.000,,
28.731507,2026-03-16 16:28:20.269,ARDUINO_PSI,Arduino,0.000,0.000,0.000,,
28.831555,2026-03-16 16:28:20.369,ARDUINO_PSI,Arduino,0.000,0.000,0.000,,
28.931265,2026-03-16 16:28:20.469,ARDUINO_PSI,Arduino,0.000,0.000,0.000,,
29.031618,2026-03-16 16:28:20.569,ARDUINO_PSI,Arduino,0.000,0.000,0.000,,
29.131423,2026-03-16 16:28:20.669,ARDUINO_PSI,Arduino,0.000,0.000,0.000,,
29.231552,2026-03-16 16:28:20.769,ARDUINO_PSI,Arduino,0.000,0.000,0.000,,
29.331582,2026-03-16 16:28:20.869,ARDUINO_PSI,Arduino,0.000,0.000,0.000,,
29.431391,2026-03-16 16:28:20.969,ARDUINO_PSI,Arduino,0.000,0.000,0.000,,
29.531423,2026-03-16 16:28:21.069,ARDUINO_PSI,Arduino,0.000,0.000,0.000,,
29.631570,2026-03-16 16:28:21.169,ARDUINO_PSI,Arduino,0.000,0.000,0.000,,
29.731080,2026-03-16 16:28:21.269,ARDUINO_PSI,Arduino,0.000,0.000,0.000,,
29.831673,2026-03-16 16:28:21.370,ARDUINO_PSI,Arduino,0.000,0.000,0.000,,
29.931833,2026-03-16 16:28:21.470,ARDUINO_PSI,Arduino,0.000,0.000,0.000,,
30.031638,2026-03-16 16:28:21.570,ARDUINO_PSI,Arduino,0.000,0.000,0.000,,
30.179575,2026-03-16 16:28:21.717,ARDUINO_PSI,Arduino,0.000,0.000,0.000,,
30.231555,2026-03-16 16:28:21.769,ARDUINO_PSI,Arduino,0.000,0.000,0.000,,
30.331140,2026-03-16 16:28:21.869,ARDUINO_PSI,Arduino,0.000,0.000,0.000,,
30.431934,2026-03-16 16:28:21.970,ARDUINO_PSI,Arduino,0.000,0.000,0.000,,
30.531732,2026-03-16 16:28:22.070,ARDUINO_PSI,Arduino,0.000,0.000,0.000,,
30.631202,2026-03-16 16:28:22.169,ARDUINO_PSI,Arduino,0.000,0.000,0.000,,
30.731166,2026-03-16 16:28:22.269,ARDUINO_PSI,Arduino,0.000,0.000,0.000,,
30.831862,2026-03-16 16:28:22.370,ARDUINO_PSI,Arduino,0.000,0.000,0.000,,
30.931615,2026-03-16 16:28:22.469,ARDUINO_PSI,Arduino,0.000,0.000,0.000,,
31.031663,2026-03-16 16:28:22.570,ARDUINO_PSI,Arduino,0.000,0.000,0.000,,
31.131884,2026-03-16 16:28:22.670,ARDUINO_PSI,Arduino,0.000,0.000,0.000,,
31.231817,2026-03-16 16:28:22.770,ARDUINO_PSI,Arduino,0.000,0.000,0.000,,
31.334371,2026-03-16 16:28:22.872,ARDUINO_PSI,Arduino,0.000,0.000,0.000,,
31.431147,2026-03-16 16:28:22.969,ARDUINO_PSI,Arduino,0.000,0.000,0.000,,
31.531792,2026-03-16 16:28:23.070,ARDUINO_PSI,Arduino,0.000,0.000,0.000,,
31.631084,2026-03-16 16:28:23.169,ARDUINO_PSI,Arduino,0.000,0.000,0.000,,
31.731726,2026-03-16 16:28:23.270,ARDUINO_PSI,Arduino,0.000,0.000,0.000,,
31.831641,2026-03-16 16:28:23.370,ARDUINO_PSI,Arduino,0.000,0.000,0.000,,
31.931464,2026-03-16 16:28:23.469,ARDUINO_PSI,Arduino,0.000,0.000,0.000,,
32.030992,2026-03-16 16:28:23.569,ARDUINO_PSI,Arduino,0.000,0.000,0.000,,
32.145207,2026-03-16 16:28:23.683,ARDUINO_PSI,Arduino,0.000,0.000,0.000,,
32.231379,2026-03-16 16:28:23.769,ARDUINO_PSI,Arduino,0.000,0.000,0.000,,
32.331022,2026-03-16 16:28:23.869,ARDUINO_PSI,Arduino,0.000,0.000,0.000,,
32.431454,2026-03-16 16:28:23.969,ARDUINO_PSI,Arduino,0.000,0.000,0.000,,
32.531161,2026-03-16 16:28:24.069,ARDUINO_PSI,Arduino,0.000,0.000,0.000,,
32.631281,2026-03-16 16:28:24.169,ARDUINO_PSI,Arduino,0.000,0.000,0.000,,
32.731613,2026-03-16 16:28:24.269,ARDUINO_PSI,Arduino,0.000,0.000,0.000,,
32.831213,2026-03-16 16:28:24.369,ARDUINO_PSI,Arduino,0.000,0.000,0.000,,
32.931553,2026-03-16 16:28:24.469,ARDUINO_PSI,Arduino,0.000,0.000,0.000,,
33.031112,2026-03-16 16:28:24.569,ARDUINO_PSI,Arduino,0.000,0.000,0.000,,
33.132156,2026-03-16 16:28:24.670,ARDUINO_PSI,Arduino,0.000,0.000,0.000,,
33.231648,2026-03-16 16:28:24.770,ARDUINO_PSI,Arduino,0.000,0.000,0.000,,
33.331705,2026-03-16 16:28:24.870,ARDUINO_PSI,Arduino,0.000,0.000,0.000,,
33.431595,2026-03-16 16:28:24.969,ARDUINO_PSI,Arduino,0.000,0.000,0.000,,
33.531733,2026-03-16 16:28:25.070,ARDUINO_PSI,Arduino,0.000,0.000,0.000,,
33.631707,2026-03-16 16:28:25.170,ARDUINO_PSI,Arduino,0.000,0.000,0.000,,
33.731810,2026-03-16 16:28:25.270,ARDUINO_PSI,Arduino,0.000,0.000,0.000,,
33.831757,2026-03-16 16:28:25.370,ARDUINO_PSI,Arduino,0.000,0.000,0.000,,
33.931159,2026-03-16 16:28:25.469,ARDUINO_PSI,Arduino,0.000,0.000,0.000,,
34.031082,2026-03-16 16:28:25.569,ARDUINO_PSI,Arduino,0.000,0.000,0.000,,
34.131730,2026-03-16 16:28:25.670,ARDUINO_PSI,Arduino,0.000,0.000,0.000,,
34.231755,2026-03-16 16:28:25.770,ARDUINO_PSI,Arduino,0.000,0.000,0.000,,
34.331698,2026-03-16 16:28:25.870,ARDUINO_PSI,Arduino,0.000,0.000,0.000,,
34.431568,2026-03-16 16:28:25.969,ARDUINO_PSI,Arduino,0.000,0.000,0.000,,
34.531631,2026-03-16 16:28:26.069,ARDUINO_PSI,Arduino,0.000,0.000,0.000,,
34.631684,2026-03-16 16:28:26.170,ARDUINO_PSI,Arduino,0.000,0.000,0.000,,
34.731384,2026-03-16 16:28:26.269,ARDUINO_PSI,Arduino,0.000,0.000,0.000,,
34.831753,2026-03-16 16:28:26.370,ARDUINO_PSI,Arduino,0.000,0.000,0.000,,
34.931716,2026-03-16 16:28:26.470,ARDUINO_PSI,Arduino,0.000,0.000,0.000,,
35.031691,2026-03-16 16:28:26.570,ARDUINO_PSI,Arduino,0.000,0.000,0.000,,
35.131067,2026-03-16 16:28:26.669,ARDUINO_PSI,Arduino,0.000,0.000,0.000,,
35.231158,2026-03-16 16:28:26.769,ARDUINO_PSI,Arduino,0.000,0.000,0.000,,
35.331470,2026-03-16 16:28:26.869,ARDUINO_PSI,Arduino,0.000,0.000,0.000,,
35.431610,2026-03-16 16:28:26.969,ARDUINO_PSI,Arduino,0.000,0.000,0.000,,
35.532033,2026-03-16 16:28:27.070,ARDUINO_PSI,Arduino,0.000,0.000,0.000,,
35.632121,2026-03-16 16:28:27.170,ARDUINO_PSI,Arduino,0.000,0.000,0.000,,
35.731124,2026-03-16 16:28:27.269,ARDUINO_PSI,Arduino,0.000,0.000,0.000,,
35.831106,2026-03-16 16:28:27.369,ARDUINO_PSI,Arduino,0.000,0.000,0.000,,
35.931361,2026-03-16 16:28:27.469,ARDUINO_PSI,Arduino,0.000,0.000,0.000,,
36.031121,2026-03-16 16:28:27.569,ARDUINO_PSI,Arduino,0.000,0.000,0.000,,
36.131051,2026-03-16 16:28:27.669,ARDUINO_PSI,Arduino,0.000,0.000,0.000,,
36.231882,2026-03-16 16:28:27.770,ARDUINO_PSI,Arduino,0.000,0.000,0.000,,
36.331843,2026-03-16 16:28:27.870,ARDUINO_PSI,Arduino,0.000,0.000,0.000,,
36.431842,2026-03-16 16:28:27.970,ARDUINO_PSI,Arduino,0.000,0.000,0.000,,
36.531846,2026-03-16 16:28:28.070,ARDUINO_PSI,Arduino,0.000,0.000,0.000,,
36.631762,2026-03-16 16:28:28.170,ARDUINO_PSI,Arduino,0.000,0.000,0.000,,
36.732161,2026-03-16 16:28:28.270,ARDUINO_PSI,Arduino,0.000,0.000,0.000,,
36.831097,2026-03-16 16:28:28.369,ARDUINO_PSI,Arduino,0.000,0.000,0.000,,
36.931783,2026-03-16 16:28:28.470,ARDUINO_PSI,Arduino,0.000,0.000,0.000,,
37.031647,2026-03-16 16:28:28.570,ARDUINO_PSI,Arduino,0.000,0.000,0.000,,
37.131760,2026-03-16 16:28:28.670,ARDUINO_PSI,Arduino,0.000,0.000,0.000,,
37.231444,2026-03-16 16:28:28.769,ARDUINO_PSI,Arduino,0.000,0.000,0.000,,
37.331601,2026-03-16 16:28:28.869,ARDUINO_PSI,Arduino,0.000,0.000,0.000,,
37.431837,2026-03-16 16:28:28.970,ARDUINO_PSI,Arduino,0.000,0.000,0.000,,
37.531559,2026-03-16 16:28:29.069,ARDUINO_PSI,Arduino,0.000,0.000,0.000,,
37.631768,2026-03-16 16:28:29.170,ARDUINO_PSI,Arduino,0.000,0.000,0.000,,
37.732739,2026-03-16 16:28:29.271,ARDUINO_PSI,Arduino,0.000,0.000,0.000,,
37.831251,2026-03-16 16:28:29.369,ARDUINO_PSI,Arduino,0.000,0.000,0.000,,
37.931092,2026-03-16 16:28:29.469,ARDUINO_PSI,Arduino,0.000,0.000,0.000,,
38.031369,2026-03-16 16:28:29.569,ARDUINO_PSI,Arduino,0.000,0.000,0.000,,
38.131781,2026-03-16 16:28:29.670,ARDUINO_PSI,Arduino,0.000,0.000,0.000,,
38.231562,2026-03-16 16:28:29.769,ARDUINO_PSI,Arduino,0.000,0.000,0.000,,
38.331688,2026-03-16 16:28:29.870,ARDUINO_PSI,Arduino,0.000,0.000,0.000,,
38.431103,2026-03-16 16:28:29.969,ARDUINO_PSI,Arduino,0.000,0.000,0.000,,
38.531076,2026-03-16 16:28:30.069,ARDUINO_PSI,Arduino,0.000,0.000,0.000,,
38.631559,2026-03-16 16:28:30.169,ARDUINO_PSI,Arduino,0.000,0.000,0.000,,
38.731719,2026-03-16 16:28:30.270,ARDUINO_PSI,Arduino,0.000,0.000,0.000,,
38.831149,2026-03-16 16:28:30.369,ARDUINO_PSI,Arduino,0.000,0.000,0.000,,
38.931511,2026-03-16 16:28:30.469,ARDUINO_PSI,Arduino,0.000,0.000,0.000,,
39.031621,2026-03-16 16:28:30.569,ARDUINO_PSI,Arduino,0.000,0.000,0.000,,
39.131970,2026-03-16 16:28:30.670,ARDUINO_PSI,Arduino,0.000,0.000,0.000,,
39.231632,2026-03-16 16:28:30.770,ARDUINO_PSI,Arduino,0.000,0.000,0.000,,
39.332766,2026-03-16 16:28:30.871,ARDUINO_PSI,Arduino,0.000,0.000,0.000,,
39.431620,2026-03-16 16:28:30.969,ARDUINO_PSI,Arduino,0.000,0.000,0.000,,
39.532272,2026-03-16 16:28:31.070,ARDUINO_PSI,Arduino,0.000,0.000,0.000,,
39.631590,2026-03-16 16:28:31.169,ARDUINO_PSI,Arduino,0.000,0.000,0.000,,
39.731830,2026-03-16 16:28:31.270,ARDUINO_PSI,Arduino,0.000,0.000,0.000,,
39.831789,2026-03-16 16:28:31.370,ARDUINO_PSI,Arduino,0.000,0.000,0.000,,
39.931847,2026-03-16 16:28:31.470,ARDUINO_PSI,Arduino,0.000,0.000,0.000,,
40.031125,2026-03-16 16:28:31.569,ARDUINO_PSI,Arduino,0.000,0.000,0.000,,
40.131824,2026-03-16 16:28:31.670,ARDUINO_PSI,Arduino,0.000,0.000,0.000,,
40.231380,2026-03-16 16:28:31.769,ARDUINO_PSI,Arduino,0.000,0.000,0.000,,
40.331912,2026-03-16 16:28:31.870,ARDUINO_PSI,Arduino,0.000,0.000,0.000,,
40.431710,2026-03-16 16:28:31.970,ARDUINO_PSI,Arduino,0.000,0.000,0.000,,
40.531757,2026-03-16 16:28:32.070,ARDUINO_PSI,Arduino,0.000,0.000,0.000,,
40.631049,2026-03-16 16:28:32.169,ARDUINO_PSI,Arduino,0.000,0.000,0.000,,
40.731022,2026-03-16 16:28:32.269,ARDUINO_PSI,Arduino,0.000,0.000,0.000,,
40.831698,2026-03-16 16:28:32.370,ARDUINO_PSI,Arduino,0.000,0.000,0.000,,
40.932243,2026-03-16 16:28:32.470,ARDUINO_PSI,Arduino,0.000,0.000,0.000,,
41.031802,2026-03-16 16:28:32.570,ARDUINO_PSI,Arduino,0.000,0.000,0.000,,
41.131762,2026-03-16 16:28:32.670,ARDUINO_PSI,Arduino,0.000,0.000,0.000,,
41.231581,2026-03-16 16:28:32.769,ARDUINO_PSI,Arduino,0.000,0.000,0.000,,
41.331649,2026-03-16 16:28:32.870,ARDUINO_PSI,Arduino,0.000,0.000,0.000,,
41.432248,2026-03-16 16:28:32.970,ARDUINO_PSI,Arduino,0.000,0.000,0.000,,
41.531787,2026-03-16 16:28:33.070,ARDUINO_PSI,Arduino,0.000,0.000,0.000,,
41.631089,2026-03-16 16:28:33.169,ARDUINO_PSI,Arduino,0.000,0.000,0.000,,
41.731124,2026-03-16 16:28:33.269,ARDUINO_PSI,Arduino,0.000,0.000,0.000,,
41.831681,2026-03-16 16:28:33.370,ARDUINO_PSI,Arduino,0.000,0.000,0.000,,
41.931643,2026-03-16 16:28:33.470,ARDUINO_PSI,Arduino,0.000,0.000,0.000,,
42.031615,2026-03-16 16:28:33.569,ARDUINO_PSI,Arduino,0.000,0.000,0.000,,
42.131742,2026-03-16 16:28:33.670,ARDUINO_PSI,Arduino,0.000,0.000,0.000,,
42.231099,2026-03-16 16:28:33.769,ARDUINO_PSI,Arduino,0.000,0.000,0.000,,
42.332110,2026-03-16 16:28:33.870,ARDUINO_PSI,Arduino,0.000,0.000,0.000,,
42.431708,2026-03-16 16:28:33.970,ARDUINO_PSI,Arduino,0.000,0.000,0.000,,
42.531641,2026-03-16 16:28:34.070,ARDUINO_PSI,Arduino,0.000,0.000,0.000,,
42.631694,2026-03-16 16:28:34.170,ARDUINO_PSI,Arduino,0.000,0.000,0.000,,
42.731813,2026-03-16 16:28:34.270,ARDUINO_PSI,Arduino,0.000,0.000,0.000,,
42.831762,2026-03-16 16:28:34.370,ARDUINO_PSI,Arduino,0.000,0.000,0.000,,
42.931737,2026-03-16 16:28:34.470,ARDUINO_PSI,Arduino,0.000,0.000,0.000,,
43.031510,2026-03-16 16:28:34.569,ARDUINO_PSI,Arduino,0.000,0.000,0.000,,
43.131699,2026-03-16 16:28:34.670,ARDUINO_PSI,Arduino,0.000,0.000,0.000,,
43.231777,2026-03-16 16:28:34.770,ARDUINO_PSI,Arduino,0.000,0.000,0.000,,
43.331887,2026-03-16 16:28:34.870,ARDUINO_PSI,Arduino,0.000,0.000,0.000,,
43.431102,2026-03-16 16:28:34.969,ARDUINO_PSI,Arduino,0.000,0.000,0.000,,
43.531715,2026-03-16 16:28:35.070,ARDUINO_PSI,Arduino,0.000,0.000,0.000,,
43.631162,2026-03-16 16:28:35.169,ARDUINO_PSI,Arduino,0.000,0.000,0.000,,
43.731493,2026-03-16 16:28:35.269,ARDUINO_PSI,Arduino,0.000,0.000,0.000,,
43.831072,2026-03-16 16:28:35.369,ARDUINO_PSI,Arduino,0.000,0.000,0.000,,
43.931742,2026-03-16 16:28:35.470,ARDUINO_PSI,Arduino,0.000,0.000,0.000,,
44.031065,2026-03-16 16:28:35.569,ARDUINO_PSI,Arduino,0.000,0.000,0.000,,
44.131372,2026-03-16 16:28:35.669,ARDUINO_PSI,Arduino,0.000,0.000,0.000,,
44.231407,2026-03-16 16:28:35.769,ARDUINO_PSI,Arduino,0.000,0.000,0.000,,
44.331768,2026-03-16 16:28:35.870,ARDUINO_PSI,Arduino,0.000,0.000,0.000,,
44.431829,2026-03-16 16:28:35.970,ARDUINO_PSI,Arduino,0.000,0.000,0.000,,
44.531751,2026-03-16 16:28:36.070,ARDUINO_PSI,Arduino,0.000,0.000,0.000,,
44.631836,2026-03-16 16:28:36.170,ARDUINO_PSI,Arduino,0.000,0.000,0.000,,
44.732113,2026-03-16 16:28:36.270,ARDUINO_PSI,Arduino,0.000,0.000,0.000,,
44.831148,2026-03-16 16:28:36.369,ARDUINO_PSI,Arduino,0.000,0.000,0.000,,
44.931829,2026-03-16 16:28:36.470,ARDUINO_PSI,Arduino,0.000,0.000,0.000,,
45.031072,2026-03-16 16:28:36.569,ARDUINO_PSI,Arduino,0.000,0.000,0.000,,
45.131098,2026-03-16 16:28:36.669,ARDUINO_PSI,Arduino,0.000,0.000,0.000,,
45.231074,2026-03-16 16:28:36.769,ARDUINO_PSI,Arduino,0.000,0.000,0.000,,
45.331064,2026-03-16 16:28:36.869,ARDUINO_PSI,Arduino,0.000,0.000,0.000,,
45.431211,2026-03-16 16:28:36.969,ARDUINO_PSI,Arduino,0.000,0.000,0.000,,
45.531107,2026-03-16 16:28:37.069,ARDUINO_PSI,Arduino,0.000,0.000,0.000,,
45.631161,2026-03-16 16:28:37.169,ARDUINO_PSI,Arduino,0.000,0.000,0.000,,
45.731326,2026-03-16 16:28:37.269,ARDUINO_PSI,Arduino,0.000,0.000,0.000,,
45.831357,2026-03-16 16:28:37.369,ARDUINO_PSI,Arduino,0.000,0.000,0.000,,
45.932396,2026-03-16 16:28:37.470,ARDUINO_PSI,Arduino,0.000,0.000,0.000,,
46.031774,2026-03-16 16:28:37.570,ARDUINO_PSI,Arduino,0.000,0.000,0.000,,
46.131062,2026-03-16 16:28:37.669,ARDUINO_PSI,Arduino,0.000,0.000,0.000,,
46.231141,2026-03-16 16:28:37.769,ARDUINO_PSI,Arduino,0.000,0.000,0.000,,
46.331184,2026-03-16 16:28:37.869,ARDUINO_PSI,Arduino,0.000,0.000,0.000,,
46.431228,2026-03-16 16:28:37.969,ARDUINO_PSI,Arduino,0.000,0.000,0.000,,
46.531815,2026-03-16 16:28:38.070,ARDUINO_PSI,Arduino,0.000,0.000,0.000,,
46.631654,2026-03-16 16:28:38.170,ARDUINO_PSI,Arduino,0.000,0.000,0.000,,
46.731362,2026-03-16 16:28:38.269,ARDUINO_PSI,Arduino,0.000,0.000,0.000,,
46.831817,2026-03-16 16:28:38.370,ARDUINO_PSI,Arduino,0.000,0.000,0.000,,
46.931177,2026-03-16 16:28:38.469,ARDUINO_PSI,Arduino,0.000,0.000,0.000,,
47.031136,2026-03-16 16:28:38.569,ARDUINO_PSI,Arduino,0.000,0.000,0.000,,
47.131795,2026-03-16 16:28:38.670,ARDUINO_PSI,Arduino,0.000,0.000,0.000,,
47.232829,2026-03-16 16:28:38.771,ARDUINO_PSI,Arduino,0.000,0.000,0.000,,
47.331196,2026-03-16 16:28:38.869,ARDUINO_PSI,Arduino,0.000,0.000,0.000,,
47.431419,2026-03-16 16:28:38.969,ARDUINO_PSI,Arduino,0.000,0.000,0.000,,
47.531677,2026-03-16 16:28:39.070,ARDUINO_PSI,Arduino,0.000,0.000,0.000,,
47.631520,2026-03-16 16:28:39.169,ARDUINO_PSI,Arduino,0.000,0.000,0.000,,
47.732398,2026-03-16 16:28:39.270,ARDUINO_PSI,Arduino,0.000,0.000,0.000,,
47.831612,2026-03-16 16:28:39.369,ARDUINO_PSI,Arduino,0.000,0.000,0.000,,
47.932787,2026-03-16 16:28:39.471,ARDUINO_PSI,Arduino,0.000,0.000,0.000,,
48.032796,2026-03-16 16:28:39.571,ARDUINO_PSI,Arduino,0.000,0.000,0.000,,
48.132440,2026-03-16 16:28:39.670,ARDUINO_PSI,Arduino,0.000,0.000,0.000,,
48.232409,2026-03-16 16:28:39.770,ARDUINO_PSI,Arduino,0.000,0.000,0.000,,
48.331901,2026-03-16 16:28:39.870,ARDUINO_PSI,Arduino,0.000,0.000,0.000,,
48.432579,2026-03-16 16:28:39.970,ARDUINO_PSI,Arduino,0.000,0.000,0.000,,
48.531949,2026-03-16 16:28:40.070,ARDUINO_PSI,Arduino,0.000,0.000,0.000,,
48.632578,2026-03-16 16:28:40.170,ARDUINO_PSI,Arduino,0.000,0.000,0.000,,
48.732078,2026-03-16 16:28:40.270,ARDUINO_PSI,Arduino,0.000,0.000,0.000,,
48.831923,2026-03-16 16:28:40.370,ARDUINO_PSI,Arduino,0.000,0.000,0.000,,
48.931955,2026-03-16 16:28:40.470,ARDUINO_PSI,Arduino,0.000,0.000,0.000,,
49.031929,2026-03-16 16:28:40.570,ARDUINO_PSI,Arduino,0.000,0.000,0.000,,
49.132853,2026-03-16 16:28:40.671,ARDUINO_PSI,Arduino,0.000,0.000,0.000,,
49.231874,2026-03-16 16:28:40.770,ARDUINO_PSI,Arduino,0.000,0.000,0.000,,
49.331206,2026-03-16 16:28:40.869,ARDUINO_PSI,Arduino,0.000,0.000,0.000,,
49.432891,2026-03-16 16:28:40.971,ARDUINO_PSI,Arduino,0.000,0.000,0.000,,
49.533408,2026-03-16 16:28:41.071,ARDUINO_PSI,Arduino,0.000,0.000,0.000,,
49.632501,2026-03-16 16:28:41.170,ARDUINO_PSI,Arduino,0.000,0.000,0.000,,
49.732396,2026-03-16 16:28:41.270,ARDUINO_PSI,Arduino,0.000,0.000,0.000,,
49.831803,2026-03-16 16:28:41.370,ARDUINO_PSI,Arduino,0.000,0.000,0.000,,
49.932306,2026-03-16 16:28:41.470,ARDUINO_PSI,Arduino,0.000,0.000,0.000,,
50.032390,2026-03-16 16:28:41.570,ARDUINO_PSI,Arduino,0.000,0.000,0.000,,
50.132414,2026-03-16 16:28:41.670,ARDUINO_PSI,Arduino,0.000,0.000,0.000,,
50.232452,2026-03-16 16:28:41.770,ARDUINO_PSI,Arduino,0.000,0.000,0.000,,
50.332528,2026-03-16 16:28:41.870,ARDUINO_PSI,Arduino,0.000,0.000,0.000,,
50.432058,2026-03-16 16:28:41.970,ARDUINO_PSI,Arduino,0.000,0.000,0.000,,
50.532403,2026-03-16 16:28:42.070,ARDUINO_PSI,Arduino,0.000,0.000,0.000,,
50.631899,2026-03-16 16:28:42.170,ARDUINO_PSI,Arduino,0.000,0.000,0.000,,
50.732805,2026-03-16 16:28:42.271,ARDUINO_PSI,Arduino,0.000,0.000,0.000,,
50.832716,2026-03-16 16:28:42.371,ARDUINO_PSI,Arduino,0.000,0.000,0.000,,
50.931971,2026-03-16 16:28:42.470,ARDUINO_PSI,Arduino,0.000,0.000,0.000,,
51.032369,2026-03-16 16:28:42.570,ARDUINO_PSI,Arduino,0.000,0.000,0.000,,
51.131890,2026-03-16 16:28:42.670,ARDUINO_PSI,Arduino,0.000,0.000,0.000,,
51.232840,2026-03-16 16:28:42.771,ARDUINO_PSI,Arduino,0.000,0.000,0.000,,
51.331675,2026-03-16 16:28:42.870,ARDUINO_PSI,Arduino,0.000,0.000,0.000,,
51.432934,2026-03-16 16:28:42.971,ARDUINO_PSI,Arduino,0.000,0.000,0.000,,
51.532801,2026-03-16 16:28:43.071,ARDUINO_PSI,Arduino,0.000,0.000,0.000,,
51.631880,2026-03-16 16:28:43.170,ARDUINO_PSI,Arduino,0.000,0.000,0.000,,
51.732976,2026-03-16 16:28:43.271,ARDUINO_PSI,Arduino,0.000,0.000,0.000,,
51.831867,2026-03-16 16:28:43.370,ARDUINO_PSI,Arduino,0.000,0.000,0.000,,
51.931579,2026-03-16 16:28:43.469,ARDUINO_PSI,Arduino,0.000,0.000,0.000,,
52.031731,2026-03-16 16:28:43.570,ARDUINO_PSI,Arduino,0.000,0.000,0.000,,
52.131825,2026-03-16 16:28:43.670,ARDUINO_PSI,Arduino,0.000,0.000,0.000,,
52.232399,2026-03-16 16:28:43.770,ARDUINO_PSI,Arduino,0.000,0.000,0.000,,
52.331753,2026-03-16 16:28:43.870,ARDUINO_PSI,Arduino,0.000,0.000,0.000,,
52.432084,2026-03-16 16:28:43.970,ARDUINO_PSI,Arduino,0.000,0.000,0.000,,
52.531742,2026-03-16 16:28:44.070,ARDUINO_PSI,Arduino,0.000,0.000,0.000,,
52.631865,2026-03-16 16:28:44.170,ARDUINO_PSI,Arduino,0.000,0.000,0.000,,
52.731813,2026-03-16 16:28:44.270,ARDUINO_PSI,Arduino,0.000,0.000,0.000,,
52.832542,2026-03-16 16:28:44.370,ARDUINO_PSI,Arduino,0.000,0.000,0.000,,
52.931767,2026-03-16 16:28:44.470,ARDUINO_PSI,Arduino,0.000,0.000,0.000,,
53.031218,2026-03-16 16:28:44.569,ARDUINO_PSI,Arduino,0.000,0.000,0.000,,
53.131753,2026-03-16 16:28:44.670,ARDUINO_PSI,Arduino,0.000,0.000,0.000,,
53.231664,2026-03-16 16:28:44.770,ARDUINO_PSI,Arduino,0.000,0.000,0.000,,
53.331580,2026-03-16 16:28:44.869,ARDUINO_PSI,Arduino,0.000,0.000,0.000,,
53.432526,2026-03-16 16:28:44.970,ARDUINO_PSI,Arduino,0.000,0.000,0.000,,
53.531749,2026-03-16 16:28:45.070,ARDUINO_PSI,Arduino,0.000,0.000,0.000,,
53.631826,2026-03-16 16:28:45.170,ARDUINO_PSI,Arduino,0.000,0.000,0.000,,
53.731925,2026-03-16 16:28:45.270,ARDUINO_PSI,Arduino,0.000,0.000,0.000,,
53.832031,2026-03-16 16:28:45.370,ARDUINO_PSI,Arduino,0.000,0.000,0.000,,
53.932392,2026-03-16 16:28:45.470,ARDUINO_PSI,Arduino,0.000,0.000,0.000,,
54.031204,2026-03-16 16:28:45.569,ARDUINO_PSI,Arduino,0.000,0.000,0.000,,
54.132838,2026-03-16 16:28:45.671,ARDUINO_PSI,Arduino,0.000,0.000,0.000,,
54.231714,2026-03-16 16:28:45.770,ARDUINO_PSI,Arduino,0.000,0.000,0.000,,
54.331690,2026-03-16 16:28:45.870,ARDUINO_PSI,Arduino,0.000,0.000,0.000,,
54.432638,2026-03-16 16:28:45.971,ARDUINO_PSI,Arduino,0.000,0.000,0.000,,
54.532050,2026-03-16 16:28:46.070,ARDUINO_PSI,Arduino,0.000,0.000,0.000,,
54.632652,2026-03-16 16:28:46.171,ARDUINO_PSI,Arduino,0.000,0.000,0.000,,
54.732555,2026-03-16 16:28:46.270,ARDUINO_PSI,Arduino,0.000,0.000,0.000,,
54.831752,2026-03-16 16:28:46.370,ARDUINO_PSI,Arduino,0.000,0.000,0.000,,
54.931719,2026-03-16 16:28:46.470,ARDUINO_PSI,Arduino,0.000,0.000,0.000,,
55.032082,2026-03-16 16:28:46.570,ARDUINO_PSI,Arduino,0.000,0.000,0.000,,
55.131850,2026-03-16 16:28:46.670,ARDUINO_PSI,Arduino,0.000,0.000,0.000,,
55.232254,2026-03-16 16:28:46.770,ARDUINO_PSI,Arduino,0.000,0.000,0.000,,
55.331233,2026-03-16 16:28:46.869,ARDUINO_PSI,Arduino,0.000,0.000,0.000,,
55.431167,2026-03-16 16:28:46.969,ARDUINO_PSI,Arduino,0.000,0.000,0.000,,
55.532471,2026-03-16 16:28:47.070,ARDUINO_PSI,Arduino,0.000,0.000,0.000,,
55.631813,2026-03-16 16:28:47.170,ARDUINO_PSI,Arduino,0.000,0.000,0.000,,
55.731855,2026-03-16 16:28:47.270,ARDUINO_PSI,Arduino,0.000,0.000,0.000,,
55.832642,2026-03-16 16:28:47.371,ARDUINO_PSI,Arduino,0.000,0.000,0.000,,
55.931850,2026-03-16 16:28:47.470,ARDUINO_PSI,Arduino,0.000,0.000,0.000,,
56.033176,2026-03-16 16:28:47.571,ARDUINO_PSI,Arduino,0.000,0.000,0.000,,
56.131887,2026-03-16 16:28:47.670,ARDUINO_PSI,Arduino,0.000,0.000,0.000,,
56.232345,2026-03-16 16:28:47.770,ARDUINO_PSI,Arduino,0.000,0.000,0.000,,
56.332565,2026-03-16 16:28:47.870,ARDUINO_PSI,Arduino,0.000,0.000,0.000,,
56.432704,2026-03-16 16:28:47.971,ARDUINO_PSI,Arduino,0.000,0.000,0.000,,
56.532531,2026-03-16 16:28:48.070,ARDUINO_PSI,Arduino,0.000,0.000,0.000,,
56.632518,2026-03-16 16:28:48.170,ARDUINO_PSI,Arduino,0.000,0.000,0.000,,
56.732619,2026-03-16 16:28:48.270,ARDUINO_PSI,Arduino,0.000,0.000,0.000,,
56.831843,2026-03-16 16:28:48.370,ARDUINO_PSI,Arduino,0.000,0.000,0.000,,
56.933106,2026-03-16 16:28:48.471,ARDUINO_PSI,Arduino,0.000,0.000,0.000,,
57.032988,2026-03-16 16:28:48.571,ARDUINO_PSI,Arduino,0.000,0.000,0.000,,
57.132578,2026-03-16 16:28:48.670,ARDUINO_PSI,Arduino,0.000,0.000,0.000,,
57.231777,2026-03-16 16:28:48.770,ARDUINO_PSI,Arduino,0.000,0.000,0.000,,
57.333001,2026-03-16 16:28:48.871,ARDUINO_PSI,Arduino,0.000,0.000,0.000,,
57.432577,2026-03-16 16:28:48.970,ARDUINO_PSI,Arduino,0.000,0.000,0.000,,
57.531791,2026-03-16 16:28:49.070,ARDUINO_PSI,Arduino,0.000,0.000,0.000,,
57.631919,2026-03-16 16:28:49.170,ARDUINO_PSI,Arduino,0.000,0.000,0.000,,
57.732842,2026-03-16 16:28:49.271,ARDUINO_PSI,Arduino,0.000,0.000,0.000,,
57.832723,2026-03-16 16:28:49.371,ARDUINO_PSI,Arduino,0.000,0.000,0.000,,
57.932797,2026-03-16 16:28:49.471,ARDUINO_PSI,Arduino,0.000,0.000,0.000,,
58.031797,2026-03-16 16:28:49.570,ARDUINO_PSI,Arduino,0.000,0.000,0.000,,
58.131726,2026-03-16 16:28:49.670,ARDUINO_PSI,Arduino,0.000,0.000,0.000,,
58.231731,2026-03-16 16:28:49.770,ARDUINO_PSI,Arduino,0.000,0.000,0.000,,
58.331977,2026-03-16 16:28:49.870,ARDUINO_PSI,Arduino,0.000,0.000,0.000,,
58.432640,2026-03-16 16:28:49.971,ARDUINO_PSI,Arduino,0.000,0.000,0.000,,
58.532566,2026-03-16 16:28:50.070,ARDUINO_PSI,Arduino,0.000,0.000,0.000,,
58.632052,2026-03-16 16:28:50.170,ARDUINO_PSI,Arduino,0.000,0.000,0.000,,
58.731600,2026-03-16 16:28:50.269,ARDUINO_PSI,Arduino,0.000,0.000,0.000,,
58.831891,2026-03-16 16:28:50.370,ARDUINO_PSI,Arduino,0.000,0.000,0.000,,
58.933086,2026-03-16 16:28:50.471,ARDUINO_PSI,Arduino,0.000,0.000,0.000,,
59.032513,2026-03-16 16:28:50.570,ARDUINO_PSI,Arduino,0.000,0.000,0.000,,
59.131276,2026-03-16 16:28:50.669,ARDUINO_PSI,Arduino,0.000,0.000,0.000,,
59.231329,2026-03-16 16:28:50.769,ARDUINO_PSI,Arduino,0.000,0.000,0.000,,
59.331576,2026-03-16 16:28:50.869,ARDUINO_PSI,Arduino,0.000,0.000,0.000,,
59.431849,2026-03-16 16:28:50.970,ARDUINO_PSI,Arduino,0.000,0.000,0.000,,
59.533027,2026-03-16 16:28:51.071,ARDUINO_PSI,Arduino,0.000,0.000,0.000,,
59.631400,2026-03-16 16:28:51.169,ARDUINO_PSI,Arduino,0.000,0.000,0.000,,
59.731823,2026-03-16 16:28:51.270,ARDUINO_PSI,Arduino,0.000,0.000,0.000,,
59.831502,2026-03-16 16:28:51.369,ARDUINO_PSI,Arduino,0.000,0.000,0.000,,
59.931204,2026-03-16 16:28:51.469,ARDUINO_PSI,Arduino,0.000,0.000,0.000,,
60.031832,2026-03-16 16:28:51.570,ARDUINO_PSI,Arduino,0.000,0.000,0.000,,
60.132274,2026-03-16 16:28:51.670,ARDUINO_PSI,Arduino,0.000,0.000,0.000,,
60.231767,2026-03-16 16:28:51.770,ARDUINO_PSI,Arduino,0.000,0.000,0.000,,
60.333046,2026-03-16 16:28:51.871,ARDUINO_PSI,Arduino,0.000,0.000,0.000,,
60.432011,2026-03-16 16:28:51.970,ARDUINO_PSI,Arduino,0.000,0.000,0.000,,
60.533128,2026-03-16 16:28:52.071,ARDUINO_PSI,Arduino,0.000,0.000,0.000,,
60.632505,2026-03-16 16:28:52.170,ARDUINO_PSI,Arduino,0.000,0.000,0.000,,
60.731816,2026-03-16 16:28:52.270,ARDUINO_PSI,Arduino,0.000,0.000,0.000,,
60.832051,2026-03-16 16:28:52.370,ARDUINO_PSI,Arduino,0.000,0.000,0.000,,
60.933067,2026-03-16 16:28:52.471,ARDUINO_PSI,Arduino,0.000,0.000,0.000,,
61.032343,2026-03-16 16:28:52.570,ARDUINO_PSI,Arduino,0.000,0.000,0.000,,
61.131132,2026-03-16 16:28:52.669,ARDUINO_PSI,Arduino,0.000,0.000,0.000,,
61.231184,2026-03-16 16:28:52.769,ARDUINO_PSI,Arduino,0.000,0.000,0.000,,
61.331826,2026-03-16 16:28:52.870,ARDUINO_PSI,Arduino,0.000,0.000,0.000,,
61.431259,2026-03-16 16:28:52.969,ARDUINO_PSI,Arduino,0.000,0.000,0.000,,
61.532861,2026-03-16 16:28:53.071,ARDUINO_PSI,Arduino,0.000,0.000,0.000,,
61.632445,2026-03-16 16:28:53.170,ARDUINO_PSI,Arduino,0.000,0.000,0.000,,
61.731695,2026-03-16 16:28:53.270,ARDUINO_PSI,Arduino,0.000,0.000,0.000,,
61.831312,2026-03-16 16:28:53.369,ARDUINO_PSI,Arduino,0.000,0.000,0.000,,
61.931828,2026-03-16 16:28:53.470,ARDUINO_PSI,Arduino,0.000,0.000,0.000,,
62.031990,2026-03-16 16:28:53.570,ARDUINO_PSI,Arduino,0.000,0.000,0.000,,
62.131877,2026-03-16 16:28:53.670,ARDUINO_PSI,Arduino,0.000,0.000,0.000,,
62.231836,2026-03-16 16:28:53.770,ARDUINO_PSI,Arduino,0.000,0.000,0.000,,
62.332044,2026-03-16 16:28:53.870,ARDUINO_PSI,Arduino,0.000,0.000,0.000,,
62.432601,2026-03-16 16:28:53.970,ARDUINO_PSI,Arduino,0.000,0.000,0.000,,
62.532293,2026-03-16 16:28:54.070,ARDUINO_PSI,Arduino,0.000,0.000,0.000,,
62.632002,2026-03-16 16:28:54.170,ARDUINO_PSI,Arduino,0.000,0.000,0.000,,
62.732176,2026-03-16 16:28:54.270,ARDUINO_PSI,Arduino,0.000,0.000,0.000,,
62.831835,2026-03-16 16:28:54.370,ARDUINO_PSI,Arduino,0.000,0.000,0.000,,
62.933639,2026-03-16 16:28:54.472,ARDUINO_PSI,Arduino,0.000,0.000,0.000,,
63.031185,2026-03-16 16:28:54.569,ARDUINO_PSI,Arduino,0.000,0.000,0.000,,
63.131873,2026-03-16 16:28:54.670,ARDUINO_PSI,Arduino,0.000,0.000,0.000,,
63.231925,2026-03-16 16:28:54.770,ARDUINO_PSI,Arduino,0.000,0.000,0.000,,
63.331822,2026-03-16 16:28:54.870,ARDUINO_PSI,Arduino,0.000,0.000,0.000,,
63.431834,2026-03-16 16:28:54.970,ARDUINO_PSI,Arduino,0.000,0.000,0.000,,
63.532830,2026-03-16 16:28:55.071,ARDUINO_PSI,Arduino,0.000,0.000,0.000,,
63.632601,2026-03-16 16:28:55.170,ARDUINO_PSI,Arduino,0.000,0.000,0.000,,
63.732966,2026-03-16 16:28:55.271,ARDUINO_PSI,Arduino,0.000,0.000,0.000,,
63.831138,2026-03-16 16:28:55.369,ARDUINO_PSI,Arduino,0.000,0.000,0.000,,
63.932378,2026-03-16 16:28:55.470,ARDUINO_PSI,Arduino,0.000,0.000,0.000,,
64.032119,2026-03-16 16:28:55.570,ARDUINO_PSI,Arduino,0.000,0.000,0.000,,
64.131999,2026-03-16 16:28:55.670,ARDUINO_PSI,Arduino,0.000,0.000,0.000,,
64.233100,2026-03-16 16:28:55.771,ARDUINO_PSI,Arduino,0.000,0.000,0.000,,
64.331812,2026-03-16 16:28:55.870,ARDUINO_PSI,Arduino,0.000,0.000,0.000,,
64.433236,2026-03-16 16:28:55.971,ARDUINO_PSI,Arduino,0.000,0.000,0.000,,
64.532931,2026-03-16 16:28:56.071,ARDUINO_PSI,Arduino,0.000,0.000,0.000,,
64.631861,2026-03-16 16:28:56.170,ARDUINO_PSI,Arduino,0.000,0.000,0.000,,
64.731331,2026-03-16 16:28:56.269,ARDUINO_PSI,Arduino,0.000,0.000,0.000,,
64.831858,2026-03-16 16:28:56.370,ARDUINO_PSI,Arduino,0.000,0.000,0.000,,
64.931871,2026-03-16 16:28:56.470,ARDUINO_PSI,Arduino,0.000,0.000,0.000,,
65.031630,2026-03-16 16:28:56.570,ARDUINO_PSI,Arduino,0.000,0.000,0.000,,
65.132112,2026-03-16 16:28:56.670,ARDUINO_PSI,Arduino,0.000,0.000,0.000,,
65.232163,2026-03-16 16:28:56.770,ARDUINO_PSI,Arduino,0.000,0.000,0.000,,
65.332600,2026-03-16 16:28:56.870,ARDUINO_PSI,Arduino,0.000,0.000,0.000,,
65.431203,2026-03-16 16:28:56.969,ARDUINO_PSI,Arduino,0.000,0.000,0.000,,
65.531366,2026-03-16 16:28:57.069,ARDUINO_PSI,Arduino,0.000,0.000,0.000,,
65.631916,2026-03-16 16:28:57.170,ARDUINO_PSI,Arduino,0.000,0.000,0.000,,
65.731291,2026-03-16 16:28:57.269,ARDUINO_PSI,Arduino,0.000,0.000,0.000,,
65.831510,2026-03-16 16:28:57.369,ARDUINO_PSI,Arduino,0.000,0.000,0.000,,
65.931703,2026-03-16 16:28:57.470,ARDUINO_PSI,Arduino,0.000,0.000,0.000,,
66.031789,2026-03-16 16:28:57.570,ARDUINO_PSI,Arduino,0.000,0.000,0.000,,
66.131625,2026-03-16 16:28:57.669,ARDUINO_PSI,Arduino,0.000,0.000,0.000,,
66.232610,2026-03-16 16:28:57.770,ARDUINO_PSI,Arduino,0.000,0.000,0.000,,
66.332552,2026-03-16 16:28:57.870,ARDUINO_PSI,Arduino,0.000,0.000,0.000,,
66.431800,2026-03-16 16:28:57.970,ARDUINO_PSI,Arduino,0.000,0.000,0.000,,
66.531805,2026-03-16 16:28:58.070,ARDUINO_PSI,Arduino,0.000,0.000,0.000,,
66.632428,2026-03-16 16:28:58.170,ARDUINO_PSI,Arduino,0.000,0.000,0.000,,
66.731554,2026-03-16 16:28:58.269,ARDUINO_PSI,Arduino,0.000,0.000,0.000,,
66.832896,2026-03-16 16:28:58.371,ARDUINO_PSI,Arduino,0.000,0.000,0.000,,
66.933543,2026-03-16 16:28:58.471,ARDUINO_PSI,Arduino,0.000,0.000,0.000,,
67.031695,2026-03-16 16:28:58.570,ARDUINO_PSI,Arduino,0.000,0.000,0.000,,
67.131673,2026-03-16 16:28:58.670,ARDUINO_PSI,Arduino,0.000,0.000,0.000,,
67.231867,2026-03-16 16:28:58.770,ARDUINO_PSI,Arduino,0.000,0.000,0.000,,
67.331573,2026-03-16 16:28:58.869,ARDUINO_PSI,Arduino,0.000,0.000,0.000,,
67.431233,2026-03-16 16:28:58.969,ARDUINO_PSI,Arduino,0.000,0.000,0.000,,
67.531942,2026-03-16 16:28:59.070,ARDUINO_PSI,Arduino,0.000,0.000,0.000,,
67.631782,2026-03-16 16:28:59.170,ARDUINO_PSI,Arduino,0.000,0.000,0.000,,
67.731831,2026-03-16 16:28:59.270,ARDUINO_PSI,Arduino,0.000,0.000,0.000,,
67.831698,2026-03-16 16:28:59.370,ARDUINO_PSI,Arduino,0.000,0.000,0.000,,
67.931742,2026-03-16 16:28:59.470,ARDUINO_PSI,Arduino,0.000,0.000,0.000,,
68.031825,2026-03-16 16:28:59.570,ARDUINO_PSI,Arduino,0.000,0.000,0.000,,
68.132032,2026-03-16 16:28:59.670,ARDUINO_PSI,Arduino,0.000,0.000,0.000,,
68.232552,2026-03-16 16:28:59.770,ARDUINO_PSI,Arduino,0.000,0.000,0.000,,
68.331797,2026-03-16 16:28:59.870,ARDUINO_PSI,Arduino,0.000,0.000,0.000,,
68.431674,2026-03-16 16:28:59.970,ARDUINO_PSI,Arduino,0.000,0.000,0.000,,
68.531543,2026-03-16 16:29:00.069,ARDUINO_PSI,Arduino,0.000,0.000,0.000,,
68.632978,2026-03-16 16:29:00.171,ARDUINO_PSI,Arduino,0.000,0.000,0.000,,
68.731872,2026-03-16 16:29:00.270,ARDUINO_PSI,Arduino,0.000,0.000,0.000,,
68.831731,2026-03-16 16:29:00.370,ARDUINO_PSI,Arduino,0.000,0.000,0.000,,
68.931839,2026-03-16 16:29:00.470,ARDUINO_PSI,Arduino,0.000,0.000,0.000,,
69.031227,2026-03-16 16:29:00.569,ARDUINO_PSI,Arduino,0.000,0.000,0.000,,
69.131931,2026-03-16 16:29:00.670,ARDUINO_PSI,Arduino,0.000,0.000,0.000,,
69.231837,2026-03-16 16:29:00.770,ARDUINO_PSI,Arduino,0.000,0.000,0.000,,
69.331656,2026-03-16 16:29:00.870,ARDUINO_PSI,Arduino,0.000,0.000,0.000,,
69.431297,2026-03-16 16:29:00.969,ARDUINO_PSI,Arduino,0.000,0.000,0.000,,
69.532066,2026-03-16 16:29:01.070,ARDUINO_PSI,Arduino,0.000,0.000,0.000,,
69.633821,2026-03-16 16:29:01.172,ARDUINO_PSI,Arduino,0.000,0.000,0.000,,
69.731864,2026-03-16 16:29:01.270,ARDUINO_PSI,Arduino,0.000,0.000,0.000,,
69.831326,2026-03-16 16:29:01.369,ARDUINO_PSI,Arduino,0.000,0.000,0.000,,
69.931243,2026-03-16 16:29:01.469,ARDUINO_PSI,Arduino,0.000,0.000,0.000,,
70.031130,2026-03-16 16:29:01.569,ARDUINO_PSI,Arduino,0.000,0.000,0.000,,
70.131606,2026-03-16 16:29:01.669,ARDUINO_PSI,Arduino,0.000,0.000,0.000,,
70.231478,2026-03-16 16:29:01.769,ARDUINO_PSI,Arduino,0.000,0.000,0.000,,
70.331590,2026-03-16 16:29:01.869,ARDUINO_PSI,Arduino,0.000,0.000,0.000,,
70.431185,2026-03-16 16:29:01.969,ARDUINO_PSI,Arduino,0.000,0.000,0.000,,
70.531206,2026-03-16 16:29:02.069,ARDUINO_PSI,Arduino,0.000,0.000,0.000,,
70.631529,2026-03-16 16:29:02.169,ARDUINO_PSI,Arduino,0.000,0.000,0.000,,
70.731167,2026-03-16 16:29:02.269,ARDUINO_PSI,Arduino,0.000,0.000,0.000,,
70.831354,2026-03-16 16:29:02.369,ARDUINO_PSI,Arduino,0.000,0.000,0.000,,
70.931388,2026-03-16 16:29:02.469,ARDUINO_PSI,Arduino,0.000,0.000,0.000,,
71.031582,2026-03-16 16:29:02.569,ARDUINO_PSI,Arduino,0.000,0.000,0.000,,
71.131829,2026-03-16 16:29:02.670,ARDUINO_PSI,Arduino,0.000,0.000,0.000,,
71.231504,2026-03-16 16:29:02.769,ARDUINO_PSI,Arduino,0.000,0.000,0.000,,
71.331555,2026-03-16 16:29:02.869,ARDUINO_PSI,Arduino,0.000,0.000,0.000,,
71.431559,2026-03-16 16:29:02.969,ARDUINO_PSI,Arduino,0.000,0.000,0.000,,
71.531419,2026-03-16 16:29:03.069,ARDUINO_PSI,Arduino,0.000,0.000,0.000,,
71.631168,2026-03-16 16:29:03.169,ARDUINO_PSI,Arduino,0.000,0.000,0.000,,
71.731655,2026-03-16 16:29:03.270,ARDUINO_PSI,Arduino,0.000,0.000,0.000,,
71.832737,2026-03-16 16:29:03.371,ARDUINO_PSI,Arduino,0.000,0.000,0.000,,
71.931440,2026-03-16 16:29:03.469,ARDUINO_PSI,Arduino,0.000,0.000,0.000,,
72.031504,2026-03-16 16:29:03.569,ARDUINO_PSI,Arduino,0.000,0.000,0.000,,
72.131157,2026-03-16 16:29:03.669,ARDUINO_PSI,Arduino,0.000,0.000,0.000,,
72.231563,2026-03-16 16:29:03.769,ARDUINO_PSI,Arduino,0.000,0.000,0.000,,
72.331587,2026-03-16 16:29:03.869,ARDUINO_PSI,Arduino,0.000,0.000,0.000,,
72.431557,2026-03-16 16:29:03.969,ARDUINO_PSI,Arduino,0.000,0.000,0.000,,
72.531372,2026-03-16 16:29:04.069,ARDUINO_PSI,Arduino,0.000,0.000,0.000,,
72.631757,2026-03-16 16:29:04.170,ARDUINO_PSI,Arduino,0.000,0.000,0.000,,
72.731343,2026-03-16 16:29:04.269,ARDUINO_PSI,Arduino,0.000,0.000,0.000,,
72.831671,2026-03-16 16:29:04.370,ARDUINO_PSI,Arduino,0.000,0.000,0.000,,
72.933695,2026-03-16 16:29:04.472,ARDUINO_PSI,Arduino,0.000,0.000,0.000,,
73.031145,2026-03-16 16:29:04.569,ARDUINO_PSI,Arduino,0.000,0.000,0.000,,
73.131472,2026-03-16 16:29:04.669,ARDUINO_PSI,Arduino,0.000,0.000,0.000,,
73.231425,2026-03-16 16:29:04.769,ARDUINO_PSI,Arduino,0.000,0.000,0.000,,
73.331273,2026-03-16 16:29:04.869,ARDUINO_PSI,Arduino,0.000,0.000,0.000,,
73.431677,2026-03-16 16:29:04.970,ARDUINO_PSI,Arduino,0.000,0.000,0.000,,
73.531564,2026-03-16 16:29:05.069,ARDUINO_PSI,Arduino,0.000,0.000,0.000,,
73.631522,2026-03-16 16:29:05.169,ARDUINO_PSI,Arduino,0.000,0.000,0.000,,
73.732746,2026-03-16 16:29:05.271,ARDUINO_PSI,Arduino,0.000,0.000,0.000,,
73.831199,2026-03-16 16:29:05.369,ARDUINO_PSI,Arduino,0.000,0.000,0.000,,
73.931671,2026-03-16 16:29:05.470,ARDUINO_PSI,Arduino,0.000,0.000,0.000,,
74.031288,2026-03-16 16:29:05.569,ARDUINO_PSI,Arduino,0.000,0.000,0.000,,
74.131623,2026-03-16 16:29:05.669,ARDUINO_PSI,Arduino,0.000,0.000,0.000,,
74.231317,2026-03-16 16:29:05.769,ARDUINO_PSI,Arduino,0.000,0.000,0.000,,
74.331159,2026-03-16 16:29:05.869,ARDUINO_PSI,Arduino,0.000,0.000,0.000,,
74.431134,2026-03-16 16:29:05.969,ARDUINO_PSI,Arduino,0.000,0.000,0.000,,
74.531706,2026-03-16 16:29:06.070,ARDUINO_PSI,Arduino,0.000,0.000,0.000,,
74.631469,2026-03-16 16:29:06.169,ARDUINO_PSI,Arduino,0.000,0.000,0.000,,
74.731597,2026-03-16 16:29:06.269,ARDUINO_PSI,Arduino,0.000,0.000,0.000,,
74.831794,2026-03-16 16:29:06.370,ARDUINO_PSI,Arduino,0.000,0.000,0.000,,
74.931309,2026-03-16 16:29:06.469,ARDUINO_PSI,Arduino,0.000,0.000,0.000,,
75.031646,2026-03-16 16:29:06.570,ARDUINO_PSI,Arduino,0.000,0.000,0.000,,
75.131261,2026-03-16 16:29:06.669,ARDUINO_PSI,Arduino,0.000,0.000,0.000,,
75.231490,2026-03-16 16:29:06.769,ARDUINO_PSI,Arduino,0.000,0.000,0.000,,
75.331581,2026-03-16 16:29:06.869,ARDUINO_PSI,Arduino,0.000,0.000,0.000,,
75.431360,2026-03-16 16:29:06.969,ARDUINO_PSI,Arduino,0.000,0.000,0.000,,
75.531488,2026-03-16 16:29:07.069,ARDUINO_PSI,Arduino,0.000,0.000,0.000,,
75.631975,2026-03-16 16:29:07.170,ARDUINO_PSI,Arduino,0.000,0.000,0.000,,
75.731263,2026-03-16 16:29:07.269,ARDUINO_PSI,Arduino,0.000,0.000,0.000,,
75.831759,2026-03-16 16:29:07.370,ARDUINO_PSI,Arduino,0.000,0.000,0.000,,
75.931323,2026-03-16 16:29:07.469,ARDUINO_PSI,Arduino,0.000,0.000,0.000,,
76.031367,2026-03-16 16:29:07.569,ARDUINO_PSI,Arduino,0.000,0.000,0.000,,
76.132226,2026-03-16 16:29:07.670,ARDUINO_PSI,Arduino,0.000,0.000,0.000,,
76.231893,2026-03-16 16:29:07.770,ARDUINO_PSI,Arduino,0.000,0.000,0.000,,
76.331749,2026-03-16 16:29:07.870,ARDUINO_PSI,Arduino,0.000,0.000,0.000,,
76.431773,2026-03-16 16:29:07.970,ARDUINO_PSI,Arduino,0.000,0.000,0.000,,
76.531178,2026-03-16 16:29:08.069,ARDUINO_PSI,Arduino,0.000,0.000,0.000,,
76.631257,2026-03-16 16:29:08.169,ARDUINO_PSI,Arduino,0.000,0.000,0.000,,
76.731322,2026-03-16 16:29:08.269,ARDUINO_PSI,Arduino,0.000,0.000,0.000,,
76.831828,2026-03-16 16:29:08.370,ARDUINO_PSI,Arduino,0.000,0.000,0.000,,
76.931124,2026-03-16 16:29:08.469,ARDUINO_PSI,Arduino,0.000,0.000,0.000,,
77.031202,2026-03-16 16:29:08.569,ARDUINO_PSI,Arduino,0.000,0.000,0.000,,
77.131230,2026-03-16 16:29:08.669,ARDUINO_PSI,Arduino,0.000,0.000,0.000,,
77.231996,2026-03-16 16:29:08.770,ARDUINO_PSI,Arduino,0.000,0.000,0.000,,
77.331703,2026-03-16 16:29:08.870,ARDUINO_PSI,Arduino,0.000,0.000,0.000,,
77.431823,2026-03-16 16:29:08.970,ARDUINO_PSI,Arduino,0.000,0.000,0.000,,
77.531427,2026-03-16 16:29:09.069,ARDUINO_PSI,Arduino,0.000,0.000,0.000,,
77.631840,2026-03-16 16:29:09.170,ARDUINO_PSI,Arduino,0.000,0.000,0.000,,
77.731623,2026-03-16 16:29:09.269,ARDUINO_PSI,Arduino,0.000,0.000,0.000,,
77.831130,2026-03-16 16:29:09.369,ARDUINO_PSI,Arduino,0.000,0.000,0.000,,
77.931578,2026-03-16 16:29:09.469,ARDUINO_PSI,Arduino,0.000,0.000,0.000,,
78.031666,2026-03-16 16:29:09.570,ARDUINO_PSI,Arduino,0.000,0.000,0.000,,
78.132084,2026-03-16 16:29:09.670,ARDUINO_PSI,Arduino,0.000,0.000,0.000,,
78.231944,2026-03-16 16:29:09.770,ARDUINO_PSI,Arduino,0.000,0.000,0.000,,
78.331621,2026-03-16 16:29:09.869,ARDUINO_PSI,Arduino,0.000,0.000,0.000,,
78.431244,2026-03-16 16:29:09.969,ARDUINO_PSI,Arduino,0.000,0.000,0.000,,
78.531839,2026-03-16 16:29:10.070,ARDUINO_PSI,Arduino,0.000,0.000,0.000,,
78.631568,2026-03-16 16:29:10.169,ARDUINO_PSI,Arduino,0.000,0.000,0.000,,
78.731820,2026-03-16 16:29:10.270,ARDUINO_PSI,Arduino,0.000,0.000,0.000,,
78.831163,2026-03-16 16:29:10.369,ARDUINO_PSI,Arduino,0.000,0.000,0.000,,
78.932027,2026-03-16 16:29:10.470,ARDUINO_PSI,Arduino,0.000,0.000,0.000,,
79.031253,2026-03-16 16:29:10.569,ARDUINO_PSI,Arduino,0.000,0.000,0.000,,
79.131332,2026-03-16 16:29:10.669,ARDUINO_PSI,Arduino,0.000,0.000,0.000,,
79.231524,2026-03-16 16:29:10.769,ARDUINO_PSI,Arduino,0.000,0.000,0.000,,
79.331181,2026-03-16 16:29:10.869,ARDUINO_PSI,Arduino,0.000,0.000,0.000,,
79.431316,2026-03-16 16:29:10.969,ARDUINO_PSI,Arduino,0.000,0.000,0.000,,
79.531186,2026-03-16 16:29:11.069,ARDUINO_PSI,Arduino,0.000,0.000,0.000,,
79.633060,2026-03-16 16:29:11.171,ARDUINO_PSI,Arduino,0.000,0.000,0.000,,
79.731790,2026-03-16 16:29:11.270,ARDUINO_PSI,Arduino,0.000,0.000,0.000,,
79.831772,2026-03-16 16:29:11.370,ARDUINO_PSI,Arduino,0.000,0.000,0.000,,
79.931722,2026-03-16 16:29:11.470,ARDUINO_PSI,Arduino,0.000,0.000,0.000,,
80.031447,2026-03-16 16:29:11.569,ARDUINO_PSI,Arduino,0.000,0.000,0.000,,
80.132378,2026-03-16 16:29:11.670,ARDUINO_PSI,Arduino,0.000,0.000,0.000,,
80.231777,2026-03-16 16:29:11.770,ARDUINO_PSI,Arduino,0.000,0.000,0.000,,
80.331922,2026-03-16 16:29:11.870,ARDUINO_PSI,Arduino,0.000,0.000,0.000,,
80.431888,2026-03-16 16:29:11.970,ARDUINO_PSI,Arduino,0.000,0.000,0.000,,
80.531715,2026-03-16 16:29:12.070,ARDUINO_PSI,Arduino,0.000,0.000,0.000,,
80.631364,2026-03-16 16:29:12.169,ARDUINO_PSI,Arduino,0.000,0.000,0.000,,
80.731259,2026-03-16 16:29:12.269,ARDUINO_PSI,Arduino,0.000,0.000,0.000,,
80.831511,2026-03-16 16:29:12.369,ARDUINO_PSI,Arduino,0.000,0.000,0.000,,
80.931278,2026-03-16 16:29:12.469,ARDUINO_PSI,Arduino,0.000,0.000,0.000,,
81.031420,2026-03-16 16:29:12.569,ARDUINO_PSI,Arduino,0.000,0.000,0.000,,
81.131781,2026-03-16 16:29:12.670,ARDUINO_PSI,Arduino,0.000,0.000,0.000,,
81.231957,2026-03-16 16:29:12.770,ARDUINO_PSI,Arduino,0.000,0.000,0.000,,
81.331902,2026-03-16 16:29:12.870,ARDUINO_PSI,Arduino,0.000,0.000,0.000,,
81.431617,2026-03-16 16:29:12.969,ARDUINO_PSI,Arduino,0.000,0.000,0.000,,
81.531853,2026-03-16 16:29:13.070,ARDUINO_PSI,Arduino,0.000,0.000,0.000,,
81.632057,2026-03-16 16:29:13.170,ARDUINO_PSI,Arduino,0.000,0.000,0.000,,
81.731384,2026-03-16 16:29:13.269,ARDUINO_PSI,Arduino,0.000,0.000,0.000,,
81.832097,2026-03-16 16:29:13.370,ARDUINO_PSI,Arduino,0.000,0.000,0.000,,
81.931890,2026-03-16 16:29:13.470,ARDUINO_PSI,Arduino,0.000,0.000,0.000,,
82.031921,2026-03-16 16:29:13.570,ARDUINO_PSI,Arduino,0.000,0.000,0.000,,
82.132010,2026-03-16 16:29:13.670,ARDUINO_PSI,Arduino,0.000,0.000,0.000,,
82.231723,2026-03-16 16:29:13.770,ARDUINO_PSI,Arduino,0.000,0.000,0.000,,
82.331908,2026-03-16 16:29:13.870,ARDUINO_PSI,Arduino,0.000,0.000,0.000,,
82.431960,2026-03-16 16:29:13.970,ARDUINO_PSI,Arduino,0.000,0.000,0.000,,
82.531755,2026-03-16 16:29:14.070,ARDUINO_PSI,Arduino,0.000,0.000,0.000,,
82.631879,2026-03-16 16:29:14.170,ARDUINO_PSI,Arduino,0.000,0.000,0.000,,
82.731879,2026-03-16 16:29:14.270,ARDUINO_PSI,Arduino,0.000,0.000,0.000,,
82.831742,2026-03-16 16:29:14.370,ARDUINO_PSI,Arduino,0.000,0.000,0.000,,
82.931879,2026-03-16 16:29:14.470,ARDUINO_PSI,Arduino,0.000,0.000,0.000,,
83.031727,2026-03-16 16:29:14.570,ARDUINO_PSI,Arduino,0.000,0.000,0.000,,
83.131859,2026-03-16 16:29:14.670,ARDUINO_PSI,Arduino,0.000,0.000,0.000,,
83.231912,2026-03-16 16:29:14.770,ARDUINO_PSI,Arduino,0.000,0.000,0.000,,
83.331843,2026-03-16 16:29:14.870,ARDUINO_PSI,Arduino,0.000,0.000,0.000,,
83.431766,2026-03-16 16:29:14.970,ARDUINO_PSI,Arduino,0.000,0.000,0.000,,
83.531799,2026-03-16 16:29:15.070,ARDUINO_PSI,Arduino,0.000,0.000,0.000,,
83.632161,2026-03-16 16:29:15.170,ARDUINO_PSI,Arduino,0.000,0.000,0.000,,
83.732211,2026-03-16 16:29:15.270,ARDUINO_PSI,Arduino,0.000,0.000,0.000,,
83.831975,2026-03-16 16:29:15.370,ARDUINO_PSI,Arduino,0.000,0.000,0.000,,
83.932509,2026-03-16 16:29:15.470,ARDUINO_PSI,Arduino,0.000,0.000,0.000,,
84.031242,2026-03-16 16:29:15.569,ARDUINO_PSI,Arduino,0.000,0.000,0.000,,
84.132304,2026-03-16 16:29:15.670,ARDUINO_PSI,Arduino,0.000,0.000,0.000,,
84.231828,2026-03-16 16:29:15.770,ARDUINO_PSI,Arduino,0.000,0.000,0.000,,
84.331978,2026-03-16 16:29:15.870,ARDUINO_PSI,Arduino,0.000,0.000,0.000,,
84.431745,2026-03-16 16:29:15.970,ARDUINO_PSI,Arduino,0.000,0.000,0.000,,
84.531893,2026-03-16 16:29:16.070,ARDUINO_PSI,Arduino,0.000,0.000,0.000,,
84.631658,2026-03-16 16:29:16.170,ARDUINO_PSI,Arduino,0.000,0.000,0.000,,
84.731493,2026-03-16 16:29:16.269,ARDUINO_PSI,Arduino,0.000,0.000,0.000,,
84.831306,2026-03-16 16:29:16.369,ARDUINO_PSI,Arduino,0.000,0.000,0.000,,
84.931942,2026-03-16 16:29:16.470,ARDUINO_PSI,Arduino,0.000,0.000,0.000,,
85.031257,2026-03-16 16:29:16.569,ARDUINO_PSI,Arduino,0.000,0.000,0.000,,
85.131882,2026-03-16 16:29:16.670,ARDUINO_PSI,Arduino,0.000,0.000,0.000,,
85.231853,2026-03-16 16:29:16.770,ARDUINO_PSI,Arduino,0.000,0.000,0.000,,
85.331646,2026-03-16 16:29:16.870,ARDUINO_PSI,Arduino,0.000,0.000,0.000,,
85.431561,2026-03-16 16:29:16.969,ARDUINO_PSI,Arduino,0.000,0.000,0.000,,
85.531596,2026-03-16 16:29:17.069,ARDUINO_PSI,Arduino,0.000,0.000,0.000,,
85.631350,2026-03-16 16:29:17.169,ARDUINO_PSI,Arduino,0.000,0.000,0.000,,
85.733775,2026-03-16 16:29:17.272,ARDUINO_PSI,Arduino,0.000,0.000,0.000,,
85.831755,2026-03-16 16:29:17.370,ARDUINO_PSI,Arduino,0.000,0.000,0.000,,
85.931556,2026-03-16 16:29:17.469,ARDUINO_PSI,Arduino,0.000,0.000,0.000,,
86.032261,2026-03-16 16:29:17.570,ARDUINO_PSI,Arduino,0.000,0.000,0.000,,
86.131405,2026-03-16 16:29:17.669,ARDUINO_PSI,Arduino,0.000,0.000,0.000,,
86.231289,2026-03-16 16:29:17.769,ARDUINO_PSI,Arduino,0.000,0.000,0.000,,
86.331342,2026-03-16 16:29:17.869,ARDUINO_PSI,Arduino,0.000,0.000,0.000,,
86.431293,2026-03-16 16:29:17.969,ARDUINO_PSI,Arduino,0.000,0.000,0.000,,
86.531374,2026-03-16 16:29:18.069,ARDUINO_PSI,Arduino,0.000,0.000,0.000,,
86.631195,2026-03-16 16:29:18.169,ARDUINO_PSI,Arduino,0.000,0.000,0.000,,
86.731736,2026-03-16 16:29:18.270,ARDUINO_PSI,Arduino,0.000,0.000,0.000,,
86.831241,2026-03-16 16:29:18.369,ARDUINO_PSI,Arduino,0.000,0.000,0.000,,
86.931267,2026-03-16 16:29:18.469,ARDUINO_PSI,Arduino,0.000,0.000,0.000,,
87.031564,2026-03-16 16:29:18.569,ARDUINO_PSI,Arduino,0.000,0.000,0.000,,
87.132406,2026-03-16 16:29:18.670,ARDUINO_PSI,Arduino,0.000,0.000,0.000,,
87.231624,2026-03-16 16:29:18.769,ARDUINO_PSI,Arduino,0.000,0.000,0.000,,
87.331998,2026-03-16 16:29:18.870,ARDUINO_PSI,Arduino,0.000,0.000,0.000,,
87.432074,2026-03-16 16:29:18.970,ARDUINO_PSI,Arduino,0.000,0.000,0.000,,
87.533091,2026-03-16 16:29:19.071,ARDUINO_PSI,Arduino,0.000,0.000,0.000,,
87.631781,2026-03-16 16:29:19.170,ARDUINO_PSI,Arduino,0.000,0.000,0.000,,
87.731495,2026-03-16 16:29:19.269,ARDUINO_PSI,Arduino,0.000,0.000,0.000,,
87.831280,2026-03-16 16:29:19.369,ARDUINO_PSI,Arduino,0.000,0.000,0.000,,
87.931399,2026-03-16 16:29:19.469,ARDUINO_PSI,Arduino,0.000,0.000,0.000,,
88.032060,2026-03-16 16:29:19.570,ARDUINO_PSI,Arduino,0.000,0.000,0.000,,
88.132684,2026-03-16 16:29:19.671,ARDUINO_PSI,Arduino,0.000,0.000,0.000,,
88.231849,2026-03-16 16:29:19.770,ARDUINO_PSI,Arduino,0.000,0.000,0.000,,
88.333195,2026-03-16 16:29:19.871,ARDUINO_PSI,Arduino,0.000,0.000,0.000,,
88.431795,2026-03-16 16:29:19.970,ARDUINO_PSI,Arduino,0.000,0.000,0.000,,
88.531712,2026-03-16 16:29:20.070,ARDUINO_PSI,Arduino,0.000,0.000,0.000,,
88.631384,2026-03-16 16:29:20.169,ARDUINO_PSI,Arduino,0.000,0.000,0.000,,
88.731266,2026-03-16 16:29:20.269,ARDUINO_PSI,Arduino,0.000,0.000,0.000,,
88.832103,2026-03-16 16:29:20.370,ARDUINO_PSI,Arduino,0.000,0.000,0.000,,
88.933055,2026-03-16 16:29:20.471,ARDUINO_PSI,Arduino,0.000,0.000,0.000,,
89.031558,2026-03-16 16:29:20.569,ARDUINO_PSI,Arduino,0.000,0.000,0.000,,
89.131348,2026-03-16 16:29:20.669,ARDUINO_PSI,Arduino,0.000,0.000,0.000,,
89.231273,2026-03-16 16:29:20.769,ARDUINO_PSI,Arduino,0.000,0.000,0.000,,
89.331203,2026-03-16 16:29:20.869,ARDUINO_PSI,Arduino,0.000,0.000,0.000,,
89.432483,2026-03-16 16:29:20.970,ARDUINO_PSI,Arduino,0.000,0.000,0.000,,
89.531341,2026-03-16 16:29:21.069,ARDUINO_PSI,Arduino,0.000,0.000,0.000,,
89.631254,2026-03-16 16:29:21.169,ARDUINO_PSI,Arduino,0.000,0.000,0.000,,
89.731345,2026-03-16 16:29:21.269,ARDUINO_PSI,Arduino,0.000,0.000,0.000,,
89.831568,2026-03-16 16:29:21.369,ARDUINO_PSI,Arduino,0.000,0.000,0.000,,
89.931220,2026-03-16 16:29:21.469,ARDUINO_PSI,Arduino,0.000,0.000,0.000,,
90.031173,2026-03-16 16:29:21.569,ARDUINO_PSI,Arduino,0.000,0.000,0.000,,
90.131449,2026-03-16 16:29:21.669,ARDUINO_PSI,Arduino,0.000,0.000,0.000,,
90.231586,2026-03-16 16:29:21.769,ARDUINO_PSI,Arduino,0.000,0.000,0.000,,
90.331707,2026-03-16 16:29:21.870,ARDUINO_PSI,Arduino,0.000,0.000,0.000,,
90.431904,2026-03-16 16:29:21.970,ARDUINO_PSI,Arduino,0.000,0.000,0.000,,
90.531849,2026-03-16 16:29:22.070,ARDUINO_PSI,Arduino,0.000,0.000,0.000,,
90.631944,2026-03-16 16:29:22.170,ARDUINO_PSI,Arduino,0.000,0.000,0.000,,
90.732042,2026-03-16 16:29:22.270,ARDUINO_PSI,Arduino,0.000,0.000,0.000,,
90.831843,2026-03-16 16:29:22.370,ARDUINO_PSI,Arduino,0.000,0.000,0.000,,
90.931856,2026-03-16 16:29:22.470,ARDUINO_PSI,Arduino,0.000,0.000,0.000,,
91.031728,2026-03-16 16:29:22.570,ARDUINO_PSI,Arduino,0.000,0.000,0.000,,
91.131396,2026-03-16 16:29:22.669,ARDUINO_PSI,Arduino,0.000,0.000,0.000,,
91.231528,2026-03-16 16:29:22.769,ARDUINO_PSI,Arduino,0.000,0.000,0.000,,
91.331297,2026-03-16 16:29:22.869,ARDUINO_PSI,Arduino,0.000,0.000,0.000,,
91.431227,2026-03-16 16:29:22.969,ARDUINO_PSI,Arduino,0.000,0.000,0.000,,
91.531251,2026-03-16 16:29:23.069,ARDUINO_PSI,Arduino,0.000,0.000,0.000,,
91.631913,2026-03-16 16:29:23.170,ARDUINO_PSI,Arduino,0.000,0.000,0.000,,
91.732055,2026-03-16 16:29:23.270,ARDUINO_PSI,Arduino,0.000,0.000,0.000,,
91.831948,2026-03-16 16:29:23.370,ARDUINO_PSI,Arduino,0.000,0.000,0.000,,
91.931815,2026-03-16 16:29:23.470,ARDUINO_PSI,Arduino,0.000,0.000,0.000,,
92.031965,2026-03-16 16:29:23.570,ARDUINO_PSI,Arduino,0.000,0.000,0.000,,
92.131909,2026-03-16 16:29:23.670,ARDUINO_PSI,Arduino,0.000,0.000,0.000,,
92.232031,2026-03-16 16:29:23.770,ARDUINO_PSI,Arduino,0.000,0.000,0.000,,
92.331886,2026-03-16 16:29:23.870,ARDUINO_PSI,Arduino,0.000,0.000,0.000,,
92.432050,2026-03-16 16:29:23.970,ARDUINO_PSI,Arduino,0.000,0.000,0.000,,
92.531856,2026-03-16 16:29:24.070,ARDUINO_PSI,Arduino,0.000,0.000,0.000,,
92.631827,2026-03-16 16:29:24.170,ARDUINO_PSI,Arduino,0.000,0.000,0.000,,
92.731696,2026-03-16 16:29:24.270,ARDUINO_PSI,Arduino,0.000,0.000,0.000,,
92.832268,2026-03-16 16:29:24.370,ARDUINO_PSI,Arduino,0.000,0.000,0.000,,
92.931672,2026-03-16 16:29:24.470,ARDUINO_PSI,Arduino,0.000,0.000,0.000,,
93.031648,2026-03-16 16:29:24.570,ARDUINO_PSI,Arduino,0.000,0.000,0.000,,
93.131232,2026-03-16 16:29:24.669,ARDUINO_PSI,Arduino,0.000,0.000,0.000,,
93.231629,2026-03-16 16:29:24.769,ARDUINO_PSI,Arduino,0.000,0.000,0.000,,
93.331204,2026-03-16 16:29:24.869,ARDUINO_PSI,Arduino,0.000,0.000,0.000,,
93.431334,2026-03-16 16:29:24.969,ARDUINO_PSI,Arduino,0.000,0.000,0.000,,
93.531631,2026-03-16 16:29:25.069,ARDUINO_PSI,Arduino,0.000,0.000,0.000,,
93.631802,2026-03-16 16:29:25.170,ARDUINO_PSI,Arduino,0.000,0.000,0.000,,
93.731827,2026-03-16 16:29:25.270,ARDUINO_PSI,Arduino,0.000,0.000,0.000,,
93.832515,2026-03-16 16:29:25.370,ARDUINO_PSI,Arduino,0.000,0.000,0.000,,
93.931478,2026-03-16 16:29:25.469,ARDUINO_PSI,Arduino,0.000,0.000,0.000,,
94.031887,2026-03-16 16:29:25.570,ARDUINO_PSI,Arduino,0.000,0.000,0.000,,
94.131808,2026-03-16 16:29:25.670,ARDUINO_PSI,Arduino,0.000,0.000,0.000,,
94.233181,2026-03-16 16:29:25.771,ARDUINO_PSI,Arduino,0.000,0.000,0.000,,
94.331905,2026-03-16 16:29:25.870,ARDUINO_PSI,Arduino,0.000,0.000,0.000,,
94.432030,2026-03-16 16:29:25.970,ARDUINO_PSI,Arduino,0.000,0.000,0.000,,
94.531471,2026-03-16 16:29:26.069,ARDUINO_PSI,Arduino,0.000,0.000,0.000,,
94.632119,2026-03-16 16:29:26.170,ARDUINO_PSI,Arduino,0.000,0.000,0.000,,
94.731904,2026-03-16 16:29:26.270,ARDUINO_PSI,Arduino,0.000,0.000,0.000,,
94.831743,2026-03-16 16:29:26.370,ARDUINO_PSI,Arduino,0.000,0.000,0.000,,
94.931829,2026-03-16 16:29:26.470,ARDUINO_PSI,Arduino,0.000,0.000,0.000,,
95.031612,2026-03-16 16:29:26.569,ARDUINO_PSI,Arduino,0.000,0.000,0.000,,
95.131744,2026-03-16 16:29:26.670,ARDUINO_PSI,Arduino,0.000,0.000,0.000,,
95.231943,2026-03-16 16:29:26.770,ARDUINO_PSI,Arduino,0.000,0.000,0.000,,
95.331365,2026-03-16 16:29:26.869,ARDUINO_PSI,Arduino,0.000,0.000,0.000,,
95.431880,2026-03-16 16:29:26.970,ARDUINO_PSI,Arduino,0.000,0.000,0.000,,
95.531733,2026-03-16 16:29:27.070,ARDUINO_PSI,Arduino,0.000,0.000,0.000,,
95.631488,2026-03-16 16:29:27.169,ARDUINO_PSI,Arduino,0.000,0.000,0.000,,
95.731418,2026-03-16 16:29:27.269,ARDUINO_PSI,Arduino,0.000,0.000,0.000,,
95.831571,2026-03-16 16:29:27.369,ARDUINO_PSI,Arduino,0.000,0.000,0.000,,
95.931729,2026-03-16 16:29:27.470,ARDUINO_PSI,Arduino,0.000,0.000,0.000,,
96.031962,2026-03-16 16:29:27.570,ARDUINO_PSI,Arduino,0.000,0.000,0.000,,
96.131927,2026-03-16 16:29:27.670,ARDUINO_PSI,Arduino,0.000,0.000,0.000,,
96.231648,2026-03-16 16:29:27.770,ARDUINO_PSI,Arduino,0.000,0.000,0.000,,
96.331878,2026-03-16 16:29:27.870,ARDUINO_PSI,Arduino,0.000,0.000,0.000,,
96.432200,2026-03-16 16:29:27.970,ARDUINO_PSI,Arduino,0.000,0.000,0.000,,
96.531798,2026-03-16 16:29:28.070,ARDUINO_PSI,Arduino,0.000,0.000,0.000,,
96.631849,2026-03-16 16:29:28.170,ARDUINO_PSI,Arduino,0.000,0.000,0.000,,
96.731831,2026-03-16 16:29:28.270,ARDUINO_PSI,Arduino,0.000,0.000,0.000,,
96.833080,2026-03-16 16:29:28.371,ARDUINO_PSI,Arduino,0.000,0.000,0.000,,
96.931948,2026-03-16 16:29:28.470,ARDUINO_PSI,Arduino,0.000,0.000,0.000,,
97.031858,2026-03-16 16:29:28.570,ARDUINO_PSI,Arduino,0.000,0.000,0.000,,
97.132059,2026-03-16 16:29:28.670,ARDUINO_PSI,Arduino,0.000,0.000,0.000,,
97.231248,2026-03-16 16:29:28.769,ARDUINO_PSI,Arduino,0.000,0.000,0.000,,
97.331947,2026-03-16 16:29:28.870,ARDUINO_PSI,Arduino,0.000,0.000,0.000,,
97.431907,2026-03-16 16:29:28.970,ARDUINO_PSI,Arduino,0.000,0.000,0.000,,
97.531885,2026-03-16 16:29:29.070,ARDUINO_PSI,Arduino,0.000,0.000,0.000,,
97.631925,2026-03-16 16:29:29.170,ARDUINO_PSI,Arduino,0.000,0.000,0.000,,
97.731898,2026-03-16 16:29:29.270,ARDUINO_PSI,Arduino,0.000,0.000,0.000,,
97.831837,2026-03-16 16:29:29.370,ARDUINO_PSI,Arduino,0.000,0.000,0.000,,
97.931938,2026-03-16 16:29:29.470,ARDUINO_PSI,Arduino,0.000,0.000,0.000,,
98.032045,2026-03-16 16:29:29.570,ARDUINO_PSI,Arduino,0.000,0.000,0.000,,
98.131865,2026-03-16 16:29:29.670,ARDUINO_PSI,Arduino,0.000,0.000,0.000,,
98.231882,2026-03-16 16:29:29.770,ARDUINO_PSI,Arduino,0.000,0.000,0.000,,
98.331399,2026-03-16 16:29:29.869,ARDUINO_PSI,Arduino,0.000,0.000,0.000,,
98.431257,2026-03-16 16:29:29.969,ARDUINO_PSI,Arduino,0.000,0.000,0.000,,
98.531286,2026-03-16 16:29:30.069,ARDUINO_PSI,Arduino,0.000,0.000,0.000,,
98.632254,2026-03-16 16:29:30.170,ARDUINO_PSI,Arduino,0.000,0.000,0.000,,
98.731268,2026-03-16 16:29:30.269,ARDUINO_PSI,Arduino,0.000,0.000,0.000,,
98.832552,2026-03-16 16:29:30.370,ARDUINO_PSI,Arduino,0.000,0.000,0.000,,
98.932045,2026-03-16 16:29:30.470,ARDUINO_PSI,Arduino,0.000,0.000,0.000,,
99.032102,2026-03-16 16:29:30.570,ARDUINO_PSI,Arduino,0.000,0.000,0.000,,
99.131435,2026-03-16 16:29:30.669,ARDUINO_PSI,Arduino,0.000,0.000,0.000,,
99.232213,2026-03-16 16:29:30.770,ARDUINO_PSI,Arduino,0.000,0.000,0.000,,
99.332053,2026-03-16 16:29:30.870,ARDUINO_PSI,Arduino,0.000,0.000,0.000,,
99.431342,2026-03-16 16:29:30.969,ARDUINO_PSI,Arduino,0.000,0.000,0.000,,
99.531269,2026-03-16 16:29:31.069,ARDUINO_PSI,Arduino,0.000,0.000,0.000,,
99.631944,2026-03-16 16:29:31.170,ARDUINO_PSI,Arduino,0.000,0.000,0.000,,
99.732393,2026-03-16 16:29:31.270,ARDUINO_PSI,Arduino,0.000,0.000,0.000,,
99.831335,2026-03-16 16:29:31.369,ARDUINO_PSI,Arduino,0.000,0.000,0.000,,
99.931898,2026-03-16 16:29:31.470,ARDUINO_PSI,Arduino,0.000,0.000,0.000,,
100.031448,2026-03-16 16:29:31.569,ARDUINO_PSI,Arduino,0.000,0.000,0.000,,
100.132213,2026-03-16 16:29:31.670,ARDUINO_PSI,Arduino,0.000,0.000,0.000,,
100.231990,2026-03-16 16:29:31.770,ARDUINO_PSI,Arduino,0.000,0.000,0.000,,
100.331791,2026-03-16 16:29:31.870,ARDUINO_PSI,Arduino,0.000,0.000,0.000,,
100.431532,2026-03-16 16:29:31.969,ARDUINO_PSI,Arduino,0.000,0.000,0.000,,
100.531396,2026-03-16 16:29:32.069,ARDUINO_PSI,Arduino,0.000,0.000,0.000,,
100.631932,2026-03-16 16:29:32.170,ARDUINO_PSI,Arduino,0.000,0.000,0.000,,
100.731824,2026-03-16 16:29:32.270,ARDUINO_PSI,Arduino,0.000,0.000,0.000,,
100.831469,2026-03-16 16:29:32.369,ARDUINO_PSI,Arduino,0.000,0.000,0.000,,
100.932025,2026-03-16 16:29:32.470,ARDUINO_PSI,Arduino,0.000,0.000,0.000,,
101.031330,2026-03-16 16:29:32.569,ARDUINO_PSI,Arduino,0.000,0.000,0.000,,
101.132322,2026-03-16 16:29:32.670,ARDUINO_PSI,Arduino,0.000,0.000,0.000,,
101.231935,2026-03-16 16:29:32.770,ARDUINO_PSI,Arduino,0.000,0.000,0.000,,
101.331435,2026-03-16 16:29:32.869,ARDUINO_PSI,Arduino,0.000,0.000,0.000,,
101.432181,2026-03-16 16:29:32.970,ARDUINO_PSI,Arduino,0.000,0.000,0.000,,
101.531874,2026-03-16 16:29:33.070,ARDUINO_PSI,Arduino,0.000,0.000,0.000,,
101.631794,2026-03-16 16:29:33.170,ARDUINO_PSI,Arduino,0.000,0.000,0.000,,
101.731856,2026-03-16 16:29:33.270,ARDUINO_PSI,Arduino,0.000,0.000,0.000,,
101.832585,2026-03-16 16:29:33.370,ARDUINO_PSI,Arduino,0.000,0.000,0.000,,
101.932183,2026-03-16 16:29:33.470,ARDUINO_PSI,Arduino,0.000,0.000,0.000,,
102.031992,2026-03-16 16:29:33.570,ARDUINO_PSI,Arduino,0.000,0.000,0.000,,
102.131939,2026-03-16 16:29:33.670,ARDUINO_PSI,Arduino,0.000,0.000,0.000,,
102.231263,2026-03-16 16:29:33.769,ARDUINO_PSI,Arduino,0.000,0.000,0.000,,
102.331985,2026-03-16 16:29:33.870,ARDUINO_PSI,Arduino,0.000,0.000,0.000,,
102.432151,2026-03-16 16:29:33.970,ARDUINO_PSI,Arduino,0.000,0.000,0.000,,
102.532612,2026-03-16 16:29:34.070,ARDUINO_PSI,Arduino,0.000,0.000,0.000,,
102.632061,2026-03-16 16:29:34.170,ARDUINO_PSI,Arduino,0.000,0.000,0.000,,
102.731955,2026-03-16 16:29:34.270,ARDUINO_PSI,Arduino,0.000,0.000,0.000,,
102.831774,2026-03-16 16:29:34.370,ARDUINO_PSI,Arduino,0.000,0.000,0.000,,
102.931729,2026-03-16 16:29:34.470,ARDUINO_PSI,Arduino,0.000,0.000,0.000,,
103.032140,2026-03-16 16:29:34.570,ARDUINO_PSI,Arduino,0.000,0.000,0.000,,
103.131966,2026-03-16 16:29:34.670,ARDUINO_PSI,Arduino,0.000,0.000,0.000,,
103.231805,2026-03-16 16:29:34.770,ARDUINO_PSI,Arduino,0.000,0.000,0.000,,
103.331812,2026-03-16 16:29:34.870,ARDUINO_PSI,Arduino,0.000,0.000,0.000,,
103.431984,2026-03-16 16:29:34.970,ARDUINO_PSI,Arduino,0.000,0.000,0.000,,
103.531900,2026-03-16 16:29:35.070,ARDUINO_PSI,Arduino,0.000,0.000,0.000,,
103.632065,2026-03-16 16:29:35.170,ARDUINO_PSI,Arduino,0.000,0.000,0.000,,
103.731884,2026-03-16 16:29:35.270,ARDUINO_PSI,Arduino,0.000,0.000,0.000,,
103.832209,2026-03-16 16:29:35.370,ARDUINO_PSI,Arduino,0.000,0.000,0.000,,
103.931879,2026-03-16 16:29:35.470,ARDUINO_PSI,Arduino,0.000,0.000,0.000,,
104.031890,2026-03-16 16:29:35.570,ARDUINO_PSI,Arduino,0.000,0.000,0.000,,
104.131855,2026-03-16 16:29:35.670,ARDUINO_PSI,Arduino,0.000,0.000,0.000,,
104.231955,2026-03-16 16:29:35.770,ARDUINO_PSI,Arduino,0.000,0.000,0.000,,
104.332028,2026-03-16 16:29:35.870,ARDUINO_PSI,Arduino,0.000,0.000,0.000,,
104.432052,2026-03-16 16:29:35.970,ARDUINO_PSI,Arduino,0.000,0.000,0.000,,
104.532004,2026-03-16 16:29:36.070,ARDUINO_PSI,Arduino,0.000,0.000,0.000,,
104.632059,2026-03-16 16:29:36.170,ARDUINO_PSI,Arduino,0.000,0.000,0.000,,
104.731903,2026-03-16 16:29:36.270,ARDUINO_PSI,Arduino,0.000,0.000,0.000,,
104.832075,2026-03-16 16:29:36.370,ARDUINO_PSI,Arduino,0.000,0.000,0.000,,
104.931887,2026-03-16 16:29:36.470,ARDUINO_PSI,Arduino,0.000,0.000,0.000,,
105.032036,2026-03-16 16:29:36.570,ARDUINO_PSI,Arduino,0.000,0.000,0.000,,
105.132035,2026-03-16 16:29:36.670,ARDUINO_PSI,Arduino,0.000,0.000,0.000,,
105.232024,2026-03-16 16:29:36.770,ARDUINO_PSI,Arduino,0.000,0.000,0.000,,
105.331750,2026-03-16 16:29:36.870,ARDUINO_PSI,Arduino,0.000,0.000,0.000,,
105.431532,2026-03-16 16:29:36.969,ARDUINO_PSI,Arduino,0.000,0.000,0.000,,
105.531856,2026-03-16 16:29:37.070,ARDUINO_PSI,Arduino,0.000,0.000,0.000,,
105.631909,2026-03-16 16:29:37.170,ARDUINO_PSI,Arduino,0.000,0.000,0.000,,
105.732029,2026-03-16 16:29:37.270,ARDUINO_PSI,Arduino,0.000,0.000,0.000,,
105.833353,2026-03-16 16:29:37.371,ARDUINO_PSI,Arduino,0.000,0.000,0.000,,
105.931955,2026-03-16 16:29:37.470,ARDUINO_PSI,Arduino,0.000,0.000,0.000,,
106.032600,2026-03-16 16:29:37.570,ARDUINO_PSI,Arduino,0.000,0.000,0.000,,
106.132001,2026-03-16 16:29:37.670,ARDUINO_PSI,Arduino,0.000,0.000,0.000,,
106.231340,2026-03-16 16:29:37.769,ARDUINO_PSI,Arduino,0.000,0.000,0.000,,
106.331821,2026-03-16 16:29:37.870,ARDUINO_PSI,Arduino,0.000,0.000,0.000,,
106.432915,2026-03-16 16:29:37.971,ARDUINO_PSI,Arduino,0.000,0.000,0.000,,
106.531856,2026-03-16 16:29:38.070,ARDUINO_PSI,Arduino,0.000,0.000,0.000,,
106.632455,2026-03-16 16:29:38.170,ARDUINO_PSI,Arduino,0.000,0.000,0.000,,
106.732249,2026-03-16 16:29:38.270,ARDUINO_PSI,Arduino,0.000,0.000,0.000,,
106.832175,2026-03-16 16:29:38.370,ARDUINO_PSI,Arduino,0.000,0.000,0.000,,
106.931335,2026-03-16 16:29:38.469,ARDUINO_PSI,Arduino,0.000,0.000,0.000,,
107.032142,2026-03-16 16:29:38.570,ARDUINO_PSI,Arduino,0.000,0.000,0.000,,
107.132044,2026-03-16 16:29:38.670,ARDUINO_PSI,Arduino,0.000,0.000,0.000,,
107.232170,2026-03-16 16:29:38.770,ARDUINO_PSI,Arduino,0.000,0.000,0.000,,
107.331930,2026-03-16 16:29:38.870,ARDUINO_PSI,Arduino,0.000,0.000,0.000,,
107.431942,2026-03-16 16:29:38.970,ARDUINO_PSI,Arduino,0.000,0.000,0.000,,
107.532130,2026-03-16 16:29:39.070,ARDUINO_PSI,Arduino,0.000,0.000,0.000,,
107.632121,2026-03-16 16:29:39.170,ARDUINO_PSI,Arduino,0.000,0.000,0.000,,
107.731858,2026-03-16 16:29:39.270,ARDUINO_PSI,Arduino,0.000,0.000,0.000,,
107.831452,2026-03-16 16:29:39.369,ARDUINO_PSI,Arduino,0.000,0.000,0.000,,
107.932142,2026-03-16 16:29:39.470,ARDUINO_PSI,Arduino,0.000,0.000,0.000,,
108.032219,2026-03-16 16:29:39.570,ARDUINO_PSI,Arduino,0.000,0.000,0.000,,
108.132152,2026-03-16 16:29:39.670,ARDUINO_PSI,Arduino,0.000,0.000,0.000,,
108.231960,2026-03-16 16:29:39.770,ARDUINO_PSI,Arduino,0.000,0.000,0.000,,
108.331638,2026-03-16 16:29:39.870,ARDUINO_PSI,Arduino,0.000,0.000,0.000,,
108.432019,2026-03-16 16:29:39.970,ARDUINO_PSI,Arduino,0.000,0.000,0.000,,
108.532037,2026-03-16 16:29:40.070,ARDUINO_PSI,Arduino,0.000,0.000,0.000,,
108.631954,2026-03-16 16:29:40.170,ARDUINO_PSI,Arduino,0.000,0.000,0.000,,
108.731932,2026-03-16 16:29:40.270,ARDUINO_PSI,Arduino,0.000,0.000,0.000,,
108.831888,2026-03-16 16:29:40.370,ARDUINO_PSI,Arduino,0.000,0.000,0.000,,
108.933018,2026-03-16 16:29:40.471,ARDUINO_PSI,Arduino,0.000,0.000,0.000,,
109.032093,2026-03-16 16:29:40.570,ARDUINO_PSI,Arduino,0.000,0.000,0.000,,
109.132225,2026-03-16 16:29:40.670,ARDUINO_PSI,Arduino,0.000,0.000,0.000,,
109.231612,2026-03-16 16:29:40.769,ARDUINO_PSI,Arduino,0.000,0.000,0.000,,
109.331941,2026-03-16 16:29:40.870,ARDUINO_PSI,Arduino,0.000,0.000,0.000,,
109.432748,2026-03-16 16:29:40.971,ARDUINO_PSI,Arduino,0.000,0.000,0.000,,
109.531799,2026-03-16 16:29:41.070,ARDUINO_PSI,Arduino,0.000,0.000,0.000,,
109.631526,2026-03-16 16:29:41.169,ARDUINO_PSI,Arduino,0.000,0.000,0.000,,
109.731984,2026-03-16 16:29:41.270,ARDUINO_PSI,Arduino,0.000,0.000,0.000,,
109.832005,2026-03-16 16:29:41.370,ARDUINO_PSI,Arduino,0.000,0.000,0.000,,
109.932088,2026-03-16 16:29:41.470,ARDUINO_PSI,Arduino,0.000,0.000,0.000,,
110.032004,2026-03-16 16:29:41.570,ARDUINO_PSI,Arduino,0.000,0.000,0.000,,
110.131915,2026-03-16 16:29:41.670,ARDUINO_PSI,Arduino,0.000,0.000,0.000,,
110.231772,2026-03-16 16:29:41.770,ARDUINO_PSI,Arduino,0.000,0.000,0.000,,
110.332213,2026-03-16 16:29:41.870,ARDUINO_PSI,Arduino,0.000,0.000,0.000,,
110.431930,2026-03-16 16:29:41.970,ARDUINO_PSI,Arduino,0.000,0.000,0.000,,
110.531930,2026-03-16 16:29:42.070,ARDUINO_PSI,Arduino,0.000,0.000,0.000,,
110.631868,2026-03-16 16:29:42.170,ARDUINO_PSI,Arduino,0.000,0.000,0.000,,
110.731966,2026-03-16 16:29:42.270,ARDUINO_PSI,Arduino,0.000,0.000,0.000,,
110.832034,2026-03-16 16:29:42.370,ARDUINO_PSI,Arduino,0.000,0.000,0.000,,
110.931900,2026-03-16 16:29:42.470,ARDUINO_PSI,Arduino,0.000,0.000,0.000,,
111.031970,2026-03-16 16:29:42.570,ARDUINO_PSI,Arduino,0.000,0.000,0.000,,
111.131934,2026-03-16 16:29:42.670,ARDUINO_PSI,Arduino,0.000,0.000,0.000,,
111.231912,2026-03-16 16:29:42.770,ARDUINO_PSI,Arduino,0.000,0.000,0.000,,
111.331863,2026-03-16 16:29:42.870,ARDUINO_PSI,Arduino,0.000,0.000,0.000,,
111.431540,2026-03-16 16:29:42.969,ARDUINO_PSI,Arduino,0.000,0.000,0.000,,
111.532787,2026-03-16 16:29:43.071,ARDUINO_PSI,Arduino,0.000,0.000,0.000,,
111.631404,2026-03-16 16:29:43.169,ARDUINO_PSI,Arduino,0.000,0.000,0.000,,
111.731262,2026-03-16 16:29:43.269,ARDUINO_PSI,Arduino,0.000,0.000,0.000,,
111.831962,2026-03-16 16:29:43.370,ARDUINO_PSI,Arduino,0.000,0.000,0.000,,
111.932075,2026-03-16 16:29:43.470,ARDUINO_PSI,Arduino,0.000,0.000,0.000,,
112.032023,2026-03-16 16:29:43.570,ARDUINO_PSI,Arduino,0.000,0.000,0.000,,
112.132091,2026-03-16 16:29:43.670,ARDUINO_PSI,Arduino,0.000,0.000,0.000,,
112.232030,2026-03-16 16:29:43.770,ARDUINO_PSI,Arduino,0.000,0.000,0.000,,
112.332225,2026-03-16 16:29:43.870,ARDUINO_PSI,Arduino,0.000,0.000,0.000,,
112.431865,2026-03-16 16:29:43.970,ARDUINO_PSI,Arduino,0.000,0.000,0.000,,
112.532153,2026-03-16 16:29:44.070,ARDUINO_PSI,Arduino,0.000,0.000,0.000,,
112.631878,2026-03-16 16:29:44.170,ARDUINO_PSI,Arduino,0.000,0.000,0.000,,
112.732496,2026-03-16 16:29:44.270,ARDUINO_PSI,Arduino,0.000,0.000,0.000,,
112.831999,2026-03-16 16:29:44.370,ARDUINO_PSI,Arduino,0.000,0.000,0.000,,
112.931906,2026-03-16 16:29:44.470,ARDUINO_PSI,Arduino,0.000,0.000,0.000,,
113.031952,2026-03-16 16:29:44.570,ARDUINO_PSI,Arduino,0.000,0.000,0.000,,
113.131821,2026-03-16 16:29:44.670,ARDUINO_PSI,Arduino,0.000,0.000,0.000,,
113.231288,2026-03-16 16:29:44.769,ARDUINO_PSI,Arduino,0.000,0.000,0.000,,
113.331960,2026-03-16 16:29:44.870,ARDUINO_PSI,Arduino,0.000,0.000,0.000,,
113.431527,2026-03-16 16:29:44.969,ARDUINO_PSI,Arduino,0.000,0.000,0.000,,
113.531900,2026-03-16 16:29:45.070,ARDUINO_PSI,Arduino,0.000,0.000,0.000,,
113.631375,2026-03-16 16:29:45.169,ARDUINO_PSI,Arduino,0.000,0.000,0.000,,
113.732007,2026-03-16 16:29:45.270,ARDUINO_PSI,Arduino,0.000,0.000,0.000,,
113.831812,2026-03-16 16:29:45.370,ARDUINO_PSI,Arduino,0.000,0.000,0.000,,
113.932312,2026-03-16 16:29:45.470,ARDUINO_PSI,Arduino,0.000,0.000,0.000,,
114.032093,2026-03-16 16:29:45.570,ARDUINO_PSI,Arduino,0.000,0.000,0.000,,
114.131929,2026-03-16 16:29:45.670,ARDUINO_PSI,Arduino,0.000,0.000,0.000,,
114.232026,2026-03-16 16:29:45.770,ARDUINO_PSI,Arduino,0.000,0.000,0.000,,
114.332072,2026-03-16 16:29:45.870,ARDUINO_PSI,Arduino,0.000,0.000,0.000,,
114.432139,2026-03-16 16:29:45.970,ARDUINO_PSI,Arduino,0.000,0.000,0.000,,
114.532012,2026-03-16 16:29:46.070,ARDUINO_PSI,Arduino,0.000,0.000,0.000,,
114.631949,2026-03-16 16:29:46.170,ARDUINO_PSI,Arduino,0.000,0.000,0.000,,
114.731752,2026-03-16 16:29:46.270,ARDUINO_PSI,Arduino,0.000,0.000,0.000,,
114.831961,2026-03-16 16:29:46.370,ARDUINO_PSI,Arduino,0.000,0.000,0.000,,
114.932046,2026-03-16 16:29:46.470,ARDUINO_PSI,Arduino,0.000,0.000,0.000,,
115.031773,2026-03-16 16:29:46.570,ARDUINO_PSI,Arduino,0.000,0.000,0.000,,
115.132722,2026-03-16 16:29:46.671,ARDUINO_PSI,Arduino,0.000,0.000,0.000,,
115.232032,2026-03-16 16:29:46.770,ARDUINO_PSI,Arduino,0.000,0.000,0.000,,
115.332031,2026-03-16 16:29:46.870,ARDUINO_PSI,Arduino,0.000,0.000,0.000,,
115.431972,2026-03-16 16:29:46.970,ARDUINO_PSI,Arduino,0.000,0.000,0.000,,
115.531814,2026-03-16 16:29:47.070,ARDUINO_PSI,Arduino,0.000,0.000,0.000,,
115.631999,2026-03-16 16:29:47.170,ARDUINO_PSI,Arduino,0.000,0.000,0.000,,
115.731865,2026-03-16 16:29:47.270,ARDUINO_PSI,Arduino,0.000,0.000,0.000,,
115.832585,2026-03-16 16:29:47.370,ARDUINO_PSI,Arduino,0.000,0.000,0.000,,
115.932014,2026-03-16 16:29:47.470,ARDUINO_PSI,Arduino,0.000,0.000,0.000,,
116.032288,2026-03-16 16:29:47.570,ARDUINO_PSI,Arduino,0.000,0.000,0.000,,
116.132314,2026-03-16 16:29:47.670,ARDUINO_PSI,Arduino,0.000,0.000,0.000,,
116.232077,2026-03-16 16:29:47.770,ARDUINO_PSI,Arduino,0.000,0.000,0.000,,
116.331996,2026-03-16 16:29:47.870,ARDUINO_PSI,Arduino,0.000,0.000,0.000,,
116.432247,2026-03-16 16:29:47.970,ARDUINO_PSI,Arduino,0.000,0.000,0.000,,
116.532061,2026-03-16 16:29:48.070,ARDUINO_PSI,Arduino,0.000,0.000,0.000,,
116.632096,2026-03-16 16:29:48.170,ARDUINO_PSI,Arduino,0.000,0.000,0.000,,
116.732133,2026-03-16 16:29:48.270,ARDUINO_PSI,Arduino,0.000,0.000,0.000,,
116.832040,2026-03-16 16:29:48.370,ARDUINO_PSI,Arduino,0.000,0.000,0.000,,
116.931937,2026-03-16 16:29:48.470,ARDUINO_PSI,Arduino,0.000,0.000,0.000,,
117.031507,2026-03-16 16:29:48.569,ARDUINO_PSI,Arduino,0.000,0.000,0.000,,
117.131992,2026-03-16 16:29:48.670,ARDUINO_PSI,Arduino,0.000,0.000,0.000,,
117.231928,2026-03-16 16:29:48.770,ARDUINO_PSI,Arduino,0.000,0.000,0.000,,
117.332031,2026-03-16 16:29:48.870,ARDUINO_PSI,Arduino,0.000,0.000,0.000,,
117.432024,2026-03-16 16:29:48.970,ARDUINO_PSI,Arduino,0.000,0.000,0.000,,
117.532328,2026-03-16 16:29:49.070,ARDUINO_PSI,Arduino,0.000,0.000,0.000,,
117.632062,2026-03-16 16:29:49.170,ARDUINO_PSI,Arduino,0.000,0.000,0.000,,
117.731957,2026-03-16 16:29:49.270,ARDUINO_PSI,Arduino,0.000,0.000,0.000,,
117.831992,2026-03-16 16:29:49.370,ARDUINO_PSI,Arduino,0.000,0.000,0.000,,
117.931978,2026-03-16 16:29:49.470,ARDUINO_PSI,Arduino,0.000,0.000,0.000,,
118.031929,2026-03-16 16:29:49.570,ARDUINO_PSI,Arduino,0.000,0.000,0.000,,
118.132072,2026-03-16 16:29:49.670,ARDUINO_PSI,Arduino,0.000,0.000,0.000,,
118.232832,2026-03-16 16:29:49.771,ARDUINO_PSI,Arduino,0.000,0.000,0.000,,
118.332066,2026-03-16 16:29:49.870,ARDUINO_PSI,Arduino,0.000,0.000,0.000,,
118.431965,2026-03-16 16:29:49.970,ARDUINO_PSI,Arduino,0.000,0.000,0.000,,
118.531885,2026-03-16 16:29:50.070,ARDUINO_PSI,Arduino,0.000,0.000,0.000,,
118.631751,2026-03-16 16:29:50.170,ARDUINO_PSI,Arduino,0.000,0.000,0.000,,
118.732078,2026-03-16 16:29:50.270,ARDUINO_PSI,Arduino,0.000,0.000,0.000,,
118.832014,2026-03-16 16:29:50.370,ARDUINO_PSI,Arduino,0.000,0.000,0.000,,
118.932068,2026-03-16 16:29:50.470,ARDUINO_PSI,Arduino,0.000,0.000,0.000,,
119.031373,2026-03-16 16:29:50.569,ARDUINO_PSI,Arduino,0.000,0.000,0.000,,
119.132025,2026-03-16 16:29:50.670,ARDUINO_PSI,Arduino,0.000,0.000,0.000,,
119.231838,2026-03-16 16:29:50.770,ARDUINO_PSI,Arduino,0.000,0.000,0.000,,
119.332040,2026-03-16 16:29:50.870,ARDUINO_PSI,Arduino,0.000,0.000,0.000,,
119.431566,2026-03-16 16:29:50.969,ARDUINO_PSI,Arduino,0.000,0.000,0.000,,
119.532042,2026-03-16 16:29:51.070,ARDUINO_PSI,Arduino,0.000,0.000,0.000,,
119.631722,2026-03-16 16:29:51.170,ARDUINO_PSI,Arduino,0.000,0.000,0.000,,
119.732083,2026-03-16 16:29:51.270,ARDUINO_PSI,Arduino,0.000,0.000,0.000,,
119.831991,2026-03-16 16:29:51.370,ARDUINO_PSI,Arduino,0.000,0.000,0.000,,
119.931864,2026-03-16 16:29:51.470,ARDUINO_PSI,Arduino,0.000,0.000,0.000,,
120.032058,2026-03-16 16:29:51.570,ARDUINO_PSI,Arduino,0.000,0.000,0.000,,
120.131900,2026-03-16 16:29:51.670,ARDUINO_PSI,Arduino,0.000,0.000,0.000,,
120.232159,2026-03-16 16:29:51.770,ARDUINO_PSI,Arduino,0.000,0.000,0.000,,
120.333054,2026-03-16 16:29:51.871,ARDUINO_PSI,Arduino,0.000,0.000,0.000,,
120.432221,2026-03-16 16:29:51.970,ARDUINO_PSI,Arduino,0.000,0.000,0.000,,
120.531976,2026-03-16 16:29:52.070,ARDUINO_PSI,Arduino,0.000,0.000,0.000,,
120.632102,2026-03-16 16:29:52.170,ARDUINO_PSI,Arduino,0.000,0.000,0.000,,
120.731901,2026-03-16 16:29:52.270,ARDUINO_PSI,Arduino,0.000,0.000,0.000,,
120.832267,2026-03-16 16:29:52.370,ARDUINO_PSI,Arduino,0.000,0.000,0.000,,
120.931444,2026-03-16 16:29:52.469,ARDUINO_PSI,Arduino,0.000,0.000,0.000,,
121.031391,2026-03-16 16:29:52.569,ARDUINO_PSI,Arduino,0.000,0.000,0.000,,
121.131520,2026-03-16 16:29:52.669,ARDUINO_PSI,Arduino,0.000,0.000,0.000,,
121.232348,2026-03-16 16:29:52.770,ARDUINO_PSI,Arduino,0.000,0.000,0.000,,
121.331942,2026-03-16 16:29:52.870,ARDUINO_PSI,Arduino,0.000,0.000,0.000,,
121.432212,2026-03-16 16:29:52.970,ARDUINO_PSI,Arduino,0.000,0.000,0.000,,
121.532206,2026-03-16 16:29:53.070,ARDUINO_PSI,Arduino,0.000,0.000,0.000,,
121.632077,2026-03-16 16:29:53.170,ARDUINO_PSI,Arduino,0.000,0.000,0.000,,
121.732069,2026-03-16 16:29:53.270,ARDUINO_PSI,Arduino,0.000,0.000,0.000,,
121.831991,2026-03-16 16:29:53.370,ARDUINO_PSI,Arduino,0.000,0.000,0.000,,
121.932318,2026-03-16 16:29:53.470,ARDUINO_PSI,Arduino,0.000,0.000,0.000,,
122.032099,2026-03-16 16:29:53.570,ARDUINO_PSI,Arduino,0.000,0.000,0.000,,
122.132130,2026-03-16 16:29:53.670,ARDUINO_PSI,Arduino,0.000,0.000,0.000,,
122.232695,2026-03-16 16:29:53.771,ARDUINO_PSI,Arduino,0.000,0.000,0.000,,
122.331862,2026-03-16 16:29:53.870,ARDUINO_PSI,Arduino,0.000,0.000,0.000,,
122.432042,2026-03-16 16:29:53.970,ARDUINO_PSI,Arduino,0.000,0.000,0.000,,
122.532259,2026-03-16 16:29:54.070,ARDUINO_PSI,Arduino,0.000,0.000,0.000,,
122.632011,2026-03-16 16:29:54.170,ARDUINO_PSI,Arduino,0.000,0.000,0.000,,
122.733436,2026-03-16 16:29:54.271,ARDUINO_PSI,Arduino,0.000,0.000,0.000,,
122.832016,2026-03-16 16:29:54.370,ARDUINO_PSI,Arduino,0.000,0.000,0.000,,
122.931957,2026-03-16 16:29:54.470,ARDUINO_PSI,Arduino,0.000,0.000,0.000,,
123.031653,2026-03-16 16:29:54.570,ARDUINO_PSI,Arduino,0.000,0.000,0.000,,
123.132079,2026-03-16 16:29:54.670,ARDUINO_PSI,Arduino,0.000,0.000,0.000,,
123.231968,2026-03-16 16:29:54.770,ARDUINO_PSI,Arduino,0.000,0.000,0.000,,
123.331960,2026-03-16 16:29:54.870,ARDUINO_PSI,Arduino,0.000,0.000,0.000,,
123.432072,2026-03-16 16:29:54.970,ARDUINO_PSI,Arduino,0.000,0.000,0.000,,
123.532087,2026-03-16 16:29:55.070,ARDUINO_PSI,Arduino,0.000,0.000,0.000,,
123.631890,2026-03-16 16:29:55.170,ARDUINO_PSI,Arduino,0.000,0.000,0.000,,
123.732028,2026-03-16 16:29:55.270,ARDUINO_PSI,Arduino,0.000,0.000,0.000,,
123.832143,2026-03-16 16:29:55.370,ARDUINO_PSI,Arduino,0.000,0.000,0.000,,
123.932773,2026-03-16 16:29:55.471,ARDUINO_PSI,Arduino,0.000,0.000,0.000,,
124.031916,2026-03-16 16:29:55.570,ARDUINO_PSI,Arduino,0.000,0.000,0.000,,
124.132696,2026-03-16 16:29:55.671,ARDUINO_PSI,Arduino,0.000,0.000,0.000,,
124.231778,2026-03-16 16:29:55.770,ARDUINO_PSI,Arduino,0.000,0.000,0.000,,
124.332064,2026-03-16 16:29:55.870,ARDUINO_PSI,Arduino,0.000,0.000,0.000,,
124.431504,2026-03-16 16:29:55.969,ARDUINO_PSI,Arduino,0.000,0.000,0.000,,
124.531884,2026-03-16 16:29:56.070,ARDUINO_PSI,Arduino,0.000,0.000,0.000,,
124.631507,2026-03-16 16:29:56.169,ARDUINO_PSI,Arduino,0.000,0.000,0.000,,
124.731918,2026-03-16 16:29:56.270,ARDUINO_PSI,Arduino,0.000,0.000,0.000,,
124.832036,2026-03-16 16:29:56.370,ARDUINO_PSI,Arduino,0.000,0.000,0.000,,
124.931999,2026-03-16 16:29:56.470,ARDUINO_PSI,Arduino,0.000,0.000,0.000,,
125.031975,2026-03-16 16:29:56.570,ARDUINO_PSI,Arduino,0.000,0.000,0.000,,
125.132045,2026-03-16 16:29:56.670,ARDUINO_PSI,Arduino,0.000,0.000,0.000,,
125.232088,2026-03-16 16:29:56.770,ARDUINO_PSI,Arduino,0.000,0.000,0.000,,
125.332271,2026-03-16 16:29:56.870,ARDUINO_PSI,Arduino,0.000,0.000,0.000,,
125.431884,2026-03-16 16:29:56.970,ARDUINO_PSI,Arduino,0.000,0.000,0.000,,
125.532055,2026-03-16 16:29:57.070,ARDUINO_PSI,Arduino,0.000,0.000,0.000,,
125.631927,2026-03-16 16:29:57.170,ARDUINO_PSI,Arduino,0.000,0.000,0.000,,
125.731525,2026-03-16 16:29:57.269,ARDUINO_PSI,Arduino,0.000,0.000,0.000,,
125.831423,2026-03-16 16:29:57.369,ARDUINO_PSI,Arduino,0.000,0.000,0.000,,
125.931950,2026-03-16 16:29:57.470,ARDUINO_PSI,Arduino,0.000,0.000,0.000,,
126.032074,2026-03-16 16:29:57.570,ARDUINO_PSI,Arduino,0.000,0.000,0.000,,
126.132064,2026-03-16 16:29:57.670,ARDUINO_PSI,Arduino,0.000,0.000,0.000,,
126.232178,2026-03-16 16:29:57.770,ARDUINO_PSI,Arduino,0.000,0.000,0.000,,
126.331989,2026-03-16 16:29:57.870,ARDUINO_PSI,Arduino,0.000,0.000,0.000,,
126.432155,2026-03-16 16:29:57.970,ARDUINO_PSI,Arduino,0.000,0.000,0.000,,
126.532528,2026-03-16 16:29:58.070,ARDUINO_PSI,Arduino,0.000,0.000,0.000,,
126.632015,2026-03-16 16:29:58.170,ARDUINO_PSI,Arduino,0.000,0.000,0.000,,
126.732173,2026-03-16 16:29:58.270,ARDUINO_PSI,Arduino,0.000,0.000,0.000,,
126.832025,2026-03-16 16:29:58.370,ARDUINO_PSI,Arduino,0.000,0.000,0.000,,
126.932044,2026-03-16 16:29:58.470,ARDUINO_PSI,Arduino,0.000,0.000,0.000,,
127.032069,2026-03-16 16:29:58.570,ARDUINO_PSI,Arduino,0.000,0.000,0.000,,
127.132038,2026-03-16 16:29:58.670,ARDUINO_PSI,Arduino,0.000,0.000,0.000,,
127.231995,2026-03-16 16:29:58.770,ARDUINO_PSI,Arduino,0.000,0.000,0.000,,
127.331998,2026-03-16 16:29:58.870,ARDUINO_PSI,Arduino,0.000,0.000,0.000,,
127.431656,2026-03-16 16:29:58.970,ARDUINO_PSI,Arduino,0.000,0.000,0.000,,
127.531554,2026-03-16 16:29:59.069,ARDUINO_PSI,Arduino,0.000,0.000,0.000,,
127.631817,2026-03-16 16:29:59.170,ARDUINO_PSI,Arduino,0.000,0.000,0.000,,
127.731312,2026-03-16 16:29:59.269,ARDUINO_PSI,Arduino,0.000,0.000,0.000,,
127.831290,2026-03-16 16:29:59.369,ARDUINO_PSI,Arduino,0.000,0.000,0.000,,
127.931397,2026-03-16 16:29:59.469,ARDUINO_PSI,Arduino,0.000,0.000,0.000,,
128.031762,2026-03-16 16:29:59.570,ARDUINO_PSI,Arduino,0.000,0.000,0.000,,
128.131467,2026-03-16 16:29:59.669,ARDUINO_PSI,Arduino,0.000,0.000,0.000,,
128.232102,2026-03-16 16:29:59.770,ARDUINO_PSI,Arduino,0.000,0.000,0.000,,
128.331743,2026-03-16 16:29:59.870,ARDUINO_PSI,Arduino,0.000,0.000,0.000,,
128.431339,2026-03-16 16:29:59.969,ARDUINO_PSI,Arduino,0.000,0.000,0.000,,
128.531824,2026-03-16 16:30:00.070,ARDUINO_PSI,Arduino,0.000,0.000,0.000,,
128.631737,2026-03-16 16:30:00.170,ARDUINO_PSI,Arduino,0.000,0.000,0.000,,
128.732824,2026-03-16 16:30:00.271,ARDUINO_PSI,Arduino,0.000,0.000,0.000,,
128.831990,2026-03-16 16:30:00.370,ARDUINO_PSI,Arduino,0.000,0.000,0.000,,
128.931874,2026-03-16 16:30:00.470,ARDUINO_PSI,Arduino,0.000,0.000,0.000,,
129.031975,2026-03-16 16:30:00.570,ARDUINO_PSI,Arduino,0.000,0.000,0.000,,
129.132152,2026-03-16 16:30:00.670,ARDUINO_PSI,Arduino,0.000,0.000,0.000,,
129.232443,2026-03-16 16:30:00.770,ARDUINO_PSI,Arduino,0.000,0.000,0.000,,
129.331284,2026-03-16 16:30:00.869,ARDUINO_PSI,Arduino,0.000,0.000,0.000,,
129.431430,2026-03-16 16:30:00.969,ARDUINO_PSI,Arduino,0.000,0.000,0.000,,
129.531824,2026-03-16 16:30:01.070,ARDUINO_PSI,Arduino,0.000,0.000,0.000,,
129.631886,2026-03-16 16:30:01.170,ARDUINO_PSI,Arduino,0.000,0.000,0.000,,
129.732041,2026-03-16 16:30:01.270,ARDUINO_PSI,Arduino,0.000,0.000,0.000,,
129.831498,2026-03-16 16:30:01.369,ARDUINO_PSI,Arduino,0.000,0.000,0.000,,
129.932319,2026-03-16 16:30:01.470,ARDUINO_PSI,Arduino,0.000,0.000,0.000,,
130.031268,2026-03-16 16:30:01.569,ARDUINO_PSI,Arduino,0.000,0.000,0.000,,
130.131544,2026-03-16 16:30:01.669,ARDUINO_PSI,Arduino,0.000,0.000,0.000,,
130.232159,2026-03-16 16:30:01.770,ARDUINO_PSI,Arduino,0.000,0.000,0.000,,
130.331492,2026-03-16 16:30:01.869,ARDUINO_PSI,Arduino,0.000,0.000,0.000,,
130.432073,2026-03-16 16:30:01.970,ARDUINO_PSI,Arduino,0.000,0.000,0.000,,
130.532330,2026-03-16 16:30:02.070,ARDUINO_PSI,Arduino,0.000,0.000,0.000,,
130.631908,2026-03-16 16:30:02.170,ARDUINO_PSI,Arduino,0.000,0.000,0.000,,
130.731973,2026-03-16 16:30:02.270,ARDUINO_PSI,Arduino,0.000,0.000,0.000,,
130.832227,2026-03-16 16:30:02.370,ARDUINO_PSI,Arduino,0.000,0.000,0.000,,
130.931332,2026-03-16 16:30:02.469,ARDUINO_PSI,Arduino,0.000,0.000,0.000,,
131.031744,2026-03-16 16:30:02.570,ARDUINO_PSI,Arduino,0.000,0.000,0.000,,
131.132204,2026-03-16 16:30:02.670,ARDUINO_PSI,Arduino,0.000,0.000,0.000,,
131.231453,2026-03-16 16:30:02.769,ARDUINO_PSI,Arduino,0.000,0.000,0.000,,
131.331885,2026-03-16 16:30:02.870,ARDUINO_PSI,Arduino,0.000,0.000,0.000,,
131.431501,2026-03-16 16:30:02.969,ARDUINO_PSI,Arduino,0.000,0.000,0.000,,
131.532334,2026-03-16 16:30:03.070,ARDUINO_PSI,Arduino,0.000,0.000,0.000,,
131.631461,2026-03-16 16:30:03.169,ARDUINO_PSI,Arduino,0.000,0.000,0.000,,
131.731855,2026-03-16 16:30:03.270,ARDUINO_PSI,Arduino,0.000,0.000,0.000,,
131.831781,2026-03-16 16:30:03.370,ARDUINO_PSI,Arduino,0.000,0.000,0.000,,
131.931441,2026-03-16 16:30:03.469,ARDUINO_PSI,Arduino,0.000,0.000,0.000,,
132.031641,2026-03-16 16:30:03.570,ARDUINO_PSI,Arduino,0.000,0.000,0.000,,
132.131468,2026-03-16 16:30:03.669,ARDUINO_PSI,Arduino,0.000,0.000,0.000,,
132.231428,2026-03-16 16:30:03.769,ARDUINO_PSI,Arduino,0.000,0.000,0.000,,
132.331920,2026-03-16 16:30:03.870,ARDUINO_PSI,Arduino,0.000,0.000,0.000,,
132.431922,2026-03-16 16:30:03.970,ARDUINO_PSI,Arduino,0.000,0.000,0.000,,
132.531891,2026-03-16 16:30:04.070,ARDUINO_PSI,Arduino,0.000,0.000,0.000,,
132.632148,2026-03-16 16:30:04.170,ARDUINO_PSI,Arduino,0.000,0.000,0.000,,
132.732074,2026-03-16 16:30:04.270,ARDUINO_PSI,Arduino,0.000,0.000,0.000,,
132.832068,2026-03-16 16:30:04.370,ARDUINO_PSI,Arduino,0.000,0.000,0.000,,
132.931991,2026-03-16 16:30:04.470,ARDUINO_PSI,Arduino,0.000,0.000,0.000,,
133.032115,2026-03-16 16:30:04.570,ARDUINO_PSI,Arduino,0.000,0.000,0.000,,
133.131982,2026-03-16 16:30:04.670,ARDUINO_PSI,Arduino,0.000,0.000,0.000,,
133.232009,2026-03-16 16:30:04.770,ARDUINO_PSI,Arduino,0.000,0.000,0.000,,
133.332054,2026-03-16 16:30:04.870,ARDUINO_PSI,Arduino,0.000,0.000,0.000,,
133.431472,2026-03-16 16:30:04.969,ARDUINO_PSI,Arduino,0.000,0.000,0.000,,
133.531913,2026-03-16 16:30:05.070,ARDUINO_PSI,Arduino,0.000,0.000,0.000,,
133.631932,2026-03-16 16:30:05.170,ARDUINO_PSI,Arduino,0.000,0.000,0.000,,
133.732239,2026-03-16 16:30:05.270,ARDUINO_PSI,Arduino,0.000,0.000,0.000,,
133.832068,2026-03-16 16:30:05.370,ARDUINO_PSI,Arduino,0.000,0.000,0.000,,
133.931949,2026-03-16 16:30:05.470,ARDUINO_PSI,Arduino,0.000,0.000,0.000,,
134.032037,2026-03-16 16:30:05.570,ARDUINO_PSI,Arduino,0.000,0.000,0.000,,
134.132089,2026-03-16 16:30:05.670,ARDUINO_PSI,Arduino,0.000,0.000,0.000,,
134.231976,2026-03-16 16:30:05.770,ARDUINO_PSI,Arduino,0.000,0.000,0.000,,
134.332030,2026-03-16 16:30:05.870,ARDUINO_PSI,Arduino,0.000,0.000,0.000,,
134.431588,2026-03-16 16:30:05.969,ARDUINO_PSI,Arduino,0.000,0.000,0.000,,
134.532171,2026-03-16 16:30:06.070,ARDUINO_PSI,Arduino,0.000,0.000,0.000,,
134.632058,2026-03-16 16:30:06.170,ARDUINO_PSI,Arduino,0.000,0.000,0.000,,
134.731649,2026-03-16 16:30:06.270,ARDUINO_PSI,Arduino,0.000,0.000,0.000,,
134.832152,2026-03-16 16:30:06.370,ARDUINO_PSI,Arduino,0.000,0.000,0.000,,
134.932000,2026-03-16 16:30:06.470,ARDUINO_PSI,Arduino,0.000,0.000,0.000,,
135.031562,2026-03-16 16:30:06.569,ARDUINO_PSI,Arduino,0.000,0.000,0.000,,
135.131987,2026-03-16 16:30:06.670,ARDUINO_PSI,Arduino,0.000,0.000,0.000,,
135.231619,2026-03-16 16:30:06.769,ARDUINO_PSI,Arduino,0.000,0.000,0.000,,
135.331964,2026-03-16 16:30:06.870,ARDUINO_PSI,Arduino,0.000,0.000,0.000,,
135.431488,2026-03-16 16:30:06.969,ARDUINO_PSI,Arduino,0.000,0.000,0.000,,
135.531827,2026-03-16 16:30:07.070,ARDUINO_PSI,Arduino,0.000,0.000,0.000,,
135.632002,2026-03-16 16:30:07.170,ARDUINO_PSI,Arduino,0.000,0.000,0.000,,
135.732085,2026-03-16 16:30:07.270,ARDUINO_PSI,Arduino,0.000,0.000,0.000,,
135.831977,2026-03-16 16:30:07.370,ARDUINO_PSI,Arduino,0.000,0.000,0.000,,
135.932019,2026-03-16 16:30:07.470,ARDUINO_PSI,Arduino,0.000,0.000,0.000,,
136.031546,2026-03-16 16:30:07.569,ARDUINO_PSI,Arduino,0.000,0.000,0.000,,
136.132006,2026-03-16 16:30:07.670,ARDUINO_PSI,Arduino,0.000,0.000,0.000,,
136.231969,2026-03-16 16:30:07.770,ARDUINO_PSI,Arduino,0.000,0.000,0.000,,
136.331384,2026-03-16 16:30:07.869,ARDUINO_PSI,Arduino,0.000,0.000,0.000,,
136.431949,2026-03-16 16:30:07.970,ARDUINO_PSI,Arduino,0.000,0.000,0.000,,
136.531850,2026-03-16 16:30:08.070,ARDUINO_PSI,Arduino,0.000,0.000,0.000,,
136.632050,2026-03-16 16:30:08.170,ARDUINO_PSI,Arduino,0.000,0.000,0.000,,
136.732153,2026-03-16 16:30:08.270,ARDUINO_PSI,Arduino,0.000,0.000,0.000,,
136.831941,2026-03-16 16:30:08.370,ARDUINO_PSI,Arduino,0.000,0.000,0.000,,
136.932009,2026-03-16 16:30:08.470,ARDUINO_PSI,Arduino,0.000,0.000,0.000,,
137.031872,2026-03-16 16:30:08.570,ARDUINO_PSI,Arduino,0.000,0.000,0.000,,
137.132068,2026-03-16 16:30:08.670,ARDUINO_PSI,Arduino,0.000,0.000,0.000,,
137.232265,2026-03-16 16:30:08.770,ARDUINO_PSI,Arduino,0.000,0.000,0.000,,
137.331563,2026-03-16 16:30:08.869,ARDUINO_PSI,Arduino,0.000,0.000,0.000,,
137.432021,2026-03-16 16:30:08.970,ARDUINO_PSI,Arduino,0.000,0.000,0.000,,
137.532047,2026-03-16 16:30:09.070,ARDUINO_PSI,Arduino,0.000,0.000,0.000,,
137.632062,2026-03-16 16:30:09.170,ARDUINO_PSI,Arduino,0.000,0.000,0.000,,
137.731826,2026-03-16 16:30:09.270,ARDUINO_PSI,Arduino,0.000,0.000,0.000,,
137.832106,2026-03-16 16:30:09.370,ARDUINO_PSI,Arduino,0.000,0.000,0.000,,
137.931468,2026-03-16 16:30:09.469,ARDUINO_PSI,Arduino,0.000,0.000,0.000,,
138.031710,2026-03-16 16:30:09.570,ARDUINO_PSI,Arduino,0.000,0.000,0.000,,
138.131495,2026-03-16 16:30:09.669,ARDUINO_PSI,Arduino,0.000,0.000,0.000,,
138.231409,2026-03-16 16:30:09.769,ARDUINO_PSI,Arduino,0.000,0.000,0.000,,
138.331992,2026-03-16 16:30:09.870,ARDUINO_PSI,Arduino,0.000,0.000,0.000,,
138.432133,2026-03-16 16:30:09.970,ARDUINO_PSI,Arduino,0.000,0.000,0.000,,
138.531881,2026-03-16 16:30:10.070,ARDUINO_PSI,Arduino,0.000,0.000,0.000,,
138.632302,2026-03-16 16:30:10.170,ARDUINO_PSI,Arduino,0.000,0.000,0.000,,
138.732004,2026-03-16 16:30:10.270,ARDUINO_PSI,Arduino,0.000,0.000,0.000,,
138.832481,2026-03-16 16:30:10.370,ARDUINO_PSI,Arduino,0.000,0.000,0.000,,
138.931556,2026-03-16 16:30:10.469,ARDUINO_PSI,Arduino,0.000,0.000,0.000,,
139.031884,2026-03-16 16:30:10.570,ARDUINO_PSI,Arduino,0.000,0.000,0.000,,
139.132497,2026-03-16 16:30:10.670,ARDUINO_PSI,Arduino,0.000,0.000,0.000,,
139.231515,2026-03-16 16:30:10.769,ARDUINO_PSI,Arduino,0.000,0.000,0.000,,
139.332128,2026-03-16 16:30:10.870,ARDUINO_PSI,Arduino,0.000,0.000,0.000,,
139.431547,2026-03-16 16:30:10.969,ARDUINO_PSI,Arduino,0.000,0.000,0.000,,
139.531661,2026-03-16 16:30:11.070,ARDUINO_PSI,Arduino,0.000,0.000,0.000,,
139.632180,2026-03-16 16:30:11.170,ARDUINO_PSI,Arduino,0.000,0.000,0.000,,
139.732109,2026-03-16 16:30:11.270,ARDUINO_PSI,Arduino,0.000,0.000,0.000,,
139.831958,2026-03-16 16:30:11.370,ARDUINO_PSI,Arduino,0.000,0.000,0.000,,
139.932104,2026-03-16 16:30:11.470,ARDUINO_PSI,Arduino,0.000,0.000,0.000,,
140.031371,2026-03-16 16:30:11.569,ARDUINO_PSI,Arduino,0.000,0.000,0.000,,
140.132452,2026-03-16 16:30:11.670,ARDUINO_PSI,Arduino,0.000,0.000,0.000,,
140.232209,2026-03-16 16:30:11.770,ARDUINO_PSI,Arduino,0.000,0.000,0.000,,
140.331405,2026-03-16 16:30:11.869,ARDUINO_PSI,Arduino,0.000,0.000,0.000,,
140.431373,2026-03-16 16:30:11.969,ARDUINO_PSI,Arduino,0.000,0.000,0.000,,
140.532038,2026-03-16 16:30:12.070,ARDUINO_PSI,Arduino,0.000,0.000,0.000,,
140.632479,2026-03-16 16:30:12.170,ARDUINO_PSI,Arduino,0.000,0.000,0.000,,
140.731429,2026-03-16 16:30:12.269,ARDUINO_PSI,Arduino,0.000,0.000,0.000,,
140.831636,2026-03-16 16:30:12.369,ARDUINO_PSI,Arduino,0.000,0.000,0.000,,
140.931713,2026-03-16 16:30:12.470,ARDUINO_PSI,Arduino,0.000,0.000,0.000,,
141.031423,2026-03-16 16:30:12.569,ARDUINO_PSI,Arduino,0.000,0.000,0.000,,
141.133620,2026-03-16 16:30:12.671,ARDUINO_PSI,Arduino,0.000,0.000,0.000,,
141.232075,2026-03-16 16:30:12.770,ARDUINO_PSI,Arduino,0.000,0.000,0.000,,
141.332238,2026-03-16 16:30:12.870,ARDUINO_PSI,Arduino,0.000,0.000,0.000,,
141.432138,2026-03-16 16:30:12.970,ARDUINO_PSI,Arduino,0.000,0.000,0.000,,
141.532040,2026-03-16 16:30:13.070,ARDUINO_PSI,Arduino,0.000,0.000,0.000,,
141.632045,2026-03-16 16:30:13.170,ARDUINO_PSI,Arduino,0.000,0.000,0.000,,
141.732001,2026-03-16 16:30:13.270,ARDUINO_PSI,Arduino,0.000,0.000,0.000,,
141.831951,2026-03-16 16:30:13.370,ARDUINO_PSI,Arduino,0.000,0.000,0.000,,
141.932100,2026-03-16 16:30:13.470,ARDUINO_PSI,Arduino,0.000,0.000,0.000,,
142.032209,2026-03-16 16:30:13.570,ARDUINO_PSI,Arduino,0.000,0.000,0.000,,
142.132302,2026-03-16 16:30:13.670,ARDUINO_PSI,Arduino,0.000,0.000,0.000,,
142.232319,2026-03-16 16:30:13.770,ARDUINO_PSI,Arduino,0.000,0.000,0.000,,
142.332281,2026-03-16 16:30:13.870,ARDUINO_PSI,Arduino,0.000,0.000,0.000,,
142.432137,2026-03-16 16:30:13.970,ARDUINO_PSI,Arduino,0.000,0.000,0.000,,
142.531972,2026-03-16 16:30:14.070,ARDUINO_PSI,Arduino,0.000,0.000,0.000,,
142.632033,2026-03-16 16:30:14.170,ARDUINO_PSI,Arduino,0.000,0.000,0.000,,
142.732139,2026-03-16 16:30:14.270,ARDUINO_PSI,Arduino,0.000,0.000,0.000,,
142.831972,2026-03-16 16:30:14.370,ARDUINO_PSI,Arduino,0.000,0.000,0.000,,
142.931527,2026-03-16 16:30:14.469,ARDUINO_PSI,Arduino,0.000,0.000,0.000,,
143.032275,2026-03-16 16:30:14.570,ARDUINO_PSI,Arduino,0.000,0.000,0.000,,
143.132118,2026-03-16 16:30:14.670,ARDUINO_PSI,Arduino,0.000,0.000,0.000,,
143.232002,2026-03-16 16:30:14.770,ARDUINO_PSI,Arduino,0.000,0.000,0.000,,
143.332074,2026-03-16 16:30:14.870,ARDUINO_PSI,Arduino,0.000,0.000,0.000,,
143.431973,2026-03-16 16:30:14.970,ARDUINO_PSI,Arduino,0.000,0.000,0.000,,
143.531738,2026-03-16 16:30:15.070,ARDUINO_PSI,Arduino,0.000,0.000,0.000,,
143.631966,2026-03-16 16:30:15.170,ARDUINO_PSI,Arduino,0.000,0.000,0.000,,
143.732005,2026-03-16 16:30:15.270,ARDUINO_PSI,Arduino,0.000,0.000,0.000,,
143.831928,2026-03-16 16:30:15.370,ARDUINO_PSI,Arduino,0.000,0.000,0.000,,
143.932138,2026-03-16 16:30:15.470,ARDUINO_PSI,Arduino,0.000,0.000,0.000,,
144.031602,2026-03-16 16:30:15.569,ARDUINO_PSI,Arduino,0.000,0.000,0.000,,
144.131488,2026-03-16 16:30:15.669,ARDUINO_PSI,Arduino,0.000,0.000,0.000,,
144.232251,2026-03-16 16:30:15.770,ARDUINO_PSI,Arduino,0.000,0.000,0.000,,
144.331516,2026-03-16 16:30:15.869,ARDUINO_PSI,Arduino,0.000,0.000,0.000,,
144.432117,2026-03-16 16:30:15.970,ARDUINO_PSI,Arduino,0.000,0.000,0.000,,
144.532223,2026-03-16 16:30:16.070,ARDUINO_PSI,Arduino,0.000,0.000,0.000,,
144.631637,2026-03-16 16:30:16.170,ARDUINO_PSI,Arduino,0.000,0.000,0.000,,
144.731514,2026-03-16 16:30:16.269,ARDUINO_PSI,Arduino,0.000,0.000,0.000,,
144.831979,2026-03-16 16:30:16.370,ARDUINO_PSI,Arduino,0.000,0.000,0.000,,
144.931711,2026-03-16 16:30:16.470,ARDUINO_PSI,Arduino,0.000,0.000,0.000,,
145.032004,2026-03-16 16:30:16.570,ARDUINO_PSI,Arduino,0.000,0.000,0.000,,
145.132094,2026-03-16 16:30:16.670,ARDUINO_PSI,Arduino,0.000,0.000,0.000,,
145.231875,2026-03-16 16:30:16.770,ARDUINO_PSI,Arduino,0.000,0.000,0.000,,
145.331999,2026-03-16 16:30:16.870,ARDUINO_PSI,Arduino,0.000,0.000,0.000,,
145.431346,2026-03-16 16:30:16.969,ARDUINO_PSI,Arduino,0.000,0.000,0.000,,
145.531934,2026-03-16 16:30:17.070,ARDUINO_PSI,Arduino,0.000,0.000,0.000,,
145.631393,2026-03-16 16:30:17.169,ARDUINO_PSI,Arduino,0.000,0.000,0.000,,
145.731814,2026-03-16 16:30:17.270,ARDUINO_PSI,Arduino,0.000,0.000,0.000,,
145.831442,2026-03-16 16:30:17.369,ARDUINO_PSI,Arduino,0.000,0.000,0.000,,
145.932063,2026-03-16 16:30:17.470,ARDUINO_PSI,Arduino,0.000,0.000,0.000,,
146.032198,2026-03-16 16:30:17.570,ARDUINO_PSI,Arduino,0.000,0.000,0.000,,
146.131860,2026-03-16 16:30:17.670,ARDUINO_PSI,Arduino,0.000,0.000,0.000,,
146.231450,2026-03-16 16:30:17.769,ARDUINO_PSI,Arduino,0.000,0.000,0.000,,
146.332078,2026-03-16 16:30:17.870,ARDUINO_PSI,Arduino,0.000,0.000,0.000,,
146.431836,2026-03-16 16:30:17.970,ARDUINO_PSI,Arduino,0.000,0.000,0.000,,
146.531409,2026-03-16 16:30:18.069,ARDUINO_PSI,Arduino,0.000,0.000,0.000,,
146.631731,2026-03-16 16:30:18.170,ARDUINO_PSI,Arduino,0.000,0.000,0.000,,
146.731333,2026-03-16 16:30:18.269,ARDUINO_PSI,Arduino,0.000,0.000,0.000,,
146.831411,2026-03-16 16:30:18.369,ARDUINO_PSI,Arduino,0.000,0.000,0.000,,
146.931419,2026-03-16 16:30:18.469,ARDUINO_PSI,Arduino,0.000,0.000,0.000,,
147.031423,2026-03-16 16:30:18.569,ARDUINO_PSI,Arduino,0.000,0.000,0.000,,
147.131528,2026-03-16 16:30:18.669,ARDUINO_PSI,Arduino,0.000,0.000,0.000,,
147.231831,2026-03-16 16:30:18.770,ARDUINO_PSI,Arduino,0.000,0.000,0.000,,
147.331478,2026-03-16 16:30:18.869,ARDUINO_PSI,Arduino,0.000,0.000,0.000,,
147.431462,2026-03-16 16:30:18.969,ARDUINO_PSI,Arduino,0.000,0.000,0.000,,
147.532076,2026-03-16 16:30:19.070,ARDUINO_PSI,Arduino,0.000,0.000,0.000,,
147.632673,2026-03-16 16:30:19.171,ARDUINO_PSI,Arduino,0.000,0.000,0.000,,
147.732816,2026-03-16 16:30:19.271,ARDUINO_PSI,Arduino,0.000,0.000,0.000,,
147.832206,2026-03-16 16:30:19.370,ARDUINO_PSI,Arduino,0.000,0.000,0.000,,
147.931967,2026-03-16 16:30:19.470,ARDUINO_PSI,Arduino,0.000,0.000,0.000,,
148.031519,2026-03-16 16:30:19.569,ARDUINO_PSI,Arduino,0.000,0.000,0.000,,
148.132038,2026-03-16 16:30:19.670,ARDUINO_PSI,Arduino,0.000,0.000,0.000,,
148.232218,2026-03-16 16:30:19.770,ARDUINO_PSI,Arduino,0.000,0.000,0.000,,
148.332038,2026-03-16 16:30:19.870,ARDUINO_PSI,Arduino,0.000,0.000,0.000,,
148.431895,2026-03-16 16:30:19.970,ARDUINO_PSI,Arduino,0.000,0.000,0.000,,
148.532913,2026-03-16 16:30:20.071,ARDUINO_PSI,Arduino,0.000,0.000,0.000,,
148.632263,2026-03-16 16:30:20.170,ARDUINO_PSI,Arduino,0.000,0.000,0.000,,
148.733052,2026-03-16 16:30:20.271,ARDUINO_PSI,Arduino,0.000,0.000,0.000,,
148.832155,2026-03-16 16:30:20.370,ARDUINO_PSI,Arduino,0.000,0.000,0.000,,
148.932256,2026-03-16 16:30:20.470,ARDUINO_PSI,Arduino,0.000,0.000,0.000,,
149.033032,2026-03-16 16:30:20.571,ARDUINO_PSI,Arduino,0.000,0.000,0.000,,
149.131399,2026-03-16 16:30:20.669,ARDUINO_PSI,Arduino,0.000,0.000,0.000,,
149.231797,2026-03-16 16:30:20.770,ARDUINO_PSI,Arduino,0.000,0.000,0.000,,
149.332593,2026-03-16 16:30:20.870,ARDUINO_PSI,Arduino,0.000,0.000,0.000,,
149.431447,2026-03-16 16:30:20.969,ARDUINO_PSI,Arduino,0.000,0.000,0.000,,
149.531427,2026-03-16 16:30:21.069,ARDUINO_PSI,Arduino,0.000,0.000,0.000,,
149.631802,2026-03-16 16:30:21.170,ARDUINO_PSI,Arduino,0.000,0.000,0.000,,
149.731433,2026-03-16 16:30:21.269,ARDUINO_PSI,Arduino,0.000,0.000,0.000,,
149.831625,2026-03-16 16:30:21.369,ARDUINO_PSI,Arduino,0.000,0.000,0.000,,
149.931616,2026-03-16 16:30:21.469,ARDUINO_PSI,Arduino,0.000,0.000,0.000,,
150.031404,2026-03-16 16:30:21.569,ARDUINO_PSI,Arduino,0.000,0.000,0.000,,
150.131542,2026-03-16 16:30:21.669,ARDUINO_PSI,Arduino,0.000,0.000,0.000,,
150.231628,2026-03-16 16:30:21.769,ARDUINO_PSI,Arduino,0.000,0.000,0.000,,
150.331609,2026-03-16 16:30:21.869,ARDUINO_PSI,Arduino,0.000,0.000,0.000,,
150.431513,2026-03-16 16:30:21.969,ARDUINO_PSI,Arduino,0.000,0.000,0.000,,
150.531498,2026-03-16 16:30:22.069,ARDUINO_PSI,Arduino,0.000,0.000,0.000,,
150.631378,2026-03-16 16:30:22.169,ARDUINO_PSI,Arduino,0.000,0.000,0.000,,
150.731861,2026-03-16 16:30:22.270,ARDUINO_PSI,Arduino,0.000,0.000,0.000,,
150.831809,2026-03-16 16:30:22.370,ARDUINO_PSI,Arduino,0.000,0.000,0.000,,
150.931802,2026-03-16 16:30:22.470,ARDUINO_PSI,Arduino,0.000,0.000,0.000,,
151.033865,2026-03-16 16:30:22.572,ARDUINO_PSI,Arduino,0.000,0.000,0.000,,
151.132509,2026-03-16 16:30:22.670,ARDUINO_PSI,Arduino,0.000,0.000,0.000,,
151.231415,2026-03-16 16:30:22.769,ARDUINO_PSI,Arduino,0.000,0.000,0.000,,
151.331466,2026-03-16 16:30:22.869,ARDUINO_PSI,Arduino,0.000,0.000,0.000,,
151.431427,2026-03-16 16:30:22.969,ARDUINO_PSI,Arduino,0.000,0.000,0.000,,
151.533846,2026-03-16 16:30:23.072,ARDUINO_PSI,Arduino,0.000,0.000,0.000,,
151.633788,2026-03-16 16:30:23.172,ARDUINO_PSI,Arduino,0.000,0.000,0.000,,
151.732021,2026-03-16 16:30:23.270,ARDUINO_PSI,Arduino,0.000,0.000,0.000,,
151.831428,2026-03-16 16:30:23.369,ARDUINO_PSI,Arduino,0.000,0.000,0.000,,
151.933575,2026-03-16 16:30:23.471,ARDUINO_PSI,Arduino,0.000,0.000,0.000,,
152.033063,2026-03-16 16:30:23.571,ARDUINO_PSI,Arduino,0.000,0.000,0.000,,
152.131522,2026-03-16 16:30:23.669,ARDUINO_PSI,Arduino,0.000,0.000,0.000,,
152.231437,2026-03-16 16:30:23.769,ARDUINO_PSI,Arduino,0.000,0.000,0.000,,
152.331402,2026-03-16 16:30:23.869,ARDUINO_PSI,Arduino,0.000,0.000,0.000,,
152.431489,2026-03-16 16:30:23.969,ARDUINO_PSI,Arduino,0.000,0.000,0.000,,
152.531954,2026-03-16 16:30:24.070,ARDUINO_PSI,Arduino,0.000,0.000,0.000,,
152.631773,2026-03-16 16:30:24.170,ARDUINO_PSI,Arduino,0.000,0.000,0.000,,
152.732123,2026-03-16 16:30:24.270,ARDUINO_PSI,Arduino,0.000,0.000,0.000,,
152.831633,2026-03-16 16:30:24.369,ARDUINO_PSI,Arduino,0.000,0.000,0.000,,
152.931462,2026-03-16 16:30:24.469,ARDUINO_PSI,Arduino,0.000,0.000,0.000,,
153.031843,2026-03-16 16:30:24.570,ARDUINO_PSI,Arduino,0.000,0.000,0.000,,
153.131817,2026-03-16 16:30:24.670,ARDUINO_PSI,Arduino,0.000,0.000,0.000,,
153.231920,2026-03-16 16:30:24.770,ARDUINO_PSI,Arduino,0.000,0.000,0.000,,
153.331896,2026-03-16 16:30:24.870,ARDUINO_PSI,Arduino,0.000,0.000,0.000,,
153.431841,2026-03-16 16:30:24.970,ARDUINO_PSI,Arduino,0.000,0.000,0.000,,
153.532239,2026-03-16 16:30:25.070,ARDUINO_PSI,Arduino,0.000,0.000,0.000,,
153.631406,2026-03-16 16:30:25.169,ARDUINO_PSI,Arduino,0.000,0.000,0.000,,
153.731884,2026-03-16 16:30:25.270,ARDUINO_PSI,Arduino,0.000,0.000,0.000,,
153.831455,2026-03-16 16:30:25.369,ARDUINO_PSI,Arduino,0.000,0.000,0.000,,
153.931633,2026-03-16 16:30:25.469,ARDUINO_PSI,Arduino,0.000,0.000,0.000,,
154.031425,2026-03-16 16:30:25.569,ARDUINO_PSI,Arduino,0.000,0.000,0.000,,
154.131518,2026-03-16 16:30:25.669,ARDUINO_PSI,Arduino,0.000,0.000,0.000,,
154.231832,2026-03-16 16:30:25.770,ARDUINO_PSI,Arduino,0.000,0.000,0.000,,
154.331428,2026-03-16 16:30:25.869,ARDUINO_PSI,Arduino,0.000,0.000,0.000,,
154.433270,2026-03-16 16:30:25.971,ARDUINO_PSI,Arduino,0.000,0.000,0.000,,
154.531448,2026-03-16 16:30:26.069,ARDUINO_PSI,Arduino,0.000,0.000,0.000,,
154.633198,2026-03-16 16:30:26.171,ARDUINO_PSI,Arduino,0.000,0.000,0.000,,
154.731671,2026-03-16 16:30:26.270,ARDUINO_PSI,Arduino,0.000,0.000,0.000,,
154.833128,2026-03-16 16:30:26.371,ARDUINO_PSI,Arduino,0.000,0.000,0.000,,
154.931408,2026-03-16 16:30:26.469,ARDUINO_PSI,Arduino,0.000,0.000,0.000,,
155.031575,2026-03-16 16:30:26.569,ARDUINO_PSI,Arduino,0.000,0.000,0.000,,
155.131716,2026-03-16 16:30:26.670,ARDUINO_PSI,Arduino,0.000,0.000,0.000,,
155.231747,2026-03-16 16:30:26.770,ARDUINO_PSI,Arduino,0.000,0.000,0.000,,
155.332043,2026-03-16 16:30:26.870,ARDUINO_PSI,Arduino,0.000,0.000,0.000,,
155.431796,2026-03-16 16:30:26.970,ARDUINO_PSI,Arduino,0.000,0.000,0.000,,
155.531431,2026-03-16 16:30:27.069,ARDUINO_PSI,Arduino,0.000,0.000,0.000,,
155.631603,2026-03-16 16:30:27.169,ARDUINO_PSI,Arduino,0.000,0.000,0.000,,
155.732587,2026-03-16 16:30:27.270,ARDUINO_PSI,Arduino,0.000,0.000,0.000,,
155.832165,2026-03-16 16:30:27.370,ARDUINO_PSI,Arduino,0.000,0.000,0.000,,
155.931579,2026-03-16 16:30:27.469,ARDUINO_PSI,Arduino,0.000,0.000,0.000,,
156.032652,2026-03-16 16:30:27.571,ARDUINO_PSI,Arduino,0.000,0.000,0.000,,
156.131510,2026-03-16 16:30:27.669,ARDUINO_PSI,Arduino,0.000,0.000,0.000,,
156.231542,2026-03-16 16:30:27.769,ARDUINO_PSI,Arduino,0.000,0.000,0.000,,
156.331415,2026-03-16 16:30:27.869,ARDUINO_PSI,Arduino,0.000,0.000,0.000,,
156.431499,2026-03-16 16:30:27.969,ARDUINO_PSI,Arduino,0.000,0.000,0.000,,
156.531504,2026-03-16 16:30:28.069,ARDUINO_PSI,Arduino,0.000,0.000,0.000,,
156.632165,2026-03-16 16:30:28.170,ARDUINO_PSI,Arduino,0.000,0.000,0.000,,
156.732333,2026-03-16 16:30:28.270,ARDUINO_PSI,Arduino,0.000,0.000,0.000,,
156.832081,2026-03-16 16:30:28.370,ARDUINO_PSI,Arduino,0.000,0.000,0.000,,
156.931926,2026-03-16 16:30:28.470,ARDUINO_PSI,Arduino,0.000,0.000,0.000,,
157.032281,2026-03-16 16:30:28.570,ARDUINO_PSI,Arduino,0.000,0.000,0.000,,
157.132285,2026-03-16 16:30:28.670,ARDUINO_PSI,Arduino,0.000,0.000,0.000,,
157.232048,2026-03-16 16:30:28.770,ARDUINO_PSI,Arduino,0.000,0.000,0.000,,
157.332030,2026-03-16 16:30:28.870,ARDUINO_PSI,Arduino,0.000,0.000,0.000,,
157.432162,2026-03-16 16:30:28.970,ARDUINO_PSI,Arduino,0.000,0.000,0.000,,
157.532926,2026-03-16 16:30:29.071,ARDUINO_PSI,Arduino,0.000,0.000,0.000,,
157.632854,2026-03-16 16:30:29.171,ARDUINO_PSI,Arduino,0.000,0.000,0.000,,
157.731835,2026-03-16 16:30:29.270,ARDUINO_PSI,Arduino,0.000,0.000,0.000,,
157.832095,2026-03-16 16:30:29.370,ARDUINO_PSI,Arduino,0.000,0.000,0.000,,
157.931907,2026-03-16 16:30:29.470,ARDUINO_PSI,Arduino,0.000,0.000,0.000,,
158.032735,2026-03-16 16:30:29.571,ARDUINO_PSI,Arduino,0.000,0.000,0.000,,
158.133386,2026-03-16 16:30:29.671,ARDUINO_PSI,Arduino,0.000,0.000,0.000,,
158.233211,2026-03-16 16:30:29.771,ARDUINO_PSI,Arduino,0.000,0.000,0.000,,
158.332388,2026-03-16 16:30:29.870,ARDUINO_PSI,Arduino,0.000,0.000,0.000,,
158.431527,2026-03-16 16:30:29.969,ARDUINO_PSI,Arduino,0.000,0.000,0.000,,
158.532663,2026-03-16 16:30:30.071,ARDUINO_PSI,Arduino,0.000,0.000,0.000,,
158.632155,2026-03-16 16:30:30.170,ARDUINO_PSI,Arduino,0.000,0.000,0.000,,
158.733106,2026-03-16 16:30:30.271,ARDUINO_PSI,Arduino,0.000,0.000,0.000,,
158.832934,2026-03-16 16:30:30.371,ARDUINO_PSI,Arduino,0.000,0.000,0.000,,
158.932186,2026-03-16 16:30:30.470,ARDUINO_PSI,Arduino,0.000,0.000,0.000,,
159.032113,2026-03-16 16:30:30.570,ARDUINO_PSI,Arduino,0.000,0.000,0.000,,
159.132163,2026-03-16 16:30:30.670,ARDUINO_PSI,Arduino,0.000,0.000,0.000,,
159.231785,2026-03-16 16:30:30.770,ARDUINO_PSI,Arduino,0.000,0.000,0.000,,
159.332955,2026-03-16 16:30:30.871,ARDUINO_PSI,Arduino,0.000,0.000,0.000,,
159.432348,2026-03-16 16:30:30.970,ARDUINO_PSI,Arduino,0.000,0.000,0.000,,
159.533789,2026-03-16 16:30:31.072,ARDUINO_PSI,Arduino,0.000,0.000,0.000,,
159.633213,2026-03-16 16:30:31.171,ARDUINO_PSI,Arduino,0.000,0.000,0.000,,
159.732145,2026-03-16 16:30:31.270,ARDUINO_PSI,Arduino,0.000,0.000,0.000,,
159.832167,2026-03-16 16:30:31.370,ARDUINO_PSI,Arduino,0.000,0.000,0.000,,
159.932622,2026-03-16 16:30:31.470,ARDUINO_PSI,Arduino,0.000,0.000,0.000,,
160.032930,2026-03-16 16:30:31.571,ARDUINO_PSI,Arduino,0.000,0.000,0.000,,
160.132247,2026-03-16 16:30:31.670,ARDUINO_PSI,Arduino,0.000,0.000,0.000,,
160.232994,2026-03-16 16:30:31.771,ARDUINO_PSI,Arduino,0.000,0.000,0.000,,
160.332468,2026-03-16 16:30:31.870,ARDUINO_PSI,Arduino,0.000,0.000,0.000,,
160.432740,2026-03-16 16:30:31.971,ARDUINO_PSI,Arduino,0.000,0.000,0.000,,
160.532045,2026-03-16 16:30:32.070,ARDUINO_PSI,Arduino,0.000,0.000,0.000,,
160.632099,2026-03-16 16:30:32.170,ARDUINO_PSI,Arduino,0.000,0.000,0.000,,
160.732283,2026-03-16 16:30:32.270,ARDUINO_PSI,Arduino,0.000,0.000,0.000,,
160.832685,2026-03-16 16:30:32.371,ARDUINO_PSI,Arduino,0.000,0.000,0.000,,
160.932009,2026-03-16 16:30:32.470,ARDUINO_PSI,Arduino,0.000,0.000,0.000,,
161.032310,2026-03-16 16:30:32.570,ARDUINO_PSI,Arduino,0.000,0.000,0.000,,
161.132164,2026-03-16 16:30:32.670,ARDUINO_PSI,Arduino,0.000,0.000,0.000,,
161.232120,2026-03-16 16:30:32.770,ARDUINO_PSI,Arduino,0.000,0.000,0.000,,
161.332162,2026-03-16 16:30:32.870,ARDUINO_PSI,Arduino,0.000,0.000,0.000,,
161.432070,2026-03-16 16:30:32.970,ARDUINO_PSI,Arduino,0.000,0.000,0.000,,
161.532014,2026-03-16 16:30:33.070,ARDUINO_PSI,Arduino,0.000,0.000,0.000,,
161.632150,2026-03-16 16:30:33.170,ARDUINO_PSI,Arduino,0.000,0.000,0.000,,
161.732167,2026-03-16 16:30:33.270,ARDUINO_PSI,Arduino,0.000,0.000,0.000,,
161.832267,2026-03-16 16:30:33.370,ARDUINO_PSI,Arduino,0.000,0.000,0.000,,
161.932469,2026-03-16 16:30:33.470,ARDUINO_PSI,Arduino,0.000,0.000,0.000,,
162.032611,2026-03-16 16:30:33.570,ARDUINO_PSI,Arduino,0.000,0.000,0.000,,
162.132186,2026-03-16 16:30:33.670,ARDUINO_PSI,Arduino,0.000,0.000,0.000,,
162.232527,2026-03-16 16:30:33.770,ARDUINO_PSI,Arduino,0.000,0.000,0.000,,
162.332666,2026-03-16 16:30:33.871,ARDUINO_PSI,Arduino,0.000,0.000,0.000,,
162.432065,2026-03-16 16:30:33.970,ARDUINO_PSI,Arduino,0.000,0.000,0.000,,
162.532769,2026-03-16 16:30:34.071,ARDUINO_PSI,Arduino,0.000,0.000,0.000,,
162.631607,2026-03-16 16:30:34.169,ARDUINO_PSI,Arduino,0.000,0.000,0.000,,
162.731501,2026-03-16 16:30:34.269,ARDUINO_PSI,Arduino,0.000,0.000,0.000,,
162.831771,2026-03-16 16:30:34.370,ARDUINO_PSI,Arduino,0.000,0.000,0.000,,
162.933797,2026-03-16 16:30:34.472,ARDUINO_PSI,Arduino,0.000,0.000,0.000,,
163.031981,2026-03-16 16:30:34.570,ARDUINO_PSI,Arduino,0.000,0.000,0.000,,
163.132267,2026-03-16 16:30:34.670,ARDUINO_PSI,Arduino,0.000,0.000,0.000,,
163.231971,2026-03-16 16:30:34.770,ARDUINO_PSI,Arduino,0.000,0.000,0.000,,
163.332877,2026-03-16 16:30:34.871,ARDUINO_PSI,Arduino,0.000,0.000,0.000,,
163.433051,2026-03-16 16:30:34.971,ARDUINO_PSI,Arduino,0.000,0.000,0.000,,
163.532897,2026-03-16 16:30:35.071,ARDUINO_PSI,Arduino,0.000,0.000,0.000,,
163.633167,2026-03-16 16:30:35.171,ARDUINO_PSI,Arduino,0.000,0.000,0.000,,
163.733287,2026-03-16 16:30:35.271,ARDUINO_PSI,Arduino,0.000,0.000,0.000,,
163.832152,2026-03-16 16:30:35.370,ARDUINO_PSI,Arduino,0.000,0.000,0.000,,
163.933205,2026-03-16 16:30:35.471,ARDUINO_PSI,Arduino,0.000,0.000,0.000,,
164.032098,2026-03-16 16:30:35.570,ARDUINO_PSI,Arduino,0.000,0.000,0.000,,
164.132164,2026-03-16 16:30:35.670,ARDUINO_PSI,Arduino,0.000,0.000,0.000,,
164.232105,2026-03-16 16:30:35.770,ARDUINO_PSI,Arduino,0.000,0.000,0.000,,
164.332691,2026-03-16 16:30:35.871,ARDUINO_PSI,Arduino,0.000,0.000,0.000,,
164.432527,2026-03-16 16:30:35.970,ARDUINO_PSI,Arduino,0.000,0.000,0.000,,
164.532169,2026-03-16 16:30:36.070,ARDUINO_PSI,Arduino,0.000,0.000,0.000,,
164.632123,2026-03-16 16:30:36.170,ARDUINO_PSI,Arduino,0.000,0.000,0.000,,
164.732142,2026-03-16 16:30:36.270,ARDUINO_PSI,Arduino,0.000,0.000,0.000,,
164.832169,2026-03-16 16:30:36.370,ARDUINO_PSI,Arduino,0.000,0.000,0.000,,
164.933247,2026-03-16 16:30:36.471,ARDUINO_PSI,Arduino,0.000,0.000,0.000,,
165.032210,2026-03-16 16:30:36.570,ARDUINO_PSI,Arduino,0.000,0.000,0.000,,
165.132184,2026-03-16 16:30:36.670,ARDUINO_PSI,Arduino,0.000,0.000,0.000,,
165.232601,2026-03-16 16:30:36.770,ARDUINO_PSI,Arduino,0.000,0.000,0.000,,
165.332733,2026-03-16 16:30:36.871,ARDUINO_PSI,Arduino,0.000,0.000,0.000,,
165.432801,2026-03-16 16:30:36.971,ARDUINO_PSI,Arduino,0.000,0.000,0.000,,
165.532283,2026-03-16 16:30:37.070,ARDUINO_PSI,Arduino,0.000,0.000,0.000,,
165.633233,2026-03-16 16:30:37.171,ARDUINO_PSI,Arduino,0.000,0.000,0.000,,
165.731724,2026-03-16 16:30:37.270,ARDUINO_PSI,Arduino,0.000,0.000,0.000,,
165.831508,2026-03-16 16:30:37.369,ARDUINO_PSI,Arduino,0.000,0.000,0.000,,
165.932603,2026-03-16 16:30:37.470,ARDUINO_PSI,Arduino,0.000,0.000,0.000,,
166.031865,2026-03-16 16:30:37.570,ARDUINO_PSI,Arduino,0.000,0.000,0.000,,
166.132165,2026-03-16 16:30:37.670,ARDUINO_PSI,Arduino,0.000,0.000,0.000,,
166.232130,2026-03-16 16:30:37.770,ARDUINO_PSI,Arduino,0.000,0.000,0.000,,
166.332173,2026-03-16 16:30:37.870,ARDUINO_PSI,Arduino,0.000,0.000,0.000,,
166.432135,2026-03-16 16:30:37.970,ARDUINO_PSI,Arduino,0.000,0.000,0.000,,
166.532838,2026-03-16 16:30:38.071,ARDUINO_PSI,Arduino,0.000,0.000,0.000,,
166.632297,2026-03-16 16:30:38.170,ARDUINO_PSI,Arduino,0.000,0.000,0.000,,
166.733226,2026-03-16 16:30:38.271,ARDUINO_PSI,Arduino,0.000,0.000,0.000,,
166.833561,2026-03-16 16:30:38.372,ARDUINO_PSI,Arduino,0.000,0.000,0.000,,
166.933079,2026-03-16 16:30:38.471,ARDUINO_PSI,Arduino,0.000,0.000,0.000,,
167.032056,2026-03-16 16:30:38.570,ARDUINO_PSI,Arduino,0.000,0.000,0.000,,
167.132272,2026-03-16 16:30:38.670,ARDUINO_PSI,Arduino,0.000,0.000,0.000,,
167.232333,2026-03-16 16:30:38.770,ARDUINO_PSI,Arduino,0.000,0.000,0.000,,
167.333353,2026-03-16 16:30:38.871,ARDUINO_PSI,Arduino,0.000,0.000,0.000,,
167.433141,2026-03-16 16:30:38.971,ARDUINO_PSI,Arduino,0.000,0.000,0.000,,
167.533168,2026-03-16 16:30:39.071,ARDUINO_PSI,Arduino,0.000,0.000,0.000,,
167.632233,2026-03-16 16:30:39.170,ARDUINO_PSI,Arduino,0.000,0.000,0.000,,
167.732190,2026-03-16 16:30:39.270,ARDUINO_PSI,Arduino,0.000,0.000,0.000,,
167.832261,2026-03-16 16:30:39.370,ARDUINO_PSI,Arduino,0.000,0.000,0.000,,
167.932979,2026-03-16 16:30:39.471,ARDUINO_PSI,Arduino,0.000,0.000,0.000,,
168.032180,2026-03-16 16:30:39.570,ARDUINO_PSI,Arduino,0.000,0.000,0.000,,
168.132900,2026-03-16 16:30:39.671,ARDUINO_PSI,Arduino,0.000,0.000,0.000,,
168.232050,2026-03-16 16:30:39.770,ARDUINO_PSI,Arduino,0.000,0.000,0.000,,
168.332150,2026-03-16 16:30:39.870,ARDUINO_PSI,Arduino,0.000,0.000,0.000,,
168.431514,2026-03-16 16:30:39.969,ARDUINO_PSI,Arduino,0.000,0.000,0.000,,
168.532302,2026-03-16 16:30:40.070,ARDUINO_PSI,Arduino,0.000,0.000,0.000,,
168.632102,2026-03-16 16:30:40.170,ARDUINO_PSI,Arduino,0.000,0.000,0.000,,
168.732227,2026-03-16 16:30:40.270,ARDUINO_PSI,Arduino,0.000,0.000,0.000,,
168.832146,2026-03-16 16:30:40.370,ARDUINO_PSI,Arduino,0.000,0.000,0.000,,
168.932279,2026-03-16 16:30:40.470,ARDUINO_PSI,Arduino,0.000,0.000,0.000,,
169.032122,2026-03-16 16:30:40.570,ARDUINO_PSI,Arduino,0.000,0.000,0.000,,
169.132386,2026-03-16 16:30:40.670,ARDUINO_PSI,Arduino,0.000,0.000,0.000,,
169.232617,2026-03-16 16:30:40.770,ARDUINO_PSI,Arduino,0.000,0.000,0.000,,
169.332487,2026-03-16 16:30:40.870,ARDUINO_PSI,Arduino,0.000,0.000,0.000,,
169.432109,2026-03-16 16:30:40.970,ARDUINO_PSI,Arduino,0.000,0.000,0.000,,
169.532019,2026-03-16 16:30:41.070,ARDUINO_PSI,Arduino,0.000,0.000,0.000,,
169.633383,2026-03-16 16:30:41.171,ARDUINO_PSI,Arduino,0.000,0.000,0.000,,
169.732156,2026-03-16 16:30:41.270,ARDUINO_PSI,Arduino,0.000,0.000,0.000,,
169.832738,2026-03-16 16:30:41.371,ARDUINO_PSI,Arduino,0.000,0.000,0.000,,
169.932230,2026-03-16 16:30:41.470,ARDUINO_PSI,Arduino,0.000,0.000,0.000,,
170.032349,2026-03-16 16:30:41.570,ARDUINO_PSI,Arduino,0.000,0.000,0.000,,
170.132148,2026-03-16 16:30:41.670,ARDUINO_PSI,Arduino,0.000,0.000,0.000,,
170.232114,2026-03-16 16:30:41.770,ARDUINO_PSI,Arduino,0.000,0.000,0.000,,
170.332010,2026-03-16 16:30:41.870,ARDUINO_PSI,Arduino,0.000,0.000,0.000,,
170.432655,2026-03-16 16:30:41.971,ARDUINO_PSI,Arduino,0.000,0.000,0.000,,
170.532088,2026-03-16 16:30:42.070,ARDUINO_PSI,Arduino,0.000,0.000,0.000,,
170.632133,2026-03-16 16:30:42.170,ARDUINO_PSI,Arduino,0.000,0.000,0.000,,
170.732797,2026-03-16 16:30:42.271,ARDUINO_PSI,Arduino,0.000,0.000,0.000,,
170.832627,2026-03-16 16:30:42.370,ARDUINO_PSI,Arduino,0.000,0.000,0.000,,
170.933723,2026-03-16 16:30:42.472,ARDUINO_PSI,Arduino,0.000,0.000,0.000,,
171.032122,2026-03-16 16:30:42.570,ARDUINO_PSI,Arduino,0.000,0.000,0.000,,
171.132125,2026-03-16 16:30:42.670,ARDUINO_PSI,Arduino,0.000,0.000,0.000,,
171.232212,2026-03-16 16:30:42.770,ARDUINO_PSI,Arduino,0.000,0.000,0.000,,
171.332034,2026-03-16 16:30:42.870,ARDUINO_PSI,Arduino,0.000,0.000,0.000,,
171.432791,2026-03-16 16:30:42.971,ARDUINO_PSI,Arduino,0.000,0.000,0.000,,
171.532103,2026-03-16 16:30:43.070,ARDUINO_PSI,Arduino,0.000,0.000,0.000,,
171.633266,2026-03-16 16:30:43.171,ARDUINO_PSI,Arduino,0.000,0.000,0.000,,
171.732073,2026-03-16 16:30:43.270,ARDUINO_PSI,Arduino,0.000,0.000,0.000,,
171.832333,2026-03-16 16:30:43.370,ARDUINO_PSI,Arduino,0.000,0.000,0.000,,
171.931625,2026-03-16 16:30:43.469,ARDUINO_PSI,Arduino,0.000,0.000,0.000,,
172.033226,2026-03-16 16:30:43.571,ARDUINO_PSI,Arduino,0.000,0.000,0.000,,
172.132201,2026-03-16 16:30:43.670,ARDUINO_PSI,Arduino,0.000,0.000,0.000,,
172.232134,2026-03-16 16:30:43.770,ARDUINO_PSI,Arduino,0.000,0.000,0.000,,
172.331583,2026-03-16 16:30:43.869,ARDUINO_PSI,Arduino,0.000,0.000,0.000,,
172.432148,2026-03-16 16:30:43.970,ARDUINO_PSI,Arduino,0.000,0.000,0.000,,
172.532447,2026-03-16 16:30:44.070,ARDUINO_PSI,Arduino,0.000,0.000,0.000,,
172.633097,2026-03-16 16:30:44.171,ARDUINO_PSI,Arduino,0.000,0.000,0.000,,
172.732963,2026-03-16 16:30:44.271,ARDUINO_PSI,Arduino,0.000,0.000,0.000,,
172.832504,2026-03-16 16:30:44.370,ARDUINO_PSI,Arduino,0.000,0.000,0.000,,
172.932226,2026-03-16 16:30:44.470,ARDUINO_PSI,Arduino,0.000,0.000,0.000,,
173.032139,2026-03-16 16:30:44.570,ARDUINO_PSI,Arduino,0.000,0.000,0.000,,
173.133464,2026-03-16 16:30:44.671,ARDUINO_PSI,Arduino,0.000,0.000,0.000,,
173.232529,2026-03-16 16:30:44.770,ARDUINO_PSI,Arduino,0.000,0.000,0.000,,
173.331572,2026-03-16 16:30:44.869,ARDUINO_PSI,Arduino,0.000,0.000,0.000,,
173.432146,2026-03-16 16:30:44.970,ARDUINO_PSI,Arduino,0.000,0.000,0.000,,
173.532027,2026-03-16 16:30:45.070,ARDUINO_PSI,Arduino,0.000,0.000,0.000,,
173.631953,2026-03-16 16:30:45.170,ARDUINO_PSI,Arduino,0.000,0.000,0.000,,
173.732180,2026-03-16 16:30:45.270,ARDUINO_PSI,Arduino,0.000,0.000,0.000,,
173.833138,2026-03-16 16:30:45.371,ARDUINO_PSI,Arduino,0.000,0.000,0.000,,
173.932281,2026-03-16 16:30:45.470,ARDUINO_PSI,Arduino,0.000,0.000,0.000,,
174.031497,2026-03-16 16:30:45.569,ARDUINO_PSI,Arduino,0.000,0.000,0.000,,
174.132907,2026-03-16 16:30:45.671,ARDUINO_PSI,Arduino,0.000,0.000,0.000,,
174.233225,2026-03-16 16:30:45.771,ARDUINO_PSI,Arduino,0.000,0.000,0.000,,
174.332195,2026-03-16 16:30:45.870,ARDUINO_PSI,Arduino,0.000,0.000,0.000,,
174.432751,2026-03-16 16:30:45.971,ARDUINO_PSI,Arduino,0.000,0.000,0.000,,
174.532206,2026-03-16 16:30:46.070,ARDUINO_PSI,Arduino,0.000,0.000,0.000,,
174.632223,2026-03-16 16:30:46.170,ARDUINO_PSI,Arduino,0.000,0.000,0.000,,
174.732099,2026-03-16 16:30:46.270,ARDUINO_PSI,Arduino,0.000,0.000,0.000,,
174.832755,2026-03-16 16:30:46.371,ARDUINO_PSI,Arduino,0.000,0.000,0.000,,
174.932178,2026-03-16 16:30:46.470,ARDUINO_PSI,Arduino,0.000,0.000,0.000,,
175.032124,2026-03-16 16:30:46.570,ARDUINO_PSI,Arduino,0.000,0.000,0.000,,
175.132663,2026-03-16 16:30:46.671,ARDUINO_PSI,Arduino,0.000,0.000,0.000,,
175.232231,2026-03-16 16:30:46.770,ARDUINO_PSI,Arduino,0.000,0.000,0.000,,
175.332367,2026-03-16 16:30:46.870,ARDUINO_PSI,Arduino,0.000,0.000,0.000,,
175.431818,2026-03-16 16:30:46.970,ARDUINO_PSI,Arduino,0.000,0.000,0.000,,
175.532130,2026-03-16 16:30:47.070,ARDUINO_PSI,Arduino,0.000,0.000,0.000,,
175.632209,2026-03-16 16:30:47.170,ARDUINO_PSI,Arduino,0.000,0.000,0.000,,
175.732287,2026-03-16 16:30:47.270,ARDUINO_PSI,Arduino,0.000,0.000,0.000,,
175.832972,2026-03-16 16:30:47.371,ARDUINO_PSI,Arduino,0.000,0.000,0.000,,
175.931553,2026-03-16 16:30:47.469,ARDUINO_PSI,Arduino,0.000,0.000,0.000,,
176.032146,2026-03-16 16:30:47.570,ARDUINO_PSI,Arduino,0.000,0.000,0.000,,
176.132157,2026-03-16 16:30:47.670,ARDUINO_PSI,Arduino,0.000,0.000,0.000,,
176.232102,2026-03-16 16:30:47.770,ARDUINO_PSI,Arduino,0.000,0.000,0.000,,
176.333684,2026-03-16 16:30:47.872,ARDUINO_PSI,Arduino,0.000,0.000,0.000,,
176.432412,2026-03-16 16:30:47.970,ARDUINO_PSI,Arduino,0.000,0.000,0.000,,
176.532226,2026-03-16 16:30:48.070,ARDUINO_PSI,Arduino,0.000,0.000,0.000,,
176.632735,2026-03-16 16:30:48.171,ARDUINO_PSI,Arduino,0.000,0.000,0.000,,
176.733110,2026-03-16 16:30:48.271,ARDUINO_PSI,Arduino,0.000,0.000,0.000,,
176.833126,2026-03-16 16:30:48.371,ARDUINO_PSI,Arduino,0.000,0.000,0.000,,
176.932760,2026-03-16 16:30:48.471,ARDUINO_PSI,Arduino,0.000,0.000,0.000,,
177.031476,2026-03-16 16:30:48.569,ARDUINO_PSI,Arduino,0.000,0.000,0.000,,
177.131483,2026-03-16 16:30:48.669,ARDUINO_PSI,Arduino,0.000,0.000,0.000,,
177.233193,2026-03-16 16:30:48.771,ARDUINO_PSI,Arduino,0.000,0.000,0.000,,
177.332516,2026-03-16 16:30:48.870,ARDUINO_PSI,Arduino,0.000,0.000,0.000,,
177.432185,2026-03-16 16:30:48.970,ARDUINO_PSI,Arduino,0.000,0.000,0.000,,
177.532746,2026-03-16 16:30:49.071,ARDUINO_PSI,Arduino,0.000,0.000,0.000,,
177.633212,2026-03-16 16:30:49.171,ARDUINO_PSI,Arduino,0.000,0.000,0.000,,
177.732245,2026-03-16 16:30:49.270,ARDUINO_PSI,Arduino,0.000,0.000,0.000,,
177.832742,2026-03-16 16:30:49.371,ARDUINO_PSI,Arduino,0.000,0.000,0.000,,
177.933016,2026-03-16 16:30:49.471,ARDUINO_PSI,Arduino,0.000,0.000,0.000,,
178.032359,2026-03-16 16:30:49.570,ARDUINO_PSI,Arduino,0.000,0.000,0.000,,
178.132413,2026-03-16 16:30:49.670,ARDUINO_PSI,Arduino,0.000,0.000,0.000,,
178.233257,2026-03-16 16:30:49.771,ARDUINO_PSI,Arduino,0.000,0.000,0.000,,
178.332146,2026-03-16 16:30:49.870,ARDUINO_PSI,Arduino,0.000,0.000,0.000,,
178.433211,2026-03-16 16:30:49.971,ARDUINO_PSI,Arduino,0.000,0.000,0.000,,
178.532901,2026-03-16 16:30:50.071,ARDUINO_PSI,Arduino,0.000,0.000,0.000,,
178.632254,2026-03-16 16:30:50.170,ARDUINO_PSI,Arduino,0.000,0.000,0.000,,
178.732128,2026-03-16 16:30:50.270,ARDUINO_PSI,Arduino,0.000,0.000,0.000,,
178.832308,2026-03-16 16:30:50.370,ARDUINO_PSI,Arduino,0.000,0.000,0.000,,
178.932176,2026-03-16 16:30:50.470,ARDUINO_PSI,Arduino,0.000,0.000,0.000,,
179.032129,2026-03-16 16:30:50.570,ARDUINO_PSI,Arduino,0.000,0.000,0.000,,
179.132238,2026-03-16 16:30:50.670,ARDUINO_PSI,Arduino,0.000,0.000,0.000,,
179.232177,2026-03-16 16:30:50.770,ARDUINO_PSI,Arduino,0.000,0.000,0.000,,
179.332130,2026-03-16 16:30:50.870,ARDUINO_PSI,Arduino,0.000,0.000,0.000,,
179.433105,2026-03-16 16:30:50.971,ARDUINO_PSI,Arduino,0.000,0.000,0.000,,
179.533026,2026-03-16 16:30:51.071,ARDUINO_PSI,Arduino,0.000,0.000,0.000,,
179.632168,2026-03-16 16:30:51.170,ARDUINO_PSI,Arduino,0.000,0.000,0.000,,
179.732666,2026-03-16 16:30:51.271,ARDUINO_PSI,Arduino,0.000,0.000,0.000,,
179.833415,2026-03-16 16:30:51.371,ARDUINO_PSI,Arduino,0.000,0.000,0.000,,
179.932749,2026-03-16 16:30:51.471,ARDUINO_PSI,Arduino,0.000,0.000,0.000,,
180.032061,2026-03-16 16:30:51.570,ARDUINO_PSI,Arduino,0.000,0.000,0.000,,
180.132441,2026-03-16 16:30:51.670,ARDUINO_PSI,Arduino,0.000,0.000,0.000,,
180.232280,2026-03-16 16:30:51.770,ARDUINO_PSI,Arduino,0.000,0.000,0.000,,
180.332134,2026-03-16 16:30:51.870,ARDUINO_PSI,Arduino,0.000,0.000,0.000,,
180.432166,2026-03-16 16:30:51.970,ARDUINO_PSI,Arduino,0.000,0.000,0.000,,
180.532171,2026-03-16 16:30:52.070,ARDUINO_PSI,Arduino,0.000,0.000,0.000,,
180.632224,2026-03-16 16:30:52.170,ARDUINO_PSI,Arduino,0.000,0.000,0.000,,
180.732253,2026-03-16 16:30:52.270,ARDUINO_PSI,Arduino,0.000,0.000,0.000,,
180.832191,2026-03-16 16:30:52.370,ARDUINO_PSI,Arduino,0.000,0.000,0.000,,
180.932210,2026-03-16 16:30:52.470,ARDUINO_PSI,Arduino,0.000,0.000,0.000,,
181.033143,2026-03-16 16:30:52.571,ARDUINO_PSI,Arduino,0.000,0.000,0.000,,
181.133044,2026-03-16 16:30:52.671,ARDUINO_PSI,Arduino,0.000,0.000,0.000,,
181.232969,2026-03-16 16:30:52.771,ARDUINO_PSI,Arduino,0.000,0.000,0.000,,
181.332459,2026-03-16 16:30:52.870,ARDUINO_PSI,Arduino,0.000,0.000,0.000,,
181.432305,2026-03-16 16:30:52.970,ARDUINO_PSI,Arduino,0.000,0.000,0.000,,
181.532161,2026-03-16 16:30:53.070,ARDUINO_PSI,Arduino,0.000,0.000,0.000,,
181.632229,2026-03-16 16:30:53.170,ARDUINO_PSI,Arduino,0.000,0.000,0.000,,
181.732535,2026-03-16 16:30:53.270,ARDUINO_PSI,Arduino,0.000,0.000,0.000,,
181.832687,2026-03-16 16:30:53.371,ARDUINO_PSI,Arduino,0.000,0.000,0.000,,
181.932250,2026-03-16 16:30:53.470,ARDUINO_PSI,Arduino,0.000,0.000,0.000,,
182.032771,2026-03-16 16:30:53.571,ARDUINO_PSI,Arduino,0.000,0.000,0.000,,
182.132308,2026-03-16 16:30:53.670,ARDUINO_PSI,Arduino,0.000,0.000,0.000,,
182.232287,2026-03-16 16:30:53.770,ARDUINO_PSI,Arduino,0.000,0.000,0.000,,
182.332204,2026-03-16 16:30:53.870,ARDUINO_PSI,Arduino,0.000,0.000,0.000,,
182.432345,2026-03-16 16:30:53.970,ARDUINO_PSI,Arduino,0.000,0.000,0.000,,
182.532238,2026-03-16 16:30:54.070,ARDUINO_PSI,Arduino,0.000,0.000,0.000,,
182.631603,2026-03-16 16:30:54.169,ARDUINO_PSI,Arduino,0.000,0.000,0.000,,
182.731957,2026-03-16 16:30:54.270,ARDUINO_PSI,Arduino,0.000,0.000,0.000,,
182.832200,2026-03-16 16:30:54.370,ARDUINO_PSI,Arduino,0.000,0.000,0.000,,
182.933154,2026-03-16 16:30:54.471,ARDUINO_PSI,Arduino,0.000,0.000,0.000,,
183.031858,2026-03-16 16:30:54.570,ARDUINO_PSI,Arduino,0.000,0.000,0.000,,
183.132641,2026-03-16 16:30:54.671,ARDUINO_PSI,Arduino,0.000,0.000,0.000,,
183.232513,2026-03-16 16:30:54.770,ARDUINO_PSI,Arduino,0.000,0.000,0.000,,
183.332383,2026-03-16 16:30:54.870,ARDUINO_PSI,Arduino,0.000,0.000,0.000,,
183.432174,2026-03-16 16:30:54.970,ARDUINO_PSI,Arduino,0.000,0.000,0.000,,
183.532166,2026-03-16 16:30:55.070,ARDUINO_PSI,Arduino,0.000,0.000,0.000,,
183.632303,2026-03-16 16:30:55.170,ARDUINO_PSI,Arduino,0.000,0.000,0.000,,
183.732715,2026-03-16 16:30:55.271,ARDUINO_PSI,Arduino,0.000,0.000,0.000,,
183.833152,2026-03-16 16:30:55.371,ARDUINO_PSI,Arduino,0.000,0.000,0.000,,
183.932213,2026-03-16 16:30:55.470,ARDUINO_PSI,Arduino,0.000,0.000,0.000,,
184.032424,2026-03-16 16:30:55.570,ARDUINO_PSI,Arduino,0.000,0.000,0.000,,
184.132238,2026-03-16 16:30:55.670,ARDUINO_PSI,Arduino,0.000,0.000,0.000,,
184.232011,2026-03-16 16:30:55.770,ARDUINO_PSI,Arduino,0.000,0.000,0.000,,
184.332263,2026-03-16 16:30:55.870,ARDUINO_PSI,Arduino,0.000,0.000,0.000,,
184.432323,2026-03-16 16:30:55.970,ARDUINO_PSI,Arduino,0.000,0.000,0.000,,
184.532338,2026-03-16 16:30:56.070,ARDUINO_PSI,Arduino,0.000,0.000,0.000,,
184.632300,2026-03-16 16:30:56.170,ARDUINO_PSI,Arduino,0.000,0.000,0.000,,
184.732182,2026-03-16 16:30:56.270,ARDUINO_PSI,Arduino,0.000,0.000,0.000,,
184.832700,2026-03-16 16:30:56.371,ARDUINO_PSI,Arduino,0.000,0.000,0.000,,
184.932351,2026-03-16 16:30:56.470,ARDUINO_PSI,Arduino,0.000,0.000,0.000,,
185.032885,2026-03-16 16:30:56.571,ARDUINO_PSI,Arduino,0.000,0.000,0.000,,
185.132169,2026-03-16 16:30:56.670,ARDUINO_PSI,Arduino,0.000,0.000,0.000,,
185.232243,2026-03-16 16:30:56.770,ARDUINO_PSI,Arduino,0.000,0.000,0.000,,
185.332165,2026-03-16 16:30:56.870,ARDUINO_PSI,Arduino,0.000,0.000,0.000,,
185.432788,2026-03-16 16:30:56.971,ARDUINO_PSI,Arduino,0.000,0.000,0.000,,
185.532132,2026-03-16 16:30:57.070,ARDUINO_PSI,Arduino,0.000,0.000,0.000,,
185.632203,2026-03-16 16:30:57.170,ARDUINO_PSI,Arduino,0.000,0.000,0.000,,
185.732082,2026-03-16 16:30:57.270,ARDUINO_PSI,Arduino,0.000,0.000,0.000,,
185.832743,2026-03-16 16:30:57.371,ARDUINO_PSI,Arduino,0.000,0.000,0.000,,
185.932671,2026-03-16 16:30:57.471,ARDUINO_PSI,Arduino,0.000,0.000,0.000,,
186.032182,2026-03-16 16:30:57.570,ARDUINO_PSI,Arduino,0.000,0.000,0.000,,
186.132435,2026-03-16 16:30:57.670,ARDUINO_PSI,Arduino,0.000,0.000,0.000,,
186.232475,2026-03-16 16:30:57.770,ARDUINO_PSI,Arduino,0.000,0.000,0.000,,
186.332326,2026-03-16 16:30:57.870,ARDUINO_PSI,Arduino,0.000,0.000,0.000,,
186.432101,2026-03-16 16:30:57.970,ARDUINO_PSI,Arduino,0.000,0.000,0.000,,
186.532146,2026-03-16 16:30:58.070,ARDUINO_PSI,Arduino,0.000,0.000,0.000,,
186.632391,2026-03-16 16:30:58.170,ARDUINO_PSI,Arduino,0.000,0.000,0.000,,
186.731610,2026-03-16 16:30:58.269,ARDUINO_PSI,Arduino,0.000,0.000,0.000,,
186.833211,2026-03-16 16:30:58.371,ARDUINO_PSI,Arduino,0.000,0.000,0.000,,
186.932151,2026-03-16 16:30:58.470,ARDUINO_PSI,Arduino,0.000,0.000,0.000,,
187.032169,2026-03-16 16:30:58.570,ARDUINO_PSI,Arduino,0.000,0.000,0.000,,
187.132169,2026-03-16 16:30:58.670,ARDUINO_PSI,Arduino,0.000,0.000,0.000,,
187.231562,2026-03-16 16:30:58.769,ARDUINO_PSI,Arduino,0.000,0.000,0.000,,
187.332591,2026-03-16 16:30:58.870,ARDUINO_PSI,Arduino,0.000,0.000,0.000,,
187.432158,2026-03-16 16:30:58.970,ARDUINO_PSI,Arduino,0.000,0.000,0.000,,
187.532295,2026-03-16 16:30:59.070,ARDUINO_PSI,Arduino,0.000,0.000,0.000,,
187.632098,2026-03-16 16:30:59.170,ARDUINO_PSI,Arduino,0.000,0.000,0.000,,
187.732278,2026-03-16 16:30:59.270,ARDUINO_PSI,Arduino,0.000,0.000,0.000,,
187.832266,2026-03-16 16:30:59.370,ARDUINO_PSI,Arduino,0.000,0.000,0.000,,
187.932172,2026-03-16 16:30:59.470,ARDUINO_PSI,Arduino,0.000,0.000,0.000,,
188.032016,2026-03-16 16:30:59.570,ARDUINO_PSI,Arduino,0.000,0.000,0.000,,
188.132212,2026-03-16 16:30:59.670,ARDUINO_PSI,Arduino,0.000,0.000,0.000,,
188.232074,2026-03-16 16:30:59.770,ARDUINO_PSI,Arduino,0.000,0.000,0.000,,
188.332116,2026-03-16 16:30:59.870,ARDUINO_PSI,Arduino,0.000,0.000,0.000,,
188.432389,2026-03-16 16:30:59.970,ARDUINO_PSI,Arduino,0.000,0.000,0.000,,
188.532175,2026-03-16 16:31:00.070,ARDUINO_PSI,Arduino,0.000,0.000,0.000,,
188.632231,2026-03-16 16:31:00.170,ARDUINO_PSI,Arduino,0.000,0.000,0.000,,
188.732173,2026-03-16 16:31:00.270,ARDUINO_PSI,Arduino,0.000,0.000,0.000,,
188.832456,2026-03-16 16:31:00.370,ARDUINO_PSI,Arduino,0.000,0.000,0.000,,
188.932298,2026-03-16 16:31:00.470,ARDUINO_PSI,Arduino,0.000,0.000,0.000,,
189.032396,2026-03-16 16:31:00.570,ARDUINO_PSI,Arduino,0.000,0.000,0.000,,
189.132311,2026-03-16 16:31:00.670,ARDUINO_PSI,Arduino,0.000,0.000,0.000,,
189.232661,2026-03-16 16:31:00.771,ARDUINO_PSI,Arduino,0.000,0.000,0.000,,
189.332256,2026-03-16 16:31:00.870,ARDUINO_PSI,Arduino,0.000,0.000,0.000,,
189.432109,2026-03-16 16:31:00.970,ARDUINO_PSI,Arduino,0.000,0.000,0.000,,
189.531940,2026-03-16 16:31:01.070,ARDUINO_PSI,Arduino,0.000,0.000,0.000,,
189.632126,2026-03-16 16:31:01.170,ARDUINO_PSI,Arduino,0.000,0.000,0.000,,
189.732123,2026-03-16 16:31:01.270,ARDUINO_PSI,Arduino,0.000,0.000,0.000,,
189.831816,2026-03-16 16:31:01.370,ARDUINO_PSI,Arduino,0.000,0.000,0.000,,
189.932135,2026-03-16 16:31:01.470,ARDUINO_PSI,Arduino,0.000,0.000,0.000,,
190.031476,2026-03-16 16:31:01.569,ARDUINO_PSI,Arduino,0.000,0.000,0.000,,
190.132768,2026-03-16 16:31:01.671,ARDUINO_PSI,Arduino,0.000,0.000,0.000,,
190.232090,2026-03-16 16:31:01.770,ARDUINO_PSI,Arduino,0.000,0.000,0.000,,
190.332790,2026-03-16 16:31:01.871,ARDUINO_PSI,Arduino,0.000,0.000,0.000,,
190.433081,2026-03-16 16:31:01.971,ARDUINO_PSI,Arduino,0.000,0.000,0.000,,
190.532103,2026-03-16 16:31:02.070,ARDUINO_PSI,Arduino,0.000,0.000,0.000,,
190.631466,2026-03-16 16:31:02.169,ARDUINO_PSI,Arduino,0.000,0.000,0.000,,
190.731514,2026-03-16 16:31:02.269,ARDUINO_PSI,Arduino,0.000,0.000,0.000,,
190.832199,2026-03-16 16:31:02.370,ARDUINO_PSI,Arduino,0.000,0.000,0.000,,
190.932404,2026-03-16 16:31:02.470,ARDUINO_PSI,Arduino,0.000,0.000,0.000,,
191.031981,2026-03-16 16:31:02.570,ARDUINO_PSI,Arduino,0.000,0.000,0.000,,
191.132210,2026-03-16 16:31:02.670,ARDUINO_PSI,Arduino,0.000,0.000,0.000,,
191.232426,2026-03-16 16:31:02.770,ARDUINO_PSI,Arduino,0.000,0.000,0.000,,
191.332407,2026-03-16 16:31:02.870,ARDUINO_PSI,Arduino,0.000,0.000,0.000,,
191.432399,2026-03-16 16:31:02.970,ARDUINO_PSI,Arduino,0.000,0.000,0.000,,
191.532211,2026-03-16 16:31:03.070,ARDUINO_PSI,Arduino,0.000,0.000,0.000,,
191.632179,2026-03-16 16:31:03.170,ARDUINO_PSI,Arduino,0.000,0.000,0.000,,
191.732263,2026-03-16 16:31:03.270,ARDUINO_PSI,Arduino,0.000,0.000,0.000,,
191.832189,2026-03-16 16:31:03.370,ARDUINO_PSI,Arduino,0.000,0.000,0.000,,
191.932104,2026-03-16 16:31:03.470,ARDUINO_PSI,Arduino,0.000,0.000,0.000,,
192.032197,2026-03-16 16:31:03.570,ARDUINO_PSI,Arduino,0.000,0.000,0.000,,
192.131802,2026-03-16 16:31:03.670,ARDUINO_PSI,Arduino,0.000,0.000,0.000,,
192.232272,2026-03-16 16:31:03.770,ARDUINO_PSI,Arduino,0.000,0.000,0.000,,
192.332822,2026-03-16 16:31:03.871,ARDUINO_PSI,Arduino,0.000,0.000,0.000,,
192.432685,2026-03-16 16:31:03.971,ARDUINO_PSI,Arduino,0.000,0.000,0.000,,
192.532346,2026-03-16 16:31:04.070,ARDUINO_PSI,Arduino,0.000,0.000,0.000,,
192.632185,2026-03-16 16:31:04.170,ARDUINO_PSI,Arduino,0.000,0.000,0.000,,
192.732046,2026-03-16 16:31:04.270,ARDUINO_PSI,Arduino,0.000,0.000,0.000,,
192.832403,2026-03-16 16:31:04.370,ARDUINO_PSI,Arduino,0.000,0.000,0.000,,
192.932056,2026-03-16 16:31:04.470,ARDUINO_PSI,Arduino,0.000,0.000,0.000,,
193.032139,2026-03-16 16:31:04.570,ARDUINO_PSI,Arduino,0.000,0.000,0.000,,
193.132791,2026-03-16 16:31:04.671,ARDUINO_PSI,Arduino,0.000,0.000,0.000,,
193.232265,2026-03-16 16:31:04.770,ARDUINO_PSI,Arduino,0.000,0.000,0.000,,
193.332088,2026-03-16 16:31:04.870,ARDUINO_PSI,Arduino,0.000,0.000,0.000,,
193.432132,2026-03-16 16:31:04.970,ARDUINO_PSI,Arduino,0.000,0.000,0.000,,
193.532038,2026-03-16 16:31:05.070,ARDUINO_PSI,Arduino,0.000,0.000,0.000,,
193.632139,2026-03-16 16:31:05.170,ARDUINO_PSI,Arduino,0.000,0.000,0.000,,
193.732275,2026-03-16 16:31:05.270,ARDUINO_PSI,Arduino,0.000,0.000,0.000,,
193.832810,2026-03-16 16:31:05.371,ARDUINO_PSI,Arduino,0.000,0.000,0.000,,
193.932206,2026-03-16 16:31:05.470,ARDUINO_PSI,Arduino,0.000,0.000,0.000,,
194.032241,2026-03-16 16:31:05.570,ARDUINO_PSI,Arduino,0.000,0.000,0.000,,
194.132116,2026-03-16 16:31:05.670,ARDUINO_PSI,Arduino,0.000,0.000,0.000,,
194.232227,2026-03-16 16:31:05.770,ARDUINO_PSI,Arduino,0.000,0.000,0.000,,
194.332252,2026-03-16 16:31:05.870,ARDUINO_PSI,Arduino,0.000,0.000,0.000,,
194.432390,2026-03-16 16:31:05.970,ARDUINO_PSI,Arduino,0.000,0.000,0.000,,
194.532160,2026-03-16 16:31:06.070,ARDUINO_PSI,Arduino,0.000,0.000,0.000,,
194.632158,2026-03-16 16:31:06.170,ARDUINO_PSI,Arduino,0.000,0.000,0.000,,
194.732365,2026-03-16 16:31:06.270,ARDUINO_PSI,Arduino,0.000,0.000,0.000,,
194.832784,2026-03-16 16:31:06.371,ARDUINO_PSI,Arduino,0.000,0.000,0.000,,
194.932212,2026-03-16 16:31:06.470,ARDUINO_PSI,Arduino,0.000,0.000,0.000,,
195.032295,2026-03-16 16:31:06.570,ARDUINO_PSI,Arduino,0.000,0.000,0.000,,
195.131995,2026-03-16 16:31:06.670,ARDUINO_PSI,Arduino,0.000,0.000,0.000,,
195.232381,2026-03-16 16:31:06.770,ARDUINO_PSI,Arduino,0.000,0.000,0.000,,
195.332358,2026-03-16 16:31:06.870,ARDUINO_PSI,Arduino,0.000,0.000,0.000,,
195.432728,2026-03-16 16:31:06.971,ARDUINO_PSI,Arduino,0.000,0.000,0.000,,
195.532187,2026-03-16 16:31:07.070,ARDUINO_PSI,Arduino,0.000,0.000,0.000,,
195.632243,2026-03-16 16:31:07.170,ARDUINO_PSI,Arduino,0.000,0.000,0.000,,
195.732103,2026-03-16 16:31:07.270,ARDUINO_PSI,Arduino,0.000,0.000,0.000,,
195.832107,2026-03-16 16:31:07.370,ARDUINO_PSI,Arduino,0.000,0.000,0.000,,
195.932104,2026-03-16 16:31:07.470,ARDUINO_PSI,Arduino,0.000,0.000,0.000,,
196.031553,2026-03-16 16:31:07.569,ARDUINO_PSI,Arduino,0.000,0.000,0.000,,
196.132254,2026-03-16 16:31:07.670,ARDUINO_PSI,Arduino,0.000,0.000,0.000,,
196.231965,2026-03-16 16:31:07.770,ARDUINO_PSI,Arduino,0.000,0.000,0.000,,
196.332151,2026-03-16 16:31:07.870,ARDUINO_PSI,Arduino,0.000,0.000,0.000,,
196.432025,2026-03-16 16:31:07.970,ARDUINO_PSI,Arduino,0.000,0.000,0.000,,
196.531621,2026-03-16 16:31:08.069,ARDUINO_PSI,Arduino,0.000,0.000,0.000,,
196.632446,2026-03-16 16:31:08.170,ARDUINO_PSI,Arduino,0.000,0.000,0.000,,
196.732668,2026-03-16 16:31:08.271,ARDUINO_PSI,Arduino,0.000,0.000,0.000,,
196.831535,2026-03-16 16:31:08.369,ARDUINO_PSI,Arduino,0.000,0.000,0.000,,
196.932023,2026-03-16 16:31:08.470,ARDUINO_PSI,Arduino,0.000,0.000,0.000,,
197.032367,2026-03-16 16:31:08.570,ARDUINO_PSI,Arduino,0.000,0.000,0.000,,
197.132190,2026-03-16 16:31:08.670,ARDUINO_PSI,Arduino,0.000,0.000,0.000,,
197.232208,2026-03-16 16:31:08.770,ARDUINO_PSI,Arduino,0.000,0.000,0.000,,
197.332036,2026-03-16 16:31:08.870,ARDUINO_PSI,Arduino,0.000,0.000,0.000,,
197.432570,2026-03-16 16:31:08.970,ARDUINO_PSI,Arduino,0.000,0.000,0.000,,
197.532032,2026-03-16 16:31:09.070,ARDUINO_PSI,Arduino,0.000,0.000,0.000,,
197.632231,2026-03-16 16:31:09.170,ARDUINO_PSI,Arduino,0.000,0.000,0.000,,
197.732705,2026-03-16 16:31:09.271,ARDUINO_PSI,Arduino,0.000,0.000,0.000,,
197.832437,2026-03-16 16:31:09.370,ARDUINO_PSI,Arduino,0.000,0.000,0.000,,
197.932238,2026-03-16 16:31:09.470,ARDUINO_PSI,Arduino,0.000,0.000,0.000,,
198.031876,2026-03-16 16:31:09.570,ARDUINO_PSI,Arduino,0.000,0.000,0.000,,
198.132314,2026-03-16 16:31:09.670,ARDUINO_PSI,Arduino,0.000,0.000,0.000,,
198.232224,2026-03-16 16:31:09.770,ARDUINO_PSI,Arduino,0.000,0.000,0.000,,
198.332120,2026-03-16 16:31:09.870,ARDUINO_PSI,Arduino,0.000,0.000,0.000,,
198.432002,2026-03-16 16:31:09.970,ARDUINO_PSI,Arduino,0.000,0.000,0.000,,
198.532088,2026-03-16 16:31:10.070,ARDUINO_PSI,Arduino,0.000,0.000,0.000,,
198.632231,2026-03-16 16:31:10.170,ARDUINO_PSI,Arduino,0.000,0.000,0.000,,
198.732185,2026-03-16 16:31:10.270,ARDUINO_PSI,Arduino,0.000,0.000,0.000,,
198.832447,2026-03-16 16:31:10.370,ARDUINO_PSI,Arduino,0.000,0.000,0.000,,
198.932317,2026-03-16 16:31:10.470,ARDUINO_PSI,Arduino,0.000,0.000,0.000,,
199.032341,2026-03-16 16:31:10.570,ARDUINO_PSI,Arduino,0.000,0.000,0.000,,
199.132514,2026-03-16 16:31:10.670,ARDUINO_PSI,Arduino,0.000,0.000,0.000,,
199.232151,2026-03-16 16:31:10.770,ARDUINO_PSI,Arduino,0.000,0.000,0.000,,
199.332251,2026-03-16 16:31:10.870,ARDUINO_PSI,Arduino,0.000,0.000,0.000,,
199.432246,2026-03-16 16:31:10.970,ARDUINO_PSI,Arduino,0.000,0.000,0.000,,
199.532241,2026-03-16 16:31:11.070,ARDUINO_PSI,Arduino,0.000,0.000,0.000,,
199.632769,2026-03-16 16:31:11.171,ARDUINO_PSI,Arduino,0.000,0.000,0.000,,
199.732066,2026-03-16 16:31:11.270,ARDUINO_PSI,Arduino,0.000,0.000,0.000,,
199.832175,2026-03-16 16:31:11.370,ARDUINO_PSI,Arduino,0.000,0.000,0.000,,
199.932063,2026-03-16 16:31:11.470,ARDUINO_PSI,Arduino,0.000,0.000,0.000,,
200.032213,2026-03-16 16:31:11.570,ARDUINO_PSI,Arduino,0.000,0.000,0.000,,
200.132180,2026-03-16 16:31:11.670,ARDUINO_PSI,Arduino,0.000,0.000,0.000,,
200.232361,2026-03-16 16:31:11.770,ARDUINO_PSI,Arduino,0.000,0.000,0.000,,
200.333174,2026-03-16 16:31:11.871,ARDUINO_PSI,Arduino,0.000,0.000,0.000,,
200.432312,2026-03-16 16:31:11.970,ARDUINO_PSI,Arduino,0.000,0.000,0.000,,
200.532622,2026-03-16 16:31:12.070,ARDUINO_PSI,Arduino,0.000,0.000,0.000,,
200.632368,2026-03-16 16:31:12.170,ARDUINO_PSI,Arduino,0.000,0.000,0.000,,
200.732231,2026-03-16 16:31:12.270,ARDUINO_PSI,Arduino,0.000,0.000,0.000,,
200.832306,2026-03-16 16:31:12.370,ARDUINO_PSI,Arduino,0.000,0.000,0.000,,
200.932609,2026-03-16 16:31:12.470,ARDUINO_PSI,Arduino,0.000,0.000,0.000,,
201.032363,2026-03-16 16:31:12.570,ARDUINO_PSI,Arduino,0.000,0.000,0.000,,
201.132155,2026-03-16 16:31:12.670,ARDUINO_PSI,Arduino,0.000,0.000,0.000,,
201.232823,2026-03-16 16:31:12.771,ARDUINO_PSI,Arduino,0.000,0.000,0.000,,
201.332326,2026-03-16 16:31:12.870,ARDUINO_PSI,Arduino,0.000,0.000,0.000,,
201.432147,2026-03-16 16:31:12.970,ARDUINO_PSI,Arduino,0.000,0.000,0.000,,
201.532032,2026-03-16 16:31:13.070,ARDUINO_PSI,Arduino,0.000,0.000,0.000,,
201.632240,2026-03-16 16:31:13.170,ARDUINO_PSI,Arduino,0.000,0.000,0.000,,
201.732068,2026-03-16 16:31:13.270,ARDUINO_PSI,Arduino,0.000,0.000,0.000,,
201.832599,2026-03-16 16:31:13.370,ARDUINO_PSI,Arduino,0.000,0.000,0.000,,
201.932372,2026-03-16 16:31:13.470,ARDUINO_PSI,Arduino,0.000,0.000,0.000,,
202.031534,2026-03-16 16:31:13.569,ARDUINO_PSI,Arduino,0.000,0.000,0.000,,
202.132108,2026-03-16 16:31:13.670,ARDUINO_PSI,Arduino,0.000,0.000,0.000,,
202.232053,2026-03-16 16:31:13.770,ARDUINO_PSI,Arduino,0.000,0.000,0.000,,
202.332073,2026-03-16 16:31:13.870,ARDUINO_PSI,Arduino,0.000,0.000,0.000,,
202.432259,2026-03-16 16:31:13.970,ARDUINO_PSI,Arduino,0.000,0.000,0.000,,
202.531502,2026-03-16 16:31:14.069,ARDUINO_PSI,Arduino,0.000,0.000,0.000,,
202.632253,2026-03-16 16:31:14.170,ARDUINO_PSI,Arduino,0.000,0.000,0.000,,
202.732749,2026-03-16 16:31:14.271,ARDUINO_PSI,Arduino,0.000,0.000,0.000,,
202.832087,2026-03-16 16:31:14.370,ARDUINO_PSI,Arduino,0.000,0.000,0.000,,
202.932213,2026-03-16 16:31:14.470,ARDUINO_PSI,Arduino,0.000,0.000,0.000,,
203.032372,2026-03-16 16:31:14.570,ARDUINO_PSI,Arduino,0.000,0.000,0.000,,
203.132387,2026-03-16 16:31:14.670,ARDUINO_PSI,Arduino,0.000,0.000,0.000,,
203.232301,2026-03-16 16:31:14.770,ARDUINO_PSI,Arduino,0.000,0.000,0.000,,
203.332218,2026-03-16 16:31:14.870,ARDUINO_PSI,Arduino,0.000,0.000,0.000,,
203.432237,2026-03-16 16:31:14.970,ARDUINO_PSI,Arduino,0.000,0.000,0.000,,
203.532108,2026-03-16 16:31:15.070,ARDUINO_PSI,Arduino,0.000,0.000,0.000,,
203.632561,2026-03-16 16:31:15.170,ARDUINO_PSI,Arduino,0.000,0.000,0.000,,
203.732231,2026-03-16 16:31:15.270,ARDUINO_PSI,Arduino,0.000,0.000,0.000,,
203.832086,2026-03-16 16:31:15.370,ARDUINO_PSI,Arduino,0.000,0.000,0.000,,
203.932002,2026-03-16 16:31:15.470,ARDUINO_PSI,Arduino,0.000,0.000,0.000,,
204.031611,2026-03-16 16:31:15.569,ARDUINO_PSI,Arduino,0.000,0.000,0.000,,
204.132353,2026-03-16 16:31:15.670,ARDUINO_PSI,Arduino,0.000,0.000,0.000,,
204.232215,2026-03-16 16:31:15.770,ARDUINO_PSI,Arduino,0.000,0.000,0.000,,
204.332265,2026-03-16 16:31:15.870,ARDUINO_PSI,Arduino,0.000,0.000,0.000,,
204.432198,2026-03-16 16:31:15.970,ARDUINO_PSI,Arduino,0.000,0.000,0.000,,
204.532167,2026-03-16 16:31:16.070,ARDUINO_PSI,Arduino,0.000,0.000,0.000,,
204.632412,2026-03-16 16:31:16.170,ARDUINO_PSI,Arduino,0.000,0.000,0.000,,
204.732111,2026-03-16 16:31:16.270,ARDUINO_PSI,Arduino,0.000,0.000,0.000,,
204.832467,2026-03-16 16:31:16.370,ARDUINO_PSI,Arduino,0.000,0.000,0.000,,
204.932165,2026-03-16 16:31:16.470,ARDUINO_PSI,Arduino,0.000,0.000,0.000,,
205.032164,2026-03-16 16:31:16.570,ARDUINO_PSI,Arduino,0.000,0.000,0.000,,
205.132195,2026-03-16 16:31:16.670,ARDUINO_PSI,Arduino,0.000,0.000,0.000,,
205.232250,2026-03-16 16:31:16.770,ARDUINO_PSI,Arduino,0.000,0.000,0.000,,
205.332164,2026-03-16 16:31:16.870,ARDUINO_PSI,Arduino,0.000,0.000,0.000,,
205.432175,2026-03-16 16:31:16.970,ARDUINO_PSI,Arduino,0.000,0.000,0.000,,
205.533068,2026-03-16 16:31:17.071,ARDUINO_PSI,Arduino,0.000,0.000,0.000,,
205.632345,2026-03-16 16:31:17.170,ARDUINO_PSI,Arduino,0.000,0.000,0.000,,
205.732551,2026-03-16 16:31:17.270,ARDUINO_PSI,Arduino,0.000,0.000,0.000,,
205.832104,2026-03-16 16:31:17.370,ARDUINO_PSI,Arduino,0.000,0.000,0.000,,
205.932292,2026-03-16 16:31:17.470,ARDUINO_PSI,Arduino,0.000,0.000,0.000,,
206.032261,2026-03-16 16:31:17.570,ARDUINO_PSI,Arduino,0.000,0.000,0.000,,
206.132144,2026-03-16 16:31:17.670,ARDUINO_PSI,Arduino,0.000,0.000,0.000,,
206.232553,2026-03-16 16:31:17.770,ARDUINO_PSI,Arduino,0.000,0.000,0.000,,
206.331882,2026-03-16 16:31:17.870,ARDUINO_PSI,Arduino,0.000,0.000,0.000,,
206.432495,2026-03-16 16:31:17.970,ARDUINO_PSI,Arduino,0.000,0.000,0.000,,
206.532074,2026-03-16 16:31:18.070,ARDUINO_PSI,Arduino,0.000,0.000,0.000,,
206.632396,2026-03-16 16:31:18.170,ARDUINO_PSI,Arduino,0.000,0.000,0.000,,
206.732294,2026-03-16 16:31:18.270,ARDUINO_PSI,Arduino,0.000,0.000,0.000,,
206.832212,2026-03-16 16:31:18.370,ARDUINO_PSI,Arduino,0.000,0.000,0.000,,
206.932366,2026-03-16 16:31:18.470,ARDUINO_PSI,Arduino,0.000,0.000,0.000,,
207.032044,2026-03-16 16:31:18.570,ARDUINO_PSI,Arduino,0.000,0.000,0.000,,
207.132123,2026-03-16 16:31:18.670,ARDUINO_PSI,Arduino,0.000,0.000,0.000,,
207.232243,2026-03-16 16:31:18.770,ARDUINO_PSI,Arduino,0.000,0.000,0.000,,
207.332278,2026-03-16 16:31:18.870,ARDUINO_PSI,Arduino,0.000,0.000,0.000,,
207.431978,2026-03-16 16:31:18.970,ARDUINO_PSI,Arduino,0.000,0.000,0.000,,
207.532201,2026-03-16 16:31:19.070,ARDUINO_PSI,Arduino,0.000,0.000,0.000,,
207.632274,2026-03-16 16:31:19.170,ARDUINO_PSI,Arduino,0.000,0.000,0.000,,
207.732113,2026-03-16 16:31:19.270,ARDUINO_PSI,Arduino,0.000,0.000,0.000,,
207.832530,2026-03-16 16:31:19.370,ARDUINO_PSI,Arduino,0.000,0.000,0.000,,
207.933417,2026-03-16 16:31:19.471,ARDUINO_PSI,Arduino,0.000,0.000,0.000,,
208.032367,2026-03-16 16:31:19.570,ARDUINO_PSI,Arduino,0.000,0.000,0.000,,
208.132144,2026-03-16 16:31:19.670,ARDUINO_PSI,Arduino,0.000,0.000,0.000,,
208.232167,2026-03-16 16:31:19.770,ARDUINO_PSI,Arduino,0.000,0.000,0.000,,
208.332255,2026-03-16 16:31:19.870,ARDUINO_PSI,Arduino,0.000,0.000,0.000,,
208.432356,2026-03-16 16:31:19.970,ARDUINO_PSI,Arduino,0.000,0.000,0.000,,
208.531720,2026-03-16 16:31:20.070,ARDUINO_PSI,Arduino,0.000,0.000,0.000,,
208.631836,2026-03-16 16:31:20.170,ARDUINO_PSI,Arduino,0.000,0.000,0.000,,
208.732546,2026-03-16 16:31:20.270,ARDUINO_PSI,Arduino,0.000,0.000,0.000,,
208.832500,2026-03-16 16:31:20.370,ARDUINO_PSI,Arduino,0.000,0.000,0.000,,
208.932446,2026-03-16 16:31:20.470,ARDUINO_PSI,Arduino,0.000,0.000,0.000,,
209.032325,2026-03-16 16:31:20.570,ARDUINO_PSI,Arduino,0.000,0.000,0.000,,
209.132289,2026-03-16 16:31:20.670,ARDUINO_PSI,Arduino,0.000,0.000,0.000,,
209.232229,2026-03-16 16:31:20.770,ARDUINO_PSI,Arduino,0.000,0.000,0.000,,
209.332216,2026-03-16 16:31:20.870,ARDUINO_PSI,Arduino,0.000,0.000,0.000,,
209.432400,2026-03-16 16:31:20.970,ARDUINO_PSI,Arduino,0.000,0.000,0.000,,
209.532286,2026-03-16 16:31:21.070,ARDUINO_PSI,Arduino,0.000,0.000,0.000,,
209.632287,2026-03-16 16:31:21.170,ARDUINO_PSI,Arduino,0.000,0.000,0.000,,
209.733026,2026-03-16 16:31:21.271,ARDUINO_PSI,Arduino,0.000,0.000,0.000,,
209.832173,2026-03-16 16:31:21.370,ARDUINO_PSI,Arduino,0.000,0.000,0.000,,
209.932458,2026-03-16 16:31:21.470,ARDUINO_PSI,Arduino,0.000,0.000,0.000,,
210.032368,2026-03-16 16:31:21.570,ARDUINO_PSI,Arduino,0.000,0.000,0.000,,
210.132297,2026-03-16 16:31:21.670,ARDUINO_PSI,Arduino,0.000,0.000,0.000,,
210.232540,2026-03-16 16:31:21.770,ARDUINO_PSI,Arduino,0.000,0.000,0.000,,
210.331872,2026-03-16 16:31:21.870,ARDUINO_PSI,Arduino,0.000,0.000,0.000,,
210.431737,2026-03-16 16:31:21.970,ARDUINO_PSI,Arduino,0.000,0.000,0.000,,
210.532101,2026-03-16 16:31:22.070,ARDUINO_PSI,Arduino,0.000,0.000,0.000,,
210.632116,2026-03-16 16:31:22.170,ARDUINO_PSI,Arduino,0.000,0.000,0.000,,
210.732151,2026-03-16 16:31:22.270,ARDUINO_PSI,Arduino,0.000,0.000,0.000,,
210.832218,2026-03-16 16:31:22.370,ARDUINO_PSI,Arduino,0.000,0.000,0.000,,
210.932272,2026-03-16 16:31:22.470,ARDUINO_PSI,Arduino,0.000,0.000,0.000,,
211.032076,2026-03-16 16:31:22.570,ARDUINO_PSI,Arduino,0.000,0.000,0.000,,
211.132361,2026-03-16 16:31:22.670,ARDUINO_PSI,Arduino,0.000,0.000,0.000,,
211.232121,2026-03-16 16:31:22.770,ARDUINO_PSI,Arduino,0.000,0.000,0.000,,
211.332288,2026-03-16 16:31:22.870,ARDUINO_PSI,Arduino,0.000,0.000,0.000,,
211.432525,2026-03-16 16:31:22.970,ARDUINO_PSI,Arduino,0.000,0.000,0.000,,
211.532243,2026-03-16 16:31:23.070,ARDUINO_PSI,Arduino,0.000,0.000,0.000,,
211.632263,2026-03-16 16:31:23.170,ARDUINO_PSI,Arduino,0.000,0.000,0.000,,
211.732199,2026-03-16 16:31:23.270,ARDUINO_PSI,Arduino,0.000,0.000,0.000,,
211.832546,2026-03-16 16:31:23.370,ARDUINO_PSI,Arduino,0.000,0.000,0.000,,
211.932141,2026-03-16 16:31:23.470,ARDUINO_PSI,Arduino,0.000,0.000,0.000,,
212.031721,2026-03-16 16:31:23.570,ARDUINO_PSI,Arduino,0.000,0.000,0.000,,
212.132287,2026-03-16 16:31:23.670,ARDUINO_PSI,Arduino,0.000,0.000,0.000,,
212.232125,2026-03-16 16:31:23.770,ARDUINO_PSI,Arduino,0.000,0.000,0.000,,
212.332527,2026-03-16 16:31:23.870,ARDUINO_PSI,Arduino,0.000,0.000,0.000,,
212.432091,2026-03-16 16:31:23.970,ARDUINO_PSI,Arduino,0.000,0.000,0.000,,
212.532260,2026-03-16 16:31:24.070,ARDUINO_PSI,Arduino,0.000,0.000,0.000,,
212.632296,2026-03-16 16:31:24.170,ARDUINO_PSI,Arduino,0.000,0.000,0.000,,
212.732259,2026-03-16 16:31:24.270,ARDUINO_PSI,Arduino,0.000,0.000,0.000,,
212.833268,2026-03-16 16:31:24.371,ARDUINO_PSI,Arduino,0.000,0.000,0.000,,
212.932233,2026-03-16 16:31:24.470,ARDUINO_PSI,Arduino,0.000,0.000,0.000,,
213.032300,2026-03-16 16:31:24.570,ARDUINO_PSI,Arduino,0.000,0.000,0.000,,
213.132351,2026-03-16 16:31:24.670,ARDUINO_PSI,Arduino,0.000,0.000,0.000,,
213.232336,2026-03-16 16:31:24.770,ARDUINO_PSI,Arduino,0.000,0.000,0.000,,
213.332126,2026-03-16 16:31:24.870,ARDUINO_PSI,Arduino,0.000,0.000,0.000,,
213.432195,2026-03-16 16:31:24.970,ARDUINO_PSI,Arduino,0.000,0.000,0.000,,
213.532388,2026-03-16 16:31:25.070,ARDUINO_PSI,Arduino,0.000,0.000,0.000,,
213.632062,2026-03-16 16:31:25.170,ARDUINO_PSI,Arduino,0.000,0.000,0.000,,
213.732342,2026-03-16 16:31:25.270,ARDUINO_PSI,Arduino,0.000,0.000,0.000,,
213.832653,2026-03-16 16:31:25.371,ARDUINO_PSI,Arduino,0.000,0.000,0.000,,
213.932355,2026-03-16 16:31:25.470,ARDUINO_PSI,Arduino,0.000,0.000,0.000,,
214.031608,2026-03-16 16:31:25.569,ARDUINO_PSI,Arduino,0.000,0.000,0.000,,
214.132284,2026-03-16 16:31:25.670,ARDUINO_PSI,Arduino,0.000,0.000,0.000,,
214.232354,2026-03-16 16:31:25.770,ARDUINO_PSI,Arduino,0.000,0.000,0.000,,
214.332206,2026-03-16 16:31:25.870,ARDUINO_PSI,Arduino,0.000,0.000,0.000,,
214.432271,2026-03-16 16:31:25.970,ARDUINO_PSI,Arduino,0.000,0.000,0.000,,
214.532258,2026-03-16 16:31:26.070,ARDUINO_PSI,Arduino,0.000,0.000,0.000,,
214.632580,2026-03-16 16:31:26.170,ARDUINO_PSI,Arduino,0.000,0.000,0.000,,
214.732427,2026-03-16 16:31:26.270,ARDUINO_PSI,Arduino,0.000,0.000,0.000,,
214.832356,2026-03-16 16:31:26.370,ARDUINO_PSI,Arduino,0.000,0.000,0.000,,
214.932317,2026-03-16 16:31:26.470,ARDUINO_PSI,Arduino,0.000,0.000,0.000,,
215.032330,2026-03-16 16:31:26.570,ARDUINO_PSI,Arduino,0.000,0.000,0.000,,
215.132204,2026-03-16 16:31:26.670,ARDUINO_PSI,Arduino,0.000,0.000,0.000,,
215.232189,2026-03-16 16:31:26.770,ARDUINO_PSI,Arduino,0.000,0.000,0.000,,
215.332388,2026-03-16 16:31:26.870,ARDUINO_PSI,Arduino,0.000,0.000,0.000,,
215.432385,2026-03-16 16:31:26.970,ARDUINO_PSI,Arduino,0.000,0.000,0.000,,
215.531650,2026-03-16 16:31:27.070,ARDUINO_PSI,Arduino,0.000,0.000,0.000,,
215.632199,2026-03-16 16:31:27.170,ARDUINO_PSI,Arduino,0.000,0.000,0.000,,
215.732350,2026-03-16 16:31:27.270,ARDUINO_PSI,Arduino,0.000,0.000,0.000,,
215.832271,2026-03-16 16:31:27.370,ARDUINO_PSI,Arduino,0.000,0.000,0.000,,
215.932044,2026-03-16 16:31:27.470,ARDUINO_PSI,Arduino,0.000,0.000,0.000,,
216.031657,2026-03-16 16:31:27.570,ARDUINO_PSI,Arduino,0.000,0.000,0.000,,
216.132487,2026-03-16 16:31:27.670,ARDUINO_PSI,Arduino,0.000,0.000,0.000,,
216.232406,2026-03-16 16:31:27.770,ARDUINO_PSI,Arduino,0.000,0.000,0.000,,
216.332206,2026-03-16 16:31:27.870,ARDUINO_PSI,Arduino,0.000,0.000,0.000,,
216.432193,2026-03-16 16:31:27.970,ARDUINO_PSI,Arduino,0.000,0.000,0.000,,
216.532583,2026-03-16 16:31:28.070,ARDUINO_PSI,Arduino,0.000,0.000,0.000,,
216.632146,2026-03-16 16:31:28.170,ARDUINO_PSI,Arduino,0.000,0.000,0.000,,
216.732253,2026-03-16 16:31:28.270,ARDUINO_PSI,Arduino,0.000,0.000,0.000,,
216.832634,2026-03-16 16:31:28.371,ARDUINO_PSI,Arduino,0.000,0.000,0.000,,
216.932493,2026-03-16 16:31:28.470,ARDUINO_PSI,Arduino,0.000,0.000,0.000,,
217.032258,2026-03-16 16:31:28.570,ARDUINO_PSI,Arduino,0.000,0.000,0.000,,
217.132336,2026-03-16 16:31:28.670,ARDUINO_PSI,Arduino,0.000,0.000,0.000,,
217.231650,2026-03-16 16:31:28.770,ARDUINO_PSI,Arduino,0.000,0.000,0.000,,
217.332150,2026-03-16 16:31:28.870,ARDUINO_PSI,Arduino,0.000,0.000,0.000,,
217.432256,2026-03-16 16:31:28.970,ARDUINO_PSI,Arduino,0.000,0.000,0.000,,
217.532285,2026-03-16 16:31:29.070,ARDUINO_PSI,Arduino,0.000,0.000,0.000,,
217.632311,2026-03-16 16:31:29.170,ARDUINO_PSI,Arduino,0.000,0.000,0.000,,
217.732256,2026-03-16 16:31:29.270,ARDUINO_PSI,Arduino,0.000,0.000,0.000,,
217.832338,2026-03-16 16:31:29.370,ARDUINO_PSI,Arduino,0.000,0.000,0.000,,
217.932287,2026-03-16 16:31:29.470,ARDUINO_PSI,Arduino,0.000,0.000,0.000,,
218.031701,2026-03-16 16:31:29.570,ARDUINO_PSI,Arduino,0.000,0.000,0.000,,
218.132291,2026-03-16 16:31:29.670,ARDUINO_PSI,Arduino,0.000,0.000,0.000,,
218.232290,2026-03-16 16:31:29.770,ARDUINO_PSI,Arduino,0.000,0.000,0.000,,
218.332653,2026-03-16 16:31:29.871,ARDUINO_PSI,Arduino,0.000,0.000,0.000,,
218.432725,2026-03-16 16:31:29.971,ARDUINO_PSI,Arduino,0.000,0.000,0.000,,
218.532207,2026-03-16 16:31:30.070,ARDUINO_PSI,Arduino,0.000,0.000,0.000,,
218.632478,2026-03-16 16:31:30.170,ARDUINO_PSI,Arduino,0.000,0.000,0.000,,
218.732253,2026-03-16 16:31:30.270,ARDUINO_PSI,Arduino,0.000,0.000,0.000,,
218.832246,2026-03-16 16:31:30.370,ARDUINO_PSI,Arduino,0.000,0.000,0.000,,
218.932417,2026-03-16 16:31:30.470,ARDUINO_PSI,Arduino,0.000,0.000,0.000,,
219.032138,2026-03-16 16:31:30.570,ARDUINO_PSI,Arduino,0.000,0.000,0.000,,
219.132931,2026-03-16 16:31:30.671,ARDUINO_PSI,Arduino,0.000,0.000,0.000,,
219.232235,2026-03-16 16:31:30.770,ARDUINO_PSI,Arduino,0.000,0.000,0.000,,
219.332182,2026-03-16 16:31:30.870,ARDUINO_PSI,Arduino,0.000,0.000,0.000,,
219.432284,2026-03-16 16:31:30.970,ARDUINO_PSI,Arduino,0.000,0.000,0.000,,
219.532130,2026-03-16 16:31:31.070,ARDUINO_PSI,Arduino,0.000,0.000,0.000,,
219.631596,2026-03-16 16:31:31.169,ARDUINO_PSI,Arduino,0.000,0.000,0.000,,
219.732278,2026-03-16 16:31:31.270,ARDUINO_PSI,Arduino,0.000,0.000,0.000,,
219.832630,2026-03-16 16:31:31.371,ARDUINO_PSI,Arduino,0.000,0.000,0.000,,
219.932279,2026-03-16 16:31:31.470,ARDUINO_PSI,Arduino,0.000,0.000,0.000,,
220.032545,2026-03-16 16:31:31.570,ARDUINO_PSI,Arduino,0.000,0.000,0.000,,
220.132053,2026-03-16 16:31:31.670,ARDUINO_PSI,Arduino,0.000,0.000,0.000,,
220.232267,2026-03-16 16:31:31.770,ARDUINO_PSI,Arduino,0.000,0.000,0.000,,
220.332338,2026-03-16 16:31:31.870,ARDUINO_PSI,Arduino,0.000,0.000,0.000,,
220.431959,2026-03-16 16:31:31.970,ARDUINO_PSI,Arduino,0.000,0.000,0.000,,
220.532458,2026-03-16 16:31:32.070,ARDUINO_PSI,Arduino,0.000,0.000,0.000,,
220.632584,2026-03-16 16:31:32.170,ARDUINO_PSI,Arduino,0.000,0.000,0.000,,
220.732303,2026-03-16 16:31:32.270,ARDUINO_PSI,Arduino,0.000,0.000,0.000,,
220.832379,2026-03-16 16:31:32.370,ARDUINO_PSI,Arduino,0.000,0.000,0.000,,
220.932884,2026-03-16 16:31:32.471,ARDUINO_PSI,Arduino,0.000,0.000,0.000,,
221.031798,2026-03-16 16:31:32.570,ARDUINO_PSI,Arduino,0.000,0.000,0.000,,
221.132543,2026-03-16 16:31:32.670,ARDUINO_PSI,Arduino,0.000,0.000,0.000,,
221.232100,2026-03-16 16:31:32.770,ARDUINO_PSI,Arduino,0.000,0.000,0.000,,
221.332453,2026-03-16 16:31:32.870,ARDUINO_PSI,Arduino,0.000,0.000,0.000,,
221.432513,2026-03-16 16:31:32.970,ARDUINO_PSI,Arduino,0.000,0.000,0.000,,
221.532323,2026-03-16 16:31:33.070,ARDUINO_PSI,Arduino,0.000,0.000,0.000,,
221.632270,2026-03-16 16:31:33.170,ARDUINO_PSI,Arduino,0.000,0.000,0.000,,
221.733433,2026-03-16 16:31:33.271,ARDUINO_PSI,Arduino,0.000,0.000,0.000,,
221.832585,2026-03-16 16:31:33.370,ARDUINO_PSI,Arduino,0.000,0.000,0.000,,
221.932116,2026-03-16 16:31:33.470,ARDUINO_PSI,Arduino,0.000,0.000,0.000,,
222.032220,2026-03-16 16:31:33.570,ARDUINO_PSI,Arduino,0.000,0.000,0.000,,
222.132207,2026-03-16 16:31:33.670,ARDUINO_PSI,Arduino,0.000,0.000,0.000,,
222.231639,2026-03-16 16:31:33.770,ARDUINO_PSI,Arduino,0.000,0.000,0.000,,
222.331635,2026-03-16 16:31:33.870,ARDUINO_PSI,Arduino,0.000,0.000,0.000,,
222.432176,2026-03-16 16:31:33.970,ARDUINO_PSI,Arduino,0.000,0.000,0.000,,
222.532002,2026-03-16 16:31:34.070,ARDUINO_PSI,Arduino,0.000,0.000,0.000,,
222.632300,2026-03-16 16:31:34.170,ARDUINO_PSI,Arduino,0.000,0.000,0.000,,
222.732308,2026-03-16 16:31:34.270,ARDUINO_PSI,Arduino,0.000,0.000,0.000,,
222.832268,2026-03-16 16:31:34.370,ARDUINO_PSI,Arduino,0.000,0.000,0.000,,
222.932163,2026-03-16 16:31:34.470,ARDUINO_PSI,Arduino,0.000,0.000,0.000,,
223.032752,2026-03-16 16:31:34.571,ARDUINO_PSI,Arduino,0.000,0.000,0.000,,
223.132666,2026-03-16 16:31:34.671,ARDUINO_PSI,Arduino,0.000,0.000,0.000,,
223.232362,2026-03-16 16:31:34.770,ARDUINO_PSI,Arduino,0.000,0.000,0.000,,
223.333301,2026-03-16 16:31:34.871,ARDUINO_PSI,Arduino,0.000,0.000,0.000,,
223.433122,2026-03-16 16:31:34.971,ARDUINO_PSI,Arduino,0.000,0.000,0.000,,
223.532298,2026-03-16 16:31:35.070,ARDUINO_PSI,Arduino,0.000,0.000,0.000,,
223.632259,2026-03-16 16:31:35.170,ARDUINO_PSI,Arduino,0.000,0.000,0.000,,
223.732329,2026-03-16 16:31:35.270,ARDUINO_PSI,Arduino,0.000,0.000,0.000,,
223.832125,2026-03-16 16:31:35.370,ARDUINO_PSI,Arduino,0.000,0.000,0.000,,
223.933046,2026-03-16 16:31:35.471,ARDUINO_PSI,Arduino,0.000,0.000,0.000,,
224.031632,2026-03-16 16:31:35.569,ARDUINO_PSI,Arduino,0.000,0.000,0.000,,
224.132313,2026-03-16 16:31:35.670,ARDUINO_PSI,Arduino,0.000,0.000,0.000,,
224.232524,2026-03-16 16:31:35.770,ARDUINO_PSI,Arduino,0.000,0.000,0.000,,
224.332200,2026-03-16 16:31:35.870,ARDUINO_PSI,Arduino,0.000,0.000,0.000,,
224.432091,2026-03-16 16:31:35.970,ARDUINO_PSI,Arduino,0.000,0.000,0.000,,
224.532079,2026-03-16 16:31:36.070,ARDUINO_PSI,Arduino,0.000,0.000,0.000,,
224.632533,2026-03-16 16:31:36.170,ARDUINO_PSI,Arduino,0.000,0.000,0.000,,
224.732392,2026-03-16 16:31:36.270,ARDUINO_PSI,Arduino,0.000,0.000,0.000,,
224.832241,2026-03-16 16:31:36.370,ARDUINO_PSI,Arduino,0.000,0.000,0.000,,
224.932281,2026-03-16 16:31:36.470,ARDUINO_PSI,Arduino,0.000,0.000,0.000,,
225.032455,2026-03-16 16:31:36.570,ARDUINO_PSI,Arduino,0.000,0.000,0.000,,
225.132407,2026-03-16 16:31:36.670,ARDUINO_PSI,Arduino,0.000,0.000,0.000,,
225.232857,2026-03-16 16:31:36.771,ARDUINO_PSI,Arduino,0.000,0.000,0.000,,
225.332152,2026-03-16 16:31:36.870,ARDUINO_PSI,Arduino,0.000,0.000,0.000,,
225.432417,2026-03-16 16:31:36.970,ARDUINO_PSI,Arduino,0.000,0.000,0.000,,
225.532106,2026-03-16 16:31:37.070,ARDUINO_PSI,Arduino,0.000,0.000,0.000,,
225.632382,2026-03-16 16:31:37.170,ARDUINO_PSI,Arduino,0.000,0.000,0.000,,
225.732435,2026-03-16 16:31:37.270,ARDUINO_PSI,Arduino,0.000,0.000,0.000,,
225.832247,2026-03-16 16:31:37.370,ARDUINO_PSI,Arduino,0.000,0.000,0.000,,
225.932130,2026-03-16 16:31:37.470,ARDUINO_PSI,Arduino,0.000,0.000,0.000,,
226.032046,2026-03-16 16:31:37.570,ARDUINO_PSI,Arduino,0.000,0.000,0.000,,
226.132385,2026-03-16 16:31:37.670,ARDUINO_PSI,Arduino,0.000,0.000,0.000,,
226.232444,2026-03-16 16:31:37.770,ARDUINO_PSI,Arduino,0.000,0.000,0.000,,
226.332238,2026-03-16 16:31:37.870,ARDUINO_PSI,Arduino,0.000,0.000,0.000,,
226.432098,2026-03-16 16:31:37.970,ARDUINO_PSI,Arduino,0.000,0.000,0.000,,
226.532031,2026-03-16 16:31:38.070,ARDUINO_PSI,Arduino,0.000,0.000,0.000,,
226.631647,2026-03-16 16:31:38.170,ARDUINO_PSI,Arduino,0.000,0.000,0.000,,
226.732287,2026-03-16 16:31:38.270,ARDUINO_PSI,Arduino,0.000,0.000,0.000,,
226.832385,2026-03-16 16:31:38.370,ARDUINO_PSI,Arduino,0.000,0.000,0.000,,
226.932349,2026-03-16 16:31:38.470,ARDUINO_PSI,Arduino,0.000,0.000,0.000,,
227.031818,2026-03-16 16:31:38.570,ARDUINO_PSI,Arduino,0.000,0.000,0.000,,
227.132276,2026-03-16 16:31:38.670,ARDUINO_PSI,Arduino,0.000,0.000,0.000,,
227.232351,2026-03-16 16:31:38.770,ARDUINO_PSI,Arduino,0.000,0.000,0.000,,
227.332483,2026-03-16 16:31:38.870,ARDUINO_PSI,Arduino,0.000,0.000,0.000,,
227.432126,2026-03-16 16:31:38.970,ARDUINO_PSI,Arduino,0.000,0.000,0.000,,
227.532772,2026-03-16 16:31:39.071,ARDUINO_PSI,Arduino,0.000,0.000,0.000,,
227.632407,2026-03-16 16:31:39.170,ARDUINO_PSI,Arduino,0.000,0.000,0.000,,
227.732312,2026-03-16 16:31:39.270,ARDUINO_PSI,Arduino,0.000,0.000,0.000,,
227.832174,2026-03-16 16:31:39.370,ARDUINO_PSI,Arduino,0.000,0.000,0.000,,
227.932493,2026-03-16 16:31:39.470,ARDUINO_PSI,Arduino,0.000,0.000,0.000,,
228.032024,2026-03-16 16:31:39.570,ARDUINO_PSI,Arduino,0.000,0.000,0.000,,
228.132508,2026-03-16 16:31:39.670,ARDUINO_PSI,Arduino,0.000,0.000,0.000,,
228.232493,2026-03-16 16:31:39.770,ARDUINO_PSI,Arduino,0.000,0.000,0.000,,
228.332433,2026-03-16 16:31:39.870,ARDUINO_PSI,Arduino,0.000,0.000,0.000,,
228.432297,2026-03-16 16:31:39.970,ARDUINO_PSI,Arduino,0.000,0.000,0.000,,
228.532327,2026-03-16 16:31:40.070,ARDUINO_PSI,Arduino,0.000,0.000,0.000,,
228.632407,2026-03-16 16:31:40.170,ARDUINO_PSI,Arduino,0.000,0.000,0.000,,
228.732362,2026-03-16 16:31:40.270,ARDUINO_PSI,Arduino,0.000,0.000,0.000,,
228.832314,2026-03-16 16:31:40.370,ARDUINO_PSI,Arduino,0.000,0.000,0.000,,
228.932714,2026-03-16 16:31:40.471,ARDUINO_PSI,Arduino,0.000,0.000,0.000,,
229.032282,2026-03-16 16:31:40.570,ARDUINO_PSI,Arduino,0.000,0.000,0.000,,
229.132375,2026-03-16 16:31:40.670,ARDUINO_PSI,Arduino,0.000,0.000,0.000,,
229.232415,2026-03-16 16:31:40.770,ARDUINO_PSI,Arduino,0.000,0.000,0.000,,
229.332378,2026-03-16 16:31:40.870,ARDUINO_PSI,Arduino,0.000,0.000,0.000,,
229.431707,2026-03-16 16:31:40.970,ARDUINO_PSI,Arduino,0.000,0.000,0.000,,
229.532037,2026-03-16 16:31:41.070,ARDUINO_PSI,Arduino,0.000,0.000,0.000,,
229.632473,2026-03-16 16:31:41.170,ARDUINO_PSI,Arduino,0.000,0.000,0.000,,
229.732447,2026-03-16 16:31:41.270,ARDUINO_PSI,Arduino,0.000,0.000,0.000,,
229.832267,2026-03-16 16:31:41.370,ARDUINO_PSI,Arduino,0.000,0.000,0.000,,
229.932014,2026-03-16 16:31:41.470,ARDUINO_PSI,Arduino,0.000,0.000,0.000,,
230.032243,2026-03-16 16:31:41.570,ARDUINO_PSI,Arduino,0.000,0.000,0.000,,
230.132301,2026-03-16 16:31:41.670,ARDUINO_PSI,Arduino,0.000,0.000,0.000,,
230.232187,2026-03-16 16:31:41.770,ARDUINO_PSI,Arduino,0.000,0.000,0.000,,
230.332341,2026-03-16 16:31:41.870,ARDUINO_PSI,Arduino,0.000,0.000,0.000,,
230.432213,2026-03-16 16:31:41.970,ARDUINO_PSI,Arduino,0.000,0.000,0.000,,
230.532317,2026-03-16 16:31:42.070,ARDUINO_PSI,Arduino,0.000,0.000,0.000,,
230.632713,2026-03-16 16:31:42.171,ARDUINO_PSI,Arduino,0.000,0.000,0.000,,
230.732802,2026-03-16 16:31:42.271,ARDUINO_PSI,Arduino,0.000,0.000,0.000,,
230.832648,2026-03-16 16:31:42.371,ARDUINO_PSI,Arduino,0.000,0.000,0.000,,
230.932307,2026-03-16 16:31:42.470,ARDUINO_PSI,Arduino,0.000,0.000,0.000,,
231.032649,2026-03-16 16:31:42.571,ARDUINO_PSI,Arduino,0.000,0.000,0.000,,
231.132385,2026-03-16 16:31:42.670,ARDUINO_PSI,Arduino,0.000,0.000,0.000,,
231.232351,2026-03-16 16:31:42.770,ARDUINO_PSI,Arduino,0.000,0.000,0.000,,
231.332000,2026-03-16 16:31:42.870,ARDUINO_PSI,Arduino,0.000,0.000,0.000,,
231.432322,2026-03-16 16:31:42.970,ARDUINO_PSI,Arduino,0.000,0.000,0.000,,
231.533095,2026-03-16 16:31:43.071,ARDUINO_PSI,Arduino,0.000,0.000,0.000,,
231.632213,2026-03-16 16:31:43.170,ARDUINO_PSI,Arduino,0.000,0.000,0.000,,
231.732374,2026-03-16 16:31:43.270,ARDUINO_PSI,Arduino,0.000,0.000,0.000,,
231.832283,2026-03-16 16:31:43.370,ARDUINO_PSI,Arduino,0.000,0.000,0.000,,
231.932438,2026-03-16 16:31:43.470,ARDUINO_PSI,Arduino,0.000,0.000,0.000,,
232.032404,2026-03-16 16:31:43.570,ARDUINO_PSI,Arduino,0.000,0.000,0.000,,
232.132213,2026-03-16 16:31:43.670,ARDUINO_PSI,Arduino,0.000,0.000,0.000,,
232.232358,2026-03-16 16:31:43.770,ARDUINO_PSI,Arduino,0.000,0.000,0.000,,
232.332427,2026-03-16 16:31:43.870,ARDUINO_PSI,Arduino,0.000,0.000,0.000,,
232.432434,2026-03-16 16:31:43.970,ARDUINO_PSI,Arduino,0.000,0.000,0.000,,
232.532335,2026-03-16 16:31:44.070,ARDUINO_PSI,Arduino,0.000,0.000,0.000,,
232.632349,2026-03-16 16:31:44.170,ARDUINO_PSI,Arduino,0.000,0.000,0.000,,
232.732685,2026-03-16 16:31:44.271,ARDUINO_PSI,Arduino,0.000,0.000,0.000,,
232.832190,2026-03-16 16:31:44.370,ARDUINO_PSI,Arduino,0.000,0.000,0.000,,
232.932323,2026-03-16 16:31:44.470,ARDUINO_PSI,Arduino,0.000,0.000,0.000,,
233.032317,2026-03-16 16:31:44.570,ARDUINO_PSI,Arduino,0.000,0.000,0.000,,
233.131864,2026-03-16 16:31:44.670,ARDUINO_PSI,Arduino,0.000,0.000,0.000,,
233.232170,2026-03-16 16:31:44.770,ARDUINO_PSI,Arduino,0.000,0.000,0.000,,
233.332561,2026-03-16 16:31:44.870,ARDUINO_PSI,Arduino,0.000,0.000,0.000,,
233.432315,2026-03-16 16:31:44.970,ARDUINO_PSI,Arduino,0.000,0.000,0.000,,
233.532277,2026-03-16 16:31:45.070,ARDUINO_PSI,Arduino,0.000,0.000,0.000,,
233.631830,2026-03-16 16:31:45.170,ARDUINO_PSI,Arduino,0.000,0.000,0.000,,
233.732295,2026-03-16 16:31:45.270,ARDUINO_PSI,Arduino,0.000,0.000,0.000,,
233.832522,2026-03-16 16:31:45.370,ARDUINO_PSI,Arduino,0.000,0.000,0.000,,
233.931980,2026-03-16 16:31:45.470,ARDUINO_PSI,Arduino,0.000,0.000,0.000,,
234.032362,2026-03-16 16:31:45.570,ARDUINO_PSI,Arduino,0.000,0.000,0.000,,
234.132515,2026-03-16 16:31:45.670,ARDUINO_PSI,Arduino,0.000,0.000,0.000,,
234.232060,2026-03-16 16:31:45.770,ARDUINO_PSI,Arduino,0.000,0.000,0.000,,
234.332390,2026-03-16 16:31:45.870,ARDUINO_PSI,Arduino,0.000,0.000,0.000,,
234.432346,2026-03-16 16:31:45.970,ARDUINO_PSI,Arduino,0.000,0.000,0.000,,
234.532270,2026-03-16 16:31:46.070,ARDUINO_PSI,Arduino,0.000,0.000,0.000,,
234.632528,2026-03-16 16:31:46.170,ARDUINO_PSI,Arduino,0.000,0.000,0.000,,
234.732297,2026-03-16 16:31:46.270,ARDUINO_PSI,Arduino,0.000,0.000,0.000,,
234.832247,2026-03-16 16:31:46.370,ARDUINO_PSI,Arduino,0.000,0.000,0.000,,
234.932396,2026-03-16 16:31:46.470,ARDUINO_PSI,Arduino,0.000,0.000,0.000,,
235.032197,2026-03-16 16:31:46.570,ARDUINO_PSI,Arduino,0.000,0.000,0.000,,
235.132270,2026-03-16 16:31:46.670,ARDUINO_PSI,Arduino,0.000,0.000,0.000,,
235.232588,2026-03-16 16:31:46.770,ARDUINO_PSI,Arduino,0.000,0.000,0.000,,
235.332206,2026-03-16 16:31:46.870,ARDUINO_PSI,Arduino,0.000,0.000,0.000,,
235.432486,2026-03-16 16:31:46.970,ARDUINO_PSI,Arduino,0.000,0.000,0.000,,
235.532224,2026-03-16 16:31:47.070,ARDUINO_PSI,Arduino,0.000,0.000,0.000,,
235.632307,2026-03-16 16:31:47.170,ARDUINO_PSI,Arduino,0.000,0.000,0.000,,
235.732295,2026-03-16 16:31:47.270,ARDUINO_PSI,Arduino,0.000,0.000,0.000,,
235.832831,2026-03-16 16:31:47.371,ARDUINO_PSI,Arduino,0.000,0.000,0.000,,
235.931696,2026-03-16 16:31:47.470,ARDUINO_PSI,Arduino,0.000,0.000,0.000,,
236.031688,2026-03-16 16:31:47.570,ARDUINO_PSI,Arduino,0.000,0.000,0.000,,
236.132367,2026-03-16 16:31:47.670,ARDUINO_PSI,Arduino,0.000,0.000,0.000,,
236.232554,2026-03-16 16:31:47.770,ARDUINO_PSI,Arduino,0.000,0.000,0.000,,
236.332274,2026-03-16 16:31:47.870,ARDUINO_PSI,Arduino,0.000,0.000,0.000,,
236.432547,2026-03-16 16:31:47.970,ARDUINO_PSI,Arduino,0.000,0.000,0.000,,
236.532249,2026-03-16 16:31:48.070,ARDUINO_PSI,Arduino,0.000,0.000,0.000,,
236.632529,2026-03-16 16:31:48.170,ARDUINO_PSI,Arduino,0.000,0.000,0.000,,
236.731765,2026-03-16 16:31:48.270,ARDUINO_PSI,Arduino,0.000,0.000,0.000,,
236.832411,2026-03-16 16:31:48.370,ARDUINO_PSI,Arduino,0.000,0.000,0.000,,
236.932437,2026-03-16 16:31:48.470,ARDUINO_PSI,Arduino,0.000,0.000,0.000,,
237.032278,2026-03-16 16:31:48.570,ARDUINO_PSI,Arduino,0.000,0.000,0.000,,
237.132374,2026-03-16 16:31:48.670,ARDUINO_PSI,Arduino,0.000,0.000,0.000,,
237.232039,2026-03-16 16:31:48.770,ARDUINO_PSI,Arduino,0.000,0.000,0.000,,
237.332367,2026-03-16 16:31:48.870,ARDUINO_PSI,Arduino,0.000,0.000,0.000,,
237.432394,2026-03-16 16:31:48.970,ARDUINO_PSI,Arduino,0.000,0.000,0.000,,
237.532295,2026-03-16 16:31:49.070,ARDUINO_PSI,Arduino,0.000,0.000,0.000,,
237.632363,2026-03-16 16:31:49.170,ARDUINO_PSI,Arduino,0.000,0.000,0.000,,
237.732168,2026-03-16 16:31:49.270,ARDUINO_PSI,Arduino,0.000,0.000,0.000,,
237.832467,2026-03-16 16:31:49.370,ARDUINO_PSI,Arduino,0.000,0.000,0.000,,
237.932407,2026-03-16 16:31:49.470,ARDUINO_PSI,Arduino,0.000,0.000,0.000,,
238.032437,2026-03-16 16:31:49.570,ARDUINO_PSI,Arduino,0.000,0.000,0.000,,
238.132391,2026-03-16 16:31:49.670,ARDUINO_PSI,Arduino,0.000,0.000,0.000,,
238.232281,2026-03-16 16:31:49.770,ARDUINO_PSI,Arduino,0.000,0.000,0.000,,
238.332382,2026-03-16 16:31:49.870,ARDUINO_PSI,Arduino,0.000,0.000,0.000,,
238.432114,2026-03-16 16:31:49.970,ARDUINO_PSI,Arduino,0.000,0.000,0.000,,
238.532214,2026-03-16 16:31:50.070,ARDUINO_PSI,Arduino,0.000,0.000,0.000,,
238.632469,2026-03-16 16:31:50.170,ARDUINO_PSI,Arduino,0.000,0.000,0.000,,
238.732316,2026-03-16 16:31:50.270,ARDUINO_PSI,Arduino,0.000,0.000,0.000,,
238.832315,2026-03-16 16:31:50.370,ARDUINO_PSI,Arduino,0.000,0.000,0.000,,
238.932168,2026-03-16 16:31:50.470,ARDUINO_PSI,Arduino,0.000,0.000,0.000,,
239.032428,2026-03-16 16:31:50.570,ARDUINO_PSI,Arduino,0.000,0.000,0.000,,
239.132311,2026-03-16 16:31:50.670,ARDUINO_PSI,Arduino,0.000,0.000,0.000,,
239.232355,2026-03-16 16:31:50.770,ARDUINO_PSI,Arduino,0.000,0.000,0.000,,
239.332444,2026-03-16 16:31:50.870,ARDUINO_PSI,Arduino,0.000,0.000,0.000,,
239.432269,2026-03-16 16:31:50.970,ARDUINO_PSI,Arduino,0.000,0.000,0.000,,
239.532394,2026-03-16 16:31:51.070,ARDUINO_PSI,Arduino,0.000,0.000,0.000,,
239.632513,2026-03-16 16:31:51.170,ARDUINO_PSI,Arduino,0.000,0.000,0.000,,
239.732394,2026-03-16 16:31:51.270,ARDUINO_PSI,Arduino,0.000,0.000,0.000,,
239.832412,2026-03-16 16:31:51.370,ARDUINO_PSI,Arduino,0.000,0.000,0.000,,
239.932523,2026-03-16 16:31:51.470,ARDUINO_PSI,Arduino,0.000,0.000,0.000,,
240.032955,2026-03-16 16:31:51.571,ARDUINO_PSI,Arduino,0.000,0.000,0.000,,
240.132420,2026-03-16 16:31:51.670,ARDUINO_PSI,Arduino,0.000,0.000,0.000,,
240.232566,2026-03-16 16:31:51.770,ARDUINO_PSI,Arduino,0.000,0.000,0.000,,
240.332273,2026-03-16 16:31:51.870,ARDUINO_PSI,Arduino,0.000,0.000,0.000,,
240.432315,2026-03-16 16:31:51.970,ARDUINO_PSI,Arduino,0.000,0.000,0.000,,
240.532394,2026-03-16 16:31:52.070,ARDUINO_PSI,Arduino,0.000,0.000,0.000,,
240.633149,2026-03-16 16:31:52.171,ARDUINO_PSI,Arduino,0.000,0.000,0.000,,
240.732757,2026-03-16 16:31:52.271,ARDUINO_PSI,Arduino,0.000,0.000,0.000,,
240.831717,2026-03-16 16:31:52.370,ARDUINO_PSI,Arduino,0.000,0.000,0.000,,
240.932383,2026-03-16 16:31:52.470,ARDUINO_PSI,Arduino,0.000,0.000,0.000,,
241.033000,2026-03-16 16:31:52.571,ARDUINO_PSI,Arduino,0.000,0.000,0.000,,
241.132411,2026-03-16 16:31:52.670,ARDUINO_PSI,Arduino,0.000,0.000,0.000,,
241.233071,2026-03-16 16:31:52.771,ARDUINO_PSI,Arduino,0.000,0.000,0.000,,
241.332612,2026-03-16 16:31:52.870,ARDUINO_PSI,Arduino,0.000,0.000,0.000,,
241.431610,2026-03-16 16:31:52.969,ARDUINO_PSI,Arduino,0.000,0.000,0.000,,
241.531793,2026-03-16 16:31:53.070,ARDUINO_PSI,Arduino,0.000,0.000,0.000,,
241.632516,2026-03-16 16:31:53.170,ARDUINO_PSI,Arduino,0.000,0.000,0.000,,
241.732326,2026-03-16 16:31:53.270,ARDUINO_PSI,Arduino,0.000,0.000,0.000,,
241.831930,2026-03-16 16:31:53.370,ARDUINO_PSI,Arduino,0.000,0.000,0.000,,
241.931993,2026-03-16 16:31:53.470,ARDUINO_PSI,Arduino,0.000,0.000,0.000,,
242.033061,2026-03-16 16:31:53.571,ARDUINO_PSI,Arduino,0.000,0.000,0.000,,
242.133060,2026-03-16 16:31:53.671,ARDUINO_PSI,Arduino,0.000,0.000,0.000,,
242.232860,2026-03-16 16:31:53.771,ARDUINO_PSI,Arduino,0.000,0.000,0.000,,
242.332471,2026-03-16 16:31:53.870,ARDUINO_PSI,Arduino,0.000,0.000,0.000,,
242.432514,2026-03-16 16:31:53.970,ARDUINO_PSI,Arduino,0.000,0.000,0.000,,
242.532295,2026-03-16 16:31:54.070,ARDUINO_PSI,Arduino,0.000,0.000,0.000,,
242.632425,2026-03-16 16:31:54.170,ARDUINO_PSI,Arduino,0.000,0.000,0.000,,
242.731683,2026-03-16 16:31:54.270,ARDUINO_PSI,Arduino,0.000,0.000,0.000,,
242.832484,2026-03-16 16:31:54.370,ARDUINO_PSI,Arduino,0.000,0.000,0.000,,
242.932467,2026-03-16 16:31:54.470,ARDUINO_PSI,Arduino,0.000,0.000,0.000,,
243.032162,2026-03-16 16:31:54.570,ARDUINO_PSI,Arduino,0.000,0.000,0.000,,
243.132296,2026-03-16 16:31:54.670,ARDUINO_PSI,Arduino,0.000,0.000,0.000,,
243.232184,2026-03-16 16:31:54.770,ARDUINO_PSI,Arduino,0.000,0.000,0.000,,
243.332359,2026-03-16 16:31:54.870,ARDUINO_PSI,Arduino,0.000,0.000,0.000,,
243.432281,2026-03-16 16:31:54.970,ARDUINO_PSI,Arduino,0.000,0.000,0.000,,
243.532365,2026-03-16 16:31:55.070,ARDUINO_PSI,Arduino,0.000,0.000,0.000,,
243.632273,2026-03-16 16:31:55.170,ARDUINO_PSI,Arduino,0.000,0.000,0.000,,
243.732342,2026-03-16 16:31:55.270,ARDUINO_PSI,Arduino,0.000,0.000,0.000,,
243.832607,2026-03-16 16:31:55.370,ARDUINO_PSI,Arduino,0.000,0.000,0.000,,
243.932472,2026-03-16 16:31:55.470,ARDUINO_PSI,Arduino,0.000,0.000,0.000,,
244.032310,2026-03-16 16:31:55.570,ARDUINO_PSI,Arduino,0.000,0.000,0.000,,
244.132449,2026-03-16 16:31:55.670,ARDUINO_PSI,Arduino,0.000,0.000,0.000,,
244.232389,2026-03-16 16:31:55.770,ARDUINO_PSI,Arduino,0.000,0.000,0.000,,
244.332400,2026-03-16 16:31:55.870,ARDUINO_PSI,Arduino,0.000,0.000,0.000,,
244.432266,2026-03-16 16:31:55.970,ARDUINO_PSI,Arduino,0.000,0.000,0.000,,
244.532511,2026-03-16 16:31:56.070,ARDUINO_PSI,Arduino,0.000,0.000,0.000,,
244.632487,2026-03-16 16:31:56.170,ARDUINO_PSI,Arduino,0.000,0.000,0.000,,
244.732363,2026-03-16 16:31:56.270,ARDUINO_PSI,Arduino,0.000,0.000,0.000,,
244.832417,2026-03-16 16:31:56.370,ARDUINO_PSI,Arduino,0.000,0.000,0.000,,
244.932241,2026-03-16 16:31:56.470,ARDUINO_PSI,Arduino,0.000,0.000,0.000,,
245.032663,2026-03-16 16:31:56.571,ARDUINO_PSI,Arduino,0.000,0.000,0.000,,
245.132234,2026-03-16 16:31:56.670,ARDUINO_PSI,Arduino,0.000,0.000,0.000,,
245.232991,2026-03-16 16:31:56.771,ARDUINO_PSI,Arduino,0.000,0.000,0.000,,
245.332363,2026-03-16 16:31:56.870,ARDUINO_PSI,Arduino,0.000,0.000,0.000,,
245.431759,2026-03-16 16:31:56.970,ARDUINO_PSI,Arduino,0.000,0.000,0.000,,
245.532362,2026-03-16 16:31:57.070,ARDUINO_PSI,Arduino,0.000,0.000,0.000,,
245.632345,2026-03-16 16:31:57.170,ARDUINO_PSI,Arduino,0.000,0.000,0.000,,
245.732320,2026-03-16 16:31:57.270,ARDUINO_PSI,Arduino,0.000,0.000,0.000,,
245.832362,2026-03-16 16:31:57.370,ARDUINO_PSI,Arduino,0.000,0.000,0.000,,
245.932241,2026-03-16 16:31:57.470,ARDUINO_PSI,Arduino,0.000,0.000,0.000,,
246.032367,2026-03-16 16:31:57.570,ARDUINO_PSI,Arduino,0.000,0.000,0.000,,
246.132887,2026-03-16 16:31:57.671,ARDUINO_PSI,Arduino,0.000,0.000,0.000,,
246.232357,2026-03-16 16:31:57.770,ARDUINO_PSI,Arduino,0.000,0.000,0.000,,
246.332383,2026-03-16 16:31:57.870,ARDUINO_PSI,Arduino,0.000,0.000,0.000,,
246.432447,2026-03-16 16:31:57.970,ARDUINO_PSI,Arduino,0.000,0.000,0.000,,
246.531837,2026-03-16 16:31:58.070,ARDUINO_PSI,Arduino,0.000,0.000,0.000,,
246.632423,2026-03-16 16:31:58.170,ARDUINO_PSI,Arduino,0.000,0.000,0.000,,
246.732426,2026-03-16 16:31:58.270,ARDUINO_PSI,Arduino,0.000,0.000,0.000,,
246.832473,2026-03-16 16:31:58.370,ARDUINO_PSI,Arduino,0.000,0.000,0.000,,
246.932317,2026-03-16 16:31:58.470,ARDUINO_PSI,Arduino,0.000,0.000,0.000,,
247.032407,2026-03-16 16:31:58.570,ARDUINO_PSI,Arduino,0.000,0.000,0.000,,
247.133035,2026-03-16 16:31:58.671,ARDUINO_PSI,Arduino,0.000,0.000,0.000,,
247.232166,2026-03-16 16:31:58.770,ARDUINO_PSI,Arduino,0.000,0.000,0.000,,
247.332382,2026-03-16 16:31:58.870,ARDUINO_PSI,Arduino,0.000,0.000,0.000,,
247.432177,2026-03-16 16:31:58.970,ARDUINO_PSI,Arduino,0.000,0.000,0.000,,
247.532229,2026-03-16 16:31:59.070,ARDUINO_PSI,Arduino,0.000,0.000,0.000,,
247.632495,2026-03-16 16:31:59.170,ARDUINO_PSI,Arduino,0.000,0.000,0.000,,
247.732292,2026-03-16 16:31:59.270,ARDUINO_PSI,Arduino,0.000,0.000,0.000,,
247.832329,2026-03-16 16:31:59.370,ARDUINO_PSI,Arduino,0.000,0.000,0.000,,
247.932314,2026-03-16 16:31:59.470,ARDUINO_PSI,Arduino,0.000,0.000,0.000,,
248.031703,2026-03-16 16:31:59.570,ARDUINO_PSI,Arduino,0.000,0.000,0.000,,
248.132526,2026-03-16 16:31:59.670,ARDUINO_PSI,Arduino,0.000,0.000,0.000,,
248.232367,2026-03-16 16:31:59.770,ARDUINO_PSI,Arduino,0.000,0.000,0.000,,
248.332267,2026-03-16 16:31:59.870,ARDUINO_PSI,Arduino,0.000,0.000,0.000,,
248.432631,2026-03-16 16:31:59.970,ARDUINO_PSI,Arduino,0.000,0.000,0.000,,
248.532560,2026-03-16 16:32:00.070,ARDUINO_PSI,Arduino,0.000,0.000,0.000,,
248.632286,2026-03-16 16:32:00.170,ARDUINO_PSI,Arduino,0.000,0.000,0.000,,
248.732375,2026-03-16 16:32:00.270,ARDUINO_PSI,Arduino,0.000,0.000,0.000,,
248.832401,2026-03-16 16:32:00.370,ARDUINO_PSI,Arduino,0.000,0.000,0.000,,
248.932380,2026-03-16 16:32:00.470,ARDUINO_PSI,Arduino,0.000,0.000,0.000,,
249.032310,2026-03-16 16:32:00.570,ARDUINO_PSI,Arduino,0.000,0.000,0.000,,
249.132451,2026-03-16 16:32:00.670,ARDUINO_PSI,Arduino,0.000,0.000,0.000,,
249.232424,2026-03-16 16:32:00.770,ARDUINO_PSI,Arduino,0.000,0.000,0.000,,
249.332459,2026-03-16 16:32:00.870,ARDUINO_PSI,Arduino,0.000,0.000,0.000,,
249.432281,2026-03-16 16:32:00.970,ARDUINO_PSI,Arduino,0.000,0.000,0.000,,
249.531692,2026-03-16 16:32:01.070,ARDUINO_PSI,Arduino,0.000,0.000,0.000,,
249.632394,2026-03-16 16:32:01.170,ARDUINO_PSI,Arduino,0.000,0.000,0.000,,
249.732240,2026-03-16 16:32:01.270,ARDUINO_PSI,Arduino,0.000,0.000,0.000,,
249.832410,2026-03-16 16:32:01.370,ARDUINO_PSI,Arduino,0.000,0.000,0.000,,
249.932431,2026-03-16 16:32:01.470,ARDUINO_PSI,Arduino,0.000,0.000,0.000,,
250.032321,2026-03-16 16:32:01.570,ARDUINO_PSI,Arduino,0.000,0.000,0.000,,
250.133167,2026-03-16 16:32:01.671,ARDUINO_PSI,Arduino,0.000,0.000,0.000,,
250.232409,2026-03-16 16:32:01.770,ARDUINO_PSI,Arduino,0.000,0.000,0.000,,
250.332432,2026-03-16 16:32:01.870,ARDUINO_PSI,Arduino,0.000,0.000,0.000,,
250.432534,2026-03-16 16:32:01.970,ARDUINO_PSI,Arduino,0.000,0.000,0.000,,
250.531801,2026-03-16 16:32:02.070,ARDUINO_PSI,Arduino,0.000,0.000,0.000,,
250.633245,2026-03-16 16:32:02.171,ARDUINO_PSI,Arduino,0.000,0.000,0.000,,
250.732401,2026-03-16 16:32:02.270,ARDUINO_PSI,Arduino,0.000,0.000,0.000,,
250.832322,2026-03-16 16:32:02.370,ARDUINO_PSI,Arduino,0.000,0.000,0.000,,
250.932358,2026-03-16 16:32:02.470,ARDUINO_PSI,Arduino,0.000,0.000,0.000,,
251.032432,2026-03-16 16:32:02.570,ARDUINO_PSI,Arduino,0.000,0.000,0.000,,
251.132091,2026-03-16 16:32:02.670,ARDUINO_PSI,Arduino,0.000,0.000,0.000,,
251.232337,2026-03-16 16:32:02.770,ARDUINO_PSI,Arduino,0.000,0.000,0.000,,
251.332262,2026-03-16 16:32:02.870,ARDUINO_PSI,Arduino,0.000,0.000,0.000,,
251.432321,2026-03-16 16:32:02.970,ARDUINO_PSI,Arduino,0.000,0.000,0.000,,
251.532227,2026-03-16 16:32:03.070,ARDUINO_PSI,Arduino,0.000,0.000,0.000,,
251.632606,2026-03-16 16:32:03.170,ARDUINO_PSI,Arduino,0.000,0.000,0.000,,
251.732482,2026-03-16 16:32:03.270,ARDUINO_PSI,Arduino,0.000,0.000,0.000,,
251.832345,2026-03-16 16:32:03.370,ARDUINO_PSI,Arduino,0.000,0.000,0.000,,
251.932310,2026-03-16 16:32:03.470,ARDUINO_PSI,Arduino,0.000,0.000,0.000,,
252.032490,2026-03-16 16:32:03.570,ARDUINO_PSI,Arduino,0.000,0.000,0.000,,
252.132679,2026-03-16 16:32:03.671,ARDUINO_PSI,Arduino,0.000,0.000,0.000,,
252.232427,2026-03-16 16:32:03.770,ARDUINO_PSI,Arduino,0.000,0.000,0.000,,
252.332343,2026-03-16 16:32:03.870,ARDUINO_PSI,Arduino,0.000,0.000,0.000,,
252.432257,2026-03-16 16:32:03.970,ARDUINO_PSI,Arduino,0.000,0.000,0.000,,
252.532255,2026-03-16 16:32:04.070,ARDUINO_PSI,Arduino,0.000,0.000,0.000,,
252.631849,2026-03-16 16:32:04.170,ARDUINO_PSI,Arduino,0.000,0.000,0.000,,
252.732477,2026-03-16 16:32:04.270,ARDUINO_PSI,Arduino,0.000,0.000,0.000,,
252.832167,2026-03-16 16:32:04.370,ARDUINO_PSI,Arduino,0.000,0.000,0.000,,
252.932017,2026-03-16 16:32:04.470,ARDUINO_PSI,Arduino,0.000,0.000,0.000,,
253.031967,2026-03-16 16:32:04.570,ARDUINO_PSI,Arduino,0.000,0.000,0.000,,
253.132710,2026-03-16 16:32:04.671,ARDUINO_PSI,Arduino,0.000,0.000,0.000,,
253.232448,2026-03-16 16:32:04.770,ARDUINO_PSI,Arduino,0.000,0.000,0.000,,
253.332010,2026-03-16 16:32:04.870,ARDUINO_PSI,Arduino,0.000,0.000,0.000,,
253.432450,2026-03-16 16:32:04.970,ARDUINO_PSI,Arduino,0.000,0.000,0.000,,
253.532356,2026-03-16 16:32:05.070,ARDUINO_PSI,Arduino,0.000,0.000,0.000,,
253.632500,2026-03-16 16:32:05.170,ARDUINO_PSI,Arduino,0.000,0.000,0.000,,
253.732728,2026-03-16 16:32:05.271,ARDUINO_PSI,Arduino,0.000,0.000,0.000,,
253.832511,2026-03-16 16:32:05.370,ARDUINO_PSI,Arduino,0.000,0.000,0.000,,
253.932273,2026-03-16 16:32:05.470,ARDUINO_PSI,Arduino,0.000,0.000,0.000,,
254.032049,2026-03-16 16:32:05.570,ARDUINO_PSI,Arduino,0.000,0.000,0.000,,
254.132371,2026-03-16 16:32:05.670,ARDUINO_PSI,Arduino,0.000,0.000,0.000,,
254.231778,2026-03-16 16:32:05.770,ARDUINO_PSI,Arduino,0.000,0.000,0.000,,
254.332324,2026-03-16 16:32:05.870,ARDUINO_PSI,Arduino,0.000,0.000,0.000,,
254.432113,2026-03-16 16:32:05.970,ARDUINO_PSI,Arduino,0.000,0.000,0.000,,
254.532444,2026-03-16 16:32:06.070,ARDUINO_PSI,Arduino,0.000,0.000,0.000,,
254.632239,2026-03-16 16:32:06.170,ARDUINO_PSI,Arduino,0.000,0.000,0.000,,
254.732271,2026-03-16 16:32:06.270,ARDUINO_PSI,Arduino,0.000,0.000,0.000,,
254.832413,2026-03-16 16:32:06.370,ARDUINO_PSI,Arduino,0.000,0.000,0.000,,
254.931932,2026-03-16 16:32:06.470,ARDUINO_PSI,Arduino,0.000,0.000,0.000,,
255.032502,2026-03-16 16:32:06.570,ARDUINO_PSI,Arduino,0.000,0.000,0.000,,
255.132771,2026-03-16 16:32:06.671,ARDUINO_PSI,Arduino,0.000,0.000,0.000,,
255.232398,2026-03-16 16:32:06.770,ARDUINO_PSI,Arduino,0.000,0.000,0.000,,
255.332446,2026-03-16 16:32:06.870,ARDUINO_PSI,Arduino,0.000,0.000,0.000,,
255.432273,2026-03-16 16:32:06.970,ARDUINO_PSI,Arduino,0.000,0.000,0.000,,
255.531632,2026-03-16 16:32:07.069,ARDUINO_PSI,Arduino,0.000,0.000,0.000,,
255.631726,2026-03-16 16:32:07.170,ARDUINO_PSI,Arduino,0.000,0.000,0.000,,
255.732481,2026-03-16 16:32:07.270,ARDUINO_PSI,Arduino,0.000,0.000,0.000,,
255.832406,2026-03-16 16:32:07.370,ARDUINO_PSI,Arduino,0.000,0.000,0.000,,
255.932210,2026-03-16 16:32:07.470,ARDUINO_PSI,Arduino,0.000,0.000,0.000,,
256.032745,2026-03-16 16:32:07.571,ARDUINO_PSI,Arduino,0.000,0.000,0.000,,
256.132429,2026-03-16 16:32:07.670,ARDUINO_PSI,Arduino,0.000,0.000,0.000,,
256.232307,2026-03-16 16:32:07.770,ARDUINO_PSI,Arduino,0.000,0.000,0.000,,
256.332120,2026-03-16 16:32:07.870,ARDUINO_PSI,Arduino,0.000,0.000,0.000,,
256.432354,2026-03-16 16:32:07.970,ARDUINO_PSI,Arduino,0.000,0.000,0.000,,
256.533455,2026-03-16 16:32:08.071,ARDUINO_PSI,Arduino,0.000,0.000,0.000,,
256.632376,2026-03-16 16:32:08.170,ARDUINO_PSI,Arduino,0.000,0.000,0.000,,
256.731856,2026-03-16 16:32:08.270,ARDUINO_PSI,Arduino,0.000,0.000,0.000,,
256.832110,2026-03-16 16:32:08.370,ARDUINO_PSI,Arduino,0.000,0.000,0.000,,
256.932378,2026-03-16 16:32:08.470,ARDUINO_PSI,Arduino,0.000,0.000,0.000,,
257.032668,2026-03-16 16:32:08.571,ARDUINO_PSI,Arduino,0.000,0.000,0.000,,
257.132492,2026-03-16 16:32:08.670,ARDUINO_PSI,Arduino,0.000,0.000,0.000,,
257.232447,2026-03-16 16:32:08.770,ARDUINO_PSI,Arduino,0.000,0.000,0.000,,
257.332241,2026-03-16 16:32:08.870,ARDUINO_PSI,Arduino,0.000,0.000,0.000,,
257.432265,2026-03-16 16:32:08.970,ARDUINO_PSI,Arduino,0.000,0.000,0.000,,
257.532359,2026-03-16 16:32:09.070,ARDUINO_PSI,Arduino,0.000,0.000,0.000,,
257.632522,2026-03-16 16:32:09.170,ARDUINO_PSI,Arduino,0.000,0.000,0.000,,
257.732201,2026-03-16 16:32:09.270,ARDUINO_PSI,Arduino,0.000,0.000,0.000,,
257.832231,2026-03-16 16:32:09.370,ARDUINO_PSI,Arduino,0.000,0.000,0.000,,
257.932709,2026-03-16 16:32:09.471,ARDUINO_PSI,Arduino,0.000,0.000,0.000,,
258.031868,2026-03-16 16:32:09.570,ARDUINO_PSI,Arduino,0.000,0.000,0.000,,
258.132519,2026-03-16 16:32:09.670,ARDUINO_PSI,Arduino,0.000,0.000,0.000,,
258.232466,2026-03-16 16:32:09.770,ARDUINO_PSI,Arduino,0.000,0.000,0.000,,
258.331811,2026-03-16 16:32:09.870,ARDUINO_PSI,Arduino,0.000,0.000,0.000,,
258.432403,2026-03-16 16:32:09.970,ARDUINO_PSI,Arduino,0.000,0.000,0.000,,
258.532143,2026-03-16 16:32:10.070,ARDUINO_PSI,Arduino,0.000,0.000,0.000,,
258.632369,2026-03-16 16:32:10.170,ARDUINO_PSI,Arduino,0.000,0.000,0.000,,
258.732366,2026-03-16 16:32:10.270,ARDUINO_PSI,Arduino,0.000,0.000,0.000,,
258.832717,2026-03-16 16:32:10.371,ARDUINO_PSI,Arduino,0.000,0.000,0.000,,
258.932918,2026-03-16 16:32:10.471,ARDUINO_PSI,Arduino,0.000,0.000,0.000,,
259.032338,2026-03-16 16:32:10.570,ARDUINO_PSI,Arduino,0.000,0.000,0.000,,
259.132303,2026-03-16 16:32:10.670,ARDUINO_PSI,Arduino,0.000,0.000,0.000,,
259.232368,2026-03-16 16:32:10.770,ARDUINO_PSI,Arduino,0.000,0.000,0.000,,
259.332365,2026-03-16 16:32:10.870,ARDUINO_PSI,Arduino,0.000,0.000,0.000,,
259.432123,2026-03-16 16:32:10.970,ARDUINO_PSI,Arduino,0.000,0.000,0.000,,
259.532349,2026-03-16 16:32:11.070,ARDUINO_PSI,Arduino,0.000,0.000,0.000,,
259.632374,2026-03-16 16:32:11.170,ARDUINO_PSI,Arduino,0.000,0.000,0.000,,
259.732235,2026-03-16 16:32:11.270,ARDUINO_PSI,Arduino,0.000,0.000,0.000,,
259.831712,2026-03-16 16:32:11.370,ARDUINO_PSI,Arduino,0.000,0.000,0.000,,
259.932133,2026-03-16 16:32:11.470,ARDUINO_PSI,Arduino,0.000,0.000,0.000,,
260.032255,2026-03-16 16:32:11.570,ARDUINO_PSI,Arduino,0.000,0.000,0.000,,
260.132417,2026-03-16 16:32:11.670,ARDUINO_PSI,Arduino,0.000,0.000,0.000,,
260.232343,2026-03-16 16:32:11.770,ARDUINO_PSI,Arduino,0.000,0.000,0.000,,
260.332309,2026-03-16 16:32:11.870,ARDUINO_PSI,Arduino,0.000,0.000,0.000,,
260.432346,2026-03-16 16:32:11.970,ARDUINO_PSI,Arduino,0.000,0.000,0.000,,
260.532257,2026-03-16 16:32:12.070,ARDUINO_PSI,Arduino,0.000,0.000,0.000,,
260.632527,2026-03-16 16:32:12.170,ARDUINO_PSI,Arduino,0.000,0.000,0.000,,
260.732376,2026-03-16 16:32:12.270,ARDUINO_PSI,Arduino,0.000,0.000,0.000,,
260.833186,2026-03-16 16:32:12.371,ARDUINO_PSI,Arduino,0.000,0.000,0.000,,
260.932455,2026-03-16 16:32:12.470,ARDUINO_PSI,Arduino,0.000,0.000,0.000,,
261.032199,2026-03-16 16:32:12.570,ARDUINO_PSI,Arduino,0.000,0.000,0.000,,
261.132639,2026-03-16 16:32:12.671,ARDUINO_PSI,Arduino,0.000,0.000,0.000,,
261.232406,2026-03-16 16:32:12.770,ARDUINO_PSI,Arduino,0.000,0.000,0.000,,
261.332431,2026-03-16 16:32:12.870,ARDUINO_PSI,Arduino,0.000,0.000,0.000,,
261.432500,2026-03-16 16:32:12.970,ARDUINO_PSI,Arduino,0.000,0.000,0.000,,
261.532563,2026-03-16 16:32:13.070,ARDUINO_PSI,Arduino,0.000,0.000,0.000,,
261.632441,2026-03-16 16:32:13.170,ARDUINO_PSI,Arduino,0.000,0.000,0.000,,
261.732447,2026-03-16 16:32:13.270,ARDUINO_PSI,Arduino,0.000,0.000,0.000,,
261.832556,2026-03-16 16:32:13.370,ARDUINO_PSI,Arduino,0.000,0.000,0.000,,
261.932342,2026-03-16 16:32:13.470,ARDUINO_PSI,Arduino,0.000,0.000,0.000,,
262.032513,2026-03-16 16:32:13.570,ARDUINO_PSI,Arduino,0.000,0.000,0.000,,
262.132299,2026-03-16 16:32:13.670,ARDUINO_PSI,Arduino,0.000,0.000,0.000,,
262.232464,2026-03-16 16:32:13.770,ARDUINO_PSI,Arduino,0.000,0.000,0.000,,
262.332464,2026-03-16 16:32:13.870,ARDUINO_PSI,Arduino,0.000,0.000,0.000,,
262.432612,2026-03-16 16:32:13.970,ARDUINO_PSI,Arduino,0.000,0.000,0.000,,
262.532434,2026-03-16 16:32:14.070,ARDUINO_PSI,Arduino,0.000,0.000,0.000,,
262.632607,2026-03-16 16:32:14.170,ARDUINO_PSI,Arduino,0.000,0.000,0.000,,
262.732478,2026-03-16 16:32:14.270,ARDUINO_PSI,Arduino,0.000,0.000,0.000,,
262.832524,2026-03-16 16:32:14.370,ARDUINO_PSI,Arduino,0.000,0.000,0.000,,
262.933039,2026-03-16 16:32:14.471,ARDUINO_PSI,Arduino,0.000,0.000,0.000,,
263.031902,2026-03-16 16:32:14.570,ARDUINO_PSI,Arduino,0.000,0.000,0.000,,
263.132522,2026-03-16 16:32:14.670,ARDUINO_PSI,Arduino,0.000,0.000,0.000,,
263.232303,2026-03-16 16:32:14.770,ARDUINO_PSI,Arduino,0.000,0.000,0.000,,
263.332440,2026-03-16 16:32:14.870,ARDUINO_PSI,Arduino,0.000,0.000,0.000,,
263.432387,2026-03-16 16:32:14.970,ARDUINO_PSI,Arduino,0.000,0.000,0.000,,
263.532170,2026-03-16 16:32:15.070,ARDUINO_PSI,Arduino,0.000,0.000,0.000,,
263.632496,2026-03-16 16:32:15.170,ARDUINO_PSI,Arduino,0.000,0.000,0.000,,
263.732246,2026-03-16 16:32:15.270,ARDUINO_PSI,Arduino,0.000,0.000,0.000,,
263.832706,2026-03-16 16:32:15.371,ARDUINO_PSI,Arduino,0.000,0.000,0.000,,
263.932381,2026-03-16 16:32:15.470,ARDUINO_PSI,Arduino,0.000,0.000,0.000,,
264.032682,2026-03-16 16:32:15.571,ARDUINO_PSI,Arduino,0.000,0.000,0.000,,
264.132271,2026-03-16 16:32:15.670,ARDUINO_PSI,Arduino,0.000,0.000,0.000,,
264.232417,2026-03-16 16:32:15.770,ARDUINO_PSI,Arduino,0.000,0.000,0.000,,
264.332584,2026-03-16 16:32:15.870,ARDUINO_PSI,Arduino,0.000,0.000,0.000,,
264.432331,2026-03-16 16:32:15.970,ARDUINO_PSI,Arduino,0.000,0.000,0.000,,
264.533045,2026-03-16 16:32:16.071,ARDUINO_PSI,Arduino,0.000,0.000,0.000,,
264.632405,2026-03-16 16:32:16.170,ARDUINO_PSI,Arduino,0.000,0.000,0.000,,
264.732542,2026-03-16 16:32:16.270,ARDUINO_PSI,Arduino,0.000,0.000,0.000,,
264.832592,2026-03-16 16:32:16.370,ARDUINO_PSI,Arduino,0.000,0.000,0.000,,
264.932550,2026-03-16 16:32:16.470,ARDUINO_PSI,Arduino,0.000,0.000,0.000,,
265.032582,2026-03-16 16:32:16.570,ARDUINO_PSI,Arduino,0.000,0.000,0.000,,
265.132574,2026-03-16 16:32:16.670,ARDUINO_PSI,Arduino,0.000,0.000,0.000,,
265.232517,2026-03-16 16:32:16.770,ARDUINO_PSI,Arduino,0.000,0.000,0.000,,
265.332104,2026-03-16 16:32:16.870,ARDUINO_PSI,Arduino,0.000,0.000,0.000,,
265.432465,2026-03-16 16:32:16.970,ARDUINO_PSI,Arduino,0.000,0.000,0.000,,
265.532374,2026-03-16 16:32:17.070,ARDUINO_PSI,Arduino,0.000,0.000,0.000,,
265.632454,2026-03-16 16:32:17.170,ARDUINO_PSI,Arduino,0.000,0.000,0.000,,
265.732485,2026-03-16 16:32:17.270,ARDUINO_PSI,Arduino,0.000,0.000,0.000,,
265.832445,2026-03-16 16:32:17.370,ARDUINO_PSI,Arduino,0.000,0.000,0.000,,
265.932491,2026-03-16 16:32:17.470,ARDUINO_PSI,Arduino,0.000,0.000,0.000,,
266.032012,2026-03-16 16:32:17.570,ARDUINO_PSI,Arduino,0.000,0.000,0.000,,
266.132433,2026-03-16 16:32:17.670,ARDUINO_PSI,Arduino,0.000,0.000,0.000,,
266.232375,2026-03-16 16:32:17.770,ARDUINO_PSI,Arduino,0.000,0.000,0.000,,
266.332789,2026-03-16 16:32:17.871,ARDUINO_PSI,Arduino,0.000,0.000,0.000,,
266.432314,2026-03-16 16:32:17.970,ARDUINO_PSI,Arduino,0.000,0.000,0.000,,
266.532262,2026-03-16 16:32:18.070,ARDUINO_PSI,Arduino,0.000,0.000,0.000,,
266.632634,2026-03-16 16:32:18.171,ARDUINO_PSI,Arduino,0.000,0.000,0.000,,
266.732415,2026-03-16 16:32:18.270,ARDUINO_PSI,Arduino,0.000,0.000,0.000,,
266.832331,2026-03-16 16:32:18.370,ARDUINO_PSI,Arduino,0.000,0.000,0.000,,
266.932386,2026-03-16 16:32:18.470,ARDUINO_PSI,Arduino,0.000,0.000,0.000,,
267.032400,2026-03-16 16:32:18.570,ARDUINO_PSI,Arduino,0.000,0.000,0.000,,
267.132111,2026-03-16 16:32:18.670,ARDUINO_PSI,Arduino,0.000,0.000,0.000,,
267.232420,2026-03-16 16:32:18.770,ARDUINO_PSI,Arduino,0.000,0.000,0.000,,
267.332748,2026-03-16 16:32:18.871,ARDUINO_PSI,Arduino,0.000,0.000,0.000,,
267.432397,2026-03-16 16:32:18.970,ARDUINO_PSI,Arduino,0.000,0.000,0.000,,
267.532182,2026-03-16 16:32:19.070,ARDUINO_PSI,Arduino,0.000,0.000,0.000,,
267.632322,2026-03-16 16:32:19.170,ARDUINO_PSI,Arduino,0.000,0.000,0.000,,
267.732462,2026-03-16 16:32:19.270,ARDUINO_PSI,Arduino,0.000,0.000,0.000,,
267.832445,2026-03-16 16:32:19.370,ARDUINO_PSI,Arduino,0.000,0.000,0.000,,
267.932515,2026-03-16 16:32:19.470,ARDUINO_PSI,Arduino,0.000,0.000,0.000,,
268.032564,2026-03-16 16:32:19.570,ARDUINO_PSI,Arduino,0.000,0.000,0.000,,
268.132669,2026-03-16 16:32:19.671,ARDUINO_PSI,Arduino,0.000,0.000,0.000,,
268.232335,2026-03-16 16:32:19.770,ARDUINO_PSI,Arduino,0.000,0.000,0.000,,
268.332550,2026-03-16 16:32:19.870,ARDUINO_PSI,Arduino,0.000,0.000,0.000,,
268.432249,2026-03-16 16:32:19.970,ARDUINO_PSI,Arduino,0.000,0.000,0.000,,
268.532393,2026-03-16 16:32:20.070,ARDUINO_PSI,Arduino,0.000,0.000,0.000,,
268.632695,2026-03-16 16:32:20.171,ARDUINO_PSI,Arduino,0.000,0.000,0.000,,
268.732609,2026-03-16 16:32:20.270,ARDUINO_PSI,Arduino,0.000,0.000,0.000,,
268.832363,2026-03-16 16:32:20.370,ARDUINO_PSI,Arduino,0.000,0.000,0.000,,
268.932491,2026-03-16 16:32:20.470,ARDUINO_PSI,Arduino,0.000,0.000,0.000,,
269.031749,2026-03-16 16:32:20.570,ARDUINO_PSI,Arduino,0.000,0.000,0.000,,
269.131752,2026-03-16 16:32:20.670,ARDUINO_PSI,Arduino,0.000,0.000,0.000,,
269.232350,2026-03-16 16:32:20.770,ARDUINO_PSI,Arduino,0.000,0.000,0.000,,
269.332229,2026-03-16 16:32:20.870,ARDUINO_PSI,Arduino,0.000,0.000,0.000,,
269.432433,2026-03-16 16:32:20.970,ARDUINO_PSI,Arduino,0.000,0.000,0.000,,
269.532473,2026-03-16 16:32:21.070,ARDUINO_PSI,Arduino,0.000,0.000,0.000,,
269.632407,2026-03-16 16:32:21.170,ARDUINO_PSI,Arduino,0.000,0.000,0.000,,
269.732396,2026-03-16 16:32:21.270,ARDUINO_PSI,Arduino,0.000,0.000,0.000,,
269.831697,2026-03-16 16:32:21.370,ARDUINO_PSI,Arduino,0.000,0.000,0.000,,
269.932441,2026-03-16 16:32:21.470,ARDUINO_PSI,Arduino,0.000,0.000,0.000,,
270.031818,2026-03-16 16:32:21.570,ARDUINO_PSI,Arduino,0.000,0.000,0.000,,
270.131756,2026-03-16 16:32:21.670,ARDUINO_PSI,Arduino,0.000,0.000,0.000,,
270.231799,2026-03-16 16:32:21.770,ARDUINO_PSI,Arduino,0.000,0.000,0.000,,
270.332097,2026-03-16 16:32:21.870,ARDUINO_PSI,Arduino,0.000,0.000,0.000,,
270.432006,2026-03-16 16:32:21.970,ARDUINO_PSI,Arduino,0.000,0.000,0.000,,
270.532154,2026-03-16 16:32:22.070,ARDUINO_PSI,Arduino,0.000,0.000,0.000,,
270.632976,2026-03-16 16:32:22.171,ARDUINO_PSI,Arduino,0.000,0.000,0.000,,
270.732400,2026-03-16 16:32:22.270,ARDUINO_PSI,Arduino,0.000,0.000,0.000,,
270.832599,2026-03-16 16:32:22.370,ARDUINO_PSI,Arduino,0.000,0.000,0.000,,
270.932449,2026-03-16 16:32:22.470,ARDUINO_PSI,Arduino,0.000,0.000,0.000,,
271.032377,2026-03-16 16:32:22.570,ARDUINO_PSI,Arduino,0.000,0.000,0.000,,
271.132371,2026-03-16 16:32:22.670,ARDUINO_PSI,Arduino,0.000,0.000,0.000,,
271.232438,2026-03-16 16:32:22.770,ARDUINO_PSI,Arduino,0.000,0.000,0.000,,
271.332342,2026-03-16 16:32:22.870,ARDUINO_PSI,Arduino,0.000,0.000,0.000,,
271.432452,2026-03-16 16:32:22.970,ARDUINO_PSI,Arduino,0.000,0.000,0.000,,
271.533212,2026-03-16 16:32:23.071,ARDUINO_PSI,Arduino,0.000,0.000,0.000,,
271.631954,2026-03-16 16:32:23.170,ARDUINO_PSI,Arduino,0.000,0.000,0.000,,
271.732046,2026-03-16 16:32:23.270,ARDUINO_PSI,Arduino,0.000,0.000,0.000,,
271.831728,2026-03-16 16:32:23.370,ARDUINO_PSI,Arduino,0.000,0.000,0.000,,
271.931797,2026-03-16 16:32:23.470,ARDUINO_PSI,Arduino,0.000,0.000,0.000,,
272.031733,2026-03-16 16:32:23.570,ARDUINO_PSI,Arduino,0.000,0.000,0.000,,
272.132358,2026-03-16 16:32:23.670,ARDUINO_PSI,Arduino,0.000,0.000,0.000,,
272.232514,2026-03-16 16:32:23.770,ARDUINO_PSI,Arduino,0.000,0.000,0.000,,
272.332553,2026-03-16 16:32:23.870,ARDUINO_PSI,Arduino,0.000,0.000,0.000,,
272.432266,2026-03-16 16:32:23.970,ARDUINO_PSI,Arduino,0.000,0.000,0.000,,
272.532372,2026-03-16 16:32:24.070,ARDUINO_PSI,Arduino,0.000,0.000,0.000,,
272.632531,2026-03-16 16:32:24.170,ARDUINO_PSI,Arduino,0.000,0.000,0.000,,
272.732513,2026-03-16 16:32:24.270,ARDUINO_PSI,Arduino,0.000,0.000,0.000,,
272.832328,2026-03-16 16:32:24.370,ARDUINO_PSI,Arduino,0.000,0.000,0.000,,
272.932435,2026-03-16 16:32:24.470,ARDUINO_PSI,Arduino,0.000,0.000,0.000,,
273.032141,2026-03-16 16:32:24.570,ARDUINO_PSI,Arduino,0.000,0.000,0.000,,
273.132865,2026-03-16 16:32:24.671,ARDUINO_PSI,Arduino,0.000,0.000,0.000,,
273.231711,2026-03-16 16:32:24.770,ARDUINO_PSI,Arduino,0.000,0.000,0.000,,
273.332530,2026-03-16 16:32:24.870,ARDUINO_PSI,Arduino,0.000,0.000,0.000,,
273.432357,2026-03-16 16:32:24.970,ARDUINO_PSI,Arduino,0.000,0.000,0.000,,
273.532336,2026-03-16 16:32:25.070,ARDUINO_PSI,Arduino,0.000,0.000,0.000,,
273.632325,2026-03-16 16:32:25.170,ARDUINO_PSI,Arduino,0.000,0.000,0.000,,
273.732077,2026-03-16 16:32:25.270,ARDUINO_PSI,Arduino,0.000,0.000,0.000,,
273.832977,2026-03-16 16:32:25.371,ARDUINO_PSI,Arduino,0.000,0.000,0.000,,
273.932408,2026-03-16 16:32:25.470,ARDUINO_PSI,Arduino,0.000,0.000,0.000,,
274.032365,2026-03-16 16:32:25.570,ARDUINO_PSI,Arduino,0.000,0.000,0.000,,
274.131775,2026-03-16 16:32:25.670,ARDUINO_PSI,Arduino,0.000,0.000,0.000,,
274.232317,2026-03-16 16:32:25.770,ARDUINO_PSI,Arduino,0.000,0.000,0.000,,
274.332919,2026-03-16 16:32:25.871,ARDUINO_PSI,Arduino,0.000,0.000,0.000,,
274.431866,2026-03-16 16:32:25.970,ARDUINO_PSI,Arduino,0.000,0.000,0.000,,
274.531782,2026-03-16 16:32:26.070,ARDUINO_PSI,Arduino,0.000,0.000,0.000,,
274.632288,2026-03-16 16:32:26.170,ARDUINO_PSI,Arduino,0.000,0.000,0.000,,
274.732215,2026-03-16 16:32:26.270,ARDUINO_PSI,Arduino,0.000,0.000,0.000,,
274.832885,2026-03-16 16:32:26.371,ARDUINO_PSI,Arduino,0.000,0.000,0.000,,
274.931840,2026-03-16 16:32:26.470,ARDUINO_PSI,Arduino,0.000,0.000,0.000,,
275.031785,2026-03-16 16:32:26.570,ARDUINO_PSI,Arduino,0.000,0.000,0.000,,
275.131904,2026-03-16 16:32:26.670,ARDUINO_PSI,Arduino,0.000,0.000,0.000,,
275.231676,2026-03-16 16:32:26.770,ARDUINO_PSI,Arduino,0.000,0.000,0.000,,
275.331739,2026-03-16 16:32:26.870,ARDUINO_PSI,Arduino,0.000,0.000,0.000,,
275.432584,2026-03-16 16:32:26.970,ARDUINO_PSI,Arduino,0.000,0.000,0.000,,
275.532084,2026-03-16 16:32:27.070,ARDUINO_PSI,Arduino,0.000,0.000,0.000,,
275.633024,2026-03-16 16:32:27.171,ARDUINO_PSI,Arduino,0.000,0.000,0.000,,
275.732398,2026-03-16 16:32:27.270,ARDUINO_PSI,Arduino,0.000,0.000,0.000,,
275.832148,2026-03-16 16:32:27.370,ARDUINO_PSI,Arduino,0.000,0.000,0.000,,
275.932605,2026-03-16 16:32:27.470,ARDUINO_PSI,Arduino,0.000,0.000,0.000,,
276.031722,2026-03-16 16:32:27.570,ARDUINO_PSI,Arduino,0.000,0.000,0.000,,
276.131748,2026-03-16 16:32:27.670,ARDUINO_PSI,Arduino,0.000,0.000,0.000,,
276.232372,2026-03-16 16:32:27.770,ARDUINO_PSI,Arduino,0.000,0.000,0.000,,
276.332065,2026-03-16 16:32:27.870,ARDUINO_PSI,Arduino,0.000,0.000,0.000,,
276.432543,2026-03-16 16:32:27.970,ARDUINO_PSI,Arduino,0.000,0.000,0.000,,
276.532231,2026-03-16 16:32:28.070,ARDUINO_PSI,Arduino,0.000,0.000,0.000,,
276.632835,2026-03-16 16:32:28.171,ARDUINO_PSI,Arduino,0.000,0.000,0.000,,
276.731810,2026-03-16 16:32:28.270,ARDUINO_PSI,Arduino,0.000,0.000,0.000,,
276.831833,2026-03-16 16:32:28.370,ARDUINO_PSI,Arduino,0.000,0.000,0.000,,
276.931774,2026-03-16 16:32:28.470,ARDUINO_PSI,Arduino,0.000,0.000,0.000,,
277.031769,2026-03-16 16:32:28.570,ARDUINO_PSI,Arduino,0.000,0.000,0.000,,
277.133926,2026-03-16 16:32:28.672,ARDUINO_PSI,Arduino,0.000,0.000,0.000,,
277.231800,2026-03-16 16:32:28.770,ARDUINO_PSI,Arduino,0.000,0.000,0.000,,
277.333365,2026-03-16 16:32:28.871,ARDUINO_PSI,Arduino,0.000,0.000,0.000,,
277.432555,2026-03-16 16:32:28.970,ARDUINO_PSI,Arduino,0.000,0.000,0.000,,
277.532774,2026-03-16 16:32:29.071,ARDUINO_PSI,Arduino,0.000,0.000,0.000,,
277.632425,2026-03-16 16:32:29.170,ARDUINO_PSI,Arduino,0.000,0.000,0.000,,
277.733481,2026-03-16 16:32:29.271,ARDUINO_PSI,Arduino,0.000,0.000,0.000,,
277.832576,2026-03-16 16:32:29.370,ARDUINO_PSI,Arduino,0.000,0.000,0.000,,
277.932170,2026-03-16 16:32:29.470,ARDUINO_PSI,Arduino,0.000,0.000,0.000,,
278.032431,2026-03-16 16:32:29.570,ARDUINO_PSI,Arduino,0.000,0.000,0.000,,
278.132471,2026-03-16 16:32:29.670,ARDUINO_PSI,Arduino,0.000,0.000,0.000,,
278.232474,2026-03-16 16:32:29.770,ARDUINO_PSI,Arduino,0.000,0.000,0.000,,
278.332127,2026-03-16 16:32:29.870,ARDUINO_PSI,Arduino,0.000,0.000,0.000,,
278.432775,2026-03-16 16:32:29.971,ARDUINO_PSI,Arduino,0.000,0.000,0.000,,
278.532192,2026-03-16 16:32:30.070,ARDUINO_PSI,Arduino,0.000,0.000,0.000,,
278.632395,2026-03-16 16:32:30.170,ARDUINO_PSI,Arduino,0.000,0.000,0.000,,
278.732441,2026-03-16 16:32:30.270,ARDUINO_PSI,Arduino,0.000,0.000,0.000,,
278.832159,2026-03-16 16:32:30.370,ARDUINO_PSI,Arduino,0.000,0.000,0.000,,
278.934926,2026-03-16 16:32:30.473,ARDUINO_PSI,Arduino,0.000,0.000,0.000,,
279.032008,2026-03-16 16:32:30.570,ARDUINO_PSI,Arduino,0.000,0.000,0.000,,
279.132376,2026-03-16 16:32:30.670,ARDUINO_PSI,Arduino,0.000,0.000,0.000,,
279.233251,2026-03-16 16:32:30.771,ARDUINO_PSI,Arduino,0.000,0.000,0.000,,
279.332402,2026-03-16 16:32:30.870,ARDUINO_PSI,Arduino,0.000,0.000,0.000,,
279.431940,2026-03-16 16:32:30.970,ARDUINO_PSI,Arduino,0.000,0.000,0.000,,
279.532970,2026-03-16 16:32:31.071,ARDUINO_PSI,Arduino,0.000,0.000,0.000,,
279.633493,2026-03-16 16:32:31.171,ARDUINO_PSI,Arduino,0.000,0.000,0.000,,
279.732959,2026-03-16 16:32:31.271,ARDUINO_PSI,Arduino,0.000,0.000,0.000,,
279.832575,2026-03-16 16:32:31.370,ARDUINO_PSI,Arduino,0.000,0.000,0.000,,
279.933221,2026-03-16 16:32:31.471,ARDUINO_PSI,Arduino,0.000,0.000,0.000,,
280.032109,2026-03-16 16:32:31.570,ARDUINO_PSI,Arduino,0.000,0.000,0.000,,
280.133638,2026-03-16 16:32:31.672,ARDUINO_PSI,Arduino,0.000,0.000,0.000,,
280.232820,2026-03-16 16:32:31.771,ARDUINO_PSI,Arduino,0.000,0.000,0.000,,
280.333363,2026-03-16 16:32:31.871,ARDUINO_PSI,Arduino,0.000,0.000,0.000,,
280.433561,2026-03-16 16:32:31.971,ARDUINO_PSI,Arduino,0.000,0.000,0.000,,
280.532278,2026-03-16 16:32:32.070,ARDUINO_PSI,Arduino,0.000,0.000,0.000,,
280.632436,2026-03-16 16:32:32.170,ARDUINO_PSI,Arduino,0.000,0.000,0.000,,
280.732484,2026-03-16 16:32:32.270,ARDUINO_PSI,Arduino,0.000,0.000,0.000,,
280.832740,2026-03-16 16:32:32.371,ARDUINO_PSI,Arduino,0.000,0.000,0.000,,
280.932414,2026-03-16 16:32:32.470,ARDUINO_PSI,Arduino,0.000,0.000,0.000,,
281.032146,2026-03-16 16:32:32.570,ARDUINO_PSI,Arduino,0.000,0.000,0.000,,
281.133450,2026-03-16 16:32:32.671,ARDUINO_PSI,Arduino,0.000,0.000,0.000,,
281.232420,2026-03-16 16:32:32.770,ARDUINO_PSI,Arduino,0.000,0.000,0.000,,
281.408767,2026-03-16 16:32:32.947,ARDUINO_PSI,Arduino,0.000,0.000,0.000,,
281.432308,2026-03-16 16:32:32.970,ARDUINO_PSI,Arduino,0.000,0.000,0.000,,
281.532505,2026-03-16 16:32:33.070,ARDUINO_PSI,Arduino,0.000,0.000,0.000,,
281.632406,2026-03-16 16:32:33.170,ARDUINO_PSI,Arduino,0.000,0.000,0.000,,
281.732414,2026-03-16 16:32:33.270,ARDUINO_PSI,Arduino,0.000,0.000,0.000,,
281.833455,2026-03-16 16:32:33.371,ARDUINO_PSI,Arduino,0.000,0.000,0.000,,
281.933244,2026-03-16 16:32:33.471,ARDUINO_PSI,Arduino,0.000,0.000,0.000,,
282.033094,2026-03-16 16:32:33.571,ARDUINO_PSI,Arduino,0.000,0.000,0.000,,
282.132486,2026-03-16 16:32:33.670,ARDUINO_PSI,Arduino,0.000,0.000,0.000,,
282.232383,2026-03-16 16:32:33.770,ARDUINO_PSI,Arduino,0.000,0.000,0.000,,
282.331906,2026-03-16 16:32:33.870,ARDUINO_PSI,Arduino,0.000,0.000,0.000,,
282.433223,2026-03-16 16:32:33.971,ARDUINO_PSI,Arduino,0.000,0.000,0.000,,
282.533199,2026-03-16 16:32:34.071,ARDUINO_PSI,Arduino,0.000,0.000,0.000,,
282.633585,2026-03-16 16:32:34.171,ARDUINO_PSI,Arduino,0.000,0.000,0.000,,
282.732500,2026-03-16 16:32:34.270,ARDUINO_PSI,Arduino,0.000,0.000,0.000,,
282.832366,2026-03-16 16:32:34.370,ARDUINO_PSI,Arduino,0.000,0.000,0.000,,
282.933810,2026-03-16 16:32:34.472,ARDUINO_PSI,Arduino,0.000,0.000,0.000,,
283.032220,2026-03-16 16:32:34.570,ARDUINO_PSI,Arduino,0.000,0.000,0.000,,
283.133540,2026-03-16 16:32:34.671,ARDUINO_PSI,Arduino,0.000,0.000,0.000,,
283.233221,2026-03-16 16:32:34.771,ARDUINO_PSI,Arduino,0.000,0.000,0.000,,
283.332476,2026-03-16 16:32:34.870,ARDUINO_PSI,Arduino,0.000,0.000,0.000,,
283.432482,2026-03-16 16:32:34.970,ARDUINO_PSI,Arduino,0.000,0.000,0.000,,
283.532825,2026-03-16 16:32:35.071,ARDUINO_PSI,Arduino,0.000,0.000,0.000,,
283.632537,2026-03-16 16:32:35.170,ARDUINO_PSI,Arduino,0.000,0.000,0.000,,
283.733664,2026-03-16 16:32:35.272,ARDUINO_PSI,Arduino,0.000,0.000,0.000,,
283.832610,2026-03-16 16:32:35.370,ARDUINO_PSI,Arduino,0.000,0.000,0.000,,
283.932345,2026-03-16 16:32:35.470,ARDUINO_PSI,Arduino,0.000,0.000,0.000,,
284.032524,2026-03-16 16:32:35.570,ARDUINO_PSI,Arduino,0.000,0.000,0.000,,
284.132547,2026-03-16 16:32:35.670,ARDUINO_PSI,Arduino,0.000,0.000,0.000,,
284.232460,2026-03-16 16:32:35.770,ARDUINO_PSI,Arduino,0.000,0.000,0.000,,
284.333087,2026-03-16 16:32:35.871,ARDUINO_PSI,Arduino,0.000,0.000,0.000,,
284.433220,2026-03-16 16:32:35.971,ARDUINO_PSI,Arduino,0.000,0.000,0.000,,
284.561487,2026-03-16 16:32:36.099,ARDUINO_PSI,Arduino,0.000,0.000,0.000,,
284.632944,2026-03-16 16:32:36.171,ARDUINO_PSI,Arduino,0.000,0.000,0.000,,
284.732456,2026-03-16 16:32:36.270,ARDUINO_PSI,Arduino,0.000,0.000,0.000,,
284.832475,2026-03-16 16:32:36.370,ARDUINO_PSI,Arduino,0.000,0.000,0.000,,
284.951171,2026-03-16 16:32:36.489,ARDUINO_PSI,Arduino,0.000,0.000,0.000,,
285.032978,2026-03-16 16:32:36.571,ARDUINO_PSI,Arduino,0.000,0.000,0.000,,
285.133126,2026-03-16 16:32:36.671,ARDUINO_PSI,Arduino,0.000,0.000,0.000,,
285.232196,2026-03-16 16:32:36.770,ARDUINO_PSI,Arduino,0.000,0.000,0.000,,
285.333372,2026-03-16 16:32:36.871,ARDUINO_PSI,Arduino,0.000,0.000,0.000,,
285.433217,2026-03-16 16:32:36.971,ARDUINO_PSI,Arduino,0.000,0.000,0.000,,
285.533526,2026-03-16 16:32:37.071,ARDUINO_PSI,Arduino,0.000,0.000,0.000,,
285.633083,2026-03-16 16:32:37.171,ARDUINO_PSI,Arduino,0.000,0.000,0.000,,
285.732524,2026-03-16 16:32:37.270,ARDUINO_PSI,Arduino,0.000,0.000,0.000,,
285.832273,2026-03-16 16:32:37.370,ARDUINO_PSI,Arduino,0.000,0.000,0.000,,
285.932510,2026-03-16 16:32:37.470,ARDUINO_PSI,Arduino,0.000,0.000,0.000,,
286.032534,2026-03-16 16:32:37.570,ARDUINO_PSI,Arduino,0.000,0.000,0.000,,
286.133454,2026-03-16 16:32:37.671,ARDUINO_PSI,Arduino,0.000,0.000,0.000,,
286.232276,2026-03-16 16:32:37.770,ARDUINO_PSI,Arduino,0.000,0.000,0.000,,
286.333630,2026-03-16 16:32:37.872,ARDUINO_PSI,Arduino,0.000,0.000,0.000,,
286.432874,2026-03-16 16:32:37.971,ARDUINO_PSI,Arduino,0.000,0.000,0.000,,
286.532425,2026-03-16 16:32:38.070,ARDUINO_PSI,Arduino,0.000,0.000,0.000,,
286.633210,2026-03-16 16:32:38.171,ARDUINO_PSI,Arduino,0.000,0.000,0.000,,
286.732656,2026-03-16 16:32:38.271,ARDUINO_PSI,Arduino,0.000,0.000,0.000,,
286.831989,2026-03-16 16:32:38.370,ARDUINO_PSI,Arduino,0.000,0.000,0.000,,
286.931880,2026-03-16 16:32:38.470,ARDUINO_PSI,Arduino,0.000,0.000,0.000,,
287.031867,2026-03-16 16:32:38.570,ARDUINO_PSI,Arduino,0.000,0.000,0.000,,
287.132259,2026-03-16 16:32:38.670,ARDUINO_PSI,Arduino,0.000,0.000,0.000,,
287.232493,2026-03-16 16:32:38.770,ARDUINO_PSI,Arduino,0.000,0.000,0.000,,
287.331929,2026-03-16 16:32:38.870,ARDUINO_PSI,Arduino,0.000,0.000,0.000,,
287.431742,2026-03-16 16:32:38.970,ARDUINO_PSI,Arduino,0.000,0.000,0.000,,
287.531830,2026-03-16 16:32:39.070,ARDUINO_PSI,Arduino,0.000,0.000,0.000,,
287.632516,2026-03-16 16:32:39.170,ARDUINO_PSI,Arduino,0.000,0.000,0.000,,
287.732417,2026-03-16 16:32:39.270,ARDUINO_PSI,Arduino,0.000,0.000,0.000,,
287.833796,2026-03-16 16:32:39.372,ARDUINO_PSI,Arduino,0.000,0.000,0.000,,
287.932886,2026-03-16 16:32:39.471,ARDUINO_PSI,Arduino,0.000,0.000,0.000,,
288.031978,2026-03-16 16:32:39.570,ARDUINO_PSI,Arduino,0.000,0.000,0.000,,
288.132706,2026-03-16 16:32:39.671,ARDUINO_PSI,Arduino,0.000,0.000,0.000,,
288.232250,2026-03-16 16:32:39.770,ARDUINO_PSI,Arduino,0.000,0.000,0.000,,
288.332382,2026-03-16 16:32:39.870,ARDUINO_PSI,Arduino,0.000,0.000,0.000,,
288.432269,2026-03-16 16:32:39.970,ARDUINO_PSI,Arduino,0.000,0.000,0.000,,
288.532220,2026-03-16 16:32:40.070,ARDUINO_PSI,Arduino,0.000,0.000,0.000,,
288.632865,2026-03-16 16:32:40.171,ARDUINO_PSI,Arduino,0.000,0.000,0.000,,
288.732185,2026-03-16 16:32:40.270,ARDUINO_PSI,Arduino,0.000,0.000,0.000,,
288.832150,2026-03-16 16:32:40.370,ARDUINO_PSI,Arduino,0.000,0.000,0.000,,
288.932682,2026-03-16 16:32:40.471,ARDUINO_PSI,Arduino,0.000,0.000,0.000,,
289.032547,2026-03-16 16:32:40.570,ARDUINO_PSI,Arduino,0.000,0.000,0.000,,
289.133551,2026-03-16 16:32:40.671,ARDUINO_PSI,Arduino,0.000,0.000,0.000,,
289.232445,2026-03-16 16:32:40.770,ARDUINO_PSI,Arduino,0.000,0.000,0.000,,
289.333287,2026-03-16 16:32:40.871,ARDUINO_PSI,Arduino,0.000,0.000,0.000,,
289.433134,2026-03-16 16:32:40.971,ARDUINO_PSI,Arduino,0.000,0.000,0.000,,
289.532573,2026-03-16 16:32:41.070,ARDUINO_PSI,Arduino,0.000,0.000,0.000,,
289.632496,2026-03-16 16:32:41.170,ARDUINO_PSI,Arduino,0.000,0.000,0.000,,
289.732735,2026-03-16 16:32:41.271,ARDUINO_PSI,Arduino,0.000,0.000,0.000,,
289.833890,2026-03-16 16:32:41.372,ARDUINO_PSI,Arduino,0.000,0.000,0.000,,
289.933037,2026-03-16 16:32:41.471,ARDUINO_PSI,Arduino,0.000,0.000,0.000,,
290.033186,2026-03-16 16:32:41.571,ARDUINO_PSI,Arduino,0.000,0.000,0.000,,
290.133163,2026-03-16 16:32:41.671,ARDUINO_PSI,Arduino,0.000,0.000,0.000,,
290.232481,2026-03-16 16:32:41.770,ARDUINO_PSI,Arduino,0.000,0.000,0.000,,
290.332539,2026-03-16 16:32:41.870,ARDUINO_PSI,Arduino,0.000,0.000,0.000,,
290.432562,2026-03-16 16:32:41.970,ARDUINO_PSI,Arduino,0.000,0.000,0.000,,
290.533422,2026-03-16 16:32:42.071,ARDUINO_PSI,Arduino,0.000,0.000,0.000,,
290.633282,2026-03-16 16:32:42.171,ARDUINO_PSI,Arduino,0.000,0.000,0.000,,
290.732058,2026-03-16 16:32:42.270,ARDUINO_PSI,Arduino,0.000,0.000,0.000,,
290.832511,2026-03-16 16:32:42.370,ARDUINO_PSI,Arduino,0.000,0.000,0.000,,
290.933238,2026-03-16 16:32:42.471,ARDUINO_PSI,Arduino,0.000,0.000,0.000,,
291.032527,2026-03-16 16:32:42.570,ARDUINO_PSI,Arduino,0.000,0.000,0.000,,
291.131848,2026-03-16 16:32:42.670,ARDUINO_PSI,Arduino,0.000,0.000,0.000,,
291.231777,2026-03-16 16:32:42.770,ARDUINO_PSI,Arduino,0.000,0.000,0.000,,
291.331789,2026-03-16 16:32:42.870,ARDUINO_PSI,Arduino,0.000,0.000,0.000,,
291.431954,2026-03-16 16:32:42.970,ARDUINO_PSI,Arduino,0.000,0.000,0.000,,
291.531818,2026-03-16 16:32:43.070,ARDUINO_PSI,Arduino,0.000,0.000,0.000,,
291.631867,2026-03-16 16:32:43.170,ARDUINO_PSI,Arduino,0.000,0.000,0.000,,
291.732046,2026-03-16 16:32:43.270,ARDUINO_PSI,Arduino,0.000,0.000,0.000,,
291.832373,2026-03-16 16:32:43.370,ARDUINO_PSI,Arduino,0.000,0.000,0.000,,
291.932401,2026-03-16 16:32:43.470,ARDUINO_PSI,Arduino,0.000,0.000,0.000,,
292.032240,2026-03-16 16:32:43.570,ARDUINO_PSI,Arduino,0.000,0.000,0.000,,
292.132407,2026-03-16 16:32:43.670,ARDUINO_PSI,Arduino,0.000,0.000,0.000,,
292.232183,2026-03-16 16:32:43.770,ARDUINO_PSI,Arduino,0.000,0.000,0.000,,
292.331947,2026-03-16 16:32:43.870,ARDUINO_PSI,Arduino,0.000,0.000,0.000,,
292.432440,2026-03-16 16:32:43.970,ARDUINO_PSI,Arduino,0.000,0.000,0.000,,
292.531804,2026-03-16 16:32:44.070,ARDUINO_PSI,Arduino,0.000,0.000,0.000,,
292.632813,2026-03-16 16:32:44.171,ARDUINO_PSI,Arduino,0.000,0.000,0.000,,
292.732462,2026-03-16 16:32:44.270,ARDUINO_PSI,Arduino,0.000,0.000,0.000,,
292.832388,2026-03-16 16:32:44.370,ARDUINO_PSI,Arduino,0.000,0.000,0.000,,
292.932406,2026-03-16 16:32:44.470,ARDUINO_PSI,Arduino,0.000,0.000,0.000,,
293.032448,2026-03-16 16:32:44.570,ARDUINO_PSI,Arduino,0.000,0.000,0.000,,
293.132644,2026-03-16 16:32:44.671,ARDUINO_PSI,Arduino,0.000,0.000,0.000,,
293.232718,2026-03-16 16:32:44.771,ARDUINO_PSI,Arduino,0.000,0.000,0.000,,
293.332026,2026-03-16 16:32:44.870,ARDUINO_PSI,Arduino,0.000,0.000,0.000,,
293.432166,2026-03-16 16:32:44.970,ARDUINO_PSI,Arduino,0.000,0.000,0.000,,
293.532486,2026-03-16 16:32:45.070,ARDUINO_PSI,Arduino,0.000,0.000,0.000,,
293.632173,2026-03-16 16:32:45.170,ARDUINO_PSI,Arduino,0.000,0.000,0.000,,
293.732992,2026-03-16 16:32:45.271,ARDUINO_PSI,Arduino,0.000,0.000,0.000,,
293.832336,2026-03-16 16:32:45.370,ARDUINO_PSI,Arduino,0.000,0.000,0.000,,
293.932440,2026-03-16 16:32:45.470,ARDUINO_PSI,Arduino,0.000,0.000,0.000,,
294.033026,2026-03-16 16:32:45.571,ARDUINO_PSI,Arduino,0.000,0.000,0.000,,
294.132003,2026-03-16 16:32:45.670,ARDUINO_PSI,Arduino,0.000,0.000,0.000,,
294.232124,2026-03-16 16:32:45.770,ARDUINO_PSI,Arduino,0.000,0.000,0.000,,
294.331888,2026-03-16 16:32:45.870,ARDUINO_PSI,Arduino,0.000,0.000,0.000,,
294.432025,2026-03-16 16:32:45.970,ARDUINO_PSI,Arduino,0.000,0.000,0.000,,
294.531816,2026-03-16 16:32:46.070,ARDUINO_PSI,Arduino,0.000,0.000,0.000,,
294.633359,2026-03-16 16:32:46.171,ARDUINO_PSI,Arduino,0.000,0.000,0.000,,
294.731836,2026-03-16 16:32:46.270,ARDUINO_PSI,Arduino,0.000,0.000,0.000,,
294.831927,2026-03-16 16:32:46.370,ARDUINO_PSI,Arduino,0.000,0.000,0.000,,
294.932912,2026-03-16 16:32:46.471,ARDUINO_PSI,Arduino,0.000,0.000,0.000,,
295.032616,2026-03-16 16:32:46.570,ARDUINO_PSI,Arduino,0.000,0.000,0.000,,
295.132847,2026-03-16 16:32:46.671,ARDUINO_PSI,Arduino,0.000,0.000,0.000,,
295.232389,2026-03-16 16:32:46.770,ARDUINO_PSI,Arduino,0.000,0.000,0.000,,
295.332379,2026-03-16 16:32:46.870,ARDUINO_PSI,Arduino,0.000,0.000,0.000,,
295.432012,2026-03-16 16:32:46.970,ARDUINO_PSI,Arduino,0.000,0.000,0.000,,
295.532431,2026-03-16 16:32:47.070,ARDUINO_PSI,Arduino,0.000,0.000,0.000,,
295.631900,2026-03-16 16:32:47.170,ARDUINO_PSI,Arduino,0.000,0.000,0.000,,
295.732388,2026-03-16 16:32:47.270,ARDUINO_PSI,Arduino,0.000,0.000,0.000,,
295.832106,2026-03-16 16:32:47.370,ARDUINO_PSI,Arduino,0.000,0.000,0.000,,
295.932731,2026-03-16 16:32:47.471,ARDUINO_PSI,Arduino,0.000,0.000,0.000,,
296.032368,2026-03-16 16:32:47.570,ARDUINO_PSI,Arduino,0.000,0.000,0.000,,
296.133767,2026-03-16 16:32:47.672,ARDUINO_PSI,Arduino,0.000,0.000,0.000,,
296.232633,2026-03-16 16:32:47.771,ARDUINO_PSI,Arduino,0.000,0.000,0.000,,
296.332614,2026-03-16 16:32:47.870,ARDUINO_PSI,Arduino,0.000,0.000,0.000,,
296.432467,2026-03-16 16:32:47.970,ARDUINO_PSI,Arduino,0.000,0.000,0.000,,
296.532500,2026-03-16 16:32:48.070,ARDUINO_PSI,Arduino,0.000,0.000,0.000,,
296.633374,2026-03-16 16:32:48.171,ARDUINO_PSI,Arduino,0.000,0.000,0.000,,
296.733050,2026-03-16 16:32:48.271,ARDUINO_PSI,Arduino,0.000,0.000,0.000,,
296.831850,2026-03-16 16:32:48.370,ARDUINO_PSI,Arduino,0.000,0.000,0.000,,
296.931782,2026-03-16 16:32:48.470,ARDUINO_PSI,Arduino,0.000,0.000,0.000,,
297.032297,2026-03-16 16:32:48.570,ARDUINO_PSI,Arduino,0.000,0.000,0.000,,
297.132145,2026-03-16 16:32:48.670,ARDUINO_PSI,Arduino,0.000,0.000,0.000,,
297.232485,2026-03-16 16:32:48.770,ARDUINO_PSI,Arduino,0.000,0.000,0.000,,
297.332601,2026-03-16 16:32:48.870,ARDUINO_PSI,Arduino,0.000,0.000,0.000,,
297.432628,2026-03-16 16:32:48.970,ARDUINO_PSI,Arduino,0.000,0.000,0.000,,
297.532601,2026-03-16 16:32:49.070,ARDUINO_PSI,Arduino,0.000,0.000,0.000,,
297.632760,2026-03-16 16:32:49.171,ARDUINO_PSI,Arduino,0.000,0.000,0.000,,
297.732460,2026-03-16 16:32:49.270,ARDUINO_PSI,Arduino,0.000,0.000,0.000,,
297.832866,2026-03-16 16:32:49.371,ARDUINO_PSI,Arduino,0.000,0.000,0.000,,
297.932388,2026-03-16 16:32:49.470,ARDUINO_PSI,Arduino,0.000,0.000,0.000,,
298.033457,2026-03-16 16:32:49.571,ARDUINO_PSI,Arduino,0.000,0.000,0.000,,
298.132601,2026-03-16 16:32:49.670,ARDUINO_PSI,Arduino,0.000,0.000,0.000,,
298.232551,2026-03-16 16:32:49.770,ARDUINO_PSI,Arduino,0.000,0.000,0.000,,
298.332598,2026-03-16 16:32:49.870,ARDUINO_PSI,Arduino,0.000,0.000,0.000,,
298.432386,2026-03-16 16:32:49.970,ARDUINO_PSI,Arduino,0.000,0.000,0.000,,
298.532679,2026-03-16 16:32:50.071,ARDUINO_PSI,Arduino,0.000,0.000,0.000,,
298.632528,2026-03-16 16:32:50.170,ARDUINO_PSI,Arduino,0.000,0.000,0.000,,
298.732333,2026-03-16 16:32:50.270,ARDUINO_PSI,Arduino,0.000,0.000,0.000,,
298.833106,2026-03-16 16:32:50.371,ARDUINO_PSI,Arduino,0.000,0.000,0.000,,
298.932614,2026-03-16 16:32:50.470,ARDUINO_PSI,Arduino,0.000,0.000,0.000,,
299.032644,2026-03-16 16:32:50.571,ARDUINO_PSI,Arduino,0.000,0.000,0.000,,
299.132060,2026-03-16 16:32:50.670,ARDUINO_PSI,Arduino,0.000,0.000,0.000,,
299.231883,2026-03-16 16:32:50.770,ARDUINO_PSI,Arduino,0.000,0.000,0.000,,
299.331864,2026-03-16 16:32:50.870,ARDUINO_PSI,Arduino,0.000,0.000,0.000,,
299.432323,2026-03-16 16:32:50.970,ARDUINO_PSI,Arduino,0.000,0.000,0.000,,
299.532079,2026-03-16 16:32:51.070,ARDUINO_PSI,Arduino,0.000,0.000,0.000,,
299.633706,2026-03-16 16:32:51.172,ARDUINO_PSI,Arduino,0.000,0.000,0.000,,
299.733806,2026-03-16 16:32:51.272,ARDUINO_PSI,Arduino,0.000,0.000,0.000,,
299.833448,2026-03-16 16:32:51.371,ARDUINO_PSI,Arduino,0.000,0.000,0.000,,
299.933220,2026-03-16 16:32:51.471,ARDUINO_PSI,Arduino,0.000,0.000,0.000,,
300.033190,2026-03-16 16:32:51.571,ARDUINO_PSI,Arduino,0.000,0.000,0.000,,
300.133361,2026-03-16 16:32:51.671,ARDUINO_PSI,Arduino,0.000,0.000,0.000,,
300.232496,2026-03-16 16:32:51.770,ARDUINO_PSI,Arduino,0.000,0.000,0.000,,
300.332459,2026-03-16 16:32:51.870,ARDUINO_PSI,Arduino,0.000,0.000,0.000,,
300.431945,2026-03-16 16:32:51.970,ARDUINO_PSI,Arduino,0.000,0.000,0.000,,
300.532468,2026-03-16 16:32:52.070,ARDUINO_PSI,Arduino,0.000,0.000,0.000,,
300.632889,2026-03-16 16:32:52.171,ARDUINO_PSI,Arduino,0.000,0.000,0.000,,
300.733354,2026-03-16 16:32:52.271,ARDUINO_PSI,Arduino,0.000,0.000,0.000,,
300.832647,2026-03-16 16:32:52.371,ARDUINO_PSI,Arduino,0.000,0.000,0.000,,
300.932493,2026-03-16 16:32:52.470,ARDUINO_PSI,Arduino,0.000,0.000,0.000,,
301.033598,2026-03-16 16:32:52.571,ARDUINO_PSI,Arduino,0.000,0.000,0.000,,
301.132692,2026-03-16 16:32:52.671,ARDUINO_PSI,Arduino,0.000,0.000,0.000,,
301.233579,2026-03-16 16:32:52.771,ARDUINO_PSI,Arduino,0.000,0.000,0.000,,
301.333256,2026-03-16 16:32:52.871,ARDUINO_PSI,Arduino,0.000,0.000,0.000,,
301.432572,2026-03-16 16:32:52.970,ARDUINO_PSI,Arduino,0.000,0.000,0.000,,
301.532671,2026-03-16 16:32:53.071,ARDUINO_PSI,Arduino,0.000,0.000,0.000,,
301.632830,2026-03-16 16:32:53.171,ARDUINO_PSI,Arduino,0.000,0.000,0.000,,
301.732716,2026-03-16 16:32:53.271,ARDUINO_PSI,Arduino,0.000,0.000,0.000,,
301.832975,2026-03-16 16:32:53.371,ARDUINO_PSI,Arduino,0.000,0.000,0.000,,
301.933084,2026-03-16 16:32:53.471,ARDUINO_PSI,Arduino,0.000,0.000,0.000,,
302.032684,2026-03-16 16:32:53.571,ARDUINO_PSI,Arduino,0.000,0.000,0.000,,
302.132480,2026-03-16 16:32:53.670,ARDUINO_PSI,Arduino,0.000,0.000,0.000,,
302.233652,2026-03-16 16:32:53.772,ARDUINO_PSI,Arduino,0.000,0.000,0.000,,
302.332626,2026-03-16 16:32:53.870,ARDUINO_PSI,Arduino,0.000,0.000,0.000,,
302.432611,2026-03-16 16:32:53.970,ARDUINO_PSI,Arduino,0.000,0.000,0.000,,
302.532902,2026-03-16 16:32:54.071,ARDUINO_PSI,Arduino,0.000,0.000,0.000,,
302.633702,2026-03-16 16:32:54.172,ARDUINO_PSI,Arduino,0.000,0.000,0.000,,
302.733123,2026-03-16 16:32:54.271,ARDUINO_PSI,Arduino,0.000,0.000,0.000,,
302.832462,2026-03-16 16:32:54.370,ARDUINO_PSI,Arduino,0.000,0.000,0.000,,
302.933183,2026-03-16 16:32:54.471,ARDUINO_PSI,Arduino,0.000,0.000,0.000,,
303.032631,2026-03-16 16:32:54.571,ARDUINO_PSI,Arduino,0.000,0.000,0.000,,
303.133761,2026-03-16 16:32:54.672,ARDUINO_PSI,Arduino,0.000,0.000,0.000,,
303.232438,2026-03-16 16:32:54.770,ARDUINO_PSI,Arduino,0.000,0.000,0.000,,
303.332514,2026-03-16 16:32:54.870,ARDUINO_PSI,Arduino,0.000,0.000,0.000,,
303.433103,2026-03-16 16:32:54.971,ARDUINO_PSI,Arduino,0.000,0.000,0.000,,
303.533390,2026-03-16 16:32:55.071,ARDUINO_PSI,Arduino,0.000,0.000,0.000,,
303.632897,2026-03-16 16:32:55.171,ARDUINO_PSI,Arduino,0.000,0.000,0.000,,
303.732102,2026-03-16 16:32:55.270,ARDUINO_PSI,Arduino,0.000,0.000,0.000,,
303.833726,2026-03-16 16:32:55.372,ARDUINO_PSI,Arduino,0.000,0.000,0.000,,
303.932874,2026-03-16 16:32:55.471,ARDUINO_PSI,Arduino,0.000,0.000,0.000,,
304.032217,2026-03-16 16:32:55.570,ARDUINO_PSI,Arduino,0.000,0.000,0.000,,
304.132300,2026-03-16 16:32:55.670,ARDUINO_PSI,Arduino,0.000,0.000,0.000,,
304.233769,2026-03-16 16:32:55.772,ARDUINO_PSI,Arduino,0.000,0.000,0.000,,
304.333759,2026-03-16 16:32:55.872,ARDUINO_PSI,Arduino,0.000,0.000,0.000,,
304.432930,2026-03-16 16:32:55.971,ARDUINO_PSI,Arduino,0.000,0.000,0.000,,
304.532380,2026-03-16 16:32:56.070,ARDUINO_PSI,Arduino,0.000,0.000,0.000,,
304.632893,2026-03-16 16:32:56.171,ARDUINO_PSI,Arduino,0.000,0.000,0.000,,
304.732863,2026-03-16 16:32:56.271,ARDUINO_PSI,Arduino,0.000,0.000,0.000,,
304.833389,2026-03-16 16:32:56.371,ARDUINO_PSI,Arduino,0.000,0.000,0.000,,
304.933184,2026-03-16 16:32:56.471,ARDUINO_PSI,Arduino,0.000,0.000,0.000,,
305.033721,2026-03-16 16:32:56.572,ARDUINO_PSI,Arduino,0.000,0.000,0.000,,
305.133492,2026-03-16 16:32:56.671,ARDUINO_PSI,Arduino,0.000,0.000,0.000,,
305.232835,2026-03-16 16:32:56.771,ARDUINO_PSI,Arduino,0.000,0.000,0.000,,
305.334021,2026-03-16 16:32:56.872,ARDUINO_PSI,Arduino,0.000,0.000,0.000,,
305.433229,2026-03-16 16:32:56.971,ARDUINO_PSI,Arduino,0.000,0.000,0.000,,
305.533535,2026-03-16 16:32:57.071,ARDUINO_PSI,Arduino,0.000,0.000,0.000,,
305.633478,2026-03-16 16:32:57.171,ARDUINO_PSI,Arduino,0.000,0.000,0.000,,
305.733572,2026-03-16 16:32:57.271,ARDUINO_PSI,Arduino,0.000,0.000,0.000,,
305.833776,2026-03-16 16:32:57.372,ARDUINO_PSI,Arduino,0.000,0.000,0.000,,
305.933277,2026-03-16 16:32:57.471,ARDUINO_PSI,Arduino,0.000,0.000,0.000,,
306.032834,2026-03-16 16:32:57.571,ARDUINO_PSI,Arduino,0.000,0.000,0.000,,
306.133670,2026-03-16 16:32:57.672,ARDUINO_PSI,Arduino,0.000,0.000,0.000,,
306.233364,2026-03-16 16:32:57.771,ARDUINO_PSI,Arduino,0.000,0.000,0.000,,
306.332487,2026-03-16 16:32:57.870,ARDUINO_PSI,Arduino,0.000,0.000,0.000,,
306.433409,2026-03-16 16:32:57.971,ARDUINO_PSI,Arduino,0.000,0.000,0.000,,
306.532249,2026-03-16 16:32:58.070,ARDUINO_PSI,Arduino,0.000,0.000,0.000,,
306.632712,2026-03-16 16:32:58.171,ARDUINO_PSI,Arduino,0.000,0.000,0.000,,
306.733578,2026-03-16 16:32:58.271,ARDUINO_PSI,Arduino,0.000,0.000,0.000,,
306.832540,2026-03-16 16:32:58.370,ARDUINO_PSI,Arduino,0.000,0.000,0.000,,
306.932901,2026-03-16 16:32:58.471,ARDUINO_PSI,Arduino,0.000,0.000,0.000,,
307.031867,2026-03-16 16:32:58.570,ARDUINO_PSI,Arduino,0.000,0.000,0.000,,
307.132526,2026-03-16 16:32:58.670,ARDUINO_PSI,Arduino,0.000,0.000,0.000,,
307.232559,2026-03-16 16:32:58.770,ARDUINO_PSI,Arduino,0.000,0.000,0.000,,
307.332554,2026-03-16 16:32:58.870,ARDUINO_PSI,Arduino,0.000,0.000,0.000,,
307.432589,2026-03-16 16:32:58.970,ARDUINO_PSI,Arduino,0.000,0.000,0.000,,
307.531835,2026-03-16 16:32:59.070,ARDUINO_PSI,Arduino,0.000,0.000,0.000,,
307.632009,2026-03-16 16:32:59.170,ARDUINO_PSI,Arduino,0.000,0.000,0.000,,
307.732729,2026-03-16 16:32:59.271,ARDUINO_PSI,Arduino,0.000,0.000,0.000,,
307.832817,2026-03-16 16:32:59.371,ARDUINO_PSI,Arduino,0.000,0.000,0.000,,
307.932616,2026-03-16 16:32:59.470,ARDUINO_PSI,Arduino,0.000,0.000,0.000,,
308.032902,2026-03-16 16:32:59.571,ARDUINO_PSI,Arduino,0.000,0.000,0.000,,
308.132586,2026-03-16 16:32:59.670,ARDUINO_PSI,Arduino,0.000,0.000,0.000,,
308.232632,2026-03-16 16:32:59.771,ARDUINO_PSI,Arduino,0.000,0.000,0.000,,
308.332482,2026-03-16 16:32:59.870,ARDUINO_PSI,Arduino,0.000,0.000,0.000,,
308.432629,2026-03-16 16:32:59.970,ARDUINO_PSI,Arduino,0.000,0.000,0.000,,
308.532653,2026-03-16 16:33:00.071,ARDUINO_PSI,Arduino,0.000,0.000,0.000,,
308.632583,2026-03-16 16:33:00.170,ARDUINO_PSI,Arduino,0.000,0.000,0.000,,
308.732703,2026-03-16 16:33:00.271,ARDUINO_PSI,Arduino,0.000,0.000,0.000,,
308.832442,2026-03-16 16:33:00.370,ARDUINO_PSI,Arduino,0.000,0.000,0.000,,
308.932571,2026-03-16 16:33:00.470,ARDUINO_PSI,Arduino,0.000,0.000,0.000,,
309.032460,2026-03-16 16:33:00.570,ARDUINO_PSI,Arduino,0.000,0.000,0.000,,
309.132433,2026-03-16 16:33:00.670,ARDUINO_PSI,Arduino,0.000,0.000,0.000,,
309.233222,2026-03-16 16:33:00.771,ARDUINO_PSI,Arduino,0.000,0.000,0.000,,
309.332739,2026-03-16 16:33:00.871,ARDUINO_PSI,Arduino,0.000,0.000,0.000,,
309.432458,2026-03-16 16:33:00.970,ARDUINO_PSI,Arduino,0.000,0.000,0.000,,
309.532427,2026-03-16 16:33:01.070,ARDUINO_PSI,Arduino,0.000,0.000,0.000,,
309.632692,2026-03-16 16:33:01.171,ARDUINO_PSI,Arduino,0.000,0.000,0.000,,
309.732439,2026-03-16 16:33:01.270,ARDUINO_PSI,Arduino,0.000,0.000,0.000,,
309.832686,2026-03-16 16:33:01.371,ARDUINO_PSI,Arduino,0.000,0.000,0.000,,
309.933641,2026-03-16 16:33:01.472,ARDUINO_PSI,Arduino,0.000,0.000,0.000,,
310.032516,2026-03-16 16:33:01.570,ARDUINO_PSI,Arduino,0.000,0.000,0.000,,
310.132759,2026-03-16 16:33:01.671,ARDUINO_PSI,Arduino,0.000,0.000,0.000,,
310.232528,2026-03-16 16:33:01.770,ARDUINO_PSI,Arduino,0.000,0.000,0.000,,
310.332551,2026-03-16 16:33:01.870,ARDUINO_PSI,Arduino,0.000,0.000,0.000,,
310.432287,2026-03-16 16:33:01.970,ARDUINO_PSI,Arduino,0.000,0.000,0.000,,
310.531816,2026-03-16 16:33:02.070,ARDUINO_PSI,Arduino,0.000,0.000,0.000,,
310.632660,2026-03-16 16:33:02.171,ARDUINO_PSI,Arduino,0.000,0.000,0.000,,
310.732563,2026-03-16 16:33:02.270,ARDUINO_PSI,Arduino,0.000,0.000,0.000,,
310.832445,2026-03-16 16:33:02.370,ARDUINO_PSI,Arduino,0.000,0.000,0.000,,
310.931813,2026-03-16 16:33:02.470,ARDUINO_PSI,Arduino,0.000,0.000,0.000,,
311.031795,2026-03-16 16:33:02.570,ARDUINO_PSI,Arduino,0.000,0.000,0.000,,
311.132893,2026-03-16 16:33:02.671,ARDUINO_PSI,Arduino,0.000,0.000,0.000,,
311.232586,2026-03-16 16:33:02.770,ARDUINO_PSI,Arduino,0.000,0.000,0.000,,
311.332961,2026-03-16 16:33:02.871,ARDUINO_PSI,Arduino,0.000,0.000,0.000,,
311.432589,2026-03-16 16:33:02.970,ARDUINO_PSI,Arduino,0.000,0.000,0.000,,
311.532663,2026-03-16 16:33:03.071,ARDUINO_PSI,Arduino,0.000,0.000,0.000,,
311.632557,2026-03-16 16:33:03.170,ARDUINO_PSI,Arduino,0.000,0.000,0.000,,
311.732759,2026-03-16 16:33:03.271,ARDUINO_PSI,Arduino,0.000,0.000,0.000,,
311.832807,2026-03-16 16:33:03.371,ARDUINO_PSI,Arduino,0.000,0.000,0.000,,
311.932650,2026-03-16 16:33:03.471,ARDUINO_PSI,Arduino,0.000,0.000,0.000,,
312.032789,2026-03-16 16:33:03.571,ARDUINO_PSI,Arduino,0.000,0.000,0.000,,
312.132581,2026-03-16 16:33:03.670,ARDUINO_PSI,Arduino,0.000,0.000,0.000,,
312.232757,2026-03-16 16:33:03.771,ARDUINO_PSI,Arduino,0.000,0.000,0.000,,
312.332188,2026-03-16 16:33:03.870,ARDUINO_PSI,Arduino,0.000,0.000,0.000,,
312.432656,2026-03-16 16:33:03.971,ARDUINO_PSI,Arduino,0.000,0.000,0.000,,
312.533069,2026-03-16 16:33:04.071,ARDUINO_PSI,Arduino,0.000,0.000,0.000,,
312.632553,2026-03-16 16:33:04.170,ARDUINO_PSI,Arduino,0.000,0.000,0.000,,
312.732610,2026-03-16 16:33:04.270,ARDUINO_PSI,Arduino,0.000,0.000,0.000,,
312.832673,2026-03-16 16:33:04.371,ARDUINO_PSI,Arduino,0.000,0.000,0.000,,
312.932667,2026-03-16 16:33:04.471,ARDUINO_PSI,Arduino,0.000,0.000,0.000,,
313.032853,2026-03-16 16:33:04.571,ARDUINO_PSI,Arduino,0.000,0.000,0.000,,
313.132606,2026-03-16 16:33:04.670,ARDUINO_PSI,Arduino,0.000,0.000,0.000,,
313.232768,2026-03-16 16:33:04.771,ARDUINO_PSI,Arduino,0.000,0.000,0.000,,
313.332568,2026-03-16 16:33:04.870,ARDUINO_PSI,Arduino,0.000,0.000,0.000,,
313.432372,2026-03-16 16:33:04.970,ARDUINO_PSI,Arduino,0.000,0.000,0.000,,
313.532482,2026-03-16 16:33:05.070,ARDUINO_PSI,Arduino,0.000,0.000,0.000,,
313.632683,2026-03-16 16:33:05.171,ARDUINO_PSI,Arduino,0.000,0.000,0.000,,
313.732886,2026-03-16 16:33:05.271,ARDUINO_PSI,Arduino,0.000,0.000,0.000,,
313.832674,2026-03-16 16:33:05.371,ARDUINO_PSI,Arduino,0.000,0.000,0.000,,
313.932609,2026-03-16 16:33:05.470,ARDUINO_PSI,Arduino,0.000,0.000,0.000,,
314.032604,2026-03-16 16:33:05.570,ARDUINO_PSI,Arduino,0.000,0.000,0.000,,
314.132596,2026-03-16 16:33:05.670,ARDUINO_PSI,Arduino,0.000,0.000,0.000,,
314.232670,2026-03-16 16:33:05.771,ARDUINO_PSI,Arduino,0.000,0.000,0.000,,
314.332617,2026-03-16 16:33:05.870,ARDUINO_PSI,Arduino,0.000,0.000,0.000,,
314.432520,2026-03-16 16:33:05.970,ARDUINO_PSI,Arduino,0.000,0.000,0.000,,
314.532509,2026-03-16 16:33:06.070,ARDUINO_PSI,Arduino,0.000,0.000,0.000,,
314.632627,2026-03-16 16:33:06.170,ARDUINO_PSI,Arduino,0.000,0.000,0.000,,
314.732831,2026-03-16 16:33:06.271,ARDUINO_PSI,Arduino,0.000,0.000,0.000,,
314.832572,2026-03-16 16:33:06.370,ARDUINO_PSI,Arduino,0.000,0.000,0.000,,
314.933542,2026-03-16 16:33:06.471,ARDUINO_PSI,Arduino,0.000,0.000,0.000,,
315.032525,2026-03-16 16:33:06.570,ARDUINO_PSI,Arduino,0.000,0.000,0.000,,
315.132632,2026-03-16 16:33:06.671,ARDUINO_PSI,Arduino,0.000,0.000,0.000,,
315.232405,2026-03-16 16:33:06.770,ARDUINO_PSI,Arduino,0.000,0.000,0.000,,
315.332543,2026-03-16 16:33:06.870,ARDUINO_PSI,Arduino,0.000,0.000,0.000,,
315.432683,2026-03-16 16:33:06.971,ARDUINO_PSI,Arduino,0.000,0.000,0.000,,
315.532570,2026-03-16 16:33:07.070,ARDUINO_PSI,Arduino,0.000,0.000,0.000,,
315.632561,2026-03-16 16:33:07.170,ARDUINO_PSI,Arduino,0.000,0.000,0.000,,
315.733038,2026-03-16 16:33:07.271,ARDUINO_PSI,Arduino,0.000,0.000,0.000,,
315.832530,2026-03-16 16:33:07.370,ARDUINO_PSI,Arduino,0.000,0.000,0.000,,
315.932515,2026-03-16 16:33:07.470,ARDUINO_PSI,Arduino,0.000,0.000,0.000,,
316.032508,2026-03-16 16:33:07.570,ARDUINO_PSI,Arduino,0.000,0.000,0.000,,
316.133471,2026-03-16 16:33:07.671,ARDUINO_PSI,Arduino,0.000,0.000,0.000,,
316.232462,2026-03-16 16:33:07.770,ARDUINO_PSI,Arduino,0.000,0.000,0.000,,
316.332516,2026-03-16 16:33:07.870,ARDUINO_PSI,Arduino,0.000,0.000,0.000,,
316.432527,2026-03-16 16:33:07.970,ARDUINO_PSI,Arduino,0.000,0.000,0.000,,
316.532598,2026-03-16 16:33:08.070,ARDUINO_PSI,Arduino,0.000,0.000,0.000,,
316.632733,2026-03-16 16:33:08.171,ARDUINO_PSI,Arduino,0.000,0.000,0.000,,
316.732736,2026-03-16 16:33:08.271,ARDUINO_PSI,Arduino,0.000,0.000,0.000,,
316.833030,2026-03-16 16:33:08.371,ARDUINO_PSI,Arduino,0.000,0.000,0.000,,
316.932441,2026-03-16 16:33:08.470,ARDUINO_PSI,Arduino,0.000,0.000,0.000,,
317.032454,2026-03-16 16:33:08.570,ARDUINO_PSI,Arduino,0.000,0.000,0.000,,
317.132876,2026-03-16 16:33:08.671,ARDUINO_PSI,Arduino,0.000,0.000,0.000,,
317.234024,2026-03-16 16:33:08.772,ARDUINO_PSI,Arduino,0.000,0.000,0.000,,
317.332116,2026-03-16 16:33:08.870,ARDUINO_PSI,Arduino,0.000,0.000,0.000,,
317.432478,2026-03-16 16:33:08.970,ARDUINO_PSI,Arduino,0.000,0.000,0.000,,
317.532869,2026-03-16 16:33:09.071,ARDUINO_PSI,Arduino,0.000,0.000,0.000,,
317.632530,2026-03-16 16:33:09.170,ARDUINO_PSI,Arduino,0.000,0.000,0.000,,
317.732316,2026-03-16 16:33:09.270,ARDUINO_PSI,Arduino,0.000,0.000,0.000,,
317.832444,2026-03-16 16:33:09.370,ARDUINO_PSI,Arduino,0.000,0.000,0.000,,
317.932999,2026-03-16 16:33:09.471,ARDUINO_PSI,Arduino,0.000,0.000,0.000,,
318.032865,2026-03-16 16:33:09.571,ARDUINO_PSI,Arduino,0.000,0.000,0.000,,
318.132482,2026-03-16 16:33:09.670,ARDUINO_PSI,Arduino,0.000,0.000,0.000,,
318.232706,2026-03-16 16:33:09.771,ARDUINO_PSI,Arduino,0.000,0.000,0.000,,
318.332319,2026-03-16 16:33:09.870,ARDUINO_PSI,Arduino,0.000,0.000,0.000,,
318.432523,2026-03-16 16:33:09.970,ARDUINO_PSI,Arduino,0.000,0.000,0.000,,
318.532298,2026-03-16 16:33:10.070,ARDUINO_PSI,Arduino,0.000,0.000,0.000,,
318.632597,2026-03-16 16:33:10.170,ARDUINO_PSI,Arduino,0.000,0.000,0.000,,
318.731889,2026-03-16 16:33:10.270,ARDUINO_PSI,Arduino,0.000,0.000,0.000,,
318.833333,2026-03-16 16:33:10.371,ARDUINO_PSI,Arduino,0.000,0.000,0.000,,
318.932659,2026-03-16 16:33:10.471,ARDUINO_PSI,Arduino,0.000,0.000,0.000,,
319.031887,2026-03-16 16:33:10.570,ARDUINO_PSI,Arduino,0.000,0.000,0.000,,
319.132635,2026-03-16 16:33:10.671,ARDUINO_PSI,Arduino,0.000,0.000,0.000,,
319.232485,2026-03-16 16:33:10.770,ARDUINO_PSI,Arduino,0.000,0.000,0.000,,
319.332613,2026-03-16 16:33:10.870,ARDUINO_PSI,Arduino,0.000,0.000,0.000,,
319.432467,2026-03-16 16:33:10.970,ARDUINO_PSI,Arduino,0.000,0.000,0.000,,
319.532495,2026-03-16 16:33:11.070,ARDUINO_PSI,Arduino,0.000,0.000,0.000,,
319.632694,2026-03-16 16:33:11.171,ARDUINO_PSI,Arduino,0.000,0.000,0.000,,
319.732491,2026-03-16 16:33:11.270,ARDUINO_PSI,Arduino,0.000,0.000,0.000,,
319.832620,2026-03-16 16:33:11.370,ARDUINO_PSI,Arduino,0.000,0.000,0.000,,
319.932476,2026-03-16 16:33:11.470,ARDUINO_PSI,Arduino,0.000,0.000,0.000,,
320.031858,2026-03-16 16:33:11.570,ARDUINO_PSI,Arduino,0.000,0.000,0.000,,
320.133399,2026-03-16 16:33:11.671,ARDUINO_PSI,Arduino,0.000,0.000,0.000,,
320.232526,2026-03-16 16:33:11.770,ARDUINO_PSI,Arduino,0.000,0.000,0.000,,
320.332413,2026-03-16 16:33:11.870,ARDUINO_PSI,Arduino,0.000,0.000,0.000,,
320.432975,2026-03-16 16:33:11.971,ARDUINO_PSI,Arduino,0.000,0.000,0.000,,
320.531853,2026-03-16 16:33:12.070,ARDUINO_PSI,Arduino,0.000,0.000,0.000,,
320.631985,2026-03-16 16:33:12.170,ARDUINO_PSI,Arduino,0.000,0.000,0.000,,
320.731982,2026-03-16 16:33:12.270,ARDUINO_PSI,Arduino,0.000,0.000,0.000,,
320.831970,2026-03-16 16:33:12.370,ARDUINO_PSI,Arduino,0.000,0.000,0.000,,
320.932537,2026-03-16 16:33:12.470,ARDUINO_PSI,Arduino,0.000,0.000,0.000,,
321.032743,2026-03-16 16:33:12.571,ARDUINO_PSI,Arduino,0.000,0.000,0.000,,
321.132475,2026-03-16 16:33:12.670,ARDUINO_PSI,Arduino,0.000,0.000,0.000,,
321.232880,2026-03-16 16:33:12.771,ARDUINO_PSI,Arduino,0.000,0.000,0.000,,
321.332493,2026-03-16 16:33:12.870,ARDUINO_PSI,Arduino,0.000,0.000,0.000,,
321.432513,2026-03-16 16:33:12.970,ARDUINO_PSI,Arduino,0.000,0.000,0.000,,
321.532612,2026-03-16 16:33:13.070,ARDUINO_PSI,Arduino,0.000,0.000,0.000,,
321.632878,2026-03-16 16:33:13.171,ARDUINO_PSI,Arduino,0.000,0.000,0.000,,
321.732803,2026-03-16 16:33:13.271,ARDUINO_PSI,Arduino,0.000,0.000,0.000,,
321.832559,2026-03-16 16:33:13.370,ARDUINO_PSI,Arduino,0.000,0.000,0.000,,
321.932591,2026-03-16 16:33:13.470,ARDUINO_PSI,Arduino,0.000,0.000,0.000,,
322.031966,2026-03-16 16:33:13.570,ARDUINO_PSI,Arduino,0.000,0.000,0.000,,
322.132522,2026-03-16 16:33:13.670,ARDUINO_PSI,Arduino,0.000,0.000,0.000,,
322.232485,2026-03-16 16:33:13.770,ARDUINO_PSI,Arduino,0.000,0.000,0.000,,
322.333697,2026-03-16 16:33:13.872,ARDUINO_PSI,Arduino,0.000,0.000,0.000,,
322.432488,2026-03-16 16:33:13.970,ARDUINO_PSI,Arduino,0.000,0.000,0.000,,
322.532436,2026-03-16 16:33:14.070,ARDUINO_PSI,Arduino,0.000,0.000,0.000,,
322.632016,2026-03-16 16:33:14.170,ARDUINO_PSI,Arduino,0.000,0.000,0.000,,
322.732423,2026-03-16 16:33:14.270,ARDUINO_PSI,Arduino,0.000,0.000,0.000,,
322.832489,2026-03-16 16:33:14.370,ARDUINO_PSI,Arduino,0.000,0.000,0.000,,
322.932379,2026-03-16 16:33:14.470,ARDUINO_PSI,Arduino,0.000,0.000,0.000,,
323.032599,2026-03-16 16:33:14.570,ARDUINO_PSI,Arduino,0.000,0.000,0.000,,
323.132959,2026-03-16 16:33:14.671,ARDUINO_PSI,Arduino,0.000,0.000,0.000,,
323.232417,2026-03-16 16:33:14.770,ARDUINO_PSI,Arduino,0.000,0.000,0.000,,
323.332505,2026-03-16 16:33:14.870,ARDUINO_PSI,Arduino,0.000,0.000,0.000,,
323.432648,2026-03-16 16:33:14.971,ARDUINO_PSI,Arduino,0.000,0.000,0.000,,
323.532483,2026-03-16 16:33:15.070,ARDUINO_PSI,Arduino,0.000,0.000,0.000,,
323.632548,2026-03-16 16:33:15.170,ARDUINO_PSI,Arduino,0.000,0.000,0.000,,
323.732633,2026-03-16 16:33:15.271,ARDUINO_PSI,Arduino,0.000,0.000,0.000,,
323.832388,2026-03-16 16:33:15.370,ARDUINO_PSI,Arduino,0.000,0.000,0.000,,
323.932412,2026-03-16 16:33:15.470,ARDUINO_PSI,Arduino,0.000,0.000,0.000,,
324.032621,2026-03-16 16:33:15.570,ARDUINO_PSI,Arduino,0.000,0.000,0.000,,
324.132427,2026-03-16 16:33:15.670,ARDUINO_PSI,Arduino,0.000,0.000,0.000,,
324.233807,2026-03-16 16:33:15.772,ARDUINO_PSI,Arduino,0.000,0.000,0.000,,
324.332395,2026-03-16 16:33:15.870,ARDUINO_PSI,Arduino,0.000,0.000,0.000,,
324.432551,2026-03-16 16:33:15.970,ARDUINO_PSI,Arduino,0.000,0.000,0.000,,
324.532222,2026-03-16 16:33:16.070,ARDUINO_PSI,Arduino,0.000,0.000,0.000,,
324.632490,2026-03-16 16:33:16.170,ARDUINO_PSI,Arduino,0.000,0.000,0.000,,
324.732465,2026-03-16 16:33:16.270,ARDUINO_PSI,Arduino,0.000,0.000,0.000,,
324.832678,2026-03-16 16:33:16.371,ARDUINO_PSI,Arduino,0.000,0.000,0.000,,
324.933667,2026-03-16 16:33:16.472,ARDUINO_PSI,Arduino,0.000,0.000,0.000,,
325.032372,2026-03-16 16:33:16.570,ARDUINO_PSI,Arduino,0.000,0.000,0.000,,
325.132634,2026-03-16 16:33:16.671,ARDUINO_PSI,Arduino,0.000,0.000,0.000,,
325.232551,2026-03-16 16:33:16.770,ARDUINO_PSI,Arduino,0.000,0.000,0.000,,
325.333174,2026-03-16 16:33:16.871,ARDUINO_PSI,Arduino,0.000,0.000,0.000,,
325.432650,2026-03-16 16:33:16.971,ARDUINO_PSI,Arduino,0.000,0.000,0.000,,
325.532698,2026-03-16 16:33:17.071,ARDUINO_PSI,Arduino,0.000,0.000,0.000,,
325.632572,2026-03-16 16:33:17.170,ARDUINO_PSI,Arduino,0.000,0.000,0.000,,
325.732121,2026-03-16 16:33:17.270,ARDUINO_PSI,Arduino,0.000,0.000,0.000,,
325.833356,2026-03-16 16:33:17.371,ARDUINO_PSI,Arduino,0.000,0.000,0.000,,
325.932665,2026-03-16 16:33:17.471,ARDUINO_PSI,Arduino,0.000,0.000,0.000,,
326.032825,2026-03-16 16:33:17.571,ARDUINO_PSI,Arduino,0.000,0.000,0.000,,
326.132428,2026-03-16 16:33:17.670,ARDUINO_PSI,Arduino,0.000,0.000,0.000,,
326.232501,2026-03-16 16:33:17.770,ARDUINO_PSI,Arduino,0.000,0.000,0.000,,
326.332457,2026-03-16 16:33:17.870,ARDUINO_PSI,Arduino,0.000,0.000,0.000,,
326.432484,2026-03-16 16:33:17.970,ARDUINO_PSI,Arduino,0.000,0.000,0.000,,
326.532491,2026-03-16 16:33:18.070,ARDUINO_PSI,Arduino,0.000,0.000,0.000,,
326.632618,2026-03-16 16:33:18.170,ARDUINO_PSI,Arduino,0.000,0.000,0.000,,
326.732518,2026-03-16 16:33:18.270,ARDUINO_PSI,Arduino,0.000,0.000,0.000,,
326.832632,2026-03-16 16:33:18.371,ARDUINO_PSI,Arduino,0.000,0.000,0.000,,
326.933256,2026-03-16 16:33:18.471,ARDUINO_PSI,Arduino,0.000,0.000,0.000,,
327.032541,2026-03-16 16:33:18.570,ARDUINO_PSI,Arduino,0.000,0.000,0.000,,
327.132615,2026-03-16 16:33:18.670,ARDUINO_PSI,Arduino,0.000,0.000,0.000,,
327.232538,2026-03-16 16:33:18.770,ARDUINO_PSI,Arduino,0.000,0.000,0.000,,
327.332695,2026-03-16 16:33:18.871,ARDUINO_PSI,Arduino,0.000,0.000,0.000,,
327.432916,2026-03-16 16:33:18.971,ARDUINO_PSI,Arduino,0.000,0.000,0.000,,
327.531986,2026-03-16 16:33:19.070,ARDUINO_PSI,Arduino,0.000,0.000,0.000,,
327.632987,2026-03-16 16:33:19.171,ARDUINO_PSI,Arduino,0.000,0.000,0.000,,
327.732537,2026-03-16 16:33:19.270,ARDUINO_PSI,Arduino,0.000,0.000,0.000,,
327.832422,2026-03-16 16:33:19.370,ARDUINO_PSI,Arduino,0.000,0.000,0.000,,
327.932270,2026-03-16 16:33:19.470,ARDUINO_PSI,Arduino,0.000,0.000,0.000,,
328.032781,2026-03-16 16:33:19.571,ARDUINO_PSI,Arduino,0.000,0.000,0.000,,
328.132477,2026-03-16 16:33:19.670,ARDUINO_PSI,Arduino,0.000,0.000,0.000,,
328.232536,2026-03-16 16:33:19.770,ARDUINO_PSI,Arduino,0.000,0.000,0.000,,
328.332543,2026-03-16 16:33:19.870,ARDUINO_PSI,Arduino,0.000,0.000,0.000,,
328.432438,2026-03-16 16:33:19.970,ARDUINO_PSI,Arduino,0.000,0.000,0.000,,
328.533015,2026-03-16 16:33:20.071,ARDUINO_PSI,Arduino,0.000,0.000,0.000,,
328.632598,2026-03-16 16:33:20.170,ARDUINO_PSI,Arduino,0.000,0.000,0.000,,
328.732522,2026-03-16 16:33:20.270,ARDUINO_PSI,Arduino,0.000,0.000,0.000,,
328.832746,2026-03-16 16:33:20.371,ARDUINO_PSI,Arduino,0.000,0.000,0.000,,
328.932619,2026-03-16 16:33:20.470,ARDUINO_PSI,Arduino,0.000,0.000,0.000,,
329.032728,2026-03-16 16:33:20.571,ARDUINO_PSI,Arduino,0.000,0.000,0.000,,
329.132722,2026-03-16 16:33:20.671,ARDUINO_PSI,Arduino,0.000,0.000,0.000,,
329.233338,2026-03-16 16:33:20.771,ARDUINO_PSI,Arduino,0.000,0.000,0.000,,
329.332599,2026-03-16 16:33:20.870,ARDUINO_PSI,Arduino,0.000,0.000,0.000,,
329.432527,2026-03-16 16:33:20.970,ARDUINO_PSI,Arduino,0.000,0.000,0.000,,
329.532563,2026-03-16 16:33:21.070,ARDUINO_PSI,Arduino,0.000,0.000,0.000,,
329.632213,2026-03-16 16:33:21.170,ARDUINO_PSI,Arduino,0.000,0.000,0.000,,
329.732469,2026-03-16 16:33:21.270,ARDUINO_PSI,Arduino,0.000,0.000,0.000,,
329.832260,2026-03-16 16:33:21.370,ARDUINO_PSI,Arduino,0.000,0.000,0.000,,
329.932269,2026-03-16 16:33:21.470,ARDUINO_PSI,Arduino,0.000,0.000,0.000,,
330.032656,2026-03-16 16:33:21.571,ARDUINO_PSI,Arduino,0.000,0.000,0.000,,
330.132593,2026-03-16 16:33:21.670,ARDUINO_PSI,Arduino,0.000,0.000,0.000,,
330.232643,2026-03-16 16:33:21.771,ARDUINO_PSI,Arduino,0.000,0.000,0.000,,
330.332847,2026-03-16 16:33:21.871,ARDUINO_PSI,Arduino,0.000,0.000,0.000,,
330.432525,2026-03-16 16:33:21.970,ARDUINO_PSI,Arduino,0.000,0.000,0.000,,
330.532457,2026-03-16 16:33:22.070,ARDUINO_PSI,Arduino,0.000,0.000,0.000,,
330.632781,2026-03-16 16:33:22.171,ARDUINO_PSI,Arduino,0.000,0.000,0.000,,
330.732726,2026-03-16 16:33:22.271,ARDUINO_PSI,Arduino,0.000,0.000,0.000,,
330.832410,2026-03-16 16:33:22.370,ARDUINO_PSI,Arduino,0.000,0.000,0.000,,
330.932651,2026-03-16 16:33:22.471,ARDUINO_PSI,Arduino,0.000,0.000,0.000,,
331.032569,2026-03-16 16:33:22.570,ARDUINO_PSI,Arduino,0.000,0.000,0.000,,
331.132557,2026-03-16 16:33:22.670,ARDUINO_PSI,Arduino,0.000,0.000,0.000,,
331.232576,2026-03-16 16:33:22.770,ARDUINO_PSI,Arduino,0.000,0.000,0.000,,
331.332764,2026-03-16 16:33:22.871,ARDUINO_PSI,Arduino,0.000,0.000,0.000,,
331.432655,2026-03-16 16:33:22.971,ARDUINO_PSI,Arduino,0.000,0.000,0.000,,
331.532517,2026-03-16 16:33:23.070,ARDUINO_PSI,Arduino,0.000,0.000,0.000,,
331.632907,2026-03-16 16:33:23.171,ARDUINO_PSI,Arduino,0.000,0.000,0.000,,
331.732555,2026-03-16 16:33:23.270,ARDUINO_PSI,Arduino,0.000,0.000,0.000,,
331.832679,2026-03-16 16:33:23.371,ARDUINO_PSI,Arduino,0.000,0.000,0.000,,
331.932456,2026-03-16 16:33:23.470,ARDUINO_PSI,Arduino,0.000,0.000,0.000,,
332.032579,2026-03-16 16:33:23.570,ARDUINO_PSI,Arduino,0.000,0.000,0.000,,
332.132417,2026-03-16 16:33:23.670,ARDUINO_PSI,Arduino,0.000,0.000,0.000,,
332.232373,2026-03-16 16:33:23.770,ARDUINO_PSI,Arduino,0.000,0.000,0.000,,
332.332650,2026-03-16 16:33:23.871,ARDUINO_PSI,Arduino,0.000,0.000,0.000,,
332.432587,2026-03-16 16:33:23.970,ARDUINO_PSI,Arduino,0.000,0.000,0.000,,
332.532545,2026-03-16 16:33:24.070,ARDUINO_PSI,Arduino,0.000,0.000,0.000,,
332.632424,2026-03-16 16:33:24.170,ARDUINO_PSI,Arduino,0.000,0.000,0.000,,
332.732524,2026-03-16 16:33:24.270,ARDUINO_PSI,Arduino,0.000,0.000,0.000,,
332.832773,2026-03-16 16:33:24.371,ARDUINO_PSI,Arduino,0.000,0.000,0.000,,
332.932798,2026-03-16 16:33:24.471,ARDUINO_PSI,Arduino,0.000,0.000,0.000,,
333.032890,2026-03-16 16:33:24.571,ARDUINO_PSI,Arduino,0.000,0.000,0.000,,
333.132530,2026-03-16 16:33:24.670,ARDUINO_PSI,Arduino,0.000,0.000,0.000,,
333.232120,2026-03-16 16:33:24.770,ARDUINO_PSI,Arduino,0.000,0.000,0.000,,
333.332696,2026-03-16 16:33:24.871,ARDUINO_PSI,Arduino,0.000,0.000,0.000,,
333.432696,2026-03-16 16:33:24.971,ARDUINO_PSI,Arduino,0.000,0.000,0.000,,
333.533429,2026-03-16 16:33:25.071,ARDUINO_PSI,Arduino,0.000,0.000,0.000,,
333.632612,2026-03-16 16:33:25.170,ARDUINO_PSI,Arduino,0.000,0.000,0.000,,
333.732625,2026-03-16 16:33:25.270,ARDUINO_PSI,Arduino,0.000,0.000,0.000,,
333.832394,2026-03-16 16:33:25.370,ARDUINO_PSI,Arduino,0.000,0.000,0.000,,
333.932577,2026-03-16 16:33:25.470,ARDUINO_PSI,Arduino,0.000,0.000,0.000,,
334.032481,2026-03-16 16:33:25.570,ARDUINO_PSI,Arduino,0.000,0.000,0.000,,
334.132679,2026-03-16 16:33:25.671,ARDUINO_PSI,Arduino,0.000,0.000,0.000,,
334.232971,2026-03-16 16:33:25.771,ARDUINO_PSI,Arduino,0.000,0.000,0.000,,
334.332570,2026-03-16 16:33:25.870,ARDUINO_PSI,Arduino,0.000,0.000,0.000,,
334.432610,2026-03-16 16:33:25.970,ARDUINO_PSI,Arduino,0.000,0.000,0.000,,
334.532524,2026-03-16 16:33:26.070,ARDUINO_PSI,Arduino,0.000,0.000,0.000,,
334.632755,2026-03-16 16:33:26.171,ARDUINO_PSI,Arduino,0.000,0.000,0.000,,
334.732472,2026-03-16 16:33:26.270,ARDUINO_PSI,Arduino,0.000,0.000,0.000,,
334.832608,2026-03-16 16:33:26.371,ARDUINO_PSI,Arduino,0.000,0.000,0.000,,
334.932413,2026-03-16 16:33:26.470,ARDUINO_PSI,Arduino,0.000,0.000,0.000,,
335.032579,2026-03-16 16:33:26.570,ARDUINO_PSI,Arduino,0.000,0.000,0.000,,
335.132630,2026-03-16 16:33:26.670,ARDUINO_PSI,Arduino,0.000,0.000,0.000,,
335.232481,2026-03-16 16:33:26.770,ARDUINO_PSI,Arduino,0.000,0.000,0.000,,
335.332732,2026-03-16 16:33:26.871,ARDUINO_PSI,Arduino,0.000,0.000,0.000,,
335.432654,2026-03-16 16:33:26.971,ARDUINO_PSI,Arduino,0.000,0.000,0.000,,
335.532729,2026-03-16 16:33:27.071,ARDUINO_PSI,Arduino,0.000,0.000,0.000,,
335.632690,2026-03-16 16:33:27.171,ARDUINO_PSI,Arduino,0.000,0.000,0.000,,
335.732664,2026-03-16 16:33:27.271,ARDUINO_PSI,Arduino,0.000,0.000,0.000,,
335.832499,2026-03-16 16:33:27.370,ARDUINO_PSI,Arduino,0.000,0.000,0.000,,
335.932604,2026-03-16 16:33:27.470,ARDUINO_PSI,Arduino,0.000,0.000,0.000,,
336.032300,2026-03-16 16:33:27.570,ARDUINO_PSI,Arduino,0.000,0.000,0.000,,
336.132701,2026-03-16 16:33:27.671,ARDUINO_PSI,Arduino,0.000,0.000,0.000,,
336.232680,2026-03-16 16:33:27.771,ARDUINO_PSI,Arduino,0.000,0.000,0.000,,
336.332543,2026-03-16 16:33:27.870,ARDUINO_PSI,Arduino,0.000,0.000,0.000,,
336.432973,2026-03-16 16:33:27.971,ARDUINO_PSI,Arduino,0.000,0.000,0.000,,
336.532557,2026-03-16 16:33:28.070,ARDUINO_PSI,Arduino,0.000,0.000,0.000,,
336.632700,2026-03-16 16:33:28.171,ARDUINO_PSI,Arduino,0.000,0.000,0.000,,
336.732606,2026-03-16 16:33:28.270,ARDUINO_PSI,Arduino,0.000,0.000,0.000,,
336.832545,2026-03-16 16:33:28.370,ARDUINO_PSI,Arduino,0.000,0.000,0.000,,
336.932795,2026-03-16 16:33:28.471,ARDUINO_PSI,Arduino,0.000,0.000,0.000,,
337.032685,2026-03-16 16:33:28.571,ARDUINO_PSI,Arduino,0.000,0.000,0.000,,
337.132813,2026-03-16 16:33:28.671,ARDUINO_PSI,Arduino,0.000,0.000,0.000,,
337.233362,2026-03-16 16:33:28.771,ARDUINO_PSI,Arduino,0.000,0.000,0.000,,
337.332094,2026-03-16 16:33:28.870,ARDUINO_PSI,Arduino,0.000,0.000,0.000,,
337.432558,2026-03-16 16:33:28.970,ARDUINO_PSI,Arduino,0.000,0.000,0.000,,
337.532589,2026-03-16 16:33:29.070,ARDUINO_PSI,Arduino,0.000,0.000,0.000,,
337.632679,2026-03-16 16:33:29.171,ARDUINO_PSI,Arduino,0.000,0.000,0.000,,
337.732586,2026-03-16 16:33:29.270,ARDUINO_PSI,Arduino,0.000,0.000,0.000,,
337.832921,2026-03-16 16:33:29.371,ARDUINO_PSI,Arduino,0.000,0.000,0.000,,
337.932632,2026-03-16 16:33:29.471,ARDUINO_PSI,Arduino,0.000,0.000,0.000,,
338.032576,2026-03-16 16:33:29.570,ARDUINO_PSI,Arduino,0.000,0.000,0.000,,
338.132342,2026-03-16 16:33:29.670,ARDUINO_PSI,Arduino,0.000,0.000,0.000,,
338.232598,2026-03-16 16:33:29.770,ARDUINO_PSI,Arduino,0.000,0.000,0.000,,
338.332645,2026-03-16 16:33:29.871,ARDUINO_PSI,Arduino,0.000,0.000,0.000,,
338.432612,2026-03-16 16:33:29.970,ARDUINO_PSI,Arduino,0.000,0.000,0.000,,
338.532344,2026-03-16 16:33:30.070,ARDUINO_PSI,Arduino,0.000,0.000,0.000,,
338.632742,2026-03-16 16:33:30.171,ARDUINO_PSI,Arduino,0.000,0.000,0.000,,
338.732617,2026-03-16 16:33:30.270,ARDUINO_PSI,Arduino,0.000,0.000,0.000,,
338.832484,2026-03-16 16:33:30.370,ARDUINO_PSI,Arduino,0.000,0.000,0.000,,
338.932767,2026-03-16 16:33:30.471,ARDUINO_PSI,Arduino,0.000,0.000,0.000,,
339.032534,2026-03-16 16:33:30.570,ARDUINO_PSI,Arduino,0.000,0.000,0.000,,
339.132002,2026-03-16 16:33:30.670,ARDUINO_PSI,Arduino,0.000,0.000,0.000,,
339.232598,2026-03-16 16:33:30.770,ARDUINO_PSI,Arduino,0.000,0.000,0.000,,
339.332517,2026-03-16 16:33:30.870,ARDUINO_PSI,Arduino,0.000,0.000,0.000,,
339.432394,2026-03-16 16:33:30.970,ARDUINO_PSI,Arduino,0.000,0.000,0.000,,
339.532598,2026-03-16 16:33:31.070,ARDUINO_PSI,Arduino,0.000,0.000,0.000,,
339.632478,2026-03-16 16:33:31.170,ARDUINO_PSI,Arduino,0.000,0.000,0.000,,
339.732743,2026-03-16 16:33:31.271,ARDUINO_PSI,Arduino,0.000,0.000,0.000,,
339.832797,2026-03-16 16:33:31.371,ARDUINO_PSI,Arduino,0.000,0.000,0.000,,
339.932678,2026-03-16 16:33:31.471,ARDUINO_PSI,Arduino,0.000,0.000,0.000,,
340.032183,2026-03-16 16:33:31.570,ARDUINO_PSI,Arduino,0.000,0.000,0.000,,
340.132560,2026-03-16 16:33:31.670,ARDUINO_PSI,Arduino,0.000,0.000,0.000,,
340.232678,2026-03-16 16:33:31.771,ARDUINO_PSI,Arduino,0.000,0.000,0.000,,
340.332654,2026-03-16 16:33:31.871,ARDUINO_PSI,Arduino,0.000,0.000,0.000,,
340.432623,2026-03-16 16:33:31.970,ARDUINO_PSI,Arduino,0.000,0.000,0.000,,
340.532603,2026-03-16 16:33:32.070,ARDUINO_PSI,Arduino,0.000,0.000,0.000,,
340.632464,2026-03-16 16:33:32.170,ARDUINO_PSI,Arduino,0.000,0.000,0.000,,
340.732571,2026-03-16 16:33:32.270,ARDUINO_PSI,Arduino,0.000,0.000,0.000,,
340.833081,2026-03-16 16:33:32.371,ARDUINO_PSI,Arduino,0.000,0.000,0.000,,
340.932756,2026-03-16 16:33:32.471,ARDUINO_PSI,Arduino,0.000,0.000,0.000,,
341.032596,2026-03-16 16:33:32.570,ARDUINO_PSI,Arduino,0.000,0.000,0.000,,
341.132593,2026-03-16 16:33:32.670,ARDUINO_PSI,Arduino,0.000,0.000,0.000,,
341.232640,2026-03-16 16:33:32.771,ARDUINO_PSI,Arduino,0.000,0.000,0.000,,
341.332650,2026-03-16 16:33:32.871,ARDUINO_PSI,Arduino,0.000,0.000,0.000,,
341.432594,2026-03-16 16:33:32.970,ARDUINO_PSI,Arduino,0.000,0.000,0.000,,
341.532344,2026-03-16 16:33:33.070,ARDUINO_PSI,Arduino,0.000,0.000,0.000,,
341.632846,2026-03-16 16:33:33.171,ARDUINO_PSI,Arduino,0.000,0.000,0.000,,
341.732547,2026-03-16 16:33:33.270,ARDUINO_PSI,Arduino,0.000,0.000,0.000,,
341.832556,2026-03-16 16:33:33.370,ARDUINO_PSI,Arduino,0.000,0.000,0.000,,
341.932592,2026-03-16 16:33:33.470,ARDUINO_PSI,Arduino,0.000,0.000,0.000,,
342.032718,2026-03-16 16:33:33.571,ARDUINO_PSI,Arduino,0.000,0.000,0.000,,
342.133311,2026-03-16 16:33:33.671,ARDUINO_PSI,Arduino,0.000,0.000,0.000,,
342.231999,2026-03-16 16:33:33.770,ARDUINO_PSI,Arduino,0.000,0.000,0.000,,
342.331969,2026-03-16 16:33:33.870,ARDUINO_PSI,Arduino,0.000,0.000,0.000,,
342.432677,2026-03-16 16:33:33.971,ARDUINO_PSI,Arduino,0.000,0.000,0.000,,
342.532515,2026-03-16 16:33:34.070,ARDUINO_PSI,Arduino,0.000,0.000,0.000,,
342.632475,2026-03-16 16:33:34.170,ARDUINO_PSI,Arduino,0.000,0.000,0.000,,
342.732051,2026-03-16 16:33:34.270,ARDUINO_PSI,Arduino,0.000,0.000,0.000,,
342.833106,2026-03-16 16:33:34.371,ARDUINO_PSI,Arduino,0.000,0.000,0.000,,
342.932737,2026-03-16 16:33:34.471,ARDUINO_PSI,Arduino,0.000,0.000,0.000,,
343.032541,2026-03-16 16:33:34.570,ARDUINO_PSI,Arduino,0.000,0.000,0.000,,
343.132644,2026-03-16 16:33:34.671,ARDUINO_PSI,Arduino,0.000,0.000,0.000,,
343.232612,2026-03-16 16:33:34.770,ARDUINO_PSI,Arduino,0.000,0.000,0.000,,
343.332635,2026-03-16 16:33:34.871,ARDUINO_PSI,Arduino,0.000,0.000,0.000,,
343.432583,2026-03-16 16:33:34.970,ARDUINO_PSI,Arduino,0.000,0.000,0.000,,
343.532483,2026-03-16 16:33:35.070,ARDUINO_PSI,Arduino,0.000,0.000,0.000,,
343.632815,2026-03-16 16:33:35.171,ARDUINO_PSI,Arduino,0.000,0.000,0.000,,
343.732550,2026-03-16 16:33:35.270,ARDUINO_PSI,Arduino,0.000,0.000,0.000,,
343.832961,2026-03-16 16:33:35.371,ARDUINO_PSI,Arduino,0.000,0.000,0.000,,
343.932851,2026-03-16 16:33:35.471,ARDUINO_PSI,Arduino,0.000,0.000,0.000,,
344.032831,2026-03-16 16:33:35.571,ARDUINO_PSI,Arduino,0.000,0.000,0.000,,
344.132786,2026-03-16 16:33:35.671,ARDUINO_PSI,Arduino,0.000,0.000,0.000,,
344.232622,2026-03-16 16:33:35.770,ARDUINO_PSI,Arduino,0.000,0.000,0.000,,
344.332778,2026-03-16 16:33:35.871,ARDUINO_PSI,Arduino,0.000,0.000,0.000,,
344.432525,2026-03-16 16:33:35.970,ARDUINO_PSI,Arduino,0.000,0.000,0.000,,
344.532491,2026-03-16 16:33:36.070,ARDUINO_PSI,Arduino,0.000,0.000,0.000,,
344.632647,2026-03-16 16:33:36.171,ARDUINO_PSI,Arduino,0.000,0.000,0.000,,
344.732826,2026-03-16 16:33:36.271,ARDUINO_PSI,Arduino,0.000,0.000,0.000,,
344.832965,2026-03-16 16:33:36.371,ARDUINO_PSI,Arduino,0.000,0.000,0.000,,
344.932527,2026-03-16 16:33:36.470,ARDUINO_PSI,Arduino,0.000,0.000,0.000,,
345.032662,2026-03-16 16:33:36.571,ARDUINO_PSI,Arduino,0.000,0.000,0.000,,
345.132747,2026-03-16 16:33:36.671,ARDUINO_PSI,Arduino,0.000,0.000,0.000,,
345.232478,2026-03-16 16:33:36.770,ARDUINO_PSI,Arduino,0.000,0.000,0.000,,
345.332648,2026-03-16 16:33:36.871,ARDUINO_PSI,Arduino,0.000,0.000,0.000,,
345.432529,2026-03-16 16:33:36.970,ARDUINO_PSI,Arduino,0.000,0.000,0.000,,
345.533281,2026-03-16 16:33:37.071,ARDUINO_PSI,Arduino,0.000,0.000,0.000,,
345.631996,2026-03-16 16:33:37.170,ARDUINO_PSI,Arduino,0.000,0.000,0.000,,
345.732507,2026-03-16 16:33:37.270,ARDUINO_PSI,Arduino,0.000,0.000,0.000,,
345.833132,2026-03-16 16:33:37.371,ARDUINO_PSI,Arduino,0.000,0.000,0.000,,
345.932878,2026-03-16 16:33:37.471,ARDUINO_PSI,Arduino,0.000,0.000,0.000,,
346.032578,2026-03-16 16:33:37.570,ARDUINO_PSI,Arduino,0.000,0.000,0.000,,
346.132864,2026-03-16 16:33:37.671,ARDUINO_PSI,Arduino,0.000,0.000,0.000,,
346.232590,2026-03-16 16:33:37.770,ARDUINO_PSI,Arduino,0.000,0.000,0.000,,
346.333054,2026-03-16 16:33:37.871,ARDUINO_PSI,Arduino,0.000,0.000,0.000,,
346.432333,2026-03-16 16:33:37.970,ARDUINO_PSI,Arduino,0.000,0.000,0.000,,
346.532684,2026-03-16 16:33:38.071,ARDUINO_PSI,Arduino,0.000,0.000,0.000,,
346.632689,2026-03-16 16:33:38.171,ARDUINO_PSI,Arduino,0.000,0.000,0.000,,
346.732508,2026-03-16 16:33:38.270,ARDUINO_PSI,Arduino,0.000,0.000,0.000,,
346.832548,2026-03-16 16:33:38.370,ARDUINO_PSI,Arduino,0.000,0.000,0.000,,
346.932464,2026-03-16 16:33:38.470,ARDUINO_PSI,Arduino,0.000,0.000,0.000,,
347.032626,2026-03-16 16:33:38.570,ARDUINO_PSI,Arduino,0.000,0.000,0.000,,
347.132934,2026-03-16 16:33:38.671,ARDUINO_PSI,Arduino,0.000,0.000,0.000,,
347.232586,2026-03-16 16:33:38.770,ARDUINO_PSI,Arduino,0.000,0.000,0.000,,
347.332754,2026-03-16 16:33:38.871,ARDUINO_PSI,Arduino,0.000,0.000,0.000,,
347.432653,2026-03-16 16:33:38.971,ARDUINO_PSI,Arduino,0.000,0.000,0.000,,
347.532494,2026-03-16 16:33:39.070,ARDUINO_PSI,Arduino,0.000,0.000,0.000,,
347.633472,2026-03-16 16:33:39.171,ARDUINO_PSI,Arduino,0.000,0.000,0.000,,
347.732422,2026-03-16 16:33:39.270,ARDUINO_PSI,Arduino,0.000,0.000,0.000,,
347.832590,2026-03-16 16:33:39.370,ARDUINO_PSI,Arduino,0.000,0.000,0.000,,
347.932613,2026-03-16 16:33:39.470,ARDUINO_PSI,Arduino,0.000,0.000,0.000,,
348.031920,2026-03-16 16:33:39.570,ARDUINO_PSI,Arduino,0.000,0.000,0.000,,
348.131993,2026-03-16 16:33:39.670,ARDUINO_PSI,Arduino,0.000,0.000,0.000,,
348.231995,2026-03-16 16:33:39.770,ARDUINO_PSI,Arduino,0.000,0.000,0.000,,
348.332727,2026-03-16 16:33:39.871,ARDUINO_PSI,Arduino,0.000,0.000,0.000,,
348.432610,2026-03-16 16:33:39.970,ARDUINO_PSI,Arduino,0.000,0.000,0.000,,
348.532469,2026-03-16 16:33:40.070,ARDUINO_PSI,Arduino,0.000,0.000,0.000,,
348.632477,2026-03-16 16:33:40.170,ARDUINO_PSI,Arduino,0.000,0.000,0.000,,
348.732762,2026-03-16 16:33:40.271,ARDUINO_PSI,Arduino,0.000,0.000,0.000,,
348.833606,2026-03-16 16:33:40.371,ARDUINO_PSI,Arduino,0.000,0.000,0.000,,
348.932761,2026-03-16 16:33:40.471,ARDUINO_PSI,Arduino,0.000,0.000,0.000,,
349.032378,2026-03-16 16:33:40.570,ARDUINO_PSI,Arduino,0.000,0.000,0.000,,
349.132659,2026-03-16 16:33:40.671,ARDUINO_PSI,Arduino,0.000,0.000,0.000,,
349.232931,2026-03-16 16:33:40.771,ARDUINO_PSI,Arduino,0.000,0.000,0.000,,
349.332695,2026-03-16 16:33:40.871,ARDUINO_PSI,Arduino,0.000,0.000,0.000,,
349.432093,2026-03-16 16:33:40.970,ARDUINO_PSI,Arduino,0.000,0.000,0.000,,
349.532390,2026-03-16 16:33:41.070,ARDUINO_PSI,Arduino,0.000,0.000,0.000,,
349.632687,2026-03-16 16:33:41.171,ARDUINO_PSI,Arduino,0.000,0.000,0.000,,
349.732673,2026-03-16 16:33:41.271,ARDUINO_PSI,Arduino,0.000,0.000,0.000,,
349.833000,2026-03-16 16:33:41.371,ARDUINO_PSI,Arduino,0.000,0.000,0.000,,
349.932679,2026-03-16 16:33:41.471,ARDUINO_PSI,Arduino,0.000,0.000,0.000,,
350.032624,2026-03-16 16:33:41.570,ARDUINO_PSI,Arduino,0.000,0.000,0.000,,
350.132845,2026-03-16 16:33:41.671,ARDUINO_PSI,Arduino,0.000,0.000,0.000,,
350.232771,2026-03-16 16:33:41.771,ARDUINO_PSI,Arduino,0.000,0.000,0.000,,
350.331954,2026-03-16 16:33:41.870,ARDUINO_PSI,Arduino,0.000,0.000,0.000,,
350.432849,2026-03-16 16:33:41.971,ARDUINO_PSI,Arduino,0.000,0.000,0.000,,
350.532832,2026-03-16 16:33:42.071,ARDUINO_PSI,Arduino,0.000,0.000,0.000,,
350.632793,2026-03-16 16:33:42.171,ARDUINO_PSI,Arduino,0.000,0.000,0.000,,
350.732856,2026-03-16 16:33:42.271,ARDUINO_PSI,Arduino,0.000,0.000,0.000,,
350.832374,2026-03-16 16:33:42.370,ARDUINO_PSI,Arduino,0.000,0.000,0.000,,
350.932429,2026-03-16 16:33:42.470,ARDUINO_PSI,Arduino,0.000,0.000,0.000,,
351.032925,2026-03-16 16:33:42.571,ARDUINO_PSI,Arduino,0.000,0.000,0.000,,
351.132634,2026-03-16 16:33:42.671,ARDUINO_PSI,Arduino,0.000,0.000,0.000,,
351.232685,2026-03-16 16:33:42.771,ARDUINO_PSI,Arduino,0.000,0.000,0.000,,
351.332948,2026-03-16 16:33:42.871,ARDUINO_PSI,Arduino,0.000,0.000,0.000,,
351.432588,2026-03-16 16:33:42.970,ARDUINO_PSI,Arduino,0.000,0.000,0.000,,
351.532825,2026-03-16 16:33:43.071,ARDUINO_PSI,Arduino,0.000,0.000,0.000,,
351.632720,2026-03-16 16:33:43.171,ARDUINO_PSI,Arduino,0.000,0.000,0.000,,
351.732605,2026-03-16 16:33:43.270,ARDUINO_PSI,Arduino,0.000,0.000,0.000,,
351.832692,2026-03-16 16:33:43.371,ARDUINO_PSI,Arduino,0.000,0.000,0.000,,
351.932576,2026-03-16 16:33:43.470,ARDUINO_PSI,Arduino,0.000,0.000,0.000,,
352.032648,2026-03-16 16:33:43.571,ARDUINO_PSI,Arduino,0.000,0.000,0.000,,
352.132699,2026-03-16 16:33:43.671,ARDUINO_PSI,Arduino,0.000,0.000,0.000,,
352.232756,2026-03-16 16:33:43.771,ARDUINO_PSI,Arduino,0.000,0.000,0.000,,
352.332818,2026-03-16 16:33:43.871,ARDUINO_PSI,Arduino,0.000,0.000,0.000,,
352.432860,2026-03-16 16:33:43.971,ARDUINO_PSI,Arduino,0.000,0.000,0.000,,
352.532617,2026-03-16 16:33:44.070,ARDUINO_PSI,Arduino,0.000,0.000,0.000,,
352.632817,2026-03-16 16:33:44.171,ARDUINO_PSI,Arduino,0.000,0.000,0.000,,
352.732748,2026-03-16 16:33:44.271,ARDUINO_PSI,Arduino,0.000,0.000,0.000,,
352.832438,2026-03-16 16:33:44.370,ARDUINO_PSI,Arduino,0.000,0.000,0.000,,
352.932579,2026-03-16 16:33:44.470,ARDUINO_PSI,Arduino,0.000,0.000,0.000,,
353.032455,2026-03-16 16:33:44.570,ARDUINO_PSI,Arduino,0.000,0.000,0.000,,
353.132862,2026-03-16 16:33:44.671,ARDUINO_PSI,Arduino,0.000,0.000,0.000,,
353.232574,2026-03-16 16:33:44.770,ARDUINO_PSI,Arduino,0.000,0.000,0.000,,
353.332645,2026-03-16 16:33:44.871,ARDUINO_PSI,Arduino,0.000,0.000,0.000,,
353.432628,2026-03-16 16:33:44.970,ARDUINO_PSI,Arduino,0.000,0.000,0.000,,
353.532657,2026-03-16 16:33:45.071,ARDUINO_PSI,Arduino,0.000,0.000,0.000,,
353.632131,2026-03-16 16:33:45.170,ARDUINO_PSI,Arduino,0.000,0.000,0.000,,
353.732765,2026-03-16 16:33:45.271,ARDUINO_PSI,Arduino,0.000,0.000,0.000,,
353.832572,2026-03-16 16:33:45.370,ARDUINO_PSI,Arduino,0.000,0.000,0.000,,
353.932419,2026-03-16 16:33:45.470,ARDUINO_PSI,Arduino,0.000,0.000,0.000,,
354.031993,2026-03-16 16:33:45.570,ARDUINO_PSI,Arduino,0.000,0.000,0.000,,
354.132556,2026-03-16 16:33:45.670,ARDUINO_PSI,Arduino,0.000,0.000,0.000,,
354.232600,2026-03-16 16:33:45.770,ARDUINO_PSI,Arduino,0.000,0.000,0.000,,
354.332489,2026-03-16 16:33:45.870,ARDUINO_PSI,Arduino,0.000,0.000,0.000,,
354.432698,2026-03-16 16:33:45.971,ARDUINO_PSI,Arduino,0.000,0.000,0.000,,
354.532654,2026-03-16 16:33:46.071,ARDUINO_PSI,Arduino,0.000,0.000,0.000,,
354.632439,2026-03-16 16:33:46.170,ARDUINO_PSI,Arduino,0.000,0.000,0.000,,
354.733465,2026-03-16 16:33:46.271,ARDUINO_PSI,Arduino,0.000,0.000,0.000,,
354.832687,2026-03-16 16:33:46.371,ARDUINO_PSI,Arduino,0.000,0.000,0.000,,
354.932331,2026-03-16 16:33:46.470,ARDUINO_PSI,Arduino,0.000,0.000,0.000,,
355.033189,2026-03-16 16:33:46.571,ARDUINO_PSI,Arduino,0.000,0.000,0.000,,
355.132638,2026-03-16 16:33:46.671,ARDUINO_PSI,Arduino,0.000,0.000,0.000,,
355.233099,2026-03-16 16:33:46.771,ARDUINO_PSI,Arduino,0.000,0.000,0.000,,
355.332686,2026-03-16 16:33:46.871,ARDUINO_PSI,Arduino,0.000,0.000,0.000,,
355.432712,2026-03-16 16:33:46.971,ARDUINO_PSI,Arduino,0.000,0.000,0.000,,
355.532479,2026-03-16 16:33:47.070,ARDUINO_PSI,Arduino,0.000,0.000,0.000,,
355.632933,2026-03-16 16:33:47.171,ARDUINO_PSI,Arduino,0.000,0.000,0.000,,
355.732608,2026-03-16 16:33:47.270,ARDUINO_PSI,Arduino,0.000,0.000,0.000,,
355.832570,2026-03-16 16:33:47.370,ARDUINO_PSI,Arduino,0.000,0.000,0.000,,
355.932131,2026-03-16 16:33:47.470,ARDUINO_PSI,Arduino,0.000,0.000,0.000,,
356.031948,2026-03-16 16:33:47.570,ARDUINO_PSI,Arduino,0.000,0.000,0.000,,
356.132848,2026-03-16 16:33:47.671,ARDUINO_PSI,Arduino,0.000,0.000,0.000,,
356.232717,2026-03-16 16:33:47.771,ARDUINO_PSI,Arduino,0.000,0.000,0.000,,
356.332684,2026-03-16 16:33:47.871,ARDUINO_PSI,Arduino,0.000,0.000,0.000,,
356.433005,2026-03-16 16:33:47.971,ARDUINO_PSI,Arduino,0.000,0.000,0.000,,
356.532612,2026-03-16 16:33:48.070,ARDUINO_PSI,Arduino,0.000,0.000,0.000,,
356.632693,2026-03-16 16:33:48.171,ARDUINO_PSI,Arduino,0.000,0.000,0.000,,
356.732436,2026-03-16 16:33:48.270,ARDUINO_PSI,Arduino,0.000,0.000,0.000,,
356.832662,2026-03-16 16:33:48.371,ARDUINO_PSI,Arduino,0.000,0.000,0.000,,
356.932641,2026-03-16 16:33:48.471,ARDUINO_PSI,Arduino,0.000,0.000,0.000,,
357.032535,2026-03-16 16:33:48.570,ARDUINO_PSI,Arduino,0.000,0.000,0.000,,
357.132573,2026-03-16 16:33:48.670,ARDUINO_PSI,Arduino,0.000,0.000,0.000,,
357.232683,2026-03-16 16:33:48.771,ARDUINO_PSI,Arduino,0.000,0.000,0.000,,
357.332611,2026-03-16 16:33:48.870,ARDUINO_PSI,Arduino,0.000,0.000,0.000,,
357.432494,2026-03-16 16:33:48.970,ARDUINO_PSI,Arduino,0.000,0.000,0.000,,
357.532497,2026-03-16 16:33:49.070,ARDUINO_PSI,Arduino,0.000,0.000,0.000,,
357.632664,2026-03-16 16:33:49.171,ARDUINO_PSI,Arduino,0.000,0.000,0.000,,
357.732483,2026-03-16 16:33:49.270,ARDUINO_PSI,Arduino,0.000,0.000,0.000,,
357.832487,2026-03-16 16:33:49.370,ARDUINO_PSI,Arduino,0.000,0.000,0.000,,
357.932742,2026-03-16 16:33:49.471,ARDUINO_PSI,Arduino,0.000,0.000,0.000,,
358.032681,2026-03-16 16:33:49.571,ARDUINO_PSI,Arduino,0.000,0.000,0.000,,
358.132899,2026-03-16 16:33:49.671,ARDUINO_PSI,Arduino,0.000,0.000,0.000,,
358.232679,2026-03-16 16:33:49.771,ARDUINO_PSI,Arduino,0.000,0.000,0.000,,
358.332653,2026-03-16 16:33:49.871,ARDUINO_PSI,Arduino,0.000,0.000,0.000,,
358.432730,2026-03-16 16:33:49.971,ARDUINO_PSI,Arduino,0.000,0.000,0.000,,
358.532717,2026-03-16 16:33:50.071,ARDUINO_PSI,Arduino,0.000,0.000,0.000,,
358.632986,2026-03-16 16:33:50.171,ARDUINO_PSI,Arduino,0.000,0.000,0.000,,
358.733172,2026-03-16 16:33:50.271,ARDUINO_PSI,Arduino,0.000,0.000,0.000,,
358.832039,2026-03-16 16:33:50.370,ARDUINO_PSI,Arduino,0.000,0.000,0.000,,
358.932681,2026-03-16 16:33:50.471,ARDUINO_PSI,Arduino,0.000,0.000,0.000,,
359.032282,2026-03-16 16:33:50.570,ARDUINO_PSI,Arduino,0.000,0.000,0.000,,
359.132638,2026-03-16 16:33:50.671,ARDUINO_PSI,Arduino,0.000,0.000,0.000,,
359.232789,2026-03-16 16:33:50.771,ARDUINO_PSI,Arduino,0.000,0.000,0.000,,
359.332743,2026-03-16 16:33:50.871,ARDUINO_PSI,Arduino,0.000,0.000,0.000,,
359.432447,2026-03-16 16:33:50.970,ARDUINO_PSI,Arduino,0.000,0.000,0.000,,
359.532587,2026-03-16 16:33:51.070,ARDUINO_PSI,Arduino,0.000,0.000,0.000,,
359.632705,2026-03-16 16:33:51.171,ARDUINO_PSI,Arduino,0.000,0.000,0.000,,
359.733017,2026-03-16 16:33:51.271,ARDUINO_PSI,Arduino,0.000,0.000,0.000,,
359.832602,2026-03-16 16:33:51.370,ARDUINO_PSI,Arduino,0.000,0.000,0.000,,
359.933430,2026-03-16 16:33:51.471,ARDUINO_PSI,Arduino,0.000,0.000,0.000,,
360.032455,2026-03-16 16:33:51.570,ARDUINO_PSI,Arduino,0.000,0.000,0.000,,
360.132667,2026-03-16 16:33:51.671,ARDUINO_PSI,Arduino,0.000,0.000,0.000,,
360.232557,2026-03-16 16:33:51.770,ARDUINO_PSI,Arduino,0.000,0.000,0.000,,
360.332334,2026-03-16 16:33:51.870,ARDUINO_PSI,Arduino,0.000,0.000,0.000,,
360.432807,2026-03-16 16:33:51.971,ARDUINO_PSI,Arduino,0.000,0.000,0.000,,
360.532736,2026-03-16 16:33:52.071,ARDUINO_PSI,Arduino,0.000,0.000,0.000,,
360.632456,2026-03-16 16:33:52.170,ARDUINO_PSI,Arduino,0.000,0.000,0.000,,
360.732671,2026-03-16 16:33:52.271,ARDUINO_PSI,Arduino,0.000,0.000,0.000,,
360.832587,2026-03-16 16:33:52.370,ARDUINO_PSI,Arduino,0.000,0.000,0.000,,
360.933207,2026-03-16 16:33:52.471,ARDUINO_PSI,Arduino,0.000,0.000,0.000,,
361.032762,2026-03-16 16:33:52.571,ARDUINO_PSI,Arduino,0.000,0.000,0.000,,
361.132732,2026-03-16 16:33:52.671,ARDUINO_PSI,Arduino,0.000,0.000,0.000,,
361.232873,2026-03-16 16:33:52.771,ARDUINO_PSI,Arduino,0.000,0.000,0.000,,
361.332600,2026-03-16 16:33:52.870,ARDUINO_PSI,Arduino,0.000,0.000,0.000,,
361.432570,2026-03-16 16:33:52.970,ARDUINO_PSI,Arduino,0.000,0.000,0.000,,
361.532651,2026-03-16 16:33:53.071,ARDUINO_PSI,Arduino,0.000,0.000,0.000,,
361.632696,2026-03-16 16:33:53.171,ARDUINO_PSI,Arduino,0.000,0.000,0.000,,
361.732267,2026-03-16 16:33:53.270,ARDUINO_PSI,Arduino,0.000,0.000,0.000,,
361.832891,2026-03-16 16:33:53.371,ARDUINO_PSI,Arduino,0.000,0.000,0.000,,
361.932891,2026-03-16 16:33:53.471,ARDUINO_PSI,Arduino,0.000,0.000,0.000,,
362.032080,2026-03-16 16:33:53.570,ARDUINO_PSI,Arduino,0.000,0.000,0.000,,
362.132720,2026-03-16 16:33:53.671,ARDUINO_PSI,Arduino,0.000,0.000,0.000,,
362.232693,2026-03-16 16:33:53.771,ARDUINO_PSI,Arduino,0.000,0.000,0.000,,
362.333001,2026-03-16 16:33:53.871,ARDUINO_PSI,Arduino,0.000,0.000,0.000,,
362.432763,2026-03-16 16:33:53.971,ARDUINO_PSI,Arduino,0.000,0.000,0.000,,
362.532656,2026-03-16 16:33:54.071,ARDUINO_PSI,Arduino,0.000,0.000,0.000,,
362.632565,2026-03-16 16:33:54.170,ARDUINO_PSI,Arduino,0.000,0.000,0.000,,
362.732809,2026-03-16 16:33:54.271,ARDUINO_PSI,Arduino,0.000,0.000,0.000,,
362.832623,2026-03-16 16:33:54.370,ARDUINO_PSI,Arduino,0.000,0.000,0.000,,
362.932660,2026-03-16 16:33:54.471,ARDUINO_PSI,Arduino,0.000,0.000,0.000,,
363.032676,2026-03-16 16:33:54.571,ARDUINO_PSI,Arduino,0.000,0.000,0.000,,
363.132722,2026-03-16 16:33:54.671,ARDUINO_PSI,Arduino,0.000,0.000,0.000,,
363.232727,2026-03-16 16:33:54.771,ARDUINO_PSI,Arduino,0.000,0.000,0.000,,
363.332749,2026-03-16 16:33:54.871,ARDUINO_PSI,Arduino,0.000,0.000,0.000,,
363.432659,2026-03-16 16:33:54.971,ARDUINO_PSI,Arduino,0.000,0.000,0.000,,
363.532597,2026-03-16 16:33:55.070,ARDUINO_PSI,Arduino,0.000,0.000,0.000,,
363.632826,2026-03-16 16:33:55.171,ARDUINO_PSI,Arduino,0.000,0.000,0.000,,
363.732395,2026-03-16 16:33:55.270,ARDUINO_PSI,Arduino,0.000,0.000,0.000,,
363.832706,2026-03-16 16:33:55.371,ARDUINO_PSI,Arduino,0.000,0.000,0.000,,
363.932576,2026-03-16 16:33:55.470,ARDUINO_PSI,Arduino,0.000,0.000,0.000,,
364.032689,2026-03-16 16:33:55.571,ARDUINO_PSI,Arduino,0.000,0.000,0.000,,
364.132681,2026-03-16 16:33:55.671,ARDUINO_PSI,Arduino,0.000,0.000,0.000,,
364.232584,2026-03-16 16:33:55.770,ARDUINO_PSI,Arduino,0.000,0.000,0.000,,
364.332813,2026-03-16 16:33:55.871,ARDUINO_PSI,Arduino,0.000,0.000,0.000,,
364.432508,2026-03-16 16:33:55.970,ARDUINO_PSI,Arduino,0.000,0.000,0.000,,
364.532628,2026-03-16 16:33:56.070,ARDUINO_PSI,Arduino,0.000,0.000,0.000,,
364.632753,2026-03-16 16:33:56.171,ARDUINO_PSI,Arduino,0.000,0.000,0.000,,
364.732576,2026-03-16 16:33:56.270,ARDUINO_PSI,Arduino,0.000,0.000,0.000,,
364.832549,2026-03-16 16:33:56.370,ARDUINO_PSI,Arduino,0.000,0.000,0.000,,
364.932674,2026-03-16 16:33:56.471,ARDUINO_PSI,Arduino,0.000,0.000,0.000,,
365.032228,2026-03-16 16:33:56.570,ARDUINO_PSI,Arduino,0.000,0.000,0.000,,
365.132824,2026-03-16 16:33:56.671,ARDUINO_PSI,Arduino,0.000,0.000,0.000,,
365.232517,2026-03-16 16:33:56.770,ARDUINO_PSI,Arduino,0.000,0.000,0.000,,
365.333575,2026-03-16 16:33:56.871,ARDUINO_PSI,Arduino,0.000,0.000,0.000,,
365.432820,2026-03-16 16:33:56.971,ARDUINO_PSI,Arduino,0.000,0.000,0.000,,
365.532583,2026-03-16 16:33:57.070,ARDUINO_PSI,Arduino,0.000,0.000,0.000,,
365.632563,2026-03-16 16:33:57.170,ARDUINO_PSI,Arduino,0.000,0.000,0.000,,
365.732559,2026-03-16 16:33:57.270,ARDUINO_PSI,Arduino,0.000,0.000,0.000,,
365.832669,2026-03-16 16:33:57.371,ARDUINO_PSI,Arduino,0.000,0.000,0.000,,
365.932787,2026-03-16 16:33:57.471,ARDUINO_PSI,Arduino,0.000,0.000,0.000,,
366.032786,2026-03-16 16:33:57.571,ARDUINO_PSI,Arduino,0.000,0.000,0.000,,
366.132757,2026-03-16 16:33:57.671,ARDUINO_PSI,Arduino,0.000,0.000,0.000,,
366.232770,2026-03-16 16:33:57.771,ARDUINO_PSI,Arduino,0.000,0.000,0.000,,
366.332913,2026-03-16 16:33:57.871,ARDUINO_PSI,Arduino,0.000,0.000,0.000,,
366.432725,2026-03-16 16:33:57.971,ARDUINO_PSI,Arduino,0.000,0.000,0.000,,
366.533522,2026-03-16 16:33:58.071,ARDUINO_PSI,Arduino,0.000,0.000,0.000,,
366.632753,2026-03-16 16:33:58.171,ARDUINO_PSI,Arduino,0.000,0.000,0.000,,
366.732576,2026-03-16 16:33:58.270,ARDUINO_PSI,Arduino,0.000,0.000,0.000,,
366.832764,2026-03-16 16:33:58.371,ARDUINO_PSI,Arduino,0.000,0.000,0.000,,
366.932679,2026-03-16 16:33:58.471,ARDUINO_PSI,Arduino,0.000,0.000,0.000,,
367.032873,2026-03-16 16:33:58.571,ARDUINO_PSI,Arduino,0.000,0.000,0.000,,
367.132683,2026-03-16 16:33:58.671,ARDUINO_PSI,Arduino,0.000,0.000,0.000,,
367.232994,2026-03-16 16:33:58.771,ARDUINO_PSI,Arduino,0.000,0.000,0.000,,
367.332667,2026-03-16 16:33:58.871,ARDUINO_PSI,Arduino,0.000,0.000,0.000,,
367.432653,2026-03-16 16:33:58.971,ARDUINO_PSI,Arduino,0.000,0.000,0.000,,
367.532728,2026-03-16 16:33:59.071,ARDUINO_PSI,Arduino,0.000,0.000,0.000,,
367.632800,2026-03-16 16:33:59.171,ARDUINO_PSI,Arduino,0.000,0.000,0.000,,
367.733389,2026-03-16 16:33:59.271,ARDUINO_PSI,Arduino,0.000,0.000,0.000,,
367.832814,2026-03-16 16:33:59.371,ARDUINO_PSI,Arduino,0.000,0.000,0.000,,
367.932667,2026-03-16 16:33:59.471,ARDUINO_PSI,Arduino,0.000,0.000,0.000,,
368.032767,2026-03-16 16:33:59.571,ARDUINO_PSI,Arduino,0.000,0.000,0.000,,
368.132632,2026-03-16 16:33:59.671,ARDUINO_PSI,Arduino,0.000,0.000,0.000,,
368.232833,2026-03-16 16:33:59.771,ARDUINO_PSI,Arduino,0.000,0.000,0.000,,
368.332659,2026-03-16 16:33:59.871,ARDUINO_PSI,Arduino,0.000,0.000,0.000,,
368.432777,2026-03-16 16:33:59.971,ARDUINO_PSI,Arduino,0.000,0.000,0.000,,
368.532439,2026-03-16 16:34:00.070,ARDUINO_PSI,Arduino,0.000,0.000,0.000,,
368.632713,2026-03-16 16:34:00.171,ARDUINO_PSI,Arduino,0.000,0.000,0.000,,
368.732709,2026-03-16 16:34:00.271,ARDUINO_PSI,Arduino,0.000,0.000,0.000,,
368.832725,2026-03-16 16:34:00.371,ARDUINO_PSI,Arduino,0.000,0.000,0.000,,
368.932191,2026-03-16 16:34:00.470,ARDUINO_PSI,Arduino,0.000,0.000,0.000,,
369.032756,2026-03-16 16:34:00.571,ARDUINO_PSI,Arduino,0.000,0.000,0.000,,
369.132589,2026-03-16 16:34:00.670,ARDUINO_PSI,Arduino,0.000,0.000,0.000,,
369.232647,2026-03-16 16:34:00.771,ARDUINO_PSI,Arduino,0.000,0.000,0.000,,
369.332802,2026-03-16 16:34:00.871,ARDUINO_PSI,Arduino,0.000,0.000,0.000,,
369.431981,2026-03-16 16:34:00.970,ARDUINO_PSI,Arduino,0.000,0.000,0.000,,
369.532651,2026-03-16 16:34:01.071,ARDUINO_PSI,Arduino,0.000,0.000,0.000,,
369.632587,2026-03-16 16:34:01.170,ARDUINO_PSI,Arduino,0.000,0.000,0.000,,
369.732771,2026-03-16 16:34:01.271,ARDUINO_PSI,Arduino,0.000,0.000,0.000,,
369.832699,2026-03-16 16:34:01.371,ARDUINO_PSI,Arduino,0.000,0.000,0.000,,
369.932499,2026-03-16 16:34:01.470,ARDUINO_PSI,Arduino,0.000,0.000,0.000,,
370.032683,2026-03-16 16:34:01.571,ARDUINO_PSI,Arduino,0.000,0.000,0.000,,
370.132695,2026-03-16 16:34:01.671,ARDUINO_PSI,Arduino,0.000,0.000,0.000,,
370.232199,2026-03-16 16:34:01.770,ARDUINO_PSI,Arduino,0.000,0.000,0.000,,
370.332573,2026-03-16 16:34:01.870,ARDUINO_PSI,Arduino,0.000,0.000,0.000,,
370.432236,2026-03-16 16:34:01.970,ARDUINO_PSI,Arduino,0.000,0.000,0.000,,
370.532723,2026-03-16 16:34:02.071,ARDUINO_PSI,Arduino,0.000,0.000,0.000,,
370.632946,2026-03-16 16:34:02.171,ARDUINO_PSI,Arduino,0.000,0.000,0.000,,
370.732578,2026-03-16 16:34:02.270,ARDUINO_PSI,Arduino,0.000,0.000,0.000,,
370.832971,2026-03-16 16:34:02.371,ARDUINO_PSI,Arduino,0.000,0.000,0.000,,
370.932761,2026-03-16 16:34:02.471,ARDUINO_PSI,Arduino,0.000,0.000,0.000,,
371.031990,2026-03-16 16:34:02.570,ARDUINO_PSI,Arduino,0.000,0.000,0.000,,
371.132738,2026-03-16 16:34:02.671,ARDUINO_PSI,Arduino,0.000,0.000,0.000,,
371.232576,2026-03-16 16:34:02.770,ARDUINO_PSI,Arduino,0.000,0.000,0.000,,
371.332694,2026-03-16 16:34:02.871,ARDUINO_PSI,Arduino,0.000,0.000,0.000,,
371.432859,2026-03-16 16:34:02.971,ARDUINO_PSI,Arduino,0.000,0.000,0.000,,
371.532835,2026-03-16 16:34:03.071,ARDUINO_PSI,Arduino,0.000,0.000,0.000,,
371.632700,2026-03-16 16:34:03.171,ARDUINO_PSI,Arduino,0.000,0.000,0.000,,
371.732718,2026-03-16 16:34:03.271,ARDUINO_PSI,Arduino,0.000,0.000,0.000,,
371.832578,2026-03-16 16:34:03.370,ARDUINO_PSI,Arduino,0.000,0.000,0.000,,
371.932729,2026-03-16 16:34:03.471,ARDUINO_PSI,Arduino,0.000,0.000,0.000,,
372.032629,2026-03-16 16:34:03.571,ARDUINO_PSI,Arduino,0.000,0.000,0.000,,
372.132852,2026-03-16 16:34:03.671,ARDUINO_PSI,Arduino,0.000,0.000,0.000,,
372.232812,2026-03-16 16:34:03.771,ARDUINO_PSI,Arduino,0.000,0.000,0.000,,
372.332633,2026-03-16 16:34:03.870,ARDUINO_PSI,Arduino,0.000,0.000,0.000,,
372.433296,2026-03-16 16:34:03.971,ARDUINO_PSI,Arduino,0.000,0.000,0.000,,
372.532414,2026-03-16 16:34:04.070,ARDUINO_PSI,Arduino,0.000,0.000,0.000,,
372.632701,2026-03-16 16:34:04.171,ARDUINO_PSI,Arduino,0.000,0.000,0.000,,
372.732598,2026-03-16 16:34:04.270,ARDUINO_PSI,Arduino,0.000,0.000,0.000,,
372.832614,2026-03-16 16:34:04.370,ARDUINO_PSI,Arduino,0.000,0.000,0.000,,
372.932498,2026-03-16 16:34:04.470,ARDUINO_PSI,Arduino,0.000,0.000,0.000,,
373.032546,2026-03-16 16:34:04.570,ARDUINO_PSI,Arduino,0.000,0.000,0.000,,
373.133152,2026-03-16 16:34:04.671,ARDUINO_PSI,Arduino,0.000,0.000,0.000,,
373.232735,2026-03-16 16:34:04.771,ARDUINO_PSI,Arduino,0.000,0.000,0.000,,
373.332711,2026-03-16 16:34:04.871,ARDUINO_PSI,Arduino,0.000,0.000,0.000,,
373.432586,2026-03-16 16:34:04.970,ARDUINO_PSI,Arduino,0.000,0.000,0.000,,
373.532616,2026-03-16 16:34:05.070,ARDUINO_PSI,Arduino,0.000,0.000,0.000,,
373.632774,2026-03-16 16:34:05.171,ARDUINO_PSI,Arduino,0.000,0.000,0.000,,
373.732542,2026-03-16 16:34:05.270,ARDUINO_PSI,Arduino,0.000,0.000,0.000,,
373.833804,2026-03-16 16:34:05.372,ARDUINO_PSI,Arduino,0.000,0.000,0.000,,
373.932575,2026-03-16 16:34:05.470,ARDUINO_PSI,Arduino,0.000,0.000,0.000,,
374.032854,2026-03-16 16:34:05.571,ARDUINO_PSI,Arduino,0.000,0.000,0.000,,
374.132592,2026-03-16 16:34:05.670,ARDUINO_PSI,Arduino,0.000,0.000,0.000,,
374.232672,2026-03-16 16:34:05.771,ARDUINO_PSI,Arduino,0.000,0.000,0.000,,
374.333131,2026-03-16 16:34:05.871,ARDUINO_PSI,Arduino,0.000,0.000,0.000,,
374.432656,2026-03-16 16:34:05.971,ARDUINO_PSI,Arduino,0.000,0.000,0.000,,
374.532667,2026-03-16 16:34:06.071,ARDUINO_PSI,Arduino,0.000,0.000,0.000,,
374.632786,2026-03-16 16:34:06.171,ARDUINO_PSI,Arduino,0.000,0.000,0.000,,
374.732668,2026-03-16 16:34:06.271,ARDUINO_PSI,Arduino,0.000,0.000,0.000,,
374.832528,2026-03-16 16:34:06.370,ARDUINO_PSI,Arduino,0.000,0.000,0.000,,
374.932777,2026-03-16 16:34:06.471,ARDUINO_PSI,Arduino,0.000,0.000,0.000,,
375.032461,2026-03-16 16:34:06.570,ARDUINO_PSI,Arduino,0.000,0.000,0.000,,
375.132770,2026-03-16 16:34:06.671,ARDUINO_PSI,Arduino,0.000,0.000,0.000,,
375.232707,2026-03-16 16:34:06.771,ARDUINO_PSI,Arduino,0.000,0.000,0.000,,
375.332566,2026-03-16 16:34:06.870,ARDUINO_PSI,Arduino,0.000,0.000,0.000,,
375.432669,2026-03-16 16:34:06.971,ARDUINO_PSI,Arduino,0.000,0.000,0.000,,
375.532570,2026-03-16 16:34:07.070,ARDUINO_PSI,Arduino,0.000,0.000,0.000,,
375.632571,2026-03-16 16:34:07.170,ARDUINO_PSI,Arduino,0.000,0.000,0.000,,
375.732631,2026-03-16 16:34:07.271,ARDUINO_PSI,Arduino,0.000,0.000,0.000,,
375.832681,2026-03-16 16:34:07.371,ARDUINO_PSI,Arduino,0.000,0.000,0.000,,
375.932733,2026-03-16 16:34:07.471,ARDUINO_PSI,Arduino,0.000,0.000,0.000,,
376.032784,2026-03-16 16:34:07.571,ARDUINO_PSI,Arduino,0.000,0.000,0.000,,
376.132713,2026-03-16 16:34:07.671,ARDUINO_PSI,Arduino,0.000,0.000,0.000,,
376.232641,2026-03-16 16:34:07.771,ARDUINO_PSI,Arduino,0.000,0.000,0.000,,
376.332585,2026-03-16 16:34:07.870,ARDUINO_PSI,Arduino,0.000,0.000,0.000,,
376.433080,2026-03-16 16:34:07.971,ARDUINO_PSI,Arduino,0.000,0.000,0.000,,
376.532861,2026-03-16 16:34:08.071,ARDUINO_PSI,Arduino,0.000,0.000,0.000,,
376.632722,2026-03-16 16:34:08.171,ARDUINO_PSI,Arduino,0.000,0.000,0.000,,
376.731980,2026-03-16 16:34:08.270,ARDUINO_PSI,Arduino,0.000,0.000,0.000,,
376.832966,2026-03-16 16:34:08.371,ARDUINO_PSI,Arduino,0.000,0.000,0.000,,
376.933008,2026-03-16 16:34:08.471,ARDUINO_PSI,Arduino,0.000,0.000,0.000,,
377.032892,2026-03-16 16:34:08.571,ARDUINO_PSI,Arduino,0.000,0.000,0.000,,
377.132718,2026-03-16 16:34:08.671,ARDUINO_PSI,Arduino,0.000,0.000,0.000,,
377.232661,2026-03-16 16:34:08.771,ARDUINO_PSI,Arduino,0.000,0.000,0.000,,
377.332719,2026-03-16 16:34:08.871,ARDUINO_PSI,Arduino,0.000,0.000,0.000,,
377.432722,2026-03-16 16:34:08.971,ARDUINO_PSI,Arduino,0.000,0.000,0.000,,
377.532173,2026-03-16 16:34:09.070,ARDUINO_PSI,Arduino,0.000,0.000,0.000,,
377.632586,2026-03-16 16:34:09.170,ARDUINO_PSI,Arduino,0.000,0.000,0.000,,
377.732568,2026-03-16 16:34:09.270,ARDUINO_PSI,Arduino,0.000,0.000,0.000,,
377.832653,2026-03-16 16:34:09.371,ARDUINO_PSI,Arduino,0.000,0.000,0.000,,
377.932856,2026-03-16 16:34:09.471,ARDUINO_PSI,Arduino,0.000,0.000,0.000,,
378.032637,2026-03-16 16:34:09.571,ARDUINO_PSI,Arduino,0.000,0.000,0.000,,
378.132626,2026-03-16 16:34:09.670,ARDUINO_PSI,Arduino,0.000,0.000,0.000,,
378.232865,2026-03-16 16:34:09.771,ARDUINO_PSI,Arduino,0.000,0.000,0.000,,
378.333090,2026-03-16 16:34:09.871,ARDUINO_PSI,Arduino,0.000,0.000,0.000,,
378.432694,2026-03-16 16:34:09.971,ARDUINO_PSI,Arduino,0.000,0.000,0.000,,
378.532507,2026-03-16 16:34:10.070,ARDUINO_PSI,Arduino,0.000,0.000,0.000,,
378.632744,2026-03-16 16:34:10.171,ARDUINO_PSI,Arduino,0.000,0.000,0.000,,
378.732750,2026-03-16 16:34:10.271,ARDUINO_PSI,Arduino,0.000,0.000,0.000,,
378.832664,2026-03-16 16:34:10.371,ARDUINO_PSI,Arduino,0.000,0.000,0.000,,
378.932147,2026-03-16 16:34:10.470,ARDUINO_PSI,Arduino,0.000,0.000,0.000,,
379.033093,2026-03-16 16:34:10.571,ARDUINO_PSI,Arduino,0.000,0.000,0.000,,
379.132762,2026-03-16 16:34:10.671,ARDUINO_PSI,Arduino,0.000,0.000,0.000,,
379.232042,2026-03-16 16:34:10.770,ARDUINO_PSI,Arduino,0.000,0.000,0.000,,
379.332774,2026-03-16 16:34:10.871,ARDUINO_PSI,Arduino,0.000,0.000,0.000,,
379.432770,2026-03-16 16:34:10.971,ARDUINO_PSI,Arduino,0.000,0.000,0.000,,
379.532502,2026-03-16 16:34:11.070,ARDUINO_PSI,Arduino,0.000,0.000,0.000,,
379.632739,2026-03-16 16:34:11.171,ARDUINO_PSI,Arduino,0.000,0.000,0.000,,
379.732772,2026-03-16 16:34:11.271,ARDUINO_PSI,Arduino,0.000,0.000,0.000,,
379.832752,2026-03-16 16:34:11.371,ARDUINO_PSI,Arduino,0.000,0.000,0.000,,
379.932655,2026-03-16 16:34:11.471,ARDUINO_PSI,Arduino,0.000,0.000,0.000,,
380.032723,2026-03-16 16:34:11.571,ARDUINO_PSI,Arduino,0.000,0.000,0.000,,
380.132696,2026-03-16 16:34:11.671,ARDUINO_PSI,Arduino,0.000,0.000,0.000,,
380.232635,2026-03-16 16:34:11.771,ARDUINO_PSI,Arduino,0.000,0.000,0.000,,
380.333165,2026-03-16 16:34:11.871,ARDUINO_PSI,Arduino,0.000,0.000,0.000,,
380.432767,2026-03-16 16:34:11.971,ARDUINO_PSI,Arduino,0.000,0.000,0.000,,
380.532873,2026-03-16 16:34:12.071,ARDUINO_PSI,Arduino,0.000,0.000,0.000,,
380.632705,2026-03-16 16:34:12.171,ARDUINO_PSI,Arduino,0.000,0.000,0.000,,
380.732573,2026-03-16 16:34:12.270,ARDUINO_PSI,Arduino,0.000,0.000,0.000,,
380.833241,2026-03-16 16:34:12.371,ARDUINO_PSI,Arduino,0.000,0.000,0.000,,
380.932825,2026-03-16 16:34:12.471,ARDUINO_PSI,Arduino,0.000,0.000,0.000,,
381.033000,2026-03-16 16:34:12.571,ARDUINO_PSI,Arduino,0.000,0.000,0.000,,
381.132801,2026-03-16 16:34:12.671,ARDUINO_PSI,Arduino,0.000,0.000,0.000,,
381.232677,2026-03-16 16:34:12.771,ARDUINO_PSI,Arduino,0.000,0.000,0.000,,
381.332751,2026-03-16 16:34:12.871,ARDUINO_PSI,Arduino,0.000,0.000,0.000,,
381.432698,2026-03-16 16:34:12.971,ARDUINO_PSI,Arduino,0.000,0.000,0.000,,
381.533542,2026-03-16 16:34:13.071,ARDUINO_PSI,Arduino,0.000,0.000,0.000,,
381.632323,2026-03-16 16:34:13.170,ARDUINO_PSI,Arduino,0.000,0.000,0.000,,
381.732621,2026-03-16 16:34:13.270,ARDUINO_PSI,Arduino,0.000,0.000,0.000,,
381.832827,2026-03-16 16:34:13.371,ARDUINO_PSI,Arduino,0.000,0.000,0.000,,
381.932863,2026-03-16 16:34:13.471,ARDUINO_PSI,Arduino,0.000,0.000,0.000,,
382.032816,2026-03-16 16:34:13.571,ARDUINO_PSI,Arduino,0.000,0.000,0.000,,
382.132656,2026-03-16 16:34:13.671,ARDUINO_PSI,Arduino,0.000,0.000,0.000,,
382.232977,2026-03-16 16:34:13.771,ARDUINO_PSI,Arduino,0.000,0.000,0.000,,
382.331990,2026-03-16 16:34:13.870,ARDUINO_PSI,Arduino,0.000,0.000,0.000,,
382.432746,2026-03-16 16:34:13.971,ARDUINO_PSI,Arduino,0.000,0.000,0.000,,
382.532816,2026-03-16 16:34:14.071,ARDUINO_PSI,Arduino,0.000,0.000,0.000,,
382.632700,2026-03-16 16:34:14.171,ARDUINO_PSI,Arduino,0.000,0.000,0.000,,
382.732759,2026-03-16 16:34:14.271,ARDUINO_PSI,Arduino,0.000,0.000,0.000,,
382.832764,2026-03-16 16:34:14.371,ARDUINO_PSI,Arduino,0.000,0.000,0.000,,
382.932784,2026-03-16 16:34:14.471,ARDUINO_PSI,Arduino,0.000,0.000,0.000,,
383.032677,2026-03-16 16:34:14.571,ARDUINO_PSI,Arduino,0.000,0.000,0.000,,
383.132808,2026-03-16 16:34:14.671,ARDUINO_PSI,Arduino,0.000,0.000,0.000,,
383.232687,2026-03-16 16:34:14.771,ARDUINO_PSI,Arduino,0.000,0.000,0.000,,
383.332573,2026-03-16 16:34:14.870,ARDUINO_PSI,Arduino,0.000,0.000,0.000,,
383.432838,2026-03-16 16:34:14.971,ARDUINO_PSI,Arduino,0.000,0.000,0.000,,
383.532796,2026-03-16 16:34:15.071,ARDUINO_PSI,Arduino,0.000,0.000,0.000,,
383.632810,2026-03-16 16:34:15.171,ARDUINO_PSI,Arduino,0.000,0.000,0.000,,
383.732806,2026-03-16 16:34:15.271,ARDUINO_PSI,Arduino,0.000,0.000,0.000,,
383.832743,2026-03-16 16:34:15.371,ARDUINO_PSI,Arduino,0.000,0.000,0.000,,
383.932735,2026-03-16 16:34:15.471,ARDUINO_PSI,Arduino,0.000,0.000,0.000,,
384.032106,2026-03-16 16:34:15.570,ARDUINO_PSI,Arduino,0.000,0.000,0.000,,
384.132740,2026-03-16 16:34:15.671,ARDUINO_PSI,Arduino,0.000,0.000,0.000,,
384.232702,2026-03-16 16:34:15.771,ARDUINO_PSI,Arduino,0.000,0.000,0.000,,
384.332787,2026-03-16 16:34:15.871,ARDUINO_PSI,Arduino,0.000,0.000,0.000,,
384.432590,2026-03-16 16:34:15.970,ARDUINO_PSI,Arduino,0.000,0.000,0.000,,
384.532653,2026-03-16 16:34:16.071,ARDUINO_PSI,Arduino,0.000,0.000,0.000,,
384.632575,2026-03-16 16:34:16.170,ARDUINO_PSI,Arduino,0.000,0.000,0.000,,
384.732729,2026-03-16 16:34:16.271,ARDUINO_PSI,Arduino,0.000,0.000,0.000,,
384.832783,2026-03-16 16:34:16.371,ARDUINO_PSI,Arduino,0.000,0.000,0.000,,
384.932921,2026-03-16 16:34:16.471,ARDUINO_PSI,Arduino,0.000,0.000,0.000,,
385.032754,2026-03-16 16:34:16.571,ARDUINO_PSI,Arduino,0.000,0.000,0.000,,
385.132723,2026-03-16 16:34:16.671,ARDUINO_PSI,Arduino,0.000,0.000,0.000,,
385.232682,2026-03-16 16:34:16.771,ARDUINO_PSI,Arduino,0.000,0.000,0.000,,
385.332791,2026-03-16 16:34:16.871,ARDUINO_PSI,Arduino,0.000,0.000,0.000,,
385.432287,2026-03-16 16:34:16.970,ARDUINO_PSI,Arduino,0.000,0.000,0.000,,
385.532733,2026-03-16 16:34:17.071,ARDUINO_PSI,Arduino,0.000,0.000,0.000,,
385.632699,2026-03-16 16:34:17.171,ARDUINO_PSI,Arduino,0.000,0.000,0.000,,
385.732766,2026-03-16 16:34:17.271,ARDUINO_PSI,Arduino,0.000,0.000,0.000,,
385.832698,2026-03-16 16:34:17.371,ARDUINO_PSI,Arduino,0.000,0.000,0.000,,
385.932795,2026-03-16 16:34:17.471,ARDUINO_PSI,Arduino,0.000,0.000,0.000,,
386.032758,2026-03-16 16:34:17.571,ARDUINO_PSI,Arduino,0.000,0.000,0.000,,
386.132838,2026-03-16 16:34:17.671,ARDUINO_PSI,Arduino,0.000,0.000,0.000,,
386.233406,2026-03-16 16:34:17.771,ARDUINO_PSI,Arduino,0.000,0.000,0.000,,
386.332889,2026-03-16 16:34:17.871,ARDUINO_PSI,Arduino,0.000,0.000,0.000,,
386.432725,2026-03-16 16:34:17.971,ARDUINO_PSI,Arduino,0.000,0.000,0.000,,
386.532708,2026-03-16 16:34:18.071,ARDUINO_PSI,Arduino,0.000,0.000,0.000,,
386.632704,2026-03-16 16:34:18.171,ARDUINO_PSI,Arduino,0.000,0.000,0.000,,
386.732206,2026-03-16 16:34:18.270,ARDUINO_PSI,Arduino,0.000,0.000,0.000,,
386.832729,2026-03-16 16:34:18.371,ARDUINO_PSI,Arduino,0.000,0.000,0.000,,
386.932879,2026-03-16 16:34:18.471,ARDUINO_PSI,Arduino,0.000,0.000,0.000,,
387.032749,2026-03-16 16:34:18.571,ARDUINO_PSI,Arduino,0.000,0.000,0.000,,
387.132551,2026-03-16 16:34:18.670,ARDUINO_PSI,Arduino,0.000,0.000,0.000,,
387.232643,2026-03-16 16:34:18.771,ARDUINO_PSI,Arduino,0.000,0.000,0.000,,
387.332688,2026-03-16 16:34:18.871,ARDUINO_PSI,Arduino,0.000,0.000,0.000,,
387.432869,2026-03-16 16:34:18.971,ARDUINO_PSI,Arduino,0.000,0.000,0.000,,
387.532795,2026-03-16 16:34:19.071,ARDUINO_PSI,Arduino,0.000,0.000,0.000,,
387.632700,2026-03-16 16:34:19.171,ARDUINO_PSI,Arduino,0.000,0.000,0.000,,
387.732609,2026-03-16 16:34:19.270,ARDUINO_PSI,Arduino,0.000,0.000,0.000,,
387.833365,2026-03-16 16:34:19.371,ARDUINO_PSI,Arduino,0.000,0.000,0.000,,
387.932586,2026-03-16 16:34:19.470,ARDUINO_PSI,Arduino,0.000,0.000,0.000,,
388.032874,2026-03-16 16:34:19.571,ARDUINO_PSI,Arduino,0.000,0.000,0.000,,
388.132883,2026-03-16 16:34:19.671,ARDUINO_PSI,Arduino,0.000,0.000,0.000,,
388.232987,2026-03-16 16:34:19.771,ARDUINO_PSI,Arduino,0.000,0.000,0.000,,
388.332830,2026-03-16 16:34:19.871,ARDUINO_PSI,Arduino,0.000,0.000,0.000,,
388.432870,2026-03-16 16:34:19.971,ARDUINO_PSI,Arduino,0.000,0.000,0.000,,
388.532018,2026-03-16 16:34:20.070,ARDUINO_PSI,Arduino,0.000,0.000,0.000,,
388.632722,2026-03-16 16:34:20.171,ARDUINO_PSI,Arduino,0.000,0.000,0.000,,
388.732016,2026-03-16 16:34:20.270,ARDUINO_PSI,Arduino,0.000,0.000,0.000,,
388.832629,2026-03-16 16:34:20.371,ARDUINO_PSI,Arduino,0.000,0.000,0.000,,
388.932824,2026-03-16 16:34:20.471,ARDUINO_PSI,Arduino,0.000,0.000,0.000,,
389.032843,2026-03-16 16:34:20.571,ARDUINO_PSI,Arduino,0.000,0.000,0.000,,
389.132636,2026-03-16 16:34:20.671,ARDUINO_PSI,Arduino,0.000,0.000,0.000,,
389.232767,2026-03-16 16:34:20.771,ARDUINO_PSI,Arduino,0.000,0.000,0.000,,
389.332628,2026-03-16 16:34:20.870,ARDUINO_PSI,Arduino,0.000,0.000,0.000,,
389.432715,2026-03-16 16:34:20.971,ARDUINO_PSI,Arduino,0.000,0.000,0.000,,
389.532756,2026-03-16 16:34:21.071,ARDUINO_PSI,Arduino,0.000,0.000,0.000,,
389.632597,2026-03-16 16:34:21.170,ARDUINO_PSI,Arduino,0.000,0.000,0.000,,
389.732735,2026-03-16 16:34:21.271,ARDUINO_PSI,Arduino,0.000,0.000,0.000,,
389.832737,2026-03-16 16:34:21.371,ARDUINO_PSI,Arduino,0.000,0.000,0.000,,
389.932677,2026-03-16 16:34:21.471,ARDUINO_PSI,Arduino,0.000,0.000,0.000,,
390.032759,2026-03-16 16:34:21.571,ARDUINO_PSI,Arduino,0.000,0.000,0.000,,
390.132028,2026-03-16 16:34:21.670,ARDUINO_PSI,Arduino,0.000,0.000,0.000,,
390.232749,2026-03-16 16:34:21.771,ARDUINO_PSI,Arduino,0.000,0.000,0.000,,
390.332826,2026-03-16 16:34:21.871,ARDUINO_PSI,Arduino,0.000,0.000,0.000,,
390.432852,2026-03-16 16:34:21.971,ARDUINO_PSI,Arduino,0.000,0.000,0.000,,
390.532683,2026-03-16 16:34:22.071,ARDUINO_PSI,Arduino,0.000,0.000,0.000,,
390.632175,2026-03-16 16:34:22.170,ARDUINO_PSI,Arduino,0.000,0.000,0.000,,
390.732763,2026-03-16 16:34:22.271,ARDUINO_PSI,Arduino,0.000,0.000,0.000,,
390.833146,2026-03-16 16:34:22.371,ARDUINO_PSI,Arduino,0.000,0.000,0.000,,
390.932547,2026-03-16 16:34:22.470,ARDUINO_PSI,Arduino,0.000,0.000,0.000,,
391.032551,2026-03-16 16:34:22.570,ARDUINO_PSI,Arduino,0.000,0.000,0.000,,
391.132598,2026-03-16 16:34:22.670,ARDUINO_PSI,Arduino,0.000,0.000,0.000,,
391.232735,2026-03-16 16:34:22.771,ARDUINO_PSI,Arduino,0.000,0.000,0.000,,
391.332537,2026-03-16 16:34:22.870,ARDUINO_PSI,Arduino,0.000,0.000,0.000,,
391.432593,2026-03-16 16:34:22.970,ARDUINO_PSI,Arduino,0.000,0.000,0.000,,
391.532691,2026-03-16 16:34:23.071,ARDUINO_PSI,Arduino,0.000,0.000,0.000,,
391.632596,2026-03-16 16:34:23.170,ARDUINO_PSI,Arduino,0.000,0.000,0.000,,
391.732822,2026-03-16 16:34:23.271,ARDUINO_PSI,Arduino,0.000,0.000,0.000,,
391.833028,2026-03-16 16:34:23.371,ARDUINO_PSI,Arduino,0.000,0.000,0.000,,
391.932582,2026-03-16 16:34:23.470,ARDUINO_PSI,Arduino,0.000,0.000,0.000,,
392.033052,2026-03-16 16:34:23.571,ARDUINO_PSI,Arduino,0.000,0.000,0.000,,
392.132659,2026-03-16 16:34:23.671,ARDUINO_PSI,Arduino,0.000,0.000,0.000,,
392.232707,2026-03-16 16:34:23.771,ARDUINO_PSI,Arduino,0.000,0.000,0.000,,
392.332692,2026-03-16 16:34:23.871,ARDUINO_PSI,Arduino,0.000,0.000,0.000,,
392.432804,2026-03-16 16:34:23.971,ARDUINO_PSI,Arduino,0.000,0.000,0.000,,
392.532675,2026-03-16 16:34:24.071,ARDUINO_PSI,Arduino,0.000,0.000,0.000,,
392.632155,2026-03-16 16:34:24.170,ARDUINO_PSI,Arduino,0.000,0.000,0.000,,
392.732748,2026-03-16 16:34:24.271,ARDUINO_PSI,Arduino,0.000,0.000,0.000,,
392.832684,2026-03-16 16:34:24.371,ARDUINO_PSI,Arduino,0.000,0.000,0.000,,
392.932892,2026-03-16 16:34:24.471,ARDUINO_PSI,Arduino,0.000,0.000,0.000,,
393.032784,2026-03-16 16:34:24.571,ARDUINO_PSI,Arduino,0.000,0.000,0.000,,
393.132713,2026-03-16 16:34:24.671,ARDUINO_PSI,Arduino,0.000,0.000,0.000,,
393.232666,2026-03-16 16:34:24.771,ARDUINO_PSI,Arduino,0.000,0.000,0.000,,
393.332854,2026-03-16 16:34:24.871,ARDUINO_PSI,Arduino,0.000,0.000,0.000,,
393.433460,2026-03-16 16:34:24.971,ARDUINO_PSI,Arduino,0.000,0.000,0.000,,
393.532331,2026-03-16 16:34:25.070,ARDUINO_PSI,Arduino,0.000,0.000,0.000,,
393.632828,2026-03-16 16:34:25.171,ARDUINO_PSI,Arduino,0.000,0.000,0.000,,
393.732667,2026-03-16 16:34:25.271,ARDUINO_PSI,Arduino,0.000,0.000,0.000,,
393.832697,2026-03-16 16:34:25.371,ARDUINO_PSI,Arduino,0.000,0.000,0.000,,
393.932690,2026-03-16 16:34:25.471,ARDUINO_PSI,Arduino,0.000,0.000,0.000,,
394.032756,2026-03-16 16:34:25.571,ARDUINO_PSI,Arduino,0.000,0.000,0.000,,
394.132530,2026-03-16 16:34:25.670,ARDUINO_PSI,Arduino,0.000,0.000,0.000,,
394.232880,2026-03-16 16:34:25.771,ARDUINO_PSI,Arduino,0.000,0.000,0.000,,
394.332907,2026-03-16 16:34:25.871,ARDUINO_PSI,Arduino,0.000,0.000,0.000,,
394.432747,2026-03-16 16:34:25.971,ARDUINO_PSI,Arduino,0.000,0.000,0.000,,
394.532638,2026-03-16 16:34:26.071,ARDUINO_PSI,Arduino,0.000,0.000,0.000,,
394.632722,2026-03-16 16:34:26.171,ARDUINO_PSI,Arduino,0.000,0.000,0.000,,
394.732683,2026-03-16 16:34:26.271,ARDUINO_PSI,Arduino,0.000,0.000,0.000,,
394.834249,2026-03-16 16:34:26.372,ARDUINO_PSI,Arduino,0.000,0.000,0.000,,
394.932808,2026-03-16 16:34:26.471,ARDUINO_PSI,Arduino,0.000,0.000,0.000,,
395.032979,2026-03-16 16:34:26.571,ARDUINO_PSI,Arduino,0.000,0.000,0.000,,
395.132552,2026-03-16 16:34:26.670,ARDUINO_PSI,Arduino,0.000,0.000,0.000,,
395.232302,2026-03-16 16:34:26.770,ARDUINO_PSI,Arduino,0.000,0.000,0.000,,
395.332822,2026-03-16 16:34:26.871,ARDUINO_PSI,Arduino,0.000,0.000,0.000,,
395.432061,2026-03-16 16:34:26.970,ARDUINO_PSI,Arduino,0.000,0.000,0.000,,
395.532143,2026-03-16 16:34:27.070,ARDUINO_PSI,Arduino,0.000,0.000,0.000,,
395.632767,2026-03-16 16:34:27.171,ARDUINO_PSI,Arduino,0.000,0.000,0.000,,
395.732704,2026-03-16 16:34:27.271,ARDUINO_PSI,Arduino,0.000,0.000,0.000,,
395.832689,2026-03-16 16:34:27.371,ARDUINO_PSI,Arduino,0.000,0.000,0.000,,
395.932807,2026-03-16 16:34:27.471,ARDUINO_PSI,Arduino,0.000,0.000,0.000,,
396.032621,2026-03-16 16:34:27.570,ARDUINO_PSI,Arduino,0.000,0.000,0.000,,
396.132682,2026-03-16 16:34:27.671,ARDUINO_PSI,Arduino,0.000,0.000,0.000,,
396.232830,2026-03-16 16:34:27.771,ARDUINO_PSI,Arduino,0.000,0.000,0.000,,
396.332758,2026-03-16 16:34:27.871,ARDUINO_PSI,Arduino,0.000,0.000,0.000,,
396.432698,2026-03-16 16:34:27.971,ARDUINO_PSI,Arduino,0.000,0.000,0.000,,
396.532948,2026-03-16 16:34:28.071,ARDUINO_PSI,Arduino,0.000,0.000,0.000,,
396.632862,2026-03-16 16:34:28.171,ARDUINO_PSI,Arduino,0.000,0.000,0.000,,
396.732764,2026-03-16 16:34:28.271,ARDUINO_PSI,Arduino,0.000,0.000,0.000,,
396.832989,2026-03-16 16:34:28.371,ARDUINO_PSI,Arduino,0.000,0.000,0.000,,
396.932810,2026-03-16 16:34:28.471,ARDUINO_PSI,Arduino,0.000,0.000,0.000,,
397.032715,2026-03-16 16:34:28.571,ARDUINO_PSI,Arduino,0.000,0.000,0.000,,
397.132894,2026-03-16 16:34:28.671,ARDUINO_PSI,Arduino,0.000,0.000,0.000,,
397.233860,2026-03-16 16:34:28.772,ARDUINO_PSI,Arduino,0.000,0.000,0.000,,
397.332800,2026-03-16 16:34:28.871,ARDUINO_PSI,Arduino,0.000,0.000,0.000,,
397.433635,2026-03-16 16:34:28.972,ARDUINO_PSI,Arduino,0.000,0.000,0.000,,
397.533721,2026-03-16 16:34:29.072,ARDUINO_PSI,Arduino,0.000,0.000,0.000,,
397.632881,2026-03-16 16:34:29.171,ARDUINO_PSI,Arduino,0.000,0.000,0.000,,
397.733581,2026-03-16 16:34:29.271,ARDUINO_PSI,Arduino,0.000,0.000,0.000,,
397.833578,2026-03-16 16:34:29.371,ARDUINO_PSI,Arduino,0.000,0.000,0.000,,
397.933735,2026-03-16 16:34:29.472,ARDUINO_PSI,Arduino,0.000,0.000,0.000,,
398.032861,2026-03-16 16:34:29.571,ARDUINO_PSI,Arduino,0.000,0.000,0.000,,
398.132800,2026-03-16 16:34:29.671,ARDUINO_PSI,Arduino,0.000,0.000,0.000,,
398.232746,2026-03-16 16:34:29.771,ARDUINO_PSI,Arduino,0.000,0.000,0.000,,
398.333828,2026-03-16 16:34:29.872,ARDUINO_PSI,Arduino,0.000,0.000,0.000,,
398.432762,2026-03-16 16:34:29.971,ARDUINO_PSI,Arduino,0.000,0.000,0.000,,
398.533777,2026-03-16 16:34:30.072,ARDUINO_PSI,Arduino,0.000,0.000,0.000,,
398.633756,2026-03-16 16:34:30.172,ARDUINO_PSI,Arduino,0.000,0.000,0.000,,
398.732814,2026-03-16 16:34:30.271,ARDUINO_PSI,Arduino,0.000,0.000,0.000,,
398.833236,2026-03-16 16:34:30.371,ARDUINO_PSI,Arduino,0.000,0.000,0.000,,
398.933029,2026-03-16 16:34:30.471,ARDUINO_PSI,Arduino,0.000,0.000,0.000,,
399.034082,2026-03-16 16:34:30.572,ARDUINO_PSI,Arduino,0.000,0.000,0.000,,
399.133930,2026-03-16 16:34:30.672,ARDUINO_PSI,Arduino,0.000,0.000,0.000,,
399.232870,2026-03-16 16:34:30.771,ARDUINO_PSI,Arduino,0.000,0.000,0.000,,
399.333733,2026-03-16 16:34:30.872,ARDUINO_PSI,Arduino,0.000,0.000,0.000,,
399.432939,2026-03-16 16:34:30.971,ARDUINO_PSI,Arduino,0.000,0.000,0.000,,
399.532403,2026-03-16 16:34:31.070,ARDUINO_PSI,Arduino,0.000,0.000,0.000,,
399.633993,2026-03-16 16:34:31.172,ARDUINO_PSI,Arduino,0.000,0.000,0.000,,
399.733719,2026-03-16 16:34:31.272,ARDUINO_PSI,Arduino,0.000,0.000,0.000,,
399.832834,2026-03-16 16:34:31.371,ARDUINO_PSI,Arduino,0.000,0.000,0.000,,
399.932615,2026-03-16 16:34:31.470,ARDUINO_PSI,Arduino,0.000,0.000,0.000,,
400.033654,2026-03-16 16:34:31.572,ARDUINO_PSI,Arduino,0.000,0.000,0.000,,
400.134142,2026-03-16 16:34:31.672,ARDUINO_PSI,Arduino,0.000,0.000,0.000,,
400.232874,2026-03-16 16:34:31.771,ARDUINO_PSI,Arduino,0.000,0.000,0.000,,
400.332738,2026-03-16 16:34:31.871,ARDUINO_PSI,Arduino,0.000,0.000,0.000,,
400.433706,2026-03-16 16:34:31.972,ARDUINO_PSI,Arduino,0.000,0.000,0.000,,
400.533717,2026-03-16 16:34:32.072,ARDUINO_PSI,Arduino,0.000,0.000,0.000,,
400.633956,2026-03-16 16:34:32.172,ARDUINO_PSI,Arduino,0.000,0.000,0.000,,
400.733343,2026-03-16 16:34:32.271,ARDUINO_PSI,Arduino,0.000,0.000,0.000,,
400.832808,2026-03-16 16:34:32.371,ARDUINO_PSI,Arduino,0.000,0.000,0.000,,
400.933760,2026-03-16 16:34:32.472,ARDUINO_PSI,Arduino,0.000,0.000,0.000,,
401.032446,2026-03-16 16:34:32.570,ARDUINO_PSI,Arduino,0.000,0.000,0.000,,
401.132781,2026-03-16 16:34:32.671,ARDUINO_PSI,Arduino,0.000,0.000,0.000,,
401.233672,2026-03-16 16:34:32.772,ARDUINO_PSI,Arduino,0.000,0.000,0.000,,
401.333907,2026-03-16 16:34:32.872,ARDUINO_PSI,Arduino,0.000,0.000,0.000,,
401.433035,2026-03-16 16:34:32.971,ARDUINO_PSI,Arduino,0.000,0.000,0.000,,
401.532778,2026-03-16 16:34:33.071,ARDUINO_PSI,Arduino,0.000,0.000,0.000,,
401.632951,2026-03-16 16:34:33.171,ARDUINO_PSI,Arduino,0.000,0.000,0.000,,
401.732790,2026-03-16 16:34:33.271,ARDUINO_PSI,Arduino,0.000,0.000,0.000,,
401.832861,2026-03-16 16:34:33.371,ARDUINO_PSI,Arduino,0.000,0.000,0.000,,
401.933163,2026-03-16 16:34:33.471,ARDUINO_PSI,Arduino,0.000,0.000,0.000,,
402.033322,2026-03-16 16:34:33.571,ARDUINO_PSI,Arduino,0.000,0.000,0.000,,
402.134175,2026-03-16 16:34:33.672,ARDUINO_PSI,Arduino,0.000,0.000,0.000,,
402.232680,2026-03-16 16:34:33.771,ARDUINO_PSI,Arduino,0.000,0.000,0.000,,
402.333291,2026-03-16 16:34:33.871,ARDUINO_PSI,Arduino,0.000,0.000,0.000,,
402.432586,2026-03-16 16:34:33.970,ARDUINO_PSI,Arduino,0.000,0.000,0.000,,
402.533989,2026-03-16 16:34:34.072,ARDUINO_PSI,Arduino,0.000,0.000,0.000,,
402.633779,2026-03-16 16:34:34.172,ARDUINO_PSI,Arduino,0.000,0.000,0.000,,
402.732830,2026-03-16 16:34:34.271,ARDUINO_PSI,Arduino,0.000,0.000,0.000,,
402.834335,2026-03-16 16:34:34.372,ARDUINO_PSI,Arduino,0.000,0.000,0.000,,
402.932635,2026-03-16 16:34:34.471,ARDUINO_PSI,Arduino,0.000,0.000,0.000,,
403.033719,2026-03-16 16:34:34.572,ARDUINO_PSI,Arduino,0.000,0.000,0.000,,
403.133656,2026-03-16 16:34:34.672,ARDUINO_PSI,Arduino,0.000,0.000,0.000,,
403.232825,2026-03-16 16:34:34.771,ARDUINO_PSI,Arduino,0.000,0.000,0.000,,
403.333037,2026-03-16 16:34:34.871,ARDUINO_PSI,Arduino,0.000,0.000,0.000,,
403.432874,2026-03-16 16:34:34.971,ARDUINO_PSI,Arduino,0.000,0.000,0.000,,
403.532853,2026-03-16 16:34:35.071,ARDUINO_PSI,Arduino,0.000,0.000,0.000,,
403.632706,2026-03-16 16:34:35.171,ARDUINO_PSI,Arduino,0.000,0.000,0.000,,
403.733948,2026-03-16 16:34:35.272,ARDUINO_PSI,Arduino,0.000,0.000,0.000,,
403.833501,2026-03-16 16:34:35.371,ARDUINO_PSI,Arduino,0.000,0.000,0.000,,
403.932783,2026-03-16 16:34:35.471,ARDUINO_PSI,Arduino,0.000,0.000,0.000,,
404.034145,2026-03-16 16:34:35.572,ARDUINO_PSI,Arduino,0.000,0.000,0.000,,
404.132861,2026-03-16 16:34:35.671,ARDUINO_PSI,Arduino,0.000,0.000,0.000,,
404.232718,2026-03-16 16:34:35.771,ARDUINO_PSI,Arduino,0.000,0.000,0.000,,
404.333579,2026-03-16 16:34:35.871,ARDUINO_PSI,Arduino,0.000,0.000,0.000,,
404.432909,2026-03-16 16:34:35.971,ARDUINO_PSI,Arduino,0.000,0.000,0.000,,
404.532762,2026-03-16 16:34:36.071,ARDUINO_PSI,Arduino,0.000,0.000,0.000,,
404.632892,2026-03-16 16:34:36.171,ARDUINO_PSI,Arduino,0.000,0.000,0.000,,
404.733089,2026-03-16 16:34:36.271,ARDUINO_PSI,Arduino,0.000,0.000,0.000,,
404.832754,2026-03-16 16:34:36.371,ARDUINO_PSI,Arduino,0.000,0.000,0.000,,
404.933028,2026-03-16 16:34:36.471,ARDUINO_PSI,Arduino,0.000,0.000,0.000,,
405.033134,2026-03-16 16:34:36.571,ARDUINO_PSI,Arduino,0.000,0.000,0.000,,
405.132826,2026-03-16 16:34:36.671,ARDUINO_PSI,Arduino,0.000,0.000,0.000,,
405.233166,2026-03-16 16:34:36.771,ARDUINO_PSI,Arduino,0.000,0.000,0.000,,
405.334072,2026-03-16 16:34:36.872,ARDUINO_PSI,Arduino,0.000,0.000,0.000,,
405.433212,2026-03-16 16:34:36.971,ARDUINO_PSI,Arduino,0.000,0.000,0.000,,
405.532871,2026-03-16 16:34:37.071,ARDUINO_PSI,Arduino,0.000,0.000,0.000,,
405.633733,2026-03-16 16:34:37.172,ARDUINO_PSI,Arduino,0.000,0.000,0.000,,
405.732782,2026-03-16 16:34:37.271,ARDUINO_PSI,Arduino,0.000,0.000,0.000,,
405.832982,2026-03-16 16:34:37.371,ARDUINO_PSI,Arduino,0.000,0.000,0.000,,
405.933994,2026-03-16 16:34:37.472,ARDUINO_PSI,Arduino,0.000,0.000,0.000,,
406.033117,2026-03-16 16:34:37.571,ARDUINO_PSI,Arduino,0.000,0.000,0.000,,
406.133355,2026-03-16 16:34:37.671,ARDUINO_PSI,Arduino,0.000,0.000,0.000,,
406.233634,2026-03-16 16:34:37.772,ARDUINO_PSI,Arduino,0.000,0.000,0.000,,
406.332897,2026-03-16 16:34:37.871,ARDUINO_PSI,Arduino,0.000,0.000,0.000,,
406.433759,2026-03-16 16:34:37.972,ARDUINO_PSI,Arduino,0.000,0.000,0.000,,
406.532629,2026-03-16 16:34:38.070,ARDUINO_PSI,Arduino,0.000,0.000,0.000,,
406.632137,2026-03-16 16:34:38.170,ARDUINO_PSI,Arduino,0.000,0.000,0.000,,
406.733757,2026-03-16 16:34:38.272,ARDUINO_PSI,Arduino,0.000,0.000,0.000,,
406.833413,2026-03-16 16:34:38.371,ARDUINO_PSI,Arduino,0.000,0.000,0.000,,
406.933692,2026-03-16 16:34:38.472,ARDUINO_PSI,Arduino,0.000,0.000,0.000,,
407.033535,2026-03-16 16:34:38.571,ARDUINO_PSI,Arduino,0.000,0.000,0.000,,
407.133780,2026-03-16 16:34:38.672,ARDUINO_PSI,Arduino,0.000,0.000,0.000,,
407.232752,2026-03-16 16:34:38.771,ARDUINO_PSI,Arduino,0.000,0.000,0.000,,
407.332835,2026-03-16 16:34:38.871,ARDUINO_PSI,Arduino,0.000,0.000,0.000,,
407.432377,2026-03-16 16:34:38.970,ARDUINO_PSI,Arduino,0.000,0.000,0.000,,
407.532884,2026-03-16 16:34:39.071,ARDUINO_PSI,Arduino,0.000,0.000,0.000,,
407.633190,2026-03-16 16:34:39.171,ARDUINO_PSI,Arduino,0.000,0.000,0.000,,
407.733746,2026-03-16 16:34:39.272,ARDUINO_PSI,Arduino,0.000,0.000,0.000,,
407.833025,2026-03-16 16:34:39.371,ARDUINO_PSI,Arduino,0.000,0.000,0.000,,
407.932756,2026-03-16 16:34:39.471,ARDUINO_PSI,Arduino,0.000,0.000,0.000,,
408.034393,2026-03-16 16:34:39.572,ARDUINO_PSI,Arduino,0.000,0.000,0.000,,
408.133605,2026-03-16 16:34:39.671,ARDUINO_PSI,Arduino,0.000,0.000,0.000,,
408.233970,2026-03-16 16:34:39.772,ARDUINO_PSI,Arduino,0.000,0.000,0.000,,
408.332811,2026-03-16 16:34:39.871,ARDUINO_PSI,Arduino,0.000,0.000,0.000,,
408.433629,2026-03-16 16:34:39.971,ARDUINO_PSI,Arduino,0.000,0.000,0.000,,
408.533196,2026-03-16 16:34:40.071,ARDUINO_PSI,Arduino,0.000,0.000,0.000,,
408.633480,2026-03-16 16:34:40.171,ARDUINO_PSI,Arduino,0.000,0.000,0.000,,
408.733405,2026-03-16 16:34:40.271,ARDUINO_PSI,Arduino,0.000,0.000,0.000,,
408.834423,2026-03-16 16:34:40.372,ARDUINO_PSI,Arduino,0.000,0.000,0.000,,
408.933351,2026-03-16 16:34:40.471,ARDUINO_PSI,Arduino,0.000,0.000,0.000,,
409.032230,2026-03-16 16:34:40.570,ARDUINO_PSI,Arduino,0.000,0.000,0.000,,
409.133580,2026-03-16 16:34:40.671,ARDUINO_PSI,Arduino,0.000,0.000,0.000,,
409.234003,2026-03-16 16:34:40.772,ARDUINO_PSI,Arduino,0.000,0.000,0.000,,
409.332910,2026-03-16 16:34:40.871,ARDUINO_PSI,Arduino,0.000,0.000,0.000,,
409.433893,2026-03-16 16:34:40.972,ARDUINO_PSI,Arduino,0.000,0.000,0.000,,
409.532773,2026-03-16 16:34:41.071,ARDUINO_PSI,Arduino,0.000,0.000,0.000,,
409.633582,2026-03-16 16:34:41.171,ARDUINO_PSI,Arduino,0.000,0.000,0.000,,
409.733867,2026-03-16 16:34:41.272,ARDUINO_PSI,Arduino,0.000,0.000,0.000,,
409.833943,2026-03-16 16:34:41.372,ARDUINO_PSI,Arduino,0.000,0.000,0.000,,
409.933778,2026-03-16 16:34:41.472,ARDUINO_PSI,Arduino,0.000,0.000,0.000,,
410.033276,2026-03-16 16:34:41.571,ARDUINO_PSI,Arduino,0.000,0.000,0.000,,
410.133693,2026-03-16 16:34:41.672,ARDUINO_PSI,Arduino,0.000,0.000,0.000,,
410.232769,2026-03-16 16:34:41.771,ARDUINO_PSI,Arduino,0.000,0.000,0.000,,
410.334169,2026-03-16 16:34:41.872,ARDUINO_PSI,Arduino,0.000,0.000,0.000,,
410.433829,2026-03-16 16:34:41.972,ARDUINO_PSI,Arduino,0.000,0.000,0.000,,
410.533557,2026-03-16 16:34:42.071,ARDUINO_PSI,Arduino,0.000,0.000,0.000,,
410.633502,2026-03-16 16:34:42.171,ARDUINO_PSI,Arduino,0.000,0.000,0.000,,
410.733957,2026-03-16 16:34:42.272,ARDUINO_PSI,Arduino,0.000,0.000,0.000,,
410.834159,2026-03-16 16:34:42.372,ARDUINO_PSI,Arduino,0.000,0.000,0.000,,
410.933661,2026-03-16 16:34:42.472,ARDUINO_PSI,Arduino,0.000,0.000,0.000,,
411.032323,2026-03-16 16:34:42.570,ARDUINO_PSI,Arduino,0.000,0.000,0.000,,
411.133527,2026-03-16 16:34:42.671,ARDUINO_PSI,Arduino,0.000,0.000,0.000,,
411.232938,2026-03-16 16:34:42.771,ARDUINO_PSI,Arduino,0.000,0.000,0.000,,
411.332853,2026-03-16 16:34:42.871,ARDUINO_PSI,Arduino,0.000,0.000,0.000,,
411.433728,2026-03-16 16:34:42.972,ARDUINO_PSI,Arduino,0.000,0.000,0.000,,
411.534562,2026-03-16 16:34:43.072,ARDUINO_PSI,Arduino,0.000,0.000,0.000,,
411.633211,2026-03-16 16:34:43.171,ARDUINO_PSI,Arduino,0.000,0.000,0.000,,
411.732768,2026-03-16 16:34:43.271,ARDUINO_PSI,Arduino,0.000,0.000,0.000,,
411.833870,2026-03-16 16:34:43.372,ARDUINO_PSI,Arduino,0.000,0.000,0.000,,
411.933878,2026-03-16 16:34:43.472,ARDUINO_PSI,Arduino,0.000,0.000,0.000,,
412.032854,2026-03-16 16:34:43.571,ARDUINO_PSI,Arduino,0.000,0.000,0.000,,
412.132899,2026-03-16 16:34:43.671,ARDUINO_PSI,Arduino,0.000,0.000,0.000,,
412.234354,2026-03-16 16:34:43.772,ARDUINO_PSI,Arduino,0.000,0.000,0.000,,
412.333781,2026-03-16 16:34:43.872,ARDUINO_PSI,Arduino,0.000,0.000,0.000,,
412.433256,2026-03-16 16:34:43.971,ARDUINO_PSI,Arduino,0.000,0.000,0.000,,
412.532806,2026-03-16 16:34:44.071,ARDUINO_PSI,Arduino,0.000,0.000,0.000,,
412.632900,2026-03-16 16:34:44.171,ARDUINO_PSI,Arduino,0.000,0.000,0.000,,
412.733946,2026-03-16 16:34:44.272,ARDUINO_PSI,Arduino,0.000,0.000,0.000,,
412.833828,2026-03-16 16:34:44.372,ARDUINO_PSI,Arduino,0.000,0.000,0.000,,
412.933647,2026-03-16 16:34:44.472,ARDUINO_PSI,Arduino,0.000,0.000,0.000,,
413.032708,2026-03-16 16:34:44.571,ARDUINO_PSI,Arduino,0.000,0.000,0.000,,
413.132859,2026-03-16 16:34:44.671,ARDUINO_PSI,Arduino,0.000,0.000,0.000,,
413.233210,2026-03-16 16:34:44.771,ARDUINO_PSI,Arduino,0.000,0.000,0.000,,
413.333837,2026-03-16 16:34:44.872,ARDUINO_PSI,Arduino,0.000,0.000,0.000,,
413.433592,2026-03-16 16:34:44.971,ARDUINO_PSI,Arduino,0.000,0.000,0.000,,
413.532834,2026-03-16 16:34:45.071,ARDUINO_PSI,Arduino,0.000,0.000,0.000,,
413.632655,2026-03-16 16:34:45.171,ARDUINO_PSI,Arduino,0.000,0.000,0.000,,
413.732719,2026-03-16 16:34:45.271,ARDUINO_PSI,Arduino,0.000,0.000,0.000,,
413.833919,2026-03-16 16:34:45.372,ARDUINO_PSI,Arduino,0.000,0.000,0.000,,
413.933658,2026-03-16 16:34:45.472,ARDUINO_PSI,Arduino,0.000,0.000,0.000,,
414.032886,2026-03-16 16:34:45.571,ARDUINO_PSI,Arduino,0.000,0.000,0.000,,
414.133760,2026-03-16 16:34:45.672,ARDUINO_PSI,Arduino,0.000,0.000,0.000,,
414.232912,2026-03-16 16:34:45.771,ARDUINO_PSI,Arduino,0.000,0.000,0.000,,
414.333102,2026-03-16 16:34:45.871,ARDUINO_PSI,Arduino,0.000,0.000,0.000,,
414.433937,2026-03-16 16:34:45.972,ARDUINO_PSI,Arduino,0.000,0.000,0.000,,
414.532909,2026-03-16 16:34:46.071,ARDUINO_PSI,Arduino,0.000,0.000,0.000,,
414.632855,2026-03-16 16:34:46.171,ARDUINO_PSI,Arduino,0.000,0.000,0.000,,
414.732882,2026-03-16 16:34:46.271,ARDUINO_PSI,Arduino,0.000,0.000,0.000,,
414.833984,2026-03-16 16:34:46.372,ARDUINO_PSI,Arduino,0.000,0.000,0.000,,
414.933872,2026-03-16 16:34:46.472,ARDUINO_PSI,Arduino,0.000,0.000,0.000,,
415.032475,2026-03-16 16:34:46.570,ARDUINO_PSI,Arduino,0.000,0.000,0.000,,
415.134140,2026-03-16 16:34:46.672,ARDUINO_PSI,Arduino,0.000,0.000,0.000,,
415.232828,2026-03-16 16:34:46.771,ARDUINO_PSI,Arduino,0.000,0.000,0.000,,
415.334231,2026-03-16 16:34:46.872,ARDUINO_PSI,Arduino,0.000,0.000,0.000,,
415.433687,2026-03-16 16:34:46.972,ARDUINO_PSI,Arduino,0.000,0.000,0.000,,
415.533248,2026-03-16 16:34:47.071,ARDUINO_PSI,Arduino,0.000,0.000,0.000,,
415.633545,2026-03-16 16:34:47.171,ARDUINO_PSI,Arduino,0.000,0.000,0.000,,
415.733624,2026-03-16 16:34:47.271,ARDUINO_PSI,Arduino,0.000,0.000,0.000,,
415.833735,2026-03-16 16:34:47.372,ARDUINO_PSI,Arduino,0.000,0.000,0.000,,
415.932784,2026-03-16 16:34:47.471,ARDUINO_PSI,Arduino,0.000,0.000,0.000,,
416.033705,2026-03-16 16:34:47.572,ARDUINO_PSI,Arduino,0.000,0.000,0.000,,
416.133063,2026-03-16 16:34:47.671,ARDUINO_PSI,Arduino,0.000,0.000,0.000,,
416.233761,2026-03-16 16:34:47.772,ARDUINO_PSI,Arduino,0.000,0.000,0.000,,
416.332838,2026-03-16 16:34:47.871,ARDUINO_PSI,Arduino,0.000,0.000,0.000,,
416.433845,2026-03-16 16:34:47.972,ARDUINO_PSI,Arduino,0.000,0.000,0.000,,
416.532876,2026-03-16 16:34:48.071,ARDUINO_PSI,Arduino,0.000,0.000,0.000,,
416.634051,2026-03-16 16:34:48.172,ARDUINO_PSI,Arduino,0.000,0.000,0.000,,
416.733912,2026-03-16 16:34:48.272,ARDUINO_PSI,Arduino,0.000,0.000,0.000,,
416.832840,2026-03-16 16:34:48.371,ARDUINO_PSI,Arduino,0.000,0.000,0.000,,
416.932788,2026-03-16 16:34:48.471,ARDUINO_PSI,Arduino,0.000,0.000,0.000,,
417.033608,2026-03-16 16:34:48.571,ARDUINO_PSI,Arduino,0.000,0.000,0.000,,
417.132741,2026-03-16 16:34:48.671,ARDUINO_PSI,Arduino,0.000,0.000,0.000,,
417.232884,2026-03-16 16:34:48.771,ARDUINO_PSI,Arduino,0.000,0.000,0.000,,
417.332589,2026-03-16 16:34:48.870,ARDUINO_PSI,Arduino,0.000,0.000,0.000,,
417.432794,2026-03-16 16:34:48.971,ARDUINO_PSI,Arduino,0.000,0.000,0.000,,
417.534125,2026-03-16 16:34:49.072,ARDUINO_PSI,Arduino,0.000,0.000,0.000,,
417.632707,2026-03-16 16:34:49.171,ARDUINO_PSI,Arduino,0.000,0.000,0.000,,
417.734048,2026-03-16 16:34:49.272,ARDUINO_PSI,Arduino,0.000,0.000,0.000,,
417.832763,2026-03-16 16:34:49.371,ARDUINO_PSI,Arduino,0.000,0.000,0.000,,
417.933950,2026-03-16 16:34:49.472,ARDUINO_PSI,Arduino,0.000,0.000,0.000,,
418.033666,2026-03-16 16:34:49.572,ARDUINO_PSI,Arduino,0.000,0.000,0.000,,
418.132853,2026-03-16 16:34:49.671,ARDUINO_PSI,Arduino,0.000,0.000,0.000,,
418.232909,2026-03-16 16:34:49.771,ARDUINO_PSI,Arduino,0.000,0.000,0.000,,
418.332705,2026-03-16 16:34:49.871,ARDUINO_PSI,Arduino,0.000,0.000,0.000,,
418.432744,2026-03-16 16:34:49.971,ARDUINO_PSI,Arduino,0.000,0.000,0.000,,
418.532771,2026-03-16 16:34:50.071,ARDUINO_PSI,Arduino,0.000,0.000,0.000,,
418.633014,2026-03-16 16:34:50.171,ARDUINO_PSI,Arduino,0.000,0.000,0.000,,
418.732716,2026-03-16 16:34:50.271,ARDUINO_PSI,Arduino,0.000,0.000,0.000,,
418.832901,2026-03-16 16:34:50.371,ARDUINO_PSI,Arduino,0.000,0.000,0.000,,
418.932831,2026-03-16 16:34:50.471,ARDUINO_PSI,Arduino,0.000,0.000,0.000,,
419.033890,2026-03-16 16:34:50.572,ARDUINO_PSI,Arduino,0.000,0.000,0.000,,
419.132882,2026-03-16 16:34:50.671,ARDUINO_PSI,Arduino,0.000,0.000,0.000,,
419.232616,2026-03-16 16:34:50.770,ARDUINO_PSI,Arduino,0.000,0.000,0.000,,
419.332926,2026-03-16 16:34:50.871,ARDUINO_PSI,Arduino,0.000,0.000,0.000,,
419.432802,2026-03-16 16:34:50.971,ARDUINO_PSI,Arduino,0.000,0.000,0.000,,
419.533769,2026-03-16 16:34:51.072,ARDUINO_PSI,Arduino,0.000,0.000,0.000,,
419.633873,2026-03-16 16:34:51.172,ARDUINO_PSI,Arduino,0.000,0.000,0.000,,
419.732889,2026-03-16 16:34:51.271,ARDUINO_PSI,Arduino,0.000,0.000,0.000,,
419.832781,2026-03-16 16:34:51.371,ARDUINO_PSI,Arduino,0.000,0.000,0.000,,
419.933540,2026-03-16 16:34:51.471,ARDUINO_PSI,Arduino,0.000,0.000,0.000,,
420.032649,2026-03-16 16:34:51.571,ARDUINO_PSI,Arduino,0.000,0.000,0.000,,
420.133646,2026-03-16 16:34:51.672,ARDUINO_PSI,Arduino,0.000,0.000,0.000,,
420.233737,2026-03-16 16:34:51.772,ARDUINO_PSI,Arduino,0.000,0.000,0.000,,
420.332843,2026-03-16 16:34:51.871,ARDUINO_PSI,Arduino,0.000,0.000,0.000,,
420.433860,2026-03-16 16:34:51.972,ARDUINO_PSI,Arduino,0.000,0.000,0.000,,
420.532918,2026-03-16 16:34:52.071,ARDUINO_PSI,Arduino,0.000,0.000,0.000,,
420.633118,2026-03-16 16:34:52.171,ARDUINO_PSI,Arduino,0.000,0.000,0.000,,
420.733898,2026-03-16 16:34:52.272,ARDUINO_PSI,Arduino,0.000,0.000,0.000,,
420.832974,2026-03-16 16:34:52.371,ARDUINO_PSI,Arduino,0.000,0.000,0.000,,
420.932796,2026-03-16 16:34:52.471,ARDUINO_PSI,Arduino,0.000,0.000,0.000,,
421.033961,2026-03-16 16:34:52.572,ARDUINO_PSI,Arduino,0.000,0.000,0.000,,
421.133019,2026-03-16 16:34:52.671,ARDUINO_PSI,Arduino,0.000,0.000,0.000,,
421.233719,2026-03-16 16:34:52.772,ARDUINO_PSI,Arduino,0.000,0.000,0.000,,
421.332753,2026-03-16 16:34:52.871,ARDUINO_PSI,Arduino,0.000,0.000,0.000,,
421.433100,2026-03-16 16:34:52.971,ARDUINO_PSI,Arduino,0.000,0.000,0.000,,
421.533519,2026-03-16 16:34:53.071,ARDUINO_PSI,Arduino,0.000,0.000,0.000,,
421.632759,2026-03-16 16:34:53.171,ARDUINO_PSI,Arduino,0.000,0.000,0.000,,
421.733515,2026-03-16 16:34:53.271,ARDUINO_PSI,Arduino,0.000,0.000,0.000,,
421.833595,2026-03-16 16:34:53.371,ARDUINO_PSI,Arduino,0.000,0.000,0.000,,
421.933930,2026-03-16 16:34:53.472,ARDUINO_PSI,Arduino,0.000,0.000,0.000,,
422.032867,2026-03-16 16:34:53.571,ARDUINO_PSI,Arduino,0.000,0.000,0.000,,
422.133014,2026-03-16 16:34:53.671,ARDUINO_PSI,Arduino,0.000,0.000,0.000,,
422.233804,2026-03-16 16:34:53.772,ARDUINO_PSI,Arduino,0.000,0.000,0.000,,
422.333749,2026-03-16 16:34:53.872,ARDUINO_PSI,Arduino,0.000,0.000,0.000,,
422.433877,2026-03-16 16:34:53.972,ARDUINO_PSI,Arduino,0.000,0.000,0.000,,
422.533735,2026-03-16 16:34:54.072,ARDUINO_PSI,Arduino,0.000,0.000,0.000,,
422.632898,2026-03-16 16:34:54.171,ARDUINO_PSI,Arduino,0.000,0.000,0.000,,
422.732806,2026-03-16 16:34:54.271,ARDUINO_PSI,Arduino,0.000,0.000,0.000,,
422.832870,2026-03-16 16:34:54.371,ARDUINO_PSI,Arduino,0.000,0.000,0.000,,
422.933305,2026-03-16 16:34:54.471,ARDUINO_PSI,Arduino,0.000,0.000,0.000,,
423.033015,2026-03-16 16:34:54.571,ARDUINO_PSI,Arduino,0.000,0.000,0.000,,
423.133928,2026-03-16 16:34:54.672,ARDUINO_PSI,Arduino,0.000,0.000,0.000,,
423.232727,2026-03-16 16:34:54.771,ARDUINO_PSI,Arduino,0.000,0.000,0.000,,
423.332791,2026-03-16 16:34:54.871,ARDUINO_PSI,Arduino,0.000,0.000,0.000,,
423.433898,2026-03-16 16:34:54.972,ARDUINO_PSI,Arduino,0.000,0.000,0.000,,
423.532882,2026-03-16 16:34:55.071,ARDUINO_PSI,Arduino,0.000,0.000,0.000,,
423.633899,2026-03-16 16:34:55.172,ARDUINO_PSI,Arduino,0.000,0.000,0.000,,
423.733036,2026-03-16 16:34:55.271,ARDUINO_PSI,Arduino,0.000,0.000,0.000,,
423.832866,2026-03-16 16:34:55.371,ARDUINO_PSI,Arduino,0.000,0.000,0.000,,
423.933860,2026-03-16 16:34:55.472,ARDUINO_PSI,Arduino,0.000,0.000,0.000,,
424.033594,2026-03-16 16:34:55.571,ARDUINO_PSI,Arduino,0.000,0.000,0.000,,
424.133606,2026-03-16 16:34:55.671,ARDUINO_PSI,Arduino,0.000,0.000,0.000,,
424.232976,2026-03-16 16:34:55.771,ARDUINO_PSI,Arduino,0.000,0.000,0.000,,
424.333803,2026-03-16 16:34:55.872,ARDUINO_PSI,Arduino,0.000,0.000,0.000,,
424.432790,2026-03-16 16:34:55.971,ARDUINO_PSI,Arduino,0.000,0.000,0.000,,
424.534099,2026-03-16 16:34:56.072,ARDUINO_PSI,Arduino,0.000,0.000,0.000,,
424.634060,2026-03-16 16:34:56.172,ARDUINO_PSI,Arduino,0.000,0.000,0.000,,
424.733759,2026-03-16 16:34:56.272,ARDUINO_PSI,Arduino,0.000,0.000,0.000,,
424.833012,2026-03-16 16:34:56.371,ARDUINO_PSI,Arduino,0.000,0.000,0.000,,
424.933741,2026-03-16 16:34:56.472,ARDUINO_PSI,Arduino,0.000,0.000,0.000,,
425.032895,2026-03-16 16:34:56.571,ARDUINO_PSI,Arduino,0.000,0.000,0.000,,
425.133010,2026-03-16 16:34:56.671,ARDUINO_PSI,Arduino,0.000,0.000,0.000,,
425.232787,2026-03-16 16:34:56.771,ARDUINO_PSI,Arduino,0.000,0.000,0.000,,
425.332897,2026-03-16 16:34:56.871,ARDUINO_PSI,Arduino,0.000,0.000,0.000,,
425.432997,2026-03-16 16:34:56.971,ARDUINO_PSI,Arduino,0.000,0.000,0.000,,
425.533898,2026-03-16 16:34:57.072,ARDUINO_PSI,Arduino,0.000,0.000,0.000,,
425.633714,2026-03-16 16:34:57.172,ARDUINO_PSI,Arduino,0.000,0.000,0.000,,
425.732896,2026-03-16 16:34:57.271,ARDUINO_PSI,Arduino,0.000,0.000,0.000,,
425.833048,2026-03-16 16:34:57.371,ARDUINO_PSI,Arduino,0.000,0.000,0.000,,
425.933143,2026-03-16 16:34:57.471,ARDUINO_PSI,Arduino,0.000,0.000,0.000,,
426.033676,2026-03-16 16:34:57.572,ARDUINO_PSI,Arduino,0.000,0.000,0.000,,
426.132913,2026-03-16 16:34:57.671,ARDUINO_PSI,Arduino,0.000,0.000,0.000,,
426.232788,2026-03-16 16:34:57.771,ARDUINO_PSI,Arduino,0.000,0.000,0.000,,
426.333722,2026-03-16 16:34:57.872,ARDUINO_PSI,Arduino,0.000,0.000,0.000,,
426.432972,2026-03-16 16:34:57.971,ARDUINO_PSI,Arduino,0.000,0.000,0.000,,
426.532908,2026-03-16 16:34:58.071,ARDUINO_PSI,Arduino,0.000,0.000,0.000,,
426.632920,2026-03-16 16:34:58.171,ARDUINO_PSI,Arduino,0.000,0.000,0.000,,
426.732864,2026-03-16 16:34:58.271,ARDUINO_PSI,Arduino,0.000,0.000,0.000,,
426.833827,2026-03-16 16:34:58.372,ARDUINO_PSI,Arduino,0.000,0.000,0.000,,
426.933133,2026-03-16 16:34:58.471,ARDUINO_PSI,Arduino,0.000,0.000,0.000,,
427.032631,2026-03-16 16:34:58.571,ARDUINO_PSI,Arduino,0.000,0.000,0.000,,
427.132637,2026-03-16 16:34:58.671,ARDUINO_PSI,Arduino,0.000,0.000,0.000,,
427.232595,2026-03-16 16:34:58.770,ARDUINO_PSI,Arduino,0.000,0.000,0.000,,
427.332997,2026-03-16 16:34:58.871,ARDUINO_PSI,Arduino,0.000,0.000,0.000,,
427.432945,2026-03-16 16:34:58.971,ARDUINO_PSI,Arduino,0.000,0.000,0.000,,
427.532725,2026-03-16 16:34:59.071,ARDUINO_PSI,Arduino,0.000,0.000,0.000,,
427.632750,2026-03-16 16:34:59.171,ARDUINO_PSI,Arduino,0.000,0.000,0.000,,
427.732867,2026-03-16 16:34:59.271,ARDUINO_PSI,Arduino,0.000,0.000,0.000,,
427.832864,2026-03-16 16:34:59.371,ARDUINO_PSI,Arduino,0.000,0.000,0.000,,
427.932717,2026-03-16 16:34:59.471,ARDUINO_PSI,Arduino,0.000,0.000,0.000,,
428.033021,2026-03-16 16:34:59.571,ARDUINO_PSI,Arduino,0.000,0.000,0.000,,
428.132964,2026-03-16 16:34:59.671,ARDUINO_PSI,Arduino,0.000,0.000,0.000,,
428.232923,2026-03-16 16:34:59.771,ARDUINO_PSI,Arduino,0.000,0.000,0.000,,
428.332968,2026-03-16 16:34:59.871,ARDUINO_PSI,Arduino,0.000,0.000,0.000,,
428.432817,2026-03-16 16:34:59.971,ARDUINO_PSI,Arduino,0.000,0.000,0.000,,
428.532533,2026-03-16 16:35:00.070,ARDUINO_PSI,Arduino,0.000,0.000,0.000,,
428.632805,2026-03-16 16:35:00.171,ARDUINO_PSI,Arduino,0.000,0.000,0.000,,
428.732334,2026-03-16 16:35:00.270,ARDUINO_PSI,Arduino,0.000,0.000,0.000,,
428.832740,2026-03-16 16:35:00.371,ARDUINO_PSI,Arduino,0.000,0.000,0.000,,
428.932813,2026-03-16 16:35:00.471,ARDUINO_PSI,Arduino,0.000,0.000,0.000,,
429.032757,2026-03-16 16:35:00.571,ARDUINO_PSI,Arduino,0.000,0.000,0.000,,
429.132630,2026-03-16 16:35:00.670,ARDUINO_PSI,Arduino,0.000,0.000,0.000,,
429.232183,2026-03-16 16:35:00.770,ARDUINO_PSI,Arduino,0.000,0.000,0.000,,
429.332894,2026-03-16 16:35:00.871,ARDUINO_PSI,Arduino,0.000,0.000,0.000,,
429.433345,2026-03-16 16:35:00.971,ARDUINO_PSI,Arduino,0.000,0.000,0.000,,
429.532856,2026-03-16 16:35:01.071,ARDUINO_PSI,Arduino,0.000,0.000,0.000,,
429.632811,2026-03-16 16:35:01.171,ARDUINO_PSI,Arduino,0.000,0.000,0.000,,
429.732726,2026-03-16 16:35:01.271,ARDUINO_PSI,Arduino,0.000,0.000,0.000,,
429.832888,2026-03-16 16:35:01.371,ARDUINO_PSI,Arduino,0.000,0.000,0.000,,
429.932628,2026-03-16 16:35:01.470,ARDUINO_PSI,Arduino,0.000,0.000,0.000,,
430.032370,2026-03-16 16:35:01.570,ARDUINO_PSI,Arduino,0.000,0.000,0.000,,
430.132229,2026-03-16 16:35:01.670,ARDUINO_PSI,Arduino,0.000,0.000,0.000,,
430.232904,2026-03-16 16:35:01.771,ARDUINO_PSI,Arduino,0.000,0.000,0.000,,
430.332701,2026-03-16 16:35:01.871,ARDUINO_PSI,Arduino,0.000,0.000,0.000,,
430.432612,2026-03-16 16:35:01.970,ARDUINO_PSI,Arduino,0.000,0.000,0.000,,
430.532653,2026-03-16 16:35:02.071,ARDUINO_PSI,Arduino,0.000,0.000,0.000,,
430.632714,2026-03-16 16:35:02.171,ARDUINO_PSI,Arduino,0.000,0.000,0.000,,
430.732656,2026-03-16 16:35:02.271,ARDUINO_PSI,Arduino,0.000,0.000,0.000,,
430.832617,2026-03-16 16:35:02.370,ARDUINO_PSI,Arduino,0.000,0.000,0.000,,
430.932635,2026-03-16 16:35:02.471,ARDUINO_PSI,Arduino,0.000,0.000,0.000,,
431.032246,2026-03-16 16:35:02.570,ARDUINO_PSI,Arduino,0.000,0.000,0.000,,
431.132758,2026-03-16 16:35:02.671,ARDUINO_PSI,Arduino,0.000,0.000,0.000,,
431.232762,2026-03-16 16:35:02.771,ARDUINO_PSI,Arduino,0.000,0.000,0.000,,
431.332874,2026-03-16 16:35:02.871,ARDUINO_PSI,Arduino,0.000,0.000,0.000,,
431.433042,2026-03-16 16:35:02.971,ARDUINO_PSI,Arduino,0.000,0.000,0.000,,
431.532769,2026-03-16 16:35:03.071,ARDUINO_PSI,Arduino,0.000,0.000,0.000,,
431.632927,2026-03-16 16:35:03.171,ARDUINO_PSI,Arduino,0.000,0.000,0.000,,
431.733041,2026-03-16 16:35:03.271,ARDUINO_PSI,Arduino,0.000,0.000,0.000,,
431.832981,2026-03-16 16:35:03.371,ARDUINO_PSI,Arduino,0.000,0.000,0.000,,
431.932756,2026-03-16 16:35:03.471,ARDUINO_PSI,Arduino,0.000,0.000,0.000,,
432.033017,2026-03-16 16:35:03.571,ARDUINO_PSI,Arduino,0.000,0.000,0.000,,
432.132750,2026-03-16 16:35:03.671,ARDUINO_PSI,Arduino,0.000,0.000,0.000,,
432.232796,2026-03-16 16:35:03.771,ARDUINO_PSI,Arduino,0.000,0.000,0.000,,
432.332734,2026-03-16 16:35:03.871,ARDUINO_PSI,Arduino,0.000,0.000,0.000,,
432.432686,2026-03-16 16:35:03.971,ARDUINO_PSI,Arduino,0.000,0.000,0.000,,
432.532839,2026-03-16 16:35:04.071,ARDUINO_PSI,Arduino,0.000,0.000,0.000,,
432.632707,2026-03-16 16:35:04.171,ARDUINO_PSI,Arduino,0.000,0.000,0.000,,
432.732818,2026-03-16 16:35:04.271,ARDUINO_PSI,Arduino,0.000,0.000,0.000,,
432.832795,2026-03-16 16:35:04.371,ARDUINO_PSI,Arduino,0.000,0.000,0.000,,
432.932803,2026-03-16 16:35:04.471,ARDUINO_PSI,Arduino,0.000,0.000,0.000,,
433.032954,2026-03-16 16:35:04.571,ARDUINO_PSI,Arduino,0.000,0.000,0.000,,
433.133028,2026-03-16 16:35:04.671,ARDUINO_PSI,Arduino,0.000,0.000,0.000,,
433.232863,2026-03-16 16:35:04.771,ARDUINO_PSI,Arduino,0.000,0.000,0.000,,
433.332753,2026-03-16 16:35:04.871,ARDUINO_PSI,Arduino,0.000,0.000,0.000,,
433.432823,2026-03-16 16:35:04.971,ARDUINO_PSI,Arduino,0.000,0.000,0.000,,
433.533882,2026-03-16 16:35:05.072,ARDUINO_PSI,Arduino,0.000,0.000,0.000,,
433.632962,2026-03-16 16:35:05.171,ARDUINO_PSI,Arduino,0.000,0.000,0.000,,
433.732995,2026-03-16 16:35:05.271,ARDUINO_PSI,Arduino,0.000,0.000,0.000,,
433.832709,2026-03-16 16:35:05.371,ARDUINO_PSI,Arduino,0.000,0.000,0.000,,
433.932716,2026-03-16 16:35:05.471,ARDUINO_PSI,Arduino,0.000,0.000,0.000,,
434.032992,2026-03-16 16:35:05.571,ARDUINO_PSI,Arduino,0.000,0.000,0.000,,
434.132848,2026-03-16 16:35:05.671,ARDUINO_PSI,Arduino,0.000,0.000,0.000,,
434.232751,2026-03-16 16:35:05.771,ARDUINO_PSI,Arduino,0.000,0.000,0.000,,
434.332952,2026-03-16 16:35:05.871,ARDUINO_PSI,Arduino,0.000,0.000,0.000,,
434.432896,2026-03-16 16:35:05.971,ARDUINO_PSI,Arduino,0.000,0.000,0.000,,
434.532748,2026-03-16 16:35:06.071,ARDUINO_PSI,Arduino,0.000,0.000,0.000,,
434.632853,2026-03-16 16:35:06.171,ARDUINO_PSI,Arduino,0.000,0.000,0.000,,
434.732858,2026-03-16 16:35:06.271,ARDUINO_PSI,Arduino,0.000,0.000,0.000,,
434.832721,2026-03-16 16:35:06.371,ARDUINO_PSI,Arduino,0.000,0.000,0.000,,
434.932736,2026-03-16 16:35:06.471,ARDUINO_PSI,Arduino,0.000,0.000,0.000,,
435.032895,2026-03-16 16:35:06.571,ARDUINO_PSI,Arduino,0.000,0.000,0.000,,
435.133034,2026-03-16 16:35:06.671,ARDUINO_PSI,Arduino,0.000,0.000,0.000,,
435.233369,2026-03-16 16:35:06.771,ARDUINO_PSI,Arduino,0.000,0.000,0.000,,
435.332971,2026-03-16 16:35:06.871,ARDUINO_PSI,Arduino,0.000,0.000,0.000,,
435.432988,2026-03-16 16:35:06.971,ARDUINO_PSI,Arduino,0.000,0.000,0.000,,
435.532834,2026-03-16 16:35:07.071,ARDUINO_PSI,Arduino,0.000,0.000,0.000,,
435.632686,2026-03-16 16:35:07.171,ARDUINO_PSI,Arduino,0.000,0.000,0.000,,
435.732739,2026-03-16 16:35:07.271,ARDUINO_PSI,Arduino,0.000,0.000,0.000,,
435.834155,2026-03-16 16:35:07.372,ARDUINO_PSI,Arduino,0.000,0.000,0.000,,
435.932470,2026-03-16 16:35:07.470,ARDUINO_PSI,Arduino,0.000,0.000,0.000,,
436.033119,2026-03-16 16:35:07.571,ARDUINO_PSI,Arduino,0.000,0.000,0.000,,
436.132716,2026-03-16 16:35:07.671,ARDUINO_PSI,Arduino,0.000,0.000,0.000,,
436.232691,2026-03-16 16:35:07.771,ARDUINO_PSI,Arduino,0.000,0.000,0.000,,
436.332812,2026-03-16 16:35:07.871,ARDUINO_PSI,Arduino,0.000,0.000,0.000,,
436.432712,2026-03-16 16:35:07.971,ARDUINO_PSI,Arduino,0.000,0.000,0.000,,
436.532839,2026-03-16 16:35:08.071,ARDUINO_PSI,Arduino,0.000,0.000,0.000,,
436.632645,2026-03-16 16:35:08.171,ARDUINO_PSI,Arduino,0.000,0.000,0.000,,
436.732786,2026-03-16 16:35:08.271,ARDUINO_PSI,Arduino,0.000,0.000,0.000,,
436.832739,2026-03-16 16:35:08.371,ARDUINO_PSI,Arduino,0.000,0.000,0.000,,
436.932887,2026-03-16 16:35:08.471,ARDUINO_PSI,Arduino,0.000,0.000,0.000,,
437.032792,2026-03-16 16:35:08.571,ARDUINO_PSI,Arduino,0.000,0.000,0.000,,
437.132772,2026-03-16 16:35:08.671,ARDUINO_PSI,Arduino,0.000,0.000,0.000,,
437.232905,2026-03-16 16:35:08.771,ARDUINO_PSI,Arduino,0.000,0.000,0.000,,
437.332751,2026-03-16 16:35:08.871,ARDUINO_PSI,Arduino,0.000,0.000,0.000,,
437.432796,2026-03-16 16:35:08.971,ARDUINO_PSI,Arduino,0.000,0.000,0.000,,
437.532648,2026-03-16 16:35:09.071,ARDUINO_PSI,Arduino,0.000,0.000,0.000,,
437.632952,2026-03-16 16:35:09.171,ARDUINO_PSI,Arduino,0.000,0.000,0.000,,
437.732231,2026-03-16 16:35:09.270,ARDUINO_PSI,Arduino,0.000,0.000,0.000,,
437.832530,2026-03-16 16:35:09.370,ARDUINO_PSI,Arduino,0.000,0.000,0.000,,
437.932911,2026-03-16 16:35:09.471,ARDUINO_PSI,Arduino,0.000,0.000,0.000,,
438.032717,2026-03-16 16:35:09.571,ARDUINO_PSI,Arduino,0.000,0.000,0.000,,
438.132844,2026-03-16 16:35:09.671,ARDUINO_PSI,Arduino,0.000,0.000,0.000,,
438.233153,2026-03-16 16:35:09.771,ARDUINO_PSI,Arduino,0.000,0.000,0.000,,
438.332694,2026-03-16 16:35:09.871,ARDUINO_PSI,Arduino,0.000,0.000,0.000,,
438.432883,2026-03-16 16:35:09.971,ARDUINO_PSI,Arduino,0.000,0.000,0.000,,
438.532650,2026-03-16 16:35:10.071,ARDUINO_PSI,Arduino,0.000,0.000,0.000,,
438.632807,2026-03-16 16:35:10.171,ARDUINO_PSI,Arduino,0.000,0.000,0.000,,
438.732647,2026-03-16 16:35:10.271,ARDUINO_PSI,Arduino,0.000,0.000,0.000,,
438.832932,2026-03-16 16:35:10.371,ARDUINO_PSI,Arduino,0.000,0.000,0.000,,
438.933039,2026-03-16 16:35:10.471,ARDUINO_PSI,Arduino,0.000,0.000,0.000,,
439.032232,2026-03-16 16:35:10.570,ARDUINO_PSI,Arduino,0.000,0.000,0.000,,
439.132900,2026-03-16 16:35:10.671,ARDUINO_PSI,Arduino,0.000,0.000,0.000,,
439.232727,2026-03-16 16:35:10.771,ARDUINO_PSI,Arduino,0.000,0.000,0.000,,
439.333007,2026-03-16 16:35:10.871,ARDUINO_PSI,Arduino,0.000,0.000,0.000,,
439.432856,2026-03-16 16:35:10.971,ARDUINO_PSI,Arduino,0.000,0.000,0.000,,
439.532233,2026-03-16 16:35:11.070,ARDUINO_PSI,Arduino,0.000,0.000,0.000,,
439.632839,2026-03-16 16:35:11.171,ARDUINO_PSI,Arduino,0.000,0.000,0.000,,
439.732843,2026-03-16 16:35:11.271,ARDUINO_PSI,Arduino,0.000,0.000,0.000,,
439.833050,2026-03-16 16:35:11.371,ARDUINO_PSI,Arduino,0.000,0.000,0.000,,
439.932754,2026-03-16 16:35:11.471,ARDUINO_PSI,Arduino,0.000,0.000,0.000,,
440.033045,2026-03-16 16:35:11.571,ARDUINO_PSI,Arduino,0.000,0.000,0.000,,
440.132383,2026-03-16 16:35:11.670,ARDUINO_PSI,Arduino,0.000,0.000,0.000,,
440.232714,2026-03-16 16:35:11.771,ARDUINO_PSI,Arduino,0.000,0.000,0.000,,
440.332738,2026-03-16 16:35:11.871,ARDUINO_PSI,Arduino,0.000,0.000,0.000,,
440.432663,2026-03-16 16:35:11.971,ARDUINO_PSI,Arduino,0.000,0.000,0.000,,
440.532787,2026-03-16 16:35:12.071,ARDUINO_PSI,Arduino,0.000,0.000,0.000,,
440.632732,2026-03-16 16:35:12.171,ARDUINO_PSI,Arduino,0.000,0.000,0.000,,
440.732893,2026-03-16 16:35:12.271,ARDUINO_PSI,Arduino,0.000,0.000,0.000,,
440.832695,2026-03-16 16:35:12.371,ARDUINO_PSI,Arduino,0.000,0.000,0.000,,
440.932667,2026-03-16 16:35:12.471,ARDUINO_PSI,Arduino,0.000,0.000,0.000,,
441.032829,2026-03-16 16:35:12.571,ARDUINO_PSI,Arduino,0.000,0.000,0.000,,
441.132922,2026-03-16 16:35:12.671,ARDUINO_PSI,Arduino,0.000,0.000,0.000,,
441.233016,2026-03-16 16:35:12.771,ARDUINO_PSI,Arduino,0.000,0.000,0.000,,
441.332905,2026-03-16 16:35:12.871,ARDUINO_PSI,Arduino,0.000,0.000,0.000,,
441.432880,2026-03-16 16:35:12.971,ARDUINO_PSI,Arduino,0.000,0.000,0.000,,
441.532647,2026-03-16 16:35:13.071,ARDUINO_PSI,Arduino,0.000,0.000,0.000,,
441.632845,2026-03-16 16:35:13.171,ARDUINO_PSI,Arduino,0.000,0.000,0.000,,
441.732931,2026-03-16 16:35:13.271,ARDUINO_PSI,Arduino,0.000,0.000,0.000,,
441.832735,2026-03-16 16:35:13.371,ARDUINO_PSI,Arduino,0.000,0.000,0.000,,
441.932812,2026-03-16 16:35:13.471,ARDUINO_PSI,Arduino,0.000,0.000,0.000,,
442.032724,2026-03-16 16:35:13.571,ARDUINO_PSI,Arduino,0.000,0.000,0.000,,
442.132840,2026-03-16 16:35:13.671,ARDUINO_PSI,Arduino,0.000,0.000,0.000,,
442.232875,2026-03-16 16:35:13.771,ARDUINO_PSI,Arduino,0.000,0.000,0.000,,
442.333207,2026-03-16 16:35:13.871,ARDUINO_PSI,Arduino,0.000,0.000,0.000,,
442.432645,2026-03-16 16:35:13.971,ARDUINO_PSI,Arduino,0.000,0.000,0.000,,
442.532832,2026-03-16 16:35:14.071,ARDUINO_PSI,Arduino,0.000,0.000,0.000,,
442.632774,2026-03-16 16:35:14.171,ARDUINO_PSI,Arduino,0.000,0.000,0.000,,
442.732917,2026-03-16 16:35:14.271,ARDUINO_PSI,Arduino,0.000,0.000,0.000,,
442.832785,2026-03-16 16:35:14.371,ARDUINO_PSI,Arduino,0.000,0.000,0.000,,
442.932695,2026-03-16 16:35:14.471,ARDUINO_PSI,Arduino,0.000,0.000,0.000,,
443.032894,2026-03-16 16:35:14.571,ARDUINO_PSI,Arduino,0.000,0.000,0.000,,
443.132343,2026-03-16 16:35:14.670,ARDUINO_PSI,Arduino,0.000,0.000,0.000,,
443.232761,2026-03-16 16:35:14.771,ARDUINO_PSI,Arduino,0.000,0.000,0.000,,
443.333296,2026-03-16 16:35:14.871,ARDUINO_PSI,Arduino,0.000,0.000,0.000,,
443.432985,2026-03-16 16:35:14.971,ARDUINO_PSI,Arduino,0.000,0.000,0.000,,
443.532866,2026-03-16 16:35:15.071,ARDUINO_PSI,Arduino,0.000,0.000,0.000,,
443.632964,2026-03-16 16:35:15.171,ARDUINO_PSI,Arduino,0.000,0.000,0.000,,
443.732967,2026-03-16 16:35:15.271,ARDUINO_PSI,Arduino,0.000,0.000,0.000,,
443.832904,2026-03-16 16:35:15.371,ARDUINO_PSI,Arduino,0.000,0.000,0.000,,
443.932737,2026-03-16 16:35:15.471,ARDUINO_PSI,Arduino,0.000,0.000,0.000,,
444.032818,2026-03-16 16:35:15.571,ARDUINO_PSI,Arduino,0.000,0.000,0.000,,
444.132768,2026-03-16 16:35:15.671,ARDUINO_PSI,Arduino,0.000,0.000,0.000,,
444.232810,2026-03-16 16:35:15.771,ARDUINO_PSI,Arduino,0.000,0.000,0.000,,
444.333441,2026-03-16 16:35:15.871,ARDUINO_PSI,Arduino,0.000,0.000,0.000,,
444.432818,2026-03-16 16:35:15.971,ARDUINO_PSI,Arduino,0.000,0.000,0.000,,
444.532818,2026-03-16 16:35:16.071,ARDUINO_PSI,Arduino,0.000,0.000,0.000,,
444.632881,2026-03-16 16:35:16.171,ARDUINO_PSI,Arduino,0.000,0.000,0.000,,
444.732943,2026-03-16 16:35:16.271,ARDUINO_PSI,Arduino,0.000,0.000,0.000,,
444.832940,2026-03-16 16:35:16.371,ARDUINO_PSI,Arduino,0.000,0.000,0.000,,
444.932891,2026-03-16 16:35:16.471,ARDUINO_PSI,Arduino,0.000,0.000,0.000,,
445.032924,2026-03-16 16:35:16.571,ARDUINO_PSI,Arduino,0.000,0.000,0.000,,
445.132874,2026-03-16 16:35:16.671,ARDUINO_PSI,Arduino,0.000,0.000,0.000,,
445.232937,2026-03-16 16:35:16.771,ARDUINO_PSI,Arduino,0.000,0.000,0.000,,
445.333027,2026-03-16 16:35:16.871,ARDUINO_PSI,Arduino,0.000,0.000,0.000,,
445.432951,2026-03-16 16:35:16.971,ARDUINO_PSI,Arduino,0.000,0.000,0.000,,
445.532886,2026-03-16 16:35:17.071,ARDUINO_PSI,Arduino,0.000,0.000,0.000,,
445.632946,2026-03-16 16:35:17.171,ARDUINO_PSI,Arduino,0.000,0.000,0.000,,
445.733155,2026-03-16 16:35:17.271,ARDUINO_PSI,Arduino,0.000,0.000,0.000,,
445.832994,2026-03-16 16:35:17.371,ARDUINO_PSI,Arduino,0.000,0.000,0.000,,
445.932740,2026-03-16 16:35:17.471,ARDUINO_PSI,Arduino,0.000,0.000,0.000,,
446.032901,2026-03-16 16:35:17.571,ARDUINO_PSI,Arduino,0.000,0.000,0.000,,
446.132913,2026-03-16 16:35:17.671,ARDUINO_PSI,Arduino,0.000,0.000,0.000,,
446.232994,2026-03-16 16:35:17.771,ARDUINO_PSI,Arduino,0.000,0.000,0.000,,
446.333168,2026-03-16 16:35:17.871,ARDUINO_PSI,Arduino,0.000,0.000,0.000,,
446.433009,2026-03-16 16:35:17.971,ARDUINO_PSI,Arduino,0.000,0.000,0.000,,
446.532822,2026-03-16 16:35:18.071,ARDUINO_PSI,Arduino,0.000,0.000,0.000,,
446.632883,2026-03-16 16:35:18.171,ARDUINO_PSI,Arduino,0.000,0.000,0.000,,
446.732888,2026-03-16 16:35:18.271,ARDUINO_PSI,Arduino,0.000,0.000,0.000,,
446.832896,2026-03-16 16:35:18.371,ARDUINO_PSI,Arduino,0.000,0.000,0.000,,
446.932844,2026-03-16 16:35:18.471,ARDUINO_PSI,Arduino,0.000,0.000,0.000,,
447.032678,2026-03-16 16:35:18.571,ARDUINO_PSI,Arduino,0.000,0.000,0.000,,
447.132703,2026-03-16 16:35:18.671,ARDUINO_PSI,Arduino,0.000,0.000,0.000,,
447.232216,2026-03-16 16:35:18.770,ARDUINO_PSI,Arduino,0.000,0.000,0.000,,
447.332891,2026-03-16 16:35:18.871,ARDUINO_PSI,Arduino,0.000,0.000,0.000,,
447.432689,2026-03-16 16:35:18.971,ARDUINO_PSI,Arduino,0.000,0.000,0.000,,
447.532730,2026-03-16 16:35:19.071,ARDUINO_PSI,Arduino,0.000,0.000,0.000,,
447.632833,2026-03-16 16:35:19.171,ARDUINO_PSI,Arduino,0.000,0.000,0.000,,
447.732762,2026-03-16 16:35:19.271,ARDUINO_PSI,Arduino,0.000,0.000,0.000,,
447.832877,2026-03-16 16:35:19.371,ARDUINO_PSI,Arduino,0.000,0.000,0.000,,
447.932698,2026-03-16 16:35:19.471,ARDUINO_PSI,Arduino,0.000,0.000,0.000,,
448.032909,2026-03-16 16:35:19.571,ARDUINO_PSI,Arduino,0.000,0.000,0.000,,
448.132992,2026-03-16 16:35:19.671,ARDUINO_PSI,Arduino,0.000,0.000,0.000,,
448.232928,2026-03-16 16:35:19.771,ARDUINO_PSI,Arduino,0.000,0.000,0.000,,
448.332933,2026-03-16 16:35:19.871,ARDUINO_PSI,Arduino,0.000,0.000,0.000,,
448.432823,2026-03-16 16:35:19.971,ARDUINO_PSI,Arduino,0.000,0.000,0.000,,
448.532860,2026-03-16 16:35:20.071,ARDUINO_PSI,Arduino,0.000,0.000,0.000,,
448.632789,2026-03-16 16:35:20.171,ARDUINO_PSI,Arduino,0.000,0.000,0.000,,
448.732955,2026-03-16 16:35:20.271,ARDUINO_PSI,Arduino,0.000,0.000,0.000,,
448.832787,2026-03-16 16:35:20.371,ARDUINO_PSI,Arduino,0.000,0.000,0.000,,
448.932575,2026-03-16 16:35:20.470,ARDUINO_PSI,Arduino,0.000,0.000,0.000,,
449.032871,2026-03-16 16:35:20.571,ARDUINO_PSI,Arduino,0.000,0.000,0.000,,
449.132608,2026-03-16 16:35:20.670,ARDUINO_PSI,Arduino,0.000,0.000,0.000,,
449.232838,2026-03-16 16:35:20.771,ARDUINO_PSI,Arduino,0.000,0.000,0.000,,
449.333009,2026-03-16 16:35:20.871,ARDUINO_PSI,Arduino,0.000,0.000,0.000,,
449.433259,2026-03-16 16:35:20.971,ARDUINO_PSI,Arduino,0.000,0.000,0.000,,
449.532908,2026-03-16 16:35:21.071,ARDUINO_PSI,Arduino,0.000,0.000,0.000,,
449.633012,2026-03-16 16:35:21.171,ARDUINO_PSI,Arduino,0.000,0.000,0.000,,
449.732962,2026-03-16 16:35:21.271,ARDUINO_PSI,Arduino,0.000,0.000,0.000,,
449.832926,2026-03-16 16:35:21.371,ARDUINO_PSI,Arduino,0.000,0.000,0.000,,
449.932969,2026-03-16 16:35:21.471,ARDUINO_PSI,Arduino,0.000,0.000,0.000,,
450.033027,2026-03-16 16:35:21.571,ARDUINO_PSI,Arduino,0.000,0.000,0.000,,
450.132970,2026-03-16 16:35:21.671,ARDUINO_PSI,Arduino,0.000,0.000,0.000,,
450.232997,2026-03-16 16:35:21.771,ARDUINO_PSI,Arduino,0.000,0.000,0.000,,
450.333213,2026-03-16 16:35:21.871,ARDUINO_PSI,Arduino,0.000,0.000,0.000,,
450.432762,2026-03-16 16:35:21.971,ARDUINO_PSI,Arduino,0.000,0.000,0.000,,
450.532934,2026-03-16 16:35:22.071,ARDUINO_PSI,Arduino,0.000,0.000,0.000,,
450.633111,2026-03-16 16:35:22.171,ARDUINO_PSI,Arduino,0.000,0.000,0.000,,
450.733006,2026-03-16 16:35:22.271,ARDUINO_PSI,Arduino,0.000,0.000,0.000,,
450.832964,2026-03-16 16:35:22.371,ARDUINO_PSI,Arduino,0.000,0.000,0.000,,
450.932759,2026-03-16 16:35:22.471,ARDUINO_PSI,Arduino,0.000,0.000,0.000,,
451.032981,2026-03-16 16:35:22.571,ARDUINO_PSI,Arduino,0.000,0.000,0.000,,
451.132938,2026-03-16 16:35:22.671,ARDUINO_PSI,Arduino,0.000,0.000,0.000,,
451.233011,2026-03-16 16:35:22.771,ARDUINO_PSI,Arduino,0.000,0.000,0.000,,
451.332369,2026-03-16 16:35:22.870,ARDUINO_PSI,Arduino,0.000,0.000,0.000,,
451.433232,2026-03-16 16:35:22.971,ARDUINO_PSI,Arduino,0.000,0.000,0.000,,
451.532904,2026-03-16 16:35:23.071,ARDUINO_PSI,Arduino,0.000,0.000,0.000,,
451.632973,2026-03-16 16:35:23.171,ARDUINO_PSI,Arduino,0.000,0.000,0.000,,
451.732851,2026-03-16 16:35:23.271,ARDUINO_PSI,Arduino,0.000,0.000,0.000,,
451.833035,2026-03-16 16:35:23.371,ARDUINO_PSI,Arduino,0.000,0.000,0.000,,
451.932845,2026-03-16 16:35:23.471,ARDUINO_PSI,Arduino,0.000,0.000,0.000,,
452.032455,2026-03-16 16:35:23.570,ARDUINO_PSI,Arduino,0.000,0.000,0.000,,
452.133006,2026-03-16 16:35:23.671,ARDUINO_PSI,Arduino,0.000,0.000,0.000,,
452.233006,2026-03-16 16:35:23.771,ARDUINO_PSI,Arduino,0.000,0.000,0.000,,
452.332633,2026-03-16 16:35:23.870,ARDUINO_PSI,Arduino,0.000,0.000,0.000,,
452.432914,2026-03-16 16:35:23.971,ARDUINO_PSI,Arduino,0.000,0.000,0.000,,
452.532274,2026-03-16 16:35:24.070,ARDUINO_PSI,Arduino,0.000,0.000,0.000,,
452.633374,2026-03-16 16:35:24.171,ARDUINO_PSI,Arduino,0.000,0.000,0.000,,
452.732878,2026-03-16 16:35:24.271,ARDUINO_PSI,Arduino,0.000,0.000,0.000,,
452.833073,2026-03-16 16:35:24.371,ARDUINO_PSI,Arduino,0.000,0.000,0.000,,
452.933699,2026-03-16 16:35:24.472,ARDUINO_PSI,Arduino,0.000,0.000,0.000,,
453.032310,2026-03-16 16:35:24.570,ARDUINO_PSI,Arduino,0.000,0.000,0.000,,
453.132734,2026-03-16 16:35:24.671,ARDUINO_PSI,Arduino,0.000,0.000,0.000,,
453.232970,2026-03-16 16:35:24.771,ARDUINO_PSI,Arduino,0.000,0.000,0.000,,
453.333313,2026-03-16 16:35:24.871,ARDUINO_PSI,Arduino,0.000,0.000,0.000,,
453.432893,2026-03-16 16:35:24.971,ARDUINO_PSI,Arduino,0.000,0.000,0.000,,
453.532821,2026-03-16 16:35:25.071,ARDUINO_PSI,Arduino,0.000,0.000,0.000,,
453.633074,2026-03-16 16:35:25.171,ARDUINO_PSI,Arduino,0.000,0.000,0.000,,
453.732631,2026-03-16 16:35:25.271,ARDUINO_PSI,Arduino,0.000,0.000,0.000,,
453.833127,2026-03-16 16:35:25.371,ARDUINO_PSI,Arduino,0.000,0.000,0.000,,
453.932887,2026-03-16 16:35:25.471,ARDUINO_PSI,Arduino,0.000,0.000,0.000,,
454.032646,2026-03-16 16:35:25.571,ARDUINO_PSI,Arduino,0.000,0.000,0.000,,
454.132972,2026-03-16 16:35:25.671,ARDUINO_PSI,Arduino,0.000,0.000,0.000,,
454.233167,2026-03-16 16:35:25.771,ARDUINO_PSI,Arduino,0.000,0.000,0.000,,
454.332700,2026-03-16 16:35:25.871,ARDUINO_PSI,Arduino,0.000,0.000,0.000,,
454.432689,2026-03-16 16:35:25.971,ARDUINO_PSI,Arduino,0.000,0.000,0.000,,
454.532944,2026-03-16 16:35:26.071,ARDUINO_PSI,Arduino,0.000,0.000,0.000,,
454.632934,2026-03-16 16:35:26.171,ARDUINO_PSI,Arduino,0.000,0.000,0.000,,
454.732815,2026-03-16 16:35:26.271,ARDUINO_PSI,Arduino,0.000,0.000,0.000,,
454.832848,2026-03-16 16:35:26.371,ARDUINO_PSI,Arduino,0.000,0.000,0.000,,
454.933600,2026-03-16 16:35:26.471,ARDUINO_PSI,Arduino,0.000,0.000,0.000,,
455.032619,2026-03-16 16:35:26.570,ARDUINO_PSI,Arduino,0.000,0.000,0.000,,
455.132999,2026-03-16 16:35:26.671,ARDUINO_PSI,Arduino,0.000,0.000,0.000,,
455.232960,2026-03-16 16:35:26.771,ARDUINO_PSI,Arduino,0.000,0.000,0.000,,
455.332993,2026-03-16 16:35:26.871,ARDUINO_PSI,Arduino,0.000,0.000,0.000,,
455.432522,2026-03-16 16:35:26.970,ARDUINO_PSI,Arduino,0.000,0.000,0.000,,
455.532912,2026-03-16 16:35:27.071,ARDUINO_PSI,Arduino,0.000,0.000,0.000,,
455.632982,2026-03-16 16:35:27.171,ARDUINO_PSI,Arduino,0.000,0.000,0.000,,
455.732713,2026-03-16 16:35:27.271,ARDUINO_PSI,Arduino,0.000,0.000,0.000,,
455.832981,2026-03-16 16:35:27.371,ARDUINO_PSI,Arduino,0.000,0.000,0.000,,
455.932807,2026-03-16 16:35:27.471,ARDUINO_PSI,Arduino,0.000,0.000,0.000,,
456.032228,2026-03-16 16:35:27.570,ARDUINO_PSI,Arduino,0.000,0.000,0.000,,
456.133102,2026-03-16 16:35:27.671,ARDUINO_PSI,Arduino,0.000,0.000,0.000,,
456.233031,2026-03-16 16:35:27.771,ARDUINO_PSI,Arduino,0.000,0.000,0.000,,
456.332814,2026-03-16 16:35:27.871,ARDUINO_PSI,Arduino,0.000,0.000,0.000,,
456.432714,2026-03-16 16:35:27.971,ARDUINO_PSI,Arduino,0.000,0.000,0.000,,
456.533016,2026-03-16 16:35:28.071,ARDUINO_PSI,Arduino,0.000,0.000,0.000,,
456.632731,2026-03-16 16:35:28.171,ARDUINO_PSI,Arduino,0.000,0.000,0.000,,
456.732955,2026-03-16 16:35:28.271,ARDUINO_PSI,Arduino,0.000,0.000,0.000,,
456.832309,2026-03-16 16:35:28.370,ARDUINO_PSI,Arduino,0.000,0.000,0.000,,
456.933021,2026-03-16 16:35:28.471,ARDUINO_PSI,Arduino,0.000,0.000,0.000,,
457.032816,2026-03-16 16:35:28.571,ARDUINO_PSI,Arduino,0.000,0.000,0.000,,
457.132987,2026-03-16 16:35:28.671,ARDUINO_PSI,Arduino,0.000,0.000,0.000,,
457.232878,2026-03-16 16:35:28.771,ARDUINO_PSI,Arduino,0.000,0.000,0.000,,
457.332982,2026-03-16 16:35:28.871,ARDUINO_PSI,Arduino,0.000,0.000,0.000,,
457.432989,2026-03-16 16:35:28.971,ARDUINO_PSI,Arduino,0.000,0.000,0.000,,
457.532775,2026-03-16 16:35:29.071,ARDUINO_PSI,Arduino,0.000,0.000,0.000,,
457.633115,2026-03-16 16:35:29.171,ARDUINO_PSI,Arduino,0.000,0.000,0.000,,
457.732946,2026-03-16 16:35:29.271,ARDUINO_PSI,Arduino,0.000,0.000,0.000,,
457.832984,2026-03-16 16:35:29.371,ARDUINO_PSI,Arduino,0.000,0.000,0.000,,
457.933721,2026-03-16 16:35:29.472,ARDUINO_PSI,Arduino,0.000,0.000,0.000,,
458.032911,2026-03-16 16:35:29.571,ARDUINO_PSI,Arduino,0.000,0.000,0.000,,
458.132875,2026-03-16 16:35:29.671,ARDUINO_PSI,Arduino,0.000,0.000,0.000,,
458.232949,2026-03-16 16:35:29.771,ARDUINO_PSI,Arduino,0.000,0.000,0.000,,
458.333023,2026-03-16 16:35:29.871,ARDUINO_PSI,Arduino,0.000,0.000,0.000,,
458.432924,2026-03-16 16:35:29.971,ARDUINO_PSI,Arduino,0.000,0.000,0.000,,
458.532932,2026-03-16 16:35:30.071,ARDUINO_PSI,Arduino,0.000,0.000,0.000,,
458.633002,2026-03-16 16:35:30.171,ARDUINO_PSI,Arduino,0.000,0.000,0.000,,
458.732806,2026-03-16 16:35:30.271,ARDUINO_PSI,Arduino,0.000,0.000,0.000,,
458.832933,2026-03-16 16:35:30.371,ARDUINO_PSI,Arduino,0.000,0.000,0.000,,
458.932742,2026-03-16 16:35:30.471,ARDUINO_PSI,Arduino,0.000,0.000,0.000,,
459.032871,2026-03-16 16:35:30.571,ARDUINO_PSI,Arduino,0.000,0.000,0.000,,
459.133039,2026-03-16 16:35:30.671,ARDUINO_PSI,Arduino,0.000,0.000,0.000,,
459.232921,2026-03-16 16:35:30.771,ARDUINO_PSI,Arduino,0.000,0.000,0.000,,
459.333233,2026-03-16 16:35:30.871,ARDUINO_PSI,Arduino,0.000,0.000,0.000,,
459.433046,2026-03-16 16:35:30.971,ARDUINO_PSI,Arduino,0.000,0.000,0.000,,
459.532428,2026-03-16 16:35:31.070,ARDUINO_PSI,Arduino,0.000,0.000,0.000,,
459.632990,2026-03-16 16:35:31.171,ARDUINO_PSI,Arduino,0.000,0.000,0.000,,
459.732864,2026-03-16 16:35:31.271,ARDUINO_PSI,Arduino,0.000,0.000,0.000,,
459.833282,2026-03-16 16:35:31.371,ARDUINO_PSI,Arduino,0.000,0.000,0.000,,
459.932594,2026-03-16 16:35:31.470,ARDUINO_PSI,Arduino,0.000,0.000,0.000,,
460.032239,2026-03-16 16:35:31.570,ARDUINO_PSI,Arduino,0.000,0.000,0.000,,
460.133089,2026-03-16 16:35:31.671,ARDUINO_PSI,Arduino,0.000,0.000,0.000,,
460.232433,2026-03-16 16:35:31.770,ARDUINO_PSI,Arduino,0.000,0.000,0.000,,
460.332927,2026-03-16 16:35:31.871,ARDUINO_PSI,Arduino,0.000,0.000,0.000,,
460.432221,2026-03-16 16:35:31.970,ARDUINO_PSI,Arduino,0.000,0.000,0.000,,
460.532919,2026-03-16 16:35:32.071,ARDUINO_PSI,Arduino,0.000,0.000,0.000,,
460.632951,2026-03-16 16:35:32.171,ARDUINO_PSI,Arduino,0.000,0.000,0.000,,
460.732927,2026-03-16 16:35:32.271,ARDUINO_PSI,Arduino,0.000,0.000,0.000,,
460.832999,2026-03-16 16:35:32.371,ARDUINO_PSI,Arduino,0.000,0.000,0.000,,
460.932963,2026-03-16 16:35:32.471,ARDUINO_PSI,Arduino,0.000,0.000,0.000,,
461.033029,2026-03-16 16:35:32.571,ARDUINO_PSI,Arduino,0.000,0.000,0.000,,
461.133080,2026-03-16 16:35:32.671,ARDUINO_PSI,Arduino,0.000,0.000,0.000,,
461.233287,2026-03-16 16:35:32.771,ARDUINO_PSI,Arduino,0.000,0.000,0.000,,
461.333029,2026-03-16 16:35:32.871,ARDUINO_PSI,Arduino,0.000,0.000,0.000,,
461.432915,2026-03-16 16:35:32.971,ARDUINO_PSI,Arduino,0.000,0.000,0.000,,
461.532710,2026-03-16 16:35:33.071,ARDUINO_PSI,Arduino,0.000,0.000,0.000,,
461.633106,2026-03-16 16:35:33.171,ARDUINO_PSI,Arduino,0.000,0.000,0.000,,
461.732283,2026-03-16 16:35:33.270,ARDUINO_PSI,Arduino,0.000,0.000,0.000,,
461.833040,2026-03-16 16:35:33.371,ARDUINO_PSI,Arduino,0.000,0.000,0.000,,
461.933014,2026-03-16 16:35:33.471,ARDUINO_PSI,Arduino,0.000,0.000,0.000,,
462.032906,2026-03-16 16:35:33.571,ARDUINO_PSI,Arduino,0.000,0.000,0.000,,
462.133079,2026-03-16 16:35:33.671,ARDUINO_PSI,Arduino,0.000,0.000,0.000,,
462.232867,2026-03-16 16:35:33.771,ARDUINO_PSI,Arduino,0.000,0.000,0.000,,
462.332797,2026-03-16 16:35:33.871,ARDUINO_PSI,Arduino,0.000,0.000,0.000,,
462.432265,2026-03-16 16:35:33.970,ARDUINO_PSI,Arduino,0.000,0.000,0.000,,
462.532695,2026-03-16 16:35:34.071,ARDUINO_PSI,Arduino,0.000,0.000,0.000,,
462.632553,2026-03-16 16:35:34.170,ARDUINO_PSI,Arduino,0.000,0.000,0.000,,
462.732905,2026-03-16 16:35:34.271,ARDUINO_PSI,Arduino,0.000,0.000,0.000,,
462.832755,2026-03-16 16:35:34.371,ARDUINO_PSI,Arduino,0.000,0.000,0.000,,
462.932903,2026-03-16 16:35:34.471,ARDUINO_PSI,Arduino,0.000,0.000,0.000,,
463.032930,2026-03-16 16:35:34.571,ARDUINO_PSI,Arduino,0.000,0.000,0.000,,
463.132817,2026-03-16 16:35:34.671,ARDUINO_PSI,Arduino,0.000,0.000,0.000,,
463.232816,2026-03-16 16:35:34.771,ARDUINO_PSI,Arduino,0.000,0.000,0.000,,
463.333436,2026-03-16 16:35:34.871,ARDUINO_PSI,Arduino,0.000,0.000,0.000,,
463.432740,2026-03-16 16:35:34.971,ARDUINO_PSI,Arduino,0.000,0.000,0.000,,
463.532828,2026-03-16 16:35:35.071,ARDUINO_PSI,Arduino,0.000,0.000,0.000,,
463.632847,2026-03-16 16:35:35.171,ARDUINO_PSI,Arduino,0.000,0.000,0.000,,
463.732953,2026-03-16 16:35:35.271,ARDUINO_PSI,Arduino,0.000,0.000,0.000,,
463.833108,2026-03-16 16:35:35.371,ARDUINO_PSI,Arduino,0.000,0.000,0.000,,
463.932843,2026-03-16 16:35:35.471,ARDUINO_PSI,Arduino,0.000,0.000,0.000,,
464.032685,2026-03-16 16:35:35.571,ARDUINO_PSI,Arduino,0.000,0.000,0.000,,
464.132848,2026-03-16 16:35:35.671,ARDUINO_PSI,Arduino,0.000,0.000,0.000,,
464.232922,2026-03-16 16:35:35.771,ARDUINO_PSI,Arduino,0.000,0.000,0.000,,
464.333007,2026-03-16 16:35:35.871,ARDUINO_PSI,Arduino,0.000,0.000,0.000,,
464.433031,2026-03-16 16:35:35.971,ARDUINO_PSI,Arduino,0.000,0.000,0.000,,
464.532818,2026-03-16 16:35:36.071,ARDUINO_PSI,Arduino,0.000,0.000,0.000,,
464.632990,2026-03-16 16:35:36.171,ARDUINO_PSI,Arduino,0.000,0.000,0.000,,
464.732942,2026-03-16 16:35:36.271,ARDUINO_PSI,Arduino,0.000,0.000,0.000,,
464.833094,2026-03-16 16:35:36.371,ARDUINO_PSI,Arduino,0.000,0.000,0.000,,
464.932871,2026-03-16 16:35:36.471,ARDUINO_PSI,Arduino,0.000,0.000,0.000,,
465.032780,2026-03-16 16:35:36.571,ARDUINO_PSI,Arduino,0.000,0.000,0.000,,
465.132920,2026-03-16 16:35:36.671,ARDUINO_PSI,Arduino,0.000,0.000,0.000,,
465.232868,2026-03-16 16:35:36.771,ARDUINO_PSI,Arduino,0.000,0.000,0.000,,
465.332855,2026-03-16 16:35:36.871,ARDUINO_PSI,Arduino,0.000,0.000,0.000,,
465.433265,2026-03-16 16:35:36.971,ARDUINO_PSI,Arduino,0.000,0.000,0.000,,
465.532943,2026-03-16 16:35:37.071,ARDUINO_PSI,Arduino,0.000,0.000,0.000,,
465.632960,2026-03-16 16:35:37.171,ARDUINO_PSI,Arduino,0.000,0.000,0.000,,
465.732331,2026-03-16 16:35:37.270,ARDUINO_PSI,Arduino,0.000,0.000,0.000,,
465.832829,2026-03-16 16:35:37.371,ARDUINO_PSI,Arduino,0.000,0.000,0.000,,
465.932791,2026-03-16 16:35:37.471,ARDUINO_PSI,Arduino,0.000,0.000,0.000,,
466.033126,2026-03-16 16:35:37.571,ARDUINO_PSI,Arduino,0.000,0.000,0.000,,
466.132994,2026-03-16 16:35:37.671,ARDUINO_PSI,Arduino,0.000,0.000,0.000,,
466.233077,2026-03-16 16:35:37.771,ARDUINO_PSI,Arduino,0.000,0.000,0.000,,
466.333433,2026-03-16 16:35:37.871,ARDUINO_PSI,Arduino,0.000,0.000,0.000,,
466.432896,2026-03-16 16:35:37.971,ARDUINO_PSI,Arduino,0.000,0.000,0.000,,
466.532845,2026-03-16 16:35:38.071,ARDUINO_PSI,Arduino,0.000,0.000,0.000,,
466.633063,2026-03-16 16:35:38.171,ARDUINO_PSI,Arduino,0.000,0.000,0.000,,
466.732980,2026-03-16 16:35:38.271,ARDUINO_PSI,Arduino,0.000,0.000,0.000,,
466.832895,2026-03-16 16:35:38.371,ARDUINO_PSI,Arduino,0.000,0.000,0.000,,
466.933125,2026-03-16 16:35:38.471,ARDUINO_PSI,Arduino,0.000,0.000,0.000,,
467.032836,2026-03-16 16:35:38.571,ARDUINO_PSI,Arduino,0.000,0.000,0.000,,
467.132899,2026-03-16 16:35:38.671,ARDUINO_PSI,Arduino,0.000,0.000,0.000,,
467.232868,2026-03-16 16:35:38.771,ARDUINO_PSI,Arduino,0.000,0.000,0.000,,
467.333703,2026-03-16 16:35:38.872,ARDUINO_PSI,Arduino,0.000,0.000,0.000,,
467.432774,2026-03-16 16:35:38.971,ARDUINO_PSI,Arduino,0.000,0.000,0.000,,
467.532846,2026-03-16 16:35:39.071,ARDUINO_PSI,Arduino,0.000,0.000,0.000,,
467.632673,2026-03-16 16:35:39.171,ARDUINO_PSI,Arduino,0.000,0.000,0.000,,
467.733115,2026-03-16 16:35:39.271,ARDUINO_PSI,Arduino,0.000,0.000,0.000,,
467.833008,2026-03-16 16:35:39.371,ARDUINO_PSI,Arduino,0.000,0.000,0.000,,
467.932796,2026-03-16 16:35:39.471,ARDUINO_PSI,Arduino,0.000,0.000,0.000,,
468.033175,2026-03-16 16:35:39.571,ARDUINO_PSI,Arduino,0.000,0.000,0.000,,
468.133028,2026-03-16 16:35:39.671,ARDUINO_PSI,Arduino,0.000,0.000,0.000,,
468.232969,2026-03-16 16:35:39.771,ARDUINO_PSI,Arduino,0.000,0.000,0.000,,
468.332475,2026-03-16 16:35:39.870,ARDUINO_PSI,Arduino,0.000,0.000,0.000,,
468.432717,2026-03-16 16:35:39.971,ARDUINO_PSI,Arduino,0.000,0.000,0.000,,
468.532911,2026-03-16 16:35:40.071,ARDUINO_PSI,Arduino,0.000,0.000,0.000,,
468.633075,2026-03-16 16:35:40.171,ARDUINO_PSI,Arduino,0.000,0.000,0.000,,
468.732940,2026-03-16 16:35:40.271,ARDUINO_PSI,Arduino,0.000,0.000,0.000,,
468.832521,2026-03-16 16:35:40.370,ARDUINO_PSI,Arduino,0.000,0.000,0.000,,
468.932851,2026-03-16 16:35:40.471,ARDUINO_PSI,Arduino,0.000,0.000,0.000,,
469.032839,2026-03-16 16:35:40.571,ARDUINO_PSI,Arduino,0.000,0.000,0.000,,
469.133085,2026-03-16 16:35:40.671,ARDUINO_PSI,Arduino,0.000,0.000,0.000,,
469.233004,2026-03-16 16:35:40.771,ARDUINO_PSI,Arduino,0.000,0.000,0.000,,
469.333293,2026-03-16 16:35:40.871,ARDUINO_PSI,Arduino,0.000,0.000,0.000,,
469.432500,2026-03-16 16:35:40.970,ARDUINO_PSI,Arduino,0.000,0.000,0.000,,
469.532840,2026-03-16 16:35:41.071,ARDUINO_PSI,Arduino,0.000,0.000,0.000,,
469.633259,2026-03-16 16:35:41.171,ARDUINO_PSI,Arduino,0.000,0.000,0.000,,
469.732759,2026-03-16 16:35:41.271,ARDUINO_PSI,Arduino,0.000,0.000,0.000,,
469.832976,2026-03-16 16:35:41.371,ARDUINO_PSI,Arduino,0.000,0.000,0.000,,
469.932693,2026-03-16 16:35:41.471,ARDUINO_PSI,Arduino,0.000,0.000,0.000,,
470.032659,2026-03-16 16:35:41.571,ARDUINO_PSI,Arduino,0.000,0.000,0.000,,
470.132885,2026-03-16 16:35:41.671,ARDUINO_PSI,Arduino,0.000,0.000,0.000,,
470.232857,2026-03-16 16:35:41.771,ARDUINO_PSI,Arduino,0.000,0.000,0.000,,
470.332794,2026-03-16 16:35:41.871,ARDUINO_PSI,Arduino,0.000,0.000,0.000,,
470.433016,2026-03-16 16:35:41.971,ARDUINO_PSI,Arduino,0.000,0.000,0.000,,
470.533181,2026-03-16 16:35:42.071,ARDUINO_PSI,Arduino,0.000,0.000,0.000,,
470.632924,2026-03-16 16:35:42.171,ARDUINO_PSI,Arduino,0.000,0.000,0.000,,
470.732920,2026-03-16 16:35:42.271,ARDUINO_PSI,Arduino,0.000,0.000,0.000,,
470.833424,2026-03-16 16:35:42.371,ARDUINO_PSI,Arduino,0.000,0.000,0.000,,
470.932970,2026-03-16 16:35:42.471,ARDUINO_PSI,Arduino,0.000,0.000,0.000,,
471.032916,2026-03-16 16:35:42.571,ARDUINO_PSI,Arduino,0.000,0.000,0.000,,
471.133073,2026-03-16 16:35:42.671,ARDUINO_PSI,Arduino,0.000,0.000,0.000,,
471.232972,2026-03-16 16:35:42.771,ARDUINO_PSI,Arduino,0.000,0.000,0.000,,
471.333024,2026-03-16 16:35:42.871,ARDUINO_PSI,Arduino,0.000,0.000,0.000,,
471.432947,2026-03-16 16:35:42.971,ARDUINO_PSI,Arduino,0.000,0.000,0.000,,
471.533206,2026-03-16 16:35:43.071,ARDUINO_PSI,Arduino,0.000,0.000,0.000,,
471.632953,2026-03-16 16:35:43.171,ARDUINO_PSI,Arduino,0.000,0.000,0.000,,
471.732859,2026-03-16 16:35:43.271,ARDUINO_PSI,Arduino,0.000,0.000,0.000,,
471.832904,2026-03-16 16:35:43.371,ARDUINO_PSI,Arduino,0.000,0.000,0.000,,
471.933091,2026-03-16 16:35:43.471,ARDUINO_PSI,Arduino,0.000,0.000,0.000,,
472.033023,2026-03-16 16:35:43.571,ARDUINO_PSI,Arduino,0.000,0.000,0.000,,
472.132990,2026-03-16 16:35:43.671,ARDUINO_PSI,Arduino,0.000,0.000,0.000,,
472.232951,2026-03-16 16:35:43.771,ARDUINO_PSI,Arduino,0.000,0.000,0.000,,
472.332845,2026-03-16 16:35:43.871,ARDUINO_PSI,Arduino,0.000,0.000,0.000,,
472.432288,2026-03-16 16:35:43.970,ARDUINO_PSI,Arduino,0.000,0.000,0.000,,
472.532962,2026-03-16 16:35:44.071,ARDUINO_PSI,Arduino,0.000,0.000,0.000,,
472.633107,2026-03-16 16:35:44.171,ARDUINO_PSI,Arduino,0.000,0.000,0.000,,
472.732885,2026-03-16 16:35:44.271,ARDUINO_PSI,Arduino,0.000,0.000,0.000,,
472.832910,2026-03-16 16:35:44.371,ARDUINO_PSI,Arduino,0.000,0.000,0.000,,
472.932935,2026-03-16 16:35:44.471,ARDUINO_PSI,Arduino,0.000,0.000,0.000,,
473.033167,2026-03-16 16:35:44.571,ARDUINO_PSI,Arduino,0.000,0.000,0.000,,
473.132968,2026-03-16 16:35:44.671,ARDUINO_PSI,Arduino,0.000,0.000,0.000,,
473.232843,2026-03-16 16:35:44.771,ARDUINO_PSI,Arduino,0.000,0.000,0.000,,
473.332708,2026-03-16 16:35:44.871,ARDUINO_PSI,Arduino,0.000,0.000,0.000,,
473.432768,2026-03-16 16:35:44.971,ARDUINO_PSI,Arduino,0.000,0.000,0.000,,
473.532833,2026-03-16 16:35:45.071,ARDUINO_PSI,Arduino,0.000,0.000,0.000,,
473.632441,2026-03-16 16:35:45.170,ARDUINO_PSI,Arduino,0.000,0.000,0.000,,
473.732999,2026-03-16 16:35:45.271,ARDUINO_PSI,Arduino,0.000,0.000,0.000,,
473.833861,2026-03-16 16:35:45.372,ARDUINO_PSI,Arduino,0.000,0.000,0.000,,
473.933138,2026-03-16 16:35:45.471,ARDUINO_PSI,Arduino,0.000,0.000,0.000,,
474.032883,2026-03-16 16:35:45.571,ARDUINO_PSI,Arduino,0.000,0.000,0.000,,
474.132890,2026-03-16 16:35:45.671,ARDUINO_PSI,Arduino,0.000,0.000,0.000,,
474.232848,2026-03-16 16:35:45.771,ARDUINO_PSI,Arduino,0.000,0.000,0.000,,
474.332999,2026-03-16 16:35:45.871,ARDUINO_PSI,Arduino,0.000,0.000,0.000,,
474.432959,2026-03-16 16:35:45.971,ARDUINO_PSI,Arduino,0.000,0.000,0.000,,
474.532832,2026-03-16 16:35:46.071,ARDUINO_PSI,Arduino,0.000,0.000,0.000,,
474.633066,2026-03-16 16:35:46.171,ARDUINO_PSI,Arduino,0.000,0.000,0.000,,
474.732766,2026-03-16 16:35:46.271,ARDUINO_PSI,Arduino,0.000,0.000,0.000,,
474.832962,2026-03-16 16:35:46.371,ARDUINO_PSI,Arduino,0.000,0.000,0.000,,
474.933022,2026-03-16 16:35:46.471,ARDUINO_PSI,Arduino,0.000,0.000,0.000,,
475.032995,2026-03-16 16:35:46.571,ARDUINO_PSI,Arduino,0.000,0.000,0.000,,
475.132910,2026-03-16 16:35:46.671,ARDUINO_PSI,Arduino,0.000,0.000,0.000,,
475.232790,2026-03-16 16:35:46.771,ARDUINO_PSI,Arduino,0.000,0.000,0.000,,
475.332986,2026-03-16 16:35:46.871,ARDUINO_PSI,Arduino,0.000,0.000,0.000,,
475.433296,2026-03-16 16:35:46.971,ARDUINO_PSI,Arduino,0.000,0.000,0.000,,
475.532844,2026-03-16 16:35:47.071,ARDUINO_PSI,Arduino,0.000,0.000,0.000,,
475.632767,2026-03-16 16:35:47.171,ARDUINO_PSI,Arduino,0.000,0.000,0.000,,
475.733013,2026-03-16 16:35:47.271,ARDUINO_PSI,Arduino,0.000,0.000,0.000,,
475.832850,2026-03-16 16:35:47.371,ARDUINO_PSI,Arduino,0.000,0.000,0.000,,
475.932893,2026-03-16 16:35:47.471,ARDUINO_PSI,Arduino,0.000,0.000,0.000,,
476.033015,2026-03-16 16:35:47.571,ARDUINO_PSI,Arduino,0.000,0.000,0.000,,
476.132775,2026-03-16 16:35:47.671,ARDUINO_PSI,Arduino,0.000,0.000,0.000,,
476.233034,2026-03-16 16:35:47.771,ARDUINO_PSI,Arduino,0.000,0.000,0.000,,
476.333021,2026-03-16 16:35:47.871,ARDUINO_PSI,Arduino,0.000,0.000,0.000,,
476.433015,2026-03-16 16:35:47.971,ARDUINO_PSI,Arduino,0.000,0.000,0.000,,
476.532480,2026-03-16 16:35:48.070,ARDUINO_PSI,Arduino,0.000,0.000,0.000,,
476.632909,2026-03-16 16:35:48.171,ARDUINO_PSI,Arduino,0.000,0.000,0.000,,
476.732851,2026-03-16 16:35:48.271,ARDUINO_PSI,Arduino,0.000,0.000,0.000,,
476.833056,2026-03-16 16:35:48.371,ARDUINO_PSI,Arduino,0.000,0.000,0.000,,
476.932854,2026-03-16 16:35:48.471,ARDUINO_PSI,Arduino,0.000,0.000,0.000,,
477.032343,2026-03-16 16:35:48.570,ARDUINO_PSI,Arduino,0.000,0.000,0.000,,
477.132791,2026-03-16 16:35:48.671,ARDUINO_PSI,Arduino,0.000,0.000,0.000,,
477.233189,2026-03-16 16:35:48.771,ARDUINO_PSI,Arduino,0.000,0.000,0.000,,
477.333558,2026-03-16 16:35:48.871,ARDUINO_PSI,Arduino,0.000,0.000,0.000,,
477.433051,2026-03-16 16:35:48.971,ARDUINO_PSI,Arduino,0.000,0.000,0.000,,
477.533233,2026-03-16 16:35:49.071,ARDUINO_PSI,Arduino,0.000,0.000,0.000,,
477.632925,2026-03-16 16:35:49.171,ARDUINO_PSI,Arduino,0.000,0.000,0.000,,
477.733181,2026-03-16 16:35:49.271,ARDUINO_PSI,Arduino,0.000,0.000,0.000,,
477.833188,2026-03-16 16:35:49.371,ARDUINO_PSI,Arduino,0.000,0.000,0.000,,
477.932995,2026-03-16 16:35:49.471,ARDUINO_PSI,Arduino,0.000,0.000,0.000,,
478.033031,2026-03-16 16:35:49.571,ARDUINO_PSI,Arduino,0.000,0.000,0.000,,
478.132973,2026-03-16 16:35:49.671,ARDUINO_PSI,Arduino,0.000,0.000,0.000,,
478.233316,2026-03-16 16:35:49.771,ARDUINO_PSI,Arduino,0.000,0.000,0.000,,
478.333028,2026-03-16 16:35:49.871,ARDUINO_PSI,Arduino,0.000,0.000,0.000,,
478.433142,2026-03-16 16:35:49.971,ARDUINO_PSI,Arduino,0.000,0.000,0.000,,
478.532896,2026-03-16 16:35:50.071,ARDUINO_PSI,Arduino,0.000,0.000,0.000,,
478.632942,2026-03-16 16:35:50.171,ARDUINO_PSI,Arduino,0.000,0.000,0.000,,
478.732839,2026-03-16 16:35:50.271,ARDUINO_PSI,Arduino,0.000,0.000,0.000,,
478.832966,2026-03-16 16:35:50.371,ARDUINO_PSI,Arduino,0.000,0.000,0.000,,
478.932936,2026-03-16 16:35:50.471,ARDUINO_PSI,Arduino,0.000,0.000,0.000,,
479.033095,2026-03-16 16:35:50.571,ARDUINO_PSI,Arduino,0.000,0.000,0.000,,
479.133067,2026-03-16 16:35:50.671,ARDUINO_PSI,Arduino,0.000,0.000,0.000,,
479.232611,2026-03-16 16:35:50.770,ARDUINO_PSI,Arduino,0.000,0.000,0.000,,
479.333042,2026-03-16 16:35:50.871,ARDUINO_PSI,Arduino,0.000,0.000,0.000,,
479.433145,2026-03-16 16:35:50.971,ARDUINO_PSI,Arduino,0.000,0.000,0.000,,
479.532886,2026-03-16 16:35:51.071,ARDUINO_PSI,Arduino,0.000,0.000,0.000,,
479.633104,2026-03-16 16:35:51.171,ARDUINO_PSI,Arduino,0.000,0.000,0.000,,
479.733071,2026-03-16 16:35:51.271,ARDUINO_PSI,Arduino,0.000,0.000,0.000,,
479.832953,2026-03-16 16:35:51.371,ARDUINO_PSI,Arduino,0.000,0.000,0.000,,
479.932823,2026-03-16 16:35:51.471,ARDUINO_PSI,Arduino,0.000,0.000,0.000,,
480.033489,2026-03-16 16:35:51.571,ARDUINO_PSI,Arduino,0.000,0.000,0.000,,
480.132838,2026-03-16 16:35:51.671,ARDUINO_PSI,Arduino,0.000,0.000,0.000,,
480.233202,2026-03-16 16:35:51.771,ARDUINO_PSI,Arduino,0.000,0.000,0.000,,
480.332833,2026-03-16 16:35:51.871,ARDUINO_PSI,Arduino,0.000,0.000,0.000,,
480.432886,2026-03-16 16:35:51.971,ARDUINO_PSI,Arduino,0.000,0.000,0.000,,
480.533068,2026-03-16 16:35:52.071,ARDUINO_PSI,Arduino,0.000,0.000,0.000,,
480.632904,2026-03-16 16:35:52.171,ARDUINO_PSI,Arduino,0.000,0.000,0.000,,
480.732935,2026-03-16 16:35:52.271,ARDUINO_PSI,Arduino,0.000,0.000,0.000,,
480.833214,2026-03-16 16:35:52.371,ARDUINO_PSI,Arduino,0.000,0.000,0.000,,
480.932968,2026-03-16 16:35:52.471,ARDUINO_PSI,Arduino,0.000,0.000,0.000,,
481.032784,2026-03-16 16:35:52.571,ARDUINO_PSI,Arduino,0.000,0.000,0.000,,
481.132919,2026-03-16 16:35:52.671,ARDUINO_PSI,Arduino,0.000,0.000,0.000,,
481.232726,2026-03-16 16:35:52.771,ARDUINO_PSI,Arduino,0.000,0.000,0.000,,
481.333074,2026-03-16 16:35:52.871,ARDUINO_PSI,Arduino,0.000,0.000,0.000,,
481.432901,2026-03-16 16:35:52.971,ARDUINO_PSI,Arduino,0.000,0.000,0.000,,
481.532863,2026-03-16 16:35:53.071,ARDUINO_PSI,Arduino,0.000,0.000,0.000,,
481.632921,2026-03-16 16:35:53.171,ARDUINO_PSI,Arduino,0.000,0.000,0.000,,
481.732890,2026-03-16 16:35:53.271,ARDUINO_PSI,Arduino,0.000,0.000,0.000,,
481.833224,2026-03-16 16:35:53.371,ARDUINO_PSI,Arduino,0.000,0.000,0.000,,
481.932973,2026-03-16 16:35:53.471,ARDUINO_PSI,Arduino,0.000,0.000,0.000,,
482.032797,2026-03-16 16:35:53.571,ARDUINO_PSI,Arduino,0.000,0.000,0.000,,
482.133028,2026-03-16 16:35:53.671,ARDUINO_PSI,Arduino,0.000,0.000,0.000,,
482.233124,2026-03-16 16:35:53.771,ARDUINO_PSI,Arduino,0.000,0.000,0.000,,
482.333044,2026-03-16 16:35:53.871,ARDUINO_PSI,Arduino,0.000,0.000,0.000,,
482.433038,2026-03-16 16:35:53.971,ARDUINO_PSI,Arduino,0.000,0.000,0.000,,
482.532996,2026-03-16 16:35:54.071,ARDUINO_PSI,Arduino,0.000,0.000,0.000,,
482.632988,2026-03-16 16:35:54.171,ARDUINO_PSI,Arduino,0.000,0.000,0.000,,
482.732782,2026-03-16 16:35:54.271,ARDUINO_PSI,Arduino,0.000,0.000,0.000,,
482.833081,2026-03-16 16:35:54.371,ARDUINO_PSI,Arduino,0.000,0.000,0.000,,
482.933894,2026-03-16 16:35:54.472,ARDUINO_PSI,Arduino,0.000,0.000,0.000,,
483.032882,2026-03-16 16:35:54.571,ARDUINO_PSI,Arduino,0.000,0.000,0.000,,
483.132917,2026-03-16 16:35:54.671,ARDUINO_PSI,Arduino,0.000,0.000,0.000,,
483.233021,2026-03-16 16:35:54.771,ARDUINO_PSI,Arduino,0.000,0.000,0.000,,
483.333111,2026-03-16 16:35:54.871,ARDUINO_PSI,Arduino,0.000,0.000,0.000,,
483.432992,2026-03-16 16:35:54.971,ARDUINO_PSI,Arduino,0.000,0.000,0.000,,
483.533059,2026-03-16 16:35:55.071,ARDUINO_PSI,Arduino,0.000,0.000,0.000,,
483.632994,2026-03-16 16:35:55.171,ARDUINO_PSI,Arduino,0.000,0.000,0.000,,
483.733203,2026-03-16 16:35:55.271,ARDUINO_PSI,Arduino,0.000,0.000,0.000,,
483.832930,2026-03-16 16:35:55.371,ARDUINO_PSI,Arduino,0.000,0.000,0.000,,
483.933073,2026-03-16 16:35:55.471,ARDUINO_PSI,Arduino,0.000,0.000,0.000,,
484.032973,2026-03-16 16:35:55.571,ARDUINO_PSI,Arduino,0.000,0.000,0.000,,
484.133034,2026-03-16 16:35:55.671,ARDUINO_PSI,Arduino,0.000,0.000,0.000,,
484.233010,2026-03-16 16:35:55.771,ARDUINO_PSI,Arduino,0.000,0.000,0.000,,
484.332843,2026-03-16 16:35:55.871,ARDUINO_PSI,Arduino,0.000,0.000,0.000,,
484.432725,2026-03-16 16:35:55.971,ARDUINO_PSI,Arduino,0.000,0.000,0.000,,
484.533018,2026-03-16 16:35:56.071,ARDUINO_PSI,Arduino,0.000,0.000,0.000,,
484.633325,2026-03-16 16:35:56.171,ARDUINO_PSI,Arduino,0.000,0.000,0.000,,
484.732858,2026-03-16 16:35:56.271,ARDUINO_PSI,Arduino,0.000,0.000,0.000,,
484.832768,2026-03-16 16:35:56.371,ARDUINO_PSI,Arduino,0.000,0.000,0.000,,
484.932662,2026-03-16 16:35:56.471,ARDUINO_PSI,Arduino,0.000,0.000,0.000,,
485.032988,2026-03-16 16:35:56.571,ARDUINO_PSI,Arduino,0.000,0.000,0.000,,
485.133003,2026-03-16 16:35:56.671,ARDUINO_PSI,Arduino,0.000,0.000,0.000,,
485.232944,2026-03-16 16:35:56.771,ARDUINO_PSI,Arduino,0.000,0.000,0.000,,
485.333073,2026-03-16 16:35:56.871,ARDUINO_PSI,Arduino,0.000,0.000,0.000,,
485.432873,2026-03-16 16:35:56.971,ARDUINO_PSI,Arduino,0.000,0.000,0.000,,
485.532958,2026-03-16 16:35:57.071,ARDUINO_PSI,Arduino,0.000,0.000,0.000,,
485.632905,2026-03-16 16:35:57.171,ARDUINO_PSI,Arduino,0.000,0.000,0.000,,
485.732931,2026-03-16 16:35:57.271,ARDUINO_PSI,Arduino,0.000,0.000,0.000,,
485.833251,2026-03-16 16:35:57.371,ARDUINO_PSI,Arduino,0.000,0.000,0.000,,
485.932825,2026-03-16 16:35:57.471,ARDUINO_PSI,Arduino,0.000,0.000,0.000,,
486.032819,2026-03-16 16:35:57.571,ARDUINO_PSI,Arduino,0.000,0.000,0.000,,
486.132875,2026-03-16 16:35:57.671,ARDUINO_PSI,Arduino,0.000,0.000,0.000,,
486.233097,2026-03-16 16:35:57.771,ARDUINO_PSI,Arduino,0.000,0.000,0.000,,
486.333104,2026-03-16 16:35:57.871,ARDUINO_PSI,Arduino,0.000,0.000,0.000,,
486.433161,2026-03-16 16:35:57.971,ARDUINO_PSI,Arduino,0.000,0.000,0.000,,
486.532603,2026-03-16 16:35:58.070,ARDUINO_PSI,Arduino,0.000,0.000,0.000,,
486.633049,2026-03-16 16:35:58.171,ARDUINO_PSI,Arduino,0.000,0.000,0.000,,
486.733014,2026-03-16 16:35:58.271,ARDUINO_PSI,Arduino,0.000,0.000,0.000,,
486.832879,2026-03-16 16:35:58.371,ARDUINO_PSI,Arduino,0.000,0.000,0.000,,
486.933033,2026-03-16 16:35:58.471,ARDUINO_PSI,Arduino,0.000,0.000,0.000,,
487.032903,2026-03-16 16:35:58.571,ARDUINO_PSI,Arduino,0.000,0.000,0.000,,
487.132949,2026-03-16 16:35:58.671,ARDUINO_PSI,Arduino,0.000,0.000,0.000,,
487.233015,2026-03-16 16:35:58.771,ARDUINO_PSI,Arduino,0.000,0.000,0.000,,
487.332841,2026-03-16 16:35:58.871,ARDUINO_PSI,Arduino,0.000,0.000,0.000,,
487.433004,2026-03-16 16:35:58.971,ARDUINO_PSI,Arduino,0.000,0.000,0.000,,
487.532790,2026-03-16 16:35:59.071,ARDUINO_PSI,Arduino,0.000,0.000,0.000,,
487.633073,2026-03-16 16:35:59.171,ARDUINO_PSI,Arduino,0.000,0.000,0.000,,
487.732824,2026-03-16 16:35:59.271,ARDUINO_PSI,Arduino,0.000,0.000,0.000,,
487.832928,2026-03-16 16:35:59.371,ARDUINO_PSI,Arduino,0.000,0.000,0.000,,
487.933532,2026-03-16 16:35:59.471,ARDUINO_PSI,Arduino,0.000,0.000,0.000,,
488.033021,2026-03-16 16:35:59.571,ARDUINO_PSI,Arduino,0.000,0.000,0.000,,
488.133162,2026-03-16 16:35:59.671,ARDUINO_PSI,Arduino,0.000,0.000,0.000,,
488.232871,2026-03-16 16:35:59.771,ARDUINO_PSI,Arduino,0.000,0.000,0.000,,
488.332952,2026-03-16 16:35:59.871,ARDUINO_PSI,Arduino,0.000,0.000,0.000,,
488.433087,2026-03-16 16:35:59.971,ARDUINO_PSI,Arduino,0.000,0.000,0.000,,
488.533804,2026-03-16 16:36:00.072,ARDUINO_PSI,Arduino,0.000,0.000,0.000,,
488.632952,2026-03-16 16:36:00.171,ARDUINO_PSI,Arduino,0.000,0.000,0.000,,
488.732868,2026-03-16 16:36:00.271,ARDUINO_PSI,Arduino,0.000,0.000,0.000,,
488.832930,2026-03-16 16:36:00.371,ARDUINO_PSI,Arduino,0.000,0.000,0.000,,
488.932813,2026-03-16 16:36:00.471,ARDUINO_PSI,Arduino,0.000,0.000,0.000,,
489.033076,2026-03-16 16:36:00.571,ARDUINO_PSI,Arduino,0.000,0.000,0.000,,
489.132746,2026-03-16 16:36:00.671,ARDUINO_PSI,Arduino,0.000,0.000,0.000,,
489.233051,2026-03-16 16:36:00.771,ARDUINO_PSI,Arduino,0.000,0.000,0.000,,
489.332939,2026-03-16 16:36:00.871,ARDUINO_PSI,Arduino,0.000,0.000,0.000,,
489.432876,2026-03-16 16:36:00.971,ARDUINO_PSI,Arduino,0.000,0.000,0.000,,
489.533129,2026-03-16 16:36:01.071,ARDUINO_PSI,Arduino,0.000,0.000,0.000,,
489.632472,2026-03-16 16:36:01.170,ARDUINO_PSI,Arduino,0.000,0.000,0.000,,
489.732999,2026-03-16 16:36:01.271,ARDUINO_PSI,Arduino,0.000,0.000,0.000,,
489.833574,2026-03-16 16:36:01.371,ARDUINO_PSI,Arduino,0.000,0.000,0.000,,
489.933061,2026-03-16 16:36:01.471,ARDUINO_PSI,Arduino,0.000,0.000,0.000,,
490.032259,2026-03-16 16:36:01.570,ARDUINO_PSI,Arduino,0.000,0.000,0.000,,
490.133233,2026-03-16 16:36:01.671,ARDUINO_PSI,Arduino,0.000,0.000,0.000,,
490.232992,2026-03-16 16:36:01.771,ARDUINO_PSI,Arduino,0.000,0.000,0.000,,
490.333001,2026-03-16 16:36:01.871,ARDUINO_PSI,Arduino,0.000,0.000,0.000,,
490.433168,2026-03-16 16:36:01.971,ARDUINO_PSI,Arduino,0.000,0.000,0.000,,
490.532991,2026-03-16 16:36:02.071,ARDUINO_PSI,Arduino,0.000,0.000,0.000,,
490.633074,2026-03-16 16:36:02.171,ARDUINO_PSI,Arduino,0.000,0.000,0.000,,
490.733083,2026-03-16 16:36:02.271,ARDUINO_PSI,Arduino,0.000,0.000,0.000,,
490.832925,2026-03-16 16:36:02.371,ARDUINO_PSI,Arduino,0.000,0.000,0.000,,
490.933061,2026-03-16 16:36:02.471,ARDUINO_PSI,Arduino,0.000,0.000,0.000,,
491.033430,2026-03-16 16:36:02.571,ARDUINO_PSI,Arduino,0.000,0.000,0.000,,
491.133186,2026-03-16 16:36:02.671,ARDUINO_PSI,Arduino,0.000,0.000,0.000,,
491.232972,2026-03-16 16:36:02.771,ARDUINO_PSI,Arduino,0.000,0.000,0.000,,
491.332947,2026-03-16 16:36:02.871,ARDUINO_PSI,Arduino,0.000,0.000,0.000,,
491.432323,2026-03-16 16:36:02.970,ARDUINO_PSI,Arduino,0.000,0.000,0.000,,
491.532809,2026-03-16 16:36:03.071,ARDUINO_PSI,Arduino,0.000,0.000,0.000,,
491.633221,2026-03-16 16:36:03.171,ARDUINO_PSI,Arduino,0.000,0.000,0.000,,
491.732924,2026-03-16 16:36:03.271,ARDUINO_PSI,Arduino,0.000,0.000,0.000,,
491.832999,2026-03-16 16:36:03.371,ARDUINO_PSI,Arduino,0.000,0.000,0.000,,
491.932712,2026-03-16 16:36:03.471,ARDUINO_PSI,Arduino,0.000,0.000,0.000,,
492.032880,2026-03-16 16:36:03.571,ARDUINO_PSI,Arduino,0.000,0.000,0.000,,
492.133075,2026-03-16 16:36:03.671,ARDUINO_PSI,Arduino,0.000,0.000,0.000,,
492.232887,2026-03-16 16:36:03.771,ARDUINO_PSI,Arduino,0.000,0.000,0.000,,
492.332994,2026-03-16 16:36:03.871,ARDUINO_PSI,Arduino,0.000,0.000,0.000,,
492.432967,2026-03-16 16:36:03.971,ARDUINO_PSI,Arduino,0.000,0.000,0.000,,
492.532976,2026-03-16 16:36:04.071,ARDUINO_PSI,Arduino,0.000,0.000,0.000,,
492.633057,2026-03-16 16:36:04.171,ARDUINO_PSI,Arduino,0.000,0.000,0.000,,
492.732845,2026-03-16 16:36:04.271,ARDUINO_PSI,Arduino,0.000,0.000,0.000,,
492.833158,2026-03-16 16:36:04.371,ARDUINO_PSI,Arduino,0.000,0.000,0.000,,
492.932881,2026-03-16 16:36:04.471,ARDUINO_PSI,Arduino,0.000,0.000,0.000,,
493.032399,2026-03-16 16:36:04.570,ARDUINO_PSI,Arduino,0.000,0.000,0.000,,
493.133032,2026-03-16 16:36:04.671,ARDUINO_PSI,Arduino,0.000,0.000,0.000,,
493.232896,2026-03-16 16:36:04.771,ARDUINO_PSI,Arduino,0.000,0.000,0.000,,
493.333083,2026-03-16 16:36:04.871,ARDUINO_PSI,Arduino,0.000,0.000,0.000,,
493.432796,2026-03-16 16:36:04.971,ARDUINO_PSI,Arduino,0.000,0.000,0.000,,
493.532969,2026-03-16 16:36:05.071,ARDUINO_PSI,Arduino,0.000,0.000,0.000,,
493.633029,2026-03-16 16:36:05.171,ARDUINO_PSI,Arduino,0.000,0.000,0.000,,
493.732911,2026-03-16 16:36:05.271,ARDUINO_PSI,Arduino,0.000,0.000,0.000,,
493.832988,2026-03-16 16:36:05.371,ARDUINO_PSI,Arduino,0.000,0.000,0.000,,
493.933106,2026-03-16 16:36:05.471,ARDUINO_PSI,Arduino,0.000,0.000,0.000,,
494.033184,2026-03-16 16:36:05.571,ARDUINO_PSI,Arduino,0.000,0.000,0.000,,
494.133239,2026-03-16 16:36:05.671,ARDUINO_PSI,Arduino,0.000,0.000,0.000,,
494.232995,2026-03-16 16:36:05.771,ARDUINO_PSI,Arduino,0.000,0.000,0.000,,
494.332864,2026-03-16 16:36:05.871,ARDUINO_PSI,Arduino,0.000,0.000,0.000,,
494.432903,2026-03-16 16:36:05.971,ARDUINO_PSI,Arduino,0.000,0.000,0.000,,
494.532973,2026-03-16 16:36:06.071,ARDUINO_PSI,Arduino,0.000,0.000,0.000,,
494.632939,2026-03-16 16:36:06.171,ARDUINO_PSI,Arduino,0.000,0.000,0.000,,
494.733038,2026-03-16 16:36:06.271,ARDUINO_PSI,Arduino,0.000,0.000,0.000,,
494.833051,2026-03-16 16:36:06.371,ARDUINO_PSI,Arduino,0.000,0.000,0.000,,
494.933011,2026-03-16 16:36:06.471,ARDUINO_PSI,Arduino,0.000,0.000,0.000,,
495.033110,2026-03-16 16:36:06.571,ARDUINO_PSI,Arduino,0.000,0.000,0.000,,
495.133070,2026-03-16 16:36:06.671,ARDUINO_PSI,Arduino,0.000,0.000,0.000,,
495.233160,2026-03-16 16:36:06.771,ARDUINO_PSI,Arduino,0.000,0.000,0.000,,
495.333065,2026-03-16 16:36:06.871,ARDUINO_PSI,Arduino,0.000,0.000,0.000,,
495.432978,2026-03-16 16:36:06.971,ARDUINO_PSI,Arduino,0.000,0.000,0.000,,
495.532950,2026-03-16 16:36:07.071,ARDUINO_PSI,Arduino,0.000,0.000,0.000,,
495.633417,2026-03-16 16:36:07.171,ARDUINO_PSI,Arduino,0.000,0.000,0.000,,
495.732910,2026-03-16 16:36:07.271,ARDUINO_PSI,Arduino,0.000,0.000,0.000,,
495.832515,2026-03-16 16:36:07.370,ARDUINO_PSI,Arduino,0.000,0.000,0.000,,
495.932719,2026-03-16 16:36:07.471,ARDUINO_PSI,Arduino,0.000,0.000,0.000,,
496.032921,2026-03-16 16:36:07.571,ARDUINO_PSI,Arduino,0.000,0.000,0.000,,
496.132867,2026-03-16 16:36:07.671,ARDUINO_PSI,Arduino,0.000,0.000,0.000,,
496.233095,2026-03-16 16:36:07.771,ARDUINO_PSI,Arduino,0.000,0.000,0.000,,
496.333156,2026-03-16 16:36:07.871,ARDUINO_PSI,Arduino,0.000,0.000,0.000,,
496.433070,2026-03-16 16:36:07.971,ARDUINO_PSI,Arduino,0.000,0.000,0.000,,
496.533856,2026-03-16 16:36:08.072,ARDUINO_PSI,Arduino,0.000,0.000,0.000,,
496.632811,2026-03-16 16:36:08.171,ARDUINO_PSI,Arduino,0.000,0.000,0.000,,
496.732873,2026-03-16 16:36:08.271,ARDUINO_PSI,Arduino,0.000,0.000,0.000,,
496.833035,2026-03-16 16:36:08.371,ARDUINO_PSI,Arduino,0.000,0.000,0.000,,
496.933004,2026-03-16 16:36:08.471,ARDUINO_PSI,Arduino,0.000,0.000,0.000,,
497.033010,2026-03-16 16:36:08.571,ARDUINO_PSI,Arduino,0.000,0.000,0.000,,
497.132927,2026-03-16 16:36:08.671,ARDUINO_PSI,Arduino,0.000,0.000,0.000,,
497.233229,2026-03-16 16:36:08.771,ARDUINO_PSI,Arduino,0.000,0.000,0.000,,
497.332914,2026-03-16 16:36:08.871,ARDUINO_PSI,Arduino,0.000,0.000,0.000,,
497.433165,2026-03-16 16:36:08.971,ARDUINO_PSI,Arduino,0.000,0.000,0.000,,
497.532277,2026-03-16 16:36:09.070,ARDUINO_PSI,Arduino,0.000,0.000,0.000,,
497.633054,2026-03-16 16:36:09.171,ARDUINO_PSI,Arduino,0.000,0.000,0.000,,
497.732404,2026-03-16 16:36:09.270,ARDUINO_PSI,Arduino,0.000,0.000,0.000,,
497.833142,2026-03-16 16:36:09.371,ARDUINO_PSI,Arduino,0.000,0.000,0.000,,
497.933209,2026-03-16 16:36:09.471,ARDUINO_PSI,Arduino,0.000,0.000,0.000,,
498.032897,2026-03-16 16:36:09.571,ARDUINO_PSI,Arduino,0.000,0.000,0.000,,
498.133066,2026-03-16 16:36:09.671,ARDUINO_PSI,Arduino,0.000,0.000,0.000,,
498.232896,2026-03-16 16:36:09.771,ARDUINO_PSI,Arduino,0.000,0.000,0.000,,
498.333047,2026-03-16 16:36:09.871,ARDUINO_PSI,Arduino,0.000,0.000,0.000,,
498.433558,2026-03-16 16:36:09.971,ARDUINO_PSI,Arduino,0.000,0.000,0.000,,
498.533033,2026-03-16 16:36:10.071,ARDUINO_PSI,Arduino,0.000,0.000,0.000,,
498.633060,2026-03-16 16:36:10.171,ARDUINO_PSI,Arduino,0.000,0.000,0.000,,
498.732999,2026-03-16 16:36:10.271,ARDUINO_PSI,Arduino,0.000,0.000,0.000,,
498.833038,2026-03-16 16:36:10.371,ARDUINO_PSI,Arduino,0.000,0.000,0.000,,
498.932542,2026-03-16 16:36:10.470,ARDUINO_PSI,Arduino,0.000,0.000,0.000,,
499.032286,2026-03-16 16:36:10.570,ARDUINO_PSI,Arduino,0.000,0.000,0.000,,
499.132975,2026-03-16 16:36:10.671,ARDUINO_PSI,Arduino,0.000,0.000,0.000,,
499.232984,2026-03-16 16:36:10.771,ARDUINO_PSI,Arduino,0.000,0.000,0.000,,
499.333110,2026-03-16 16:36:10.871,ARDUINO_PSI,Arduino,0.000,0.000,0.000,,
499.432941,2026-03-16 16:36:10.971,ARDUINO_PSI,Arduino,0.000,0.000,0.000,,
499.532974,2026-03-16 16:36:11.071,ARDUINO_PSI,Arduino,0.000,0.000,0.000,,
499.632980,2026-03-16 16:36:11.171,ARDUINO_PSI,Arduino,0.000,0.000,0.000,,
499.733096,2026-03-16 16:36:11.271,ARDUINO_PSI,Arduino,0.000,0.000,0.000,,
499.833011,2026-03-16 16:36:11.371,ARDUINO_PSI,Arduino,0.000,0.000,0.000,,
499.932339,2026-03-16 16:36:11.470,ARDUINO_PSI,Arduino,0.000,0.000,0.000,,
500.032901,2026-03-16 16:36:11.571,ARDUINO_PSI,Arduino,0.000,0.000,0.000,,
500.132967,2026-03-16 16:36:11.671,ARDUINO_PSI,Arduino,0.000,0.000,0.000,,
500.232391,2026-03-16 16:36:11.770,ARDUINO_PSI,Arduino,0.000,0.000,0.000,,
500.333231,2026-03-16 16:36:11.871,ARDUINO_PSI,Arduino,0.000,0.000,0.000,,
500.432855,2026-03-16 16:36:11.971,ARDUINO_PSI,Arduino,0.000,0.000,0.000,,
500.532917,2026-03-16 16:36:12.071,ARDUINO_PSI,Arduino,0.000,0.000,0.000,,
500.632925,2026-03-16 16:36:12.171,ARDUINO_PSI,Arduino,0.000,0.000,0.000,,
500.733161,2026-03-16 16:36:12.271,ARDUINO_PSI,Arduino,0.000,0.000,0.000,,
500.833453,2026-03-16 16:36:12.371,ARDUINO_PSI,Arduino,0.000,0.000,0.000,,
500.933015,2026-03-16 16:36:12.471,ARDUINO_PSI,Arduino,0.000,0.000,0.000,,
501.033063,2026-03-16 16:36:12.571,ARDUINO_PSI,Arduino,0.000,0.000,0.000,,
501.132862,2026-03-16 16:36:12.671,ARDUINO_PSI,Arduino,0.000,0.000,0.000,,
501.233349,2026-03-16 16:36:12.771,ARDUINO_PSI,Arduino,0.000,0.000,0.000,,
501.333227,2026-03-16 16:36:12.871,ARDUINO_PSI,Arduino,0.000,0.000,0.000,,
501.432975,2026-03-16 16:36:12.971,ARDUINO_PSI,Arduino,0.000,0.000,0.000,,
501.532919,2026-03-16 16:36:13.071,ARDUINO_PSI,Arduino,0.000,0.000,0.000,,
501.632994,2026-03-16 16:36:13.171,ARDUINO_PSI,Arduino,0.000,0.000,0.000,,
501.732881,2026-03-16 16:36:13.271,ARDUINO_PSI,Arduino,0.000,0.000,0.000,,
501.833157,2026-03-16 16:36:13.371,ARDUINO_PSI,Arduino,0.000,0.000,0.000,,
501.932530,2026-03-16 16:36:13.470,ARDUINO_PSI,Arduino,0.000,0.000,0.000,,
502.032539,2026-03-16 16:36:13.570,ARDUINO_PSI,Arduino,0.000,0.000,0.000,,
502.133044,2026-03-16 16:36:13.671,ARDUINO_PSI,Arduino,0.000,0.000,0.000,,
502.233119,2026-03-16 16:36:13.771,ARDUINO_PSI,Arduino,0.000,0.000,0.000,,
502.332877,2026-03-16 16:36:13.871,ARDUINO_PSI,Arduino,0.000,0.000,0.000,,
502.432978,2026-03-16 16:36:13.971,ARDUINO_PSI,Arduino,0.000,0.000,0.000,,
502.532965,2026-03-16 16:36:14.071,ARDUINO_PSI,Arduino,0.000,0.000,0.000,,
502.633060,2026-03-16 16:36:14.171,ARDUINO_PSI,Arduino,0.000,0.000,0.000,,
502.733114,2026-03-16 16:36:14.271,ARDUINO_PSI,Arduino,0.000,0.000,0.000,,
502.833017,2026-03-16 16:36:14.371,ARDUINO_PSI,Arduino,0.000,0.000,0.000,,
502.933122,2026-03-16 16:36:14.471,ARDUINO_PSI,Arduino,0.000,0.000,0.000,,
503.032560,2026-03-16 16:36:14.570,ARDUINO_PSI,Arduino,0.000,0.000,0.000,,
503.133053,2026-03-16 16:36:14.671,ARDUINO_PSI,Arduino,0.000,0.000,0.000,,
503.232929,2026-03-16 16:36:14.771,ARDUINO_PSI,Arduino,0.000,0.000,0.000,,
503.333120,2026-03-16 16:36:14.871,ARDUINO_PSI,Arduino,0.000,0.000,0.000,,
503.432920,2026-03-16 16:36:14.971,ARDUINO_PSI,Arduino,0.000,0.000,0.000,,
503.533052,2026-03-16 16:36:15.071,ARDUINO_PSI,Arduino,0.000,0.000,0.000,,
503.633104,2026-03-16 16:36:15.171,ARDUINO_PSI,Arduino,0.000,0.000,0.000,,
503.733116,2026-03-16 16:36:15.271,ARDUINO_PSI,Arduino,0.000,0.000,0.000,,
503.832857,2026-03-16 16:36:15.371,ARDUINO_PSI,Arduino,0.000,0.000,0.000,,
503.933110,2026-03-16 16:36:15.471,ARDUINO_PSI,Arduino,0.000,0.000,0.000,,
504.033116,2026-03-16 16:36:15.571,ARDUINO_PSI,Arduino,0.000,0.000,0.000,,
504.133074,2026-03-16 16:36:15.671,ARDUINO_PSI,Arduino,0.000,0.000,0.000,,
504.232983,2026-03-16 16:36:15.771,ARDUINO_PSI,Arduino,0.000,0.000,0.000,,
504.332979,2026-03-16 16:36:15.871,ARDUINO_PSI,Arduino,0.000,0.000,0.000,,
504.433002,2026-03-16 16:36:15.971,ARDUINO_PSI,Arduino,0.000,0.000,0.000,,
504.532856,2026-03-16 16:36:16.071,ARDUINO_PSI,Arduino,0.000,0.000,0.000,,
504.633054,2026-03-16 16:36:16.171,ARDUINO_PSI,Arduino,0.000,0.000,0.000,,
504.733014,2026-03-16 16:36:16.271,ARDUINO_PSI,Arduino,0.000,0.000,0.000,,
504.832451,2026-03-16 16:36:16.370,ARDUINO_PSI,Arduino,0.000,0.000,0.000,,
504.933332,2026-03-16 16:36:16.471,ARDUINO_PSI,Arduino,0.000,0.000,0.000,,
505.032958,2026-03-16 16:36:16.571,ARDUINO_PSI,Arduino,0.000,0.000,0.000,,
505.133019,2026-03-16 16:36:16.671,ARDUINO_PSI,Arduino,0.000,0.000,0.000,,
505.232470,2026-03-16 16:36:16.770,ARDUINO_PSI,Arduino,0.000,0.000,0.000,,
505.333078,2026-03-16 16:36:16.871,ARDUINO_PSI,Arduino,0.000,0.000,0.000,,
505.433053,2026-03-16 16:36:16.971,ARDUINO_PSI,Arduino,0.000,0.000,0.000,,
505.533110,2026-03-16 16:36:17.071,ARDUINO_PSI,Arduino,0.000,0.000,0.000,,
505.633600,2026-03-16 16:36:17.171,ARDUINO_PSI,Arduino,0.000,0.000,0.000,,
505.733088,2026-03-16 16:36:17.271,ARDUINO_PSI,Arduino,0.000,0.000,0.000,,
505.832987,2026-03-16 16:36:17.371,ARDUINO_PSI,Arduino,0.000,0.000,0.000,,
505.933039,2026-03-16 16:36:17.471,ARDUINO_PSI,Arduino,0.000,0.000,0.000,,
506.033226,2026-03-16 16:36:17.571,ARDUINO_PSI,Arduino,0.000,0.000,0.000,,
506.133072,2026-03-16 16:36:17.671,ARDUINO_PSI,Arduino,0.000,0.000,0.000,,
506.232947,2026-03-16 16:36:17.771,ARDUINO_PSI,Arduino,0.000,0.000,0.000,,
506.333094,2026-03-16 16:36:17.871,ARDUINO_PSI,Arduino,0.000,0.000,0.000,,
506.432709,2026-03-16 16:36:17.971,ARDUINO_PSI,Arduino,0.000,0.000,0.000,,
506.533037,2026-03-16 16:36:18.071,ARDUINO_PSI,Arduino,0.000,0.000,0.000,,
506.633038,2026-03-16 16:36:18.171,ARDUINO_PSI,Arduino,0.000,0.000,0.000,,
506.733094,2026-03-16 16:36:18.271,ARDUINO_PSI,Arduino,0.000,0.000,0.000,,
506.832946,2026-03-16 16:36:18.371,ARDUINO_PSI,Arduino,0.000,0.000,0.000,,
506.932908,2026-03-16 16:36:18.471,ARDUINO_PSI,Arduino,0.000,0.000,0.000,,
507.033276,2026-03-16 16:36:18.571,ARDUINO_PSI,Arduino,0.000,0.000,0.000,,
507.133094,2026-03-16 16:36:18.671,ARDUINO_PSI,Arduino,0.000,0.000,0.000,,
507.233070,2026-03-16 16:36:18.771,ARDUINO_PSI,Arduino,0.000,0.000,0.000,,
507.333264,2026-03-16 16:36:18.871,ARDUINO_PSI,Arduino,0.000,0.000,0.000,,
507.432996,2026-03-16 16:36:18.971,ARDUINO_PSI,Arduino,0.000,0.000,0.000,,
507.532887,2026-03-16 16:36:19.071,ARDUINO_PSI,Arduino,0.000,0.000,0.000,,
507.633125,2026-03-16 16:36:19.171,ARDUINO_PSI,Arduino,0.000,0.000,0.000,,
507.732896,2026-03-16 16:36:19.271,ARDUINO_PSI,Arduino,0.000,0.000,0.000,,
507.833060,2026-03-16 16:36:19.371,ARDUINO_PSI,Arduino,0.000,0.000,0.000,,
507.932298,2026-03-16 16:36:19.470,ARDUINO_PSI,Arduino,0.000,0.000,0.000,,
508.032946,2026-03-16 16:36:19.571,ARDUINO_PSI,Arduino,0.000,0.000,0.000,,
508.132964,2026-03-16 16:36:19.671,ARDUINO_PSI,Arduino,0.000,0.000,0.000,,
508.232991,2026-03-16 16:36:19.771,ARDUINO_PSI,Arduino,0.000,0.000,0.000,,
508.333061,2026-03-16 16:36:19.871,ARDUINO_PSI,Arduino,0.000,0.000,0.000,,
508.432439,2026-03-16 16:36:19.970,ARDUINO_PSI,Arduino,0.000,0.000,0.000,,
508.533172,2026-03-16 16:36:20.071,ARDUINO_PSI,Arduino,0.000,0.000,0.000,,
508.633172,2026-03-16 16:36:20.171,ARDUINO_PSI,Arduino,0.000,0.000,0.000,,
508.733221,2026-03-16 16:36:20.271,ARDUINO_PSI,Arduino,0.000,0.000,0.000,,
508.832988,2026-03-16 16:36:20.371,ARDUINO_PSI,Arduino,0.000,0.000,0.000,,
508.932459,2026-03-16 16:36:20.470,ARDUINO_PSI,Arduino,0.000,0.000,0.000,,
509.032860,2026-03-16 16:36:20.571,ARDUINO_PSI,Arduino,0.000,0.000,0.000,,
509.133047,2026-03-16 16:36:20.671,ARDUINO_PSI,Arduino,0.000,0.000,0.000,,
509.232731,2026-03-16 16:36:20.771,ARDUINO_PSI,Arduino,0.000,0.000,0.000,,
509.332993,2026-03-16 16:36:20.871,ARDUINO_PSI,Arduino,0.000,0.000,0.000,,
509.432860,2026-03-16 16:36:20.971,ARDUINO_PSI,Arduino,0.000,0.000,0.000,,
509.532949,2026-03-16 16:36:21.071,ARDUINO_PSI,Arduino,0.000,0.000,0.000,,
509.633028,2026-03-16 16:36:21.171,ARDUINO_PSI,Arduino,0.000,0.000,0.000,,
509.733052,2026-03-16 16:36:21.271,ARDUINO_PSI,Arduino,0.000,0.000,0.000,,
509.833140,2026-03-16 16:36:21.371,ARDUINO_PSI,Arduino,0.000,0.000,0.000,,
509.932993,2026-03-16 16:36:21.471,ARDUINO_PSI,Arduino,0.000,0.000,0.000,,
510.033148,2026-03-16 16:36:21.571,ARDUINO_PSI,Arduino,0.000,0.000,0.000,,
510.133310,2026-03-16 16:36:21.671,ARDUINO_PSI,Arduino,0.000,0.000,0.000,,
510.232884,2026-03-16 16:36:21.771,ARDUINO_PSI,Arduino,0.000,0.000,0.000,,
510.333033,2026-03-16 16:36:21.871,ARDUINO_PSI,Arduino,0.000,0.000,0.000,,
510.432974,2026-03-16 16:36:21.971,ARDUINO_PSI,Arduino,0.000,0.000,0.000,,
510.532897,2026-03-16 16:36:22.071,ARDUINO_PSI,Arduino,0.000,0.000,0.000,,
510.633112,2026-03-16 16:36:22.171,ARDUINO_PSI,Arduino,0.000,0.000,0.000,,
510.733086,2026-03-16 16:36:22.271,ARDUINO_PSI,Arduino,0.000,0.000,0.000,,
510.833271,2026-03-16 16:36:22.371,ARDUINO_PSI,Arduino,0.000,0.000,0.000,,
510.932976,2026-03-16 16:36:22.471,ARDUINO_PSI,Arduino,0.000,0.000,0.000,,
511.033143,2026-03-16 16:36:22.571,ARDUINO_PSI,Arduino,0.000,0.000,0.000,,
511.132999,2026-03-16 16:36:22.671,ARDUINO_PSI,Arduino,0.000,0.000,0.000,,
511.233038,2026-03-16 16:36:22.771,ARDUINO_PSI,Arduino,0.000,0.000,0.000,,
511.333100,2026-03-16 16:36:22.871,ARDUINO_PSI,Arduino,0.000,0.000,0.000,,
511.432984,2026-03-16 16:36:22.971,ARDUINO_PSI,Arduino,0.000,0.000,0.000,,
511.532819,2026-03-16 16:36:23.071,ARDUINO_PSI,Arduino,0.000,0.000,0.000,,
511.632954,2026-03-16 16:36:23.171,ARDUINO_PSI,Arduino,0.000,0.000,0.000,,
511.732913,2026-03-16 16:36:23.271,ARDUINO_PSI,Arduino,0.000,0.000,0.000,,
511.833468,2026-03-16 16:36:23.371,ARDUINO_PSI,Arduino,0.000,0.000,0.000,,
511.933084,2026-03-16 16:36:23.471,ARDUINO_PSI,Arduino,0.000,0.000,0.000,,
512.033288,2026-03-16 16:36:23.571,ARDUINO_PSI,Arduino,0.000,0.000,0.000,,
512.133124,2026-03-16 16:36:23.671,ARDUINO_PSI,Arduino,0.000,0.000,0.000,,
512.233223,2026-03-16 16:36:23.771,ARDUINO_PSI,Arduino,0.000,0.000,0.000,,
512.332905,2026-03-16 16:36:23.871,ARDUINO_PSI,Arduino,0.000,0.000,0.000,,
512.433099,2026-03-16 16:36:23.971,ARDUINO_PSI,Arduino,0.000,0.000,0.000,,
512.533076,2026-03-16 16:36:24.071,ARDUINO_PSI,Arduino,0.000,0.000,0.000,,
512.632997,2026-03-16 16:36:24.171,ARDUINO_PSI,Arduino,0.000,0.000,0.000,,
512.733016,2026-03-16 16:36:24.271,ARDUINO_PSI,Arduino,0.000,0.000,0.000,,
512.832966,2026-03-16 16:36:24.371,ARDUINO_PSI,Arduino,0.000,0.000,0.000,,
512.933661,2026-03-16 16:36:24.472,ARDUINO_PSI,Arduino,0.000,0.000,0.000,,
513.032864,2026-03-16 16:36:24.571,ARDUINO_PSI,Arduino,0.000,0.000,0.000,,
513.133039,2026-03-16 16:36:24.671,ARDUINO_PSI,Arduino,0.000,0.000,0.000,,
513.232818,2026-03-16 16:36:24.771,ARDUINO_PSI,Arduino,0.000,0.000,0.000,,
513.333117,2026-03-16 16:36:24.871,ARDUINO_PSI,Arduino,0.000,0.000,0.000,,
513.432954,2026-03-16 16:36:24.971,ARDUINO_PSI,Arduino,0.000,0.000,0.000,,
513.532976,2026-03-16 16:36:25.071,ARDUINO_PSI,Arduino,0.000,0.000,0.000,,
513.633077,2026-03-16 16:36:25.171,ARDUINO_PSI,Arduino,0.000,0.000,0.000,,
513.732980,2026-03-16 16:36:25.271,ARDUINO_PSI,Arduino,0.000,0.000,0.000,,
513.833761,2026-03-16 16:36:25.372,ARDUINO_PSI,Arduino,0.000,0.000,0.000,,
513.932894,2026-03-16 16:36:25.471,ARDUINO_PSI,Arduino,0.000,0.000,0.000,,
514.033100,2026-03-16 16:36:25.571,ARDUINO_PSI,Arduino,0.000,0.000,0.000,,
514.133086,2026-03-16 16:36:25.671,ARDUINO_PSI,Arduino,0.000,0.000,0.000,,
514.233006,2026-03-16 16:36:25.771,ARDUINO_PSI,Arduino,0.000,0.000,0.000,,
514.332813,2026-03-16 16:36:25.871,ARDUINO_PSI,Arduino,0.000,0.000,0.000,,
514.433017,2026-03-16 16:36:25.971,ARDUINO_PSI,Arduino,0.000,0.000,0.000,,
514.533026,2026-03-16 16:36:26.071,ARDUINO_PSI,Arduino,0.000,0.000,0.000,,
514.633233,2026-03-16 16:36:26.171,ARDUINO_PSI,Arduino,0.000,0.000,0.000,,
514.733182,2026-03-16 16:36:26.271,ARDUINO_PSI,Arduino,0.000,0.000,0.000,,
514.833004,2026-03-16 16:36:26.371,ARDUINO_PSI,Arduino,0.000,0.000,0.000,,
514.933178,2026-03-16 16:36:26.471,ARDUINO_PSI,Arduino,0.000,0.000,0.000,,
515.033066,2026-03-16 16:36:26.571,ARDUINO_PSI,Arduino,0.000,0.000,0.000,,
515.133182,2026-03-16 16:36:26.671,ARDUINO_PSI,Arduino,0.000,0.000,0.000,,
515.232979,2026-03-16 16:36:26.771,ARDUINO_PSI,Arduino,0.000,0.000,0.000,,
515.333030,2026-03-16 16:36:26.871,ARDUINO_PSI,Arduino,0.000,0.000,0.000,,
515.433097,2026-03-16 16:36:26.971,ARDUINO_PSI,Arduino,0.000,0.000,0.000,,
515.533232,2026-03-16 16:36:27.071,ARDUINO_PSI,Arduino,0.000,0.000,0.000,,
515.633066,2026-03-16 16:36:27.171,ARDUINO_PSI,Arduino,0.000,0.000,0.000,,
515.733166,2026-03-16 16:36:27.271,ARDUINO_PSI,Arduino,0.000,0.000,0.000,,
515.833370,2026-03-16 16:36:27.371,ARDUINO_PSI,Arduino,0.000,0.000,0.000,,
515.932953,2026-03-16 16:36:27.471,ARDUINO_PSI,Arduino,0.000,0.000,0.000,,
516.033067,2026-03-16 16:36:27.571,ARDUINO_PSI,Arduino,0.000,0.000,0.000,,
516.132609,2026-03-16 16:36:27.670,ARDUINO_PSI,Arduino,0.000,0.000,0.000,,
516.233086,2026-03-16 16:36:27.771,ARDUINO_PSI,Arduino,0.000,0.000,0.000,,
516.333015,2026-03-16 16:36:27.871,ARDUINO_PSI,Arduino,0.000,0.000,0.000,,
516.433181,2026-03-16 16:36:27.971,ARDUINO_PSI,Arduino,0.000,0.000,0.000,,
516.533285,2026-03-16 16:36:28.071,ARDUINO_PSI,Arduino,0.000,0.000,0.000,,
516.633009,2026-03-16 16:36:28.171,ARDUINO_PSI,Arduino,0.000,0.000,0.000,,
516.733833,2026-03-16 16:36:28.272,ARDUINO_PSI,Arduino,0.000,0.000,0.000,,
516.833169,2026-03-16 16:36:28.371,ARDUINO_PSI,Arduino,0.000,0.000,0.000,,
516.934070,2026-03-16 16:36:28.472,ARDUINO_PSI,Arduino,0.000,0.000,0.000,,
517.033093,2026-03-16 16:36:28.571,ARDUINO_PSI,Arduino,0.000,0.000,0.000,,
517.133167,2026-03-16 16:36:28.671,ARDUINO_PSI,Arduino,0.000,0.000,0.000,,
517.233286,2026-03-16 16:36:28.771,ARDUINO_PSI,Arduino,0.000,0.000,0.000,,
517.333045,2026-03-16 16:36:28.871,ARDUINO_PSI,Arduino,0.000,0.000,0.000,,
517.433208,2026-03-16 16:36:28.971,ARDUINO_PSI,Arduino,0.000,0.000,0.000,,
517.534025,2026-03-16 16:36:29.072,ARDUINO_PSI,Arduino,0.000,0.000,0.000,,
517.633141,2026-03-16 16:36:29.171,ARDUINO_PSI,Arduino,0.000,0.000,0.000,,
517.733036,2026-03-16 16:36:29.271,ARDUINO_PSI,Arduino,0.000,0.000,0.000,,
517.833062,2026-03-16 16:36:29.371,ARDUINO_PSI,Arduino,0.000,0.000,0.000,,
517.933857,2026-03-16 16:36:29.472,ARDUINO_PSI,Arduino,0.000,0.000,0.000,,
518.033379,2026-03-16 16:36:29.571,ARDUINO_PSI,Arduino,0.000,0.000,0.000,,
518.132940,2026-03-16 16:36:29.671,ARDUINO_PSI,Arduino,0.000,0.000,0.000,,
518.233235,2026-03-16 16:36:29.771,ARDUINO_PSI,Arduino,0.000,0.000,0.000,,
518.333626,2026-03-16 16:36:29.871,ARDUINO_PSI,Arduino,0.000,0.000,0.000,,
518.433022,2026-03-16 16:36:29.971,ARDUINO_PSI,Arduino,0.000,0.000,0.000,,
518.533148,2026-03-16 16:36:30.071,ARDUINO_PSI,Arduino,0.000,0.000,0.000,,
518.633416,2026-03-16 16:36:30.171,ARDUINO_PSI,Arduino,0.000,0.000,0.000,,
518.733936,2026-03-16 16:36:30.272,ARDUINO_PSI,Arduino,0.000,0.000,0.000,,
518.833015,2026-03-16 16:36:30.371,ARDUINO_PSI,Arduino,0.000,0.000,0.000,,
518.933093,2026-03-16 16:36:30.471,ARDUINO_PSI,Arduino,0.000,0.000,0.000,,
519.032427,2026-03-16 16:36:30.570,ARDUINO_PSI,Arduino,0.000,0.000,0.000,,
519.133041,2026-03-16 16:36:30.671,ARDUINO_PSI,Arduino,0.000,0.000,0.000,,
519.233128,2026-03-16 16:36:30.771,ARDUINO_PSI,Arduino,0.000,0.000,0.000,,
519.333194,2026-03-16 16:36:30.871,ARDUINO_PSI,Arduino,0.000,0.000,0.000,,
519.433866,2026-03-16 16:36:30.972,ARDUINO_PSI,Arduino,0.000,0.000,0.000,,
519.533101,2026-03-16 16:36:31.071,ARDUINO_PSI,Arduino,0.000,0.000,0.000,,
519.633148,2026-03-16 16:36:31.171,ARDUINO_PSI,Arduino,0.000,0.000,0.000,,
519.732998,2026-03-16 16:36:31.271,ARDUINO_PSI,Arduino,0.000,0.000,0.000,,
519.833937,2026-03-16 16:36:31.372,ARDUINO_PSI,Arduino,0.000,0.000,0.000,,
519.933375,2026-03-16 16:36:31.471,ARDUINO_PSI,Arduino,0.000,0.000,0.000,,
520.033842,2026-03-16 16:36:31.572,ARDUINO_PSI,Arduino,0.000,0.000,0.000,,
520.133080,2026-03-16 16:36:31.671,ARDUINO_PSI,Arduino,0.000,0.000,0.000,,
520.233345,2026-03-16 16:36:31.771,ARDUINO_PSI,Arduino,0.000,0.000,0.000,,
520.332950,2026-03-16 16:36:31.871,ARDUINO_PSI,Arduino,0.000,0.000,0.000,,
520.434086,2026-03-16 16:36:31.972,ARDUINO_PSI,Arduino,0.000,0.000,0.000,,
520.533088,2026-03-16 16:36:32.071,ARDUINO_PSI,Arduino,0.000,0.000,0.000,,
520.633319,2026-03-16 16:36:32.171,ARDUINO_PSI,Arduino,0.000,0.000,0.000,,
520.734106,2026-03-16 16:36:32.272,ARDUINO_PSI,Arduino,0.000,0.000,0.000,,
520.833802,2026-03-16 16:36:32.372,ARDUINO_PSI,Arduino,0.000,0.000,0.000,,
520.933111,2026-03-16 16:36:32.471,ARDUINO_PSI,Arduino,0.000,0.000,0.000,,
521.033187,2026-03-16 16:36:32.571,ARDUINO_PSI,Arduino,0.000,0.000,0.000,,
521.133047,2026-03-16 16:36:32.671,ARDUINO_PSI,Arduino,0.000,0.000,0.000,,
521.233144,2026-03-16 16:36:32.771,ARDUINO_PSI,Arduino,0.000,0.000,0.000,,
521.333184,2026-03-16 16:36:32.871,ARDUINO_PSI,Arduino,0.000,0.000,0.000,,
521.433054,2026-03-16 16:36:32.971,ARDUINO_PSI,Arduino,0.000,0.000,0.000,,
521.533541,2026-03-16 16:36:33.071,ARDUINO_PSI,Arduino,0.000,0.000,0.000,,
521.633594,2026-03-16 16:36:33.171,ARDUINO_PSI,Arduino,0.000,0.000,0.000,,
521.733363,2026-03-16 16:36:33.271,ARDUINO_PSI,Arduino,0.000,0.000,0.000,,
521.833148,2026-03-16 16:36:33.371,ARDUINO_PSI,Arduino,0.000,0.000,0.000,,
521.932329,2026-03-16 16:36:33.470,ARDUINO_PSI,Arduino,0.000,0.000,0.000,,
522.033197,2026-03-16 16:36:33.571,ARDUINO_PSI,Arduino,0.000,0.000,0.000,,
522.133369,2026-03-16 16:36:33.671,ARDUINO_PSI,Arduino,0.000,0.000,0.000,,
522.233990,2026-03-16 16:36:33.772,ARDUINO_PSI,Arduino,0.000,0.000,0.000,,
522.333296,2026-03-16 16:36:33.871,ARDUINO_PSI,Arduino,0.000,0.000,0.000,,
522.432730,2026-03-16 16:36:33.971,ARDUINO_PSI,Arduino,0.000,0.000,0.000,,
522.532502,2026-03-16 16:36:34.070,ARDUINO_PSI,Arduino,0.000,0.000,0.000,,
522.633929,2026-03-16 16:36:34.172,ARDUINO_PSI,Arduino,0.000,0.000,0.000,,
522.733081,2026-03-16 16:36:34.271,ARDUINO_PSI,Arduino,0.000,0.000,0.000,,
522.833088,2026-03-16 16:36:34.371,ARDUINO_PSI,Arduino,0.000,0.000,0.000,,
522.933394,2026-03-16 16:36:34.471,ARDUINO_PSI,Arduino,0.000,0.000,0.000,,
523.033405,2026-03-16 16:36:34.571,ARDUINO_PSI,Arduino,0.000,0.000,0.000,,
523.133163,2026-03-16 16:36:34.671,ARDUINO_PSI,Arduino,0.000,0.000,0.000,,
523.233115,2026-03-16 16:36:34.771,ARDUINO_PSI,Arduino,0.000,0.000,0.000,,
523.333652,2026-03-16 16:36:34.872,ARDUINO_PSI,Arduino,0.000,0.000,0.000,,
523.433228,2026-03-16 16:36:34.971,ARDUINO_PSI,Arduino,0.000,0.000,0.000,,
523.533204,2026-03-16 16:36:35.071,ARDUINO_PSI,Arduino,0.000,0.000,0.000,,
523.634137,2026-03-16 16:36:35.172,ARDUINO_PSI,Arduino,0.000,0.000,0.000,,
523.733867,2026-03-16 16:36:35.272,ARDUINO_PSI,Arduino,0.000,0.000,0.000,,
523.833155,2026-03-16 16:36:35.371,ARDUINO_PSI,Arduino,0.000,0.000,0.000,,
523.933148,2026-03-16 16:36:35.471,ARDUINO_PSI,Arduino,0.000,0.000,0.000,,
524.032997,2026-03-16 16:36:35.571,ARDUINO_PSI,Arduino,0.000,0.000,0.000,,
524.133127,2026-03-16 16:36:35.671,ARDUINO_PSI,Arduino,0.000,0.000,0.000,,
524.232942,2026-03-16 16:36:35.771,ARDUINO_PSI,Arduino,0.000,0.000,0.000,,
524.334071,2026-03-16 16:36:35.872,ARDUINO_PSI,Arduino,0.000,0.000,0.000,,
524.433498,2026-03-16 16:36:35.971,ARDUINO_PSI,Arduino,0.000,0.000,0.000,,
524.533173,2026-03-16 16:36:36.071,ARDUINO_PSI,Arduino,0.000,0.000,0.000,,
524.633768,2026-03-16 16:36:36.172,ARDUINO_PSI,Arduino,0.000,0.000,0.000,,
524.732456,2026-03-16 16:36:36.270,ARDUINO_PSI,Arduino,0.000,0.000,0.000,,
524.833188,2026-03-16 16:36:36.371,ARDUINO_PSI,Arduino,0.000,0.000,0.000,,
524.933168,2026-03-16 16:36:36.471,ARDUINO_PSI,Arduino,0.000,0.000,0.000,,
525.032918,2026-03-16 16:36:36.571,ARDUINO_PSI,Arduino,0.000,0.000,0.000,,
525.133432,2026-03-16 16:36:36.671,ARDUINO_PSI,Arduino,0.000,0.000,0.000,,
525.233143,2026-03-16 16:36:36.771,ARDUINO_PSI,Arduino,0.000,0.000,0.000,,
525.333339,2026-03-16 16:36:36.871,ARDUINO_PSI,Arduino,0.000,0.000,0.000,,
525.433139,2026-03-16 16:36:36.971,ARDUINO_PSI,Arduino,0.000,0.000,0.000,,
525.533584,2026-03-16 16:36:37.071,ARDUINO_PSI,Arduino,0.000,0.000,0.000,,
525.633084,2026-03-16 16:36:37.171,ARDUINO_PSI,Arduino,0.000,0.000,0.000,,
525.733214,2026-03-16 16:36:37.271,ARDUINO_PSI,Arduino,0.000,0.000,0.000,,
525.833152,2026-03-16 16:36:37.371,ARDUINO_PSI,Arduino,0.000,0.000,0.000,,
525.933066,2026-03-16 16:36:37.471,ARDUINO_PSI,Arduino,0.000,0.000,0.000,,
526.033554,2026-03-16 16:36:37.571,ARDUINO_PSI,Arduino,0.000,0.000,0.000,,
526.133123,2026-03-16 16:36:37.671,ARDUINO_PSI,Arduino,0.000,0.000,0.000,,
526.233081,2026-03-16 16:36:37.771,ARDUINO_PSI,Arduino,0.000,0.000,0.000,,
526.333023,2026-03-16 16:36:37.871,ARDUINO_PSI,Arduino,0.000,0.000,0.000,,
526.432503,2026-03-16 16:36:37.970,ARDUINO_PSI,Arduino,0.000,0.000,0.000,,
526.533142,2026-03-16 16:36:38.071,ARDUINO_PSI,Arduino,0.000,0.000,0.000,,
526.633661,2026-03-16 16:36:38.172,ARDUINO_PSI,Arduino,0.000,0.000,0.000,,
526.733177,2026-03-16 16:36:38.271,ARDUINO_PSI,Arduino,0.000,0.000,0.000,,
526.833325,2026-03-16 16:36:38.371,ARDUINO_PSI,Arduino,0.000,0.000,0.000,,
526.933125,2026-03-16 16:36:38.471,ARDUINO_PSI,Arduino,0.000,0.000,0.000,,
527.033544,2026-03-16 16:36:38.571,ARDUINO_PSI,Arduino,0.000,0.000,0.000,,
527.133449,2026-03-16 16:36:38.671,ARDUINO_PSI,Arduino,0.000,0.000,0.000,,
527.234282,2026-03-16 16:36:38.772,ARDUINO_PSI,Arduino,0.000,0.000,0.000,,
527.332355,2026-03-16 16:36:38.870,ARDUINO_PSI,Arduino,0.000,0.000,0.000,,
527.433161,2026-03-16 16:36:38.971,ARDUINO_PSI,Arduino,0.000,0.000,0.000,,
527.533209,2026-03-16 16:36:39.071,ARDUINO_PSI,Arduino,0.000,0.000,0.000,,
527.633205,2026-03-16 16:36:39.171,ARDUINO_PSI,Arduino,0.000,0.000,0.000,,
527.733985,2026-03-16 16:36:39.272,ARDUINO_PSI,Arduino,0.000,0.000,0.000,,
527.833511,2026-03-16 16:36:39.371,ARDUINO_PSI,Arduino,0.000,0.000,0.000,,
527.933196,2026-03-16 16:36:39.471,ARDUINO_PSI,Arduino,0.000,0.000,0.000,,
528.033097,2026-03-16 16:36:39.571,ARDUINO_PSI,Arduino,0.000,0.000,0.000,,
528.133343,2026-03-16 16:36:39.671,ARDUINO_PSI,Arduino,0.000,0.000,0.000,,
528.233907,2026-03-16 16:36:39.772,ARDUINO_PSI,Arduino,0.000,0.000,0.000,,
528.333276,2026-03-16 16:36:39.871,ARDUINO_PSI,Arduino,0.000,0.000,0.000,,
528.433297,2026-03-16 16:36:39.971,ARDUINO_PSI,Arduino,0.000,0.000,0.000,,
528.533160,2026-03-16 16:36:40.071,ARDUINO_PSI,Arduino,0.000,0.000,0.000,,
528.633100,2026-03-16 16:36:40.171,ARDUINO_PSI,Arduino,0.000,0.000,0.000,,
528.733106,2026-03-16 16:36:40.271,ARDUINO_PSI,Arduino,0.000,0.000,0.000,,
528.833144,2026-03-16 16:36:40.371,ARDUINO_PSI,Arduino,0.000,0.000,0.000,,
528.933952,2026-03-16 16:36:40.472,ARDUINO_PSI,Arduino,0.000,0.000,0.000,,
529.033250,2026-03-16 16:36:40.571,ARDUINO_PSI,Arduino,0.000,0.000,0.000,,
529.135285,2026-03-16 16:36:40.673,ARDUINO_PSI,Arduino,0.000,0.000,0.000,,
529.233095,2026-03-16 16:36:40.771,ARDUINO_PSI,Arduino,0.000,0.000,0.000,,
529.333155,2026-03-16 16:36:40.871,ARDUINO_PSI,Arduino,0.000,0.000,0.000,,
529.433032,2026-03-16 16:36:40.971,ARDUINO_PSI,Arduino,0.000,0.000,0.000,,
529.532596,2026-03-16 16:36:41.070,ARDUINO_PSI,Arduino,0.000,0.000,0.000,,
529.634111,2026-03-16 16:36:41.172,ARDUINO_PSI,Arduino,0.000,0.000,0.000,,
529.733733,2026-03-16 16:36:41.272,ARDUINO_PSI,Arduino,0.000,0.000,0.000,,
529.833144,2026-03-16 16:36:41.371,ARDUINO_PSI,Arduino,0.000,0.000,0.000,,
529.933145,2026-03-16 16:36:41.471,ARDUINO_PSI,Arduino,0.000,0.000,0.000,,
530.033846,2026-03-16 16:36:41.572,ARDUINO_PSI,Arduino,0.000,0.000,0.000,,
530.133173,2026-03-16 16:36:41.671,ARDUINO_PSI,Arduino,0.000,0.000,0.000,,
530.233076,2026-03-16 16:36:41.771,ARDUINO_PSI,Arduino,0.000,0.000,0.000,,
530.333204,2026-03-16 16:36:41.871,ARDUINO_PSI,Arduino,0.000,0.000,0.000,,
530.433320,2026-03-16 16:36:41.971,ARDUINO_PSI,Arduino,0.000,0.000,0.000,,
530.533262,2026-03-16 16:36:42.071,ARDUINO_PSI,Arduino,0.000,0.000,0.000,,
530.633231,2026-03-16 16:36:42.171,ARDUINO_PSI,Arduino,0.000,0.000,0.000,,
530.733273,2026-03-16 16:36:42.271,ARDUINO_PSI,Arduino,0.000,0.000,0.000,,
530.833201,2026-03-16 16:36:42.371,ARDUINO_PSI,Arduino,0.000,0.000,0.000,,
530.933266,2026-03-16 16:36:42.471,ARDUINO_PSI,Arduino,0.000,0.000,0.000,,
531.033274,2026-03-16 16:36:42.571,ARDUINO_PSI,Arduino,0.000,0.000,0.000,,
531.133031,2026-03-16 16:36:42.671,ARDUINO_PSI,Arduino,0.000,0.000,0.000,,
531.233264,2026-03-16 16:36:42.771,ARDUINO_PSI,Arduino,0.000,0.000,0.000,,
531.333362,2026-03-16 16:36:42.871,ARDUINO_PSI,Arduino,0.000,0.000,0.000,,
531.433273,2026-03-16 16:36:42.971,ARDUINO_PSI,Arduino,0.000,0.000,0.000,,
531.533208,2026-03-16 16:36:43.071,ARDUINO_PSI,Arduino,0.000,0.000,0.000,,
531.633234,2026-03-16 16:36:43.171,ARDUINO_PSI,Arduino,0.000,0.000,0.000,,
531.733179,2026-03-16 16:36:43.271,ARDUINO_PSI,Arduino,0.000,0.000,0.000,,
531.833433,2026-03-16 16:36:43.371,ARDUINO_PSI,Arduino,0.000,0.000,0.000,,
531.934281,2026-03-16 16:36:43.472,ARDUINO_PSI,Arduino,0.000,0.000,0.000,,
532.033875,2026-03-16 16:36:43.572,ARDUINO_PSI,Arduino,0.000,0.000,0.000,,
532.133413,2026-03-16 16:36:43.671,ARDUINO_PSI,Arduino,0.000,0.000,0.000,,
532.234263,2026-03-16 16:36:43.772,ARDUINO_PSI,Arduino,0.000,0.000,0.000,,
532.333266,2026-03-16 16:36:43.871,ARDUINO_PSI,Arduino,0.000,0.000,0.000,,
532.433977,2026-03-16 16:36:43.972,ARDUINO_PSI,Arduino,0.000,0.000,0.000,,
532.533114,2026-03-16 16:36:44.071,ARDUINO_PSI,Arduino,0.000,0.000,0.000,,
532.633008,2026-03-16 16:36:44.171,ARDUINO_PSI,Arduino,0.000,0.000,0.000,,
532.733197,2026-03-16 16:36:44.271,ARDUINO_PSI,Arduino,0.000,0.000,0.000,,
532.833242,2026-03-16 16:36:44.371,ARDUINO_PSI,Arduino,0.000,0.000,0.000,,
532.933812,2026-03-16 16:36:44.472,ARDUINO_PSI,Arduino,0.000,0.000,0.000,,
533.033493,2026-03-16 16:36:44.571,ARDUINO_PSI,Arduino,0.000,0.000,0.000,,
533.134031,2026-03-16 16:36:44.672,ARDUINO_PSI,Arduino,0.000,0.000,0.000,,
533.233923,2026-03-16 16:36:44.772,ARDUINO_PSI,Arduino,0.000,0.000,0.000,,
533.333252,2026-03-16 16:36:44.871,ARDUINO_PSI,Arduino,0.000,0.000,0.000,,
533.433118,2026-03-16 16:36:44.971,ARDUINO_PSI,Arduino,0.000,0.000,0.000,,
533.533366,2026-03-16 16:36:45.071,ARDUINO_PSI,Arduino,0.000,0.000,0.000,,
533.632993,2026-03-16 16:36:45.171,ARDUINO_PSI,Arduino,0.000,0.000,0.000,,
533.733133,2026-03-16 16:36:45.271,ARDUINO_PSI,Arduino,0.000,0.000,0.000,,
533.833168,2026-03-16 16:36:45.371,ARDUINO_PSI,Arduino,0.000,0.000,0.000,,
533.934129,2026-03-16 16:36:45.472,ARDUINO_PSI,Arduino,0.000,0.000,0.000,,
534.032874,2026-03-16 16:36:45.571,ARDUINO_PSI,Arduino,0.000,0.000,0.000,,
534.133686,2026-03-16 16:36:45.672,ARDUINO_PSI,Arduino,0.000,0.000,0.000,,
534.233133,2026-03-16 16:36:45.771,ARDUINO_PSI,Arduino,0.000,0.000,0.000,,
534.333103,2026-03-16 16:36:45.871,ARDUINO_PSI,Arduino,0.000,0.000,0.000,,
534.433198,2026-03-16 16:36:45.971,ARDUINO_PSI,Arduino,0.000,0.000,0.000,,
534.534107,2026-03-16 16:36:46.072,ARDUINO_PSI,Arduino,0.000,0.000,0.000,,
534.633237,2026-03-16 16:36:46.171,ARDUINO_PSI,Arduino,0.000,0.000,0.000,,
534.734020,2026-03-16 16:36:46.272,ARDUINO_PSI,Arduino,0.000,0.000,0.000,,
534.833211,2026-03-16 16:36:46.371,ARDUINO_PSI,Arduino,0.000,0.000,0.000,,
534.933893,2026-03-16 16:36:46.472,ARDUINO_PSI,Arduino,0.000,0.000,0.000,,
535.034166,2026-03-16 16:36:46.572,ARDUINO_PSI,Arduino,0.000,0.000,0.000,,
535.133226,2026-03-16 16:36:46.671,ARDUINO_PSI,Arduino,0.000,0.000,0.000,,
535.233106,2026-03-16 16:36:46.771,ARDUINO_PSI,Arduino,0.000,0.000,0.000,,
535.333246,2026-03-16 16:36:46.871,ARDUINO_PSI,Arduino,0.000,0.000,0.000,,
535.434324,2026-03-16 16:36:46.972,ARDUINO_PSI,Arduino,0.000,0.000,0.000,,
535.533122,2026-03-16 16:36:47.071,ARDUINO_PSI,Arduino,0.000,0.000,0.000,,
535.633257,2026-03-16 16:36:47.171,ARDUINO_PSI,Arduino,0.000,0.000,0.000,,
535.733321,2026-03-16 16:36:47.271,ARDUINO_PSI,Arduino,0.000,0.000,0.000,,
535.833190,2026-03-16 16:36:47.371,ARDUINO_PSI,Arduino,0.000,0.000,0.000,,
535.933129,2026-03-16 16:36:47.471,ARDUINO_PSI,Arduino,0.000,0.000,0.000,,
536.033066,2026-03-16 16:36:47.571,ARDUINO_PSI,Arduino,0.000,0.000,0.000,,
536.134081,2026-03-16 16:36:47.672,ARDUINO_PSI,Arduino,0.000,0.000,0.000,,
536.233114,2026-03-16 16:36:47.771,ARDUINO_PSI,Arduino,0.000,0.000,0.000,,
536.332443,2026-03-16 16:36:47.870,ARDUINO_PSI,Arduino,0.000,0.000,0.000,,
536.433190,2026-03-16 16:36:47.971,ARDUINO_PSI,Arduino,0.000,0.000,0.000,,
536.533127,2026-03-16 16:36:48.071,ARDUINO_PSI,Arduino,0.000,0.000,0.000,,
536.633926,2026-03-16 16:36:48.172,ARDUINO_PSI,Arduino,0.000,0.000,0.000,,
536.734114,2026-03-16 16:36:48.272,ARDUINO_PSI,Arduino,0.000,0.000,0.000,,
536.832694,2026-03-16 16:36:48.371,ARDUINO_PSI,Arduino,0.000,0.000,0.000,,
536.934142,2026-03-16 16:36:48.472,ARDUINO_PSI,Arduino,0.000,0.000,0.000,,
537.032909,2026-03-16 16:36:48.571,ARDUINO_PSI,Arduino,0.000,0.000,0.000,,
537.133973,2026-03-16 16:36:48.672,ARDUINO_PSI,Arduino,0.000,0.000,0.000,,
537.233114,2026-03-16 16:36:48.771,ARDUINO_PSI,Arduino,0.000,0.000,0.000,,
537.333201,2026-03-16 16:36:48.871,ARDUINO_PSI,Arduino,0.000,0.000,0.000,,
537.433148,2026-03-16 16:36:48.971,ARDUINO_PSI,Arduino,0.000,0.000,0.000,,
537.533909,2026-03-16 16:36:49.072,ARDUINO_PSI,Arduino,0.000,0.000,0.000,,
537.633242,2026-03-16 16:36:49.171,ARDUINO_PSI,Arduino,0.000,0.000,0.000,,
537.733075,2026-03-16 16:36:49.271,ARDUINO_PSI,Arduino,0.000,0.000,0.000,,
537.833157,2026-03-16 16:36:49.371,ARDUINO_PSI,Arduino,0.000,0.000,0.000,,
537.933487,2026-03-16 16:36:49.471,ARDUINO_PSI,Arduino,0.000,0.000,0.000,,
538.033899,2026-03-16 16:36:49.572,ARDUINO_PSI,Arduino,0.000,0.000,0.000,,
538.133980,2026-03-16 16:36:49.672,ARDUINO_PSI,Arduino,0.000,0.000,0.000,,
538.233125,2026-03-16 16:36:49.771,ARDUINO_PSI,Arduino,0.000,0.000,0.000,,
538.333261,2026-03-16 16:36:49.871,ARDUINO_PSI,Arduino,0.000,0.000,0.000,,
538.433056,2026-03-16 16:36:49.971,ARDUINO_PSI,Arduino,0.000,0.000,0.000,,
538.534694,2026-03-16 16:36:50.073,ARDUINO_PSI,Arduino,0.000,0.000,0.000,,
538.634058,2026-03-16 16:36:50.172,ARDUINO_PSI,Arduino,0.000,0.000,0.000,,
538.734238,2026-03-16 16:36:50.272,ARDUINO_PSI,Arduino,0.000,0.000,0.000,,
538.833650,2026-03-16 16:36:50.372,ARDUINO_PSI,Arduino,0.000,0.000,0.000,,
538.933353,2026-03-16 16:36:50.471,ARDUINO_PSI,Arduino,0.000,0.000,0.000,,
539.033526,2026-03-16 16:36:50.571,ARDUINO_PSI,Arduino,0.000,0.000,0.000,,
539.133099,2026-03-16 16:36:50.671,ARDUINO_PSI,Arduino,0.000,0.000,0.000,,
539.233366,2026-03-16 16:36:50.771,ARDUINO_PSI,Arduino,0.000,0.000,0.000,,
539.333514,2026-03-16 16:36:50.871,ARDUINO_PSI,Arduino,0.000,0.000,0.000,,
539.433871,2026-03-16 16:36:50.972,ARDUINO_PSI,Arduino,0.000,0.000,0.000,,
539.533020,2026-03-16 16:36:51.071,ARDUINO_PSI,Arduino,0.000,0.000,0.000,,
539.633234,2026-03-16 16:36:51.171,ARDUINO_PSI,Arduino,0.000,0.000,0.000,,
539.734183,2026-03-16 16:36:51.272,ARDUINO_PSI,Arduino,0.000,0.000,0.000,,
539.834108,2026-03-16 16:36:51.372,ARDUINO_PSI,Arduino,0.000,0.000,0.000,,
539.934017,2026-03-16 16:36:51.472,ARDUINO_PSI,Arduino,0.000,0.000,0.000,,
540.034306,2026-03-16 16:36:51.572,ARDUINO_PSI,Arduino,0.000,0.000,0.000,,
540.133236,2026-03-16 16:36:51.671,ARDUINO_PSI,Arduino,0.000,0.000,0.000,,
540.233669,2026-03-16 16:36:51.772,ARDUINO_PSI,Arduino,0.000,0.000,0.000,,
540.334079,2026-03-16 16:36:51.872,ARDUINO_PSI,Arduino,0.000,0.000,0.000,,
540.433108,2026-03-16 16:36:51.971,ARDUINO_PSI,Arduino,0.000,0.000,0.000,,
540.533125,2026-03-16 16:36:52.071,ARDUINO_PSI,Arduino,0.000,0.000,0.000,,
540.633412,2026-03-16 16:36:52.171,ARDUINO_PSI,Arduino,0.000,0.000,0.000,,
540.732826,2026-03-16 16:36:52.271,ARDUINO_PSI,Arduino,0.000,0.000,0.000,,
540.833209,2026-03-16 16:36:52.371,ARDUINO_PSI,Arduino,0.000,0.000,0.000,,
540.933828,2026-03-16 16:36:52.472,ARDUINO_PSI,Arduino,0.000,0.000,0.000,,
541.033360,2026-03-16 16:36:52.571,ARDUINO_PSI,Arduino,0.000,0.000,0.000,,
541.134100,2026-03-16 16:36:52.672,ARDUINO_PSI,Arduino,0.000,0.000,0.000,,
541.232484,2026-03-16 16:36:52.770,ARDUINO_PSI,Arduino,0.000,0.000,0.000,,
541.333209,2026-03-16 16:36:52.871,ARDUINO_PSI,Arduino,0.000,0.000,0.000,,
541.433865,2026-03-16 16:36:52.972,ARDUINO_PSI,Arduino,0.000,0.000,0.000,,
541.533167,2026-03-16 16:36:53.071,ARDUINO_PSI,Arduino,0.000,0.000,0.000,,
541.634267,2026-03-16 16:36:53.172,ARDUINO_PSI,Arduino,0.000,0.000,0.000,,
541.733491,2026-03-16 16:36:53.271,ARDUINO_PSI,Arduino,0.000,0.000,0.000,,
541.833117,2026-03-16 16:36:53.371,ARDUINO_PSI,Arduino,0.000,0.000,0.000,,
541.934059,2026-03-16 16:36:53.472,ARDUINO_PSI,Arduino,0.000,0.000,0.000,,
542.033344,2026-03-16 16:36:53.571,ARDUINO_PSI,Arduino,0.000,0.000,0.000,,
542.134830,2026-03-16 16:36:53.673,ARDUINO_PSI,Arduino,0.000,0.000,0.000,,
542.233162,2026-03-16 16:36:53.771,ARDUINO_PSI,Arduino,0.000,0.000,0.000,,
542.333157,2026-03-16 16:36:53.871,ARDUINO_PSI,Arduino,0.000,0.000,0.000,,
542.434092,2026-03-16 16:36:53.972,ARDUINO_PSI,Arduino,0.000,0.000,0.000,,
542.533108,2026-03-16 16:36:54.071,ARDUINO_PSI,Arduino,0.000,0.000,0.000,,
542.633800,2026-03-16 16:36:54.172,ARDUINO_PSI,Arduino,0.000,0.000,0.000,,
542.734418,2026-03-16 16:36:54.272,ARDUINO_PSI,Arduino,0.000,0.000,0.000,,
542.833138,2026-03-16 16:36:54.371,ARDUINO_PSI,Arduino,0.000,0.000,0.000,,
542.933156,2026-03-16 16:36:54.471,ARDUINO_PSI,Arduino,0.000,0.000,0.000,,
543.033886,2026-03-16 16:36:54.572,ARDUINO_PSI,Arduino,0.000,0.000,0.000,,
543.133198,2026-03-16 16:36:54.671,ARDUINO_PSI,Arduino,0.000,0.000,0.000,,
543.233123,2026-03-16 16:36:54.771,ARDUINO_PSI,Arduino,0.000,0.000,0.000,,
543.334145,2026-03-16 16:36:54.872,ARDUINO_PSI,Arduino,0.000,0.000,0.000,,
543.433831,2026-03-16 16:36:54.972,ARDUINO_PSI,Arduino,0.000,0.000,0.000,,
543.533171,2026-03-16 16:36:55.071,ARDUINO_PSI,Arduino,0.000,0.000,0.000,,
543.634106,2026-03-16 16:36:55.172,ARDUINO_PSI,Arduino,0.000,0.000,0.000,,
543.733079,2026-03-16 16:36:55.271,ARDUINO_PSI,Arduino,0.000,0.000,0.000,,
543.834463,2026-03-16 16:36:55.372,ARDUINO_PSI,Arduino,0.000,0.000,0.000,,
543.934159,2026-03-16 16:36:55.472,ARDUINO_PSI,Arduino,0.000,0.000,0.000,,
544.032998,2026-03-16 16:36:55.571,ARDUINO_PSI,Arduino,0.000,0.000,0.000,,
544.134361,2026-03-16 16:36:55.672,ARDUINO_PSI,Arduino,0.000,0.000,0.000,,
544.233191,2026-03-16 16:36:55.771,ARDUINO_PSI,Arduino,0.000,0.000,0.000,,
544.333490,2026-03-16 16:36:55.871,ARDUINO_PSI,Arduino,0.000,0.000,0.000,,
544.433229,2026-03-16 16:36:55.971,ARDUINO_PSI,Arduino,0.000,0.000,0.000,,
544.533354,2026-03-16 16:36:56.071,ARDUINO_PSI,Arduino,0.000,0.000,0.000,,
544.634240,2026-03-16 16:36:56.172,ARDUINO_PSI,Arduino,0.000,0.000,0.000,,
544.733131,2026-03-16 16:36:56.271,ARDUINO_PSI,Arduino,0.000,0.000,0.000,,
544.834085,2026-03-16 16:36:56.372,ARDUINO_PSI,Arduino,0.000,0.000,0.000,,
544.933255,2026-03-16 16:36:56.471,ARDUINO_PSI,Arduino,0.000,0.000,0.000,,
545.033951,2026-03-16 16:36:56.572,ARDUINO_PSI,Arduino,0.000,0.000,0.000,,
545.133947,2026-03-16 16:36:56.672,ARDUINO_PSI,Arduino,0.000,0.000,0.000,,
545.233301,2026-03-16 16:36:56.771,ARDUINO_PSI,Arduino,0.000,0.000,0.000,,
545.333592,2026-03-16 16:36:56.871,ARDUINO_PSI,Arduino,0.000,0.000,0.000,,
545.433304,2026-03-16 16:36:56.971,ARDUINO_PSI,Arduino,0.000,0.000,0.000,,
545.533172,2026-03-16 16:36:57.071,ARDUINO_PSI,Arduino,0.000,0.000,0.000,,
545.633409,2026-03-16 16:36:57.171,ARDUINO_PSI,Arduino,0.000,0.000,0.000,,
545.733181,2026-03-16 16:36:57.271,ARDUINO_PSI,Arduino,0.000,0.000,0.000,,
545.833171,2026-03-16 16:36:57.371,ARDUINO_PSI,Arduino,0.000,0.000,0.000,,
545.932856,2026-03-16 16:36:57.471,ARDUINO_PSI,Arduino,0.000,0.000,0.000,,
546.033511,2026-03-16 16:36:57.571,ARDUINO_PSI,Arduino,0.000,0.000,0.000,,
546.133292,2026-03-16 16:36:57.671,ARDUINO_PSI,Arduino,0.000,0.000,0.000,,
546.234172,2026-03-16 16:36:57.772,ARDUINO_PSI,Arduino,0.000,0.000,0.000,,
546.333153,2026-03-16 16:36:57.871,ARDUINO_PSI,Arduino,0.000,0.000,0.000,,
546.434377,2026-03-16 16:36:57.972,ARDUINO_PSI,Arduino,0.000,0.000,0.000,,
546.533263,2026-03-16 16:36:58.071,ARDUINO_PSI,Arduino,0.000,0.000,0.000,,
546.633984,2026-03-16 16:36:58.172,ARDUINO_PSI,Arduino,0.000,0.000,0.000,,
546.732457,2026-03-16 16:36:58.270,ARDUINO_PSI,Arduino,0.000,0.000,0.000,,
546.833142,2026-03-16 16:36:58.371,ARDUINO_PSI,Arduino,0.000,0.000,0.000,,
546.933084,2026-03-16 16:36:58.471,ARDUINO_PSI,Arduino,0.000,0.000,0.000,,
547.033238,2026-03-16 16:36:58.571,ARDUINO_PSI,Arduino,0.000,0.000,0.000,,
547.132845,2026-03-16 16:36:58.671,ARDUINO_PSI,Arduino,0.000,0.000,0.000,,
547.233059,2026-03-16 16:36:58.771,ARDUINO_PSI,Arduino,0.000,0.000,0.000,,
547.333135,2026-03-16 16:36:58.871,ARDUINO_PSI,Arduino,0.000,0.000,0.000,,
547.433219,2026-03-16 16:36:58.971,ARDUINO_PSI,Arduino,0.000,0.000,0.000,,
547.532865,2026-03-16 16:36:59.071,ARDUINO_PSI,Arduino,0.000,0.000,0.000,,
547.632576,2026-03-16 16:36:59.170,ARDUINO_PSI,Arduino,0.000,0.000,0.000,,
547.733783,2026-03-16 16:36:59.272,ARDUINO_PSI,Arduino,0.000,0.000,0.000,,
547.833556,2026-03-16 16:36:59.371,ARDUINO_PSI,Arduino,0.000,0.000,0.000,,
547.933111,2026-03-16 16:36:59.471,ARDUINO_PSI,Arduino,0.000,0.000,0.000,,
548.032500,2026-03-16 16:36:59.570,ARDUINO_PSI,Arduino,0.000,0.000,0.000,,
548.133036,2026-03-16 16:36:59.671,ARDUINO_PSI,Arduino,0.000,0.000,0.000,,
548.233130,2026-03-16 16:36:59.771,ARDUINO_PSI,Arduino,0.000,0.000,0.000,,
548.332999,2026-03-16 16:36:59.871,ARDUINO_PSI,Arduino,0.000,0.000,0.000,,
548.433086,2026-03-16 16:36:59.971,ARDUINO_PSI,Arduino,0.000,0.000,0.000,,
548.535407,2026-03-16 16:37:00.073,ARDUINO_PSI,Arduino,0.000,0.000,0.000,,
548.633087,2026-03-16 16:37:00.171,ARDUINO_PSI,Arduino,0.000,0.000,0.000,,
548.733085,2026-03-16 16:37:00.271,ARDUINO_PSI,Arduino,0.000,0.000,0.000,,
548.833139,2026-03-16 16:37:00.371,ARDUINO_PSI,Arduino,0.000,0.000,0.000,,
548.932994,2026-03-16 16:37:00.471,ARDUINO_PSI,Arduino,0.000,0.000,0.000,,
549.033438,2026-03-16 16:37:00.571,ARDUINO_PSI,Arduino,0.000,0.000,0.000,,
549.133108,2026-03-16 16:37:00.671,ARDUINO_PSI,Arduino,0.000,0.000,0.000,,
549.233178,2026-03-16 16:37:00.771,ARDUINO_PSI,Arduino,0.000,0.000,0.000,,
549.333604,2026-03-16 16:37:00.871,ARDUINO_PSI,Arduino,0.000,0.000,0.000,,
549.433111,2026-03-16 16:37:00.971,ARDUINO_PSI,Arduino,0.000,0.000,0.000,,
549.533197,2026-03-16 16:37:01.071,ARDUINO_PSI,Arduino,0.000,0.000,0.000,,
549.633006,2026-03-16 16:37:01.171,ARDUINO_PSI,Arduino,0.000,0.000,0.000,,
549.733264,2026-03-16 16:37:01.271,ARDUINO_PSI,Arduino,0.000,0.000,0.000,,
549.833081,2026-03-16 16:37:01.371,ARDUINO_PSI,Arduino,0.000,0.000,0.000,,
549.933148,2026-03-16 16:37:01.471,ARDUINO_PSI,Arduino,0.000,0.000,0.000,,
550.033144,2026-03-16 16:37:01.571,ARDUINO_PSI,Arduino,0.000,0.000,0.000,,
550.133202,2026-03-16 16:37:01.671,ARDUINO_PSI,Arduino,0.000,0.000,0.000,,
550.233047,2026-03-16 16:37:01.771,ARDUINO_PSI,Arduino,0.000,0.000,0.000,,
550.333206,2026-03-16 16:37:01.871,ARDUINO_PSI,Arduino,0.000,0.000,0.000,,
550.433170,2026-03-16 16:37:01.971,ARDUINO_PSI,Arduino,0.000,0.000,0.000,,
550.533175,2026-03-16 16:37:02.071,ARDUINO_PSI,Arduino,0.000,0.000,0.000,,
550.633364,2026-03-16 16:37:02.171,ARDUINO_PSI,Arduino,0.000,0.000,0.000,,
550.733182,2026-03-16 16:37:02.271,ARDUINO_PSI,Arduino,0.000,0.000,0.000,,
550.832869,2026-03-16 16:37:02.371,ARDUINO_PSI,Arduino,0.000,0.000,0.000,,
550.933205,2026-03-16 16:37:02.471,ARDUINO_PSI,Arduino,0.000,0.000,0.000,,
551.033091,2026-03-16 16:37:02.571,ARDUINO_PSI,Arduino,0.000,0.000,0.000,,
551.133053,2026-03-16 16:37:02.671,ARDUINO_PSI,Arduino,0.000,0.000,0.000,,
551.233963,2026-03-16 16:37:02.772,ARDUINO_PSI,Arduino,0.000,0.000,0.000,,
551.333105,2026-03-16 16:37:02.871,ARDUINO_PSI,Arduino,0.000,0.000,0.000,,
551.433248,2026-03-16 16:37:02.971,ARDUINO_PSI,Arduino,0.000,0.000,0.000,,
551.532989,2026-03-16 16:37:03.071,ARDUINO_PSI,Arduino,0.000,0.000,0.000,,
551.633261,2026-03-16 16:37:03.171,ARDUINO_PSI,Arduino,0.000,0.000,0.000,,
551.733178,2026-03-16 16:37:03.271,ARDUINO_PSI,Arduino,0.000,0.000,0.000,,
551.833142,2026-03-16 16:37:03.371,ARDUINO_PSI,Arduino,0.000,0.000,0.000,,
551.933020,2026-03-16 16:37:03.471,ARDUINO_PSI,Arduino,0.000,0.000,0.000,,
552.032651,2026-03-16 16:37:03.571,ARDUINO_PSI,Arduino,0.000,0.000,0.000,,
552.133101,2026-03-16 16:37:03.671,ARDUINO_PSI,Arduino,0.000,0.000,0.000,,
552.234197,2026-03-16 16:37:03.772,ARDUINO_PSI,Arduino,0.000,0.000,0.000,,
552.333277,2026-03-16 16:37:03.871,ARDUINO_PSI,Arduino,0.000,0.000,0.000,,
552.432933,2026-03-16 16:37:03.971,ARDUINO_PSI,Arduino,0.000,0.000,0.000,,
552.533277,2026-03-16 16:37:04.071,ARDUINO_PSI,Arduino,0.000,0.000,0.000,,
552.633215,2026-03-16 16:37:04.171,ARDUINO_PSI,Arduino,0.000,0.000,0.000,,
552.733260,2026-03-16 16:37:04.271,ARDUINO_PSI,Arduino,0.000,0.000,0.000,,
552.832978,2026-03-16 16:37:04.371,ARDUINO_PSI,Arduino,0.000,0.000,0.000,,
552.933014,2026-03-16 16:37:04.471,ARDUINO_PSI,Arduino,0.000,0.000,0.000,,
553.033047,2026-03-16 16:37:04.571,ARDUINO_PSI,Arduino,0.000,0.000,0.000,,
553.133187,2026-03-16 16:37:04.671,ARDUINO_PSI,Arduino,0.000,0.000,0.000,,
553.233174,2026-03-16 16:37:04.771,ARDUINO_PSI,Arduino,0.000,0.000,0.000,,
553.333148,2026-03-16 16:37:04.871,ARDUINO_PSI,Arduino,0.000,0.000,0.000,,
553.433812,2026-03-16 16:37:04.972,ARDUINO_PSI,Arduino,0.000,0.000,0.000,,
553.533253,2026-03-16 16:37:05.071,ARDUINO_PSI,Arduino,0.000,0.000,0.000,,
553.633106,2026-03-16 16:37:05.171,ARDUINO_PSI,Arduino,0.000,0.000,0.000,,
553.733087,2026-03-16 16:37:05.271,ARDUINO_PSI,Arduino,0.000,0.000,0.000,,
553.833260,2026-03-16 16:37:05.371,ARDUINO_PSI,Arduino,0.000,0.000,0.000,,
553.933985,2026-03-16 16:37:05.472,ARDUINO_PSI,Arduino,0.000,0.000,0.000,,
554.033237,2026-03-16 16:37:05.571,ARDUINO_PSI,Arduino,0.000,0.000,0.000,,
554.133561,2026-03-16 16:37:05.671,ARDUINO_PSI,Arduino,0.000,0.000,0.000,,
554.233139,2026-03-16 16:37:05.771,ARDUINO_PSI,Arduino,0.000,0.000,0.000,,
554.333629,2026-03-16 16:37:05.871,ARDUINO_PSI,Arduino,0.000,0.000,0.000,,
554.432984,2026-03-16 16:37:05.971,ARDUINO_PSI,Arduino,0.000,0.000,0.000,,
554.533025,2026-03-16 16:37:06.071,ARDUINO_PSI,Arduino,0.000,0.000,0.000,,
554.632670,2026-03-16 16:37:06.171,ARDUINO_PSI,Arduino,0.000,0.000,0.000,,
554.733157,2026-03-16 16:37:06.271,ARDUINO_PSI,Arduino,0.000,0.000,0.000,,
554.833147,2026-03-16 16:37:06.371,ARDUINO_PSI,Arduino,0.000,0.000,0.000,,
554.933225,2026-03-16 16:37:06.471,ARDUINO_PSI,Arduino,0.000,0.000,0.000,,
555.033091,2026-03-16 16:37:06.571,ARDUINO_PSI,Arduino,0.000,0.000,0.000,,
555.133610,2026-03-16 16:37:06.671,ARDUINO_PSI,Arduino,0.000,0.000,0.000,,
555.233177,2026-03-16 16:37:06.771,ARDUINO_PSI,Arduino,0.000,0.000,0.000,,
555.333212,2026-03-16 16:37:06.871,ARDUINO_PSI,Arduino,0.000,0.000,0.000,,
555.433130,2026-03-16 16:37:06.971,ARDUINO_PSI,Arduino,0.000,0.000,0.000,,
555.533049,2026-03-16 16:37:07.071,ARDUINO_PSI,Arduino,0.000,0.000,0.000,,
555.633123,2026-03-16 16:37:07.171,ARDUINO_PSI,Arduino,0.000,0.000,0.000,,
555.733194,2026-03-16 16:37:07.271,ARDUINO_PSI,Arduino,0.000,0.000,0.000,,
555.832936,2026-03-16 16:37:07.371,ARDUINO_PSI,Arduino,0.000,0.000,0.000,,
555.933151,2026-03-16 16:37:07.471,ARDUINO_PSI,Arduino,0.000,0.000,0.000,,
556.032543,2026-03-16 16:37:07.570,ARDUINO_PSI,Arduino,0.000,0.000,0.000,,
556.133129,2026-03-16 16:37:07.671,ARDUINO_PSI,Arduino,0.000,0.000,0.000,,
556.233149,2026-03-16 16:37:07.771,ARDUINO_PSI,Arduino,0.000,0.000,0.000,,
556.332537,2026-03-16 16:37:07.870,ARDUINO_PSI,Arduino,0.000,0.000,0.000,,
556.433140,2026-03-16 16:37:07.971,ARDUINO_PSI,Arduino,0.000,0.000,0.000,,
556.533055,2026-03-16 16:37:08.071,ARDUINO_PSI,Arduino,0.000,0.000,0.000,,
556.633121,2026-03-16 16:37:08.171,ARDUINO_PSI,Arduino,0.000,0.000,0.000,,
556.733427,2026-03-16 16:37:08.271,ARDUINO_PSI,Arduino,0.000,0.000,0.000,,
556.833209,2026-03-16 16:37:08.371,ARDUINO_PSI,Arduino,0.000,0.000,0.000,,
556.933226,2026-03-16 16:37:08.471,ARDUINO_PSI,Arduino,0.000,0.000,0.000,,
557.033448,2026-03-16 16:37:08.571,ARDUINO_PSI,Arduino,0.000,0.000,0.000,,
557.133011,2026-03-16 16:37:08.671,ARDUINO_PSI,Arduino,0.000,0.000,0.000,,
557.233234,2026-03-16 16:37:08.771,ARDUINO_PSI,Arduino,0.000,0.000,0.000,,
557.333351,2026-03-16 16:37:08.871,ARDUINO_PSI,Arduino,0.000,0.000,0.000,,
557.433366,2026-03-16 16:37:08.971,ARDUINO_PSI,Arduino,0.000,0.000,0.000,,
557.533062,2026-03-16 16:37:09.071,ARDUINO_PSI,Arduino,0.000,0.000,0.000,,
557.633378,2026-03-16 16:37:09.171,ARDUINO_PSI,Arduino,0.000,0.000,0.000,,
557.733155,2026-03-16 16:37:09.271,ARDUINO_PSI,Arduino,0.000,0.000,0.000,,
557.832992,2026-03-16 16:37:09.371,ARDUINO_PSI,Arduino,0.000,0.000,0.000,,
557.933232,2026-03-16 16:37:09.471,ARDUINO_PSI,Arduino,0.000,0.000,0.000,,
558.033127,2026-03-16 16:37:09.571,ARDUINO_PSI,Arduino,0.000,0.000,0.000,,
558.133454,2026-03-16 16:37:09.671,ARDUINO_PSI,Arduino,0.000,0.000,0.000,,
558.232457,2026-03-16 16:37:09.770,ARDUINO_PSI,Arduino,0.000,0.000,0.000,,
558.332585,2026-03-16 16:37:09.870,ARDUINO_PSI,Arduino,0.000,0.000,0.000,,
558.432665,2026-03-16 16:37:09.971,ARDUINO_PSI,Arduino,0.000,0.000,0.000,,
558.533163,2026-03-16 16:37:10.071,ARDUINO_PSI,Arduino,0.000,0.000,0.000,,
558.633550,2026-03-16 16:37:10.171,ARDUINO_PSI,Arduino,0.000,0.000,0.000,,
558.733210,2026-03-16 16:37:10.271,ARDUINO_PSI,Arduino,0.000,0.000,0.000,,
558.832461,2026-03-16 16:37:10.370,ARDUINO_PSI,Arduino,0.000,0.000,0.000,,
558.933311,2026-03-16 16:37:10.471,ARDUINO_PSI,Arduino,0.000,0.000,0.000,,
559.033275,2026-03-16 16:37:10.571,ARDUINO_PSI,Arduino,0.000,0.000,0.000,,
559.133270,2026-03-16 16:37:10.671,ARDUINO_PSI,Arduino,0.000,0.000,0.000,,
559.233201,2026-03-16 16:37:10.771,ARDUINO_PSI,Arduino,0.000,0.000,0.000,,
559.332682,2026-03-16 16:37:10.871,ARDUINO_PSI,Arduino,0.000,0.000,0.000,,
559.433170,2026-03-16 16:37:10.971,ARDUINO_PSI,Arduino,0.000,0.000,0.000,,
559.533131,2026-03-16 16:37:11.071,ARDUINO_PSI,Arduino,0.000,0.000,0.000,,
559.633116,2026-03-16 16:37:11.171,ARDUINO_PSI,Arduino,0.000,0.000,0.000,,
559.733010,2026-03-16 16:37:11.271,ARDUINO_PSI,Arduino,0.000,0.000,0.000,,
559.833409,2026-03-16 16:37:11.371,ARDUINO_PSI,Arduino,0.000,0.000,0.000,,
559.933220,2026-03-16 16:37:11.471,ARDUINO_PSI,Arduino,0.000,0.000,0.000,,
560.032569,2026-03-16 16:37:11.570,ARDUINO_PSI,Arduino,0.000,0.000,0.000,,
560.133196,2026-03-16 16:37:11.671,ARDUINO_PSI,Arduino,0.000,0.000,0.000,,
560.233185,2026-03-16 16:37:11.771,ARDUINO_PSI,Arduino,0.000,0.000,0.000,,
560.334551,2026-03-16 16:37:11.872,ARDUINO_PSI,Arduino,0.000,0.000,0.000,,
560.433309,2026-03-16 16:37:11.971,ARDUINO_PSI,Arduino,0.000,0.000,0.000,,
560.533379,2026-03-16 16:37:12.071,ARDUINO_PSI,Arduino,0.000,0.000,0.000,,
560.633251,2026-03-16 16:37:12.171,ARDUINO_PSI,Arduino,0.000,0.000,0.000,,
560.733206,2026-03-16 16:37:12.271,ARDUINO_PSI,Arduino,0.000,0.000,0.000,,
560.833061,2026-03-16 16:37:12.371,ARDUINO_PSI,Arduino,0.000,0.000,0.000,,
560.933572,2026-03-16 16:37:12.471,ARDUINO_PSI,Arduino,0.000,0.000,0.000,,
561.033418,2026-03-16 16:37:12.571,ARDUINO_PSI,Arduino,0.000,0.000,0.000,,
561.132732,2026-03-16 16:37:12.671,ARDUINO_PSI,Arduino,0.000,0.000,0.000,,
561.233566,2026-03-16 16:37:12.771,ARDUINO_PSI,Arduino,0.000,0.000,0.000,,
561.333139,2026-03-16 16:37:12.871,ARDUINO_PSI,Arduino,0.000,0.000,0.000,,
561.433478,2026-03-16 16:37:12.971,ARDUINO_PSI,Arduino,0.000,0.000,0.000,,
561.533076,2026-03-16 16:37:13.071,ARDUINO_PSI,Arduino,0.000,0.000,0.000,,
561.633058,2026-03-16 16:37:13.171,ARDUINO_PSI,Arduino,0.000,0.000,0.000,,
561.733157,2026-03-16 16:37:13.271,ARDUINO_PSI,Arduino,0.000,0.000,0.000,,
561.833120,2026-03-16 16:37:13.371,ARDUINO_PSI,Arduino,0.000,0.000,0.000,,
561.933562,2026-03-16 16:37:13.471,ARDUINO_PSI,Arduino,0.000,0.000,0.000,,
562.032688,2026-03-16 16:37:13.571,ARDUINO_PSI,Arduino,0.000,0.000,0.000,,
562.133126,2026-03-16 16:37:13.671,ARDUINO_PSI,Arduino,0.000,0.000,0.000,,
562.233034,2026-03-16 16:37:13.771,ARDUINO_PSI,Arduino,0.000,0.000,0.000,,
562.333510,2026-03-16 16:37:13.871,ARDUINO_PSI,Arduino,0.000,0.000,0.000,,
562.432568,2026-03-16 16:37:13.970,ARDUINO_PSI,Arduino,0.000,0.000,0.000,,
562.532491,2026-03-16 16:37:14.070,ARDUINO_PSI,Arduino,0.000,0.000,0.000,,
562.633228,2026-03-16 16:37:14.171,ARDUINO_PSI,Arduino,0.000,0.000,0.000,,
562.732977,2026-03-16 16:37:14.271,ARDUINO_PSI,Arduino,0.000,0.000,0.000,,
562.833248,2026-03-16 16:37:14.371,ARDUINO_PSI,Arduino,0.000,0.000,0.000,,
562.933037,2026-03-16 16:37:14.471,ARDUINO_PSI,Arduino,0.000,0.000,0.000,,
563.033196,2026-03-16 16:37:14.571,ARDUINO_PSI,Arduino,0.000,0.000,0.000,,
563.133107,2026-03-16 16:37:14.671,ARDUINO_PSI,Arduino,0.000,0.000,0.000,,
563.233230,2026-03-16 16:37:14.771,ARDUINO_PSI,Arduino,0.000,0.000,0.000,,
563.333655,2026-03-16 16:37:14.872,ARDUINO_PSI,Arduino,0.000,0.000,0.000,,
563.433084,2026-03-16 16:37:14.971,ARDUINO_PSI,Arduino,0.000,0.000,0.000,,
563.533053,2026-03-16 16:37:15.071,ARDUINO_PSI,Arduino,0.000,0.000,0.000,,
563.633192,2026-03-16 16:37:15.171,ARDUINO_PSI,Arduino,0.000,0.000,0.000,,
563.732658,2026-03-16 16:37:15.271,ARDUINO_PSI,Arduino,0.000,0.000,0.000,,
563.833726,2026-03-16 16:37:15.372,ARDUINO_PSI,Arduino,0.000,0.000,0.000,,
563.933171,2026-03-16 16:37:15.471,ARDUINO_PSI,Arduino,0.000,0.000,0.000,,
564.033065,2026-03-16 16:37:15.571,ARDUINO_PSI,Arduino,0.000,0.000,0.000,,
564.133174,2026-03-16 16:37:15.671,ARDUINO_PSI,Arduino,0.000,0.000,0.000,,
564.233936,2026-03-16 16:37:15.772,ARDUINO_PSI,Arduino,0.000,0.000,0.000,,
564.333373,2026-03-16 16:37:15.871,ARDUINO_PSI,Arduino,0.000,0.000,0.000,,
564.433193,2026-03-16 16:37:15.971,ARDUINO_PSI,Arduino,0.000,0.000,0.000,,
564.533089,2026-03-16 16:37:16.071,ARDUINO_PSI,Arduino,0.000,0.000,0.000,,
564.633171,2026-03-16 16:37:16.171,ARDUINO_PSI,Arduino,0.000,0.000,0.000,,
564.733803,2026-03-16 16:37:16.272,ARDUINO_PSI,Arduino,0.000,0.000,0.000,,
564.833177,2026-03-16 16:37:16.371,ARDUINO_PSI,Arduino,0.000,0.000,0.000,,
564.933200,2026-03-16 16:37:16.471,ARDUINO_PSI,Arduino,0.000,0.000,0.000,,
565.033169,2026-03-16 16:37:16.571,ARDUINO_PSI,Arduino,0.000,0.000,0.000,,
565.133376,2026-03-16 16:37:16.671,ARDUINO_PSI,Arduino,0.000,0.000,0.000,,
565.233192,2026-03-16 16:37:16.771,ARDUINO_PSI,Arduino,0.000,0.000,0.000,,
565.333260,2026-03-16 16:37:16.871,ARDUINO_PSI,Arduino,0.000,0.000,0.000,,
565.433176,2026-03-16 16:37:16.971,ARDUINO_PSI,Arduino,0.000,0.000,0.000,,
565.533843,2026-03-16 16:37:17.072,ARDUINO_PSI,Arduino,0.000,0.000,0.000,,
565.633179,2026-03-16 16:37:17.171,ARDUINO_PSI,Arduino,0.000,0.000,0.000,,
565.733223,2026-03-16 16:37:17.271,ARDUINO_PSI,Arduino,0.000,0.000,0.000,,
565.833661,2026-03-16 16:37:17.372,ARDUINO_PSI,Arduino,0.000,0.000,0.000,,
565.933123,2026-03-16 16:37:17.471,ARDUINO_PSI,Arduino,0.000,0.000,0.000,,
566.033201,2026-03-16 16:37:17.571,ARDUINO_PSI,Arduino,0.000,0.000,0.000,,
566.133108,2026-03-16 16:37:17.671,ARDUINO_PSI,Arduino,0.000,0.000,0.000,,
566.233269,2026-03-16 16:37:17.771,ARDUINO_PSI,Arduino,0.000,0.000,0.000,,
566.333284,2026-03-16 16:37:17.871,ARDUINO_PSI,Arduino,0.000,0.000,0.000,,
566.433216,2026-03-16 16:37:17.971,ARDUINO_PSI,Arduino,0.000,0.000,0.000,,
566.533650,2026-03-16 16:37:18.072,ARDUINO_PSI,Arduino,0.000,0.000,0.000,,
566.633203,2026-03-16 16:37:18.171,ARDUINO_PSI,Arduino,0.000,0.000,0.000,,
566.733251,2026-03-16 16:37:18.271,ARDUINO_PSI,Arduino,0.000,0.000,0.000,,
566.833333,2026-03-16 16:37:18.371,ARDUINO_PSI,Arduino,0.000,0.000,0.000,,
566.933091,2026-03-16 16:37:18.471,ARDUINO_PSI,Arduino,0.000,0.000,0.000,,
567.033222,2026-03-16 16:37:18.571,ARDUINO_PSI,Arduino,0.000,0.000,0.000,,
567.133161,2026-03-16 16:37:18.671,ARDUINO_PSI,Arduino,0.000,0.000,0.000,,
567.234118,2026-03-16 16:37:18.772,ARDUINO_PSI,Arduino,0.000,0.000,0.000,,
567.333177,2026-03-16 16:37:18.871,ARDUINO_PSI,Arduino,0.000,0.000,0.000,,
567.433069,2026-03-16 16:37:18.971,ARDUINO_PSI,Arduino,0.000,0.000,0.000,,
567.533176,2026-03-16 16:37:19.071,ARDUINO_PSI,Arduino,0.000,0.000,0.000,,
567.633292,2026-03-16 16:37:19.171,ARDUINO_PSI,Arduino,0.000,0.000,0.000,,
567.733846,2026-03-16 16:37:19.272,ARDUINO_PSI,Arduino,0.000,0.000,0.000,,
567.833154,2026-03-16 16:37:19.371,ARDUINO_PSI,Arduino,0.000,0.000,0.000,,
567.933116,2026-03-16 16:37:19.471,ARDUINO_PSI,Arduino,0.000,0.000,0.000,,
568.033268,2026-03-16 16:37:19.571,ARDUINO_PSI,Arduino,0.000,0.000,0.000,,
568.133164,2026-03-16 16:37:19.671,ARDUINO_PSI,Arduino,0.000,0.000,0.000,,
568.232950,2026-03-16 16:37:19.771,ARDUINO_PSI,Arduino,0.000,0.000,0.000,,
568.332764,2026-03-16 16:37:19.871,ARDUINO_PSI,Arduino,0.000,0.000,0.000,,
568.433276,2026-03-16 16:37:19.971,ARDUINO_PSI,Arduino,0.000,0.000,0.000,,
568.533241,2026-03-16 16:37:20.071,ARDUINO_PSI,Arduino,0.000,0.000,0.000,,
568.633302,2026-03-16 16:37:20.171,ARDUINO_PSI,Arduino,0.000,0.000,0.000,,
568.733198,2026-03-16 16:37:20.271,ARDUINO_PSI,Arduino,0.000,0.000,0.000,,
568.833224,2026-03-16 16:37:20.371,ARDUINO_PSI,Arduino,0.000,0.000,0.000,,
568.933096,2026-03-16 16:37:20.471,ARDUINO_PSI,Arduino,0.000,0.000,0.000,,
569.032757,2026-03-16 16:37:20.571,ARDUINO_PSI,Arduino,0.000,0.000,0.000,,
569.133326,2026-03-16 16:37:20.671,ARDUINO_PSI,Arduino,0.000,0.000,0.000,,
569.233111,2026-03-16 16:37:20.771,ARDUINO_PSI,Arduino,0.000,0.000,0.000,,
569.333169,2026-03-16 16:37:20.871,ARDUINO_PSI,Arduino,0.000,0.000,0.000,,
569.433584,2026-03-16 16:37:20.971,ARDUINO_PSI,Arduino,0.000,0.000,0.000,,
569.533233,2026-03-16 16:37:21.071,ARDUINO_PSI,Arduino,0.000,0.000,0.000,,
569.632762,2026-03-16 16:37:21.171,ARDUINO_PSI,Arduino,0.000,0.000,0.000,,
569.733273,2026-03-16 16:37:21.271,ARDUINO_PSI,Arduino,0.000,0.000,0.000,,
569.833459,2026-03-16 16:37:21.371,ARDUINO_PSI,Arduino,0.000,0.000,0.000,,
569.933167,2026-03-16 16:37:21.471,ARDUINO_PSI,Arduino,0.000,0.000,0.000,,
570.033181,2026-03-16 16:37:21.571,ARDUINO_PSI,Arduino,0.000,0.000,0.000,,
570.133356,2026-03-16 16:37:21.671,ARDUINO_PSI,Arduino,0.000,0.000,0.000,,
570.232992,2026-03-16 16:37:21.771,ARDUINO_PSI,Arduino,0.000,0.000,0.000,,
570.333619,2026-03-16 16:37:21.871,ARDUINO_PSI,Arduino,0.000,0.000,0.000,,
570.433351,2026-03-16 16:37:21.971,ARDUINO_PSI,Arduino,0.000,0.000,0.000,,
570.533821,2026-03-16 16:37:22.072,ARDUINO_PSI,Arduino,0.000,0.000,0.000,,
570.633252,2026-03-16 16:37:22.171,ARDUINO_PSI,Arduino,0.000,0.000,0.000,,
570.733315,2026-03-16 16:37:22.271,ARDUINO_PSI,Arduino,0.000,0.000,0.000,,
570.833301,2026-03-16 16:37:22.371,ARDUINO_PSI,Arduino,0.000,0.000,0.000,,
570.933110,2026-03-16 16:37:22.471,ARDUINO_PSI,Arduino,0.000,0.000,0.000,,
571.032538,2026-03-16 16:37:22.570,ARDUINO_PSI,Arduino,0.000,0.000,0.000,,
571.133142,2026-03-16 16:37:22.671,ARDUINO_PSI,Arduino,0.000,0.000,0.000,,
571.233220,2026-03-16 16:37:22.771,ARDUINO_PSI,Arduino,0.000,0.000,0.000,,
571.333107,2026-03-16 16:37:22.871,ARDUINO_PSI,Arduino,0.000,0.000,0.000,,
571.433166,2026-03-16 16:37:22.971,ARDUINO_PSI,Arduino,0.000,0.000,0.000,,
571.533221,2026-03-16 16:37:23.071,ARDUINO_PSI,Arduino,0.000,0.000,0.000,,
571.633211,2026-03-16 16:37:23.171,ARDUINO_PSI,Arduino,0.000,0.000,0.000,,
571.733405,2026-03-16 16:37:23.271,ARDUINO_PSI,Arduino,0.000,0.000,0.000,,
571.833037,2026-03-16 16:37:23.371,ARDUINO_PSI,Arduino,0.000,0.000,0.000,,
571.933246,2026-03-16 16:37:23.471,ARDUINO_PSI,Arduino,0.000,0.000,0.000,,
572.033128,2026-03-16 16:37:23.571,ARDUINO_PSI,Arduino,0.000,0.000,0.000,,
572.133183,2026-03-16 16:37:23.671,ARDUINO_PSI,Arduino,0.000,0.000,0.000,,
572.233331,2026-03-16 16:37:23.771,ARDUINO_PSI,Arduino,0.000,0.000,0.000,,
572.333109,2026-03-16 16:37:23.871,ARDUINO_PSI,Arduino,0.000,0.000,0.000,,
572.433096,2026-03-16 16:37:23.971,ARDUINO_PSI,Arduino,0.000,0.000,0.000,,
572.533169,2026-03-16 16:37:24.071,ARDUINO_PSI,Arduino,0.000,0.000,0.000,,
572.633251,2026-03-16 16:37:24.171,ARDUINO_PSI,Arduino,0.000,0.000,0.000,,
572.733197,2026-03-16 16:37:24.271,ARDUINO_PSI,Arduino,0.000,0.000,0.000,,
572.833141,2026-03-16 16:37:24.371,ARDUINO_PSI,Arduino,0.000,0.000,0.000,,
572.932599,2026-03-16 16:37:24.470,ARDUINO_PSI,Arduino,0.000,0.000,0.000,,
573.032643,2026-03-16 16:37:24.571,ARDUINO_PSI,Arduino,0.000,0.000,0.000,,
573.133035,2026-03-16 16:37:24.671,ARDUINO_PSI,Arduino,0.000,0.000,0.000,,
573.233025,2026-03-16 16:37:24.771,ARDUINO_PSI,Arduino,0.000,0.000,0.000,,
573.333329,2026-03-16 16:37:24.871,ARDUINO_PSI,Arduino,0.000,0.000,0.000,,
573.433590,2026-03-16 16:37:24.971,ARDUINO_PSI,Arduino,0.000,0.000,0.000,,
573.533136,2026-03-16 16:37:25.071,ARDUINO_PSI,Arduino,0.000,0.000,0.000,,
573.633093,2026-03-16 16:37:25.171,ARDUINO_PSI,Arduino,0.000,0.000,0.000,,
573.732780,2026-03-16 16:37:25.271,ARDUINO_PSI,Arduino,0.000,0.000,0.000,,
573.833133,2026-03-16 16:37:25.371,ARDUINO_PSI,Arduino,0.000,0.000,0.000,,
573.933234,2026-03-16 16:37:25.471,ARDUINO_PSI,Arduino,0.000,0.000,0.000,,
574.033323,2026-03-16 16:37:25.571,ARDUINO_PSI,Arduino,0.000,0.000,0.000,,
574.133397,2026-03-16 16:37:25.671,ARDUINO_PSI,Arduino,0.000,0.000,0.000,,
574.233263,2026-03-16 16:37:25.771,ARDUINO_PSI,Arduino,0.000,0.000,0.000,,
574.333433,2026-03-16 16:37:25.871,ARDUINO_PSI,Arduino,0.000,0.000,0.000,,
574.433291,2026-03-16 16:37:25.971,ARDUINO_PSI,Arduino,0.000,0.000,0.000,,
574.532708,2026-03-16 16:37:26.071,ARDUINO_PSI,Arduino,0.000,0.000,0.000,,
574.633216,2026-03-16 16:37:26.171,ARDUINO_PSI,Arduino,0.000,0.000,0.000,,
574.733257,2026-03-16 16:37:26.271,ARDUINO_PSI,Arduino,0.000,0.000,0.000,,
574.833250,2026-03-16 16:37:26.371,ARDUINO_PSI,Arduino,0.000,0.000,0.000,,
574.933146,2026-03-16 16:37:26.471,ARDUINO_PSI,Arduino,0.000,0.000,0.000,,
575.033204,2026-03-16 16:37:26.571,ARDUINO_PSI,Arduino,0.000,0.000,0.000,,
575.133493,2026-03-16 16:37:26.671,ARDUINO_PSI,Arduino,0.000,0.000,0.000,,
575.234060,2026-03-16 16:37:26.772,ARDUINO_PSI,Arduino,0.000,0.000,0.000,,
575.333510,2026-03-16 16:37:26.871,ARDUINO_PSI,Arduino,0.000,0.000,0.000,,
575.433272,2026-03-16 16:37:26.971,ARDUINO_PSI,Arduino,0.000,0.000,0.000,,
575.533107,2026-03-16 16:37:27.071,ARDUINO_PSI,Arduino,0.000,0.000,0.000,,
575.633499,2026-03-16 16:37:27.171,ARDUINO_PSI,Arduino,0.000,0.000,0.000,,
575.734282,2026-03-16 16:37:27.272,ARDUINO_PSI,Arduino,0.000,0.000,0.000,,
575.833208,2026-03-16 16:37:27.371,ARDUINO_PSI,Arduino,0.000,0.000,0.000,,
575.933266,2026-03-16 16:37:27.471,ARDUINO_PSI,Arduino,0.000,0.000,0.000,,
576.033281,2026-03-16 16:37:27.571,ARDUINO_PSI,Arduino,0.000,0.000,0.000,,
576.133274,2026-03-16 16:37:27.671,ARDUINO_PSI,Arduino,0.000,0.000,0.000,,
576.233099,2026-03-16 16:37:27.771,ARDUINO_PSI,Arduino,0.000,0.000,0.000,,
576.333456,2026-03-16 16:37:27.871,ARDUINO_PSI,Arduino,0.000,0.000,0.000,,
576.434186,2026-03-16 16:37:27.972,ARDUINO_PSI,Arduino,0.000,0.000,0.000,,
576.533023,2026-03-16 16:37:28.071,ARDUINO_PSI,Arduino,0.000,0.000,0.000,,
576.633527,2026-03-16 16:37:28.171,ARDUINO_PSI,Arduino,0.000,0.000,0.000,,
576.733168,2026-03-16 16:37:28.271,ARDUINO_PSI,Arduino,0.000,0.000,0.000,,
576.833269,2026-03-16 16:37:28.371,ARDUINO_PSI,Arduino,0.000,0.000,0.000,,
576.933146,2026-03-16 16:37:28.471,ARDUINO_PSI,Arduino,0.000,0.000,0.000,,
577.033350,2026-03-16 16:37:28.571,ARDUINO_PSI,Arduino,0.000,0.000,0.000,,
577.133264,2026-03-16 16:37:28.671,ARDUINO_PSI,Arduino,0.000,0.000,0.000,,
577.233113,2026-03-16 16:37:28.771,ARDUINO_PSI,Arduino,0.000,0.000,0.000,,
577.333215,2026-03-16 16:37:28.871,ARDUINO_PSI,Arduino,0.000,0.000,0.000,,
577.433161,2026-03-16 16:37:28.971,ARDUINO_PSI,Arduino,0.000,0.000,0.000,,
577.534264,2026-03-16 16:37:29.072,ARDUINO_PSI,Arduino,0.000,0.000,0.000,,
577.633283,2026-03-16 16:37:29.171,ARDUINO_PSI,Arduino,0.000,0.000,0.000,,
577.733145,2026-03-16 16:37:29.271,ARDUINO_PSI,Arduino,0.000,0.000,0.000,,
577.833298,2026-03-16 16:37:29.371,ARDUINO_PSI,Arduino,0.000,0.000,0.000,,
577.933255,2026-03-16 16:37:29.471,ARDUINO_PSI,Arduino,0.000,0.000,0.000,,
578.033196,2026-03-16 16:37:29.571,ARDUINO_PSI,Arduino,0.000,0.000,0.000,,
578.133360,2026-03-16 16:37:29.671,ARDUINO_PSI,Arduino,0.000,0.000,0.000,,
578.233311,2026-03-16 16:37:29.771,ARDUINO_PSI,Arduino,0.000,0.000,0.000,,
578.333301,2026-03-16 16:37:29.871,ARDUINO_PSI,Arduino,0.000,0.000,0.000,,
578.433131,2026-03-16 16:37:29.971,ARDUINO_PSI,Arduino,0.000,0.000,0.000,,
578.533157,2026-03-16 16:37:30.071,ARDUINO_PSI,Arduino,0.000,0.000,0.000,,
578.633184,2026-03-16 16:37:30.171,ARDUINO_PSI,Arduino,0.000,0.000,0.000,,
578.733319,2026-03-16 16:37:30.271,ARDUINO_PSI,Arduino,0.000,0.000,0.000,,
578.833322,2026-03-16 16:37:30.371,ARDUINO_PSI,Arduino,0.000,0.000,0.000,,
578.933112,2026-03-16 16:37:30.471,ARDUINO_PSI,Arduino,0.000,0.000,0.000,,
579.033249,2026-03-16 16:37:30.571,ARDUINO_PSI,Arduino,0.000,0.000,0.000,,
579.133633,2026-03-16 16:37:30.672,ARDUINO_PSI,Arduino,0.000,0.000,0.000,,
579.233216,2026-03-16 16:37:30.771,ARDUINO_PSI,Arduino,0.000,0.000,0.000,,
579.333244,2026-03-16 16:37:30.871,ARDUINO_PSI,Arduino,0.000,0.000,0.000,,
579.433518,2026-03-16 16:37:30.971,ARDUINO_PSI,Arduino,0.000,0.000,0.000,,
579.533276,2026-03-16 16:37:31.071,ARDUINO_PSI,Arduino,0.000,0.000,0.000,,
579.633474,2026-03-16 16:37:31.171,ARDUINO_PSI,Arduino,0.000,0.000,0.000,,
579.733192,2026-03-16 16:37:31.271,ARDUINO_PSI,Arduino,0.000,0.000,0.000,,
579.833288,2026-03-16 16:37:31.371,ARDUINO_PSI,Arduino,0.000,0.000,0.000,,
579.933166,2026-03-16 16:37:31.471,ARDUINO_PSI,Arduino,0.000,0.000,0.000,,
580.032660,2026-03-16 16:37:31.571,ARDUINO_PSI,Arduino,0.000,0.000,0.000,,
580.133737,2026-03-16 16:37:31.672,ARDUINO_PSI,Arduino,0.000,0.000,0.000,,
580.233168,2026-03-16 16:37:31.771,ARDUINO_PSI,Arduino,0.000,0.000,0.000,,
580.333272,2026-03-16 16:37:31.871,ARDUINO_PSI,Arduino,0.000,0.000,0.000,,
580.433146,2026-03-16 16:37:31.971,ARDUINO_PSI,Arduino,0.000,0.000,0.000,,
580.533189,2026-03-16 16:37:32.071,ARDUINO_PSI,Arduino,0.000,0.000,0.000,,
580.633177,2026-03-16 16:37:32.171,ARDUINO_PSI,Arduino,0.000,0.000,0.000,,
580.733187,2026-03-16 16:37:32.271,ARDUINO_PSI,Arduino,0.000,0.000,0.000,,
580.833120,2026-03-16 16:37:32.371,ARDUINO_PSI,Arduino,0.000,0.000,0.000,,
580.933226,2026-03-16 16:37:32.471,ARDUINO_PSI,Arduino,0.000,0.000,0.000,,
581.032683,2026-03-16 16:37:32.571,ARDUINO_PSI,Arduino,0.000,0.000,0.000,,
581.133216,2026-03-16 16:37:32.671,ARDUINO_PSI,Arduino,0.000,0.000,0.000,,
581.233273,2026-03-16 16:37:32.771,ARDUINO_PSI,Arduino,0.000,0.000,0.000,,
581.333233,2026-03-16 16:37:32.871,ARDUINO_PSI,Arduino,0.000,0.000,0.000,,
581.433152,2026-03-16 16:37:32.971,ARDUINO_PSI,Arduino,0.000,0.000,0.000,,
581.533212,2026-03-16 16:37:33.071,ARDUINO_PSI,Arduino,0.000,0.000,0.000,,
581.633286,2026-03-16 16:37:33.171,ARDUINO_PSI,Arduino,0.000,0.000,0.000,,
581.733673,2026-03-16 16:37:33.272,ARDUINO_PSI,Arduino,0.000,0.000,0.000,,
581.833310,2026-03-16 16:37:33.371,ARDUINO_PSI,Arduino,0.000,0.000,0.000,,
581.933191,2026-03-16 16:37:33.471,ARDUINO_PSI,Arduino,0.000,0.000,0.000,,
582.033174,2026-03-16 16:37:33.571,ARDUINO_PSI,Arduino,0.000,0.000,0.000,,
582.133660,2026-03-16 16:37:33.672,ARDUINO_PSI,Arduino,0.000,0.000,0.000,,
582.233352,2026-03-16 16:37:33.771,ARDUINO_PSI,Arduino,0.000,0.000,0.000,,
582.333222,2026-03-16 16:37:33.871,ARDUINO_PSI,Arduino,0.000,0.000,0.000,,
582.433202,2026-03-16 16:37:33.971,ARDUINO_PSI,Arduino,0.000,0.000,0.000,,
582.533115,2026-03-16 16:37:34.071,ARDUINO_PSI,Arduino,0.000,0.000,0.000,,
582.632635,2026-03-16 16:37:34.170,ARDUINO_PSI,Arduino,0.000,0.000,0.000,,
582.732731,2026-03-16 16:37:34.271,ARDUINO_PSI,Arduino,0.000,0.000,0.000,,
582.833042,2026-03-16 16:37:34.371,ARDUINO_PSI,Arduino,0.000,0.000,0.000,,
582.933270,2026-03-16 16:37:34.471,ARDUINO_PSI,Arduino,0.000,0.000,0.000,,
583.032648,2026-03-16 16:37:34.571,ARDUINO_PSI,Arduino,0.000,0.000,0.000,,
583.133200,2026-03-16 16:37:34.671,ARDUINO_PSI,Arduino,0.000,0.000,0.000,,
583.233324,2026-03-16 16:37:34.771,ARDUINO_PSI,Arduino,0.000,0.000,0.000,,
583.332743,2026-03-16 16:37:34.871,ARDUINO_PSI,Arduino,0.000,0.000,0.000,,
583.433363,2026-03-16 16:37:34.971,ARDUINO_PSI,Arduino,0.000,0.000,0.000,,
583.533409,2026-03-16 16:37:35.071,ARDUINO_PSI,Arduino,0.000,0.000,0.000,,
583.632840,2026-03-16 16:37:35.171,ARDUINO_PSI,Arduino,0.000,0.000,0.000,,
583.733114,2026-03-16 16:37:35.271,ARDUINO_PSI,Arduino,0.000,0.000,0.000,,
583.833221,2026-03-16 16:37:35.371,ARDUINO_PSI,Arduino,0.000,0.000,0.000,,
583.932516,2026-03-16 16:37:35.470,ARDUINO_PSI,Arduino,0.000,0.000,0.000,,
584.033940,2026-03-16 16:37:35.572,ARDUINO_PSI,Arduino,0.000,0.000,0.000,,
584.133133,2026-03-16 16:37:35.671,ARDUINO_PSI,Arduino,0.000,0.000,0.000,,
584.233227,2026-03-16 16:37:35.771,ARDUINO_PSI,Arduino,0.000,0.000,0.000,,
584.333343,2026-03-16 16:37:35.871,ARDUINO_PSI,Arduino,0.000,0.000,0.000,,
584.433309,2026-03-16 16:37:35.971,ARDUINO_PSI,Arduino,0.000,0.000,0.000,,
584.533133,2026-03-16 16:37:36.071,ARDUINO_PSI,Arduino,0.000,0.000,0.000,,
584.633141,2026-03-16 16:37:36.171,ARDUINO_PSI,Arduino,0.000,0.000,0.000,,
584.733188,2026-03-16 16:37:36.271,ARDUINO_PSI,Arduino,0.000,0.000,0.000,,
584.833496,2026-03-16 16:37:36.371,ARDUINO_PSI,Arduino,0.000,0.000,0.000,,
584.933194,2026-03-16 16:37:36.471,ARDUINO_PSI,Arduino,0.000,0.000,0.000,,
585.032547,2026-03-16 16:37:36.570,ARDUINO_PSI,Arduino,0.000,0.000,0.000,,
585.133308,2026-03-16 16:37:36.671,ARDUINO_PSI,Arduino,0.000,0.000,0.000,,
585.233266,2026-03-16 16:37:36.771,ARDUINO_PSI,Arduino,0.000,0.000,0.000,,
585.333562,2026-03-16 16:37:36.871,ARDUINO_PSI,Arduino,0.000,0.000,0.000,,
585.433225,2026-03-16 16:37:36.971,ARDUINO_PSI,Arduino,0.000,0.000,0.000,,
585.533216,2026-03-16 16:37:37.071,ARDUINO_PSI,Arduino,0.000,0.000,0.000,,
585.633316,2026-03-16 16:37:37.171,ARDUINO_PSI,Arduino,0.000,0.000,0.000,,
585.733277,2026-03-16 16:37:37.271,ARDUINO_PSI,Arduino,0.000,0.000,0.000,,
585.833394,2026-03-16 16:37:37.371,ARDUINO_PSI,Arduino,0.000,0.000,0.000,,
585.933247,2026-03-16 16:37:37.471,ARDUINO_PSI,Arduino,0.000,0.000,0.000,,
586.033304,2026-03-16 16:37:37.571,ARDUINO_PSI,Arduino,0.000,0.000,0.000,,
586.133240,2026-03-16 16:37:37.671,ARDUINO_PSI,Arduino,0.000,0.000,0.000,,
586.233414,2026-03-16 16:37:37.771,ARDUINO_PSI,Arduino,0.000,0.000,0.000,,
586.333348,2026-03-16 16:37:37.871,ARDUINO_PSI,Arduino,0.000,0.000,0.000,,
586.433413,2026-03-16 16:37:37.971,ARDUINO_PSI,Arduino,0.000,0.000,0.000,,
586.533304,2026-03-16 16:37:38.071,ARDUINO_PSI,Arduino,0.000,0.000,0.000,,
586.633242,2026-03-16 16:37:38.171,ARDUINO_PSI,Arduino,0.000,0.000,0.000,,
586.733379,2026-03-16 16:37:38.271,ARDUINO_PSI,Arduino,0.000,0.000,0.000,,
586.833309,2026-03-16 16:37:38.371,ARDUINO_PSI,Arduino,0.000,0.000,0.000,,
586.933313,2026-03-16 16:37:38.471,ARDUINO_PSI,Arduino,0.000,0.000,0.000,,
587.033417,2026-03-16 16:37:38.571,ARDUINO_PSI,Arduino,0.000,0.000,0.000,,
587.132994,2026-03-16 16:37:38.671,ARDUINO_PSI,Arduino,0.000,0.000,0.000,,
587.233093,2026-03-16 16:37:38.771,ARDUINO_PSI,Arduino,0.000,0.000,0.000,,
587.333073,2026-03-16 16:37:38.871,ARDUINO_PSI,Arduino,0.000,0.000,0.000,,
587.433178,2026-03-16 16:37:38.971,ARDUINO_PSI,Arduino,0.000,0.000,0.000,,
587.533234,2026-03-16 16:37:39.071,ARDUINO_PSI,Arduino,0.000,0.000,0.000,,
587.633407,2026-03-16 16:37:39.171,ARDUINO_PSI,Arduino,0.000,0.000,0.000,,
587.733395,2026-03-16 16:37:39.271,ARDUINO_PSI,Arduino,0.000,0.000,0.000,,
587.832691,2026-03-16 16:37:39.371,ARDUINO_PSI,Arduino,0.000,0.000,0.000,,
587.933241,2026-03-16 16:37:39.471,ARDUINO_PSI,Arduino,0.000,0.000,0.000,,
588.033276,2026-03-16 16:37:39.571,ARDUINO_PSI,Arduino,0.000,0.000,0.000,,
588.133336,2026-03-16 16:37:39.671,ARDUINO_PSI,Arduino,0.000,0.000,0.000,,
588.233358,2026-03-16 16:37:39.771,ARDUINO_PSI,Arduino,0.000,0.000,0.000,,
588.333324,2026-03-16 16:37:39.871,ARDUINO_PSI,Arduino,0.000,0.000,0.000,,
588.433254,2026-03-16 16:37:39.971,ARDUINO_PSI,Arduino,0.000,0.000,0.000,,
588.533162,2026-03-16 16:37:40.071,ARDUINO_PSI,Arduino,0.000,0.000,0.000,,
588.633068,2026-03-16 16:37:40.171,ARDUINO_PSI,Arduino,0.000,0.000,0.000,,
588.733318,2026-03-16 16:37:40.271,ARDUINO_PSI,Arduino,0.000,0.000,0.000,,
588.833402,2026-03-16 16:37:40.371,ARDUINO_PSI,Arduino,0.000,0.000,0.000,,
588.933466,2026-03-16 16:37:40.471,ARDUINO_PSI,Arduino,0.000,0.000,0.000,,
589.033153,2026-03-16 16:37:40.571,ARDUINO_PSI,Arduino,0.000,0.000,0.000,,
589.133271,2026-03-16 16:37:40.671,ARDUINO_PSI,Arduino,0.000,0.000,0.000,,
589.233269,2026-03-16 16:37:40.771,ARDUINO_PSI,Arduino,0.000,0.000,0.000,,
589.333215,2026-03-16 16:37:40.871,ARDUINO_PSI,Arduino,0.000,0.000,0.000,,
589.433351,2026-03-16 16:37:40.971,ARDUINO_PSI,Arduino,0.000,0.000,0.000,,
589.532919,2026-03-16 16:37:41.071,ARDUINO_PSI,Arduino,0.000,0.000,0.000,,
589.633400,2026-03-16 16:37:41.171,ARDUINO_PSI,Arduino,0.000,0.000,0.000,,
589.733553,2026-03-16 16:37:41.271,ARDUINO_PSI,Arduino,0.000,0.000,0.000,,
589.833372,2026-03-16 16:37:41.371,ARDUINO_PSI,Arduino,0.000,0.000,0.000,,
589.933256,2026-03-16 16:37:41.471,ARDUINO_PSI,Arduino,0.000,0.000,0.000,,
590.033075,2026-03-16 16:37:41.571,ARDUINO_PSI,Arduino,0.000,0.000,0.000,,
590.132746,2026-03-16 16:37:41.671,ARDUINO_PSI,Arduino,0.000,0.000,0.000,,
590.232770,2026-03-16 16:37:41.771,ARDUINO_PSI,Arduino,0.000,0.000,0.000,,
590.333269,2026-03-16 16:37:41.871,ARDUINO_PSI,Arduino,0.000,0.000,0.000,,
590.433175,2026-03-16 16:37:41.971,ARDUINO_PSI,Arduino,0.000,0.000,0.000,,
590.533261,2026-03-16 16:37:42.071,ARDUINO_PSI,Arduino,0.000,0.000,0.000,,
590.632581,2026-03-16 16:37:42.170,ARDUINO_PSI,Arduino,0.000,0.000,0.000,,
590.733148,2026-03-16 16:37:42.271,ARDUINO_PSI,Arduino,0.000,0.000,0.000,,
590.833238,2026-03-16 16:37:42.371,ARDUINO_PSI,Arduino,0.000,0.000,0.000,,
590.933418,2026-03-16 16:37:42.471,ARDUINO_PSI,Arduino,0.000,0.000,0.000,,
591.033209,2026-03-16 16:37:42.571,ARDUINO_PSI,Arduino,0.000,0.000,0.000,,
591.133235,2026-03-16 16:37:42.671,ARDUINO_PSI,Arduino,0.000,0.000,0.000,,
591.233827,2026-03-16 16:37:42.772,ARDUINO_PSI,Arduino,0.000,0.000,0.000,,
591.333298,2026-03-16 16:37:42.871,ARDUINO_PSI,Arduino,0.000,0.000,0.000,,
591.432742,2026-03-16 16:37:42.971,ARDUINO_PSI,Arduino,0.000,0.000,0.000,,
591.533206,2026-03-16 16:37:43.071,ARDUINO_PSI,Arduino,0.000,0.000,0.000,,
591.633185,2026-03-16 16:37:43.171,ARDUINO_PSI,Arduino,0.000,0.000,0.000,,
591.733260,2026-03-16 16:37:43.271,ARDUINO_PSI,Arduino,0.000,0.000,0.000,,
591.833216,2026-03-16 16:37:43.371,ARDUINO_PSI,Arduino,0.000,0.000,0.000,,
591.933260,2026-03-16 16:37:43.471,ARDUINO_PSI,Arduino,0.000,0.000,0.000,,
592.033684,2026-03-16 16:37:43.572,ARDUINO_PSI,Arduino,0.000,0.000,0.000,,
592.132658,2026-03-16 16:37:43.671,ARDUINO_PSI,Arduino,0.000,0.000,0.000,,
592.232755,2026-03-16 16:37:43.771,ARDUINO_PSI,Arduino,0.000,0.000,0.000,,
592.332650,2026-03-16 16:37:43.871,ARDUINO_PSI,Arduino,0.000,0.000,0.000,,
592.433104,2026-03-16 16:37:43.971,ARDUINO_PSI,Arduino,0.000,0.000,0.000,,
592.533299,2026-03-16 16:37:44.071,ARDUINO_PSI,Arduino,0.000,0.000,0.000,,
592.633209,2026-03-16 16:37:44.171,ARDUINO_PSI,Arduino,0.000,0.000,0.000,,
592.733336,2026-03-16 16:37:44.271,ARDUINO_PSI,Arduino,0.000,0.000,0.000,,
592.833611,2026-03-16 16:37:44.371,ARDUINO_PSI,Arduino,0.000,0.000,0.000,,
592.932741,2026-03-16 16:37:44.471,ARDUINO_PSI,Arduino,0.000,0.000,0.000,,
593.032578,2026-03-16 16:37:44.570,ARDUINO_PSI,Arduino,0.000,0.000,0.000,,
593.133114,2026-03-16 16:37:44.671,ARDUINO_PSI,Arduino,0.000,0.000,0.000,,
593.233334,2026-03-16 16:37:44.771,ARDUINO_PSI,Arduino,0.000,0.000,0.000,,
593.333701,2026-03-16 16:37:44.872,ARDUINO_PSI,Arduino,0.000,0.000,0.000,,
593.433235,2026-03-16 16:37:44.971,ARDUINO_PSI,Arduino,0.000,0.000,0.000,,
593.533147,2026-03-16 16:37:45.071,ARDUINO_PSI,Arduino,0.000,0.000,0.000,,
593.632481,2026-03-16 16:37:45.170,ARDUINO_PSI,Arduino,0.000,0.000,0.000,,
593.733219,2026-03-16 16:37:45.271,ARDUINO_PSI,Arduino,0.000,0.000,0.000,,
593.833325,2026-03-16 16:37:45.371,ARDUINO_PSI,Arduino,0.000,0.000,0.000,,
593.933250,2026-03-16 16:37:45.471,ARDUINO_PSI,Arduino,0.000,0.000,0.000,,
594.033325,2026-03-16 16:37:45.571,ARDUINO_PSI,Arduino,0.000,0.000,0.000,,
594.133467,2026-03-16 16:37:45.671,ARDUINO_PSI,Arduino,0.000,0.000,0.000,,
594.233362,2026-03-16 16:37:45.771,ARDUINO_PSI,Arduino,0.000,0.000,0.000,,
594.333497,2026-03-16 16:37:45.871,ARDUINO_PSI,Arduino,0.000,0.000,0.000,,
594.433358,2026-03-16 16:37:45.971,ARDUINO_PSI,Arduino,0.000,0.000,0.000,,
594.533250,2026-03-16 16:37:46.071,ARDUINO_PSI,Arduino,0.000,0.000,0.000,,
594.632893,2026-03-16 16:37:46.171,ARDUINO_PSI,Arduino,0.000,0.000,0.000,,
594.733206,2026-03-16 16:37:46.271,ARDUINO_PSI,Arduino,0.000,0.000,0.000,,
594.833319,2026-03-16 16:37:46.371,ARDUINO_PSI,Arduino,0.000,0.000,0.000,,
594.933298,2026-03-16 16:37:46.471,ARDUINO_PSI,Arduino,0.000,0.000,0.000,,
595.033246,2026-03-16 16:37:46.571,ARDUINO_PSI,Arduino,0.000,0.000,0.000,,
595.133262,2026-03-16 16:37:46.671,ARDUINO_PSI,Arduino,0.000,0.000,0.000,,
595.233179,2026-03-16 16:37:46.771,ARDUINO_PSI,Arduino,0.000,0.000,0.000,,
595.333362,2026-03-16 16:37:46.871,ARDUINO_PSI,Arduino,0.000,0.000,0.000,,
595.433307,2026-03-16 16:37:46.971,ARDUINO_PSI,Arduino,0.000,0.000,0.000,,
595.533409,2026-03-16 16:37:47.071,ARDUINO_PSI,Arduino,0.000,0.000,0.000,,
595.633146,2026-03-16 16:37:47.171,ARDUINO_PSI,Arduino,0.000,0.000,0.000,,
595.733242,2026-03-16 16:37:47.271,ARDUINO_PSI,Arduino,0.000,0.000,0.000,,
595.833295,2026-03-16 16:37:47.371,ARDUINO_PSI,Arduino,0.000,0.000,0.000,,
595.933333,2026-03-16 16:37:47.471,ARDUINO_PSI,Arduino,0.000,0.000,0.000,,
596.033018,2026-03-16 16:37:47.571,ARDUINO_PSI,Arduino,0.000,0.000,0.000,,
596.133168,2026-03-16 16:37:47.671,ARDUINO_PSI,Arduino,0.000,0.000,0.000,,
596.233082,2026-03-16 16:37:47.771,ARDUINO_PSI,Arduino,0.000,0.000,0.000,,
596.333066,2026-03-16 16:37:47.871,ARDUINO_PSI,Arduino,0.000,0.000,0.000,,
596.433165,2026-03-16 16:37:47.971,ARDUINO_PSI,Arduino,0.000,0.000,0.000,,
596.533313,2026-03-16 16:37:48.071,ARDUINO_PSI,Arduino,0.000,0.000,0.000,,
596.633469,2026-03-16 16:37:48.171,ARDUINO_PSI,Arduino,0.000,0.000,0.000,,
596.732686,2026-03-16 16:37:48.271,ARDUINO_PSI,Arduino,0.000,0.000,0.000,,
596.832917,2026-03-16 16:37:48.371,ARDUINO_PSI,Arduino,0.000,0.000,0.000,,
596.932587,2026-03-16 16:37:48.470,ARDUINO_PSI,Arduino,0.000,0.000,0.000,,
597.032807,2026-03-16 16:37:48.571,ARDUINO_PSI,Arduino,0.000,0.000,0.000,,
597.133327,2026-03-16 16:37:48.671,ARDUINO_PSI,Arduino,0.000,0.000,0.000,,
597.233153,2026-03-16 16:37:48.771,ARDUINO_PSI,Arduino,0.000,0.000,0.000,,
597.333339,2026-03-16 16:37:48.871,ARDUINO_PSI,Arduino,0.000,0.000,0.000,,
597.432564,2026-03-16 16:37:48.970,ARDUINO_PSI,Arduino,0.000,0.000,0.000,,
597.533307,2026-03-16 16:37:49.071,ARDUINO_PSI,Arduino,0.000,0.000,0.000,,
597.633122,2026-03-16 16:37:49.171,ARDUINO_PSI,Arduino,0.000,0.000,0.000,,
597.733282,2026-03-16 16:37:49.271,ARDUINO_PSI,Arduino,0.000,0.000,0.000,,
597.833680,2026-03-16 16:37:49.372,ARDUINO_PSI,Arduino,0.000,0.000,0.000,,
597.933580,2026-03-16 16:37:49.471,ARDUINO_PSI,Arduino,0.000,0.000,0.000,,
598.032639,2026-03-16 16:37:49.571,ARDUINO_PSI,Arduino,0.000,0.000,0.000,,
598.133500,2026-03-16 16:37:49.671,ARDUINO_PSI,Arduino,0.000,0.000,0.000,,
598.233385,2026-03-16 16:37:49.771,ARDUINO_PSI,Arduino,0.000,0.000,0.000,,
598.333339,2026-03-16 16:37:49.871,ARDUINO_PSI,Arduino,0.000,0.000,0.000,,
598.433155,2026-03-16 16:37:49.971,ARDUINO_PSI,Arduino,0.000,0.000,0.000,,
598.533372,2026-03-16 16:37:50.071,ARDUINO_PSI,Arduino,0.000,0.000,0.000,,
598.633434,2026-03-16 16:37:50.171,ARDUINO_PSI,Arduino,0.000,0.000,0.000,,
598.733304,2026-03-16 16:37:50.271,ARDUINO_PSI,Arduino,0.000,0.000,0.000,,
598.833137,2026-03-16 16:37:50.371,ARDUINO_PSI,Arduino,0.000,0.000,0.000,,
598.933757,2026-03-16 16:37:50.472,ARDUINO_PSI,Arduino,0.000,0.000,0.000,,
599.032643,2026-03-16 16:37:50.571,ARDUINO_PSI,Arduino,0.000,0.000,0.000,,
599.133317,2026-03-16 16:37:50.671,ARDUINO_PSI,Arduino,0.000,0.000,0.000,,
599.233294,2026-03-16 16:37:50.771,ARDUINO_PSI,Arduino,0.000,0.000,0.000,,
599.333306,2026-03-16 16:37:50.871,ARDUINO_PSI,Arduino,0.000,0.000,0.000,,
599.433226,2026-03-16 16:37:50.971,ARDUINO_PSI,Arduino,0.000,0.000,0.000,,
599.533913,2026-03-16 16:37:51.072,ARDUINO_PSI,Arduino,0.000,0.000,0.000,,
599.633644,2026-03-16 16:37:51.172,ARDUINO_PSI,Arduino,0.000,0.000,0.000,,
599.733250,2026-03-16 16:37:51.271,ARDUINO_PSI,Arduino,0.000,0.000,0.000,,
599.833304,2026-03-16 16:37:51.371,ARDUINO_PSI,Arduino,0.000,0.000,0.000,,
599.933235,2026-03-16 16:37:51.471,ARDUINO_PSI,Arduino,0.000,0.000,0.000,,
600.033261,2026-03-16 16:37:51.571,ARDUINO_PSI,Arduino,0.000,0.000,0.000,,
600.133333,2026-03-16 16:37:51.671,ARDUINO_PSI,Arduino,0.000,0.000,0.000,,
600.233276,2026-03-16 16:37:51.771,ARDUINO_PSI,Arduino,0.000,0.000,0.000,,
600.333416,2026-03-16 16:37:51.871,ARDUINO_PSI,Arduino,0.000,0.000,0.000,,
600.433298,2026-03-16 16:37:51.971,ARDUINO_PSI,Arduino,0.000,0.000,0.000,,
600.532669,2026-03-16 16:37:52.071,ARDUINO_PSI,Arduino,0.000,0.000,0.000,,
600.633124,2026-03-16 16:37:52.171,ARDUINO_PSI,Arduino,0.000,0.000,0.000,,
600.733272,2026-03-16 16:37:52.271,ARDUINO_PSI,Arduino,0.000,0.000,0.000,,
600.833686,2026-03-16 16:37:52.372,ARDUINO_PSI,Arduino,0.000,0.000,0.000,,
600.933249,2026-03-16 16:37:52.471,ARDUINO_PSI,Arduino,0.000,0.000,0.000,,
601.033371,2026-03-16 16:37:52.571,ARDUINO_PSI,Arduino,0.000,0.000,0.000,,
601.133287,2026-03-16 16:37:52.671,ARDUINO_PSI,Arduino,0.000,0.000,0.000,,
601.233384,2026-03-16 16:37:52.771,ARDUINO_PSI,Arduino,0.000,0.000,0.000,,
601.333107,2026-03-16 16:37:52.871,ARDUINO_PSI,Arduino,0.000,0.000,0.000,,
601.432679,2026-03-16 16:37:52.971,ARDUINO_PSI,Arduino,0.000,0.000,0.000,,
601.533274,2026-03-16 16:37:53.071,ARDUINO_PSI,Arduino,0.000,0.000,0.000,,
601.633276,2026-03-16 16:37:53.171,ARDUINO_PSI,Arduino,0.000,0.000,0.000,,
601.733325,2026-03-16 16:37:53.271,ARDUINO_PSI,Arduino,0.000,0.000,0.000,,
601.833245,2026-03-16 16:37:53.371,ARDUINO_PSI,Arduino,0.000,0.000,0.000,,
601.933266,2026-03-16 16:37:53.471,ARDUINO_PSI,Arduino,0.000,0.000,0.000,,
602.033368,2026-03-16 16:37:53.571,ARDUINO_PSI,Arduino,0.000,0.000,0.000,,
602.133257,2026-03-16 16:37:53.671,ARDUINO_PSI,Arduino,0.000,0.000,0.000,,
602.233867,2026-03-16 16:37:53.772,ARDUINO_PSI,Arduino,0.000,0.000,0.000,,
602.333308,2026-03-16 16:37:53.871,ARDUINO_PSI,Arduino,0.000,0.000,0.000,,
602.433288,2026-03-16 16:37:53.971,ARDUINO_PSI,Arduino,0.000,0.000,0.000,,
602.533462,2026-03-16 16:37:54.071,ARDUINO_PSI,Arduino,0.000,0.000,0.000,,
602.633513,2026-03-16 16:37:54.171,ARDUINO_PSI,Arduino,0.000,0.000,0.000,,
602.734075,2026-03-16 16:37:54.272,ARDUINO_PSI,Arduino,0.000,0.000,0.000,,
602.833619,2026-03-16 16:37:54.371,ARDUINO_PSI,Arduino,0.000,0.000,0.000,,
602.932969,2026-03-16 16:37:54.471,ARDUINO_PSI,Arduino,0.000,0.000,0.000,,
603.033344,2026-03-16 16:37:54.571,ARDUINO_PSI,Arduino,0.000,0.000,0.000,,
603.132586,2026-03-16 16:37:54.670,ARDUINO_PSI,Arduino,0.000,0.000,0.000,,
603.233255,2026-03-16 16:37:54.771,ARDUINO_PSI,Arduino,0.000,0.000,0.000,,
603.333331,2026-03-16 16:37:54.871,ARDUINO_PSI,Arduino,0.000,0.000,0.000,,
603.433260,2026-03-16 16:37:54.971,ARDUINO_PSI,Arduino,0.000,0.000,0.000,,
603.533079,2026-03-16 16:37:55.071,ARDUINO_PSI,Arduino,0.000,0.000,0.000,,
603.632720,2026-03-16 16:37:55.171,ARDUINO_PSI,Arduino,0.000,0.000,0.000,,
603.733082,2026-03-16 16:37:55.271,ARDUINO_PSI,Arduino,0.000,0.000,0.000,,
603.833369,2026-03-16 16:37:55.371,ARDUINO_PSI,Arduino,0.000,0.000,0.000,,
603.933310,2026-03-16 16:37:55.471,ARDUINO_PSI,Arduino,0.000,0.000,0.000,,
604.032757,2026-03-16 16:37:55.571,ARDUINO_PSI,Arduino,0.000,0.000,0.000,,
604.134579,2026-03-16 16:37:55.672,ARDUINO_PSI,Arduino,0.000,0.000,0.000,,
604.233262,2026-03-16 16:37:55.771,ARDUINO_PSI,Arduino,0.000,0.000,0.000,,
604.333164,2026-03-16 16:37:55.871,ARDUINO_PSI,Arduino,0.000,0.000,0.000,,
604.433158,2026-03-16 16:37:55.971,ARDUINO_PSI,Arduino,0.000,0.000,0.000,,
604.533293,2026-03-16 16:37:56.071,ARDUINO_PSI,Arduino,0.000,0.000,0.000,,
604.633215,2026-03-16 16:37:56.171,ARDUINO_PSI,Arduino,0.000,0.000,0.000,,
604.733300,2026-03-16 16:37:56.271,ARDUINO_PSI,Arduino,0.000,0.000,0.000,,
604.833224,2026-03-16 16:37:56.371,ARDUINO_PSI,Arduino,0.000,0.000,0.000,,
604.933288,2026-03-16 16:37:56.471,ARDUINO_PSI,Arduino,0.000,0.000,0.000,,
605.033334,2026-03-16 16:37:56.571,ARDUINO_PSI,Arduino,0.000,0.000,0.000,,
605.133618,2026-03-16 16:37:56.671,ARDUINO_PSI,Arduino,0.000,0.000,0.000,,
605.233360,2026-03-16 16:37:56.771,ARDUINO_PSI,Arduino,0.000,0.000,0.000,,
605.333293,2026-03-16 16:37:56.871,ARDUINO_PSI,Arduino,0.000,0.000,0.000,,
605.433293,2026-03-16 16:37:56.971,ARDUINO_PSI,Arduino,0.000,0.000,0.000,,
605.533452,2026-03-16 16:37:57.071,ARDUINO_PSI,Arduino,0.000,0.000,0.000,,
605.633184,2026-03-16 16:37:57.171,ARDUINO_PSI,Arduino,0.000,0.000,0.000,,
605.733542,2026-03-16 16:37:57.271,ARDUINO_PSI,Arduino,0.000,0.000,0.000,,
605.833197,2026-03-16 16:37:57.371,ARDUINO_PSI,Arduino,0.000,0.000,0.000,,
605.933225,2026-03-16 16:37:57.471,ARDUINO_PSI,Arduino,0.000,0.000,0.000,,
606.032865,2026-03-16 16:37:57.571,ARDUINO_PSI,Arduino,0.000,0.000,0.000,,
606.133491,2026-03-16 16:37:57.671,ARDUINO_PSI,Arduino,0.000,0.000,0.000,,
606.233287,2026-03-16 16:37:57.771,ARDUINO_PSI,Arduino,0.000,0.000,0.000,,
606.333366,2026-03-16 16:37:57.871,ARDUINO_PSI,Arduino,0.000,0.000,0.000,,
606.433368,2026-03-16 16:37:57.971,ARDUINO_PSI,Arduino,0.000,0.000,0.000,,
606.532853,2026-03-16 16:37:58.071,ARDUINO_PSI,Arduino,0.000,0.000,0.000,,
606.633294,2026-03-16 16:37:58.171,ARDUINO_PSI,Arduino,0.000,0.000,0.000,,
606.733326,2026-03-16 16:37:58.271,ARDUINO_PSI,Arduino,0.000,0.000,0.000,,
606.833434,2026-03-16 16:37:58.371,ARDUINO_PSI,Arduino,0.000,0.000,0.000,,
606.933138,2026-03-16 16:37:58.471,ARDUINO_PSI,Arduino,0.000,0.000,0.000,,
607.033292,2026-03-16 16:37:58.571,ARDUINO_PSI,Arduino,0.000,0.000,0.000,,
607.133304,2026-03-16 16:37:58.671,ARDUINO_PSI,Arduino,0.000,0.000,0.000,,
607.233376,2026-03-16 16:37:58.771,ARDUINO_PSI,Arduino,0.000,0.000,0.000,,
607.333267,2026-03-16 16:37:58.871,ARDUINO_PSI,Arduino,0.000,0.000,0.000,,
607.433286,2026-03-16 16:37:58.971,ARDUINO_PSI,Arduino,0.000,0.000,0.000,,
607.534009,2026-03-16 16:37:59.072,ARDUINO_PSI,Arduino,0.000,0.000,0.000,,
607.633209,2026-03-16 16:37:59.171,ARDUINO_PSI,Arduino,0.000,0.000,0.000,,
607.733294,2026-03-16 16:37:59.271,ARDUINO_PSI,Arduino,0.000,0.000,0.000,,
607.833191,2026-03-16 16:37:59.371,ARDUINO_PSI,Arduino,0.000,0.000,0.000,,
607.933241,2026-03-16 16:37:59.471,ARDUINO_PSI,Arduino,0.000,0.000,0.000,,
608.033118,2026-03-16 16:37:59.571,ARDUINO_PSI,Arduino,0.000,0.000,0.000,,
608.133316,2026-03-16 16:37:59.671,ARDUINO_PSI,Arduino,0.000,0.000,0.000,,
608.233208,2026-03-16 16:37:59.771,ARDUINO_PSI,Arduino,0.000,0.000,0.000,,
608.333223,2026-03-16 16:37:59.871,ARDUINO_PSI,Arduino,0.000,0.000,0.000,,
608.433323,2026-03-16 16:37:59.971,ARDUINO_PSI,Arduino,0.000,0.000,0.000,,
608.533408,2026-03-16 16:38:00.071,ARDUINO_PSI,Arduino,0.000,0.000,0.000,,
608.632849,2026-03-16 16:38:00.171,ARDUINO_PSI,Arduino,0.000,0.000,0.000,,
608.733258,2026-03-16 16:38:00.271,ARDUINO_PSI,Arduino,0.000,0.000,0.000,,
608.833650,2026-03-16 16:38:00.372,ARDUINO_PSI,Arduino,0.000,0.000,0.000,,
608.933131,2026-03-16 16:38:00.471,ARDUINO_PSI,Arduino,0.000,0.000,0.000,,
609.033236,2026-03-16 16:38:00.571,ARDUINO_PSI,Arduino,0.000,0.000,0.000,,
609.133370,2026-03-16 16:38:00.671,ARDUINO_PSI,Arduino,0.000,0.000,0.000,,
609.233282,2026-03-16 16:38:00.771,ARDUINO_PSI,Arduino,0.000,0.000,0.000,,
609.333338,2026-03-16 16:38:00.871,ARDUINO_PSI,Arduino,0.000,0.000,0.000,,
609.433750,2026-03-16 16:38:00.972,ARDUINO_PSI,Arduino,0.000,0.000,0.000,,
609.533315,2026-03-16 16:38:01.071,ARDUINO_PSI,Arduino,0.000,0.000,0.000,,
609.633206,2026-03-16 16:38:01.171,ARDUINO_PSI,Arduino,0.000,0.000,0.000,,
609.733199,2026-03-16 16:38:01.271,ARDUINO_PSI,Arduino,0.000,0.000,0.000,,
609.833433,2026-03-16 16:38:01.371,ARDUINO_PSI,Arduino,0.000,0.000,0.000,,
609.933898,2026-03-16 16:38:01.472,ARDUINO_PSI,Arduino,0.000,0.000,0.000,,
610.033003,2026-03-16 16:38:01.571,ARDUINO_PSI,Arduino,0.000,0.000,0.000,,
610.133720,2026-03-16 16:38:01.672,ARDUINO_PSI,Arduino,0.000,0.000,0.000,,
610.233234,2026-03-16 16:38:01.771,ARDUINO_PSI,Arduino,0.000,0.000,0.000,,
610.333356,2026-03-16 16:38:01.871,ARDUINO_PSI,Arduino,0.000,0.000,0.000,,
610.433308,2026-03-16 16:38:01.971,ARDUINO_PSI,Arduino,0.000,0.000,0.000,,
610.533369,2026-03-16 16:38:02.071,ARDUINO_PSI,Arduino,0.000,0.000,0.000,,
610.633862,2026-03-16 16:38:02.172,ARDUINO_PSI,Arduino,0.000,0.000,0.000,,
610.733156,2026-03-16 16:38:02.271,ARDUINO_PSI,Arduino,0.000,0.000,0.000,,
610.833176,2026-03-16 16:38:02.371,ARDUINO_PSI,Arduino,0.000,0.000,0.000,,
610.933185,2026-03-16 16:38:02.471,ARDUINO_PSI,Arduino,0.000,0.000,0.000,,
611.033243,2026-03-16 16:38:02.571,ARDUINO_PSI,Arduino,0.000,0.000,0.000,,
611.133479,2026-03-16 16:38:02.671,ARDUINO_PSI,Arduino,0.000,0.000,0.000,,
611.233316,2026-03-16 16:38:02.771,ARDUINO_PSI,Arduino,0.000,0.000,0.000,,
611.333344,2026-03-16 16:38:02.871,ARDUINO_PSI,Arduino,0.000,0.000,0.000,,
611.433486,2026-03-16 16:38:02.971,ARDUINO_PSI,Arduino,0.000,0.000,0.000,,
611.533796,2026-03-16 16:38:03.072,ARDUINO_PSI,Arduino,0.000,0.000,0.000,,
611.632848,2026-03-16 16:38:03.171,ARDUINO_PSI,Arduino,0.000,0.000,0.000,,
611.733207,2026-03-16 16:38:03.271,ARDUINO_PSI,Arduino,0.000,0.000,0.000,,
611.834034,2026-03-16 16:38:03.372,ARDUINO_PSI,Arduino,0.000,0.000,0.000,,
611.933177,2026-03-16 16:38:03.471,ARDUINO_PSI,Arduino,0.000,0.000,0.000,,
612.033392,2026-03-16 16:38:03.571,ARDUINO_PSI,Arduino,0.000,0.000,0.000,,
612.133343,2026-03-16 16:38:03.671,ARDUINO_PSI,Arduino,0.000,0.000,0.000,,
612.233221,2026-03-16 16:38:03.771,ARDUINO_PSI,Arduino,0.000,0.000,0.000,,
612.333261,2026-03-16 16:38:03.871,ARDUINO_PSI,Arduino,0.000,0.000,0.000,,
612.433307,2026-03-16 16:38:03.971,ARDUINO_PSI,Arduino,0.000,0.000,0.000,,
612.533499,2026-03-16 16:38:04.071,ARDUINO_PSI,Arduino,0.000,0.000,0.000,,
612.633430,2026-03-16 16:38:04.171,ARDUINO_PSI,Arduino,0.000,0.000,0.000,,
612.733143,2026-03-16 16:38:04.271,ARDUINO_PSI,Arduino,0.000,0.000,0.000,,
612.832972,2026-03-16 16:38:04.371,ARDUINO_PSI,Arduino,0.000,0.000,0.000,,
612.932684,2026-03-16 16:38:04.471,ARDUINO_PSI,Arduino,0.000,0.000,0.000,,
613.032617,2026-03-16 16:38:04.570,ARDUINO_PSI,Arduino,0.000,0.000,0.000,,
613.543218,2026-03-16 16:38:05.081,ARDUINO_PSI,Arduino,0.000,0.000,0.000,,
613.547280,2026-03-16 16:38:05.085,ARDUINO_PSI,Arduino,0.000,0.000,0.000,,
613.550198,2026-03-16 16:38:05.088,ARDUINO_PSI,Arduino,0.000,0.000,0.000,,
613.553196,2026-03-16 16:38:05.091,ARDUINO_PSI,Arduino,0.000,0.000,0.000,,
613.555790,2026-03-16 16:38:05.094,ARDUINO_PSI,Arduino,0.000,0.000,0.000,,
613.675866,2026-03-16 16:38:05.214,ARDUINO_PSI,Arduino,0.000,0.000,0.000,,
613.732607,2026-03-16 16:38:05.270,ARDUINO_PSI,Arduino,0.000,0.000,0.000,,
613.832654,2026-03-16 16:38:05.371,ARDUINO_PSI,Arduino,0.000,0.000,0.000,,
613.932660,2026-03-16 16:38:05.471,ARDUINO_PSI,Arduino,0.000,0.000,0.000,,
614.032576,2026-03-16 16:38:05.570,ARDUINO_PSI,Arduino,0.000,0.000,0.000,,
614.132808,2026-03-16 16:38:05.671,ARDUINO_PSI,Arduino,0.000,0.000,0.000,,
614.232692,2026-03-16 16:38:05.771,ARDUINO_PSI,Arduino,0.000,0.000,0.000,,
614.333376,2026-03-16 16:38:05.871,ARDUINO_PSI,Arduino,0.000,0.000,0.000,,
614.432587,2026-03-16 16:38:05.970,ARDUINO_PSI,Arduino,0.000,0.000,0.000,,
614.533802,2026-03-16 16:38:06.072,ARDUINO_PSI,Arduino,0.000,0.000,0.000,,
614.632635,2026-03-16 16:38:06.171,ARDUINO_PSI,Arduino,0.000,0.000,0.000,,
614.732643,2026-03-16 16:38:06.271,ARDUINO_PSI,Arduino,0.000,0.000,0.000,,
614.833427,2026-03-16 16:38:06.371,ARDUINO_PSI,Arduino,0.000,0.000,0.000,,
614.933361,2026-03-16 16:38:06.471,ARDUINO_PSI,Arduino,0.000,0.000,0.000,,
615.033380,2026-03-16 16:38:06.571,ARDUINO_PSI,Arduino,0.000,0.000,0.000,,
615.133359,2026-03-16 16:38:06.671,ARDUINO_PSI,Arduino,0.000,0.000,0.000,,
615.233156,2026-03-16 16:38:06.771,ARDUINO_PSI,Arduino,0.000,0.000,0.000,,
615.333088,2026-03-16 16:38:06.871,ARDUINO_PSI,Arduino,0.000,0.000,0.000,,
615.433291,2026-03-16 16:38:06.971,ARDUINO_PSI,Arduino,0.000,0.000,0.000,,
615.533140,2026-03-16 16:38:07.071,ARDUINO_PSI,Arduino,0.000,0.000,0.000,,
615.633979,2026-03-16 16:38:07.172,ARDUINO_PSI,Arduino,0.000,0.000,0.000,,
615.733178,2026-03-16 16:38:07.271,ARDUINO_PSI,Arduino,0.000,0.000,0.000,,
615.832838,2026-03-16 16:38:07.371,ARDUINO_PSI,Arduino,0.000,0.000,0.000,,
615.933156,2026-03-16 16:38:07.471,ARDUINO_PSI,Arduino,0.000,0.000,0.000,,
616.033353,2026-03-16 16:38:07.571,ARDUINO_PSI,Arduino,0.000,0.000,0.000,,
616.133478,2026-03-16 16:38:07.671,ARDUINO_PSI,Arduino,0.000,0.000,0.000,,
616.233445,2026-03-16 16:38:07.771,ARDUINO_PSI,Arduino,0.000,0.000,0.000,,
616.333173,2026-03-16 16:38:07.871,ARDUINO_PSI,Arduino,0.000,0.000,0.000,,
616.433110,2026-03-16 16:38:07.971,ARDUINO_PSI,Arduino,0.000,0.000,0.000,,
616.533211,2026-03-16 16:38:08.071,ARDUINO_PSI,Arduino,0.000,0.000,0.000,,
616.633200,2026-03-16 16:38:08.171,ARDUINO_PSI,Arduino,0.000,0.000,0.000,,
616.733306,2026-03-16 16:38:08.271,ARDUINO_PSI,Arduino,0.000,0.000,0.000,,
616.833292,2026-03-16 16:38:08.371,ARDUINO_PSI,Arduino,0.000,0.000,0.000,,
616.933398,2026-03-16 16:38:08.471,ARDUINO_PSI,Arduino,0.000,0.000,0.000,,
617.033267,2026-03-16 16:38:08.571,ARDUINO_PSI,Arduino,0.000,0.000,0.000,,
617.133358,2026-03-16 16:38:08.671,ARDUINO_PSI,Arduino,0.000,0.000,0.000,,
617.233254,2026-03-16 16:38:08.771,ARDUINO_PSI,Arduino,0.000,0.000,0.000,,
617.333258,2026-03-16 16:38:08.871,ARDUINO_PSI,Arduino,0.000,0.000,0.000,,
617.433175,2026-03-16 16:38:08.971,ARDUINO_PSI,Arduino,0.000,0.000,0.000,,
617.533121,2026-03-16 16:38:09.071,ARDUINO_PSI,Arduino,0.000,0.000,0.000,,
617.632697,2026-03-16 16:38:09.171,ARDUINO_PSI,Arduino,0.000,0.000,0.000,,
617.733280,2026-03-16 16:38:09.271,ARDUINO_PSI,Arduino,0.000,0.000,0.000,,
617.833382,2026-03-16 16:38:09.371,ARDUINO_PSI,Arduino,0.000,0.000,0.000,,
617.933212,2026-03-16 16:38:09.471,ARDUINO_PSI,Arduino,0.000,0.000,0.000,,
618.032919,2026-03-16 16:38:09.571,ARDUINO_PSI,Arduino,0.000,0.000,0.000,,
618.133367,2026-03-16 16:38:09.671,ARDUINO_PSI,Arduino,0.000,0.000,0.000,,
618.232923,2026-03-16 16:38:09.771,ARDUINO_PSI,Arduino,0.000,0.000,0.000,,
618.333128,2026-03-16 16:38:09.871,ARDUINO_PSI,Arduino,0.000,0.000,0.000,,
618.432674,2026-03-16 16:38:09.971,ARDUINO_PSI,Arduino,0.000,0.000,0.000,,
618.533416,2026-03-16 16:38:10.071,ARDUINO_PSI,Arduino,0.000,0.000,0.000,,
618.633996,2026-03-16 16:38:10.172,ARDUINO_PSI,Arduino,0.000,0.000,0.000,,
618.732659,2026-03-16 16:38:10.271,ARDUINO_PSI,Arduino,0.000,0.000,0.000,,
618.832669,2026-03-16 16:38:10.371,ARDUINO_PSI,Arduino,0.000,0.000,0.000,,
618.932643,2026-03-16 16:38:10.471,ARDUINO_PSI,Arduino,0.000,0.000,0.000,,
619.033455,2026-03-16 16:38:10.571,ARDUINO_PSI,Arduino,0.000,0.000,0.000,,
619.133054,2026-03-16 16:38:10.671,ARDUINO_PSI,Arduino,0.000,0.000,0.000,,
619.232751,2026-03-16 16:38:10.771,ARDUINO_PSI,Arduino,0.000,0.000,0.000,,
619.332751,2026-03-16 16:38:10.871,ARDUINO_PSI,Arduino,0.000,0.000,0.000,,
619.432857,2026-03-16 16:38:10.971,ARDUINO_PSI,Arduino,0.000,0.000,0.000,,
619.533491,2026-03-16 16:38:11.071,ARDUINO_PSI,Arduino,0.000,0.000,0.000,,
619.633473,2026-03-16 16:38:11.171,ARDUINO_PSI,Arduino,0.000,0.000,0.000,,
619.733489,2026-03-16 16:38:11.271,ARDUINO_PSI,Arduino,0.000,0.000,0.000,,
619.833330,2026-03-16 16:38:11.371,ARDUINO_PSI,Arduino,0.000,0.000,0.000,,
619.933227,2026-03-16 16:38:11.471,ARDUINO_PSI,Arduino,0.000,0.000,0.000,,
620.033104,2026-03-16 16:38:11.571,ARDUINO_PSI,Arduino,0.000,0.000,0.000,,
620.134557,2026-03-16 16:38:11.672,ARDUINO_PSI,Arduino,0.000,0.000,0.000,,
620.233534,2026-03-16 16:38:11.771,ARDUINO_PSI,Arduino,0.000,0.000,0.000,,
620.333445,2026-03-16 16:38:11.871,ARDUINO_PSI,Arduino,0.000,0.000,0.000,,
620.433206,2026-03-16 16:38:11.971,ARDUINO_PSI,Arduino,0.000,0.000,0.000,,
620.533289,2026-03-16 16:38:12.071,ARDUINO_PSI,Arduino,0.000,0.000,0.000,,
620.633412,2026-03-16 16:38:12.171,ARDUINO_PSI,Arduino,0.000,0.000,0.000,,
620.733516,2026-03-16 16:38:12.271,ARDUINO_PSI,Arduino,0.000,0.000,0.000,,
620.833339,2026-03-16 16:38:12.371,ARDUINO_PSI,Arduino,0.000,0.000,0.000,,
620.932904,2026-03-16 16:38:12.471,ARDUINO_PSI,Arduino,0.000,0.000,0.000,,
621.033543,2026-03-16 16:38:12.571,ARDUINO_PSI,Arduino,0.000,0.000,0.000,,
621.133494,2026-03-16 16:38:12.671,ARDUINO_PSI,Arduino,0.000,0.000,0.000,,
621.233167,2026-03-16 16:38:12.771,ARDUINO_PSI,Arduino,0.000,0.000,0.000,,
621.333307,2026-03-16 16:38:12.871,ARDUINO_PSI,Arduino,0.000,0.000,0.000,,
621.432834,2026-03-16 16:38:12.971,ARDUINO_PSI,Arduino,0.000,0.000,0.000,,
621.533503,2026-03-16 16:38:13.071,ARDUINO_PSI,Arduino,0.000,0.000,0.000,,
621.633259,2026-03-16 16:38:13.171,ARDUINO_PSI,Arduino,0.000,0.000,0.000,,
621.733456,2026-03-16 16:38:13.271,ARDUINO_PSI,Arduino,0.000,0.000,0.000,,
621.833493,2026-03-16 16:38:13.371,ARDUINO_PSI,Arduino,0.000,0.000,0.000,,
621.933402,2026-03-16 16:38:13.471,ARDUINO_PSI,Arduino,0.000,0.000,0.000,,
622.033576,2026-03-16 16:38:13.571,ARDUINO_PSI,Arduino,0.000,0.000,0.000,,
622.133470,2026-03-16 16:38:13.671,ARDUINO_PSI,Arduino,0.000,0.000,0.000,,
622.233383,2026-03-16 16:38:13.771,ARDUINO_PSI,Arduino,0.000,0.000,0.000,,
622.333337,2026-03-16 16:38:13.871,ARDUINO_PSI,Arduino,0.000,0.000,0.000,,
622.433981,2026-03-16 16:38:13.972,ARDUINO_PSI,Arduino,0.000,0.000,0.000,,
622.533181,2026-03-16 16:38:14.071,ARDUINO_PSI,Arduino,0.000,0.000,0.000,,
622.633721,2026-03-16 16:38:14.172,ARDUINO_PSI,Arduino,0.000,0.000,0.000,,
622.733478,2026-03-16 16:38:14.271,ARDUINO_PSI,Arduino,0.000,0.000,0.000,,
622.833446,2026-03-16 16:38:14.371,ARDUINO_PSI,Arduino,0.000,0.000,0.000,,
622.933330,2026-03-16 16:38:14.471,ARDUINO_PSI,Arduino,0.000,0.000,0.000,,
623.033468,2026-03-16 16:38:14.571,ARDUINO_PSI,Arduino,0.000,0.000,0.000,,
623.133339,2026-03-16 16:38:14.671,ARDUINO_PSI,Arduino,0.000,0.000,0.000,,
623.232759,2026-03-16 16:38:14.771,ARDUINO_PSI,Arduino,0.000,0.000,0.000,,
623.332925,2026-03-16 16:38:14.871,ARDUINO_PSI,Arduino,0.000,0.000,0.000,,
623.433365,2026-03-16 16:38:14.971,ARDUINO_PSI,Arduino,0.000,0.000,0.000,,
623.533389,2026-03-16 16:38:15.071,ARDUINO_PSI,Arduino,0.000,0.000,0.000,,
623.633569,2026-03-16 16:38:15.171,ARDUINO_PSI,Arduino,0.000,0.000,0.000,,
623.733242,2026-03-16 16:38:15.271,ARDUINO_PSI,Arduino,0.000,0.000,0.000,,
623.834347,2026-03-16 16:38:15.372,ARDUINO_PSI,Arduino,0.000,0.000,0.000,,
623.933214,2026-03-16 16:38:15.471,ARDUINO_PSI,Arduino,0.000,0.000,0.000,,
624.033513,2026-03-16 16:38:15.571,ARDUINO_PSI,Arduino,0.000,0.000,0.000,,
624.133321,2026-03-16 16:38:15.671,ARDUINO_PSI,Arduino,0.000,0.000,0.000,,
624.233566,2026-03-16 16:38:15.771,ARDUINO_PSI,Arduino,0.000,0.000,0.000,,
624.333583,2026-03-16 16:38:15.871,ARDUINO_PSI,Arduino,0.000,0.000,0.000,,
624.433371,2026-03-16 16:38:15.971,ARDUINO_PSI,Arduino,0.000,0.000,0.000,,
624.533268,2026-03-16 16:38:16.071,ARDUINO_PSI,Arduino,0.000,0.000,0.000,,
624.633358,2026-03-16 16:38:16.171,ARDUINO_PSI,Arduino,0.000,0.000,0.000,,
624.733299,2026-03-16 16:38:16.271,ARDUINO_PSI,Arduino,0.000,0.000,0.000,,
624.833267,2026-03-16 16:38:16.371,ARDUINO_PSI,Arduino,0.000,0.000,0.000,,
624.933287,2026-03-16 16:38:16.471,ARDUINO_PSI,Arduino,0.000,0.000,0.000,,
625.033384,2026-03-16 16:38:16.571,ARDUINO_PSI,Arduino,0.000,0.000,0.000,,
625.133531,2026-03-16 16:38:16.671,ARDUINO_PSI,Arduino,0.000,0.000,0.000,,
625.233169,2026-03-16 16:38:16.771,ARDUINO_PSI,Arduino,0.000,0.000,0.000,,
625.333473,2026-03-16 16:38:16.871,ARDUINO_PSI,Arduino,0.000,0.000,0.000,,
625.433346,2026-03-16 16:38:16.971,ARDUINO_PSI,Arduino,0.000,0.000,0.000,,
625.533377,2026-03-16 16:38:17.071,ARDUINO_PSI,Arduino,0.000,0.000,0.000,,
625.633250,2026-03-16 16:38:17.171,ARDUINO_PSI,Arduino,0.000,0.000,0.000,,
625.733317,2026-03-16 16:38:17.271,ARDUINO_PSI,Arduino,0.000,0.000,0.000,,
625.833960,2026-03-16 16:38:17.372,ARDUINO_PSI,Arduino,0.000,0.000,0.000,,
625.933314,2026-03-16 16:38:17.471,ARDUINO_PSI,Arduino,0.000,0.000,0.000,,
626.033682,2026-03-16 16:38:17.572,ARDUINO_PSI,Arduino,0.000,0.000,0.000,,
626.133446,2026-03-16 16:38:17.671,ARDUINO_PSI,Arduino,0.000,0.000,0.000,,
626.233237,2026-03-16 16:38:17.771,ARDUINO_PSI,Arduino,0.000,0.000,0.000,,
626.333192,2026-03-16 16:38:17.871,ARDUINO_PSI,Arduino,0.000,0.000,0.000,,
626.433168,2026-03-16 16:38:17.971,ARDUINO_PSI,Arduino,0.000,0.000,0.000,,
626.533361,2026-03-16 16:38:18.071,ARDUINO_PSI,Arduino,0.000,0.000,0.000,,
626.633364,2026-03-16 16:38:18.171,ARDUINO_PSI,Arduino,0.000,0.000,0.000,,
626.733663,2026-03-16 16:38:18.272,ARDUINO_PSI,Arduino,0.000,0.000,0.000,,
626.833347,2026-03-16 16:38:18.371,ARDUINO_PSI,Arduino,0.000,0.000,0.000,,
626.933804,2026-03-16 16:38:18.472,ARDUINO_PSI,Arduino,0.000,0.000,0.000,,
627.033241,2026-03-16 16:38:18.571,ARDUINO_PSI,Arduino,0.000,0.000,0.000,,
627.133257,2026-03-16 16:38:18.671,ARDUINO_PSI,Arduino,0.000,0.000,0.000,,
627.233261,2026-03-16 16:38:18.771,ARDUINO_PSI,Arduino,0.000,0.000,0.000,,
627.332870,2026-03-16 16:38:18.871,ARDUINO_PSI,Arduino,0.000,0.000,0.000,,
627.432756,2026-03-16 16:38:18.971,ARDUINO_PSI,Arduino,0.000,0.000,0.000,,
627.533232,2026-03-16 16:38:19.071,ARDUINO_PSI,Arduino,0.000,0.000,0.000,,
627.634179,2026-03-16 16:38:19.172,ARDUINO_PSI,Arduino,0.000,0.000,0.000,,
627.733198,2026-03-16 16:38:19.271,ARDUINO_PSI,Arduino,0.000,0.000,0.000,,
627.833381,2026-03-16 16:38:19.371,ARDUINO_PSI,Arduino,0.000,0.000,0.000,,
627.933234,2026-03-16 16:38:19.471,ARDUINO_PSI,Arduino,0.000,0.000,0.000,,
628.033459,2026-03-16 16:38:19.571,ARDUINO_PSI,Arduino,0.000,0.000,0.000,,
628.134011,2026-03-16 16:38:19.672,ARDUINO_PSI,Arduino,0.000,0.000,0.000,,
628.233261,2026-03-16 16:38:19.771,ARDUINO_PSI,Arduino,0.000,0.000,0.000,,
628.333282,2026-03-16 16:38:19.871,ARDUINO_PSI,Arduino,0.000,0.000,0.000,,
628.433374,2026-03-16 16:38:19.971,ARDUINO_PSI,Arduino,0.000,0.000,0.000,,
628.533195,2026-03-16 16:38:20.071,ARDUINO_PSI,Arduino,0.000,0.000,0.000,,
628.633359,2026-03-16 16:38:20.171,ARDUINO_PSI,Arduino,0.000,0.000,0.000,,
628.733527,2026-03-16 16:38:20.271,ARDUINO_PSI,Arduino,0.000,0.000,0.000,,
628.833597,2026-03-16 16:38:20.371,ARDUINO_PSI,Arduino,0.000,0.000,0.000,,
628.933400,2026-03-16 16:38:20.471,ARDUINO_PSI,Arduino,0.000,0.000,0.000,,
629.032726,2026-03-16 16:38:20.571,ARDUINO_PSI,Arduino,0.000,0.000,0.000,,
629.133434,2026-03-16 16:38:20.671,ARDUINO_PSI,Arduino,0.000,0.000,0.000,,
629.233358,2026-03-16 16:38:20.771,ARDUINO_PSI,Arduino,0.000,0.000,0.000,,
629.333444,2026-03-16 16:38:20.871,ARDUINO_PSI,Arduino,0.000,0.000,0.000,,
629.433561,2026-03-16 16:38:20.971,ARDUINO_PSI,Arduino,0.000,0.000,0.000,,
629.533245,2026-03-16 16:38:21.071,ARDUINO_PSI,Arduino,0.000,0.000,0.000,,
629.633468,2026-03-16 16:38:21.171,ARDUINO_PSI,Arduino,0.000,0.000,0.000,,
629.733245,2026-03-16 16:38:21.271,ARDUINO_PSI,Arduino,0.000,0.000,0.000,,
629.833347,2026-03-16 16:38:21.371,ARDUINO_PSI,Arduino,0.000,0.000,0.000,,
629.933199,2026-03-16 16:38:21.471,ARDUINO_PSI,Arduino,0.000,0.000,0.000,,
630.033350,2026-03-16 16:38:21.571,ARDUINO_PSI,Arduino,0.000,0.000,0.000,,
630.133300,2026-03-16 16:38:21.671,ARDUINO_PSI,Arduino,0.000,0.000,0.000,,
630.232936,2026-03-16 16:38:21.771,ARDUINO_PSI,Arduino,0.000,0.000,0.000,,
630.333338,2026-03-16 16:38:21.871,ARDUINO_PSI,Arduino,0.000,0.000,0.000,,
630.432650,2026-03-16 16:38:21.971,ARDUINO_PSI,Arduino,0.000,0.000,0.000,,
630.533199,2026-03-16 16:38:22.071,ARDUINO_PSI,Arduino,0.000,0.000,0.000,,
630.633320,2026-03-16 16:38:22.171,ARDUINO_PSI,Arduino,0.000,0.000,0.000,,
630.733378,2026-03-16 16:38:22.271,ARDUINO_PSI,Arduino,0.000,0.000,0.000,,
630.833187,2026-03-16 16:38:22.371,ARDUINO_PSI,Arduino,0.000,0.000,0.000,,
630.933288,2026-03-16 16:38:22.471,ARDUINO_PSI,Arduino,0.000,0.000,0.000,,
631.033365,2026-03-16 16:38:22.571,ARDUINO_PSI,Arduino,0.000,0.000,0.000,,
631.133309,2026-03-16 16:38:22.671,ARDUINO_PSI,Arduino,0.000,0.000,0.000,,
631.233500,2026-03-16 16:38:22.771,ARDUINO_PSI,Arduino,0.000,0.000,0.000,,
631.333449,2026-03-16 16:38:22.871,ARDUINO_PSI,Arduino,0.000,0.000,0.000,,
631.433412,2026-03-16 16:38:22.971,ARDUINO_PSI,Arduino,0.000,0.000,0.000,,
631.533281,2026-03-16 16:38:23.071,ARDUINO_PSI,Arduino,0.000,0.000,0.000,,
631.633481,2026-03-16 16:38:23.171,ARDUINO_PSI,Arduino,0.000,0.000,0.000,,
631.733166,2026-03-16 16:38:23.271,ARDUINO_PSI,Arduino,0.000,0.000,0.000,,
631.833357,2026-03-16 16:38:23.371,ARDUINO_PSI,Arduino,0.000,0.000,0.000,,
631.934888,2026-03-16 16:38:23.473,ARDUINO_PSI,Arduino,0.000,0.000,0.000,,
632.033405,2026-03-16 16:38:23.571,ARDUINO_PSI,Arduino,0.000,0.000,0.000,,
632.133256,2026-03-16 16:38:23.671,ARDUINO_PSI,Arduino,0.000,0.000,0.000,,
632.233343,2026-03-16 16:38:23.771,ARDUINO_PSI,Arduino,0.000,0.000,0.000,,
632.333464,2026-03-16 16:38:23.871,ARDUINO_PSI,Arduino,0.000,0.000,0.000,,
632.433164,2026-03-16 16:38:23.971,ARDUINO_PSI,Arduino,0.000,0.000,0.000,,
632.533282,2026-03-16 16:38:24.071,ARDUINO_PSI,Arduino,0.000,0.000,0.000,,
632.633476,2026-03-16 16:38:24.171,ARDUINO_PSI,Arduino,0.000,0.000,0.000,,
632.733364,2026-03-16 16:38:24.271,ARDUINO_PSI,Arduino,0.000,0.000,0.000,,
632.833541,2026-03-16 16:38:24.371,ARDUINO_PSI,Arduino,0.000,0.000,0.000,,
632.933401,2026-03-16 16:38:24.471,ARDUINO_PSI,Arduino,0.000,0.000,0.000,,
633.033388,2026-03-16 16:38:24.571,ARDUINO_PSI,Arduino,0.000,0.000,0.000,,
633.133391,2026-03-16 16:38:24.671,ARDUINO_PSI,Arduino,0.000,0.000,0.000,,
633.233394,2026-03-16 16:38:24.771,ARDUINO_PSI,Arduino,0.000,0.000,0.000,,
633.333465,2026-03-16 16:38:24.871,ARDUINO_PSI,Arduino,0.000,0.000,0.000,,
633.433306,2026-03-16 16:38:24.971,ARDUINO_PSI,Arduino,0.000,0.000,0.000,,
633.533103,2026-03-16 16:38:25.071,ARDUINO_PSI,Arduino,0.000,0.000,0.000,,
633.632895,2026-03-16 16:38:25.171,ARDUINO_PSI,Arduino,0.000,0.000,0.000,,
633.734115,2026-03-16 16:38:25.272,ARDUINO_PSI,Arduino,0.000,0.000,0.000,,
633.833220,2026-03-16 16:38:25.371,ARDUINO_PSI,Arduino,0.000,0.000,0.000,,
633.933339,2026-03-16 16:38:25.471,ARDUINO_PSI,Arduino,0.000,0.000,0.000,,
634.033439,2026-03-16 16:38:25.571,ARDUINO_PSI,Arduino,0.000,0.000,0.000,,
634.133175,2026-03-16 16:38:25.671,ARDUINO_PSI,Arduino,0.000,0.000,0.000,,
634.233285,2026-03-16 16:38:25.771,ARDUINO_PSI,Arduino,0.000,0.000,0.000,,
634.333411,2026-03-16 16:38:25.871,ARDUINO_PSI,Arduino,0.000,0.000,0.000,,
634.433360,2026-03-16 16:38:25.971,ARDUINO_PSI,Arduino,0.000,0.000,0.000,,
634.533394,2026-03-16 16:38:26.071,ARDUINO_PSI,Arduino,0.000,0.000,0.000,,
634.633403,2026-03-16 16:38:26.171,ARDUINO_PSI,Arduino,0.000,0.000,0.000,,
634.733448,2026-03-16 16:38:26.271,ARDUINO_PSI,Arduino,0.000,0.000,0.000,,
634.833335,2026-03-16 16:38:26.371,ARDUINO_PSI,Arduino,0.000,0.000,0.000,,
634.933365,2026-03-16 16:38:26.471,ARDUINO_PSI,Arduino,0.000,0.000,0.000,,
635.033423,2026-03-16 16:38:26.571,ARDUINO_PSI,Arduino,0.000,0.000,0.000,,
635.133244,2026-03-16 16:38:26.671,ARDUINO_PSI,Arduino,0.000,0.000,0.000,,
635.233342,2026-03-16 16:38:26.771,ARDUINO_PSI,Arduino,0.000,0.000,0.000,,
635.333308,2026-03-16 16:38:26.871,ARDUINO_PSI,Arduino,0.000,0.000,0.000,,
635.433290,2026-03-16 16:38:26.971,ARDUINO_PSI,Arduino,0.000,0.000,0.000,,
635.533230,2026-03-16 16:38:27.071,ARDUINO_PSI,Arduino,0.000,0.000,0.000,,
635.633352,2026-03-16 16:38:27.171,ARDUINO_PSI,Arduino,0.000,0.000,0.000,,
635.733223,2026-03-16 16:38:27.271,ARDUINO_PSI,Arduino,0.000,0.000,0.000,,
635.833546,2026-03-16 16:38:27.371,ARDUINO_PSI,Arduino,0.000,0.000,0.000,,
635.933341,2026-03-16 16:38:27.471,ARDUINO_PSI,Arduino,0.000,0.000,0.000,,
636.033163,2026-03-16 16:38:27.571,ARDUINO_PSI,Arduino,0.000,0.000,0.000,,
636.133167,2026-03-16 16:38:27.671,ARDUINO_PSI,Arduino,0.000,0.000,0.000,,
636.233308,2026-03-16 16:38:27.771,ARDUINO_PSI,Arduino,0.000,0.000,0.000,,
636.332644,2026-03-16 16:38:27.871,ARDUINO_PSI,Arduino,0.000,0.000,0.000,,
636.433284,2026-03-16 16:38:27.971,ARDUINO_PSI,Arduino,0.000,0.000,0.000,,
636.532911,2026-03-16 16:38:28.071,ARDUINO_PSI,Arduino,0.000,0.000,0.000,,
636.633955,2026-03-16 16:38:28.172,ARDUINO_PSI,Arduino,0.000,0.000,0.000,,
636.733410,2026-03-16 16:38:28.271,ARDUINO_PSI,Arduino,0.000,0.000,0.000,,
636.832825,2026-03-16 16:38:28.371,ARDUINO_PSI,Arduino,0.000,0.000,0.000,,
636.934266,2026-03-16 16:38:28.472,ARDUINO_PSI,Arduino,0.000,0.000,0.000,,
637.032776,2026-03-16 16:38:28.571,ARDUINO_PSI,Arduino,0.000,0.000,0.000,,
637.134555,2026-03-16 16:38:28.672,ARDUINO_PSI,Arduino,0.000,0.000,0.000,,
637.233851,2026-03-16 16:38:28.772,ARDUINO_PSI,Arduino,0.000,0.000,0.000,,
637.333354,2026-03-16 16:38:28.871,ARDUINO_PSI,Arduino,0.000,0.000,0.000,,
637.433371,2026-03-16 16:38:28.971,ARDUINO_PSI,Arduino,0.000,0.000,0.000,,
637.533495,2026-03-16 16:38:29.071,ARDUINO_PSI,Arduino,0.000,0.000,0.000,,
637.633292,2026-03-16 16:38:29.171,ARDUINO_PSI,Arduino,0.000,0.000,0.000,,
637.733515,2026-03-16 16:38:29.271,ARDUINO_PSI,Arduino,0.000,0.000,0.000,,
637.834208,2026-03-16 16:38:29.372,ARDUINO_PSI,Arduino,0.000,0.000,0.000,,
637.935256,2026-03-16 16:38:29.473,ARDUINO_PSI,Arduino,0.000,0.000,0.000,,
638.032853,2026-03-16 16:38:29.571,ARDUINO_PSI,Arduino,0.000,0.000,0.000,,
638.133441,2026-03-16 16:38:29.671,ARDUINO_PSI,Arduino,0.000,0.000,0.000,,
638.232698,2026-03-16 16:38:29.771,ARDUINO_PSI,Arduino,0.000,0.000,0.000,,
638.333369,2026-03-16 16:38:29.871,ARDUINO_PSI,Arduino,0.000,0.000,0.000,,
638.433068,2026-03-16 16:38:29.971,ARDUINO_PSI,Arduino,0.000,0.000,0.000,,
638.533499,2026-03-16 16:38:30.071,ARDUINO_PSI,Arduino,0.000,0.000,0.000,,
638.633954,2026-03-16 16:38:30.172,ARDUINO_PSI,Arduino,0.000,0.000,0.000,,
638.733499,2026-03-16 16:38:30.271,ARDUINO_PSI,Arduino,0.000,0.000,0.000,,
638.834383,2026-03-16 16:38:30.372,ARDUINO_PSI,Arduino,0.000,0.000,0.000,,
638.934300,2026-03-16 16:38:30.472,ARDUINO_PSI,Arduino,0.000,0.000,0.000,,
639.033508,2026-03-16 16:38:30.571,ARDUINO_PSI,Arduino,0.000,0.000,0.000,,
639.133819,2026-03-16 16:38:30.672,ARDUINO_PSI,Arduino,0.000,0.000,0.000,,
639.233459,2026-03-16 16:38:30.771,ARDUINO_PSI,Arduino,0.000,0.000,0.000,,
639.333423,2026-03-16 16:38:30.871,ARDUINO_PSI,Arduino,0.000,0.000,0.000,,
639.433506,2026-03-16 16:38:30.971,ARDUINO_PSI,Arduino,0.000,0.000,0.000,,
639.533462,2026-03-16 16:38:31.071,ARDUINO_PSI,Arduino,0.000,0.000,0.000,,
639.634391,2026-03-16 16:38:31.172,ARDUINO_PSI,Arduino,0.000,0.000,0.000,,
639.733515,2026-03-16 16:38:31.271,ARDUINO_PSI,Arduino,0.000,0.000,0.000,,
639.834196,2026-03-16 16:38:31.372,ARDUINO_PSI,Arduino,0.000,0.000,0.000,,
639.934403,2026-03-16 16:38:31.472,ARDUINO_PSI,Arduino,0.000,0.000,0.000,,
640.032761,2026-03-16 16:38:31.571,ARDUINO_PSI,Arduino,0.000,0.000,0.000,,
640.134479,2026-03-16 16:38:31.672,ARDUINO_PSI,Arduino,0.000,0.000,0.000,,
640.233370,2026-03-16 16:38:31.771,ARDUINO_PSI,Arduino,0.000,0.000,0.000,,
640.334014,2026-03-16 16:38:31.872,ARDUINO_PSI,Arduino,0.000,0.000,0.000,,
640.434340,2026-03-16 16:38:31.972,ARDUINO_PSI,Arduino,0.000,0.000,0.000,,
640.533496,2026-03-16 16:38:32.071,ARDUINO_PSI,Arduino,0.000,0.000,0.000,,
640.633670,2026-03-16 16:38:32.172,ARDUINO_PSI,Arduino,0.000,0.000,0.000,,
640.732909,2026-03-16 16:38:32.271,ARDUINO_PSI,Arduino,0.000,0.000,0.000,,
640.833262,2026-03-16 16:38:32.371,ARDUINO_PSI,Arduino,0.000,0.000,0.000,,
640.934499,2026-03-16 16:38:32.472,ARDUINO_PSI,Arduino,0.000,0.000,0.000,,
641.033842,2026-03-16 16:38:32.572,ARDUINO_PSI,Arduino,0.000,0.000,0.000,,
641.134536,2026-03-16 16:38:32.672,ARDUINO_PSI,Arduino,0.000,0.000,0.000,,
641.233461,2026-03-16 16:38:32.771,ARDUINO_PSI,Arduino,0.000,0.000,0.000,,
641.334304,2026-03-16 16:38:32.872,ARDUINO_PSI,Arduino,0.000,0.000,0.000,,
641.433486,2026-03-16 16:38:32.971,ARDUINO_PSI,Arduino,0.000,0.000,0.000,,
641.533446,2026-03-16 16:38:33.071,ARDUINO_PSI,Arduino,0.000,0.000,0.000,,
641.632971,2026-03-16 16:38:33.171,ARDUINO_PSI,Arduino,0.000,0.000,0.000,,
641.733844,2026-03-16 16:38:33.272,ARDUINO_PSI,Arduino,0.000,0.000,0.000,,
641.834043,2026-03-16 16:38:33.372,ARDUINO_PSI,Arduino,0.000,0.000,0.000,,
641.933022,2026-03-16 16:38:33.471,ARDUINO_PSI,Arduino,0.000,0.000,0.000,,
642.033495,2026-03-16 16:38:33.571,ARDUINO_PSI,Arduino,0.000,0.000,0.000,,
642.134296,2026-03-16 16:38:33.672,ARDUINO_PSI,Arduino,0.000,0.000,0.000,,
642.233563,2026-03-16 16:38:33.771,ARDUINO_PSI,Arduino,0.000,0.000,0.000,,
642.334076,2026-03-16 16:38:33.872,ARDUINO_PSI,Arduino,0.000,0.000,0.000,,
642.434111,2026-03-16 16:38:33.972,ARDUINO_PSI,Arduino,0.000,0.000,0.000,,
642.533336,2026-03-16 16:38:34.071,ARDUINO_PSI,Arduino,0.000,0.000,0.000,,
642.633335,2026-03-16 16:38:34.171,ARDUINO_PSI,Arduino,0.000,0.000,0.000,,
642.732812,2026-03-16 16:38:34.271,ARDUINO_PSI,Arduino,0.000,0.000,0.000,,
642.833159,2026-03-16 16:38:34.371,ARDUINO_PSI,Arduino,0.000,0.000,0.000,,
642.933531,2026-03-16 16:38:34.471,ARDUINO_PSI,Arduino,0.000,0.000,0.000,,
643.034723,2026-03-16 16:38:34.573,ARDUINO_PSI,Arduino,0.000,0.000,0.000,,
643.133595,2026-03-16 16:38:34.671,ARDUINO_PSI,Arduino,0.000,0.000,0.000,,
643.234256,2026-03-16 16:38:34.772,ARDUINO_PSI,Arduino,0.000,0.000,0.000,,
643.333550,2026-03-16 16:38:34.871,ARDUINO_PSI,Arduino,0.000,0.000,0.000,,
643.433409,2026-03-16 16:38:34.971,ARDUINO_PSI,Arduino,0.000,0.000,0.000,,
643.534004,2026-03-16 16:38:35.072,ARDUINO_PSI,Arduino,0.000,0.000,0.000,,
643.633520,2026-03-16 16:38:35.171,ARDUINO_PSI,Arduino,0.000,0.000,0.000,,
643.734451,2026-03-16 16:38:35.272,ARDUINO_PSI,Arduino,0.000,0.000,0.000,,
643.834648,2026-03-16 16:38:35.373,ARDUINO_PSI,Arduino,0.000,0.000,0.000,,
643.934148,2026-03-16 16:38:35.472,ARDUINO_PSI,Arduino,0.000,0.000,0.000,,
644.034131,2026-03-16 16:38:35.572,ARDUINO_PSI,Arduino,0.000,0.000,0.000,,
644.134172,2026-03-16 16:38:35.672,ARDUINO_PSI,Arduino,0.000,0.000,0.000,,
644.232712,2026-03-16 16:38:35.771,ARDUINO_PSI,Arduino,0.000,0.000,0.000,,
644.332825,2026-03-16 16:38:35.871,ARDUINO_PSI,Arduino,0.000,0.000,0.000,,
644.433449,2026-03-16 16:38:35.971,ARDUINO_PSI,Arduino,0.000,0.000,0.000,,
644.533363,2026-03-16 16:38:36.071,ARDUINO_PSI,Arduino,0.000,0.000,0.000,,
644.634356,2026-03-16 16:38:36.172,ARDUINO_PSI,Arduino,0.000,0.000,0.000,,
644.733971,2026-03-16 16:38:36.272,ARDUINO_PSI,Arduino,0.000,0.000,0.000,,
644.834493,2026-03-16 16:38:36.372,ARDUINO_PSI,Arduino,0.000,0.000,0.000,,
644.933085,2026-03-16 16:38:36.471,ARDUINO_PSI,Arduino,0.000,0.000,0.000,,
645.033955,2026-03-16 16:38:36.572,ARDUINO_PSI,Arduino,0.000,0.000,0.000,,
645.133374,2026-03-16 16:38:36.671,ARDUINO_PSI,Arduino,0.000,0.000,0.000,,
645.233971,2026-03-16 16:38:36.772,ARDUINO_PSI,Arduino,0.000,0.000,0.000,,
645.333617,2026-03-16 16:38:36.871,ARDUINO_PSI,Arduino,0.000,0.000,0.000,,
645.433399,2026-03-16 16:38:36.971,ARDUINO_PSI,Arduino,0.000,0.000,0.000,,
645.533517,2026-03-16 16:38:37.071,ARDUINO_PSI,Arduino,0.000,0.000,0.000,,
645.634279,2026-03-16 16:38:37.172,ARDUINO_PSI,Arduino,0.000,0.000,0.000,,
645.734703,2026-03-16 16:38:37.273,ARDUINO_PSI,Arduino,0.000,0.000,0.000,,
645.834507,2026-03-16 16:38:37.372,ARDUINO_PSI,Arduino,0.000,0.000,0.000,,
645.933487,2026-03-16 16:38:37.471,ARDUINO_PSI,Arduino,0.000,0.000,0.000,,
646.034417,2026-03-16 16:38:37.572,ARDUINO_PSI,Arduino,0.000,0.000,0.000,,
646.134394,2026-03-16 16:38:37.672,ARDUINO_PSI,Arduino,0.000,0.000,0.000,,
646.233582,2026-03-16 16:38:37.771,ARDUINO_PSI,Arduino,0.000,0.000,0.000,,
646.333274,2026-03-16 16:38:37.871,ARDUINO_PSI,Arduino,0.000,0.000,0.000,,
646.434109,2026-03-16 16:38:37.972,ARDUINO_PSI,Arduino,0.000,0.000,0.000,,
646.534188,2026-03-16 16:38:38.072,ARDUINO_PSI,Arduino,0.000,0.000,0.000,,
646.633911,2026-03-16 16:38:38.172,ARDUINO_PSI,Arduino,0.000,0.000,0.000,,
646.734161,2026-03-16 16:38:38.272,ARDUINO_PSI,Arduino,0.000,0.000,0.000,,
646.834014,2026-03-16 16:38:38.372,ARDUINO_PSI,Arduino,0.000,0.000,0.000,,
646.934203,2026-03-16 16:38:38.472,ARDUINO_PSI,Arduino,0.000,0.000,0.000,,
647.034698,2026-03-16 16:38:38.573,ARDUINO_PSI,Arduino,0.000,0.000,0.000,,
647.133447,2026-03-16 16:38:38.671,ARDUINO_PSI,Arduino,0.000,0.000,0.000,,
647.234151,2026-03-16 16:38:38.772,ARDUINO_PSI,Arduino,0.000,0.000,0.000,,
647.333286,2026-03-16 16:38:38.871,ARDUINO_PSI,Arduino,0.000,0.000,0.000,,
647.434335,2026-03-16 16:38:38.972,ARDUINO_PSI,Arduino,0.000,0.000,0.000,,
647.533790,2026-03-16 16:38:39.072,ARDUINO_PSI,Arduino,0.000,0.000,0.000,,
647.634290,2026-03-16 16:38:39.172,ARDUINO_PSI,Arduino,0.000,0.000,0.000,,
647.733510,2026-03-16 16:38:39.271,ARDUINO_PSI,Arduino,0.000,0.000,0.000,,
647.833488,2026-03-16 16:38:39.371,ARDUINO_PSI,Arduino,0.000,0.000,0.000,,
647.932886,2026-03-16 16:38:39.471,ARDUINO_PSI,Arduino,0.000,0.000,0.000,,
648.034399,2026-03-16 16:38:39.572,ARDUINO_PSI,Arduino,0.000,0.000,0.000,,
648.133600,2026-03-16 16:38:39.671,ARDUINO_PSI,Arduino,0.000,0.000,0.000,,
648.234654,2026-03-16 16:38:39.773,ARDUINO_PSI,Arduino,0.000,0.000,0.000,,
648.333506,2026-03-16 16:38:39.871,ARDUINO_PSI,Arduino,0.000,0.000,0.000,,
648.433615,2026-03-16 16:38:39.971,ARDUINO_PSI,Arduino,0.000,0.000,0.000,,
648.533408,2026-03-16 16:38:40.071,ARDUINO_PSI,Arduino,0.000,0.000,0.000,,
648.633538,2026-03-16 16:38:40.171,ARDUINO_PSI,Arduino,0.000,0.000,0.000,,
648.733447,2026-03-16 16:38:40.271,ARDUINO_PSI,Arduino,0.000,0.000,0.000,,
648.834427,2026-03-16 16:38:40.372,ARDUINO_PSI,Arduino,0.000,0.000,0.000,,
648.935526,2026-03-16 16:38:40.473,ARDUINO_PSI,Arduino,0.000,0.000,0.000,,
649.033557,2026-03-16 16:38:40.571,ARDUINO_PSI,Arduino,0.000,0.000,0.000,,
649.133679,2026-03-16 16:38:40.672,ARDUINO_PSI,Arduino,0.000,0.000,0.000,,
649.233704,2026-03-16 16:38:40.772,ARDUINO_PSI,Arduino,0.000,0.000,0.000,,
649.334041,2026-03-16 16:38:40.872,ARDUINO_PSI,Arduino,0.000,0.000,0.000,,
649.433348,2026-03-16 16:38:40.971,ARDUINO_PSI,Arduino,0.000,0.000,0.000,,
649.533060,2026-03-16 16:38:41.071,ARDUINO_PSI,Arduino,0.000,0.000,0.000,,
649.633568,2026-03-16 16:38:41.171,ARDUINO_PSI,Arduino,0.000,0.000,0.000,,
649.734536,2026-03-16 16:38:41.272,ARDUINO_PSI,Arduino,0.000,0.000,0.000,,
649.834015,2026-03-16 16:38:41.372,ARDUINO_PSI,Arduino,0.000,0.000,0.000,,
649.933845,2026-03-16 16:38:41.472,ARDUINO_PSI,Arduino,0.000,0.000,0.000,,
650.034298,2026-03-16 16:38:41.572,ARDUINO_PSI,Arduino,0.000,0.000,0.000,,
650.133503,2026-03-16 16:38:41.671,ARDUINO_PSI,Arduino,0.000,0.000,0.000,,
650.233513,2026-03-16 16:38:41.771,ARDUINO_PSI,Arduino,0.000,0.000,0.000,,
650.333454,2026-03-16 16:38:41.871,ARDUINO_PSI,Arduino,0.000,0.000,0.000,,
650.433600,2026-03-16 16:38:41.971,ARDUINO_PSI,Arduino,0.000,0.000,0.000,,
650.533405,2026-03-16 16:38:42.071,ARDUINO_PSI,Arduino,0.000,0.000,0.000,,
650.633761,2026-03-16 16:38:42.172,ARDUINO_PSI,Arduino,0.000,0.000,0.000,,
650.734059,2026-03-16 16:38:42.272,ARDUINO_PSI,Arduino,0.000,0.000,0.000,,
650.833438,2026-03-16 16:38:42.371,ARDUINO_PSI,Arduino,0.000,0.000,0.000,,
650.933896,2026-03-16 16:38:42.472,ARDUINO_PSI,Arduino,0.000,0.000,0.000,,
651.033367,2026-03-16 16:38:42.571,ARDUINO_PSI,Arduino,0.000,0.000,0.000,,
651.134271,2026-03-16 16:38:42.672,ARDUINO_PSI,Arduino,0.000,0.000,0.000,,
651.233404,2026-03-16 16:38:42.771,ARDUINO_PSI,Arduino,0.000,0.000,0.000,,
651.334301,2026-03-16 16:38:42.872,ARDUINO_PSI,Arduino,0.000,0.000,0.000,,
651.434366,2026-03-16 16:38:42.972,ARDUINO_PSI,Arduino,0.000,0.000,0.000,,
651.533422,2026-03-16 16:38:43.071,ARDUINO_PSI,Arduino,0.000,0.000,0.000,,
651.633811,2026-03-16 16:38:43.172,ARDUINO_PSI,Arduino,0.000,0.000,0.000,,
651.733431,2026-03-16 16:38:43.271,ARDUINO_PSI,Arduino,0.000,0.000,0.000,,
651.835655,2026-03-16 16:38:43.374,ARDUINO_PSI,Arduino,0.000,0.000,0.000,,
651.933426,2026-03-16 16:38:43.471,ARDUINO_PSI,Arduino,0.000,0.000,0.000,,
652.033476,2026-03-16 16:38:43.571,ARDUINO_PSI,Arduino,0.000,0.000,0.000,,
652.134249,2026-03-16 16:38:43.672,ARDUINO_PSI,Arduino,0.000,0.000,0.000,,
652.233723,2026-03-16 16:38:43.772,ARDUINO_PSI,Arduino,0.000,0.000,0.000,,
652.333443,2026-03-16 16:38:43.871,ARDUINO_PSI,Arduino,0.000,0.000,0.000,,
652.433411,2026-03-16 16:38:43.971,ARDUINO_PSI,Arduino,0.000,0.000,0.000,,
652.534055,2026-03-16 16:38:44.072,ARDUINO_PSI,Arduino,0.000,0.000,0.000,,
652.633507,2026-03-16 16:38:44.171,ARDUINO_PSI,Arduino,0.000,0.000,0.000,,
652.734554,2026-03-16 16:38:44.272,ARDUINO_PSI,Arduino,0.000,0.000,0.000,,
652.834170,2026-03-16 16:38:44.372,ARDUINO_PSI,Arduino,0.000,0.000,0.000,,
652.933469,2026-03-16 16:38:44.471,ARDUINO_PSI,Arduino,0.000,0.000,0.000,,
653.034399,2026-03-16 16:38:44.572,ARDUINO_PSI,Arduino,0.000,0.000,0.000,,
653.133692,2026-03-16 16:38:44.672,ARDUINO_PSI,Arduino,0.000,0.000,0.000,,
653.233977,2026-03-16 16:38:44.772,ARDUINO_PSI,Arduino,0.000,0.000,0.000,,
653.333408,2026-03-16 16:38:44.871,ARDUINO_PSI,Arduino,0.000,0.000,0.000,,
653.433483,2026-03-16 16:38:44.971,ARDUINO_PSI,Arduino,0.000,0.000,0.000,,
653.534027,2026-03-16 16:38:45.072,ARDUINO_PSI,Arduino,0.000,0.000,0.000,,
653.632862,2026-03-16 16:38:45.171,ARDUINO_PSI,Arduino,0.000,0.000,0.000,,
653.734505,2026-03-16 16:38:45.272,ARDUINO_PSI,Arduino,0.000,0.000,0.000,,
653.833417,2026-03-16 16:38:45.371,ARDUINO_PSI,Arduino,0.000,0.000,0.000,,
653.934282,2026-03-16 16:38:45.472,ARDUINO_PSI,Arduino,0.000,0.000,0.000,,
654.033316,2026-03-16 16:38:45.571,ARDUINO_PSI,Arduino,0.000,0.000,0.000,,
654.133307,2026-03-16 16:38:45.671,ARDUINO_PSI,Arduino,0.000,0.000,0.000,,
654.233376,2026-03-16 16:38:45.771,ARDUINO_PSI,Arduino,0.000,0.000,0.000,,
654.334390,2026-03-16 16:38:45.872,ARDUINO_PSI,Arduino,0.000,0.000,0.000,,
654.433910,2026-03-16 16:38:45.972,ARDUINO_PSI,Arduino,0.000,0.000,0.000,,
654.534401,2026-03-16 16:38:46.072,ARDUINO_PSI,Arduino,0.000,0.000,0.000,,
654.632811,2026-03-16 16:38:46.171,ARDUINO_PSI,Arduino,0.000,0.000,0.000,,
654.734570,2026-03-16 16:38:46.272,ARDUINO_PSI,Arduino,0.000,0.000,0.000,,
654.833922,2026-03-16 16:38:46.372,ARDUINO_PSI,Arduino,0.000,0.000,0.000,,
654.934068,2026-03-16 16:38:46.472,ARDUINO_PSI,Arduino,0.000,0.000,0.000,,
655.033481,2026-03-16 16:38:46.571,ARDUINO_PSI,Arduino,0.000,0.000,0.000,,
655.132933,2026-03-16 16:38:46.671,ARDUINO_PSI,Arduino,0.000,0.000,0.000,,
655.233495,2026-03-16 16:38:46.771,ARDUINO_PSI,Arduino,0.000,0.000,0.000,,
655.334232,2026-03-16 16:38:46.872,ARDUINO_PSI,Arduino,0.000,0.000,0.000,,
655.433461,2026-03-16 16:38:46.971,ARDUINO_PSI,Arduino,0.000,0.000,0.000,,
655.534128,2026-03-16 16:38:47.072,ARDUINO_PSI,Arduino,0.000,0.000,0.000,,
655.633686,2026-03-16 16:38:47.172,ARDUINO_PSI,Arduino,0.000,0.000,0.000,,
655.733820,2026-03-16 16:38:47.272,ARDUINO_PSI,Arduino,0.000,0.000,0.000,,
655.834286,2026-03-16 16:38:47.372,ARDUINO_PSI,Arduino,0.000,0.000,0.000,,
655.933876,2026-03-16 16:38:47.472,ARDUINO_PSI,Arduino,0.000,0.000,0.000,,
656.034525,2026-03-16 16:38:47.572,ARDUINO_PSI,Arduino,0.000,0.000,0.000,,
656.133365,2026-03-16 16:38:47.671,ARDUINO_PSI,Arduino,0.000,0.000,0.000,,
656.233444,2026-03-16 16:38:47.771,ARDUINO_PSI,Arduino,0.000,0.000,0.000,,
656.333334,2026-03-16 16:38:47.871,ARDUINO_PSI,Arduino,0.000,0.000,0.000,,
656.433402,2026-03-16 16:38:47.971,ARDUINO_PSI,Arduino,0.000,0.000,0.000,,
656.533410,2026-03-16 16:38:48.071,ARDUINO_PSI,Arduino,0.000,0.000,0.000,,
656.634782,2026-03-16 16:38:48.173,ARDUINO_PSI,Arduino,0.000,0.000,0.000,,
656.733328,2026-03-16 16:38:48.271,ARDUINO_PSI,Arduino,0.000,0.000,0.000,,
656.834337,2026-03-16 16:38:48.372,ARDUINO_PSI,Arduino,0.000,0.000,0.000,,
656.933400,2026-03-16 16:38:48.471,ARDUINO_PSI,Arduino,0.000,0.000,0.000,,
657.033599,2026-03-16 16:38:48.571,ARDUINO_PSI,Arduino,0.000,0.000,0.000,,
657.134074,2026-03-16 16:38:48.672,ARDUINO_PSI,Arduino,0.000,0.000,0.000,,
657.234447,2026-03-16 16:38:48.772,ARDUINO_PSI,Arduino,0.000,0.000,0.000,,
657.333336,2026-03-16 16:38:48.871,ARDUINO_PSI,Arduino,0.000,0.000,0.000,,
657.434124,2026-03-16 16:38:48.972,ARDUINO_PSI,Arduino,0.000,0.000,0.000,,
657.534329,2026-03-16 16:38:49.072,ARDUINO_PSI,Arduino,0.000,0.000,0.000,,
657.634366,2026-03-16 16:38:49.172,ARDUINO_PSI,Arduino,0.000,0.000,0.000,,
657.733509,2026-03-16 16:38:49.271,ARDUINO_PSI,Arduino,0.000,0.000,0.000,,
657.833555,2026-03-16 16:38:49.371,ARDUINO_PSI,Arduino,0.000,0.000,0.000,,
657.933598,2026-03-16 16:38:49.471,ARDUINO_PSI,Arduino,0.000,0.000,0.000,,
658.033013,2026-03-16 16:38:49.571,ARDUINO_PSI,Arduino,0.000,0.000,0.000,,
658.133634,2026-03-16 16:38:49.672,ARDUINO_PSI,Arduino,0.000,0.000,0.000,,
658.233581,2026-03-16 16:38:49.771,ARDUINO_PSI,Arduino,0.000,0.000,0.000,,
658.333393,2026-03-16 16:38:49.871,ARDUINO_PSI,Arduino,0.000,0.000,0.000,,
658.433451,2026-03-16 16:38:49.971,ARDUINO_PSI,Arduino,0.000,0.000,0.000,,
658.534122,2026-03-16 16:38:50.072,ARDUINO_PSI,Arduino,0.000,0.000,0.000,,
658.633275,2026-03-16 16:38:50.171,ARDUINO_PSI,Arduino,0.000,0.000,0.000,,
658.732776,2026-03-16 16:38:50.271,ARDUINO_PSI,Arduino,0.000,0.000,0.000,,
658.832806,2026-03-16 16:38:50.371,ARDUINO_PSI,Arduino,0.000,0.000,0.000,,
658.932819,2026-03-16 16:38:50.471,ARDUINO_PSI,Arduino,0.000,0.000,0.000,,
659.032722,2026-03-16 16:38:50.571,ARDUINO_PSI,Arduino,0.000,0.000,0.000,,
659.133468,2026-03-16 16:38:50.671,ARDUINO_PSI,Arduino,0.000,0.000,0.000,,
659.232723,2026-03-16 16:38:50.771,ARDUINO_PSI,Arduino,0.000,0.000,0.000,,
659.332779,2026-03-16 16:38:50.871,ARDUINO_PSI,Arduino,0.000,0.000,0.000,,
659.432684,2026-03-16 16:38:50.971,ARDUINO_PSI,Arduino,0.000,0.000,0.000,,
659.532699,2026-03-16 16:38:51.071,ARDUINO_PSI,Arduino,0.000,0.000,0.000,,
659.633140,2026-03-16 16:38:51.171,ARDUINO_PSI,Arduino,0.000,0.000,0.000,,
659.734067,2026-03-16 16:38:51.272,ARDUINO_PSI,Arduino,0.000,0.000,0.000,,
659.832729,2026-03-16 16:38:51.371,ARDUINO_PSI,Arduino,0.000,0.000,0.000,,
659.932758,2026-03-16 16:38:51.471,ARDUINO_PSI,Arduino,0.000,0.000,0.000,,
660.032793,2026-03-16 16:38:51.571,ARDUINO_PSI,Arduino,0.000,0.000,0.000,,
660.132987,2026-03-16 16:38:51.671,ARDUINO_PSI,Arduino,0.000,0.000,0.000,,
660.232772,2026-03-16 16:38:51.771,ARDUINO_PSI,Arduino,0.000,0.000,0.000,,
660.332774,2026-03-16 16:38:51.871,ARDUINO_PSI,Arduino,0.000,0.000,0.000,,
660.432889,2026-03-16 16:38:51.971,ARDUINO_PSI,Arduino,0.000,0.000,0.000,,
660.533251,2026-03-16 16:38:52.071,ARDUINO_PSI,Arduino,0.000,0.000,0.000,,
660.632768,2026-03-16 16:38:52.171,ARDUINO_PSI,Arduino,0.000,0.000,0.000,,
660.732734,2026-03-16 16:38:52.271,ARDUINO_PSI,Arduino,0.000,0.000,0.000,,
660.832868,2026-03-16 16:38:52.371,ARDUINO_PSI,Arduino,0.000,0.000,0.000,,
660.932716,2026-03-16 16:38:52.471,ARDUINO_PSI,Arduino,0.000,0.000,0.000,,
661.032763,2026-03-16 16:38:52.571,ARDUINO_PSI,Arduino,0.000,0.000,0.000,,
661.133359,2026-03-16 16:38:52.671,ARDUINO_PSI,Arduino,0.000,0.000,0.000,,
661.232699,2026-03-16 16:38:52.771,ARDUINO_PSI,Arduino,0.000,0.000,0.000,,
661.332907,2026-03-16 16:38:52.871,ARDUINO_PSI,Arduino,0.000,0.000,0.000,,
661.432745,2026-03-16 16:38:52.971,ARDUINO_PSI,Arduino,0.000,0.000,0.000,,
661.532707,2026-03-16 16:38:53.071,ARDUINO_PSI,Arduino,0.000,0.000,0.000,,
661.632985,2026-03-16 16:38:53.171,ARDUINO_PSI,Arduino,0.000,0.000,0.000,,
661.732841,2026-03-16 16:38:53.271,ARDUINO_PSI,Arduino,0.000,0.000,0.000,,
661.833275,2026-03-16 16:38:53.371,ARDUINO_PSI,Arduino,0.000,0.000,0.000,,
661.932773,2026-03-16 16:38:53.471,ARDUINO_PSI,Arduino,0.000,0.000,0.000,,
662.033495,2026-03-16 16:38:53.571,ARDUINO_PSI,Arduino,0.000,0.000,0.000,,
662.134054,2026-03-16 16:38:53.672,ARDUINO_PSI,Arduino,0.000,0.000,0.000,,
662.233497,2026-03-16 16:38:53.771,ARDUINO_PSI,Arduino,0.000,0.000,0.000,,
662.333589,2026-03-16 16:38:53.871,ARDUINO_PSI,Arduino,0.000,0.000,0.000,,
662.433554,2026-03-16 16:38:53.971,ARDUINO_PSI,Arduino,0.000,0.000,0.000,,
662.533446,2026-03-16 16:38:54.071,ARDUINO_PSI,Arduino,0.000,0.000,0.000,,
662.633440,2026-03-16 16:38:54.171,ARDUINO_PSI,Arduino,0.000,0.000,0.000,,
662.732713,2026-03-16 16:38:54.271,ARDUINO_PSI,Arduino,0.000,0.000,0.000,,
662.834220,2026-03-16 16:38:54.372,ARDUINO_PSI,Arduino,0.000,0.000,0.000,,
662.933473,2026-03-16 16:38:54.471,ARDUINO_PSI,Arduino,0.000,0.000,0.000,,
663.033620,2026-03-16 16:38:54.571,ARDUINO_PSI,Arduino,0.000,0.000,0.000,,
663.133453,2026-03-16 16:38:54.671,ARDUINO_PSI,Arduino,0.000,0.000,0.000,,
663.233441,2026-03-16 16:38:54.771,ARDUINO_PSI,Arduino,0.000,0.000,0.000,,
663.333512,2026-03-16 16:38:54.871,ARDUINO_PSI,Arduino,0.000,0.000,0.000,,
663.433398,2026-03-16 16:38:54.971,ARDUINO_PSI,Arduino,0.000,0.000,0.000,,
663.533503,2026-03-16 16:38:55.071,ARDUINO_PSI,Arduino,0.000,0.000,0.000,,
663.633470,2026-03-16 16:38:55.171,ARDUINO_PSI,Arduino,0.000,0.000,0.000,,
663.734213,2026-03-16 16:38:55.272,ARDUINO_PSI,Arduino,0.000,0.000,0.000,,
663.833479,2026-03-16 16:38:55.371,ARDUINO_PSI,Arduino,0.000,0.000,0.000,,
663.932973,2026-03-16 16:38:55.471,ARDUINO_PSI,Arduino,0.000,0.000,0.000,,
664.033512,2026-03-16 16:38:55.571,ARDUINO_PSI,Arduino,0.000,0.000,0.000,,
664.133816,2026-03-16 16:38:55.672,ARDUINO_PSI,Arduino,0.000,0.000,0.000,,
664.233205,2026-03-16 16:38:55.771,ARDUINO_PSI,Arduino,0.000,0.000,0.000,,
664.333787,2026-03-16 16:38:55.872,ARDUINO_PSI,Arduino,0.000,0.000,0.000,,
664.433478,2026-03-16 16:38:55.971,ARDUINO_PSI,Arduino,0.000,0.000,0.000,,
664.533463,2026-03-16 16:38:56.071,ARDUINO_PSI,Arduino,0.000,0.000,0.000,,
664.633577,2026-03-16 16:38:56.171,ARDUINO_PSI,Arduino,0.000,0.000,0.000,,
664.732913,2026-03-16 16:38:56.271,ARDUINO_PSI,Arduino,0.000,0.000,0.000,,
664.833360,2026-03-16 16:38:56.371,ARDUINO_PSI,Arduino,0.000,0.000,0.000,,
664.933376,2026-03-16 16:38:56.471,ARDUINO_PSI,Arduino,0.000,0.000,0.000,,
665.033307,2026-03-16 16:38:56.571,ARDUINO_PSI,Arduino,0.000,0.000,0.000,,
665.133590,2026-03-16 16:38:56.671,ARDUINO_PSI,Arduino,0.000,0.000,0.000,,
665.233371,2026-03-16 16:38:56.771,ARDUINO_PSI,Arduino,0.000,0.000,0.000,,
665.334352,2026-03-16 16:38:56.872,ARDUINO_PSI,Arduino,0.000,0.000,0.000,,
665.433207,2026-03-16 16:38:56.971,ARDUINO_PSI,Arduino,0.000,0.000,0.000,,
665.533474,2026-03-16 16:38:57.071,ARDUINO_PSI,Arduino,0.000,0.000,0.000,,
665.633439,2026-03-16 16:38:57.171,ARDUINO_PSI,Arduino,0.000,0.000,0.000,,
665.733498,2026-03-16 16:38:57.271,ARDUINO_PSI,Arduino,0.000,0.000,0.000,,
665.833431,2026-03-16 16:38:57.371,ARDUINO_PSI,Arduino,0.000,0.000,0.000,,
665.933590,2026-03-16 16:38:57.471,ARDUINO_PSI,Arduino,0.000,0.000,0.000,,
666.033565,2026-03-16 16:38:57.571,ARDUINO_PSI,Arduino,0.000,0.000,0.000,,
666.133480,2026-03-16 16:38:57.671,ARDUINO_PSI,Arduino,0.000,0.000,0.000,,
666.234170,2026-03-16 16:38:57.772,ARDUINO_PSI,Arduino,0.000,0.000,0.000,,
666.333426,2026-03-16 16:38:57.871,ARDUINO_PSI,Arduino,0.000,0.000,0.000,,
666.433354,2026-03-16 16:38:57.971,ARDUINO_PSI,Arduino,0.000,0.000,0.000,,
666.532857,2026-03-16 16:38:58.071,ARDUINO_PSI,Arduino,0.000,0.000,0.000,,
666.633356,2026-03-16 16:38:58.171,ARDUINO_PSI,Arduino,0.000,0.000,0.000,,
666.733067,2026-03-16 16:38:58.271,ARDUINO_PSI,Arduino,0.000,0.000,0.000,,
666.833610,2026-03-16 16:38:58.371,ARDUINO_PSI,Arduino,0.000,0.000,0.000,,
666.933448,2026-03-16 16:38:58.471,ARDUINO_PSI,Arduino,0.000,0.000,0.000,,
667.033260,2026-03-16 16:38:58.571,ARDUINO_PSI,Arduino,0.000,0.000,0.000,,
667.133440,2026-03-16 16:38:58.671,ARDUINO_PSI,Arduino,0.000,0.000,0.000,,
667.233439,2026-03-16 16:38:58.771,ARDUINO_PSI,Arduino,0.000,0.000,0.000,,
667.333444,2026-03-16 16:38:58.871,ARDUINO_PSI,Arduino,0.000,0.000,0.000,,
667.433372,2026-03-16 16:38:58.971,ARDUINO_PSI,Arduino,0.000,0.000,0.000,,
667.533411,2026-03-16 16:38:59.071,ARDUINO_PSI,Arduino,0.000,0.000,0.000,,
667.632797,2026-03-16 16:38:59.171,ARDUINO_PSI,Arduino,0.000,0.000,0.000,,
667.734536,2026-03-16 16:38:59.272,ARDUINO_PSI,Arduino,0.000,0.000,0.000,,
667.833405,2026-03-16 16:38:59.371,ARDUINO_PSI,Arduino,0.000,0.000,0.000,,
667.933444,2026-03-16 16:38:59.471,ARDUINO_PSI,Arduino,0.000,0.000,0.000,,
668.033502,2026-03-16 16:38:59.571,ARDUINO_PSI,Arduino,0.000,0.000,0.000,,
668.134960,2026-03-16 16:38:59.673,ARDUINO_PSI,Arduino,0.000,0.000,0.000,,
668.233608,2026-03-16 16:38:59.771,ARDUINO_PSI,Arduino,0.000,0.000,0.000,,
668.333419,2026-03-16 16:38:59.871,ARDUINO_PSI,Arduino,0.000,0.000,0.000,,
668.433313,2026-03-16 16:38:59.971,ARDUINO_PSI,Arduino,0.000,0.000,0.000,,
668.533324,2026-03-16 16:39:00.071,ARDUINO_PSI,Arduino,0.000,0.000,0.000,,
668.633481,2026-03-16 16:39:00.171,ARDUINO_PSI,Arduino,0.000,0.000,0.000,,
668.733972,2026-03-16 16:39:00.272,ARDUINO_PSI,Arduino,0.000,0.000,0.000,,
668.833438,2026-03-16 16:39:00.371,ARDUINO_PSI,Arduino,0.000,0.000,0.000,,
668.933499,2026-03-16 16:39:00.471,ARDUINO_PSI,Arduino,0.000,0.000,0.000,,
669.033491,2026-03-16 16:39:00.571,ARDUINO_PSI,Arduino,0.000,0.000,0.000,,
669.133645,2026-03-16 16:39:00.672,ARDUINO_PSI,Arduino,0.000,0.000,0.000,,
669.233446,2026-03-16 16:39:00.771,ARDUINO_PSI,Arduino,0.000,0.000,0.000,,
669.333507,2026-03-16 16:39:00.871,ARDUINO_PSI,Arduino,0.000,0.000,0.000,,
669.433420,2026-03-16 16:39:00.971,ARDUINO_PSI,Arduino,0.000,0.000,0.000,,
669.533366,2026-03-16 16:39:01.071,ARDUINO_PSI,Arduino,0.000,0.000,0.000,,
669.633450,2026-03-16 16:39:01.171,ARDUINO_PSI,Arduino,0.000,0.000,0.000,,
669.733557,2026-03-16 16:39:01.271,ARDUINO_PSI,Arduino,0.000,0.000,0.000,,
669.833748,2026-03-16 16:39:01.372,ARDUINO_PSI,Arduino,0.000,0.000,0.000,,
669.933382,2026-03-16 16:39:01.471,ARDUINO_PSI,Arduino,0.000,0.000,0.000,,
670.033458,2026-03-16 16:39:01.571,ARDUINO_PSI,Arduino,0.000,0.000,0.000,,
670.134725,2026-03-16 16:39:01.673,ARDUINO_PSI,Arduino,0.000,0.000,0.000,,
670.234164,2026-03-16 16:39:01.772,ARDUINO_PSI,Arduino,0.000,0.000,0.000,,
670.333563,2026-03-16 16:39:01.871,ARDUINO_PSI,Arduino,0.000,0.000,0.000,,
670.433601,2026-03-16 16:39:01.971,ARDUINO_PSI,Arduino,0.000,0.000,0.000,,
670.533532,2026-03-16 16:39:02.071,ARDUINO_PSI,Arduino,0.000,0.000,0.000,,
670.633029,2026-03-16 16:39:02.171,ARDUINO_PSI,Arduino,0.000,0.000,0.000,,
670.733398,2026-03-16 16:39:02.271,ARDUINO_PSI,Arduino,0.000,0.000,0.000,,
670.833356,2026-03-16 16:39:02.371,ARDUINO_PSI,Arduino,0.000,0.000,0.000,,
670.933488,2026-03-16 16:39:02.471,ARDUINO_PSI,Arduino,0.000,0.000,0.000,,
671.033407,2026-03-16 16:39:02.571,ARDUINO_PSI,Arduino,0.000,0.000,0.000,,
671.133589,2026-03-16 16:39:02.671,ARDUINO_PSI,Arduino,0.000,0.000,0.000,,
671.233429,2026-03-16 16:39:02.771,ARDUINO_PSI,Arduino,0.000,0.000,0.000,,
671.333438,2026-03-16 16:39:02.871,ARDUINO_PSI,Arduino,0.000,0.000,0.000,,
671.433315,2026-03-16 16:39:02.971,ARDUINO_PSI,Arduino,0.000,0.000,0.000,,
671.533372,2026-03-16 16:39:03.071,ARDUINO_PSI,Arduino,0.000,0.000,0.000,,
671.632784,2026-03-16 16:39:03.171,ARDUINO_PSI,Arduino,0.000,0.000,0.000,,
671.733473,2026-03-16 16:39:03.271,ARDUINO_PSI,Arduino,0.000,0.000,0.000,,
671.833472,2026-03-16 16:39:03.371,ARDUINO_PSI,Arduino,0.000,0.000,0.000,,
671.934390,2026-03-16 16:39:03.472,ARDUINO_PSI,Arduino,0.000,0.000,0.000,,
672.033397,2026-03-16 16:39:03.571,ARDUINO_PSI,Arduino,0.000,0.000,0.000,,
672.133451,2026-03-16 16:39:03.671,ARDUINO_PSI,Arduino,0.000,0.000,0.000,,
672.233511,2026-03-16 16:39:03.771,ARDUINO_PSI,Arduino,0.000,0.000,0.000,,
672.332942,2026-03-16 16:39:03.871,ARDUINO_PSI,Arduino,0.000,0.000,0.000,,
672.433455,2026-03-16 16:39:03.971,ARDUINO_PSI,Arduino,0.000,0.000,0.000,,
672.534198,2026-03-16 16:39:04.072,ARDUINO_PSI,Arduino,0.000,0.000,0.000,,
672.633329,2026-03-16 16:39:04.171,ARDUINO_PSI,Arduino,0.000,0.000,0.000,,
672.733471,2026-03-16 16:39:04.271,ARDUINO_PSI,Arduino,0.000,0.000,0.000,,
672.833453,2026-03-16 16:39:04.371,ARDUINO_PSI,Arduino,0.000,0.000,0.000,,
672.934074,2026-03-16 16:39:04.472,ARDUINO_PSI,Arduino,0.000,0.000,0.000,,
673.033489,2026-03-16 16:39:04.571,ARDUINO_PSI,Arduino,0.000,0.000,0.000,,
673.133496,2026-03-16 16:39:04.671,ARDUINO_PSI,Arduino,0.000,0.000,0.000,,
673.233324,2026-03-16 16:39:04.771,ARDUINO_PSI,Arduino,0.000,0.000,0.000,,
673.333343,2026-03-16 16:39:04.871,ARDUINO_PSI,Arduino,0.000,0.000,0.000,,
673.433471,2026-03-16 16:39:04.971,ARDUINO_PSI,Arduino,0.000,0.000,0.000,,
673.533464,2026-03-16 16:39:05.071,ARDUINO_PSI,Arduino,0.000,0.000,0.000,,
673.633149,2026-03-16 16:39:05.171,ARDUINO_PSI,Arduino,0.000,0.000,0.000,,
673.733476,2026-03-16 16:39:05.271,ARDUINO_PSI,Arduino,0.000,0.000,0.000,,
673.833426,2026-03-16 16:39:05.371,ARDUINO_PSI,Arduino,0.000,0.000,0.000,,
673.933874,2026-03-16 16:39:05.472,ARDUINO_PSI,Arduino,0.000,0.000,0.000,,
674.032848,2026-03-16 16:39:05.571,ARDUINO_PSI,Arduino,0.000,0.000,0.000,,
674.133571,2026-03-16 16:39:05.671,ARDUINO_PSI,Arduino,0.000,0.000,0.000,,
674.233520,2026-03-16 16:39:05.771,ARDUINO_PSI,Arduino,0.000,0.000,0.000,,
674.333409,2026-03-16 16:39:05.871,ARDUINO_PSI,Arduino,0.000,0.000,0.000,,
674.433348,2026-03-16 16:39:05.971,ARDUINO_PSI,Arduino,0.000,0.000,0.000,,
674.533385,2026-03-16 16:39:06.071,ARDUINO_PSI,Arduino,0.000,0.000,0.000,,
674.633318,2026-03-16 16:39:06.171,ARDUINO_PSI,Arduino,0.000,0.000,0.000,,
674.733536,2026-03-16 16:39:06.271,ARDUINO_PSI,Arduino,0.000,0.000,0.000,,
674.833896,2026-03-16 16:39:06.372,ARDUINO_PSI,Arduino,0.000,0.000,0.000,,
674.934413,2026-03-16 16:39:06.472,ARDUINO_PSI,Arduino,0.000,0.000,0.000,,
675.033928,2026-03-16 16:39:06.572,ARDUINO_PSI,Arduino,0.000,0.000,0.000,,
675.133443,2026-03-16 16:39:06.671,ARDUINO_PSI,Arduino,0.000,0.000,0.000,,
675.233536,2026-03-16 16:39:06.771,ARDUINO_PSI,Arduino,0.000,0.000,0.000,,
675.334346,2026-03-16 16:39:06.872,ARDUINO_PSI,Arduino,0.000,0.000,0.000,,
675.433599,2026-03-16 16:39:06.971,ARDUINO_PSI,Arduino,0.000,0.000,0.000,,
675.533451,2026-03-16 16:39:07.071,ARDUINO_PSI,Arduino,0.000,0.000,0.000,,
675.633359,2026-03-16 16:39:07.171,ARDUINO_PSI,Arduino,0.000,0.000,0.000,,
675.733526,2026-03-16 16:39:07.271,ARDUINO_PSI,Arduino,0.000,0.000,0.000,,
675.833369,2026-03-16 16:39:07.371,ARDUINO_PSI,Arduino,0.000,0.000,0.000,,
675.933419,2026-03-16 16:39:07.471,ARDUINO_PSI,Arduino,0.000,0.000,0.000,,
676.033630,2026-03-16 16:39:07.572,ARDUINO_PSI,Arduino,0.000,0.000,0.000,,
676.133366,2026-03-16 16:39:07.671,ARDUINO_PSI,Arduino,0.000,0.000,0.000,,
676.233772,2026-03-16 16:39:07.772,ARDUINO_PSI,Arduino,0.000,0.000,0.000,,
676.333314,2026-03-16 16:39:07.871,ARDUINO_PSI,Arduino,0.000,0.000,0.000,,
676.433472,2026-03-16 16:39:07.971,ARDUINO_PSI,Arduino,0.000,0.000,0.000,,
676.533250,2026-03-16 16:39:08.071,ARDUINO_PSI,Arduino,0.000,0.000,0.000,,
676.633607,2026-03-16 16:39:08.171,ARDUINO_PSI,Arduino,0.000,0.000,0.000,,
676.733462,2026-03-16 16:39:08.271,ARDUINO_PSI,Arduino,0.000,0.000,0.000,,
676.833481,2026-03-16 16:39:08.371,ARDUINO_PSI,Arduino,0.000,0.000,0.000,,
676.933349,2026-03-16 16:39:08.471,ARDUINO_PSI,Arduino,0.000,0.000,0.000,,
677.033560,2026-03-16 16:39:08.571,ARDUINO_PSI,Arduino,0.000,0.000,0.000,,
677.133366,2026-03-16 16:39:08.671,ARDUINO_PSI,Arduino,0.000,0.000,0.000,,
677.233462,2026-03-16 16:39:08.771,ARDUINO_PSI,Arduino,0.000,0.000,0.000,,
677.333460,2026-03-16 16:39:08.871,ARDUINO_PSI,Arduino,0.000,0.000,0.000,,
677.434396,2026-03-16 16:39:08.972,ARDUINO_PSI,Arduino,0.000,0.000,0.000,,
677.533503,2026-03-16 16:39:09.071,ARDUINO_PSI,Arduino,0.000,0.000,0.000,,
677.633408,2026-03-16 16:39:09.171,ARDUINO_PSI,Arduino,0.000,0.000,0.000,,
677.733553,2026-03-16 16:39:09.271,ARDUINO_PSI,Arduino,0.000,0.000,0.000,,
677.833780,2026-03-16 16:39:09.372,ARDUINO_PSI,Arduino,0.000,0.000,0.000,,
677.933911,2026-03-16 16:39:09.472,ARDUINO_PSI,Arduino,0.000,0.000,0.000,,
678.033417,2026-03-16 16:39:09.571,ARDUINO_PSI,Arduino,0.000,0.000,0.000,,
678.133424,2026-03-16 16:39:09.671,ARDUINO_PSI,Arduino,0.000,0.000,0.000,,
678.234472,2026-03-16 16:39:09.772,ARDUINO_PSI,Arduino,0.000,0.000,0.000,,
678.332706,2026-03-16 16:39:09.871,ARDUINO_PSI,Arduino,0.000,0.000,0.000,,
678.432824,2026-03-16 16:39:09.971,ARDUINO_PSI,Arduino,0.000,0.000,0.000,,
678.532725,2026-03-16 16:39:10.071,ARDUINO_PSI,Arduino,0.000,0.000,0.000,,
678.632805,2026-03-16 16:39:10.171,ARDUINO_PSI,Arduino,0.000,0.000,0.000,,
678.733108,2026-03-16 16:39:10.271,ARDUINO_PSI,Arduino,0.000,0.000,0.000,,
678.832923,2026-03-16 16:39:10.371,ARDUINO_PSI,Arduino,0.000,0.000,0.000,,
678.932754,2026-03-16 16:39:10.471,ARDUINO_PSI,Arduino,0.000,0.000,0.000,,
679.033041,2026-03-16 16:39:10.571,ARDUINO_PSI,Arduino,0.000,0.000,0.000,,
679.132824,2026-03-16 16:39:10.671,ARDUINO_PSI,Arduino,0.000,0.000,0.000,,
679.232730,2026-03-16 16:39:10.771,ARDUINO_PSI,Arduino,0.000,0.000,0.000,,
679.333003,2026-03-16 16:39:10.871,ARDUINO_PSI,Arduino,0.000,0.000,0.000,,
679.432790,2026-03-16 16:39:10.971,ARDUINO_PSI,Arduino,0.000,0.000,0.000,,
679.532945,2026-03-16 16:39:11.071,ARDUINO_PSI,Arduino,0.000,0.000,0.000,,
679.633179,2026-03-16 16:39:11.171,ARDUINO_PSI,Arduino,0.000,0.000,0.000,,
679.733191,2026-03-16 16:39:11.271,ARDUINO_PSI,Arduino,0.000,0.000,0.000,,
679.833212,2026-03-16 16:39:11.371,ARDUINO_PSI,Arduino,0.000,0.000,0.000,,
679.932935,2026-03-16 16:39:11.471,ARDUINO_PSI,Arduino,0.000,0.000,0.000,,
680.033365,2026-03-16 16:39:11.571,ARDUINO_PSI,Arduino,0.000,0.000,0.000,,
680.133316,2026-03-16 16:39:11.671,ARDUINO_PSI,Arduino,0.000,0.000,0.000,,
680.232999,2026-03-16 16:39:11.771,ARDUINO_PSI,Arduino,0.000,0.000,0.000,,
680.333283,2026-03-16 16:39:11.871,ARDUINO_PSI,Arduino,0.000,0.000,0.000,,
680.433222,2026-03-16 16:39:11.971,ARDUINO_PSI,Arduino,0.000,0.000,0.000,,
680.533206,2026-03-16 16:39:12.071,ARDUINO_PSI,Arduino,0.000,0.000,0.000,,
680.633048,2026-03-16 16:39:12.171,ARDUINO_PSI,Arduino,0.000,0.000,0.000,,
680.733129,2026-03-16 16:39:12.271,ARDUINO_PSI,Arduino,0.000,0.000,0.000,,
680.833251,2026-03-16 16:39:12.371,ARDUINO_PSI,Arduino,0.000,0.000,0.000,,
680.933292,2026-03-16 16:39:12.471,ARDUINO_PSI,Arduino,0.000,0.000,0.000,,
681.033956,2026-03-16 16:39:12.572,ARDUINO_PSI,Arduino,0.000,0.000,0.000,,
681.133122,2026-03-16 16:39:12.671,ARDUINO_PSI,Arduino,0.000,0.000,0.000,,
681.233031,2026-03-16 16:39:12.771,ARDUINO_PSI,Arduino,0.000,0.000,0.000,,
681.333155,2026-03-16 16:39:12.871,ARDUINO_PSI,Arduino,0.000,0.000,0.000,,
681.432994,2026-03-16 16:39:12.971,ARDUINO_PSI,Arduino,0.000,0.000,0.000,,
681.533139,2026-03-16 16:39:13.071,ARDUINO_PSI,Arduino,0.000,0.000,0.000,,
681.632844,2026-03-16 16:39:13.171,ARDUINO_PSI,Arduino,0.000,0.000,0.000,,
681.733420,2026-03-16 16:39:13.271,ARDUINO_PSI,Arduino,0.000,0.000,0.000,,
681.833307,2026-03-16 16:39:13.371,ARDUINO_PSI,Arduino,0.000,0.000,0.000,,
681.933280,2026-03-16 16:39:13.471,ARDUINO_PSI,Arduino,0.000,0.000,0.000,,
682.033237,2026-03-16 16:39:13.571,ARDUINO_PSI,Arduino,0.000,0.000,0.000,,
682.133303,2026-03-16 16:39:13.671,ARDUINO_PSI,Arduino,0.000,0.000,0.000,,
682.233095,2026-03-16 16:39:13.771,ARDUINO_PSI,Arduino,0.000,0.000,0.000,,
682.333181,2026-03-16 16:39:13.871,ARDUINO_PSI,Arduino,0.000,0.000,0.000,,
682.434477,2026-03-16 16:39:13.972,ARDUINO_PSI,Arduino,0.000,0.000,0.000,,
682.533145,2026-03-16 16:39:14.071,ARDUINO_PSI,Arduino,0.000,0.000,0.000,,
682.633789,2026-03-16 16:39:14.172,ARDUINO_PSI,Arduino,0.000,0.000,0.000,,
682.733226,2026-03-16 16:39:14.271,ARDUINO_PSI,Arduino,0.000,0.000,0.000,,
682.833010,2026-03-16 16:39:14.371,ARDUINO_PSI,Arduino,0.000,0.000,0.000,,
682.933058,2026-03-16 16:39:14.471,ARDUINO_PSI,Arduino,0.000,0.000,0.000,,
683.033446,2026-03-16 16:39:14.571,ARDUINO_PSI,Arduino,0.000,0.000,0.000,,
683.132945,2026-03-16 16:39:14.671,ARDUINO_PSI,Arduino,0.000,0.000,0.000,,
683.233331,2026-03-16 16:39:14.771,ARDUINO_PSI,Arduino,0.000,0.000,0.000,,
683.333061,2026-03-16 16:39:14.871,ARDUINO_PSI,Arduino,0.000,0.000,0.000,,
683.433286,2026-03-16 16:39:14.971,ARDUINO_PSI,Arduino,0.000,0.000,0.000,,
683.532709,2026-03-16 16:39:15.071,ARDUINO_PSI,Arduino,0.000,0.000,0.000,,
683.632798,2026-03-16 16:39:15.171,ARDUINO_PSI,Arduino,0.000,0.000,0.000,,
683.733351,2026-03-16 16:39:15.271,ARDUINO_PSI,Arduino,0.000,0.000,0.000,,
683.833437,2026-03-16 16:39:15.371,ARDUINO_PSI,Arduino,0.000,0.000,0.000,,
683.932985,2026-03-16 16:39:15.471,ARDUINO_PSI,Arduino,0.000,0.000,0.000,,
684.032813,2026-03-16 16:39:15.571,ARDUINO_PSI,Arduino,0.000,0.000,0.000,,
684.133019,2026-03-16 16:39:15.671,ARDUINO_PSI,Arduino,0.000,0.000,0.000,,
684.233034,2026-03-16 16:39:15.771,ARDUINO_PSI,Arduino,0.000,0.000,0.000,,
684.333288,2026-03-16 16:39:15.871,ARDUINO_PSI,Arduino,0.000,0.000,0.000,,
684.433143,2026-03-16 16:39:15.971,ARDUINO_PSI,Arduino,0.000,0.000,0.000,,
684.533381,2026-03-16 16:39:16.071,ARDUINO_PSI,Arduino,0.000,0.000,0.000,,
684.632926,2026-03-16 16:39:16.171,ARDUINO_PSI,Arduino,0.000,0.000,0.000,,
684.733185,2026-03-16 16:39:16.271,ARDUINO_PSI,Arduino,0.000,0.000,0.000,,
684.833207,2026-03-16 16:39:16.371,ARDUINO_PSI,Arduino,0.000,0.000,0.000,,
684.933087,2026-03-16 16:39:16.471,ARDUINO_PSI,Arduino,0.000,0.000,0.000,,
685.032874,2026-03-16 16:39:16.571,ARDUINO_PSI,Arduino,0.000,0.000,0.000,,
685.133124,2026-03-16 16:39:16.671,ARDUINO_PSI,Arduino,0.000,0.000,0.000,,
685.233134,2026-03-16 16:39:16.771,ARDUINO_PSI,Arduino,0.000,0.000,0.000,,
685.333127,2026-03-16 16:39:16.871,ARDUINO_PSI,Arduino,0.000,0.000,0.000,,
685.432728,2026-03-16 16:39:16.971,ARDUINO_PSI,Arduino,0.000,0.000,0.000,,
685.533040,2026-03-16 16:39:17.071,ARDUINO_PSI,Arduino,0.000,0.000,0.000,,
685.633286,2026-03-16 16:39:17.171,ARDUINO_PSI,Arduino,0.000,0.000,0.000,,
685.733351,2026-03-16 16:39:17.271,ARDUINO_PSI,Arduino,0.000,0.000,0.000,,
685.833162,2026-03-16 16:39:17.371,ARDUINO_PSI,Arduino,0.000,0.000,0.000,,
685.933272,2026-03-16 16:39:17.471,ARDUINO_PSI,Arduino,0.000,0.000,0.000,,
686.033272,2026-03-16 16:39:17.571,ARDUINO_PSI,Arduino,0.000,0.000,0.000,,
686.133010,2026-03-16 16:39:17.671,ARDUINO_PSI,Arduino,0.000,0.000,0.000,,
686.232993,2026-03-16 16:39:17.771,ARDUINO_PSI,Arduino,0.000,0.000,0.000,,
686.333334,2026-03-16 16:39:17.871,ARDUINO_PSI,Arduino,0.000,0.000,0.000,,
686.433171,2026-03-16 16:39:17.971,ARDUINO_PSI,Arduino,0.000,0.000,0.000,,
686.533248,2026-03-16 16:39:18.071,ARDUINO_PSI,Arduino,0.000,0.000,0.000,,
686.632955,2026-03-16 16:39:18.171,ARDUINO_PSI,Arduino,0.000,0.000,0.000,,
686.733001,2026-03-16 16:39:18.271,ARDUINO_PSI,Arduino,0.000,0.000,0.000,,
686.833171,2026-03-16 16:39:18.371,ARDUINO_PSI,Arduino,0.000,0.000,0.000,,
686.933225,2026-03-16 16:39:18.471,ARDUINO_PSI,Arduino,0.000,0.000,0.000,,
687.033073,2026-03-16 16:39:18.571,ARDUINO_PSI,Arduino,0.000,0.000,0.000,,
687.133105,2026-03-16 16:39:18.671,ARDUINO_PSI,Arduino,0.000,0.000,0.000,,
687.233992,2026-03-16 16:39:18.772,ARDUINO_PSI,Arduino,0.000,0.000,0.000,,
687.333346,2026-03-16 16:39:18.871,ARDUINO_PSI,Arduino,0.000,0.000,0.000,,
687.433142,2026-03-16 16:39:18.971,ARDUINO_PSI,Arduino,0.000,0.000,0.000,,
687.533324,2026-03-16 16:39:19.071,ARDUINO_PSI,Arduino,0.000,0.000,0.000,,
687.633544,2026-03-16 16:39:19.171,ARDUINO_PSI,Arduino,0.000,0.000,0.000,,
687.733011,2026-03-16 16:39:19.271,ARDUINO_PSI,Arduino,0.000,0.000,0.000,,
687.834436,2026-03-16 16:39:19.372,ARDUINO_PSI,Arduino,0.000,0.000,0.000,,
687.933144,2026-03-16 16:39:19.471,ARDUINO_PSI,Arduino,0.000,0.000,0.000,,
688.033395,2026-03-16 16:39:19.571,ARDUINO_PSI,Arduino,0.000,0.000,0.000,,
688.132997,2026-03-16 16:39:19.671,ARDUINO_PSI,Arduino,0.000,0.000,0.000,,
688.233231,2026-03-16 16:39:19.771,ARDUINO_PSI,Arduino,0.000,0.000,0.000,,
688.333381,2026-03-16 16:39:19.871,ARDUINO_PSI,Arduino,0.000,0.000,0.000,,
688.434216,2026-03-16 16:39:19.972,ARDUINO_PSI,Arduino,0.000,0.000,0.000,,
688.533167,2026-03-16 16:39:20.071,ARDUINO_PSI,Arduino,0.000,0.000,0.000,,
688.633364,2026-03-16 16:39:20.171,ARDUINO_PSI,Arduino,0.000,0.000,0.000,,
688.732946,2026-03-16 16:39:20.271,ARDUINO_PSI,Arduino,0.000,0.000,0.000,,
688.833300,2026-03-16 16:39:20.371,ARDUINO_PSI,Arduino,0.000,0.000,0.000,,
688.933318,2026-03-16 16:39:20.471,ARDUINO_PSI,Arduino,0.000,0.000,0.000,,
689.032880,2026-03-16 16:39:20.571,ARDUINO_PSI,Arduino,0.000,0.000,0.000,,
689.133060,2026-03-16 16:39:20.671,ARDUINO_PSI,Arduino,0.000,0.000,0.000,,
689.232798,2026-03-16 16:39:20.771,ARDUINO_PSI,Arduino,0.000,0.000,0.000,,
689.333263,2026-03-16 16:39:20.871,ARDUINO_PSI,Arduino,0.000,0.000,0.000,,
689.432834,2026-03-16 16:39:20.971,ARDUINO_PSI,Arduino,0.000,0.000,0.000,,
689.533412,2026-03-16 16:39:21.071,ARDUINO_PSI,Arduino,0.000,0.000,0.000,,
689.634733,2026-03-16 16:39:21.173,ARDUINO_PSI,Arduino,0.000,0.000,0.000,,
689.733026,2026-03-16 16:39:21.271,ARDUINO_PSI,Arduino,0.000,0.000,0.000,,
689.833326,2026-03-16 16:39:21.371,ARDUINO_PSI,Arduino,0.000,0.000,0.000,,
689.933057,2026-03-16 16:39:21.471,ARDUINO_PSI,Arduino,0.000,0.000,0.000,,
690.033242,2026-03-16 16:39:21.571,ARDUINO_PSI,Arduino,0.000,0.000,0.000,,
690.133486,2026-03-16 16:39:21.671,ARDUINO_PSI,Arduino,0.000,0.000,0.000,,
690.233157,2026-03-16 16:39:21.771,ARDUINO_PSI,Arduino,0.000,0.000,0.000,,
690.333055,2026-03-16 16:39:21.871,ARDUINO_PSI,Arduino,0.000,0.000,0.000,,
690.432776,2026-03-16 16:39:21.971,ARDUINO_PSI,Arduino,0.000,0.000,0.000,,
690.533062,2026-03-16 16:39:22.071,ARDUINO_PSI,Arduino,0.000,0.000,0.000,,
690.633333,2026-03-16 16:39:22.171,ARDUINO_PSI,Arduino,0.000,0.000,0.000,,
690.732841,2026-03-16 16:39:22.271,ARDUINO_PSI,Arduino,0.000,0.000,0.000,,
690.832990,2026-03-16 16:39:22.371,ARDUINO_PSI,Arduino,0.000,0.000,0.000,,
690.933174,2026-03-16 16:39:22.471,ARDUINO_PSI,Arduino,0.000,0.000,0.000,,
691.033314,2026-03-16 16:39:22.571,ARDUINO_PSI,Arduino,0.000,0.000,0.000,,
691.133003,2026-03-16 16:39:22.671,ARDUINO_PSI,Arduino,0.000,0.000,0.000,,
691.233055,2026-03-16 16:39:22.771,ARDUINO_PSI,Arduino,0.000,0.000,0.000,,
691.333139,2026-03-16 16:39:22.871,ARDUINO_PSI,Arduino,0.000,0.000,0.000,,
691.433015,2026-03-16 16:39:22.971,ARDUINO_PSI,Arduino,0.000,0.000,0.000,,
691.533337,2026-03-16 16:39:23.071,ARDUINO_PSI,Arduino,0.000,0.000,0.000,,
691.633228,2026-03-16 16:39:23.171,ARDUINO_PSI,Arduino,0.000,0.000,0.000,,
691.733259,2026-03-16 16:39:23.271,ARDUINO_PSI,Arduino,0.000,0.000,0.000,,
691.834409,2026-03-16 16:39:23.372,ARDUINO_PSI,Arduino,0.000,0.000,0.000,,
691.933085,2026-03-16 16:39:23.471,ARDUINO_PSI,Arduino,0.000,0.000,0.000,,
692.033022,2026-03-16 16:39:23.571,ARDUINO_PSI,Arduino,0.000,0.000,0.000,,
692.133177,2026-03-16 16:39:23.671,ARDUINO_PSI,Arduino,0.000,0.000,0.000,,
692.233645,2026-03-16 16:39:23.772,ARDUINO_PSI,Arduino,0.000,0.000,0.000,,
692.333385,2026-03-16 16:39:23.871,ARDUINO_PSI,Arduino,0.000,0.000,0.000,,
692.433280,2026-03-16 16:39:23.971,ARDUINO_PSI,Arduino,0.000,0.000,0.000,,
692.533029,2026-03-16 16:39:24.071,ARDUINO_PSI,Arduino,0.000,0.000,0.000,,
692.633013,2026-03-16 16:39:24.171,ARDUINO_PSI,Arduino,0.000,0.000,0.000,,
692.732869,2026-03-16 16:39:24.271,ARDUINO_PSI,Arduino,0.000,0.000,0.000,,
692.833340,2026-03-16 16:39:24.371,ARDUINO_PSI,Arduino,0.000,0.000,0.000,,
692.933235,2026-03-16 16:39:24.471,ARDUINO_PSI,Arduino,0.000,0.000,0.000,,
693.033259,2026-03-16 16:39:24.571,ARDUINO_PSI,Arduino,0.000,0.000,0.000,,
693.133085,2026-03-16 16:39:24.671,ARDUINO_PSI,Arduino,0.000,0.000,0.000,,
693.233290,2026-03-16 16:39:24.771,ARDUINO_PSI,Arduino,0.000,0.000,0.000,,
693.333097,2026-03-16 16:39:24.871,ARDUINO_PSI,Arduino,0.000,0.000,0.000,,
693.433120,2026-03-16 16:39:24.971,ARDUINO_PSI,Arduino,0.000,0.000,0.000,,
693.534466,2026-03-16 16:39:25.072,ARDUINO_PSI,Arduino,0.000,0.000,0.000,,
693.633336,2026-03-16 16:39:25.171,ARDUINO_PSI,Arduino,0.000,0.000,0.000,,
693.732958,2026-03-16 16:39:25.271,ARDUINO_PSI,Arduino,0.000,0.000,0.000,,
693.833133,2026-03-16 16:39:25.371,ARDUINO_PSI,Arduino,0.000,0.000,0.000,,
693.933221,2026-03-16 16:39:25.471,ARDUINO_PSI,Arduino,0.000,0.000,0.000,,
694.033076,2026-03-16 16:39:25.571,ARDUINO_PSI,Arduino,0.000,0.000,0.000,,
694.134887,2026-03-16 16:39:25.673,ARDUINO_PSI,Arduino,0.000,0.000,0.000,,
694.233031,2026-03-16 16:39:25.771,ARDUINO_PSI,Arduino,0.000,0.000,0.000,,
694.333530,2026-03-16 16:39:25.871,ARDUINO_PSI,Arduino,0.000,0.000,0.000,,
694.433102,2026-03-16 16:39:25.971,ARDUINO_PSI,Arduino,0.000,0.000,0.000,,
694.533149,2026-03-16 16:39:26.071,ARDUINO_PSI,Arduino,0.000,0.000,0.000,,
694.633733,2026-03-16 16:39:26.172,ARDUINO_PSI,Arduino,0.000,0.000,0.000,,
694.733198,2026-03-16 16:39:26.271,ARDUINO_PSI,Arduino,0.000,0.000,0.000,,
694.833369,2026-03-16 16:39:26.371,ARDUINO_PSI,Arduino,0.000,0.000,0.000,,
694.933215,2026-03-16 16:39:26.471,ARDUINO_PSI,Arduino,0.000,0.000,0.000,,
695.033259,2026-03-16 16:39:26.571,ARDUINO_PSI,Arduino,0.000,0.000,0.000,,
695.133119,2026-03-16 16:39:26.671,ARDUINO_PSI,Arduino,0.000,0.000,0.000,,
695.233330,2026-03-16 16:39:26.771,ARDUINO_PSI,Arduino,0.000,0.000,0.000,,
695.334509,2026-03-16 16:39:26.872,ARDUINO_PSI,Arduino,0.000,0.000,0.000,,
695.433301,2026-03-16 16:39:26.971,ARDUINO_PSI,Arduino,0.000,0.000,0.000,,
695.533113,2026-03-16 16:39:27.071,ARDUINO_PSI,Arduino,0.000,0.000,0.000,,
695.634374,2026-03-16 16:39:27.172,ARDUINO_PSI,Arduino,0.000,0.000,0.000,,
695.733415,2026-03-16 16:39:27.271,ARDUINO_PSI,Arduino,0.000,0.000,0.000,,
695.833118,2026-03-16 16:39:27.371,ARDUINO_PSI,Arduino,0.000,0.000,0.000,,
695.933079,2026-03-16 16:39:27.471,ARDUINO_PSI,Arduino,0.000,0.000,0.000,,
696.033517,2026-03-16 16:39:27.571,ARDUINO_PSI,Arduino,0.000,0.000,0.000,,
696.133485,2026-03-16 16:39:27.671,ARDUINO_PSI,Arduino,0.000,0.000,0.000,,
696.233792,2026-03-16 16:39:27.772,ARDUINO_PSI,Arduino,0.000,0.000,0.000,,
696.333062,2026-03-16 16:39:27.871,ARDUINO_PSI,Arduino,0.000,0.000,0.000,,
696.433315,2026-03-16 16:39:27.971,ARDUINO_PSI,Arduino,0.000,0.000,0.000,,
696.533005,2026-03-16 16:39:28.071,ARDUINO_PSI,Arduino,0.000,0.000,0.000,,
696.633481,2026-03-16 16:39:28.171,ARDUINO_PSI,Arduino,0.000,0.000,0.000,,
696.733412,2026-03-16 16:39:28.271,ARDUINO_PSI,Arduino,0.000,0.000,0.000,,
696.833077,2026-03-16 16:39:28.371,ARDUINO_PSI,Arduino,0.000,0.000,0.000,,
696.933438,2026-03-16 16:39:28.471,ARDUINO_PSI,Arduino,0.000,0.000,0.000,,
697.032960,2026-03-16 16:39:28.571,ARDUINO_PSI,Arduino,0.000,0.000,0.000,,
697.134343,2026-03-16 16:39:28.672,ARDUINO_PSI,Arduino,0.000,0.000,0.000,,
697.233215,2026-03-16 16:39:28.771,ARDUINO_PSI,Arduino,0.000,0.000,0.000,,
697.333221,2026-03-16 16:39:28.871,ARDUINO_PSI,Arduino,0.000,0.000,0.000,,
697.433337,2026-03-16 16:39:28.971,ARDUINO_PSI,Arduino,0.000,0.000,0.000,,
697.533246,2026-03-16 16:39:29.071,ARDUINO_PSI,Arduino,0.000,0.000,0.000,,
697.633467,2026-03-16 16:39:29.171,ARDUINO_PSI,Arduino,0.000,0.000,0.000,,
697.733321,2026-03-16 16:39:29.271,ARDUINO_PSI,Arduino,0.000,0.000,0.000,,
697.834369,2026-03-16 16:39:29.372,ARDUINO_PSI,Arduino,0.000,0.000,0.000,,
697.933995,2026-03-16 16:39:29.472,ARDUINO_PSI,Arduino,0.000,0.000,0.000,,
698.033407,2026-03-16 16:39:29.571,ARDUINO_PSI,Arduino,0.000,0.000,0.000,,
698.134147,2026-03-16 16:39:29.672,ARDUINO_PSI,Arduino,0.000,0.000,0.000,,
698.233073,2026-03-16 16:39:29.771,ARDUINO_PSI,Arduino,0.000,0.000,0.000,,
698.333314,2026-03-16 16:39:29.871,ARDUINO_PSI,Arduino,0.000,0.000,0.000,,
698.433079,2026-03-16 16:39:29.971,ARDUINO_PSI,Arduino,0.000,0.000,0.000,,
698.533346,2026-03-16 16:39:30.071,ARDUINO_PSI,Arduino,0.000,0.000,0.000,,
698.633381,2026-03-16 16:39:30.171,ARDUINO_PSI,Arduino,0.000,0.000,0.000,,
698.733251,2026-03-16 16:39:30.271,ARDUINO_PSI,Arduino,0.000,0.000,0.000,,
698.833273,2026-03-16 16:39:30.371,ARDUINO_PSI,Arduino,0.000,0.000,0.000,,
698.933292,2026-03-16 16:39:30.471,ARDUINO_PSI,Arduino,0.000,0.000,0.000,,
699.032949,2026-03-16 16:39:30.571,ARDUINO_PSI,Arduino,0.000,0.000,0.000,,
699.133374,2026-03-16 16:39:30.671,ARDUINO_PSI,Arduino,0.000,0.000,0.000,,
699.233281,2026-03-16 16:39:30.771,ARDUINO_PSI,Arduino,0.000,0.000,0.000,,
699.333315,2026-03-16 16:39:30.871,ARDUINO_PSI,Arduino,0.000,0.000,0.000,,
699.433206,2026-03-16 16:39:30.971,ARDUINO_PSI,Arduino,0.000,0.000,0.000,,
699.533239,2026-03-16 16:39:31.071,ARDUINO_PSI,Arduino,0.000,0.000,0.000,,
699.633337,2026-03-16 16:39:31.171,ARDUINO_PSI,Arduino,0.000,0.000,0.000,,
699.733295,2026-03-16 16:39:31.271,ARDUINO_PSI,Arduino,0.000,0.000,0.000,,
699.833648,2026-03-16 16:39:31.372,ARDUINO_PSI,Arduino,0.000,0.000,0.000,,
699.933360,2026-03-16 16:39:31.471,ARDUINO_PSI,Arduino,0.000,0.000,0.000,,
700.032754,2026-03-16 16:39:31.571,ARDUINO_PSI,Arduino,0.000,0.000,0.000,,
700.133349,2026-03-16 16:39:31.671,ARDUINO_PSI,Arduino,0.000,0.000,0.000,,
700.233295,2026-03-16 16:39:31.771,ARDUINO_PSI,Arduino,0.000,0.000,0.000,,
700.333068,2026-03-16 16:39:31.871,ARDUINO_PSI,Arduino,0.000,0.000,0.000,,
700.433192,2026-03-16 16:39:31.971,ARDUINO_PSI,Arduino,0.000,0.000,0.000,,
700.533359,2026-03-16 16:39:32.071,ARDUINO_PSI,Arduino,0.000,0.000,0.000,,
700.633171,2026-03-16 16:39:32.171,ARDUINO_PSI,Arduino,0.000,0.000,0.000,,
700.733272,2026-03-16 16:39:32.271,ARDUINO_PSI,Arduino,0.000,0.000,0.000,,
700.834048,2026-03-16 16:39:32.372,ARDUINO_PSI,Arduino,0.000,0.000,0.000,,
700.933385,2026-03-16 16:39:32.471,ARDUINO_PSI,Arduino,0.000,0.000,0.000,,
701.034121,2026-03-16 16:39:32.572,ARDUINO_PSI,Arduino,0.000,0.000,0.000,,
701.133185,2026-03-16 16:39:32.671,ARDUINO_PSI,Arduino,0.000,0.000,0.000,,
701.233738,2026-03-16 16:39:32.772,ARDUINO_PSI,Arduino,0.000,0.000,0.000,,
701.333155,2026-03-16 16:39:32.871,ARDUINO_PSI,Arduino,0.000,0.000,0.000,,
701.432843,2026-03-16 16:39:32.971,ARDUINO_PSI,Arduino,0.000,0.000,0.000,,
701.533363,2026-03-16 16:39:33.071,ARDUINO_PSI,Arduino,0.000,0.000,0.000,,
701.633286,2026-03-16 16:39:33.171,ARDUINO_PSI,Arduino,0.000,0.000,0.000,,
701.733127,2026-03-16 16:39:33.271,ARDUINO_PSI,Arduino,0.000,0.000,0.000,,
701.833216,2026-03-16 16:39:33.371,ARDUINO_PSI,Arduino,0.000,0.000,0.000,,
701.933273,2026-03-16 16:39:33.471,ARDUINO_PSI,Arduino,0.000,0.000,0.000,,
702.032941,2026-03-16 16:39:33.571,ARDUINO_PSI,Arduino,0.000,0.000,0.000,,
702.133347,2026-03-16 16:39:33.671,ARDUINO_PSI,Arduino,0.000,0.000,0.000,,
702.233078,2026-03-16 16:39:33.771,ARDUINO_PSI,Arduino,0.000,0.000,0.000,,
702.333055,2026-03-16 16:39:33.871,ARDUINO_PSI,Arduino,0.000,0.000,0.000,,
702.433302,2026-03-16 16:39:33.971,ARDUINO_PSI,Arduino,0.000,0.000,0.000,,
702.533391,2026-03-16 16:39:34.071,ARDUINO_PSI,Arduino,0.000,0.000,0.000,,
702.633216,2026-03-16 16:39:34.171,ARDUINO_PSI,Arduino,0.000,0.000,0.000,,
702.732837,2026-03-16 16:39:34.271,ARDUINO_PSI,Arduino,0.000,0.000,0.000,,
702.833761,2026-03-16 16:39:34.372,ARDUINO_PSI,Arduino,0.000,0.000,0.000,,
702.932731,2026-03-16 16:39:34.471,ARDUINO_PSI,Arduino,0.000,0.000,0.000,,
703.032905,2026-03-16 16:39:34.571,ARDUINO_PSI,Arduino,0.000,0.000,0.000,,
703.132846,2026-03-16 16:39:34.671,ARDUINO_PSI,Arduino,0.000,0.000,0.000,,
703.233425,2026-03-16 16:39:34.771,ARDUINO_PSI,Arduino,0.000,0.000,0.000,,
703.333485,2026-03-16 16:39:34.871,ARDUINO_PSI,Arduino,0.000,0.000,0.000,,
703.433350,2026-03-16 16:39:34.971,ARDUINO_PSI,Arduino,0.000,0.000,0.000,,
703.533146,2026-03-16 16:39:35.071,ARDUINO_PSI,Arduino,0.000,0.000,0.000,,
703.633116,2026-03-16 16:39:35.171,ARDUINO_PSI,Arduino,0.000,0.000,0.000,,
703.734290,2026-03-16 16:39:35.272,ARDUINO_PSI,Arduino,0.000,0.000,0.000,,
703.833839,2026-03-16 16:39:35.372,ARDUINO_PSI,Arduino,0.000,0.000,0.000,,
703.933591,2026-03-16 16:39:35.471,ARDUINO_PSI,Arduino,0.000,0.000,0.000,,
704.033412,2026-03-16 16:39:35.571,ARDUINO_PSI,Arduino,0.000,0.000,0.000,,
704.133355,2026-03-16 16:39:35.671,ARDUINO_PSI,Arduino,0.000,0.000,0.000,,
704.233331,2026-03-16 16:39:35.771,ARDUINO_PSI,Arduino,0.000,0.000,0.000,,
704.333622,2026-03-16 16:39:35.871,ARDUINO_PSI,Arduino,0.000,0.000,0.000,,
704.433582,2026-03-16 16:39:35.971,ARDUINO_PSI,Arduino,0.000,0.000,0.000,,
704.533218,2026-03-16 16:39:36.071,ARDUINO_PSI,Arduino,0.000,0.000,0.000,,
704.633385,2026-03-16 16:39:36.171,ARDUINO_PSI,Arduino,0.000,0.000,0.000,,
704.733698,2026-03-16 16:39:36.272,ARDUINO_PSI,Arduino,0.000,0.000,0.000,,
704.833145,2026-03-16 16:39:36.371,ARDUINO_PSI,Arduino,0.000,0.000,0.000,,
704.933899,2026-03-16 16:39:36.472,ARDUINO_PSI,Arduino,0.000,0.000,0.000,,
705.032833,2026-03-16 16:39:36.571,ARDUINO_PSI,Arduino,0.000,0.000,0.000,,
705.133356,2026-03-16 16:39:36.671,ARDUINO_PSI,Arduino,0.000,0.000,0.000,,
705.233395,2026-03-16 16:39:36.771,ARDUINO_PSI,Arduino,0.000,0.000,0.000,,
705.333602,2026-03-16 16:39:36.871,ARDUINO_PSI,Arduino,0.000,0.000,0.000,,
705.433178,2026-03-16 16:39:36.971,ARDUINO_PSI,Arduino,0.000,0.000,0.000,,
705.533236,2026-03-16 16:39:37.071,ARDUINO_PSI,Arduino,0.000,0.000,0.000,,
705.633855,2026-03-16 16:39:37.172,ARDUINO_PSI,Arduino,0.000,0.000,0.000,,
705.733245,2026-03-16 16:39:37.271,ARDUINO_PSI,Arduino,0.000,0.000,0.000,,
705.833550,2026-03-16 16:39:37.371,ARDUINO_PSI,Arduino,0.000,0.000,0.000,,
705.933299,2026-03-16 16:39:37.471,ARDUINO_PSI,Arduino,0.000,0.000,0.000,,
706.033265,2026-03-16 16:39:37.571,ARDUINO_PSI,Arduino,0.000,0.000,0.000,,
706.133333,2026-03-16 16:39:37.671,ARDUINO_PSI,Arduino,0.000,0.000,0.000,,
706.233258,2026-03-16 16:39:37.771,ARDUINO_PSI,Arduino,0.000,0.000,0.000,,
706.333342,2026-03-16 16:39:37.871,ARDUINO_PSI,Arduino,0.000,0.000,0.000,,
706.433420,2026-03-16 16:39:37.971,ARDUINO_PSI,Arduino,0.000,0.000,0.000,,
706.533266,2026-03-16 16:39:38.071,ARDUINO_PSI,Arduino,0.000,0.000,0.000,,
706.633067,2026-03-16 16:39:38.171,ARDUINO_PSI,Arduino,0.000,0.000,0.000,,
706.732870,2026-03-16 16:39:38.271,ARDUINO_PSI,Arduino,0.000,0.000,0.000,,
706.833025,2026-03-16 16:39:38.371,ARDUINO_PSI,Arduino,0.000,0.000,0.000,,
706.933299,2026-03-16 16:39:38.471,ARDUINO_PSI,Arduino,0.000,0.000,0.000,,
707.033178,2026-03-16 16:39:38.571,ARDUINO_PSI,Arduino,0.000,0.000,0.000,,
707.133984,2026-03-16 16:39:38.672,ARDUINO_PSI,Arduino,0.000,0.000,0.000,,
707.232956,2026-03-16 16:39:38.771,ARDUINO_PSI,Arduino,0.000,0.000,0.000,,
707.333492,2026-03-16 16:39:38.871,ARDUINO_PSI,Arduino,0.000,0.000,0.000,,
707.433597,2026-03-16 16:39:38.971,ARDUINO_PSI,Arduino,0.000,0.000,0.000,,
707.533269,2026-03-16 16:39:39.071,ARDUINO_PSI,Arduino,0.000,0.000,0.000,,
707.633278,2026-03-16 16:39:39.171,ARDUINO_PSI,Arduino,0.000,0.000,0.000,,
707.733362,2026-03-16 16:39:39.271,ARDUINO_PSI,Arduino,0.000,0.000,0.000,,
707.833418,2026-03-16 16:39:39.371,ARDUINO_PSI,Arduino,0.000,0.000,0.000,,
707.933005,2026-03-16 16:39:39.471,ARDUINO_PSI,Arduino,0.000,0.000,0.000,,
708.033333,2026-03-16 16:39:39.571,ARDUINO_PSI,Arduino,0.000,0.000,0.000,,
708.133217,2026-03-16 16:39:39.671,ARDUINO_PSI,Arduino,0.000,0.000,0.000,,
708.233112,2026-03-16 16:39:39.771,ARDUINO_PSI,Arduino,0.000,0.000,0.000,,
708.333310,2026-03-16 16:39:39.871,ARDUINO_PSI,Arduino,0.000,0.000,0.000,,
708.433320,2026-03-16 16:39:39.971,ARDUINO_PSI,Arduino,0.000,0.000,0.000,,
708.533420,2026-03-16 16:39:40.071,ARDUINO_PSI,Arduino,0.000,0.000,0.000,,
708.633109,2026-03-16 16:39:40.171,ARDUINO_PSI,Arduino,0.000,0.000,0.000,,
708.733030,2026-03-16 16:39:40.271,ARDUINO_PSI,Arduino,0.000,0.000,0.000,,
708.833454,2026-03-16 16:39:40.371,ARDUINO_PSI,Arduino,0.000,0.000,0.000,,
708.933152,2026-03-16 16:39:40.471,ARDUINO_PSI,Arduino,0.000,0.000,0.000,,
709.032882,2026-03-16 16:39:40.571,ARDUINO_PSI,Arduino,0.000,0.000,0.000,,
709.133708,2026-03-16 16:39:40.672,ARDUINO_PSI,Arduino,0.000,0.000,0.000,,
709.233140,2026-03-16 16:39:40.771,ARDUINO_PSI,Arduino,0.000,0.000,0.000,,
709.333157,2026-03-16 16:39:40.871,ARDUINO_PSI,Arduino,0.000,0.000,0.000,,
709.433323,2026-03-16 16:39:40.971,ARDUINO_PSI,Arduino,0.000,0.000,0.000,,
709.533289,2026-03-16 16:39:41.071,ARDUINO_PSI,Arduino,0.000,0.000,0.000,,
709.633269,2026-03-16 16:39:41.171,ARDUINO_PSI,Arduino,0.000,0.000,0.000,,
709.733276,2026-03-16 16:39:41.271,ARDUINO_PSI,Arduino,0.000,0.000,0.000,,
709.833402,2026-03-16 16:39:41.371,ARDUINO_PSI,Arduino,0.000,0.000,0.000,,
709.933291,2026-03-16 16:39:41.471,ARDUINO_PSI,Arduino,0.000,0.000,0.000,,
710.033307,2026-03-16 16:39:41.571,ARDUINO_PSI,Arduino,0.000,0.000,0.000,,
710.133413,2026-03-16 16:39:41.671,ARDUINO_PSI,Arduino,0.000,0.000,0.000,,
710.233397,2026-03-16 16:39:41.771,ARDUINO_PSI,Arduino,0.000,0.000,0.000,,
710.333869,2026-03-16 16:39:41.872,ARDUINO_PSI,Arduino,0.000,0.000,0.000,,
710.433323,2026-03-16 16:39:41.971,ARDUINO_PSI,Arduino,0.000,0.000,0.000,,
710.533217,2026-03-16 16:39:42.071,ARDUINO_PSI,Arduino,0.000,0.000,0.000,,
710.633215,2026-03-16 16:39:42.171,ARDUINO_PSI,Arduino,0.000,0.000,0.000,,
710.733235,2026-03-16 16:39:42.271,ARDUINO_PSI,Arduino,0.000,0.000,0.000,,
710.833751,2026-03-16 16:39:42.372,ARDUINO_PSI,Arduino,0.000,0.000,0.000,,
710.933452,2026-03-16 16:39:42.471,ARDUINO_PSI,Arduino,0.000,0.000,0.000,,
711.033388,2026-03-16 16:39:42.571,ARDUINO_PSI,Arduino,0.000,0.000,0.000,,
711.133287,2026-03-16 16:39:42.671,ARDUINO_PSI,Arduino,0.000,0.000,0.000,,
711.233121,2026-03-16 16:39:42.771,ARDUINO_PSI,Arduino,0.000,0.000,0.000,,
711.333068,2026-03-16 16:39:42.871,ARDUINO_PSI,Arduino,0.000,0.000,0.000,,
711.433339,2026-03-16 16:39:42.971,ARDUINO_PSI,Arduino,0.000,0.000,0.000,,
711.533000,2026-03-16 16:39:43.071,ARDUINO_PSI,Arduino,0.000,0.000,0.000,,
711.633048,2026-03-16 16:39:43.171,ARDUINO_PSI,Arduino,0.000,0.000,0.000,,
711.733358,2026-03-16 16:39:43.271,ARDUINO_PSI,Arduino,0.000,0.000,0.000,,
711.833351,2026-03-16 16:39:43.371,ARDUINO_PSI,Arduino,0.000,0.000,0.000,,
711.933200,2026-03-16 16:39:43.471,ARDUINO_PSI,Arduino,0.000,0.000,0.000,,
712.033239,2026-03-16 16:39:43.571,ARDUINO_PSI,Arduino,0.000,0.000,0.000,,
712.133345,2026-03-16 16:39:43.671,ARDUINO_PSI,Arduino,0.000,0.000,0.000,,
712.232801,2026-03-16 16:39:43.771,ARDUINO_PSI,Arduino,0.000,0.000,0.000,,
712.332868,2026-03-16 16:39:43.871,ARDUINO_PSI,Arduino,0.000,0.000,0.000,,
712.432797,2026-03-16 16:39:43.971,ARDUINO_PSI,Arduino,0.000,0.000,0.000,,
712.532921,2026-03-16 16:39:44.071,ARDUINO_PSI,Arduino,0.000,0.000,0.000,,
712.633085,2026-03-16 16:39:44.171,ARDUINO_PSI,Arduino,0.000,0.000,0.000,,
712.733373,2026-03-16 16:39:44.271,ARDUINO_PSI,Arduino,0.000,0.000,0.000,,
712.833110,2026-03-16 16:39:44.371,ARDUINO_PSI,Arduino,0.000,0.000,0.000,,
712.932856,2026-03-16 16:39:44.471,ARDUINO_PSI,Arduino,0.000,0.000,0.000,,
713.033508,2026-03-16 16:39:44.571,ARDUINO_PSI,Arduino,0.000,0.000,0.000,,
713.133569,2026-03-16 16:39:44.671,ARDUINO_PSI,Arduino,0.000,0.000,0.000,,
713.232848,2026-03-16 16:39:44.771,ARDUINO_PSI,Arduino,0.000,0.000,0.000,,
713.334531,2026-03-16 16:39:44.872,ARDUINO_PSI,Arduino,0.000,0.000,0.000,,
713.433019,2026-03-16 16:39:44.971,ARDUINO_PSI,Arduino,0.000,0.000,0.000,,
713.533248,2026-03-16 16:39:45.071,ARDUINO_PSI,Arduino,0.000,0.000,0.000,,
713.633191,2026-03-16 16:39:45.171,ARDUINO_PSI,Arduino,0.000,0.000,0.000,,
713.733361,2026-03-16 16:39:45.271,ARDUINO_PSI,Arduino,0.000,0.000,0.000,,
713.833216,2026-03-16 16:39:45.371,ARDUINO_PSI,Arduino,0.000,0.000,0.000,,
713.932867,2026-03-16 16:39:45.471,ARDUINO_PSI,Arduino,0.000,0.000,0.000,,
714.033469,2026-03-16 16:39:45.571,ARDUINO_PSI,Arduino,0.000,0.000,0.000,,
714.133284,2026-03-16 16:39:45.671,ARDUINO_PSI,Arduino,0.000,0.000,0.000,,
714.233184,2026-03-16 16:39:45.771,ARDUINO_PSI,Arduino,0.000,0.000,0.000,,
714.333640,2026-03-16 16:39:45.872,ARDUINO_PSI,Arduino,0.000,0.000,0.000,,
714.433245,2026-03-16 16:39:45.971,ARDUINO_PSI,Arduino,0.000,0.000,0.000,,
714.533369,2026-03-16 16:39:46.071,ARDUINO_PSI,Arduino,0.000,0.000,0.000,,
714.633297,2026-03-16 16:39:46.171,ARDUINO_PSI,Arduino,0.000,0.000,0.000,,
714.733687,2026-03-16 16:39:46.272,ARDUINO_PSI,Arduino,0.000,0.000,0.000,,
714.833270,2026-03-16 16:39:46.371,ARDUINO_PSI,Arduino,0.000,0.000,0.000,,
714.933480,2026-03-16 16:39:46.471,ARDUINO_PSI,Arduino,0.000,0.000,0.000,,
715.033469,2026-03-16 16:39:46.571,ARDUINO_PSI,Arduino,0.000,0.000,0.000,,
715.133289,2026-03-16 16:39:46.671,ARDUINO_PSI,Arduino,0.000,0.000,0.000,,
715.234295,2026-03-16 16:39:46.772,ARDUINO_PSI,Arduino,0.000,0.000,0.000,,
715.333277,2026-03-16 16:39:46.871,ARDUINO_PSI,Arduino,0.000,0.000,0.000,,
715.433239,2026-03-16 16:39:46.971,ARDUINO_PSI,Arduino,0.000,0.000,0.000,,
715.533049,2026-03-16 16:39:47.071,ARDUINO_PSI,Arduino,0.000,0.000,0.000,,
715.633476,2026-03-16 16:39:47.171,ARDUINO_PSI,Arduino,0.000,0.000,0.000,,
715.733394,2026-03-16 16:39:47.271,ARDUINO_PSI,Arduino,0.000,0.000,0.000,,
715.833645,2026-03-16 16:39:47.372,ARDUINO_PSI,Arduino,0.000,0.000,0.000,,
715.933312,2026-03-16 16:39:47.471,ARDUINO_PSI,Arduino,0.000,0.000,0.000,,
716.033312,2026-03-16 16:39:47.571,ARDUINO_PSI,Arduino,0.000,0.000,0.000,,
716.133400,2026-03-16 16:39:47.671,ARDUINO_PSI,Arduino,0.000,0.000,0.000,,
716.233436,2026-03-16 16:39:47.771,ARDUINO_PSI,Arduino,0.000,0.000,0.000,,
716.333772,2026-03-16 16:39:47.872,ARDUINO_PSI,Arduino,0.000,0.000,0.000,,
716.433393,2026-03-16 16:39:47.971,ARDUINO_PSI,Arduino,0.000,0.000,0.000,,
716.533178,2026-03-16 16:39:48.071,ARDUINO_PSI,Arduino,0.000,0.000,0.000,,
716.633417,2026-03-16 16:39:48.171,ARDUINO_PSI,Arduino,0.000,0.000,0.000,,
716.733340,2026-03-16 16:39:48.271,ARDUINO_PSI,Arduino,0.000,0.000,0.000,,
716.832804,2026-03-16 16:39:48.371,ARDUINO_PSI,Arduino,0.000,0.000,0.000,,
716.933142,2026-03-16 16:39:48.471,ARDUINO_PSI,Arduino,0.000,0.000,0.000,,
717.033248,2026-03-16 16:39:48.571,ARDUINO_PSI,Arduino,0.000,0.000,0.000,,
717.133364,2026-03-16 16:39:48.671,ARDUINO_PSI,Arduino,0.000,0.000,0.000,,
717.233891,2026-03-16 16:39:48.772,ARDUINO_PSI,Arduino,0.000,0.000,0.000,,
717.333312,2026-03-16 16:39:48.871,ARDUINO_PSI,Arduino,0.000,0.000,0.000,,
717.433186,2026-03-16 16:39:48.971,ARDUINO_PSI,Arduino,0.000,0.000,0.000,,
717.533159,2026-03-16 16:39:49.071,ARDUINO_PSI,Arduino,0.000,0.000,0.000,,
717.634094,2026-03-16 16:39:49.172,ARDUINO_PSI,Arduino,0.000,0.000,0.000,,
717.733266,2026-03-16 16:39:49.271,ARDUINO_PSI,Arduino,0.000,0.000,0.000,,
717.833538,2026-03-16 16:39:49.371,ARDUINO_PSI,Arduino,0.000,0.000,0.000,,
717.933157,2026-03-16 16:39:49.471,ARDUINO_PSI,Arduino,0.000,0.000,0.000,,
718.033449,2026-03-16 16:39:49.571,ARDUINO_PSI,Arduino,0.000,0.000,0.000,,
718.133117,2026-03-16 16:39:49.671,ARDUINO_PSI,Arduino,0.000,0.000,0.000,,
718.233262,2026-03-16 16:39:49.771,ARDUINO_PSI,Arduino,0.000,0.000,0.000,,
718.333962,2026-03-16 16:39:49.872,ARDUINO_PSI,Arduino,0.000,0.000,0.000,,
718.433206,2026-03-16 16:39:49.971,ARDUINO_PSI,Arduino,0.000,0.000,0.000,,
718.534027,2026-03-16 16:39:50.072,ARDUINO_PSI,Arduino,0.000,0.000,0.000,,
718.633383,2026-03-16 16:39:50.171,ARDUINO_PSI,Arduino,0.000,0.000,0.000,,
718.733539,2026-03-16 16:39:50.271,ARDUINO_PSI,Arduino,0.000,0.000,0.000,,
718.833420,2026-03-16 16:39:50.371,ARDUINO_PSI,Arduino,0.000,0.000,0.000,,
718.933276,2026-03-16 16:39:50.471,ARDUINO_PSI,Arduino,0.000,0.000,0.000,,
719.032908,2026-03-16 16:39:50.571,ARDUINO_PSI,Arduino,0.000,0.000,0.000,,
719.133440,2026-03-16 16:39:50.671,ARDUINO_PSI,Arduino,0.000,0.000,0.000,,
719.233560,2026-03-16 16:39:50.771,ARDUINO_PSI,Arduino,0.000,0.000,0.000,,
719.333072,2026-03-16 16:39:50.871,ARDUINO_PSI,Arduino,0.000,0.000,0.000,,
719.433613,2026-03-16 16:39:50.971,ARDUINO_PSI,Arduino,0.000,0.000,0.000,,
719.533426,2026-03-16 16:39:51.071,ARDUINO_PSI,Arduino,0.000,0.000,0.000,,
719.633313,2026-03-16 16:39:51.171,ARDUINO_PSI,Arduino,0.000,0.000,0.000,,
719.733238,2026-03-16 16:39:51.271,ARDUINO_PSI,Arduino,0.000,0.000,0.000,,
719.833386,2026-03-16 16:39:51.371,ARDUINO_PSI,Arduino,0.000,0.000,0.000,,
719.933176,2026-03-16 16:39:51.471,ARDUINO_PSI,Arduino,0.000,0.000,0.000,,
720.033417,2026-03-16 16:39:51.571,ARDUINO_PSI,Arduino,0.000,0.000,0.000,,
720.133163,2026-03-16 16:39:51.671,ARDUINO_PSI,Arduino,0.000,0.000,0.000,,
720.233325,2026-03-16 16:39:51.771,ARDUINO_PSI,Arduino,0.000,0.000,0.000,,
720.334234,2026-03-16 16:39:51.872,ARDUINO_PSI,Arduino,0.000,0.000,0.000,,
720.433302,2026-03-16 16:39:51.971,ARDUINO_PSI,Arduino,0.000,0.000,0.000,,
720.533238,2026-03-16 16:39:52.071,ARDUINO_PSI,Arduino,0.000,0.000,0.000,,
720.633242,2026-03-16 16:39:52.171,ARDUINO_PSI,Arduino,0.000,0.000,0.000,,
720.733353,2026-03-16 16:39:52.271,ARDUINO_PSI,Arduino,0.000,0.000,0.000,,
720.833355,2026-03-16 16:39:52.371,ARDUINO_PSI,Arduino,0.000,0.000,0.000,,
720.933140,2026-03-16 16:39:52.471,ARDUINO_PSI,Arduino,0.000,0.000,0.000,,
721.032838,2026-03-16 16:39:52.571,ARDUINO_PSI,Arduino,0.000,0.000,0.000,,
721.132837,2026-03-16 16:39:52.671,ARDUINO_PSI,Arduino,0.000,0.000,0.000,,
721.233363,2026-03-16 16:39:52.771,ARDUINO_PSI,Arduino,0.000,0.000,0.000,,
721.333472,2026-03-16 16:39:52.871,ARDUINO_PSI,Arduino,0.000,0.000,0.000,,
721.433241,2026-03-16 16:39:52.971,ARDUINO_PSI,Arduino,0.000,0.000,0.000,,
721.533096,2026-03-16 16:39:53.071,ARDUINO_PSI,Arduino,0.000,0.000,0.000,,
721.633193,2026-03-16 16:39:53.171,ARDUINO_PSI,Arduino,0.000,0.000,0.000,,
721.733214,2026-03-16 16:39:53.271,ARDUINO_PSI,Arduino,0.000,0.000,0.000,,
721.833901,2026-03-16 16:39:53.372,ARDUINO_PSI,Arduino,0.000,0.000,0.000,,
721.933299,2026-03-16 16:39:53.471,ARDUINO_PSI,Arduino,0.000,0.000,0.000,,
722.033690,2026-03-16 16:39:53.572,ARDUINO_PSI,Arduino,0.000,0.000,0.000,,
722.133366,2026-03-16 16:39:53.671,ARDUINO_PSI,Arduino,0.000,0.000,0.000,,
722.233183,2026-03-16 16:39:53.771,ARDUINO_PSI,Arduino,0.000,0.000,0.000,,
722.333466,2026-03-16 16:39:53.871,ARDUINO_PSI,Arduino,0.000,0.000,0.000,,
722.433332,2026-03-16 16:39:53.971,ARDUINO_PSI,Arduino,0.000,0.000,0.000,,
722.533421,2026-03-16 16:39:54.071,ARDUINO_PSI,Arduino,0.000,0.000,0.000,,
722.633359,2026-03-16 16:39:54.171,ARDUINO_PSI,Arduino,0.000,0.000,0.000,,
722.733041,2026-03-16 16:39:54.271,ARDUINO_PSI,Arduino,0.000,0.000,0.000,,
722.833002,2026-03-16 16:39:54.371,ARDUINO_PSI,Arduino,0.000,0.000,0.000,,
722.933483,2026-03-16 16:39:54.471,ARDUINO_PSI,Arduino,0.000,0.000,0.000,,
723.033494,2026-03-16 16:39:54.571,ARDUINO_PSI,Arduino,0.000,0.000,0.000,,
723.133456,2026-03-16 16:39:54.671,ARDUINO_PSI,Arduino,0.000,0.000,0.000,,
723.233702,2026-03-16 16:39:54.772,ARDUINO_PSI,Arduino,0.000,0.000,0.000,,
723.333313,2026-03-16 16:39:54.871,ARDUINO_PSI,Arduino,0.000,0.000,0.000,,
723.433507,2026-03-16 16:39:54.971,ARDUINO_PSI,Arduino,0.000,0.000,0.000,,
723.533260,2026-03-16 16:39:55.071,ARDUINO_PSI,Arduino,0.000,0.000,0.000,,
723.633485,2026-03-16 16:39:55.171,ARDUINO_PSI,Arduino,0.000,0.000,0.000,,
723.733396,2026-03-16 16:39:55.271,ARDUINO_PSI,Arduino,0.000,0.000,0.000,,
723.833308,2026-03-16 16:39:55.371,ARDUINO_PSI,Arduino,0.000,0.000,0.000,,
723.933233,2026-03-16 16:39:55.471,ARDUINO_PSI,Arduino,0.000,0.000,0.000,,
724.033426,2026-03-16 16:39:55.571,ARDUINO_PSI,Arduino,0.000,0.000,0.000,,
724.133499,2026-03-16 16:39:55.671,ARDUINO_PSI,Arduino,0.000,0.000,0.000,,
724.233241,2026-03-16 16:39:55.771,ARDUINO_PSI,Arduino,0.000,0.000,0.000,,
724.333994,2026-03-16 16:39:55.872,ARDUINO_PSI,Arduino,0.000,0.000,0.000,,
724.433256,2026-03-16 16:39:55.971,ARDUINO_PSI,Arduino,0.000,0.000,0.000,,
724.533381,2026-03-16 16:39:56.071,ARDUINO_PSI,Arduino,0.000,0.000,0.000,,
724.633368,2026-03-16 16:39:56.171,ARDUINO_PSI,Arduino,0.000,0.000,0.000,,
724.733103,2026-03-16 16:39:56.271,ARDUINO_PSI,Arduino,0.000,0.000,0.000,,
724.833852,2026-03-16 16:39:56.372,ARDUINO_PSI,Arduino,0.000,0.000,0.000,,
724.933299,2026-03-16 16:39:56.471,ARDUINO_PSI,Arduino,0.000,0.000,0.000,,
725.033095,2026-03-16 16:39:56.571,ARDUINO_PSI,Arduino,0.000,0.000,0.000,,
725.133544,2026-03-16 16:39:56.671,ARDUINO_PSI,Arduino,0.000,0.000,0.000,,
725.233446,2026-03-16 16:39:56.771,ARDUINO_PSI,Arduino,0.000,0.000,0.000,,
725.333545,2026-03-16 16:39:56.871,ARDUINO_PSI,Arduino,0.000,0.000,0.000,,
725.433315,2026-03-16 16:39:56.971,ARDUINO_PSI,Arduino,0.000,0.000,0.000,,
725.533319,2026-03-16 16:39:57.071,ARDUINO_PSI,Arduino,0.000,0.000,0.000,,
725.633346,2026-03-16 16:39:57.171,ARDUINO_PSI,Arduino,0.000,0.000,0.000,,
725.733200,2026-03-16 16:39:57.271,ARDUINO_PSI,Arduino,0.000,0.000,0.000,,
725.833652,2026-03-16 16:39:57.372,ARDUINO_PSI,Arduino,0.000,0.000,0.000,,
725.933410,2026-03-16 16:39:57.471,ARDUINO_PSI,Arduino,0.000,0.000,0.000,,
726.033443,2026-03-16 16:39:57.571,ARDUINO_PSI,Arduino,0.000,0.000,0.000,,
726.133275,2026-03-16 16:39:57.671,ARDUINO_PSI,Arduino,0.000,0.000,0.000,,
726.232943,2026-03-16 16:39:57.771,ARDUINO_PSI,Arduino,0.000,0.000,0.000,,
726.333164,2026-03-16 16:39:57.871,ARDUINO_PSI,Arduino,0.000,0.000,0.000,,
726.433365,2026-03-16 16:39:57.971,ARDUINO_PSI,Arduino,0.000,0.000,0.000,,
726.533104,2026-03-16 16:39:58.071,ARDUINO_PSI,Arduino,0.000,0.000,0.000,,
726.633489,2026-03-16 16:39:58.171,ARDUINO_PSI,Arduino,0.000,0.000,0.000,,
726.733087,2026-03-16 16:39:58.271,ARDUINO_PSI,Arduino,0.000,0.000,0.000,,
726.833423,2026-03-16 16:39:58.371,ARDUINO_PSI,Arduino,0.000,0.000,0.000,,
726.933127,2026-03-16 16:39:58.471,ARDUINO_PSI,Arduino,0.000,0.000,0.000,,
727.033424,2026-03-16 16:39:58.571,ARDUINO_PSI,Arduino,0.000,0.000,0.000,,
727.133177,2026-03-16 16:39:58.671,ARDUINO_PSI,Arduino,0.000,0.000,0.000,,
727.233176,2026-03-16 16:39:58.771,ARDUINO_PSI,Arduino,0.000,0.000,0.000,,
727.333353,2026-03-16 16:39:58.871,ARDUINO_PSI,Arduino,0.000,0.000,0.000,,
727.433469,2026-03-16 16:39:58.971,ARDUINO_PSI,Arduino,0.000,0.000,0.000,,
727.533031,2026-03-16 16:39:59.071,ARDUINO_PSI,Arduino,0.000,0.000,0.000,,
727.633356,2026-03-16 16:39:59.171,ARDUINO_PSI,Arduino,0.000,0.000,0.000,,
727.733144,2026-03-16 16:39:59.271,ARDUINO_PSI,Arduino,0.000,0.000,0.000,,
727.833133,2026-03-16 16:39:59.371,ARDUINO_PSI,Arduino,0.000,0.000,0.000,,
727.933335,2026-03-16 16:39:59.471,ARDUINO_PSI,Arduino,0.000,0.000,0.000,,
728.033433,2026-03-16 16:39:59.571,ARDUINO_PSI,Arduino,0.000,0.000,0.000,,
728.133180,2026-03-16 16:39:59.671,ARDUINO_PSI,Arduino,0.000,0.000,0.000,,
728.233381,2026-03-16 16:39:59.771,ARDUINO_PSI,Arduino,0.000,0.000,0.000,,
728.333413,2026-03-16 16:39:59.871,ARDUINO_PSI,Arduino,0.000,0.000,0.000,,
728.433174,2026-03-16 16:39:59.971,ARDUINO_PSI,Arduino,0.000,0.000,0.000,,
728.533310,2026-03-16 16:40:00.071,ARDUINO_PSI,Arduino,0.000,0.000,0.000,,
728.633314,2026-03-16 16:40:00.171,ARDUINO_PSI,Arduino,0.000,0.000,0.000,,
728.733376,2026-03-16 16:40:00.271,ARDUINO_PSI,Arduino,0.000,0.000,0.000,,
728.833488,2026-03-16 16:40:00.371,ARDUINO_PSI,Arduino,0.000,0.000,0.000,,
728.933226,2026-03-16 16:40:00.471,ARDUINO_PSI,Arduino,0.000,0.000,0.000,,
729.033437,2026-03-16 16:40:00.571,ARDUINO_PSI,Arduino,0.000,0.000,0.000,,
729.133377,2026-03-16 16:40:00.671,ARDUINO_PSI,Arduino,0.000,0.000,0.000,,
729.233396,2026-03-16 16:40:00.771,ARDUINO_PSI,Arduino,0.000,0.000,0.000,,
729.333164,2026-03-16 16:40:00.871,ARDUINO_PSI,Arduino,0.000,0.000,0.000,,
729.433756,2026-03-16 16:40:00.972,ARDUINO_PSI,Arduino,0.000,0.000,0.000,,
729.533540,2026-03-16 16:40:01.071,ARDUINO_PSI,Arduino,0.000,0.000,0.000,,
729.633333,2026-03-16 16:40:01.171,ARDUINO_PSI,Arduino,0.000,0.000,0.000,,
729.734289,2026-03-16 16:40:01.272,ARDUINO_PSI,Arduino,0.000,0.000,0.000,,
729.833494,2026-03-16 16:40:01.371,ARDUINO_PSI,Arduino,0.000,0.000,0.000,,
729.933279,2026-03-16 16:40:01.471,ARDUINO_PSI,Arduino,0.000,0.000,0.000,,
730.032908,2026-03-16 16:40:01.571,ARDUINO_PSI,Arduino,0.000,0.000,0.000,,
730.133057,2026-03-16 16:40:01.671,ARDUINO_PSI,Arduino,0.000,0.000,0.000,,
730.233231,2026-03-16 16:40:01.771,ARDUINO_PSI,Arduino,0.000,0.000,0.000,,
730.333178,2026-03-16 16:40:01.871,ARDUINO_PSI,Arduino,0.000,0.000,0.000,,
730.434054,2026-03-16 16:40:01.972,ARDUINO_PSI,Arduino,0.000,0.000,0.000,,
730.533336,2026-03-16 16:40:02.071,ARDUINO_PSI,Arduino,0.000,0.000,0.000,,
730.633982,2026-03-16 16:40:02.172,ARDUINO_PSI,Arduino,0.000,0.000,0.000,,
730.733168,2026-03-16 16:40:02.271,ARDUINO_PSI,Arduino,0.000,0.000,0.000,,
730.833502,2026-03-16 16:40:02.371,ARDUINO_PSI,Arduino,0.000,0.000,0.000,,
730.933068,2026-03-16 16:40:02.471,ARDUINO_PSI,Arduino,0.000,0.000,0.000,,
731.033482,2026-03-16 16:40:02.571,ARDUINO_PSI,Arduino,0.000,0.000,0.000,,
731.133620,2026-03-16 16:40:02.671,ARDUINO_PSI,Arduino,0.000,0.000,0.000,,
731.233232,2026-03-16 16:40:02.771,ARDUINO_PSI,Arduino,0.000,0.000,0.000,,
731.334220,2026-03-16 16:40:02.872,ARDUINO_PSI,Arduino,0.000,0.000,0.000,,
731.433426,2026-03-16 16:40:02.971,ARDUINO_PSI,Arduino,0.000,0.000,0.000,,
731.533220,2026-03-16 16:40:03.071,ARDUINO_PSI,Arduino,0.000,0.000,0.000,,
731.633188,2026-03-16 16:40:03.171,ARDUINO_PSI,Arduino,0.000,0.000,0.000,,
731.733340,2026-03-16 16:40:03.271,ARDUINO_PSI,Arduino,0.000,0.000,0.000,,
731.833654,2026-03-16 16:40:03.372,ARDUINO_PSI,Arduino,0.000,0.000,0.000,,
731.933390,2026-03-16 16:40:03.471,ARDUINO_PSI,Arduino,0.000,0.000,0.000,,
732.033361,2026-03-16 16:40:03.571,ARDUINO_PSI,Arduino,0.000,0.000,0.000,,
732.133867,2026-03-16 16:40:03.672,ARDUINO_PSI,Arduino,0.000,0.000,0.000,,
732.233317,2026-03-16 16:40:03.771,ARDUINO_PSI,Arduino,0.000,0.000,0.000,,
732.333365,2026-03-16 16:40:03.871,ARDUINO_PSI,Arduino,0.000,0.000,0.000,,
732.433329,2026-03-16 16:40:03.971,ARDUINO_PSI,Arduino,0.000,0.000,0.000,,
732.533515,2026-03-16 16:40:04.071,ARDUINO_PSI,Arduino,0.000,0.000,0.000,,
732.633445,2026-03-16 16:40:04.171,ARDUINO_PSI,Arduino,0.000,0.000,0.000,,
732.733456,2026-03-16 16:40:04.271,ARDUINO_PSI,Arduino,0.000,0.000,0.000,,
732.833402,2026-03-16 16:40:04.371,ARDUINO_PSI,Arduino,0.000,0.000,0.000,,
732.933258,2026-03-16 16:40:04.471,ARDUINO_PSI,Arduino,0.000,0.000,0.000,,
733.032871,2026-03-16 16:40:04.571,ARDUINO_PSI,Arduino,0.000,0.000,0.000,,
733.133585,2026-03-16 16:40:04.671,ARDUINO_PSI,Arduino,0.000,0.000,0.000,,
733.232982,2026-03-16 16:40:04.771,ARDUINO_PSI,Arduino,0.000,0.000,0.000,,
733.332996,2026-03-16 16:40:04.871,ARDUINO_PSI,Arduino,0.000,0.000,0.000,,
733.433352,2026-03-16 16:40:04.971,ARDUINO_PSI,Arduino,0.000,0.000,0.000,,
733.532920,2026-03-16 16:40:05.071,ARDUINO_PSI,Arduino,0.000,0.000,0.000,,
733.633342,2026-03-16 16:40:05.171,ARDUINO_PSI,Arduino,0.000,0.000,0.000,,
733.733164,2026-03-16 16:40:05.271,ARDUINO_PSI,Arduino,0.000,0.000,0.000,,
733.833311,2026-03-16 16:40:05.371,ARDUINO_PSI,Arduino,0.000,0.000,0.000,,
733.933464,2026-03-16 16:40:05.471,ARDUINO_PSI,Arduino,0.000,0.000,0.000,,
734.033313,2026-03-16 16:40:05.571,ARDUINO_PSI,Arduino,0.000,0.000,0.000,,
734.133341,2026-03-16 16:40:05.671,ARDUINO_PSI,Arduino,0.000,0.000,0.000,,
734.233472,2026-03-16 16:40:05.771,ARDUINO_PSI,Arduino,0.000,0.000,0.000,,
734.333322,2026-03-16 16:40:05.871,ARDUINO_PSI,Arduino,0.000,0.000,0.000,,
734.433442,2026-03-16 16:40:05.971,ARDUINO_PSI,Arduino,0.000,0.000,0.000,,
734.533451,2026-03-16 16:40:06.071,ARDUINO_PSI,Arduino,0.000,0.000,0.000,,
734.634170,2026-03-16 16:40:06.172,ARDUINO_PSI,Arduino,0.000,0.000,0.000,,
734.733328,2026-03-16 16:40:06.271,ARDUINO_PSI,Arduino,0.000,0.000,0.000,,
734.833364,2026-03-16 16:40:06.371,ARDUINO_PSI,Arduino,0.000,0.000,0.000,,
734.933396,2026-03-16 16:40:06.471,ARDUINO_PSI,Arduino,0.000,0.000,0.000,,
735.033474,2026-03-16 16:40:06.571,ARDUINO_PSI,Arduino,0.000,0.000,0.000,,
735.133178,2026-03-16 16:40:06.671,ARDUINO_PSI,Arduino,0.000,0.000,0.000,,
735.233103,2026-03-16 16:40:06.771,ARDUINO_PSI,Arduino,0.000,0.000,0.000,,
735.333586,2026-03-16 16:40:06.871,ARDUINO_PSI,Arduino,0.000,0.000,0.000,,
735.433303,2026-03-16 16:40:06.971,ARDUINO_PSI,Arduino,0.000,0.000,0.000,,
735.533132,2026-03-16 16:40:07.071,ARDUINO_PSI,Arduino,0.000,0.000,0.000,,
735.633532,2026-03-16 16:40:07.171,ARDUINO_PSI,Arduino,0.000,0.000,0.000,,
735.733227,2026-03-16 16:40:07.271,ARDUINO_PSI,Arduino,0.000,0.000,0.000,,
735.833385,2026-03-16 16:40:07.371,ARDUINO_PSI,Arduino,0.000,0.000,0.000,,
735.933303,2026-03-16 16:40:07.471,ARDUINO_PSI,Arduino,0.000,0.000,0.000,,
736.033476,2026-03-16 16:40:07.571,ARDUINO_PSI,Arduino,0.000,0.000,0.000,,
736.133407,2026-03-16 16:40:07.671,ARDUINO_PSI,Arduino,0.000,0.000,0.000,,
736.233167,2026-03-16 16:40:07.771,ARDUINO_PSI,Arduino,0.000,0.000,0.000,,
736.333411,2026-03-16 16:40:07.871,ARDUINO_PSI,Arduino,0.000,0.000,0.000,,
736.433363,2026-03-16 16:40:07.971,ARDUINO_PSI,Arduino,0.000,0.000,0.000,,
736.533397,2026-03-16 16:40:08.071,ARDUINO_PSI,Arduino,0.000,0.000,0.000,,
736.633065,2026-03-16 16:40:08.171,ARDUINO_PSI,Arduino,0.000,0.000,0.000,,
736.733118,2026-03-16 16:40:08.271,ARDUINO_PSI,Arduino,0.000,0.000,0.000,,
736.833296,2026-03-16 16:40:08.371,ARDUINO_PSI,Arduino,0.000,0.000,0.000,,
736.933602,2026-03-16 16:40:08.471,ARDUINO_PSI,Arduino,0.000,0.000,0.000,,
737.033418,2026-03-16 16:40:08.571,ARDUINO_PSI,Arduino,0.000,0.000,0.000,,
737.133662,2026-03-16 16:40:08.672,ARDUINO_PSI,Arduino,0.000,0.000,0.000,,
737.233373,2026-03-16 16:40:08.771,ARDUINO_PSI,Arduino,0.000,0.000,0.000,,
737.333467,2026-03-16 16:40:08.871,ARDUINO_PSI,Arduino,0.000,0.000,0.000,,
737.433066,2026-03-16 16:40:08.971,ARDUINO_PSI,Arduino,0.000,0.000,0.000,,
737.533096,2026-03-16 16:40:09.071,ARDUINO_PSI,Arduino,0.000,0.000,0.000,,
737.633290,2026-03-16 16:40:09.171,ARDUINO_PSI,Arduino,0.000,0.000,0.000,,
737.733634,2026-03-16 16:40:09.272,ARDUINO_PSI,Arduino,0.000,0.000,0.000,,
737.834242,2026-03-16 16:40:09.372,ARDUINO_PSI,Arduino,0.000,0.000,0.000,,
737.933552,2026-03-16 16:40:09.471,ARDUINO_PSI,Arduino,0.000,0.000,0.000,,
738.033847,2026-03-16 16:40:09.572,ARDUINO_PSI,Arduino,0.000,0.000,0.000,,
738.133510,2026-03-16 16:40:09.671,ARDUINO_PSI,Arduino,0.000,0.000,0.000,,
738.233469,2026-03-16 16:40:09.771,ARDUINO_PSI,Arduino,0.000,0.000,0.000,,
738.333422,2026-03-16 16:40:09.871,ARDUINO_PSI,Arduino,0.000,0.000,0.000,,
738.433460,2026-03-16 16:40:09.971,ARDUINO_PSI,Arduino,0.000,0.000,0.000,,
738.532837,2026-03-16 16:40:10.071,ARDUINO_PSI,Arduino,0.000,0.000,0.000,,
738.633285,2026-03-16 16:40:10.171,ARDUINO_PSI,Arduino,0.000,0.000,0.000,,
738.733297,2026-03-16 16:40:10.271,ARDUINO_PSI,Arduino,0.000,0.000,0.000,,
738.834473,2026-03-16 16:40:10.372,ARDUINO_PSI,Arduino,0.000,0.000,0.000,,
738.933296,2026-03-16 16:40:10.471,ARDUINO_PSI,Arduino,0.000,0.000,0.000,,
739.033240,2026-03-16 16:40:10.571,ARDUINO_PSI,Arduino,0.000,0.000,0.000,,
739.133621,2026-03-16 16:40:10.671,ARDUINO_PSI,Arduino,0.000,0.000,0.000,,
739.233367,2026-03-16 16:40:10.771,ARDUINO_PSI,Arduino,0.000,0.000,0.000,,
739.333108,2026-03-16 16:40:10.871,ARDUINO_PSI,Arduino,0.000,0.000,0.000,,
739.433145,2026-03-16 16:40:10.971,ARDUINO_PSI,Arduino,0.000,0.000,0.000,,
739.532816,2026-03-16 16:40:11.071,ARDUINO_PSI,Arduino,0.000,0.000,0.000,,
739.633317,2026-03-16 16:40:11.171,ARDUINO_PSI,Arduino,0.000,0.000,0.000,,
739.733319,2026-03-16 16:40:11.271,ARDUINO_PSI,Arduino,0.000,0.000,0.000,,
739.833122,2026-03-16 16:40:11.371,ARDUINO_PSI,Arduino,0.000,0.000,0.000,,
739.933383,2026-03-16 16:40:11.471,ARDUINO_PSI,Arduino,0.000,0.000,0.000,,
740.033011,2026-03-16 16:40:11.571,ARDUINO_PSI,Arduino,0.000,0.000,0.000,,
740.133390,2026-03-16 16:40:11.671,ARDUINO_PSI,Arduino,0.000,0.000,0.000,,
740.233461,2026-03-16 16:40:11.771,ARDUINO_PSI,Arduino,0.000,0.000,0.000,,
740.333631,2026-03-16 16:40:11.872,ARDUINO_PSI,Arduino,0.000,0.000,0.000,,
740.433900,2026-03-16 16:40:11.972,ARDUINO_PSI,Arduino,0.000,0.000,0.000,,
740.533322,2026-03-16 16:40:12.071,ARDUINO_PSI,Arduino,0.000,0.000,0.000,,
740.633344,2026-03-16 16:40:12.171,ARDUINO_PSI,Arduino,0.000,0.000,0.000,,
740.733440,2026-03-16 16:40:12.271,ARDUINO_PSI,Arduino,0.000,0.000,0.000,,
740.833253,2026-03-16 16:40:12.371,ARDUINO_PSI,Arduino,0.000,0.000,0.000,,
740.933318,2026-03-16 16:40:12.471,ARDUINO_PSI,Arduino,0.000,0.000,0.000,,
741.033627,2026-03-16 16:40:12.572,ARDUINO_PSI,Arduino,0.000,0.000,0.000,,
741.133182,2026-03-16 16:40:12.671,ARDUINO_PSI,Arduino,0.000,0.000,0.000,,
741.233442,2026-03-16 16:40:12.771,ARDUINO_PSI,Arduino,0.000,0.000,0.000,,
741.333481,2026-03-16 16:40:12.871,ARDUINO_PSI,Arduino,0.000,0.000,0.000,,
741.433397,2026-03-16 16:40:12.971,ARDUINO_PSI,Arduino,0.000,0.000,0.000,,
741.533223,2026-03-16 16:40:13.071,ARDUINO_PSI,Arduino,0.000,0.000,0.000,,
741.633368,2026-03-16 16:40:13.171,ARDUINO_PSI,Arduino,0.000,0.000,0.000,,
741.733371,2026-03-16 16:40:13.271,ARDUINO_PSI,Arduino,0.000,0.000,0.000,,
741.833428,2026-03-16 16:40:13.371,ARDUINO_PSI,Arduino,0.000,0.000,0.000,,
741.933217,2026-03-16 16:40:13.471,ARDUINO_PSI,Arduino,0.000,0.000,0.000,,
742.033189,2026-03-16 16:40:13.571,ARDUINO_PSI,Arduino,0.000,0.000,0.000,,
742.133484,2026-03-16 16:40:13.671,ARDUINO_PSI,Arduino,0.000,0.000,0.000,,
742.233338,2026-03-16 16:40:13.771,ARDUINO_PSI,Arduino,0.000,0.000,0.000,,
742.333194,2026-03-16 16:40:13.871,ARDUINO_PSI,Arduino,0.000,0.000,0.000,,
742.433274,2026-03-16 16:40:13.971,ARDUINO_PSI,Arduino,0.000,0.000,0.000,,
742.533124,2026-03-16 16:40:14.071,ARDUINO_PSI,Arduino,0.000,0.000,0.000,,
742.633683,2026-03-16 16:40:14.172,ARDUINO_PSI,Arduino,0.000,0.000,0.000,,
742.733329,2026-03-16 16:40:14.271,ARDUINO_PSI,Arduino,0.000,0.000,0.000,,
742.833389,2026-03-16 16:40:14.371,ARDUINO_PSI,Arduino,0.000,0.000,0.000,,
742.933044,2026-03-16 16:40:14.471,ARDUINO_PSI,Arduino,0.000,0.000,0.000,,
743.033432,2026-03-16 16:40:14.571,ARDUINO_PSI,Arduino,0.000,0.000,0.000,,
743.133568,2026-03-16 16:40:14.671,ARDUINO_PSI,Arduino,0.000,0.000,0.000,,
743.233434,2026-03-16 16:40:14.771,ARDUINO_PSI,Arduino,0.000,0.000,0.000,,
743.333967,2026-03-16 16:40:14.872,ARDUINO_PSI,Arduino,0.000,0.000,0.000,,
743.433282,2026-03-16 16:40:14.971,ARDUINO_PSI,Arduino,0.000,0.000,0.000,,
743.533513,2026-03-16 16:40:15.071,ARDUINO_PSI,Arduino,0.000,0.000,0.000,,
743.633475,2026-03-16 16:40:15.171,ARDUINO_PSI,Arduino,0.000,0.000,0.000,,
743.733539,2026-03-16 16:40:15.271,ARDUINO_PSI,Arduino,0.000,0.000,0.000,,
743.833808,2026-03-16 16:40:15.372,ARDUINO_PSI,Arduino,0.000,0.000,0.000,,
743.933248,2026-03-16 16:40:15.471,ARDUINO_PSI,Arduino,0.000,0.000,0.000,,
744.033360,2026-03-16 16:40:15.571,ARDUINO_PSI,Arduino,0.000,0.000,0.000,,
744.133380,2026-03-16 16:40:15.671,ARDUINO_PSI,Arduino,0.000,0.000,0.000,,
744.233327,2026-03-16 16:40:15.771,ARDUINO_PSI,Arduino,0.000,0.000,0.000,,
744.333362,2026-03-16 16:40:15.871,ARDUINO_PSI,Arduino,0.000,0.000,0.000,,
744.432997,2026-03-16 16:40:15.971,ARDUINO_PSI,Arduino,0.000,0.000,0.000,,
744.533922,2026-03-16 16:40:16.072,ARDUINO_PSI,Arduino,0.000,0.000,0.000,,
744.633187,2026-03-16 16:40:16.171,ARDUINO_PSI,Arduino,0.000,0.000,0.000,,
744.733454,2026-03-16 16:40:16.271,ARDUINO_PSI,Arduino,0.000,0.000,0.000,,
744.833228,2026-03-16 16:40:16.371,ARDUINO_PSI,Arduino,0.000,0.000,0.000,,
744.933445,2026-03-16 16:40:16.471,ARDUINO_PSI,Arduino,0.000,0.000,0.000,,
745.033451,2026-03-16 16:40:16.571,ARDUINO_PSI,Arduino,0.000,0.000,0.000,,
745.133466,2026-03-16 16:40:16.671,ARDUINO_PSI,Arduino,0.000,0.000,0.000,,
745.233838,2026-03-16 16:40:16.772,ARDUINO_PSI,Arduino,0.000,0.000,0.000,,
745.333158,2026-03-16 16:40:16.871,ARDUINO_PSI,Arduino,0.000,0.000,0.000,,
745.433435,2026-03-16 16:40:16.971,ARDUINO_PSI,Arduino,0.000,0.000,0.000,,
745.533263,2026-03-16 16:40:17.071,ARDUINO_PSI,Arduino,0.000,0.000,0.000,,
745.633499,2026-03-16 16:40:17.171,ARDUINO_PSI,Arduino,0.000,0.000,0.000,,
745.733268,2026-03-16 16:40:17.271,ARDUINO_PSI,Arduino,0.000,0.000,0.000,,
745.833731,2026-03-16 16:40:17.372,ARDUINO_PSI,Arduino,0.000,0.000,0.000,,
745.932988,2026-03-16 16:40:17.471,ARDUINO_PSI,Arduino,0.000,0.000,0.000,,
746.033704,2026-03-16 16:40:17.572,ARDUINO_PSI,Arduino,0.000,0.000,0.000,,
746.133555,2026-03-16 16:40:17.671,ARDUINO_PSI,Arduino,0.000,0.000,0.000,,
746.233362,2026-03-16 16:40:17.771,ARDUINO_PSI,Arduino,0.000,0.000,0.000,,
746.334005,2026-03-16 16:40:17.872,ARDUINO_PSI,Arduino,0.000,0.000,0.000,,
746.433355,2026-03-16 16:40:17.971,ARDUINO_PSI,Arduino,0.000,0.000,0.000,,
746.533500,2026-03-16 16:40:18.071,ARDUINO_PSI,Arduino,0.000,0.000,0.000,,
746.633500,2026-03-16 16:40:18.171,ARDUINO_PSI,Arduino,0.000,0.000,0.000,,
746.733489,2026-03-16 16:40:18.271,ARDUINO_PSI,Arduino,0.000,0.000,0.000,,
746.833414,2026-03-16 16:40:18.371,ARDUINO_PSI,Arduino,0.000,0.000,0.000,,
746.933108,2026-03-16 16:40:18.471,ARDUINO_PSI,Arduino,0.000,0.000,0.000,,
747.033210,2026-03-16 16:40:18.571,ARDUINO_PSI,Arduino,0.000,0.000,0.000,,
747.133323,2026-03-16 16:40:18.671,ARDUINO_PSI,Arduino,0.000,0.000,0.000,,
747.233501,2026-03-16 16:40:18.771,ARDUINO_PSI,Arduino,0.000,0.000,0.000,,
747.333343,2026-03-16 16:40:18.871,ARDUINO_PSI,Arduino,0.000,0.000,0.000,,
747.433364,2026-03-16 16:40:18.971,ARDUINO_PSI,Arduino,0.000,0.000,0.000,,
747.533556,2026-03-16 16:40:19.071,ARDUINO_PSI,Arduino,0.000,0.000,0.000,,
747.633617,2026-03-16 16:40:19.171,ARDUINO_PSI,Arduino,0.000,0.000,0.000,,
747.733219,2026-03-16 16:40:19.271,ARDUINO_PSI,Arduino,0.000,0.000,0.000,,
747.833626,2026-03-16 16:40:19.371,ARDUINO_PSI,Arduino,0.000,0.000,0.000,,
747.934307,2026-03-16 16:40:19.472,ARDUINO_PSI,Arduino,0.000,0.000,0.000,,
748.033000,2026-03-16 16:40:19.571,ARDUINO_PSI,Arduino,0.000,0.000,0.000,,
748.133272,2026-03-16 16:40:19.671,ARDUINO_PSI,Arduino,0.000,0.000,0.000,,
748.233426,2026-03-16 16:40:19.771,ARDUINO_PSI,Arduino,0.000,0.000,0.000,,
748.333610,2026-03-16 16:40:19.871,ARDUINO_PSI,Arduino,0.000,0.000,0.000,,
748.433105,2026-03-16 16:40:19.971,ARDUINO_PSI,Arduino,0.000,0.000,0.000,,
748.533018,2026-03-16 16:40:20.071,ARDUINO_PSI,Arduino,0.000,0.000,0.000,,
748.633413,2026-03-16 16:40:20.171,ARDUINO_PSI,Arduino,0.000,0.000,0.000,,
748.733244,2026-03-16 16:40:20.271,ARDUINO_PSI,Arduino,0.000,0.000,0.000,,
748.833269,2026-03-16 16:40:20.371,ARDUINO_PSI,Arduino,0.000,0.000,0.000,,
748.933319,2026-03-16 16:40:20.471,ARDUINO_PSI,Arduino,0.000,0.000,0.000,,
749.032915,2026-03-16 16:40:20.571,ARDUINO_PSI,Arduino,0.000,0.000,0.000,,
749.133106,2026-03-16 16:40:20.671,ARDUINO_PSI,Arduino,0.000,0.000,0.000,,
749.232951,2026-03-16 16:40:20.771,ARDUINO_PSI,Arduino,0.000,0.000,0.000,,
749.332937,2026-03-16 16:40:20.871,ARDUINO_PSI,Arduino,0.000,0.000,0.000,,
749.432996,2026-03-16 16:40:20.971,ARDUINO_PSI,Arduino,0.000,0.000,0.000,,
749.534054,2026-03-16 16:40:21.072,ARDUINO_PSI,Arduino,0.000,0.000,0.000,,
749.633414,2026-03-16 16:40:21.171,ARDUINO_PSI,Arduino,0.000,0.000,0.000,,
749.733268,2026-03-16 16:40:21.271,ARDUINO_PSI,Arduino,0.000,0.000,0.000,,
749.833470,2026-03-16 16:40:21.371,ARDUINO_PSI,Arduino,0.000,0.000,0.000,,
749.933552,2026-03-16 16:40:21.471,ARDUINO_PSI,Arduino,0.000,0.000,0.000,,
750.034279,2026-03-16 16:40:21.572,ARDUINO_PSI,Arduino,0.000,0.000,0.000,,
750.133514,2026-03-16 16:40:21.671,ARDUINO_PSI,Arduino,0.000,0.000,0.000,,
750.233309,2026-03-16 16:40:21.771,ARDUINO_PSI,Arduino,0.000,0.000,0.000,,
750.333307,2026-03-16 16:40:21.871,ARDUINO_PSI,Arduino,0.000,0.000,0.000,,
750.433395,2026-03-16 16:40:21.971,ARDUINO_PSI,Arduino,0.000,0.000,0.000,,
750.533207,2026-03-16 16:40:22.071,ARDUINO_PSI,Arduino,0.000,0.000,0.000,,
750.634211,2026-03-16 16:40:22.172,ARDUINO_PSI,Arduino,0.000,0.000,0.000,,
750.733221,2026-03-16 16:40:22.271,ARDUINO_PSI,Arduino,0.000,0.000,0.000,,
750.833510,2026-03-16 16:40:22.371,ARDUINO_PSI,Arduino,0.000,0.000,0.000,,
750.933390,2026-03-16 16:40:22.471,ARDUINO_PSI,Arduino,0.000,0.000,0.000,,
751.033542,2026-03-16 16:40:22.571,ARDUINO_PSI,Arduino,0.000,0.000,0.000,,
751.133385,2026-03-16 16:40:22.671,ARDUINO_PSI,Arduino,0.000,0.000,0.000,,
751.233460,2026-03-16 16:40:22.771,ARDUINO_PSI,Arduino,0.000,0.000,0.000,,
751.333705,2026-03-16 16:40:22.872,ARDUINO_PSI,Arduino,0.000,0.000,0.000,,
751.433147,2026-03-16 16:40:22.971,ARDUINO_PSI,Arduino,0.000,0.000,0.000,,
751.533465,2026-03-16 16:40:23.071,ARDUINO_PSI,Arduino,0.000,0.000,0.000,,
751.633376,2026-03-16 16:40:23.171,ARDUINO_PSI,Arduino,0.000,0.000,0.000,,
751.733451,2026-03-16 16:40:23.271,ARDUINO_PSI,Arduino,0.000,0.000,0.000,,
751.833446,2026-03-16 16:40:23.371,ARDUINO_PSI,Arduino,0.000,0.000,0.000,,
751.933341,2026-03-16 16:40:23.471,ARDUINO_PSI,Arduino,0.000,0.000,0.000,,
752.033542,2026-03-16 16:40:23.571,ARDUINO_PSI,Arduino,0.000,0.000,0.000,,
752.132964,2026-03-16 16:40:23.671,ARDUINO_PSI,Arduino,0.000,0.000,0.000,,
752.233343,2026-03-16 16:40:23.771,ARDUINO_PSI,Arduino,0.000,0.000,0.000,,
752.333250,2026-03-16 16:40:23.871,ARDUINO_PSI,Arduino,0.000,0.000,0.000,,
752.433270,2026-03-16 16:40:23.971,ARDUINO_PSI,Arduino,0.000,0.000,0.000,,
752.533139,2026-03-16 16:40:24.071,ARDUINO_PSI,Arduino,0.000,0.000,0.000,,
752.633375,2026-03-16 16:40:24.171,ARDUINO_PSI,Arduino,0.000,0.000,0.000,,
752.733164,2026-03-16 16:40:24.271,ARDUINO_PSI,Arduino,0.000,0.000,0.000,,
752.833423,2026-03-16 16:40:24.371,ARDUINO_PSI,Arduino,0.000,0.000,0.000,,
752.933184,2026-03-16 16:40:24.471,ARDUINO_PSI,Arduino,0.000,0.000,0.000,,
753.033499,2026-03-16 16:40:24.571,ARDUINO_PSI,Arduino,0.000,0.000,0.000,,
753.133809,2026-03-16 16:40:24.672,ARDUINO_PSI,Arduino,0.000,0.000,0.000,,
753.233169,2026-03-16 16:40:24.771,ARDUINO_PSI,Arduino,0.000,0.000,0.000,,
753.333501,2026-03-16 16:40:24.871,ARDUINO_PSI,Arduino,0.000,0.000,0.000,,
753.433398,2026-03-16 16:40:24.971,ARDUINO_PSI,Arduino,0.000,0.000,0.000,,
753.533259,2026-03-16 16:40:25.071,ARDUINO_PSI,Arduino,0.000,0.000,0.000,,
753.633520,2026-03-16 16:40:25.171,ARDUINO_PSI,Arduino,0.000,0.000,0.000,,
753.733392,2026-03-16 16:40:25.271,ARDUINO_PSI,Arduino,0.000,0.000,0.000,,
753.833622,2026-03-16 16:40:25.371,ARDUINO_PSI,Arduino,0.000,0.000,0.000,,
753.933582,2026-03-16 16:40:25.471,ARDUINO_PSI,Arduino,0.000,0.000,0.000,,
754.033256,2026-03-16 16:40:25.571,ARDUINO_PSI,Arduino,0.000,0.000,0.000,,
754.133584,2026-03-16 16:40:25.671,ARDUINO_PSI,Arduino,0.000,0.000,0.000,,
754.233325,2026-03-16 16:40:25.771,ARDUINO_PSI,Arduino,0.000,0.000,0.000,,
754.333529,2026-03-16 16:40:25.871,ARDUINO_PSI,Arduino,0.000,0.000,0.000,,
754.433257,2026-03-16 16:40:25.971,ARDUINO_PSI,Arduino,0.000,0.000,0.000,,
754.533235,2026-03-16 16:40:26.071,ARDUINO_PSI,Arduino,0.000,0.000,0.000,,
754.633253,2026-03-16 16:40:26.171,ARDUINO_PSI,Arduino,0.000,0.000,0.000,,
754.733135,2026-03-16 16:40:26.271,ARDUINO_PSI,Arduino,0.000,0.000,0.000,,
754.833375,2026-03-16 16:40:26.371,ARDUINO_PSI,Arduino,0.000,0.000,0.000,,
754.933412,2026-03-16 16:40:26.471,ARDUINO_PSI,Arduino,0.000,0.000,0.000,,
755.033562,2026-03-16 16:40:26.571,ARDUINO_PSI,Arduino,0.000,0.000,0.000,,
755.133272,2026-03-16 16:40:26.671,ARDUINO_PSI,Arduino,0.000,0.000,0.000,,
755.233446,2026-03-16 16:40:26.771,ARDUINO_PSI,Arduino,0.000,0.000,0.000,,
755.333398,2026-03-16 16:40:26.871,ARDUINO_PSI,Arduino,0.000,0.000,0.000,,
755.433323,2026-03-16 16:40:26.971,ARDUINO_PSI,Arduino,0.000,0.000,0.000,,
755.533140,2026-03-16 16:40:27.071,ARDUINO_PSI,Arduino,0.000,0.000,0.000,,
755.633403,2026-03-16 16:40:27.171,ARDUINO_PSI,Arduino,0.000,0.000,0.000,,
755.733360,2026-03-16 16:40:27.271,ARDUINO_PSI,Arduino,0.000,0.000,0.000,,
755.834473,2026-03-16 16:40:27.372,ARDUINO_PSI,Arduino,0.000,0.000,0.000,,
755.933113,2026-03-16 16:40:27.471,ARDUINO_PSI,Arduino,0.000,0.000,0.000,,
756.033507,2026-03-16 16:40:27.571,ARDUINO_PSI,Arduino,0.000,0.000,0.000,,
756.133362,2026-03-16 16:40:27.671,ARDUINO_PSI,Arduino,0.000,0.000,0.000,,
756.233503,2026-03-16 16:40:27.771,ARDUINO_PSI,Arduino,0.000,0.000,0.000,,
756.333582,2026-03-16 16:40:27.871,ARDUINO_PSI,Arduino,0.000,0.000,0.000,,
756.433401,2026-03-16 16:40:27.971,ARDUINO_PSI,Arduino,0.000,0.000,0.000,,
756.533937,2026-03-16 16:40:28.072,ARDUINO_PSI,Arduino,0.000,0.000,0.000,,
756.633480,2026-03-16 16:40:28.171,ARDUINO_PSI,Arduino,0.000,0.000,0.000,,
756.733350,2026-03-16 16:40:28.271,ARDUINO_PSI,Arduino,0.000,0.000,0.000,,
756.833470,2026-03-16 16:40:28.371,ARDUINO_PSI,Arduino,0.000,0.000,0.000,,
756.934261,2026-03-16 16:40:28.472,ARDUINO_PSI,Arduino,0.000,0.000,0.000,,
757.033462,2026-03-16 16:40:28.571,ARDUINO_PSI,Arduino,0.000,0.000,0.000,,
757.133839,2026-03-16 16:40:28.672,ARDUINO_PSI,Arduino,0.000,0.000,0.000,,
757.232990,2026-03-16 16:40:28.771,ARDUINO_PSI,Arduino,0.000,0.000,0.000,,
757.333573,2026-03-16 16:40:28.871,ARDUINO_PSI,Arduino,0.000,0.000,0.000,,
757.434332,2026-03-16 16:40:28.972,ARDUINO_PSI,Arduino,0.000,0.000,0.000,,
757.533466,2026-03-16 16:40:29.071,ARDUINO_PSI,Arduino,0.000,0.000,0.000,,
757.633962,2026-03-16 16:40:29.172,ARDUINO_PSI,Arduino,0.000,0.000,0.000,,
757.732972,2026-03-16 16:40:29.271,ARDUINO_PSI,Arduino,0.000,0.000,0.000,,
757.834320,2026-03-16 16:40:29.372,ARDUINO_PSI,Arduino,0.000,0.000,0.000,,
757.934110,2026-03-16 16:40:29.472,ARDUINO_PSI,Arduino,0.000,0.000,0.000,,
758.034243,2026-03-16 16:40:29.572,ARDUINO_PSI,Arduino,0.000,0.000,0.000,,
758.133609,2026-03-16 16:40:29.671,ARDUINO_PSI,Arduino,0.000,0.000,0.000,,
758.234505,2026-03-16 16:40:29.772,ARDUINO_PSI,Arduino,0.000,0.000,0.000,,
758.334421,2026-03-16 16:40:29.872,ARDUINO_PSI,Arduino,0.000,0.000,0.000,,
758.433865,2026-03-16 16:40:29.972,ARDUINO_PSI,Arduino,0.000,0.000,0.000,,
758.533458,2026-03-16 16:40:30.071,ARDUINO_PSI,Arduino,0.000,0.000,0.000,,
758.633591,2026-03-16 16:40:30.171,ARDUINO_PSI,Arduino,0.000,0.000,0.000,,
758.733934,2026-03-16 16:40:30.272,ARDUINO_PSI,Arduino,0.000,0.000,0.000,,
758.833632,2026-03-16 16:40:30.372,ARDUINO_PSI,Arduino,0.000,0.000,0.000,,
758.933837,2026-03-16 16:40:30.472,ARDUINO_PSI,Arduino,0.000,0.000,0.000,,
759.033544,2026-03-16 16:40:30.571,ARDUINO_PSI,Arduino,0.000,0.000,0.000,,
759.135421,2026-03-16 16:40:30.673,ARDUINO_PSI,Arduino,0.000,0.000,0.000,,
759.234085,2026-03-16 16:40:30.772,ARDUINO_PSI,Arduino,0.000,0.000,0.000,,
759.334390,2026-03-16 16:40:30.872,ARDUINO_PSI,Arduino,0.000,0.000,0.000,,
759.433284,2026-03-16 16:40:30.971,ARDUINO_PSI,Arduino,0.000,0.000,0.000,,
759.533454,2026-03-16 16:40:31.071,ARDUINO_PSI,Arduino,0.000,0.000,0.000,,
759.634632,2026-03-16 16:40:31.173,ARDUINO_PSI,Arduino,0.000,0.000,0.000,,
759.734313,2026-03-16 16:40:31.272,ARDUINO_PSI,Arduino,0.000,0.000,0.000,,
759.834540,2026-03-16 16:40:31.372,ARDUINO_PSI,Arduino,0.000,0.000,0.000,,
759.934020,2026-03-16 16:40:31.472,ARDUINO_PSI,Arduino,0.000,0.000,0.000,,
760.034189,2026-03-16 16:40:31.572,ARDUINO_PSI,Arduino,0.000,0.000,0.000,,
760.135120,2026-03-16 16:40:31.673,ARDUINO_PSI,Arduino,0.000,0.000,0.000,,
760.234186,2026-03-16 16:40:31.772,ARDUINO_PSI,Arduino,0.000,0.000,0.000,,
760.334575,2026-03-16 16:40:31.872,ARDUINO_PSI,Arduino,0.000,0.000,0.000,,
760.433272,2026-03-16 16:40:31.971,ARDUINO_PSI,Arduino,0.000,0.000,0.000,,
760.533548,2026-03-16 16:40:32.071,ARDUINO_PSI,Arduino,0.000,0.000,0.000,,
760.633711,2026-03-16 16:40:32.172,ARDUINO_PSI,Arduino,0.000,0.000,0.000,,
760.734494,2026-03-16 16:40:32.272,ARDUINO_PSI,Arduino,0.000,0.000,0.000,,
760.833634,2026-03-16 16:40:32.372,ARDUINO_PSI,Arduino,0.000,0.000,0.000,,
760.933663,2026-03-16 16:40:32.472,ARDUINO_PSI,Arduino,0.000,0.000,0.000,,
761.033222,2026-03-16 16:40:32.571,ARDUINO_PSI,Arduino,0.000,0.000,0.000,,
761.134376,2026-03-16 16:40:32.672,ARDUINO_PSI,Arduino,0.000,0.000,0.000,,
761.233636,2026-03-16 16:40:32.772,ARDUINO_PSI,Arduino,0.000,0.000,0.000,,
761.333729,2026-03-16 16:40:32.872,ARDUINO_PSI,Arduino,0.000,0.000,0.000,,
761.434232,2026-03-16 16:40:32.972,ARDUINO_PSI,Arduino,0.000,0.000,0.000,,
761.533980,2026-03-16 16:40:33.072,ARDUINO_PSI,Arduino,0.000,0.000,0.000,,
761.634676,2026-03-16 16:40:33.173,ARDUINO_PSI,Arduino,0.000,0.000,0.000,,
761.733543,2026-03-16 16:40:33.271,ARDUINO_PSI,Arduino,0.000,0.000,0.000,,
761.833456,2026-03-16 16:40:33.371,ARDUINO_PSI,Arduino,0.000,0.000,0.000,,
761.932917,2026-03-16 16:40:33.471,ARDUINO_PSI,Arduino,0.000,0.000,0.000,,
762.033501,2026-03-16 16:40:33.571,ARDUINO_PSI,Arduino,0.000,0.000,0.000,,
762.133567,2026-03-16 16:40:33.671,ARDUINO_PSI,Arduino,0.000,0.000,0.000,,
762.234499,2026-03-16 16:40:33.772,ARDUINO_PSI,Arduino,0.000,0.000,0.000,,
762.334066,2026-03-16 16:40:33.872,ARDUINO_PSI,Arduino,0.000,0.000,0.000,,
762.433518,2026-03-16 16:40:33.971,ARDUINO_PSI,Arduino,0.000,0.000,0.000,,
762.533777,2026-03-16 16:40:34.072,ARDUINO_PSI,Arduino,0.000,0.000,0.000,,
762.634928,2026-03-16 16:40:34.173,ARDUINO_PSI,Arduino,0.000,0.000,0.000,,
762.733163,2026-03-16 16:40:34.271,ARDUINO_PSI,Arduino,0.000,0.000,0.000,,
762.833541,2026-03-16 16:40:34.371,ARDUINO_PSI,Arduino,0.000,0.000,0.000,,
762.933497,2026-03-16 16:40:34.471,ARDUINO_PSI,Arduino,0.000,0.000,0.000,,
763.033035,2026-03-16 16:40:34.571,ARDUINO_PSI,Arduino,0.000,0.000,0.000,,
763.133242,2026-03-16 16:40:34.671,ARDUINO_PSI,Arduino,0.000,0.000,0.000,,
763.233375,2026-03-16 16:40:34.771,ARDUINO_PSI,Arduino,0.000,0.000,0.000,,
763.333497,2026-03-16 16:40:34.871,ARDUINO_PSI,Arduino,0.000,0.000,0.000,,
763.434634,2026-03-16 16:40:34.973,ARDUINO_PSI,Arduino,0.000,0.000,0.000,,
763.534166,2026-03-16 16:40:35.072,ARDUINO_PSI,Arduino,0.000,0.000,0.000,,
763.633520,2026-03-16 16:40:35.171,ARDUINO_PSI,Arduino,0.000,0.000,0.000,,
763.733188,2026-03-16 16:40:35.271,ARDUINO_PSI,Arduino,0.000,0.000,0.000,,
763.833980,2026-03-16 16:40:35.372,ARDUINO_PSI,Arduino,0.000,0.000,0.000,,
763.933495,2026-03-16 16:40:35.471,ARDUINO_PSI,Arduino,0.000,0.000,0.000,,
764.033119,2026-03-16 16:40:35.571,ARDUINO_PSI,Arduino,0.000,0.000,0.000,,
764.133485,2026-03-16 16:40:35.671,ARDUINO_PSI,Arduino,0.000,0.000,0.000,,
764.233984,2026-03-16 16:40:35.772,ARDUINO_PSI,Arduino,0.000,0.000,0.000,,
764.333376,2026-03-16 16:40:35.871,ARDUINO_PSI,Arduino,0.000,0.000,0.000,,
764.433578,2026-03-16 16:40:35.971,ARDUINO_PSI,Arduino,0.000,0.000,0.000,,
764.533532,2026-03-16 16:40:36.071,ARDUINO_PSI,Arduino,0.000,0.000,0.000,,
764.634295,2026-03-16 16:40:36.172,ARDUINO_PSI,Arduino,0.000,0.000,0.000,,
764.732995,2026-03-16 16:40:36.271,ARDUINO_PSI,Arduino,0.000,0.000,0.000,,
764.833860,2026-03-16 16:40:36.372,ARDUINO_PSI,Arduino,0.000,0.000,0.000,,
764.933059,2026-03-16 16:40:36.471,ARDUINO_PSI,Arduino,0.000,0.000,0.000,,
765.033772,2026-03-16 16:40:36.572,ARDUINO_PSI,Arduino,0.000,0.000,0.000,,
765.133483,2026-03-16 16:40:36.671,ARDUINO_PSI,Arduino,0.000,0.000,0.000,,
765.233593,2026-03-16 16:40:36.771,ARDUINO_PSI,Arduino,0.000,0.000,0.000,,
765.333341,2026-03-16 16:40:36.871,ARDUINO_PSI,Arduino,0.000,0.000,0.000,,
765.433221,2026-03-16 16:40:36.971,ARDUINO_PSI,Arduino,0.000,0.000,0.000,,
765.533962,2026-03-16 16:40:37.072,ARDUINO_PSI,Arduino,0.000,0.000,0.000,,
765.633183,2026-03-16 16:40:37.171,ARDUINO_PSI,Arduino,0.000,0.000,0.000,,
765.733528,2026-03-16 16:40:37.271,ARDUINO_PSI,Arduino,0.000,0.000,0.000,,
765.833190,2026-03-16 16:40:37.371,ARDUINO_PSI,Arduino,0.000,0.000,0.000,,
765.933353,2026-03-16 16:40:37.471,ARDUINO_PSI,Arduino,0.000,0.000,0.000,,
766.033063,2026-03-16 16:40:37.571,ARDUINO_PSI,Arduino,0.000,0.000,0.000,,
766.133816,2026-03-16 16:40:37.672,ARDUINO_PSI,Arduino,0.000,0.000,0.000,,
766.233349,2026-03-16 16:40:37.771,ARDUINO_PSI,Arduino,0.000,0.000,0.000,,
766.333014,2026-03-16 16:40:37.871,ARDUINO_PSI,Arduino,0.000,0.000,0.000,,
766.433418,2026-03-16 16:40:37.971,ARDUINO_PSI,Arduino,0.000,0.000,0.000,,
766.533400,2026-03-16 16:40:38.071,ARDUINO_PSI,Arduino,0.000,0.000,0.000,,
766.633764,2026-03-16 16:40:38.172,ARDUINO_PSI,Arduino,0.000,0.000,0.000,,
766.733598,2026-03-16 16:40:38.271,ARDUINO_PSI,Arduino,0.000,0.000,0.000,,
766.834129,2026-03-16 16:40:38.372,ARDUINO_PSI,Arduino,0.000,0.000,0.000,,
766.933704,2026-03-16 16:40:38.472,ARDUINO_PSI,Arduino,0.000,0.000,0.000,,
767.033067,2026-03-16 16:40:38.571,ARDUINO_PSI,Arduino,0.000,0.000,0.000,,
767.133566,2026-03-16 16:40:38.671,ARDUINO_PSI,Arduino,0.000,0.000,0.000,,
767.233453,2026-03-16 16:40:38.771,ARDUINO_PSI,Arduino,0.000,0.000,0.000,,
767.333169,2026-03-16 16:40:38.871,ARDUINO_PSI,Arduino,0.000,0.000,0.000,,
767.433137,2026-03-16 16:40:38.971,ARDUINO_PSI,Arduino,0.000,0.000,0.000,,
767.533340,2026-03-16 16:40:39.071,ARDUINO_PSI,Arduino,0.000,0.000,0.000,,
767.633859,2026-03-16 16:40:39.172,ARDUINO_PSI,Arduino,0.000,0.000,0.000,,
767.733348,2026-03-16 16:40:39.271,ARDUINO_PSI,Arduino,0.000,0.000,0.000,,
767.833465,2026-03-16 16:40:39.371,ARDUINO_PSI,Arduino,0.000,0.000,0.000,,
767.933465,2026-03-16 16:40:39.471,ARDUINO_PSI,Arduino,0.000,0.000,0.000,,
768.032941,2026-03-16 16:40:39.571,ARDUINO_PSI,Arduino,0.000,0.000,0.000,,
768.133470,2026-03-16 16:40:39.671,ARDUINO_PSI,Arduino,0.000,0.000,0.000,,
768.233335,2026-03-16 16:40:39.771,ARDUINO_PSI,Arduino,0.000,0.000,0.000,,
768.334607,2026-03-16 16:40:39.872,ARDUINO_PSI,Arduino,0.000,0.000,0.000,,
768.433212,2026-03-16 16:40:39.971,ARDUINO_PSI,Arduino,0.000,0.000,0.000,,
768.533423,2026-03-16 16:40:40.071,ARDUINO_PSI,Arduino,0.000,0.000,0.000,,
768.633578,2026-03-16 16:40:40.171,ARDUINO_PSI,Arduino,0.000,0.000,0.000,,
768.733487,2026-03-16 16:40:40.271,ARDUINO_PSI,Arduino,0.000,0.000,0.000,,
768.833475,2026-03-16 16:40:40.371,ARDUINO_PSI,Arduino,0.000,0.000,0.000,,
768.933342,2026-03-16 16:40:40.471,ARDUINO_PSI,Arduino,0.000,0.000,0.000,,
769.033601,2026-03-16 16:40:40.571,ARDUINO_PSI,Arduino,0.000,0.000,0.000,,
769.133379,2026-03-16 16:40:40.671,ARDUINO_PSI,Arduino,0.000,0.000,0.000,,
769.233522,2026-03-16 16:40:40.771,ARDUINO_PSI,Arduino,0.000,0.000,0.000,,
769.332933,2026-03-16 16:40:40.871,ARDUINO_PSI,Arduino,0.000,0.000,0.000,,
769.435040,2026-03-16 16:40:40.973,ARDUINO_PSI,Arduino,0.000,0.000,0.000,,
769.534503,2026-03-16 16:40:41.072,ARDUINO_PSI,Arduino,0.000,0.000,0.000,,
769.633096,2026-03-16 16:40:41.171,ARDUINO_PSI,Arduino,0.000,0.000,0.000,,
769.733347,2026-03-16 16:40:41.271,ARDUINO_PSI,Arduino,0.000,0.000,0.000,,
769.833866,2026-03-16 16:40:41.372,ARDUINO_PSI,Arduino,0.000,0.000,0.000,,
769.934587,2026-03-16 16:40:41.472,ARDUINO_PSI,Arduino,0.000,0.000,0.000,,
770.034227,2026-03-16 16:40:41.572,ARDUINO_PSI,Arduino,0.000,0.000,0.000,,
770.134701,2026-03-16 16:40:41.673,ARDUINO_PSI,Arduino,0.000,0.000,0.000,,
770.233485,2026-03-16 16:40:41.771,ARDUINO_PSI,Arduino,0.000,0.000,0.000,,
770.333751,2026-03-16 16:40:41.872,ARDUINO_PSI,Arduino,0.000,0.000,0.000,,
770.433458,2026-03-16 16:40:41.971,ARDUINO_PSI,Arduino,0.000,0.000,0.000,,
770.535163,2026-03-16 16:40:42.073,ARDUINO_PSI,Arduino,0.000,0.000,0.000,,
770.634706,2026-03-16 16:40:42.173,ARDUINO_PSI,Arduino,0.000,0.000,0.000,,
770.733568,2026-03-16 16:40:42.271,ARDUINO_PSI,Arduino,0.000,0.000,0.000,,
770.834068,2026-03-16 16:40:42.372,ARDUINO_PSI,Arduino,0.000,0.000,0.000,,
770.933643,2026-03-16 16:40:42.472,ARDUINO_PSI,Arduino,0.000,0.000,0.000,,
771.033577,2026-03-16 16:40:42.571,ARDUINO_PSI,Arduino,0.000,0.000,0.000,,
771.133529,2026-03-16 16:40:42.671,ARDUINO_PSI,Arduino,0.000,0.000,0.000,,
771.234184,2026-03-16 16:40:42.772,ARDUINO_PSI,Arduino,0.000,0.000,0.000,,
771.333445,2026-03-16 16:40:42.871,ARDUINO_PSI,Arduino,0.000,0.000,0.000,,
771.434381,2026-03-16 16:40:42.972,ARDUINO_PSI,Arduino,0.000,0.000,0.000,,
771.534147,2026-03-16 16:40:43.072,ARDUINO_PSI,Arduino,0.000,0.000,0.000,,
771.633402,2026-03-16 16:40:43.171,ARDUINO_PSI,Arduino,0.000,0.000,0.000,,
771.733518,2026-03-16 16:40:43.271,ARDUINO_PSI,Arduino,0.000,0.000,0.000,,
771.833640,2026-03-16 16:40:43.372,ARDUINO_PSI,Arduino,0.000,0.000,0.000,,
771.934640,2026-03-16 16:40:43.473,ARDUINO_PSI,Arduino,0.000,0.000,0.000,,
772.034359,2026-03-16 16:40:43.572,ARDUINO_PSI,Arduino,0.000,0.000,0.000,,
772.133487,2026-03-16 16:40:43.671,ARDUINO_PSI,Arduino,0.000,0.000,0.000,,
772.234570,2026-03-16 16:40:43.772,ARDUINO_PSI,Arduino,0.000,0.000,0.000,,
772.334369,2026-03-16 16:40:43.872,ARDUINO_PSI,Arduino,0.000,0.000,0.000,,
772.433960,2026-03-16 16:40:43.972,ARDUINO_PSI,Arduino,0.000,0.000,0.000,,
772.534265,2026-03-16 16:40:44.072,ARDUINO_PSI,Arduino,0.000,0.000,0.000,,
772.634615,2026-03-16 16:40:44.172,ARDUINO_PSI,Arduino,0.000,0.000,0.000,,
772.733537,2026-03-16 16:40:44.271,ARDUINO_PSI,Arduino,0.000,0.000,0.000,,
772.833461,2026-03-16 16:40:44.371,ARDUINO_PSI,Arduino,0.000,0.000,0.000,,
772.933374,2026-03-16 16:40:44.471,ARDUINO_PSI,Arduino,0.000,0.000,0.000,,
773.033579,2026-03-16 16:40:44.571,ARDUINO_PSI,Arduino,0.000,0.000,0.000,,
773.134532,2026-03-16 16:40:44.672,ARDUINO_PSI,Arduino,0.000,0.000,0.000,,
773.233531,2026-03-16 16:40:44.771,ARDUINO_PSI,Arduino,0.000,0.000,0.000,,
773.334502,2026-03-16 16:40:44.872,ARDUINO_PSI,Arduino,0.000,0.000,0.000,,
773.433438,2026-03-16 16:40:44.971,ARDUINO_PSI,Arduino,0.000,0.000,0.000,,
773.533380,2026-03-16 16:40:45.071,ARDUINO_PSI,Arduino,0.000,0.000,0.000,,
773.633064,2026-03-16 16:40:45.171,ARDUINO_PSI,Arduino,0.000,0.000,0.000,,
773.733527,2026-03-16 16:40:45.271,ARDUINO_PSI,Arduino,0.000,0.000,0.000,,
773.833404,2026-03-16 16:40:45.371,ARDUINO_PSI,Arduino,0.000,0.000,0.000,,
773.933431,2026-03-16 16:40:45.471,ARDUINO_PSI,Arduino,0.000,0.000,0.000,,
774.034104,2026-03-16 16:40:45.572,ARDUINO_PSI,Arduino,0.000,0.000,0.000,,
774.133281,2026-03-16 16:40:45.671,ARDUINO_PSI,Arduino,0.000,0.000,0.000,,
774.233374,2026-03-16 16:40:45.771,ARDUINO_PSI,Arduino,0.000,0.000,0.000,,
774.333553,2026-03-16 16:40:45.871,ARDUINO_PSI,Arduino,0.000,0.000,0.000,,
774.433292,2026-03-16 16:40:45.971,ARDUINO_PSI,Arduino,0.000,0.000,0.000,,
774.533445,2026-03-16 16:40:46.071,ARDUINO_PSI,Arduino,0.000,0.000,0.000,,
774.633570,2026-03-16 16:40:46.171,ARDUINO_PSI,Arduino,0.000,0.000,0.000,,
774.733502,2026-03-16 16:40:46.271,ARDUINO_PSI,Arduino,0.000,0.000,0.000,,
774.833513,2026-03-16 16:40:46.371,ARDUINO_PSI,Arduino,0.000,0.000,0.000,,
774.933697,2026-03-16 16:40:46.472,ARDUINO_PSI,Arduino,0.000,0.000,0.000,,
775.033565,2026-03-16 16:40:46.571,ARDUINO_PSI,Arduino,0.000,0.000,0.000,,
775.133550,2026-03-16 16:40:46.671,ARDUINO_PSI,Arduino,0.000,0.000,0.000,,
775.233303,2026-03-16 16:40:46.771,ARDUINO_PSI,Arduino,0.000,0.000,0.000,,
775.333289,2026-03-16 16:40:46.871,ARDUINO_PSI,Arduino,0.000,0.000,0.000,,
775.433434,2026-03-16 16:40:46.971,ARDUINO_PSI,Arduino,0.000,0.000,0.000,,
775.533329,2026-03-16 16:40:47.071,ARDUINO_PSI,Arduino,0.000,0.000,0.000,,
775.634107,2026-03-16 16:40:47.172,ARDUINO_PSI,Arduino,0.000,0.000,0.000,,
775.733474,2026-03-16 16:40:47.271,ARDUINO_PSI,Arduino,0.000,0.000,0.000,,
775.833635,2026-03-16 16:40:47.372,ARDUINO_PSI,Arduino,0.000,0.000,0.000,,
775.933256,2026-03-16 16:40:47.471,ARDUINO_PSI,Arduino,0.000,0.000,0.000,,
776.033283,2026-03-16 16:40:47.571,ARDUINO_PSI,Arduino,0.000,0.000,0.000,,
776.133334,2026-03-16 16:40:47.671,ARDUINO_PSI,Arduino,0.000,0.000,0.000,,
776.233346,2026-03-16 16:40:47.771,ARDUINO_PSI,Arduino,0.000,0.000,0.000,,
776.333503,2026-03-16 16:40:47.871,ARDUINO_PSI,Arduino,0.000,0.000,0.000,,
776.434211,2026-03-16 16:40:47.972,ARDUINO_PSI,Arduino,0.000,0.000,0.000,,
776.535299,2026-03-16 16:40:48.073,ARDUINO_PSI,Arduino,0.000,0.000,0.000,,
776.634662,2026-03-16 16:40:48.173,ARDUINO_PSI,Arduino,0.000,0.000,0.000,,
776.733705,2026-03-16 16:40:48.272,ARDUINO_PSI,Arduino,0.000,0.000,0.000,,
776.833829,2026-03-16 16:40:48.372,ARDUINO_PSI,Arduino,0.000,0.000,0.000,,
776.933521,2026-03-16 16:40:48.471,ARDUINO_PSI,Arduino,0.000,0.000,0.000,,
777.034351,2026-03-16 16:40:48.572,ARDUINO_PSI,Arduino,0.000,0.000,0.000,,
777.134086,2026-03-16 16:40:48.672,ARDUINO_PSI,Arduino,0.000,0.000,0.000,,
777.233625,2026-03-16 16:40:48.771,ARDUINO_PSI,Arduino,0.000,0.000,0.000,,
777.333521,2026-03-16 16:40:48.871,ARDUINO_PSI,Arduino,0.000,0.000,0.000,,
777.434231,2026-03-16 16:40:48.972,ARDUINO_PSI,Arduino,0.000,0.000,0.000,,
777.533384,2026-03-16 16:40:49.071,ARDUINO_PSI,Arduino,0.000,0.000,0.000,,
777.633507,2026-03-16 16:40:49.171,ARDUINO_PSI,Arduino,0.000,0.000,0.000,,
777.734085,2026-03-16 16:40:49.272,ARDUINO_PSI,Arduino,0.000,0.000,0.000,,
777.833980,2026-03-16 16:40:49.372,ARDUINO_PSI,Arduino,0.000,0.000,0.000,,
777.934382,2026-03-16 16:40:49.472,ARDUINO_PSI,Arduino,0.000,0.000,0.000,,
778.033610,2026-03-16 16:40:49.571,ARDUINO_PSI,Arduino,0.000,0.000,0.000,,
778.134371,2026-03-16 16:40:49.672,ARDUINO_PSI,Arduino,0.000,0.000,0.000,,
778.233457,2026-03-16 16:40:49.771,ARDUINO_PSI,Arduino,0.000,0.000,0.000,,
778.335084,2026-03-16 16:40:49.873,ARDUINO_PSI,Arduino,0.000,0.000,0.000,,
778.433612,2026-03-16 16:40:49.971,ARDUINO_PSI,Arduino,0.000,0.000,0.000,,
778.534709,2026-03-16 16:40:50.073,ARDUINO_PSI,Arduino,0.000,0.000,0.000,,
778.634191,2026-03-16 16:40:50.172,ARDUINO_PSI,Arduino,0.000,0.000,0.000,,
778.734454,2026-03-16 16:40:50.272,ARDUINO_PSI,Arduino,0.000,0.000,0.000,,
778.834169,2026-03-16 16:40:50.372,ARDUINO_PSI,Arduino,0.000,0.000,0.000,,
778.933438,2026-03-16 16:40:50.471,ARDUINO_PSI,Arduino,0.000,0.000,0.000,,
779.034269,2026-03-16 16:40:50.572,ARDUINO_PSI,Arduino,0.000,0.000,0.000,,
779.134673,2026-03-16 16:40:50.673,ARDUINO_PSI,Arduino,0.000,0.000,0.000,,
779.233492,2026-03-16 16:40:50.771,ARDUINO_PSI,Arduino,0.000,0.000,0.000,,
779.334227,2026-03-16 16:40:50.872,ARDUINO_PSI,Arduino,0.000,0.000,0.000,,
779.433558,2026-03-16 16:40:50.971,ARDUINO_PSI,Arduino,0.000,0.000,0.000,,
779.533318,2026-03-16 16:40:51.071,ARDUINO_PSI,Arduino,0.000,0.000,0.000,,
779.634231,2026-03-16 16:40:51.172,ARDUINO_PSI,Arduino,0.000,0.000,0.000,,
779.734197,2026-03-16 16:40:51.272,ARDUINO_PSI,Arduino,0.000,0.000,0.000,,
779.834590,2026-03-16 16:40:51.372,ARDUINO_PSI,Arduino,0.000,0.000,0.000,,
779.933659,2026-03-16 16:40:51.472,ARDUINO_PSI,Arduino,0.000,0.000,0.000,,
780.033599,2026-03-16 16:40:51.571,ARDUINO_PSI,Arduino,0.000,0.000,0.000,,
780.134055,2026-03-16 16:40:51.672,ARDUINO_PSI,Arduino,0.000,0.000,0.000,,
780.234169,2026-03-16 16:40:51.772,ARDUINO_PSI,Arduino,0.000,0.000,0.000,,
780.334294,2026-03-16 16:40:51.872,ARDUINO_PSI,Arduino,0.000,0.000,0.000,,
780.434688,2026-03-16 16:40:51.973,ARDUINO_PSI,Arduino,0.000,0.000,0.000,,
780.533535,2026-03-16 16:40:52.071,ARDUINO_PSI,Arduino,0.000,0.000,0.000,,
780.634493,2026-03-16 16:40:52.172,ARDUINO_PSI,Arduino,0.000,0.000,0.000,,
780.734559,2026-03-16 16:40:52.272,ARDUINO_PSI,Arduino,0.000,0.000,0.000,,
780.834018,2026-03-16 16:40:52.372,ARDUINO_PSI,Arduino,0.000,0.000,0.000,,
780.933589,2026-03-16 16:40:52.471,ARDUINO_PSI,Arduino,0.000,0.000,0.000,,
781.033619,2026-03-16 16:40:52.571,ARDUINO_PSI,Arduino,0.000,0.000,0.000,,
781.133636,2026-03-16 16:40:52.672,ARDUINO_PSI,Arduino,0.000,0.000,0.000,,
781.234432,2026-03-16 16:40:52.772,ARDUINO_PSI,Arduino,0.000,0.000,0.000,,
781.333230,2026-03-16 16:40:52.871,ARDUINO_PSI,Arduino,0.000,0.000,0.000,,
781.433461,2026-03-16 16:40:52.971,ARDUINO_PSI,Arduino,0.000,0.000,0.000,,
781.533639,2026-03-16 16:40:53.072,ARDUINO_PSI,Arduino,0.000,0.000,0.000,,
781.633274,2026-03-16 16:40:53.171,ARDUINO_PSI,Arduino,0.000,0.000,0.000,,
781.734175,2026-03-16 16:40:53.272,ARDUINO_PSI,Arduino,0.000,0.000,0.000,,
781.834146,2026-03-16 16:40:53.372,ARDUINO_PSI,Arduino,0.000,0.000,0.000,,
781.933518,2026-03-16 16:40:53.471,ARDUINO_PSI,Arduino,0.000,0.000,0.000,,
782.033144,2026-03-16 16:40:53.571,ARDUINO_PSI,Arduino,0.000,0.000,0.000,,
782.133436,2026-03-16 16:40:53.671,ARDUINO_PSI,Arduino,0.000,0.000,0.000,,
782.233665,2026-03-16 16:40:53.772,ARDUINO_PSI,Arduino,0.000,0.000,0.000,,
782.334282,2026-03-16 16:40:53.872,ARDUINO_PSI,Arduino,0.000,0.000,0.000,,
782.433601,2026-03-16 16:40:53.971,ARDUINO_PSI,Arduino,0.000,0.000,0.000,,
782.533423,2026-03-16 16:40:54.071,ARDUINO_PSI,Arduino,0.000,0.000,0.000,,
782.634205,2026-03-16 16:40:54.172,ARDUINO_PSI,Arduino,0.000,0.000,0.000,,
782.733413,2026-03-16 16:40:54.271,ARDUINO_PSI,Arduino,0.000,0.000,0.000,,
782.833760,2026-03-16 16:40:54.372,ARDUINO_PSI,Arduino,0.000,0.000,0.000,,
782.934119,2026-03-16 16:40:54.472,ARDUINO_PSI,Arduino,0.000,0.000,0.000,,
783.034100,2026-03-16 16:40:54.572,ARDUINO_PSI,Arduino,0.000,0.000,0.000,,
783.134429,2026-03-16 16:40:54.672,ARDUINO_PSI,Arduino,0.000,0.000,0.000,,
783.233568,2026-03-16 16:40:54.771,ARDUINO_PSI,Arduino,0.000,0.000,0.000,,
783.333705,2026-03-16 16:40:54.872,ARDUINO_PSI,Arduino,0.000,0.000,0.000,,
783.434121,2026-03-16 16:40:54.972,ARDUINO_PSI,Arduino,0.000,0.000,0.000,,
783.533374,2026-03-16 16:40:55.071,ARDUINO_PSI,Arduino,0.000,0.000,0.000,,
783.633497,2026-03-16 16:40:55.171,ARDUINO_PSI,Arduino,0.000,0.000,0.000,,
783.733926,2026-03-16 16:40:55.272,ARDUINO_PSI,Arduino,0.000,0.000,0.000,,
783.833414,2026-03-16 16:40:55.371,ARDUINO_PSI,Arduino,0.000,0.000,0.000,,
783.933724,2026-03-16 16:40:55.472,ARDUINO_PSI,Arduino,0.000,0.000,0.000,,
784.033721,2026-03-16 16:40:55.572,ARDUINO_PSI,Arduino,0.000,0.000,0.000,,
784.133908,2026-03-16 16:40:55.672,ARDUINO_PSI,Arduino,0.000,0.000,0.000,,
784.233579,2026-03-16 16:40:55.771,ARDUINO_PSI,Arduino,0.000,0.000,0.000,,
784.333646,2026-03-16 16:40:55.872,ARDUINO_PSI,Arduino,0.000,0.000,0.000,,
784.434411,2026-03-16 16:40:55.972,ARDUINO_PSI,Arduino,0.000,0.000,0.000,,
784.533983,2026-03-16 16:40:56.072,ARDUINO_PSI,Arduino,0.000,0.000,0.000,,
784.634786,2026-03-16 16:40:56.173,ARDUINO_PSI,Arduino,0.000,0.000,0.000,,
784.733531,2026-03-16 16:40:56.271,ARDUINO_PSI,Arduino,0.000,0.000,0.000,,
784.833647,2026-03-16 16:40:56.372,ARDUINO_PSI,Arduino,0.000,0.000,0.000,,
784.933601,2026-03-16 16:40:56.471,ARDUINO_PSI,Arduino,0.000,0.000,0.000,,
785.034224,2026-03-16 16:40:56.572,ARDUINO_PSI,Arduino,0.000,0.000,0.000,,
785.133470,2026-03-16 16:40:56.671,ARDUINO_PSI,Arduino,0.000,0.000,0.000,,
785.233905,2026-03-16 16:40:56.772,ARDUINO_PSI,Arduino,0.000,0.000,0.000,,
785.334345,2026-03-16 16:40:56.872,ARDUINO_PSI,Arduino,0.000,0.000,0.000,,
785.433429,2026-03-16 16:40:56.971,ARDUINO_PSI,Arduino,0.000,0.000,0.000,,
785.533410,2026-03-16 16:40:57.071,ARDUINO_PSI,Arduino,0.000,0.000,0.000,,
785.634288,2026-03-16 16:40:57.172,ARDUINO_PSI,Arduino,0.000,0.000,0.000,,
785.733526,2026-03-16 16:40:57.271,ARDUINO_PSI,Arduino,0.000,0.000,0.000,,
785.834087,2026-03-16 16:40:57.372,ARDUINO_PSI,Arduino,0.000,0.000,0.000,,
785.933441,2026-03-16 16:40:57.471,ARDUINO_PSI,Arduino,0.000,0.000,0.000,,
786.033632,2026-03-16 16:40:57.571,ARDUINO_PSI,Arduino,0.000,0.000,0.000,,
786.134709,2026-03-16 16:40:57.673,ARDUINO_PSI,Arduino,0.000,0.000,0.000,,
786.234361,2026-03-16 16:40:57.772,ARDUINO_PSI,Arduino,0.000,0.000,0.000,,
786.334363,2026-03-16 16:40:57.872,ARDUINO_PSI,Arduino,0.000,0.000,0.000,,
786.433804,2026-03-16 16:40:57.972,ARDUINO_PSI,Arduino,0.000,0.000,0.000,,
786.533523,2026-03-16 16:40:58.071,ARDUINO_PSI,Arduino,0.000,0.000,0.000,,
786.634788,2026-03-16 16:40:58.173,ARDUINO_PSI,Arduino,0.000,0.000,0.000,,
786.734988,2026-03-16 16:40:58.273,ARDUINO_PSI,Arduino,0.000,0.000,0.000,,
786.834684,2026-03-16 16:40:58.373,ARDUINO_PSI,Arduino,0.000,0.000,0.000,,
786.933354,2026-03-16 16:40:58.471,ARDUINO_PSI,Arduino,0.000,0.000,0.000,,
787.033717,2026-03-16 16:40:58.572,ARDUINO_PSI,Arduino,0.000,0.000,0.000,,
787.134207,2026-03-16 16:40:58.672,ARDUINO_PSI,Arduino,0.000,0.000,0.000,,
787.233219,2026-03-16 16:40:58.771,ARDUINO_PSI,Arduino,0.000,0.000,0.000,,
787.333384,2026-03-16 16:40:58.871,ARDUINO_PSI,Arduino,0.000,0.000,0.000,,
787.433287,2026-03-16 16:40:58.971,ARDUINO_PSI,Arduino,0.000,0.000,0.000,,
787.533356,2026-03-16 16:40:59.071,ARDUINO_PSI,Arduino,0.000,0.000,0.000,,
787.633864,2026-03-16 16:40:59.172,ARDUINO_PSI,Arduino,0.000,0.000,0.000,,
787.733413,2026-03-16 16:40:59.271,ARDUINO_PSI,Arduino,0.000,0.000,0.000,,
787.833676,2026-03-16 16:40:59.372,ARDUINO_PSI,Arduino,0.000,0.000,0.000,,
787.933241,2026-03-16 16:40:59.471,ARDUINO_PSI,Arduino,0.000,0.000,0.000,,
788.033666,2026-03-16 16:40:59.572,ARDUINO_PSI,Arduino,0.000,0.000,0.000,,
788.133434,2026-03-16 16:40:59.671,ARDUINO_PSI,Arduino,0.000,0.000,0.000,,
788.233486,2026-03-16 16:40:59.771,ARDUINO_PSI,Arduino,0.000,0.000,0.000,,
788.333068,2026-03-16 16:40:59.871,ARDUINO_PSI,Arduino,0.000,0.000,0.000,,
788.433382,2026-03-16 16:40:59.971,ARDUINO_PSI,Arduino,0.000,0.000,0.000,,
788.533172,2026-03-16 16:41:00.071,ARDUINO_PSI,Arduino,0.000,0.000,0.000,,
788.633462,2026-03-16 16:41:00.171,ARDUINO_PSI,Arduino,0.000,0.000,0.000,,
788.733848,2026-03-16 16:41:00.272,ARDUINO_PSI,Arduino,0.000,0.000,0.000,,
788.833519,2026-03-16 16:41:00.371,ARDUINO_PSI,Arduino,0.000,0.000,0.000,,
788.933487,2026-03-16 16:41:00.471,ARDUINO_PSI,Arduino,0.000,0.000,0.000,,
789.033344,2026-03-16 16:41:00.571,ARDUINO_PSI,Arduino,0.000,0.000,0.000,,
789.133965,2026-03-16 16:41:00.672,ARDUINO_PSI,Arduino,0.000,0.000,0.000,,
789.233607,2026-03-16 16:41:00.771,ARDUINO_PSI,Arduino,0.000,0.000,0.000,,
789.333531,2026-03-16 16:41:00.871,ARDUINO_PSI,Arduino,0.000,0.000,0.000,,
789.433332,2026-03-16 16:41:00.971,ARDUINO_PSI,Arduino,0.000,0.000,0.000,,
789.533224,2026-03-16 16:41:01.071,ARDUINO_PSI,Arduino,0.000,0.000,0.000,,
789.634017,2026-03-16 16:41:01.172,ARDUINO_PSI,Arduino,0.000,0.000,0.000,,
789.733636,2026-03-16 16:41:01.272,ARDUINO_PSI,Arduino,0.000,0.000,0.000,,
789.833787,2026-03-16 16:41:01.372,ARDUINO_PSI,Arduino,0.000,0.000,0.000,,
789.933457,2026-03-16 16:41:01.471,ARDUINO_PSI,Arduino,0.000,0.000,0.000,,
790.033640,2026-03-16 16:41:01.572,ARDUINO_PSI,Arduino,0.000,0.000,0.000,,
790.133681,2026-03-16 16:41:01.672,ARDUINO_PSI,Arduino,0.000,0.000,0.000,,
790.233363,2026-03-16 16:41:01.771,ARDUINO_PSI,Arduino,0.000,0.000,0.056,,
790.333519,2026-03-16 16:41:01.871,ARDUINO_PSI,Arduino,0.000,0.000,0.108,,
790.433682,2026-03-16 16:41:01.972,ARDUINO_PSI,Arduino,0.000,0.000,0.149,,
790.533591,2026-03-16 16:41:02.071,ARDUINO_PSI,Arduino,0.000,0.000,0.188,,
790.633567,2026-03-16 16:41:02.171,ARDUINO_PSI,Arduino,0.000,0.000,0.234,,
790.733639,2026-03-16 16:41:02.272,ARDUINO_PSI,Arduino,0.000,0.000,0.261,,
790.833507,2026-03-16 16:41:02.371,ARDUINO_PSI,Arduino,0.000,0.000,0.303,,
790.933628,2026-03-16 16:41:02.472,ARDUINO_PSI,Arduino,0.000,0.000,0.325,,
791.033698,2026-03-16 16:41:02.572,ARDUINO_PSI,Arduino,0.000,0.000,0.353,,
791.133590,2026-03-16 16:41:02.671,ARDUINO_PSI,Arduino,0.000,0.000,0.385,,
791.233548,2026-03-16 16:41:02.771,ARDUINO_PSI,Arduino,0.000,0.000,0.415,,
791.333417,2026-03-16 16:41:02.871,ARDUINO_PSI,Arduino,0.000,0.000,0.449,,
791.433409,2026-03-16 16:41:02.971,ARDUINO_PSI,Arduino,0.000,0.000,0.405,,
791.533472,2026-03-16 16:41:03.071,ARDUINO_PSI,Arduino,0.000,0.000,0.339,,
791.633953,2026-03-16 16:41:03.172,ARDUINO_PSI,Arduino,0.000,0.000,0.271,,
791.733412,2026-03-16 16:41:03.271,ARDUINO_PSI,Arduino,0.000,0.000,0.216,,
791.833497,2026-03-16 16:41:03.371,ARDUINO_PSI,Arduino,0.000,0.000,0.152,,
791.933563,2026-03-16 16:41:03.471,ARDUINO_PSI,Arduino,0.000,0.000,0.104,,
792.033744,2026-03-16 16:41:03.572,ARDUINO_PSI,Arduino,0.000,0.000,0.051,,
792.133711,2026-03-16 16:41:03.672,ARDUINO_PSI,Arduino,0.000,0.000,0.008,,
792.233708,2026-03-16 16:41:03.772,ARDUINO_PSI,Arduino,0.000,0.000,0.000,,
792.334333,2026-03-16 16:41:03.872,ARDUINO_PSI,Arduino,0.000,0.000,0.000,,
792.433534,2026-03-16 16:41:03.971,ARDUINO_PSI,Arduino,0.000,0.000,0.000,,
792.533526,2026-03-16 16:41:04.071,ARDUINO_PSI,Arduino,0.000,0.000,0.000,,
792.633618,2026-03-16 16:41:04.171,ARDUINO_PSI,Arduino,0.000,0.000,0.000,,
792.733466,2026-03-16 16:41:04.271,ARDUINO_PSI,Arduino,0.000,0.000,0.000,,
792.834556,2026-03-16 16:41:04.372,ARDUINO_PSI,Arduino,0.000,0.000,0.000,,
792.933556,2026-03-16 16:41:04.471,ARDUINO_PSI,Arduino,0.000,0.000,0.000,,
793.033736,2026-03-16 16:41:04.572,ARDUINO_PSI,Arduino,0.000,0.000,0.000,,
793.133615,2026-03-16 16:41:04.671,ARDUINO_PSI,Arduino,0.000,0.000,0.000,,
793.233277,2026-03-16 16:41:04.771,ARDUINO_PSI,Arduino,0.000,0.000,0.000,,
793.333632,2026-03-16 16:41:04.872,ARDUINO_PSI,Arduino,0.000,0.000,0.000,,
793.433309,2026-03-16 16:41:04.971,ARDUINO_PSI,Arduino,0.000,0.000,0.000,,
793.533275,2026-03-16 16:41:05.071,ARDUINO_PSI,Arduino,0.000,0.000,0.000,,
793.633445,2026-03-16 16:41:05.171,ARDUINO_PSI,Arduino,0.000,0.000,0.000,,
793.733346,2026-03-16 16:41:05.271,ARDUINO_PSI,Arduino,0.000,0.000,0.000,,
793.833563,2026-03-16 16:41:05.371,ARDUINO_PSI,Arduino,0.000,0.000,0.000,,
793.933007,2026-03-16 16:41:05.471,ARDUINO_PSI,Arduino,0.000,0.000,0.000,,
794.033419,2026-03-16 16:41:05.571,ARDUINO_PSI,Arduino,0.000,0.000,0.000,,
794.133993,2026-03-16 16:41:05.672,ARDUINO_PSI,Arduino,0.000,0.000,0.000,,
794.233583,2026-03-16 16:41:05.771,ARDUINO_PSI,Arduino,0.000,0.000,0.000,,
794.334048,2026-03-16 16:41:05.872,ARDUINO_PSI,Arduino,0.000,0.000,0.000,,
794.433291,2026-03-16 16:41:05.971,ARDUINO_PSI,Arduino,0.000,0.000,0.000,,
794.533296,2026-03-16 16:41:06.071,ARDUINO_PSI,Arduino,0.000,0.000,0.000,,
794.634015,2026-03-16 16:41:06.172,ARDUINO_PSI,Arduino,0.000,0.000,0.000,,
794.733604,2026-03-16 16:41:06.271,ARDUINO_PSI,Arduino,0.000,0.000,0.000,,
794.833440,2026-03-16 16:41:06.371,ARDUINO_PSI,Arduino,0.000,0.000,0.000,,
794.933422,2026-03-16 16:41:06.471,ARDUINO_PSI,Arduino,0.000,0.000,0.000,,
795.033635,2026-03-16 16:41:06.572,ARDUINO_PSI,Arduino,0.000,0.000,0.000,,
795.133359,2026-03-16 16:41:06.671,ARDUINO_PSI,Arduino,0.000,0.000,0.000,,
795.234639,2026-03-16 16:41:06.773,ARDUINO_PSI,Arduino,0.000,0.000,0.000,,
795.333833,2026-03-16 16:41:06.872,ARDUINO_PSI,Arduino,0.000,0.000,0.000,,
795.433641,2026-03-16 16:41:06.972,ARDUINO_PSI,Arduino,0.000,0.000,0.000,,
795.533340,2026-03-16 16:41:07.071,ARDUINO_PSI,Arduino,0.000,0.000,0.000,,
795.633341,2026-03-16 16:41:07.171,ARDUINO_PSI,Arduino,0.000,0.000,0.000,,
795.733546,2026-03-16 16:41:07.271,ARDUINO_PSI,Arduino,0.000,0.000,0.000,,
795.833610,2026-03-16 16:41:07.371,ARDUINO_PSI,Arduino,0.000,0.000,0.000,,
795.933513,2026-03-16 16:41:07.471,ARDUINO_PSI,Arduino,0.000,0.000,0.000,,
796.034168,2026-03-16 16:41:07.572,ARDUINO_PSI,Arduino,0.000,0.000,0.000,,
796.133388,2026-03-16 16:41:07.671,ARDUINO_PSI,Arduino,0.000,0.000,0.000,,
796.233695,2026-03-16 16:41:07.772,ARDUINO_PSI,Arduino,0.000,0.000,0.000,,
796.333324,2026-03-16 16:41:07.871,ARDUINO_PSI,Arduino,0.000,0.000,0.000,,
796.434424,2026-03-16 16:41:07.972,ARDUINO_PSI,Arduino,0.000,0.000,0.000,,
796.533583,2026-03-16 16:41:08.071,ARDUINO_PSI,Arduino,0.000,0.000,0.000,,
796.633569,2026-03-16 16:41:08.171,ARDUINO_PSI,Arduino,0.000,0.000,0.000,,
796.733521,2026-03-16 16:41:08.271,ARDUINO_PSI,Arduino,0.000,0.000,0.000,,
796.833652,2026-03-16 16:41:08.372,ARDUINO_PSI,Arduino,0.000,0.000,0.000,,
796.933468,2026-03-16 16:41:08.471,ARDUINO_PSI,Arduino,0.000,0.000,0.000,,
797.033569,2026-03-16 16:41:08.571,ARDUINO_PSI,Arduino,0.000,0.000,0.000,,
797.133383,2026-03-16 16:41:08.671,ARDUINO_PSI,Arduino,0.000,0.000,0.000,,
797.233549,2026-03-16 16:41:08.771,ARDUINO_PSI,Arduino,0.000,0.000,0.000,,
797.333606,2026-03-16 16:41:08.871,ARDUINO_PSI,Arduino,0.000,0.000,0.000,,
797.433899,2026-03-16 16:41:08.972,ARDUINO_PSI,Arduino,0.000,0.000,0.000,,
797.533590,2026-03-16 16:41:09.071,ARDUINO_PSI,Arduino,0.000,0.000,0.000,,
797.633473,2026-03-16 16:41:09.171,ARDUINO_PSI,Arduino,0.000,0.000,0.000,,
797.733718,2026-03-16 16:41:09.272,ARDUINO_PSI,Arduino,0.000,0.000,0.000,,
797.833572,2026-03-16 16:41:09.371,ARDUINO_PSI,Arduino,0.000,0.000,0.000,,
797.933373,2026-03-16 16:41:09.471,ARDUINO_PSI,Arduino,0.000,0.000,0.000,,
798.033717,2026-03-16 16:41:09.572,ARDUINO_PSI,Arduino,0.000,0.000,0.000,,
798.133378,2026-03-16 16:41:09.671,ARDUINO_PSI,Arduino,0.000,0.000,0.000,,
798.233653,2026-03-16 16:41:09.772,ARDUINO_PSI,Arduino,0.000,0.000,0.000,,
798.333453,2026-03-16 16:41:09.871,ARDUINO_PSI,Arduino,0.000,0.000,0.000,,
798.433601,2026-03-16 16:41:09.971,ARDUINO_PSI,Arduino,0.000,0.000,0.000,,
798.533425,2026-03-16 16:41:10.071,ARDUINO_PSI,Arduino,0.000,0.000,0.000,,
798.633363,2026-03-16 16:41:10.171,ARDUINO_PSI,Arduino,0.000,0.000,0.000,,
798.733342,2026-03-16 16:41:10.271,ARDUINO_PSI,Arduino,0.000,0.000,0.000,,
798.834438,2026-03-16 16:41:10.372,ARDUINO_PSI,Arduino,0.000,0.000,0.000,,
798.933551,2026-03-16 16:41:10.471,ARDUINO_PSI,Arduino,0.000,0.000,0.000,,
799.033691,2026-03-16 16:41:10.572,ARDUINO_PSI,Arduino,0.000,0.000,0.000,,
799.133504,2026-03-16 16:41:10.671,ARDUINO_PSI,Arduino,0.000,0.000,0.000,,
799.233577,2026-03-16 16:41:10.771,ARDUINO_PSI,Arduino,0.000,0.000,0.000,,
799.333248,2026-03-16 16:41:10.871,ARDUINO_PSI,Arduino,0.000,0.000,0.000,,
799.433724,2026-03-16 16:41:10.972,ARDUINO_PSI,Arduino,0.000,0.000,0.000,,
799.533277,2026-03-16 16:41:11.071,ARDUINO_PSI,Arduino,0.000,0.000,0.000,,
799.633509,2026-03-16 16:41:11.171,ARDUINO_PSI,Arduino,0.000,0.000,0.000,,
799.733367,2026-03-16 16:41:11.271,ARDUINO_PSI,Arduino,0.000,0.000,0.000,,
799.833493,2026-03-16 16:41:11.371,ARDUINO_PSI,Arduino,0.000,0.000,0.000,,
799.933591,2026-03-16 16:41:11.471,ARDUINO_PSI,Arduino,0.000,0.000,0.000,,
800.033767,2026-03-16 16:41:11.572,ARDUINO_PSI,Arduino,0.000,0.000,0.000,,
800.133638,2026-03-16 16:41:11.672,ARDUINO_PSI,Arduino,0.000,0.000,0.000,,
800.234240,2026-03-16 16:41:11.772,ARDUINO_PSI,Arduino,0.000,0.000,0.000,,
800.333602,2026-03-16 16:41:11.871,ARDUINO_PSI,Arduino,0.000,0.000,0.000,,
800.433516,2026-03-16 16:41:11.971,ARDUINO_PSI,Arduino,0.000,0.000,0.000,,
800.533380,2026-03-16 16:41:12.071,ARDUINO_PSI,Arduino,0.000,0.000,0.000,,
800.633564,2026-03-16 16:41:12.171,ARDUINO_PSI,Arduino,0.000,0.000,0.000,,
800.733295,2026-03-16 16:41:12.271,ARDUINO_PSI,Arduino,0.000,0.000,0.000,,
800.833705,2026-03-16 16:41:12.372,ARDUINO_PSI,Arduino,0.000,0.000,0.000,,
800.934102,2026-03-16 16:41:12.472,ARDUINO_PSI,Arduino,0.000,0.000,0.000,,
801.033632,2026-03-16 16:41:12.572,ARDUINO_PSI,Arduino,0.000,0.000,0.000,,
801.133573,2026-03-16 16:41:12.671,ARDUINO_PSI,Arduino,0.000,0.000,0.000,,
801.233559,2026-03-16 16:41:12.771,ARDUINO_PSI,Arduino,0.000,0.000,0.000,,
801.333559,2026-03-16 16:41:12.871,ARDUINO_PSI,Arduino,0.000,0.000,0.000,,
801.434502,2026-03-16 16:41:12.972,ARDUINO_PSI,Arduino,0.000,0.000,0.000,,
801.533249,2026-03-16 16:41:13.071,ARDUINO_PSI,Arduino,0.000,0.000,0.000,,
801.634424,2026-03-16 16:41:13.172,ARDUINO_PSI,Arduino,0.000,0.000,0.000,,
801.733512,2026-03-16 16:41:13.271,ARDUINO_PSI,Arduino,0.000,0.000,0.000,,
801.833656,2026-03-16 16:41:13.372,ARDUINO_PSI,Arduino,0.000,0.000,0.000,,
801.933754,2026-03-16 16:41:13.472,ARDUINO_PSI,Arduino,0.000,0.000,0.000,,
802.033659,2026-03-16 16:41:13.572,ARDUINO_PSI,Arduino,0.000,0.000,0.000,,
802.134401,2026-03-16 16:41:13.672,ARDUINO_PSI,Arduino,0.000,0.000,0.000,,
802.233598,2026-03-16 16:41:13.771,ARDUINO_PSI,Arduino,0.000,0.000,0.000,,
802.333215,2026-03-16 16:41:13.871,ARDUINO_PSI,Arduino,0.000,0.000,0.000,,
802.433353,2026-03-16 16:41:13.971,ARDUINO_PSI,Arduino,0.000,0.000,0.000,,
802.533434,2026-03-16 16:41:14.071,ARDUINO_PSI,Arduino,0.000,0.000,0.000,,
802.633266,2026-03-16 16:41:14.171,ARDUINO_PSI,Arduino,0.000,0.000,0.000,,
802.733705,2026-03-16 16:41:14.272,ARDUINO_PSI,Arduino,0.000,0.000,0.000,,
802.833688,2026-03-16 16:41:14.372,ARDUINO_PSI,Arduino,0.000,0.000,0.000,,
802.933349,2026-03-16 16:41:14.471,ARDUINO_PSI,Arduino,0.000,0.000,0.000,,
803.033811,2026-03-16 16:41:14.572,ARDUINO_PSI,Arduino,0.000,0.000,0.000,,
803.133612,2026-03-16 16:41:14.671,ARDUINO_PSI,Arduino,0.000,0.000,0.000,,
803.233644,2026-03-16 16:41:14.772,ARDUINO_PSI,Arduino,0.000,0.000,0.000,,
803.333626,2026-03-16 16:41:14.871,ARDUINO_PSI,Arduino,0.000,0.000,0.000,,
803.433421,2026-03-16 16:41:14.971,ARDUINO_PSI,Arduino,0.000,0.000,0.000,,
803.533477,2026-03-16 16:41:15.071,ARDUINO_PSI,Arduino,0.000,0.000,0.000,,
803.633892,2026-03-16 16:41:15.172,ARDUINO_PSI,Arduino,0.000,0.000,0.000,,
803.733803,2026-03-16 16:41:15.272,ARDUINO_PSI,Arduino,0.000,0.000,0.000,,
803.833650,2026-03-16 16:41:15.372,ARDUINO_PSI,Arduino,0.000,0.000,0.000,,
803.934679,2026-03-16 16:41:15.473,ARDUINO_PSI,Arduino,0.000,0.000,0.000,,
804.033501,2026-03-16 16:41:15.571,ARDUINO_PSI,Arduino,0.000,0.000,0.000,,
804.133602,2026-03-16 16:41:15.671,ARDUINO_PSI,Arduino,0.000,0.000,0.000,,
804.233256,2026-03-16 16:41:15.771,ARDUINO_PSI,Arduino,0.000,0.000,0.000,,
804.333637,2026-03-16 16:41:15.872,ARDUINO_PSI,Arduino,0.000,0.000,0.000,,
804.433734,2026-03-16 16:41:15.972,ARDUINO_PSI,Arduino,0.000,0.000,0.000,,
804.533444,2026-03-16 16:41:16.071,ARDUINO_PSI,Arduino,0.000,0.000,0.000,,
804.633629,2026-03-16 16:41:16.172,ARDUINO_PSI,Arduino,0.000,0.000,0.000,,
804.733082,2026-03-16 16:41:16.271,ARDUINO_PSI,Arduino,0.000,0.000,0.000,,
804.833607,2026-03-16 16:41:16.371,ARDUINO_PSI,Arduino,0.000,0.000,0.000,,
804.933069,2026-03-16 16:41:16.471,ARDUINO_PSI,Arduino,0.000,0.000,0.000,,
805.033768,2026-03-16 16:41:16.572,ARDUINO_PSI,Arduino,0.000,0.000,0.000,,
805.134474,2026-03-16 16:41:16.672,ARDUINO_PSI,Arduino,0.000,0.000,0.000,,
805.233500,2026-03-16 16:41:16.771,ARDUINO_PSI,Arduino,0.000,0.000,0.000,,
805.333598,2026-03-16 16:41:16.871,ARDUINO_PSI,Arduino,0.000,0.000,0.000,,
805.433568,2026-03-16 16:41:16.971,ARDUINO_PSI,Arduino,0.000,0.000,0.000,,
805.533425,2026-03-16 16:41:17.071,ARDUINO_PSI,Arduino,0.000,0.000,0.000,,
805.633124,2026-03-16 16:41:17.171,ARDUINO_PSI,Arduino,0.000,0.000,0.000,,
805.733446,2026-03-16 16:41:17.271,ARDUINO_PSI,Arduino,0.000,0.000,0.000,,
805.833774,2026-03-16 16:41:17.372,ARDUINO_PSI,Arduino,0.000,0.000,0.000,,
805.933716,2026-03-16 16:41:17.472,ARDUINO_PSI,Arduino,0.000,0.000,0.000,,
806.033869,2026-03-16 16:41:17.572,ARDUINO_PSI,Arduino,0.000,0.000,0.000,,
806.133589,2026-03-16 16:41:17.671,ARDUINO_PSI,Arduino,0.000,0.000,0.000,,
806.233807,2026-03-16 16:41:17.772,ARDUINO_PSI,Arduino,0.000,0.000,0.000,,
806.333576,2026-03-16 16:41:17.871,ARDUINO_PSI,Arduino,0.000,0.000,0.000,,
806.433385,2026-03-16 16:41:17.971,ARDUINO_PSI,Arduino,0.000,0.000,0.000,,
806.533354,2026-03-16 16:41:18.071,ARDUINO_PSI,Arduino,0.000,0.000,0.000,,
806.633653,2026-03-16 16:41:18.172,ARDUINO_PSI,Arduino,0.000,0.000,0.000,,
806.733579,2026-03-16 16:41:18.271,ARDUINO_PSI,Arduino,0.000,0.000,0.000,,
806.833702,2026-03-16 16:41:18.372,ARDUINO_PSI,Arduino,0.000,0.000,0.000,,
806.933593,2026-03-16 16:41:18.471,ARDUINO_PSI,Arduino,0.000,0.000,0.000,,
807.033538,2026-03-16 16:41:18.571,ARDUINO_PSI,Arduino,0.000,0.000,0.000,,
807.134287,2026-03-16 16:41:18.672,ARDUINO_PSI,Arduino,0.000,0.000,0.000,,
807.233494,2026-03-16 16:41:18.771,ARDUINO_PSI,Arduino,0.000,0.000,0.000,,
807.333624,2026-03-16 16:41:18.871,ARDUINO_PSI,Arduino,0.000,0.000,0.000,,
807.433521,2026-03-16 16:41:18.971,ARDUINO_PSI,Arduino,0.000,0.000,0.000,,
807.533544,2026-03-16 16:41:19.071,ARDUINO_PSI,Arduino,0.000,0.000,0.000,,
807.633374,2026-03-16 16:41:19.171,ARDUINO_PSI,Arduino,0.000,0.000,0.000,,
807.733553,2026-03-16 16:41:19.271,ARDUINO_PSI,Arduino,0.000,0.000,0.000,,
807.833639,2026-03-16 16:41:19.372,ARDUINO_PSI,Arduino,0.000,0.000,0.000,,
807.933705,2026-03-16 16:41:19.472,ARDUINO_PSI,Arduino,0.000,0.000,0.000,,
808.033748,2026-03-16 16:41:19.572,ARDUINO_PSI,Arduino,0.000,0.000,0.000,,
808.133589,2026-03-16 16:41:19.671,ARDUINO_PSI,Arduino,0.000,0.000,0.000,,
808.233593,2026-03-16 16:41:19.771,ARDUINO_PSI,Arduino,0.000,0.000,0.000,,
808.333491,2026-03-16 16:41:19.871,ARDUINO_PSI,Arduino,0.000,0.000,0.000,,
808.434836,2026-03-16 16:41:19.973,ARDUINO_PSI,Arduino,0.000,0.000,0.000,,
808.533587,2026-03-16 16:41:20.071,ARDUINO_PSI,Arduino,0.000,0.000,0.000,,
808.633386,2026-03-16 16:41:20.171,ARDUINO_PSI,Arduino,0.000,0.000,0.000,,
808.733949,2026-03-16 16:41:20.272,ARDUINO_PSI,Arduino,0.000,0.000,0.000,,
808.833648,2026-03-16 16:41:20.372,ARDUINO_PSI,Arduino,0.000,0.000,0.000,,
808.934307,2026-03-16 16:41:20.472,ARDUINO_PSI,Arduino,0.000,0.000,0.000,,
809.033586,2026-03-16 16:41:20.571,ARDUINO_PSI,Arduino,0.000,0.000,0.000,,
809.133683,2026-03-16 16:41:20.672,ARDUINO_PSI,Arduino,0.000,0.000,0.000,,
809.233585,2026-03-16 16:41:20.771,ARDUINO_PSI,Arduino,0.000,0.000,0.000,,
809.333628,2026-03-16 16:41:20.871,ARDUINO_PSI,Arduino,0.000,0.000,0.000,,
809.433888,2026-03-16 16:41:20.972,ARDUINO_PSI,Arduino,0.000,0.000,0.000,,
809.533378,2026-03-16 16:41:21.071,ARDUINO_PSI,Arduino,0.000,0.000,0.000,,
809.633442,2026-03-16 16:41:21.171,ARDUINO_PSI,Arduino,0.000,0.000,0.000,,
809.733521,2026-03-16 16:41:21.271,ARDUINO_PSI,Arduino,0.000,0.000,0.000,,
809.833569,2026-03-16 16:41:21.371,ARDUINO_PSI,Arduino,0.000,0.000,0.000,,
809.933589,2026-03-16 16:41:21.471,ARDUINO_PSI,Arduino,0.000,0.000,0.000,,
810.033056,2026-03-16 16:41:21.571,ARDUINO_PSI,Arduino,0.000,0.000,0.000,,
810.133551,2026-03-16 16:41:21.671,ARDUINO_PSI,Arduino,0.000,0.000,0.000,,
810.233589,2026-03-16 16:41:21.771,ARDUINO_PSI,Arduino,0.000,0.000,0.000,,
810.333777,2026-03-16 16:41:21.872,ARDUINO_PSI,Arduino,0.000,0.000,0.000,,
810.433613,2026-03-16 16:41:21.971,ARDUINO_PSI,Arduino,0.000,0.000,0.000,,
810.533520,2026-03-16 16:41:22.071,ARDUINO_PSI,Arduino,0.000,0.000,0.000,,
810.634629,2026-03-16 16:41:22.173,ARDUINO_PSI,Arduino,0.000,0.000,0.000,,
810.733500,2026-03-16 16:41:22.271,ARDUINO_PSI,Arduino,0.000,0.000,0.000,,
810.834433,2026-03-16 16:41:22.372,ARDUINO_PSI,Arduino,0.000,0.000,0.000,,
810.933449,2026-03-16 16:41:22.471,ARDUINO_PSI,Arduino,0.000,0.000,0.000,,
811.033643,2026-03-16 16:41:22.572,ARDUINO_PSI,Arduino,0.000,0.000,0.000,,
811.133466,2026-03-16 16:41:22.671,ARDUINO_PSI,Arduino,0.000,0.000,0.000,,
811.233555,2026-03-16 16:41:22.771,ARDUINO_PSI,Arduino,0.000,0.000,0.000,,
811.333233,2026-03-16 16:41:22.871,ARDUINO_PSI,Arduino,0.000,0.000,0.000,,
811.433760,2026-03-16 16:41:22.972,ARDUINO_PSI,Arduino,0.000,0.000,0.000,,
811.533543,2026-03-16 16:41:23.071,ARDUINO_PSI,Arduino,0.000,0.000,0.000,,
811.633393,2026-03-16 16:41:23.171,ARDUINO_PSI,Arduino,0.000,0.000,0.000,,
811.733348,2026-03-16 16:41:23.271,ARDUINO_PSI,Arduino,0.000,0.000,0.000,,
811.833616,2026-03-16 16:41:23.371,ARDUINO_PSI,Arduino,0.000,0.000,0.000,,
811.933388,2026-03-16 16:41:23.471,ARDUINO_PSI,Arduino,0.000,0.000,0.000,,
812.033246,2026-03-16 16:41:23.571,ARDUINO_PSI,Arduino,0.000,0.000,0.000,,
812.133719,2026-03-16 16:41:23.672,ARDUINO_PSI,Arduino,0.000,0.000,0.000,,
812.233696,2026-03-16 16:41:23.772,ARDUINO_PSI,Arduino,0.000,0.000,0.000,,
812.333742,2026-03-16 16:41:23.872,ARDUINO_PSI,Arduino,0.000,0.000,0.000,,
812.433454,2026-03-16 16:41:23.971,ARDUINO_PSI,Arduino,0.000,0.000,0.000,,
812.533613,2026-03-16 16:41:24.071,ARDUINO_PSI,Arduino,0.000,0.000,0.000,,
812.633396,2026-03-16 16:41:24.171,ARDUINO_PSI,Arduino,0.000,0.000,0.000,,
812.733556,2026-03-16 16:41:24.271,ARDUINO_PSI,Arduino,0.000,0.000,0.000,,
812.833630,2026-03-16 16:41:24.371,ARDUINO_PSI,Arduino,0.000,0.000,0.000,,
812.933501,2026-03-16 16:41:24.471,ARDUINO_PSI,Arduino,0.000,0.000,0.000,,
813.033077,2026-03-16 16:41:24.571,ARDUINO_PSI,Arduino,0.000,0.000,0.000,,
813.133605,2026-03-16 16:41:24.671,ARDUINO_PSI,Arduino,0.000,0.000,0.000,,
813.233516,2026-03-16 16:41:24.771,ARDUINO_PSI,Arduino,0.000,0.000,0.000,,
813.333492,2026-03-16 16:41:24.871,ARDUINO_PSI,Arduino,0.000,0.000,0.000,,
813.433105,2026-03-16 16:41:24.971,ARDUINO_PSI,Arduino,0.000,0.000,0.000,,
814.354226,2026-03-16 16:41:25.892,ARDUINO_PSI,Arduino,0.000,0.000,0.000,,
814.384612,2026-03-16 16:41:25.922,ARDUINO_PSI,Arduino,0.000,0.000,0.000,,
814.386292,2026-03-16 16:41:25.924,ARDUINO_PSI,Arduino,0.000,0.000,0.000,,
814.387347,2026-03-16 16:41:25.925,ARDUINO_PSI,Arduino,0.000,0.000,0.000,,
814.388815,2026-03-16 16:41:25.927,ARDUINO_PSI,Arduino,0.000,0.000,0.000,,
814.390565,2026-03-16 16:41:25.928,ARDUINO_PSI,Arduino,0.000,0.000,0.000,,
814.391556,2026-03-16 16:41:25.929,ARDUINO_PSI,Arduino,0.000,0.000,0.000,,
814.392652,2026-03-16 16:41:25.931,ARDUINO_PSI,Arduino,0.000,0.000,0.000,,
814.393717,2026-03-16 16:41:25.932,ARDUINO_PSI,Arduino,0.000,0.000,0.000,,
814.433436,2026-03-16 16:41:25.971,ARDUINO_PSI,Arduino,0.000,0.000,0.000,,
814.533139,2026-03-16 16:41:26.071,ARDUINO_PSI,Arduino,0.000,0.000,0.000,,
814.633208,2026-03-16 16:41:26.171,ARDUINO_PSI,Arduino,0.000,0.000,0.000,,
814.733054,2026-03-16 16:41:26.271,ARDUINO_PSI,Arduino,0.000,0.000,0.000,,
814.833244,2026-03-16 16:41:26.371,ARDUINO_PSI,Arduino,0.000,0.000,0.000,,
814.933166,2026-03-16 16:41:26.471,ARDUINO_PSI,Arduino,0.000,0.000,0.000,,
815.033104,2026-03-16 16:41:26.571,ARDUINO_PSI,Arduino,0.000,0.000,0.000,,
815.133099,2026-03-16 16:41:26.671,ARDUINO_PSI,Arduino,0.000,0.000,0.000,,
815.233097,2026-03-16 16:41:26.771,ARDUINO_PSI,Arduino,0.000,0.000,0.000,,
815.333203,2026-03-16 16:41:26.871,ARDUINO_PSI,Arduino,0.000,0.000,0.000,,
815.433117,2026-03-16 16:41:26.971,ARDUINO_PSI,Arduino,0.000,0.000,0.000,,
815.533082,2026-03-16 16:41:27.071,ARDUINO_PSI,Arduino,0.000,0.000,0.000,,
815.633299,2026-03-16 16:41:27.171,ARDUINO_PSI,Arduino,0.000,0.000,0.000,,
815.733131,2026-03-16 16:41:27.271,ARDUINO_PSI,Arduino,0.000,0.000,0.000,,
815.833066,2026-03-16 16:41:27.371,ARDUINO_PSI,Arduino,0.000,0.000,0.000,,
815.933139,2026-03-16 16:41:27.471,ARDUINO_PSI,Arduino,0.000,0.000,0.000,,
816.033069,2026-03-16 16:41:27.571,ARDUINO_PSI,Arduino,0.000,0.000,0.000,,
816.133066,2026-03-16 16:41:27.671,ARDUINO_PSI,Arduino,0.000,0.000,0.000,,
816.233171,2026-03-16 16:41:27.771,ARDUINO_PSI,Arduino,0.000,0.000,0.000,,
816.333402,2026-03-16 16:41:27.871,ARDUINO_PSI,Arduino,0.000,0.000,0.000,,
816.433051,2026-03-16 16:41:27.971,ARDUINO_PSI,Arduino,0.000,0.000,0.000,,
816.533064,2026-03-16 16:41:28.071,ARDUINO_PSI,Arduino,0.000,0.000,0.000,,
816.633202,2026-03-16 16:41:28.171,ARDUINO_PSI,Arduino,0.000,0.000,0.000,,
816.733090,2026-03-16 16:41:28.271,ARDUINO_PSI,Arduino,0.000,0.000,0.000,,
816.833090,2026-03-16 16:41:28.371,ARDUINO_PSI,Arduino,0.000,0.000,0.000,,
816.933293,2026-03-16 16:41:28.471,ARDUINO_PSI,Arduino,0.000,0.000,0.000,,
817.033114,2026-03-16 16:41:28.571,ARDUINO_PSI,Arduino,0.000,0.000,0.000,,
817.133193,2026-03-16 16:41:28.671,ARDUINO_PSI,Arduino,0.000,0.000,0.000,,
817.233389,2026-03-16 16:41:28.771,ARDUINO_PSI,Arduino,0.000,0.000,0.000,,
817.333205,2026-03-16 16:41:28.871,ARDUINO_PSI,Arduino,0.000,0.000,0.000,,
817.434655,2026-03-16 16:41:28.973,ARDUINO_PSI,Arduino,0.000,0.000,0.000,,
817.533207,2026-03-16 16:41:29.071,ARDUINO_PSI,Arduino,0.000,0.000,0.000,,
817.633226,2026-03-16 16:41:29.171,ARDUINO_PSI,Arduino,0.000,0.000,0.000,,
817.733047,2026-03-16 16:41:29.271,ARDUINO_PSI,Arduino,0.000,0.000,0.000,,
817.833229,2026-03-16 16:41:29.371,ARDUINO_PSI,Arduino,0.000,0.000,0.000,,
817.933164,2026-03-16 16:41:29.471,ARDUINO_PSI,Arduino,0.000,0.000,0.000,,
818.033113,2026-03-16 16:41:29.571,ARDUINO_PSI,Arduino,0.000,0.000,0.000,,
818.133091,2026-03-16 16:41:29.671,ARDUINO_PSI,Arduino,0.000,0.000,0.000,,
818.233111,2026-03-16 16:41:29.771,ARDUINO_PSI,Arduino,0.000,0.000,0.000,,
818.333090,2026-03-16 16:41:29.871,ARDUINO_PSI,Arduino,0.000,0.000,0.000,,
818.433122,2026-03-16 16:41:29.971,ARDUINO_PSI,Arduino,0.000,0.000,0.000,,
818.580232,2026-03-16 16:41:30.118,ARDUINO_PSI,Arduino,0.000,0.000,0.000,,
818.693845,2026-03-16 16:41:30.232,ARDUINO_PSI,Arduino,0.000,0.000,0.000,,
